ISO-10303-21;
HEADER;
FILE_DESCRIPTION(('FreeCAD Model'),'2;1');
FILE_NAME('Open CASCADE Shape Model','2026-10-09T06:41:33',('FreeCAD'),(
    'FreeCAD'),'Open CASCADE STEP processor 7.8','FreeCAD','Unknown');
FILE_SCHEMA(('AUTOMOTIVE_DESIGN { 1 0 10303 214 1 1 1 1 }'));
ENDSEC;
DATA;
#1 = APPLICATION_PROTOCOL_DEFINITION('international standard',
  'automotive_design',2000,#2);
#2 = APPLICATION_CONTEXT(
  'core data for automotive mechanical design processes');
#3 = SHAPE_DEFINITION_REPRESENTATION(#4,#10);
#4 = PRODUCT_DEFINITION_SHAPE('','',#5);
#5 = PRODUCT_DEFINITION('design','',#6,#9);
#6 = PRODUCT_DEFINITION_FORMATION('','',#7);
#7 = PRODUCT('Open CASCADE STEP translator 7.8 3',
  'Open CASCADE STEP translator 7.8 3','',(#8));
#8 = PRODUCT_CONTEXT('',#2,'mechanical');
#9 = PRODUCT_DEFINITION_CONTEXT('part definition',#2,'design');
#10 = ADVANCED_BREP_SHAPE_REPRESENTATION('',(#11,#15),#10742);
#11 = AXIS2_PLACEMENT_3D('',#12,#13,#14);
#12 = CARTESIAN_POINT('',(0.,0.,0.));
#13 = DIRECTION('',(0.,0.,1.));
#14 = DIRECTION('',(1.,0.,-0.));
#15 = MANIFOLD_SOLID_BREP('',#16);
#16 = CLOSED_SHELL('',(#17,#2503,#2557,#2581,#2605,#2636,#2660,#2684,
    #2708,#2732,#2756,#2780,#2804,#2828,#2852,#2876,#2900,#2924,#2948,
    #2972,#2996,#3027,#3051,#3075,#3099,#3123,#3147,#3171,#3195,#3219,
    #3243,#3267,#3291,#3315,#3346,#3363,#3431,#3478,#3509,#3533,#3557,
    #3581,#3605,#3629,#3653,#3677,#3708,#3732,#3756,#3780,#3804,#3828,
    #3859,#3883,#3907,#3931,#3955,#3979,#4003,#4027,#4051,#4082,#4106,
    #4130,#4154,#4178,#4202,#4226,#4250,#4274,#4291,#4322,#4346,#4370,
    #4394,#4418,#4442,#4473,#4497,#4521,#4545,#4569,#4593,#4617,#4641,
    #4665,#4689,#4713,#4744,#4768,#4792,#4816,#4847,#4871,#4895,#4919,
    #4943,#4967,#4991,#5015,#5039,#5063,#5087,#5111,#5135,#5159,#5183,
    #5207,#5238,#5262,#5286,#5310,#5334,#5358,#5382,#5406,#5430,#5454,
    #5478,#5502,#5526,#5550,#5574,#5598,#5622,#5646,#5670,#5694,#5725,
    #5749,#5773,#5797,#5821,#5845,#5869,#5893,#5917,#5941,#5965,#5989,
    #6013,#6037,#6061,#6085,#6109,#6133,#6157,#6181,#6205,#6229,#6253,
    #6277,#6301,#6325,#6356,#6380,#6404,#6428,#6452,#6476,#6500,#6524,
    #6555,#6579,#6603,#6627,#6651,#6675,#6706,#6730,#6754,#6778,#6802,
    #6826,#6850,#6874,#6905,#6929,#6953,#6977,#7001,#7025,#7049,#7073,
    #7104,#7128,#7152,#7176,#7200,#7224,#7248,#7279,#7303,#7327,#7351,
    #7375,#7399,#7430,#7454,#7478,#7502,#7526,#7550,#7574,#7605,#7629,
    #7653,#7677,#7701,#7725,#7749,#7773,#7797,#7821,#7845,#7869,#7893,
    #7924,#7948,#7972,#7996,#8020,#8044,#8068,#8099,#8123,#8147,#8171,
    #8195,#8219,#8243,#8267,#8291,#8315,#8339,#8363,#8387,#8411,#8435,
    #8459,#8483,#8507,#8531,#8555,#8579,#8603,#8627,#8651,#8675,#8699,
    #8723,#8747,#8771,#8795,#8819,#8843,#8867,#8891,#8915,#8939,#8963,
    #8987,#9011,#9035,#9059,#9083,#9114,#9138,#9162,#9186,#9217,#9248,
    #9272,#9296,#9320,#9344,#9368,#9392,#9416,#9440,#9464,#9481,#9493,
    #9587,#9616,#9639,#9662,#9685,#9708,#9725,#9796,#9923,#10031,#10147,
    #10178,#10202,#10226,#10243,#10274,#10298,#10322,#10346,#10370,
    #10387,#10399,#10413,#10425,#10437,#10449,#10461,#10473,#10485,
    #10497,#10509,#10521,#10533,#10545,#10557,#10569,#10581,#10593,
    #10605,#10617,#10629,#10646,#10658,#10670,#10682,#10694,#10706,
    #10718,#10730));
#17 = ADVANCED_FACE('',(#18,#652,#1366,#1832),#2498,.F.);
#18 = FACE_BOUND('',#19,.F.);
#19 = EDGE_LOOP('',(#20,#30,#38,#46,#54,#62,#70,#78,#86,#94,#102,#110,
    #118,#126,#134,#142,#150,#158,#166,#174,#182,#190,#198,#206,#214,
    #222,#230,#238,#246,#254,#262,#270,#278,#286,#294,#302,#310,#318,
    #326,#334,#342,#350,#358,#366,#374,#382,#390,#398,#406,#414,#422,
    #430,#438,#446,#454,#462,#470,#478,#486,#494,#502,#510,#518,#526,
    #534,#542,#550,#558,#566,#574,#582,#590,#598,#606,#614,#622,#630,
    #638,#646));
#20 = ORIENTED_EDGE('',*,*,#21,.F.);
#21 = EDGE_CURVE('',#22,#24,#26,.T.);
#22 = VERTEX_POINT('',#23);
#23 = CARTESIAN_POINT('',(-6.002221399786,-6.002221399786,-3.));
#24 = VERTEX_POINT('',#25);
#25 = CARTESIAN_POINT('',(-6.002221399786,-6.002221399786,8.011527870617
    ));
#26 = LINE('',#27,#28);
#27 = CARTESIAN_POINT('',(-6.002221399786,-6.002221399786,-3.));
#28 = VECTOR('',#29,1.);
#29 = DIRECTION('',(0.,0.,1.));
#30 = ORIENTED_EDGE('',*,*,#31,.T.);
#31 = EDGE_CURVE('',#22,#32,#34,.T.);
#32 = VERTEX_POINT('',#33);
#33 = CARTESIAN_POINT('',(-6.002221399786,6.002221399786,-3.));
#34 = LINE('',#35,#36);
#35 = CARTESIAN_POINT('',(-6.002221399786,-6.002221399786,-3.));
#36 = VECTOR('',#37,1.);
#37 = DIRECTION('',(-0.,1.,0.));
#38 = ORIENTED_EDGE('',*,*,#39,.T.);
#39 = EDGE_CURVE('',#32,#40,#42,.T.);
#40 = VERTEX_POINT('',#41);
#41 = CARTESIAN_POINT('',(-6.002221399786,6.002221399786,11.426285714286
    ));
#42 = LINE('',#43,#44);
#43 = CARTESIAN_POINT('',(-6.002221399786,6.002221399786,-3.));
#44 = VECTOR('',#45,1.);
#45 = DIRECTION('',(0.,0.,1.));
#46 = ORIENTED_EDGE('',*,*,#47,.T.);
#47 = EDGE_CURVE('',#40,#48,#50,.T.);
#48 = VERTEX_POINT('',#49);
#49 = CARTESIAN_POINT('',(-6.002221399786,5.770514285714,11.426285714286
    ));
#50 = LINE('',#51,#52);
#51 = CARTESIAN_POINT('',(-6.002221399786,-0.115853557036,
    11.426285714286));
#52 = VECTOR('',#53,1.);
#53 = DIRECTION('',(0.,-1.,0.));
#54 = ORIENTED_EDGE('',*,*,#55,.T.);
#55 = EDGE_CURVE('',#48,#56,#58,.T.);
#56 = VERTEX_POINT('',#57);
#57 = CARTESIAN_POINT('',(-6.002221399786,5.770514285714,8.1059));
#58 = LINE('',#59,#60);
#59 = CARTESIAN_POINT('',(-6.002221399786,5.770514285714,2.55295));
#60 = VECTOR('',#61,1.);
#61 = DIRECTION('',(0.,-0.,-1.));
#62 = ORIENTED_EDGE('',*,*,#63,.T.);
#63 = EDGE_CURVE('',#56,#64,#66,.T.);
#64 = VERTEX_POINT('',#65);
#65 = CARTESIAN_POINT('',(-6.002221399786,5.764757142857,8.088814285714)
  );
#66 = LINE('',#67,#68);
#67 = CARTESIAN_POINT('',(-6.002221399786,3.487125062097,1.329390046038)
  );
#68 = VECTOR('',#69,1.);
#69 = DIRECTION('',(0.,-0.319316245627,-0.947648212829));
#70 = ORIENTED_EDGE('',*,*,#71,.T.);
#71 = EDGE_CURVE('',#64,#72,#74,.T.);
#72 = VERTEX_POINT('',#73);
#73 = CARTESIAN_POINT('',(-6.002221399786,5.752685714286,8.071728571429)
  );
#74 = LINE('',#75,#76);
#75 = CARTESIAN_POINT('',(-6.002221399786,1.186785351212,1.609223442154)
  );
#76 = VECTOR('',#77,1.);
#77 = DIRECTION('',(0.,-0.577031680865,-0.816721763686));
#78 = ORIENTED_EDGE('',*,*,#79,.T.);
#79 = EDGE_CURVE('',#72,#80,#82,.T.);
#80 = VERTEX_POINT('',#81);
#81 = CARTESIAN_POINT('',(-6.002221399786,5.740985714286,8.054457142857)
  );
#82 = LINE('',#83,#84);
#83 = CARTESIAN_POINT('',(-6.002221399786,1.327574181723,1.539421070979)
  );
#84 = VECTOR('',#85,1.);
#85 = DIRECTION('',(0.,-0.56084814517,-0.827918690488));
#86 = ORIENTED_EDGE('',*,*,#87,.T.);
#87 = EDGE_CURVE('',#80,#88,#90,.T.);
#88 = VERTEX_POINT('',#89);
#89 = CARTESIAN_POINT('',(-6.002221399786,5.723157142857,8.037371428571)
  );
#90 = LINE('',#91,#92);
#91 = CARTESIAN_POINT('',(-6.002221399786,-8.971483412653E-02,
    2.466702450629));
#92 = VECTOR('',#93,1.);
#93 = DIRECTION('',(0.,-0.721988205115,-0.691905363236));
#94 = ORIENTED_EDGE('',*,*,#95,.T.);
#95 = EDGE_CURVE('',#88,#96,#98,.T.);
#96 = VERTEX_POINT('',#97);
#97 = CARTESIAN_POINT('',(-6.002221399786,5.705142857143,8.026042857143)
  );
#98 = LINE('',#99,#100);
#99 = CARTESIAN_POINT('',(-6.002221399786,-0.974053101698,3.825723749006
    ));
#100 = VECTOR('',#101,1.);
#101 = DIRECTION('',(0.,-0.846524186767,-0.532350261781));
#102 = ORIENTED_EDGE('',*,*,#103,.T.);
#103 = EDGE_CURVE('',#96,#104,#106,.T.);
#104 = VERTEX_POINT('',#105);
#105 = CARTESIAN_POINT('',(-6.002221399786,5.687314285714,8.014528571429
    ));
#106 = LINE('',#107,#108);
#107 = CARTESIAN_POINT('',(-6.002221399786,-0.947036209489,3.72984387661
    ));
#108 = VECTOR('',#109,1.);
#109 = DIRECTION('',(0.,-0.840039377769,-0.542525431476));
#110 = ORIENTED_EDGE('',*,*,#111,.T.);
#111 = EDGE_CURVE('',#104,#112,#114,.T.);
#112 = VERTEX_POINT('',#113);
#113 = CARTESIAN_POINT('',(-6.002221399786,5.669485714286,8.008957142857
    ));
#114 = LINE('',#115,#116);
#115 = CARTESIAN_POINT('',(-6.002221399786,-1.214275126695,
    5.857781880051));
#116 = VECTOR('',#117,1.);
#117 = DIRECTION('',(0.,-0.954479978035,-0.298274993136));
#118 = ORIENTED_EDGE('',*,*,#119,.T.);
#119 = EDGE_CURVE('',#112,#120,#122,.T.);
#120 = VERTEX_POINT('',#121);
#121 = CARTESIAN_POINT('',(-6.002221399786,5.651657142857,8.0032));
#122 = LINE('',#123,#124);
#123 = CARTESIAN_POINT('',(-6.002221399786,-1.233852724933,
    5.779754105193));
#124 = VECTOR('',#125,1.);
#125 = DIRECTION('',(0.,-0.951615146191,-0.307292390957));
#126 = ORIENTED_EDGE('',*,*,#127,.T.);
#127 = EDGE_CURVE('',#120,#128,#130,.T.);
#128 = VERTEX_POINT('',#129);
#129 = CARTESIAN_POINT('',(-6.002221399786,5.325542857143,8.0032));
#130 = LINE('',#131,#132);
#131 = CARTESIAN_POINT('',(-6.002221399786,-0.338339271322,8.0032));
#132 = VECTOR('',#133,1.);
#133 = DIRECTION('',(0.,-1.,0.));
#134 = ORIENTED_EDGE('',*,*,#135,.T.);
#135 = EDGE_CURVE('',#128,#136,#138,.T.);
#136 = VERTEX_POINT('',#137);
#137 = CARTESIAN_POINT('',(-6.002221399786,5.3027,8.008957142857));
#138 = LINE('',#139,#140);
#139 = CARTESIAN_POINT('',(-6.002221399786,1.292289736742,9.019710949044
    ));
#140 = VECTOR('',#141,1.);
#141 = DIRECTION('',(0.,-0.969676988372,0.244390135281));
#142 = ORIENTED_EDGE('',*,*,#143,.T.);
#143 = EDGE_CURVE('',#136,#144,#146,.T.);
#144 = VERTEX_POINT('',#145);
#145 = CARTESIAN_POINT('',(-6.002221399786,5.279857142857,8.020285714286
    ));
#146 = LINE('',#147,#148);
#147 = CARTESIAN_POINT('',(-6.002221399786,2.945603494121,9.177923702683
    ));
#148 = VECTOR('',#149,1.);
#149 = DIRECTION('',(0.,-0.895879160097,0.444297794845));
#150 = ORIENTED_EDGE('',*,*,#151,.T.);
#151 = EDGE_CURVE('',#144,#152,#154,.T.);
#152 = VERTEX_POINT('',#153);
#153 = CARTESIAN_POINT('',(-6.002221399786,5.257014285714,8.0318));
#154 = LINE('',#155,#156);
#155 = CARTESIAN_POINT('',(-6.002221399786,2.985036478147,9.177024585928
    ));
#156 = VECTOR('',#157,1.);
#157 = DIRECTION('',(0.,-0.892970492237,0.450115207469));
#158 = ORIENTED_EDGE('',*,*,#159,.T.);
#159 = EDGE_CURVE('',#152,#160,#162,.T.);
#160 = VERTEX_POINT('',#161);
#161 = CARTESIAN_POINT('',(-6.002221399786,5.234171428571,8.048885714286
    ));
#162 = LINE('',#163,#164);
#163 = CARTESIAN_POINT('',(-6.002221399786,4.2812151204,8.761666042349)
  );
#164 = VECTOR('',#165,1.);
#165 = DIRECTION('',(0.,-0.80078057117,0.598957825591));
#166 = ORIENTED_EDGE('',*,*,#167,.T.);
#167 = EDGE_CURVE('',#160,#168,#170,.T.);
#168 = VERTEX_POINT('',#169);
#169 = CARTESIAN_POINT('',(-6.002221399786,5.222842857143,8.071728571429
    ));
#170 = LINE('',#171,#172);
#171 = CARTESIAN_POINT('',(-6.002221399786,6.31840559909,5.862643042585)
  );
#172 = VECTOR('',#173,1.);
#173 = DIRECTION('',(0.,-0.444297794845,0.895879160097));
#174 = ORIENTED_EDGE('',*,*,#175,.T.);
#175 = EDGE_CURVE('',#168,#176,#178,.T.);
#176 = VERTEX_POINT('',#177);
#177 = CARTESIAN_POINT('',(-6.002221399786,5.211328571429,8.088814285714
    ));
#178 = LINE('',#179,#180);
#179 = CARTESIAN_POINT('',(-6.002221399786,6.02972760443,6.874415720615)
  );
#180 = VECTOR('',#181,1.);
#181 = DIRECTION('',(0.,-0.558853462072,0.829266427591));
#182 = ORIENTED_EDGE('',*,*,#183,.T.);
#183 = EDGE_CURVE('',#176,#184,#186,.T.);
#184 = VERTEX_POINT('',#185);
#185 = CARTESIAN_POINT('',(-6.002221399786,5.205757142857,8.117228571429
    ));
#186 = LINE('',#187,#188);
#187 = CARTESIAN_POINT('',(-6.002221399786,6.047850574394,3.822552070589
    ));
#188 = VECTOR('',#189,1.);
#189 = DIRECTION('',(0.,-0.192414460721,0.981313749677));
#190 = ORIENTED_EDGE('',*,*,#191,.T.);
#191 = EDGE_CURVE('',#184,#192,#194,.T.);
#192 = VERTEX_POINT('',#193);
#193 = CARTESIAN_POINT('',(-6.002221399786,5.2,8.140071428571));
#194 = LINE('',#195,#196);
#195 = CARTESIAN_POINT('',(-6.002221399786,6.18544927259,4.230063024424)
  );
#196 = VECTOR('',#197,1.);
#197 = DIRECTION('',(0.,-0.244390135281,0.969676988372));
#198 = ORIENTED_EDGE('',*,*,#199,.T.);
#199 = EDGE_CURVE('',#192,#200,#202,.T.);
#200 = VERTEX_POINT('',#201);
#201 = CARTESIAN_POINT('',(-6.002221399786,5.2,11.426285714286));
#202 = LINE('',#203,#204);
#203 = CARTESIAN_POINT('',(-6.002221399786,5.2,4.213142857143));
#204 = VECTOR('',#205,1.);
#205 = DIRECTION('',(0.,0.,1.));
#206 = ORIENTED_EDGE('',*,*,#207,.T.);
#207 = EDGE_CURVE('',#200,#208,#210,.T.);
#208 = VERTEX_POINT('',#209);
#209 = CARTESIAN_POINT('',(-6.002221399786,4.5838,11.426285714286));
#210 = LINE('',#211,#212);
#211 = CARTESIAN_POINT('',(-6.002221399786,-0.709210699893,
    11.426285714286));
#212 = VECTOR('',#213,1.);
#213 = DIRECTION('',(0.,-1.,0.));
#214 = ORIENTED_EDGE('',*,*,#215,.T.);
#215 = EDGE_CURVE('',#208,#216,#218,.T.);
#216 = VERTEX_POINT('',#217);
#217 = CARTESIAN_POINT('',(-6.002221399786,4.566714285714,
    11.438357142857));
#218 = LINE('',#219,#220);
#219 = CARTESIAN_POINT('',(-6.002221399786,4.444005800893,
    11.525053354959));
#220 = VECTOR('',#221,1.);
#221 = DIRECTION('',(0.,-0.816721763686,0.577031680865));
#222 = ORIENTED_EDGE('',*,*,#223,.T.);
#223 = EDGE_CURVE('',#216,#224,#226,.T.);
#224 = VERTEX_POINT('',#225);
#225 = CARTESIAN_POINT('',(-6.002221399786,4.549628571429,11.4443));
#226 = LINE('',#227,#228);
#227 = CARTESIAN_POINT('',(-6.002221399786,2.084048946831,
    12.301892912903));
#228 = VECTOR('',#229,1.);
#229 = DIRECTION('',(0.,-0.944496796706,0.328520624941));
#230 = ORIENTED_EDGE('',*,*,#231,.T.);
#231 = EDGE_CURVE('',#224,#232,#234,.T.);
#232 = VERTEX_POINT('',#233);
#233 = CARTESIAN_POINT('',(-6.002221399786,4.526785714286,
    11.468628571429));
#234 = LINE('',#235,#236);
#235 = CARTESIAN_POINT('',(-6.002221399786,5.670168550189,
    10.250879372214));
#236 = VECTOR('',#237,1.);
#237 = DIRECTION('',(0.,-0.68449627479,0.729016357703));
#238 = ORIENTED_EDGE('',*,*,#239,.T.);
#239 = EDGE_CURVE('',#232,#240,#242,.T.);
#240 = VERTEX_POINT('',#241);
#241 = CARTESIAN_POINT('',(-6.002221399786,4.5097,11.492771428571));
#242 = LINE('',#243,#244);
#243 = CARTESIAN_POINT('',(-6.002221399786,6.172699597026,9.142880693644
    ));
#244 = VECTOR('',#245,1.);
#245 = DIRECTION('',(0.,-0.577668857514,0.816271211705));
#246 = ORIENTED_EDGE('',*,*,#247,.T.);
#247 = EDGE_CURVE('',#240,#248,#250,.T.);
#248 = VERTEX_POINT('',#249);
#249 = CARTESIAN_POINT('',(-6.002221399786,4.492614285714,
    11.522857142857));
#250 = LINE('',#251,#252);
#251 = CARTESIAN_POINT('',(-6.002221399786,6.331100709811,8.285522352601
    ));
#252 = VECTOR('',#253,1.);
#253 = DIRECTION('',(0.,-0.493824955141,0.869561334053));
#254 = ORIENTED_EDGE('',*,*,#255,.T.);
#255 = EDGE_CURVE('',#248,#256,#258,.T.);
#256 = VERTEX_POINT('',#257);
#257 = CARTESIAN_POINT('',(-6.002221399786,4.486857142857,
    11.553128571429));
#258 = LINE('',#259,#260);
#259 = CARTESIAN_POINT('',(-6.002221399786,5.639362667593,5.493180167173
    ));
#260 = VECTOR('',#261,1.);
#261 = DIRECTION('',(0.,-0.186835151334,0.982391279596));
#262 = ORIENTED_EDGE('',*,*,#263,.T.);
#263 = EDGE_CURVE('',#256,#264,#266,.T.);
#264 = VERTEX_POINT('',#265);
#265 = CARTESIAN_POINT('',(-6.002221399786,4.486857142857,
    11.887228571429));
#266 = LINE('',#267,#268);
#267 = CARTESIAN_POINT('',(-6.002221399786,4.486857142857,4.443614285714
    ));
#268 = VECTOR('',#269,1.);
#269 = DIRECTION('',(0.,0.,1.));
#270 = ORIENTED_EDGE('',*,*,#271,.T.);
#271 = EDGE_CURVE('',#264,#272,#274,.T.);
#272 = VERTEX_POINT('',#273);
#273 = CARTESIAN_POINT('',(-6.002221399786,4.498185714286,
    11.908957142857));
#274 = LINE('',#275,#276);
#275 = CARTESIAN_POINT('',(-6.002221399786,0.320206334618,3.895455709724
    ));
#276 = VECTOR('',#277,1.);
#277 = DIRECTION('',(0.,0.462306978832,0.886719943005));
#278 = ORIENTED_EDGE('',*,*,#279,.T.);
#279 = EDGE_CURVE('',#272,#280,#282,.T.);
#280 = VERTEX_POINT('',#281);
#281 = CARTESIAN_POINT('',(-6.002221399786,4.503942857143,
    11.925671428571));
#282 = LINE('',#283,#284);
#283 = CARTESIAN_POINT('',(-6.002221399786,1.648902180803,3.636843658554
    ));
#284 = VECTOR('',#285,1.);
#285 = DIRECTION('',(0.,0.325666906351,0.945484566827));
#286 = ORIENTED_EDGE('',*,*,#287,.T.);
#287 = EDGE_CURVE('',#280,#288,#290,.T.);
#288 = VERTEX_POINT('',#289);
#289 = CARTESIAN_POINT('',(-6.002221399786,4.515457142857,
    11.942014285714));
#290 = LINE('',#291,#292);
#291 = CARTESIAN_POINT('',(-6.002221399786,-0.746606468671,
    4.473278837094));
#292 = VECTOR('',#293,1.);
#293 = DIRECTION('',(0.,0.575953532433,0.817482433131));
#294 = ORIENTED_EDGE('',*,*,#295,.T.);
#295 = EDGE_CURVE('',#288,#296,#298,.T.);
#296 = VERTEX_POINT('',#297);
#297 = CARTESIAN_POINT('',(-6.002221399786,4.532542857143,
    11.958357142857));
#298 = LINE('',#299,#300);
#299 = CARTESIAN_POINT('',(-6.002221399786,-1.954041055099,
    5.753798618104));
#300 = VECTOR('',#301,1.);
#301 = DIRECTION('',(0.,0.722641857148,0.691222645967));
#302 = ORIENTED_EDGE('',*,*,#303,.T.);
#303 = EDGE_CURVE('',#296,#304,#306,.T.);
#304 = VERTEX_POINT('',#305);
#305 = CARTESIAN_POINT('',(-6.002221399786,4.549628571429,
    11.969314285714));
#306 = LINE('',#307,#308);
#307 = CARTESIAN_POINT('',(-6.002221399786,-2.589940122553,
    7.390677840661));
#308 = VECTOR('',#309,1.);
#309 = DIRECTION('',(0.,0.841772532358,0.539832384882));
#310 = ORIENTED_EDGE('',*,*,#311,.T.);
#311 = EDGE_CURVE('',#304,#312,#314,.T.);
#312 = VERTEX_POINT('',#313);
#313 = CARTESIAN_POINT('',(-6.002221399786,4.566714285714,
    11.980457142857));
#314 = LINE('',#315,#316);
#315 = CARTESIAN_POINT('',(-6.002221399786,-2.568050098845,
    7.327349935536));
#316 = VECTOR('',#317,1.);
#317 = DIRECTION('',(0.,0.837610596839,0.546267780547));
#318 = ORIENTED_EDGE('',*,*,#319,.T.);
#319 = EDGE_CURVE('',#312,#320,#322,.T.);
#320 = VERTEX_POINT('',#321);
#321 = CARTESIAN_POINT('',(-6.002221399786,4.5838,11.991228571429));
#322 = LINE('',#323,#324);
#323 = CARTESIAN_POINT('',(-6.002221399786,-2.585344436292,
    7.471550557244));
#324 = VECTOR('',#325,1.);
#325 = DIRECTION('',(0.,0.845925602596,0.533300923376));
#326 = ORIENTED_EDGE('',*,*,#327,.T.);
#327 = EDGE_CURVE('',#320,#328,#330,.T.);
#328 = VERTEX_POINT('',#329);
#329 = CARTESIAN_POINT('',(-6.002221399786,4.606642857143,11.9968));
#330 = LINE('',#331,#332);
#331 = CARTESIAN_POINT('',(-6.002221399786,-2.126144570116,
    10.354656725059));
#332 = VECTOR('',#333,1.);
#333 = DIRECTION('',(0.,0.971520338783,0.236956180191));
#334 = ORIENTED_EDGE('',*,*,#335,.T.);
#335 = EDGE_CURVE('',#328,#336,#338,.T.);
#336 = VERTEX_POINT('',#337);
#337 = CARTESIAN_POINT('',(-6.002221399786,6.002221399786,11.9968));
#338 = LINE('',#339,#340);
#339 = CARTESIAN_POINT('',(-6.002221399786,0.17228215725,11.9968));
#340 = VECTOR('',#341,1.);
#341 = DIRECTION('',(0.,1.,0.));
#342 = ORIENTED_EDGE('',*,*,#343,.T.);
#343 = EDGE_CURVE('',#336,#344,#346,.T.);
#344 = VERTEX_POINT('',#345);
#345 = CARTESIAN_POINT('',(-6.002221399786,6.002221399786,20.));
#346 = LINE('',#347,#348);
#347 = CARTESIAN_POINT('',(-6.002221399786,6.002221399786,-3.));
#348 = VECTOR('',#349,1.);
#349 = DIRECTION('',(0.,0.,1.));
#350 = ORIENTED_EDGE('',*,*,#351,.F.);
#351 = EDGE_CURVE('',#352,#344,#354,.T.);
#352 = VERTEX_POINT('',#353);
#353 = CARTESIAN_POINT('',(-6.002221399786,-6.002221399786,20.));
#354 = LINE('',#355,#356);
#355 = CARTESIAN_POINT('',(-6.002221399786,-6.002221399786,20.));
#356 = VECTOR('',#357,1.);
#357 = DIRECTION('',(-0.,1.,0.));
#358 = ORIENTED_EDGE('',*,*,#359,.F.);
#359 = EDGE_CURVE('',#360,#352,#362,.T.);
#360 = VERTEX_POINT('',#361);
#361 = CARTESIAN_POINT('',(-6.002221399786,-6.002221399786,
    11.990417651011));
#362 = LINE('',#363,#364);
#363 = CARTESIAN_POINT('',(-6.002221399786,-6.002221399786,-3.));
#364 = VECTOR('',#365,1.);
#365 = DIRECTION('',(0.,0.,1.));
#366 = ORIENTED_EDGE('',*,*,#367,.T.);
#367 = EDGE_CURVE('',#360,#368,#370,.T.);
#368 = VERTEX_POINT('',#369);
#369 = CARTESIAN_POINT('',(-6.002221399786,-5.998757142857,
    11.991042857143));
#370 = LINE('',#371,#372);
#371 = CARTESIAN_POINT('',(-6.002221399786,-7.310506781297,
    11.754306975649));
#372 = VECTOR('',#373,1.);
#373 = DIRECTION('',(0.,0.984101999614,0.177604207031));
#374 = ORIENTED_EDGE('',*,*,#375,.T.);
#375 = EDGE_CURVE('',#368,#376,#378,.T.);
#376 = VERTEX_POINT('',#377);
#377 = CARTESIAN_POINT('',(-6.002221399786,-5.941742857143,11.9968));
#378 = LINE('',#379,#380);
#379 = CARTESIAN_POINT('',(-6.002221399786,-6.721201883325,
    11.918092411037));
#380 = VECTOR('',#381,1.);
#381 = DIRECTION('',(0.,0.994940461748,0.100466300698));
#382 = ORIENTED_EDGE('',*,*,#383,.T.);
#383 = EDGE_CURVE('',#376,#384,#386,.T.);
#384 = VERTEX_POINT('',#385);
#385 = CARTESIAN_POINT('',(-6.002221399786,-4.971757142857,11.9968));
#386 = LINE('',#387,#388);
#387 = CARTESIAN_POINT('',(-6.002221399786,-5.486989271322,11.9968));
#388 = VECTOR('',#389,1.);
#389 = DIRECTION('',(0.,1.,0.));
#390 = ORIENTED_EDGE('',*,*,#391,.T.);
#391 = EDGE_CURVE('',#384,#392,#394,.T.);
#392 = VERTEX_POINT('',#393);
#393 = CARTESIAN_POINT('',(-6.002221399786,-4.908985714286,
    11.985285714286));
#394 = LINE('',#395,#396);
#395 = CARTESIAN_POINT('',(-6.002221399786,-4.108159085948,
    11.838388522105));
#396 = VECTOR('',#397,1.);
#397 = DIRECTION('',(-0.,0.983589347684,-0.180421714664));
#398 = ORIENTED_EDGE('',*,*,#399,.T.);
#399 = EDGE_CURVE('',#392,#400,#402,.T.);
#400 = VERTEX_POINT('',#401);
#401 = CARTESIAN_POINT('',(-6.002221399786,-4.840642857143,
    11.962257142857));
#402 = LINE('',#403,#404);
#403 = CARTESIAN_POINT('',(-6.002221399786,-3.098427653615,
    11.375206367755));
#404 = VECTOR('',#405,1.);
#405 = DIRECTION('',(-0.,0.947648212829,-0.319316245627));
#406 = ORIENTED_EDGE('',*,*,#407,.T.);
#407 = EDGE_CURVE('',#400,#408,#410,.T.);
#408 = VERTEX_POINT('',#409);
#409 = CARTESIAN_POINT('',(-6.002221399786,-4.783442857143,
    11.933471428571));
#410 = LINE('',#411,#412);
#411 = CARTESIAN_POINT('',(-6.002221399786,-2.271411809987,
    10.669299960035));
#412 = VECTOR('',#413,1.);
#413 = DIRECTION('',(-0.,0.893264098465,-0.449532257344));
#414 = ORIENTED_EDGE('',*,*,#415,.T.);
#415 = EDGE_CURVE('',#408,#416,#418,.T.);
#416 = VERTEX_POINT('',#417);
#417 = CARTESIAN_POINT('',(-6.002221399786,-4.720857142857,
    11.892985714286));
#418 = LINE('',#419,#420);
#419 = CARTESIAN_POINT('',(-6.002221399786,-1.776580137678,
    9.988379224289));
#420 = VECTOR('',#421,1.);
#421 = DIRECTION('',(-0.,0.839636996037,-0.543147967763));
#422 = ORIENTED_EDGE('',*,*,#423,.T.);
#423 = EDGE_CURVE('',#416,#424,#426,.T.);
#424 = VERTEX_POINT('',#425);
#425 = CARTESIAN_POINT('',(-6.002221399786,-4.698014285714,11.8759));
#426 = LINE('',#427,#428);
#427 = CARTESIAN_POINT('',(-6.002221399786,-1.548683234741,
    9.520302791142));
#428 = VECTOR('',#429,1.);
#429 = DIRECTION('',(-0.,0.80078057117,-0.598957825591));
#430 = ORIENTED_EDGE('',*,*,#431,.T.);
#431 = EDGE_CURVE('',#424,#432,#434,.T.);
#432 = VERTEX_POINT('',#433);
#433 = CARTESIAN_POINT('',(-6.002221399786,-4.663657142857,
    11.847114285714));
#434 = LINE('',#435,#436);
#435 = CARTESIAN_POINT('',(-6.002221399786,-1.402467096081,
    9.114765868145));
#436 = VECTOR('',#437,1.);
#437 = DIRECTION('',(-0.,0.76652048118,-0.64221986261));
#438 = ORIENTED_EDGE('',*,*,#439,.T.);
#439 = EDGE_CURVE('',#432,#440,#442,.T.);
#440 = VERTEX_POINT('',#441);
#441 = CARTESIAN_POINT('',(-6.002221399786,-4.623728571429,
    11.800871428571));
#442 = LINE('',#443,#444);
#443 = CARTESIAN_POINT('',(-6.002221399786,-1.257421857064,
    7.902218536121));
#444 = VECTOR('',#445,1.);
#445 = DIRECTION('',(-0.,0.653540726021,-0.756891352462));
#446 = ORIENTED_EDGE('',*,*,#447,.T.);
#447 = EDGE_CURVE('',#440,#448,#450,.T.);
#448 = VERTEX_POINT('',#449);
#449 = CARTESIAN_POINT('',(-6.002221399786,-4.578228571429,11.7433));
#450 = LINE('',#451,#452);
#451 = CARTESIAN_POINT('',(-6.002221399786,-1.26588760913,7.552174700765
    ));
#452 = VECTOR('',#453,1.);
#453 = DIRECTION('',(-0.,0.620054492814,-0.78455874601));
#454 = ORIENTED_EDGE('',*,*,#455,.T.);
#455 = EDGE_CURVE('',#448,#456,#458,.T.);
#456 = VERTEX_POINT('',#457);
#457 = CARTESIAN_POINT('',(-6.002221399786,-4.549628571429,
    11.685542857143));
#458 = LINE('',#459,#460);
#459 = CARTESIAN_POINT('',(-6.002221399786,-1.772659292541,
    6.077507495234));
#460 = VECTOR('',#461,1.);
#461 = DIRECTION('',(-0.,0.443752442317,-0.896149412731));
#462 = ORIENTED_EDGE('',*,*,#463,.T.);
#463 = EDGE_CURVE('',#456,#464,#466,.T.);
#464 = VERTEX_POINT('',#465);
#465 = CARTESIAN_POINT('',(-6.002221399786,-4.526785714286,
    11.633914285714));
#466 = LINE('',#467,#468);
#467 = CARTESIAN_POINT('',(-6.002221399786,-1.940189680179,
    5.787786663912));
#468 = VECTOR('',#469,1.);
#469 = DIRECTION('',(-0.,0.404611830448,-0.914488527354));
#470 = ORIENTED_EDGE('',*,*,#471,.T.);
#471 = EDGE_CURVE('',#464,#472,#474,.T.);
#472 = VERTEX_POINT('',#473);
#473 = CARTESIAN_POINT('',(-6.002221399786,-4.503942857143,
    11.564642857143));
#474 = LINE('',#475,#476);
#475 = CARTESIAN_POINT('',(-6.002221399786,-2.411526925485,
    5.219349015613));
#476 = VECTOR('',#477,1.);
#477 = DIRECTION('',(-0.,0.313170801129,-0.949696819685));
#478 = ORIENTED_EDGE('',*,*,#479,.T.);
#479 = EDGE_CURVE('',#472,#480,#482,.T.);
#480 = VERTEX_POINT('',#481);
#481 = CARTESIAN_POINT('',(-6.002221399786,-4.492614285714,
    11.501128571429));
#482 = LINE('',#483,#484);
#483 = CARTESIAN_POINT('',(-6.002221399786,-3.262530612575,
    4.604593879401));
#484 = VECTOR('',#485,1.);
#485 = DIRECTION('',(-0.,0.175591378217,-0.98446313689));
#486 = ORIENTED_EDGE('',*,*,#487,.T.);
#487 = EDGE_CURVE('',#480,#488,#490,.T.);
#488 = VERTEX_POINT('',#489);
#489 = CARTESIAN_POINT('',(-6.002221399786,-4.486857142857,11.4378));
#490 = LINE('',#491,#492);
#491 = CARTESIAN_POINT('',(-6.002221399786,-3.842183225877,
    4.346386913222));
#492 = VECTOR('',#493,1.);
#493 = DIRECTION('',(-0.,9.053574604252E-02,-0.995893206468));
#494 = ORIENTED_EDGE('',*,*,#495,.T.);
#495 = EDGE_CURVE('',#488,#496,#498,.T.);
#496 = VERTEX_POINT('',#497);
#497 = CARTESIAN_POINT('',(-6.002221399786,-4.486857142857,
    8.528028571429));
#498 = LINE('',#499,#500);
#499 = CARTESIAN_POINT('',(-6.002221399786,-4.486857142857,
    2.764014285714));
#500 = VECTOR('',#501,1.);
#501 = DIRECTION('',(0.,-0.,-1.));
#502 = ORIENTED_EDGE('',*,*,#503,.T.);
#503 = EDGE_CURVE('',#496,#504,#506,.T.);
#504 = VERTEX_POINT('',#505);
#505 = CARTESIAN_POINT('',(-6.002221399786,-4.498185714286,
    8.471014285714));
#506 = LINE('',#507,#508);
#507 = CARTESIAN_POINT('',(-6.002221399786,-5.623092325056,
    2.809599047903));
#508 = VECTOR('',#509,1.);
#509 = DIRECTION('',(0.,-0.194887184279,-0.980825665143));
#510 = ORIENTED_EDGE('',*,*,#511,.T.);
#511 = EDGE_CURVE('',#504,#512,#514,.T.);
#512 = VERTEX_POINT('',#513);
#513 = CARTESIAN_POINT('',(-6.002221399786,-4.503942857143,
    8.425328571429));
#514 = LINE('',#515,#516);
#515 = CARTESIAN_POINT('',(-6.002221399786,-5.224288688634,2.70903584411
    ));
#516 = VECTOR('',#517,1.);
#517 = DIRECTION('',(0.,-0.125027446277,-0.992153283358));
#518 = ORIENTED_EDGE('',*,*,#519,.T.);
#519 = EDGE_CURVE('',#512,#520,#522,.T.);
#520 = VERTEX_POINT('',#521);
#521 = CARTESIAN_POINT('',(-6.002221399786,-4.526785714286,
    8.368314285714));
#522 = LINE('',#523,#524);
#523 = CARTESIAN_POINT('',(-6.002221399786,-6.591189809391,
    3.215695934517));
#524 = VECTOR('',#525,1.);
#525 = DIRECTION('',(0.,-0.371911940969,-0.928268015265));
#526 = ORIENTED_EDGE('',*,*,#527,.T.);
#527 = EDGE_CURVE('',#520,#528,#530,.T.);
#528 = VERTEX_POINT('',#529);
#529 = CARTESIAN_POINT('',(-6.002221399786,-4.543871428571,
    8.328385714286));
#530 = LINE('',#531,#532);
#531 = CARTESIAN_POINT('',(-6.002221399786,-6.705356769179,3.27708845091
    ));
#532 = VECTOR('',#533,1.);
#533 = DIRECTION('',(0.,-0.393403152889,-0.919366063816));
#534 = ORIENTED_EDGE('',*,*,#535,.T.);
#535 = EDGE_CURVE('',#528,#536,#538,.T.);
#536 = VERTEX_POINT('',#537);
#537 = CARTESIAN_POINT('',(-6.002221399786,-4.566714285714,
    8.288457142857));
#538 = LINE('',#539,#540);
#539 = CARTESIAN_POINT('',(-6.002221399786,-7.176495524685,3.72664440807
    ));
#540 = VECTOR('',#541,1.);
#541 = DIRECTION('',(0.,-0.49657364983,-0.867994591167));
#542 = ORIENTED_EDGE('',*,*,#543,.T.);
#543 = EDGE_CURVE('',#536,#544,#546,.T.);
#544 = VERTEX_POINT('',#545);
#545 = CARTESIAN_POINT('',(-6.002221399786,-4.595314285714,8.2372));
#546 = LINE('',#547,#548);
#547 = CARTESIAN_POINT('',(-6.002221399786,-7.153037416282,
    3.653228675087));
#548 = VECTOR('',#549,1.);
#549 = DIRECTION('',(0.,-0.487253947878,-0.873260322171));
#550 = ORIENTED_EDGE('',*,*,#551,.T.);
#551 = EDGE_CURVE('',#544,#552,#554,.T.);
#552 = VERTEX_POINT('',#553);
#553 = CARTESIAN_POINT('',(-6.002221399786,-4.623728571429,
    8.202842857143));
#554 = LINE('',#555,#556);
#555 = CARTESIAN_POINT('',(-6.002221399786,-7.654627048807,
    4.538030972731));
#556 = VECTOR('',#557,1.);
#557 = DIRECTION('',(0.,-0.637311932213,-0.770605931108));
#558 = ORIENTED_EDGE('',*,*,#559,.T.);
#559 = EDGE_CURVE('',#552,#560,#562,.T.);
#560 = VERTEX_POINT('',#561);
#561 = CARTESIAN_POINT('',(-6.002221399786,-4.658085714286,
    8.168671428571));
#562 = LINE('',#563,#564);
#563 = CARTESIAN_POINT('',(-6.002221399786,-7.788067789056,
    5.055608175827));
#564 = VECTOR('',#565,1.);
#565 = DIRECTION('',(0.,-0.70902045612,-0.705187913114));
#566 = ORIENTED_EDGE('',*,*,#567,.T.);
#567 = EDGE_CURVE('',#560,#568,#570,.T.);
#568 = VERTEX_POINT('',#569);
#569 = CARTESIAN_POINT('',(-6.002221399786,-4.698014285714,
    8.128742857143));
#570 = LINE('',#571,#572);
#571 = CARTESIAN_POINT('',(-6.002221399786,-7.806251778518,
    5.020505364339));
#572 = VECTOR('',#573,1.);
#573 = DIRECTION('',(0.,-0.707106781187,-0.707106781187));
#574 = ORIENTED_EDGE('',*,*,#575,.T.);
#575 = EDGE_CURVE('',#568,#576,#578,.T.);
#576 = VERTEX_POINT('',#577);
#577 = CARTESIAN_POINT('',(-6.002221399786,-4.737942857143,
    8.100142857143));
#578 = LINE('',#579,#580);
#579 = CARTESIAN_POINT('',(-6.002221399786,-7.783130984519,
    5.918938337999));
#580 = VECTOR('',#581,1.);
#581 = DIRECTION('',(0.,-0.812966296417,-0.58231074255));
#582 = ORIENTED_EDGE('',*,*,#583,.T.);
#583 = EDGE_CURVE('',#576,#584,#586,.T.);
#584 = VERTEX_POINT('',#585);
#585 = CARTESIAN_POINT('',(-6.002221399786,-4.783442857143,
    8.071728571429));
#586 = LINE('',#587,#588);
#587 = CARTESIAN_POINT('',(-6.002221399786,-7.708994356065,
    6.244751512918));
#588 = VECTOR('',#589,1.);
#589 = DIRECTION('',(0.,-0.848192741916,-0.529687712299));
#590 = ORIENTED_EDGE('',*,*,#591,.T.);
#591 = EDGE_CURVE('',#584,#592,#594,.T.);
#592 = VERTEX_POINT('',#593);
#593 = CARTESIAN_POINT('',(-6.002221399786,-4.829128571429,
    8.054457142857));
#594 = LINE('',#595,#596);
#595 = CARTESIAN_POINT('',(-6.002221399786,-7.170592867786,
    7.169269421063));
#596 = VECTOR('',#597,1.);
#597 = DIRECTION('',(0.,-0.93538826358,-0.353622392329));
#598 = ORIENTED_EDGE('',*,*,#599,.T.);
#599 = EDGE_CURVE('',#592,#600,#602,.T.);
#600 = VERTEX_POINT('',#601);
#601 = CARTESIAN_POINT('',(-6.002221399786,-4.880571428571,8.0318));
#602 = LINE('',#603,#604);
#603 = CARTESIAN_POINT('',(-6.002221399786,-7.384974350871,
    6.928777774294));
#604 = VECTOR('',#605,1.);
#605 = DIRECTION('',(0.,-0.915168822915,-0.403070745111));
#606 = ORIENTED_EDGE('',*,*,#607,.T.);
#607 = EDGE_CURVE('',#600,#608,#610,.T.);
#608 = VERTEX_POINT('',#609);
#609 = CARTESIAN_POINT('',(-6.002221399786,-4.926071428571,
    8.020285714286));
#610 = LINE('',#611,#612);
#611 = CARTESIAN_POINT('',(-6.002221399786,-6.742242356738,
    7.560683275321));
#612 = VECTOR('',#613,1.);
#613 = DIRECTION('',(0.,-0.969440203112,-0.245327724869));
#614 = ORIENTED_EDGE('',*,*,#615,.T.);
#615 = EDGE_CURVE('',#608,#616,#618,.T.);
#616 = VERTEX_POINT('',#617);
#617 = CARTESIAN_POINT('',(-6.002221399786,-4.983271428571,
    8.008957142857));
#618 = LINE('',#619,#620);
#619 = CARTESIAN_POINT('',(-6.002221399786,-6.522541889946,
    7.704101629403));
#620 = VECTOR('',#621,1.);
#621 = DIRECTION('',(0.,-0.980946441599,-0.194278353693));
#622 = ORIENTED_EDGE('',*,*,#623,.T.);
#623 = EDGE_CURVE('',#616,#624,#626,.T.);
#624 = VERTEX_POINT('',#625);
#625 = CARTESIAN_POINT('',(-6.002221399786,-5.011685714286,8.0032));
#626 = LINE('',#627,#628);
#627 = CARTESIAN_POINT('',(-6.002221399786,-6.558169658928,
    7.689860115791));
#628 = VECTOR('',#629,1.);
#629 = DIRECTION('',(0.,-0.980084827963,-0.198579278868));
#630 = ORIENTED_EDGE('',*,*,#631,.T.);
#631 = EDGE_CURVE('',#624,#632,#634,.T.);
#632 = VERTEX_POINT('',#633);
#633 = CARTESIAN_POINT('',(-6.002221399786,-5.913142857143,8.0032));
#634 = LINE('',#635,#636);
#635 = CARTESIAN_POINT('',(-6.002221399786,-5.957682128464,8.0032));
#636 = VECTOR('',#637,1.);
#637 = DIRECTION('',(0.,-1.,0.));
#638 = ORIENTED_EDGE('',*,*,#639,.T.);
#639 = EDGE_CURVE('',#632,#640,#642,.T.);
#640 = VERTEX_POINT('',#641);
#641 = CARTESIAN_POINT('',(-6.002221399786,-5.975914285714,
    8.008957142857));
#642 = LINE('',#643,#644);
#643 = CARTESIAN_POINT('',(-6.002221399786,-5.488320765455,
    7.964237027094));
#644 = VECTOR('',#645,1.);
#645 = DIRECTION('',(0.,-0.995820439719,9.133264387955E-02));
#646 = ORIENTED_EDGE('',*,*,#647,.T.);
#647 = EDGE_CURVE('',#640,#24,#648,.T.);
#648 = LINE('',#649,#650);
#649 = CARTESIAN_POINT('',(-6.002221399786,-5.484641524991,
    7.960950032689));
#650 = VECTOR('',#651,1.);
#651 = DIRECTION('',(0.,-0.995259338689,9.725661290117E-02));
#652 = FACE_BOUND('',#653,.F.);
#653 = EDGE_LOOP('',(#654,#664,#672,#680,#688,#696,#704,#712,#720,#728,
    #736,#744,#752,#760,#768,#776,#784,#792,#800,#808,#816,#824,#832,
    #840,#848,#856,#864,#872,#880,#888,#896,#904,#912,#920,#928,#936,
    #944,#952,#960,#968,#976,#984,#992,#1000,#1008,#1016,#1024,#1032,
    #1040,#1048,#1056,#1064,#1072,#1080,#1088,#1096,#1104,#1112,#1120,
    #1128,#1136,#1144,#1152,#1160,#1168,#1176,#1184,#1192,#1200,#1208,
    #1216,#1224,#1232,#1240,#1248,#1256,#1264,#1272,#1280,#1288,#1296,
    #1304,#1312,#1320,#1328,#1336,#1344,#1352,#1360));
#654 = ORIENTED_EDGE('',*,*,#655,.T.);
#655 = EDGE_CURVE('',#656,#658,#660,.T.);
#656 = VERTEX_POINT('',#657);
#657 = CARTESIAN_POINT('',(-6.002221399786,3.905014285714,
    11.905428571429));
#658 = VERTEX_POINT('',#659);
#659 = CARTESIAN_POINT('',(-6.002221399786,3.916342857143,
    11.882771428571));
#660 = LINE('',#661,#662);
#661 = CARTESIAN_POINT('',(-6.002221399786,5.901040717164,7.913375708529
    ));
#662 = VECTOR('',#663,1.);
#663 = DIRECTION('',(-0.,0.4472135955,-0.894427191));
#664 = ORIENTED_EDGE('',*,*,#665,.T.);
#665 = EDGE_CURVE('',#658,#666,#668,.T.);
#666 = VERTEX_POINT('',#667);
#667 = CARTESIAN_POINT('',(-6.002221399786,3.916342857143,9.828771428571
    ));
#668 = LINE('',#669,#670);
#669 = CARTESIAN_POINT('',(-6.002221399786,3.916342857143,3.414385714286
    ));
#670 = VECTOR('',#671,1.);
#671 = DIRECTION('',(0.,-0.,-1.));
#672 = ORIENTED_EDGE('',*,*,#673,.T.);
#673 = EDGE_CURVE('',#666,#674,#676,.T.);
#674 = VERTEX_POINT('',#675);
#675 = CARTESIAN_POINT('',(-6.002221399786,3.905014285714,9.806114285714
    ));
#676 = LINE('',#677,#678);
#677 = CARTESIAN_POINT('',(-6.002221399786,0.353067860021,2.702221434329
    ));
#678 = VECTOR('',#679,1.);
#679 = DIRECTION('',(0.,-0.4472135955,-0.894427191));
#680 = ORIENTED_EDGE('',*,*,#681,.T.);
#681 = EDGE_CURVE('',#674,#682,#684,.T.);
#682 = VERTEX_POINT('',#683);
#683 = CARTESIAN_POINT('',(-6.002221399786,3.8935,9.783271428571));
#684 = LINE('',#685,#686);
#685 = CARTESIAN_POINT('',(-6.002221399786,0.321993623173,2.69786361648)
  );
#686 = VECTOR('',#687,1.);
#687 = DIRECTION('',(0.,-0.450115207469,-0.892970492237));
#688 = ORIENTED_EDGE('',*,*,#689,.T.);
#689 = EDGE_CURVE('',#682,#690,#692,.T.);
#690 = VERTEX_POINT('',#691);
#691 = CARTESIAN_POINT('',(-6.002221399786,3.882171428571,9.760428571429
    ));
#692 = LINE('',#693,#694);
#693 = CARTESIAN_POINT('',(-6.002221399786,0.367017017809,2.67249426776)
  );
#694 = VECTOR('',#695,1.);
#695 = DIRECTION('',(0.,-0.444297794845,-0.895879160097));
#696 = ORIENTED_EDGE('',*,*,#697,.T.);
#697 = EDGE_CURVE('',#690,#698,#700,.T.);
#698 = VERTEX_POINT('',#699);
#699 = CARTESIAN_POINT('',(-6.002221399786,3.859328571429,9.743342857143
    ));
#700 = LINE('',#701,#702);
#701 = CARTESIAN_POINT('',(-6.002221399786,-2.358597450822,
    5.092536401475));
#702 = VECTOR('',#703,1.);
#703 = DIRECTION('',(0.,-0.80078057117,-0.598957825591));
#704 = ORIENTED_EDGE('',*,*,#705,.T.);
#705 = EDGE_CURVE('',#698,#706,#708,.T.);
#706 = VERTEX_POINT('',#707);
#707 = CARTESIAN_POINT('',(-6.002221399786,3.836485714286,9.731828571429
    ));
#708 = LINE('',#709,#710);
#709 = CARTESIAN_POINT('',(-6.002221399786,-2.644901641813,
    6.464787790306));
#710 = VECTOR('',#711,1.);
#711 = DIRECTION('',(0.,-0.892970492237,-0.450115207469));
#712 = ORIENTED_EDGE('',*,*,#713,.T.);
#713 = EDGE_CURVE('',#706,#714,#716,.T.);
#714 = VERTEX_POINT('',#715);
#715 = CARTESIAN_POINT('',(-6.002221399786,3.813642857143,9.7205));
#716 = LINE('',#717,#718);
#717 = CARTESIAN_POINT('',(-6.002221399786,-2.65707655514,6.511444031307
    ));
#718 = VECTOR('',#719,1.);
#719 = DIRECTION('',(0.,-0.895879160097,-0.444297794845));
#720 = ORIENTED_EDGE('',*,*,#721,.T.);
#721 = EDGE_CURVE('',#714,#722,#724,.T.);
#722 = VERTEX_POINT('',#723);
#723 = CARTESIAN_POINT('',(-6.002221399786,3.785042857143,9.714742857143
    ));
#724 = LINE('',#725,#726);
#725 = CARTESIAN_POINT('',(-6.002221399786,-2.147909720507,
    8.520447208395));
#726 = VECTOR('',#727,1.);
#727 = DIRECTION('',(0.,-0.980335072596,-0.197340176951));
#728 = ORIENTED_EDGE('',*,*,#729,.T.);
#729 = EDGE_CURVE('',#722,#730,#732,.T.);
#730 = VERTEX_POINT('',#731);
#731 = CARTESIAN_POINT('',(-6.002221399786,2.490057142857,9.714742857143
    ));
#732 = LINE('',#733,#734);
#733 = CARTESIAN_POINT('',(-6.002221399786,-1.756082128464,
    9.714742857143));
#734 = VECTOR('',#735,1.);
#735 = DIRECTION('',(0.,-1.,0.));
#736 = ORIENTED_EDGE('',*,*,#737,.T.);
#737 = EDGE_CURVE('',#730,#738,#740,.T.);
#738 = VERTEX_POINT('',#739);
#739 = CARTESIAN_POINT('',(-6.002221399786,2.490057142857,8.573714285714
    ));
#740 = LINE('',#741,#742);
#741 = CARTESIAN_POINT('',(-6.002221399786,2.490057142857,2.786857142857
    ));
#742 = VECTOR('',#743,1.);
#743 = DIRECTION('',(0.,-0.,-1.));
#744 = ORIENTED_EDGE('',*,*,#745,.T.);
#745 = EDGE_CURVE('',#738,#746,#748,.T.);
#746 = VERTEX_POINT('',#747);
#747 = CARTESIAN_POINT('',(-6.002221399786,3.636842857143,8.573714285714
    ));
#748 = LINE('',#749,#750);
#749 = CARTESIAN_POINT('',(-6.002221399786,-1.182689271322,
    8.573714285714));
#750 = VECTOR('',#751,1.);
#751 = DIRECTION('',(0.,1.,0.));
#752 = ORIENTED_EDGE('',*,*,#753,.T.);
#753 = EDGE_CURVE('',#746,#754,#756,.T.);
#754 = VERTEX_POINT('',#755);
#755 = CARTESIAN_POINT('',(-6.002221399786,3.682342857143,8.567957142857
    ));
#756 = LINE('',#757,#758);
#757 = CARTESIAN_POINT('',(-6.002221399786,-0.363317909444,
    9.079857076589));
#758 = VECTOR('',#759,1.);
#759 = DIRECTION('',(-0.,0.992089857379,-0.125529737056));
#760 = ORIENTED_EDGE('',*,*,#761,.T.);
#761 = EDGE_CURVE('',#754,#762,#764,.T.);
#762 = VERTEX_POINT('',#763);
#763 = CARTESIAN_POINT('',(-6.002221399786,3.728028571429,8.556628571429
    ));
#764 = LINE('',#765,#766);
#765 = CARTESIAN_POINT('',(-6.002221399786,0.49455690467,9.358424391235)
  );
#766 = VECTOR('',#767,1.);
#767 = DIRECTION('',(-0.,0.970604905537,-0.240678452186));
#768 = ORIENTED_EDGE('',*,*,#769,.T.);
#769 = EDGE_CURVE('',#762,#770,#772,.T.);
#770 = VERTEX_POINT('',#771);
#771 = CARTESIAN_POINT('',(-6.002221399786,3.762385714286,8.545114285714
    ));
#772 = LINE('',#773,#774);
#773 = CARTESIAN_POINT('',(-6.002221399786,1.112313245585,9.43324668063)
  );
#774 = VECTOR('',#775,1.);
#775 = DIRECTION('',(-0.,0.948169527976,-0.317764922889));
#776 = ORIENTED_EDGE('',*,*,#777,.T.);
#777 = EDGE_CURVE('',#770,#778,#780,.T.);
#778 = VERTEX_POINT('',#779);
#779 = CARTESIAN_POINT('',(-6.002221399786,3.796557142857,8.522457142857
    ));
#780 = LINE('',#781,#782);
#781 = CARTESIAN_POINT('',(-6.002221399786,3.04674868577,9.019612750274)
  );
#782 = VECTOR('',#783,1.);
#783 = DIRECTION('',(-0.,0.833441382682,-0.5526078733));
#784 = ORIENTED_EDGE('',*,*,#785,.T.);
#785 = EDGE_CURVE('',#778,#786,#788,.T.);
#786 = VERTEX_POINT('',#787);
#787 = CARTESIAN_POINT('',(-6.002221399786,3.8194,8.499614285714));
#788 = LINE('',#789,#790);
#789 = CARTESIAN_POINT('',(-6.002221399786,4.238898221482,8.080116064232
    ));
#790 = VECTOR('',#791,1.);
#791 = DIRECTION('',(-0.,0.707106781187,-0.707106781187));
#792 = ORIENTED_EDGE('',*,*,#793,.T.);
#793 = EDGE_CURVE('',#786,#794,#796,.T.);
#794 = VERTEX_POINT('',#795);
#795 = CARTESIAN_POINT('',(-6.002221399786,3.847814285714,8.471014285714
    ));
#796 = LINE('',#797,#798);
#797 = CARTESIAN_POINT('',(-6.002221399786,4.269040314766,8.047035145362
    ));
#798 = VECTOR('',#799,1.);
#799 = DIRECTION('',(-0.,0.704799762748,-0.709406297146));
#800 = ORIENTED_EDGE('',*,*,#801,.T.);
#801 = EDGE_CURVE('',#794,#802,#804,.T.);
#802 = VERTEX_POINT('',#803);
#803 = CARTESIAN_POINT('',(-6.002221399786,3.870657142857,8.448171428571
    ));
#804 = LINE('',#805,#806);
#805 = CARTESIAN_POINT('',(-6.002221399786,4.264480364339,8.054348207089
    ));
#806 = VECTOR('',#807,1.);
#807 = DIRECTION('',(-0.,0.707106781187,-0.707106781187));
#808 = ORIENTED_EDGE('',*,*,#809,.T.);
#809 = EDGE_CURVE('',#802,#810,#812,.T.);
#810 = VERTEX_POINT('',#811);
#811 = CARTESIAN_POINT('',(-6.002221399786,3.887742857143,8.414));
#812 = LINE('',#813,#814);
#813 = CARTESIAN_POINT('',(-6.002221399786,5.18154643145,5.826392851386)
  );
#814 = VECTOR('',#815,1.);
#815 = DIRECTION('',(-0.,0.4472135955,-0.894427191));
#816 = ORIENTED_EDGE('',*,*,#817,.T.);
#817 = EDGE_CURVE('',#810,#818,#820,.T.);
#818 = VERTEX_POINT('',#819);
#819 = CARTESIAN_POINT('',(-6.002221399786,3.899257142857,8.379828571429
    ));
#820 = LINE('',#821,#822);
#821 = CARTESIAN_POINT('',(-6.002221399786,5.116230628599,4.76816532342)
  );
#822 = VECTOR('',#823,1.);
#823 = DIRECTION('',(-0.,0.319316245627,-0.947648212829));
#824 = ORIENTED_EDGE('',*,*,#825,.T.);
#825 = EDGE_CURVE('',#818,#826,#828,.T.);
#826 = VERTEX_POINT('',#827);
#827 = CARTESIAN_POINT('',(-6.002221399786,3.910585714286,8.345471428571
    ));
#828 = LINE('',#829,#830);
#829 = CARTESIAN_POINT('',(-6.002221399786,5.111609403212,4.703022535927
    ));
#830 = VECTOR('',#831,1.);
#831 = DIRECTION('',(-0.,0.313145974944,-0.949705005976));
#832 = ORIENTED_EDGE('',*,*,#833,.T.);
#833 = EDGE_CURVE('',#826,#834,#836,.T.);
#834 = VERTEX_POINT('',#835);
#835 = CARTESIAN_POINT('',(-6.002221399786,3.916342857143,8.305542857143
    ));
#836 = LINE('',#837,#838);
#837 = CARTESIAN_POINT('',(-6.002221399786,4.613792343134,3.468393196237
    ));
#838 = VECTOR('',#839,1.);
#839 = DIRECTION('',(-0.,0.142710231997,-0.989764512237));
#840 = ORIENTED_EDGE('',*,*,#841,.T.);
#841 = EDGE_CURVE('',#834,#842,#844,.T.);
#842 = VERTEX_POINT('',#843);
#843 = CARTESIAN_POINT('',(-6.002221399786,3.916342857143,8.271371428571
    ));
#844 = LINE('',#845,#846);
#845 = CARTESIAN_POINT('',(-6.002221399786,3.916342857143,2.635685714286
    ));
#846 = VECTOR('',#847,1.);
#847 = DIRECTION('',(0.,-0.,-1.));
#848 = ORIENTED_EDGE('',*,*,#849,.T.);
#849 = EDGE_CURVE('',#842,#850,#852,.T.);
#850 = VERTEX_POINT('',#851);
#851 = CARTESIAN_POINT('',(-6.002221399786,3.910585714286,8.2372));
#852 = LINE('',#853,#854);
#853 = CARTESIAN_POINT('',(-6.002221399786,2.853297659074,1.961683801323
    ));
#854 = VECTOR('',#855,1.);
#855 = DIRECTION('',(0.,-0.166136868447,-0.98610270304));
#856 = ORIENTED_EDGE('',*,*,#857,.T.);
#857 = EDGE_CURVE('',#850,#858,#860,.T.);
#858 = VERTEX_POINT('',#859);
#859 = CARTESIAN_POINT('',(-6.002221399786,3.905014285714,8.202842857143
    ));
#860 = LINE('',#861,#862);
#861 = CARTESIAN_POINT('',(-6.002221399786,2.893024392845,1.96223851778)
  );
#862 = VECTOR('',#863,1.);
#863 = DIRECTION('',(0.,-0.160071158554,-0.987105477748));
#864 = ORIENTED_EDGE('',*,*,#865,.T.);
#865 = EDGE_CURVE('',#858,#866,#868,.T.);
#866 = VERTEX_POINT('',#867);
#867 = CARTESIAN_POINT('',(-6.002221399786,3.887742857143,8.168671428571
    ));
#868 = LINE('',#869,#870);
#869 = CARTESIAN_POINT('',(-6.002221399786,0.633342123772,1.729857074374
    ));
#870 = VECTOR('',#871,1.);
#871 = DIRECTION('',(0.,-0.451089728658,-0.892478602936));
#872 = ORIENTED_EDGE('',*,*,#873,.T.);
#873 = EDGE_CURVE('',#866,#874,#876,.T.);
#874 = VERTEX_POINT('',#875);
#875 = CARTESIAN_POINT('',(-6.002221399786,3.870657142857,8.1345));
#876 = LINE('',#877,#878);
#877 = CARTESIAN_POINT('',(-6.002221399786,0.656469288593,1.706124291471
    ));
#878 = VECTOR('',#879,1.);
#879 = DIRECTION('',(0.,-0.4472135955,-0.894427191));
#880 = ORIENTED_EDGE('',*,*,#881,.T.);
#881 = EDGE_CURVE('',#874,#882,#884,.T.);
#882 = VERTEX_POINT('',#883);
#883 = CARTESIAN_POINT('',(-6.002221399786,3.824971428571,8.0773));
#884 = LINE('',#885,#886);
#885 = CARTESIAN_POINT('',(-6.002221399786,-0.789545457775,
    2.299774792705));
#886 = VECTOR('',#887,1.);
#887 = DIRECTION('',(0.,-0.62407609663,-0.781363568139));
#888 = ORIENTED_EDGE('',*,*,#889,.T.);
#889 = EDGE_CURVE('',#882,#890,#892,.T.);
#890 = VERTEX_POINT('',#891);
#891 = CARTESIAN_POINT('',(-6.002221399786,3.785042857143,8.048885714286
    ));
#892 = LINE('',#893,#894);
#893 = CARTESIAN_POINT('',(-6.002221399786,-2.073225990316,
    3.879978115861));
#894 = VECTOR('',#895,1.);
#895 = DIRECTION('',(0.,-0.81475641455,-0.579803401982));
#896 = ORIENTED_EDGE('',*,*,#897,.T.);
#897 = EDGE_CURVE('',#890,#898,#900,.T.);
#898 = VERTEX_POINT('',#899);
#899 = CARTESIAN_POINT('',(-6.002221399786,3.739542857143,8.026042857143
    ));
#900 = LINE('',#901,#902);
#901 = CARTESIAN_POINT('',(-6.002221399786,-2.361391231676,
    4.963124926838));
#902 = VECTOR('',#903,1.);
#903 = DIRECTION('',(0.,-0.893696452749,-0.448672096686));
#904 = ORIENTED_EDGE('',*,*,#905,.T.);
#905 = EDGE_CURVE('',#898,#906,#908,.T.);
#906 = VERTEX_POINT('',#907);
#907 = CARTESIAN_POINT('',(-6.002221399786,3.693857142857,8.008957142857
    ));
#908 = LINE('',#909,#910);
#909 = CARTESIAN_POINT('',(-6.002221399786,-2.365309333975,
    5.742927403554));
#910 = VECTOR('',#911,1.);
#911 = DIRECTION('',(0.,-0.9366417498,-0.350288784478));
#912 = ORIENTED_EDGE('',*,*,#913,.T.);
#913 = EDGE_CURVE('',#906,#914,#916,.T.);
#914 = VERTEX_POINT('',#915);
#915 = CARTESIAN_POINT('',(-6.002221399786,3.648171428571,8.0032));
#916 = LINE('',#917,#918);
#917 = CARTESIAN_POINT('',(-6.002221399786,-1.784051806141,
    7.318651543593));
#918 = VECTOR('',#919,1.);
#919 = DIRECTION('',(0.,-0.992153283358,-0.125027446277));
#920 = ORIENTED_EDGE('',*,*,#921,.T.);
#921 = EDGE_CURVE('',#914,#922,#924,.T.);
#922 = VERTEX_POINT('',#923);
#923 = CARTESIAN_POINT('',(-6.002221399786,2.455514285714,8.0032));
#924 = LINE('',#925,#926);
#925 = CARTESIAN_POINT('',(-6.002221399786,-1.773353557036,8.0032));
#926 = VECTOR('',#927,1.);
#927 = DIRECTION('',(0.,-1.,0.));
#928 = ORIENTED_EDGE('',*,*,#929,.T.);
#929 = EDGE_CURVE('',#922,#930,#932,.T.);
#930 = VERTEX_POINT('',#931);
#931 = CARTESIAN_POINT('',(-6.002221399786,2.403514285714,8.008957142857
    ));
#932 = LINE('',#933,#934);
#933 = CARTESIAN_POINT('',(-6.002221399786,-1.146415338051,
    8.401985065488));
#934 = VECTOR('',#935,1.);
#935 = DIRECTION('',(0.,-0.993926947812,0.110041912079));
#936 = ORIENTED_EDGE('',*,*,#937,.T.);
#937 = EDGE_CURVE('',#930,#938,#940,.T.);
#938 = VERTEX_POINT('',#939);
#939 = CARTESIAN_POINT('',(-6.002221399786,2.3517,8.020285714286));
#940 = LINE('',#941,#942);
#941 = CARTESIAN_POINT('',(-6.002221399786,-0.484935645946,8.64048203831
    ));
#942 = VECTOR('',#943,1.);
#943 = DIRECTION('',(0.,-0.97692285488,0.213592452142));
#944 = ORIENTED_EDGE('',*,*,#945,.T.);
#945 = EDGE_CURVE('',#938,#946,#948,.T.);
#946 = VERTEX_POINT('',#947);
#947 = CARTESIAN_POINT('',(-6.002221399786,2.294128571429,8.037371428571
    ));
#948 = LINE('',#949,#950);
#949 = CARTESIAN_POINT('',(-6.002221399786,-1.303928314312E-02,
    8.722079307993));
#950 = VECTOR('',#951,1.);
#951 = DIRECTION('',(0.,-0.958673228505,0.284509474266));
#952 = ORIENTED_EDGE('',*,*,#953,.T.);
#953 = EDGE_CURVE('',#946,#954,#956,.T.);
#954 = VERTEX_POINT('',#955);
#955 = CARTESIAN_POINT('',(-6.002221399786,2.242128571429,8.060214285714
    ));
#956 = LINE('',#957,#958);
#957 = CARTESIAN_POINT('',(-6.002221399786,0.823086040539,8.683579397498
    ));
#958 = VECTOR('',#959,1.);
#959 = DIRECTION('',(0.,-0.915555942631,0.402190646227));
#960 = ORIENTED_EDGE('',*,*,#961,.T.);
#961 = EDGE_CURVE('',#954,#962,#964,.T.);
#962 = VERTEX_POINT('',#963);
#963 = CARTESIAN_POINT('',(-6.002221399786,2.201828571429,8.083057142857
    ));
#964 = LINE('',#965,#966);
#965 = CARTESIAN_POINT('',(-6.002221399786,1.474525934776,8.495307024462
    ));
#966 = VECTOR('',#967,1.);
#967 = DIRECTION('',(0.,-0.869964859591,0.493113722256));
#968 = ORIENTED_EDGE('',*,*,#969,.T.);
#969 = EDGE_CURVE('',#962,#970,#972,.T.);
#970 = VERTEX_POINT('',#971);
#971 = CARTESIAN_POINT('',(-6.002221399786,2.150014285714,8.111657142857
    ));
#972 = LINE('',#973,#974);
#973 = CARTESIAN_POINT('',(-6.002221399786,1.376287623864,8.538732074488
    ));
#974 = VECTOR('',#975,1.);
#975 = DIRECTION('',(0.,-0.875486133048,0.483243241898));
#976 = ORIENTED_EDGE('',*,*,#977,.T.);
#977 = EDGE_CURVE('',#970,#978,#980,.T.);
#978 = VERTEX_POINT('',#979);
#979 = CARTESIAN_POINT('',(-6.002221399786,2.103957142857,8.145828571429
    ));
#980 = LINE('',#981,#982);
#981 = CARTESIAN_POINT('',(-6.002221399786,2.156620965659,8.106755412576
    ));
#982 = VECTOR('',#983,1.);
#983 = DIRECTION('',(0.,-0.803098028234,0.595846924173));
#984 = ORIENTED_EDGE('',*,*,#985,.T.);
#985 = EDGE_CURVE('',#978,#986,#988,.T.);
#986 = VERTEX_POINT('',#987);
#987 = CARTESIAN_POINT('',(-6.002221399786,2.069228571429,8.18));
#988 = LINE('',#989,#990);
#989 = CARTESIAN_POINT('',(-6.002221399786,2.813368825381,7.447797824988
    ));
#990 = VECTOR('',#991,1.);
#991 = DIRECTION('',(0.,-0.712801322013,0.701366006687));
#992 = ORIENTED_EDGE('',*,*,#993,.T.);
#993 = EDGE_CURVE('',#986,#994,#996,.T.);
#994 = VERTEX_POINT('',#995);
#995 = CARTESIAN_POINT('',(-6.002221399786,2.034685714286,8.225685714286
    ));
#996 = LINE('',#997,#998);
#997 = CARTESIAN_POINT('',(-6.002221399786,3.273213118948,6.587633340378
    ));
#998 = VECTOR('',#999,1.);
#999 = DIRECTION('',(0.,-0.603108274872,0.797659331282));
#1000 = ORIENTED_EDGE('',*,*,#1001,.T.);
#1001 = EDGE_CURVE('',#994,#1002,#1004,.T.);
#1002 = VERTEX_POINT('',#1003);
#1003 = CARTESIAN_POINT('',(-6.002221399786,2.006085714286,
    8.259857142857));
#1004 = LINE('',#1005,#1006);
#1005 = CARTESIAN_POINT('',(-6.002221399786,3.12758835865,6.919879957383
    ));
#1006 = VECTOR('',#1007,1.);
#1007 = DIRECTION('',(0.,-0.641822684199,0.766853077224));
#1008 = ORIENTED_EDGE('',*,*,#1009,.T.);
#1009 = EDGE_CURVE('',#1002,#1010,#1012,.T.);
#1010 = VERTEX_POINT('',#1011);
#1011 = CARTESIAN_POINT('',(-6.002221399786,1.982871428571,
    8.305542857143));
#1012 = LINE('',#1013,#1014);
#1013 = CARTESIAN_POINT('',(-6.002221399786,3.446461133291,
    5.425198318255));
#1014 = VECTOR('',#1015,1.);
#1015 = DIRECTION('',(0.,-0.453002631496,0.891509178785));
#1016 = ORIENTED_EDGE('',*,*,#1017,.T.);
#1017 = EDGE_CURVE('',#1010,#1018,#1020,.T.);
#1018 = VERTEX_POINT('',#1019);
#1019 = CARTESIAN_POINT('',(-6.002221399786,1.965414285714,
    8.345471428571));
#1020 = LINE('',#1021,#1022);
#1021 = CARTESIAN_POINT('',(-6.002221399786,3.408268108332,
    5.045327047051));
#1022 = VECTOR('',#1023,1.);
#1023 = DIRECTION('',(0.,-0.40059526003,0.916255116025));
#1024 = ORIENTED_EDGE('',*,*,#1025,.T.);
#1025 = EDGE_CURVE('',#1018,#1026,#1028,.T.);
#1026 = VERTEX_POINT('',#1027);
#1027 = CARTESIAN_POINT('',(-6.002221399786,1.948328571429,8.3854));
#1028 = LINE('',#1029,#1030);
#1029 = CARTESIAN_POINT('',(-6.002221399786,3.392035322728,
    5.011520092072));
#1030 = VECTOR('',#1031,1.);
#1031 = DIRECTION('',(0.,-0.393403152889,0.919366063816));
#1032 = ORIENTED_EDGE('',*,*,#1033,.T.);
#1033 = EDGE_CURVE('',#1026,#1034,#1036,.T.);
#1034 = VERTEX_POINT('',#1035);
#1035 = CARTESIAN_POINT('',(-6.002221399786,1.931057142857,
    8.436842857143));
#1036 = LINE('',#1037,#1038);
#1037 = CARTESIAN_POINT('',(-6.002221399786,3.254639229153,
    4.494560729143));
#1038 = VECTOR('',#1039,1.);
#1039 = DIRECTION('',(0.,-0.318280447487,0.947996601654));
#1040 = ORIENTED_EDGE('',*,*,#1041,.T.);
#1041 = EDGE_CURVE('',#1034,#1042,#1044,.T.);
#1042 = VERTEX_POINT('',#1043);
#1043 = CARTESIAN_POINT('',(-6.002221399786,1.919542857143,
    8.482342857143));
#1044 = LINE('',#1045,#1046);
#1045 = CARTESIAN_POINT('',(-6.002221399786,3.046580435595,4.02872661971
    ));
#1046 = VECTOR('',#1047,1.);
#1047 = DIRECTION('',(0.,-0.245327724869,0.969440203112));
#1048 = ORIENTED_EDGE('',*,*,#1049,.T.);
#1049 = EDGE_CURVE('',#1042,#1050,#1052,.T.);
#1050 = VERTEX_POINT('',#1051);
#1051 = CARTESIAN_POINT('',(-6.002221399786,1.919542857143,
    9.731828571429));
#1052 = LINE('',#1053,#1054);
#1053 = CARTESIAN_POINT('',(-6.002221399786,1.919542857143,
    3.365914285714));
#1054 = VECTOR('',#1055,1.);
#1055 = DIRECTION('',(0.,0.,1.));
#1056 = ORIENTED_EDGE('',*,*,#1057,.T.);
#1057 = EDGE_CURVE('',#1050,#1058,#1060,.T.);
#1058 = VERTEX_POINT('',#1059);
#1059 = CARTESIAN_POINT('',(-6.002221399786,1.9253,9.777514285714));
#1060 = LINE('',#1061,#1062);
#1061 = CARTESIAN_POINT('',(-6.002221399786,1.070836769783,
    2.996935103995));
#1062 = VECTOR('',#1063,1.);
#1063 = DIRECTION('',(0.,0.125027446277,0.992153283358));
#1064 = ORIENTED_EDGE('',*,*,#1065,.T.);
#1065 = EDGE_CURVE('',#1058,#1066,#1068,.T.);
#1066 = VERTEX_POINT('',#1067);
#1067 = CARTESIAN_POINT('',(-6.002221399786,1.930871428571,
    9.828771428571));
#1068 = LINE('',#1069,#1070);
#1069 = CARTESIAN_POINT('',(-6.002221399786,1.195480314774,
    3.063173181636));
#1070 = VECTOR('',#1071,1.);
#1071 = DIRECTION('',(0.,0.108059180768,0.994144463069));
#1072 = ORIENTED_EDGE('',*,*,#1073,.T.);
#1073 = EDGE_CURVE('',#1066,#1074,#1076,.T.);
#1074 = VERTEX_POINT('',#1075);
#1075 = CARTESIAN_POINT('',(-6.002221399786,1.942385714286,
    9.874457142857));
#1076 = LINE('',#1077,#1078);
#1077 = CARTESIAN_POINT('',(-6.002221399786,0.179642627824,
    2.880347477219));
#1078 = VECTOR('',#1079,1.);
#1079 = DIRECTION('',(0.,0.244390135281,0.969676988372));
#1080 = ORIENTED_EDGE('',*,*,#1081,.T.);
#1081 = EDGE_CURVE('',#1074,#1082,#1084,.T.);
#1082 = VERTEX_POINT('',#1083);
#1083 = CARTESIAN_POINT('',(-6.002221399786,1.959471428571,
    9.920142857143));
#1084 = LINE('',#1085,#1086);
#1085 = CARTESIAN_POINT('',(-6.002221399786,-0.648505095364,
    2.946640412708));
#1086 = VECTOR('',#1087,1.);
#1087 = DIRECTION('',(0.,0.350288784478,0.9366417498));
#1088 = ORIENTED_EDGE('',*,*,#1089,.T.);
#1089 = EDGE_CURVE('',#1082,#1090,#1092,.T.);
#1090 = VERTEX_POINT('',#1091);
#1091 = CARTESIAN_POINT('',(-6.002221399786,1.988071428571,
    9.982914285714));
#1092 = LINE('',#1093,#1094);
#1093 = CARTESIAN_POINT('',(-6.002221399786,-1.147926103747,
    3.100010610885));
#1094 = VECTOR('',#1095,1.);
#1095 = DIRECTION('',(0.,0.414614157948,0.909997307704));
#1096 = ORIENTED_EDGE('',*,*,#1097,.T.);
#1097 = EDGE_CURVE('',#1090,#1098,#1100,.T.);
#1098 = VERTEX_POINT('',#1099);
#1099 = CARTESIAN_POINT('',(-6.002221399786,2.022242857143,
    10.039928571429));
#1100 = LINE('',#1101,#1102);
#1101 = CARTESIAN_POINT('',(-6.002221399786,-1.913106063764,
    3.47388444796));
#1102 = VECTOR('',#1103,1.);
#1103 = DIRECTION('',(0.,0.514084822946,0.857739351328));
#1104 = ORIENTED_EDGE('',*,*,#1105,.T.);
#1105 = EDGE_CURVE('',#1098,#1106,#1108,.T.);
#1106 = VERTEX_POINT('',#1107);
#1107 = CARTESIAN_POINT('',(-6.002221399786,2.062171428571,
    10.096942857143));
#1108 = LINE('',#1109,#1110);
#1109 = CARTESIAN_POINT('',(-6.002221399786,-2.341633801494,
    3.808718644909));
#1110 = VECTOR('',#1111,1.);
#1111 = DIRECTION('',(0.,0.573641397746,0.819106553991));
#1112 = ORIENTED_EDGE('',*,*,#1113,.T.);
#1113 = EDGE_CURVE('',#1106,#1114,#1116,.T.);
#1114 = VERTEX_POINT('',#1115);
#1115 = CARTESIAN_POINT('',(-6.002221399786,2.107857142857,
    10.142628571429));
#1116 = LINE('',#1117,#1118);
#1117 = CARTESIAN_POINT('',(-6.002221399786,-3.205319635661,
    4.829451792911));
#1118 = VECTOR('',#1119,1.);
#1119 = DIRECTION('',(0.,0.707106781187,0.707106781187));
#1120 = ORIENTED_EDGE('',*,*,#1121,.T.);
#1121 = EDGE_CURVE('',#1114,#1122,#1124,.T.);
#1122 = VERTEX_POINT('',#1123);
#1123 = CARTESIAN_POINT('',(-6.002221399786,2.164871428571,
    10.182557142857));
#1124 = LINE('',#1125,#1126);
#1125 = CARTESIAN_POINT('',(-6.002221399786,-3.67199167846,
    6.094851709594));
#1126 = VECTOR('',#1127,1.);
#1127 = DIRECTION('',(0.,0.819106553991,0.573641397746));
#1128 = ORIENTED_EDGE('',*,*,#1129,.T.);
#1129 = EDGE_CURVE('',#1122,#1130,#1132,.T.);
#1130 = VERTEX_POINT('',#1131);
#1131 = CARTESIAN_POINT('',(-6.002221399786,2.2217,10.216728571429));
#1132 = LINE('',#1133,#1134);
#1133 = CARTESIAN_POINT('',(-6.002221399786,-3.716750215214,
    6.64589576228));
#1134 = VECTOR('',#1135,1.);
#1135 = DIRECTION('',(0.,0.856998298068,0.515319238054));
#1136 = ORIENTED_EDGE('',*,*,#1137,.T.);
#1137 = EDGE_CURVE('',#1130,#1138,#1140,.T.);
#1138 = VERTEX_POINT('',#1139);
#1139 = CARTESIAN_POINT('',(-6.002221399786,2.284471428571,
    10.245328571429));
#1140 = LINE('',#1141,#1142);
#1141 = CARTESIAN_POINT('',(-6.002221399786,-3.645329884428,
    7.543584777932));
#1142 = VECTOR('',#1143,1.);
#1143 = DIRECTION('',(0.,0.909997307704,0.414614157948));
#1144 = ORIENTED_EDGE('',*,*,#1145,.T.);
#1145 = EDGE_CURVE('',#1138,#1146,#1148,.T.);
#1146 = VERTEX_POINT('',#1147);
#1147 = CARTESIAN_POINT('',(-6.002221399786,2.341485714286,
    10.268171428571));
#1148 = LINE('',#1149,#1150);
#1149 = CARTESIAN_POINT('',(-6.002221399786,-3.543635028041,
    7.91028917676));
#1150 = VECTOR('',#1151,1.);
#1151 = DIRECTION('',(0.,0.928268015265,0.371911940969));
#1152 = ORIENTED_EDGE('',*,*,#1153,.T.);
#1153 = EDGE_CURVE('',#1146,#1154,#1156,.T.);
#1154 = VERTEX_POINT('',#1155);
#1155 = CARTESIAN_POINT('',(-6.002221399786,2.415771428571,10.2795));
#1156 = LINE('',#1157,#1158);
#1157 = CARTESIAN_POINT('',(-6.002221399786,-2.687112906783,
    9.501310138858));
#1158 = VECTOR('',#1159,1.);
#1159 = DIRECTION('',(0.,0.988570842591,0.150757053495));
#1160 = ORIENTED_EDGE('',*,*,#1161,.T.);
#1161 = EDGE_CURVE('',#1154,#1162,#1164,.T.);
#1162 = VERTEX_POINT('',#1163);
#1163 = CARTESIAN_POINT('',(-6.002221399786,2.478542857143,
    10.285257142857));
#1164 = LINE('',#1165,#1166);
#1165 = CARTESIAN_POINT('',(-6.002221399786,-2.330620617148,
    9.844180019475));
#1166 = VECTOR('',#1167,1.);
#1167 = DIRECTION('',(0.,0.995820439719,9.133264387955E-02));
#1168 = ORIENTED_EDGE('',*,*,#1169,.T.);
#1169 = EDGE_CURVE('',#1162,#1170,#1172,.T.);
#1170 = VERTEX_POINT('',#1171);
#1171 = CARTESIAN_POINT('',(-6.002221399786,3.345828571429,
    10.285257142857));
#1172 = LINE('',#1173,#1174);
#1173 = CARTESIAN_POINT('',(-6.002221399786,-1.328196414179,
    10.285257142857));
#1174 = VECTOR('',#1175,1.);
#1175 = DIRECTION('',(0.,1.,0.));
#1176 = ORIENTED_EDGE('',*,*,#1177,.T.);
#1177 = EDGE_CURVE('',#1170,#1178,#1180,.T.);
#1178 = VERTEX_POINT('',#1179);
#1179 = CARTESIAN_POINT('',(-6.002221399786,3.345828571429,
    11.426285714286));
#1180 = LINE('',#1181,#1182);
#1181 = CARTESIAN_POINT('',(-6.002221399786,3.345828571429,
    4.213142857143));
#1182 = VECTOR('',#1183,1.);
#1183 = DIRECTION('',(0.,0.,1.));
#1184 = ORIENTED_EDGE('',*,*,#1185,.T.);
#1185 = EDGE_CURVE('',#1178,#1186,#1188,.T.);
#1186 = VERTEX_POINT('',#1187);
#1187 = CARTESIAN_POINT('',(-6.002221399786,2.0358,11.426285714286));
#1188 = LINE('',#1189,#1190);
#1189 = CARTESIAN_POINT('',(-6.002221399786,-1.983210699893,
    11.426285714286));
#1190 = VECTOR('',#1191,1.);
#1191 = DIRECTION('',(0.,-1.,0.));
#1192 = ORIENTED_EDGE('',*,*,#1193,.T.);
#1193 = EDGE_CURVE('',#1186,#1194,#1196,.T.);
#1194 = VERTEX_POINT('',#1195);
#1195 = CARTESIAN_POINT('',(-6.002221399786,2.008128571429,
    11.437614285714));
#1196 = LINE('',#1197,#1198);
#1197 = CARTESIAN_POINT('',(-6.002221399786,1.109002279706,
    11.805712968903));
#1198 = VECTOR('',#1199,1.);
#1199 = DIRECTION('',(0.,-0.925447987364,0.378874679391));
#1200 = ORIENTED_EDGE('',*,*,#1201,.T.);
#1201 = EDGE_CURVE('',#1194,#1202,#1204,.T.);
#1202 = VERTEX_POINT('',#1203);
#1203 = CARTESIAN_POINT('',(-6.002221399786,1.991414285714,
    11.443371428571));
#1204 = LINE('',#1205,#1206);
#1205 = CARTESIAN_POINT('',(-6.002221399786,0.642145840353,
    11.90811944864));
#1206 = VECTOR('',#1207,1.);
#1207 = DIRECTION('',(0.,-0.945484566827,0.325666906351));
#1208 = ORIENTED_EDGE('',*,*,#1209,.T.);
#1209 = EDGE_CURVE('',#1202,#1210,#1212,.T.);
#1210 = VERTEX_POINT('',#1211);
#1211 = CARTESIAN_POINT('',(-6.002221399786,1.974885714286,
    11.454885714286));
#1212 = LINE('',#1213,#1214);
#1213 = CARTESIAN_POINT('',(-6.002221399786,2.679322345007,
    10.964154578278));
#1214 = VECTOR('',#1215,1.);
#1215 = DIRECTION('',(0.,-0.820529200148,0.571604611339));
#1216 = ORIENTED_EDGE('',*,*,#1217,.T.);
#1217 = EDGE_CURVE('',#1210,#1218,#1220,.T.);
#1218 = VERTEX_POINT('',#1219);
#1219 = CARTESIAN_POINT('',(-6.002221399786,1.958357142857,
    11.466214285714));
#1220 = LINE('',#1221,#1222);
#1221 = CARTESIAN_POINT('',(-6.002221399786,2.623248687303,
    11.010502103566));
#1222 = VECTOR('',#1223,1.);
#1223 = DIRECTION('',(0.,-0.824852336949,0.565348230943));
#1224 = ORIENTED_EDGE('',*,*,#1225,.T.);
#1225 = EDGE_CURVE('',#1218,#1226,#1228,.T.);
#1226 = VERTEX_POINT('',#1227);
#1227 = CARTESIAN_POINT('',(-6.002221399786,1.936071428571,
    11.500385714286));
#1228 = LINE('',#1229,#1230);
#1229 = CARTESIAN_POINT('',(-6.002221399786,4.069040384174,
    8.229833315696));
#1230 = VECTOR('',#1231,1.);
#1231 = DIRECTION('',(0.,-0.546267780547,0.837610596839));
#1232 = ORIENTED_EDGE('',*,*,#1233,.T.);
#1233 = EDGE_CURVE('',#1226,#1234,#1236,.T.);
#1234 = VERTEX_POINT('',#1235);
#1235 = CARTESIAN_POINT('',(-6.002221399786,1.9305,11.517657142857));
#1236 = LINE('',#1237,#1238);
#1237 = CARTESIAN_POINT('',(-6.002221399786,3.677531844631,
    6.101858424501));
#1238 = VECTOR('',#1239,1.);
#1239 = DIRECTION('',(0.,-0.307002779923,0.951708617761));
#1240 = ORIENTED_EDGE('',*,*,#1241,.T.);
#1241 = EDGE_CURVE('',#1234,#1242,#1244,.T.);
#1242 = VERTEX_POINT('',#1243);
#1243 = CARTESIAN_POINT('',(-6.002221399786,1.925114285714,
    11.540314285714));
#1244 = LINE('',#1245,#1246);
#1245 = CARTESIAN_POINT('',(-6.002221399786,3.348858089573,
    5.550771386723));
#1246 = VECTOR('',#1247,1.);
#1247 = DIRECTION('',(0.,-0.23126114462,0.972891711851));
#1248 = ORIENTED_EDGE('',*,*,#1249,.T.);
#1249 = EDGE_CURVE('',#1242,#1250,#1252,.T.);
#1250 = VERTEX_POINT('',#1251);
#1251 = CARTESIAN_POINT('',(-6.002221399786,1.919542857143,
    11.557585714286));
#1252 = LINE('',#1253,#1254);
#1253 = CARTESIAN_POINT('',(-6.002221399786,3.672924169931,
    6.122103644644));
#1254 = VECTOR('',#1255,1.);
#1255 = DIRECTION('',(0.,-0.307002779923,0.951708617761));
#1256 = ORIENTED_EDGE('',*,*,#1257,.T.);
#1257 = EDGE_CURVE('',#1250,#1258,#1260,.T.);
#1258 = VERTEX_POINT('',#1259);
#1259 = CARTESIAN_POINT('',(-6.002221399786,1.919542857143,
    11.871257142857));
#1260 = LINE('',#1261,#1262);
#1261 = CARTESIAN_POINT('',(-6.002221399786,1.919542857143,
    4.435628571429));
#1262 = VECTOR('',#1263,1.);
#1263 = DIRECTION('',(0.,0.,1.));
#1264 = ORIENTED_EDGE('',*,*,#1265,.T.);
#1265 = EDGE_CURVE('',#1258,#1266,#1268,.T.);
#1266 = VERTEX_POINT('',#1267);
#1267 = CARTESIAN_POINT('',(-6.002221399786,1.925114285714,11.8941));
#1268 = LINE('',#1269,#1270);
#1269 = CARTESIAN_POINT('',(-6.002221399786,-1.180726637724E-02,
    3.952721636425));
#1270 = VECTOR('',#1271,1.);
#1271 = DIRECTION('',(0.,0.236956180191,0.971520338783));
#1272 = ORIENTED_EDGE('',*,*,#1273,.T.);
#1273 = EDGE_CURVE('',#1266,#1274,#1276,.T.);
#1274 = VERTEX_POINT('',#1275);
#1275 = CARTESIAN_POINT('',(-6.002221399786,1.936071428571,11.9227));
#1276 = LINE('',#1277,#1278);
#1277 = CARTESIAN_POINT('',(-6.002221399786,-1.064642796077,
    4.090327278037));
#1278 = VECTOR('',#1279,1.);
#1279 = DIRECTION('',(0.,0.357759776872,0.933813654886));
#1280 = ORIENTED_EDGE('',*,*,#1281,.T.);
#1281 = EDGE_CURVE('',#1274,#1282,#1284,.T.);
#1282 = VERTEX_POINT('',#1283);
#1283 = CARTESIAN_POINT('',(-6.002221399786,1.947214285714,
    11.939785714286));
#1284 = LINE('',#1285,#1286);
#1285 = CARTESIAN_POINT('',(-6.002221399786,-2.65679705425,
    4.880301659674));
#1286 = VECTOR('',#1287,1.);
#1287 = DIRECTION('',(0.,0.546267780547,0.837610596839));
#1288 = ORIENTED_EDGE('',*,*,#1289,.T.);
#1289 = EDGE_CURVE('',#1282,#1290,#1292,.T.);
#1290 = VERTEX_POINT('',#1291);
#1291 = CARTESIAN_POINT('',(-6.002221399786,1.963742857143,
    11.962628571429));
#1292 = LINE('',#1293,#1294);
#1293 = CARTESIAN_POINT('',(-6.002221399786,-2.958042345689,5.1606108192
    ));
#1294 = VECTOR('',#1295,1.);
#1295 = DIRECTION('',(0.,0.586211780526,0.810157853985));
#1296 = ORIENTED_EDGE('',*,*,#1297,.T.);
#1297 = EDGE_CURVE('',#1290,#1298,#1300,.T.);
#1298 = VERTEX_POINT('',#1299);
#1299 = CARTESIAN_POINT('',(-6.002221399786,1.985842857143,
    11.973957142857));
#1300 = LINE('',#1301,#1302);
#1301 = CARTESIAN_POINT('',(-6.002221399786,-4.216341821371,
    8.794686005132));
#1302 = VECTOR('',#1303,1.);
#1303 = DIRECTION('',(0.,0.889895306309,0.456164820881));
#1304 = ORIENTED_EDGE('',*,*,#1305,.T.);
#1305 = EDGE_CURVE('',#1298,#1306,#1308,.T.);
#1306 = VERTEX_POINT('',#1307);
#1307 = CARTESIAN_POINT('',(-6.002221399786,2.002557142857,
    11.985471428571));
#1308 = LINE('',#1309,#1310);
#1309 = CARTESIAN_POINT('',(-6.002221399786,-4.212179828293,
    7.704208181779));
#1310 = VECTOR('',#1311,1.);
#1311 = DIRECTION('',(0.,0.82350760101,0.567305236251));
#1312 = ORIENTED_EDGE('',*,*,#1313,.T.);
#1313 = EDGE_CURVE('',#1306,#1314,#1316,.T.);
#1314 = VERTEX_POINT('',#1315);
#1315 = CARTESIAN_POINT('',(-6.002221399786,2.030042857143,11.9968));
#1316 = LINE('',#1317,#1318);
#1317 = CARTESIAN_POINT('',(-6.002221399786,-4.044685468394,
    9.493026838799));
#1318 = VECTOR('',#1319,1.);
#1319 = DIRECTION('',(0.,0.924548670381,0.381063979008));
#1320 = ORIENTED_EDGE('',*,*,#1321,.T.);
#1321 = EDGE_CURVE('',#1314,#1322,#1324,.T.);
#1322 = VERTEX_POINT('',#1323);
#1323 = CARTESIAN_POINT('',(-6.002221399786,3.802314285714,11.9968));
#1324 = LINE('',#1325,#1326);
#1325 = CARTESIAN_POINT('',(-6.002221399786,-1.099953557036,11.9968));
#1326 = VECTOR('',#1327,1.);
#1327 = DIRECTION('',(0.,1.,0.));
#1328 = ORIENTED_EDGE('',*,*,#1329,.T.);
#1329 = EDGE_CURVE('',#1322,#1330,#1332,.T.);
#1330 = VERTEX_POINT('',#1331);
#1331 = CARTESIAN_POINT('',(-6.002221399786,3.830728571429,
    11.985471428571));
#1332 = LINE('',#1333,#1334);
#1333 = CARTESIAN_POINT('',(-6.002221399786,2.166148382831,
    12.649127582195));
#1334 = VECTOR('',#1335,1.);
#1335 = DIRECTION('',(-0.,0.92889480482,-0.370343680353));
#1336 = ORIENTED_EDGE('',*,*,#1337,.T.);
#1337 = EDGE_CURVE('',#1330,#1338,#1340,.T.);
#1338 = VERTEX_POINT('',#1339);
#1339 = CARTESIAN_POINT('',(-6.002221399786,3.853571428571,11.9682));
#1340 = LINE('',#1341,#1342);
#1341 = CARTESIAN_POINT('',(-6.002221399786,4.318559024243,
    11.616624013028));
#1342 = VECTOR('',#1343,1.);
#1343 = DIRECTION('',(-0.,0.797659331282,-0.603108274872));
#1344 = ORIENTED_EDGE('',*,*,#1345,.T.);
#1345 = EDGE_CURVE('',#1338,#1346,#1348,.T.);
#1346 = VERTEX_POINT('',#1347);
#1347 = CARTESIAN_POINT('',(-6.002221399786,3.882171428571,
    11.951114285714));
#1348 = LINE('',#1349,#1350);
#1349 = CARTESIAN_POINT('',(-6.002221399786,3.531163455959,
    12.160807360262));
#1350 = VECTOR('',#1351,1.);
#1351 = DIRECTION('',(-0.,0.85847509595,-0.512855252126));
#1352 = ORIENTED_EDGE('',*,*,#1353,.T.);
#1353 = EDGE_CURVE('',#1346,#1354,#1356,.T.);
#1354 = VERTEX_POINT('',#1355);
#1355 = CARTESIAN_POINT('',(-6.002221399786,3.8935,11.928271428571));
#1356 = LINE('',#1357,#1358);
#1357 = CARTESIAN_POINT('',(-6.002221399786,5.887792870026,
    7.906992362782));
#1358 = VECTOR('',#1359,1.);
#1359 = DIRECTION('',(-0.,0.444297794845,-0.895879160097));
#1360 = ORIENTED_EDGE('',*,*,#1361,.T.);
#1361 = EDGE_CURVE('',#1354,#656,#1362,.T.);
#1362 = LINE('',#1363,#1364);
#1363 = CARTESIAN_POINT('',(-6.002221399786,5.896933969229,7.95371694123
    ));
#1364 = VECTOR('',#1365,1.);
#1365 = DIRECTION('',(-0.,0.450115207469,-0.892970492237));
#1366 = FACE_BOUND('',#1367,.F.);
#1367 = EDGE_LOOP('',(#1368,#1378,#1386,#1394,#1402,#1410,#1418,#1426,
    #1434,#1442,#1450,#1458,#1466,#1474,#1482,#1490,#1498,#1506,#1514,
    #1522,#1530,#1538,#1546,#1554,#1562,#1570,#1578,#1586,#1594,#1602,
    #1610,#1618,#1626,#1634,#1642,#1650,#1658,#1666,#1674,#1682,#1690,
    #1698,#1706,#1714,#1722,#1730,#1738,#1746,#1754,#1762,#1770,#1778,
    #1786,#1794,#1802,#1810,#1818,#1826));
#1368 = ORIENTED_EDGE('',*,*,#1369,.T.);
#1369 = EDGE_CURVE('',#1370,#1372,#1374,.T.);
#1370 = VERTEX_POINT('',#1371);
#1371 = CARTESIAN_POINT('',(-6.002221399786,0.356757142857,
    11.887414285714));
#1372 = VERTEX_POINT('',#1373);
#1373 = CARTESIAN_POINT('',(-6.002221399786,0.362514285714,
    11.858442857143));
#1374 = LINE('',#1375,#1376);
#1375 = CARTESIAN_POINT('',(-6.002221399786,1.661856473788,
    5.319817652645));
#1376 = VECTOR('',#1377,1.);
#1377 = DIRECTION('',(-0.,0.19490688626,-0.980821750212));
#1378 = ORIENTED_EDGE('',*,*,#1379,.T.);
#1379 = EDGE_CURVE('',#1372,#1380,#1382,.T.);
#1380 = VERTEX_POINT('',#1381);
#1381 = CARTESIAN_POINT('',(-6.002221399786,0.362514285714,
    8.122985714286));
#1382 = LINE('',#1383,#1384);
#1383 = CARTESIAN_POINT('',(-6.002221399786,0.362514285714,
    2.561492857143));
#1384 = VECTOR('',#1385,1.);
#1385 = DIRECTION('',(0.,-0.,-1.));
#1386 = ORIENTED_EDGE('',*,*,#1387,.T.);
#1387 = EDGE_CURVE('',#1380,#1388,#1390,.T.);
#1388 = VERTEX_POINT('',#1389);
#1389 = CARTESIAN_POINT('',(-6.002221399786,0.351185714286,
    8.094571428571));
#1390 = LINE('',#1391,#1392);
#1391 = CARTESIAN_POINT('',(-6.002221399786,-1.992836825602,
    2.215301779344));
#1392 = VECTOR('',#1393,1.);
#1393 = DIRECTION('',(0.,-0.370343680353,-0.92889480482));
#1394 = ORIENTED_EDGE('',*,*,#1395,.T.);
#1395 = EDGE_CURVE('',#1388,#1396,#1398,.T.);
#1396 = VERTEX_POINT('',#1397);
#1397 = CARTESIAN_POINT('',(-6.002221399786,0.339671428571,
    8.071728571429));
#1398 = LINE('',#1399,#1400);
#1399 = CARTESIAN_POINT('',(-6.002221399786,-2.527857115094,
    2.38292194448));
#1400 = VECTOR('',#1401,1.);
#1401 = DIRECTION('',(0.,-0.450115207469,-0.892970492237));
#1402 = ORIENTED_EDGE('',*,*,#1403,.T.);
#1403 = EDGE_CURVE('',#1396,#1404,#1406,.T.);
#1404 = VERTEX_POINT('',#1405);
#1405 = CARTESIAN_POINT('',(-6.002221399786,0.328342857143,
    8.048885714286));
#1406 = LINE('',#1407,#1408);
#1407 = CARTESIAN_POINT('',(-6.002221399786,-2.495418923078,
    2.35507097712));
#1408 = VECTOR('',#1409,1.);
#1409 = DIRECTION('',(0.,-0.444297794845,-0.895879160097));
#1410 = ORIENTED_EDGE('',*,*,#1411,.T.);
#1411 = EDGE_CURVE('',#1404,#1412,#1414,.T.);
#1412 = VERTEX_POINT('',#1413);
#1413 = CARTESIAN_POINT('',(-6.002221399786,0.3055,8.0318));
#1414 = LINE('',#1415,#1416);
#1415 = CARTESIAN_POINT('',(-6.002221399786,-4.362523690446,
    4.540270085195));
#1416 = VECTOR('',#1417,1.);
#1417 = DIRECTION('',(0.,-0.80078057117,-0.598957825591));
#1418 = ORIENTED_EDGE('',*,*,#1419,.T.);
#1419 = EDGE_CURVE('',#1412,#1420,#1422,.T.);
#1420 = VERTEX_POINT('',#1421);
#1421 = CARTESIAN_POINT('',(-6.002221399786,0.282657142857,
    8.014528571429));
#1422 = LINE('',#1423,#1424);
#1423 = CARTESIAN_POINT('',(-6.002221399786,-4.366159406058,
    4.499569717371));
#1424 = VECTOR('',#1425,1.);
#1425 = DIRECTION('',(0.,-0.797659331282,-0.603108274872));
#1426 = ORIENTED_EDGE('',*,*,#1427,.T.);
#1427 = EDGE_CURVE('',#1420,#1428,#1430,.T.);
#1428 = VERTEX_POINT('',#1429);
#1429 = CARTESIAN_POINT('',(-6.002221399786,0.254057142857,
    8.008957142857));
#1430 = LINE('',#1431,#1432);
#1431 = CARTESIAN_POINT('',(-6.002221399786,-3.792808390075,
    7.220606714364));
#1432 = VECTOR('',#1433,1.);
#1433 = DIRECTION('',(0.,-0.981548987081,-0.191210841639));
#1434 = ORIENTED_EDGE('',*,*,#1435,.T.);
#1435 = EDGE_CURVE('',#1428,#1436,#1438,.T.);
#1436 = VERTEX_POINT('',#1437);
#1437 = CARTESIAN_POINT('',(-6.002221399786,0.231214285714,8.0032));
#1438 = LINE('',#1439,#1440);
#1439 = CARTESIAN_POINT('',(-6.002221399786,-4.003119153873,
    6.936010271323));
#1440 = VECTOR('',#1441,1.);
#1441 = DIRECTION('',(0.,-0.969676988372,-0.244390135281));
#1442 = ORIENTED_EDGE('',*,*,#1443,.T.);
#1443 = EDGE_CURVE('',#1436,#1444,#1446,.T.);
#1444 = VERTEX_POINT('',#1445);
#1445 = CARTESIAN_POINT('',(-6.002221399786,-9.397142857143E-02,8.0032)
  );
#1446 = LINE('',#1447,#1448);
#1447 = CARTESIAN_POINT('',(-6.002221399786,-3.048096414179,8.0032));
#1448 = VECTOR('',#1449,1.);
#1449 = DIRECTION('',(0.,-1.,0.));
#1450 = ORIENTED_EDGE('',*,*,#1451,.T.);
#1451 = EDGE_CURVE('',#1444,#1452,#1454,.T.);
#1452 = VERTEX_POINT('',#1453);
#1453 = CARTESIAN_POINT('',(-6.002221399786,-0.128142857143,
    8.015085714286));
#1454 = LINE('',#1455,#1456);
#1455 = CARTESIAN_POINT('',(-6.002221399786,-1.03928263592,
    8.332003898208));
#1456 = VECTOR('',#1457,1.);
#1457 = DIRECTION('',(0.,-0.944496796706,0.328520624941));
#1458 = ORIENTED_EDGE('',*,*,#1459,.T.);
#1459 = EDGE_CURVE('',#1452,#1460,#1462,.T.);
#1460 = VERTEX_POINT('',#1461);
#1461 = CARTESIAN_POINT('',(-6.002221399786,-0.156742857143,
    8.032728571429));
#1462 = LINE('',#1463,#1464);
#1463 = CARTESIAN_POINT('',(-6.002221399786,0.19110005973,7.818150148682
    ));
#1464 = VECTOR('',#1465,1.);
#1465 = DIRECTION('',(0.,-0.851088556054,0.525022161202));
#1466 = ORIENTED_EDGE('',*,*,#1467,.T.);
#1467 = EDGE_CURVE('',#1460,#1468,#1470,.T.);
#1468 = VERTEX_POINT('',#1469);
#1469 = CARTESIAN_POINT('',(-6.002221399786,-0.1794,8.062628571429));
#1470 = LINE('',#1471,#1472);
#1471 = CARTESIAN_POINT('',(-6.002221399786,1.421203806955,
    5.950356334382));
#1472 = VECTOR('',#1473,1.);
#1473 = DIRECTION('',(0.,-0.603952995426,0.797019936586));
#1474 = ORIENTED_EDGE('',*,*,#1475,.T.);
#1475 = EDGE_CURVE('',#1468,#1476,#1478,.T.);
#1476 = VERTEX_POINT('',#1477);
#1477 = CARTESIAN_POINT('',(-6.002221399786,-0.190914285714,
    8.080457142857));
#1478 = LINE('',#1479,#1480);
#1479 = CARTESIAN_POINT('',(-6.002221399786,1.478772405243,
    5.495135814924));
#1480 = VECTOR('',#1481,1.);
#1481 = DIRECTION('',(0.,-0.542525431476,0.840039377769));
#1482 = ORIENTED_EDGE('',*,*,#1483,.T.);
#1483 = EDGE_CURVE('',#1476,#1484,#1486,.T.);
#1484 = VERTEX_POINT('',#1485);
#1485 = CARTESIAN_POINT('',(-6.002221399786,-0.202242857143,
    8.098285714286));
#1486 = LINE('',#1487,#1488);
#1487 = CARTESIAN_POINT('',(-6.002221399786,1.475496996984,
    5.457908238938));
#1488 = VECTOR('',#1489,1.);
#1489 = DIRECTION('',(0.,-0.536306481872,0.844023315733));
#1490 = ORIENTED_EDGE('',*,*,#1491,.T.);
#1491 = EDGE_CURVE('',#1484,#1492,#1494,.T.);
#1492 = VERTEX_POINT('',#1493);
#1493 = CARTESIAN_POINT('',(-6.002221399786,-0.208,8.122057142857));
#1494 = LINE('',#1495,#1496);
#1495 = CARTESIAN_POINT('',(-6.002221399786,0.903677024435,
    3.531906848414));
#1496 = VECTOR('',#1497,1.);
#1497 = DIRECTION('',(0.,-0.23538270084,0.971902764759));
#1498 = ORIENTED_EDGE('',*,*,#1499,.T.);
#1499 = EDGE_CURVE('',#1492,#1500,#1502,.T.);
#1500 = VERTEX_POINT('',#1501);
#1501 = CARTESIAN_POINT('',(-6.002221399786,-0.208,9.714742857143));
#1502 = LINE('',#1503,#1504);
#1503 = CARTESIAN_POINT('',(-6.002221399786,-0.208,3.357371428571));
#1504 = VECTOR('',#1505,1.);
#1505 = DIRECTION('',(0.,0.,1.));
#1506 = ORIENTED_EDGE('',*,*,#1507,.T.);
#1507 = EDGE_CURVE('',#1500,#1508,#1510,.T.);
#1508 = VERTEX_POINT('',#1509);
#1509 = CARTESIAN_POINT('',(-6.002221399786,-1.1037,9.714742857143));
#1510 = LINE('',#1511,#1512);
#1511 = CARTESIAN_POINT('',(-6.002221399786,-3.552960699893,
    9.714742857143));
#1512 = VECTOR('',#1513,1.);
#1513 = DIRECTION('',(0.,-1.,0.));
#1514 = ORIENTED_EDGE('',*,*,#1515,.T.);
#1515 = EDGE_CURVE('',#1508,#1516,#1518,.T.);
#1516 = VERTEX_POINT('',#1517);
#1517 = CARTESIAN_POINT('',(-6.002221399786,-1.126542857143,9.7205));
#1518 = LINE('',#1519,#1520);
#1519 = CARTESIAN_POINT('',(-6.002221399786,-1.911529624441,
    9.918342193384));
#1520 = VECTOR('',#1521,1.);
#1521 = DIRECTION('',(0.,-0.969676988372,0.244390135281));
#1522 = ORIENTED_EDGE('',*,*,#1523,.T.);
#1523 = EDGE_CURVE('',#1516,#1524,#1526,.T.);
#1524 = VERTEX_POINT('',#1525);
#1525 = CARTESIAN_POINT('',(-6.002221399786,-1.143628571429,
    9.738514285714));
#1526 = LINE('',#1527,#1528);
#1527 = CARTESIAN_POINT('',(-6.002221399786,0.886119422375,
    7.598453900943));
#1528 = VECTOR('',#1529,1.);
#1529 = DIRECTION('',(0.,-0.688159484156,0.725559456121));
#1530 = ORIENTED_EDGE('',*,*,#1531,.T.);
#1531 = EDGE_CURVE('',#1524,#1532,#1534,.T.);
#1532 = VERTEX_POINT('',#1533);
#1533 = CARTESIAN_POINT('',(-6.002221399786,-1.160714285714,9.7504));
#1534 = LINE('',#1535,#1536);
#1535 = CARTESIAN_POINT('',(-6.002221399786,0.196604145277,
    8.806178482789));
#1536 = VECTOR('',#1537,1.);
#1537 = DIRECTION('',(0.,-0.820905201785,0.571064488199));
#1538 = ORIENTED_EDGE('',*,*,#1539,.T.);
#1539 = EDGE_CURVE('',#1532,#1540,#1542,.T.);
#1540 = VERTEX_POINT('',#1541);
#1541 = CARTESIAN_POINT('',(-6.002221399786,-1.1778,9.768228571429));
#1542 = LINE('',#1543,#1544);
#1543 = CARTESIAN_POINT('',(-6.002221399786,0.856563461965,
    7.645414524161));
#1544 = VECTOR('',#1545,1.);
#1545 = DIRECTION('',(0.,-0.691905363236,0.721988205115));
#1546 = ORIENTED_EDGE('',*,*,#1547,.T.);
#1547 = EDGE_CURVE('',#1540,#1548,#1550,.T.);
#1548 = VERTEX_POINT('',#1549);
#1549 = CARTESIAN_POINT('',(-6.002221399786,-1.189314285714,
    9.785871428571));
#1550 = LINE('',#1551,#1552);
#1551 = CARTESIAN_POINT('',(-6.002221399786,1.017848965812,
    6.403927736716));
#1552 = VECTOR('',#1553,1.);
#1553 = DIRECTION('',(0.,-0.546536648242,0.837435186822));
#1554 = ORIENTED_EDGE('',*,*,#1555,.T.);
#1555 = EDGE_CURVE('',#1548,#1556,#1558,.T.);
#1556 = VERTEX_POINT('',#1557);
#1557 = CARTESIAN_POINT('',(-6.002221399786,-1.200642857143,
    9.809828571429));
#1558 = LINE('',#1559,#1560);
#1559 = CARTESIAN_POINT('',(-6.002221399786,0.835843422972,
    5.503160864301));
#1560 = VECTOR('',#1561,1.);
#1561 = DIRECTION('',(0.,-0.42748375785,0.904023028896));
#1562 = ORIENTED_EDGE('',*,*,#1563,.T.);
#1563 = EDGE_CURVE('',#1556,#1564,#1566,.T.);
#1564 = VERTEX_POINT('',#1565);
#1565 = CARTESIAN_POINT('',(-6.002221399786,-1.2064,9.8336));
#1566 = LINE('',#1567,#1568);
#1567 = CARTESIAN_POINT('',(-6.002221399786,0.128709265921,
    4.320890772971));
#1568 = VECTOR('',#1569,1.);
#1569 = DIRECTION('',(0.,-0.23538270084,0.971902764759));
#1570 = ORIENTED_EDGE('',*,*,#1571,.T.);
#1571 = EDGE_CURVE('',#1564,#1572,#1574,.T.);
#1572 = VERTEX_POINT('',#1573);
#1573 = CARTESIAN_POINT('',(-6.002221399786,-1.2064,10.171228571429));
#1574 = LINE('',#1575,#1576);
#1575 = CARTESIAN_POINT('',(-6.002221399786,-1.2064,3.585614285714));
#1576 = VECTOR('',#1577,1.);
#1577 = DIRECTION('',(0.,0.,1.));
#1578 = ORIENTED_EDGE('',*,*,#1579,.T.);
#1579 = EDGE_CURVE('',#1572,#1580,#1582,.T.);
#1580 = VERTEX_POINT('',#1581);
#1581 = CARTESIAN_POINT('',(-6.002221399786,-1.195071428571,10.2054));
#1582 = LINE('',#1583,#1584);
#1583 = CARTESIAN_POINT('',(-6.002221399786,-3.405264028338,
    3.538589535129));
#1584 = VECTOR('',#1585,1.);
#1585 = DIRECTION('',(0.,0.314679739965,0.949197904157));
#1586 = ORIENTED_EDGE('',*,*,#1587,.T.);
#1587 = EDGE_CURVE('',#1580,#1588,#1590,.T.);
#1588 = VERTEX_POINT('',#1589);
#1589 = CARTESIAN_POINT('',(-6.002221399786,-1.172228571429,10.234));
#1590 = LINE('',#1591,#1592);
#1591 = CARTESIAN_POINT('',(-6.002221399786,-5.339449442843,
    5.016503949611));
#1592 = VECTOR('',#1593,1.);
#1593 = DIRECTION('',(0.,0.62407609663,0.781363568139));
#1594 = ORIENTED_EDGE('',*,*,#1595,.T.);
#1595 = EDGE_CURVE('',#1588,#1596,#1598,.T.);
#1596 = VERTEX_POINT('',#1597);
#1597 = CARTESIAN_POINT('',(-6.002221399786,-1.149385714286,
    10.256657142857));
#1598 = LINE('',#1599,#1600);
#1599 = CARTESIAN_POINT('',(-6.002221399786,-5.686552078389,
    5.75637831017));
#1600 = VECTOR('',#1601,1.);
#1601 = DIRECTION('',(0.,0.709987017244,0.704214765071));
#1602 = ORIENTED_EDGE('',*,*,#1603,.T.);
#1603 = EDGE_CURVE('',#1596,#1604,#1606,.T.);
#1604 = VERTEX_POINT('',#1605);
#1605 = CARTESIAN_POINT('',(-6.002221399786,-1.120785714286,
    10.273928571429));
#1606 = LINE('',#1607,#1608);
#1607 = CARTESIAN_POINT('',(-6.002221399786,-5.84621957366,
    7.420257474533));
#1608 = VECTOR('',#1609,1.);
#1609 = DIRECTION('',(0.,0.856018035908,0.51694595675));
#1610 = ORIENTED_EDGE('',*,*,#1611,.T.);
#1611 = EDGE_CURVE('',#1604,#1612,#1614,.T.);
#1612 = VERTEX_POINT('',#1613);
#1613 = CARTESIAN_POINT('',(-6.002221399786,-1.092371428571,10.2795));
#1614 = LINE('',#1615,#1616);
#1615 = CARTESIAN_POINT('',(-6.002221399786,-4.710117592053,
    9.57013800716));
#1616 = VECTOR('',#1617,1.);
#1617 = DIRECTION('',(0.,0.981313749677,0.192414460721));
#1618 = ORIENTED_EDGE('',*,*,#1619,.T.);
#1619 = EDGE_CURVE('',#1612,#1620,#1622,.T.);
#1620 = VERTEX_POINT('',#1621);
#1621 = CARTESIAN_POINT('',(-6.002221399786,-1.069528571429,
    10.285257142857));
#1622 = LINE('',#1623,#1624);
#1623 = CARTESIAN_POINT('',(-6.002221399786,-4.962735385783,
    9.304042417288));
#1624 = VECTOR('',#1625,1.);
#1625 = DIRECTION('',(0.,0.969676988372,0.244390135281));
#1626 = ORIENTED_EDGE('',*,*,#1627,.T.);
#1627 = EDGE_CURVE('',#1620,#1628,#1630,.T.);
#1628 = VERTEX_POINT('',#1629);
#1629 = CARTESIAN_POINT('',(-6.002221399786,-0.208,10.285257142857));
#1630 = LINE('',#1631,#1632);
#1631 = CARTESIAN_POINT('',(-6.002221399786,-3.105110699893,
    10.285257142857));
#1632 = VECTOR('',#1633,1.);
#1633 = DIRECTION('',(0.,1.,0.));
#1634 = ORIENTED_EDGE('',*,*,#1635,.T.);
#1635 = EDGE_CURVE('',#1628,#1636,#1638,.T.);
#1636 = VERTEX_POINT('',#1637);
#1637 = CARTESIAN_POINT('',(-6.002221399786,-0.208,11.426285714286));
#1638 = LINE('',#1639,#1640);
#1639 = CARTESIAN_POINT('',(-6.002221399786,-0.208,4.213142857143));
#1640 = VECTOR('',#1641,1.);
#1641 = DIRECTION('',(0.,0.,1.));
#1642 = ORIENTED_EDGE('',*,*,#1643,.T.);
#1643 = EDGE_CURVE('',#1636,#1644,#1646,.T.);
#1644 = VERTEX_POINT('',#1645);
#1645 = CARTESIAN_POINT('',(-6.002221399786,-1.377628571429,
    11.426285714286));
#1646 = LINE('',#1647,#1648);
#1647 = CARTESIAN_POINT('',(-6.002221399786,-3.689924985607,
    11.426285714286));
#1648 = VECTOR('',#1649,1.);
#1649 = DIRECTION('',(0.,-1.,0.));
#1650 = ORIENTED_EDGE('',*,*,#1651,.T.);
#1651 = EDGE_CURVE('',#1644,#1652,#1654,.T.);
#1652 = VERTEX_POINT('',#1653);
#1653 = CARTESIAN_POINT('',(-6.002221399786,-1.4118,11.432228571429));
#1654 = LINE('',#1655,#1656);
#1655 = CARTESIAN_POINT('',(-6.002221399786,-2.421495313684,
    11.607827756417));
#1656 = VECTOR('',#1657,1.);
#1657 = DIRECTION('',(0.,-0.98521175482,0.171341174751));
#1658 = ORIENTED_EDGE('',*,*,#1659,.T.);
#1659 = EDGE_CURVE('',#1652,#1660,#1662,.T.);
#1660 = VERTEX_POINT('',#1661);
#1661 = CARTESIAN_POINT('',(-6.002221399786,-1.428885714286,11.4443));
#1662 = LINE('',#1663,#1664);
#1663 = CARTESIAN_POINT('',(-6.002221399786,0.449442000977,
    10.117220635956));
#1664 = VECTOR('',#1665,1.);
#1665 = DIRECTION('',(0.,-0.816721763686,0.577031680865));
#1666 = ORIENTED_EDGE('',*,*,#1667,.T.);
#1667 = EDGE_CURVE('',#1660,#1668,#1670,.T.);
#1668 = VERTEX_POINT('',#1669);
#1669 = CARTESIAN_POINT('',(-6.002221399786,-1.445971428571,
    11.456185714286));
#1670 = LINE('',#1671,#1672);
#1671 = CARTESIAN_POINT('',(-6.002221399786,0.407289786769,
    10.166960521005));
#1672 = VECTOR('',#1673,1.);
#1673 = DIRECTION('',(0.,-0.820905201785,0.571064488199));
#1674 = ORIENTED_EDGE('',*,*,#1675,.T.);
#1675 = EDGE_CURVE('',#1668,#1676,#1678,.T.);
#1676 = VERTEX_POINT('',#1677);
#1677 = CARTESIAN_POINT('',(-6.002221399786,-1.457485714286,11.4742));
#1678 = LINE('',#1679,#1680);
#1679 = CARTESIAN_POINT('',(-6.002221399786,1.167500131369,
    7.367367305991));
#1680 = VECTOR('',#1681,1.);
#1681 = DIRECTION('',(0.,-0.538560615351,0.842586769178));
#1682 = ORIENTED_EDGE('',*,*,#1683,.T.);
#1683 = EDGE_CURVE('',#1676,#1684,#1686,.T.);
#1684 = VERTEX_POINT('',#1685);
#1685 = CARTESIAN_POINT('',(-6.002221399786,-1.468814285714,11.4924));
#1686 = LINE('',#1687,#1688);
#1687 = CARTESIAN_POINT('',(-6.002221399786,1.149075370141,
    7.286610061085));
#1688 = VECTOR('',#1689,1.);
#1689 = DIRECTION('',(0.,-0.528440659826,0.848970240375));
#1690 = ORIENTED_EDGE('',*,*,#1691,.T.);
#1691 = EDGE_CURVE('',#1684,#1692,#1694,.T.);
#1692 = VERTEX_POINT('',#1693);
#1693 = CARTESIAN_POINT('',(-6.002221399786,-1.480328571429,
    11.510414285714));
#1694 = LINE('',#1695,#1696);
#1695 = CARTESIAN_POINT('',(-6.002221399786,1.156186764046,
    7.385543518924));
#1696 = VECTOR('',#1697,1.);
#1697 = DIRECTION('',(0.,-0.538560615351,0.842586769178));
#1698 = ORIENTED_EDGE('',*,*,#1699,.T.);
#1699 = EDGE_CURVE('',#1692,#1700,#1702,.T.);
#1700 = VERTEX_POINT('',#1701);
#1701 = CARTESIAN_POINT('',(-6.002221399786,-1.4859,11.528428571429));
#1702 = LINE('',#1703,#1704);
#1703 = CARTESIAN_POINT('',(-6.002221399786,0.367482378652,5.53582554712
    ));
#1704 = VECTOR('',#1705,1.);
#1705 = DIRECTION('',(0.,-0.295469722922,0.955352104115));
#1706 = ORIENTED_EDGE('',*,*,#1707,.T.);
#1707 = EDGE_CURVE('',#1700,#1708,#1710,.T.);
#1708 = VERTEX_POINT('',#1709);
#1709 = CARTESIAN_POINT('',(-6.002221399786,-1.491657142857,
    11.546257142857));
#1710 = LINE('',#1711,#1712);
#1711 = CARTESIAN_POINT('',(-6.002221399786,0.422217722341,
    5.619418850632));
#1712 = VECTOR('',#1713,1.);
#1713 = DIRECTION('',(0.,-0.307292390957,0.951615146191));
#1714 = ORIENTED_EDGE('',*,*,#1715,.T.);
#1715 = EDGE_CURVE('',#1708,#1716,#1718,.T.);
#1716 = VERTEX_POINT('',#1717);
#1717 = CARTESIAN_POINT('',(-6.002221399786,-1.491657142857,
    11.887228571429));
#1718 = LINE('',#1719,#1720);
#1719 = CARTESIAN_POINT('',(-6.002221399786,-1.491657142857,
    4.443614285714));
#1720 = VECTOR('',#1721,1.);
#1721 = DIRECTION('',(0.,0.,1.));
#1722 = ORIENTED_EDGE('',*,*,#1723,.T.);
#1723 = EDGE_CURVE('',#1716,#1724,#1726,.T.);
#1724 = VERTEX_POINT('',#1725);
#1725 = CARTESIAN_POINT('',(-6.002221399786,-1.480328571429,
    11.914528571429));
#1726 = LINE('',#1727,#1728);
#1727 = CARTESIAN_POINT('',(-6.002221399786,-4.452388202584,
    4.752352083235));
#1728 = VECTOR('',#1729,1.);
#1729 = DIRECTION('',(0.,0.383276542478,0.923633635153));
#1730 = ORIENTED_EDGE('',*,*,#1731,.T.);
#1731 = EDGE_CURVE('',#1724,#1732,#1734,.T.);
#1732 = VERTEX_POINT('',#1733);
#1733 = CARTESIAN_POINT('',(-6.002221399786,-1.463057142857,
    11.942014285714));
#1734 = LINE('',#1735,#1736);
#1735 = CARTESIAN_POINT('',(-6.002221399786,-5.471192453412,
    5.563476372144));
#1736 = VECTOR('',#1737,1.);
#1737 = DIRECTION('',(0.,0.532054374811,0.846710187871));
#1738 = ORIENTED_EDGE('',*,*,#1739,.T.);
#1739 = EDGE_CURVE('',#1732,#1740,#1742,.T.);
#1740 = VERTEX_POINT('',#1741);
#1741 = CARTESIAN_POINT('',(-6.002221399786,-1.434642857143,
    11.969314285714));
#1742 = LINE('',#1743,#1744);
#1743 = CARTESIAN_POINT('',(-6.002221399786,-6.361530920859,
    7.235637518615));
#1744 = VECTOR('',#1745,1.);
#1745 = DIRECTION('',(0.,0.721104710287,0.692826094198));
#1746 = ORIENTED_EDGE('',*,*,#1747,.T.);
#1747 = EDGE_CURVE('',#1740,#1748,#1750,.T.);
#1748 = VERTEX_POINT('',#1749);
#1749 = CARTESIAN_POINT('',(-6.002221399786,-1.4118,11.985842857143));
#1750 = LINE('',#1751,#1752);
#1751 = CARTESIAN_POINT('',(-6.002221399786,-6.476843538276,
    8.320892654651));
#1752 = VECTOR('',#1753,1.);
#1753 = DIRECTION('',(0.,0.810157853985,0.586211780526));
#1754 = ORIENTED_EDGE('',*,*,#1755,.T.);
#1755 = EDGE_CURVE('',#1748,#1756,#1758,.T.);
#1756 = VERTEX_POINT('',#1757);
#1757 = CARTESIAN_POINT('',(-6.002221399786,-1.377628571429,
    11.991228571429));
#1758 = LINE('',#1759,#1760);
#1759 = CARTESIAN_POINT('',(-6.002221399786,-4.786617971867,
    11.453942198533));
#1760 = VECTOR('',#1761,1.);
#1761 = DIRECTION('',(0.,0.987806455345,0.155686886984));
#1762 = ORIENTED_EDGE('',*,*,#1763,.T.);
#1763 = EDGE_CURVE('',#1756,#1764,#1766,.T.);
#1764 = VERTEX_POINT('',#1765);
#1765 = CARTESIAN_POINT('',(-6.002221399786,-1.349028571429,11.9968));
#1766 = LINE('',#1767,#1768);
#1767 = CARTESIAN_POINT('',(-6.002221399786,-4.997881697796,
    11.285984455902));
#1768 = VECTOR('',#1769,1.);
#1769 = DIRECTION('',(0.,0.981548987081,0.191210841639));
#1770 = ORIENTED_EDGE('',*,*,#1771,.T.);
#1771 = EDGE_CURVE('',#1764,#1772,#1774,.T.);
#1772 = VERTEX_POINT('',#1773);
#1773 = CARTESIAN_POINT('',(-6.002221399786,0.265571428571,11.9968));
#1774 = LINE('',#1775,#1776);
#1775 = CARTESIAN_POINT('',(-6.002221399786,-2.868324985607,11.9968));
#1776 = VECTOR('',#1777,1.);
#1777 = DIRECTION('',(0.,1.,0.));
#1778 = ORIENTED_EDGE('',*,*,#1779,.T.);
#1779 = EDGE_CURVE('',#1772,#1780,#1782,.T.);
#1780 = VERTEX_POINT('',#1781);
#1781 = CARTESIAN_POINT('',(-6.002221399786,0.282657142857,
    11.985285714286));
#1782 = LINE('',#1783,#1784);
#1783 = CARTESIAN_POINT('',(-6.002221399786,1.594034203686,
    11.101531608075));
#1784 = VECTOR('',#1785,1.);
#1785 = DIRECTION('',(-0.,0.829266427591,-0.558853462072));
#1786 = ORIENTED_EDGE('',*,*,#1787,.T.);
#1787 = EDGE_CURVE('',#1780,#1788,#1790,.T.);
#1788 = VERTEX_POINT('',#1789);
#1789 = CARTESIAN_POINT('',(-6.002221399786,0.299742857143,
    11.979528571429));
#1790 = LINE('',#1791,#1792);
#1791 = CARTESIAN_POINT('',(-6.002221399786,-0.26355740731,
    12.169336269233));
#1792 = VECTOR('',#1793,1.);
#1793 = DIRECTION('',(-0.,0.947648212829,-0.319316245627));
#1794 = ORIENTED_EDGE('',*,*,#1795,.T.);
#1795 = EDGE_CURVE('',#1788,#1796,#1798,.T.);
#1796 = VERTEX_POINT('',#1797);
#1797 = CARTESIAN_POINT('',(-6.002221399786,0.316828571429,
    11.968014285714));
#1798 = LINE('',#1799,#1800);
#1799 = CARTESIAN_POINT('',(-6.002221399786,1.612453958549,
    11.094875437872));
#1800 = VECTOR('',#1801,1.);
#1801 = DIRECTION('',(-0.,0.829266427591,-0.558853462072));
#1802 = ORIENTED_EDGE('',*,*,#1803,.T.);
#1803 = EDGE_CURVE('',#1796,#1804,#1806,.T.);
#1804 = VERTEX_POINT('',#1805);
#1805 = CARTESIAN_POINT('',(-6.002221399786,0.328342857143,
    11.950742857143));
#1806 = LINE('',#1807,#1808);
#1807 = CARTESIAN_POINT('',(-6.002221399786,2.80458132311,8.236385158192
    ));
#1808 = VECTOR('',#1809,1.);
#1809 = DIRECTION('',(-0.,0.554700196225,-0.832050294338));
#1810 = ORIENTED_EDGE('',*,*,#1811,.T.);
#1811 = EDGE_CURVE('',#1804,#1812,#1814,.T.);
#1812 = VERTEX_POINT('',#1813);
#1813 = CARTESIAN_POINT('',(-6.002221399786,0.339671428571,
    11.933285714286));
#1814 = LINE('',#1815,#1816);
#1815 = CARTESIAN_POINT('',(-6.002221399786,2.809579729575,8.12719751274
    ));
#1816 = VECTOR('',#1817,1.);
#1817 = DIRECTION('',(-0.,0.544360855445,-0.838851154293));
#1818 = ORIENTED_EDGE('',*,*,#1819,.T.);
#1819 = EDGE_CURVE('',#1812,#1820,#1822,.T.);
#1820 = VERTEX_POINT('',#1821);
#1821 = CARTESIAN_POINT('',(-6.002221399786,0.351185714286,
    11.921957142857));
#1822 = LINE('',#1823,#1824);
#1823 = CARTESIAN_POINT('',(-6.002221399786,2.467004945468,
    9.840264028306));
#1824 = VECTOR('',#1825,1.);
#1825 = DIRECTION('',(-0.,0.712832058729,-0.70133476746));
#1826 = ORIENTED_EDGE('',*,*,#1827,.T.);
#1827 = EDGE_CURVE('',#1820,#1370,#1828,.T.);
#1828 = LINE('',#1829,#1830);
#1829 = CARTESIAN_POINT('',(-6.002221399786,1.446298091498,
    5.132260404141));
#1830 = VECTOR('',#1831,1.);
#1831 = DIRECTION('',(-0.,0.159232438825,-0.987241120713));
#1832 = FACE_BOUND('',#1833,.F.);
#1833 = EDGE_LOOP('',(#1834,#1844,#1852,#1860,#1868,#1876,#1884,#1892,
    #1900,#1908,#1916,#1924,#1932,#1940,#1948,#1956,#1964,#1972,#1980,
    #1988,#1996,#2004,#2012,#2020,#2028,#2036,#2044,#2052,#2060,#2068,
    #2076,#2084,#2092,#2100,#2108,#2116,#2124,#2132,#2140,#2148,#2156,
    #2164,#2172,#2180,#2188,#2196,#2204,#2212,#2220,#2228,#2236,#2244,
    #2252,#2260,#2268,#2276,#2284,#2292,#2300,#2308,#2316,#2324,#2332,
    #2340,#2348,#2356,#2364,#2372,#2380,#2388,#2396,#2404,#2412,#2420,
    #2428,#2436,#2444,#2452,#2460,#2468,#2476,#2484,#2492));
#1834 = ORIENTED_EDGE('',*,*,#1835,.T.);
#1835 = EDGE_CURVE('',#1836,#1838,#1840,.T.);
#1836 = VERTEX_POINT('',#1837);
#1837 = CARTESIAN_POINT('',(-6.002221399786,-2.290414285714,
    11.432042857143));
#1838 = VERTEX_POINT('',#1839);
#1839 = CARTESIAN_POINT('',(-6.002221399786,-2.324585714286,
    11.426285714286));
#1840 = LINE('',#1841,#1842);
#1841 = CARTESIAN_POINT('',(-6.002221399786,-5.294364378194,
    10.925942569823));
#1842 = VECTOR('',#1843,1.);
#1843 = DIRECTION('',(0.,-0.98610270304,-0.166136868447));
#1844 = ORIENTED_EDGE('',*,*,#1845,.T.);
#1845 = EDGE_CURVE('',#1838,#1846,#1848,.T.);
#1846 = VERTEX_POINT('',#1847);
#1847 = CARTESIAN_POINT('',(-6.002221399786,-2.775314285714,
    11.426285714286));
#1848 = LINE('',#1849,#1850);
#1849 = CARTESIAN_POINT('',(-6.002221399786,-4.38876784275,
    11.426285714286));
#1850 = VECTOR('',#1851,1.);
#1851 = DIRECTION('',(0.,-1.,0.));
#1852 = ORIENTED_EDGE('',*,*,#1853,.T.);
#1853 = EDGE_CURVE('',#1846,#1854,#1856,.T.);
#1854 = VERTEX_POINT('',#1855);
#1855 = CARTESIAN_POINT('',(-6.002221399786,-2.775314285714,
    8.573714285714));
#1856 = LINE('',#1857,#1858);
#1857 = CARTESIAN_POINT('',(-6.002221399786,-2.775314285714,
    2.786857142857));
#1858 = VECTOR('',#1859,1.);
#1859 = DIRECTION('',(0.,-0.,-1.));
#1860 = ORIENTED_EDGE('',*,*,#1861,.T.);
#1861 = EDGE_CURVE('',#1854,#1862,#1864,.T.);
#1862 = VERTEX_POINT('',#1863);
#1863 = CARTESIAN_POINT('',(-6.002221399786,-2.3361,8.573714285714));
#1864 = LINE('',#1865,#1866);
#1865 = CARTESIAN_POINT('',(-6.002221399786,-4.169160699893,
    8.573714285714));
#1866 = VECTOR('',#1867,1.);
#1867 = DIRECTION('',(0.,1.,0.));
#1868 = ORIENTED_EDGE('',*,*,#1869,.T.);
#1869 = EDGE_CURVE('',#1862,#1870,#1872,.T.);
#1870 = VERTEX_POINT('',#1871);
#1871 = CARTESIAN_POINT('',(-6.002221399786,-2.313257142857,
    8.567957142857));
#1872 = LINE('',#1873,#1874);
#1873 = CARTESIAN_POINT('',(-6.002221399786,-2.676890444826,
    8.659604560427));
#1874 = VECTOR('',#1875,1.);
#1875 = DIRECTION('',(-0.,0.969676988372,-0.244390135281));
#1876 = ORIENTED_EDGE('',*,*,#1877,.T.);
#1877 = EDGE_CURVE('',#1870,#1878,#1880,.T.);
#1878 = VERTEX_POINT('',#1879);
#1879 = CARTESIAN_POINT('',(-6.002221399786,-2.290414285714,
    8.562385714286));
#1880 = LINE('',#1881,#1882);
#1881 = CARTESIAN_POINT('',(-6.002221399786,-2.71123674947,
    8.665025339592));
#1882 = VECTOR('',#1883,1.);
#1883 = DIRECTION('',(-0.,0.971520338783,-0.236956180191));
#1884 = ORIENTED_EDGE('',*,*,#1885,.T.);
#1885 = EDGE_CURVE('',#1878,#1886,#1888,.T.);
#1886 = VERTEX_POINT('',#1887);
#1887 = CARTESIAN_POINT('',(-6.002221399786,-2.273328571429,
    8.550871428571));
#1888 = LINE('',#1889,#1890);
#1889 = CARTESIAN_POINT('',(-6.002221399786,-0.878917548949,
    7.611159652553));
#1890 = VECTOR('',#1891,1.);
#1891 = DIRECTION('',(-0.,0.829266427591,-0.558853462072));
#1892 = ORIENTED_EDGE('',*,*,#1893,.T.);
#1893 = EDGE_CURVE('',#1886,#1894,#1896,.T.);
#1894 = VERTEX_POINT('',#1895);
#1895 = CARTESIAN_POINT('',(-6.002221399786,-2.256057142857,
    8.539542857143));
#1896 = LINE('',#1897,#1898);
#1897 = CARTESIAN_POINT('',(-6.002221399786,-0.919628203068,
    7.66296043427));
#1898 = VECTOR('',#1899,1.);
#1899 = DIRECTION('',(-0.,0.836176771121,-0.548460032671));
#1900 = ORIENTED_EDGE('',*,*,#1901,.T.);
#1901 = EDGE_CURVE('',#1894,#1902,#1904,.T.);
#1902 = VERTEX_POINT('',#1903);
#1903 = CARTESIAN_POINT('',(-6.002221399786,-2.238971428571,
    8.522457142857));
#1904 = LINE('',#1905,#1906);
#1905 = CARTESIAN_POINT('',(-6.002221399786,-0.299169635661,
    6.582655349947));
#1906 = VECTOR('',#1907,1.);
#1907 = DIRECTION('',(-0.,0.707106781187,-0.707106781187));
#1908 = ORIENTED_EDGE('',*,*,#1909,.T.);
#1909 = EDGE_CURVE('',#1902,#1910,#1912,.T.);
#1910 = VERTEX_POINT('',#1911);
#1911 = CARTESIAN_POINT('',(-6.002221399786,-2.221885714286,
    8.499614285714));
#1912 = LINE('',#1913,#1914);
#1913 = CARTESIAN_POINT('',(-6.002221399786,-0.142182539296,
    5.71914156263));
#1914 = VECTOR('',#1915,1.);
#1915 = DIRECTION('',(-0.,0.598957825591,-0.80078057117));
#1916 = ORIENTED_EDGE('',*,*,#1917,.T.);
#1917 = EDGE_CURVE('',#1910,#1918,#1920,.T.);
#1918 = VERTEX_POINT('',#1919);
#1919 = CARTESIAN_POINT('',(-6.002221399786,-2.210557142857,
    8.471014285714));
#1920 = LINE('',#1921,#1922);
#1921 = CARTESIAN_POINT('',(-6.002221399786,-0.503921477515,
    4.162458671573));
#1922 = VECTOR('',#1923,1.);
#1923 = DIRECTION('',(-0.,0.368265914122,-0.929720504504));
#1924 = ORIENTED_EDGE('',*,*,#1925,.T.);
#1925 = EDGE_CURVE('',#1918,#1926,#1928,.T.);
#1926 = VERTEX_POINT('',#1927);
#1927 = CARTESIAN_POINT('',(-6.002221399786,-2.2048,8.442414285714));
#1928 = LINE('',#1929,#1930);
#1929 = CARTESIAN_POINT('',(-6.002221399786,-1.171919912574,
    3.311332561084));
#1930 = VECTOR('',#1931,1.);
#1931 = DIRECTION('',(-0.,0.197340176951,-0.980335072596));
#1932 = ORIENTED_EDGE('',*,*,#1933,.T.);
#1933 = EDGE_CURVE('',#1926,#1934,#1936,.T.);
#1934 = VERTEX_POINT('',#1935);
#1935 = CARTESIAN_POINT('',(-6.002221399786,-2.2048,8.1059));
#1936 = LINE('',#1937,#1938);
#1937 = CARTESIAN_POINT('',(-6.002221399786,-2.2048,2.55295));
#1938 = VECTOR('',#1939,1.);
#1939 = DIRECTION('',(0.,-0.,-1.));
#1940 = ORIENTED_EDGE('',*,*,#1941,.T.);
#1941 = EDGE_CURVE('',#1934,#1942,#1944,.T.);
#1942 = VERTEX_POINT('',#1943);
#1943 = CARTESIAN_POINT('',(-6.002221399786,-2.216685714286,
    8.083057142857));
#1944 = LINE('',#1945,#1946);
#1945 = CARTESIAN_POINT('',(-6.002221399786,-4.889023295466,
    2.947158354026));
#1946 = VECTOR('',#1947,1.);
#1947 = DIRECTION('',(0.,-0.461579805424,-0.887098688549));
#1948 = ORIENTED_EDGE('',*,*,#1949,.T.);
#1949 = EDGE_CURVE('',#1942,#1950,#1952,.T.);
#1950 = VERTEX_POINT('',#1951);
#1951 = CARTESIAN_POINT('',(-6.002221399786,-2.240457142857,
    8.048885714286));
#1952 = LINE('',#1953,#1954);
#1953 = CARTESIAN_POINT('',(-6.002221399786,-5.443642870648,
    3.444306230587));
#1954 = VECTOR('',#1955,1.);
#1955 = DIRECTION('',(0.,-0.571064488199,-0.820905201785));
#1956 = ORIENTED_EDGE('',*,*,#1957,.T.);
#1957 = EDGE_CURVE('',#1950,#1958,#1960,.T.);
#1958 = VERTEX_POINT('',#1959);
#1959 = CARTESIAN_POINT('',(-6.002221399786,-2.258285714286,8.0318));
#1960 = LINE('',#1961,#1962);
#1961 = CARTESIAN_POINT('',(-6.002221399786,-5.989534834127,
    4.456019593486));
#1962 = VECTOR('',#1963,1.);
#1963 = DIRECTION('',(0.,-0.721988205115,-0.691905363236));
#1964 = ORIENTED_EDGE('',*,*,#1965,.T.);
#1965 = EDGE_CURVE('',#1958,#1966,#1968,.T.);
#1966 = VERTEX_POINT('',#1967);
#1967 = CARTESIAN_POINT('',(-6.002221399786,-2.276114285714,
    8.020285714286));
#1968 = LINE('',#1969,#1970);
#1969 = CARTESIAN_POINT('',(-6.002221399786,-6.102015653812,
    5.549391080723));
#1970 = VECTOR('',#1971,1.);
#1971 = DIRECTION('',(0.,-0.840039377769,-0.542525431476));
#1972 = ORIENTED_EDGE('',*,*,#1973,.T.);
#1973 = EDGE_CURVE('',#1966,#1974,#1976,.T.);
#1974 = VERTEX_POINT('',#1975);
#1975 = CARTESIAN_POINT('',(-6.002221399786,-2.294128571429,
    8.014528571429));
#1976 = LINE('',#1977,#1978);
#1977 = CARTESIAN_POINT('',(-6.002221399786,-5.573305660932,
    6.966544140763));
#1978 = VECTOR('',#1979,1.);
#1979 = DIRECTION('',(0.,-0.952538100641,-0.304419392988));
#1980 = ORIENTED_EDGE('',*,*,#1981,.T.);
#1981 = EDGE_CURVE('',#1974,#1982,#1984,.T.);
#1982 = VERTEX_POINT('',#1983);
#1983 = CARTESIAN_POINT('',(-6.002221399786,-2.3179,8.0032));
#1984 = LINE('',#1985,#1986);
#1985 = CARTESIAN_POINT('',(-6.002221399786,-5.955724108781,
    6.269549448159));
#1986 = VECTOR('',#1987,1.);
#1987 = DIRECTION('',(0.,-0.902730115416,-0.430207320628));
#1988 = ORIENTED_EDGE('',*,*,#1989,.T.);
#1989 = EDGE_CURVE('',#1982,#1990,#1992,.T.);
#1990 = VERTEX_POINT('',#1991);
#1991 = CARTESIAN_POINT('',(-6.002221399786,-3.813642857143,8.0032));
#1992 = LINE('',#1993,#1994);
#1993 = CARTESIAN_POINT('',(-6.002221399786,-4.907932128464,8.0032));
#1994 = VECTOR('',#1995,1.);
#1995 = DIRECTION('',(0.,-1.,0.));
#1996 = ORIENTED_EDGE('',*,*,#1997,.T.);
#1997 = EDGE_CURVE('',#1990,#1998,#2000,.T.);
#1998 = VERTEX_POINT('',#1999);
#1999 = CARTESIAN_POINT('',(-6.002221399786,-3.836485714286,
    8.008957142857));
#2000 = LINE('',#2001,#2002);
#2001 = CARTESIAN_POINT('',(-6.002221399786,-3.550229082844,
    7.936811162575));
#2002 = VECTOR('',#2003,1.);
#2003 = DIRECTION('',(0.,-0.969676988372,0.244390135281));
#2004 = ORIENTED_EDGE('',*,*,#2005,.T.);
#2005 = EDGE_CURVE('',#1998,#2006,#2008,.T.);
#2006 = VERTEX_POINT('',#2007);
#2007 = CARTESIAN_POINT('',(-6.002221399786,-3.853571428571,
    8.021028571429));
#2008 = LINE('',#2009,#2010);
#2009 = CARTESIAN_POINT('',(-6.002221399786,-1.973219253428,
    6.692518882469));
#2010 = VECTOR('',#2011,1.);
#2011 = DIRECTION('',(0.,-0.816721763686,0.577031680865));
#2012 = ORIENTED_EDGE('',*,*,#2013,.T.);
#2013 = EDGE_CURVE('',#2006,#2014,#2016,.T.);
#2014 = VERTEX_POINT('',#2015);
#2015 = CARTESIAN_POINT('',(-6.002221399786,-3.870657142857,
    8.032914285714));
#2016 = LINE('',#2017,#2018);
#2017 = CARTESIAN_POINT('',(-6.002221399786,-2.002813215961,
    6.733544597438));
#2018 = VECTOR('',#2019,1.);
#2019 = DIRECTION('',(0.,-0.820905201785,0.571064488199));
#2020 = ORIENTED_EDGE('',*,*,#2021,.T.);
#2021 = EDGE_CURVE('',#2014,#2022,#2024,.T.);
#2022 = VERTEX_POINT('',#2023);
#2023 = CARTESIAN_POINT('',(-6.002221399786,-3.882171428571,
    8.050928571429));
#2024 = LINE('',#2025,#2026);
#2025 = CARTESIAN_POINT('',(-6.002221399786,-1.682261508583,
    4.609134019188));
#2026 = VECTOR('',#2027,1.);
#2027 = DIRECTION('',(0.,-0.538560615351,0.842586769178));
#2028 = ORIENTED_EDGE('',*,*,#2029,.T.);
#2029 = EDGE_CURVE('',#2022,#2030,#2032,.T.);
#2030 = VERTEX_POINT('',#2031);
#2031 = CARTESIAN_POINT('',(-6.002221399786,-3.8935,8.068942857143));
#2032 = LINE('',#2033,#2034);
#2033 = CARTESIAN_POINT('',(-6.002221399786,-1.698207442608,
    4.578067806864));
#2034 = VECTOR('',#2035,1.);
#2035 = DIRECTION('',(0.,-0.532350261781,0.846524186767));
#2036 = ORIENTED_EDGE('',*,*,#2037,.T.);
#2037 = EDGE_CURVE('',#2030,#2038,#2040,.T.);
#2038 = VERTEX_POINT('',#2039);
#2039 = CARTESIAN_POINT('',(-6.002221399786,-3.905014285714,
    8.086957142857));
#2040 = LINE('',#2041,#2042);
#2041 = CARTESIAN_POINT('',(-6.002221399786,-1.693617012997,
    4.627190441993));
#2042 = VECTOR('',#2043,1.);
#2043 = DIRECTION('',(0.,-0.538560615351,0.842586769178));
#2044 = ORIENTED_EDGE('',*,*,#2045,.T.);
#2045 = EDGE_CURVE('',#2038,#2046,#2048,.T.);
#2046 = VERTEX_POINT('',#2047);
#2047 = CARTESIAN_POINT('',(-6.002221399786,-3.910585714286,
    8.104785714286));
#2048 = LINE('',#2049,#2050);
#2049 = CARTESIAN_POINT('',(-6.002221399786,-2.4228775915,3.344119721373
    ));
#2050 = VECTOR('',#2051,1.);
#2051 = DIRECTION('',(0.,-0.298274993136,0.954479978035));
#2052 = ORIENTED_EDGE('',*,*,#2053,.T.);
#2053 = EDGE_CURVE('',#2046,#2054,#2056,.T.);
#2054 = VERTEX_POINT('',#2055);
#2055 = CARTESIAN_POINT('',(-6.002221399786,-3.916342857143,
    8.128742857143));
#2056 = LINE('',#2057,#2058);
#2057 = CARTESIAN_POINT('',(-6.002221399786,-2.709113184201,
    3.105109701999));
#2058 = VECTOR('',#2059,1.);
#2059 = DIRECTION('',(0.,-0.233658016401,0.972318842444));
#2060 = ORIENTED_EDGE('',*,*,#2061,.T.);
#2061 = EDGE_CURVE('',#2054,#2062,#2064,.T.);
#2062 = VERTEX_POINT('',#2063);
#2063 = CARTESIAN_POINT('',(-6.002221399786,-3.916342857143,
    8.442414285714));
#2064 = LINE('',#2065,#2066);
#2065 = CARTESIAN_POINT('',(-6.002221399786,-3.916342857143,
    2.721207142857));
#2066 = VECTOR('',#2067,1.);
#2067 = DIRECTION('',(0.,0.,1.));
#2068 = ORIENTED_EDGE('',*,*,#2069,.T.);
#2069 = EDGE_CURVE('',#2062,#2070,#2072,.T.);
#2070 = VERTEX_POINT('',#2071);
#2071 = CARTESIAN_POINT('',(-6.002221399786,-3.910585714286,
    8.459685714286));
#2072 = LINE('',#2073,#2074);
#2073 = CARTESIAN_POINT('',(-6.002221399786,-5.734120355704,
    2.989081790032));
#2074 = VECTOR('',#2075,1.);
#2075 = DIRECTION('',(0.,0.316227766017,0.948683298051));
#2076 = ORIENTED_EDGE('',*,*,#2077,.T.);
#2077 = EDGE_CURVE('',#2070,#2078,#2080,.T.);
#2078 = VERTEX_POINT('',#2079);
#2079 = CARTESIAN_POINT('',(-6.002221399786,-3.905014285714,8.4881));
#2080 = LINE('',#2081,#2082);
#2081 = CARTESIAN_POINT('',(-6.002221399786,-5.028422599562,
    2.758717599375));
#2082 = VECTOR('',#2083,1.);
#2083 = DIRECTION('',(0.,0.192414460721,0.981313749677));
#2084 = ORIENTED_EDGE('',*,*,#2085,.T.);
#2085 = EDGE_CURVE('',#2078,#2086,#2088,.T.);
#2086 = VERTEX_POINT('',#2087);
#2087 = CARTESIAN_POINT('',(-6.002221399786,-3.8935,8.505185714286));
#2088 = LINE('',#2089,#2090);
#2089 = CARTESIAN_POINT('',(-6.002221399786,-6.88876748355,
    4.060595254825));
#2090 = VECTOR('',#2091,1.);
#2091 = DIRECTION('',(0.,0.558853462072,0.829266427591));
#2092 = ORIENTED_EDGE('',*,*,#2093,.T.);
#2093 = EDGE_CURVE('',#2086,#2094,#2096,.T.);
#2094 = VERTEX_POINT('',#2095);
#2095 = CARTESIAN_POINT('',(-6.002221399786,-3.882171428571,
    8.522457142857));
#2096 = LINE('',#2097,#2098);
#2097 = CARTESIAN_POINT('',(-6.002221399786,-6.843190236749,
    4.008116992684));
#2098 = VECTOR('',#2099,1.);
#2099 = DIRECTION('',(0.,0.548460032671,0.836176771121));
#2100 = ORIENTED_EDGE('',*,*,#2101,.T.);
#2101 = EDGE_CURVE('',#2094,#2102,#2104,.T.);
#2102 = VERTEX_POINT('',#2103);
#2103 = CARTESIAN_POINT('',(-6.002221399786,-3.865085714286,
    8.539542857143));
#2104 = LINE('',#2105,#2106);
#2105 = CARTESIAN_POINT('',(-6.002221399786,-7.284255349947,
    5.120373221482));
#2106 = VECTOR('',#2107,1.);
#2107 = DIRECTION('',(0.,0.707106781187,0.707106781187));
#2108 = ORIENTED_EDGE('',*,*,#2109,.T.);
#2109 = EDGE_CURVE('',#2102,#2110,#2112,.T.);
#2110 = VERTEX_POINT('',#2111);
#2111 = CARTESIAN_POINT('',(-6.002221399786,-3.842242857143,
    8.556628571429));
#2112 = LINE('',#2113,#2114);
#2113 = CARTESIAN_POINT('',(-6.002221399786,-7.306260241238,
    5.965656219097));
#2114 = VECTOR('',#2115,1.);
#2115 = DIRECTION('',(0.,0.80078057117,0.598957825591));
#2116 = ORIENTED_EDGE('',*,*,#2117,.T.);
#2117 = EDGE_CURVE('',#2110,#2118,#2120,.T.);
#2118 = VERTEX_POINT('',#2119);
#2119 = CARTESIAN_POINT('',(-6.002221399786,-3.813642857143,
    8.567957142857));
#2120 = LINE('',#2121,#2122);
#2121 = CARTESIAN_POINT('',(-6.002221399786,-6.739868722167,
    7.408867676841));
#2122 = VECTOR('',#2123,1.);
#2123 = DIRECTION('',(0.,0.929720504504,0.368265914122));
#2124 = ORIENTED_EDGE('',*,*,#2125,.T.);
#2125 = EDGE_CURVE('',#2118,#2126,#2128,.T.);
#2126 = VERTEX_POINT('',#2127);
#2127 = CARTESIAN_POINT('',(-6.002221399786,-3.785042857143,
    8.573714285714));
#2128 = LINE('',#2129,#2130);
#2129 = CARTESIAN_POINT('',(-6.002221399786,-5.969982645556,
    8.133888743891));
#2130 = VECTOR('',#2131,1.);
#2131 = DIRECTION('',(0.,0.980335072596,0.197340176951));
#2132 = ORIENTED_EDGE('',*,*,#2133,.T.);
#2133 = EDGE_CURVE('',#2126,#2134,#2136,.T.);
#2134 = VERTEX_POINT('',#2135);
#2135 = CARTESIAN_POINT('',(-6.002221399786,-3.345828571429,
    8.573714285714));
#2136 = LINE('',#2137,#2138);
#2137 = CARTESIAN_POINT('',(-6.002221399786,-4.674024985607,
    8.573714285714));
#2138 = VECTOR('',#2139,1.);
#2139 = DIRECTION('',(0.,1.,0.));
#2140 = ORIENTED_EDGE('',*,*,#2141,.T.);
#2141 = EDGE_CURVE('',#2134,#2142,#2144,.T.);
#2142 = VERTEX_POINT('',#2143);
#2143 = CARTESIAN_POINT('',(-6.002221399786,-3.345828571429,
    11.437614285714));
#2144 = LINE('',#2145,#2146);
#2145 = CARTESIAN_POINT('',(-6.002221399786,-3.345828571429,
    4.218807142857));
#2146 = VECTOR('',#2147,1.);
#2147 = DIRECTION('',(0.,0.,1.));
#2148 = ORIENTED_EDGE('',*,*,#2149,.T.);
#2149 = EDGE_CURVE('',#2142,#2150,#2152,.T.);
#2150 = VERTEX_POINT('',#2151);
#2151 = CARTESIAN_POINT('',(-6.002221399786,-3.340071428571,
    11.500385714286));
#2152 = LINE('',#2153,#2154);
#2153 = CARTESIAN_POINT('',(-6.002221399786,-4.010586456724,
    4.189608955719));
#2154 = VECTOR('',#2155,1.);
#2155 = DIRECTION('',(0.,9.133264387955E-02,0.995820439719));
#2156 = ORIENTED_EDGE('',*,*,#2157,.T.);
#2157 = EDGE_CURVE('',#2150,#2158,#2160,.T.);
#2158 = VERTEX_POINT('',#2159);
#2159 = CARTESIAN_POINT('',(-6.002221399786,-3.3345,11.546071428571));
#2160 = LINE('',#2161,#2162);
#2161 = CARTESIAN_POINT('',(-6.002221399786,-4.228004594916,
    4.219333750264));
#2162 = VECTOR('',#2163,1.);
#2163 = DIRECTION('',(0.,0.121054375311,0.992645877551));
#2164 = ORIENTED_EDGE('',*,*,#2165,.T.);
#2165 = EDGE_CURVE('',#2158,#2166,#2168,.T.);
#2166 = VERTEX_POINT('',#2167);
#2167 = CARTESIAN_POINT('',(-6.002221399786,-3.317228571429,
    11.603085714286));
#2168 = LINE('',#2169,#2170);
#2169 = CARTESIAN_POINT('',(-6.002221399786,-5.456022343907,
    4.542766486856));
#2170 = VECTOR('',#2171,1.);
#2171 = DIRECTION('',(0.,0.289920871686,0.957050619435));
#2172 = ORIENTED_EDGE('',*,*,#2173,.T.);
#2173 = EDGE_CURVE('',#2166,#2174,#2176,.T.);
#2174 = VERTEX_POINT('',#2175);
#2175 = CARTESIAN_POINT('',(-6.002221399786,-3.294571428571,
    11.654528571429));
#2176 = LINE('',#2177,#2178);
#2177 = CARTESIAN_POINT('',(-6.002221399786,-6.21738697175,
    5.018299838146));
#2178 = VECTOR('',#2179,1.);
#2179 = DIRECTION('',(0.,0.403070745111,0.915168822915));
#2180 = ORIENTED_EDGE('',*,*,#2181,.T.);
#2181 = EDGE_CURVE('',#2174,#2182,#2184,.T.);
#2182 = VERTEX_POINT('',#2183);
#2183 = CARTESIAN_POINT('',(-6.002221399786,-3.283057142857,11.6887));
#2184 = LINE('',#2185,#2186);
#2185 = CARTESIAN_POINT('',(-6.002221399786,-5.644080445293,
    4.681792134708));
#2186 = VECTOR('',#2187,1.);
#2187 = DIRECTION('',(0.,0.319316245627,0.947648212829));
#2188 = ORIENTED_EDGE('',*,*,#2189,.T.);
#2189 = EDGE_CURVE('',#2182,#2190,#2192,.T.);
#2190 = VERTEX_POINT('',#2191);
#2191 = CARTESIAN_POINT('',(-6.002221399786,-3.260214285714,
    11.722871428571));
#2192 = LINE('',#2193,#2194);
#2193 = CARTESIAN_POINT('',(-6.002221399786,-7.084771311337,
    6.001582869917));
#2194 = VECTOR('',#2195,1.);
#2195 = DIRECTION('',(0.,0.555742429414,0.831354528555));
#2196 = ORIENTED_EDGE('',*,*,#2197,.T.);
#2197 = EDGE_CURVE('',#2190,#2198,#2200,.T.);
#2198 = VERTEX_POINT('',#2199);
#2199 = CARTESIAN_POINT('',(-6.002221399786,-3.226042857143,
    11.774314285714));
#2200 = LINE('',#2201,#2202);
#2201 = CARTESIAN_POINT('',(-6.002221399786,-7.05571031319,
    6.008999691556));
#2202 = VECTOR('',#2203,1.);
#2203 = DIRECTION('',(0.,0.553311519375,0.832974406886));
#2204 = ORIENTED_EDGE('',*,*,#2205,.T.);
#2205 = EDGE_CURVE('',#2198,#2206,#2208,.T.);
#2206 = VERTEX_POINT('',#2207);
#2207 = CARTESIAN_POINT('',(-6.002221399786,-3.180357142857,
    11.825571428571));
#2208 = LINE('',#2209,#2210);
#2209 = CARTESIAN_POINT('',(-6.002221399786,-7.486991529239,
    6.993737726777));
#2210 = VECTOR('',#2211,1.);
#2211 = DIRECTION('',(0.,0.665370524754,0.746513271676));
#2212 = ORIENTED_EDGE('',*,*,#2213,.T.);
#2213 = EDGE_CURVE('',#2206,#2214,#2216,.T.);
#2214 = VERTEX_POINT('',#2215);
#2215 = CARTESIAN_POINT('',(-6.002221399786,-3.134671428571,
    11.871257142857));
#2216 = LINE('',#2217,#2218);
#2217 = CARTESIAN_POINT('',(-6.002221399786,-7.569373207089,
    7.436555364339));
#2218 = VECTOR('',#2219,1.);
#2219 = DIRECTION('',(0.,0.707106781187,0.707106781187));
#2220 = ORIENTED_EDGE('',*,*,#2221,.T.);
#2221 = EDGE_CURVE('',#2214,#2222,#2224,.T.);
#2222 = VERTEX_POINT('',#2223);
#2223 = CARTESIAN_POINT('',(-6.002221399786,-3.077657142857,
    11.911185714286));
#2224 = LINE('',#2225,#2226);
#2225 = CARTESIAN_POINT('',(-6.002221399786,-7.561939179827,
    8.770727610219));
#2226 = VECTOR('',#2227,1.);
#2227 = DIRECTION('',(0.,0.819106553991,0.573641397746));
#2228 = ORIENTED_EDGE('',*,*,#2229,.T.);
#2229 = EDGE_CURVE('',#2222,#2230,#2232,.T.);
#2230 = VERTEX_POINT('',#2231);
#2231 = CARTESIAN_POINT('',(-6.002221399786,-3.043485714286,
    11.928271428571));
#2232 = LINE('',#2233,#2234);
#2233 = CARTESIAN_POINT('',(-6.002221399786,-7.2126342742,9.843697148614
    ));
#2234 = VECTOR('',#2235,1.);
#2235 = DIRECTION('',(0.,0.894427191,0.4472135955));
#2236 = ORIENTED_EDGE('',*,*,#2237,.T.);
#2237 = EDGE_CURVE('',#2230,#2238,#2240,.T.);
#2238 = VERTEX_POINT('',#2239);
#2239 = CARTESIAN_POINT('',(-6.002221399786,-3.009314285714,
    11.945542857143));
#2240 = LINE('',#2241,#2242);
#2241 = CARTESIAN_POINT('',(-6.002221399786,-7.209714151912,
    9.822514663902));
#2242 = VECTOR('',#2243,1.);
#2243 = DIRECTION('',(0.,0.892478602936,0.451089728658));
#2244 = ORIENTED_EDGE('',*,*,#2245,.T.);
#2245 = EDGE_CURVE('',#2238,#2246,#2248,.T.);
#2246 = VERTEX_POINT('',#2247);
#2247 = CARTESIAN_POINT('',(-6.002221399786,-2.952114285714,11.9682));
#2248 = LINE('',#2249,#2250);
#2249 = CARTESIAN_POINT('',(-6.002221399786,-6.832779284025,
    10.431053474695));
#2250 = VECTOR('',#2251,1.);
#2251 = DIRECTION('',(0.,0.929720504504,0.368265914122));
#2252 = ORIENTED_EDGE('',*,*,#2253,.T.);
#2253 = EDGE_CURVE('',#2246,#2254,#2256,.T.);
#2254 = VERTEX_POINT('',#2255);
#2255 = CARTESIAN_POINT('',(-6.002221399786,-2.912185714286,
    11.979714285714));
#2256 = LINE('',#2257,#2258);
#2257 = CARTESIAN_POINT('',(-6.002221399786,-6.332630410513,
    10.993353489593));
#2258 = VECTOR('',#2259,1.);
#2259 = DIRECTION('',(0.,0.960846474829,0.27708130902));
#2260 = ORIENTED_EDGE('',*,*,#2261,.T.);
#2261 = EDGE_CURVE('',#2254,#2262,#2264,.T.);
#2262 = VERTEX_POINT('',#2263);
#2263 = CARTESIAN_POINT('',(-6.002221399786,-2.878014285714,
    11.985471428571));
#2264 = LINE('',#2265,#2266);
#2265 = CARTESIAN_POINT('',(-6.002221399786,-5.624521524744,
    11.522744665474));
#2266 = VECTOR('',#2267,1.);
#2267 = DIRECTION('',(0.,0.98610270304,0.166136868447));
#2268 = ORIENTED_EDGE('',*,*,#2269,.T.);
#2269 = EDGE_CURVE('',#2262,#2270,#2272,.T.);
#2270 = VERTEX_POINT('',#2271);
#2271 = CARTESIAN_POINT('',(-6.002221399786,-2.832328571429,
    11.991042857143));
#2272 = LINE('',#2273,#2274);
#2273 = CARTESIAN_POINT('',(-6.002221399786,-5.294741710404,
    11.690748571902));
#2274 = VECTOR('',#2275,1.);
#2275 = DIRECTION('',(0.,0.992645877551,0.121054375311));
#2276 = ORIENTED_EDGE('',*,*,#2277,.T.);
#2277 = EDGE_CURVE('',#2270,#2278,#2280,.T.);
#2278 = VERTEX_POINT('',#2279);
#2279 = CARTESIAN_POINT('',(-6.002221399786,-2.775314285714,11.9968));
#2280 = LINE('',#2281,#2282);
#2281 = CARTESIAN_POINT('',(-6.002221399786,-5.12200745972,
    11.759837497087));
#2282 = VECTOR('',#2283,1.);
#2283 = DIRECTION('',(0.,0.994940461748,0.100466300698));
#2284 = ORIENTED_EDGE('',*,*,#2285,.T.);
#2285 = EDGE_CURVE('',#2278,#2286,#2288,.T.);
#2286 = VERTEX_POINT('',#2287);
#2287 = CARTESIAN_POINT('',(-6.002221399786,-2.347428571429,11.9968));
#2288 = LINE('',#2289,#2290);
#2289 = CARTESIAN_POINT('',(-6.002221399786,-4.174824985607,11.9968));
#2290 = VECTOR('',#2291,1.);
#2291 = DIRECTION('',(0.,1.,0.));
#2292 = ORIENTED_EDGE('',*,*,#2293,.T.);
#2293 = EDGE_CURVE('',#2286,#2294,#2296,.T.);
#2294 = VERTEX_POINT('',#2295);
#2295 = CARTESIAN_POINT('',(-6.002221399786,-2.301742857143,
    11.991042857143));
#2296 = LINE('',#2297,#2298);
#2297 = CARTESIAN_POINT('',(-6.002221399786,-3.193267058535,
    12.103389402847));
#2298 = VECTOR('',#2299,1.);
#2299 = DIRECTION('',(-0.,0.992153283358,-0.125027446277));
#2300 = ORIENTED_EDGE('',*,*,#2301,.T.);
#2301 = EDGE_CURVE('',#2294,#2302,#2304,.T.);
#2302 = VERTEX_POINT('',#2303);
#2303 = CARTESIAN_POINT('',(-6.002221399786,-2.273328571429,
    11.985471428571));
#2304 = LINE('',#2305,#2306);
#2305 = CARTESIAN_POINT('',(-6.002221399786,-2.653976445917,
    12.060108266706));
#2306 = VECTOR('',#2307,1.);
#2307 = DIRECTION('',(-0.,0.981313749677,-0.192414460721));
#2308 = ORIENTED_EDGE('',*,*,#2309,.T.);
#2309 = EDGE_CURVE('',#2302,#2310,#2312,.T.);
#2310 = VERTEX_POINT('',#2311);
#2311 = CARTESIAN_POINT('',(-6.002221399786,-2.244728571429,
    11.979714285714));
#2312 = LINE('',#2313,#2314);
#2313 = CARTESIAN_POINT('',(-6.002221399786,-2.601326697565,
    12.051497025391));
#2314 = VECTOR('',#2315,1.);
#2315 = DIRECTION('',(-0.,0.980335072596,-0.197340176951));
#2316 = ORIENTED_EDGE('',*,*,#2317,.T.);
#2317 = EDGE_CURVE('',#2310,#2318,#2320,.T.);
#2318 = VERTEX_POINT('',#2319);
#2319 = CARTESIAN_POINT('',(-6.002221399786,-2.221885714286,11.9682));
#2320 = LINE('',#2321,#2322);
#2321 = CARTESIAN_POINT('',(-6.002221399786,-0.720942410273,
    11.211626952449));
#2322 = VECTOR('',#2323,1.);
#2323 = DIRECTION('',(-0.,0.892970492237,-0.450115207469));
#2324 = ORIENTED_EDGE('',*,*,#2325,.T.);
#2325 = EDGE_CURVE('',#2318,#2326,#2328,.T.);
#2326 = VERTEX_POINT('',#2327);
#2327 = CARTESIAN_POINT('',(-6.002221399786,-2.193471428571,
    11.951114285714));
#2328 = LINE('',#2329,#2330);
#2329 = CARTESIAN_POINT('',(-6.002221399786,-0.290718995328,
    10.806975567685));
#2330 = VECTOR('',#2331,1.);
#2331 = DIRECTION('',(-0.,0.856998298068,-0.515319238054));
#2332 = ORIENTED_EDGE('',*,*,#2333,.T.);
#2333 = EDGE_CURVE('',#2326,#2334,#2336,.T.);
#2334 = VERTEX_POINT('',#2335);
#2335 = CARTESIAN_POINT('',(-6.002221399786,-2.147785714286,
    11.916942857143));
#2336 = LINE('',#2337,#2338);
#2337 = CARTESIAN_POINT('',(-6.002221399786,0.193721679549,
    10.165571473136));
#2338 = VECTOR('',#2339,1.);
#2339 = DIRECTION('',(-0.,0.80078057117,-0.598957825591));
#2340 = ORIENTED_EDGE('',*,*,#2341,.T.);
#2341 = EDGE_CURVE('',#2334,#2342,#2344,.T.);
#2342 = VERTEX_POINT('',#2343);
#2343 = CARTESIAN_POINT('',(-6.002221399786,-2.124942857143,
    11.888342857143));
#2344 = LINE('',#2345,#2346);
#2345 = CARTESIAN_POINT('',(-6.002221399786,0.750017154807,
    8.288799427548));
#2346 = VECTOR('',#2347,1.);
#2347 = DIRECTION('',(-0.,0.62407609663,-0.781363568139));
#2348 = ORIENTED_EDGE('',*,*,#2349,.T.);
#2349 = EDGE_CURVE('',#2342,#2350,#2352,.T.);
#2350 = VERTEX_POINT('',#2351);
#2351 = CARTESIAN_POINT('',(-6.002221399786,-2.107857142857,
    11.871257142857));
#2352 = LINE('',#2353,#2354);
#2353 = CARTESIAN_POINT('',(-6.002221399786,0.636366078625,
    9.127033921375));
#2354 = VECTOR('',#2355,1.);
#2355 = DIRECTION('',(-0.,0.707106781187,-0.707106781187));
#2356 = ORIENTED_EDGE('',*,*,#2357,.T.);
#2357 = EDGE_CURVE('',#2350,#2358,#2360,.T.);
#2358 = VERTEX_POINT('',#2359);
#2359 = CARTESIAN_POINT('',(-6.002221399786,-2.096342857143,
    11.842842857143));
#2360 = LINE('',#2361,#2362);
#2361 = CARTESIAN_POINT('',(-6.002221399786,0.211384920073,
    6.147966245626));
#2362 = VECTOR('',#2363,1.);
#2363 = DIRECTION('',(-0.,0.375564497639,-0.926796260304));
#2364 = ORIENTED_EDGE('',*,*,#2365,.T.);
#2365 = EDGE_CURVE('',#2358,#2366,#2368,.T.);
#2366 = VERTEX_POINT('',#2367);
#2367 = CARTESIAN_POINT('',(-6.002221399786,-2.085014285714,11.82));
#2368 = LINE('',#2369,#2370);
#2369 = CARTESIAN_POINT('',(-6.002221399786,0.477811505494,
    6.652334880023));
#2370 = VECTOR('',#2371,1.);
#2371 = DIRECTION('',(-0.,0.444297794845,-0.895879160097));
#2372 = ORIENTED_EDGE('',*,*,#2373,.T.);
#2373 = EDGE_CURVE('',#2366,#2374,#2376,.T.);
#2374 = VERTEX_POINT('',#2375);
#2375 = CARTESIAN_POINT('',(-6.002221399786,-2.0735,11.7914));
#2376 = LINE('',#2377,#2378);
#2377 = CARTESIAN_POINT('',(-6.002221399786,0.214712665806,
    6.107774991385));
#2378 = VECTOR('',#2379,1.);
#2379 = DIRECTION('',(-0.,0.373466870858,-0.927643517938));
#2380 = ORIENTED_EDGE('',*,*,#2381,.T.);
#2381 = EDGE_CURVE('',#2374,#2382,#2384,.T.);
#2382 = VERTEX_POINT('',#2383);
#2383 = CARTESIAN_POINT('',(-6.002221399786,-2.067928571429,11.7628));
#2384 = LINE('',#2385,#2386);
#2385 = CARTESIAN_POINT('',(-6.002221399786,-0.754488685694,
    5.02047525323));
#2386 = VECTOR('',#2387,1.);
#2387 = DIRECTION('',(-0.,0.191210841639,-0.981548987081));
#2388 = ORIENTED_EDGE('',*,*,#2389,.T.);
#2389 = EDGE_CURVE('',#2382,#2390,#2392,.T.);
#2390 = VERTEX_POINT('',#2391);
#2391 = CARTESIAN_POINT('',(-6.002221399786,-2.062171428571,
    11.740142857143));
#2392 = LINE('',#2393,#2394);
#2393 = CARTESIAN_POINT('',(-6.002221399786,-0.422511211993,
    5.28728652093));
#2394 = VECTOR('',#2395,1.);
#2395 = DIRECTION('',(-0.,0.246272303221,-0.96920067719));
#2396 = ORIENTED_EDGE('',*,*,#2397,.T.);
#2397 = EDGE_CURVE('',#2390,#2398,#2400,.T.);
#2398 = VERTEX_POINT('',#2399);
#2399 = CARTESIAN_POINT('',(-6.002221399786,-2.062171428571,
    11.682942857143));
#2400 = LINE('',#2401,#2402);
#2401 = CARTESIAN_POINT('',(-6.002221399786,-2.062171428571,
    4.341471428571));
#2402 = VECTOR('',#2403,1.);
#2403 = DIRECTION('',(0.,-0.,-1.));
#2404 = ORIENTED_EDGE('',*,*,#2405,.T.);
#2405 = EDGE_CURVE('',#2398,#2406,#2408,.T.);
#2406 = VERTEX_POINT('',#2407);
#2407 = CARTESIAN_POINT('',(-6.002221399786,-2.067928571429,
    11.654528571429));
#2408 = LINE('',#2409,#2410);
#2409 = CARTESIAN_POINT('',(-6.002221399786,-3.571565921087,
    4.233350684406));
#2410 = VECTOR('',#2411,1.);
#2411 = DIRECTION('',(0.,-0.198579278868,-0.980084827963));
#2412 = ORIENTED_EDGE('',*,*,#2413,.T.);
#2413 = EDGE_CURVE('',#2406,#2414,#2416,.T.);
#2414 = VERTEX_POINT('',#2415);
#2415 = CARTESIAN_POINT('',(-6.002221399786,-2.0735,11.625928571429));
#2416 = LINE('',#2417,#2418);
#2417 = CARTESIAN_POINT('',(-6.002221399786,-3.517837814019,
    4.211661126129));
#2418 = VECTOR('',#2419,1.);
#2419 = DIRECTION('',(0.,-0.191210841639,-0.981548987081));
#2420 = ORIENTED_EDGE('',*,*,#2421,.T.);
#2421 = EDGE_CURVE('',#2414,#2422,#2424,.T.);
#2422 = VERTEX_POINT('',#2423);
#2423 = CARTESIAN_POINT('',(-6.002221399786,-2.085014285714,
    11.603085714286));
#2424 = LINE('',#2425,#2426);
#2425 = CARTESIAN_POINT('',(-6.002221399786,-5.416613816722,
    4.993622128576));
#2426 = VECTOR('',#2427,1.);
#2427 = DIRECTION('',(0.,-0.450115207469,-0.892970492237));
#2428 = ORIENTED_EDGE('',*,*,#2429,.T.);
#2429 = EDGE_CURVE('',#2422,#2430,#2432,.T.);
#2430 = VERTEX_POINT('',#2431);
#2431 = CARTESIAN_POINT('',(-6.002221399786,-2.096342857143,
    11.574671428571));
#2432 = LINE('',#2433,#2434);
#2433 = CARTESIAN_POINT('',(-6.002221399786,-4.871115848297,
    4.614994909775));
#2434 = VECTOR('',#2435,1.);
#2435 = DIRECTION('',(0.,-0.370343680353,-0.92889480482));
#2436 = ORIENTED_EDGE('',*,*,#2437,.T.);
#2437 = EDGE_CURVE('',#2430,#2438,#2440,.T.);
#2438 = VERTEX_POINT('',#2439);
#2439 = CARTESIAN_POINT('',(-6.002221399786,-2.113428571429,
    11.551828571429));
#2440 = LINE('',#2441,#2442);
#2441 = CARTESIAN_POINT('',(-6.002221399786,-6.300756054443,
    5.953553784355));
#2442 = VECTOR('',#2443,1.);
#2443 = DIRECTION('',(0.,-0.598957825591,-0.80078057117));
#2444 = ORIENTED_EDGE('',*,*,#2445,.T.);
#2445 = EDGE_CURVE('',#2438,#2446,#2448,.T.);
#2446 = VERTEX_POINT('',#2447);
#2447 = CARTESIAN_POINT('',(-6.002221399786,-2.1307,11.528985714286));
#2448 = LINE('',#2449,#2450);
#2449 = CARTESIAN_POINT('',(-6.002221399786,-6.329578294484,
    5.975630550614));
#2450 = VECTOR('',#2451,1.);
#2451 = DIRECTION('',(0.,-0.603108274872,-0.797659331282));
#2452 = ORIENTED_EDGE('',*,*,#2453,.T.);
#2453 = EDGE_CURVE('',#2446,#2454,#2456,.T.);
#2454 = VERTEX_POINT('',#2455);
#2455 = CARTESIAN_POINT('',(-6.002221399786,-2.147785714286,
    11.506142857143));
#2456 = LINE('',#2457,#2458);
#2457 = CARTESIAN_POINT('',(-6.002221399786,-6.31799417047,
    5.930755464636));
#2458 = VECTOR('',#2459,1.);
#2459 = DIRECTION('',(0.,-0.598957825591,-0.80078057117));
#2460 = ORIENTED_EDGE('',*,*,#2461,.T.);
#2461 = EDGE_CURVE('',#2454,#2462,#2464,.T.);
#2462 = VERTEX_POINT('',#2463);
#2463 = CARTESIAN_POINT('',(-6.002221399786,-2.170628571429,
    11.489057142857));
#2464 = LINE('',#2465,#2466);
#2465 = CARTESIAN_POINT('',(-6.002221399786,-6.873852801683,
    7.971198369008));
#2466 = VECTOR('',#2467,1.);
#2467 = DIRECTION('',(0.,-0.80078057117,-0.598957825591));
#2468 = ORIENTED_EDGE('',*,*,#2469,.T.);
#2469 = EDGE_CURVE('',#2462,#2470,#2472,.T.);
#2470 = VERTEX_POINT('',#2471);
#2471 = CARTESIAN_POINT('',(-6.002221399786,-2.187714285714,
    11.471971428571));
#2472 = LINE('',#2473,#2474);
#2473 = CARTESIAN_POINT('',(-6.002221399786,-6.759333921375,
    6.900351792911));
#2474 = VECTOR('',#2475,1.);
#2475 = DIRECTION('',(0.,-0.707106781187,-0.707106781187));
#2476 = ORIENTED_EDGE('',*,*,#2477,.T.);
#2477 = EDGE_CURVE('',#2470,#2478,#2480,.T.);
#2478 = VERTEX_POINT('',#2479);
#2479 = CARTESIAN_POINT('',(-6.002221399786,-2.221885714286,
    11.454885714286));
#2480 = LINE('',#2481,#2482);
#2481 = CARTESIAN_POINT('',(-6.002221399786,-6.624997131343,
    9.253330005757));
#2482 = VECTOR('',#2483,1.);
#2483 = DIRECTION('',(0.,-0.894427191,-0.4472135955));
#2484 = ORIENTED_EDGE('',*,*,#2485,.T.);
#2485 = EDGE_CURVE('',#2478,#2486,#2488,.T.);
#2486 = VERTEX_POINT('',#2487);
#2487 = CARTESIAN_POINT('',(-6.002221399786,-2.250485714286,
    11.443371428571));
#2488 = LINE('',#2489,#2490);
#2489 = CARTESIAN_POINT('',(-6.002221399786,-6.36662275923,
    9.786225345542));
#2490 = VECTOR('',#2491,1.);
#2491 = DIRECTION('',(0.,-0.927643517938,-0.373466870858));
#2492 = ORIENTED_EDGE('',*,*,#2493,.T.);
#2493 = EDGE_CURVE('',#2486,#1836,#2494,.T.);
#2494 = LINE('',#2495,#2496);
#2495 = CARTESIAN_POINT('',(-6.002221399786,-5.902860987346,
    10.40711611854));
#2496 = VECTOR('',#2497,1.);
#2497 = DIRECTION('',(0.,-0.962028866252,-0.272947724844));
#2498 = PLANE('',#2499);
#2499 = AXIS2_PLACEMENT_3D('',#2500,#2501,#2502);
#2500 = CARTESIAN_POINT('',(-6.002221399786,-6.002221399786,-3.));
#2501 = DIRECTION('',(1.,0.,-0.));
#2502 = DIRECTION('',(0.,0.,1.));
#2503 = ADVANCED_FACE('',(#2504),#2552,.F.);
#2504 = FACE_BOUND('',#2505,.F.);
#2505 = EDGE_LOOP('',(#2506,#2516,#2522,#2523,#2531,#2539,#2545,#2546));
#2506 = ORIENTED_EDGE('',*,*,#2507,.F.);
#2507 = EDGE_CURVE('',#2508,#2510,#2512,.T.);
#2508 = VERTEX_POINT('',#2509);
#2509 = CARTESIAN_POINT('',(6.002221399786,-6.002221399786,-3.));
#2510 = VERTEX_POINT('',#2511);
#2511 = CARTESIAN_POINT('',(6.002221399786,-6.002221399786,20.));
#2512 = LINE('',#2513,#2514);
#2513 = CARTESIAN_POINT('',(6.002221399786,-6.002221399786,-3.));
#2514 = VECTOR('',#2515,1.);
#2515 = DIRECTION('',(0.,0.,1.));
#2516 = ORIENTED_EDGE('',*,*,#2517,.F.);
#2517 = EDGE_CURVE('',#22,#2508,#2518,.T.);
#2518 = LINE('',#2519,#2520);
#2519 = CARTESIAN_POINT('',(-6.002221399786,-6.002221399786,-3.));
#2520 = VECTOR('',#2521,1.);
#2521 = DIRECTION('',(1.,0.,-0.));
#2522 = ORIENTED_EDGE('',*,*,#21,.T.);
#2523 = ORIENTED_EDGE('',*,*,#2524,.T.);
#2524 = EDGE_CURVE('',#24,#2525,#2527,.T.);
#2525 = VERTEX_POINT('',#2526);
#2526 = CARTESIAN_POINT('',(-5.502221399786,-6.002221399786,
    8.011527870617));
#2527 = LINE('',#2528,#2529);
#2528 = CARTESIAN_POINT('',(-6.052221399786,-6.002221399786,
    8.011527870617));
#2529 = VECTOR('',#2530,1.);
#2530 = DIRECTION('',(1.,0.,0.));
#2531 = ORIENTED_EDGE('',*,*,#2532,.T.);
#2532 = EDGE_CURVE('',#2525,#2533,#2535,.T.);
#2533 = VERTEX_POINT('',#2534);
#2534 = CARTESIAN_POINT('',(-5.502221399786,-6.002221399786,
    11.990417651011));
#2535 = LINE('',#2536,#2537);
#2536 = CARTESIAN_POINT('',(-5.502221399786,-6.002221399786,
    3.500507066937));
#2537 = VECTOR('',#2538,1.);
#2538 = DIRECTION('',(0.,0.,1.));
#2539 = ORIENTED_EDGE('',*,*,#2540,.T.);
#2540 = EDGE_CURVE('',#2533,#360,#2541,.T.);
#2541 = LINE('',#2542,#2543);
#2542 = CARTESIAN_POINT('',(-6.052221399786,-6.002221399786,
    11.990417651011));
#2543 = VECTOR('',#2544,1.);
#2544 = DIRECTION('',(-1.,0.,-0.));
#2545 = ORIENTED_EDGE('',*,*,#359,.T.);
#2546 = ORIENTED_EDGE('',*,*,#2547,.T.);
#2547 = EDGE_CURVE('',#352,#2510,#2548,.T.);
#2548 = LINE('',#2549,#2550);
#2549 = CARTESIAN_POINT('',(-6.002221399786,-6.002221399786,20.));
#2550 = VECTOR('',#2551,1.);
#2551 = DIRECTION('',(1.,0.,-0.));
#2552 = PLANE('',#2553);
#2553 = AXIS2_PLACEMENT_3D('',#2554,#2555,#2556);
#2554 = CARTESIAN_POINT('',(-6.002221399786,-6.002221399786,-3.));
#2555 = DIRECTION('',(-0.,1.,0.));
#2556 = DIRECTION('',(0.,0.,1.));
#2557 = ADVANCED_FACE('',(#2558),#2576,.T.);
#2558 = FACE_BOUND('',#2559,.T.);
#2559 = EDGE_LOOP('',(#2560,#2561,#2569,#2575));
#2560 = ORIENTED_EDGE('',*,*,#2524,.T.);
#2561 = ORIENTED_EDGE('',*,*,#2562,.T.);
#2562 = EDGE_CURVE('',#2525,#2563,#2565,.T.);
#2563 = VERTEX_POINT('',#2564);
#2564 = CARTESIAN_POINT('',(-5.502221399786,-5.975914285714,
    8.008957142857));
#2565 = LINE('',#2566,#2567);
#2566 = CARTESIAN_POINT('',(-5.502221399786,-6.032928571429,
    8.014528571429));
#2567 = VECTOR('',#2568,1.);
#2568 = DIRECTION('',(-0.,0.995259338689,-9.725661290117E-02));
#2569 = ORIENTED_EDGE('',*,*,#2570,.F.);
#2570 = EDGE_CURVE('',#640,#2563,#2571,.T.);
#2571 = LINE('',#2572,#2573);
#2572 = CARTESIAN_POINT('',(-6.102221399786,-5.975914285714,
    8.008957142857));
#2573 = VECTOR('',#2574,1.);
#2574 = DIRECTION('',(1.,0.,0.));
#2575 = ORIENTED_EDGE('',*,*,#647,.T.);
#2576 = PLANE('',#2577);
#2577 = AXIS2_PLACEMENT_3D('',#2578,#2579,#2580);
#2578 = CARTESIAN_POINT('',(-6.102221399786,-6.032928571429,
    8.014528571429));
#2579 = DIRECTION('',(-0.,9.725661290117E-02,0.995259338689));
#2580 = DIRECTION('',(0.,0.995259338689,-9.725661290117E-02));
#2581 = ADVANCED_FACE('',(#2582),#2600,.T.);
#2582 = FACE_BOUND('',#2583,.T.);
#2583 = EDGE_LOOP('',(#2584,#2585,#2586,#2594));
#2584 = ORIENTED_EDGE('',*,*,#639,.T.);
#2585 = ORIENTED_EDGE('',*,*,#2570,.T.);
#2586 = ORIENTED_EDGE('',*,*,#2587,.T.);
#2587 = EDGE_CURVE('',#2563,#2588,#2590,.T.);
#2588 = VERTEX_POINT('',#2589);
#2589 = CARTESIAN_POINT('',(-5.502221399786,-5.913142857143,8.0032));
#2590 = LINE('',#2591,#2592);
#2591 = CARTESIAN_POINT('',(-5.502221399786,-5.975914285714,
    8.008957142857));
#2592 = VECTOR('',#2593,1.);
#2593 = DIRECTION('',(-0.,0.995820439719,-9.133264387955E-02));
#2594 = ORIENTED_EDGE('',*,*,#2595,.F.);
#2595 = EDGE_CURVE('',#632,#2588,#2596,.T.);
#2596 = LINE('',#2597,#2598);
#2597 = CARTESIAN_POINT('',(-6.102221399786,-5.913142857143,8.0032));
#2598 = VECTOR('',#2599,1.);
#2599 = DIRECTION('',(1.,0.,0.));
#2600 = PLANE('',#2601);
#2601 = AXIS2_PLACEMENT_3D('',#2602,#2603,#2604);
#2602 = CARTESIAN_POINT('',(-6.102221399786,-5.975914285714,
    8.008957142857));
#2603 = DIRECTION('',(-0.,9.133264387955E-02,0.995820439719));
#2604 = DIRECTION('',(0.,0.995820439719,-9.133264387955E-02));
#2605 = ADVANCED_FACE('',(#2606),#2631,.T.);
#2606 = FACE_BOUND('',#2607,.T.);
#2607 = EDGE_LOOP('',(#2608,#2609,#2617,#2625));
#2608 = ORIENTED_EDGE('',*,*,#623,.T.);
#2609 = ORIENTED_EDGE('',*,*,#2610,.T.);
#2610 = EDGE_CURVE('',#624,#2611,#2613,.T.);
#2611 = VERTEX_POINT('',#2612);
#2612 = CARTESIAN_POINT('',(-5.502221399786,-5.011685714286,8.0032));
#2613 = LINE('',#2614,#2615);
#2614 = CARTESIAN_POINT('',(-6.102221399786,-5.011685714286,8.0032));
#2615 = VECTOR('',#2616,1.);
#2616 = DIRECTION('',(1.,0.,0.));
#2617 = ORIENTED_EDGE('',*,*,#2618,.T.);
#2618 = EDGE_CURVE('',#2611,#2619,#2621,.T.);
#2619 = VERTEX_POINT('',#2620);
#2620 = CARTESIAN_POINT('',(-5.502221399786,-4.983271428571,
    8.008957142857));
#2621 = LINE('',#2622,#2623);
#2622 = CARTESIAN_POINT('',(-5.502221399786,-5.011685714286,8.0032));
#2623 = VECTOR('',#2624,1.);
#2624 = DIRECTION('',(0.,0.980084827963,0.198579278868));
#2625 = ORIENTED_EDGE('',*,*,#2626,.F.);
#2626 = EDGE_CURVE('',#616,#2619,#2627,.T.);
#2627 = LINE('',#2628,#2629);
#2628 = CARTESIAN_POINT('',(-6.102221399786,-4.983271428571,
    8.008957142857));
#2629 = VECTOR('',#2630,1.);
#2630 = DIRECTION('',(1.,0.,0.));
#2631 = PLANE('',#2632);
#2632 = AXIS2_PLACEMENT_3D('',#2633,#2634,#2635);
#2633 = CARTESIAN_POINT('',(-6.102221399786,-5.011685714286,8.0032));
#2634 = DIRECTION('',(0.,-0.198579278868,0.980084827963));
#2635 = DIRECTION('',(0.,0.980084827963,0.198579278868));
#2636 = ADVANCED_FACE('',(#2637),#2655,.T.);
#2637 = FACE_BOUND('',#2638,.T.);
#2638 = EDGE_LOOP('',(#2639,#2640,#2641,#2649));
#2639 = ORIENTED_EDGE('',*,*,#615,.T.);
#2640 = ORIENTED_EDGE('',*,*,#2626,.T.);
#2641 = ORIENTED_EDGE('',*,*,#2642,.T.);
#2642 = EDGE_CURVE('',#2619,#2643,#2645,.T.);
#2643 = VERTEX_POINT('',#2644);
#2644 = CARTESIAN_POINT('',(-5.502221399786,-4.926071428571,
    8.020285714286));
#2645 = LINE('',#2646,#2647);
#2646 = CARTESIAN_POINT('',(-5.502221399786,-4.983271428571,
    8.008957142857));
#2647 = VECTOR('',#2648,1.);
#2648 = DIRECTION('',(0.,0.980946441599,0.194278353693));
#2649 = ORIENTED_EDGE('',*,*,#2650,.F.);
#2650 = EDGE_CURVE('',#608,#2643,#2651,.T.);
#2651 = LINE('',#2652,#2653);
#2652 = CARTESIAN_POINT('',(-6.102221399786,-4.926071428571,
    8.020285714286));
#2653 = VECTOR('',#2654,1.);
#2654 = DIRECTION('',(1.,0.,0.));
#2655 = PLANE('',#2656);
#2656 = AXIS2_PLACEMENT_3D('',#2657,#2658,#2659);
#2657 = CARTESIAN_POINT('',(-6.102221399786,-4.983271428571,
    8.008957142857));
#2658 = DIRECTION('',(0.,-0.194278353693,0.980946441599));
#2659 = DIRECTION('',(0.,0.980946441599,0.194278353693));
#2660 = ADVANCED_FACE('',(#2661),#2679,.T.);
#2661 = FACE_BOUND('',#2662,.T.);
#2662 = EDGE_LOOP('',(#2663,#2664,#2665,#2673));
#2663 = ORIENTED_EDGE('',*,*,#607,.T.);
#2664 = ORIENTED_EDGE('',*,*,#2650,.T.);
#2665 = ORIENTED_EDGE('',*,*,#2666,.T.);
#2666 = EDGE_CURVE('',#2643,#2667,#2669,.T.);
#2667 = VERTEX_POINT('',#2668);
#2668 = CARTESIAN_POINT('',(-5.502221399786,-4.880571428571,8.0318));
#2669 = LINE('',#2670,#2671);
#2670 = CARTESIAN_POINT('',(-5.502221399786,-4.926071428571,
    8.020285714286));
#2671 = VECTOR('',#2672,1.);
#2672 = DIRECTION('',(0.,0.969440203112,0.245327724869));
#2673 = ORIENTED_EDGE('',*,*,#2674,.F.);
#2674 = EDGE_CURVE('',#600,#2667,#2675,.T.);
#2675 = LINE('',#2676,#2677);
#2676 = CARTESIAN_POINT('',(-6.102221399786,-4.880571428571,8.0318));
#2677 = VECTOR('',#2678,1.);
#2678 = DIRECTION('',(1.,0.,0.));
#2679 = PLANE('',#2680);
#2680 = AXIS2_PLACEMENT_3D('',#2681,#2682,#2683);
#2681 = CARTESIAN_POINT('',(-6.102221399786,-4.926071428571,
    8.020285714286));
#2682 = DIRECTION('',(0.,-0.245327724869,0.969440203112));
#2683 = DIRECTION('',(0.,0.969440203112,0.245327724869));
#2684 = ADVANCED_FACE('',(#2685),#2703,.T.);
#2685 = FACE_BOUND('',#2686,.T.);
#2686 = EDGE_LOOP('',(#2687,#2688,#2689,#2697));
#2687 = ORIENTED_EDGE('',*,*,#599,.T.);
#2688 = ORIENTED_EDGE('',*,*,#2674,.T.);
#2689 = ORIENTED_EDGE('',*,*,#2690,.T.);
#2690 = EDGE_CURVE('',#2667,#2691,#2693,.T.);
#2691 = VERTEX_POINT('',#2692);
#2692 = CARTESIAN_POINT('',(-5.502221399786,-4.829128571429,
    8.054457142857));
#2693 = LINE('',#2694,#2695);
#2694 = CARTESIAN_POINT('',(-5.502221399786,-4.880571428571,8.0318));
#2695 = VECTOR('',#2696,1.);
#2696 = DIRECTION('',(0.,0.915168822915,0.403070745111));
#2697 = ORIENTED_EDGE('',*,*,#2698,.F.);
#2698 = EDGE_CURVE('',#592,#2691,#2699,.T.);
#2699 = LINE('',#2700,#2701);
#2700 = CARTESIAN_POINT('',(-6.102221399786,-4.829128571429,
    8.054457142857));
#2701 = VECTOR('',#2702,1.);
#2702 = DIRECTION('',(1.,0.,0.));
#2703 = PLANE('',#2704);
#2704 = AXIS2_PLACEMENT_3D('',#2705,#2706,#2707);
#2705 = CARTESIAN_POINT('',(-6.102221399786,-4.880571428571,8.0318));
#2706 = DIRECTION('',(0.,-0.403070745111,0.915168822915));
#2707 = DIRECTION('',(0.,0.915168822915,0.403070745111));
#2708 = ADVANCED_FACE('',(#2709),#2727,.T.);
#2709 = FACE_BOUND('',#2710,.T.);
#2710 = EDGE_LOOP('',(#2711,#2712,#2713,#2721));
#2711 = ORIENTED_EDGE('',*,*,#591,.T.);
#2712 = ORIENTED_EDGE('',*,*,#2698,.T.);
#2713 = ORIENTED_EDGE('',*,*,#2714,.T.);
#2714 = EDGE_CURVE('',#2691,#2715,#2717,.T.);
#2715 = VERTEX_POINT('',#2716);
#2716 = CARTESIAN_POINT('',(-5.502221399786,-4.783442857143,
    8.071728571429));
#2717 = LINE('',#2718,#2719);
#2718 = CARTESIAN_POINT('',(-5.502221399786,-4.829128571429,
    8.054457142857));
#2719 = VECTOR('',#2720,1.);
#2720 = DIRECTION('',(0.,0.93538826358,0.353622392329));
#2721 = ORIENTED_EDGE('',*,*,#2722,.F.);
#2722 = EDGE_CURVE('',#584,#2715,#2723,.T.);
#2723 = LINE('',#2724,#2725);
#2724 = CARTESIAN_POINT('',(-6.102221399786,-4.783442857143,
    8.071728571429));
#2725 = VECTOR('',#2726,1.);
#2726 = DIRECTION('',(1.,0.,0.));
#2727 = PLANE('',#2728);
#2728 = AXIS2_PLACEMENT_3D('',#2729,#2730,#2731);
#2729 = CARTESIAN_POINT('',(-6.102221399786,-4.829128571429,
    8.054457142857));
#2730 = DIRECTION('',(0.,-0.353622392329,0.93538826358));
#2731 = DIRECTION('',(0.,0.93538826358,0.353622392329));
#2732 = ADVANCED_FACE('',(#2733),#2751,.T.);
#2733 = FACE_BOUND('',#2734,.T.);
#2734 = EDGE_LOOP('',(#2735,#2736,#2737,#2745));
#2735 = ORIENTED_EDGE('',*,*,#583,.T.);
#2736 = ORIENTED_EDGE('',*,*,#2722,.T.);
#2737 = ORIENTED_EDGE('',*,*,#2738,.T.);
#2738 = EDGE_CURVE('',#2715,#2739,#2741,.T.);
#2739 = VERTEX_POINT('',#2740);
#2740 = CARTESIAN_POINT('',(-5.502221399786,-4.737942857143,
    8.100142857143));
#2741 = LINE('',#2742,#2743);
#2742 = CARTESIAN_POINT('',(-5.502221399786,-4.783442857143,
    8.071728571429));
#2743 = VECTOR('',#2744,1.);
#2744 = DIRECTION('',(0.,0.848192741916,0.529687712299));
#2745 = ORIENTED_EDGE('',*,*,#2746,.F.);
#2746 = EDGE_CURVE('',#576,#2739,#2747,.T.);
#2747 = LINE('',#2748,#2749);
#2748 = CARTESIAN_POINT('',(-6.102221399786,-4.737942857143,
    8.100142857143));
#2749 = VECTOR('',#2750,1.);
#2750 = DIRECTION('',(1.,0.,0.));
#2751 = PLANE('',#2752);
#2752 = AXIS2_PLACEMENT_3D('',#2753,#2754,#2755);
#2753 = CARTESIAN_POINT('',(-6.102221399786,-4.783442857143,
    8.071728571429));
#2754 = DIRECTION('',(0.,-0.529687712299,0.848192741916));
#2755 = DIRECTION('',(0.,0.848192741916,0.529687712299));
#2756 = ADVANCED_FACE('',(#2757),#2775,.T.);
#2757 = FACE_BOUND('',#2758,.T.);
#2758 = EDGE_LOOP('',(#2759,#2760,#2761,#2769));
#2759 = ORIENTED_EDGE('',*,*,#575,.T.);
#2760 = ORIENTED_EDGE('',*,*,#2746,.T.);
#2761 = ORIENTED_EDGE('',*,*,#2762,.T.);
#2762 = EDGE_CURVE('',#2739,#2763,#2765,.T.);
#2763 = VERTEX_POINT('',#2764);
#2764 = CARTESIAN_POINT('',(-5.502221399786,-4.698014285714,
    8.128742857143));
#2765 = LINE('',#2766,#2767);
#2766 = CARTESIAN_POINT('',(-5.502221399786,-4.737942857143,
    8.100142857143));
#2767 = VECTOR('',#2768,1.);
#2768 = DIRECTION('',(0.,0.812966296417,0.58231074255));
#2769 = ORIENTED_EDGE('',*,*,#2770,.F.);
#2770 = EDGE_CURVE('',#568,#2763,#2771,.T.);
#2771 = LINE('',#2772,#2773);
#2772 = CARTESIAN_POINT('',(-6.102221399786,-4.698014285714,
    8.128742857143));
#2773 = VECTOR('',#2774,1.);
#2774 = DIRECTION('',(1.,0.,0.));
#2775 = PLANE('',#2776);
#2776 = AXIS2_PLACEMENT_3D('',#2777,#2778,#2779);
#2777 = CARTESIAN_POINT('',(-6.102221399786,-4.737942857143,
    8.100142857143));
#2778 = DIRECTION('',(0.,-0.58231074255,0.812966296417));
#2779 = DIRECTION('',(0.,0.812966296417,0.58231074255));
#2780 = ADVANCED_FACE('',(#2781),#2799,.T.);
#2781 = FACE_BOUND('',#2782,.T.);
#2782 = EDGE_LOOP('',(#2783,#2784,#2785,#2793));
#2783 = ORIENTED_EDGE('',*,*,#567,.T.);
#2784 = ORIENTED_EDGE('',*,*,#2770,.T.);
#2785 = ORIENTED_EDGE('',*,*,#2786,.T.);
#2786 = EDGE_CURVE('',#2763,#2787,#2789,.T.);
#2787 = VERTEX_POINT('',#2788);
#2788 = CARTESIAN_POINT('',(-5.502221399786,-4.658085714286,
    8.168671428571));
#2789 = LINE('',#2790,#2791);
#2790 = CARTESIAN_POINT('',(-5.502221399786,-4.698014285714,
    8.128742857143));
#2791 = VECTOR('',#2792,1.);
#2792 = DIRECTION('',(0.,0.707106781187,0.707106781187));
#2793 = ORIENTED_EDGE('',*,*,#2794,.F.);
#2794 = EDGE_CURVE('',#560,#2787,#2795,.T.);
#2795 = LINE('',#2796,#2797);
#2796 = CARTESIAN_POINT('',(-6.102221399786,-4.658085714286,
    8.168671428571));
#2797 = VECTOR('',#2798,1.);
#2798 = DIRECTION('',(1.,0.,0.));
#2799 = PLANE('',#2800);
#2800 = AXIS2_PLACEMENT_3D('',#2801,#2802,#2803);
#2801 = CARTESIAN_POINT('',(-6.102221399786,-4.698014285714,
    8.128742857143));
#2802 = DIRECTION('',(0.,-0.707106781187,0.707106781187));
#2803 = DIRECTION('',(0.,0.707106781187,0.707106781187));
#2804 = ADVANCED_FACE('',(#2805),#2823,.T.);
#2805 = FACE_BOUND('',#2806,.T.);
#2806 = EDGE_LOOP('',(#2807,#2808,#2809,#2817));
#2807 = ORIENTED_EDGE('',*,*,#559,.T.);
#2808 = ORIENTED_EDGE('',*,*,#2794,.T.);
#2809 = ORIENTED_EDGE('',*,*,#2810,.T.);
#2810 = EDGE_CURVE('',#2787,#2811,#2813,.T.);
#2811 = VERTEX_POINT('',#2812);
#2812 = CARTESIAN_POINT('',(-5.502221399786,-4.623728571429,
    8.202842857143));
#2813 = LINE('',#2814,#2815);
#2814 = CARTESIAN_POINT('',(-5.502221399786,-4.658085714286,
    8.168671428571));
#2815 = VECTOR('',#2816,1.);
#2816 = DIRECTION('',(0.,0.70902045612,0.705187913114));
#2817 = ORIENTED_EDGE('',*,*,#2818,.F.);
#2818 = EDGE_CURVE('',#552,#2811,#2819,.T.);
#2819 = LINE('',#2820,#2821);
#2820 = CARTESIAN_POINT('',(-6.102221399786,-4.623728571429,
    8.202842857143));
#2821 = VECTOR('',#2822,1.);
#2822 = DIRECTION('',(1.,0.,0.));
#2823 = PLANE('',#2824);
#2824 = AXIS2_PLACEMENT_3D('',#2825,#2826,#2827);
#2825 = CARTESIAN_POINT('',(-6.102221399786,-4.658085714286,
    8.168671428571));
#2826 = DIRECTION('',(0.,-0.705187913114,0.70902045612));
#2827 = DIRECTION('',(0.,0.70902045612,0.705187913114));
#2828 = ADVANCED_FACE('',(#2829),#2847,.T.);
#2829 = FACE_BOUND('',#2830,.T.);
#2830 = EDGE_LOOP('',(#2831,#2832,#2833,#2841));
#2831 = ORIENTED_EDGE('',*,*,#551,.T.);
#2832 = ORIENTED_EDGE('',*,*,#2818,.T.);
#2833 = ORIENTED_EDGE('',*,*,#2834,.T.);
#2834 = EDGE_CURVE('',#2811,#2835,#2837,.T.);
#2835 = VERTEX_POINT('',#2836);
#2836 = CARTESIAN_POINT('',(-5.502221399786,-4.595314285714,8.2372));
#2837 = LINE('',#2838,#2839);
#2838 = CARTESIAN_POINT('',(-5.502221399786,-4.623728571429,
    8.202842857143));
#2839 = VECTOR('',#2840,1.);
#2840 = DIRECTION('',(0.,0.637311932213,0.770605931108));
#2841 = ORIENTED_EDGE('',*,*,#2842,.F.);
#2842 = EDGE_CURVE('',#544,#2835,#2843,.T.);
#2843 = LINE('',#2844,#2845);
#2844 = CARTESIAN_POINT('',(-6.102221399786,-4.595314285714,8.2372));
#2845 = VECTOR('',#2846,1.);
#2846 = DIRECTION('',(1.,0.,0.));
#2847 = PLANE('',#2848);
#2848 = AXIS2_PLACEMENT_3D('',#2849,#2850,#2851);
#2849 = CARTESIAN_POINT('',(-6.102221399786,-4.623728571429,
    8.202842857143));
#2850 = DIRECTION('',(0.,-0.770605931108,0.637311932213));
#2851 = DIRECTION('',(0.,0.637311932213,0.770605931108));
#2852 = ADVANCED_FACE('',(#2853),#2871,.T.);
#2853 = FACE_BOUND('',#2854,.T.);
#2854 = EDGE_LOOP('',(#2855,#2856,#2857,#2865));
#2855 = ORIENTED_EDGE('',*,*,#543,.T.);
#2856 = ORIENTED_EDGE('',*,*,#2842,.T.);
#2857 = ORIENTED_EDGE('',*,*,#2858,.T.);
#2858 = EDGE_CURVE('',#2835,#2859,#2861,.T.);
#2859 = VERTEX_POINT('',#2860);
#2860 = CARTESIAN_POINT('',(-5.502221399786,-4.566714285714,
    8.288457142857));
#2861 = LINE('',#2862,#2863);
#2862 = CARTESIAN_POINT('',(-5.502221399786,-4.595314285714,8.2372));
#2863 = VECTOR('',#2864,1.);
#2864 = DIRECTION('',(0.,0.487253947878,0.873260322171));
#2865 = ORIENTED_EDGE('',*,*,#2866,.F.);
#2866 = EDGE_CURVE('',#536,#2859,#2867,.T.);
#2867 = LINE('',#2868,#2869);
#2868 = CARTESIAN_POINT('',(-6.102221399786,-4.566714285714,
    8.288457142857));
#2869 = VECTOR('',#2870,1.);
#2870 = DIRECTION('',(1.,0.,0.));
#2871 = PLANE('',#2872);
#2872 = AXIS2_PLACEMENT_3D('',#2873,#2874,#2875);
#2873 = CARTESIAN_POINT('',(-6.102221399786,-4.595314285714,8.2372));
#2874 = DIRECTION('',(0.,-0.873260322171,0.487253947878));
#2875 = DIRECTION('',(0.,0.487253947878,0.873260322171));
#2876 = ADVANCED_FACE('',(#2877),#2895,.T.);
#2877 = FACE_BOUND('',#2878,.T.);
#2878 = EDGE_LOOP('',(#2879,#2880,#2881,#2889));
#2879 = ORIENTED_EDGE('',*,*,#535,.T.);
#2880 = ORIENTED_EDGE('',*,*,#2866,.T.);
#2881 = ORIENTED_EDGE('',*,*,#2882,.T.);
#2882 = EDGE_CURVE('',#2859,#2883,#2885,.T.);
#2883 = VERTEX_POINT('',#2884);
#2884 = CARTESIAN_POINT('',(-5.502221399786,-4.543871428571,
    8.328385714286));
#2885 = LINE('',#2886,#2887);
#2886 = CARTESIAN_POINT('',(-5.502221399786,-4.566714285714,
    8.288457142857));
#2887 = VECTOR('',#2888,1.);
#2888 = DIRECTION('',(0.,0.49657364983,0.867994591167));
#2889 = ORIENTED_EDGE('',*,*,#2890,.F.);
#2890 = EDGE_CURVE('',#528,#2883,#2891,.T.);
#2891 = LINE('',#2892,#2893);
#2892 = CARTESIAN_POINT('',(-6.102221399786,-4.543871428571,
    8.328385714286));
#2893 = VECTOR('',#2894,1.);
#2894 = DIRECTION('',(1.,0.,0.));
#2895 = PLANE('',#2896);
#2896 = AXIS2_PLACEMENT_3D('',#2897,#2898,#2899);
#2897 = CARTESIAN_POINT('',(-6.102221399786,-4.566714285714,
    8.288457142857));
#2898 = DIRECTION('',(0.,-0.867994591167,0.49657364983));
#2899 = DIRECTION('',(0.,0.49657364983,0.867994591167));
#2900 = ADVANCED_FACE('',(#2901),#2919,.T.);
#2901 = FACE_BOUND('',#2902,.T.);
#2902 = EDGE_LOOP('',(#2903,#2904,#2905,#2913));
#2903 = ORIENTED_EDGE('',*,*,#527,.T.);
#2904 = ORIENTED_EDGE('',*,*,#2890,.T.);
#2905 = ORIENTED_EDGE('',*,*,#2906,.T.);
#2906 = EDGE_CURVE('',#2883,#2907,#2909,.T.);
#2907 = VERTEX_POINT('',#2908);
#2908 = CARTESIAN_POINT('',(-5.502221399786,-4.526785714286,
    8.368314285714));
#2909 = LINE('',#2910,#2911);
#2910 = CARTESIAN_POINT('',(-5.502221399786,-4.543871428571,
    8.328385714286));
#2911 = VECTOR('',#2912,1.);
#2912 = DIRECTION('',(0.,0.393403152889,0.919366063816));
#2913 = ORIENTED_EDGE('',*,*,#2914,.F.);
#2914 = EDGE_CURVE('',#520,#2907,#2915,.T.);
#2915 = LINE('',#2916,#2917);
#2916 = CARTESIAN_POINT('',(-6.102221399786,-4.526785714286,
    8.368314285714));
#2917 = VECTOR('',#2918,1.);
#2918 = DIRECTION('',(1.,0.,0.));
#2919 = PLANE('',#2920);
#2920 = AXIS2_PLACEMENT_3D('',#2921,#2922,#2923);
#2921 = CARTESIAN_POINT('',(-6.102221399786,-4.543871428571,
    8.328385714286));
#2922 = DIRECTION('',(0.,-0.919366063816,0.393403152889));
#2923 = DIRECTION('',(0.,0.393403152889,0.919366063816));
#2924 = ADVANCED_FACE('',(#2925),#2943,.T.);
#2925 = FACE_BOUND('',#2926,.T.);
#2926 = EDGE_LOOP('',(#2927,#2928,#2929,#2937));
#2927 = ORIENTED_EDGE('',*,*,#519,.T.);
#2928 = ORIENTED_EDGE('',*,*,#2914,.T.);
#2929 = ORIENTED_EDGE('',*,*,#2930,.T.);
#2930 = EDGE_CURVE('',#2907,#2931,#2933,.T.);
#2931 = VERTEX_POINT('',#2932);
#2932 = CARTESIAN_POINT('',(-5.502221399786,-4.503942857143,
    8.425328571429));
#2933 = LINE('',#2934,#2935);
#2934 = CARTESIAN_POINT('',(-5.502221399786,-4.526785714286,
    8.368314285714));
#2935 = VECTOR('',#2936,1.);
#2936 = DIRECTION('',(0.,0.371911940969,0.928268015265));
#2937 = ORIENTED_EDGE('',*,*,#2938,.F.);
#2938 = EDGE_CURVE('',#512,#2931,#2939,.T.);
#2939 = LINE('',#2940,#2941);
#2940 = CARTESIAN_POINT('',(-6.102221399786,-4.503942857143,
    8.425328571429));
#2941 = VECTOR('',#2942,1.);
#2942 = DIRECTION('',(1.,0.,0.));
#2943 = PLANE('',#2944);
#2944 = AXIS2_PLACEMENT_3D('',#2945,#2946,#2947);
#2945 = CARTESIAN_POINT('',(-6.102221399786,-4.526785714286,
    8.368314285714));
#2946 = DIRECTION('',(0.,-0.928268015265,0.371911940969));
#2947 = DIRECTION('',(0.,0.371911940969,0.928268015265));
#2948 = ADVANCED_FACE('',(#2949),#2967,.T.);
#2949 = FACE_BOUND('',#2950,.T.);
#2950 = EDGE_LOOP('',(#2951,#2952,#2953,#2961));
#2951 = ORIENTED_EDGE('',*,*,#511,.T.);
#2952 = ORIENTED_EDGE('',*,*,#2938,.T.);
#2953 = ORIENTED_EDGE('',*,*,#2954,.T.);
#2954 = EDGE_CURVE('',#2931,#2955,#2957,.T.);
#2955 = VERTEX_POINT('',#2956);
#2956 = CARTESIAN_POINT('',(-5.502221399786,-4.498185714286,
    8.471014285714));
#2957 = LINE('',#2958,#2959);
#2958 = CARTESIAN_POINT('',(-5.502221399786,-4.503942857143,
    8.425328571429));
#2959 = VECTOR('',#2960,1.);
#2960 = DIRECTION('',(0.,0.125027446277,0.992153283358));
#2961 = ORIENTED_EDGE('',*,*,#2962,.F.);
#2962 = EDGE_CURVE('',#504,#2955,#2963,.T.);
#2963 = LINE('',#2964,#2965);
#2964 = CARTESIAN_POINT('',(-6.102221399786,-4.498185714286,
    8.471014285714));
#2965 = VECTOR('',#2966,1.);
#2966 = DIRECTION('',(1.,0.,0.));
#2967 = PLANE('',#2968);
#2968 = AXIS2_PLACEMENT_3D('',#2969,#2970,#2971);
#2969 = CARTESIAN_POINT('',(-6.102221399786,-4.503942857143,
    8.425328571429));
#2970 = DIRECTION('',(0.,-0.992153283358,0.125027446277));
#2971 = DIRECTION('',(0.,0.125027446277,0.992153283358));
#2972 = ADVANCED_FACE('',(#2973),#2991,.T.);
#2973 = FACE_BOUND('',#2974,.T.);
#2974 = EDGE_LOOP('',(#2975,#2976,#2977,#2985));
#2975 = ORIENTED_EDGE('',*,*,#503,.T.);
#2976 = ORIENTED_EDGE('',*,*,#2962,.T.);
#2977 = ORIENTED_EDGE('',*,*,#2978,.T.);
#2978 = EDGE_CURVE('',#2955,#2979,#2981,.T.);
#2979 = VERTEX_POINT('',#2980);
#2980 = CARTESIAN_POINT('',(-5.502221399786,-4.486857142857,
    8.528028571429));
#2981 = LINE('',#2982,#2983);
#2982 = CARTESIAN_POINT('',(-5.502221399786,-4.498185714286,
    8.471014285714));
#2983 = VECTOR('',#2984,1.);
#2984 = DIRECTION('',(0.,0.194887184279,0.980825665143));
#2985 = ORIENTED_EDGE('',*,*,#2986,.F.);
#2986 = EDGE_CURVE('',#496,#2979,#2987,.T.);
#2987 = LINE('',#2988,#2989);
#2988 = CARTESIAN_POINT('',(-6.102221399786,-4.486857142857,
    8.528028571429));
#2989 = VECTOR('',#2990,1.);
#2990 = DIRECTION('',(1.,0.,0.));
#2991 = PLANE('',#2992);
#2992 = AXIS2_PLACEMENT_3D('',#2993,#2994,#2995);
#2993 = CARTESIAN_POINT('',(-6.102221399786,-4.498185714286,
    8.471014285714));
#2994 = DIRECTION('',(0.,-0.980825665143,0.194887184279));
#2995 = DIRECTION('',(0.,0.194887184279,0.980825665143));
#2996 = ADVANCED_FACE('',(#2997),#3022,.T.);
#2997 = FACE_BOUND('',#2998,.T.);
#2998 = EDGE_LOOP('',(#2999,#3000,#3008,#3016));
#2999 = ORIENTED_EDGE('',*,*,#487,.T.);
#3000 = ORIENTED_EDGE('',*,*,#3001,.T.);
#3001 = EDGE_CURVE('',#488,#3002,#3004,.T.);
#3002 = VERTEX_POINT('',#3003);
#3003 = CARTESIAN_POINT('',(-5.502221399786,-4.486857142857,11.4378));
#3004 = LINE('',#3005,#3006);
#3005 = CARTESIAN_POINT('',(-6.102221399786,-4.486857142857,11.4378));
#3006 = VECTOR('',#3007,1.);
#3007 = DIRECTION('',(1.,0.,0.));
#3008 = ORIENTED_EDGE('',*,*,#3009,.T.);
#3009 = EDGE_CURVE('',#3002,#3010,#3012,.T.);
#3010 = VERTEX_POINT('',#3011);
#3011 = CARTESIAN_POINT('',(-5.502221399786,-4.492614285714,
    11.501128571429));
#3012 = LINE('',#3013,#3014);
#3013 = CARTESIAN_POINT('',(-5.502221399786,-4.486857142857,11.4378));
#3014 = VECTOR('',#3015,1.);
#3015 = DIRECTION('',(0.,-9.053574604252E-02,0.995893206468));
#3016 = ORIENTED_EDGE('',*,*,#3017,.F.);
#3017 = EDGE_CURVE('',#480,#3010,#3018,.T.);
#3018 = LINE('',#3019,#3020);
#3019 = CARTESIAN_POINT('',(-6.102221399786,-4.492614285714,
    11.501128571429));
#3020 = VECTOR('',#3021,1.);
#3021 = DIRECTION('',(1.,0.,0.));
#3022 = PLANE('',#3023);
#3023 = AXIS2_PLACEMENT_3D('',#3024,#3025,#3026);
#3024 = CARTESIAN_POINT('',(-6.102221399786,-4.486857142857,11.4378));
#3025 = DIRECTION('',(0.,-0.995893206468,-9.053574604252E-02));
#3026 = DIRECTION('',(0.,-9.053574604252E-02,0.995893206468));
#3027 = ADVANCED_FACE('',(#3028),#3046,.T.);
#3028 = FACE_BOUND('',#3029,.T.);
#3029 = EDGE_LOOP('',(#3030,#3031,#3032,#3040));
#3030 = ORIENTED_EDGE('',*,*,#479,.T.);
#3031 = ORIENTED_EDGE('',*,*,#3017,.T.);
#3032 = ORIENTED_EDGE('',*,*,#3033,.T.);
#3033 = EDGE_CURVE('',#3010,#3034,#3036,.T.);
#3034 = VERTEX_POINT('',#3035);
#3035 = CARTESIAN_POINT('',(-5.502221399786,-4.503942857143,
    11.564642857143));
#3036 = LINE('',#3037,#3038);
#3037 = CARTESIAN_POINT('',(-5.502221399786,-4.492614285714,
    11.501128571429));
#3038 = VECTOR('',#3039,1.);
#3039 = DIRECTION('',(0.,-0.175591378217,0.98446313689));
#3040 = ORIENTED_EDGE('',*,*,#3041,.F.);
#3041 = EDGE_CURVE('',#472,#3034,#3042,.T.);
#3042 = LINE('',#3043,#3044);
#3043 = CARTESIAN_POINT('',(-6.102221399786,-4.503942857143,
    11.564642857143));
#3044 = VECTOR('',#3045,1.);
#3045 = DIRECTION('',(1.,0.,0.));
#3046 = PLANE('',#3047);
#3047 = AXIS2_PLACEMENT_3D('',#3048,#3049,#3050);
#3048 = CARTESIAN_POINT('',(-6.102221399786,-4.492614285714,
    11.501128571429));
#3049 = DIRECTION('',(0.,-0.98446313689,-0.175591378217));
#3050 = DIRECTION('',(0.,-0.175591378217,0.98446313689));
#3051 = ADVANCED_FACE('',(#3052),#3070,.T.);
#3052 = FACE_BOUND('',#3053,.T.);
#3053 = EDGE_LOOP('',(#3054,#3055,#3056,#3064));
#3054 = ORIENTED_EDGE('',*,*,#471,.T.);
#3055 = ORIENTED_EDGE('',*,*,#3041,.T.);
#3056 = ORIENTED_EDGE('',*,*,#3057,.T.);
#3057 = EDGE_CURVE('',#3034,#3058,#3060,.T.);
#3058 = VERTEX_POINT('',#3059);
#3059 = CARTESIAN_POINT('',(-5.502221399786,-4.526785714286,
    11.633914285714));
#3060 = LINE('',#3061,#3062);
#3061 = CARTESIAN_POINT('',(-5.502221399786,-4.503942857143,
    11.564642857143));
#3062 = VECTOR('',#3063,1.);
#3063 = DIRECTION('',(0.,-0.313170801129,0.949696819685));
#3064 = ORIENTED_EDGE('',*,*,#3065,.F.);
#3065 = EDGE_CURVE('',#464,#3058,#3066,.T.);
#3066 = LINE('',#3067,#3068);
#3067 = CARTESIAN_POINT('',(-6.102221399786,-4.526785714286,
    11.633914285714));
#3068 = VECTOR('',#3069,1.);
#3069 = DIRECTION('',(1.,0.,0.));
#3070 = PLANE('',#3071);
#3071 = AXIS2_PLACEMENT_3D('',#3072,#3073,#3074);
#3072 = CARTESIAN_POINT('',(-6.102221399786,-4.503942857143,
    11.564642857143));
#3073 = DIRECTION('',(0.,-0.949696819685,-0.313170801129));
#3074 = DIRECTION('',(0.,-0.313170801129,0.949696819685));
#3075 = ADVANCED_FACE('',(#3076),#3094,.T.);
#3076 = FACE_BOUND('',#3077,.T.);
#3077 = EDGE_LOOP('',(#3078,#3079,#3080,#3088));
#3078 = ORIENTED_EDGE('',*,*,#463,.T.);
#3079 = ORIENTED_EDGE('',*,*,#3065,.T.);
#3080 = ORIENTED_EDGE('',*,*,#3081,.T.);
#3081 = EDGE_CURVE('',#3058,#3082,#3084,.T.);
#3082 = VERTEX_POINT('',#3083);
#3083 = CARTESIAN_POINT('',(-5.502221399786,-4.549628571429,
    11.685542857143));
#3084 = LINE('',#3085,#3086);
#3085 = CARTESIAN_POINT('',(-5.502221399786,-4.526785714286,
    11.633914285714));
#3086 = VECTOR('',#3087,1.);
#3087 = DIRECTION('',(0.,-0.404611830448,0.914488527354));
#3088 = ORIENTED_EDGE('',*,*,#3089,.F.);
#3089 = EDGE_CURVE('',#456,#3082,#3090,.T.);
#3090 = LINE('',#3091,#3092);
#3091 = CARTESIAN_POINT('',(-6.102221399786,-4.549628571429,
    11.685542857143));
#3092 = VECTOR('',#3093,1.);
#3093 = DIRECTION('',(1.,0.,0.));
#3094 = PLANE('',#3095);
#3095 = AXIS2_PLACEMENT_3D('',#3096,#3097,#3098);
#3096 = CARTESIAN_POINT('',(-6.102221399786,-4.526785714286,
    11.633914285714));
#3097 = DIRECTION('',(0.,-0.914488527354,-0.404611830448));
#3098 = DIRECTION('',(0.,-0.404611830448,0.914488527354));
#3099 = ADVANCED_FACE('',(#3100),#3118,.T.);
#3100 = FACE_BOUND('',#3101,.T.);
#3101 = EDGE_LOOP('',(#3102,#3103,#3104,#3112));
#3102 = ORIENTED_EDGE('',*,*,#455,.T.);
#3103 = ORIENTED_EDGE('',*,*,#3089,.T.);
#3104 = ORIENTED_EDGE('',*,*,#3105,.T.);
#3105 = EDGE_CURVE('',#3082,#3106,#3108,.T.);
#3106 = VERTEX_POINT('',#3107);
#3107 = CARTESIAN_POINT('',(-5.502221399786,-4.578228571429,11.7433));
#3108 = LINE('',#3109,#3110);
#3109 = CARTESIAN_POINT('',(-5.502221399786,-4.549628571429,
    11.685542857143));
#3110 = VECTOR('',#3111,1.);
#3111 = DIRECTION('',(0.,-0.443752442317,0.896149412731));
#3112 = ORIENTED_EDGE('',*,*,#3113,.F.);
#3113 = EDGE_CURVE('',#448,#3106,#3114,.T.);
#3114 = LINE('',#3115,#3116);
#3115 = CARTESIAN_POINT('',(-6.102221399786,-4.578228571429,11.7433));
#3116 = VECTOR('',#3117,1.);
#3117 = DIRECTION('',(1.,0.,0.));
#3118 = PLANE('',#3119);
#3119 = AXIS2_PLACEMENT_3D('',#3120,#3121,#3122);
#3120 = CARTESIAN_POINT('',(-6.102221399786,-4.549628571429,
    11.685542857143));
#3121 = DIRECTION('',(0.,-0.896149412731,-0.443752442317));
#3122 = DIRECTION('',(0.,-0.443752442317,0.896149412731));
#3123 = ADVANCED_FACE('',(#3124),#3142,.T.);
#3124 = FACE_BOUND('',#3125,.T.);
#3125 = EDGE_LOOP('',(#3126,#3127,#3128,#3136));
#3126 = ORIENTED_EDGE('',*,*,#447,.T.);
#3127 = ORIENTED_EDGE('',*,*,#3113,.T.);
#3128 = ORIENTED_EDGE('',*,*,#3129,.T.);
#3129 = EDGE_CURVE('',#3106,#3130,#3132,.T.);
#3130 = VERTEX_POINT('',#3131);
#3131 = CARTESIAN_POINT('',(-5.502221399786,-4.623728571429,
    11.800871428571));
#3132 = LINE('',#3133,#3134);
#3133 = CARTESIAN_POINT('',(-5.502221399786,-4.578228571429,11.7433));
#3134 = VECTOR('',#3135,1.);
#3135 = DIRECTION('',(0.,-0.620054492814,0.78455874601));
#3136 = ORIENTED_EDGE('',*,*,#3137,.F.);
#3137 = EDGE_CURVE('',#440,#3130,#3138,.T.);
#3138 = LINE('',#3139,#3140);
#3139 = CARTESIAN_POINT('',(-6.102221399786,-4.623728571429,
    11.800871428571));
#3140 = VECTOR('',#3141,1.);
#3141 = DIRECTION('',(1.,0.,0.));
#3142 = PLANE('',#3143);
#3143 = AXIS2_PLACEMENT_3D('',#3144,#3145,#3146);
#3144 = CARTESIAN_POINT('',(-6.102221399786,-4.578228571429,11.7433));
#3145 = DIRECTION('',(0.,-0.78455874601,-0.620054492814));
#3146 = DIRECTION('',(0.,-0.620054492814,0.78455874601));
#3147 = ADVANCED_FACE('',(#3148),#3166,.T.);
#3148 = FACE_BOUND('',#3149,.T.);
#3149 = EDGE_LOOP('',(#3150,#3151,#3152,#3160));
#3150 = ORIENTED_EDGE('',*,*,#439,.T.);
#3151 = ORIENTED_EDGE('',*,*,#3137,.T.);
#3152 = ORIENTED_EDGE('',*,*,#3153,.T.);
#3153 = EDGE_CURVE('',#3130,#3154,#3156,.T.);
#3154 = VERTEX_POINT('',#3155);
#3155 = CARTESIAN_POINT('',(-5.502221399786,-4.663657142857,
    11.847114285714));
#3156 = LINE('',#3157,#3158);
#3157 = CARTESIAN_POINT('',(-5.502221399786,-4.623728571429,
    11.800871428571));
#3158 = VECTOR('',#3159,1.);
#3159 = DIRECTION('',(0.,-0.653540726021,0.756891352462));
#3160 = ORIENTED_EDGE('',*,*,#3161,.F.);
#3161 = EDGE_CURVE('',#432,#3154,#3162,.T.);
#3162 = LINE('',#3163,#3164);
#3163 = CARTESIAN_POINT('',(-6.102221399786,-4.663657142857,
    11.847114285714));
#3164 = VECTOR('',#3165,1.);
#3165 = DIRECTION('',(1.,0.,0.));
#3166 = PLANE('',#3167);
#3167 = AXIS2_PLACEMENT_3D('',#3168,#3169,#3170);
#3168 = CARTESIAN_POINT('',(-6.102221399786,-4.623728571429,
    11.800871428571));
#3169 = DIRECTION('',(0.,-0.756891352462,-0.653540726021));
#3170 = DIRECTION('',(0.,-0.653540726021,0.756891352462));
#3171 = ADVANCED_FACE('',(#3172),#3190,.T.);
#3172 = FACE_BOUND('',#3173,.T.);
#3173 = EDGE_LOOP('',(#3174,#3175,#3176,#3184));
#3174 = ORIENTED_EDGE('',*,*,#431,.T.);
#3175 = ORIENTED_EDGE('',*,*,#3161,.T.);
#3176 = ORIENTED_EDGE('',*,*,#3177,.T.);
#3177 = EDGE_CURVE('',#3154,#3178,#3180,.T.);
#3178 = VERTEX_POINT('',#3179);
#3179 = CARTESIAN_POINT('',(-5.502221399786,-4.698014285714,11.8759));
#3180 = LINE('',#3181,#3182);
#3181 = CARTESIAN_POINT('',(-5.502221399786,-4.663657142857,
    11.847114285714));
#3182 = VECTOR('',#3183,1.);
#3183 = DIRECTION('',(0.,-0.76652048118,0.64221986261));
#3184 = ORIENTED_EDGE('',*,*,#3185,.F.);
#3185 = EDGE_CURVE('',#424,#3178,#3186,.T.);
#3186 = LINE('',#3187,#3188);
#3187 = CARTESIAN_POINT('',(-6.102221399786,-4.698014285714,11.8759));
#3188 = VECTOR('',#3189,1.);
#3189 = DIRECTION('',(1.,0.,0.));
#3190 = PLANE('',#3191);
#3191 = AXIS2_PLACEMENT_3D('',#3192,#3193,#3194);
#3192 = CARTESIAN_POINT('',(-6.102221399786,-4.663657142857,
    11.847114285714));
#3193 = DIRECTION('',(0.,-0.64221986261,-0.76652048118));
#3194 = DIRECTION('',(0.,-0.76652048118,0.64221986261));
#3195 = ADVANCED_FACE('',(#3196),#3214,.T.);
#3196 = FACE_BOUND('',#3197,.T.);
#3197 = EDGE_LOOP('',(#3198,#3199,#3200,#3208));
#3198 = ORIENTED_EDGE('',*,*,#423,.T.);
#3199 = ORIENTED_EDGE('',*,*,#3185,.T.);
#3200 = ORIENTED_EDGE('',*,*,#3201,.T.);
#3201 = EDGE_CURVE('',#3178,#3202,#3204,.T.);
#3202 = VERTEX_POINT('',#3203);
#3203 = CARTESIAN_POINT('',(-5.502221399786,-4.720857142857,
    11.892985714286));
#3204 = LINE('',#3205,#3206);
#3205 = CARTESIAN_POINT('',(-5.502221399786,-4.698014285714,11.8759));
#3206 = VECTOR('',#3207,1.);
#3207 = DIRECTION('',(0.,-0.80078057117,0.598957825591));
#3208 = ORIENTED_EDGE('',*,*,#3209,.F.);
#3209 = EDGE_CURVE('',#416,#3202,#3210,.T.);
#3210 = LINE('',#3211,#3212);
#3211 = CARTESIAN_POINT('',(-6.102221399786,-4.720857142857,
    11.892985714286));
#3212 = VECTOR('',#3213,1.);
#3213 = DIRECTION('',(1.,0.,0.));
#3214 = PLANE('',#3215);
#3215 = AXIS2_PLACEMENT_3D('',#3216,#3217,#3218);
#3216 = CARTESIAN_POINT('',(-6.102221399786,-4.698014285714,11.8759));
#3217 = DIRECTION('',(0.,-0.598957825591,-0.80078057117));
#3218 = DIRECTION('',(0.,-0.80078057117,0.598957825591));
#3219 = ADVANCED_FACE('',(#3220),#3238,.T.);
#3220 = FACE_BOUND('',#3221,.T.);
#3221 = EDGE_LOOP('',(#3222,#3223,#3224,#3232));
#3222 = ORIENTED_EDGE('',*,*,#415,.T.);
#3223 = ORIENTED_EDGE('',*,*,#3209,.T.);
#3224 = ORIENTED_EDGE('',*,*,#3225,.T.);
#3225 = EDGE_CURVE('',#3202,#3226,#3228,.T.);
#3226 = VERTEX_POINT('',#3227);
#3227 = CARTESIAN_POINT('',(-5.502221399786,-4.783442857143,
    11.933471428571));
#3228 = LINE('',#3229,#3230);
#3229 = CARTESIAN_POINT('',(-5.502221399786,-4.720857142857,
    11.892985714286));
#3230 = VECTOR('',#3231,1.);
#3231 = DIRECTION('',(0.,-0.839636996037,0.543147967763));
#3232 = ORIENTED_EDGE('',*,*,#3233,.F.);
#3233 = EDGE_CURVE('',#408,#3226,#3234,.T.);
#3234 = LINE('',#3235,#3236);
#3235 = CARTESIAN_POINT('',(-6.102221399786,-4.783442857143,
    11.933471428571));
#3236 = VECTOR('',#3237,1.);
#3237 = DIRECTION('',(1.,0.,0.));
#3238 = PLANE('',#3239);
#3239 = AXIS2_PLACEMENT_3D('',#3240,#3241,#3242);
#3240 = CARTESIAN_POINT('',(-6.102221399786,-4.720857142857,
    11.892985714286));
#3241 = DIRECTION('',(0.,-0.543147967763,-0.839636996037));
#3242 = DIRECTION('',(0.,-0.839636996037,0.543147967763));
#3243 = ADVANCED_FACE('',(#3244),#3262,.T.);
#3244 = FACE_BOUND('',#3245,.T.);
#3245 = EDGE_LOOP('',(#3246,#3247,#3248,#3256));
#3246 = ORIENTED_EDGE('',*,*,#407,.T.);
#3247 = ORIENTED_EDGE('',*,*,#3233,.T.);
#3248 = ORIENTED_EDGE('',*,*,#3249,.T.);
#3249 = EDGE_CURVE('',#3226,#3250,#3252,.T.);
#3250 = VERTEX_POINT('',#3251);
#3251 = CARTESIAN_POINT('',(-5.502221399786,-4.840642857143,
    11.962257142857));
#3252 = LINE('',#3253,#3254);
#3253 = CARTESIAN_POINT('',(-5.502221399786,-4.783442857143,
    11.933471428571));
#3254 = VECTOR('',#3255,1.);
#3255 = DIRECTION('',(0.,-0.893264098465,0.449532257344));
#3256 = ORIENTED_EDGE('',*,*,#3257,.F.);
#3257 = EDGE_CURVE('',#400,#3250,#3258,.T.);
#3258 = LINE('',#3259,#3260);
#3259 = CARTESIAN_POINT('',(-6.102221399786,-4.840642857143,
    11.962257142857));
#3260 = VECTOR('',#3261,1.);
#3261 = DIRECTION('',(1.,0.,0.));
#3262 = PLANE('',#3263);
#3263 = AXIS2_PLACEMENT_3D('',#3264,#3265,#3266);
#3264 = CARTESIAN_POINT('',(-6.102221399786,-4.783442857143,
    11.933471428571));
#3265 = DIRECTION('',(0.,-0.449532257344,-0.893264098465));
#3266 = DIRECTION('',(0.,-0.893264098465,0.449532257344));
#3267 = ADVANCED_FACE('',(#3268),#3286,.T.);
#3268 = FACE_BOUND('',#3269,.T.);
#3269 = EDGE_LOOP('',(#3270,#3271,#3272,#3280));
#3270 = ORIENTED_EDGE('',*,*,#399,.T.);
#3271 = ORIENTED_EDGE('',*,*,#3257,.T.);
#3272 = ORIENTED_EDGE('',*,*,#3273,.T.);
#3273 = EDGE_CURVE('',#3250,#3274,#3276,.T.);
#3274 = VERTEX_POINT('',#3275);
#3275 = CARTESIAN_POINT('',(-5.502221399786,-4.908985714286,
    11.985285714286));
#3276 = LINE('',#3277,#3278);
#3277 = CARTESIAN_POINT('',(-5.502221399786,-4.840642857143,
    11.962257142857));
#3278 = VECTOR('',#3279,1.);
#3279 = DIRECTION('',(0.,-0.947648212829,0.319316245627));
#3280 = ORIENTED_EDGE('',*,*,#3281,.F.);
#3281 = EDGE_CURVE('',#392,#3274,#3282,.T.);
#3282 = LINE('',#3283,#3284);
#3283 = CARTESIAN_POINT('',(-6.102221399786,-4.908985714286,
    11.985285714286));
#3284 = VECTOR('',#3285,1.);
#3285 = DIRECTION('',(1.,0.,0.));
#3286 = PLANE('',#3287);
#3287 = AXIS2_PLACEMENT_3D('',#3288,#3289,#3290);
#3288 = CARTESIAN_POINT('',(-6.102221399786,-4.840642857143,
    11.962257142857));
#3289 = DIRECTION('',(0.,-0.319316245627,-0.947648212829));
#3290 = DIRECTION('',(0.,-0.947648212829,0.319316245627));
#3291 = ADVANCED_FACE('',(#3292),#3310,.T.);
#3292 = FACE_BOUND('',#3293,.T.);
#3293 = EDGE_LOOP('',(#3294,#3295,#3296,#3304));
#3294 = ORIENTED_EDGE('',*,*,#391,.T.);
#3295 = ORIENTED_EDGE('',*,*,#3281,.T.);
#3296 = ORIENTED_EDGE('',*,*,#3297,.T.);
#3297 = EDGE_CURVE('',#3274,#3298,#3300,.T.);
#3298 = VERTEX_POINT('',#3299);
#3299 = CARTESIAN_POINT('',(-5.502221399786,-4.971757142857,11.9968));
#3300 = LINE('',#3301,#3302);
#3301 = CARTESIAN_POINT('',(-5.502221399786,-4.908985714286,
    11.985285714286));
#3302 = VECTOR('',#3303,1.);
#3303 = DIRECTION('',(0.,-0.983589347684,0.180421714664));
#3304 = ORIENTED_EDGE('',*,*,#3305,.F.);
#3305 = EDGE_CURVE('',#384,#3298,#3306,.T.);
#3306 = LINE('',#3307,#3308);
#3307 = CARTESIAN_POINT('',(-6.102221399786,-4.971757142857,11.9968));
#3308 = VECTOR('',#3309,1.);
#3309 = DIRECTION('',(1.,0.,0.));
#3310 = PLANE('',#3311);
#3311 = AXIS2_PLACEMENT_3D('',#3312,#3313,#3314);
#3312 = CARTESIAN_POINT('',(-6.102221399786,-4.908985714286,
    11.985285714286));
#3313 = DIRECTION('',(0.,-0.180421714664,-0.983589347684));
#3314 = DIRECTION('',(0.,-0.983589347684,0.180421714664));
#3315 = ADVANCED_FACE('',(#3316),#3341,.T.);
#3316 = FACE_BOUND('',#3317,.T.);
#3317 = EDGE_LOOP('',(#3318,#3319,#3327,#3335));
#3318 = ORIENTED_EDGE('',*,*,#375,.T.);
#3319 = ORIENTED_EDGE('',*,*,#3320,.T.);
#3320 = EDGE_CURVE('',#376,#3321,#3323,.T.);
#3321 = VERTEX_POINT('',#3322);
#3322 = CARTESIAN_POINT('',(-5.502221399786,-5.941742857143,11.9968));
#3323 = LINE('',#3324,#3325);
#3324 = CARTESIAN_POINT('',(-6.102221399786,-5.941742857143,11.9968));
#3325 = VECTOR('',#3326,1.);
#3326 = DIRECTION('',(1.,0.,0.));
#3327 = ORIENTED_EDGE('',*,*,#3328,.T.);
#3328 = EDGE_CURVE('',#3321,#3329,#3331,.T.);
#3329 = VERTEX_POINT('',#3330);
#3330 = CARTESIAN_POINT('',(-5.502221399786,-5.998757142857,
    11.991042857143));
#3331 = LINE('',#3332,#3333);
#3332 = CARTESIAN_POINT('',(-5.502221399786,-5.941742857143,11.9968));
#3333 = VECTOR('',#3334,1.);
#3334 = DIRECTION('',(0.,-0.994940461748,-0.100466300698));
#3335 = ORIENTED_EDGE('',*,*,#3336,.F.);
#3336 = EDGE_CURVE('',#368,#3329,#3337,.T.);
#3337 = LINE('',#3338,#3339);
#3338 = CARTESIAN_POINT('',(-6.102221399786,-5.998757142857,
    11.991042857143));
#3339 = VECTOR('',#3340,1.);
#3340 = DIRECTION('',(1.,0.,0.));
#3341 = PLANE('',#3342);
#3342 = AXIS2_PLACEMENT_3D('',#3343,#3344,#3345);
#3343 = CARTESIAN_POINT('',(-6.102221399786,-5.941742857143,11.9968));
#3344 = DIRECTION('',(0.,0.100466300698,-0.994940461748));
#3345 = DIRECTION('',(0.,-0.994940461748,-0.100466300698));
#3346 = ADVANCED_FACE('',(#3347),#3358,.T.);
#3347 = FACE_BOUND('',#3348,.T.);
#3348 = EDGE_LOOP('',(#3349,#3350,#3351,#3357));
#3349 = ORIENTED_EDGE('',*,*,#367,.T.);
#3350 = ORIENTED_EDGE('',*,*,#3336,.T.);
#3351 = ORIENTED_EDGE('',*,*,#3352,.T.);
#3352 = EDGE_CURVE('',#3329,#2533,#3353,.T.);
#3353 = LINE('',#3354,#3355);
#3354 = CARTESIAN_POINT('',(-5.502221399786,-5.998757142857,
    11.991042857143));
#3355 = VECTOR('',#3356,1.);
#3356 = DIRECTION('',(0.,-0.984101999614,-0.177604207031));
#3357 = ORIENTED_EDGE('',*,*,#2540,.T.);
#3358 = PLANE('',#3359);
#3359 = AXIS2_PLACEMENT_3D('',#3360,#3361,#3362);
#3360 = CARTESIAN_POINT('',(-6.102221399786,-5.998757142857,
    11.991042857143));
#3361 = DIRECTION('',(0.,0.177604207031,-0.984101999614));
#3362 = DIRECTION('',(0.,-0.984101999614,-0.177604207031));
#3363 = ADVANCED_FACE('',(#3364,#3382),#3426,.T.);
#3364 = FACE_BOUND('',#3365,.T.);
#3365 = EDGE_LOOP('',(#3366,#3367,#3368,#3376));
#3366 = ORIENTED_EDGE('',*,*,#351,.F.);
#3367 = ORIENTED_EDGE('',*,*,#2547,.T.);
#3368 = ORIENTED_EDGE('',*,*,#3369,.T.);
#3369 = EDGE_CURVE('',#2510,#3370,#3372,.T.);
#3370 = VERTEX_POINT('',#3371);
#3371 = CARTESIAN_POINT('',(6.002221399786,6.002221399786,20.));
#3372 = LINE('',#3373,#3374);
#3373 = CARTESIAN_POINT('',(6.002221399786,-6.002221399786,20.));
#3374 = VECTOR('',#3375,1.);
#3375 = DIRECTION('',(-0.,1.,0.));
#3376 = ORIENTED_EDGE('',*,*,#3377,.F.);
#3377 = EDGE_CURVE('',#344,#3370,#3378,.T.);
#3378 = LINE('',#3379,#3380);
#3379 = CARTESIAN_POINT('',(-6.002221399786,6.002221399786,20.));
#3380 = VECTOR('',#3381,1.);
#3381 = DIRECTION('',(1.,0.,-0.));
#3382 = FACE_BOUND('',#3383,.T.);
#3383 = EDGE_LOOP('',(#3384,#3393,#3400,#3407,#3414,#3421));
#3384 = ORIENTED_EDGE('',*,*,#3385,.F.);
#3385 = EDGE_CURVE('',#3386,#3388,#3390,.T.);
#3386 = VERTEX_POINT('',#3387);
#3387 = CARTESIAN_POINT('',(3.924828571525,4.435347913609E-16,20.));
#3388 = VERTEX_POINT('',#3389);
#3389 = CARTESIAN_POINT('',(1.962414285762,3.399001248439,20.));
#3390 = B_SPLINE_CURVE_WITH_KNOTS('',1,(#3391,#3392),.UNSPECIFIED.,.F.,
  .F.,(2,2),(0.,1.),.PIECEWISE_BEZIER_KNOTS.);
#3391 = CARTESIAN_POINT('',(3.924828571525,0.,20.));
#3392 = CARTESIAN_POINT('',(1.962414285762,3.399001248439,20.));
#3393 = ORIENTED_EDGE('',*,*,#3394,.F.);
#3394 = EDGE_CURVE('',#3395,#3386,#3397,.T.);
#3395 = VERTEX_POINT('',#3396);
#3396 = CARTESIAN_POINT('',(1.962414285762,-3.399001248439,20.));
#3397 = B_SPLINE_CURVE_WITH_KNOTS('',1,(#3398,#3399),.UNSPECIFIED.,.F.,
  .F.,(2,2),(0.,1.),.PIECEWISE_BEZIER_KNOTS.);
#3398 = CARTESIAN_POINT('',(1.962414285762,-3.399001248439,20.));
#3399 = CARTESIAN_POINT('',(3.924828571525,0.,20.));
#3400 = ORIENTED_EDGE('',*,*,#3401,.F.);
#3401 = EDGE_CURVE('',#3402,#3395,#3404,.T.);
#3402 = VERTEX_POINT('',#3403);
#3403 = CARTESIAN_POINT('',(-1.962414285762,-3.399001248439,20.));
#3404 = B_SPLINE_CURVE_WITH_KNOTS('',1,(#3405,#3406),.UNSPECIFIED.,.F.,
  .F.,(2,2),(0.,1.),.PIECEWISE_BEZIER_KNOTS.);
#3405 = CARTESIAN_POINT('',(-1.962414285762,-3.399001248439,20.));
#3406 = CARTESIAN_POINT('',(1.962414285762,-3.399001248439,20.));
#3407 = ORIENTED_EDGE('',*,*,#3408,.F.);
#3408 = EDGE_CURVE('',#3409,#3402,#3411,.T.);
#3409 = VERTEX_POINT('',#3410);
#3410 = CARTESIAN_POINT('',(-3.924828571525,-8.876240012109E-16,20.));
#3411 = B_SPLINE_CURVE_WITH_KNOTS('',1,(#3412,#3413),.UNSPECIFIED.,.F.,
  .F.,(2,2),(0.,1.),.PIECEWISE_BEZIER_KNOTS.);
#3412 = CARTESIAN_POINT('',(-3.924828571525,-8.881784197001E-16,20.));
#3413 = CARTESIAN_POINT('',(-1.962414285762,-3.399001248439,20.));
#3414 = ORIENTED_EDGE('',*,*,#3415,.F.);
#3415 = EDGE_CURVE('',#3416,#3409,#3418,.T.);
#3416 = VERTEX_POINT('',#3417);
#3417 = CARTESIAN_POINT('',(-1.962414285762,3.399001248439,20.));
#3418 = B_SPLINE_CURVE_WITH_KNOTS('',1,(#3419,#3420),.UNSPECIFIED.,.F.,
  .F.,(2,2),(0.,1.),.PIECEWISE_BEZIER_KNOTS.);
#3419 = CARTESIAN_POINT('',(-1.962414285762,3.399001248439,20.));
#3420 = CARTESIAN_POINT('',(-3.924828571525,-8.881784197001E-16,20.));
#3421 = ORIENTED_EDGE('',*,*,#3422,.F.);
#3422 = EDGE_CURVE('',#3388,#3416,#3423,.T.);
#3423 = B_SPLINE_CURVE_WITH_KNOTS('',1,(#3424,#3425),.UNSPECIFIED.,.F.,
  .F.,(2,2),(0.,1.),.PIECEWISE_BEZIER_KNOTS.);
#3424 = CARTESIAN_POINT('',(1.962414285762,3.399001248439,20.));
#3425 = CARTESIAN_POINT('',(-1.962414285762,3.399001248439,20.));
#3426 = PLANE('',#3427);
#3427 = AXIS2_PLACEMENT_3D('',#3428,#3429,#3430);
#3428 = CARTESIAN_POINT('',(-6.002221399786,-6.002221399786,20.));
#3429 = DIRECTION('',(0.,0.,1.));
#3430 = DIRECTION('',(1.,0.,-0.));
#3431 = ADVANCED_FACE('',(#3432),#3473,.T.);
#3432 = FACE_BOUND('',#3433,.T.);
#3433 = EDGE_LOOP('',(#3434,#3442,#3448,#3449,#3457,#3465,#3471,#3472));
#3434 = ORIENTED_EDGE('',*,*,#3435,.F.);
#3435 = EDGE_CURVE('',#3436,#3370,#3438,.T.);
#3436 = VERTEX_POINT('',#3437);
#3437 = CARTESIAN_POINT('',(6.002221399786,6.002221399786,-3.));
#3438 = LINE('',#3439,#3440);
#3439 = CARTESIAN_POINT('',(6.002221399786,6.002221399786,-3.));
#3440 = VECTOR('',#3441,1.);
#3441 = DIRECTION('',(0.,0.,1.));
#3442 = ORIENTED_EDGE('',*,*,#3443,.F.);
#3443 = EDGE_CURVE('',#32,#3436,#3444,.T.);
#3444 = LINE('',#3445,#3446);
#3445 = CARTESIAN_POINT('',(-6.002221399786,6.002221399786,-3.));
#3446 = VECTOR('',#3447,1.);
#3447 = DIRECTION('',(1.,0.,-0.));
#3448 = ORIENTED_EDGE('',*,*,#39,.T.);
#3449 = ORIENTED_EDGE('',*,*,#3450,.T.);
#3450 = EDGE_CURVE('',#40,#3451,#3453,.T.);
#3451 = VERTEX_POINT('',#3452);
#3452 = CARTESIAN_POINT('',(-5.502221399786,6.002221399786,
    11.426285714286));
#3453 = LINE('',#3454,#3455);
#3454 = CARTESIAN_POINT('',(-6.052221399786,6.002221399786,
    11.426285714286));
#3455 = VECTOR('',#3456,1.);
#3456 = DIRECTION('',(1.,0.,-0.));
#3457 = ORIENTED_EDGE('',*,*,#3458,.T.);
#3458 = EDGE_CURVE('',#3451,#3459,#3461,.T.);
#3459 = VERTEX_POINT('',#3460);
#3460 = CARTESIAN_POINT('',(-5.502221399786,6.002221399786,11.9968));
#3461 = LINE('',#3462,#3463);
#3462 = CARTESIAN_POINT('',(-5.502221399786,6.002221399786,
    3.703221744688));
#3463 = VECTOR('',#3464,1.);
#3464 = DIRECTION('',(0.,0.,1.));
#3465 = ORIENTED_EDGE('',*,*,#3466,.T.);
#3466 = EDGE_CURVE('',#3459,#336,#3467,.T.);
#3467 = LINE('',#3468,#3469);
#3468 = CARTESIAN_POINT('',(-6.052221399786,6.002221399786,11.9968));
#3469 = VECTOR('',#3470,1.);
#3470 = DIRECTION('',(-1.,0.,-0.));
#3471 = ORIENTED_EDGE('',*,*,#343,.T.);
#3472 = ORIENTED_EDGE('',*,*,#3377,.T.);
#3473 = PLANE('',#3474);
#3474 = AXIS2_PLACEMENT_3D('',#3475,#3476,#3477);
#3475 = CARTESIAN_POINT('',(-6.002221399786,6.002221399786,-3.));
#3476 = DIRECTION('',(-0.,1.,0.));
#3477 = DIRECTION('',(0.,0.,1.));
#3478 = ADVANCED_FACE('',(#3479),#3504,.T.);
#3479 = FACE_BOUND('',#3480,.T.);
#3480 = EDGE_LOOP('',(#3481,#3482,#3490,#3498));
#3481 = ORIENTED_EDGE('',*,*,#327,.T.);
#3482 = ORIENTED_EDGE('',*,*,#3483,.T.);
#3483 = EDGE_CURVE('',#328,#3484,#3486,.T.);
#3484 = VERTEX_POINT('',#3485);
#3485 = CARTESIAN_POINT('',(-5.502221399786,4.606642857143,11.9968));
#3486 = LINE('',#3487,#3488);
#3487 = CARTESIAN_POINT('',(-6.102221399786,4.606642857143,11.9968));
#3488 = VECTOR('',#3489,1.);
#3489 = DIRECTION('',(1.,0.,0.));
#3490 = ORIENTED_EDGE('',*,*,#3491,.T.);
#3491 = EDGE_CURVE('',#3484,#3492,#3494,.T.);
#3492 = VERTEX_POINT('',#3493);
#3493 = CARTESIAN_POINT('',(-5.502221399786,4.5838,11.991228571429));
#3494 = LINE('',#3495,#3496);
#3495 = CARTESIAN_POINT('',(-5.502221399786,4.606642857143,11.9968));
#3496 = VECTOR('',#3497,1.);
#3497 = DIRECTION('',(0.,-0.971520338783,-0.236956180191));
#3498 = ORIENTED_EDGE('',*,*,#3499,.F.);
#3499 = EDGE_CURVE('',#320,#3492,#3500,.T.);
#3500 = LINE('',#3501,#3502);
#3501 = CARTESIAN_POINT('',(-6.102221399786,4.5838,11.991228571429));
#3502 = VECTOR('',#3503,1.);
#3503 = DIRECTION('',(1.,0.,0.));
#3504 = PLANE('',#3505);
#3505 = AXIS2_PLACEMENT_3D('',#3506,#3507,#3508);
#3506 = CARTESIAN_POINT('',(-6.102221399786,4.606642857143,11.9968));
#3507 = DIRECTION('',(0.,0.236956180191,-0.971520338783));
#3508 = DIRECTION('',(0.,-0.971520338783,-0.236956180191));
#3509 = ADVANCED_FACE('',(#3510),#3528,.T.);
#3510 = FACE_BOUND('',#3511,.T.);
#3511 = EDGE_LOOP('',(#3512,#3513,#3514,#3522));
#3512 = ORIENTED_EDGE('',*,*,#319,.T.);
#3513 = ORIENTED_EDGE('',*,*,#3499,.T.);
#3514 = ORIENTED_EDGE('',*,*,#3515,.T.);
#3515 = EDGE_CURVE('',#3492,#3516,#3518,.T.);
#3516 = VERTEX_POINT('',#3517);
#3517 = CARTESIAN_POINT('',(-5.502221399786,4.566714285714,
    11.980457142857));
#3518 = LINE('',#3519,#3520);
#3519 = CARTESIAN_POINT('',(-5.502221399786,4.5838,11.991228571429));
#3520 = VECTOR('',#3521,1.);
#3521 = DIRECTION('',(0.,-0.845925602596,-0.533300923376));
#3522 = ORIENTED_EDGE('',*,*,#3523,.F.);
#3523 = EDGE_CURVE('',#312,#3516,#3524,.T.);
#3524 = LINE('',#3525,#3526);
#3525 = CARTESIAN_POINT('',(-6.102221399786,4.566714285714,
    11.980457142857));
#3526 = VECTOR('',#3527,1.);
#3527 = DIRECTION('',(1.,0.,0.));
#3528 = PLANE('',#3529);
#3529 = AXIS2_PLACEMENT_3D('',#3530,#3531,#3532);
#3530 = CARTESIAN_POINT('',(-6.102221399786,4.5838,11.991228571429));
#3531 = DIRECTION('',(0.,0.533300923376,-0.845925602596));
#3532 = DIRECTION('',(0.,-0.845925602596,-0.533300923376));
#3533 = ADVANCED_FACE('',(#3534),#3552,.T.);
#3534 = FACE_BOUND('',#3535,.T.);
#3535 = EDGE_LOOP('',(#3536,#3537,#3538,#3546));
#3536 = ORIENTED_EDGE('',*,*,#311,.T.);
#3537 = ORIENTED_EDGE('',*,*,#3523,.T.);
#3538 = ORIENTED_EDGE('',*,*,#3539,.T.);
#3539 = EDGE_CURVE('',#3516,#3540,#3542,.T.);
#3540 = VERTEX_POINT('',#3541);
#3541 = CARTESIAN_POINT('',(-5.502221399786,4.549628571429,
    11.969314285714));
#3542 = LINE('',#3543,#3544);
#3543 = CARTESIAN_POINT('',(-5.502221399786,4.566714285714,
    11.980457142857));
#3544 = VECTOR('',#3545,1.);
#3545 = DIRECTION('',(0.,-0.837610596839,-0.546267780547));
#3546 = ORIENTED_EDGE('',*,*,#3547,.F.);
#3547 = EDGE_CURVE('',#304,#3540,#3548,.T.);
#3548 = LINE('',#3549,#3550);
#3549 = CARTESIAN_POINT('',(-6.102221399786,4.549628571429,
    11.969314285714));
#3550 = VECTOR('',#3551,1.);
#3551 = DIRECTION('',(1.,0.,0.));
#3552 = PLANE('',#3553);
#3553 = AXIS2_PLACEMENT_3D('',#3554,#3555,#3556);
#3554 = CARTESIAN_POINT('',(-6.102221399786,4.566714285714,
    11.980457142857));
#3555 = DIRECTION('',(0.,0.546267780547,-0.837610596839));
#3556 = DIRECTION('',(0.,-0.837610596839,-0.546267780547));
#3557 = ADVANCED_FACE('',(#3558),#3576,.T.);
#3558 = FACE_BOUND('',#3559,.T.);
#3559 = EDGE_LOOP('',(#3560,#3561,#3562,#3570));
#3560 = ORIENTED_EDGE('',*,*,#303,.T.);
#3561 = ORIENTED_EDGE('',*,*,#3547,.T.);
#3562 = ORIENTED_EDGE('',*,*,#3563,.T.);
#3563 = EDGE_CURVE('',#3540,#3564,#3566,.T.);
#3564 = VERTEX_POINT('',#3565);
#3565 = CARTESIAN_POINT('',(-5.502221399786,4.532542857143,
    11.958357142857));
#3566 = LINE('',#3567,#3568);
#3567 = CARTESIAN_POINT('',(-5.502221399786,4.549628571429,
    11.969314285714));
#3568 = VECTOR('',#3569,1.);
#3569 = DIRECTION('',(0.,-0.841772532358,-0.539832384882));
#3570 = ORIENTED_EDGE('',*,*,#3571,.F.);
#3571 = EDGE_CURVE('',#296,#3564,#3572,.T.);
#3572 = LINE('',#3573,#3574);
#3573 = CARTESIAN_POINT('',(-6.102221399786,4.532542857143,
    11.958357142857));
#3574 = VECTOR('',#3575,1.);
#3575 = DIRECTION('',(1.,0.,0.));
#3576 = PLANE('',#3577);
#3577 = AXIS2_PLACEMENT_3D('',#3578,#3579,#3580);
#3578 = CARTESIAN_POINT('',(-6.102221399786,4.549628571429,
    11.969314285714));
#3579 = DIRECTION('',(0.,0.539832384882,-0.841772532358));
#3580 = DIRECTION('',(0.,-0.841772532358,-0.539832384882));
#3581 = ADVANCED_FACE('',(#3582),#3600,.T.);
#3582 = FACE_BOUND('',#3583,.T.);
#3583 = EDGE_LOOP('',(#3584,#3585,#3586,#3594));
#3584 = ORIENTED_EDGE('',*,*,#295,.T.);
#3585 = ORIENTED_EDGE('',*,*,#3571,.T.);
#3586 = ORIENTED_EDGE('',*,*,#3587,.T.);
#3587 = EDGE_CURVE('',#3564,#3588,#3590,.T.);
#3588 = VERTEX_POINT('',#3589);
#3589 = CARTESIAN_POINT('',(-5.502221399786,4.515457142857,
    11.942014285714));
#3590 = LINE('',#3591,#3592);
#3591 = CARTESIAN_POINT('',(-5.502221399786,4.532542857143,
    11.958357142857));
#3592 = VECTOR('',#3593,1.);
#3593 = DIRECTION('',(0.,-0.722641857148,-0.691222645967));
#3594 = ORIENTED_EDGE('',*,*,#3595,.F.);
#3595 = EDGE_CURVE('',#288,#3588,#3596,.T.);
#3596 = LINE('',#3597,#3598);
#3597 = CARTESIAN_POINT('',(-6.102221399786,4.515457142857,
    11.942014285714));
#3598 = VECTOR('',#3599,1.);
#3599 = DIRECTION('',(1.,0.,0.));
#3600 = PLANE('',#3601);
#3601 = AXIS2_PLACEMENT_3D('',#3602,#3603,#3604);
#3602 = CARTESIAN_POINT('',(-6.102221399786,4.532542857143,
    11.958357142857));
#3603 = DIRECTION('',(0.,0.691222645967,-0.722641857148));
#3604 = DIRECTION('',(0.,-0.722641857148,-0.691222645967));
#3605 = ADVANCED_FACE('',(#3606),#3624,.T.);
#3606 = FACE_BOUND('',#3607,.T.);
#3607 = EDGE_LOOP('',(#3608,#3609,#3610,#3618));
#3608 = ORIENTED_EDGE('',*,*,#287,.T.);
#3609 = ORIENTED_EDGE('',*,*,#3595,.T.);
#3610 = ORIENTED_EDGE('',*,*,#3611,.T.);
#3611 = EDGE_CURVE('',#3588,#3612,#3614,.T.);
#3612 = VERTEX_POINT('',#3613);
#3613 = CARTESIAN_POINT('',(-5.502221399786,4.503942857143,
    11.925671428571));
#3614 = LINE('',#3615,#3616);
#3615 = CARTESIAN_POINT('',(-5.502221399786,4.515457142857,
    11.942014285714));
#3616 = VECTOR('',#3617,1.);
#3617 = DIRECTION('',(0.,-0.575953532433,-0.817482433131));
#3618 = ORIENTED_EDGE('',*,*,#3619,.F.);
#3619 = EDGE_CURVE('',#280,#3612,#3620,.T.);
#3620 = LINE('',#3621,#3622);
#3621 = CARTESIAN_POINT('',(-6.102221399786,4.503942857143,
    11.925671428571));
#3622 = VECTOR('',#3623,1.);
#3623 = DIRECTION('',(1.,0.,0.));
#3624 = PLANE('',#3625);
#3625 = AXIS2_PLACEMENT_3D('',#3626,#3627,#3628);
#3626 = CARTESIAN_POINT('',(-6.102221399786,4.515457142857,
    11.942014285714));
#3627 = DIRECTION('',(0.,0.817482433131,-0.575953532433));
#3628 = DIRECTION('',(0.,-0.575953532433,-0.817482433131));
#3629 = ADVANCED_FACE('',(#3630),#3648,.T.);
#3630 = FACE_BOUND('',#3631,.T.);
#3631 = EDGE_LOOP('',(#3632,#3633,#3634,#3642));
#3632 = ORIENTED_EDGE('',*,*,#279,.T.);
#3633 = ORIENTED_EDGE('',*,*,#3619,.T.);
#3634 = ORIENTED_EDGE('',*,*,#3635,.T.);
#3635 = EDGE_CURVE('',#3612,#3636,#3638,.T.);
#3636 = VERTEX_POINT('',#3637);
#3637 = CARTESIAN_POINT('',(-5.502221399786,4.498185714286,
    11.908957142857));
#3638 = LINE('',#3639,#3640);
#3639 = CARTESIAN_POINT('',(-5.502221399786,4.503942857143,
    11.925671428571));
#3640 = VECTOR('',#3641,1.);
#3641 = DIRECTION('',(0.,-0.325666906351,-0.945484566827));
#3642 = ORIENTED_EDGE('',*,*,#3643,.F.);
#3643 = EDGE_CURVE('',#272,#3636,#3644,.T.);
#3644 = LINE('',#3645,#3646);
#3645 = CARTESIAN_POINT('',(-6.102221399786,4.498185714286,
    11.908957142857));
#3646 = VECTOR('',#3647,1.);
#3647 = DIRECTION('',(1.,0.,0.));
#3648 = PLANE('',#3649);
#3649 = AXIS2_PLACEMENT_3D('',#3650,#3651,#3652);
#3650 = CARTESIAN_POINT('',(-6.102221399786,4.503942857143,
    11.925671428571));
#3651 = DIRECTION('',(0.,0.945484566827,-0.325666906351));
#3652 = DIRECTION('',(0.,-0.325666906351,-0.945484566827));
#3653 = ADVANCED_FACE('',(#3654),#3672,.T.);
#3654 = FACE_BOUND('',#3655,.T.);
#3655 = EDGE_LOOP('',(#3656,#3657,#3658,#3666));
#3656 = ORIENTED_EDGE('',*,*,#271,.T.);
#3657 = ORIENTED_EDGE('',*,*,#3643,.T.);
#3658 = ORIENTED_EDGE('',*,*,#3659,.T.);
#3659 = EDGE_CURVE('',#3636,#3660,#3662,.T.);
#3660 = VERTEX_POINT('',#3661);
#3661 = CARTESIAN_POINT('',(-5.502221399786,4.486857142857,
    11.887228571429));
#3662 = LINE('',#3663,#3664);
#3663 = CARTESIAN_POINT('',(-5.502221399786,4.498185714286,
    11.908957142857));
#3664 = VECTOR('',#3665,1.);
#3665 = DIRECTION('',(0.,-0.462306978832,-0.886719943005));
#3666 = ORIENTED_EDGE('',*,*,#3667,.F.);
#3667 = EDGE_CURVE('',#264,#3660,#3668,.T.);
#3668 = LINE('',#3669,#3670);
#3669 = CARTESIAN_POINT('',(-6.102221399786,4.486857142857,
    11.887228571429));
#3670 = VECTOR('',#3671,1.);
#3671 = DIRECTION('',(1.,0.,0.));
#3672 = PLANE('',#3673);
#3673 = AXIS2_PLACEMENT_3D('',#3674,#3675,#3676);
#3674 = CARTESIAN_POINT('',(-6.102221399786,4.498185714286,
    11.908957142857));
#3675 = DIRECTION('',(0.,0.886719943005,-0.462306978832));
#3676 = DIRECTION('',(0.,-0.462306978832,-0.886719943005));
#3677 = ADVANCED_FACE('',(#3678),#3703,.T.);
#3678 = FACE_BOUND('',#3679,.T.);
#3679 = EDGE_LOOP('',(#3680,#3681,#3689,#3697));
#3680 = ORIENTED_EDGE('',*,*,#255,.T.);
#3681 = ORIENTED_EDGE('',*,*,#3682,.T.);
#3682 = EDGE_CURVE('',#256,#3683,#3685,.T.);
#3683 = VERTEX_POINT('',#3684);
#3684 = CARTESIAN_POINT('',(-5.502221399786,4.486857142857,
    11.553128571429));
#3685 = LINE('',#3686,#3687);
#3686 = CARTESIAN_POINT('',(-6.102221399786,4.486857142857,
    11.553128571429));
#3687 = VECTOR('',#3688,1.);
#3688 = DIRECTION('',(1.,0.,0.));
#3689 = ORIENTED_EDGE('',*,*,#3690,.T.);
#3690 = EDGE_CURVE('',#3683,#3691,#3693,.T.);
#3691 = VERTEX_POINT('',#3692);
#3692 = CARTESIAN_POINT('',(-5.502221399786,4.492614285714,
    11.522857142857));
#3693 = LINE('',#3694,#3695);
#3694 = CARTESIAN_POINT('',(-5.502221399786,4.486857142857,
    11.553128571429));
#3695 = VECTOR('',#3696,1.);
#3696 = DIRECTION('',(-0.,0.186835151334,-0.982391279596));
#3697 = ORIENTED_EDGE('',*,*,#3698,.F.);
#3698 = EDGE_CURVE('',#248,#3691,#3699,.T.);
#3699 = LINE('',#3700,#3701);
#3700 = CARTESIAN_POINT('',(-6.102221399786,4.492614285714,
    11.522857142857));
#3701 = VECTOR('',#3702,1.);
#3702 = DIRECTION('',(1.,0.,0.));
#3703 = PLANE('',#3704);
#3704 = AXIS2_PLACEMENT_3D('',#3705,#3706,#3707);
#3705 = CARTESIAN_POINT('',(-6.102221399786,4.486857142857,
    11.553128571429));
#3706 = DIRECTION('',(-0.,0.982391279596,0.186835151334));
#3707 = DIRECTION('',(0.,0.186835151334,-0.982391279596));
#3708 = ADVANCED_FACE('',(#3709),#3727,.T.);
#3709 = FACE_BOUND('',#3710,.T.);
#3710 = EDGE_LOOP('',(#3711,#3712,#3713,#3721));
#3711 = ORIENTED_EDGE('',*,*,#247,.T.);
#3712 = ORIENTED_EDGE('',*,*,#3698,.T.);
#3713 = ORIENTED_EDGE('',*,*,#3714,.T.);
#3714 = EDGE_CURVE('',#3691,#3715,#3717,.T.);
#3715 = VERTEX_POINT('',#3716);
#3716 = CARTESIAN_POINT('',(-5.502221399786,4.5097,11.492771428571));
#3717 = LINE('',#3718,#3719);
#3718 = CARTESIAN_POINT('',(-5.502221399786,4.492614285714,
    11.522857142857));
#3719 = VECTOR('',#3720,1.);
#3720 = DIRECTION('',(-0.,0.493824955141,-0.869561334053));
#3721 = ORIENTED_EDGE('',*,*,#3722,.F.);
#3722 = EDGE_CURVE('',#240,#3715,#3723,.T.);
#3723 = LINE('',#3724,#3725);
#3724 = CARTESIAN_POINT('',(-6.102221399786,4.5097,11.492771428571));
#3725 = VECTOR('',#3726,1.);
#3726 = DIRECTION('',(1.,0.,0.));
#3727 = PLANE('',#3728);
#3728 = AXIS2_PLACEMENT_3D('',#3729,#3730,#3731);
#3729 = CARTESIAN_POINT('',(-6.102221399786,4.492614285714,
    11.522857142857));
#3730 = DIRECTION('',(-0.,0.869561334053,0.493824955141));
#3731 = DIRECTION('',(0.,0.493824955141,-0.869561334053));
#3732 = ADVANCED_FACE('',(#3733),#3751,.T.);
#3733 = FACE_BOUND('',#3734,.T.);
#3734 = EDGE_LOOP('',(#3735,#3736,#3737,#3745));
#3735 = ORIENTED_EDGE('',*,*,#239,.T.);
#3736 = ORIENTED_EDGE('',*,*,#3722,.T.);
#3737 = ORIENTED_EDGE('',*,*,#3738,.T.);
#3738 = EDGE_CURVE('',#3715,#3739,#3741,.T.);
#3739 = VERTEX_POINT('',#3740);
#3740 = CARTESIAN_POINT('',(-5.502221399786,4.526785714286,
    11.468628571429));
#3741 = LINE('',#3742,#3743);
#3742 = CARTESIAN_POINT('',(-5.502221399786,4.5097,11.492771428571));
#3743 = VECTOR('',#3744,1.);
#3744 = DIRECTION('',(-0.,0.577668857514,-0.816271211705));
#3745 = ORIENTED_EDGE('',*,*,#3746,.F.);
#3746 = EDGE_CURVE('',#232,#3739,#3747,.T.);
#3747 = LINE('',#3748,#3749);
#3748 = CARTESIAN_POINT('',(-6.102221399786,4.526785714286,
    11.468628571429));
#3749 = VECTOR('',#3750,1.);
#3750 = DIRECTION('',(1.,0.,0.));
#3751 = PLANE('',#3752);
#3752 = AXIS2_PLACEMENT_3D('',#3753,#3754,#3755);
#3753 = CARTESIAN_POINT('',(-6.102221399786,4.5097,11.492771428571));
#3754 = DIRECTION('',(-0.,0.816271211705,0.577668857514));
#3755 = DIRECTION('',(0.,0.577668857514,-0.816271211705));
#3756 = ADVANCED_FACE('',(#3757),#3775,.T.);
#3757 = FACE_BOUND('',#3758,.T.);
#3758 = EDGE_LOOP('',(#3759,#3760,#3761,#3769));
#3759 = ORIENTED_EDGE('',*,*,#231,.T.);
#3760 = ORIENTED_EDGE('',*,*,#3746,.T.);
#3761 = ORIENTED_EDGE('',*,*,#3762,.T.);
#3762 = EDGE_CURVE('',#3739,#3763,#3765,.T.);
#3763 = VERTEX_POINT('',#3764);
#3764 = CARTESIAN_POINT('',(-5.502221399786,4.549628571429,11.4443));
#3765 = LINE('',#3766,#3767);
#3766 = CARTESIAN_POINT('',(-5.502221399786,4.526785714286,
    11.468628571429));
#3767 = VECTOR('',#3768,1.);
#3768 = DIRECTION('',(-0.,0.68449627479,-0.729016357703));
#3769 = ORIENTED_EDGE('',*,*,#3770,.F.);
#3770 = EDGE_CURVE('',#224,#3763,#3771,.T.);
#3771 = LINE('',#3772,#3773);
#3772 = CARTESIAN_POINT('',(-6.102221399786,4.549628571429,11.4443));
#3773 = VECTOR('',#3774,1.);
#3774 = DIRECTION('',(1.,0.,0.));
#3775 = PLANE('',#3776);
#3776 = AXIS2_PLACEMENT_3D('',#3777,#3778,#3779);
#3777 = CARTESIAN_POINT('',(-6.102221399786,4.526785714286,
    11.468628571429));
#3778 = DIRECTION('',(-0.,0.729016357703,0.68449627479));
#3779 = DIRECTION('',(0.,0.68449627479,-0.729016357703));
#3780 = ADVANCED_FACE('',(#3781),#3799,.T.);
#3781 = FACE_BOUND('',#3782,.T.);
#3782 = EDGE_LOOP('',(#3783,#3784,#3785,#3793));
#3783 = ORIENTED_EDGE('',*,*,#223,.T.);
#3784 = ORIENTED_EDGE('',*,*,#3770,.T.);
#3785 = ORIENTED_EDGE('',*,*,#3786,.T.);
#3786 = EDGE_CURVE('',#3763,#3787,#3789,.T.);
#3787 = VERTEX_POINT('',#3788);
#3788 = CARTESIAN_POINT('',(-5.502221399786,4.566714285714,
    11.438357142857));
#3789 = LINE('',#3790,#3791);
#3790 = CARTESIAN_POINT('',(-5.502221399786,4.549628571429,11.4443));
#3791 = VECTOR('',#3792,1.);
#3792 = DIRECTION('',(-0.,0.944496796706,-0.328520624941));
#3793 = ORIENTED_EDGE('',*,*,#3794,.F.);
#3794 = EDGE_CURVE('',#216,#3787,#3795,.T.);
#3795 = LINE('',#3796,#3797);
#3796 = CARTESIAN_POINT('',(-6.102221399786,4.566714285714,
    11.438357142857));
#3797 = VECTOR('',#3798,1.);
#3798 = DIRECTION('',(1.,0.,0.));
#3799 = PLANE('',#3800);
#3800 = AXIS2_PLACEMENT_3D('',#3801,#3802,#3803);
#3801 = CARTESIAN_POINT('',(-6.102221399786,4.549628571429,11.4443));
#3802 = DIRECTION('',(-0.,0.328520624941,0.944496796706));
#3803 = DIRECTION('',(0.,0.944496796706,-0.328520624941));
#3804 = ADVANCED_FACE('',(#3805),#3823,.T.);
#3805 = FACE_BOUND('',#3806,.T.);
#3806 = EDGE_LOOP('',(#3807,#3808,#3809,#3817));
#3807 = ORIENTED_EDGE('',*,*,#215,.T.);
#3808 = ORIENTED_EDGE('',*,*,#3794,.T.);
#3809 = ORIENTED_EDGE('',*,*,#3810,.T.);
#3810 = EDGE_CURVE('',#3787,#3811,#3813,.T.);
#3811 = VERTEX_POINT('',#3812);
#3812 = CARTESIAN_POINT('',(-5.502221399786,4.5838,11.426285714286));
#3813 = LINE('',#3814,#3815);
#3814 = CARTESIAN_POINT('',(-5.502221399786,4.566714285714,
    11.438357142857));
#3815 = VECTOR('',#3816,1.);
#3816 = DIRECTION('',(-0.,0.816721763686,-0.577031680865));
#3817 = ORIENTED_EDGE('',*,*,#3818,.F.);
#3818 = EDGE_CURVE('',#208,#3811,#3819,.T.);
#3819 = LINE('',#3820,#3821);
#3820 = CARTESIAN_POINT('',(-6.102221399786,4.5838,11.426285714286));
#3821 = VECTOR('',#3822,1.);
#3822 = DIRECTION('',(1.,0.,0.));
#3823 = PLANE('',#3824);
#3824 = AXIS2_PLACEMENT_3D('',#3825,#3826,#3827);
#3825 = CARTESIAN_POINT('',(-6.102221399786,4.566714285714,
    11.438357142857));
#3826 = DIRECTION('',(-0.,0.577031680865,0.816721763686));
#3827 = DIRECTION('',(0.,0.816721763686,-0.577031680865));
#3828 = ADVANCED_FACE('',(#3829),#3854,.T.);
#3829 = FACE_BOUND('',#3830,.T.);
#3830 = EDGE_LOOP('',(#3831,#3832,#3840,#3848));
#3831 = ORIENTED_EDGE('',*,*,#199,.T.);
#3832 = ORIENTED_EDGE('',*,*,#3833,.T.);
#3833 = EDGE_CURVE('',#200,#3834,#3836,.T.);
#3834 = VERTEX_POINT('',#3835);
#3835 = CARTESIAN_POINT('',(-5.502221399786,5.2,11.426285714286));
#3836 = LINE('',#3837,#3838);
#3837 = CARTESIAN_POINT('',(-6.102221399786,5.2,11.426285714286));
#3838 = VECTOR('',#3839,1.);
#3839 = DIRECTION('',(1.,0.,0.));
#3840 = ORIENTED_EDGE('',*,*,#3841,.T.);
#3841 = EDGE_CURVE('',#3834,#3842,#3844,.T.);
#3842 = VERTEX_POINT('',#3843);
#3843 = CARTESIAN_POINT('',(-5.502221399786,5.2,8.140071428571));
#3844 = LINE('',#3845,#3846);
#3845 = CARTESIAN_POINT('',(-5.502221399786,5.2,11.426285714286));
#3846 = VECTOR('',#3847,1.);
#3847 = DIRECTION('',(0.,-0.,-1.));
#3848 = ORIENTED_EDGE('',*,*,#3849,.F.);
#3849 = EDGE_CURVE('',#192,#3842,#3850,.T.);
#3850 = LINE('',#3851,#3852);
#3851 = CARTESIAN_POINT('',(-6.102221399786,5.2,8.140071428571));
#3852 = VECTOR('',#3853,1.);
#3853 = DIRECTION('',(1.,0.,0.));
#3854 = PLANE('',#3855);
#3855 = AXIS2_PLACEMENT_3D('',#3856,#3857,#3858);
#3856 = CARTESIAN_POINT('',(-6.102221399786,5.2,11.426285714286));
#3857 = DIRECTION('',(0.,1.,-0.));
#3858 = DIRECTION('',(0.,-0.,-1.));
#3859 = ADVANCED_FACE('',(#3860),#3878,.T.);
#3860 = FACE_BOUND('',#3861,.T.);
#3861 = EDGE_LOOP('',(#3862,#3863,#3864,#3872));
#3862 = ORIENTED_EDGE('',*,*,#191,.T.);
#3863 = ORIENTED_EDGE('',*,*,#3849,.T.);
#3864 = ORIENTED_EDGE('',*,*,#3865,.T.);
#3865 = EDGE_CURVE('',#3842,#3866,#3868,.T.);
#3866 = VERTEX_POINT('',#3867);
#3867 = CARTESIAN_POINT('',(-5.502221399786,5.205757142857,
    8.117228571429));
#3868 = LINE('',#3869,#3870);
#3869 = CARTESIAN_POINT('',(-5.502221399786,5.2,8.140071428571));
#3870 = VECTOR('',#3871,1.);
#3871 = DIRECTION('',(-0.,0.244390135281,-0.969676988372));
#3872 = ORIENTED_EDGE('',*,*,#3873,.F.);
#3873 = EDGE_CURVE('',#184,#3866,#3874,.T.);
#3874 = LINE('',#3875,#3876);
#3875 = CARTESIAN_POINT('',(-6.102221399786,5.205757142857,
    8.117228571429));
#3876 = VECTOR('',#3877,1.);
#3877 = DIRECTION('',(1.,0.,0.));
#3878 = PLANE('',#3879);
#3879 = AXIS2_PLACEMENT_3D('',#3880,#3881,#3882);
#3880 = CARTESIAN_POINT('',(-6.102221399786,5.2,8.140071428571));
#3881 = DIRECTION('',(-0.,0.969676988372,0.244390135281));
#3882 = DIRECTION('',(0.,0.244390135281,-0.969676988372));
#3883 = ADVANCED_FACE('',(#3884),#3902,.T.);
#3884 = FACE_BOUND('',#3885,.T.);
#3885 = EDGE_LOOP('',(#3886,#3887,#3888,#3896));
#3886 = ORIENTED_EDGE('',*,*,#183,.T.);
#3887 = ORIENTED_EDGE('',*,*,#3873,.T.);
#3888 = ORIENTED_EDGE('',*,*,#3889,.T.);
#3889 = EDGE_CURVE('',#3866,#3890,#3892,.T.);
#3890 = VERTEX_POINT('',#3891);
#3891 = CARTESIAN_POINT('',(-5.502221399786,5.211328571429,
    8.088814285714));
#3892 = LINE('',#3893,#3894);
#3893 = CARTESIAN_POINT('',(-5.502221399786,5.205757142857,
    8.117228571429));
#3894 = VECTOR('',#3895,1.);
#3895 = DIRECTION('',(-0.,0.192414460721,-0.981313749677));
#3896 = ORIENTED_EDGE('',*,*,#3897,.F.);
#3897 = EDGE_CURVE('',#176,#3890,#3898,.T.);
#3898 = LINE('',#3899,#3900);
#3899 = CARTESIAN_POINT('',(-6.102221399786,5.211328571429,
    8.088814285714));
#3900 = VECTOR('',#3901,1.);
#3901 = DIRECTION('',(1.,0.,0.));
#3902 = PLANE('',#3903);
#3903 = AXIS2_PLACEMENT_3D('',#3904,#3905,#3906);
#3904 = CARTESIAN_POINT('',(-6.102221399786,5.205757142857,
    8.117228571429));
#3905 = DIRECTION('',(-0.,0.981313749677,0.192414460721));
#3906 = DIRECTION('',(0.,0.192414460721,-0.981313749677));
#3907 = ADVANCED_FACE('',(#3908),#3926,.T.);
#3908 = FACE_BOUND('',#3909,.T.);
#3909 = EDGE_LOOP('',(#3910,#3911,#3912,#3920));
#3910 = ORIENTED_EDGE('',*,*,#175,.T.);
#3911 = ORIENTED_EDGE('',*,*,#3897,.T.);
#3912 = ORIENTED_EDGE('',*,*,#3913,.T.);
#3913 = EDGE_CURVE('',#3890,#3914,#3916,.T.);
#3914 = VERTEX_POINT('',#3915);
#3915 = CARTESIAN_POINT('',(-5.502221399786,5.222842857143,
    8.071728571429));
#3916 = LINE('',#3917,#3918);
#3917 = CARTESIAN_POINT('',(-5.502221399786,5.211328571429,
    8.088814285714));
#3918 = VECTOR('',#3919,1.);
#3919 = DIRECTION('',(-0.,0.558853462072,-0.829266427591));
#3920 = ORIENTED_EDGE('',*,*,#3921,.F.);
#3921 = EDGE_CURVE('',#168,#3914,#3922,.T.);
#3922 = LINE('',#3923,#3924);
#3923 = CARTESIAN_POINT('',(-6.102221399786,5.222842857143,
    8.071728571429));
#3924 = VECTOR('',#3925,1.);
#3925 = DIRECTION('',(1.,0.,0.));
#3926 = PLANE('',#3927);
#3927 = AXIS2_PLACEMENT_3D('',#3928,#3929,#3930);
#3928 = CARTESIAN_POINT('',(-6.102221399786,5.211328571429,
    8.088814285714));
#3929 = DIRECTION('',(-0.,0.829266427591,0.558853462072));
#3930 = DIRECTION('',(0.,0.558853462072,-0.829266427591));
#3931 = ADVANCED_FACE('',(#3932),#3950,.T.);
#3932 = FACE_BOUND('',#3933,.T.);
#3933 = EDGE_LOOP('',(#3934,#3935,#3936,#3944));
#3934 = ORIENTED_EDGE('',*,*,#167,.T.);
#3935 = ORIENTED_EDGE('',*,*,#3921,.T.);
#3936 = ORIENTED_EDGE('',*,*,#3937,.T.);
#3937 = EDGE_CURVE('',#3914,#3938,#3940,.T.);
#3938 = VERTEX_POINT('',#3939);
#3939 = CARTESIAN_POINT('',(-5.502221399786,5.234171428571,
    8.048885714286));
#3940 = LINE('',#3941,#3942);
#3941 = CARTESIAN_POINT('',(-5.502221399786,5.222842857143,
    8.071728571429));
#3942 = VECTOR('',#3943,1.);
#3943 = DIRECTION('',(-0.,0.444297794845,-0.895879160097));
#3944 = ORIENTED_EDGE('',*,*,#3945,.F.);
#3945 = EDGE_CURVE('',#160,#3938,#3946,.T.);
#3946 = LINE('',#3947,#3948);
#3947 = CARTESIAN_POINT('',(-6.102221399786,5.234171428571,
    8.048885714286));
#3948 = VECTOR('',#3949,1.);
#3949 = DIRECTION('',(1.,0.,0.));
#3950 = PLANE('',#3951);
#3951 = AXIS2_PLACEMENT_3D('',#3952,#3953,#3954);
#3952 = CARTESIAN_POINT('',(-6.102221399786,5.222842857143,
    8.071728571429));
#3953 = DIRECTION('',(-0.,0.895879160097,0.444297794845));
#3954 = DIRECTION('',(0.,0.444297794845,-0.895879160097));
#3955 = ADVANCED_FACE('',(#3956),#3974,.T.);
#3956 = FACE_BOUND('',#3957,.T.);
#3957 = EDGE_LOOP('',(#3958,#3959,#3960,#3968));
#3958 = ORIENTED_EDGE('',*,*,#159,.T.);
#3959 = ORIENTED_EDGE('',*,*,#3945,.T.);
#3960 = ORIENTED_EDGE('',*,*,#3961,.T.);
#3961 = EDGE_CURVE('',#3938,#3962,#3964,.T.);
#3962 = VERTEX_POINT('',#3963);
#3963 = CARTESIAN_POINT('',(-5.502221399786,5.257014285714,8.0318));
#3964 = LINE('',#3965,#3966);
#3965 = CARTESIAN_POINT('',(-5.502221399786,5.234171428571,
    8.048885714286));
#3966 = VECTOR('',#3967,1.);
#3967 = DIRECTION('',(-0.,0.80078057117,-0.598957825591));
#3968 = ORIENTED_EDGE('',*,*,#3969,.F.);
#3969 = EDGE_CURVE('',#152,#3962,#3970,.T.);
#3970 = LINE('',#3971,#3972);
#3971 = CARTESIAN_POINT('',(-6.102221399786,5.257014285714,8.0318));
#3972 = VECTOR('',#3973,1.);
#3973 = DIRECTION('',(1.,0.,0.));
#3974 = PLANE('',#3975);
#3975 = AXIS2_PLACEMENT_3D('',#3976,#3977,#3978);
#3976 = CARTESIAN_POINT('',(-6.102221399786,5.234171428571,
    8.048885714286));
#3977 = DIRECTION('',(-0.,0.598957825591,0.80078057117));
#3978 = DIRECTION('',(0.,0.80078057117,-0.598957825591));
#3979 = ADVANCED_FACE('',(#3980),#3998,.T.);
#3980 = FACE_BOUND('',#3981,.T.);
#3981 = EDGE_LOOP('',(#3982,#3983,#3984,#3992));
#3982 = ORIENTED_EDGE('',*,*,#151,.T.);
#3983 = ORIENTED_EDGE('',*,*,#3969,.T.);
#3984 = ORIENTED_EDGE('',*,*,#3985,.T.);
#3985 = EDGE_CURVE('',#3962,#3986,#3988,.T.);
#3986 = VERTEX_POINT('',#3987);
#3987 = CARTESIAN_POINT('',(-5.502221399786,5.279857142857,
    8.020285714286));
#3988 = LINE('',#3989,#3990);
#3989 = CARTESIAN_POINT('',(-5.502221399786,5.257014285714,8.0318));
#3990 = VECTOR('',#3991,1.);
#3991 = DIRECTION('',(-0.,0.892970492237,-0.450115207469));
#3992 = ORIENTED_EDGE('',*,*,#3993,.F.);
#3993 = EDGE_CURVE('',#144,#3986,#3994,.T.);
#3994 = LINE('',#3995,#3996);
#3995 = CARTESIAN_POINT('',(-6.102221399786,5.279857142857,
    8.020285714286));
#3996 = VECTOR('',#3997,1.);
#3997 = DIRECTION('',(1.,0.,0.));
#3998 = PLANE('',#3999);
#3999 = AXIS2_PLACEMENT_3D('',#4000,#4001,#4002);
#4000 = CARTESIAN_POINT('',(-6.102221399786,5.257014285714,8.0318));
#4001 = DIRECTION('',(-0.,0.450115207469,0.892970492237));
#4002 = DIRECTION('',(0.,0.892970492237,-0.450115207469));
#4003 = ADVANCED_FACE('',(#4004),#4022,.T.);
#4004 = FACE_BOUND('',#4005,.T.);
#4005 = EDGE_LOOP('',(#4006,#4007,#4008,#4016));
#4006 = ORIENTED_EDGE('',*,*,#143,.T.);
#4007 = ORIENTED_EDGE('',*,*,#3993,.T.);
#4008 = ORIENTED_EDGE('',*,*,#4009,.T.);
#4009 = EDGE_CURVE('',#3986,#4010,#4012,.T.);
#4010 = VERTEX_POINT('',#4011);
#4011 = CARTESIAN_POINT('',(-5.502221399786,5.3027,8.008957142857));
#4012 = LINE('',#4013,#4014);
#4013 = CARTESIAN_POINT('',(-5.502221399786,5.279857142857,
    8.020285714286));
#4014 = VECTOR('',#4015,1.);
#4015 = DIRECTION('',(-0.,0.895879160097,-0.444297794845));
#4016 = ORIENTED_EDGE('',*,*,#4017,.F.);
#4017 = EDGE_CURVE('',#136,#4010,#4018,.T.);
#4018 = LINE('',#4019,#4020);
#4019 = CARTESIAN_POINT('',(-6.102221399786,5.3027,8.008957142857));
#4020 = VECTOR('',#4021,1.);
#4021 = DIRECTION('',(1.,0.,0.));
#4022 = PLANE('',#4023);
#4023 = AXIS2_PLACEMENT_3D('',#4024,#4025,#4026);
#4024 = CARTESIAN_POINT('',(-6.102221399786,5.279857142857,
    8.020285714286));
#4025 = DIRECTION('',(-0.,0.444297794845,0.895879160097));
#4026 = DIRECTION('',(0.,0.895879160097,-0.444297794845));
#4027 = ADVANCED_FACE('',(#4028),#4046,.T.);
#4028 = FACE_BOUND('',#4029,.T.);
#4029 = EDGE_LOOP('',(#4030,#4031,#4032,#4040));
#4030 = ORIENTED_EDGE('',*,*,#135,.T.);
#4031 = ORIENTED_EDGE('',*,*,#4017,.T.);
#4032 = ORIENTED_EDGE('',*,*,#4033,.T.);
#4033 = EDGE_CURVE('',#4010,#4034,#4036,.T.);
#4034 = VERTEX_POINT('',#4035);
#4035 = CARTESIAN_POINT('',(-5.502221399786,5.325542857143,8.0032));
#4036 = LINE('',#4037,#4038);
#4037 = CARTESIAN_POINT('',(-5.502221399786,5.3027,8.008957142857));
#4038 = VECTOR('',#4039,1.);
#4039 = DIRECTION('',(-0.,0.969676988372,-0.244390135281));
#4040 = ORIENTED_EDGE('',*,*,#4041,.F.);
#4041 = EDGE_CURVE('',#128,#4034,#4042,.T.);
#4042 = LINE('',#4043,#4044);
#4043 = CARTESIAN_POINT('',(-6.102221399786,5.325542857143,8.0032));
#4044 = VECTOR('',#4045,1.);
#4045 = DIRECTION('',(1.,0.,0.));
#4046 = PLANE('',#4047);
#4047 = AXIS2_PLACEMENT_3D('',#4048,#4049,#4050);
#4048 = CARTESIAN_POINT('',(-6.102221399786,5.3027,8.008957142857));
#4049 = DIRECTION('',(-0.,0.244390135281,0.969676988372));
#4050 = DIRECTION('',(0.,0.969676988372,-0.244390135281));
#4051 = ADVANCED_FACE('',(#4052),#4077,.T.);
#4052 = FACE_BOUND('',#4053,.T.);
#4053 = EDGE_LOOP('',(#4054,#4055,#4063,#4071));
#4054 = ORIENTED_EDGE('',*,*,#119,.T.);
#4055 = ORIENTED_EDGE('',*,*,#4056,.T.);
#4056 = EDGE_CURVE('',#120,#4057,#4059,.T.);
#4057 = VERTEX_POINT('',#4058);
#4058 = CARTESIAN_POINT('',(-5.502221399786,5.651657142857,8.0032));
#4059 = LINE('',#4060,#4061);
#4060 = CARTESIAN_POINT('',(-6.102221399786,5.651657142857,8.0032));
#4061 = VECTOR('',#4062,1.);
#4062 = DIRECTION('',(1.,0.,0.));
#4063 = ORIENTED_EDGE('',*,*,#4064,.T.);
#4064 = EDGE_CURVE('',#4057,#4065,#4067,.T.);
#4065 = VERTEX_POINT('',#4066);
#4066 = CARTESIAN_POINT('',(-5.502221399786,5.669485714286,
    8.008957142857));
#4067 = LINE('',#4068,#4069);
#4068 = CARTESIAN_POINT('',(-5.502221399786,5.651657142857,8.0032));
#4069 = VECTOR('',#4070,1.);
#4070 = DIRECTION('',(0.,0.951615146191,0.307292390957));
#4071 = ORIENTED_EDGE('',*,*,#4072,.F.);
#4072 = EDGE_CURVE('',#112,#4065,#4073,.T.);
#4073 = LINE('',#4074,#4075);
#4074 = CARTESIAN_POINT('',(-6.102221399786,5.669485714286,
    8.008957142857));
#4075 = VECTOR('',#4076,1.);
#4076 = DIRECTION('',(1.,0.,0.));
#4077 = PLANE('',#4078);
#4078 = AXIS2_PLACEMENT_3D('',#4079,#4080,#4081);
#4079 = CARTESIAN_POINT('',(-6.102221399786,5.651657142857,8.0032));
#4080 = DIRECTION('',(0.,-0.307292390957,0.951615146191));
#4081 = DIRECTION('',(0.,0.951615146191,0.307292390957));
#4082 = ADVANCED_FACE('',(#4083),#4101,.T.);
#4083 = FACE_BOUND('',#4084,.T.);
#4084 = EDGE_LOOP('',(#4085,#4086,#4087,#4095));
#4085 = ORIENTED_EDGE('',*,*,#111,.T.);
#4086 = ORIENTED_EDGE('',*,*,#4072,.T.);
#4087 = ORIENTED_EDGE('',*,*,#4088,.T.);
#4088 = EDGE_CURVE('',#4065,#4089,#4091,.T.);
#4089 = VERTEX_POINT('',#4090);
#4090 = CARTESIAN_POINT('',(-5.502221399786,5.687314285714,
    8.014528571429));
#4091 = LINE('',#4092,#4093);
#4092 = CARTESIAN_POINT('',(-5.502221399786,5.669485714286,
    8.008957142857));
#4093 = VECTOR('',#4094,1.);
#4094 = DIRECTION('',(0.,0.954479978035,0.298274993136));
#4095 = ORIENTED_EDGE('',*,*,#4096,.F.);
#4096 = EDGE_CURVE('',#104,#4089,#4097,.T.);
#4097 = LINE('',#4098,#4099);
#4098 = CARTESIAN_POINT('',(-6.102221399786,5.687314285714,
    8.014528571429));
#4099 = VECTOR('',#4100,1.);
#4100 = DIRECTION('',(1.,0.,0.));
#4101 = PLANE('',#4102);
#4102 = AXIS2_PLACEMENT_3D('',#4103,#4104,#4105);
#4103 = CARTESIAN_POINT('',(-6.102221399786,5.669485714286,
    8.008957142857));
#4104 = DIRECTION('',(0.,-0.298274993136,0.954479978035));
#4105 = DIRECTION('',(0.,0.954479978035,0.298274993136));
#4106 = ADVANCED_FACE('',(#4107),#4125,.T.);
#4107 = FACE_BOUND('',#4108,.T.);
#4108 = EDGE_LOOP('',(#4109,#4110,#4111,#4119));
#4109 = ORIENTED_EDGE('',*,*,#103,.T.);
#4110 = ORIENTED_EDGE('',*,*,#4096,.T.);
#4111 = ORIENTED_EDGE('',*,*,#4112,.T.);
#4112 = EDGE_CURVE('',#4089,#4113,#4115,.T.);
#4113 = VERTEX_POINT('',#4114);
#4114 = CARTESIAN_POINT('',(-5.502221399786,5.705142857143,
    8.026042857143));
#4115 = LINE('',#4116,#4117);
#4116 = CARTESIAN_POINT('',(-5.502221399786,5.687314285714,
    8.014528571429));
#4117 = VECTOR('',#4118,1.);
#4118 = DIRECTION('',(0.,0.840039377769,0.542525431476));
#4119 = ORIENTED_EDGE('',*,*,#4120,.F.);
#4120 = EDGE_CURVE('',#96,#4113,#4121,.T.);
#4121 = LINE('',#4122,#4123);
#4122 = CARTESIAN_POINT('',(-6.102221399786,5.705142857143,
    8.026042857143));
#4123 = VECTOR('',#4124,1.);
#4124 = DIRECTION('',(1.,0.,0.));
#4125 = PLANE('',#4126);
#4126 = AXIS2_PLACEMENT_3D('',#4127,#4128,#4129);
#4127 = CARTESIAN_POINT('',(-6.102221399786,5.687314285714,
    8.014528571429));
#4128 = DIRECTION('',(0.,-0.542525431476,0.840039377769));
#4129 = DIRECTION('',(0.,0.840039377769,0.542525431476));
#4130 = ADVANCED_FACE('',(#4131),#4149,.T.);
#4131 = FACE_BOUND('',#4132,.T.);
#4132 = EDGE_LOOP('',(#4133,#4134,#4135,#4143));
#4133 = ORIENTED_EDGE('',*,*,#95,.T.);
#4134 = ORIENTED_EDGE('',*,*,#4120,.T.);
#4135 = ORIENTED_EDGE('',*,*,#4136,.T.);
#4136 = EDGE_CURVE('',#4113,#4137,#4139,.T.);
#4137 = VERTEX_POINT('',#4138);
#4138 = CARTESIAN_POINT('',(-5.502221399786,5.723157142857,
    8.037371428571));
#4139 = LINE('',#4140,#4141);
#4140 = CARTESIAN_POINT('',(-5.502221399786,5.705142857143,
    8.026042857143));
#4141 = VECTOR('',#4142,1.);
#4142 = DIRECTION('',(0.,0.846524186767,0.532350261781));
#4143 = ORIENTED_EDGE('',*,*,#4144,.F.);
#4144 = EDGE_CURVE('',#88,#4137,#4145,.T.);
#4145 = LINE('',#4146,#4147);
#4146 = CARTESIAN_POINT('',(-6.102221399786,5.723157142857,
    8.037371428571));
#4147 = VECTOR('',#4148,1.);
#4148 = DIRECTION('',(1.,0.,0.));
#4149 = PLANE('',#4150);
#4150 = AXIS2_PLACEMENT_3D('',#4151,#4152,#4153);
#4151 = CARTESIAN_POINT('',(-6.102221399786,5.705142857143,
    8.026042857143));
#4152 = DIRECTION('',(0.,-0.532350261781,0.846524186767));
#4153 = DIRECTION('',(0.,0.846524186767,0.532350261781));
#4154 = ADVANCED_FACE('',(#4155),#4173,.T.);
#4155 = FACE_BOUND('',#4156,.T.);
#4156 = EDGE_LOOP('',(#4157,#4158,#4159,#4167));
#4157 = ORIENTED_EDGE('',*,*,#87,.T.);
#4158 = ORIENTED_EDGE('',*,*,#4144,.T.);
#4159 = ORIENTED_EDGE('',*,*,#4160,.T.);
#4160 = EDGE_CURVE('',#4137,#4161,#4163,.T.);
#4161 = VERTEX_POINT('',#4162);
#4162 = CARTESIAN_POINT('',(-5.502221399786,5.740985714286,
    8.054457142857));
#4163 = LINE('',#4164,#4165);
#4164 = CARTESIAN_POINT('',(-5.502221399786,5.723157142857,
    8.037371428571));
#4165 = VECTOR('',#4166,1.);
#4166 = DIRECTION('',(0.,0.721988205115,0.691905363236));
#4167 = ORIENTED_EDGE('',*,*,#4168,.F.);
#4168 = EDGE_CURVE('',#80,#4161,#4169,.T.);
#4169 = LINE('',#4170,#4171);
#4170 = CARTESIAN_POINT('',(-6.102221399786,5.740985714286,
    8.054457142857));
#4171 = VECTOR('',#4172,1.);
#4172 = DIRECTION('',(1.,0.,0.));
#4173 = PLANE('',#4174);
#4174 = AXIS2_PLACEMENT_3D('',#4175,#4176,#4177);
#4175 = CARTESIAN_POINT('',(-6.102221399786,5.723157142857,
    8.037371428571));
#4176 = DIRECTION('',(0.,-0.691905363236,0.721988205115));
#4177 = DIRECTION('',(0.,0.721988205115,0.691905363236));
#4178 = ADVANCED_FACE('',(#4179),#4197,.T.);
#4179 = FACE_BOUND('',#4180,.T.);
#4180 = EDGE_LOOP('',(#4181,#4182,#4183,#4191));
#4181 = ORIENTED_EDGE('',*,*,#79,.T.);
#4182 = ORIENTED_EDGE('',*,*,#4168,.T.);
#4183 = ORIENTED_EDGE('',*,*,#4184,.T.);
#4184 = EDGE_CURVE('',#4161,#4185,#4187,.T.);
#4185 = VERTEX_POINT('',#4186);
#4186 = CARTESIAN_POINT('',(-5.502221399786,5.752685714286,
    8.071728571429));
#4187 = LINE('',#4188,#4189);
#4188 = CARTESIAN_POINT('',(-5.502221399786,5.740985714286,
    8.054457142857));
#4189 = VECTOR('',#4190,1.);
#4190 = DIRECTION('',(0.,0.56084814517,0.827918690488));
#4191 = ORIENTED_EDGE('',*,*,#4192,.F.);
#4192 = EDGE_CURVE('',#72,#4185,#4193,.T.);
#4193 = LINE('',#4194,#4195);
#4194 = CARTESIAN_POINT('',(-6.102221399786,5.752685714286,
    8.071728571429));
#4195 = VECTOR('',#4196,1.);
#4196 = DIRECTION('',(1.,0.,0.));
#4197 = PLANE('',#4198);
#4198 = AXIS2_PLACEMENT_3D('',#4199,#4200,#4201);
#4199 = CARTESIAN_POINT('',(-6.102221399786,5.740985714286,
    8.054457142857));
#4200 = DIRECTION('',(0.,-0.827918690488,0.56084814517));
#4201 = DIRECTION('',(0.,0.56084814517,0.827918690488));
#4202 = ADVANCED_FACE('',(#4203),#4221,.T.);
#4203 = FACE_BOUND('',#4204,.T.);
#4204 = EDGE_LOOP('',(#4205,#4206,#4207,#4215));
#4205 = ORIENTED_EDGE('',*,*,#71,.T.);
#4206 = ORIENTED_EDGE('',*,*,#4192,.T.);
#4207 = ORIENTED_EDGE('',*,*,#4208,.T.);
#4208 = EDGE_CURVE('',#4185,#4209,#4211,.T.);
#4209 = VERTEX_POINT('',#4210);
#4210 = CARTESIAN_POINT('',(-5.502221399786,5.764757142857,
    8.088814285714));
#4211 = LINE('',#4212,#4213);
#4212 = CARTESIAN_POINT('',(-5.502221399786,5.752685714286,
    8.071728571429));
#4213 = VECTOR('',#4214,1.);
#4214 = DIRECTION('',(0.,0.577031680865,0.816721763686));
#4215 = ORIENTED_EDGE('',*,*,#4216,.F.);
#4216 = EDGE_CURVE('',#64,#4209,#4217,.T.);
#4217 = LINE('',#4218,#4219);
#4218 = CARTESIAN_POINT('',(-6.102221399786,5.764757142857,
    8.088814285714));
#4219 = VECTOR('',#4220,1.);
#4220 = DIRECTION('',(1.,0.,0.));
#4221 = PLANE('',#4222);
#4222 = AXIS2_PLACEMENT_3D('',#4223,#4224,#4225);
#4223 = CARTESIAN_POINT('',(-6.102221399786,5.752685714286,
    8.071728571429));
#4224 = DIRECTION('',(0.,-0.816721763686,0.577031680865));
#4225 = DIRECTION('',(0.,0.577031680865,0.816721763686));
#4226 = ADVANCED_FACE('',(#4227),#4245,.T.);
#4227 = FACE_BOUND('',#4228,.T.);
#4228 = EDGE_LOOP('',(#4229,#4230,#4231,#4239));
#4229 = ORIENTED_EDGE('',*,*,#63,.T.);
#4230 = ORIENTED_EDGE('',*,*,#4216,.T.);
#4231 = ORIENTED_EDGE('',*,*,#4232,.T.);
#4232 = EDGE_CURVE('',#4209,#4233,#4235,.T.);
#4233 = VERTEX_POINT('',#4234);
#4234 = CARTESIAN_POINT('',(-5.502221399786,5.770514285714,8.1059));
#4235 = LINE('',#4236,#4237);
#4236 = CARTESIAN_POINT('',(-5.502221399786,5.764757142857,
    8.088814285714));
#4237 = VECTOR('',#4238,1.);
#4238 = DIRECTION('',(0.,0.319316245627,0.947648212829));
#4239 = ORIENTED_EDGE('',*,*,#4240,.F.);
#4240 = EDGE_CURVE('',#56,#4233,#4241,.T.);
#4241 = LINE('',#4242,#4243);
#4242 = CARTESIAN_POINT('',(-6.102221399786,5.770514285714,8.1059));
#4243 = VECTOR('',#4244,1.);
#4244 = DIRECTION('',(1.,0.,0.));
#4245 = PLANE('',#4246);
#4246 = AXIS2_PLACEMENT_3D('',#4247,#4248,#4249);
#4247 = CARTESIAN_POINT('',(-6.102221399786,5.764757142857,
    8.088814285714));
#4248 = DIRECTION('',(0.,-0.947648212829,0.319316245627));
#4249 = DIRECTION('',(0.,0.319316245627,0.947648212829));
#4250 = ADVANCED_FACE('',(#4251),#4269,.T.);
#4251 = FACE_BOUND('',#4252,.T.);
#4252 = EDGE_LOOP('',(#4253,#4254,#4262,#4268));
#4253 = ORIENTED_EDGE('',*,*,#47,.T.);
#4254 = ORIENTED_EDGE('',*,*,#4255,.T.);
#4255 = EDGE_CURVE('',#48,#4256,#4258,.T.);
#4256 = VERTEX_POINT('',#4257);
#4257 = CARTESIAN_POINT('',(-5.502221399786,5.770514285714,
    11.426285714286));
#4258 = LINE('',#4259,#4260);
#4259 = CARTESIAN_POINT('',(-6.102221399786,5.770514285714,
    11.426285714286));
#4260 = VECTOR('',#4261,1.);
#4261 = DIRECTION('',(1.,0.,0.));
#4262 = ORIENTED_EDGE('',*,*,#4263,.T.);
#4263 = EDGE_CURVE('',#4256,#3451,#4264,.T.);
#4264 = LINE('',#4265,#4266);
#4265 = CARTESIAN_POINT('',(-5.502221399786,5.770514285714,
    11.426285714286));
#4266 = VECTOR('',#4267,1.);
#4267 = DIRECTION('',(0.,1.,0.));
#4268 = ORIENTED_EDGE('',*,*,#3450,.F.);
#4269 = PLANE('',#4270);
#4270 = AXIS2_PLACEMENT_3D('',#4271,#4272,#4273);
#4271 = CARTESIAN_POINT('',(-6.102221399786,5.770514285714,
    11.426285714286));
#4272 = DIRECTION('',(0.,0.,1.));
#4273 = DIRECTION('',(0.,1.,0.));
#4274 = ADVANCED_FACE('',(#4275),#4286,.F.);
#4275 = FACE_BOUND('',#4276,.F.);
#4276 = EDGE_LOOP('',(#4277,#4278,#4279,#4285));
#4277 = ORIENTED_EDGE('',*,*,#31,.F.);
#4278 = ORIENTED_EDGE('',*,*,#2517,.T.);
#4279 = ORIENTED_EDGE('',*,*,#4280,.T.);
#4280 = EDGE_CURVE('',#2508,#3436,#4281,.T.);
#4281 = LINE('',#4282,#4283);
#4282 = CARTESIAN_POINT('',(6.002221399786,-6.002221399786,-3.));
#4283 = VECTOR('',#4284,1.);
#4284 = DIRECTION('',(-0.,1.,0.));
#4285 = ORIENTED_EDGE('',*,*,#3443,.F.);
#4286 = PLANE('',#4287);
#4287 = AXIS2_PLACEMENT_3D('',#4288,#4289,#4290);
#4288 = CARTESIAN_POINT('',(-6.002221399786,-6.002221399786,-3.));
#4289 = DIRECTION('',(0.,0.,1.));
#4290 = DIRECTION('',(1.,0.,-0.));
#4291 = ADVANCED_FACE('',(#4292),#4317,.T.);
#4292 = FACE_BOUND('',#4293,.T.);
#4293 = EDGE_LOOP('',(#4294,#4295,#4303,#4311));
#4294 = ORIENTED_EDGE('',*,*,#655,.T.);
#4295 = ORIENTED_EDGE('',*,*,#4296,.T.);
#4296 = EDGE_CURVE('',#658,#4297,#4299,.T.);
#4297 = VERTEX_POINT('',#4298);
#4298 = CARTESIAN_POINT('',(-5.502221399786,3.916342857143,
    11.882771428571));
#4299 = LINE('',#4300,#4301);
#4300 = CARTESIAN_POINT('',(-6.102221399786,3.916342857143,
    11.882771428571));
#4301 = VECTOR('',#4302,1.);
#4302 = DIRECTION('',(1.,0.,0.));
#4303 = ORIENTED_EDGE('',*,*,#4304,.T.);
#4304 = EDGE_CURVE('',#4297,#4305,#4307,.T.);
#4305 = VERTEX_POINT('',#4306);
#4306 = CARTESIAN_POINT('',(-5.502221399786,3.905014285714,
    11.905428571429));
#4307 = LINE('',#4308,#4309);
#4308 = CARTESIAN_POINT('',(-5.502221399786,3.916342857143,
    11.882771428571));
#4309 = VECTOR('',#4310,1.);
#4310 = DIRECTION('',(0.,-0.4472135955,0.894427191));
#4311 = ORIENTED_EDGE('',*,*,#4312,.F.);
#4312 = EDGE_CURVE('',#656,#4305,#4313,.T.);
#4313 = LINE('',#4314,#4315);
#4314 = CARTESIAN_POINT('',(-6.102221399786,3.905014285714,
    11.905428571429));
#4315 = VECTOR('',#4316,1.);
#4316 = DIRECTION('',(1.,0.,0.));
#4317 = PLANE('',#4318);
#4318 = AXIS2_PLACEMENT_3D('',#4319,#4320,#4321);
#4319 = CARTESIAN_POINT('',(-6.102221399786,3.916342857143,
    11.882771428571));
#4320 = DIRECTION('',(0.,-0.894427191,-0.4472135955));
#4321 = DIRECTION('',(0.,-0.4472135955,0.894427191));
#4322 = ADVANCED_FACE('',(#4323),#4341,.T.);
#4323 = FACE_BOUND('',#4324,.T.);
#4324 = EDGE_LOOP('',(#4325,#4326,#4327,#4335));
#4325 = ORIENTED_EDGE('',*,*,#1361,.T.);
#4326 = ORIENTED_EDGE('',*,*,#4312,.T.);
#4327 = ORIENTED_EDGE('',*,*,#4328,.T.);
#4328 = EDGE_CURVE('',#4305,#4329,#4331,.T.);
#4329 = VERTEX_POINT('',#4330);
#4330 = CARTESIAN_POINT('',(-5.502221399786,3.8935,11.928271428571));
#4331 = LINE('',#4332,#4333);
#4332 = CARTESIAN_POINT('',(-5.502221399786,3.905014285714,
    11.905428571429));
#4333 = VECTOR('',#4334,1.);
#4334 = DIRECTION('',(0.,-0.450115207469,0.892970492237));
#4335 = ORIENTED_EDGE('',*,*,#4336,.F.);
#4336 = EDGE_CURVE('',#1354,#4329,#4337,.T.);
#4337 = LINE('',#4338,#4339);
#4338 = CARTESIAN_POINT('',(-6.102221399786,3.8935,11.928271428571));
#4339 = VECTOR('',#4340,1.);
#4340 = DIRECTION('',(1.,0.,0.));
#4341 = PLANE('',#4342);
#4342 = AXIS2_PLACEMENT_3D('',#4343,#4344,#4345);
#4343 = CARTESIAN_POINT('',(-6.102221399786,3.905014285714,
    11.905428571429));
#4344 = DIRECTION('',(0.,-0.892970492237,-0.450115207469));
#4345 = DIRECTION('',(0.,-0.450115207469,0.892970492237));
#4346 = ADVANCED_FACE('',(#4347),#4365,.T.);
#4347 = FACE_BOUND('',#4348,.T.);
#4348 = EDGE_LOOP('',(#4349,#4350,#4351,#4359));
#4349 = ORIENTED_EDGE('',*,*,#1353,.T.);
#4350 = ORIENTED_EDGE('',*,*,#4336,.T.);
#4351 = ORIENTED_EDGE('',*,*,#4352,.T.);
#4352 = EDGE_CURVE('',#4329,#4353,#4355,.T.);
#4353 = VERTEX_POINT('',#4354);
#4354 = CARTESIAN_POINT('',(-5.502221399786,3.882171428571,
    11.951114285714));
#4355 = LINE('',#4356,#4357);
#4356 = CARTESIAN_POINT('',(-5.502221399786,3.8935,11.928271428571));
#4357 = VECTOR('',#4358,1.);
#4358 = DIRECTION('',(0.,-0.444297794845,0.895879160097));
#4359 = ORIENTED_EDGE('',*,*,#4360,.F.);
#4360 = EDGE_CURVE('',#1346,#4353,#4361,.T.);
#4361 = LINE('',#4362,#4363);
#4362 = CARTESIAN_POINT('',(-6.102221399786,3.882171428571,
    11.951114285714));
#4363 = VECTOR('',#4364,1.);
#4364 = DIRECTION('',(1.,0.,0.));
#4365 = PLANE('',#4366);
#4366 = AXIS2_PLACEMENT_3D('',#4367,#4368,#4369);
#4367 = CARTESIAN_POINT('',(-6.102221399786,3.8935,11.928271428571));
#4368 = DIRECTION('',(0.,-0.895879160097,-0.444297794845));
#4369 = DIRECTION('',(0.,-0.444297794845,0.895879160097));
#4370 = ADVANCED_FACE('',(#4371),#4389,.T.);
#4371 = FACE_BOUND('',#4372,.T.);
#4372 = EDGE_LOOP('',(#4373,#4374,#4375,#4383));
#4373 = ORIENTED_EDGE('',*,*,#1345,.T.);
#4374 = ORIENTED_EDGE('',*,*,#4360,.T.);
#4375 = ORIENTED_EDGE('',*,*,#4376,.T.);
#4376 = EDGE_CURVE('',#4353,#4377,#4379,.T.);
#4377 = VERTEX_POINT('',#4378);
#4378 = CARTESIAN_POINT('',(-5.502221399786,3.853571428571,11.9682));
#4379 = LINE('',#4380,#4381);
#4380 = CARTESIAN_POINT('',(-5.502221399786,3.882171428571,
    11.951114285714));
#4381 = VECTOR('',#4382,1.);
#4382 = DIRECTION('',(0.,-0.85847509595,0.512855252126));
#4383 = ORIENTED_EDGE('',*,*,#4384,.F.);
#4384 = EDGE_CURVE('',#1338,#4377,#4385,.T.);
#4385 = LINE('',#4386,#4387);
#4386 = CARTESIAN_POINT('',(-6.102221399786,3.853571428571,11.9682));
#4387 = VECTOR('',#4388,1.);
#4388 = DIRECTION('',(1.,0.,0.));
#4389 = PLANE('',#4390);
#4390 = AXIS2_PLACEMENT_3D('',#4391,#4392,#4393);
#4391 = CARTESIAN_POINT('',(-6.102221399786,3.882171428571,
    11.951114285714));
#4392 = DIRECTION('',(0.,-0.512855252126,-0.85847509595));
#4393 = DIRECTION('',(0.,-0.85847509595,0.512855252126));
#4394 = ADVANCED_FACE('',(#4395),#4413,.T.);
#4395 = FACE_BOUND('',#4396,.T.);
#4396 = EDGE_LOOP('',(#4397,#4398,#4399,#4407));
#4397 = ORIENTED_EDGE('',*,*,#1337,.T.);
#4398 = ORIENTED_EDGE('',*,*,#4384,.T.);
#4399 = ORIENTED_EDGE('',*,*,#4400,.T.);
#4400 = EDGE_CURVE('',#4377,#4401,#4403,.T.);
#4401 = VERTEX_POINT('',#4402);
#4402 = CARTESIAN_POINT('',(-5.502221399786,3.830728571429,
    11.985471428571));
#4403 = LINE('',#4404,#4405);
#4404 = CARTESIAN_POINT('',(-5.502221399786,3.853571428571,11.9682));
#4405 = VECTOR('',#4406,1.);
#4406 = DIRECTION('',(0.,-0.797659331282,0.603108274872));
#4407 = ORIENTED_EDGE('',*,*,#4408,.F.);
#4408 = EDGE_CURVE('',#1330,#4401,#4409,.T.);
#4409 = LINE('',#4410,#4411);
#4410 = CARTESIAN_POINT('',(-6.102221399786,3.830728571429,
    11.985471428571));
#4411 = VECTOR('',#4412,1.);
#4412 = DIRECTION('',(1.,0.,0.));
#4413 = PLANE('',#4414);
#4414 = AXIS2_PLACEMENT_3D('',#4415,#4416,#4417);
#4415 = CARTESIAN_POINT('',(-6.102221399786,3.853571428571,11.9682));
#4416 = DIRECTION('',(0.,-0.603108274872,-0.797659331282));
#4417 = DIRECTION('',(0.,-0.797659331282,0.603108274872));
#4418 = ADVANCED_FACE('',(#4419),#4437,.T.);
#4419 = FACE_BOUND('',#4420,.T.);
#4420 = EDGE_LOOP('',(#4421,#4422,#4423,#4431));
#4421 = ORIENTED_EDGE('',*,*,#1329,.T.);
#4422 = ORIENTED_EDGE('',*,*,#4408,.T.);
#4423 = ORIENTED_EDGE('',*,*,#4424,.T.);
#4424 = EDGE_CURVE('',#4401,#4425,#4427,.T.);
#4425 = VERTEX_POINT('',#4426);
#4426 = CARTESIAN_POINT('',(-5.502221399786,3.802314285714,11.9968));
#4427 = LINE('',#4428,#4429);
#4428 = CARTESIAN_POINT('',(-5.502221399786,3.830728571429,
    11.985471428571));
#4429 = VECTOR('',#4430,1.);
#4430 = DIRECTION('',(0.,-0.92889480482,0.370343680353));
#4431 = ORIENTED_EDGE('',*,*,#4432,.F.);
#4432 = EDGE_CURVE('',#1322,#4425,#4433,.T.);
#4433 = LINE('',#4434,#4435);
#4434 = CARTESIAN_POINT('',(-6.102221399786,3.802314285714,11.9968));
#4435 = VECTOR('',#4436,1.);
#4436 = DIRECTION('',(1.,0.,0.));
#4437 = PLANE('',#4438);
#4438 = AXIS2_PLACEMENT_3D('',#4439,#4440,#4441);
#4439 = CARTESIAN_POINT('',(-6.102221399786,3.830728571429,
    11.985471428571));
#4440 = DIRECTION('',(0.,-0.370343680353,-0.92889480482));
#4441 = DIRECTION('',(0.,-0.92889480482,0.370343680353));
#4442 = ADVANCED_FACE('',(#4443),#4468,.T.);
#4443 = FACE_BOUND('',#4444,.T.);
#4444 = EDGE_LOOP('',(#4445,#4446,#4454,#4462));
#4445 = ORIENTED_EDGE('',*,*,#1313,.T.);
#4446 = ORIENTED_EDGE('',*,*,#4447,.T.);
#4447 = EDGE_CURVE('',#1314,#4448,#4450,.T.);
#4448 = VERTEX_POINT('',#4449);
#4449 = CARTESIAN_POINT('',(-5.502221399786,2.030042857143,11.9968));
#4450 = LINE('',#4451,#4452);
#4451 = CARTESIAN_POINT('',(-6.102221399786,2.030042857143,11.9968));
#4452 = VECTOR('',#4453,1.);
#4453 = DIRECTION('',(1.,0.,0.));
#4454 = ORIENTED_EDGE('',*,*,#4455,.T.);
#4455 = EDGE_CURVE('',#4448,#4456,#4458,.T.);
#4456 = VERTEX_POINT('',#4457);
#4457 = CARTESIAN_POINT('',(-5.502221399786,2.002557142857,
    11.985471428571));
#4458 = LINE('',#4459,#4460);
#4459 = CARTESIAN_POINT('',(-5.502221399786,2.030042857143,11.9968));
#4460 = VECTOR('',#4461,1.);
#4461 = DIRECTION('',(0.,-0.924548670381,-0.381063979008));
#4462 = ORIENTED_EDGE('',*,*,#4463,.F.);
#4463 = EDGE_CURVE('',#1306,#4456,#4464,.T.);
#4464 = LINE('',#4465,#4466);
#4465 = CARTESIAN_POINT('',(-6.102221399786,2.002557142857,
    11.985471428571));
#4466 = VECTOR('',#4467,1.);
#4467 = DIRECTION('',(1.,0.,0.));
#4468 = PLANE('',#4469);
#4469 = AXIS2_PLACEMENT_3D('',#4470,#4471,#4472);
#4470 = CARTESIAN_POINT('',(-6.102221399786,2.030042857143,11.9968));
#4471 = DIRECTION('',(0.,0.381063979008,-0.924548670381));
#4472 = DIRECTION('',(0.,-0.924548670381,-0.381063979008));
#4473 = ADVANCED_FACE('',(#4474),#4492,.T.);
#4474 = FACE_BOUND('',#4475,.T.);
#4475 = EDGE_LOOP('',(#4476,#4477,#4478,#4486));
#4476 = ORIENTED_EDGE('',*,*,#1305,.T.);
#4477 = ORIENTED_EDGE('',*,*,#4463,.T.);
#4478 = ORIENTED_EDGE('',*,*,#4479,.T.);
#4479 = EDGE_CURVE('',#4456,#4480,#4482,.T.);
#4480 = VERTEX_POINT('',#4481);
#4481 = CARTESIAN_POINT('',(-5.502221399786,1.985842857143,
    11.973957142857));
#4482 = LINE('',#4483,#4484);
#4483 = CARTESIAN_POINT('',(-5.502221399786,2.002557142857,
    11.985471428571));
#4484 = VECTOR('',#4485,1.);
#4485 = DIRECTION('',(0.,-0.82350760101,-0.567305236251));
#4486 = ORIENTED_EDGE('',*,*,#4487,.F.);
#4487 = EDGE_CURVE('',#1298,#4480,#4488,.T.);
#4488 = LINE('',#4489,#4490);
#4489 = CARTESIAN_POINT('',(-6.102221399786,1.985842857143,
    11.973957142857));
#4490 = VECTOR('',#4491,1.);
#4491 = DIRECTION('',(1.,0.,0.));
#4492 = PLANE('',#4493);
#4493 = AXIS2_PLACEMENT_3D('',#4494,#4495,#4496);
#4494 = CARTESIAN_POINT('',(-6.102221399786,2.002557142857,
    11.985471428571));
#4495 = DIRECTION('',(0.,0.567305236251,-0.82350760101));
#4496 = DIRECTION('',(0.,-0.82350760101,-0.567305236251));
#4497 = ADVANCED_FACE('',(#4498),#4516,.T.);
#4498 = FACE_BOUND('',#4499,.T.);
#4499 = EDGE_LOOP('',(#4500,#4501,#4502,#4510));
#4500 = ORIENTED_EDGE('',*,*,#1297,.T.);
#4501 = ORIENTED_EDGE('',*,*,#4487,.T.);
#4502 = ORIENTED_EDGE('',*,*,#4503,.T.);
#4503 = EDGE_CURVE('',#4480,#4504,#4506,.T.);
#4504 = VERTEX_POINT('',#4505);
#4505 = CARTESIAN_POINT('',(-5.502221399786,1.963742857143,
    11.962628571429));
#4506 = LINE('',#4507,#4508);
#4507 = CARTESIAN_POINT('',(-5.502221399786,1.985842857143,
    11.973957142857));
#4508 = VECTOR('',#4509,1.);
#4509 = DIRECTION('',(0.,-0.889895306309,-0.456164820881));
#4510 = ORIENTED_EDGE('',*,*,#4511,.F.);
#4511 = EDGE_CURVE('',#1290,#4504,#4512,.T.);
#4512 = LINE('',#4513,#4514);
#4513 = CARTESIAN_POINT('',(-6.102221399786,1.963742857143,
    11.962628571429));
#4514 = VECTOR('',#4515,1.);
#4515 = DIRECTION('',(1.,0.,0.));
#4516 = PLANE('',#4517);
#4517 = AXIS2_PLACEMENT_3D('',#4518,#4519,#4520);
#4518 = CARTESIAN_POINT('',(-6.102221399786,1.985842857143,
    11.973957142857));
#4519 = DIRECTION('',(0.,0.456164820881,-0.889895306309));
#4520 = DIRECTION('',(0.,-0.889895306309,-0.456164820881));
#4521 = ADVANCED_FACE('',(#4522),#4540,.T.);
#4522 = FACE_BOUND('',#4523,.T.);
#4523 = EDGE_LOOP('',(#4524,#4525,#4526,#4534));
#4524 = ORIENTED_EDGE('',*,*,#1289,.T.);
#4525 = ORIENTED_EDGE('',*,*,#4511,.T.);
#4526 = ORIENTED_EDGE('',*,*,#4527,.T.);
#4527 = EDGE_CURVE('',#4504,#4528,#4530,.T.);
#4528 = VERTEX_POINT('',#4529);
#4529 = CARTESIAN_POINT('',(-5.502221399786,1.947214285714,
    11.939785714286));
#4530 = LINE('',#4531,#4532);
#4531 = CARTESIAN_POINT('',(-5.502221399786,1.963742857143,
    11.962628571429));
#4532 = VECTOR('',#4533,1.);
#4533 = DIRECTION('',(0.,-0.586211780526,-0.810157853985));
#4534 = ORIENTED_EDGE('',*,*,#4535,.F.);
#4535 = EDGE_CURVE('',#1282,#4528,#4536,.T.);
#4536 = LINE('',#4537,#4538);
#4537 = CARTESIAN_POINT('',(-6.102221399786,1.947214285714,
    11.939785714286));
#4538 = VECTOR('',#4539,1.);
#4539 = DIRECTION('',(1.,0.,0.));
#4540 = PLANE('',#4541);
#4541 = AXIS2_PLACEMENT_3D('',#4542,#4543,#4544);
#4542 = CARTESIAN_POINT('',(-6.102221399786,1.963742857143,
    11.962628571429));
#4543 = DIRECTION('',(0.,0.810157853985,-0.586211780526));
#4544 = DIRECTION('',(0.,-0.586211780526,-0.810157853985));
#4545 = ADVANCED_FACE('',(#4546),#4564,.T.);
#4546 = FACE_BOUND('',#4547,.T.);
#4547 = EDGE_LOOP('',(#4548,#4549,#4550,#4558));
#4548 = ORIENTED_EDGE('',*,*,#1281,.T.);
#4549 = ORIENTED_EDGE('',*,*,#4535,.T.);
#4550 = ORIENTED_EDGE('',*,*,#4551,.T.);
#4551 = EDGE_CURVE('',#4528,#4552,#4554,.T.);
#4552 = VERTEX_POINT('',#4553);
#4553 = CARTESIAN_POINT('',(-5.502221399786,1.936071428571,11.9227));
#4554 = LINE('',#4555,#4556);
#4555 = CARTESIAN_POINT('',(-5.502221399786,1.947214285714,
    11.939785714286));
#4556 = VECTOR('',#4557,1.);
#4557 = DIRECTION('',(0.,-0.546267780547,-0.837610596839));
#4558 = ORIENTED_EDGE('',*,*,#4559,.F.);
#4559 = EDGE_CURVE('',#1274,#4552,#4560,.T.);
#4560 = LINE('',#4561,#4562);
#4561 = CARTESIAN_POINT('',(-6.102221399786,1.936071428571,11.9227));
#4562 = VECTOR('',#4563,1.);
#4563 = DIRECTION('',(1.,0.,0.));
#4564 = PLANE('',#4565);
#4565 = AXIS2_PLACEMENT_3D('',#4566,#4567,#4568);
#4566 = CARTESIAN_POINT('',(-6.102221399786,1.947214285714,
    11.939785714286));
#4567 = DIRECTION('',(0.,0.837610596839,-0.546267780547));
#4568 = DIRECTION('',(0.,-0.546267780547,-0.837610596839));
#4569 = ADVANCED_FACE('',(#4570),#4588,.T.);
#4570 = FACE_BOUND('',#4571,.T.);
#4571 = EDGE_LOOP('',(#4572,#4573,#4574,#4582));
#4572 = ORIENTED_EDGE('',*,*,#1273,.T.);
#4573 = ORIENTED_EDGE('',*,*,#4559,.T.);
#4574 = ORIENTED_EDGE('',*,*,#4575,.T.);
#4575 = EDGE_CURVE('',#4552,#4576,#4578,.T.);
#4576 = VERTEX_POINT('',#4577);
#4577 = CARTESIAN_POINT('',(-5.502221399786,1.925114285714,11.8941));
#4578 = LINE('',#4579,#4580);
#4579 = CARTESIAN_POINT('',(-5.502221399786,1.936071428571,11.9227));
#4580 = VECTOR('',#4581,1.);
#4581 = DIRECTION('',(0.,-0.357759776872,-0.933813654886));
#4582 = ORIENTED_EDGE('',*,*,#4583,.F.);
#4583 = EDGE_CURVE('',#1266,#4576,#4584,.T.);
#4584 = LINE('',#4585,#4586);
#4585 = CARTESIAN_POINT('',(-6.102221399786,1.925114285714,11.8941));
#4586 = VECTOR('',#4587,1.);
#4587 = DIRECTION('',(1.,0.,0.));
#4588 = PLANE('',#4589);
#4589 = AXIS2_PLACEMENT_3D('',#4590,#4591,#4592);
#4590 = CARTESIAN_POINT('',(-6.102221399786,1.936071428571,11.9227));
#4591 = DIRECTION('',(0.,0.933813654886,-0.357759776872));
#4592 = DIRECTION('',(0.,-0.357759776872,-0.933813654886));
#4593 = ADVANCED_FACE('',(#4594),#4612,.T.);
#4594 = FACE_BOUND('',#4595,.T.);
#4595 = EDGE_LOOP('',(#4596,#4597,#4598,#4606));
#4596 = ORIENTED_EDGE('',*,*,#1265,.T.);
#4597 = ORIENTED_EDGE('',*,*,#4583,.T.);
#4598 = ORIENTED_EDGE('',*,*,#4599,.T.);
#4599 = EDGE_CURVE('',#4576,#4600,#4602,.T.);
#4600 = VERTEX_POINT('',#4601);
#4601 = CARTESIAN_POINT('',(-5.502221399786,1.919542857143,
    11.871257142857));
#4602 = LINE('',#4603,#4604);
#4603 = CARTESIAN_POINT('',(-5.502221399786,1.925114285714,11.8941));
#4604 = VECTOR('',#4605,1.);
#4605 = DIRECTION('',(0.,-0.236956180191,-0.971520338783));
#4606 = ORIENTED_EDGE('',*,*,#4607,.F.);
#4607 = EDGE_CURVE('',#1258,#4600,#4608,.T.);
#4608 = LINE('',#4609,#4610);
#4609 = CARTESIAN_POINT('',(-6.102221399786,1.919542857143,
    11.871257142857));
#4610 = VECTOR('',#4611,1.);
#4611 = DIRECTION('',(1.,0.,0.));
#4612 = PLANE('',#4613);
#4613 = AXIS2_PLACEMENT_3D('',#4614,#4615,#4616);
#4614 = CARTESIAN_POINT('',(-6.102221399786,1.925114285714,11.8941));
#4615 = DIRECTION('',(0.,0.971520338783,-0.236956180191));
#4616 = DIRECTION('',(0.,-0.236956180191,-0.971520338783));
#4617 = ADVANCED_FACE('',(#4618),#4636,.T.);
#4618 = FACE_BOUND('',#4619,.T.);
#4619 = EDGE_LOOP('',(#4620,#4621,#4622,#4630));
#4620 = ORIENTED_EDGE('',*,*,#1257,.T.);
#4621 = ORIENTED_EDGE('',*,*,#4607,.T.);
#4622 = ORIENTED_EDGE('',*,*,#4623,.T.);
#4623 = EDGE_CURVE('',#4600,#4624,#4626,.T.);
#4624 = VERTEX_POINT('',#4625);
#4625 = CARTESIAN_POINT('',(-5.502221399786,1.919542857143,
    11.557585714286));
#4626 = LINE('',#4627,#4628);
#4627 = CARTESIAN_POINT('',(-5.502221399786,1.919542857143,
    11.871257142857));
#4628 = VECTOR('',#4629,1.);
#4629 = DIRECTION('',(0.,0.,-1.));
#4630 = ORIENTED_EDGE('',*,*,#4631,.F.);
#4631 = EDGE_CURVE('',#1250,#4624,#4632,.T.);
#4632 = LINE('',#4633,#4634);
#4633 = CARTESIAN_POINT('',(-6.102221399786,1.919542857143,
    11.557585714286));
#4634 = VECTOR('',#4635,1.);
#4635 = DIRECTION('',(1.,0.,0.));
#4636 = PLANE('',#4637);
#4637 = AXIS2_PLACEMENT_3D('',#4638,#4639,#4640);
#4638 = CARTESIAN_POINT('',(-6.102221399786,1.919542857143,
    11.871257142857));
#4639 = DIRECTION('',(-0.,1.,0.));
#4640 = DIRECTION('',(0.,0.,-1.));
#4641 = ADVANCED_FACE('',(#4642),#4660,.T.);
#4642 = FACE_BOUND('',#4643,.T.);
#4643 = EDGE_LOOP('',(#4644,#4645,#4646,#4654));
#4644 = ORIENTED_EDGE('',*,*,#1249,.T.);
#4645 = ORIENTED_EDGE('',*,*,#4631,.T.);
#4646 = ORIENTED_EDGE('',*,*,#4647,.T.);
#4647 = EDGE_CURVE('',#4624,#4648,#4650,.T.);
#4648 = VERTEX_POINT('',#4649);
#4649 = CARTESIAN_POINT('',(-5.502221399786,1.925114285714,
    11.540314285714));
#4650 = LINE('',#4651,#4652);
#4651 = CARTESIAN_POINT('',(-5.502221399786,1.919542857143,
    11.557585714286));
#4652 = VECTOR('',#4653,1.);
#4653 = DIRECTION('',(-0.,0.307002779923,-0.951708617761));
#4654 = ORIENTED_EDGE('',*,*,#4655,.F.);
#4655 = EDGE_CURVE('',#1242,#4648,#4656,.T.);
#4656 = LINE('',#4657,#4658);
#4657 = CARTESIAN_POINT('',(-6.102221399786,1.925114285714,
    11.540314285714));
#4658 = VECTOR('',#4659,1.);
#4659 = DIRECTION('',(1.,0.,0.));
#4660 = PLANE('',#4661);
#4661 = AXIS2_PLACEMENT_3D('',#4662,#4663,#4664);
#4662 = CARTESIAN_POINT('',(-6.102221399786,1.919542857143,
    11.557585714286));
#4663 = DIRECTION('',(-0.,0.951708617761,0.307002779923));
#4664 = DIRECTION('',(0.,0.307002779923,-0.951708617761));
#4665 = ADVANCED_FACE('',(#4666),#4684,.T.);
#4666 = FACE_BOUND('',#4667,.T.);
#4667 = EDGE_LOOP('',(#4668,#4669,#4670,#4678));
#4668 = ORIENTED_EDGE('',*,*,#1241,.T.);
#4669 = ORIENTED_EDGE('',*,*,#4655,.T.);
#4670 = ORIENTED_EDGE('',*,*,#4671,.T.);
#4671 = EDGE_CURVE('',#4648,#4672,#4674,.T.);
#4672 = VERTEX_POINT('',#4673);
#4673 = CARTESIAN_POINT('',(-5.502221399786,1.9305,11.517657142857));
#4674 = LINE('',#4675,#4676);
#4675 = CARTESIAN_POINT('',(-5.502221399786,1.925114285714,
    11.540314285714));
#4676 = VECTOR('',#4677,1.);
#4677 = DIRECTION('',(-0.,0.23126114462,-0.972891711851));
#4678 = ORIENTED_EDGE('',*,*,#4679,.F.);
#4679 = EDGE_CURVE('',#1234,#4672,#4680,.T.);
#4680 = LINE('',#4681,#4682);
#4681 = CARTESIAN_POINT('',(-6.102221399786,1.9305,11.517657142857));
#4682 = VECTOR('',#4683,1.);
#4683 = DIRECTION('',(1.,0.,0.));
#4684 = PLANE('',#4685);
#4685 = AXIS2_PLACEMENT_3D('',#4686,#4687,#4688);
#4686 = CARTESIAN_POINT('',(-6.102221399786,1.925114285714,
    11.540314285714));
#4687 = DIRECTION('',(-0.,0.972891711851,0.23126114462));
#4688 = DIRECTION('',(0.,0.23126114462,-0.972891711851));
#4689 = ADVANCED_FACE('',(#4690),#4708,.T.);
#4690 = FACE_BOUND('',#4691,.T.);
#4691 = EDGE_LOOP('',(#4692,#4693,#4694,#4702));
#4692 = ORIENTED_EDGE('',*,*,#1233,.T.);
#4693 = ORIENTED_EDGE('',*,*,#4679,.T.);
#4694 = ORIENTED_EDGE('',*,*,#4695,.T.);
#4695 = EDGE_CURVE('',#4672,#4696,#4698,.T.);
#4696 = VERTEX_POINT('',#4697);
#4697 = CARTESIAN_POINT('',(-5.502221399786,1.936071428571,
    11.500385714286));
#4698 = LINE('',#4699,#4700);
#4699 = CARTESIAN_POINT('',(-5.502221399786,1.9305,11.517657142857));
#4700 = VECTOR('',#4701,1.);
#4701 = DIRECTION('',(-0.,0.307002779923,-0.951708617761));
#4702 = ORIENTED_EDGE('',*,*,#4703,.F.);
#4703 = EDGE_CURVE('',#1226,#4696,#4704,.T.);
#4704 = LINE('',#4705,#4706);
#4705 = CARTESIAN_POINT('',(-6.102221399786,1.936071428571,
    11.500385714286));
#4706 = VECTOR('',#4707,1.);
#4707 = DIRECTION('',(1.,0.,0.));
#4708 = PLANE('',#4709);
#4709 = AXIS2_PLACEMENT_3D('',#4710,#4711,#4712);
#4710 = CARTESIAN_POINT('',(-6.102221399786,1.9305,11.517657142857));
#4711 = DIRECTION('',(-0.,0.951708617761,0.307002779923));
#4712 = DIRECTION('',(0.,0.307002779923,-0.951708617761));
#4713 = ADVANCED_FACE('',(#4714),#4739,.T.);
#4714 = FACE_BOUND('',#4715,.T.);
#4715 = EDGE_LOOP('',(#4716,#4717,#4725,#4733));
#4716 = ORIENTED_EDGE('',*,*,#1217,.T.);
#4717 = ORIENTED_EDGE('',*,*,#4718,.T.);
#4718 = EDGE_CURVE('',#1218,#4719,#4721,.T.);
#4719 = VERTEX_POINT('',#4720);
#4720 = CARTESIAN_POINT('',(-5.502221399786,1.958357142857,
    11.466214285714));
#4721 = LINE('',#4722,#4723);
#4722 = CARTESIAN_POINT('',(-6.102221399786,1.958357142857,
    11.466214285714));
#4723 = VECTOR('',#4724,1.);
#4724 = DIRECTION('',(1.,0.,0.));
#4725 = ORIENTED_EDGE('',*,*,#4726,.T.);
#4726 = EDGE_CURVE('',#4719,#4727,#4729,.T.);
#4727 = VERTEX_POINT('',#4728);
#4728 = CARTESIAN_POINT('',(-5.502221399786,1.974885714286,
    11.454885714286));
#4729 = LINE('',#4730,#4731);
#4730 = CARTESIAN_POINT('',(-5.502221399786,1.958357142857,
    11.466214285714));
#4731 = VECTOR('',#4732,1.);
#4732 = DIRECTION('',(-0.,0.824852336949,-0.565348230943));
#4733 = ORIENTED_EDGE('',*,*,#4734,.F.);
#4734 = EDGE_CURVE('',#1210,#4727,#4735,.T.);
#4735 = LINE('',#4736,#4737);
#4736 = CARTESIAN_POINT('',(-6.102221399786,1.974885714286,
    11.454885714286));
#4737 = VECTOR('',#4738,1.);
#4738 = DIRECTION('',(1.,0.,0.));
#4739 = PLANE('',#4740);
#4740 = AXIS2_PLACEMENT_3D('',#4741,#4742,#4743);
#4741 = CARTESIAN_POINT('',(-6.102221399786,1.958357142857,
    11.466214285714));
#4742 = DIRECTION('',(-0.,0.565348230943,0.824852336949));
#4743 = DIRECTION('',(0.,0.824852336949,-0.565348230943));
#4744 = ADVANCED_FACE('',(#4745),#4763,.T.);
#4745 = FACE_BOUND('',#4746,.T.);
#4746 = EDGE_LOOP('',(#4747,#4748,#4749,#4757));
#4747 = ORIENTED_EDGE('',*,*,#1209,.T.);
#4748 = ORIENTED_EDGE('',*,*,#4734,.T.);
#4749 = ORIENTED_EDGE('',*,*,#4750,.T.);
#4750 = EDGE_CURVE('',#4727,#4751,#4753,.T.);
#4751 = VERTEX_POINT('',#4752);
#4752 = CARTESIAN_POINT('',(-5.502221399786,1.991414285714,
    11.443371428571));
#4753 = LINE('',#4754,#4755);
#4754 = CARTESIAN_POINT('',(-5.502221399786,1.974885714286,
    11.454885714286));
#4755 = VECTOR('',#4756,1.);
#4756 = DIRECTION('',(-0.,0.820529200148,-0.571604611339));
#4757 = ORIENTED_EDGE('',*,*,#4758,.F.);
#4758 = EDGE_CURVE('',#1202,#4751,#4759,.T.);
#4759 = LINE('',#4760,#4761);
#4760 = CARTESIAN_POINT('',(-6.102221399786,1.991414285714,
    11.443371428571));
#4761 = VECTOR('',#4762,1.);
#4762 = DIRECTION('',(1.,0.,0.));
#4763 = PLANE('',#4764);
#4764 = AXIS2_PLACEMENT_3D('',#4765,#4766,#4767);
#4765 = CARTESIAN_POINT('',(-6.102221399786,1.974885714286,
    11.454885714286));
#4766 = DIRECTION('',(-0.,0.571604611339,0.820529200148));
#4767 = DIRECTION('',(0.,0.820529200148,-0.571604611339));
#4768 = ADVANCED_FACE('',(#4769),#4787,.T.);
#4769 = FACE_BOUND('',#4770,.T.);
#4770 = EDGE_LOOP('',(#4771,#4772,#4773,#4781));
#4771 = ORIENTED_EDGE('',*,*,#1201,.T.);
#4772 = ORIENTED_EDGE('',*,*,#4758,.T.);
#4773 = ORIENTED_EDGE('',*,*,#4774,.T.);
#4774 = EDGE_CURVE('',#4751,#4775,#4777,.T.);
#4775 = VERTEX_POINT('',#4776);
#4776 = CARTESIAN_POINT('',(-5.502221399786,2.008128571429,
    11.437614285714));
#4777 = LINE('',#4778,#4779);
#4778 = CARTESIAN_POINT('',(-5.502221399786,1.991414285714,
    11.443371428571));
#4779 = VECTOR('',#4780,1.);
#4780 = DIRECTION('',(-0.,0.945484566827,-0.325666906351));
#4781 = ORIENTED_EDGE('',*,*,#4782,.F.);
#4782 = EDGE_CURVE('',#1194,#4775,#4783,.T.);
#4783 = LINE('',#4784,#4785);
#4784 = CARTESIAN_POINT('',(-6.102221399786,2.008128571429,
    11.437614285714));
#4785 = VECTOR('',#4786,1.);
#4786 = DIRECTION('',(1.,0.,0.));
#4787 = PLANE('',#4788);
#4788 = AXIS2_PLACEMENT_3D('',#4789,#4790,#4791);
#4789 = CARTESIAN_POINT('',(-6.102221399786,1.991414285714,
    11.443371428571));
#4790 = DIRECTION('',(-0.,0.325666906351,0.945484566827));
#4791 = DIRECTION('',(0.,0.945484566827,-0.325666906351));
#4792 = ADVANCED_FACE('',(#4793),#4811,.T.);
#4793 = FACE_BOUND('',#4794,.T.);
#4794 = EDGE_LOOP('',(#4795,#4796,#4797,#4805));
#4795 = ORIENTED_EDGE('',*,*,#1193,.T.);
#4796 = ORIENTED_EDGE('',*,*,#4782,.T.);
#4797 = ORIENTED_EDGE('',*,*,#4798,.T.);
#4798 = EDGE_CURVE('',#4775,#4799,#4801,.T.);
#4799 = VERTEX_POINT('',#4800);
#4800 = CARTESIAN_POINT('',(-5.502221399786,2.0358,11.426285714286));
#4801 = LINE('',#4802,#4803);
#4802 = CARTESIAN_POINT('',(-5.502221399786,2.008128571429,
    11.437614285714));
#4803 = VECTOR('',#4804,1.);
#4804 = DIRECTION('',(-0.,0.925447987364,-0.378874679391));
#4805 = ORIENTED_EDGE('',*,*,#4806,.F.);
#4806 = EDGE_CURVE('',#1186,#4799,#4807,.T.);
#4807 = LINE('',#4808,#4809);
#4808 = CARTESIAN_POINT('',(-6.102221399786,2.0358,11.426285714286));
#4809 = VECTOR('',#4810,1.);
#4810 = DIRECTION('',(1.,0.,0.));
#4811 = PLANE('',#4812);
#4812 = AXIS2_PLACEMENT_3D('',#4813,#4814,#4815);
#4813 = CARTESIAN_POINT('',(-6.102221399786,2.008128571429,
    11.437614285714));
#4814 = DIRECTION('',(-0.,0.378874679391,0.925447987364));
#4815 = DIRECTION('',(0.,0.925447987364,-0.378874679391));
#4816 = ADVANCED_FACE('',(#4817),#4842,.T.);
#4817 = FACE_BOUND('',#4818,.T.);
#4818 = EDGE_LOOP('',(#4819,#4820,#4828,#4836));
#4819 = ORIENTED_EDGE('',*,*,#1177,.T.);
#4820 = ORIENTED_EDGE('',*,*,#4821,.T.);
#4821 = EDGE_CURVE('',#1178,#4822,#4824,.T.);
#4822 = VERTEX_POINT('',#4823);
#4823 = CARTESIAN_POINT('',(-5.502221399786,3.345828571429,
    11.426285714286));
#4824 = LINE('',#4825,#4826);
#4825 = CARTESIAN_POINT('',(-6.102221399786,3.345828571429,
    11.426285714286));
#4826 = VECTOR('',#4827,1.);
#4827 = DIRECTION('',(1.,0.,0.));
#4828 = ORIENTED_EDGE('',*,*,#4829,.T.);
#4829 = EDGE_CURVE('',#4822,#4830,#4832,.T.);
#4830 = VERTEX_POINT('',#4831);
#4831 = CARTESIAN_POINT('',(-5.502221399786,3.345828571429,
    10.285257142857));
#4832 = LINE('',#4833,#4834);
#4833 = CARTESIAN_POINT('',(-5.502221399786,3.345828571429,
    11.426285714286));
#4834 = VECTOR('',#4835,1.);
#4835 = DIRECTION('',(0.,0.,-1.));
#4836 = ORIENTED_EDGE('',*,*,#4837,.F.);
#4837 = EDGE_CURVE('',#1170,#4830,#4838,.T.);
#4838 = LINE('',#4839,#4840);
#4839 = CARTESIAN_POINT('',(-6.102221399786,3.345828571429,
    10.285257142857));
#4840 = VECTOR('',#4841,1.);
#4841 = DIRECTION('',(1.,0.,0.));
#4842 = PLANE('',#4843);
#4843 = AXIS2_PLACEMENT_3D('',#4844,#4845,#4846);
#4844 = CARTESIAN_POINT('',(-6.102221399786,3.345828571429,
    11.426285714286));
#4845 = DIRECTION('',(-0.,1.,0.));
#4846 = DIRECTION('',(0.,0.,-1.));
#4847 = ADVANCED_FACE('',(#4848),#4866,.T.);
#4848 = FACE_BOUND('',#4849,.T.);
#4849 = EDGE_LOOP('',(#4850,#4851,#4852,#4860));
#4850 = ORIENTED_EDGE('',*,*,#1169,.T.);
#4851 = ORIENTED_EDGE('',*,*,#4837,.T.);
#4852 = ORIENTED_EDGE('',*,*,#4853,.T.);
#4853 = EDGE_CURVE('',#4830,#4854,#4856,.T.);
#4854 = VERTEX_POINT('',#4855);
#4855 = CARTESIAN_POINT('',(-5.502221399786,2.478542857143,
    10.285257142857));
#4856 = LINE('',#4857,#4858);
#4857 = CARTESIAN_POINT('',(-5.502221399786,3.345828571429,
    10.285257142857));
#4858 = VECTOR('',#4859,1.);
#4859 = DIRECTION('',(0.,-1.,0.));
#4860 = ORIENTED_EDGE('',*,*,#4861,.F.);
#4861 = EDGE_CURVE('',#1162,#4854,#4862,.T.);
#4862 = LINE('',#4863,#4864);
#4863 = CARTESIAN_POINT('',(-6.102221399786,2.478542857143,
    10.285257142857));
#4864 = VECTOR('',#4865,1.);
#4865 = DIRECTION('',(1.,0.,0.));
#4866 = PLANE('',#4867);
#4867 = AXIS2_PLACEMENT_3D('',#4868,#4869,#4870);
#4868 = CARTESIAN_POINT('',(-6.102221399786,3.345828571429,
    10.285257142857));
#4869 = DIRECTION('',(0.,0.,-1.));
#4870 = DIRECTION('',(0.,-1.,0.));
#4871 = ADVANCED_FACE('',(#4872),#4890,.T.);
#4872 = FACE_BOUND('',#4873,.T.);
#4873 = EDGE_LOOP('',(#4874,#4875,#4876,#4884));
#4874 = ORIENTED_EDGE('',*,*,#1161,.T.);
#4875 = ORIENTED_EDGE('',*,*,#4861,.T.);
#4876 = ORIENTED_EDGE('',*,*,#4877,.T.);
#4877 = EDGE_CURVE('',#4854,#4878,#4880,.T.);
#4878 = VERTEX_POINT('',#4879);
#4879 = CARTESIAN_POINT('',(-5.502221399786,2.415771428571,10.2795));
#4880 = LINE('',#4881,#4882);
#4881 = CARTESIAN_POINT('',(-5.502221399786,2.478542857143,
    10.285257142857));
#4882 = VECTOR('',#4883,1.);
#4883 = DIRECTION('',(0.,-0.995820439719,-9.133264387955E-02));
#4884 = ORIENTED_EDGE('',*,*,#4885,.F.);
#4885 = EDGE_CURVE('',#1154,#4878,#4886,.T.);
#4886 = LINE('',#4887,#4888);
#4887 = CARTESIAN_POINT('',(-6.102221399786,2.415771428571,10.2795));
#4888 = VECTOR('',#4889,1.);
#4889 = DIRECTION('',(1.,0.,0.));
#4890 = PLANE('',#4891);
#4891 = AXIS2_PLACEMENT_3D('',#4892,#4893,#4894);
#4892 = CARTESIAN_POINT('',(-6.102221399786,2.478542857143,
    10.285257142857));
#4893 = DIRECTION('',(0.,9.133264387955E-02,-0.995820439719));
#4894 = DIRECTION('',(0.,-0.995820439719,-9.133264387955E-02));
#4895 = ADVANCED_FACE('',(#4896),#4914,.T.);
#4896 = FACE_BOUND('',#4897,.T.);
#4897 = EDGE_LOOP('',(#4898,#4899,#4900,#4908));
#4898 = ORIENTED_EDGE('',*,*,#1153,.T.);
#4899 = ORIENTED_EDGE('',*,*,#4885,.T.);
#4900 = ORIENTED_EDGE('',*,*,#4901,.T.);
#4901 = EDGE_CURVE('',#4878,#4902,#4904,.T.);
#4902 = VERTEX_POINT('',#4903);
#4903 = CARTESIAN_POINT('',(-5.502221399786,2.341485714286,
    10.268171428571));
#4904 = LINE('',#4905,#4906);
#4905 = CARTESIAN_POINT('',(-5.502221399786,2.415771428571,10.2795));
#4906 = VECTOR('',#4907,1.);
#4907 = DIRECTION('',(0.,-0.988570842591,-0.150757053495));
#4908 = ORIENTED_EDGE('',*,*,#4909,.F.);
#4909 = EDGE_CURVE('',#1146,#4902,#4910,.T.);
#4910 = LINE('',#4911,#4912);
#4911 = CARTESIAN_POINT('',(-6.102221399786,2.341485714286,
    10.268171428571));
#4912 = VECTOR('',#4913,1.);
#4913 = DIRECTION('',(1.,0.,0.));
#4914 = PLANE('',#4915);
#4915 = AXIS2_PLACEMENT_3D('',#4916,#4917,#4918);
#4916 = CARTESIAN_POINT('',(-6.102221399786,2.415771428571,10.2795));
#4917 = DIRECTION('',(0.,0.150757053495,-0.988570842591));
#4918 = DIRECTION('',(0.,-0.988570842591,-0.150757053495));
#4919 = ADVANCED_FACE('',(#4920),#4938,.T.);
#4920 = FACE_BOUND('',#4921,.T.);
#4921 = EDGE_LOOP('',(#4922,#4923,#4924,#4932));
#4922 = ORIENTED_EDGE('',*,*,#1145,.T.);
#4923 = ORIENTED_EDGE('',*,*,#4909,.T.);
#4924 = ORIENTED_EDGE('',*,*,#4925,.T.);
#4925 = EDGE_CURVE('',#4902,#4926,#4928,.T.);
#4926 = VERTEX_POINT('',#4927);
#4927 = CARTESIAN_POINT('',(-5.502221399786,2.284471428571,
    10.245328571429));
#4928 = LINE('',#4929,#4930);
#4929 = CARTESIAN_POINT('',(-5.502221399786,2.341485714286,
    10.268171428571));
#4930 = VECTOR('',#4931,1.);
#4931 = DIRECTION('',(0.,-0.928268015265,-0.371911940969));
#4932 = ORIENTED_EDGE('',*,*,#4933,.F.);
#4933 = EDGE_CURVE('',#1138,#4926,#4934,.T.);
#4934 = LINE('',#4935,#4936);
#4935 = CARTESIAN_POINT('',(-6.102221399786,2.284471428571,
    10.245328571429));
#4936 = VECTOR('',#4937,1.);
#4937 = DIRECTION('',(1.,0.,0.));
#4938 = PLANE('',#4939);
#4939 = AXIS2_PLACEMENT_3D('',#4940,#4941,#4942);
#4940 = CARTESIAN_POINT('',(-6.102221399786,2.341485714286,
    10.268171428571));
#4941 = DIRECTION('',(0.,0.371911940969,-0.928268015265));
#4942 = DIRECTION('',(0.,-0.928268015265,-0.371911940969));
#4943 = ADVANCED_FACE('',(#4944),#4962,.T.);
#4944 = FACE_BOUND('',#4945,.T.);
#4945 = EDGE_LOOP('',(#4946,#4947,#4948,#4956));
#4946 = ORIENTED_EDGE('',*,*,#1137,.T.);
#4947 = ORIENTED_EDGE('',*,*,#4933,.T.);
#4948 = ORIENTED_EDGE('',*,*,#4949,.T.);
#4949 = EDGE_CURVE('',#4926,#4950,#4952,.T.);
#4950 = VERTEX_POINT('',#4951);
#4951 = CARTESIAN_POINT('',(-5.502221399786,2.2217,10.216728571429));
#4952 = LINE('',#4953,#4954);
#4953 = CARTESIAN_POINT('',(-5.502221399786,2.284471428571,
    10.245328571429));
#4954 = VECTOR('',#4955,1.);
#4955 = DIRECTION('',(0.,-0.909997307704,-0.414614157948));
#4956 = ORIENTED_EDGE('',*,*,#4957,.F.);
#4957 = EDGE_CURVE('',#1130,#4950,#4958,.T.);
#4958 = LINE('',#4959,#4960);
#4959 = CARTESIAN_POINT('',(-6.102221399786,2.2217,10.216728571429));
#4960 = VECTOR('',#4961,1.);
#4961 = DIRECTION('',(1.,0.,0.));
#4962 = PLANE('',#4963);
#4963 = AXIS2_PLACEMENT_3D('',#4964,#4965,#4966);
#4964 = CARTESIAN_POINT('',(-6.102221399786,2.284471428571,
    10.245328571429));
#4965 = DIRECTION('',(0.,0.414614157948,-0.909997307704));
#4966 = DIRECTION('',(0.,-0.909997307704,-0.414614157948));
#4967 = ADVANCED_FACE('',(#4968),#4986,.T.);
#4968 = FACE_BOUND('',#4969,.T.);
#4969 = EDGE_LOOP('',(#4970,#4971,#4972,#4980));
#4970 = ORIENTED_EDGE('',*,*,#1129,.T.);
#4971 = ORIENTED_EDGE('',*,*,#4957,.T.);
#4972 = ORIENTED_EDGE('',*,*,#4973,.T.);
#4973 = EDGE_CURVE('',#4950,#4974,#4976,.T.);
#4974 = VERTEX_POINT('',#4975);
#4975 = CARTESIAN_POINT('',(-5.502221399786,2.164871428571,
    10.182557142857));
#4976 = LINE('',#4977,#4978);
#4977 = CARTESIAN_POINT('',(-5.502221399786,2.2217,10.216728571429));
#4978 = VECTOR('',#4979,1.);
#4979 = DIRECTION('',(0.,-0.856998298068,-0.515319238054));
#4980 = ORIENTED_EDGE('',*,*,#4981,.F.);
#4981 = EDGE_CURVE('',#1122,#4974,#4982,.T.);
#4982 = LINE('',#4983,#4984);
#4983 = CARTESIAN_POINT('',(-6.102221399786,2.164871428571,
    10.182557142857));
#4984 = VECTOR('',#4985,1.);
#4985 = DIRECTION('',(1.,0.,0.));
#4986 = PLANE('',#4987);
#4987 = AXIS2_PLACEMENT_3D('',#4988,#4989,#4990);
#4988 = CARTESIAN_POINT('',(-6.102221399786,2.2217,10.216728571429));
#4989 = DIRECTION('',(0.,0.515319238054,-0.856998298068));
#4990 = DIRECTION('',(0.,-0.856998298068,-0.515319238054));
#4991 = ADVANCED_FACE('',(#4992),#5010,.T.);
#4992 = FACE_BOUND('',#4993,.T.);
#4993 = EDGE_LOOP('',(#4994,#4995,#4996,#5004));
#4994 = ORIENTED_EDGE('',*,*,#1121,.T.);
#4995 = ORIENTED_EDGE('',*,*,#4981,.T.);
#4996 = ORIENTED_EDGE('',*,*,#4997,.T.);
#4997 = EDGE_CURVE('',#4974,#4998,#5000,.T.);
#4998 = VERTEX_POINT('',#4999);
#4999 = CARTESIAN_POINT('',(-5.502221399786,2.107857142857,
    10.142628571429));
#5000 = LINE('',#5001,#5002);
#5001 = CARTESIAN_POINT('',(-5.502221399786,2.164871428571,
    10.182557142857));
#5002 = VECTOR('',#5003,1.);
#5003 = DIRECTION('',(0.,-0.819106553991,-0.573641397746));
#5004 = ORIENTED_EDGE('',*,*,#5005,.F.);
#5005 = EDGE_CURVE('',#1114,#4998,#5006,.T.);
#5006 = LINE('',#5007,#5008);
#5007 = CARTESIAN_POINT('',(-6.102221399786,2.107857142857,
    10.142628571429));
#5008 = VECTOR('',#5009,1.);
#5009 = DIRECTION('',(1.,0.,0.));
#5010 = PLANE('',#5011);
#5011 = AXIS2_PLACEMENT_3D('',#5012,#5013,#5014);
#5012 = CARTESIAN_POINT('',(-6.102221399786,2.164871428571,
    10.182557142857));
#5013 = DIRECTION('',(0.,0.573641397746,-0.819106553991));
#5014 = DIRECTION('',(0.,-0.819106553991,-0.573641397746));
#5015 = ADVANCED_FACE('',(#5016),#5034,.T.);
#5016 = FACE_BOUND('',#5017,.T.);
#5017 = EDGE_LOOP('',(#5018,#5019,#5020,#5028));
#5018 = ORIENTED_EDGE('',*,*,#1113,.T.);
#5019 = ORIENTED_EDGE('',*,*,#5005,.T.);
#5020 = ORIENTED_EDGE('',*,*,#5021,.T.);
#5021 = EDGE_CURVE('',#4998,#5022,#5024,.T.);
#5022 = VERTEX_POINT('',#5023);
#5023 = CARTESIAN_POINT('',(-5.502221399786,2.062171428571,
    10.096942857143));
#5024 = LINE('',#5025,#5026);
#5025 = CARTESIAN_POINT('',(-5.502221399786,2.107857142857,
    10.142628571429));
#5026 = VECTOR('',#5027,1.);
#5027 = DIRECTION('',(0.,-0.707106781187,-0.707106781187));
#5028 = ORIENTED_EDGE('',*,*,#5029,.F.);
#5029 = EDGE_CURVE('',#1106,#5022,#5030,.T.);
#5030 = LINE('',#5031,#5032);
#5031 = CARTESIAN_POINT('',(-6.102221399786,2.062171428571,
    10.096942857143));
#5032 = VECTOR('',#5033,1.);
#5033 = DIRECTION('',(1.,0.,0.));
#5034 = PLANE('',#5035);
#5035 = AXIS2_PLACEMENT_3D('',#5036,#5037,#5038);
#5036 = CARTESIAN_POINT('',(-6.102221399786,2.107857142857,
    10.142628571429));
#5037 = DIRECTION('',(0.,0.707106781187,-0.707106781187));
#5038 = DIRECTION('',(0.,-0.707106781187,-0.707106781187));
#5039 = ADVANCED_FACE('',(#5040),#5058,.T.);
#5040 = FACE_BOUND('',#5041,.T.);
#5041 = EDGE_LOOP('',(#5042,#5043,#5044,#5052));
#5042 = ORIENTED_EDGE('',*,*,#1105,.T.);
#5043 = ORIENTED_EDGE('',*,*,#5029,.T.);
#5044 = ORIENTED_EDGE('',*,*,#5045,.T.);
#5045 = EDGE_CURVE('',#5022,#5046,#5048,.T.);
#5046 = VERTEX_POINT('',#5047);
#5047 = CARTESIAN_POINT('',(-5.502221399786,2.022242857143,
    10.039928571429));
#5048 = LINE('',#5049,#5050);
#5049 = CARTESIAN_POINT('',(-5.502221399786,2.062171428571,
    10.096942857143));
#5050 = VECTOR('',#5051,1.);
#5051 = DIRECTION('',(0.,-0.573641397746,-0.819106553991));
#5052 = ORIENTED_EDGE('',*,*,#5053,.F.);
#5053 = EDGE_CURVE('',#1098,#5046,#5054,.T.);
#5054 = LINE('',#5055,#5056);
#5055 = CARTESIAN_POINT('',(-6.102221399786,2.022242857143,
    10.039928571429));
#5056 = VECTOR('',#5057,1.);
#5057 = DIRECTION('',(1.,0.,0.));
#5058 = PLANE('',#5059);
#5059 = AXIS2_PLACEMENT_3D('',#5060,#5061,#5062);
#5060 = CARTESIAN_POINT('',(-6.102221399786,2.062171428571,
    10.096942857143));
#5061 = DIRECTION('',(0.,0.819106553991,-0.573641397746));
#5062 = DIRECTION('',(0.,-0.573641397746,-0.819106553991));
#5063 = ADVANCED_FACE('',(#5064),#5082,.T.);
#5064 = FACE_BOUND('',#5065,.T.);
#5065 = EDGE_LOOP('',(#5066,#5067,#5068,#5076));
#5066 = ORIENTED_EDGE('',*,*,#1097,.T.);
#5067 = ORIENTED_EDGE('',*,*,#5053,.T.);
#5068 = ORIENTED_EDGE('',*,*,#5069,.T.);
#5069 = EDGE_CURVE('',#5046,#5070,#5072,.T.);
#5070 = VERTEX_POINT('',#5071);
#5071 = CARTESIAN_POINT('',(-5.502221399786,1.988071428571,
    9.982914285714));
#5072 = LINE('',#5073,#5074);
#5073 = CARTESIAN_POINT('',(-5.502221399786,2.022242857143,
    10.039928571429));
#5074 = VECTOR('',#5075,1.);
#5075 = DIRECTION('',(0.,-0.514084822946,-0.857739351328));
#5076 = ORIENTED_EDGE('',*,*,#5077,.F.);
#5077 = EDGE_CURVE('',#1090,#5070,#5078,.T.);
#5078 = LINE('',#5079,#5080);
#5079 = CARTESIAN_POINT('',(-6.102221399786,1.988071428571,
    9.982914285714));
#5080 = VECTOR('',#5081,1.);
#5081 = DIRECTION('',(1.,0.,0.));
#5082 = PLANE('',#5083);
#5083 = AXIS2_PLACEMENT_3D('',#5084,#5085,#5086);
#5084 = CARTESIAN_POINT('',(-6.102221399786,2.022242857143,
    10.039928571429));
#5085 = DIRECTION('',(0.,0.857739351328,-0.514084822946));
#5086 = DIRECTION('',(0.,-0.514084822946,-0.857739351328));
#5087 = ADVANCED_FACE('',(#5088),#5106,.T.);
#5088 = FACE_BOUND('',#5089,.T.);
#5089 = EDGE_LOOP('',(#5090,#5091,#5092,#5100));
#5090 = ORIENTED_EDGE('',*,*,#1089,.T.);
#5091 = ORIENTED_EDGE('',*,*,#5077,.T.);
#5092 = ORIENTED_EDGE('',*,*,#5093,.T.);
#5093 = EDGE_CURVE('',#5070,#5094,#5096,.T.);
#5094 = VERTEX_POINT('',#5095);
#5095 = CARTESIAN_POINT('',(-5.502221399786,1.959471428571,
    9.920142857143));
#5096 = LINE('',#5097,#5098);
#5097 = CARTESIAN_POINT('',(-5.502221399786,1.988071428571,
    9.982914285714));
#5098 = VECTOR('',#5099,1.);
#5099 = DIRECTION('',(0.,-0.414614157948,-0.909997307704));
#5100 = ORIENTED_EDGE('',*,*,#5101,.F.);
#5101 = EDGE_CURVE('',#1082,#5094,#5102,.T.);
#5102 = LINE('',#5103,#5104);
#5103 = CARTESIAN_POINT('',(-6.102221399786,1.959471428571,
    9.920142857143));
#5104 = VECTOR('',#5105,1.);
#5105 = DIRECTION('',(1.,0.,0.));
#5106 = PLANE('',#5107);
#5107 = AXIS2_PLACEMENT_3D('',#5108,#5109,#5110);
#5108 = CARTESIAN_POINT('',(-6.102221399786,1.988071428571,
    9.982914285714));
#5109 = DIRECTION('',(0.,0.909997307704,-0.414614157948));
#5110 = DIRECTION('',(0.,-0.414614157948,-0.909997307704));
#5111 = ADVANCED_FACE('',(#5112),#5130,.T.);
#5112 = FACE_BOUND('',#5113,.T.);
#5113 = EDGE_LOOP('',(#5114,#5115,#5116,#5124));
#5114 = ORIENTED_EDGE('',*,*,#1081,.T.);
#5115 = ORIENTED_EDGE('',*,*,#5101,.T.);
#5116 = ORIENTED_EDGE('',*,*,#5117,.T.);
#5117 = EDGE_CURVE('',#5094,#5118,#5120,.T.);
#5118 = VERTEX_POINT('',#5119);
#5119 = CARTESIAN_POINT('',(-5.502221399786,1.942385714286,
    9.874457142857));
#5120 = LINE('',#5121,#5122);
#5121 = CARTESIAN_POINT('',(-5.502221399786,1.959471428571,
    9.920142857143));
#5122 = VECTOR('',#5123,1.);
#5123 = DIRECTION('',(0.,-0.350288784478,-0.9366417498));
#5124 = ORIENTED_EDGE('',*,*,#5125,.F.);
#5125 = EDGE_CURVE('',#1074,#5118,#5126,.T.);
#5126 = LINE('',#5127,#5128);
#5127 = CARTESIAN_POINT('',(-6.102221399786,1.942385714286,
    9.874457142857));
#5128 = VECTOR('',#5129,1.);
#5129 = DIRECTION('',(1.,0.,0.));
#5130 = PLANE('',#5131);
#5131 = AXIS2_PLACEMENT_3D('',#5132,#5133,#5134);
#5132 = CARTESIAN_POINT('',(-6.102221399786,1.959471428571,
    9.920142857143));
#5133 = DIRECTION('',(0.,0.9366417498,-0.350288784478));
#5134 = DIRECTION('',(0.,-0.350288784478,-0.9366417498));
#5135 = ADVANCED_FACE('',(#5136),#5154,.T.);
#5136 = FACE_BOUND('',#5137,.T.);
#5137 = EDGE_LOOP('',(#5138,#5139,#5140,#5148));
#5138 = ORIENTED_EDGE('',*,*,#1073,.T.);
#5139 = ORIENTED_EDGE('',*,*,#5125,.T.);
#5140 = ORIENTED_EDGE('',*,*,#5141,.T.);
#5141 = EDGE_CURVE('',#5118,#5142,#5144,.T.);
#5142 = VERTEX_POINT('',#5143);
#5143 = CARTESIAN_POINT('',(-5.502221399786,1.930871428571,
    9.828771428571));
#5144 = LINE('',#5145,#5146);
#5145 = CARTESIAN_POINT('',(-5.502221399786,1.942385714286,
    9.874457142857));
#5146 = VECTOR('',#5147,1.);
#5147 = DIRECTION('',(0.,-0.244390135281,-0.969676988372));
#5148 = ORIENTED_EDGE('',*,*,#5149,.F.);
#5149 = EDGE_CURVE('',#1066,#5142,#5150,.T.);
#5150 = LINE('',#5151,#5152);
#5151 = CARTESIAN_POINT('',(-6.102221399786,1.930871428571,
    9.828771428571));
#5152 = VECTOR('',#5153,1.);
#5153 = DIRECTION('',(1.,0.,0.));
#5154 = PLANE('',#5155);
#5155 = AXIS2_PLACEMENT_3D('',#5156,#5157,#5158);
#5156 = CARTESIAN_POINT('',(-6.102221399786,1.942385714286,
    9.874457142857));
#5157 = DIRECTION('',(0.,0.969676988372,-0.244390135281));
#5158 = DIRECTION('',(0.,-0.244390135281,-0.969676988372));
#5159 = ADVANCED_FACE('',(#5160),#5178,.T.);
#5160 = FACE_BOUND('',#5161,.T.);
#5161 = EDGE_LOOP('',(#5162,#5163,#5164,#5172));
#5162 = ORIENTED_EDGE('',*,*,#1065,.T.);
#5163 = ORIENTED_EDGE('',*,*,#5149,.T.);
#5164 = ORIENTED_EDGE('',*,*,#5165,.T.);
#5165 = EDGE_CURVE('',#5142,#5166,#5168,.T.);
#5166 = VERTEX_POINT('',#5167);
#5167 = CARTESIAN_POINT('',(-5.502221399786,1.9253,9.777514285714));
#5168 = LINE('',#5169,#5170);
#5169 = CARTESIAN_POINT('',(-5.502221399786,1.930871428571,
    9.828771428571));
#5170 = VECTOR('',#5171,1.);
#5171 = DIRECTION('',(0.,-0.108059180768,-0.994144463069));
#5172 = ORIENTED_EDGE('',*,*,#5173,.F.);
#5173 = EDGE_CURVE('',#1058,#5166,#5174,.T.);
#5174 = LINE('',#5175,#5176);
#5175 = CARTESIAN_POINT('',(-6.102221399786,1.9253,9.777514285714));
#5176 = VECTOR('',#5177,1.);
#5177 = DIRECTION('',(1.,0.,0.));
#5178 = PLANE('',#5179);
#5179 = AXIS2_PLACEMENT_3D('',#5180,#5181,#5182);
#5180 = CARTESIAN_POINT('',(-6.102221399786,1.930871428571,
    9.828771428571));
#5181 = DIRECTION('',(0.,0.994144463069,-0.108059180768));
#5182 = DIRECTION('',(0.,-0.108059180768,-0.994144463069));
#5183 = ADVANCED_FACE('',(#5184),#5202,.T.);
#5184 = FACE_BOUND('',#5185,.T.);
#5185 = EDGE_LOOP('',(#5186,#5187,#5188,#5196));
#5186 = ORIENTED_EDGE('',*,*,#1057,.T.);
#5187 = ORIENTED_EDGE('',*,*,#5173,.T.);
#5188 = ORIENTED_EDGE('',*,*,#5189,.T.);
#5189 = EDGE_CURVE('',#5166,#5190,#5192,.T.);
#5190 = VERTEX_POINT('',#5191);
#5191 = CARTESIAN_POINT('',(-5.502221399786,1.919542857143,
    9.731828571429));
#5192 = LINE('',#5193,#5194);
#5193 = CARTESIAN_POINT('',(-5.502221399786,1.9253,9.777514285714));
#5194 = VECTOR('',#5195,1.);
#5195 = DIRECTION('',(0.,-0.125027446277,-0.992153283358));
#5196 = ORIENTED_EDGE('',*,*,#5197,.F.);
#5197 = EDGE_CURVE('',#1050,#5190,#5198,.T.);
#5198 = LINE('',#5199,#5200);
#5199 = CARTESIAN_POINT('',(-6.102221399786,1.919542857143,
    9.731828571429));
#5200 = VECTOR('',#5201,1.);
#5201 = DIRECTION('',(1.,0.,0.));
#5202 = PLANE('',#5203);
#5203 = AXIS2_PLACEMENT_3D('',#5204,#5205,#5206);
#5204 = CARTESIAN_POINT('',(-6.102221399786,1.9253,9.777514285714));
#5205 = DIRECTION('',(0.,0.992153283358,-0.125027446277));
#5206 = DIRECTION('',(0.,-0.125027446277,-0.992153283358));
#5207 = ADVANCED_FACE('',(#5208),#5233,.T.);
#5208 = FACE_BOUND('',#5209,.T.);
#5209 = EDGE_LOOP('',(#5210,#5211,#5219,#5227));
#5210 = ORIENTED_EDGE('',*,*,#1041,.T.);
#5211 = ORIENTED_EDGE('',*,*,#5212,.T.);
#5212 = EDGE_CURVE('',#1042,#5213,#5215,.T.);
#5213 = VERTEX_POINT('',#5214);
#5214 = CARTESIAN_POINT('',(-5.502221399786,1.919542857143,
    8.482342857143));
#5215 = LINE('',#5216,#5217);
#5216 = CARTESIAN_POINT('',(-6.102221399786,1.919542857143,
    8.482342857143));
#5217 = VECTOR('',#5218,1.);
#5218 = DIRECTION('',(1.,0.,0.));
#5219 = ORIENTED_EDGE('',*,*,#5220,.T.);
#5220 = EDGE_CURVE('',#5213,#5221,#5223,.T.);
#5221 = VERTEX_POINT('',#5222);
#5222 = CARTESIAN_POINT('',(-5.502221399786,1.931057142857,
    8.436842857143));
#5223 = LINE('',#5224,#5225);
#5224 = CARTESIAN_POINT('',(-5.502221399786,1.919542857143,
    8.482342857143));
#5225 = VECTOR('',#5226,1.);
#5226 = DIRECTION('',(-0.,0.245327724869,-0.969440203112));
#5227 = ORIENTED_EDGE('',*,*,#5228,.F.);
#5228 = EDGE_CURVE('',#1034,#5221,#5229,.T.);
#5229 = LINE('',#5230,#5231);
#5230 = CARTESIAN_POINT('',(-6.102221399786,1.931057142857,
    8.436842857143));
#5231 = VECTOR('',#5232,1.);
#5232 = DIRECTION('',(1.,0.,0.));
#5233 = PLANE('',#5234);
#5234 = AXIS2_PLACEMENT_3D('',#5235,#5236,#5237);
#5235 = CARTESIAN_POINT('',(-6.102221399786,1.919542857143,
    8.482342857143));
#5236 = DIRECTION('',(-0.,0.969440203112,0.245327724869));
#5237 = DIRECTION('',(0.,0.245327724869,-0.969440203112));
#5238 = ADVANCED_FACE('',(#5239),#5257,.T.);
#5239 = FACE_BOUND('',#5240,.T.);
#5240 = EDGE_LOOP('',(#5241,#5242,#5243,#5251));
#5241 = ORIENTED_EDGE('',*,*,#1033,.T.);
#5242 = ORIENTED_EDGE('',*,*,#5228,.T.);
#5243 = ORIENTED_EDGE('',*,*,#5244,.T.);
#5244 = EDGE_CURVE('',#5221,#5245,#5247,.T.);
#5245 = VERTEX_POINT('',#5246);
#5246 = CARTESIAN_POINT('',(-5.502221399786,1.948328571429,8.3854));
#5247 = LINE('',#5248,#5249);
#5248 = CARTESIAN_POINT('',(-5.502221399786,1.931057142857,
    8.436842857143));
#5249 = VECTOR('',#5250,1.);
#5250 = DIRECTION('',(-0.,0.318280447487,-0.947996601654));
#5251 = ORIENTED_EDGE('',*,*,#5252,.F.);
#5252 = EDGE_CURVE('',#1026,#5245,#5253,.T.);
#5253 = LINE('',#5254,#5255);
#5254 = CARTESIAN_POINT('',(-6.102221399786,1.948328571429,8.3854));
#5255 = VECTOR('',#5256,1.);
#5256 = DIRECTION('',(1.,0.,0.));
#5257 = PLANE('',#5258);
#5258 = AXIS2_PLACEMENT_3D('',#5259,#5260,#5261);
#5259 = CARTESIAN_POINT('',(-6.102221399786,1.931057142857,
    8.436842857143));
#5260 = DIRECTION('',(-0.,0.947996601654,0.318280447487));
#5261 = DIRECTION('',(0.,0.318280447487,-0.947996601654));
#5262 = ADVANCED_FACE('',(#5263),#5281,.T.);
#5263 = FACE_BOUND('',#5264,.T.);
#5264 = EDGE_LOOP('',(#5265,#5266,#5267,#5275));
#5265 = ORIENTED_EDGE('',*,*,#1025,.T.);
#5266 = ORIENTED_EDGE('',*,*,#5252,.T.);
#5267 = ORIENTED_EDGE('',*,*,#5268,.T.);
#5268 = EDGE_CURVE('',#5245,#5269,#5271,.T.);
#5269 = VERTEX_POINT('',#5270);
#5270 = CARTESIAN_POINT('',(-5.502221399786,1.965414285714,
    8.345471428571));
#5271 = LINE('',#5272,#5273);
#5272 = CARTESIAN_POINT('',(-5.502221399786,1.948328571429,8.3854));
#5273 = VECTOR('',#5274,1.);
#5274 = DIRECTION('',(-0.,0.393403152889,-0.919366063816));
#5275 = ORIENTED_EDGE('',*,*,#5276,.F.);
#5276 = EDGE_CURVE('',#1018,#5269,#5277,.T.);
#5277 = LINE('',#5278,#5279);
#5278 = CARTESIAN_POINT('',(-6.102221399786,1.965414285714,
    8.345471428571));
#5279 = VECTOR('',#5280,1.);
#5280 = DIRECTION('',(1.,0.,0.));
#5281 = PLANE('',#5282);
#5282 = AXIS2_PLACEMENT_3D('',#5283,#5284,#5285);
#5283 = CARTESIAN_POINT('',(-6.102221399786,1.948328571429,8.3854));
#5284 = DIRECTION('',(-0.,0.919366063816,0.393403152889));
#5285 = DIRECTION('',(0.,0.393403152889,-0.919366063816));
#5286 = ADVANCED_FACE('',(#5287),#5305,.T.);
#5287 = FACE_BOUND('',#5288,.T.);
#5288 = EDGE_LOOP('',(#5289,#5290,#5291,#5299));
#5289 = ORIENTED_EDGE('',*,*,#1017,.T.);
#5290 = ORIENTED_EDGE('',*,*,#5276,.T.);
#5291 = ORIENTED_EDGE('',*,*,#5292,.T.);
#5292 = EDGE_CURVE('',#5269,#5293,#5295,.T.);
#5293 = VERTEX_POINT('',#5294);
#5294 = CARTESIAN_POINT('',(-5.502221399786,1.982871428571,
    8.305542857143));
#5295 = LINE('',#5296,#5297);
#5296 = CARTESIAN_POINT('',(-5.502221399786,1.965414285714,
    8.345471428571));
#5297 = VECTOR('',#5298,1.);
#5298 = DIRECTION('',(-0.,0.40059526003,-0.916255116025));
#5299 = ORIENTED_EDGE('',*,*,#5300,.F.);
#5300 = EDGE_CURVE('',#1010,#5293,#5301,.T.);
#5301 = LINE('',#5302,#5303);
#5302 = CARTESIAN_POINT('',(-6.102221399786,1.982871428571,
    8.305542857143));
#5303 = VECTOR('',#5304,1.);
#5304 = DIRECTION('',(1.,0.,0.));
#5305 = PLANE('',#5306);
#5306 = AXIS2_PLACEMENT_3D('',#5307,#5308,#5309);
#5307 = CARTESIAN_POINT('',(-6.102221399786,1.965414285714,
    8.345471428571));
#5308 = DIRECTION('',(-0.,0.916255116025,0.40059526003));
#5309 = DIRECTION('',(0.,0.40059526003,-0.916255116025));
#5310 = ADVANCED_FACE('',(#5311),#5329,.T.);
#5311 = FACE_BOUND('',#5312,.T.);
#5312 = EDGE_LOOP('',(#5313,#5314,#5315,#5323));
#5313 = ORIENTED_EDGE('',*,*,#1009,.T.);
#5314 = ORIENTED_EDGE('',*,*,#5300,.T.);
#5315 = ORIENTED_EDGE('',*,*,#5316,.T.);
#5316 = EDGE_CURVE('',#5293,#5317,#5319,.T.);
#5317 = VERTEX_POINT('',#5318);
#5318 = CARTESIAN_POINT('',(-5.502221399786,2.006085714286,
    8.259857142857));
#5319 = LINE('',#5320,#5321);
#5320 = CARTESIAN_POINT('',(-5.502221399786,1.982871428571,
    8.305542857143));
#5321 = VECTOR('',#5322,1.);
#5322 = DIRECTION('',(-0.,0.453002631496,-0.891509178785));
#5323 = ORIENTED_EDGE('',*,*,#5324,.F.);
#5324 = EDGE_CURVE('',#1002,#5317,#5325,.T.);
#5325 = LINE('',#5326,#5327);
#5326 = CARTESIAN_POINT('',(-6.102221399786,2.006085714286,
    8.259857142857));
#5327 = VECTOR('',#5328,1.);
#5328 = DIRECTION('',(1.,0.,0.));
#5329 = PLANE('',#5330);
#5330 = AXIS2_PLACEMENT_3D('',#5331,#5332,#5333);
#5331 = CARTESIAN_POINT('',(-6.102221399786,1.982871428571,
    8.305542857143));
#5332 = DIRECTION('',(-0.,0.891509178785,0.453002631496));
#5333 = DIRECTION('',(0.,0.453002631496,-0.891509178785));
#5334 = ADVANCED_FACE('',(#5335),#5353,.T.);
#5335 = FACE_BOUND('',#5336,.T.);
#5336 = EDGE_LOOP('',(#5337,#5338,#5339,#5347));
#5337 = ORIENTED_EDGE('',*,*,#1001,.T.);
#5338 = ORIENTED_EDGE('',*,*,#5324,.T.);
#5339 = ORIENTED_EDGE('',*,*,#5340,.T.);
#5340 = EDGE_CURVE('',#5317,#5341,#5343,.T.);
#5341 = VERTEX_POINT('',#5342);
#5342 = CARTESIAN_POINT('',(-5.502221399786,2.034685714286,
    8.225685714286));
#5343 = LINE('',#5344,#5345);
#5344 = CARTESIAN_POINT('',(-5.502221399786,2.006085714286,
    8.259857142857));
#5345 = VECTOR('',#5346,1.);
#5346 = DIRECTION('',(-0.,0.641822684199,-0.766853077224));
#5347 = ORIENTED_EDGE('',*,*,#5348,.F.);
#5348 = EDGE_CURVE('',#994,#5341,#5349,.T.);
#5349 = LINE('',#5350,#5351);
#5350 = CARTESIAN_POINT('',(-6.102221399786,2.034685714286,
    8.225685714286));
#5351 = VECTOR('',#5352,1.);
#5352 = DIRECTION('',(1.,0.,0.));
#5353 = PLANE('',#5354);
#5354 = AXIS2_PLACEMENT_3D('',#5355,#5356,#5357);
#5355 = CARTESIAN_POINT('',(-6.102221399786,2.006085714286,
    8.259857142857));
#5356 = DIRECTION('',(-0.,0.766853077224,0.641822684199));
#5357 = DIRECTION('',(0.,0.641822684199,-0.766853077224));
#5358 = ADVANCED_FACE('',(#5359),#5377,.T.);
#5359 = FACE_BOUND('',#5360,.T.);
#5360 = EDGE_LOOP('',(#5361,#5362,#5363,#5371));
#5361 = ORIENTED_EDGE('',*,*,#993,.T.);
#5362 = ORIENTED_EDGE('',*,*,#5348,.T.);
#5363 = ORIENTED_EDGE('',*,*,#5364,.T.);
#5364 = EDGE_CURVE('',#5341,#5365,#5367,.T.);
#5365 = VERTEX_POINT('',#5366);
#5366 = CARTESIAN_POINT('',(-5.502221399786,2.069228571429,8.18));
#5367 = LINE('',#5368,#5369);
#5368 = CARTESIAN_POINT('',(-5.502221399786,2.034685714286,
    8.225685714286));
#5369 = VECTOR('',#5370,1.);
#5370 = DIRECTION('',(-0.,0.603108274872,-0.797659331282));
#5371 = ORIENTED_EDGE('',*,*,#5372,.F.);
#5372 = EDGE_CURVE('',#986,#5365,#5373,.T.);
#5373 = LINE('',#5374,#5375);
#5374 = CARTESIAN_POINT('',(-6.102221399786,2.069228571429,8.18));
#5375 = VECTOR('',#5376,1.);
#5376 = DIRECTION('',(1.,0.,0.));
#5377 = PLANE('',#5378);
#5378 = AXIS2_PLACEMENT_3D('',#5379,#5380,#5381);
#5379 = CARTESIAN_POINT('',(-6.102221399786,2.034685714286,
    8.225685714286));
#5380 = DIRECTION('',(-0.,0.797659331282,0.603108274872));
#5381 = DIRECTION('',(0.,0.603108274872,-0.797659331282));
#5382 = ADVANCED_FACE('',(#5383),#5401,.T.);
#5383 = FACE_BOUND('',#5384,.T.);
#5384 = EDGE_LOOP('',(#5385,#5386,#5387,#5395));
#5385 = ORIENTED_EDGE('',*,*,#985,.T.);
#5386 = ORIENTED_EDGE('',*,*,#5372,.T.);
#5387 = ORIENTED_EDGE('',*,*,#5388,.T.);
#5388 = EDGE_CURVE('',#5365,#5389,#5391,.T.);
#5389 = VERTEX_POINT('',#5390);
#5390 = CARTESIAN_POINT('',(-5.502221399786,2.103957142857,
    8.145828571429));
#5391 = LINE('',#5392,#5393);
#5392 = CARTESIAN_POINT('',(-5.502221399786,2.069228571429,8.18));
#5393 = VECTOR('',#5394,1.);
#5394 = DIRECTION('',(-0.,0.712801322013,-0.701366006687));
#5395 = ORIENTED_EDGE('',*,*,#5396,.F.);
#5396 = EDGE_CURVE('',#978,#5389,#5397,.T.);
#5397 = LINE('',#5398,#5399);
#5398 = CARTESIAN_POINT('',(-6.102221399786,2.103957142857,
    8.145828571429));
#5399 = VECTOR('',#5400,1.);
#5400 = DIRECTION('',(1.,0.,0.));
#5401 = PLANE('',#5402);
#5402 = AXIS2_PLACEMENT_3D('',#5403,#5404,#5405);
#5403 = CARTESIAN_POINT('',(-6.102221399786,2.069228571429,8.18));
#5404 = DIRECTION('',(-0.,0.701366006687,0.712801322013));
#5405 = DIRECTION('',(0.,0.712801322013,-0.701366006687));
#5406 = ADVANCED_FACE('',(#5407),#5425,.T.);
#5407 = FACE_BOUND('',#5408,.T.);
#5408 = EDGE_LOOP('',(#5409,#5410,#5411,#5419));
#5409 = ORIENTED_EDGE('',*,*,#977,.T.);
#5410 = ORIENTED_EDGE('',*,*,#5396,.T.);
#5411 = ORIENTED_EDGE('',*,*,#5412,.T.);
#5412 = EDGE_CURVE('',#5389,#5413,#5415,.T.);
#5413 = VERTEX_POINT('',#5414);
#5414 = CARTESIAN_POINT('',(-5.502221399786,2.150014285714,
    8.111657142857));
#5415 = LINE('',#5416,#5417);
#5416 = CARTESIAN_POINT('',(-5.502221399786,2.103957142857,
    8.145828571429));
#5417 = VECTOR('',#5418,1.);
#5418 = DIRECTION('',(-0.,0.803098028234,-0.595846924173));
#5419 = ORIENTED_EDGE('',*,*,#5420,.F.);
#5420 = EDGE_CURVE('',#970,#5413,#5421,.T.);
#5421 = LINE('',#5422,#5423);
#5422 = CARTESIAN_POINT('',(-6.102221399786,2.150014285714,
    8.111657142857));
#5423 = VECTOR('',#5424,1.);
#5424 = DIRECTION('',(1.,0.,0.));
#5425 = PLANE('',#5426);
#5426 = AXIS2_PLACEMENT_3D('',#5427,#5428,#5429);
#5427 = CARTESIAN_POINT('',(-6.102221399786,2.103957142857,
    8.145828571429));
#5428 = DIRECTION('',(-0.,0.595846924173,0.803098028234));
#5429 = DIRECTION('',(0.,0.803098028234,-0.595846924173));
#5430 = ADVANCED_FACE('',(#5431),#5449,.T.);
#5431 = FACE_BOUND('',#5432,.T.);
#5432 = EDGE_LOOP('',(#5433,#5434,#5435,#5443));
#5433 = ORIENTED_EDGE('',*,*,#969,.T.);
#5434 = ORIENTED_EDGE('',*,*,#5420,.T.);
#5435 = ORIENTED_EDGE('',*,*,#5436,.T.);
#5436 = EDGE_CURVE('',#5413,#5437,#5439,.T.);
#5437 = VERTEX_POINT('',#5438);
#5438 = CARTESIAN_POINT('',(-5.502221399786,2.201828571429,
    8.083057142857));
#5439 = LINE('',#5440,#5441);
#5440 = CARTESIAN_POINT('',(-5.502221399786,2.150014285714,
    8.111657142857));
#5441 = VECTOR('',#5442,1.);
#5442 = DIRECTION('',(-0.,0.875486133048,-0.483243241898));
#5443 = ORIENTED_EDGE('',*,*,#5444,.F.);
#5444 = EDGE_CURVE('',#962,#5437,#5445,.T.);
#5445 = LINE('',#5446,#5447);
#5446 = CARTESIAN_POINT('',(-6.102221399786,2.201828571429,
    8.083057142857));
#5447 = VECTOR('',#5448,1.);
#5448 = DIRECTION('',(1.,0.,0.));
#5449 = PLANE('',#5450);
#5450 = AXIS2_PLACEMENT_3D('',#5451,#5452,#5453);
#5451 = CARTESIAN_POINT('',(-6.102221399786,2.150014285714,
    8.111657142857));
#5452 = DIRECTION('',(-0.,0.483243241898,0.875486133048));
#5453 = DIRECTION('',(0.,0.875486133048,-0.483243241898));
#5454 = ADVANCED_FACE('',(#5455),#5473,.T.);
#5455 = FACE_BOUND('',#5456,.T.);
#5456 = EDGE_LOOP('',(#5457,#5458,#5459,#5467));
#5457 = ORIENTED_EDGE('',*,*,#961,.T.);
#5458 = ORIENTED_EDGE('',*,*,#5444,.T.);
#5459 = ORIENTED_EDGE('',*,*,#5460,.T.);
#5460 = EDGE_CURVE('',#5437,#5461,#5463,.T.);
#5461 = VERTEX_POINT('',#5462);
#5462 = CARTESIAN_POINT('',(-5.502221399786,2.242128571429,
    8.060214285714));
#5463 = LINE('',#5464,#5465);
#5464 = CARTESIAN_POINT('',(-5.502221399786,2.201828571429,
    8.083057142857));
#5465 = VECTOR('',#5466,1.);
#5466 = DIRECTION('',(-0.,0.869964859591,-0.493113722256));
#5467 = ORIENTED_EDGE('',*,*,#5468,.F.);
#5468 = EDGE_CURVE('',#954,#5461,#5469,.T.);
#5469 = LINE('',#5470,#5471);
#5470 = CARTESIAN_POINT('',(-6.102221399786,2.242128571429,
    8.060214285714));
#5471 = VECTOR('',#5472,1.);
#5472 = DIRECTION('',(1.,0.,0.));
#5473 = PLANE('',#5474);
#5474 = AXIS2_PLACEMENT_3D('',#5475,#5476,#5477);
#5475 = CARTESIAN_POINT('',(-6.102221399786,2.201828571429,
    8.083057142857));
#5476 = DIRECTION('',(-0.,0.493113722256,0.869964859591));
#5477 = DIRECTION('',(0.,0.869964859591,-0.493113722256));
#5478 = ADVANCED_FACE('',(#5479),#5497,.T.);
#5479 = FACE_BOUND('',#5480,.T.);
#5480 = EDGE_LOOP('',(#5481,#5482,#5483,#5491));
#5481 = ORIENTED_EDGE('',*,*,#953,.T.);
#5482 = ORIENTED_EDGE('',*,*,#5468,.T.);
#5483 = ORIENTED_EDGE('',*,*,#5484,.T.);
#5484 = EDGE_CURVE('',#5461,#5485,#5487,.T.);
#5485 = VERTEX_POINT('',#5486);
#5486 = CARTESIAN_POINT('',(-5.502221399786,2.294128571429,
    8.037371428571));
#5487 = LINE('',#5488,#5489);
#5488 = CARTESIAN_POINT('',(-5.502221399786,2.242128571429,
    8.060214285714));
#5489 = VECTOR('',#5490,1.);
#5490 = DIRECTION('',(-0.,0.915555942631,-0.402190646227));
#5491 = ORIENTED_EDGE('',*,*,#5492,.F.);
#5492 = EDGE_CURVE('',#946,#5485,#5493,.T.);
#5493 = LINE('',#5494,#5495);
#5494 = CARTESIAN_POINT('',(-6.102221399786,2.294128571429,
    8.037371428571));
#5495 = VECTOR('',#5496,1.);
#5496 = DIRECTION('',(1.,0.,0.));
#5497 = PLANE('',#5498);
#5498 = AXIS2_PLACEMENT_3D('',#5499,#5500,#5501);
#5499 = CARTESIAN_POINT('',(-6.102221399786,2.242128571429,
    8.060214285714));
#5500 = DIRECTION('',(-0.,0.402190646227,0.915555942631));
#5501 = DIRECTION('',(0.,0.915555942631,-0.402190646227));
#5502 = ADVANCED_FACE('',(#5503),#5521,.T.);
#5503 = FACE_BOUND('',#5504,.T.);
#5504 = EDGE_LOOP('',(#5505,#5506,#5507,#5515));
#5505 = ORIENTED_EDGE('',*,*,#945,.T.);
#5506 = ORIENTED_EDGE('',*,*,#5492,.T.);
#5507 = ORIENTED_EDGE('',*,*,#5508,.T.);
#5508 = EDGE_CURVE('',#5485,#5509,#5511,.T.);
#5509 = VERTEX_POINT('',#5510);
#5510 = CARTESIAN_POINT('',(-5.502221399786,2.3517,8.020285714286));
#5511 = LINE('',#5512,#5513);
#5512 = CARTESIAN_POINT('',(-5.502221399786,2.294128571429,
    8.037371428571));
#5513 = VECTOR('',#5514,1.);
#5514 = DIRECTION('',(-0.,0.958673228505,-0.284509474266));
#5515 = ORIENTED_EDGE('',*,*,#5516,.F.);
#5516 = EDGE_CURVE('',#938,#5509,#5517,.T.);
#5517 = LINE('',#5518,#5519);
#5518 = CARTESIAN_POINT('',(-6.102221399786,2.3517,8.020285714286));
#5519 = VECTOR('',#5520,1.);
#5520 = DIRECTION('',(1.,0.,0.));
#5521 = PLANE('',#5522);
#5522 = AXIS2_PLACEMENT_3D('',#5523,#5524,#5525);
#5523 = CARTESIAN_POINT('',(-6.102221399786,2.294128571429,
    8.037371428571));
#5524 = DIRECTION('',(-0.,0.284509474266,0.958673228505));
#5525 = DIRECTION('',(0.,0.958673228505,-0.284509474266));
#5526 = ADVANCED_FACE('',(#5527),#5545,.T.);
#5527 = FACE_BOUND('',#5528,.T.);
#5528 = EDGE_LOOP('',(#5529,#5530,#5531,#5539));
#5529 = ORIENTED_EDGE('',*,*,#937,.T.);
#5530 = ORIENTED_EDGE('',*,*,#5516,.T.);
#5531 = ORIENTED_EDGE('',*,*,#5532,.T.);
#5532 = EDGE_CURVE('',#5509,#5533,#5535,.T.);
#5533 = VERTEX_POINT('',#5534);
#5534 = CARTESIAN_POINT('',(-5.502221399786,2.403514285714,
    8.008957142857));
#5535 = LINE('',#5536,#5537);
#5536 = CARTESIAN_POINT('',(-5.502221399786,2.3517,8.020285714286));
#5537 = VECTOR('',#5538,1.);
#5538 = DIRECTION('',(-0.,0.97692285488,-0.213592452142));
#5539 = ORIENTED_EDGE('',*,*,#5540,.F.);
#5540 = EDGE_CURVE('',#930,#5533,#5541,.T.);
#5541 = LINE('',#5542,#5543);
#5542 = CARTESIAN_POINT('',(-6.102221399786,2.403514285714,
    8.008957142857));
#5543 = VECTOR('',#5544,1.);
#5544 = DIRECTION('',(1.,0.,0.));
#5545 = PLANE('',#5546);
#5546 = AXIS2_PLACEMENT_3D('',#5547,#5548,#5549);
#5547 = CARTESIAN_POINT('',(-6.102221399786,2.3517,8.020285714286));
#5548 = DIRECTION('',(-0.,0.213592452142,0.97692285488));
#5549 = DIRECTION('',(0.,0.97692285488,-0.213592452142));
#5550 = ADVANCED_FACE('',(#5551),#5569,.T.);
#5551 = FACE_BOUND('',#5552,.T.);
#5552 = EDGE_LOOP('',(#5553,#5554,#5555,#5563));
#5553 = ORIENTED_EDGE('',*,*,#929,.T.);
#5554 = ORIENTED_EDGE('',*,*,#5540,.T.);
#5555 = ORIENTED_EDGE('',*,*,#5556,.T.);
#5556 = EDGE_CURVE('',#5533,#5557,#5559,.T.);
#5557 = VERTEX_POINT('',#5558);
#5558 = CARTESIAN_POINT('',(-5.502221399786,2.455514285714,8.0032));
#5559 = LINE('',#5560,#5561);
#5560 = CARTESIAN_POINT('',(-5.502221399786,2.403514285714,
    8.008957142857));
#5561 = VECTOR('',#5562,1.);
#5562 = DIRECTION('',(-0.,0.993926947812,-0.110041912079));
#5563 = ORIENTED_EDGE('',*,*,#5564,.F.);
#5564 = EDGE_CURVE('',#922,#5557,#5565,.T.);
#5565 = LINE('',#5566,#5567);
#5566 = CARTESIAN_POINT('',(-6.102221399786,2.455514285714,8.0032));
#5567 = VECTOR('',#5568,1.);
#5568 = DIRECTION('',(1.,0.,0.));
#5569 = PLANE('',#5570);
#5570 = AXIS2_PLACEMENT_3D('',#5571,#5572,#5573);
#5571 = CARTESIAN_POINT('',(-6.102221399786,2.403514285714,
    8.008957142857));
#5572 = DIRECTION('',(-0.,0.110041912079,0.993926947812));
#5573 = DIRECTION('',(0.,0.993926947812,-0.110041912079));
#5574 = ADVANCED_FACE('',(#5575),#5593,.T.);
#5575 = FACE_BOUND('',#5576,.T.);
#5576 = EDGE_LOOP('',(#5577,#5578,#5579,#5587));
#5577 = ORIENTED_EDGE('',*,*,#921,.T.);
#5578 = ORIENTED_EDGE('',*,*,#5564,.T.);
#5579 = ORIENTED_EDGE('',*,*,#5580,.T.);
#5580 = EDGE_CURVE('',#5557,#5581,#5583,.T.);
#5581 = VERTEX_POINT('',#5582);
#5582 = CARTESIAN_POINT('',(-5.502221399786,3.648171428571,8.0032));
#5583 = LINE('',#5584,#5585);
#5584 = CARTESIAN_POINT('',(-5.502221399786,2.455514285714,8.0032));
#5585 = VECTOR('',#5586,1.);
#5586 = DIRECTION('',(0.,1.,0.));
#5587 = ORIENTED_EDGE('',*,*,#5588,.F.);
#5588 = EDGE_CURVE('',#914,#5581,#5589,.T.);
#5589 = LINE('',#5590,#5591);
#5590 = CARTESIAN_POINT('',(-6.102221399786,3.648171428571,8.0032));
#5591 = VECTOR('',#5592,1.);
#5592 = DIRECTION('',(1.,0.,0.));
#5593 = PLANE('',#5594);
#5594 = AXIS2_PLACEMENT_3D('',#5595,#5596,#5597);
#5595 = CARTESIAN_POINT('',(-6.102221399786,2.455514285714,8.0032));
#5596 = DIRECTION('',(0.,0.,1.));
#5597 = DIRECTION('',(0.,1.,0.));
#5598 = ADVANCED_FACE('',(#5599),#5617,.T.);
#5599 = FACE_BOUND('',#5600,.T.);
#5600 = EDGE_LOOP('',(#5601,#5602,#5603,#5611));
#5601 = ORIENTED_EDGE('',*,*,#913,.T.);
#5602 = ORIENTED_EDGE('',*,*,#5588,.T.);
#5603 = ORIENTED_EDGE('',*,*,#5604,.T.);
#5604 = EDGE_CURVE('',#5581,#5605,#5607,.T.);
#5605 = VERTEX_POINT('',#5606);
#5606 = CARTESIAN_POINT('',(-5.502221399786,3.693857142857,
    8.008957142857));
#5607 = LINE('',#5608,#5609);
#5608 = CARTESIAN_POINT('',(-5.502221399786,3.648171428571,8.0032));
#5609 = VECTOR('',#5610,1.);
#5610 = DIRECTION('',(0.,0.992153283358,0.125027446277));
#5611 = ORIENTED_EDGE('',*,*,#5612,.F.);
#5612 = EDGE_CURVE('',#906,#5605,#5613,.T.);
#5613 = LINE('',#5614,#5615);
#5614 = CARTESIAN_POINT('',(-6.102221399786,3.693857142857,
    8.008957142857));
#5615 = VECTOR('',#5616,1.);
#5616 = DIRECTION('',(1.,0.,0.));
#5617 = PLANE('',#5618);
#5618 = AXIS2_PLACEMENT_3D('',#5619,#5620,#5621);
#5619 = CARTESIAN_POINT('',(-6.102221399786,3.648171428571,8.0032));
#5620 = DIRECTION('',(0.,-0.125027446277,0.992153283358));
#5621 = DIRECTION('',(0.,0.992153283358,0.125027446277));
#5622 = ADVANCED_FACE('',(#5623),#5641,.T.);
#5623 = FACE_BOUND('',#5624,.T.);
#5624 = EDGE_LOOP('',(#5625,#5626,#5627,#5635));
#5625 = ORIENTED_EDGE('',*,*,#905,.T.);
#5626 = ORIENTED_EDGE('',*,*,#5612,.T.);
#5627 = ORIENTED_EDGE('',*,*,#5628,.T.);
#5628 = EDGE_CURVE('',#5605,#5629,#5631,.T.);
#5629 = VERTEX_POINT('',#5630);
#5630 = CARTESIAN_POINT('',(-5.502221399786,3.739542857143,
    8.026042857143));
#5631 = LINE('',#5632,#5633);
#5632 = CARTESIAN_POINT('',(-5.502221399786,3.693857142857,
    8.008957142857));
#5633 = VECTOR('',#5634,1.);
#5634 = DIRECTION('',(0.,0.9366417498,0.350288784478));
#5635 = ORIENTED_EDGE('',*,*,#5636,.F.);
#5636 = EDGE_CURVE('',#898,#5629,#5637,.T.);
#5637 = LINE('',#5638,#5639);
#5638 = CARTESIAN_POINT('',(-6.102221399786,3.739542857143,
    8.026042857143));
#5639 = VECTOR('',#5640,1.);
#5640 = DIRECTION('',(1.,0.,0.));
#5641 = PLANE('',#5642);
#5642 = AXIS2_PLACEMENT_3D('',#5643,#5644,#5645);
#5643 = CARTESIAN_POINT('',(-6.102221399786,3.693857142857,
    8.008957142857));
#5644 = DIRECTION('',(0.,-0.350288784478,0.9366417498));
#5645 = DIRECTION('',(0.,0.9366417498,0.350288784478));
#5646 = ADVANCED_FACE('',(#5647),#5665,.T.);
#5647 = FACE_BOUND('',#5648,.T.);
#5648 = EDGE_LOOP('',(#5649,#5650,#5651,#5659));
#5649 = ORIENTED_EDGE('',*,*,#897,.T.);
#5650 = ORIENTED_EDGE('',*,*,#5636,.T.);
#5651 = ORIENTED_EDGE('',*,*,#5652,.T.);
#5652 = EDGE_CURVE('',#5629,#5653,#5655,.T.);
#5653 = VERTEX_POINT('',#5654);
#5654 = CARTESIAN_POINT('',(-5.502221399786,3.785042857143,
    8.048885714286));
#5655 = LINE('',#5656,#5657);
#5656 = CARTESIAN_POINT('',(-5.502221399786,3.739542857143,
    8.026042857143));
#5657 = VECTOR('',#5658,1.);
#5658 = DIRECTION('',(0.,0.893696452749,0.448672096686));
#5659 = ORIENTED_EDGE('',*,*,#5660,.F.);
#5660 = EDGE_CURVE('',#890,#5653,#5661,.T.);
#5661 = LINE('',#5662,#5663);
#5662 = CARTESIAN_POINT('',(-6.102221399786,3.785042857143,
    8.048885714286));
#5663 = VECTOR('',#5664,1.);
#5664 = DIRECTION('',(1.,0.,0.));
#5665 = PLANE('',#5666);
#5666 = AXIS2_PLACEMENT_3D('',#5667,#5668,#5669);
#5667 = CARTESIAN_POINT('',(-6.102221399786,3.739542857143,
    8.026042857143));
#5668 = DIRECTION('',(0.,-0.448672096686,0.893696452749));
#5669 = DIRECTION('',(0.,0.893696452749,0.448672096686));
#5670 = ADVANCED_FACE('',(#5671),#5689,.T.);
#5671 = FACE_BOUND('',#5672,.T.);
#5672 = EDGE_LOOP('',(#5673,#5674,#5675,#5683));
#5673 = ORIENTED_EDGE('',*,*,#889,.T.);
#5674 = ORIENTED_EDGE('',*,*,#5660,.T.);
#5675 = ORIENTED_EDGE('',*,*,#5676,.T.);
#5676 = EDGE_CURVE('',#5653,#5677,#5679,.T.);
#5677 = VERTEX_POINT('',#5678);
#5678 = CARTESIAN_POINT('',(-5.502221399786,3.824971428571,8.0773));
#5679 = LINE('',#5680,#5681);
#5680 = CARTESIAN_POINT('',(-5.502221399786,3.785042857143,
    8.048885714286));
#5681 = VECTOR('',#5682,1.);
#5682 = DIRECTION('',(0.,0.81475641455,0.579803401982));
#5683 = ORIENTED_EDGE('',*,*,#5684,.F.);
#5684 = EDGE_CURVE('',#882,#5677,#5685,.T.);
#5685 = LINE('',#5686,#5687);
#5686 = CARTESIAN_POINT('',(-6.102221399786,3.824971428571,8.0773));
#5687 = VECTOR('',#5688,1.);
#5688 = DIRECTION('',(1.,0.,0.));
#5689 = PLANE('',#5690);
#5690 = AXIS2_PLACEMENT_3D('',#5691,#5692,#5693);
#5691 = CARTESIAN_POINT('',(-6.102221399786,3.785042857143,
    8.048885714286));
#5692 = DIRECTION('',(0.,-0.579803401982,0.81475641455));
#5693 = DIRECTION('',(0.,0.81475641455,0.579803401982));
#5694 = ADVANCED_FACE('',(#5695),#5720,.T.);
#5695 = FACE_BOUND('',#5696,.T.);
#5696 = EDGE_LOOP('',(#5697,#5698,#5706,#5714));
#5697 = ORIENTED_EDGE('',*,*,#873,.T.);
#5698 = ORIENTED_EDGE('',*,*,#5699,.T.);
#5699 = EDGE_CURVE('',#874,#5700,#5702,.T.);
#5700 = VERTEX_POINT('',#5701);
#5701 = CARTESIAN_POINT('',(-5.502221399786,3.870657142857,8.1345));
#5702 = LINE('',#5703,#5704);
#5703 = CARTESIAN_POINT('',(-6.102221399786,3.870657142857,8.1345));
#5704 = VECTOR('',#5705,1.);
#5705 = DIRECTION('',(1.,0.,0.));
#5706 = ORIENTED_EDGE('',*,*,#5707,.T.);
#5707 = EDGE_CURVE('',#5700,#5708,#5710,.T.);
#5708 = VERTEX_POINT('',#5709);
#5709 = CARTESIAN_POINT('',(-5.502221399786,3.887742857143,
    8.168671428571));
#5710 = LINE('',#5711,#5712);
#5711 = CARTESIAN_POINT('',(-5.502221399786,3.870657142857,8.1345));
#5712 = VECTOR('',#5713,1.);
#5713 = DIRECTION('',(0.,0.4472135955,0.894427191));
#5714 = ORIENTED_EDGE('',*,*,#5715,.F.);
#5715 = EDGE_CURVE('',#866,#5708,#5716,.T.);
#5716 = LINE('',#5717,#5718);
#5717 = CARTESIAN_POINT('',(-6.102221399786,3.887742857143,
    8.168671428571));
#5718 = VECTOR('',#5719,1.);
#5719 = DIRECTION('',(1.,0.,0.));
#5720 = PLANE('',#5721);
#5721 = AXIS2_PLACEMENT_3D('',#5722,#5723,#5724);
#5722 = CARTESIAN_POINT('',(-6.102221399786,3.870657142857,8.1345));
#5723 = DIRECTION('',(0.,-0.894427191,0.4472135955));
#5724 = DIRECTION('',(0.,0.4472135955,0.894427191));
#5725 = ADVANCED_FACE('',(#5726),#5744,.T.);
#5726 = FACE_BOUND('',#5727,.T.);
#5727 = EDGE_LOOP('',(#5728,#5729,#5730,#5738));
#5728 = ORIENTED_EDGE('',*,*,#865,.T.);
#5729 = ORIENTED_EDGE('',*,*,#5715,.T.);
#5730 = ORIENTED_EDGE('',*,*,#5731,.T.);
#5731 = EDGE_CURVE('',#5708,#5732,#5734,.T.);
#5732 = VERTEX_POINT('',#5733);
#5733 = CARTESIAN_POINT('',(-5.502221399786,3.905014285714,
    8.202842857143));
#5734 = LINE('',#5735,#5736);
#5735 = CARTESIAN_POINT('',(-5.502221399786,3.887742857143,
    8.168671428571));
#5736 = VECTOR('',#5737,1.);
#5737 = DIRECTION('',(0.,0.451089728658,0.892478602936));
#5738 = ORIENTED_EDGE('',*,*,#5739,.F.);
#5739 = EDGE_CURVE('',#858,#5732,#5740,.T.);
#5740 = LINE('',#5741,#5742);
#5741 = CARTESIAN_POINT('',(-6.102221399786,3.905014285714,
    8.202842857143));
#5742 = VECTOR('',#5743,1.);
#5743 = DIRECTION('',(1.,0.,0.));
#5744 = PLANE('',#5745);
#5745 = AXIS2_PLACEMENT_3D('',#5746,#5747,#5748);
#5746 = CARTESIAN_POINT('',(-6.102221399786,3.887742857143,
    8.168671428571));
#5747 = DIRECTION('',(0.,-0.892478602936,0.451089728658));
#5748 = DIRECTION('',(0.,0.451089728658,0.892478602936));
#5749 = ADVANCED_FACE('',(#5750),#5768,.T.);
#5750 = FACE_BOUND('',#5751,.T.);
#5751 = EDGE_LOOP('',(#5752,#5753,#5754,#5762));
#5752 = ORIENTED_EDGE('',*,*,#857,.T.);
#5753 = ORIENTED_EDGE('',*,*,#5739,.T.);
#5754 = ORIENTED_EDGE('',*,*,#5755,.T.);
#5755 = EDGE_CURVE('',#5732,#5756,#5758,.T.);
#5756 = VERTEX_POINT('',#5757);
#5757 = CARTESIAN_POINT('',(-5.502221399786,3.910585714286,8.2372));
#5758 = LINE('',#5759,#5760);
#5759 = CARTESIAN_POINT('',(-5.502221399786,3.905014285714,
    8.202842857143));
#5760 = VECTOR('',#5761,1.);
#5761 = DIRECTION('',(0.,0.160071158554,0.987105477748));
#5762 = ORIENTED_EDGE('',*,*,#5763,.F.);
#5763 = EDGE_CURVE('',#850,#5756,#5764,.T.);
#5764 = LINE('',#5765,#5766);
#5765 = CARTESIAN_POINT('',(-6.102221399786,3.910585714286,8.2372));
#5766 = VECTOR('',#5767,1.);
#5767 = DIRECTION('',(1.,0.,0.));
#5768 = PLANE('',#5769);
#5769 = AXIS2_PLACEMENT_3D('',#5770,#5771,#5772);
#5770 = CARTESIAN_POINT('',(-6.102221399786,3.905014285714,
    8.202842857143));
#5771 = DIRECTION('',(0.,-0.987105477748,0.160071158554));
#5772 = DIRECTION('',(0.,0.160071158554,0.987105477748));
#5773 = ADVANCED_FACE('',(#5774),#5792,.T.);
#5774 = FACE_BOUND('',#5775,.T.);
#5775 = EDGE_LOOP('',(#5776,#5777,#5778,#5786));
#5776 = ORIENTED_EDGE('',*,*,#849,.T.);
#5777 = ORIENTED_EDGE('',*,*,#5763,.T.);
#5778 = ORIENTED_EDGE('',*,*,#5779,.T.);
#5779 = EDGE_CURVE('',#5756,#5780,#5782,.T.);
#5780 = VERTEX_POINT('',#5781);
#5781 = CARTESIAN_POINT('',(-5.502221399786,3.916342857143,
    8.271371428571));
#5782 = LINE('',#5783,#5784);
#5783 = CARTESIAN_POINT('',(-5.502221399786,3.910585714286,8.2372));
#5784 = VECTOR('',#5785,1.);
#5785 = DIRECTION('',(0.,0.166136868447,0.98610270304));
#5786 = ORIENTED_EDGE('',*,*,#5787,.F.);
#5787 = EDGE_CURVE('',#842,#5780,#5788,.T.);
#5788 = LINE('',#5789,#5790);
#5789 = CARTESIAN_POINT('',(-6.102221399786,3.916342857143,
    8.271371428571));
#5790 = VECTOR('',#5791,1.);
#5791 = DIRECTION('',(1.,0.,0.));
#5792 = PLANE('',#5793);
#5793 = AXIS2_PLACEMENT_3D('',#5794,#5795,#5796);
#5794 = CARTESIAN_POINT('',(-6.102221399786,3.910585714286,8.2372));
#5795 = DIRECTION('',(0.,-0.98610270304,0.166136868447));
#5796 = DIRECTION('',(0.,0.166136868447,0.98610270304));
#5797 = ADVANCED_FACE('',(#5798),#5816,.T.);
#5798 = FACE_BOUND('',#5799,.T.);
#5799 = EDGE_LOOP('',(#5800,#5801,#5802,#5810));
#5800 = ORIENTED_EDGE('',*,*,#841,.T.);
#5801 = ORIENTED_EDGE('',*,*,#5787,.T.);
#5802 = ORIENTED_EDGE('',*,*,#5803,.T.);
#5803 = EDGE_CURVE('',#5780,#5804,#5806,.T.);
#5804 = VERTEX_POINT('',#5805);
#5805 = CARTESIAN_POINT('',(-5.502221399786,3.916342857143,
    8.305542857143));
#5806 = LINE('',#5807,#5808);
#5807 = CARTESIAN_POINT('',(-5.502221399786,3.916342857143,
    8.271371428571));
#5808 = VECTOR('',#5809,1.);
#5809 = DIRECTION('',(0.,0.,1.));
#5810 = ORIENTED_EDGE('',*,*,#5811,.F.);
#5811 = EDGE_CURVE('',#834,#5804,#5812,.T.);
#5812 = LINE('',#5813,#5814);
#5813 = CARTESIAN_POINT('',(-6.102221399786,3.916342857143,
    8.305542857143));
#5814 = VECTOR('',#5815,1.);
#5815 = DIRECTION('',(1.,0.,0.));
#5816 = PLANE('',#5817);
#5817 = AXIS2_PLACEMENT_3D('',#5818,#5819,#5820);
#5818 = CARTESIAN_POINT('',(-6.102221399786,3.916342857143,
    8.271371428571));
#5819 = DIRECTION('',(0.,-1.,0.));
#5820 = DIRECTION('',(0.,0.,1.));
#5821 = ADVANCED_FACE('',(#5822),#5840,.T.);
#5822 = FACE_BOUND('',#5823,.T.);
#5823 = EDGE_LOOP('',(#5824,#5825,#5826,#5834));
#5824 = ORIENTED_EDGE('',*,*,#833,.T.);
#5825 = ORIENTED_EDGE('',*,*,#5811,.T.);
#5826 = ORIENTED_EDGE('',*,*,#5827,.T.);
#5827 = EDGE_CURVE('',#5804,#5828,#5830,.T.);
#5828 = VERTEX_POINT('',#5829);
#5829 = CARTESIAN_POINT('',(-5.502221399786,3.910585714286,
    8.345471428571));
#5830 = LINE('',#5831,#5832);
#5831 = CARTESIAN_POINT('',(-5.502221399786,3.916342857143,
    8.305542857143));
#5832 = VECTOR('',#5833,1.);
#5833 = DIRECTION('',(0.,-0.142710231997,0.989764512237));
#5834 = ORIENTED_EDGE('',*,*,#5835,.F.);
#5835 = EDGE_CURVE('',#826,#5828,#5836,.T.);
#5836 = LINE('',#5837,#5838);
#5837 = CARTESIAN_POINT('',(-6.102221399786,3.910585714286,
    8.345471428571));
#5838 = VECTOR('',#5839,1.);
#5839 = DIRECTION('',(1.,0.,0.));
#5840 = PLANE('',#5841);
#5841 = AXIS2_PLACEMENT_3D('',#5842,#5843,#5844);
#5842 = CARTESIAN_POINT('',(-6.102221399786,3.916342857143,
    8.305542857143));
#5843 = DIRECTION('',(0.,-0.989764512237,-0.142710231997));
#5844 = DIRECTION('',(0.,-0.142710231997,0.989764512237));
#5845 = ADVANCED_FACE('',(#5846),#5864,.T.);
#5846 = FACE_BOUND('',#5847,.T.);
#5847 = EDGE_LOOP('',(#5848,#5849,#5850,#5858));
#5848 = ORIENTED_EDGE('',*,*,#825,.T.);
#5849 = ORIENTED_EDGE('',*,*,#5835,.T.);
#5850 = ORIENTED_EDGE('',*,*,#5851,.T.);
#5851 = EDGE_CURVE('',#5828,#5852,#5854,.T.);
#5852 = VERTEX_POINT('',#5853);
#5853 = CARTESIAN_POINT('',(-5.502221399786,3.899257142857,
    8.379828571429));
#5854 = LINE('',#5855,#5856);
#5855 = CARTESIAN_POINT('',(-5.502221399786,3.910585714286,
    8.345471428571));
#5856 = VECTOR('',#5857,1.);
#5857 = DIRECTION('',(0.,-0.313145974944,0.949705005976));
#5858 = ORIENTED_EDGE('',*,*,#5859,.F.);
#5859 = EDGE_CURVE('',#818,#5852,#5860,.T.);
#5860 = LINE('',#5861,#5862);
#5861 = CARTESIAN_POINT('',(-6.102221399786,3.899257142857,
    8.379828571429));
#5862 = VECTOR('',#5863,1.);
#5863 = DIRECTION('',(1.,0.,0.));
#5864 = PLANE('',#5865);
#5865 = AXIS2_PLACEMENT_3D('',#5866,#5867,#5868);
#5866 = CARTESIAN_POINT('',(-6.102221399786,3.910585714286,
    8.345471428571));
#5867 = DIRECTION('',(0.,-0.949705005976,-0.313145974944));
#5868 = DIRECTION('',(0.,-0.313145974944,0.949705005976));
#5869 = ADVANCED_FACE('',(#5870),#5888,.T.);
#5870 = FACE_BOUND('',#5871,.T.);
#5871 = EDGE_LOOP('',(#5872,#5873,#5874,#5882));
#5872 = ORIENTED_EDGE('',*,*,#817,.T.);
#5873 = ORIENTED_EDGE('',*,*,#5859,.T.);
#5874 = ORIENTED_EDGE('',*,*,#5875,.T.);
#5875 = EDGE_CURVE('',#5852,#5876,#5878,.T.);
#5876 = VERTEX_POINT('',#5877);
#5877 = CARTESIAN_POINT('',(-5.502221399786,3.887742857143,8.414));
#5878 = LINE('',#5879,#5880);
#5879 = CARTESIAN_POINT('',(-5.502221399786,3.899257142857,
    8.379828571429));
#5880 = VECTOR('',#5881,1.);
#5881 = DIRECTION('',(0.,-0.319316245627,0.947648212829));
#5882 = ORIENTED_EDGE('',*,*,#5883,.F.);
#5883 = EDGE_CURVE('',#810,#5876,#5884,.T.);
#5884 = LINE('',#5885,#5886);
#5885 = CARTESIAN_POINT('',(-6.102221399786,3.887742857143,8.414));
#5886 = VECTOR('',#5887,1.);
#5887 = DIRECTION('',(1.,0.,0.));
#5888 = PLANE('',#5889);
#5889 = AXIS2_PLACEMENT_3D('',#5890,#5891,#5892);
#5890 = CARTESIAN_POINT('',(-6.102221399786,3.899257142857,
    8.379828571429));
#5891 = DIRECTION('',(0.,-0.947648212829,-0.319316245627));
#5892 = DIRECTION('',(0.,-0.319316245627,0.947648212829));
#5893 = ADVANCED_FACE('',(#5894),#5912,.T.);
#5894 = FACE_BOUND('',#5895,.T.);
#5895 = EDGE_LOOP('',(#5896,#5897,#5898,#5906));
#5896 = ORIENTED_EDGE('',*,*,#809,.T.);
#5897 = ORIENTED_EDGE('',*,*,#5883,.T.);
#5898 = ORIENTED_EDGE('',*,*,#5899,.T.);
#5899 = EDGE_CURVE('',#5876,#5900,#5902,.T.);
#5900 = VERTEX_POINT('',#5901);
#5901 = CARTESIAN_POINT('',(-5.502221399786,3.870657142857,
    8.448171428571));
#5902 = LINE('',#5903,#5904);
#5903 = CARTESIAN_POINT('',(-5.502221399786,3.887742857143,8.414));
#5904 = VECTOR('',#5905,1.);
#5905 = DIRECTION('',(0.,-0.4472135955,0.894427191));
#5906 = ORIENTED_EDGE('',*,*,#5907,.F.);
#5907 = EDGE_CURVE('',#802,#5900,#5908,.T.);
#5908 = LINE('',#5909,#5910);
#5909 = CARTESIAN_POINT('',(-6.102221399786,3.870657142857,
    8.448171428571));
#5910 = VECTOR('',#5911,1.);
#5911 = DIRECTION('',(1.,0.,0.));
#5912 = PLANE('',#5913);
#5913 = AXIS2_PLACEMENT_3D('',#5914,#5915,#5916);
#5914 = CARTESIAN_POINT('',(-6.102221399786,3.887742857143,8.414));
#5915 = DIRECTION('',(0.,-0.894427191,-0.4472135955));
#5916 = DIRECTION('',(0.,-0.4472135955,0.894427191));
#5917 = ADVANCED_FACE('',(#5918),#5936,.T.);
#5918 = FACE_BOUND('',#5919,.T.);
#5919 = EDGE_LOOP('',(#5920,#5921,#5922,#5930));
#5920 = ORIENTED_EDGE('',*,*,#801,.T.);
#5921 = ORIENTED_EDGE('',*,*,#5907,.T.);
#5922 = ORIENTED_EDGE('',*,*,#5923,.T.);
#5923 = EDGE_CURVE('',#5900,#5924,#5926,.T.);
#5924 = VERTEX_POINT('',#5925);
#5925 = CARTESIAN_POINT('',(-5.502221399786,3.847814285714,
    8.471014285714));
#5926 = LINE('',#5927,#5928);
#5927 = CARTESIAN_POINT('',(-5.502221399786,3.870657142857,
    8.448171428571));
#5928 = VECTOR('',#5929,1.);
#5929 = DIRECTION('',(0.,-0.707106781187,0.707106781187));
#5930 = ORIENTED_EDGE('',*,*,#5931,.F.);
#5931 = EDGE_CURVE('',#794,#5924,#5932,.T.);
#5932 = LINE('',#5933,#5934);
#5933 = CARTESIAN_POINT('',(-6.102221399786,3.847814285714,
    8.471014285714));
#5934 = VECTOR('',#5935,1.);
#5935 = DIRECTION('',(1.,0.,0.));
#5936 = PLANE('',#5937);
#5937 = AXIS2_PLACEMENT_3D('',#5938,#5939,#5940);
#5938 = CARTESIAN_POINT('',(-6.102221399786,3.870657142857,
    8.448171428571));
#5939 = DIRECTION('',(0.,-0.707106781187,-0.707106781187));
#5940 = DIRECTION('',(0.,-0.707106781187,0.707106781187));
#5941 = ADVANCED_FACE('',(#5942),#5960,.T.);
#5942 = FACE_BOUND('',#5943,.T.);
#5943 = EDGE_LOOP('',(#5944,#5945,#5946,#5954));
#5944 = ORIENTED_EDGE('',*,*,#793,.T.);
#5945 = ORIENTED_EDGE('',*,*,#5931,.T.);
#5946 = ORIENTED_EDGE('',*,*,#5947,.T.);
#5947 = EDGE_CURVE('',#5924,#5948,#5950,.T.);
#5948 = VERTEX_POINT('',#5949);
#5949 = CARTESIAN_POINT('',(-5.502221399786,3.8194,8.499614285714));
#5950 = LINE('',#5951,#5952);
#5951 = CARTESIAN_POINT('',(-5.502221399786,3.847814285714,
    8.471014285714));
#5952 = VECTOR('',#5953,1.);
#5953 = DIRECTION('',(0.,-0.704799762748,0.709406297146));
#5954 = ORIENTED_EDGE('',*,*,#5955,.F.);
#5955 = EDGE_CURVE('',#786,#5948,#5956,.T.);
#5956 = LINE('',#5957,#5958);
#5957 = CARTESIAN_POINT('',(-6.102221399786,3.8194,8.499614285714));
#5958 = VECTOR('',#5959,1.);
#5959 = DIRECTION('',(1.,0.,0.));
#5960 = PLANE('',#5961);
#5961 = AXIS2_PLACEMENT_3D('',#5962,#5963,#5964);
#5962 = CARTESIAN_POINT('',(-6.102221399786,3.847814285714,
    8.471014285714));
#5963 = DIRECTION('',(0.,-0.709406297146,-0.704799762748));
#5964 = DIRECTION('',(0.,-0.704799762748,0.709406297146));
#5965 = ADVANCED_FACE('',(#5966),#5984,.T.);
#5966 = FACE_BOUND('',#5967,.T.);
#5967 = EDGE_LOOP('',(#5968,#5969,#5970,#5978));
#5968 = ORIENTED_EDGE('',*,*,#785,.T.);
#5969 = ORIENTED_EDGE('',*,*,#5955,.T.);
#5970 = ORIENTED_EDGE('',*,*,#5971,.T.);
#5971 = EDGE_CURVE('',#5948,#5972,#5974,.T.);
#5972 = VERTEX_POINT('',#5973);
#5973 = CARTESIAN_POINT('',(-5.502221399786,3.796557142857,
    8.522457142857));
#5974 = LINE('',#5975,#5976);
#5975 = CARTESIAN_POINT('',(-5.502221399786,3.8194,8.499614285714));
#5976 = VECTOR('',#5977,1.);
#5977 = DIRECTION('',(0.,-0.707106781187,0.707106781187));
#5978 = ORIENTED_EDGE('',*,*,#5979,.F.);
#5979 = EDGE_CURVE('',#778,#5972,#5980,.T.);
#5980 = LINE('',#5981,#5982);
#5981 = CARTESIAN_POINT('',(-6.102221399786,3.796557142857,
    8.522457142857));
#5982 = VECTOR('',#5983,1.);
#5983 = DIRECTION('',(1.,0.,0.));
#5984 = PLANE('',#5985);
#5985 = AXIS2_PLACEMENT_3D('',#5986,#5987,#5988);
#5986 = CARTESIAN_POINT('',(-6.102221399786,3.8194,8.499614285714));
#5987 = DIRECTION('',(0.,-0.707106781187,-0.707106781187));
#5988 = DIRECTION('',(0.,-0.707106781187,0.707106781187));
#5989 = ADVANCED_FACE('',(#5990),#6008,.T.);
#5990 = FACE_BOUND('',#5991,.T.);
#5991 = EDGE_LOOP('',(#5992,#5993,#5994,#6002));
#5992 = ORIENTED_EDGE('',*,*,#777,.T.);
#5993 = ORIENTED_EDGE('',*,*,#5979,.T.);
#5994 = ORIENTED_EDGE('',*,*,#5995,.T.);
#5995 = EDGE_CURVE('',#5972,#5996,#5998,.T.);
#5996 = VERTEX_POINT('',#5997);
#5997 = CARTESIAN_POINT('',(-5.502221399786,3.762385714286,
    8.545114285714));
#5998 = LINE('',#5999,#6000);
#5999 = CARTESIAN_POINT('',(-5.502221399786,3.796557142857,
    8.522457142857));
#6000 = VECTOR('',#6001,1.);
#6001 = DIRECTION('',(0.,-0.833441382682,0.5526078733));
#6002 = ORIENTED_EDGE('',*,*,#6003,.F.);
#6003 = EDGE_CURVE('',#770,#5996,#6004,.T.);
#6004 = LINE('',#6005,#6006);
#6005 = CARTESIAN_POINT('',(-6.102221399786,3.762385714286,
    8.545114285714));
#6006 = VECTOR('',#6007,1.);
#6007 = DIRECTION('',(1.,0.,0.));
#6008 = PLANE('',#6009);
#6009 = AXIS2_PLACEMENT_3D('',#6010,#6011,#6012);
#6010 = CARTESIAN_POINT('',(-6.102221399786,3.796557142857,
    8.522457142857));
#6011 = DIRECTION('',(0.,-0.5526078733,-0.833441382682));
#6012 = DIRECTION('',(0.,-0.833441382682,0.5526078733));
#6013 = ADVANCED_FACE('',(#6014),#6032,.T.);
#6014 = FACE_BOUND('',#6015,.T.);
#6015 = EDGE_LOOP('',(#6016,#6017,#6018,#6026));
#6016 = ORIENTED_EDGE('',*,*,#769,.T.);
#6017 = ORIENTED_EDGE('',*,*,#6003,.T.);
#6018 = ORIENTED_EDGE('',*,*,#6019,.T.);
#6019 = EDGE_CURVE('',#5996,#6020,#6022,.T.);
#6020 = VERTEX_POINT('',#6021);
#6021 = CARTESIAN_POINT('',(-5.502221399786,3.728028571429,
    8.556628571429));
#6022 = LINE('',#6023,#6024);
#6023 = CARTESIAN_POINT('',(-5.502221399786,3.762385714286,
    8.545114285714));
#6024 = VECTOR('',#6025,1.);
#6025 = DIRECTION('',(0.,-0.948169527976,0.317764922889));
#6026 = ORIENTED_EDGE('',*,*,#6027,.F.);
#6027 = EDGE_CURVE('',#762,#6020,#6028,.T.);
#6028 = LINE('',#6029,#6030);
#6029 = CARTESIAN_POINT('',(-6.102221399786,3.728028571429,
    8.556628571429));
#6030 = VECTOR('',#6031,1.);
#6031 = DIRECTION('',(1.,0.,0.));
#6032 = PLANE('',#6033);
#6033 = AXIS2_PLACEMENT_3D('',#6034,#6035,#6036);
#6034 = CARTESIAN_POINT('',(-6.102221399786,3.762385714286,
    8.545114285714));
#6035 = DIRECTION('',(0.,-0.317764922889,-0.948169527976));
#6036 = DIRECTION('',(0.,-0.948169527976,0.317764922889));
#6037 = ADVANCED_FACE('',(#6038),#6056,.T.);
#6038 = FACE_BOUND('',#6039,.T.);
#6039 = EDGE_LOOP('',(#6040,#6041,#6042,#6050));
#6040 = ORIENTED_EDGE('',*,*,#761,.T.);
#6041 = ORIENTED_EDGE('',*,*,#6027,.T.);
#6042 = ORIENTED_EDGE('',*,*,#6043,.T.);
#6043 = EDGE_CURVE('',#6020,#6044,#6046,.T.);
#6044 = VERTEX_POINT('',#6045);
#6045 = CARTESIAN_POINT('',(-5.502221399786,3.682342857143,
    8.567957142857));
#6046 = LINE('',#6047,#6048);
#6047 = CARTESIAN_POINT('',(-5.502221399786,3.728028571429,
    8.556628571429));
#6048 = VECTOR('',#6049,1.);
#6049 = DIRECTION('',(0.,-0.970604905537,0.240678452186));
#6050 = ORIENTED_EDGE('',*,*,#6051,.F.);
#6051 = EDGE_CURVE('',#754,#6044,#6052,.T.);
#6052 = LINE('',#6053,#6054);
#6053 = CARTESIAN_POINT('',(-6.102221399786,3.682342857143,
    8.567957142857));
#6054 = VECTOR('',#6055,1.);
#6055 = DIRECTION('',(1.,0.,0.));
#6056 = PLANE('',#6057);
#6057 = AXIS2_PLACEMENT_3D('',#6058,#6059,#6060);
#6058 = CARTESIAN_POINT('',(-6.102221399786,3.728028571429,
    8.556628571429));
#6059 = DIRECTION('',(0.,-0.240678452186,-0.970604905537));
#6060 = DIRECTION('',(0.,-0.970604905537,0.240678452186));
#6061 = ADVANCED_FACE('',(#6062),#6080,.T.);
#6062 = FACE_BOUND('',#6063,.T.);
#6063 = EDGE_LOOP('',(#6064,#6065,#6066,#6074));
#6064 = ORIENTED_EDGE('',*,*,#753,.T.);
#6065 = ORIENTED_EDGE('',*,*,#6051,.T.);
#6066 = ORIENTED_EDGE('',*,*,#6067,.T.);
#6067 = EDGE_CURVE('',#6044,#6068,#6070,.T.);
#6068 = VERTEX_POINT('',#6069);
#6069 = CARTESIAN_POINT('',(-5.502221399786,3.636842857143,
    8.573714285714));
#6070 = LINE('',#6071,#6072);
#6071 = CARTESIAN_POINT('',(-5.502221399786,3.682342857143,
    8.567957142857));
#6072 = VECTOR('',#6073,1.);
#6073 = DIRECTION('',(0.,-0.992089857379,0.125529737056));
#6074 = ORIENTED_EDGE('',*,*,#6075,.F.);
#6075 = EDGE_CURVE('',#746,#6068,#6076,.T.);
#6076 = LINE('',#6077,#6078);
#6077 = CARTESIAN_POINT('',(-6.102221399786,3.636842857143,
    8.573714285714));
#6078 = VECTOR('',#6079,1.);
#6079 = DIRECTION('',(1.,0.,0.));
#6080 = PLANE('',#6081);
#6081 = AXIS2_PLACEMENT_3D('',#6082,#6083,#6084);
#6082 = CARTESIAN_POINT('',(-6.102221399786,3.682342857143,
    8.567957142857));
#6083 = DIRECTION('',(0.,-0.125529737056,-0.992089857379));
#6084 = DIRECTION('',(0.,-0.992089857379,0.125529737056));
#6085 = ADVANCED_FACE('',(#6086),#6104,.T.);
#6086 = FACE_BOUND('',#6087,.T.);
#6087 = EDGE_LOOP('',(#6088,#6089,#6090,#6098));
#6088 = ORIENTED_EDGE('',*,*,#745,.T.);
#6089 = ORIENTED_EDGE('',*,*,#6075,.T.);
#6090 = ORIENTED_EDGE('',*,*,#6091,.T.);
#6091 = EDGE_CURVE('',#6068,#6092,#6094,.T.);
#6092 = VERTEX_POINT('',#6093);
#6093 = CARTESIAN_POINT('',(-5.502221399786,2.490057142857,
    8.573714285714));
#6094 = LINE('',#6095,#6096);
#6095 = CARTESIAN_POINT('',(-5.502221399786,3.636842857143,
    8.573714285714));
#6096 = VECTOR('',#6097,1.);
#6097 = DIRECTION('',(0.,-1.,0.));
#6098 = ORIENTED_EDGE('',*,*,#6099,.F.);
#6099 = EDGE_CURVE('',#738,#6092,#6100,.T.);
#6100 = LINE('',#6101,#6102);
#6101 = CARTESIAN_POINT('',(-6.102221399786,2.490057142857,
    8.573714285714));
#6102 = VECTOR('',#6103,1.);
#6103 = DIRECTION('',(1.,0.,0.));
#6104 = PLANE('',#6105);
#6105 = AXIS2_PLACEMENT_3D('',#6106,#6107,#6108);
#6106 = CARTESIAN_POINT('',(-6.102221399786,3.636842857143,
    8.573714285714));
#6107 = DIRECTION('',(0.,0.,-1.));
#6108 = DIRECTION('',(0.,-1.,0.));
#6109 = ADVANCED_FACE('',(#6110),#6128,.T.);
#6110 = FACE_BOUND('',#6111,.T.);
#6111 = EDGE_LOOP('',(#6112,#6113,#6114,#6122));
#6112 = ORIENTED_EDGE('',*,*,#737,.T.);
#6113 = ORIENTED_EDGE('',*,*,#6099,.T.);
#6114 = ORIENTED_EDGE('',*,*,#6115,.T.);
#6115 = EDGE_CURVE('',#6092,#6116,#6118,.T.);
#6116 = VERTEX_POINT('',#6117);
#6117 = CARTESIAN_POINT('',(-5.502221399786,2.490057142857,
    9.714742857143));
#6118 = LINE('',#6119,#6120);
#6119 = CARTESIAN_POINT('',(-5.502221399786,2.490057142857,
    8.573714285714));
#6120 = VECTOR('',#6121,1.);
#6121 = DIRECTION('',(0.,0.,1.));
#6122 = ORIENTED_EDGE('',*,*,#6123,.F.);
#6123 = EDGE_CURVE('',#730,#6116,#6124,.T.);
#6124 = LINE('',#6125,#6126);
#6125 = CARTESIAN_POINT('',(-6.102221399786,2.490057142857,
    9.714742857143));
#6126 = VECTOR('',#6127,1.);
#6127 = DIRECTION('',(1.,0.,0.));
#6128 = PLANE('',#6129);
#6129 = AXIS2_PLACEMENT_3D('',#6130,#6131,#6132);
#6130 = CARTESIAN_POINT('',(-6.102221399786,2.490057142857,
    8.573714285714));
#6131 = DIRECTION('',(0.,-1.,0.));
#6132 = DIRECTION('',(0.,0.,1.));
#6133 = ADVANCED_FACE('',(#6134),#6152,.T.);
#6134 = FACE_BOUND('',#6135,.T.);
#6135 = EDGE_LOOP('',(#6136,#6137,#6138,#6146));
#6136 = ORIENTED_EDGE('',*,*,#729,.T.);
#6137 = ORIENTED_EDGE('',*,*,#6123,.T.);
#6138 = ORIENTED_EDGE('',*,*,#6139,.T.);
#6139 = EDGE_CURVE('',#6116,#6140,#6142,.T.);
#6140 = VERTEX_POINT('',#6141);
#6141 = CARTESIAN_POINT('',(-5.502221399786,3.785042857143,
    9.714742857143));
#6142 = LINE('',#6143,#6144);
#6143 = CARTESIAN_POINT('',(-5.502221399786,2.490057142857,
    9.714742857143));
#6144 = VECTOR('',#6145,1.);
#6145 = DIRECTION('',(0.,1.,0.));
#6146 = ORIENTED_EDGE('',*,*,#6147,.F.);
#6147 = EDGE_CURVE('',#722,#6140,#6148,.T.);
#6148 = LINE('',#6149,#6150);
#6149 = CARTESIAN_POINT('',(-6.102221399786,3.785042857143,
    9.714742857143));
#6150 = VECTOR('',#6151,1.);
#6151 = DIRECTION('',(1.,0.,0.));
#6152 = PLANE('',#6153);
#6153 = AXIS2_PLACEMENT_3D('',#6154,#6155,#6156);
#6154 = CARTESIAN_POINT('',(-6.102221399786,2.490057142857,
    9.714742857143));
#6155 = DIRECTION('',(0.,0.,1.));
#6156 = DIRECTION('',(0.,1.,0.));
#6157 = ADVANCED_FACE('',(#6158),#6176,.T.);
#6158 = FACE_BOUND('',#6159,.T.);
#6159 = EDGE_LOOP('',(#6160,#6161,#6162,#6170));
#6160 = ORIENTED_EDGE('',*,*,#721,.T.);
#6161 = ORIENTED_EDGE('',*,*,#6147,.T.);
#6162 = ORIENTED_EDGE('',*,*,#6163,.T.);
#6163 = EDGE_CURVE('',#6140,#6164,#6166,.T.);
#6164 = VERTEX_POINT('',#6165);
#6165 = CARTESIAN_POINT('',(-5.502221399786,3.813642857143,9.7205));
#6166 = LINE('',#6167,#6168);
#6167 = CARTESIAN_POINT('',(-5.502221399786,3.785042857143,
    9.714742857143));
#6168 = VECTOR('',#6169,1.);
#6169 = DIRECTION('',(0.,0.980335072596,0.197340176951));
#6170 = ORIENTED_EDGE('',*,*,#6171,.F.);
#6171 = EDGE_CURVE('',#714,#6164,#6172,.T.);
#6172 = LINE('',#6173,#6174);
#6173 = CARTESIAN_POINT('',(-6.102221399786,3.813642857143,9.7205));
#6174 = VECTOR('',#6175,1.);
#6175 = DIRECTION('',(1.,0.,0.));
#6176 = PLANE('',#6177);
#6177 = AXIS2_PLACEMENT_3D('',#6178,#6179,#6180);
#6178 = CARTESIAN_POINT('',(-6.102221399786,3.785042857143,
    9.714742857143));
#6179 = DIRECTION('',(0.,-0.197340176951,0.980335072596));
#6180 = DIRECTION('',(0.,0.980335072596,0.197340176951));
#6181 = ADVANCED_FACE('',(#6182),#6200,.T.);
#6182 = FACE_BOUND('',#6183,.T.);
#6183 = EDGE_LOOP('',(#6184,#6185,#6186,#6194));
#6184 = ORIENTED_EDGE('',*,*,#713,.T.);
#6185 = ORIENTED_EDGE('',*,*,#6171,.T.);
#6186 = ORIENTED_EDGE('',*,*,#6187,.T.);
#6187 = EDGE_CURVE('',#6164,#6188,#6190,.T.);
#6188 = VERTEX_POINT('',#6189);
#6189 = CARTESIAN_POINT('',(-5.502221399786,3.836485714286,
    9.731828571429));
#6190 = LINE('',#6191,#6192);
#6191 = CARTESIAN_POINT('',(-5.502221399786,3.813642857143,9.7205));
#6192 = VECTOR('',#6193,1.);
#6193 = DIRECTION('',(0.,0.895879160097,0.444297794845));
#6194 = ORIENTED_EDGE('',*,*,#6195,.F.);
#6195 = EDGE_CURVE('',#706,#6188,#6196,.T.);
#6196 = LINE('',#6197,#6198);
#6197 = CARTESIAN_POINT('',(-6.102221399786,3.836485714286,
    9.731828571429));
#6198 = VECTOR('',#6199,1.);
#6199 = DIRECTION('',(1.,0.,0.));
#6200 = PLANE('',#6201);
#6201 = AXIS2_PLACEMENT_3D('',#6202,#6203,#6204);
#6202 = CARTESIAN_POINT('',(-6.102221399786,3.813642857143,9.7205));
#6203 = DIRECTION('',(0.,-0.444297794845,0.895879160097));
#6204 = DIRECTION('',(0.,0.895879160097,0.444297794845));
#6205 = ADVANCED_FACE('',(#6206),#6224,.T.);
#6206 = FACE_BOUND('',#6207,.T.);
#6207 = EDGE_LOOP('',(#6208,#6209,#6210,#6218));
#6208 = ORIENTED_EDGE('',*,*,#705,.T.);
#6209 = ORIENTED_EDGE('',*,*,#6195,.T.);
#6210 = ORIENTED_EDGE('',*,*,#6211,.T.);
#6211 = EDGE_CURVE('',#6188,#6212,#6214,.T.);
#6212 = VERTEX_POINT('',#6213);
#6213 = CARTESIAN_POINT('',(-5.502221399786,3.859328571429,
    9.743342857143));
#6214 = LINE('',#6215,#6216);
#6215 = CARTESIAN_POINT('',(-5.502221399786,3.836485714286,
    9.731828571429));
#6216 = VECTOR('',#6217,1.);
#6217 = DIRECTION('',(0.,0.892970492237,0.450115207469));
#6218 = ORIENTED_EDGE('',*,*,#6219,.F.);
#6219 = EDGE_CURVE('',#698,#6212,#6220,.T.);
#6220 = LINE('',#6221,#6222);
#6221 = CARTESIAN_POINT('',(-6.102221399786,3.859328571429,
    9.743342857143));
#6222 = VECTOR('',#6223,1.);
#6223 = DIRECTION('',(1.,0.,0.));
#6224 = PLANE('',#6225);
#6225 = AXIS2_PLACEMENT_3D('',#6226,#6227,#6228);
#6226 = CARTESIAN_POINT('',(-6.102221399786,3.836485714286,
    9.731828571429));
#6227 = DIRECTION('',(0.,-0.450115207469,0.892970492237));
#6228 = DIRECTION('',(0.,0.892970492237,0.450115207469));
#6229 = ADVANCED_FACE('',(#6230),#6248,.T.);
#6230 = FACE_BOUND('',#6231,.T.);
#6231 = EDGE_LOOP('',(#6232,#6233,#6234,#6242));
#6232 = ORIENTED_EDGE('',*,*,#697,.T.);
#6233 = ORIENTED_EDGE('',*,*,#6219,.T.);
#6234 = ORIENTED_EDGE('',*,*,#6235,.T.);
#6235 = EDGE_CURVE('',#6212,#6236,#6238,.T.);
#6236 = VERTEX_POINT('',#6237);
#6237 = CARTESIAN_POINT('',(-5.502221399786,3.882171428571,
    9.760428571429));
#6238 = LINE('',#6239,#6240);
#6239 = CARTESIAN_POINT('',(-5.502221399786,3.859328571429,
    9.743342857143));
#6240 = VECTOR('',#6241,1.);
#6241 = DIRECTION('',(0.,0.80078057117,0.598957825591));
#6242 = ORIENTED_EDGE('',*,*,#6243,.F.);
#6243 = EDGE_CURVE('',#690,#6236,#6244,.T.);
#6244 = LINE('',#6245,#6246);
#6245 = CARTESIAN_POINT('',(-6.102221399786,3.882171428571,
    9.760428571429));
#6246 = VECTOR('',#6247,1.);
#6247 = DIRECTION('',(1.,0.,0.));
#6248 = PLANE('',#6249);
#6249 = AXIS2_PLACEMENT_3D('',#6250,#6251,#6252);
#6250 = CARTESIAN_POINT('',(-6.102221399786,3.859328571429,
    9.743342857143));
#6251 = DIRECTION('',(0.,-0.598957825591,0.80078057117));
#6252 = DIRECTION('',(0.,0.80078057117,0.598957825591));
#6253 = ADVANCED_FACE('',(#6254),#6272,.T.);
#6254 = FACE_BOUND('',#6255,.T.);
#6255 = EDGE_LOOP('',(#6256,#6257,#6258,#6266));
#6256 = ORIENTED_EDGE('',*,*,#689,.T.);
#6257 = ORIENTED_EDGE('',*,*,#6243,.T.);
#6258 = ORIENTED_EDGE('',*,*,#6259,.T.);
#6259 = EDGE_CURVE('',#6236,#6260,#6262,.T.);
#6260 = VERTEX_POINT('',#6261);
#6261 = CARTESIAN_POINT('',(-5.502221399786,3.8935,9.783271428571));
#6262 = LINE('',#6263,#6264);
#6263 = CARTESIAN_POINT('',(-5.502221399786,3.882171428571,
    9.760428571429));
#6264 = VECTOR('',#6265,1.);
#6265 = DIRECTION('',(0.,0.444297794845,0.895879160097));
#6266 = ORIENTED_EDGE('',*,*,#6267,.F.);
#6267 = EDGE_CURVE('',#682,#6260,#6268,.T.);
#6268 = LINE('',#6269,#6270);
#6269 = CARTESIAN_POINT('',(-6.102221399786,3.8935,9.783271428571));
#6270 = VECTOR('',#6271,1.);
#6271 = DIRECTION('',(1.,0.,0.));
#6272 = PLANE('',#6273);
#6273 = AXIS2_PLACEMENT_3D('',#6274,#6275,#6276);
#6274 = CARTESIAN_POINT('',(-6.102221399786,3.882171428571,
    9.760428571429));
#6275 = DIRECTION('',(0.,-0.895879160097,0.444297794845));
#6276 = DIRECTION('',(0.,0.444297794845,0.895879160097));
#6277 = ADVANCED_FACE('',(#6278),#6296,.T.);
#6278 = FACE_BOUND('',#6279,.T.);
#6279 = EDGE_LOOP('',(#6280,#6281,#6282,#6290));
#6280 = ORIENTED_EDGE('',*,*,#681,.T.);
#6281 = ORIENTED_EDGE('',*,*,#6267,.T.);
#6282 = ORIENTED_EDGE('',*,*,#6283,.T.);
#6283 = EDGE_CURVE('',#6260,#6284,#6286,.T.);
#6284 = VERTEX_POINT('',#6285);
#6285 = CARTESIAN_POINT('',(-5.502221399786,3.905014285714,
    9.806114285714));
#6286 = LINE('',#6287,#6288);
#6287 = CARTESIAN_POINT('',(-5.502221399786,3.8935,9.783271428571));
#6288 = VECTOR('',#6289,1.);
#6289 = DIRECTION('',(0.,0.450115207469,0.892970492237));
#6290 = ORIENTED_EDGE('',*,*,#6291,.F.);
#6291 = EDGE_CURVE('',#674,#6284,#6292,.T.);
#6292 = LINE('',#6293,#6294);
#6293 = CARTESIAN_POINT('',(-6.102221399786,3.905014285714,
    9.806114285714));
#6294 = VECTOR('',#6295,1.);
#6295 = DIRECTION('',(1.,0.,0.));
#6296 = PLANE('',#6297);
#6297 = AXIS2_PLACEMENT_3D('',#6298,#6299,#6300);
#6298 = CARTESIAN_POINT('',(-6.102221399786,3.8935,9.783271428571));
#6299 = DIRECTION('',(0.,-0.892970492237,0.450115207469));
#6300 = DIRECTION('',(0.,0.450115207469,0.892970492237));
#6301 = ADVANCED_FACE('',(#6302),#6320,.T.);
#6302 = FACE_BOUND('',#6303,.T.);
#6303 = EDGE_LOOP('',(#6304,#6305,#6306,#6314));
#6304 = ORIENTED_EDGE('',*,*,#673,.T.);
#6305 = ORIENTED_EDGE('',*,*,#6291,.T.);
#6306 = ORIENTED_EDGE('',*,*,#6307,.T.);
#6307 = EDGE_CURVE('',#6284,#6308,#6310,.T.);
#6308 = VERTEX_POINT('',#6309);
#6309 = CARTESIAN_POINT('',(-5.502221399786,3.916342857143,
    9.828771428571));
#6310 = LINE('',#6311,#6312);
#6311 = CARTESIAN_POINT('',(-5.502221399786,3.905014285714,
    9.806114285714));
#6312 = VECTOR('',#6313,1.);
#6313 = DIRECTION('',(0.,0.4472135955,0.894427191));
#6314 = ORIENTED_EDGE('',*,*,#6315,.F.);
#6315 = EDGE_CURVE('',#666,#6308,#6316,.T.);
#6316 = LINE('',#6317,#6318);
#6317 = CARTESIAN_POINT('',(-6.102221399786,3.916342857143,
    9.828771428571));
#6318 = VECTOR('',#6319,1.);
#6319 = DIRECTION('',(1.,0.,0.));
#6320 = PLANE('',#6321);
#6321 = AXIS2_PLACEMENT_3D('',#6322,#6323,#6324);
#6322 = CARTESIAN_POINT('',(-6.102221399786,3.905014285714,
    9.806114285714));
#6323 = DIRECTION('',(0.,-0.894427191,0.4472135955));
#6324 = DIRECTION('',(0.,0.4472135955,0.894427191));
#6325 = ADVANCED_FACE('',(#6326),#6351,.T.);
#6326 = FACE_BOUND('',#6327,.T.);
#6327 = EDGE_LOOP('',(#6328,#6329,#6337,#6345));
#6328 = ORIENTED_EDGE('',*,*,#1369,.T.);
#6329 = ORIENTED_EDGE('',*,*,#6330,.T.);
#6330 = EDGE_CURVE('',#1372,#6331,#6333,.T.);
#6331 = VERTEX_POINT('',#6332);
#6332 = CARTESIAN_POINT('',(-5.502221399786,0.362514285714,
    11.858442857143));
#6333 = LINE('',#6334,#6335);
#6334 = CARTESIAN_POINT('',(-6.102221399786,0.362514285714,
    11.858442857143));
#6335 = VECTOR('',#6336,1.);
#6336 = DIRECTION('',(1.,0.,0.));
#6337 = ORIENTED_EDGE('',*,*,#6338,.T.);
#6338 = EDGE_CURVE('',#6331,#6339,#6341,.T.);
#6339 = VERTEX_POINT('',#6340);
#6340 = CARTESIAN_POINT('',(-5.502221399786,0.356757142857,
    11.887414285714));
#6341 = LINE('',#6342,#6343);
#6342 = CARTESIAN_POINT('',(-5.502221399786,0.362514285714,
    11.858442857143));
#6343 = VECTOR('',#6344,1.);
#6344 = DIRECTION('',(0.,-0.19490688626,0.980821750212));
#6345 = ORIENTED_EDGE('',*,*,#6346,.F.);
#6346 = EDGE_CURVE('',#1370,#6339,#6347,.T.);
#6347 = LINE('',#6348,#6349);
#6348 = CARTESIAN_POINT('',(-6.102221399786,0.356757142857,
    11.887414285714));
#6349 = VECTOR('',#6350,1.);
#6350 = DIRECTION('',(1.,0.,0.));
#6351 = PLANE('',#6352);
#6352 = AXIS2_PLACEMENT_3D('',#6353,#6354,#6355);
#6353 = CARTESIAN_POINT('',(-6.102221399786,0.362514285714,
    11.858442857143));
#6354 = DIRECTION('',(0.,-0.980821750212,-0.19490688626));
#6355 = DIRECTION('',(0.,-0.19490688626,0.980821750212));
#6356 = ADVANCED_FACE('',(#6357),#6375,.T.);
#6357 = FACE_BOUND('',#6358,.T.);
#6358 = EDGE_LOOP('',(#6359,#6360,#6361,#6369));
#6359 = ORIENTED_EDGE('',*,*,#1827,.T.);
#6360 = ORIENTED_EDGE('',*,*,#6346,.T.);
#6361 = ORIENTED_EDGE('',*,*,#6362,.T.);
#6362 = EDGE_CURVE('',#6339,#6363,#6365,.T.);
#6363 = VERTEX_POINT('',#6364);
#6364 = CARTESIAN_POINT('',(-5.502221399786,0.351185714286,
    11.921957142857));
#6365 = LINE('',#6366,#6367);
#6366 = CARTESIAN_POINT('',(-5.502221399786,0.356757142857,
    11.887414285714));
#6367 = VECTOR('',#6368,1.);
#6368 = DIRECTION('',(0.,-0.159232438825,0.987241120713));
#6369 = ORIENTED_EDGE('',*,*,#6370,.F.);
#6370 = EDGE_CURVE('',#1820,#6363,#6371,.T.);
#6371 = LINE('',#6372,#6373);
#6372 = CARTESIAN_POINT('',(-6.102221399786,0.351185714286,
    11.921957142857));
#6373 = VECTOR('',#6374,1.);
#6374 = DIRECTION('',(1.,0.,0.));
#6375 = PLANE('',#6376);
#6376 = AXIS2_PLACEMENT_3D('',#6377,#6378,#6379);
#6377 = CARTESIAN_POINT('',(-6.102221399786,0.356757142857,
    11.887414285714));
#6378 = DIRECTION('',(0.,-0.987241120713,-0.159232438825));
#6379 = DIRECTION('',(0.,-0.159232438825,0.987241120713));
#6380 = ADVANCED_FACE('',(#6381),#6399,.T.);
#6381 = FACE_BOUND('',#6382,.T.);
#6382 = EDGE_LOOP('',(#6383,#6384,#6385,#6393));
#6383 = ORIENTED_EDGE('',*,*,#1819,.T.);
#6384 = ORIENTED_EDGE('',*,*,#6370,.T.);
#6385 = ORIENTED_EDGE('',*,*,#6386,.T.);
#6386 = EDGE_CURVE('',#6363,#6387,#6389,.T.);
#6387 = VERTEX_POINT('',#6388);
#6388 = CARTESIAN_POINT('',(-5.502221399786,0.339671428571,
    11.933285714286));
#6389 = LINE('',#6390,#6391);
#6390 = CARTESIAN_POINT('',(-5.502221399786,0.351185714286,
    11.921957142857));
#6391 = VECTOR('',#6392,1.);
#6392 = DIRECTION('',(0.,-0.712832058729,0.70133476746));
#6393 = ORIENTED_EDGE('',*,*,#6394,.F.);
#6394 = EDGE_CURVE('',#1812,#6387,#6395,.T.);
#6395 = LINE('',#6396,#6397);
#6396 = CARTESIAN_POINT('',(-6.102221399786,0.339671428571,
    11.933285714286));
#6397 = VECTOR('',#6398,1.);
#6398 = DIRECTION('',(1.,0.,0.));
#6399 = PLANE('',#6400);
#6400 = AXIS2_PLACEMENT_3D('',#6401,#6402,#6403);
#6401 = CARTESIAN_POINT('',(-6.102221399786,0.351185714286,
    11.921957142857));
#6402 = DIRECTION('',(0.,-0.70133476746,-0.712832058729));
#6403 = DIRECTION('',(0.,-0.712832058729,0.70133476746));
#6404 = ADVANCED_FACE('',(#6405),#6423,.T.);
#6405 = FACE_BOUND('',#6406,.T.);
#6406 = EDGE_LOOP('',(#6407,#6408,#6409,#6417));
#6407 = ORIENTED_EDGE('',*,*,#1811,.T.);
#6408 = ORIENTED_EDGE('',*,*,#6394,.T.);
#6409 = ORIENTED_EDGE('',*,*,#6410,.T.);
#6410 = EDGE_CURVE('',#6387,#6411,#6413,.T.);
#6411 = VERTEX_POINT('',#6412);
#6412 = CARTESIAN_POINT('',(-5.502221399786,0.328342857143,
    11.950742857143));
#6413 = LINE('',#6414,#6415);
#6414 = CARTESIAN_POINT('',(-5.502221399786,0.339671428571,
    11.933285714286));
#6415 = VECTOR('',#6416,1.);
#6416 = DIRECTION('',(0.,-0.544360855445,0.838851154293));
#6417 = ORIENTED_EDGE('',*,*,#6418,.F.);
#6418 = EDGE_CURVE('',#1804,#6411,#6419,.T.);
#6419 = LINE('',#6420,#6421);
#6420 = CARTESIAN_POINT('',(-6.102221399786,0.328342857143,
    11.950742857143));
#6421 = VECTOR('',#6422,1.);
#6422 = DIRECTION('',(1.,0.,0.));
#6423 = PLANE('',#6424);
#6424 = AXIS2_PLACEMENT_3D('',#6425,#6426,#6427);
#6425 = CARTESIAN_POINT('',(-6.102221399786,0.339671428571,
    11.933285714286));
#6426 = DIRECTION('',(0.,-0.838851154293,-0.544360855445));
#6427 = DIRECTION('',(0.,-0.544360855445,0.838851154293));
#6428 = ADVANCED_FACE('',(#6429),#6447,.T.);
#6429 = FACE_BOUND('',#6430,.T.);
#6430 = EDGE_LOOP('',(#6431,#6432,#6433,#6441));
#6431 = ORIENTED_EDGE('',*,*,#1803,.T.);
#6432 = ORIENTED_EDGE('',*,*,#6418,.T.);
#6433 = ORIENTED_EDGE('',*,*,#6434,.T.);
#6434 = EDGE_CURVE('',#6411,#6435,#6437,.T.);
#6435 = VERTEX_POINT('',#6436);
#6436 = CARTESIAN_POINT('',(-5.502221399786,0.316828571429,
    11.968014285714));
#6437 = LINE('',#6438,#6439);
#6438 = CARTESIAN_POINT('',(-5.502221399786,0.328342857143,
    11.950742857143));
#6439 = VECTOR('',#6440,1.);
#6440 = DIRECTION('',(0.,-0.554700196225,0.832050294338));
#6441 = ORIENTED_EDGE('',*,*,#6442,.F.);
#6442 = EDGE_CURVE('',#1796,#6435,#6443,.T.);
#6443 = LINE('',#6444,#6445);
#6444 = CARTESIAN_POINT('',(-6.102221399786,0.316828571429,
    11.968014285714));
#6445 = VECTOR('',#6446,1.);
#6446 = DIRECTION('',(1.,0.,0.));
#6447 = PLANE('',#6448);
#6448 = AXIS2_PLACEMENT_3D('',#6449,#6450,#6451);
#6449 = CARTESIAN_POINT('',(-6.102221399786,0.328342857143,
    11.950742857143));
#6450 = DIRECTION('',(0.,-0.832050294338,-0.554700196225));
#6451 = DIRECTION('',(0.,-0.554700196225,0.832050294338));
#6452 = ADVANCED_FACE('',(#6453),#6471,.T.);
#6453 = FACE_BOUND('',#6454,.T.);
#6454 = EDGE_LOOP('',(#6455,#6456,#6457,#6465));
#6455 = ORIENTED_EDGE('',*,*,#1795,.T.);
#6456 = ORIENTED_EDGE('',*,*,#6442,.T.);
#6457 = ORIENTED_EDGE('',*,*,#6458,.T.);
#6458 = EDGE_CURVE('',#6435,#6459,#6461,.T.);
#6459 = VERTEX_POINT('',#6460);
#6460 = CARTESIAN_POINT('',(-5.502221399786,0.299742857143,
    11.979528571429));
#6461 = LINE('',#6462,#6463);
#6462 = CARTESIAN_POINT('',(-5.502221399786,0.316828571429,
    11.968014285714));
#6463 = VECTOR('',#6464,1.);
#6464 = DIRECTION('',(0.,-0.829266427591,0.558853462072));
#6465 = ORIENTED_EDGE('',*,*,#6466,.F.);
#6466 = EDGE_CURVE('',#1788,#6459,#6467,.T.);
#6467 = LINE('',#6468,#6469);
#6468 = CARTESIAN_POINT('',(-6.102221399786,0.299742857143,
    11.979528571429));
#6469 = VECTOR('',#6470,1.);
#6470 = DIRECTION('',(1.,0.,0.));
#6471 = PLANE('',#6472);
#6472 = AXIS2_PLACEMENT_3D('',#6473,#6474,#6475);
#6473 = CARTESIAN_POINT('',(-6.102221399786,0.316828571429,
    11.968014285714));
#6474 = DIRECTION('',(0.,-0.558853462072,-0.829266427591));
#6475 = DIRECTION('',(0.,-0.829266427591,0.558853462072));
#6476 = ADVANCED_FACE('',(#6477),#6495,.T.);
#6477 = FACE_BOUND('',#6478,.T.);
#6478 = EDGE_LOOP('',(#6479,#6480,#6481,#6489));
#6479 = ORIENTED_EDGE('',*,*,#1787,.T.);
#6480 = ORIENTED_EDGE('',*,*,#6466,.T.);
#6481 = ORIENTED_EDGE('',*,*,#6482,.T.);
#6482 = EDGE_CURVE('',#6459,#6483,#6485,.T.);
#6483 = VERTEX_POINT('',#6484);
#6484 = CARTESIAN_POINT('',(-5.502221399786,0.282657142857,
    11.985285714286));
#6485 = LINE('',#6486,#6487);
#6486 = CARTESIAN_POINT('',(-5.502221399786,0.299742857143,
    11.979528571429));
#6487 = VECTOR('',#6488,1.);
#6488 = DIRECTION('',(0.,-0.947648212829,0.319316245627));
#6489 = ORIENTED_EDGE('',*,*,#6490,.F.);
#6490 = EDGE_CURVE('',#1780,#6483,#6491,.T.);
#6491 = LINE('',#6492,#6493);
#6492 = CARTESIAN_POINT('',(-6.102221399786,0.282657142857,
    11.985285714286));
#6493 = VECTOR('',#6494,1.);
#6494 = DIRECTION('',(1.,0.,0.));
#6495 = PLANE('',#6496);
#6496 = AXIS2_PLACEMENT_3D('',#6497,#6498,#6499);
#6497 = CARTESIAN_POINT('',(-6.102221399786,0.299742857143,
    11.979528571429));
#6498 = DIRECTION('',(0.,-0.319316245627,-0.947648212829));
#6499 = DIRECTION('',(0.,-0.947648212829,0.319316245627));
#6500 = ADVANCED_FACE('',(#6501),#6519,.T.);
#6501 = FACE_BOUND('',#6502,.T.);
#6502 = EDGE_LOOP('',(#6503,#6504,#6505,#6513));
#6503 = ORIENTED_EDGE('',*,*,#1779,.T.);
#6504 = ORIENTED_EDGE('',*,*,#6490,.T.);
#6505 = ORIENTED_EDGE('',*,*,#6506,.T.);
#6506 = EDGE_CURVE('',#6483,#6507,#6509,.T.);
#6507 = VERTEX_POINT('',#6508);
#6508 = CARTESIAN_POINT('',(-5.502221399786,0.265571428571,11.9968));
#6509 = LINE('',#6510,#6511);
#6510 = CARTESIAN_POINT('',(-5.502221399786,0.282657142857,
    11.985285714286));
#6511 = VECTOR('',#6512,1.);
#6512 = DIRECTION('',(0.,-0.829266427591,0.558853462072));
#6513 = ORIENTED_EDGE('',*,*,#6514,.F.);
#6514 = EDGE_CURVE('',#1772,#6507,#6515,.T.);
#6515 = LINE('',#6516,#6517);
#6516 = CARTESIAN_POINT('',(-6.102221399786,0.265571428571,11.9968));
#6517 = VECTOR('',#6518,1.);
#6518 = DIRECTION('',(1.,0.,0.));
#6519 = PLANE('',#6520);
#6520 = AXIS2_PLACEMENT_3D('',#6521,#6522,#6523);
#6521 = CARTESIAN_POINT('',(-6.102221399786,0.282657142857,
    11.985285714286));
#6522 = DIRECTION('',(0.,-0.558853462072,-0.829266427591));
#6523 = DIRECTION('',(0.,-0.829266427591,0.558853462072));
#6524 = ADVANCED_FACE('',(#6525),#6550,.T.);
#6525 = FACE_BOUND('',#6526,.T.);
#6526 = EDGE_LOOP('',(#6527,#6528,#6536,#6544));
#6527 = ORIENTED_EDGE('',*,*,#1763,.T.);
#6528 = ORIENTED_EDGE('',*,*,#6529,.T.);
#6529 = EDGE_CURVE('',#1764,#6530,#6532,.T.);
#6530 = VERTEX_POINT('',#6531);
#6531 = CARTESIAN_POINT('',(-5.502221399786,-1.349028571429,11.9968));
#6532 = LINE('',#6533,#6534);
#6533 = CARTESIAN_POINT('',(-6.102221399786,-1.349028571429,11.9968));
#6534 = VECTOR('',#6535,1.);
#6535 = DIRECTION('',(1.,0.,0.));
#6536 = ORIENTED_EDGE('',*,*,#6537,.T.);
#6537 = EDGE_CURVE('',#6530,#6538,#6540,.T.);
#6538 = VERTEX_POINT('',#6539);
#6539 = CARTESIAN_POINT('',(-5.502221399786,-1.377628571429,
    11.991228571429));
#6540 = LINE('',#6541,#6542);
#6541 = CARTESIAN_POINT('',(-5.502221399786,-1.349028571429,11.9968));
#6542 = VECTOR('',#6543,1.);
#6543 = DIRECTION('',(0.,-0.981548987081,-0.191210841639));
#6544 = ORIENTED_EDGE('',*,*,#6545,.F.);
#6545 = EDGE_CURVE('',#1756,#6538,#6546,.T.);
#6546 = LINE('',#6547,#6548);
#6547 = CARTESIAN_POINT('',(-6.102221399786,-1.377628571429,
    11.991228571429));
#6548 = VECTOR('',#6549,1.);
#6549 = DIRECTION('',(1.,0.,0.));
#6550 = PLANE('',#6551);
#6551 = AXIS2_PLACEMENT_3D('',#6552,#6553,#6554);
#6552 = CARTESIAN_POINT('',(-6.102221399786,-1.349028571429,11.9968));
#6553 = DIRECTION('',(0.,0.191210841639,-0.981548987081));
#6554 = DIRECTION('',(0.,-0.981548987081,-0.191210841639));
#6555 = ADVANCED_FACE('',(#6556),#6574,.T.);
#6556 = FACE_BOUND('',#6557,.T.);
#6557 = EDGE_LOOP('',(#6558,#6559,#6560,#6568));
#6558 = ORIENTED_EDGE('',*,*,#1755,.T.);
#6559 = ORIENTED_EDGE('',*,*,#6545,.T.);
#6560 = ORIENTED_EDGE('',*,*,#6561,.T.);
#6561 = EDGE_CURVE('',#6538,#6562,#6564,.T.);
#6562 = VERTEX_POINT('',#6563);
#6563 = CARTESIAN_POINT('',(-5.502221399786,-1.4118,11.985842857143));
#6564 = LINE('',#6565,#6566);
#6565 = CARTESIAN_POINT('',(-5.502221399786,-1.377628571429,
    11.991228571429));
#6566 = VECTOR('',#6567,1.);
#6567 = DIRECTION('',(0.,-0.987806455345,-0.155686886984));
#6568 = ORIENTED_EDGE('',*,*,#6569,.F.);
#6569 = EDGE_CURVE('',#1748,#6562,#6570,.T.);
#6570 = LINE('',#6571,#6572);
#6571 = CARTESIAN_POINT('',(-6.102221399786,-1.4118,11.985842857143));
#6572 = VECTOR('',#6573,1.);
#6573 = DIRECTION('',(1.,0.,0.));
#6574 = PLANE('',#6575);
#6575 = AXIS2_PLACEMENT_3D('',#6576,#6577,#6578);
#6576 = CARTESIAN_POINT('',(-6.102221399786,-1.377628571429,
    11.991228571429));
#6577 = DIRECTION('',(0.,0.155686886984,-0.987806455345));
#6578 = DIRECTION('',(0.,-0.987806455345,-0.155686886984));
#6579 = ADVANCED_FACE('',(#6580),#6598,.T.);
#6580 = FACE_BOUND('',#6581,.T.);
#6581 = EDGE_LOOP('',(#6582,#6583,#6584,#6592));
#6582 = ORIENTED_EDGE('',*,*,#1747,.T.);
#6583 = ORIENTED_EDGE('',*,*,#6569,.T.);
#6584 = ORIENTED_EDGE('',*,*,#6585,.T.);
#6585 = EDGE_CURVE('',#6562,#6586,#6588,.T.);
#6586 = VERTEX_POINT('',#6587);
#6587 = CARTESIAN_POINT('',(-5.502221399786,-1.434642857143,
    11.969314285714));
#6588 = LINE('',#6589,#6590);
#6589 = CARTESIAN_POINT('',(-5.502221399786,-1.4118,11.985842857143));
#6590 = VECTOR('',#6591,1.);
#6591 = DIRECTION('',(0.,-0.810157853985,-0.586211780526));
#6592 = ORIENTED_EDGE('',*,*,#6593,.F.);
#6593 = EDGE_CURVE('',#1740,#6586,#6594,.T.);
#6594 = LINE('',#6595,#6596);
#6595 = CARTESIAN_POINT('',(-6.102221399786,-1.434642857143,
    11.969314285714));
#6596 = VECTOR('',#6597,1.);
#6597 = DIRECTION('',(1.,0.,0.));
#6598 = PLANE('',#6599);
#6599 = AXIS2_PLACEMENT_3D('',#6600,#6601,#6602);
#6600 = CARTESIAN_POINT('',(-6.102221399786,-1.4118,11.985842857143));
#6601 = DIRECTION('',(0.,0.586211780526,-0.810157853985));
#6602 = DIRECTION('',(0.,-0.810157853985,-0.586211780526));
#6603 = ADVANCED_FACE('',(#6604),#6622,.T.);
#6604 = FACE_BOUND('',#6605,.T.);
#6605 = EDGE_LOOP('',(#6606,#6607,#6608,#6616));
#6606 = ORIENTED_EDGE('',*,*,#1739,.T.);
#6607 = ORIENTED_EDGE('',*,*,#6593,.T.);
#6608 = ORIENTED_EDGE('',*,*,#6609,.T.);
#6609 = EDGE_CURVE('',#6586,#6610,#6612,.T.);
#6610 = VERTEX_POINT('',#6611);
#6611 = CARTESIAN_POINT('',(-5.502221399786,-1.463057142857,
    11.942014285714));
#6612 = LINE('',#6613,#6614);
#6613 = CARTESIAN_POINT('',(-5.502221399786,-1.434642857143,
    11.969314285714));
#6614 = VECTOR('',#6615,1.);
#6615 = DIRECTION('',(0.,-0.721104710287,-0.692826094198));
#6616 = ORIENTED_EDGE('',*,*,#6617,.F.);
#6617 = EDGE_CURVE('',#1732,#6610,#6618,.T.);
#6618 = LINE('',#6619,#6620);
#6619 = CARTESIAN_POINT('',(-6.102221399786,-1.463057142857,
    11.942014285714));
#6620 = VECTOR('',#6621,1.);
#6621 = DIRECTION('',(1.,0.,0.));
#6622 = PLANE('',#6623);
#6623 = AXIS2_PLACEMENT_3D('',#6624,#6625,#6626);
#6624 = CARTESIAN_POINT('',(-6.102221399786,-1.434642857143,
    11.969314285714));
#6625 = DIRECTION('',(0.,0.692826094198,-0.721104710287));
#6626 = DIRECTION('',(0.,-0.721104710287,-0.692826094198));
#6627 = ADVANCED_FACE('',(#6628),#6646,.T.);
#6628 = FACE_BOUND('',#6629,.T.);
#6629 = EDGE_LOOP('',(#6630,#6631,#6632,#6640));
#6630 = ORIENTED_EDGE('',*,*,#1731,.T.);
#6631 = ORIENTED_EDGE('',*,*,#6617,.T.);
#6632 = ORIENTED_EDGE('',*,*,#6633,.T.);
#6633 = EDGE_CURVE('',#6610,#6634,#6636,.T.);
#6634 = VERTEX_POINT('',#6635);
#6635 = CARTESIAN_POINT('',(-5.502221399786,-1.480328571429,
    11.914528571429));
#6636 = LINE('',#6637,#6638);
#6637 = CARTESIAN_POINT('',(-5.502221399786,-1.463057142857,
    11.942014285714));
#6638 = VECTOR('',#6639,1.);
#6639 = DIRECTION('',(0.,-0.532054374811,-0.846710187871));
#6640 = ORIENTED_EDGE('',*,*,#6641,.F.);
#6641 = EDGE_CURVE('',#1724,#6634,#6642,.T.);
#6642 = LINE('',#6643,#6644);
#6643 = CARTESIAN_POINT('',(-6.102221399786,-1.480328571429,
    11.914528571429));
#6644 = VECTOR('',#6645,1.);
#6645 = DIRECTION('',(1.,0.,0.));
#6646 = PLANE('',#6647);
#6647 = AXIS2_PLACEMENT_3D('',#6648,#6649,#6650);
#6648 = CARTESIAN_POINT('',(-6.102221399786,-1.463057142857,
    11.942014285714));
#6649 = DIRECTION('',(0.,0.846710187871,-0.532054374811));
#6650 = DIRECTION('',(0.,-0.532054374811,-0.846710187871));
#6651 = ADVANCED_FACE('',(#6652),#6670,.T.);
#6652 = FACE_BOUND('',#6653,.T.);
#6653 = EDGE_LOOP('',(#6654,#6655,#6656,#6664));
#6654 = ORIENTED_EDGE('',*,*,#1723,.T.);
#6655 = ORIENTED_EDGE('',*,*,#6641,.T.);
#6656 = ORIENTED_EDGE('',*,*,#6657,.T.);
#6657 = EDGE_CURVE('',#6634,#6658,#6660,.T.);
#6658 = VERTEX_POINT('',#6659);
#6659 = CARTESIAN_POINT('',(-5.502221399786,-1.491657142857,
    11.887228571429));
#6660 = LINE('',#6661,#6662);
#6661 = CARTESIAN_POINT('',(-5.502221399786,-1.480328571429,
    11.914528571429));
#6662 = VECTOR('',#6663,1.);
#6663 = DIRECTION('',(0.,-0.383276542478,-0.923633635153));
#6664 = ORIENTED_EDGE('',*,*,#6665,.F.);
#6665 = EDGE_CURVE('',#1716,#6658,#6666,.T.);
#6666 = LINE('',#6667,#6668);
#6667 = CARTESIAN_POINT('',(-6.102221399786,-1.491657142857,
    11.887228571429));
#6668 = VECTOR('',#6669,1.);
#6669 = DIRECTION('',(1.,0.,0.));
#6670 = PLANE('',#6671);
#6671 = AXIS2_PLACEMENT_3D('',#6672,#6673,#6674);
#6672 = CARTESIAN_POINT('',(-6.102221399786,-1.480328571429,
    11.914528571429));
#6673 = DIRECTION('',(0.,0.923633635153,-0.383276542478));
#6674 = DIRECTION('',(0.,-0.383276542478,-0.923633635153));
#6675 = ADVANCED_FACE('',(#6676),#6701,.T.);
#6676 = FACE_BOUND('',#6677,.T.);
#6677 = EDGE_LOOP('',(#6678,#6679,#6687,#6695));
#6678 = ORIENTED_EDGE('',*,*,#1707,.T.);
#6679 = ORIENTED_EDGE('',*,*,#6680,.T.);
#6680 = EDGE_CURVE('',#1708,#6681,#6683,.T.);
#6681 = VERTEX_POINT('',#6682);
#6682 = CARTESIAN_POINT('',(-5.502221399786,-1.491657142857,
    11.546257142857));
#6683 = LINE('',#6684,#6685);
#6684 = CARTESIAN_POINT('',(-6.102221399786,-1.491657142857,
    11.546257142857));
#6685 = VECTOR('',#6686,1.);
#6686 = DIRECTION('',(1.,0.,0.));
#6687 = ORIENTED_EDGE('',*,*,#6688,.T.);
#6688 = EDGE_CURVE('',#6681,#6689,#6691,.T.);
#6689 = VERTEX_POINT('',#6690);
#6690 = CARTESIAN_POINT('',(-5.502221399786,-1.4859,11.528428571429));
#6691 = LINE('',#6692,#6693);
#6692 = CARTESIAN_POINT('',(-5.502221399786,-1.491657142857,
    11.546257142857));
#6693 = VECTOR('',#6694,1.);
#6694 = DIRECTION('',(-0.,0.307292390957,-0.951615146191));
#6695 = ORIENTED_EDGE('',*,*,#6696,.F.);
#6696 = EDGE_CURVE('',#1700,#6689,#6697,.T.);
#6697 = LINE('',#6698,#6699);
#6698 = CARTESIAN_POINT('',(-6.102221399786,-1.4859,11.528428571429));
#6699 = VECTOR('',#6700,1.);
#6700 = DIRECTION('',(1.,0.,0.));
#6701 = PLANE('',#6702);
#6702 = AXIS2_PLACEMENT_3D('',#6703,#6704,#6705);
#6703 = CARTESIAN_POINT('',(-6.102221399786,-1.491657142857,
    11.546257142857));
#6704 = DIRECTION('',(-0.,0.951615146191,0.307292390957));
#6705 = DIRECTION('',(0.,0.307292390957,-0.951615146191));
#6706 = ADVANCED_FACE('',(#6707),#6725,.T.);
#6707 = FACE_BOUND('',#6708,.T.);
#6708 = EDGE_LOOP('',(#6709,#6710,#6711,#6719));
#6709 = ORIENTED_EDGE('',*,*,#1699,.T.);
#6710 = ORIENTED_EDGE('',*,*,#6696,.T.);
#6711 = ORIENTED_EDGE('',*,*,#6712,.T.);
#6712 = EDGE_CURVE('',#6689,#6713,#6715,.T.);
#6713 = VERTEX_POINT('',#6714);
#6714 = CARTESIAN_POINT('',(-5.502221399786,-1.480328571429,
    11.510414285714));
#6715 = LINE('',#6716,#6717);
#6716 = CARTESIAN_POINT('',(-5.502221399786,-1.4859,11.528428571429));
#6717 = VECTOR('',#6718,1.);
#6718 = DIRECTION('',(-0.,0.295469722922,-0.955352104115));
#6719 = ORIENTED_EDGE('',*,*,#6720,.F.);
#6720 = EDGE_CURVE('',#1692,#6713,#6721,.T.);
#6721 = LINE('',#6722,#6723);
#6722 = CARTESIAN_POINT('',(-6.102221399786,-1.480328571429,
    11.510414285714));
#6723 = VECTOR('',#6724,1.);
#6724 = DIRECTION('',(1.,0.,0.));
#6725 = PLANE('',#6726);
#6726 = AXIS2_PLACEMENT_3D('',#6727,#6728,#6729);
#6727 = CARTESIAN_POINT('',(-6.102221399786,-1.4859,11.528428571429));
#6728 = DIRECTION('',(-0.,0.955352104115,0.295469722922));
#6729 = DIRECTION('',(0.,0.295469722922,-0.955352104115));
#6730 = ADVANCED_FACE('',(#6731),#6749,.T.);
#6731 = FACE_BOUND('',#6732,.T.);
#6732 = EDGE_LOOP('',(#6733,#6734,#6735,#6743));
#6733 = ORIENTED_EDGE('',*,*,#1691,.T.);
#6734 = ORIENTED_EDGE('',*,*,#6720,.T.);
#6735 = ORIENTED_EDGE('',*,*,#6736,.T.);
#6736 = EDGE_CURVE('',#6713,#6737,#6739,.T.);
#6737 = VERTEX_POINT('',#6738);
#6738 = CARTESIAN_POINT('',(-5.502221399786,-1.468814285714,11.4924));
#6739 = LINE('',#6740,#6741);
#6740 = CARTESIAN_POINT('',(-5.502221399786,-1.480328571429,
    11.510414285714));
#6741 = VECTOR('',#6742,1.);
#6742 = DIRECTION('',(-0.,0.538560615351,-0.842586769178));
#6743 = ORIENTED_EDGE('',*,*,#6744,.F.);
#6744 = EDGE_CURVE('',#1684,#6737,#6745,.T.);
#6745 = LINE('',#6746,#6747);
#6746 = CARTESIAN_POINT('',(-6.102221399786,-1.468814285714,11.4924));
#6747 = VECTOR('',#6748,1.);
#6748 = DIRECTION('',(1.,0.,0.));
#6749 = PLANE('',#6750);
#6750 = AXIS2_PLACEMENT_3D('',#6751,#6752,#6753);
#6751 = CARTESIAN_POINT('',(-6.102221399786,-1.480328571429,
    11.510414285714));
#6752 = DIRECTION('',(-0.,0.842586769178,0.538560615351));
#6753 = DIRECTION('',(0.,0.538560615351,-0.842586769178));
#6754 = ADVANCED_FACE('',(#6755),#6773,.T.);
#6755 = FACE_BOUND('',#6756,.T.);
#6756 = EDGE_LOOP('',(#6757,#6758,#6759,#6767));
#6757 = ORIENTED_EDGE('',*,*,#1683,.T.);
#6758 = ORIENTED_EDGE('',*,*,#6744,.T.);
#6759 = ORIENTED_EDGE('',*,*,#6760,.T.);
#6760 = EDGE_CURVE('',#6737,#6761,#6763,.T.);
#6761 = VERTEX_POINT('',#6762);
#6762 = CARTESIAN_POINT('',(-5.502221399786,-1.457485714286,11.4742));
#6763 = LINE('',#6764,#6765);
#6764 = CARTESIAN_POINT('',(-5.502221399786,-1.468814285714,11.4924));
#6765 = VECTOR('',#6766,1.);
#6766 = DIRECTION('',(-0.,0.528440659826,-0.848970240375));
#6767 = ORIENTED_EDGE('',*,*,#6768,.F.);
#6768 = EDGE_CURVE('',#1676,#6761,#6769,.T.);
#6769 = LINE('',#6770,#6771);
#6770 = CARTESIAN_POINT('',(-6.102221399786,-1.457485714286,11.4742));
#6771 = VECTOR('',#6772,1.);
#6772 = DIRECTION('',(1.,0.,0.));
#6773 = PLANE('',#6774);
#6774 = AXIS2_PLACEMENT_3D('',#6775,#6776,#6777);
#6775 = CARTESIAN_POINT('',(-6.102221399786,-1.468814285714,11.4924));
#6776 = DIRECTION('',(-0.,0.848970240375,0.528440659826));
#6777 = DIRECTION('',(0.,0.528440659826,-0.848970240375));
#6778 = ADVANCED_FACE('',(#6779),#6797,.T.);
#6779 = FACE_BOUND('',#6780,.T.);
#6780 = EDGE_LOOP('',(#6781,#6782,#6783,#6791));
#6781 = ORIENTED_EDGE('',*,*,#1675,.T.);
#6782 = ORIENTED_EDGE('',*,*,#6768,.T.);
#6783 = ORIENTED_EDGE('',*,*,#6784,.T.);
#6784 = EDGE_CURVE('',#6761,#6785,#6787,.T.);
#6785 = VERTEX_POINT('',#6786);
#6786 = CARTESIAN_POINT('',(-5.502221399786,-1.445971428571,
    11.456185714286));
#6787 = LINE('',#6788,#6789);
#6788 = CARTESIAN_POINT('',(-5.502221399786,-1.457485714286,11.4742));
#6789 = VECTOR('',#6790,1.);
#6790 = DIRECTION('',(-0.,0.538560615351,-0.842586769178));
#6791 = ORIENTED_EDGE('',*,*,#6792,.F.);
#6792 = EDGE_CURVE('',#1668,#6785,#6793,.T.);
#6793 = LINE('',#6794,#6795);
#6794 = CARTESIAN_POINT('',(-6.102221399786,-1.445971428571,
    11.456185714286));
#6795 = VECTOR('',#6796,1.);
#6796 = DIRECTION('',(1.,0.,0.));
#6797 = PLANE('',#6798);
#6798 = AXIS2_PLACEMENT_3D('',#6799,#6800,#6801);
#6799 = CARTESIAN_POINT('',(-6.102221399786,-1.457485714286,11.4742));
#6800 = DIRECTION('',(-0.,0.842586769178,0.538560615351));
#6801 = DIRECTION('',(0.,0.538560615351,-0.842586769178));
#6802 = ADVANCED_FACE('',(#6803),#6821,.T.);
#6803 = FACE_BOUND('',#6804,.T.);
#6804 = EDGE_LOOP('',(#6805,#6806,#6807,#6815));
#6805 = ORIENTED_EDGE('',*,*,#1667,.T.);
#6806 = ORIENTED_EDGE('',*,*,#6792,.T.);
#6807 = ORIENTED_EDGE('',*,*,#6808,.T.);
#6808 = EDGE_CURVE('',#6785,#6809,#6811,.T.);
#6809 = VERTEX_POINT('',#6810);
#6810 = CARTESIAN_POINT('',(-5.502221399786,-1.428885714286,11.4443));
#6811 = LINE('',#6812,#6813);
#6812 = CARTESIAN_POINT('',(-5.502221399786,-1.445971428571,
    11.456185714286));
#6813 = VECTOR('',#6814,1.);
#6814 = DIRECTION('',(-0.,0.820905201785,-0.571064488199));
#6815 = ORIENTED_EDGE('',*,*,#6816,.F.);
#6816 = EDGE_CURVE('',#1660,#6809,#6817,.T.);
#6817 = LINE('',#6818,#6819);
#6818 = CARTESIAN_POINT('',(-6.102221399786,-1.428885714286,11.4443));
#6819 = VECTOR('',#6820,1.);
#6820 = DIRECTION('',(1.,0.,0.));
#6821 = PLANE('',#6822);
#6822 = AXIS2_PLACEMENT_3D('',#6823,#6824,#6825);
#6823 = CARTESIAN_POINT('',(-6.102221399786,-1.445971428571,
    11.456185714286));
#6824 = DIRECTION('',(-0.,0.571064488199,0.820905201785));
#6825 = DIRECTION('',(0.,0.820905201785,-0.571064488199));
#6826 = ADVANCED_FACE('',(#6827),#6845,.T.);
#6827 = FACE_BOUND('',#6828,.T.);
#6828 = EDGE_LOOP('',(#6829,#6830,#6831,#6839));
#6829 = ORIENTED_EDGE('',*,*,#1659,.T.);
#6830 = ORIENTED_EDGE('',*,*,#6816,.T.);
#6831 = ORIENTED_EDGE('',*,*,#6832,.T.);
#6832 = EDGE_CURVE('',#6809,#6833,#6835,.T.);
#6833 = VERTEX_POINT('',#6834);
#6834 = CARTESIAN_POINT('',(-5.502221399786,-1.4118,11.432228571429));
#6835 = LINE('',#6836,#6837);
#6836 = CARTESIAN_POINT('',(-5.502221399786,-1.428885714286,11.4443));
#6837 = VECTOR('',#6838,1.);
#6838 = DIRECTION('',(-0.,0.816721763686,-0.577031680865));
#6839 = ORIENTED_EDGE('',*,*,#6840,.F.);
#6840 = EDGE_CURVE('',#1652,#6833,#6841,.T.);
#6841 = LINE('',#6842,#6843);
#6842 = CARTESIAN_POINT('',(-6.102221399786,-1.4118,11.432228571429));
#6843 = VECTOR('',#6844,1.);
#6844 = DIRECTION('',(1.,0.,0.));
#6845 = PLANE('',#6846);
#6846 = AXIS2_PLACEMENT_3D('',#6847,#6848,#6849);
#6847 = CARTESIAN_POINT('',(-6.102221399786,-1.428885714286,11.4443));
#6848 = DIRECTION('',(-0.,0.577031680865,0.816721763686));
#6849 = DIRECTION('',(0.,0.816721763686,-0.577031680865));
#6850 = ADVANCED_FACE('',(#6851),#6869,.T.);
#6851 = FACE_BOUND('',#6852,.T.);
#6852 = EDGE_LOOP('',(#6853,#6854,#6855,#6863));
#6853 = ORIENTED_EDGE('',*,*,#1651,.T.);
#6854 = ORIENTED_EDGE('',*,*,#6840,.T.);
#6855 = ORIENTED_EDGE('',*,*,#6856,.T.);
#6856 = EDGE_CURVE('',#6833,#6857,#6859,.T.);
#6857 = VERTEX_POINT('',#6858);
#6858 = CARTESIAN_POINT('',(-5.502221399786,-1.377628571429,
    11.426285714286));
#6859 = LINE('',#6860,#6861);
#6860 = CARTESIAN_POINT('',(-5.502221399786,-1.4118,11.432228571429));
#6861 = VECTOR('',#6862,1.);
#6862 = DIRECTION('',(-0.,0.98521175482,-0.171341174751));
#6863 = ORIENTED_EDGE('',*,*,#6864,.F.);
#6864 = EDGE_CURVE('',#1644,#6857,#6865,.T.);
#6865 = LINE('',#6866,#6867);
#6866 = CARTESIAN_POINT('',(-6.102221399786,-1.377628571429,
    11.426285714286));
#6867 = VECTOR('',#6868,1.);
#6868 = DIRECTION('',(1.,0.,0.));
#6869 = PLANE('',#6870);
#6870 = AXIS2_PLACEMENT_3D('',#6871,#6872,#6873);
#6871 = CARTESIAN_POINT('',(-6.102221399786,-1.4118,11.432228571429));
#6872 = DIRECTION('',(-0.,0.171341174751,0.98521175482));
#6873 = DIRECTION('',(0.,0.98521175482,-0.171341174751));
#6874 = ADVANCED_FACE('',(#6875),#6900,.T.);
#6875 = FACE_BOUND('',#6876,.T.);
#6876 = EDGE_LOOP('',(#6877,#6878,#6886,#6894));
#6877 = ORIENTED_EDGE('',*,*,#1635,.T.);
#6878 = ORIENTED_EDGE('',*,*,#6879,.T.);
#6879 = EDGE_CURVE('',#1636,#6880,#6882,.T.);
#6880 = VERTEX_POINT('',#6881);
#6881 = CARTESIAN_POINT('',(-5.502221399786,-0.208,11.426285714286));
#6882 = LINE('',#6883,#6884);
#6883 = CARTESIAN_POINT('',(-6.102221399786,-0.208,11.426285714286));
#6884 = VECTOR('',#6885,1.);
#6885 = DIRECTION('',(1.,0.,0.));
#6886 = ORIENTED_EDGE('',*,*,#6887,.T.);
#6887 = EDGE_CURVE('',#6880,#6888,#6890,.T.);
#6888 = VERTEX_POINT('',#6889);
#6889 = CARTESIAN_POINT('',(-5.502221399786,-0.208,10.285257142857));
#6890 = LINE('',#6891,#6892);
#6891 = CARTESIAN_POINT('',(-5.502221399786,-0.208,11.426285714286));
#6892 = VECTOR('',#6893,1.);
#6893 = DIRECTION('',(0.,0.,-1.));
#6894 = ORIENTED_EDGE('',*,*,#6895,.F.);
#6895 = EDGE_CURVE('',#1628,#6888,#6896,.T.);
#6896 = LINE('',#6897,#6898);
#6897 = CARTESIAN_POINT('',(-6.102221399786,-0.208,10.285257142857));
#6898 = VECTOR('',#6899,1.);
#6899 = DIRECTION('',(1.,0.,0.));
#6900 = PLANE('',#6901);
#6901 = AXIS2_PLACEMENT_3D('',#6902,#6903,#6904);
#6902 = CARTESIAN_POINT('',(-6.102221399786,-0.208,11.426285714286));
#6903 = DIRECTION('',(-0.,1.,0.));
#6904 = DIRECTION('',(0.,0.,-1.));
#6905 = ADVANCED_FACE('',(#6906),#6924,.T.);
#6906 = FACE_BOUND('',#6907,.T.);
#6907 = EDGE_LOOP('',(#6908,#6909,#6910,#6918));
#6908 = ORIENTED_EDGE('',*,*,#1627,.T.);
#6909 = ORIENTED_EDGE('',*,*,#6895,.T.);
#6910 = ORIENTED_EDGE('',*,*,#6911,.T.);
#6911 = EDGE_CURVE('',#6888,#6912,#6914,.T.);
#6912 = VERTEX_POINT('',#6913);
#6913 = CARTESIAN_POINT('',(-5.502221399786,-1.069528571429,
    10.285257142857));
#6914 = LINE('',#6915,#6916);
#6915 = CARTESIAN_POINT('',(-5.502221399786,-0.208,10.285257142857));
#6916 = VECTOR('',#6917,1.);
#6917 = DIRECTION('',(0.,-1.,0.));
#6918 = ORIENTED_EDGE('',*,*,#6919,.F.);
#6919 = EDGE_CURVE('',#1620,#6912,#6920,.T.);
#6920 = LINE('',#6921,#6922);
#6921 = CARTESIAN_POINT('',(-6.102221399786,-1.069528571429,
    10.285257142857));
#6922 = VECTOR('',#6923,1.);
#6923 = DIRECTION('',(1.,0.,0.));
#6924 = PLANE('',#6925);
#6925 = AXIS2_PLACEMENT_3D('',#6926,#6927,#6928);
#6926 = CARTESIAN_POINT('',(-6.102221399786,-0.208,10.285257142857));
#6927 = DIRECTION('',(0.,0.,-1.));
#6928 = DIRECTION('',(0.,-1.,0.));
#6929 = ADVANCED_FACE('',(#6930),#6948,.T.);
#6930 = FACE_BOUND('',#6931,.T.);
#6931 = EDGE_LOOP('',(#6932,#6933,#6934,#6942));
#6932 = ORIENTED_EDGE('',*,*,#1619,.T.);
#6933 = ORIENTED_EDGE('',*,*,#6919,.T.);
#6934 = ORIENTED_EDGE('',*,*,#6935,.T.);
#6935 = EDGE_CURVE('',#6912,#6936,#6938,.T.);
#6936 = VERTEX_POINT('',#6937);
#6937 = CARTESIAN_POINT('',(-5.502221399786,-1.092371428571,10.2795));
#6938 = LINE('',#6939,#6940);
#6939 = CARTESIAN_POINT('',(-5.502221399786,-1.069528571429,
    10.285257142857));
#6940 = VECTOR('',#6941,1.);
#6941 = DIRECTION('',(0.,-0.969676988372,-0.244390135281));
#6942 = ORIENTED_EDGE('',*,*,#6943,.F.);
#6943 = EDGE_CURVE('',#1612,#6936,#6944,.T.);
#6944 = LINE('',#6945,#6946);
#6945 = CARTESIAN_POINT('',(-6.102221399786,-1.092371428571,10.2795));
#6946 = VECTOR('',#6947,1.);
#6947 = DIRECTION('',(1.,0.,0.));
#6948 = PLANE('',#6949);
#6949 = AXIS2_PLACEMENT_3D('',#6950,#6951,#6952);
#6950 = CARTESIAN_POINT('',(-6.102221399786,-1.069528571429,
    10.285257142857));
#6951 = DIRECTION('',(0.,0.244390135281,-0.969676988372));
#6952 = DIRECTION('',(0.,-0.969676988372,-0.244390135281));
#6953 = ADVANCED_FACE('',(#6954),#6972,.T.);
#6954 = FACE_BOUND('',#6955,.T.);
#6955 = EDGE_LOOP('',(#6956,#6957,#6958,#6966));
#6956 = ORIENTED_EDGE('',*,*,#1611,.T.);
#6957 = ORIENTED_EDGE('',*,*,#6943,.T.);
#6958 = ORIENTED_EDGE('',*,*,#6959,.T.);
#6959 = EDGE_CURVE('',#6936,#6960,#6962,.T.);
#6960 = VERTEX_POINT('',#6961);
#6961 = CARTESIAN_POINT('',(-5.502221399786,-1.120785714286,
    10.273928571429));
#6962 = LINE('',#6963,#6964);
#6963 = CARTESIAN_POINT('',(-5.502221399786,-1.092371428571,10.2795));
#6964 = VECTOR('',#6965,1.);
#6965 = DIRECTION('',(0.,-0.981313749677,-0.192414460721));
#6966 = ORIENTED_EDGE('',*,*,#6967,.F.);
#6967 = EDGE_CURVE('',#1604,#6960,#6968,.T.);
#6968 = LINE('',#6969,#6970);
#6969 = CARTESIAN_POINT('',(-6.102221399786,-1.120785714286,
    10.273928571429));
#6970 = VECTOR('',#6971,1.);
#6971 = DIRECTION('',(1.,0.,0.));
#6972 = PLANE('',#6973);
#6973 = AXIS2_PLACEMENT_3D('',#6974,#6975,#6976);
#6974 = CARTESIAN_POINT('',(-6.102221399786,-1.092371428571,10.2795));
#6975 = DIRECTION('',(0.,0.192414460721,-0.981313749677));
#6976 = DIRECTION('',(0.,-0.981313749677,-0.192414460721));
#6977 = ADVANCED_FACE('',(#6978),#6996,.T.);
#6978 = FACE_BOUND('',#6979,.T.);
#6979 = EDGE_LOOP('',(#6980,#6981,#6982,#6990));
#6980 = ORIENTED_EDGE('',*,*,#1603,.T.);
#6981 = ORIENTED_EDGE('',*,*,#6967,.T.);
#6982 = ORIENTED_EDGE('',*,*,#6983,.T.);
#6983 = EDGE_CURVE('',#6960,#6984,#6986,.T.);
#6984 = VERTEX_POINT('',#6985);
#6985 = CARTESIAN_POINT('',(-5.502221399786,-1.149385714286,
    10.256657142857));
#6986 = LINE('',#6987,#6988);
#6987 = CARTESIAN_POINT('',(-5.502221399786,-1.120785714286,
    10.273928571429));
#6988 = VECTOR('',#6989,1.);
#6989 = DIRECTION('',(0.,-0.856018035908,-0.51694595675));
#6990 = ORIENTED_EDGE('',*,*,#6991,.F.);
#6991 = EDGE_CURVE('',#1596,#6984,#6992,.T.);
#6992 = LINE('',#6993,#6994);
#6993 = CARTESIAN_POINT('',(-6.102221399786,-1.149385714286,
    10.256657142857));
#6994 = VECTOR('',#6995,1.);
#6995 = DIRECTION('',(1.,0.,0.));
#6996 = PLANE('',#6997);
#6997 = AXIS2_PLACEMENT_3D('',#6998,#6999,#7000);
#6998 = CARTESIAN_POINT('',(-6.102221399786,-1.120785714286,
    10.273928571429));
#6999 = DIRECTION('',(0.,0.51694595675,-0.856018035908));
#7000 = DIRECTION('',(0.,-0.856018035908,-0.51694595675));
#7001 = ADVANCED_FACE('',(#7002),#7020,.T.);
#7002 = FACE_BOUND('',#7003,.T.);
#7003 = EDGE_LOOP('',(#7004,#7005,#7006,#7014));
#7004 = ORIENTED_EDGE('',*,*,#1595,.T.);
#7005 = ORIENTED_EDGE('',*,*,#6991,.T.);
#7006 = ORIENTED_EDGE('',*,*,#7007,.T.);
#7007 = EDGE_CURVE('',#6984,#7008,#7010,.T.);
#7008 = VERTEX_POINT('',#7009);
#7009 = CARTESIAN_POINT('',(-5.502221399786,-1.172228571429,10.234));
#7010 = LINE('',#7011,#7012);
#7011 = CARTESIAN_POINT('',(-5.502221399786,-1.149385714286,
    10.256657142857));
#7012 = VECTOR('',#7013,1.);
#7013 = DIRECTION('',(0.,-0.709987017244,-0.704214765071));
#7014 = ORIENTED_EDGE('',*,*,#7015,.F.);
#7015 = EDGE_CURVE('',#1588,#7008,#7016,.T.);
#7016 = LINE('',#7017,#7018);
#7017 = CARTESIAN_POINT('',(-6.102221399786,-1.172228571429,10.234));
#7018 = VECTOR('',#7019,1.);
#7019 = DIRECTION('',(1.,0.,0.));
#7020 = PLANE('',#7021);
#7021 = AXIS2_PLACEMENT_3D('',#7022,#7023,#7024);
#7022 = CARTESIAN_POINT('',(-6.102221399786,-1.149385714286,
    10.256657142857));
#7023 = DIRECTION('',(0.,0.704214765071,-0.709987017244));
#7024 = DIRECTION('',(0.,-0.709987017244,-0.704214765071));
#7025 = ADVANCED_FACE('',(#7026),#7044,.T.);
#7026 = FACE_BOUND('',#7027,.T.);
#7027 = EDGE_LOOP('',(#7028,#7029,#7030,#7038));
#7028 = ORIENTED_EDGE('',*,*,#1587,.T.);
#7029 = ORIENTED_EDGE('',*,*,#7015,.T.);
#7030 = ORIENTED_EDGE('',*,*,#7031,.T.);
#7031 = EDGE_CURVE('',#7008,#7032,#7034,.T.);
#7032 = VERTEX_POINT('',#7033);
#7033 = CARTESIAN_POINT('',(-5.502221399786,-1.195071428571,10.2054));
#7034 = LINE('',#7035,#7036);
#7035 = CARTESIAN_POINT('',(-5.502221399786,-1.172228571429,10.234));
#7036 = VECTOR('',#7037,1.);
#7037 = DIRECTION('',(0.,-0.62407609663,-0.781363568139));
#7038 = ORIENTED_EDGE('',*,*,#7039,.F.);
#7039 = EDGE_CURVE('',#1580,#7032,#7040,.T.);
#7040 = LINE('',#7041,#7042);
#7041 = CARTESIAN_POINT('',(-6.102221399786,-1.195071428571,10.2054));
#7042 = VECTOR('',#7043,1.);
#7043 = DIRECTION('',(1.,0.,0.));
#7044 = PLANE('',#7045);
#7045 = AXIS2_PLACEMENT_3D('',#7046,#7047,#7048);
#7046 = CARTESIAN_POINT('',(-6.102221399786,-1.172228571429,10.234));
#7047 = DIRECTION('',(0.,0.781363568139,-0.62407609663));
#7048 = DIRECTION('',(0.,-0.62407609663,-0.781363568139));
#7049 = ADVANCED_FACE('',(#7050),#7068,.T.);
#7050 = FACE_BOUND('',#7051,.T.);
#7051 = EDGE_LOOP('',(#7052,#7053,#7054,#7062));
#7052 = ORIENTED_EDGE('',*,*,#1579,.T.);
#7053 = ORIENTED_EDGE('',*,*,#7039,.T.);
#7054 = ORIENTED_EDGE('',*,*,#7055,.T.);
#7055 = EDGE_CURVE('',#7032,#7056,#7058,.T.);
#7056 = VERTEX_POINT('',#7057);
#7057 = CARTESIAN_POINT('',(-5.502221399786,-1.2064,10.171228571429));
#7058 = LINE('',#7059,#7060);
#7059 = CARTESIAN_POINT('',(-5.502221399786,-1.195071428571,10.2054));
#7060 = VECTOR('',#7061,1.);
#7061 = DIRECTION('',(0.,-0.314679739965,-0.949197904157));
#7062 = ORIENTED_EDGE('',*,*,#7063,.F.);
#7063 = EDGE_CURVE('',#1572,#7056,#7064,.T.);
#7064 = LINE('',#7065,#7066);
#7065 = CARTESIAN_POINT('',(-6.102221399786,-1.2064,10.171228571429));
#7066 = VECTOR('',#7067,1.);
#7067 = DIRECTION('',(1.,0.,0.));
#7068 = PLANE('',#7069);
#7069 = AXIS2_PLACEMENT_3D('',#7070,#7071,#7072);
#7070 = CARTESIAN_POINT('',(-6.102221399786,-1.195071428571,10.2054));
#7071 = DIRECTION('',(0.,0.949197904157,-0.314679739965));
#7072 = DIRECTION('',(0.,-0.314679739965,-0.949197904157));
#7073 = ADVANCED_FACE('',(#7074),#7099,.T.);
#7074 = FACE_BOUND('',#7075,.T.);
#7075 = EDGE_LOOP('',(#7076,#7077,#7085,#7093));
#7076 = ORIENTED_EDGE('',*,*,#1563,.T.);
#7077 = ORIENTED_EDGE('',*,*,#7078,.T.);
#7078 = EDGE_CURVE('',#1564,#7079,#7081,.T.);
#7079 = VERTEX_POINT('',#7080);
#7080 = CARTESIAN_POINT('',(-5.502221399786,-1.2064,9.8336));
#7081 = LINE('',#7082,#7083);
#7082 = CARTESIAN_POINT('',(-6.102221399786,-1.2064,9.8336));
#7083 = VECTOR('',#7084,1.);
#7084 = DIRECTION('',(1.,0.,0.));
#7085 = ORIENTED_EDGE('',*,*,#7086,.T.);
#7086 = EDGE_CURVE('',#7079,#7087,#7089,.T.);
#7087 = VERTEX_POINT('',#7088);
#7088 = CARTESIAN_POINT('',(-5.502221399786,-1.200642857143,
    9.809828571429));
#7089 = LINE('',#7090,#7091);
#7090 = CARTESIAN_POINT('',(-5.502221399786,-1.2064,9.8336));
#7091 = VECTOR('',#7092,1.);
#7092 = DIRECTION('',(-0.,0.23538270084,-0.971902764759));
#7093 = ORIENTED_EDGE('',*,*,#7094,.F.);
#7094 = EDGE_CURVE('',#1556,#7087,#7095,.T.);
#7095 = LINE('',#7096,#7097);
#7096 = CARTESIAN_POINT('',(-6.102221399786,-1.200642857143,
    9.809828571429));
#7097 = VECTOR('',#7098,1.);
#7098 = DIRECTION('',(1.,0.,0.));
#7099 = PLANE('',#7100);
#7100 = AXIS2_PLACEMENT_3D('',#7101,#7102,#7103);
#7101 = CARTESIAN_POINT('',(-6.102221399786,-1.2064,9.8336));
#7102 = DIRECTION('',(-0.,0.971902764759,0.23538270084));
#7103 = DIRECTION('',(0.,0.23538270084,-0.971902764759));
#7104 = ADVANCED_FACE('',(#7105),#7123,.T.);
#7105 = FACE_BOUND('',#7106,.T.);
#7106 = EDGE_LOOP('',(#7107,#7108,#7109,#7117));
#7107 = ORIENTED_EDGE('',*,*,#1555,.T.);
#7108 = ORIENTED_EDGE('',*,*,#7094,.T.);
#7109 = ORIENTED_EDGE('',*,*,#7110,.T.);
#7110 = EDGE_CURVE('',#7087,#7111,#7113,.T.);
#7111 = VERTEX_POINT('',#7112);
#7112 = CARTESIAN_POINT('',(-5.502221399786,-1.189314285714,
    9.785871428571));
#7113 = LINE('',#7114,#7115);
#7114 = CARTESIAN_POINT('',(-5.502221399786,-1.200642857143,
    9.809828571429));
#7115 = VECTOR('',#7116,1.);
#7116 = DIRECTION('',(-0.,0.42748375785,-0.904023028896));
#7117 = ORIENTED_EDGE('',*,*,#7118,.F.);
#7118 = EDGE_CURVE('',#1548,#7111,#7119,.T.);
#7119 = LINE('',#7120,#7121);
#7120 = CARTESIAN_POINT('',(-6.102221399786,-1.189314285714,
    9.785871428571));
#7121 = VECTOR('',#7122,1.);
#7122 = DIRECTION('',(1.,0.,0.));
#7123 = PLANE('',#7124);
#7124 = AXIS2_PLACEMENT_3D('',#7125,#7126,#7127);
#7125 = CARTESIAN_POINT('',(-6.102221399786,-1.200642857143,
    9.809828571429));
#7126 = DIRECTION('',(-0.,0.904023028896,0.42748375785));
#7127 = DIRECTION('',(0.,0.42748375785,-0.904023028896));
#7128 = ADVANCED_FACE('',(#7129),#7147,.T.);
#7129 = FACE_BOUND('',#7130,.T.);
#7130 = EDGE_LOOP('',(#7131,#7132,#7133,#7141));
#7131 = ORIENTED_EDGE('',*,*,#1547,.T.);
#7132 = ORIENTED_EDGE('',*,*,#7118,.T.);
#7133 = ORIENTED_EDGE('',*,*,#7134,.T.);
#7134 = EDGE_CURVE('',#7111,#7135,#7137,.T.);
#7135 = VERTEX_POINT('',#7136);
#7136 = CARTESIAN_POINT('',(-5.502221399786,-1.1778,9.768228571429));
#7137 = LINE('',#7138,#7139);
#7138 = CARTESIAN_POINT('',(-5.502221399786,-1.189314285714,
    9.785871428571));
#7139 = VECTOR('',#7140,1.);
#7140 = DIRECTION('',(-0.,0.546536648242,-0.837435186822));
#7141 = ORIENTED_EDGE('',*,*,#7142,.F.);
#7142 = EDGE_CURVE('',#1540,#7135,#7143,.T.);
#7143 = LINE('',#7144,#7145);
#7144 = CARTESIAN_POINT('',(-6.102221399786,-1.1778,9.768228571429));
#7145 = VECTOR('',#7146,1.);
#7146 = DIRECTION('',(1.,0.,0.));
#7147 = PLANE('',#7148);
#7148 = AXIS2_PLACEMENT_3D('',#7149,#7150,#7151);
#7149 = CARTESIAN_POINT('',(-6.102221399786,-1.189314285714,
    9.785871428571));
#7150 = DIRECTION('',(-0.,0.837435186822,0.546536648242));
#7151 = DIRECTION('',(0.,0.546536648242,-0.837435186822));
#7152 = ADVANCED_FACE('',(#7153),#7171,.T.);
#7153 = FACE_BOUND('',#7154,.T.);
#7154 = EDGE_LOOP('',(#7155,#7156,#7157,#7165));
#7155 = ORIENTED_EDGE('',*,*,#1539,.T.);
#7156 = ORIENTED_EDGE('',*,*,#7142,.T.);
#7157 = ORIENTED_EDGE('',*,*,#7158,.T.);
#7158 = EDGE_CURVE('',#7135,#7159,#7161,.T.);
#7159 = VERTEX_POINT('',#7160);
#7160 = CARTESIAN_POINT('',(-5.502221399786,-1.160714285714,9.7504));
#7161 = LINE('',#7162,#7163);
#7162 = CARTESIAN_POINT('',(-5.502221399786,-1.1778,9.768228571429));
#7163 = VECTOR('',#7164,1.);
#7164 = DIRECTION('',(-0.,0.691905363236,-0.721988205115));
#7165 = ORIENTED_EDGE('',*,*,#7166,.F.);
#7166 = EDGE_CURVE('',#1532,#7159,#7167,.T.);
#7167 = LINE('',#7168,#7169);
#7168 = CARTESIAN_POINT('',(-6.102221399786,-1.160714285714,9.7504));
#7169 = VECTOR('',#7170,1.);
#7170 = DIRECTION('',(1.,0.,0.));
#7171 = PLANE('',#7172);
#7172 = AXIS2_PLACEMENT_3D('',#7173,#7174,#7175);
#7173 = CARTESIAN_POINT('',(-6.102221399786,-1.1778,9.768228571429));
#7174 = DIRECTION('',(-0.,0.721988205115,0.691905363236));
#7175 = DIRECTION('',(0.,0.691905363236,-0.721988205115));
#7176 = ADVANCED_FACE('',(#7177),#7195,.T.);
#7177 = FACE_BOUND('',#7178,.T.);
#7178 = EDGE_LOOP('',(#7179,#7180,#7181,#7189));
#7179 = ORIENTED_EDGE('',*,*,#1531,.T.);
#7180 = ORIENTED_EDGE('',*,*,#7166,.T.);
#7181 = ORIENTED_EDGE('',*,*,#7182,.T.);
#7182 = EDGE_CURVE('',#7159,#7183,#7185,.T.);
#7183 = VERTEX_POINT('',#7184);
#7184 = CARTESIAN_POINT('',(-5.502221399786,-1.143628571429,
    9.738514285714));
#7185 = LINE('',#7186,#7187);
#7186 = CARTESIAN_POINT('',(-5.502221399786,-1.160714285714,9.7504));
#7187 = VECTOR('',#7188,1.);
#7188 = DIRECTION('',(-0.,0.820905201785,-0.571064488199));
#7189 = ORIENTED_EDGE('',*,*,#7190,.F.);
#7190 = EDGE_CURVE('',#1524,#7183,#7191,.T.);
#7191 = LINE('',#7192,#7193);
#7192 = CARTESIAN_POINT('',(-6.102221399786,-1.143628571429,
    9.738514285714));
#7193 = VECTOR('',#7194,1.);
#7194 = DIRECTION('',(1.,0.,0.));
#7195 = PLANE('',#7196);
#7196 = AXIS2_PLACEMENT_3D('',#7197,#7198,#7199);
#7197 = CARTESIAN_POINT('',(-6.102221399786,-1.160714285714,9.7504));
#7198 = DIRECTION('',(-0.,0.571064488199,0.820905201785));
#7199 = DIRECTION('',(0.,0.820905201785,-0.571064488199));
#7200 = ADVANCED_FACE('',(#7201),#7219,.T.);
#7201 = FACE_BOUND('',#7202,.T.);
#7202 = EDGE_LOOP('',(#7203,#7204,#7205,#7213));
#7203 = ORIENTED_EDGE('',*,*,#1523,.T.);
#7204 = ORIENTED_EDGE('',*,*,#7190,.T.);
#7205 = ORIENTED_EDGE('',*,*,#7206,.T.);
#7206 = EDGE_CURVE('',#7183,#7207,#7209,.T.);
#7207 = VERTEX_POINT('',#7208);
#7208 = CARTESIAN_POINT('',(-5.502221399786,-1.126542857143,9.7205));
#7209 = LINE('',#7210,#7211);
#7210 = CARTESIAN_POINT('',(-5.502221399786,-1.143628571429,
    9.738514285714));
#7211 = VECTOR('',#7212,1.);
#7212 = DIRECTION('',(-0.,0.688159484156,-0.725559456121));
#7213 = ORIENTED_EDGE('',*,*,#7214,.F.);
#7214 = EDGE_CURVE('',#1516,#7207,#7215,.T.);
#7215 = LINE('',#7216,#7217);
#7216 = CARTESIAN_POINT('',(-6.102221399786,-1.126542857143,9.7205));
#7217 = VECTOR('',#7218,1.);
#7218 = DIRECTION('',(1.,0.,0.));
#7219 = PLANE('',#7220);
#7220 = AXIS2_PLACEMENT_3D('',#7221,#7222,#7223);
#7221 = CARTESIAN_POINT('',(-6.102221399786,-1.143628571429,
    9.738514285714));
#7222 = DIRECTION('',(-0.,0.725559456121,0.688159484156));
#7223 = DIRECTION('',(0.,0.688159484156,-0.725559456121));
#7224 = ADVANCED_FACE('',(#7225),#7243,.T.);
#7225 = FACE_BOUND('',#7226,.T.);
#7226 = EDGE_LOOP('',(#7227,#7228,#7229,#7237));
#7227 = ORIENTED_EDGE('',*,*,#1515,.T.);
#7228 = ORIENTED_EDGE('',*,*,#7214,.T.);
#7229 = ORIENTED_EDGE('',*,*,#7230,.T.);
#7230 = EDGE_CURVE('',#7207,#7231,#7233,.T.);
#7231 = VERTEX_POINT('',#7232);
#7232 = CARTESIAN_POINT('',(-5.502221399786,-1.1037,9.714742857143));
#7233 = LINE('',#7234,#7235);
#7234 = CARTESIAN_POINT('',(-5.502221399786,-1.126542857143,9.7205));
#7235 = VECTOR('',#7236,1.);
#7236 = DIRECTION('',(-0.,0.969676988372,-0.244390135281));
#7237 = ORIENTED_EDGE('',*,*,#7238,.F.);
#7238 = EDGE_CURVE('',#1508,#7231,#7239,.T.);
#7239 = LINE('',#7240,#7241);
#7240 = CARTESIAN_POINT('',(-6.102221399786,-1.1037,9.714742857143));
#7241 = VECTOR('',#7242,1.);
#7242 = DIRECTION('',(1.,0.,0.));
#7243 = PLANE('',#7244);
#7244 = AXIS2_PLACEMENT_3D('',#7245,#7246,#7247);
#7245 = CARTESIAN_POINT('',(-6.102221399786,-1.126542857143,9.7205));
#7246 = DIRECTION('',(-0.,0.244390135281,0.969676988372));
#7247 = DIRECTION('',(0.,0.969676988372,-0.244390135281));
#7248 = ADVANCED_FACE('',(#7249),#7274,.T.);
#7249 = FACE_BOUND('',#7250,.T.);
#7250 = EDGE_LOOP('',(#7251,#7252,#7260,#7268));
#7251 = ORIENTED_EDGE('',*,*,#1491,.T.);
#7252 = ORIENTED_EDGE('',*,*,#7253,.T.);
#7253 = EDGE_CURVE('',#1492,#7254,#7256,.T.);
#7254 = VERTEX_POINT('',#7255);
#7255 = CARTESIAN_POINT('',(-5.502221399786,-0.208,8.122057142857));
#7256 = LINE('',#7257,#7258);
#7257 = CARTESIAN_POINT('',(-6.102221399786,-0.208,8.122057142857));
#7258 = VECTOR('',#7259,1.);
#7259 = DIRECTION('',(1.,0.,0.));
#7260 = ORIENTED_EDGE('',*,*,#7261,.T.);
#7261 = EDGE_CURVE('',#7254,#7262,#7264,.T.);
#7262 = VERTEX_POINT('',#7263);
#7263 = CARTESIAN_POINT('',(-5.502221399786,-0.202242857143,
    8.098285714286));
#7264 = LINE('',#7265,#7266);
#7265 = CARTESIAN_POINT('',(-5.502221399786,-0.208,8.122057142857));
#7266 = VECTOR('',#7267,1.);
#7267 = DIRECTION('',(-0.,0.23538270084,-0.971902764759));
#7268 = ORIENTED_EDGE('',*,*,#7269,.F.);
#7269 = EDGE_CURVE('',#1484,#7262,#7270,.T.);
#7270 = LINE('',#7271,#7272);
#7271 = CARTESIAN_POINT('',(-6.102221399786,-0.202242857143,
    8.098285714286));
#7272 = VECTOR('',#7273,1.);
#7273 = DIRECTION('',(1.,0.,0.));
#7274 = PLANE('',#7275);
#7275 = AXIS2_PLACEMENT_3D('',#7276,#7277,#7278);
#7276 = CARTESIAN_POINT('',(-6.102221399786,-0.208,8.122057142857));
#7277 = DIRECTION('',(-0.,0.971902764759,0.23538270084));
#7278 = DIRECTION('',(0.,0.23538270084,-0.971902764759));
#7279 = ADVANCED_FACE('',(#7280),#7298,.T.);
#7280 = FACE_BOUND('',#7281,.T.);
#7281 = EDGE_LOOP('',(#7282,#7283,#7284,#7292));
#7282 = ORIENTED_EDGE('',*,*,#1483,.T.);
#7283 = ORIENTED_EDGE('',*,*,#7269,.T.);
#7284 = ORIENTED_EDGE('',*,*,#7285,.T.);
#7285 = EDGE_CURVE('',#7262,#7286,#7288,.T.);
#7286 = VERTEX_POINT('',#7287);
#7287 = CARTESIAN_POINT('',(-5.502221399786,-0.190914285714,
    8.080457142857));
#7288 = LINE('',#7289,#7290);
#7289 = CARTESIAN_POINT('',(-5.502221399786,-0.202242857143,
    8.098285714286));
#7290 = VECTOR('',#7291,1.);
#7291 = DIRECTION('',(-0.,0.536306481872,-0.844023315733));
#7292 = ORIENTED_EDGE('',*,*,#7293,.F.);
#7293 = EDGE_CURVE('',#1476,#7286,#7294,.T.);
#7294 = LINE('',#7295,#7296);
#7295 = CARTESIAN_POINT('',(-6.102221399786,-0.190914285714,
    8.080457142857));
#7296 = VECTOR('',#7297,1.);
#7297 = DIRECTION('',(1.,0.,0.));
#7298 = PLANE('',#7299);
#7299 = AXIS2_PLACEMENT_3D('',#7300,#7301,#7302);
#7300 = CARTESIAN_POINT('',(-6.102221399786,-0.202242857143,
    8.098285714286));
#7301 = DIRECTION('',(-0.,0.844023315733,0.536306481872));
#7302 = DIRECTION('',(0.,0.536306481872,-0.844023315733));
#7303 = ADVANCED_FACE('',(#7304),#7322,.T.);
#7304 = FACE_BOUND('',#7305,.T.);
#7305 = EDGE_LOOP('',(#7306,#7307,#7308,#7316));
#7306 = ORIENTED_EDGE('',*,*,#1475,.T.);
#7307 = ORIENTED_EDGE('',*,*,#7293,.T.);
#7308 = ORIENTED_EDGE('',*,*,#7309,.T.);
#7309 = EDGE_CURVE('',#7286,#7310,#7312,.T.);
#7310 = VERTEX_POINT('',#7311);
#7311 = CARTESIAN_POINT('',(-5.502221399786,-0.1794,8.062628571429));
#7312 = LINE('',#7313,#7314);
#7313 = CARTESIAN_POINT('',(-5.502221399786,-0.190914285714,
    8.080457142857));
#7314 = VECTOR('',#7315,1.);
#7315 = DIRECTION('',(-0.,0.542525431476,-0.840039377769));
#7316 = ORIENTED_EDGE('',*,*,#7317,.F.);
#7317 = EDGE_CURVE('',#1468,#7310,#7318,.T.);
#7318 = LINE('',#7319,#7320);
#7319 = CARTESIAN_POINT('',(-6.102221399786,-0.1794,8.062628571429));
#7320 = VECTOR('',#7321,1.);
#7321 = DIRECTION('',(1.,0.,0.));
#7322 = PLANE('',#7323);
#7323 = AXIS2_PLACEMENT_3D('',#7324,#7325,#7326);
#7324 = CARTESIAN_POINT('',(-6.102221399786,-0.190914285714,
    8.080457142857));
#7325 = DIRECTION('',(-0.,0.840039377769,0.542525431476));
#7326 = DIRECTION('',(0.,0.542525431476,-0.840039377769));
#7327 = ADVANCED_FACE('',(#7328),#7346,.T.);
#7328 = FACE_BOUND('',#7329,.T.);
#7329 = EDGE_LOOP('',(#7330,#7331,#7332,#7340));
#7330 = ORIENTED_EDGE('',*,*,#1467,.T.);
#7331 = ORIENTED_EDGE('',*,*,#7317,.T.);
#7332 = ORIENTED_EDGE('',*,*,#7333,.T.);
#7333 = EDGE_CURVE('',#7310,#7334,#7336,.T.);
#7334 = VERTEX_POINT('',#7335);
#7335 = CARTESIAN_POINT('',(-5.502221399786,-0.156742857143,
    8.032728571429));
#7336 = LINE('',#7337,#7338);
#7337 = CARTESIAN_POINT('',(-5.502221399786,-0.1794,8.062628571429));
#7338 = VECTOR('',#7339,1.);
#7339 = DIRECTION('',(-0.,0.603952995426,-0.797019936586));
#7340 = ORIENTED_EDGE('',*,*,#7341,.F.);
#7341 = EDGE_CURVE('',#1460,#7334,#7342,.T.);
#7342 = LINE('',#7343,#7344);
#7343 = CARTESIAN_POINT('',(-6.102221399786,-0.156742857143,
    8.032728571429));
#7344 = VECTOR('',#7345,1.);
#7345 = DIRECTION('',(1.,0.,0.));
#7346 = PLANE('',#7347);
#7347 = AXIS2_PLACEMENT_3D('',#7348,#7349,#7350);
#7348 = CARTESIAN_POINT('',(-6.102221399786,-0.1794,8.062628571429));
#7349 = DIRECTION('',(-0.,0.797019936586,0.603952995426));
#7350 = DIRECTION('',(0.,0.603952995426,-0.797019936586));
#7351 = ADVANCED_FACE('',(#7352),#7370,.T.);
#7352 = FACE_BOUND('',#7353,.T.);
#7353 = EDGE_LOOP('',(#7354,#7355,#7356,#7364));
#7354 = ORIENTED_EDGE('',*,*,#1459,.T.);
#7355 = ORIENTED_EDGE('',*,*,#7341,.T.);
#7356 = ORIENTED_EDGE('',*,*,#7357,.T.);
#7357 = EDGE_CURVE('',#7334,#7358,#7360,.T.);
#7358 = VERTEX_POINT('',#7359);
#7359 = CARTESIAN_POINT('',(-5.502221399786,-0.128142857143,
    8.015085714286));
#7360 = LINE('',#7361,#7362);
#7361 = CARTESIAN_POINT('',(-5.502221399786,-0.156742857143,
    8.032728571429));
#7362 = VECTOR('',#7363,1.);
#7363 = DIRECTION('',(-0.,0.851088556054,-0.525022161202));
#7364 = ORIENTED_EDGE('',*,*,#7365,.F.);
#7365 = EDGE_CURVE('',#1452,#7358,#7366,.T.);
#7366 = LINE('',#7367,#7368);
#7367 = CARTESIAN_POINT('',(-6.102221399786,-0.128142857143,
    8.015085714286));
#7368 = VECTOR('',#7369,1.);
#7369 = DIRECTION('',(1.,0.,0.));
#7370 = PLANE('',#7371);
#7371 = AXIS2_PLACEMENT_3D('',#7372,#7373,#7374);
#7372 = CARTESIAN_POINT('',(-6.102221399786,-0.156742857143,
    8.032728571429));
#7373 = DIRECTION('',(-0.,0.525022161202,0.851088556054));
#7374 = DIRECTION('',(0.,0.851088556054,-0.525022161202));
#7375 = ADVANCED_FACE('',(#7376),#7394,.T.);
#7376 = FACE_BOUND('',#7377,.T.);
#7377 = EDGE_LOOP('',(#7378,#7379,#7380,#7388));
#7378 = ORIENTED_EDGE('',*,*,#1451,.T.);
#7379 = ORIENTED_EDGE('',*,*,#7365,.T.);
#7380 = ORIENTED_EDGE('',*,*,#7381,.T.);
#7381 = EDGE_CURVE('',#7358,#7382,#7384,.T.);
#7382 = VERTEX_POINT('',#7383);
#7383 = CARTESIAN_POINT('',(-5.502221399786,-9.397142857143E-02,8.0032)
  );
#7384 = LINE('',#7385,#7386);
#7385 = CARTESIAN_POINT('',(-5.502221399786,-0.128142857143,
    8.015085714286));
#7386 = VECTOR('',#7387,1.);
#7387 = DIRECTION('',(-0.,0.944496796706,-0.328520624941));
#7388 = ORIENTED_EDGE('',*,*,#7389,.F.);
#7389 = EDGE_CURVE('',#1444,#7382,#7390,.T.);
#7390 = LINE('',#7391,#7392);
#7391 = CARTESIAN_POINT('',(-6.102221399786,-9.397142857143E-02,8.0032)
  );
#7392 = VECTOR('',#7393,1.);
#7393 = DIRECTION('',(1.,0.,0.));
#7394 = PLANE('',#7395);
#7395 = AXIS2_PLACEMENT_3D('',#7396,#7397,#7398);
#7396 = CARTESIAN_POINT('',(-6.102221399786,-0.128142857143,
    8.015085714286));
#7397 = DIRECTION('',(-0.,0.328520624941,0.944496796706));
#7398 = DIRECTION('',(0.,0.944496796706,-0.328520624941));
#7399 = ADVANCED_FACE('',(#7400),#7425,.T.);
#7400 = FACE_BOUND('',#7401,.T.);
#7401 = EDGE_LOOP('',(#7402,#7403,#7411,#7419));
#7402 = ORIENTED_EDGE('',*,*,#1435,.T.);
#7403 = ORIENTED_EDGE('',*,*,#7404,.T.);
#7404 = EDGE_CURVE('',#1436,#7405,#7407,.T.);
#7405 = VERTEX_POINT('',#7406);
#7406 = CARTESIAN_POINT('',(-5.502221399786,0.231214285714,8.0032));
#7407 = LINE('',#7408,#7409);
#7408 = CARTESIAN_POINT('',(-6.102221399786,0.231214285714,8.0032));
#7409 = VECTOR('',#7410,1.);
#7410 = DIRECTION('',(1.,0.,0.));
#7411 = ORIENTED_EDGE('',*,*,#7412,.T.);
#7412 = EDGE_CURVE('',#7405,#7413,#7415,.T.);
#7413 = VERTEX_POINT('',#7414);
#7414 = CARTESIAN_POINT('',(-5.502221399786,0.254057142857,
    8.008957142857));
#7415 = LINE('',#7416,#7417);
#7416 = CARTESIAN_POINT('',(-5.502221399786,0.231214285714,8.0032));
#7417 = VECTOR('',#7418,1.);
#7418 = DIRECTION('',(0.,0.969676988372,0.244390135281));
#7419 = ORIENTED_EDGE('',*,*,#7420,.F.);
#7420 = EDGE_CURVE('',#1428,#7413,#7421,.T.);
#7421 = LINE('',#7422,#7423);
#7422 = CARTESIAN_POINT('',(-6.102221399786,0.254057142857,
    8.008957142857));
#7423 = VECTOR('',#7424,1.);
#7424 = DIRECTION('',(1.,0.,0.));
#7425 = PLANE('',#7426);
#7426 = AXIS2_PLACEMENT_3D('',#7427,#7428,#7429);
#7427 = CARTESIAN_POINT('',(-6.102221399786,0.231214285714,8.0032));
#7428 = DIRECTION('',(0.,-0.244390135281,0.969676988372));
#7429 = DIRECTION('',(0.,0.969676988372,0.244390135281));
#7430 = ADVANCED_FACE('',(#7431),#7449,.T.);
#7431 = FACE_BOUND('',#7432,.T.);
#7432 = EDGE_LOOP('',(#7433,#7434,#7435,#7443));
#7433 = ORIENTED_EDGE('',*,*,#1427,.T.);
#7434 = ORIENTED_EDGE('',*,*,#7420,.T.);
#7435 = ORIENTED_EDGE('',*,*,#7436,.T.);
#7436 = EDGE_CURVE('',#7413,#7437,#7439,.T.);
#7437 = VERTEX_POINT('',#7438);
#7438 = CARTESIAN_POINT('',(-5.502221399786,0.282657142857,
    8.014528571429));
#7439 = LINE('',#7440,#7441);
#7440 = CARTESIAN_POINT('',(-5.502221399786,0.254057142857,
    8.008957142857));
#7441 = VECTOR('',#7442,1.);
#7442 = DIRECTION('',(0.,0.981548987081,0.191210841639));
#7443 = ORIENTED_EDGE('',*,*,#7444,.F.);
#7444 = EDGE_CURVE('',#1420,#7437,#7445,.T.);
#7445 = LINE('',#7446,#7447);
#7446 = CARTESIAN_POINT('',(-6.102221399786,0.282657142857,
    8.014528571429));
#7447 = VECTOR('',#7448,1.);
#7448 = DIRECTION('',(1.,0.,0.));
#7449 = PLANE('',#7450);
#7450 = AXIS2_PLACEMENT_3D('',#7451,#7452,#7453);
#7451 = CARTESIAN_POINT('',(-6.102221399786,0.254057142857,
    8.008957142857));
#7452 = DIRECTION('',(0.,-0.191210841639,0.981548987081));
#7453 = DIRECTION('',(0.,0.981548987081,0.191210841639));
#7454 = ADVANCED_FACE('',(#7455),#7473,.T.);
#7455 = FACE_BOUND('',#7456,.T.);
#7456 = EDGE_LOOP('',(#7457,#7458,#7459,#7467));
#7457 = ORIENTED_EDGE('',*,*,#1419,.T.);
#7458 = ORIENTED_EDGE('',*,*,#7444,.T.);
#7459 = ORIENTED_EDGE('',*,*,#7460,.T.);
#7460 = EDGE_CURVE('',#7437,#7461,#7463,.T.);
#7461 = VERTEX_POINT('',#7462);
#7462 = CARTESIAN_POINT('',(-5.502221399786,0.3055,8.0318));
#7463 = LINE('',#7464,#7465);
#7464 = CARTESIAN_POINT('',(-5.502221399786,0.282657142857,
    8.014528571429));
#7465 = VECTOR('',#7466,1.);
#7466 = DIRECTION('',(0.,0.797659331282,0.603108274872));
#7467 = ORIENTED_EDGE('',*,*,#7468,.F.);
#7468 = EDGE_CURVE('',#1412,#7461,#7469,.T.);
#7469 = LINE('',#7470,#7471);
#7470 = CARTESIAN_POINT('',(-6.102221399786,0.3055,8.0318));
#7471 = VECTOR('',#7472,1.);
#7472 = DIRECTION('',(1.,0.,0.));
#7473 = PLANE('',#7474);
#7474 = AXIS2_PLACEMENT_3D('',#7475,#7476,#7477);
#7475 = CARTESIAN_POINT('',(-6.102221399786,0.282657142857,
    8.014528571429));
#7476 = DIRECTION('',(0.,-0.603108274872,0.797659331282));
#7477 = DIRECTION('',(0.,0.797659331282,0.603108274872));
#7478 = ADVANCED_FACE('',(#7479),#7497,.T.);
#7479 = FACE_BOUND('',#7480,.T.);
#7480 = EDGE_LOOP('',(#7481,#7482,#7483,#7491));
#7481 = ORIENTED_EDGE('',*,*,#1411,.T.);
#7482 = ORIENTED_EDGE('',*,*,#7468,.T.);
#7483 = ORIENTED_EDGE('',*,*,#7484,.T.);
#7484 = EDGE_CURVE('',#7461,#7485,#7487,.T.);
#7485 = VERTEX_POINT('',#7486);
#7486 = CARTESIAN_POINT('',(-5.502221399786,0.328342857143,
    8.048885714286));
#7487 = LINE('',#7488,#7489);
#7488 = CARTESIAN_POINT('',(-5.502221399786,0.3055,8.0318));
#7489 = VECTOR('',#7490,1.);
#7490 = DIRECTION('',(0.,0.80078057117,0.598957825591));
#7491 = ORIENTED_EDGE('',*,*,#7492,.F.);
#7492 = EDGE_CURVE('',#1404,#7485,#7493,.T.);
#7493 = LINE('',#7494,#7495);
#7494 = CARTESIAN_POINT('',(-6.102221399786,0.328342857143,
    8.048885714286));
#7495 = VECTOR('',#7496,1.);
#7496 = DIRECTION('',(1.,0.,0.));
#7497 = PLANE('',#7498);
#7498 = AXIS2_PLACEMENT_3D('',#7499,#7500,#7501);
#7499 = CARTESIAN_POINT('',(-6.102221399786,0.3055,8.0318));
#7500 = DIRECTION('',(0.,-0.598957825591,0.80078057117));
#7501 = DIRECTION('',(0.,0.80078057117,0.598957825591));
#7502 = ADVANCED_FACE('',(#7503),#7521,.T.);
#7503 = FACE_BOUND('',#7504,.T.);
#7504 = EDGE_LOOP('',(#7505,#7506,#7507,#7515));
#7505 = ORIENTED_EDGE('',*,*,#1403,.T.);
#7506 = ORIENTED_EDGE('',*,*,#7492,.T.);
#7507 = ORIENTED_EDGE('',*,*,#7508,.T.);
#7508 = EDGE_CURVE('',#7485,#7509,#7511,.T.);
#7509 = VERTEX_POINT('',#7510);
#7510 = CARTESIAN_POINT('',(-5.502221399786,0.339671428571,
    8.071728571429));
#7511 = LINE('',#7512,#7513);
#7512 = CARTESIAN_POINT('',(-5.502221399786,0.328342857143,
    8.048885714286));
#7513 = VECTOR('',#7514,1.);
#7514 = DIRECTION('',(0.,0.444297794845,0.895879160097));
#7515 = ORIENTED_EDGE('',*,*,#7516,.F.);
#7516 = EDGE_CURVE('',#1396,#7509,#7517,.T.);
#7517 = LINE('',#7518,#7519);
#7518 = CARTESIAN_POINT('',(-6.102221399786,0.339671428571,
    8.071728571429));
#7519 = VECTOR('',#7520,1.);
#7520 = DIRECTION('',(1.,0.,0.));
#7521 = PLANE('',#7522);
#7522 = AXIS2_PLACEMENT_3D('',#7523,#7524,#7525);
#7523 = CARTESIAN_POINT('',(-6.102221399786,0.328342857143,
    8.048885714286));
#7524 = DIRECTION('',(0.,-0.895879160097,0.444297794845));
#7525 = DIRECTION('',(0.,0.444297794845,0.895879160097));
#7526 = ADVANCED_FACE('',(#7527),#7545,.T.);
#7527 = FACE_BOUND('',#7528,.T.);
#7528 = EDGE_LOOP('',(#7529,#7530,#7531,#7539));
#7529 = ORIENTED_EDGE('',*,*,#1395,.T.);
#7530 = ORIENTED_EDGE('',*,*,#7516,.T.);
#7531 = ORIENTED_EDGE('',*,*,#7532,.T.);
#7532 = EDGE_CURVE('',#7509,#7533,#7535,.T.);
#7533 = VERTEX_POINT('',#7534);
#7534 = CARTESIAN_POINT('',(-5.502221399786,0.351185714286,
    8.094571428571));
#7535 = LINE('',#7536,#7537);
#7536 = CARTESIAN_POINT('',(-5.502221399786,0.339671428571,
    8.071728571429));
#7537 = VECTOR('',#7538,1.);
#7538 = DIRECTION('',(0.,0.450115207469,0.892970492237));
#7539 = ORIENTED_EDGE('',*,*,#7540,.F.);
#7540 = EDGE_CURVE('',#1388,#7533,#7541,.T.);
#7541 = LINE('',#7542,#7543);
#7542 = CARTESIAN_POINT('',(-6.102221399786,0.351185714286,
    8.094571428571));
#7543 = VECTOR('',#7544,1.);
#7544 = DIRECTION('',(1.,0.,0.));
#7545 = PLANE('',#7546);
#7546 = AXIS2_PLACEMENT_3D('',#7547,#7548,#7549);
#7547 = CARTESIAN_POINT('',(-6.102221399786,0.339671428571,
    8.071728571429));
#7548 = DIRECTION('',(0.,-0.892970492237,0.450115207469));
#7549 = DIRECTION('',(0.,0.450115207469,0.892970492237));
#7550 = ADVANCED_FACE('',(#7551),#7569,.T.);
#7551 = FACE_BOUND('',#7552,.T.);
#7552 = EDGE_LOOP('',(#7553,#7554,#7555,#7563));
#7553 = ORIENTED_EDGE('',*,*,#1387,.T.);
#7554 = ORIENTED_EDGE('',*,*,#7540,.T.);
#7555 = ORIENTED_EDGE('',*,*,#7556,.T.);
#7556 = EDGE_CURVE('',#7533,#7557,#7559,.T.);
#7557 = VERTEX_POINT('',#7558);
#7558 = CARTESIAN_POINT('',(-5.502221399786,0.362514285714,
    8.122985714286));
#7559 = LINE('',#7560,#7561);
#7560 = CARTESIAN_POINT('',(-5.502221399786,0.351185714286,
    8.094571428571));
#7561 = VECTOR('',#7562,1.);
#7562 = DIRECTION('',(0.,0.370343680353,0.92889480482));
#7563 = ORIENTED_EDGE('',*,*,#7564,.F.);
#7564 = EDGE_CURVE('',#1380,#7557,#7565,.T.);
#7565 = LINE('',#7566,#7567);
#7566 = CARTESIAN_POINT('',(-6.102221399786,0.362514285714,
    8.122985714286));
#7567 = VECTOR('',#7568,1.);
#7568 = DIRECTION('',(1.,0.,0.));
#7569 = PLANE('',#7570);
#7570 = AXIS2_PLACEMENT_3D('',#7571,#7572,#7573);
#7571 = CARTESIAN_POINT('',(-6.102221399786,0.351185714286,
    8.094571428571));
#7572 = DIRECTION('',(0.,-0.92889480482,0.370343680353));
#7573 = DIRECTION('',(0.,0.370343680353,0.92889480482));
#7574 = ADVANCED_FACE('',(#7575),#7600,.T.);
#7575 = FACE_BOUND('',#7576,.T.);
#7576 = EDGE_LOOP('',(#7577,#7578,#7586,#7594));
#7577 = ORIENTED_EDGE('',*,*,#1835,.T.);
#7578 = ORIENTED_EDGE('',*,*,#7579,.T.);
#7579 = EDGE_CURVE('',#1838,#7580,#7582,.T.);
#7580 = VERTEX_POINT('',#7581);
#7581 = CARTESIAN_POINT('',(-5.502221399786,-2.324585714286,
    11.426285714286));
#7582 = LINE('',#7583,#7584);
#7583 = CARTESIAN_POINT('',(-6.102221399786,-2.324585714286,
    11.426285714286));
#7584 = VECTOR('',#7585,1.);
#7585 = DIRECTION('',(1.,0.,0.));
#7586 = ORIENTED_EDGE('',*,*,#7587,.T.);
#7587 = EDGE_CURVE('',#7580,#7588,#7590,.T.);
#7588 = VERTEX_POINT('',#7589);
#7589 = CARTESIAN_POINT('',(-5.502221399786,-2.290414285714,
    11.432042857143));
#7590 = LINE('',#7591,#7592);
#7591 = CARTESIAN_POINT('',(-5.502221399786,-2.324585714286,
    11.426285714286));
#7592 = VECTOR('',#7593,1.);
#7593 = DIRECTION('',(0.,0.98610270304,0.166136868447));
#7594 = ORIENTED_EDGE('',*,*,#7595,.F.);
#7595 = EDGE_CURVE('',#1836,#7588,#7596,.T.);
#7596 = LINE('',#7597,#7598);
#7597 = CARTESIAN_POINT('',(-6.102221399786,-2.290414285714,
    11.432042857143));
#7598 = VECTOR('',#7599,1.);
#7599 = DIRECTION('',(1.,0.,0.));
#7600 = PLANE('',#7601);
#7601 = AXIS2_PLACEMENT_3D('',#7602,#7603,#7604);
#7602 = CARTESIAN_POINT('',(-6.102221399786,-2.324585714286,
    11.426285714286));
#7603 = DIRECTION('',(0.,-0.166136868447,0.98610270304));
#7604 = DIRECTION('',(0.,0.98610270304,0.166136868447));
#7605 = ADVANCED_FACE('',(#7606),#7624,.T.);
#7606 = FACE_BOUND('',#7607,.T.);
#7607 = EDGE_LOOP('',(#7608,#7609,#7610,#7618));
#7608 = ORIENTED_EDGE('',*,*,#2493,.T.);
#7609 = ORIENTED_EDGE('',*,*,#7595,.T.);
#7610 = ORIENTED_EDGE('',*,*,#7611,.T.);
#7611 = EDGE_CURVE('',#7588,#7612,#7614,.T.);
#7612 = VERTEX_POINT('',#7613);
#7613 = CARTESIAN_POINT('',(-5.502221399786,-2.250485714286,
    11.443371428571));
#7614 = LINE('',#7615,#7616);
#7615 = CARTESIAN_POINT('',(-5.502221399786,-2.290414285714,
    11.432042857143));
#7616 = VECTOR('',#7617,1.);
#7617 = DIRECTION('',(0.,0.962028866252,0.272947724844));
#7618 = ORIENTED_EDGE('',*,*,#7619,.F.);
#7619 = EDGE_CURVE('',#2486,#7612,#7620,.T.);
#7620 = LINE('',#7621,#7622);
#7621 = CARTESIAN_POINT('',(-6.102221399786,-2.250485714286,
    11.443371428571));
#7622 = VECTOR('',#7623,1.);
#7623 = DIRECTION('',(1.,0.,0.));
#7624 = PLANE('',#7625);
#7625 = AXIS2_PLACEMENT_3D('',#7626,#7627,#7628);
#7626 = CARTESIAN_POINT('',(-6.102221399786,-2.290414285714,
    11.432042857143));
#7627 = DIRECTION('',(0.,-0.272947724844,0.962028866252));
#7628 = DIRECTION('',(0.,0.962028866252,0.272947724844));
#7629 = ADVANCED_FACE('',(#7630),#7648,.T.);
#7630 = FACE_BOUND('',#7631,.T.);
#7631 = EDGE_LOOP('',(#7632,#7633,#7634,#7642));
#7632 = ORIENTED_EDGE('',*,*,#2485,.T.);
#7633 = ORIENTED_EDGE('',*,*,#7619,.T.);
#7634 = ORIENTED_EDGE('',*,*,#7635,.T.);
#7635 = EDGE_CURVE('',#7612,#7636,#7638,.T.);
#7636 = VERTEX_POINT('',#7637);
#7637 = CARTESIAN_POINT('',(-5.502221399786,-2.221885714286,
    11.454885714286));
#7638 = LINE('',#7639,#7640);
#7639 = CARTESIAN_POINT('',(-5.502221399786,-2.250485714286,
    11.443371428571));
#7640 = VECTOR('',#7641,1.);
#7641 = DIRECTION('',(0.,0.927643517938,0.373466870858));
#7642 = ORIENTED_EDGE('',*,*,#7643,.F.);
#7643 = EDGE_CURVE('',#2478,#7636,#7644,.T.);
#7644 = LINE('',#7645,#7646);
#7645 = CARTESIAN_POINT('',(-6.102221399786,-2.221885714286,
    11.454885714286));
#7646 = VECTOR('',#7647,1.);
#7647 = DIRECTION('',(1.,0.,0.));
#7648 = PLANE('',#7649);
#7649 = AXIS2_PLACEMENT_3D('',#7650,#7651,#7652);
#7650 = CARTESIAN_POINT('',(-6.102221399786,-2.250485714286,
    11.443371428571));
#7651 = DIRECTION('',(0.,-0.373466870858,0.927643517938));
#7652 = DIRECTION('',(0.,0.927643517938,0.373466870858));
#7653 = ADVANCED_FACE('',(#7654),#7672,.T.);
#7654 = FACE_BOUND('',#7655,.T.);
#7655 = EDGE_LOOP('',(#7656,#7657,#7658,#7666));
#7656 = ORIENTED_EDGE('',*,*,#2477,.T.);
#7657 = ORIENTED_EDGE('',*,*,#7643,.T.);
#7658 = ORIENTED_EDGE('',*,*,#7659,.T.);
#7659 = EDGE_CURVE('',#7636,#7660,#7662,.T.);
#7660 = VERTEX_POINT('',#7661);
#7661 = CARTESIAN_POINT('',(-5.502221399786,-2.187714285714,
    11.471971428571));
#7662 = LINE('',#7663,#7664);
#7663 = CARTESIAN_POINT('',(-5.502221399786,-2.221885714286,
    11.454885714286));
#7664 = VECTOR('',#7665,1.);
#7665 = DIRECTION('',(0.,0.894427191,0.4472135955));
#7666 = ORIENTED_EDGE('',*,*,#7667,.F.);
#7667 = EDGE_CURVE('',#2470,#7660,#7668,.T.);
#7668 = LINE('',#7669,#7670);
#7669 = CARTESIAN_POINT('',(-6.102221399786,-2.187714285714,
    11.471971428571));
#7670 = VECTOR('',#7671,1.);
#7671 = DIRECTION('',(1.,0.,0.));
#7672 = PLANE('',#7673);
#7673 = AXIS2_PLACEMENT_3D('',#7674,#7675,#7676);
#7674 = CARTESIAN_POINT('',(-6.102221399786,-2.221885714286,
    11.454885714286));
#7675 = DIRECTION('',(0.,-0.4472135955,0.894427191));
#7676 = DIRECTION('',(0.,0.894427191,0.4472135955));
#7677 = ADVANCED_FACE('',(#7678),#7696,.T.);
#7678 = FACE_BOUND('',#7679,.T.);
#7679 = EDGE_LOOP('',(#7680,#7681,#7682,#7690));
#7680 = ORIENTED_EDGE('',*,*,#2469,.T.);
#7681 = ORIENTED_EDGE('',*,*,#7667,.T.);
#7682 = ORIENTED_EDGE('',*,*,#7683,.T.);
#7683 = EDGE_CURVE('',#7660,#7684,#7686,.T.);
#7684 = VERTEX_POINT('',#7685);
#7685 = CARTESIAN_POINT('',(-5.502221399786,-2.170628571429,
    11.489057142857));
#7686 = LINE('',#7687,#7688);
#7687 = CARTESIAN_POINT('',(-5.502221399786,-2.187714285714,
    11.471971428571));
#7688 = VECTOR('',#7689,1.);
#7689 = DIRECTION('',(0.,0.707106781187,0.707106781187));
#7690 = ORIENTED_EDGE('',*,*,#7691,.F.);
#7691 = EDGE_CURVE('',#2462,#7684,#7692,.T.);
#7692 = LINE('',#7693,#7694);
#7693 = CARTESIAN_POINT('',(-6.102221399786,-2.170628571429,
    11.489057142857));
#7694 = VECTOR('',#7695,1.);
#7695 = DIRECTION('',(1.,0.,0.));
#7696 = PLANE('',#7697);
#7697 = AXIS2_PLACEMENT_3D('',#7698,#7699,#7700);
#7698 = CARTESIAN_POINT('',(-6.102221399786,-2.187714285714,
    11.471971428571));
#7699 = DIRECTION('',(0.,-0.707106781187,0.707106781187));
#7700 = DIRECTION('',(0.,0.707106781187,0.707106781187));
#7701 = ADVANCED_FACE('',(#7702),#7720,.T.);
#7702 = FACE_BOUND('',#7703,.T.);
#7703 = EDGE_LOOP('',(#7704,#7705,#7706,#7714));
#7704 = ORIENTED_EDGE('',*,*,#2461,.T.);
#7705 = ORIENTED_EDGE('',*,*,#7691,.T.);
#7706 = ORIENTED_EDGE('',*,*,#7707,.T.);
#7707 = EDGE_CURVE('',#7684,#7708,#7710,.T.);
#7708 = VERTEX_POINT('',#7709);
#7709 = CARTESIAN_POINT('',(-5.502221399786,-2.147785714286,
    11.506142857143));
#7710 = LINE('',#7711,#7712);
#7711 = CARTESIAN_POINT('',(-5.502221399786,-2.170628571429,
    11.489057142857));
#7712 = VECTOR('',#7713,1.);
#7713 = DIRECTION('',(0.,0.80078057117,0.598957825591));
#7714 = ORIENTED_EDGE('',*,*,#7715,.F.);
#7715 = EDGE_CURVE('',#2454,#7708,#7716,.T.);
#7716 = LINE('',#7717,#7718);
#7717 = CARTESIAN_POINT('',(-6.102221399786,-2.147785714286,
    11.506142857143));
#7718 = VECTOR('',#7719,1.);
#7719 = DIRECTION('',(1.,0.,0.));
#7720 = PLANE('',#7721);
#7721 = AXIS2_PLACEMENT_3D('',#7722,#7723,#7724);
#7722 = CARTESIAN_POINT('',(-6.102221399786,-2.170628571429,
    11.489057142857));
#7723 = DIRECTION('',(0.,-0.598957825591,0.80078057117));
#7724 = DIRECTION('',(0.,0.80078057117,0.598957825591));
#7725 = ADVANCED_FACE('',(#7726),#7744,.T.);
#7726 = FACE_BOUND('',#7727,.T.);
#7727 = EDGE_LOOP('',(#7728,#7729,#7730,#7738));
#7728 = ORIENTED_EDGE('',*,*,#2453,.T.);
#7729 = ORIENTED_EDGE('',*,*,#7715,.T.);
#7730 = ORIENTED_EDGE('',*,*,#7731,.T.);
#7731 = EDGE_CURVE('',#7708,#7732,#7734,.T.);
#7732 = VERTEX_POINT('',#7733);
#7733 = CARTESIAN_POINT('',(-5.502221399786,-2.1307,11.528985714286));
#7734 = LINE('',#7735,#7736);
#7735 = CARTESIAN_POINT('',(-5.502221399786,-2.147785714286,
    11.506142857143));
#7736 = VECTOR('',#7737,1.);
#7737 = DIRECTION('',(0.,0.598957825591,0.80078057117));
#7738 = ORIENTED_EDGE('',*,*,#7739,.F.);
#7739 = EDGE_CURVE('',#2446,#7732,#7740,.T.);
#7740 = LINE('',#7741,#7742);
#7741 = CARTESIAN_POINT('',(-6.102221399786,-2.1307,11.528985714286));
#7742 = VECTOR('',#7743,1.);
#7743 = DIRECTION('',(1.,0.,0.));
#7744 = PLANE('',#7745);
#7745 = AXIS2_PLACEMENT_3D('',#7746,#7747,#7748);
#7746 = CARTESIAN_POINT('',(-6.102221399786,-2.147785714286,
    11.506142857143));
#7747 = DIRECTION('',(0.,-0.80078057117,0.598957825591));
#7748 = DIRECTION('',(0.,0.598957825591,0.80078057117));
#7749 = ADVANCED_FACE('',(#7750),#7768,.T.);
#7750 = FACE_BOUND('',#7751,.T.);
#7751 = EDGE_LOOP('',(#7752,#7753,#7754,#7762));
#7752 = ORIENTED_EDGE('',*,*,#2445,.T.);
#7753 = ORIENTED_EDGE('',*,*,#7739,.T.);
#7754 = ORIENTED_EDGE('',*,*,#7755,.T.);
#7755 = EDGE_CURVE('',#7732,#7756,#7758,.T.);
#7756 = VERTEX_POINT('',#7757);
#7757 = CARTESIAN_POINT('',(-5.502221399786,-2.113428571429,
    11.551828571429));
#7758 = LINE('',#7759,#7760);
#7759 = CARTESIAN_POINT('',(-5.502221399786,-2.1307,11.528985714286));
#7760 = VECTOR('',#7761,1.);
#7761 = DIRECTION('',(0.,0.603108274872,0.797659331282));
#7762 = ORIENTED_EDGE('',*,*,#7763,.F.);
#7763 = EDGE_CURVE('',#2438,#7756,#7764,.T.);
#7764 = LINE('',#7765,#7766);
#7765 = CARTESIAN_POINT('',(-6.102221399786,-2.113428571429,
    11.551828571429));
#7766 = VECTOR('',#7767,1.);
#7767 = DIRECTION('',(1.,0.,0.));
#7768 = PLANE('',#7769);
#7769 = AXIS2_PLACEMENT_3D('',#7770,#7771,#7772);
#7770 = CARTESIAN_POINT('',(-6.102221399786,-2.1307,11.528985714286));
#7771 = DIRECTION('',(0.,-0.797659331282,0.603108274872));
#7772 = DIRECTION('',(0.,0.603108274872,0.797659331282));
#7773 = ADVANCED_FACE('',(#7774),#7792,.T.);
#7774 = FACE_BOUND('',#7775,.T.);
#7775 = EDGE_LOOP('',(#7776,#7777,#7778,#7786));
#7776 = ORIENTED_EDGE('',*,*,#2437,.T.);
#7777 = ORIENTED_EDGE('',*,*,#7763,.T.);
#7778 = ORIENTED_EDGE('',*,*,#7779,.T.);
#7779 = EDGE_CURVE('',#7756,#7780,#7782,.T.);
#7780 = VERTEX_POINT('',#7781);
#7781 = CARTESIAN_POINT('',(-5.502221399786,-2.096342857143,
    11.574671428571));
#7782 = LINE('',#7783,#7784);
#7783 = CARTESIAN_POINT('',(-5.502221399786,-2.113428571429,
    11.551828571429));
#7784 = VECTOR('',#7785,1.);
#7785 = DIRECTION('',(0.,0.598957825591,0.80078057117));
#7786 = ORIENTED_EDGE('',*,*,#7787,.F.);
#7787 = EDGE_CURVE('',#2430,#7780,#7788,.T.);
#7788 = LINE('',#7789,#7790);
#7789 = CARTESIAN_POINT('',(-6.102221399786,-2.096342857143,
    11.574671428571));
#7790 = VECTOR('',#7791,1.);
#7791 = DIRECTION('',(1.,0.,0.));
#7792 = PLANE('',#7793);
#7793 = AXIS2_PLACEMENT_3D('',#7794,#7795,#7796);
#7794 = CARTESIAN_POINT('',(-6.102221399786,-2.113428571429,
    11.551828571429));
#7795 = DIRECTION('',(0.,-0.80078057117,0.598957825591));
#7796 = DIRECTION('',(0.,0.598957825591,0.80078057117));
#7797 = ADVANCED_FACE('',(#7798),#7816,.T.);
#7798 = FACE_BOUND('',#7799,.T.);
#7799 = EDGE_LOOP('',(#7800,#7801,#7802,#7810));
#7800 = ORIENTED_EDGE('',*,*,#2429,.T.);
#7801 = ORIENTED_EDGE('',*,*,#7787,.T.);
#7802 = ORIENTED_EDGE('',*,*,#7803,.T.);
#7803 = EDGE_CURVE('',#7780,#7804,#7806,.T.);
#7804 = VERTEX_POINT('',#7805);
#7805 = CARTESIAN_POINT('',(-5.502221399786,-2.085014285714,
    11.603085714286));
#7806 = LINE('',#7807,#7808);
#7807 = CARTESIAN_POINT('',(-5.502221399786,-2.096342857143,
    11.574671428571));
#7808 = VECTOR('',#7809,1.);
#7809 = DIRECTION('',(0.,0.370343680353,0.92889480482));
#7810 = ORIENTED_EDGE('',*,*,#7811,.F.);
#7811 = EDGE_CURVE('',#2422,#7804,#7812,.T.);
#7812 = LINE('',#7813,#7814);
#7813 = CARTESIAN_POINT('',(-6.102221399786,-2.085014285714,
    11.603085714286));
#7814 = VECTOR('',#7815,1.);
#7815 = DIRECTION('',(1.,0.,0.));
#7816 = PLANE('',#7817);
#7817 = AXIS2_PLACEMENT_3D('',#7818,#7819,#7820);
#7818 = CARTESIAN_POINT('',(-6.102221399786,-2.096342857143,
    11.574671428571));
#7819 = DIRECTION('',(0.,-0.92889480482,0.370343680353));
#7820 = DIRECTION('',(0.,0.370343680353,0.92889480482));
#7821 = ADVANCED_FACE('',(#7822),#7840,.T.);
#7822 = FACE_BOUND('',#7823,.T.);
#7823 = EDGE_LOOP('',(#7824,#7825,#7826,#7834));
#7824 = ORIENTED_EDGE('',*,*,#2421,.T.);
#7825 = ORIENTED_EDGE('',*,*,#7811,.T.);
#7826 = ORIENTED_EDGE('',*,*,#7827,.T.);
#7827 = EDGE_CURVE('',#7804,#7828,#7830,.T.);
#7828 = VERTEX_POINT('',#7829);
#7829 = CARTESIAN_POINT('',(-5.502221399786,-2.0735,11.625928571429));
#7830 = LINE('',#7831,#7832);
#7831 = CARTESIAN_POINT('',(-5.502221399786,-2.085014285714,
    11.603085714286));
#7832 = VECTOR('',#7833,1.);
#7833 = DIRECTION('',(0.,0.450115207469,0.892970492237));
#7834 = ORIENTED_EDGE('',*,*,#7835,.F.);
#7835 = EDGE_CURVE('',#2414,#7828,#7836,.T.);
#7836 = LINE('',#7837,#7838);
#7837 = CARTESIAN_POINT('',(-6.102221399786,-2.0735,11.625928571429));
#7838 = VECTOR('',#7839,1.);
#7839 = DIRECTION('',(1.,0.,0.));
#7840 = PLANE('',#7841);
#7841 = AXIS2_PLACEMENT_3D('',#7842,#7843,#7844);
#7842 = CARTESIAN_POINT('',(-6.102221399786,-2.085014285714,
    11.603085714286));
#7843 = DIRECTION('',(0.,-0.892970492237,0.450115207469));
#7844 = DIRECTION('',(0.,0.450115207469,0.892970492237));
#7845 = ADVANCED_FACE('',(#7846),#7864,.T.);
#7846 = FACE_BOUND('',#7847,.T.);
#7847 = EDGE_LOOP('',(#7848,#7849,#7850,#7858));
#7848 = ORIENTED_EDGE('',*,*,#2413,.T.);
#7849 = ORIENTED_EDGE('',*,*,#7835,.T.);
#7850 = ORIENTED_EDGE('',*,*,#7851,.T.);
#7851 = EDGE_CURVE('',#7828,#7852,#7854,.T.);
#7852 = VERTEX_POINT('',#7853);
#7853 = CARTESIAN_POINT('',(-5.502221399786,-2.067928571429,
    11.654528571429));
#7854 = LINE('',#7855,#7856);
#7855 = CARTESIAN_POINT('',(-5.502221399786,-2.0735,11.625928571429));
#7856 = VECTOR('',#7857,1.);
#7857 = DIRECTION('',(0.,0.191210841639,0.981548987081));
#7858 = ORIENTED_EDGE('',*,*,#7859,.F.);
#7859 = EDGE_CURVE('',#2406,#7852,#7860,.T.);
#7860 = LINE('',#7861,#7862);
#7861 = CARTESIAN_POINT('',(-6.102221399786,-2.067928571429,
    11.654528571429));
#7862 = VECTOR('',#7863,1.);
#7863 = DIRECTION('',(1.,0.,0.));
#7864 = PLANE('',#7865);
#7865 = AXIS2_PLACEMENT_3D('',#7866,#7867,#7868);
#7866 = CARTESIAN_POINT('',(-6.102221399786,-2.0735,11.625928571429));
#7867 = DIRECTION('',(0.,-0.981548987081,0.191210841639));
#7868 = DIRECTION('',(0.,0.191210841639,0.981548987081));
#7869 = ADVANCED_FACE('',(#7870),#7888,.T.);
#7870 = FACE_BOUND('',#7871,.T.);
#7871 = EDGE_LOOP('',(#7872,#7873,#7874,#7882));
#7872 = ORIENTED_EDGE('',*,*,#2405,.T.);
#7873 = ORIENTED_EDGE('',*,*,#7859,.T.);
#7874 = ORIENTED_EDGE('',*,*,#7875,.T.);
#7875 = EDGE_CURVE('',#7852,#7876,#7878,.T.);
#7876 = VERTEX_POINT('',#7877);
#7877 = CARTESIAN_POINT('',(-5.502221399786,-2.062171428571,
    11.682942857143));
#7878 = LINE('',#7879,#7880);
#7879 = CARTESIAN_POINT('',(-5.502221399786,-2.067928571429,
    11.654528571429));
#7880 = VECTOR('',#7881,1.);
#7881 = DIRECTION('',(0.,0.198579278868,0.980084827963));
#7882 = ORIENTED_EDGE('',*,*,#7883,.F.);
#7883 = EDGE_CURVE('',#2398,#7876,#7884,.T.);
#7884 = LINE('',#7885,#7886);
#7885 = CARTESIAN_POINT('',(-6.102221399786,-2.062171428571,
    11.682942857143));
#7886 = VECTOR('',#7887,1.);
#7887 = DIRECTION('',(1.,0.,0.));
#7888 = PLANE('',#7889);
#7889 = AXIS2_PLACEMENT_3D('',#7890,#7891,#7892);
#7890 = CARTESIAN_POINT('',(-6.102221399786,-2.067928571429,
    11.654528571429));
#7891 = DIRECTION('',(0.,-0.980084827963,0.198579278868));
#7892 = DIRECTION('',(0.,0.198579278868,0.980084827963));
#7893 = ADVANCED_FACE('',(#7894),#7919,.T.);
#7894 = FACE_BOUND('',#7895,.T.);
#7895 = EDGE_LOOP('',(#7896,#7897,#7905,#7913));
#7896 = ORIENTED_EDGE('',*,*,#2389,.T.);
#7897 = ORIENTED_EDGE('',*,*,#7898,.T.);
#7898 = EDGE_CURVE('',#2390,#7899,#7901,.T.);
#7899 = VERTEX_POINT('',#7900);
#7900 = CARTESIAN_POINT('',(-5.502221399786,-2.062171428571,
    11.740142857143));
#7901 = LINE('',#7902,#7903);
#7902 = CARTESIAN_POINT('',(-6.102221399786,-2.062171428571,
    11.740142857143));
#7903 = VECTOR('',#7904,1.);
#7904 = DIRECTION('',(1.,0.,0.));
#7905 = ORIENTED_EDGE('',*,*,#7906,.T.);
#7906 = EDGE_CURVE('',#7899,#7907,#7909,.T.);
#7907 = VERTEX_POINT('',#7908);
#7908 = CARTESIAN_POINT('',(-5.502221399786,-2.067928571429,11.7628));
#7909 = LINE('',#7910,#7911);
#7910 = CARTESIAN_POINT('',(-5.502221399786,-2.062171428571,
    11.740142857143));
#7911 = VECTOR('',#7912,1.);
#7912 = DIRECTION('',(0.,-0.246272303221,0.96920067719));
#7913 = ORIENTED_EDGE('',*,*,#7914,.F.);
#7914 = EDGE_CURVE('',#2382,#7907,#7915,.T.);
#7915 = LINE('',#7916,#7917);
#7916 = CARTESIAN_POINT('',(-6.102221399786,-2.067928571429,11.7628));
#7917 = VECTOR('',#7918,1.);
#7918 = DIRECTION('',(1.,0.,0.));
#7919 = PLANE('',#7920);
#7920 = AXIS2_PLACEMENT_3D('',#7921,#7922,#7923);
#7921 = CARTESIAN_POINT('',(-6.102221399786,-2.062171428571,
    11.740142857143));
#7922 = DIRECTION('',(0.,-0.96920067719,-0.246272303221));
#7923 = DIRECTION('',(0.,-0.246272303221,0.96920067719));
#7924 = ADVANCED_FACE('',(#7925),#7943,.T.);
#7925 = FACE_BOUND('',#7926,.T.);
#7926 = EDGE_LOOP('',(#7927,#7928,#7929,#7937));
#7927 = ORIENTED_EDGE('',*,*,#2381,.T.);
#7928 = ORIENTED_EDGE('',*,*,#7914,.T.);
#7929 = ORIENTED_EDGE('',*,*,#7930,.T.);
#7930 = EDGE_CURVE('',#7907,#7931,#7933,.T.);
#7931 = VERTEX_POINT('',#7932);
#7932 = CARTESIAN_POINT('',(-5.502221399786,-2.0735,11.7914));
#7933 = LINE('',#7934,#7935);
#7934 = CARTESIAN_POINT('',(-5.502221399786,-2.067928571429,11.7628));
#7935 = VECTOR('',#7936,1.);
#7936 = DIRECTION('',(0.,-0.191210841639,0.981548987081));
#7937 = ORIENTED_EDGE('',*,*,#7938,.F.);
#7938 = EDGE_CURVE('',#2374,#7931,#7939,.T.);
#7939 = LINE('',#7940,#7941);
#7940 = CARTESIAN_POINT('',(-6.102221399786,-2.0735,11.7914));
#7941 = VECTOR('',#7942,1.);
#7942 = DIRECTION('',(1.,0.,0.));
#7943 = PLANE('',#7944);
#7944 = AXIS2_PLACEMENT_3D('',#7945,#7946,#7947);
#7945 = CARTESIAN_POINT('',(-6.102221399786,-2.067928571429,11.7628));
#7946 = DIRECTION('',(0.,-0.981548987081,-0.191210841639));
#7947 = DIRECTION('',(0.,-0.191210841639,0.981548987081));
#7948 = ADVANCED_FACE('',(#7949),#7967,.T.);
#7949 = FACE_BOUND('',#7950,.T.);
#7950 = EDGE_LOOP('',(#7951,#7952,#7953,#7961));
#7951 = ORIENTED_EDGE('',*,*,#2373,.T.);
#7952 = ORIENTED_EDGE('',*,*,#7938,.T.);
#7953 = ORIENTED_EDGE('',*,*,#7954,.T.);
#7954 = EDGE_CURVE('',#7931,#7955,#7957,.T.);
#7955 = VERTEX_POINT('',#7956);
#7956 = CARTESIAN_POINT('',(-5.502221399786,-2.085014285714,11.82));
#7957 = LINE('',#7958,#7959);
#7958 = CARTESIAN_POINT('',(-5.502221399786,-2.0735,11.7914));
#7959 = VECTOR('',#7960,1.);
#7960 = DIRECTION('',(0.,-0.373466870858,0.927643517938));
#7961 = ORIENTED_EDGE('',*,*,#7962,.F.);
#7962 = EDGE_CURVE('',#2366,#7955,#7963,.T.);
#7963 = LINE('',#7964,#7965);
#7964 = CARTESIAN_POINT('',(-6.102221399786,-2.085014285714,11.82));
#7965 = VECTOR('',#7966,1.);
#7966 = DIRECTION('',(1.,0.,0.));
#7967 = PLANE('',#7968);
#7968 = AXIS2_PLACEMENT_3D('',#7969,#7970,#7971);
#7969 = CARTESIAN_POINT('',(-6.102221399786,-2.0735,11.7914));
#7970 = DIRECTION('',(0.,-0.927643517938,-0.373466870858));
#7971 = DIRECTION('',(0.,-0.373466870858,0.927643517938));
#7972 = ADVANCED_FACE('',(#7973),#7991,.T.);
#7973 = FACE_BOUND('',#7974,.T.);
#7974 = EDGE_LOOP('',(#7975,#7976,#7977,#7985));
#7975 = ORIENTED_EDGE('',*,*,#2365,.T.);
#7976 = ORIENTED_EDGE('',*,*,#7962,.T.);
#7977 = ORIENTED_EDGE('',*,*,#7978,.T.);
#7978 = EDGE_CURVE('',#7955,#7979,#7981,.T.);
#7979 = VERTEX_POINT('',#7980);
#7980 = CARTESIAN_POINT('',(-5.502221399786,-2.096342857143,
    11.842842857143));
#7981 = LINE('',#7982,#7983);
#7982 = CARTESIAN_POINT('',(-5.502221399786,-2.085014285714,11.82));
#7983 = VECTOR('',#7984,1.);
#7984 = DIRECTION('',(0.,-0.444297794845,0.895879160097));
#7985 = ORIENTED_EDGE('',*,*,#7986,.F.);
#7986 = EDGE_CURVE('',#2358,#7979,#7987,.T.);
#7987 = LINE('',#7988,#7989);
#7988 = CARTESIAN_POINT('',(-6.102221399786,-2.096342857143,
    11.842842857143));
#7989 = VECTOR('',#7990,1.);
#7990 = DIRECTION('',(1.,0.,0.));
#7991 = PLANE('',#7992);
#7992 = AXIS2_PLACEMENT_3D('',#7993,#7994,#7995);
#7993 = CARTESIAN_POINT('',(-6.102221399786,-2.085014285714,11.82));
#7994 = DIRECTION('',(0.,-0.895879160097,-0.444297794845));
#7995 = DIRECTION('',(0.,-0.444297794845,0.895879160097));
#7996 = ADVANCED_FACE('',(#7997),#8015,.T.);
#7997 = FACE_BOUND('',#7998,.T.);
#7998 = EDGE_LOOP('',(#7999,#8000,#8001,#8009));
#7999 = ORIENTED_EDGE('',*,*,#2357,.T.);
#8000 = ORIENTED_EDGE('',*,*,#7986,.T.);
#8001 = ORIENTED_EDGE('',*,*,#8002,.T.);
#8002 = EDGE_CURVE('',#7979,#8003,#8005,.T.);
#8003 = VERTEX_POINT('',#8004);
#8004 = CARTESIAN_POINT('',(-5.502221399786,-2.107857142857,
    11.871257142857));
#8005 = LINE('',#8006,#8007);
#8006 = CARTESIAN_POINT('',(-5.502221399786,-2.096342857143,
    11.842842857143));
#8007 = VECTOR('',#8008,1.);
#8008 = DIRECTION('',(0.,-0.375564497639,0.926796260304));
#8009 = ORIENTED_EDGE('',*,*,#8010,.F.);
#8010 = EDGE_CURVE('',#2350,#8003,#8011,.T.);
#8011 = LINE('',#8012,#8013);
#8012 = CARTESIAN_POINT('',(-6.102221399786,-2.107857142857,
    11.871257142857));
#8013 = VECTOR('',#8014,1.);
#8014 = DIRECTION('',(1.,0.,0.));
#8015 = PLANE('',#8016);
#8016 = AXIS2_PLACEMENT_3D('',#8017,#8018,#8019);
#8017 = CARTESIAN_POINT('',(-6.102221399786,-2.096342857143,
    11.842842857143));
#8018 = DIRECTION('',(0.,-0.926796260304,-0.375564497639));
#8019 = DIRECTION('',(0.,-0.375564497639,0.926796260304));
#8020 = ADVANCED_FACE('',(#8021),#8039,.T.);
#8021 = FACE_BOUND('',#8022,.T.);
#8022 = EDGE_LOOP('',(#8023,#8024,#8025,#8033));
#8023 = ORIENTED_EDGE('',*,*,#2349,.T.);
#8024 = ORIENTED_EDGE('',*,*,#8010,.T.);
#8025 = ORIENTED_EDGE('',*,*,#8026,.T.);
#8026 = EDGE_CURVE('',#8003,#8027,#8029,.T.);
#8027 = VERTEX_POINT('',#8028);
#8028 = CARTESIAN_POINT('',(-5.502221399786,-2.124942857143,
    11.888342857143));
#8029 = LINE('',#8030,#8031);
#8030 = CARTESIAN_POINT('',(-5.502221399786,-2.107857142857,
    11.871257142857));
#8031 = VECTOR('',#8032,1.);
#8032 = DIRECTION('',(0.,-0.707106781187,0.707106781187));
#8033 = ORIENTED_EDGE('',*,*,#8034,.F.);
#8034 = EDGE_CURVE('',#2342,#8027,#8035,.T.);
#8035 = LINE('',#8036,#8037);
#8036 = CARTESIAN_POINT('',(-6.102221399786,-2.124942857143,
    11.888342857143));
#8037 = VECTOR('',#8038,1.);
#8038 = DIRECTION('',(1.,0.,0.));
#8039 = PLANE('',#8040);
#8040 = AXIS2_PLACEMENT_3D('',#8041,#8042,#8043);
#8041 = CARTESIAN_POINT('',(-6.102221399786,-2.107857142857,
    11.871257142857));
#8042 = DIRECTION('',(0.,-0.707106781187,-0.707106781187));
#8043 = DIRECTION('',(0.,-0.707106781187,0.707106781187));
#8044 = ADVANCED_FACE('',(#8045),#8063,.T.);
#8045 = FACE_BOUND('',#8046,.T.);
#8046 = EDGE_LOOP('',(#8047,#8048,#8049,#8057));
#8047 = ORIENTED_EDGE('',*,*,#2341,.T.);
#8048 = ORIENTED_EDGE('',*,*,#8034,.T.);
#8049 = ORIENTED_EDGE('',*,*,#8050,.T.);
#8050 = EDGE_CURVE('',#8027,#8051,#8053,.T.);
#8051 = VERTEX_POINT('',#8052);
#8052 = CARTESIAN_POINT('',(-5.502221399786,-2.147785714286,
    11.916942857143));
#8053 = LINE('',#8054,#8055);
#8054 = CARTESIAN_POINT('',(-5.502221399786,-2.124942857143,
    11.888342857143));
#8055 = VECTOR('',#8056,1.);
#8056 = DIRECTION('',(0.,-0.62407609663,0.781363568139));
#8057 = ORIENTED_EDGE('',*,*,#8058,.F.);
#8058 = EDGE_CURVE('',#2334,#8051,#8059,.T.);
#8059 = LINE('',#8060,#8061);
#8060 = CARTESIAN_POINT('',(-6.102221399786,-2.147785714286,
    11.916942857143));
#8061 = VECTOR('',#8062,1.);
#8062 = DIRECTION('',(1.,0.,0.));
#8063 = PLANE('',#8064);
#8064 = AXIS2_PLACEMENT_3D('',#8065,#8066,#8067);
#8065 = CARTESIAN_POINT('',(-6.102221399786,-2.124942857143,
    11.888342857143));
#8066 = DIRECTION('',(0.,-0.781363568139,-0.62407609663));
#8067 = DIRECTION('',(0.,-0.62407609663,0.781363568139));
#8068 = ADVANCED_FACE('',(#8069),#8094,.T.);
#8069 = FACE_BOUND('',#8070,.T.);
#8070 = EDGE_LOOP('',(#8071,#8072,#8080,#8088));
#8071 = ORIENTED_EDGE('',*,*,#2325,.T.);
#8072 = ORIENTED_EDGE('',*,*,#8073,.T.);
#8073 = EDGE_CURVE('',#2326,#8074,#8076,.T.);
#8074 = VERTEX_POINT('',#8075);
#8075 = CARTESIAN_POINT('',(-5.502221399786,-2.193471428571,
    11.951114285714));
#8076 = LINE('',#8077,#8078);
#8077 = CARTESIAN_POINT('',(-6.102221399786,-2.193471428571,
    11.951114285714));
#8078 = VECTOR('',#8079,1.);
#8079 = DIRECTION('',(1.,0.,0.));
#8080 = ORIENTED_EDGE('',*,*,#8081,.T.);
#8081 = EDGE_CURVE('',#8074,#8082,#8084,.T.);
#8082 = VERTEX_POINT('',#8083);
#8083 = CARTESIAN_POINT('',(-5.502221399786,-2.221885714286,11.9682));
#8084 = LINE('',#8085,#8086);
#8085 = CARTESIAN_POINT('',(-5.502221399786,-2.193471428571,
    11.951114285714));
#8086 = VECTOR('',#8087,1.);
#8087 = DIRECTION('',(0.,-0.856998298068,0.515319238054));
#8088 = ORIENTED_EDGE('',*,*,#8089,.F.);
#8089 = EDGE_CURVE('',#2318,#8082,#8090,.T.);
#8090 = LINE('',#8091,#8092);
#8091 = CARTESIAN_POINT('',(-6.102221399786,-2.221885714286,11.9682));
#8092 = VECTOR('',#8093,1.);
#8093 = DIRECTION('',(1.,0.,0.));
#8094 = PLANE('',#8095);
#8095 = AXIS2_PLACEMENT_3D('',#8096,#8097,#8098);
#8096 = CARTESIAN_POINT('',(-6.102221399786,-2.193471428571,
    11.951114285714));
#8097 = DIRECTION('',(0.,-0.515319238054,-0.856998298068));
#8098 = DIRECTION('',(0.,-0.856998298068,0.515319238054));
#8099 = ADVANCED_FACE('',(#8100),#8118,.T.);
#8100 = FACE_BOUND('',#8101,.T.);
#8101 = EDGE_LOOP('',(#8102,#8103,#8104,#8112));
#8102 = ORIENTED_EDGE('',*,*,#2317,.T.);
#8103 = ORIENTED_EDGE('',*,*,#8089,.T.);
#8104 = ORIENTED_EDGE('',*,*,#8105,.T.);
#8105 = EDGE_CURVE('',#8082,#8106,#8108,.T.);
#8106 = VERTEX_POINT('',#8107);
#8107 = CARTESIAN_POINT('',(-5.502221399786,-2.244728571429,
    11.979714285714));
#8108 = LINE('',#8109,#8110);
#8109 = CARTESIAN_POINT('',(-5.502221399786,-2.221885714286,11.9682));
#8110 = VECTOR('',#8111,1.);
#8111 = DIRECTION('',(0.,-0.892970492237,0.450115207469));
#8112 = ORIENTED_EDGE('',*,*,#8113,.F.);
#8113 = EDGE_CURVE('',#2310,#8106,#8114,.T.);
#8114 = LINE('',#8115,#8116);
#8115 = CARTESIAN_POINT('',(-6.102221399786,-2.244728571429,
    11.979714285714));
#8116 = VECTOR('',#8117,1.);
#8117 = DIRECTION('',(1.,0.,0.));
#8118 = PLANE('',#8119);
#8119 = AXIS2_PLACEMENT_3D('',#8120,#8121,#8122);
#8120 = CARTESIAN_POINT('',(-6.102221399786,-2.221885714286,11.9682));
#8121 = DIRECTION('',(0.,-0.450115207469,-0.892970492237));
#8122 = DIRECTION('',(0.,-0.892970492237,0.450115207469));
#8123 = ADVANCED_FACE('',(#8124),#8142,.T.);
#8124 = FACE_BOUND('',#8125,.T.);
#8125 = EDGE_LOOP('',(#8126,#8127,#8128,#8136));
#8126 = ORIENTED_EDGE('',*,*,#2309,.T.);
#8127 = ORIENTED_EDGE('',*,*,#8113,.T.);
#8128 = ORIENTED_EDGE('',*,*,#8129,.T.);
#8129 = EDGE_CURVE('',#8106,#8130,#8132,.T.);
#8130 = VERTEX_POINT('',#8131);
#8131 = CARTESIAN_POINT('',(-5.502221399786,-2.273328571429,
    11.985471428571));
#8132 = LINE('',#8133,#8134);
#8133 = CARTESIAN_POINT('',(-5.502221399786,-2.244728571429,
    11.979714285714));
#8134 = VECTOR('',#8135,1.);
#8135 = DIRECTION('',(0.,-0.980335072596,0.197340176951));
#8136 = ORIENTED_EDGE('',*,*,#8137,.F.);
#8137 = EDGE_CURVE('',#2302,#8130,#8138,.T.);
#8138 = LINE('',#8139,#8140);
#8139 = CARTESIAN_POINT('',(-6.102221399786,-2.273328571429,
    11.985471428571));
#8140 = VECTOR('',#8141,1.);
#8141 = DIRECTION('',(1.,0.,0.));
#8142 = PLANE('',#8143);
#8143 = AXIS2_PLACEMENT_3D('',#8144,#8145,#8146);
#8144 = CARTESIAN_POINT('',(-6.102221399786,-2.244728571429,
    11.979714285714));
#8145 = DIRECTION('',(0.,-0.197340176951,-0.980335072596));
#8146 = DIRECTION('',(0.,-0.980335072596,0.197340176951));
#8147 = ADVANCED_FACE('',(#8148),#8166,.T.);
#8148 = FACE_BOUND('',#8149,.T.);
#8149 = EDGE_LOOP('',(#8150,#8151,#8152,#8160));
#8150 = ORIENTED_EDGE('',*,*,#2301,.T.);
#8151 = ORIENTED_EDGE('',*,*,#8137,.T.);
#8152 = ORIENTED_EDGE('',*,*,#8153,.T.);
#8153 = EDGE_CURVE('',#8130,#8154,#8156,.T.);
#8154 = VERTEX_POINT('',#8155);
#8155 = CARTESIAN_POINT('',(-5.502221399786,-2.301742857143,
    11.991042857143));
#8156 = LINE('',#8157,#8158);
#8157 = CARTESIAN_POINT('',(-5.502221399786,-2.273328571429,
    11.985471428571));
#8158 = VECTOR('',#8159,1.);
#8159 = DIRECTION('',(0.,-0.981313749677,0.192414460721));
#8160 = ORIENTED_EDGE('',*,*,#8161,.F.);
#8161 = EDGE_CURVE('',#2294,#8154,#8162,.T.);
#8162 = LINE('',#8163,#8164);
#8163 = CARTESIAN_POINT('',(-6.102221399786,-2.301742857143,
    11.991042857143));
#8164 = VECTOR('',#8165,1.);
#8165 = DIRECTION('',(1.,0.,0.));
#8166 = PLANE('',#8167);
#8167 = AXIS2_PLACEMENT_3D('',#8168,#8169,#8170);
#8168 = CARTESIAN_POINT('',(-6.102221399786,-2.273328571429,
    11.985471428571));
#8169 = DIRECTION('',(0.,-0.192414460721,-0.981313749677));
#8170 = DIRECTION('',(0.,-0.981313749677,0.192414460721));
#8171 = ADVANCED_FACE('',(#8172),#8190,.T.);
#8172 = FACE_BOUND('',#8173,.T.);
#8173 = EDGE_LOOP('',(#8174,#8175,#8176,#8184));
#8174 = ORIENTED_EDGE('',*,*,#2293,.T.);
#8175 = ORIENTED_EDGE('',*,*,#8161,.T.);
#8176 = ORIENTED_EDGE('',*,*,#8177,.T.);
#8177 = EDGE_CURVE('',#8154,#8178,#8180,.T.);
#8178 = VERTEX_POINT('',#8179);
#8179 = CARTESIAN_POINT('',(-5.502221399786,-2.347428571429,11.9968));
#8180 = LINE('',#8181,#8182);
#8181 = CARTESIAN_POINT('',(-5.502221399786,-2.301742857143,
    11.991042857143));
#8182 = VECTOR('',#8183,1.);
#8183 = DIRECTION('',(0.,-0.992153283358,0.125027446277));
#8184 = ORIENTED_EDGE('',*,*,#8185,.F.);
#8185 = EDGE_CURVE('',#2286,#8178,#8186,.T.);
#8186 = LINE('',#8187,#8188);
#8187 = CARTESIAN_POINT('',(-6.102221399786,-2.347428571429,11.9968));
#8188 = VECTOR('',#8189,1.);
#8189 = DIRECTION('',(1.,0.,0.));
#8190 = PLANE('',#8191);
#8191 = AXIS2_PLACEMENT_3D('',#8192,#8193,#8194);
#8192 = CARTESIAN_POINT('',(-6.102221399786,-2.301742857143,
    11.991042857143));
#8193 = DIRECTION('',(0.,-0.125027446277,-0.992153283358));
#8194 = DIRECTION('',(0.,-0.992153283358,0.125027446277));
#8195 = ADVANCED_FACE('',(#8196),#8214,.T.);
#8196 = FACE_BOUND('',#8197,.T.);
#8197 = EDGE_LOOP('',(#8198,#8199,#8200,#8208));
#8198 = ORIENTED_EDGE('',*,*,#2285,.T.);
#8199 = ORIENTED_EDGE('',*,*,#8185,.T.);
#8200 = ORIENTED_EDGE('',*,*,#8201,.T.);
#8201 = EDGE_CURVE('',#8178,#8202,#8204,.T.);
#8202 = VERTEX_POINT('',#8203);
#8203 = CARTESIAN_POINT('',(-5.502221399786,-2.775314285714,11.9968));
#8204 = LINE('',#8205,#8206);
#8205 = CARTESIAN_POINT('',(-5.502221399786,-2.347428571429,11.9968));
#8206 = VECTOR('',#8207,1.);
#8207 = DIRECTION('',(0.,-1.,0.));
#8208 = ORIENTED_EDGE('',*,*,#8209,.F.);
#8209 = EDGE_CURVE('',#2278,#8202,#8210,.T.);
#8210 = LINE('',#8211,#8212);
#8211 = CARTESIAN_POINT('',(-6.102221399786,-2.775314285714,11.9968));
#8212 = VECTOR('',#8213,1.);
#8213 = DIRECTION('',(1.,0.,0.));
#8214 = PLANE('',#8215);
#8215 = AXIS2_PLACEMENT_3D('',#8216,#8217,#8218);
#8216 = CARTESIAN_POINT('',(-6.102221399786,-2.347428571429,11.9968));
#8217 = DIRECTION('',(0.,0.,-1.));
#8218 = DIRECTION('',(0.,-1.,0.));
#8219 = ADVANCED_FACE('',(#8220),#8238,.T.);
#8220 = FACE_BOUND('',#8221,.T.);
#8221 = EDGE_LOOP('',(#8222,#8223,#8224,#8232));
#8222 = ORIENTED_EDGE('',*,*,#2277,.T.);
#8223 = ORIENTED_EDGE('',*,*,#8209,.T.);
#8224 = ORIENTED_EDGE('',*,*,#8225,.T.);
#8225 = EDGE_CURVE('',#8202,#8226,#8228,.T.);
#8226 = VERTEX_POINT('',#8227);
#8227 = CARTESIAN_POINT('',(-5.502221399786,-2.832328571429,
    11.991042857143));
#8228 = LINE('',#8229,#8230);
#8229 = CARTESIAN_POINT('',(-5.502221399786,-2.775314285714,11.9968));
#8230 = VECTOR('',#8231,1.);
#8231 = DIRECTION('',(0.,-0.994940461748,-0.100466300698));
#8232 = ORIENTED_EDGE('',*,*,#8233,.F.);
#8233 = EDGE_CURVE('',#2270,#8226,#8234,.T.);
#8234 = LINE('',#8235,#8236);
#8235 = CARTESIAN_POINT('',(-6.102221399786,-2.832328571429,
    11.991042857143));
#8236 = VECTOR('',#8237,1.);
#8237 = DIRECTION('',(1.,0.,0.));
#8238 = PLANE('',#8239);
#8239 = AXIS2_PLACEMENT_3D('',#8240,#8241,#8242);
#8240 = CARTESIAN_POINT('',(-6.102221399786,-2.775314285714,11.9968));
#8241 = DIRECTION('',(0.,0.100466300698,-0.994940461748));
#8242 = DIRECTION('',(0.,-0.994940461748,-0.100466300698));
#8243 = ADVANCED_FACE('',(#8244),#8262,.T.);
#8244 = FACE_BOUND('',#8245,.T.);
#8245 = EDGE_LOOP('',(#8246,#8247,#8248,#8256));
#8246 = ORIENTED_EDGE('',*,*,#2269,.T.);
#8247 = ORIENTED_EDGE('',*,*,#8233,.T.);
#8248 = ORIENTED_EDGE('',*,*,#8249,.T.);
#8249 = EDGE_CURVE('',#8226,#8250,#8252,.T.);
#8250 = VERTEX_POINT('',#8251);
#8251 = CARTESIAN_POINT('',(-5.502221399786,-2.878014285714,
    11.985471428571));
#8252 = LINE('',#8253,#8254);
#8253 = CARTESIAN_POINT('',(-5.502221399786,-2.832328571429,
    11.991042857143));
#8254 = VECTOR('',#8255,1.);
#8255 = DIRECTION('',(0.,-0.992645877551,-0.121054375311));
#8256 = ORIENTED_EDGE('',*,*,#8257,.F.);
#8257 = EDGE_CURVE('',#2262,#8250,#8258,.T.);
#8258 = LINE('',#8259,#8260);
#8259 = CARTESIAN_POINT('',(-6.102221399786,-2.878014285714,
    11.985471428571));
#8260 = VECTOR('',#8261,1.);
#8261 = DIRECTION('',(1.,0.,0.));
#8262 = PLANE('',#8263);
#8263 = AXIS2_PLACEMENT_3D('',#8264,#8265,#8266);
#8264 = CARTESIAN_POINT('',(-6.102221399786,-2.832328571429,
    11.991042857143));
#8265 = DIRECTION('',(0.,0.121054375311,-0.992645877551));
#8266 = DIRECTION('',(0.,-0.992645877551,-0.121054375311));
#8267 = ADVANCED_FACE('',(#8268),#8286,.T.);
#8268 = FACE_BOUND('',#8269,.T.);
#8269 = EDGE_LOOP('',(#8270,#8271,#8272,#8280));
#8270 = ORIENTED_EDGE('',*,*,#2261,.T.);
#8271 = ORIENTED_EDGE('',*,*,#8257,.T.);
#8272 = ORIENTED_EDGE('',*,*,#8273,.T.);
#8273 = EDGE_CURVE('',#8250,#8274,#8276,.T.);
#8274 = VERTEX_POINT('',#8275);
#8275 = CARTESIAN_POINT('',(-5.502221399786,-2.912185714286,
    11.979714285714));
#8276 = LINE('',#8277,#8278);
#8277 = CARTESIAN_POINT('',(-5.502221399786,-2.878014285714,
    11.985471428571));
#8278 = VECTOR('',#8279,1.);
#8279 = DIRECTION('',(0.,-0.98610270304,-0.166136868447));
#8280 = ORIENTED_EDGE('',*,*,#8281,.F.);
#8281 = EDGE_CURVE('',#2254,#8274,#8282,.T.);
#8282 = LINE('',#8283,#8284);
#8283 = CARTESIAN_POINT('',(-6.102221399786,-2.912185714286,
    11.979714285714));
#8284 = VECTOR('',#8285,1.);
#8285 = DIRECTION('',(1.,0.,0.));
#8286 = PLANE('',#8287);
#8287 = AXIS2_PLACEMENT_3D('',#8288,#8289,#8290);
#8288 = CARTESIAN_POINT('',(-6.102221399786,-2.878014285714,
    11.985471428571));
#8289 = DIRECTION('',(0.,0.166136868447,-0.98610270304));
#8290 = DIRECTION('',(0.,-0.98610270304,-0.166136868447));
#8291 = ADVANCED_FACE('',(#8292),#8310,.T.);
#8292 = FACE_BOUND('',#8293,.T.);
#8293 = EDGE_LOOP('',(#8294,#8295,#8296,#8304));
#8294 = ORIENTED_EDGE('',*,*,#2253,.T.);
#8295 = ORIENTED_EDGE('',*,*,#8281,.T.);
#8296 = ORIENTED_EDGE('',*,*,#8297,.T.);
#8297 = EDGE_CURVE('',#8274,#8298,#8300,.T.);
#8298 = VERTEX_POINT('',#8299);
#8299 = CARTESIAN_POINT('',(-5.502221399786,-2.952114285714,11.9682));
#8300 = LINE('',#8301,#8302);
#8301 = CARTESIAN_POINT('',(-5.502221399786,-2.912185714286,
    11.979714285714));
#8302 = VECTOR('',#8303,1.);
#8303 = DIRECTION('',(0.,-0.960846474829,-0.27708130902));
#8304 = ORIENTED_EDGE('',*,*,#8305,.F.);
#8305 = EDGE_CURVE('',#2246,#8298,#8306,.T.);
#8306 = LINE('',#8307,#8308);
#8307 = CARTESIAN_POINT('',(-6.102221399786,-2.952114285714,11.9682));
#8308 = VECTOR('',#8309,1.);
#8309 = DIRECTION('',(1.,0.,0.));
#8310 = PLANE('',#8311);
#8311 = AXIS2_PLACEMENT_3D('',#8312,#8313,#8314);
#8312 = CARTESIAN_POINT('',(-6.102221399786,-2.912185714286,
    11.979714285714));
#8313 = DIRECTION('',(0.,0.27708130902,-0.960846474829));
#8314 = DIRECTION('',(0.,-0.960846474829,-0.27708130902));
#8315 = ADVANCED_FACE('',(#8316),#8334,.T.);
#8316 = FACE_BOUND('',#8317,.T.);
#8317 = EDGE_LOOP('',(#8318,#8319,#8320,#8328));
#8318 = ORIENTED_EDGE('',*,*,#2245,.T.);
#8319 = ORIENTED_EDGE('',*,*,#8305,.T.);
#8320 = ORIENTED_EDGE('',*,*,#8321,.T.);
#8321 = EDGE_CURVE('',#8298,#8322,#8324,.T.);
#8322 = VERTEX_POINT('',#8323);
#8323 = CARTESIAN_POINT('',(-5.502221399786,-3.009314285714,
    11.945542857143));
#8324 = LINE('',#8325,#8326);
#8325 = CARTESIAN_POINT('',(-5.502221399786,-2.952114285714,11.9682));
#8326 = VECTOR('',#8327,1.);
#8327 = DIRECTION('',(0.,-0.929720504504,-0.368265914122));
#8328 = ORIENTED_EDGE('',*,*,#8329,.F.);
#8329 = EDGE_CURVE('',#2238,#8322,#8330,.T.);
#8330 = LINE('',#8331,#8332);
#8331 = CARTESIAN_POINT('',(-6.102221399786,-3.009314285714,
    11.945542857143));
#8332 = VECTOR('',#8333,1.);
#8333 = DIRECTION('',(1.,0.,0.));
#8334 = PLANE('',#8335);
#8335 = AXIS2_PLACEMENT_3D('',#8336,#8337,#8338);
#8336 = CARTESIAN_POINT('',(-6.102221399786,-2.952114285714,11.9682));
#8337 = DIRECTION('',(0.,0.368265914122,-0.929720504504));
#8338 = DIRECTION('',(0.,-0.929720504504,-0.368265914122));
#8339 = ADVANCED_FACE('',(#8340),#8358,.T.);
#8340 = FACE_BOUND('',#8341,.T.);
#8341 = EDGE_LOOP('',(#8342,#8343,#8344,#8352));
#8342 = ORIENTED_EDGE('',*,*,#2237,.T.);
#8343 = ORIENTED_EDGE('',*,*,#8329,.T.);
#8344 = ORIENTED_EDGE('',*,*,#8345,.T.);
#8345 = EDGE_CURVE('',#8322,#8346,#8348,.T.);
#8346 = VERTEX_POINT('',#8347);
#8347 = CARTESIAN_POINT('',(-5.502221399786,-3.043485714286,
    11.928271428571));
#8348 = LINE('',#8349,#8350);
#8349 = CARTESIAN_POINT('',(-5.502221399786,-3.009314285714,
    11.945542857143));
#8350 = VECTOR('',#8351,1.);
#8351 = DIRECTION('',(0.,-0.892478602936,-0.451089728658));
#8352 = ORIENTED_EDGE('',*,*,#8353,.F.);
#8353 = EDGE_CURVE('',#2230,#8346,#8354,.T.);
#8354 = LINE('',#8355,#8356);
#8355 = CARTESIAN_POINT('',(-6.102221399786,-3.043485714286,
    11.928271428571));
#8356 = VECTOR('',#8357,1.);
#8357 = DIRECTION('',(1.,0.,0.));
#8358 = PLANE('',#8359);
#8359 = AXIS2_PLACEMENT_3D('',#8360,#8361,#8362);
#8360 = CARTESIAN_POINT('',(-6.102221399786,-3.009314285714,
    11.945542857143));
#8361 = DIRECTION('',(0.,0.451089728658,-0.892478602936));
#8362 = DIRECTION('',(0.,-0.892478602936,-0.451089728658));
#8363 = ADVANCED_FACE('',(#8364),#8382,.T.);
#8364 = FACE_BOUND('',#8365,.T.);
#8365 = EDGE_LOOP('',(#8366,#8367,#8368,#8376));
#8366 = ORIENTED_EDGE('',*,*,#2229,.T.);
#8367 = ORIENTED_EDGE('',*,*,#8353,.T.);
#8368 = ORIENTED_EDGE('',*,*,#8369,.T.);
#8369 = EDGE_CURVE('',#8346,#8370,#8372,.T.);
#8370 = VERTEX_POINT('',#8371);
#8371 = CARTESIAN_POINT('',(-5.502221399786,-3.077657142857,
    11.911185714286));
#8372 = LINE('',#8373,#8374);
#8373 = CARTESIAN_POINT('',(-5.502221399786,-3.043485714286,
    11.928271428571));
#8374 = VECTOR('',#8375,1.);
#8375 = DIRECTION('',(0.,-0.894427191,-0.4472135955));
#8376 = ORIENTED_EDGE('',*,*,#8377,.F.);
#8377 = EDGE_CURVE('',#2222,#8370,#8378,.T.);
#8378 = LINE('',#8379,#8380);
#8379 = CARTESIAN_POINT('',(-6.102221399786,-3.077657142857,
    11.911185714286));
#8380 = VECTOR('',#8381,1.);
#8381 = DIRECTION('',(1.,0.,0.));
#8382 = PLANE('',#8383);
#8383 = AXIS2_PLACEMENT_3D('',#8384,#8385,#8386);
#8384 = CARTESIAN_POINT('',(-6.102221399786,-3.043485714286,
    11.928271428571));
#8385 = DIRECTION('',(0.,0.4472135955,-0.894427191));
#8386 = DIRECTION('',(0.,-0.894427191,-0.4472135955));
#8387 = ADVANCED_FACE('',(#8388),#8406,.T.);
#8388 = FACE_BOUND('',#8389,.T.);
#8389 = EDGE_LOOP('',(#8390,#8391,#8392,#8400));
#8390 = ORIENTED_EDGE('',*,*,#2221,.T.);
#8391 = ORIENTED_EDGE('',*,*,#8377,.T.);
#8392 = ORIENTED_EDGE('',*,*,#8393,.T.);
#8393 = EDGE_CURVE('',#8370,#8394,#8396,.T.);
#8394 = VERTEX_POINT('',#8395);
#8395 = CARTESIAN_POINT('',(-5.502221399786,-3.134671428571,
    11.871257142857));
#8396 = LINE('',#8397,#8398);
#8397 = CARTESIAN_POINT('',(-5.502221399786,-3.077657142857,
    11.911185714286));
#8398 = VECTOR('',#8399,1.);
#8399 = DIRECTION('',(0.,-0.819106553991,-0.573641397746));
#8400 = ORIENTED_EDGE('',*,*,#8401,.F.);
#8401 = EDGE_CURVE('',#2214,#8394,#8402,.T.);
#8402 = LINE('',#8403,#8404);
#8403 = CARTESIAN_POINT('',(-6.102221399786,-3.134671428571,
    11.871257142857));
#8404 = VECTOR('',#8405,1.);
#8405 = DIRECTION('',(1.,0.,0.));
#8406 = PLANE('',#8407);
#8407 = AXIS2_PLACEMENT_3D('',#8408,#8409,#8410);
#8408 = CARTESIAN_POINT('',(-6.102221399786,-3.077657142857,
    11.911185714286));
#8409 = DIRECTION('',(0.,0.573641397746,-0.819106553991));
#8410 = DIRECTION('',(0.,-0.819106553991,-0.573641397746));
#8411 = ADVANCED_FACE('',(#8412),#8430,.T.);
#8412 = FACE_BOUND('',#8413,.T.);
#8413 = EDGE_LOOP('',(#8414,#8415,#8416,#8424));
#8414 = ORIENTED_EDGE('',*,*,#2213,.T.);
#8415 = ORIENTED_EDGE('',*,*,#8401,.T.);
#8416 = ORIENTED_EDGE('',*,*,#8417,.T.);
#8417 = EDGE_CURVE('',#8394,#8418,#8420,.T.);
#8418 = VERTEX_POINT('',#8419);
#8419 = CARTESIAN_POINT('',(-5.502221399786,-3.180357142857,
    11.825571428571));
#8420 = LINE('',#8421,#8422);
#8421 = CARTESIAN_POINT('',(-5.502221399786,-3.134671428571,
    11.871257142857));
#8422 = VECTOR('',#8423,1.);
#8423 = DIRECTION('',(0.,-0.707106781187,-0.707106781187));
#8424 = ORIENTED_EDGE('',*,*,#8425,.F.);
#8425 = EDGE_CURVE('',#2206,#8418,#8426,.T.);
#8426 = LINE('',#8427,#8428);
#8427 = CARTESIAN_POINT('',(-6.102221399786,-3.180357142857,
    11.825571428571));
#8428 = VECTOR('',#8429,1.);
#8429 = DIRECTION('',(1.,0.,0.));
#8430 = PLANE('',#8431);
#8431 = AXIS2_PLACEMENT_3D('',#8432,#8433,#8434);
#8432 = CARTESIAN_POINT('',(-6.102221399786,-3.134671428571,
    11.871257142857));
#8433 = DIRECTION('',(0.,0.707106781187,-0.707106781187));
#8434 = DIRECTION('',(0.,-0.707106781187,-0.707106781187));
#8435 = ADVANCED_FACE('',(#8436),#8454,.T.);
#8436 = FACE_BOUND('',#8437,.T.);
#8437 = EDGE_LOOP('',(#8438,#8439,#8440,#8448));
#8438 = ORIENTED_EDGE('',*,*,#2205,.T.);
#8439 = ORIENTED_EDGE('',*,*,#8425,.T.);
#8440 = ORIENTED_EDGE('',*,*,#8441,.T.);
#8441 = EDGE_CURVE('',#8418,#8442,#8444,.T.);
#8442 = VERTEX_POINT('',#8443);
#8443 = CARTESIAN_POINT('',(-5.502221399786,-3.226042857143,
    11.774314285714));
#8444 = LINE('',#8445,#8446);
#8445 = CARTESIAN_POINT('',(-5.502221399786,-3.180357142857,
    11.825571428571));
#8446 = VECTOR('',#8447,1.);
#8447 = DIRECTION('',(0.,-0.665370524754,-0.746513271676));
#8448 = ORIENTED_EDGE('',*,*,#8449,.F.);
#8449 = EDGE_CURVE('',#2198,#8442,#8450,.T.);
#8450 = LINE('',#8451,#8452);
#8451 = CARTESIAN_POINT('',(-6.102221399786,-3.226042857143,
    11.774314285714));
#8452 = VECTOR('',#8453,1.);
#8453 = DIRECTION('',(1.,0.,0.));
#8454 = PLANE('',#8455);
#8455 = AXIS2_PLACEMENT_3D('',#8456,#8457,#8458);
#8456 = CARTESIAN_POINT('',(-6.102221399786,-3.180357142857,
    11.825571428571));
#8457 = DIRECTION('',(0.,0.746513271676,-0.665370524754));
#8458 = DIRECTION('',(0.,-0.665370524754,-0.746513271676));
#8459 = ADVANCED_FACE('',(#8460),#8478,.T.);
#8460 = FACE_BOUND('',#8461,.T.);
#8461 = EDGE_LOOP('',(#8462,#8463,#8464,#8472));
#8462 = ORIENTED_EDGE('',*,*,#2197,.T.);
#8463 = ORIENTED_EDGE('',*,*,#8449,.T.);
#8464 = ORIENTED_EDGE('',*,*,#8465,.T.);
#8465 = EDGE_CURVE('',#8442,#8466,#8468,.T.);
#8466 = VERTEX_POINT('',#8467);
#8467 = CARTESIAN_POINT('',(-5.502221399786,-3.260214285714,
    11.722871428571));
#8468 = LINE('',#8469,#8470);
#8469 = CARTESIAN_POINT('',(-5.502221399786,-3.226042857143,
    11.774314285714));
#8470 = VECTOR('',#8471,1.);
#8471 = DIRECTION('',(0.,-0.553311519375,-0.832974406886));
#8472 = ORIENTED_EDGE('',*,*,#8473,.F.);
#8473 = EDGE_CURVE('',#2190,#8466,#8474,.T.);
#8474 = LINE('',#8475,#8476);
#8475 = CARTESIAN_POINT('',(-6.102221399786,-3.260214285714,
    11.722871428571));
#8476 = VECTOR('',#8477,1.);
#8477 = DIRECTION('',(1.,0.,0.));
#8478 = PLANE('',#8479);
#8479 = AXIS2_PLACEMENT_3D('',#8480,#8481,#8482);
#8480 = CARTESIAN_POINT('',(-6.102221399786,-3.226042857143,
    11.774314285714));
#8481 = DIRECTION('',(0.,0.832974406886,-0.553311519375));
#8482 = DIRECTION('',(0.,-0.553311519375,-0.832974406886));
#8483 = ADVANCED_FACE('',(#8484),#8502,.T.);
#8484 = FACE_BOUND('',#8485,.T.);
#8485 = EDGE_LOOP('',(#8486,#8487,#8488,#8496));
#8486 = ORIENTED_EDGE('',*,*,#2189,.T.);
#8487 = ORIENTED_EDGE('',*,*,#8473,.T.);
#8488 = ORIENTED_EDGE('',*,*,#8489,.T.);
#8489 = EDGE_CURVE('',#8466,#8490,#8492,.T.);
#8490 = VERTEX_POINT('',#8491);
#8491 = CARTESIAN_POINT('',(-5.502221399786,-3.283057142857,11.6887));
#8492 = LINE('',#8493,#8494);
#8493 = CARTESIAN_POINT('',(-5.502221399786,-3.260214285714,
    11.722871428571));
#8494 = VECTOR('',#8495,1.);
#8495 = DIRECTION('',(0.,-0.555742429414,-0.831354528555));
#8496 = ORIENTED_EDGE('',*,*,#8497,.F.);
#8497 = EDGE_CURVE('',#2182,#8490,#8498,.T.);
#8498 = LINE('',#8499,#8500);
#8499 = CARTESIAN_POINT('',(-6.102221399786,-3.283057142857,11.6887));
#8500 = VECTOR('',#8501,1.);
#8501 = DIRECTION('',(1.,0.,0.));
#8502 = PLANE('',#8503);
#8503 = AXIS2_PLACEMENT_3D('',#8504,#8505,#8506);
#8504 = CARTESIAN_POINT('',(-6.102221399786,-3.260214285714,
    11.722871428571));
#8505 = DIRECTION('',(0.,0.831354528555,-0.555742429414));
#8506 = DIRECTION('',(0.,-0.555742429414,-0.831354528555));
#8507 = ADVANCED_FACE('',(#8508),#8526,.T.);
#8508 = FACE_BOUND('',#8509,.T.);
#8509 = EDGE_LOOP('',(#8510,#8511,#8512,#8520));
#8510 = ORIENTED_EDGE('',*,*,#2181,.T.);
#8511 = ORIENTED_EDGE('',*,*,#8497,.T.);
#8512 = ORIENTED_EDGE('',*,*,#8513,.T.);
#8513 = EDGE_CURVE('',#8490,#8514,#8516,.T.);
#8514 = VERTEX_POINT('',#8515);
#8515 = CARTESIAN_POINT('',(-5.502221399786,-3.294571428571,
    11.654528571429));
#8516 = LINE('',#8517,#8518);
#8517 = CARTESIAN_POINT('',(-5.502221399786,-3.283057142857,11.6887));
#8518 = VECTOR('',#8519,1.);
#8519 = DIRECTION('',(0.,-0.319316245627,-0.947648212829));
#8520 = ORIENTED_EDGE('',*,*,#8521,.F.);
#8521 = EDGE_CURVE('',#2174,#8514,#8522,.T.);
#8522 = LINE('',#8523,#8524);
#8523 = CARTESIAN_POINT('',(-6.102221399786,-3.294571428571,
    11.654528571429));
#8524 = VECTOR('',#8525,1.);
#8525 = DIRECTION('',(1.,0.,0.));
#8526 = PLANE('',#8527);
#8527 = AXIS2_PLACEMENT_3D('',#8528,#8529,#8530);
#8528 = CARTESIAN_POINT('',(-6.102221399786,-3.283057142857,11.6887));
#8529 = DIRECTION('',(0.,0.947648212829,-0.319316245627));
#8530 = DIRECTION('',(0.,-0.319316245627,-0.947648212829));
#8531 = ADVANCED_FACE('',(#8532),#8550,.T.);
#8532 = FACE_BOUND('',#8533,.T.);
#8533 = EDGE_LOOP('',(#8534,#8535,#8536,#8544));
#8534 = ORIENTED_EDGE('',*,*,#2173,.T.);
#8535 = ORIENTED_EDGE('',*,*,#8521,.T.);
#8536 = ORIENTED_EDGE('',*,*,#8537,.T.);
#8537 = EDGE_CURVE('',#8514,#8538,#8540,.T.);
#8538 = VERTEX_POINT('',#8539);
#8539 = CARTESIAN_POINT('',(-5.502221399786,-3.317228571429,
    11.603085714286));
#8540 = LINE('',#8541,#8542);
#8541 = CARTESIAN_POINT('',(-5.502221399786,-3.294571428571,
    11.654528571429));
#8542 = VECTOR('',#8543,1.);
#8543 = DIRECTION('',(0.,-0.403070745111,-0.915168822915));
#8544 = ORIENTED_EDGE('',*,*,#8545,.F.);
#8545 = EDGE_CURVE('',#2166,#8538,#8546,.T.);
#8546 = LINE('',#8547,#8548);
#8547 = CARTESIAN_POINT('',(-6.102221399786,-3.317228571429,
    11.603085714286));
#8548 = VECTOR('',#8549,1.);
#8549 = DIRECTION('',(1.,0.,0.));
#8550 = PLANE('',#8551);
#8551 = AXIS2_PLACEMENT_3D('',#8552,#8553,#8554);
#8552 = CARTESIAN_POINT('',(-6.102221399786,-3.294571428571,
    11.654528571429));
#8553 = DIRECTION('',(0.,0.915168822915,-0.403070745111));
#8554 = DIRECTION('',(0.,-0.403070745111,-0.915168822915));
#8555 = ADVANCED_FACE('',(#8556),#8574,.T.);
#8556 = FACE_BOUND('',#8557,.T.);
#8557 = EDGE_LOOP('',(#8558,#8559,#8560,#8568));
#8558 = ORIENTED_EDGE('',*,*,#2165,.T.);
#8559 = ORIENTED_EDGE('',*,*,#8545,.T.);
#8560 = ORIENTED_EDGE('',*,*,#8561,.T.);
#8561 = EDGE_CURVE('',#8538,#8562,#8564,.T.);
#8562 = VERTEX_POINT('',#8563);
#8563 = CARTESIAN_POINT('',(-5.502221399786,-3.3345,11.546071428571));
#8564 = LINE('',#8565,#8566);
#8565 = CARTESIAN_POINT('',(-5.502221399786,-3.317228571429,
    11.603085714286));
#8566 = VECTOR('',#8567,1.);
#8567 = DIRECTION('',(0.,-0.289920871686,-0.957050619435));
#8568 = ORIENTED_EDGE('',*,*,#8569,.F.);
#8569 = EDGE_CURVE('',#2158,#8562,#8570,.T.);
#8570 = LINE('',#8571,#8572);
#8571 = CARTESIAN_POINT('',(-6.102221399786,-3.3345,11.546071428571));
#8572 = VECTOR('',#8573,1.);
#8573 = DIRECTION('',(1.,0.,0.));
#8574 = PLANE('',#8575);
#8575 = AXIS2_PLACEMENT_3D('',#8576,#8577,#8578);
#8576 = CARTESIAN_POINT('',(-6.102221399786,-3.317228571429,
    11.603085714286));
#8577 = DIRECTION('',(0.,0.957050619435,-0.289920871686));
#8578 = DIRECTION('',(0.,-0.289920871686,-0.957050619435));
#8579 = ADVANCED_FACE('',(#8580),#8598,.T.);
#8580 = FACE_BOUND('',#8581,.T.);
#8581 = EDGE_LOOP('',(#8582,#8583,#8584,#8592));
#8582 = ORIENTED_EDGE('',*,*,#2157,.T.);
#8583 = ORIENTED_EDGE('',*,*,#8569,.T.);
#8584 = ORIENTED_EDGE('',*,*,#8585,.T.);
#8585 = EDGE_CURVE('',#8562,#8586,#8588,.T.);
#8586 = VERTEX_POINT('',#8587);
#8587 = CARTESIAN_POINT('',(-5.502221399786,-3.340071428571,
    11.500385714286));
#8588 = LINE('',#8589,#8590);
#8589 = CARTESIAN_POINT('',(-5.502221399786,-3.3345,11.546071428571));
#8590 = VECTOR('',#8591,1.);
#8591 = DIRECTION('',(0.,-0.121054375311,-0.992645877551));
#8592 = ORIENTED_EDGE('',*,*,#8593,.F.);
#8593 = EDGE_CURVE('',#2150,#8586,#8594,.T.);
#8594 = LINE('',#8595,#8596);
#8595 = CARTESIAN_POINT('',(-6.102221399786,-3.340071428571,
    11.500385714286));
#8596 = VECTOR('',#8597,1.);
#8597 = DIRECTION('',(1.,0.,0.));
#8598 = PLANE('',#8599);
#8599 = AXIS2_PLACEMENT_3D('',#8600,#8601,#8602);
#8600 = CARTESIAN_POINT('',(-6.102221399786,-3.3345,11.546071428571));
#8601 = DIRECTION('',(0.,0.992645877551,-0.121054375311));
#8602 = DIRECTION('',(0.,-0.121054375311,-0.992645877551));
#8603 = ADVANCED_FACE('',(#8604),#8622,.T.);
#8604 = FACE_BOUND('',#8605,.T.);
#8605 = EDGE_LOOP('',(#8606,#8607,#8608,#8616));
#8606 = ORIENTED_EDGE('',*,*,#2149,.T.);
#8607 = ORIENTED_EDGE('',*,*,#8593,.T.);
#8608 = ORIENTED_EDGE('',*,*,#8609,.T.);
#8609 = EDGE_CURVE('',#8586,#8610,#8612,.T.);
#8610 = VERTEX_POINT('',#8611);
#8611 = CARTESIAN_POINT('',(-5.502221399786,-3.345828571429,
    11.437614285714));
#8612 = LINE('',#8613,#8614);
#8613 = CARTESIAN_POINT('',(-5.502221399786,-3.340071428571,
    11.500385714286));
#8614 = VECTOR('',#8615,1.);
#8615 = DIRECTION('',(0.,-9.133264387955E-02,-0.995820439719));
#8616 = ORIENTED_EDGE('',*,*,#8617,.F.);
#8617 = EDGE_CURVE('',#2142,#8610,#8618,.T.);
#8618 = LINE('',#8619,#8620);
#8619 = CARTESIAN_POINT('',(-6.102221399786,-3.345828571429,
    11.437614285714));
#8620 = VECTOR('',#8621,1.);
#8621 = DIRECTION('',(1.,0.,0.));
#8622 = PLANE('',#8623);
#8623 = AXIS2_PLACEMENT_3D('',#8624,#8625,#8626);
#8624 = CARTESIAN_POINT('',(-6.102221399786,-3.340071428571,
    11.500385714286));
#8625 = DIRECTION('',(0.,0.995820439719,-9.133264387955E-02));
#8626 = DIRECTION('',(0.,-9.133264387955E-02,-0.995820439719));
#8627 = ADVANCED_FACE('',(#8628),#8646,.T.);
#8628 = FACE_BOUND('',#8629,.T.);
#8629 = EDGE_LOOP('',(#8630,#8631,#8632,#8640));
#8630 = ORIENTED_EDGE('',*,*,#2141,.T.);
#8631 = ORIENTED_EDGE('',*,*,#8617,.T.);
#8632 = ORIENTED_EDGE('',*,*,#8633,.T.);
#8633 = EDGE_CURVE('',#8610,#8634,#8636,.T.);
#8634 = VERTEX_POINT('',#8635);
#8635 = CARTESIAN_POINT('',(-5.502221399786,-3.345828571429,
    8.573714285714));
#8636 = LINE('',#8637,#8638);
#8637 = CARTESIAN_POINT('',(-5.502221399786,-3.345828571429,
    11.437614285714));
#8638 = VECTOR('',#8639,1.);
#8639 = DIRECTION('',(0.,0.,-1.));
#8640 = ORIENTED_EDGE('',*,*,#8641,.F.);
#8641 = EDGE_CURVE('',#2134,#8634,#8642,.T.);
#8642 = LINE('',#8643,#8644);
#8643 = CARTESIAN_POINT('',(-6.102221399786,-3.345828571429,
    8.573714285714));
#8644 = VECTOR('',#8645,1.);
#8645 = DIRECTION('',(1.,0.,0.));
#8646 = PLANE('',#8647);
#8647 = AXIS2_PLACEMENT_3D('',#8648,#8649,#8650);
#8648 = CARTESIAN_POINT('',(-6.102221399786,-3.345828571429,
    11.437614285714));
#8649 = DIRECTION('',(-0.,1.,0.));
#8650 = DIRECTION('',(0.,0.,-1.));
#8651 = ADVANCED_FACE('',(#8652),#8670,.T.);
#8652 = FACE_BOUND('',#8653,.T.);
#8653 = EDGE_LOOP('',(#8654,#8655,#8656,#8664));
#8654 = ORIENTED_EDGE('',*,*,#2133,.T.);
#8655 = ORIENTED_EDGE('',*,*,#8641,.T.);
#8656 = ORIENTED_EDGE('',*,*,#8657,.T.);
#8657 = EDGE_CURVE('',#8634,#8658,#8660,.T.);
#8658 = VERTEX_POINT('',#8659);
#8659 = CARTESIAN_POINT('',(-5.502221399786,-3.785042857143,
    8.573714285714));
#8660 = LINE('',#8661,#8662);
#8661 = CARTESIAN_POINT('',(-5.502221399786,-3.345828571429,
    8.573714285714));
#8662 = VECTOR('',#8663,1.);
#8663 = DIRECTION('',(0.,-1.,0.));
#8664 = ORIENTED_EDGE('',*,*,#8665,.F.);
#8665 = EDGE_CURVE('',#2126,#8658,#8666,.T.);
#8666 = LINE('',#8667,#8668);
#8667 = CARTESIAN_POINT('',(-6.102221399786,-3.785042857143,
    8.573714285714));
#8668 = VECTOR('',#8669,1.);
#8669 = DIRECTION('',(1.,0.,0.));
#8670 = PLANE('',#8671);
#8671 = AXIS2_PLACEMENT_3D('',#8672,#8673,#8674);
#8672 = CARTESIAN_POINT('',(-6.102221399786,-3.345828571429,
    8.573714285714));
#8673 = DIRECTION('',(0.,0.,-1.));
#8674 = DIRECTION('',(0.,-1.,0.));
#8675 = ADVANCED_FACE('',(#8676),#8694,.T.);
#8676 = FACE_BOUND('',#8677,.T.);
#8677 = EDGE_LOOP('',(#8678,#8679,#8680,#8688));
#8678 = ORIENTED_EDGE('',*,*,#2125,.T.);
#8679 = ORIENTED_EDGE('',*,*,#8665,.T.);
#8680 = ORIENTED_EDGE('',*,*,#8681,.T.);
#8681 = EDGE_CURVE('',#8658,#8682,#8684,.T.);
#8682 = VERTEX_POINT('',#8683);
#8683 = CARTESIAN_POINT('',(-5.502221399786,-3.813642857143,
    8.567957142857));
#8684 = LINE('',#8685,#8686);
#8685 = CARTESIAN_POINT('',(-5.502221399786,-3.785042857143,
    8.573714285714));
#8686 = VECTOR('',#8687,1.);
#8687 = DIRECTION('',(0.,-0.980335072596,-0.197340176951));
#8688 = ORIENTED_EDGE('',*,*,#8689,.F.);
#8689 = EDGE_CURVE('',#2118,#8682,#8690,.T.);
#8690 = LINE('',#8691,#8692);
#8691 = CARTESIAN_POINT('',(-6.102221399786,-3.813642857143,
    8.567957142857));
#8692 = VECTOR('',#8693,1.);
#8693 = DIRECTION('',(1.,0.,0.));
#8694 = PLANE('',#8695);
#8695 = AXIS2_PLACEMENT_3D('',#8696,#8697,#8698);
#8696 = CARTESIAN_POINT('',(-6.102221399786,-3.785042857143,
    8.573714285714));
#8697 = DIRECTION('',(0.,0.197340176951,-0.980335072596));
#8698 = DIRECTION('',(0.,-0.980335072596,-0.197340176951));
#8699 = ADVANCED_FACE('',(#8700),#8718,.T.);
#8700 = FACE_BOUND('',#8701,.T.);
#8701 = EDGE_LOOP('',(#8702,#8703,#8704,#8712));
#8702 = ORIENTED_EDGE('',*,*,#2117,.T.);
#8703 = ORIENTED_EDGE('',*,*,#8689,.T.);
#8704 = ORIENTED_EDGE('',*,*,#8705,.T.);
#8705 = EDGE_CURVE('',#8682,#8706,#8708,.T.);
#8706 = VERTEX_POINT('',#8707);
#8707 = CARTESIAN_POINT('',(-5.502221399786,-3.842242857143,
    8.556628571429));
#8708 = LINE('',#8709,#8710);
#8709 = CARTESIAN_POINT('',(-5.502221399786,-3.813642857143,
    8.567957142857));
#8710 = VECTOR('',#8711,1.);
#8711 = DIRECTION('',(0.,-0.929720504504,-0.368265914122));
#8712 = ORIENTED_EDGE('',*,*,#8713,.F.);
#8713 = EDGE_CURVE('',#2110,#8706,#8714,.T.);
#8714 = LINE('',#8715,#8716);
#8715 = CARTESIAN_POINT('',(-6.102221399786,-3.842242857143,
    8.556628571429));
#8716 = VECTOR('',#8717,1.);
#8717 = DIRECTION('',(1.,0.,0.));
#8718 = PLANE('',#8719);
#8719 = AXIS2_PLACEMENT_3D('',#8720,#8721,#8722);
#8720 = CARTESIAN_POINT('',(-6.102221399786,-3.813642857143,
    8.567957142857));
#8721 = DIRECTION('',(0.,0.368265914122,-0.929720504504));
#8722 = DIRECTION('',(0.,-0.929720504504,-0.368265914122));
#8723 = ADVANCED_FACE('',(#8724),#8742,.T.);
#8724 = FACE_BOUND('',#8725,.T.);
#8725 = EDGE_LOOP('',(#8726,#8727,#8728,#8736));
#8726 = ORIENTED_EDGE('',*,*,#2109,.T.);
#8727 = ORIENTED_EDGE('',*,*,#8713,.T.);
#8728 = ORIENTED_EDGE('',*,*,#8729,.T.);
#8729 = EDGE_CURVE('',#8706,#8730,#8732,.T.);
#8730 = VERTEX_POINT('',#8731);
#8731 = CARTESIAN_POINT('',(-5.502221399786,-3.865085714286,
    8.539542857143));
#8732 = LINE('',#8733,#8734);
#8733 = CARTESIAN_POINT('',(-5.502221399786,-3.842242857143,
    8.556628571429));
#8734 = VECTOR('',#8735,1.);
#8735 = DIRECTION('',(0.,-0.80078057117,-0.598957825591));
#8736 = ORIENTED_EDGE('',*,*,#8737,.F.);
#8737 = EDGE_CURVE('',#2102,#8730,#8738,.T.);
#8738 = LINE('',#8739,#8740);
#8739 = CARTESIAN_POINT('',(-6.102221399786,-3.865085714286,
    8.539542857143));
#8740 = VECTOR('',#8741,1.);
#8741 = DIRECTION('',(1.,0.,0.));
#8742 = PLANE('',#8743);
#8743 = AXIS2_PLACEMENT_3D('',#8744,#8745,#8746);
#8744 = CARTESIAN_POINT('',(-6.102221399786,-3.842242857143,
    8.556628571429));
#8745 = DIRECTION('',(0.,0.598957825591,-0.80078057117));
#8746 = DIRECTION('',(0.,-0.80078057117,-0.598957825591));
#8747 = ADVANCED_FACE('',(#8748),#8766,.T.);
#8748 = FACE_BOUND('',#8749,.T.);
#8749 = EDGE_LOOP('',(#8750,#8751,#8752,#8760));
#8750 = ORIENTED_EDGE('',*,*,#2101,.T.);
#8751 = ORIENTED_EDGE('',*,*,#8737,.T.);
#8752 = ORIENTED_EDGE('',*,*,#8753,.T.);
#8753 = EDGE_CURVE('',#8730,#8754,#8756,.T.);
#8754 = VERTEX_POINT('',#8755);
#8755 = CARTESIAN_POINT('',(-5.502221399786,-3.882171428571,
    8.522457142857));
#8756 = LINE('',#8757,#8758);
#8757 = CARTESIAN_POINT('',(-5.502221399786,-3.865085714286,
    8.539542857143));
#8758 = VECTOR('',#8759,1.);
#8759 = DIRECTION('',(0.,-0.707106781187,-0.707106781187));
#8760 = ORIENTED_EDGE('',*,*,#8761,.F.);
#8761 = EDGE_CURVE('',#2094,#8754,#8762,.T.);
#8762 = LINE('',#8763,#8764);
#8763 = CARTESIAN_POINT('',(-6.102221399786,-3.882171428571,
    8.522457142857));
#8764 = VECTOR('',#8765,1.);
#8765 = DIRECTION('',(1.,0.,0.));
#8766 = PLANE('',#8767);
#8767 = AXIS2_PLACEMENT_3D('',#8768,#8769,#8770);
#8768 = CARTESIAN_POINT('',(-6.102221399786,-3.865085714286,
    8.539542857143));
#8769 = DIRECTION('',(0.,0.707106781187,-0.707106781187));
#8770 = DIRECTION('',(0.,-0.707106781187,-0.707106781187));
#8771 = ADVANCED_FACE('',(#8772),#8790,.T.);
#8772 = FACE_BOUND('',#8773,.T.);
#8773 = EDGE_LOOP('',(#8774,#8775,#8776,#8784));
#8774 = ORIENTED_EDGE('',*,*,#2093,.T.);
#8775 = ORIENTED_EDGE('',*,*,#8761,.T.);
#8776 = ORIENTED_EDGE('',*,*,#8777,.T.);
#8777 = EDGE_CURVE('',#8754,#8778,#8780,.T.);
#8778 = VERTEX_POINT('',#8779);
#8779 = CARTESIAN_POINT('',(-5.502221399786,-3.8935,8.505185714286));
#8780 = LINE('',#8781,#8782);
#8781 = CARTESIAN_POINT('',(-5.502221399786,-3.882171428571,
    8.522457142857));
#8782 = VECTOR('',#8783,1.);
#8783 = DIRECTION('',(0.,-0.548460032671,-0.836176771121));
#8784 = ORIENTED_EDGE('',*,*,#8785,.F.);
#8785 = EDGE_CURVE('',#2086,#8778,#8786,.T.);
#8786 = LINE('',#8787,#8788);
#8787 = CARTESIAN_POINT('',(-6.102221399786,-3.8935,8.505185714286));
#8788 = VECTOR('',#8789,1.);
#8789 = DIRECTION('',(1.,0.,0.));
#8790 = PLANE('',#8791);
#8791 = AXIS2_PLACEMENT_3D('',#8792,#8793,#8794);
#8792 = CARTESIAN_POINT('',(-6.102221399786,-3.882171428571,
    8.522457142857));
#8793 = DIRECTION('',(0.,0.836176771121,-0.548460032671));
#8794 = DIRECTION('',(0.,-0.548460032671,-0.836176771121));
#8795 = ADVANCED_FACE('',(#8796),#8814,.T.);
#8796 = FACE_BOUND('',#8797,.T.);
#8797 = EDGE_LOOP('',(#8798,#8799,#8800,#8808));
#8798 = ORIENTED_EDGE('',*,*,#2085,.T.);
#8799 = ORIENTED_EDGE('',*,*,#8785,.T.);
#8800 = ORIENTED_EDGE('',*,*,#8801,.T.);
#8801 = EDGE_CURVE('',#8778,#8802,#8804,.T.);
#8802 = VERTEX_POINT('',#8803);
#8803 = CARTESIAN_POINT('',(-5.502221399786,-3.905014285714,8.4881));
#8804 = LINE('',#8805,#8806);
#8805 = CARTESIAN_POINT('',(-5.502221399786,-3.8935,8.505185714286));
#8806 = VECTOR('',#8807,1.);
#8807 = DIRECTION('',(0.,-0.558853462072,-0.829266427591));
#8808 = ORIENTED_EDGE('',*,*,#8809,.F.);
#8809 = EDGE_CURVE('',#2078,#8802,#8810,.T.);
#8810 = LINE('',#8811,#8812);
#8811 = CARTESIAN_POINT('',(-6.102221399786,-3.905014285714,8.4881));
#8812 = VECTOR('',#8813,1.);
#8813 = DIRECTION('',(1.,0.,0.));
#8814 = PLANE('',#8815);
#8815 = AXIS2_PLACEMENT_3D('',#8816,#8817,#8818);
#8816 = CARTESIAN_POINT('',(-6.102221399786,-3.8935,8.505185714286));
#8817 = DIRECTION('',(0.,0.829266427591,-0.558853462072));
#8818 = DIRECTION('',(0.,-0.558853462072,-0.829266427591));
#8819 = ADVANCED_FACE('',(#8820),#8838,.T.);
#8820 = FACE_BOUND('',#8821,.T.);
#8821 = EDGE_LOOP('',(#8822,#8823,#8824,#8832));
#8822 = ORIENTED_EDGE('',*,*,#2077,.T.);
#8823 = ORIENTED_EDGE('',*,*,#8809,.T.);
#8824 = ORIENTED_EDGE('',*,*,#8825,.T.);
#8825 = EDGE_CURVE('',#8802,#8826,#8828,.T.);
#8826 = VERTEX_POINT('',#8827);
#8827 = CARTESIAN_POINT('',(-5.502221399786,-3.910585714286,
    8.459685714286));
#8828 = LINE('',#8829,#8830);
#8829 = CARTESIAN_POINT('',(-5.502221399786,-3.905014285714,8.4881));
#8830 = VECTOR('',#8831,1.);
#8831 = DIRECTION('',(0.,-0.192414460721,-0.981313749677));
#8832 = ORIENTED_EDGE('',*,*,#8833,.F.);
#8833 = EDGE_CURVE('',#2070,#8826,#8834,.T.);
#8834 = LINE('',#8835,#8836);
#8835 = CARTESIAN_POINT('',(-6.102221399786,-3.910585714286,
    8.459685714286));
#8836 = VECTOR('',#8837,1.);
#8837 = DIRECTION('',(1.,0.,0.));
#8838 = PLANE('',#8839);
#8839 = AXIS2_PLACEMENT_3D('',#8840,#8841,#8842);
#8840 = CARTESIAN_POINT('',(-6.102221399786,-3.905014285714,8.4881));
#8841 = DIRECTION('',(0.,0.981313749677,-0.192414460721));
#8842 = DIRECTION('',(0.,-0.192414460721,-0.981313749677));
#8843 = ADVANCED_FACE('',(#8844),#8862,.T.);
#8844 = FACE_BOUND('',#8845,.T.);
#8845 = EDGE_LOOP('',(#8846,#8847,#8848,#8856));
#8846 = ORIENTED_EDGE('',*,*,#2069,.T.);
#8847 = ORIENTED_EDGE('',*,*,#8833,.T.);
#8848 = ORIENTED_EDGE('',*,*,#8849,.T.);
#8849 = EDGE_CURVE('',#8826,#8850,#8852,.T.);
#8850 = VERTEX_POINT('',#8851);
#8851 = CARTESIAN_POINT('',(-5.502221399786,-3.916342857143,
    8.442414285714));
#8852 = LINE('',#8853,#8854);
#8853 = CARTESIAN_POINT('',(-5.502221399786,-3.910585714286,
    8.459685714286));
#8854 = VECTOR('',#8855,1.);
#8855 = DIRECTION('',(0.,-0.316227766017,-0.948683298051));
#8856 = ORIENTED_EDGE('',*,*,#8857,.F.);
#8857 = EDGE_CURVE('',#2062,#8850,#8858,.T.);
#8858 = LINE('',#8859,#8860);
#8859 = CARTESIAN_POINT('',(-6.102221399786,-3.916342857143,
    8.442414285714));
#8860 = VECTOR('',#8861,1.);
#8861 = DIRECTION('',(1.,0.,0.));
#8862 = PLANE('',#8863);
#8863 = AXIS2_PLACEMENT_3D('',#8864,#8865,#8866);
#8864 = CARTESIAN_POINT('',(-6.102221399786,-3.910585714286,
    8.459685714286));
#8865 = DIRECTION('',(0.,0.948683298051,-0.316227766017));
#8866 = DIRECTION('',(0.,-0.316227766017,-0.948683298051));
#8867 = ADVANCED_FACE('',(#8868),#8886,.T.);
#8868 = FACE_BOUND('',#8869,.T.);
#8869 = EDGE_LOOP('',(#8870,#8871,#8872,#8880));
#8870 = ORIENTED_EDGE('',*,*,#2061,.T.);
#8871 = ORIENTED_EDGE('',*,*,#8857,.T.);
#8872 = ORIENTED_EDGE('',*,*,#8873,.T.);
#8873 = EDGE_CURVE('',#8850,#8874,#8876,.T.);
#8874 = VERTEX_POINT('',#8875);
#8875 = CARTESIAN_POINT('',(-5.502221399786,-3.916342857143,
    8.128742857143));
#8876 = LINE('',#8877,#8878);
#8877 = CARTESIAN_POINT('',(-5.502221399786,-3.916342857143,
    8.442414285714));
#8878 = VECTOR('',#8879,1.);
#8879 = DIRECTION('',(0.,0.,-1.));
#8880 = ORIENTED_EDGE('',*,*,#8881,.F.);
#8881 = EDGE_CURVE('',#2054,#8874,#8882,.T.);
#8882 = LINE('',#8883,#8884);
#8883 = CARTESIAN_POINT('',(-6.102221399786,-3.916342857143,
    8.128742857143));
#8884 = VECTOR('',#8885,1.);
#8885 = DIRECTION('',(1.,0.,0.));
#8886 = PLANE('',#8887);
#8887 = AXIS2_PLACEMENT_3D('',#8888,#8889,#8890);
#8888 = CARTESIAN_POINT('',(-6.102221399786,-3.916342857143,
    8.442414285714));
#8889 = DIRECTION('',(-0.,1.,0.));
#8890 = DIRECTION('',(0.,0.,-1.));
#8891 = ADVANCED_FACE('',(#8892),#8910,.T.);
#8892 = FACE_BOUND('',#8893,.T.);
#8893 = EDGE_LOOP('',(#8894,#8895,#8896,#8904));
#8894 = ORIENTED_EDGE('',*,*,#2053,.T.);
#8895 = ORIENTED_EDGE('',*,*,#8881,.T.);
#8896 = ORIENTED_EDGE('',*,*,#8897,.T.);
#8897 = EDGE_CURVE('',#8874,#8898,#8900,.T.);
#8898 = VERTEX_POINT('',#8899);
#8899 = CARTESIAN_POINT('',(-5.502221399786,-3.910585714286,
    8.104785714286));
#8900 = LINE('',#8901,#8902);
#8901 = CARTESIAN_POINT('',(-5.502221399786,-3.916342857143,
    8.128742857143));
#8902 = VECTOR('',#8903,1.);
#8903 = DIRECTION('',(-0.,0.233658016401,-0.972318842444));
#8904 = ORIENTED_EDGE('',*,*,#8905,.F.);
#8905 = EDGE_CURVE('',#2046,#8898,#8906,.T.);
#8906 = LINE('',#8907,#8908);
#8907 = CARTESIAN_POINT('',(-6.102221399786,-3.910585714286,
    8.104785714286));
#8908 = VECTOR('',#8909,1.);
#8909 = DIRECTION('',(1.,0.,0.));
#8910 = PLANE('',#8911);
#8911 = AXIS2_PLACEMENT_3D('',#8912,#8913,#8914);
#8912 = CARTESIAN_POINT('',(-6.102221399786,-3.916342857143,
    8.128742857143));
#8913 = DIRECTION('',(-0.,0.972318842444,0.233658016401));
#8914 = DIRECTION('',(0.,0.233658016401,-0.972318842444));
#8915 = ADVANCED_FACE('',(#8916),#8934,.T.);
#8916 = FACE_BOUND('',#8917,.T.);
#8917 = EDGE_LOOP('',(#8918,#8919,#8920,#8928));
#8918 = ORIENTED_EDGE('',*,*,#2045,.T.);
#8919 = ORIENTED_EDGE('',*,*,#8905,.T.);
#8920 = ORIENTED_EDGE('',*,*,#8921,.T.);
#8921 = EDGE_CURVE('',#8898,#8922,#8924,.T.);
#8922 = VERTEX_POINT('',#8923);
#8923 = CARTESIAN_POINT('',(-5.502221399786,-3.905014285714,
    8.086957142857));
#8924 = LINE('',#8925,#8926);
#8925 = CARTESIAN_POINT('',(-5.502221399786,-3.910585714286,
    8.104785714286));
#8926 = VECTOR('',#8927,1.);
#8927 = DIRECTION('',(-0.,0.298274993136,-0.954479978035));
#8928 = ORIENTED_EDGE('',*,*,#8929,.F.);
#8929 = EDGE_CURVE('',#2038,#8922,#8930,.T.);
#8930 = LINE('',#8931,#8932);
#8931 = CARTESIAN_POINT('',(-6.102221399786,-3.905014285714,
    8.086957142857));
#8932 = VECTOR('',#8933,1.);
#8933 = DIRECTION('',(1.,0.,0.));
#8934 = PLANE('',#8935);
#8935 = AXIS2_PLACEMENT_3D('',#8936,#8937,#8938);
#8936 = CARTESIAN_POINT('',(-6.102221399786,-3.910585714286,
    8.104785714286));
#8937 = DIRECTION('',(-0.,0.954479978035,0.298274993136));
#8938 = DIRECTION('',(0.,0.298274993136,-0.954479978035));
#8939 = ADVANCED_FACE('',(#8940),#8958,.T.);
#8940 = FACE_BOUND('',#8941,.T.);
#8941 = EDGE_LOOP('',(#8942,#8943,#8944,#8952));
#8942 = ORIENTED_EDGE('',*,*,#2037,.T.);
#8943 = ORIENTED_EDGE('',*,*,#8929,.T.);
#8944 = ORIENTED_EDGE('',*,*,#8945,.T.);
#8945 = EDGE_CURVE('',#8922,#8946,#8948,.T.);
#8946 = VERTEX_POINT('',#8947);
#8947 = CARTESIAN_POINT('',(-5.502221399786,-3.8935,8.068942857143));
#8948 = LINE('',#8949,#8950);
#8949 = CARTESIAN_POINT('',(-5.502221399786,-3.905014285714,
    8.086957142857));
#8950 = VECTOR('',#8951,1.);
#8951 = DIRECTION('',(-0.,0.538560615351,-0.842586769178));
#8952 = ORIENTED_EDGE('',*,*,#8953,.F.);
#8953 = EDGE_CURVE('',#2030,#8946,#8954,.T.);
#8954 = LINE('',#8955,#8956);
#8955 = CARTESIAN_POINT('',(-6.102221399786,-3.8935,8.068942857143));
#8956 = VECTOR('',#8957,1.);
#8957 = DIRECTION('',(1.,0.,0.));
#8958 = PLANE('',#8959);
#8959 = AXIS2_PLACEMENT_3D('',#8960,#8961,#8962);
#8960 = CARTESIAN_POINT('',(-6.102221399786,-3.905014285714,
    8.086957142857));
#8961 = DIRECTION('',(-0.,0.842586769178,0.538560615351));
#8962 = DIRECTION('',(0.,0.538560615351,-0.842586769178));
#8963 = ADVANCED_FACE('',(#8964),#8982,.T.);
#8964 = FACE_BOUND('',#8965,.T.);
#8965 = EDGE_LOOP('',(#8966,#8967,#8968,#8976));
#8966 = ORIENTED_EDGE('',*,*,#2029,.T.);
#8967 = ORIENTED_EDGE('',*,*,#8953,.T.);
#8968 = ORIENTED_EDGE('',*,*,#8969,.T.);
#8969 = EDGE_CURVE('',#8946,#8970,#8972,.T.);
#8970 = VERTEX_POINT('',#8971);
#8971 = CARTESIAN_POINT('',(-5.502221399786,-3.882171428571,
    8.050928571429));
#8972 = LINE('',#8973,#8974);
#8973 = CARTESIAN_POINT('',(-5.502221399786,-3.8935,8.068942857143));
#8974 = VECTOR('',#8975,1.);
#8975 = DIRECTION('',(-0.,0.532350261781,-0.846524186767));
#8976 = ORIENTED_EDGE('',*,*,#8977,.F.);
#8977 = EDGE_CURVE('',#2022,#8970,#8978,.T.);
#8978 = LINE('',#8979,#8980);
#8979 = CARTESIAN_POINT('',(-6.102221399786,-3.882171428571,
    8.050928571429));
#8980 = VECTOR('',#8981,1.);
#8981 = DIRECTION('',(1.,0.,0.));
#8982 = PLANE('',#8983);
#8983 = AXIS2_PLACEMENT_3D('',#8984,#8985,#8986);
#8984 = CARTESIAN_POINT('',(-6.102221399786,-3.8935,8.068942857143));
#8985 = DIRECTION('',(-0.,0.846524186767,0.532350261781));
#8986 = DIRECTION('',(0.,0.532350261781,-0.846524186767));
#8987 = ADVANCED_FACE('',(#8988),#9006,.T.);
#8988 = FACE_BOUND('',#8989,.T.);
#8989 = EDGE_LOOP('',(#8990,#8991,#8992,#9000));
#8990 = ORIENTED_EDGE('',*,*,#2021,.T.);
#8991 = ORIENTED_EDGE('',*,*,#8977,.T.);
#8992 = ORIENTED_EDGE('',*,*,#8993,.T.);
#8993 = EDGE_CURVE('',#8970,#8994,#8996,.T.);
#8994 = VERTEX_POINT('',#8995);
#8995 = CARTESIAN_POINT('',(-5.502221399786,-3.870657142857,
    8.032914285714));
#8996 = LINE('',#8997,#8998);
#8997 = CARTESIAN_POINT('',(-5.502221399786,-3.882171428571,
    8.050928571429));
#8998 = VECTOR('',#8999,1.);
#8999 = DIRECTION('',(-0.,0.538560615351,-0.842586769178));
#9000 = ORIENTED_EDGE('',*,*,#9001,.F.);
#9001 = EDGE_CURVE('',#2014,#8994,#9002,.T.);
#9002 = LINE('',#9003,#9004);
#9003 = CARTESIAN_POINT('',(-6.102221399786,-3.870657142857,
    8.032914285714));
#9004 = VECTOR('',#9005,1.);
#9005 = DIRECTION('',(1.,0.,0.));
#9006 = PLANE('',#9007);
#9007 = AXIS2_PLACEMENT_3D('',#9008,#9009,#9010);
#9008 = CARTESIAN_POINT('',(-6.102221399786,-3.882171428571,
    8.050928571429));
#9009 = DIRECTION('',(-0.,0.842586769178,0.538560615351));
#9010 = DIRECTION('',(0.,0.538560615351,-0.842586769178));
#9011 = ADVANCED_FACE('',(#9012),#9030,.T.);
#9012 = FACE_BOUND('',#9013,.T.);
#9013 = EDGE_LOOP('',(#9014,#9015,#9016,#9024));
#9014 = ORIENTED_EDGE('',*,*,#2013,.T.);
#9015 = ORIENTED_EDGE('',*,*,#9001,.T.);
#9016 = ORIENTED_EDGE('',*,*,#9017,.T.);
#9017 = EDGE_CURVE('',#8994,#9018,#9020,.T.);
#9018 = VERTEX_POINT('',#9019);
#9019 = CARTESIAN_POINT('',(-5.502221399786,-3.853571428571,
    8.021028571429));
#9020 = LINE('',#9021,#9022);
#9021 = CARTESIAN_POINT('',(-5.502221399786,-3.870657142857,
    8.032914285714));
#9022 = VECTOR('',#9023,1.);
#9023 = DIRECTION('',(-0.,0.820905201785,-0.571064488199));
#9024 = ORIENTED_EDGE('',*,*,#9025,.F.);
#9025 = EDGE_CURVE('',#2006,#9018,#9026,.T.);
#9026 = LINE('',#9027,#9028);
#9027 = CARTESIAN_POINT('',(-6.102221399786,-3.853571428571,
    8.021028571429));
#9028 = VECTOR('',#9029,1.);
#9029 = DIRECTION('',(1.,0.,0.));
#9030 = PLANE('',#9031);
#9031 = AXIS2_PLACEMENT_3D('',#9032,#9033,#9034);
#9032 = CARTESIAN_POINT('',(-6.102221399786,-3.870657142857,
    8.032914285714));
#9033 = DIRECTION('',(-0.,0.571064488199,0.820905201785));
#9034 = DIRECTION('',(0.,0.820905201785,-0.571064488199));
#9035 = ADVANCED_FACE('',(#9036),#9054,.T.);
#9036 = FACE_BOUND('',#9037,.T.);
#9037 = EDGE_LOOP('',(#9038,#9039,#9040,#9048));
#9038 = ORIENTED_EDGE('',*,*,#2005,.T.);
#9039 = ORIENTED_EDGE('',*,*,#9025,.T.);
#9040 = ORIENTED_EDGE('',*,*,#9041,.T.);
#9041 = EDGE_CURVE('',#9018,#9042,#9044,.T.);
#9042 = VERTEX_POINT('',#9043);
#9043 = CARTESIAN_POINT('',(-5.502221399786,-3.836485714286,
    8.008957142857));
#9044 = LINE('',#9045,#9046);
#9045 = CARTESIAN_POINT('',(-5.502221399786,-3.853571428571,
    8.021028571429));
#9046 = VECTOR('',#9047,1.);
#9047 = DIRECTION('',(-0.,0.816721763686,-0.577031680865));
#9048 = ORIENTED_EDGE('',*,*,#9049,.F.);
#9049 = EDGE_CURVE('',#1998,#9042,#9050,.T.);
#9050 = LINE('',#9051,#9052);
#9051 = CARTESIAN_POINT('',(-6.102221399786,-3.836485714286,
    8.008957142857));
#9052 = VECTOR('',#9053,1.);
#9053 = DIRECTION('',(1.,0.,0.));
#9054 = PLANE('',#9055);
#9055 = AXIS2_PLACEMENT_3D('',#9056,#9057,#9058);
#9056 = CARTESIAN_POINT('',(-6.102221399786,-3.853571428571,
    8.021028571429));
#9057 = DIRECTION('',(-0.,0.577031680865,0.816721763686));
#9058 = DIRECTION('',(0.,0.816721763686,-0.577031680865));
#9059 = ADVANCED_FACE('',(#9060),#9078,.T.);
#9060 = FACE_BOUND('',#9061,.T.);
#9061 = EDGE_LOOP('',(#9062,#9063,#9064,#9072));
#9062 = ORIENTED_EDGE('',*,*,#1997,.T.);
#9063 = ORIENTED_EDGE('',*,*,#9049,.T.);
#9064 = ORIENTED_EDGE('',*,*,#9065,.T.);
#9065 = EDGE_CURVE('',#9042,#9066,#9068,.T.);
#9066 = VERTEX_POINT('',#9067);
#9067 = CARTESIAN_POINT('',(-5.502221399786,-3.813642857143,8.0032));
#9068 = LINE('',#9069,#9070);
#9069 = CARTESIAN_POINT('',(-5.502221399786,-3.836485714286,
    8.008957142857));
#9070 = VECTOR('',#9071,1.);
#9071 = DIRECTION('',(-0.,0.969676988372,-0.244390135281));
#9072 = ORIENTED_EDGE('',*,*,#9073,.F.);
#9073 = EDGE_CURVE('',#1990,#9066,#9074,.T.);
#9074 = LINE('',#9075,#9076);
#9075 = CARTESIAN_POINT('',(-6.102221399786,-3.813642857143,8.0032));
#9076 = VECTOR('',#9077,1.);
#9077 = DIRECTION('',(1.,0.,0.));
#9078 = PLANE('',#9079);
#9079 = AXIS2_PLACEMENT_3D('',#9080,#9081,#9082);
#9080 = CARTESIAN_POINT('',(-6.102221399786,-3.836485714286,
    8.008957142857));
#9081 = DIRECTION('',(-0.,0.244390135281,0.969676988372));
#9082 = DIRECTION('',(0.,0.969676988372,-0.244390135281));
#9083 = ADVANCED_FACE('',(#9084),#9109,.T.);
#9084 = FACE_BOUND('',#9085,.T.);
#9085 = EDGE_LOOP('',(#9086,#9087,#9095,#9103));
#9086 = ORIENTED_EDGE('',*,*,#1981,.T.);
#9087 = ORIENTED_EDGE('',*,*,#9088,.T.);
#9088 = EDGE_CURVE('',#1982,#9089,#9091,.T.);
#9089 = VERTEX_POINT('',#9090);
#9090 = CARTESIAN_POINT('',(-5.502221399786,-2.3179,8.0032));
#9091 = LINE('',#9092,#9093);
#9092 = CARTESIAN_POINT('',(-6.102221399786,-2.3179,8.0032));
#9093 = VECTOR('',#9094,1.);
#9094 = DIRECTION('',(1.,0.,0.));
#9095 = ORIENTED_EDGE('',*,*,#9096,.T.);
#9096 = EDGE_CURVE('',#9089,#9097,#9099,.T.);
#9097 = VERTEX_POINT('',#9098);
#9098 = CARTESIAN_POINT('',(-5.502221399786,-2.294128571429,
    8.014528571429));
#9099 = LINE('',#9100,#9101);
#9100 = CARTESIAN_POINT('',(-5.502221399786,-2.3179,8.0032));
#9101 = VECTOR('',#9102,1.);
#9102 = DIRECTION('',(0.,0.902730115416,0.430207320628));
#9103 = ORIENTED_EDGE('',*,*,#9104,.F.);
#9104 = EDGE_CURVE('',#1974,#9097,#9105,.T.);
#9105 = LINE('',#9106,#9107);
#9106 = CARTESIAN_POINT('',(-6.102221399786,-2.294128571429,
    8.014528571429));
#9107 = VECTOR('',#9108,1.);
#9108 = DIRECTION('',(1.,0.,0.));
#9109 = PLANE('',#9110);
#9110 = AXIS2_PLACEMENT_3D('',#9111,#9112,#9113);
#9111 = CARTESIAN_POINT('',(-6.102221399786,-2.3179,8.0032));
#9112 = DIRECTION('',(0.,-0.430207320628,0.902730115416));
#9113 = DIRECTION('',(0.,0.902730115416,0.430207320628));
#9114 = ADVANCED_FACE('',(#9115),#9133,.T.);
#9115 = FACE_BOUND('',#9116,.T.);
#9116 = EDGE_LOOP('',(#9117,#9118,#9119,#9127));
#9117 = ORIENTED_EDGE('',*,*,#1973,.T.);
#9118 = ORIENTED_EDGE('',*,*,#9104,.T.);
#9119 = ORIENTED_EDGE('',*,*,#9120,.T.);
#9120 = EDGE_CURVE('',#9097,#9121,#9123,.T.);
#9121 = VERTEX_POINT('',#9122);
#9122 = CARTESIAN_POINT('',(-5.502221399786,-2.276114285714,
    8.020285714286));
#9123 = LINE('',#9124,#9125);
#9124 = CARTESIAN_POINT('',(-5.502221399786,-2.294128571429,
    8.014528571429));
#9125 = VECTOR('',#9126,1.);
#9126 = DIRECTION('',(0.,0.952538100641,0.304419392988));
#9127 = ORIENTED_EDGE('',*,*,#9128,.F.);
#9128 = EDGE_CURVE('',#1966,#9121,#9129,.T.);
#9129 = LINE('',#9130,#9131);
#9130 = CARTESIAN_POINT('',(-6.102221399786,-2.276114285714,
    8.020285714286));
#9131 = VECTOR('',#9132,1.);
#9132 = DIRECTION('',(1.,0.,0.));
#9133 = PLANE('',#9134);
#9134 = AXIS2_PLACEMENT_3D('',#9135,#9136,#9137);
#9135 = CARTESIAN_POINT('',(-6.102221399786,-2.294128571429,
    8.014528571429));
#9136 = DIRECTION('',(0.,-0.304419392988,0.952538100641));
#9137 = DIRECTION('',(0.,0.952538100641,0.304419392988));
#9138 = ADVANCED_FACE('',(#9139),#9157,.T.);
#9139 = FACE_BOUND('',#9140,.T.);
#9140 = EDGE_LOOP('',(#9141,#9142,#9143,#9151));
#9141 = ORIENTED_EDGE('',*,*,#1965,.T.);
#9142 = ORIENTED_EDGE('',*,*,#9128,.T.);
#9143 = ORIENTED_EDGE('',*,*,#9144,.T.);
#9144 = EDGE_CURVE('',#9121,#9145,#9147,.T.);
#9145 = VERTEX_POINT('',#9146);
#9146 = CARTESIAN_POINT('',(-5.502221399786,-2.258285714286,8.0318));
#9147 = LINE('',#9148,#9149);
#9148 = CARTESIAN_POINT('',(-5.502221399786,-2.276114285714,
    8.020285714286));
#9149 = VECTOR('',#9150,1.);
#9150 = DIRECTION('',(0.,0.840039377769,0.542525431476));
#9151 = ORIENTED_EDGE('',*,*,#9152,.F.);
#9152 = EDGE_CURVE('',#1958,#9145,#9153,.T.);
#9153 = LINE('',#9154,#9155);
#9154 = CARTESIAN_POINT('',(-6.102221399786,-2.258285714286,8.0318));
#9155 = VECTOR('',#9156,1.);
#9156 = DIRECTION('',(1.,0.,0.));
#9157 = PLANE('',#9158);
#9158 = AXIS2_PLACEMENT_3D('',#9159,#9160,#9161);
#9159 = CARTESIAN_POINT('',(-6.102221399786,-2.276114285714,
    8.020285714286));
#9160 = DIRECTION('',(0.,-0.542525431476,0.840039377769));
#9161 = DIRECTION('',(0.,0.840039377769,0.542525431476));
#9162 = ADVANCED_FACE('',(#9163),#9181,.T.);
#9163 = FACE_BOUND('',#9164,.T.);
#9164 = EDGE_LOOP('',(#9165,#9166,#9167,#9175));
#9165 = ORIENTED_EDGE('',*,*,#1957,.T.);
#9166 = ORIENTED_EDGE('',*,*,#9152,.T.);
#9167 = ORIENTED_EDGE('',*,*,#9168,.T.);
#9168 = EDGE_CURVE('',#9145,#9169,#9171,.T.);
#9169 = VERTEX_POINT('',#9170);
#9170 = CARTESIAN_POINT('',(-5.502221399786,-2.240457142857,
    8.048885714286));
#9171 = LINE('',#9172,#9173);
#9172 = CARTESIAN_POINT('',(-5.502221399786,-2.258285714286,8.0318));
#9173 = VECTOR('',#9174,1.);
#9174 = DIRECTION('',(0.,0.721988205115,0.691905363236));
#9175 = ORIENTED_EDGE('',*,*,#9176,.F.);
#9176 = EDGE_CURVE('',#1950,#9169,#9177,.T.);
#9177 = LINE('',#9178,#9179);
#9178 = CARTESIAN_POINT('',(-6.102221399786,-2.240457142857,
    8.048885714286));
#9179 = VECTOR('',#9180,1.);
#9180 = DIRECTION('',(1.,0.,0.));
#9181 = PLANE('',#9182);
#9182 = AXIS2_PLACEMENT_3D('',#9183,#9184,#9185);
#9183 = CARTESIAN_POINT('',(-6.102221399786,-2.258285714286,8.0318));
#9184 = DIRECTION('',(0.,-0.691905363236,0.721988205115));
#9185 = DIRECTION('',(0.,0.721988205115,0.691905363236));
#9186 = ADVANCED_FACE('',(#9187),#9212,.T.);
#9187 = FACE_BOUND('',#9188,.T.);
#9188 = EDGE_LOOP('',(#9189,#9190,#9198,#9206));
#9189 = ORIENTED_EDGE('',*,*,#1941,.T.);
#9190 = ORIENTED_EDGE('',*,*,#9191,.T.);
#9191 = EDGE_CURVE('',#1942,#9192,#9194,.T.);
#9192 = VERTEX_POINT('',#9193);
#9193 = CARTESIAN_POINT('',(-5.502221399786,-2.216685714286,
    8.083057142857));
#9194 = LINE('',#9195,#9196);
#9195 = CARTESIAN_POINT('',(-6.102221399786,-2.216685714286,
    8.083057142857));
#9196 = VECTOR('',#9197,1.);
#9197 = DIRECTION('',(1.,0.,0.));
#9198 = ORIENTED_EDGE('',*,*,#9199,.T.);
#9199 = EDGE_CURVE('',#9192,#9200,#9202,.T.);
#9200 = VERTEX_POINT('',#9201);
#9201 = CARTESIAN_POINT('',(-5.502221399786,-2.2048,8.1059));
#9202 = LINE('',#9203,#9204);
#9203 = CARTESIAN_POINT('',(-5.502221399786,-2.216685714286,
    8.083057142857));
#9204 = VECTOR('',#9205,1.);
#9205 = DIRECTION('',(0.,0.461579805424,0.887098688549));
#9206 = ORIENTED_EDGE('',*,*,#9207,.F.);
#9207 = EDGE_CURVE('',#1934,#9200,#9208,.T.);
#9208 = LINE('',#9209,#9210);
#9209 = CARTESIAN_POINT('',(-6.102221399786,-2.2048,8.1059));
#9210 = VECTOR('',#9211,1.);
#9211 = DIRECTION('',(1.,0.,0.));
#9212 = PLANE('',#9213);
#9213 = AXIS2_PLACEMENT_3D('',#9214,#9215,#9216);
#9214 = CARTESIAN_POINT('',(-6.102221399786,-2.216685714286,
    8.083057142857));
#9215 = DIRECTION('',(0.,-0.887098688549,0.461579805424));
#9216 = DIRECTION('',(0.,0.461579805424,0.887098688549));
#9217 = ADVANCED_FACE('',(#9218),#9243,.T.);
#9218 = FACE_BOUND('',#9219,.T.);
#9219 = EDGE_LOOP('',(#9220,#9221,#9229,#9237));
#9220 = ORIENTED_EDGE('',*,*,#1925,.T.);
#9221 = ORIENTED_EDGE('',*,*,#9222,.T.);
#9222 = EDGE_CURVE('',#1926,#9223,#9225,.T.);
#9223 = VERTEX_POINT('',#9224);
#9224 = CARTESIAN_POINT('',(-5.502221399786,-2.2048,8.442414285714));
#9225 = LINE('',#9226,#9227);
#9226 = CARTESIAN_POINT('',(-6.102221399786,-2.2048,8.442414285714));
#9227 = VECTOR('',#9228,1.);
#9228 = DIRECTION('',(1.,0.,0.));
#9229 = ORIENTED_EDGE('',*,*,#9230,.T.);
#9230 = EDGE_CURVE('',#9223,#9231,#9233,.T.);
#9231 = VERTEX_POINT('',#9232);
#9232 = CARTESIAN_POINT('',(-5.502221399786,-2.210557142857,
    8.471014285714));
#9233 = LINE('',#9234,#9235);
#9234 = CARTESIAN_POINT('',(-5.502221399786,-2.2048,8.442414285714));
#9235 = VECTOR('',#9236,1.);
#9236 = DIRECTION('',(0.,-0.197340176951,0.980335072596));
#9237 = ORIENTED_EDGE('',*,*,#9238,.F.);
#9238 = EDGE_CURVE('',#1918,#9231,#9239,.T.);
#9239 = LINE('',#9240,#9241);
#9240 = CARTESIAN_POINT('',(-6.102221399786,-2.210557142857,
    8.471014285714));
#9241 = VECTOR('',#9242,1.);
#9242 = DIRECTION('',(1.,0.,0.));
#9243 = PLANE('',#9244);
#9244 = AXIS2_PLACEMENT_3D('',#9245,#9246,#9247);
#9245 = CARTESIAN_POINT('',(-6.102221399786,-2.2048,8.442414285714));
#9246 = DIRECTION('',(0.,-0.980335072596,-0.197340176951));
#9247 = DIRECTION('',(0.,-0.197340176951,0.980335072596));
#9248 = ADVANCED_FACE('',(#9249),#9267,.T.);
#9249 = FACE_BOUND('',#9250,.T.);
#9250 = EDGE_LOOP('',(#9251,#9252,#9253,#9261));
#9251 = ORIENTED_EDGE('',*,*,#1917,.T.);
#9252 = ORIENTED_EDGE('',*,*,#9238,.T.);
#9253 = ORIENTED_EDGE('',*,*,#9254,.T.);
#9254 = EDGE_CURVE('',#9231,#9255,#9257,.T.);
#9255 = VERTEX_POINT('',#9256);
#9256 = CARTESIAN_POINT('',(-5.502221399786,-2.221885714286,
    8.499614285714));
#9257 = LINE('',#9258,#9259);
#9258 = CARTESIAN_POINT('',(-5.502221399786,-2.210557142857,
    8.471014285714));
#9259 = VECTOR('',#9260,1.);
#9260 = DIRECTION('',(0.,-0.368265914122,0.929720504504));
#9261 = ORIENTED_EDGE('',*,*,#9262,.F.);
#9262 = EDGE_CURVE('',#1910,#9255,#9263,.T.);
#9263 = LINE('',#9264,#9265);
#9264 = CARTESIAN_POINT('',(-6.102221399786,-2.221885714286,
    8.499614285714));
#9265 = VECTOR('',#9266,1.);
#9266 = DIRECTION('',(1.,0.,0.));
#9267 = PLANE('',#9268);
#9268 = AXIS2_PLACEMENT_3D('',#9269,#9270,#9271);
#9269 = CARTESIAN_POINT('',(-6.102221399786,-2.210557142857,
    8.471014285714));
#9270 = DIRECTION('',(0.,-0.929720504504,-0.368265914122));
#9271 = DIRECTION('',(0.,-0.368265914122,0.929720504504));
#9272 = ADVANCED_FACE('',(#9273),#9291,.T.);
#9273 = FACE_BOUND('',#9274,.T.);
#9274 = EDGE_LOOP('',(#9275,#9276,#9277,#9285));
#9275 = ORIENTED_EDGE('',*,*,#1909,.T.);
#9276 = ORIENTED_EDGE('',*,*,#9262,.T.);
#9277 = ORIENTED_EDGE('',*,*,#9278,.T.);
#9278 = EDGE_CURVE('',#9255,#9279,#9281,.T.);
#9279 = VERTEX_POINT('',#9280);
#9280 = CARTESIAN_POINT('',(-5.502221399786,-2.238971428571,
    8.522457142857));
#9281 = LINE('',#9282,#9283);
#9282 = CARTESIAN_POINT('',(-5.502221399786,-2.221885714286,
    8.499614285714));
#9283 = VECTOR('',#9284,1.);
#9284 = DIRECTION('',(0.,-0.598957825591,0.80078057117));
#9285 = ORIENTED_EDGE('',*,*,#9286,.F.);
#9286 = EDGE_CURVE('',#1902,#9279,#9287,.T.);
#9287 = LINE('',#9288,#9289);
#9288 = CARTESIAN_POINT('',(-6.102221399786,-2.238971428571,
    8.522457142857));
#9289 = VECTOR('',#9290,1.);
#9290 = DIRECTION('',(1.,0.,0.));
#9291 = PLANE('',#9292);
#9292 = AXIS2_PLACEMENT_3D('',#9293,#9294,#9295);
#9293 = CARTESIAN_POINT('',(-6.102221399786,-2.221885714286,
    8.499614285714));
#9294 = DIRECTION('',(0.,-0.80078057117,-0.598957825591));
#9295 = DIRECTION('',(0.,-0.598957825591,0.80078057117));
#9296 = ADVANCED_FACE('',(#9297),#9315,.T.);
#9297 = FACE_BOUND('',#9298,.T.);
#9298 = EDGE_LOOP('',(#9299,#9300,#9301,#9309));
#9299 = ORIENTED_EDGE('',*,*,#1901,.T.);
#9300 = ORIENTED_EDGE('',*,*,#9286,.T.);
#9301 = ORIENTED_EDGE('',*,*,#9302,.T.);
#9302 = EDGE_CURVE('',#9279,#9303,#9305,.T.);
#9303 = VERTEX_POINT('',#9304);
#9304 = CARTESIAN_POINT('',(-5.502221399786,-2.256057142857,
    8.539542857143));
#9305 = LINE('',#9306,#9307);
#9306 = CARTESIAN_POINT('',(-5.502221399786,-2.238971428571,
    8.522457142857));
#9307 = VECTOR('',#9308,1.);
#9308 = DIRECTION('',(0.,-0.707106781187,0.707106781187));
#9309 = ORIENTED_EDGE('',*,*,#9310,.F.);
#9310 = EDGE_CURVE('',#1894,#9303,#9311,.T.);
#9311 = LINE('',#9312,#9313);
#9312 = CARTESIAN_POINT('',(-6.102221399786,-2.256057142857,
    8.539542857143));
#9313 = VECTOR('',#9314,1.);
#9314 = DIRECTION('',(1.,0.,0.));
#9315 = PLANE('',#9316);
#9316 = AXIS2_PLACEMENT_3D('',#9317,#9318,#9319);
#9317 = CARTESIAN_POINT('',(-6.102221399786,-2.238971428571,
    8.522457142857));
#9318 = DIRECTION('',(0.,-0.707106781187,-0.707106781187));
#9319 = DIRECTION('',(0.,-0.707106781187,0.707106781187));
#9320 = ADVANCED_FACE('',(#9321),#9339,.T.);
#9321 = FACE_BOUND('',#9322,.T.);
#9322 = EDGE_LOOP('',(#9323,#9324,#9325,#9333));
#9323 = ORIENTED_EDGE('',*,*,#1893,.T.);
#9324 = ORIENTED_EDGE('',*,*,#9310,.T.);
#9325 = ORIENTED_EDGE('',*,*,#9326,.T.);
#9326 = EDGE_CURVE('',#9303,#9327,#9329,.T.);
#9327 = VERTEX_POINT('',#9328);
#9328 = CARTESIAN_POINT('',(-5.502221399786,-2.273328571429,
    8.550871428571));
#9329 = LINE('',#9330,#9331);
#9330 = CARTESIAN_POINT('',(-5.502221399786,-2.256057142857,
    8.539542857143));
#9331 = VECTOR('',#9332,1.);
#9332 = DIRECTION('',(0.,-0.836176771121,0.548460032671));
#9333 = ORIENTED_EDGE('',*,*,#9334,.F.);
#9334 = EDGE_CURVE('',#1886,#9327,#9335,.T.);
#9335 = LINE('',#9336,#9337);
#9336 = CARTESIAN_POINT('',(-6.102221399786,-2.273328571429,
    8.550871428571));
#9337 = VECTOR('',#9338,1.);
#9338 = DIRECTION('',(1.,0.,0.));
#9339 = PLANE('',#9340);
#9340 = AXIS2_PLACEMENT_3D('',#9341,#9342,#9343);
#9341 = CARTESIAN_POINT('',(-6.102221399786,-2.256057142857,
    8.539542857143));
#9342 = DIRECTION('',(0.,-0.548460032671,-0.836176771121));
#9343 = DIRECTION('',(0.,-0.836176771121,0.548460032671));
#9344 = ADVANCED_FACE('',(#9345),#9363,.T.);
#9345 = FACE_BOUND('',#9346,.T.);
#9346 = EDGE_LOOP('',(#9347,#9348,#9349,#9357));
#9347 = ORIENTED_EDGE('',*,*,#1885,.T.);
#9348 = ORIENTED_EDGE('',*,*,#9334,.T.);
#9349 = ORIENTED_EDGE('',*,*,#9350,.T.);
#9350 = EDGE_CURVE('',#9327,#9351,#9353,.T.);
#9351 = VERTEX_POINT('',#9352);
#9352 = CARTESIAN_POINT('',(-5.502221399786,-2.290414285714,
    8.562385714286));
#9353 = LINE('',#9354,#9355);
#9354 = CARTESIAN_POINT('',(-5.502221399786,-2.273328571429,
    8.550871428571));
#9355 = VECTOR('',#9356,1.);
#9356 = DIRECTION('',(0.,-0.829266427591,0.558853462072));
#9357 = ORIENTED_EDGE('',*,*,#9358,.F.);
#9358 = EDGE_CURVE('',#1878,#9351,#9359,.T.);
#9359 = LINE('',#9360,#9361);
#9360 = CARTESIAN_POINT('',(-6.102221399786,-2.290414285714,
    8.562385714286));
#9361 = VECTOR('',#9362,1.);
#9362 = DIRECTION('',(1.,0.,0.));
#9363 = PLANE('',#9364);
#9364 = AXIS2_PLACEMENT_3D('',#9365,#9366,#9367);
#9365 = CARTESIAN_POINT('',(-6.102221399786,-2.273328571429,
    8.550871428571));
#9366 = DIRECTION('',(0.,-0.558853462072,-0.829266427591));
#9367 = DIRECTION('',(0.,-0.829266427591,0.558853462072));
#9368 = ADVANCED_FACE('',(#9369),#9387,.T.);
#9369 = FACE_BOUND('',#9370,.T.);
#9370 = EDGE_LOOP('',(#9371,#9372,#9373,#9381));
#9371 = ORIENTED_EDGE('',*,*,#1877,.T.);
#9372 = ORIENTED_EDGE('',*,*,#9358,.T.);
#9373 = ORIENTED_EDGE('',*,*,#9374,.T.);
#9374 = EDGE_CURVE('',#9351,#9375,#9377,.T.);
#9375 = VERTEX_POINT('',#9376);
#9376 = CARTESIAN_POINT('',(-5.502221399786,-2.313257142857,
    8.567957142857));
#9377 = LINE('',#9378,#9379);
#9378 = CARTESIAN_POINT('',(-5.502221399786,-2.290414285714,
    8.562385714286));
#9379 = VECTOR('',#9380,1.);
#9380 = DIRECTION('',(0.,-0.971520338783,0.236956180191));
#9381 = ORIENTED_EDGE('',*,*,#9382,.F.);
#9382 = EDGE_CURVE('',#1870,#9375,#9383,.T.);
#9383 = LINE('',#9384,#9385);
#9384 = CARTESIAN_POINT('',(-6.102221399786,-2.313257142857,
    8.567957142857));
#9385 = VECTOR('',#9386,1.);
#9386 = DIRECTION('',(1.,0.,0.));
#9387 = PLANE('',#9388);
#9388 = AXIS2_PLACEMENT_3D('',#9389,#9390,#9391);
#9389 = CARTESIAN_POINT('',(-6.102221399786,-2.290414285714,
    8.562385714286));
#9390 = DIRECTION('',(0.,-0.236956180191,-0.971520338783));
#9391 = DIRECTION('',(0.,-0.971520338783,0.236956180191));
#9392 = ADVANCED_FACE('',(#9393),#9411,.T.);
#9393 = FACE_BOUND('',#9394,.T.);
#9394 = EDGE_LOOP('',(#9395,#9396,#9397,#9405));
#9395 = ORIENTED_EDGE('',*,*,#1869,.T.);
#9396 = ORIENTED_EDGE('',*,*,#9382,.T.);
#9397 = ORIENTED_EDGE('',*,*,#9398,.T.);
#9398 = EDGE_CURVE('',#9375,#9399,#9401,.T.);
#9399 = VERTEX_POINT('',#9400);
#9400 = CARTESIAN_POINT('',(-5.502221399786,-2.3361,8.573714285714));
#9401 = LINE('',#9402,#9403);
#9402 = CARTESIAN_POINT('',(-5.502221399786,-2.313257142857,
    8.567957142857));
#9403 = VECTOR('',#9404,1.);
#9404 = DIRECTION('',(0.,-0.969676988372,0.244390135281));
#9405 = ORIENTED_EDGE('',*,*,#9406,.F.);
#9406 = EDGE_CURVE('',#1862,#9399,#9407,.T.);
#9407 = LINE('',#9408,#9409);
#9408 = CARTESIAN_POINT('',(-6.102221399786,-2.3361,8.573714285714));
#9409 = VECTOR('',#9410,1.);
#9410 = DIRECTION('',(1.,0.,0.));
#9411 = PLANE('',#9412);
#9412 = AXIS2_PLACEMENT_3D('',#9413,#9414,#9415);
#9413 = CARTESIAN_POINT('',(-6.102221399786,-2.313257142857,
    8.567957142857));
#9414 = DIRECTION('',(0.,-0.244390135281,-0.969676988372));
#9415 = DIRECTION('',(0.,-0.969676988372,0.244390135281));
#9416 = ADVANCED_FACE('',(#9417),#9435,.T.);
#9417 = FACE_BOUND('',#9418,.T.);
#9418 = EDGE_LOOP('',(#9419,#9420,#9421,#9429));
#9419 = ORIENTED_EDGE('',*,*,#1861,.T.);
#9420 = ORIENTED_EDGE('',*,*,#9406,.T.);
#9421 = ORIENTED_EDGE('',*,*,#9422,.T.);
#9422 = EDGE_CURVE('',#9399,#9423,#9425,.T.);
#9423 = VERTEX_POINT('',#9424);
#9424 = CARTESIAN_POINT('',(-5.502221399786,-2.775314285714,
    8.573714285714));
#9425 = LINE('',#9426,#9427);
#9426 = CARTESIAN_POINT('',(-5.502221399786,-2.3361,8.573714285714));
#9427 = VECTOR('',#9428,1.);
#9428 = DIRECTION('',(0.,-1.,0.));
#9429 = ORIENTED_EDGE('',*,*,#9430,.F.);
#9430 = EDGE_CURVE('',#1854,#9423,#9431,.T.);
#9431 = LINE('',#9432,#9433);
#9432 = CARTESIAN_POINT('',(-6.102221399786,-2.775314285714,
    8.573714285714));
#9433 = VECTOR('',#9434,1.);
#9434 = DIRECTION('',(1.,0.,0.));
#9435 = PLANE('',#9436);
#9436 = AXIS2_PLACEMENT_3D('',#9437,#9438,#9439);
#9437 = CARTESIAN_POINT('',(-6.102221399786,-2.3361,8.573714285714));
#9438 = DIRECTION('',(0.,0.,-1.));
#9439 = DIRECTION('',(0.,-1.,0.));
#9440 = ADVANCED_FACE('',(#9441),#9459,.T.);
#9441 = FACE_BOUND('',#9442,.T.);
#9442 = EDGE_LOOP('',(#9443,#9444,#9445,#9453));
#9443 = ORIENTED_EDGE('',*,*,#1853,.T.);
#9444 = ORIENTED_EDGE('',*,*,#9430,.T.);
#9445 = ORIENTED_EDGE('',*,*,#9446,.T.);
#9446 = EDGE_CURVE('',#9423,#9447,#9449,.T.);
#9447 = VERTEX_POINT('',#9448);
#9448 = CARTESIAN_POINT('',(-5.502221399786,-2.775314285714,
    11.426285714286));
#9449 = LINE('',#9450,#9451);
#9450 = CARTESIAN_POINT('',(-5.502221399786,-2.775314285714,
    8.573714285714));
#9451 = VECTOR('',#9452,1.);
#9452 = DIRECTION('',(0.,0.,1.));
#9453 = ORIENTED_EDGE('',*,*,#9454,.F.);
#9454 = EDGE_CURVE('',#1846,#9447,#9455,.T.);
#9455 = LINE('',#9456,#9457);
#9456 = CARTESIAN_POINT('',(-6.102221399786,-2.775314285714,
    11.426285714286));
#9457 = VECTOR('',#9458,1.);
#9458 = DIRECTION('',(1.,0.,0.));
#9459 = PLANE('',#9460);
#9460 = AXIS2_PLACEMENT_3D('',#9461,#9462,#9463);
#9461 = CARTESIAN_POINT('',(-6.102221399786,-2.775314285714,
    8.573714285714));
#9462 = DIRECTION('',(0.,-1.,0.));
#9463 = DIRECTION('',(0.,0.,1.));
#9464 = ADVANCED_FACE('',(#9465),#9476,.T.);
#9465 = FACE_BOUND('',#9466,.T.);
#9466 = EDGE_LOOP('',(#9467,#9468,#9469,#9475));
#9467 = ORIENTED_EDGE('',*,*,#1845,.T.);
#9468 = ORIENTED_EDGE('',*,*,#9454,.T.);
#9469 = ORIENTED_EDGE('',*,*,#9470,.T.);
#9470 = EDGE_CURVE('',#9447,#7580,#9471,.T.);
#9471 = LINE('',#9472,#9473);
#9472 = CARTESIAN_POINT('',(-5.502221399786,-2.775314285714,
    11.426285714286));
#9473 = VECTOR('',#9474,1.);
#9474 = DIRECTION('',(0.,1.,0.));
#9475 = ORIENTED_EDGE('',*,*,#7579,.F.);
#9476 = PLANE('',#9477);
#9477 = AXIS2_PLACEMENT_3D('',#9478,#9479,#9480);
#9478 = CARTESIAN_POINT('',(-6.102221399786,-2.775314285714,
    11.426285714286));
#9479 = DIRECTION('',(0.,0.,1.));
#9480 = DIRECTION('',(0.,1.,0.));
#9481 = ADVANCED_FACE('',(#9482),#9488,.T.);
#9482 = FACE_BOUND('',#9483,.T.);
#9483 = EDGE_LOOP('',(#9484,#9485,#9486,#9487));
#9484 = ORIENTED_EDGE('',*,*,#2507,.F.);
#9485 = ORIENTED_EDGE('',*,*,#4280,.T.);
#9486 = ORIENTED_EDGE('',*,*,#3435,.T.);
#9487 = ORIENTED_EDGE('',*,*,#3369,.F.);
#9488 = PLANE('',#9489);
#9489 = AXIS2_PLACEMENT_3D('',#9490,#9491,#9492);
#9490 = CARTESIAN_POINT('',(6.002221399786,-6.002221399786,-3.));
#9491 = DIRECTION('',(1.,0.,-0.));
#9492 = DIRECTION('',(0.,0.,1.));
#9493 = ADVANCED_FACE('',(#9494,#9548),#9582,.T.);
#9494 = FACE_BOUND('',#9495,.T.);
#9495 = EDGE_LOOP('',(#9496,#9502,#9503,#9504,#9505,#9506,#9507,#9508,
    #9509,#9510,#9511,#9512,#9513,#9514,#9515,#9516,#9517,#9518,#9524,
    #9525,#9526,#9527,#9528,#9529,#9535,#9536,#9537,#9538,#9539,#9540,
    #9541,#9542,#9543,#9544,#9545,#9546,#9547));
#9496 = ORIENTED_EDGE('',*,*,#9497,.F.);
#9497 = EDGE_CURVE('',#2979,#3002,#9498,.T.);
#9498 = LINE('',#9499,#9500);
#9499 = CARTESIAN_POINT('',(-5.502221399786,-4.486857142857,
    8.573714285714));
#9500 = VECTOR('',#9501,1.);
#9501 = DIRECTION('',(0.,0.,1.));
#9502 = ORIENTED_EDGE('',*,*,#2978,.F.);
#9503 = ORIENTED_EDGE('',*,*,#2954,.F.);
#9504 = ORIENTED_EDGE('',*,*,#2930,.F.);
#9505 = ORIENTED_EDGE('',*,*,#2906,.F.);
#9506 = ORIENTED_EDGE('',*,*,#2882,.F.);
#9507 = ORIENTED_EDGE('',*,*,#2858,.F.);
#9508 = ORIENTED_EDGE('',*,*,#2834,.F.);
#9509 = ORIENTED_EDGE('',*,*,#2810,.F.);
#9510 = ORIENTED_EDGE('',*,*,#2786,.F.);
#9511 = ORIENTED_EDGE('',*,*,#2762,.F.);
#9512 = ORIENTED_EDGE('',*,*,#2738,.F.);
#9513 = ORIENTED_EDGE('',*,*,#2714,.F.);
#9514 = ORIENTED_EDGE('',*,*,#2690,.F.);
#9515 = ORIENTED_EDGE('',*,*,#2666,.F.);
#9516 = ORIENTED_EDGE('',*,*,#2642,.F.);
#9517 = ORIENTED_EDGE('',*,*,#2618,.F.);
#9518 = ORIENTED_EDGE('',*,*,#9519,.F.);
#9519 = EDGE_CURVE('',#2588,#2611,#9520,.T.);
#9520 = LINE('',#9521,#9522);
#9521 = CARTESIAN_POINT('',(-5.502221399786,-5.057371428571,8.0032));
#9522 = VECTOR('',#9523,1.);
#9523 = DIRECTION('',(0.,1.,0.));
#9524 = ORIENTED_EDGE('',*,*,#2587,.F.);
#9525 = ORIENTED_EDGE('',*,*,#2562,.F.);
#9526 = ORIENTED_EDGE('',*,*,#2532,.T.);
#9527 = ORIENTED_EDGE('',*,*,#3352,.F.);
#9528 = ORIENTED_EDGE('',*,*,#3328,.F.);
#9529 = ORIENTED_EDGE('',*,*,#9530,.F.);
#9530 = EDGE_CURVE('',#3298,#3321,#9531,.T.);
#9531 = LINE('',#9532,#9533);
#9532 = CARTESIAN_POINT('',(-5.502221399786,-5.057371428571,11.9968));
#9533 = VECTOR('',#9534,1.);
#9534 = DIRECTION('',(0.,-1.,0.));
#9535 = ORIENTED_EDGE('',*,*,#3297,.F.);
#9536 = ORIENTED_EDGE('',*,*,#3273,.F.);
#9537 = ORIENTED_EDGE('',*,*,#3249,.F.);
#9538 = ORIENTED_EDGE('',*,*,#3225,.F.);
#9539 = ORIENTED_EDGE('',*,*,#3201,.F.);
#9540 = ORIENTED_EDGE('',*,*,#3177,.F.);
#9541 = ORIENTED_EDGE('',*,*,#3153,.F.);
#9542 = ORIENTED_EDGE('',*,*,#3129,.F.);
#9543 = ORIENTED_EDGE('',*,*,#3105,.F.);
#9544 = ORIENTED_EDGE('',*,*,#3081,.F.);
#9545 = ORIENTED_EDGE('',*,*,#3057,.F.);
#9546 = ORIENTED_EDGE('',*,*,#3033,.F.);
#9547 = ORIENTED_EDGE('',*,*,#3009,.F.);
#9548 = FACE_BOUND('',#9549,.T.);
#9549 = EDGE_LOOP('',(#9550,#9560,#9568,#9576));
#9550 = ORIENTED_EDGE('',*,*,#9551,.F.);
#9551 = EDGE_CURVE('',#9552,#9554,#9556,.T.);
#9552 = VERTEX_POINT('',#9553);
#9553 = CARTESIAN_POINT('',(-5.502221399786,-5.057371428571,
    11.426285714286));
#9554 = VERTEX_POINT('',#9555);
#9555 = CARTESIAN_POINT('',(-5.502221399786,-5.057371428571,
    8.573714285714));
#9556 = LINE('',#9557,#9558);
#9557 = CARTESIAN_POINT('',(-5.502221399786,-5.057371428571,
    11.426285714286));
#9558 = VECTOR('',#9559,1.);
#9559 = DIRECTION('',(0.,0.,-1.));
#9560 = ORIENTED_EDGE('',*,*,#9561,.F.);
#9561 = EDGE_CURVE('',#9562,#9552,#9564,.T.);
#9562 = VERTEX_POINT('',#9563);
#9563 = CARTESIAN_POINT('',(-5.502221399786,-5.913142857143,
    11.426285714286));
#9564 = LINE('',#9565,#9566);
#9565 = CARTESIAN_POINT('',(-5.502221399786,-5.913142857143,
    11.426285714286));
#9566 = VECTOR('',#9567,1.);
#9567 = DIRECTION('',(0.,1.,0.));
#9568 = ORIENTED_EDGE('',*,*,#9569,.F.);
#9569 = EDGE_CURVE('',#9570,#9562,#9572,.T.);
#9570 = VERTEX_POINT('',#9571);
#9571 = CARTESIAN_POINT('',(-5.502221399786,-5.913142857143,
    8.573714285714));
#9572 = LINE('',#9573,#9574);
#9573 = CARTESIAN_POINT('',(-5.502221399786,-5.913142857143,
    8.573714285714));
#9574 = VECTOR('',#9575,1.);
#9575 = DIRECTION('',(0.,0.,1.));
#9576 = ORIENTED_EDGE('',*,*,#9577,.F.);
#9577 = EDGE_CURVE('',#9554,#9570,#9578,.T.);
#9578 = LINE('',#9579,#9580);
#9579 = CARTESIAN_POINT('',(-5.502221399786,-5.057371428571,
    8.573714285714));
#9580 = VECTOR('',#9581,1.);
#9581 = DIRECTION('',(0.,-1.,0.));
#9582 = PLANE('',#9583);
#9583 = AXIS2_PLACEMENT_3D('',#9584,#9585,#9586);
#9584 = CARTESIAN_POINT('',(-5.502221399786,-5.484997289887,
    10.001014133874));
#9585 = DIRECTION('',(-1.,0.,0.));
#9586 = DIRECTION('',(0.,-1.,0.));
#9587 = ADVANCED_FACE('',(#9588),#9611,.T.);
#9588 = FACE_BOUND('',#9589,.T.);
#9589 = EDGE_LOOP('',(#9590,#9597,#9605,#9610));
#9590 = ORIENTED_EDGE('',*,*,#9591,.F.);
#9591 = EDGE_CURVE('',#9592,#3388,#9594,.T.);
#9592 = VERTEX_POINT('',#9593);
#9593 = CARTESIAN_POINT('',(1.501110699893,2.6,19.2));
#9594 = B_SPLINE_CURVE_WITH_KNOTS('',1,(#9595,#9596),.UNSPECIFIED.,.F.,
  .F.,(2,2),(0.,1.),.PIECEWISE_BEZIER_KNOTS.);
#9595 = CARTESIAN_POINT('',(1.501110699893,2.6,19.2));
#9596 = CARTESIAN_POINT('',(1.962990915245,3.4,20.001));
#9597 = ORIENTED_EDGE('',*,*,#9598,.T.);
#9598 = EDGE_CURVE('',#9592,#9599,#9601,.T.);
#9599 = VERTEX_POINT('',#9600);
#9600 = CARTESIAN_POINT('',(3.002221399786,1.83833041379E-16,19.2));
#9601 = LINE('',#9602,#9603);
#9602 = CARTESIAN_POINT('',(1.501110699893,2.6,19.2));
#9603 = VECTOR('',#9604,1.);
#9604 = DIRECTION('',(0.5,-0.866025403784,0.));
#9605 = ORIENTED_EDGE('',*,*,#9606,.T.);
#9606 = EDGE_CURVE('',#9599,#3386,#9607,.T.);
#9607 = B_SPLINE_CURVE_WITH_KNOTS('',1,(#9608,#9609),.UNSPECIFIED.,.F.,
  .F.,(2,2),(0.,1.),.PIECEWISE_BEZIER_KNOTS.);
#9608 = CARTESIAN_POINT('',(3.002221399786,0.,19.2));
#9609 = CARTESIAN_POINT('',(3.925981830489,4.440892098501E-16,20.001));
#9610 = ORIENTED_EDGE('',*,*,#3385,.T.);
#9611 = B_SPLINE_SURFACE_WITH_KNOTS('',1,1,(
    (#9612,#9613)
    ,(#9614,#9615
    )),.UNSPECIFIED.,.F.,.F.,.F.,(2,2),(2,2),(0.,3.925981830489),(0.,1.)
  ,.PIECEWISE_BEZIER_KNOTS.);
#9612 = CARTESIAN_POINT('',(1.501110699893,2.6,19.2));
#9613 = CARTESIAN_POINT('',(1.962990915245,3.4,20.001));
#9614 = CARTESIAN_POINT('',(3.002221399786,0.,19.2));
#9615 = CARTESIAN_POINT('',(3.925981830489,4.440892098501E-16,20.001));
#9616 = ADVANCED_FACE('',(#9617),#9634,.T.);
#9617 = FACE_BOUND('',#9618,.T.);
#9618 = EDGE_LOOP('',(#9619,#9626,#9632,#9633));
#9619 = ORIENTED_EDGE('',*,*,#9620,.F.);
#9620 = EDGE_CURVE('',#9621,#3416,#9623,.T.);
#9621 = VERTEX_POINT('',#9622);
#9622 = CARTESIAN_POINT('',(-1.501110699893,2.6,19.2));
#9623 = B_SPLINE_CURVE_WITH_KNOTS('',1,(#9624,#9625),.UNSPECIFIED.,.F.,
  .F.,(2,2),(0.,1.),.PIECEWISE_BEZIER_KNOTS.);
#9624 = CARTESIAN_POINT('',(-1.501110699893,2.6,19.2));
#9625 = CARTESIAN_POINT('',(-1.962990915245,3.4,20.001));
#9626 = ORIENTED_EDGE('',*,*,#9627,.T.);
#9627 = EDGE_CURVE('',#9621,#9592,#9628,.T.);
#9628 = LINE('',#9629,#9630);
#9629 = CARTESIAN_POINT('',(-1.501110699893,2.6,19.2));
#9630 = VECTOR('',#9631,1.);
#9631 = DIRECTION('',(1.,-1.479202066449E-16,0.));
#9632 = ORIENTED_EDGE('',*,*,#9591,.T.);
#9633 = ORIENTED_EDGE('',*,*,#3422,.T.);
#9634 = B_SPLINE_SURFACE_WITH_KNOTS('',1,1,(
    (#9635,#9636)
    ,(#9637,#9638
    )),.UNSPECIFIED.,.F.,.F.,.F.,(2,2),(2,2),(0.,3.925981830489),(0.,1.)
  ,.PIECEWISE_BEZIER_KNOTS.);
#9635 = CARTESIAN_POINT('',(-1.501110699893,2.6,19.2));
#9636 = CARTESIAN_POINT('',(-1.962990915245,3.4,20.001));
#9637 = CARTESIAN_POINT('',(1.501110699893,2.6,19.2));
#9638 = CARTESIAN_POINT('',(1.962990915245,3.4,20.001));
#9639 = ADVANCED_FACE('',(#9640),#9657,.T.);
#9640 = FACE_BOUND('',#9641,.T.);
#9641 = EDGE_LOOP('',(#9642,#9649,#9655,#9656));
#9642 = ORIENTED_EDGE('',*,*,#9643,.F.);
#9643 = EDGE_CURVE('',#9644,#3409,#9646,.T.);
#9644 = VERTEX_POINT('',#9645);
#9645 = CARTESIAN_POINT('',(-3.002221399786,-5.51499124137E-16,19.2));
#9646 = B_SPLINE_CURVE_WITH_KNOTS('',1,(#9647,#9648),.UNSPECIFIED.,.F.,
  .F.,(2,2),(0.,1.),.PIECEWISE_BEZIER_KNOTS.);
#9647 = CARTESIAN_POINT('',(-3.002221399786,-4.440892098501E-16,19.2));
#9648 = CARTESIAN_POINT('',(-3.925981830489,-8.881784197001E-16,20.001)
  );
#9649 = ORIENTED_EDGE('',*,*,#9650,.T.);
#9650 = EDGE_CURVE('',#9644,#9621,#9651,.T.);
#9651 = LINE('',#9652,#9653);
#9652 = CARTESIAN_POINT('',(-3.002221399786,-5.51499124137E-16,19.2));
#9653 = VECTOR('',#9654,1.);
#9654 = DIRECTION('',(0.5,0.866025403784,0.));
#9655 = ORIENTED_EDGE('',*,*,#9620,.T.);
#9656 = ORIENTED_EDGE('',*,*,#3415,.T.);
#9657 = B_SPLINE_SURFACE_WITH_KNOTS('',1,1,(
    (#9658,#9659)
    ,(#9660,#9661
    )),.UNSPECIFIED.,.F.,.F.,.F.,(2,2),(2,2),(0.,3.925981830489),(0.,1.)
  ,.PIECEWISE_BEZIER_KNOTS.);
#9658 = CARTESIAN_POINT('',(-3.002221399786,-5.51499124137E-16,19.2));
#9659 = CARTESIAN_POINT('',(-3.925981830489,-7.211911623329E-16,20.001)
  );
#9660 = CARTESIAN_POINT('',(-1.501110699893,2.6,19.2));
#9661 = CARTESIAN_POINT('',(-1.962990915245,3.4,20.001));
#9662 = ADVANCED_FACE('',(#9663),#9680,.T.);
#9663 = FACE_BOUND('',#9664,.T.);
#9664 = EDGE_LOOP('',(#9665,#9672,#9678,#9679));
#9665 = ORIENTED_EDGE('',*,*,#9666,.F.);
#9666 = EDGE_CURVE('',#9667,#3402,#9669,.T.);
#9667 = VERTEX_POINT('',#9668);
#9668 = CARTESIAN_POINT('',(-1.501110699893,-2.6,19.2));
#9669 = B_SPLINE_CURVE_WITH_KNOTS('',1,(#9670,#9671),.UNSPECIFIED.,.F.,
  .F.,(2,2),(0.,1.),.PIECEWISE_BEZIER_KNOTS.);
#9670 = CARTESIAN_POINT('',(-1.501110699893,-2.6,19.2));
#9671 = CARTESIAN_POINT('',(-1.962990915245,-3.4,20.001));
#9672 = ORIENTED_EDGE('',*,*,#9673,.T.);
#9673 = EDGE_CURVE('',#9667,#9644,#9674,.T.);
#9674 = LINE('',#9675,#9676);
#9675 = CARTESIAN_POINT('',(-1.501110699893,-2.6,19.2));
#9676 = VECTOR('',#9677,1.);
#9677 = DIRECTION('',(-0.5,0.866025403784,0.));
#9678 = ORIENTED_EDGE('',*,*,#9643,.T.);
#9679 = ORIENTED_EDGE('',*,*,#3408,.T.);
#9680 = B_SPLINE_SURFACE_WITH_KNOTS('',1,1,(
    (#9681,#9682)
    ,(#9683,#9684
    )),.UNSPECIFIED.,.F.,.F.,.F.,(2,2),(2,2),(0.,3.925981830489),(0.,1.)
  ,.PIECEWISE_BEZIER_KNOTS.);
#9681 = CARTESIAN_POINT('',(-1.501110699893,-2.6,19.2));
#9682 = CARTESIAN_POINT('',(-1.962990915245,-3.4,20.001));
#9683 = CARTESIAN_POINT('',(-3.002221399786,-4.440892098501E-16,19.2));
#9684 = CARTESIAN_POINT('',(-3.925981830489,-8.881784197001E-16,20.001)
  );
#9685 = ADVANCED_FACE('',(#9686),#9703,.T.);
#9686 = FACE_BOUND('',#9687,.T.);
#9687 = EDGE_LOOP('',(#9688,#9695,#9701,#9702));
#9688 = ORIENTED_EDGE('',*,*,#9689,.F.);
#9689 = EDGE_CURVE('',#9690,#3395,#9692,.T.);
#9690 = VERTEX_POINT('',#9691);
#9691 = CARTESIAN_POINT('',(1.501110699893,-2.6,19.2));
#9692 = B_SPLINE_CURVE_WITH_KNOTS('',1,(#9693,#9694),.UNSPECIFIED.,.F.,
  .F.,(2,2),(0.,1.),.PIECEWISE_BEZIER_KNOTS.);
#9693 = CARTESIAN_POINT('',(1.501110699893,-2.6,19.2));
#9694 = CARTESIAN_POINT('',(1.962990915245,-3.4,20.001));
#9695 = ORIENTED_EDGE('',*,*,#9696,.T.);
#9696 = EDGE_CURVE('',#9690,#9667,#9697,.T.);
#9697 = LINE('',#9698,#9699);
#9698 = CARTESIAN_POINT('',(1.501110699893,-2.6,19.2));
#9699 = VECTOR('',#9700,1.);
#9700 = DIRECTION('',(-1.,-2.958404132898E-16,0.));
#9701 = ORIENTED_EDGE('',*,*,#9666,.T.);
#9702 = ORIENTED_EDGE('',*,*,#3401,.T.);
#9703 = B_SPLINE_SURFACE_WITH_KNOTS('',1,1,(
    (#9704,#9705)
    ,(#9706,#9707
    )),.UNSPECIFIED.,.F.,.F.,.F.,(2,2),(2,2),(0.,3.925981830489),(0.,1.)
  ,.PIECEWISE_BEZIER_KNOTS.);
#9704 = CARTESIAN_POINT('',(1.501110699893,-2.6,19.2));
#9705 = CARTESIAN_POINT('',(1.962990915245,-3.4,20.001));
#9706 = CARTESIAN_POINT('',(-1.501110699893,-2.6,19.2));
#9707 = CARTESIAN_POINT('',(-1.962990915245,-3.4,20.001));
#9708 = ADVANCED_FACE('',(#9709),#9720,.T.);
#9709 = FACE_BOUND('',#9710,.T.);
#9710 = EDGE_LOOP('',(#9711,#9712,#9718,#9719));
#9711 = ORIENTED_EDGE('',*,*,#9606,.F.);
#9712 = ORIENTED_EDGE('',*,*,#9713,.T.);
#9713 = EDGE_CURVE('',#9599,#9690,#9714,.T.);
#9714 = LINE('',#9715,#9716);
#9715 = CARTESIAN_POINT('',(3.002221399786,1.83833041379E-16,19.2));
#9716 = VECTOR('',#9717,1.);
#9717 = DIRECTION('',(-0.5,-0.866025403784,0.));
#9718 = ORIENTED_EDGE('',*,*,#9689,.T.);
#9719 = ORIENTED_EDGE('',*,*,#3394,.T.);
#9720 = B_SPLINE_SURFACE_WITH_KNOTS('',1,1,(
    (#9721,#9722)
    ,(#9723,#9724
    )),.UNSPECIFIED.,.F.,.F.,.F.,(2,2),(2,2),(0.,3.925981830489),(0.,1.)
  ,.PIECEWISE_BEZIER_KNOTS.);
#9721 = CARTESIAN_POINT('',(3.002221399786,1.83833041379E-16,19.2));
#9722 = CARTESIAN_POINT('',(3.925981830489,2.40397054111E-16,20.001));
#9723 = CARTESIAN_POINT('',(1.501110699893,-2.6,19.2));
#9724 = CARTESIAN_POINT('',(1.962990915245,-3.4,20.001));
#9725 = ADVANCED_FACE('',(#9726),#9791,.T.);
#9726 = FACE_BOUND('',#9727,.T.);
#9727 = EDGE_LOOP('',(#9728,#9729,#9735,#9736,#9737,#9738,#9739,#9740,
    #9741,#9742,#9743,#9749,#9750,#9751,#9752,#9753,#9754,#9755,#9756,
    #9757,#9758,#9764,#9765,#9766,#9767,#9768,#9769,#9770,#9776,#9777,
    #9778,#9779,#9780,#9781,#9782,#9783,#9784,#9790));
#9728 = ORIENTED_EDGE('',*,*,#4263,.F.);
#9729 = ORIENTED_EDGE('',*,*,#9730,.F.);
#9730 = EDGE_CURVE('',#4233,#4256,#9731,.T.);
#9731 = LINE('',#9732,#9733);
#9732 = CARTESIAN_POINT('',(-5.502221399786,5.770514285714,
    8.128742857143));
#9733 = VECTOR('',#9734,1.);
#9734 = DIRECTION('',(0.,0.,1.));
#9735 = ORIENTED_EDGE('',*,*,#4232,.F.);
#9736 = ORIENTED_EDGE('',*,*,#4208,.F.);
#9737 = ORIENTED_EDGE('',*,*,#4184,.F.);
#9738 = ORIENTED_EDGE('',*,*,#4160,.F.);
#9739 = ORIENTED_EDGE('',*,*,#4136,.F.);
#9740 = ORIENTED_EDGE('',*,*,#4112,.F.);
#9741 = ORIENTED_EDGE('',*,*,#4088,.F.);
#9742 = ORIENTED_EDGE('',*,*,#4064,.F.);
#9743 = ORIENTED_EDGE('',*,*,#9744,.F.);
#9744 = EDGE_CURVE('',#4034,#4057,#9745,.T.);
#9745 = LINE('',#9746,#9747);
#9746 = CARTESIAN_POINT('',(-5.502221399786,5.627885714286,8.0032));
#9747 = VECTOR('',#9748,1.);
#9748 = DIRECTION('',(0.,1.,0.));
#9749 = ORIENTED_EDGE('',*,*,#4033,.F.);
#9750 = ORIENTED_EDGE('',*,*,#4009,.F.);
#9751 = ORIENTED_EDGE('',*,*,#3985,.F.);
#9752 = ORIENTED_EDGE('',*,*,#3961,.F.);
#9753 = ORIENTED_EDGE('',*,*,#3937,.F.);
#9754 = ORIENTED_EDGE('',*,*,#3913,.F.);
#9755 = ORIENTED_EDGE('',*,*,#3889,.F.);
#9756 = ORIENTED_EDGE('',*,*,#3865,.F.);
#9757 = ORIENTED_EDGE('',*,*,#3841,.F.);
#9758 = ORIENTED_EDGE('',*,*,#9759,.F.);
#9759 = EDGE_CURVE('',#3811,#3834,#9760,.T.);
#9760 = LINE('',#9761,#9762);
#9761 = CARTESIAN_POINT('',(-5.502221399786,4.623728571429,
    11.426285714286));
#9762 = VECTOR('',#9763,1.);
#9763 = DIRECTION('',(0.,1.,0.));
#9764 = ORIENTED_EDGE('',*,*,#3810,.F.);
#9765 = ORIENTED_EDGE('',*,*,#3786,.F.);
#9766 = ORIENTED_EDGE('',*,*,#3762,.F.);
#9767 = ORIENTED_EDGE('',*,*,#3738,.F.);
#9768 = ORIENTED_EDGE('',*,*,#3714,.F.);
#9769 = ORIENTED_EDGE('',*,*,#3690,.F.);
#9770 = ORIENTED_EDGE('',*,*,#9771,.F.);
#9771 = EDGE_CURVE('',#3660,#3683,#9772,.T.);
#9772 = LINE('',#9773,#9774);
#9773 = CARTESIAN_POINT('',(-5.502221399786,4.486857142857,11.8642));
#9774 = VECTOR('',#9775,1.);
#9775 = DIRECTION('',(0.,-0.,-1.));
#9776 = ORIENTED_EDGE('',*,*,#3659,.F.);
#9777 = ORIENTED_EDGE('',*,*,#3635,.F.);
#9778 = ORIENTED_EDGE('',*,*,#3611,.F.);
#9779 = ORIENTED_EDGE('',*,*,#3587,.F.);
#9780 = ORIENTED_EDGE('',*,*,#3563,.F.);
#9781 = ORIENTED_EDGE('',*,*,#3539,.F.);
#9782 = ORIENTED_EDGE('',*,*,#3515,.F.);
#9783 = ORIENTED_EDGE('',*,*,#3491,.F.);
#9784 = ORIENTED_EDGE('',*,*,#9785,.F.);
#9785 = EDGE_CURVE('',#3459,#3484,#9786,.T.);
#9786 = LINE('',#9787,#9788);
#9787 = CARTESIAN_POINT('',(-5.502221399786,4.623728571429,11.9968));
#9788 = VECTOR('',#9789,1.);
#9789 = DIRECTION('',(0.,-1.,0.));
#9790 = ORIENTED_EDGE('',*,*,#3458,.F.);
#9791 = PLANE('',#9792);
#9792 = AXIS2_PLACEMENT_3D('',#9793,#9794,#9795);
#9793 = CARTESIAN_POINT('',(-5.502221399786,5.485643511463,
    10.406443489376));
#9794 = DIRECTION('',(-1.,0.,0.));
#9795 = DIRECTION('',(0.,-1.,0.));
#9796 = ADVANCED_FACE('',(#9797),#9918,.T.);
#9797 = FACE_BOUND('',#9798,.F.);
#9798 = EDGE_LOOP('',(#9799,#9805,#9806,#9807,#9808,#9809,#9810,#9811,
    #9817,#9818,#9819,#9820,#9821,#9822,#9823,#9824,#9825,#9826,#9827,
    #9828,#9834,#9835,#9836,#9837,#9838,#9844,#9845,#9846,#9847,#9848,
    #9849,#9850,#9851,#9852,#9853,#9854,#9855,#9856,#9857,#9858,#9859,
    #9860,#9866,#9867,#9868,#9869,#9870,#9871,#9872,#9873,#9874,#9875,
    #9876,#9877,#9878,#9879,#9880,#9881,#9882,#9883,#9884,#9885,#9886,
    #9892,#9893,#9894,#9895,#9896,#9897,#9898,#9899,#9900,#9901,#9902,
    #9903,#9904,#9905,#9906,#9907,#9908,#9909,#9910,#9911,#9912,#9913,
    #9914,#9915,#9916,#9917));
#9799 = ORIENTED_EDGE('',*,*,#9800,.T.);
#9800 = EDGE_CURVE('',#6308,#4297,#9801,.T.);
#9801 = LINE('',#9802,#9803);
#9802 = CARTESIAN_POINT('',(-5.502221399786,3.916342857143,
    11.859928571429));
#9803 = VECTOR('',#9804,1.);
#9804 = DIRECTION('',(0.,0.,1.));
#9805 = ORIENTED_EDGE('',*,*,#4304,.T.);
#9806 = ORIENTED_EDGE('',*,*,#4328,.T.);
#9807 = ORIENTED_EDGE('',*,*,#4352,.T.);
#9808 = ORIENTED_EDGE('',*,*,#4376,.T.);
#9809 = ORIENTED_EDGE('',*,*,#4400,.T.);
#9810 = ORIENTED_EDGE('',*,*,#4424,.T.);
#9811 = ORIENTED_EDGE('',*,*,#9812,.T.);
#9812 = EDGE_CURVE('',#4425,#4448,#9813,.T.);
#9813 = LINE('',#9814,#9815);
#9814 = CARTESIAN_POINT('',(-5.502221399786,2.052142857143,11.9968));
#9815 = VECTOR('',#9816,1.);
#9816 = DIRECTION('',(0.,-1.,0.));
#9817 = ORIENTED_EDGE('',*,*,#4455,.T.);
#9818 = ORIENTED_EDGE('',*,*,#4479,.T.);
#9819 = ORIENTED_EDGE('',*,*,#4503,.T.);
#9820 = ORIENTED_EDGE('',*,*,#4527,.T.);
#9821 = ORIENTED_EDGE('',*,*,#4551,.T.);
#9822 = ORIENTED_EDGE('',*,*,#4575,.T.);
#9823 = ORIENTED_EDGE('',*,*,#4599,.T.);
#9824 = ORIENTED_EDGE('',*,*,#4623,.T.);
#9825 = ORIENTED_EDGE('',*,*,#4647,.T.);
#9826 = ORIENTED_EDGE('',*,*,#4671,.T.);
#9827 = ORIENTED_EDGE('',*,*,#4695,.T.);
#9828 = ORIENTED_EDGE('',*,*,#9829,.T.);
#9829 = EDGE_CURVE('',#4696,#4719,#9830,.T.);
#9830 = LINE('',#9831,#9832);
#9831 = CARTESIAN_POINT('',(-5.502221399786,1.947214285714,11.4833));
#9832 = VECTOR('',#9833,1.);
#9833 = DIRECTION('',(-0.,0.546267780547,-0.837610596839));
#9834 = ORIENTED_EDGE('',*,*,#4726,.T.);
#9835 = ORIENTED_EDGE('',*,*,#4750,.T.);
#9836 = ORIENTED_EDGE('',*,*,#4774,.T.);
#9837 = ORIENTED_EDGE('',*,*,#4798,.T.);
#9838 = ORIENTED_EDGE('',*,*,#9839,.T.);
#9839 = EDGE_CURVE('',#4799,#4822,#9840,.T.);
#9840 = LINE('',#9841,#9842);
#9841 = CARTESIAN_POINT('',(-5.502221399786,2.0579,11.426285714286));
#9842 = VECTOR('',#9843,1.);
#9843 = DIRECTION('',(0.,1.,0.));
#9844 = ORIENTED_EDGE('',*,*,#4829,.T.);
#9845 = ORIENTED_EDGE('',*,*,#4853,.T.);
#9846 = ORIENTED_EDGE('',*,*,#4877,.T.);
#9847 = ORIENTED_EDGE('',*,*,#4901,.T.);
#9848 = ORIENTED_EDGE('',*,*,#4925,.T.);
#9849 = ORIENTED_EDGE('',*,*,#4949,.T.);
#9850 = ORIENTED_EDGE('',*,*,#4973,.T.);
#9851 = ORIENTED_EDGE('',*,*,#4997,.T.);
#9852 = ORIENTED_EDGE('',*,*,#5021,.T.);
#9853 = ORIENTED_EDGE('',*,*,#5045,.T.);
#9854 = ORIENTED_EDGE('',*,*,#5069,.T.);
#9855 = ORIENTED_EDGE('',*,*,#5093,.T.);
#9856 = ORIENTED_EDGE('',*,*,#5117,.T.);
#9857 = ORIENTED_EDGE('',*,*,#5141,.T.);
#9858 = ORIENTED_EDGE('',*,*,#5165,.T.);
#9859 = ORIENTED_EDGE('',*,*,#5189,.T.);
#9860 = ORIENTED_EDGE('',*,*,#9861,.T.);
#9861 = EDGE_CURVE('',#5190,#5213,#9862,.T.);
#9862 = LINE('',#9863,#9864);
#9863 = CARTESIAN_POINT('',(-5.502221399786,1.919542857143,
    8.528028571429));
#9864 = VECTOR('',#9865,1.);
#9865 = DIRECTION('',(0.,0.,-1.));
#9866 = ORIENTED_EDGE('',*,*,#5220,.T.);
#9867 = ORIENTED_EDGE('',*,*,#5244,.T.);
#9868 = ORIENTED_EDGE('',*,*,#5268,.T.);
#9869 = ORIENTED_EDGE('',*,*,#5292,.T.);
#9870 = ORIENTED_EDGE('',*,*,#5316,.T.);
#9871 = ORIENTED_EDGE('',*,*,#5340,.T.);
#9872 = ORIENTED_EDGE('',*,*,#5364,.T.);
#9873 = ORIENTED_EDGE('',*,*,#5388,.T.);
#9874 = ORIENTED_EDGE('',*,*,#5412,.T.);
#9875 = ORIENTED_EDGE('',*,*,#5436,.T.);
#9876 = ORIENTED_EDGE('',*,*,#5460,.T.);
#9877 = ORIENTED_EDGE('',*,*,#5484,.T.);
#9878 = ORIENTED_EDGE('',*,*,#5508,.T.);
#9879 = ORIENTED_EDGE('',*,*,#5532,.T.);
#9880 = ORIENTED_EDGE('',*,*,#5556,.T.);
#9881 = ORIENTED_EDGE('',*,*,#5580,.T.);
#9882 = ORIENTED_EDGE('',*,*,#5604,.T.);
#9883 = ORIENTED_EDGE('',*,*,#5628,.T.);
#9884 = ORIENTED_EDGE('',*,*,#5652,.T.);
#9885 = ORIENTED_EDGE('',*,*,#5676,.T.);
#9886 = ORIENTED_EDGE('',*,*,#9887,.T.);
#9887 = EDGE_CURVE('',#5677,#5700,#9888,.T.);
#9888 = LINE('',#9889,#9890);
#9889 = CARTESIAN_POINT('',(-5.502221399786,3.847814285714,8.1059));
#9890 = VECTOR('',#9891,1.);
#9891 = DIRECTION('',(0.,0.62407609663,0.781363568139));
#9892 = ORIENTED_EDGE('',*,*,#5707,.T.);
#9893 = ORIENTED_EDGE('',*,*,#5731,.T.);
#9894 = ORIENTED_EDGE('',*,*,#5755,.T.);
#9895 = ORIENTED_EDGE('',*,*,#5779,.T.);
#9896 = ORIENTED_EDGE('',*,*,#5803,.T.);
#9897 = ORIENTED_EDGE('',*,*,#5827,.T.);
#9898 = ORIENTED_EDGE('',*,*,#5851,.T.);
#9899 = ORIENTED_EDGE('',*,*,#5875,.T.);
#9900 = ORIENTED_EDGE('',*,*,#5899,.T.);
#9901 = ORIENTED_EDGE('',*,*,#5923,.T.);
#9902 = ORIENTED_EDGE('',*,*,#5947,.T.);
#9903 = ORIENTED_EDGE('',*,*,#5971,.T.);
#9904 = ORIENTED_EDGE('',*,*,#5995,.T.);
#9905 = ORIENTED_EDGE('',*,*,#6019,.T.);
#9906 = ORIENTED_EDGE('',*,*,#6043,.T.);
#9907 = ORIENTED_EDGE('',*,*,#6067,.T.);
#9908 = ORIENTED_EDGE('',*,*,#6091,.T.);
#9909 = ORIENTED_EDGE('',*,*,#6115,.T.);
#9910 = ORIENTED_EDGE('',*,*,#6139,.T.);
#9911 = ORIENTED_EDGE('',*,*,#6163,.T.);
#9912 = ORIENTED_EDGE('',*,*,#6187,.T.);
#9913 = ORIENTED_EDGE('',*,*,#6211,.T.);
#9914 = ORIENTED_EDGE('',*,*,#6235,.T.);
#9915 = ORIENTED_EDGE('',*,*,#6259,.T.);
#9916 = ORIENTED_EDGE('',*,*,#6283,.T.);
#9917 = ORIENTED_EDGE('',*,*,#6307,.T.);
#9918 = PLANE('',#9919);
#9919 = AXIS2_PLACEMENT_3D('',#9920,#9921,#9922);
#9920 = CARTESIAN_POINT('',(-5.502221399786,2.934229065606,
    10.031450263547));
#9921 = DIRECTION('',(-1.,0.,0.));
#9922 = DIRECTION('',(0.,-1.,0.));
#9923 = ADVANCED_FACE('',(#9924),#10026,.T.);
#9924 = FACE_BOUND('',#9925,.F.);
#9925 = EDGE_LOOP('',(#9926,#9932,#9933,#9934,#9935,#9936,#9937,#9938,
    #9939,#9940,#9946,#9947,#9948,#9949,#9950,#9951,#9952,#9958,#9959,
    #9960,#9961,#9962,#9963,#9964,#9965,#9966,#9972,#9973,#9974,#9975,
    #9976,#9977,#9978,#9979,#9980,#9986,#9987,#9988,#9989,#9990,#9991,
    #9992,#9993,#10001,#10007,#10008,#10009,#10010,#10011,#10012,#10013,
    #10019,#10020,#10021,#10022,#10023,#10024,#10025));
#9926 = ORIENTED_EDGE('',*,*,#9927,.T.);
#9927 = EDGE_CURVE('',#7557,#6331,#9928,.T.);
#9928 = LINE('',#9929,#9930);
#9929 = CARTESIAN_POINT('',(-5.502221399786,0.362514285714,
    8.145828571429));
#9930 = VECTOR('',#9931,1.);
#9931 = DIRECTION('',(0.,0.,1.));
#9932 = ORIENTED_EDGE('',*,*,#6338,.T.);
#9933 = ORIENTED_EDGE('',*,*,#6362,.T.);
#9934 = ORIENTED_EDGE('',*,*,#6386,.T.);
#9935 = ORIENTED_EDGE('',*,*,#6410,.T.);
#9936 = ORIENTED_EDGE('',*,*,#6434,.T.);
#9937 = ORIENTED_EDGE('',*,*,#6458,.T.);
#9938 = ORIENTED_EDGE('',*,*,#6482,.T.);
#9939 = ORIENTED_EDGE('',*,*,#6506,.T.);
#9940 = ORIENTED_EDGE('',*,*,#9941,.T.);
#9941 = EDGE_CURVE('',#6507,#6530,#9942,.T.);
#9942 = LINE('',#9943,#9944);
#9943 = CARTESIAN_POINT('',(-5.502221399786,0.225642857143,11.9968));
#9944 = VECTOR('',#9945,1.);
#9945 = DIRECTION('',(0.,-1.,0.));
#9946 = ORIENTED_EDGE('',*,*,#6537,.T.);
#9947 = ORIENTED_EDGE('',*,*,#6561,.T.);
#9948 = ORIENTED_EDGE('',*,*,#6585,.T.);
#9949 = ORIENTED_EDGE('',*,*,#6609,.T.);
#9950 = ORIENTED_EDGE('',*,*,#6633,.T.);
#9951 = ORIENTED_EDGE('',*,*,#6657,.T.);
#9952 = ORIENTED_EDGE('',*,*,#9953,.T.);
#9953 = EDGE_CURVE('',#6658,#6681,#9954,.T.);
#9954 = LINE('',#9955,#9956);
#9955 = CARTESIAN_POINT('',(-5.502221399786,-1.491657142857,11.5704));
#9956 = VECTOR('',#9957,1.);
#9957 = DIRECTION('',(0.,0.,-1.));
#9958 = ORIENTED_EDGE('',*,*,#6688,.T.);
#9959 = ORIENTED_EDGE('',*,*,#6712,.T.);
#9960 = ORIENTED_EDGE('',*,*,#6736,.T.);
#9961 = ORIENTED_EDGE('',*,*,#6760,.T.);
#9962 = ORIENTED_EDGE('',*,*,#6784,.T.);
#9963 = ORIENTED_EDGE('',*,*,#6808,.T.);
#9964 = ORIENTED_EDGE('',*,*,#6832,.T.);
#9965 = ORIENTED_EDGE('',*,*,#6856,.T.);
#9966 = ORIENTED_EDGE('',*,*,#9967,.T.);
#9967 = EDGE_CURVE('',#6857,#6880,#9968,.T.);
#9968 = LINE('',#9969,#9970);
#9969 = CARTESIAN_POINT('',(-5.502221399786,-1.349028571429,
    11.426285714286));
#9970 = VECTOR('',#9971,1.);
#9971 = DIRECTION('',(0.,1.,0.));
#9972 = ORIENTED_EDGE('',*,*,#6887,.T.);
#9973 = ORIENTED_EDGE('',*,*,#6911,.T.);
#9974 = ORIENTED_EDGE('',*,*,#6935,.T.);
#9975 = ORIENTED_EDGE('',*,*,#6959,.T.);
#9976 = ORIENTED_EDGE('',*,*,#6983,.T.);
#9977 = ORIENTED_EDGE('',*,*,#7007,.T.);
#9978 = ORIENTED_EDGE('',*,*,#7031,.T.);
#9979 = ORIENTED_EDGE('',*,*,#7055,.T.);
#9980 = ORIENTED_EDGE('',*,*,#9981,.T.);
#9981 = EDGE_CURVE('',#7056,#7079,#9982,.T.);
#9982 = LINE('',#9983,#9984);
#9983 = CARTESIAN_POINT('',(-5.502221399786,-1.2064,9.857371428571));
#9984 = VECTOR('',#9985,1.);
#9985 = DIRECTION('',(0.,0.,-1.));
#9986 = ORIENTED_EDGE('',*,*,#7086,.T.);
#9987 = ORIENTED_EDGE('',*,*,#7110,.T.);
#9988 = ORIENTED_EDGE('',*,*,#7134,.T.);
#9989 = ORIENTED_EDGE('',*,*,#7158,.T.);
#9990 = ORIENTED_EDGE('',*,*,#7182,.T.);
#9991 = ORIENTED_EDGE('',*,*,#7206,.T.);
#9992 = ORIENTED_EDGE('',*,*,#7230,.T.);
#9993 = ORIENTED_EDGE('',*,*,#9994,.T.);
#9994 = EDGE_CURVE('',#7231,#9995,#9997,.T.);
#9995 = VERTEX_POINT('',#9996);
#9996 = CARTESIAN_POINT('',(-5.502221399786,-0.208,9.714742857143));
#9997 = LINE('',#9998,#9999);
#9998 = CARTESIAN_POINT('',(-5.502221399786,-1.080857142857,
    9.714742857143));
#9999 = VECTOR('',#10000,1.);
#10000 = DIRECTION('',(0.,1.,0.));
#10001 = ORIENTED_EDGE('',*,*,#10002,.T.);
#10002 = EDGE_CURVE('',#9995,#7254,#10003,.T.);
#10003 = LINE('',#10004,#10005);
#10004 = CARTESIAN_POINT('',(-5.502221399786,-0.208,8.145828571429));
#10005 = VECTOR('',#10006,1.);
#10006 = DIRECTION('',(0.,0.,-1.));
#10007 = ORIENTED_EDGE('',*,*,#7261,.T.);
#10008 = ORIENTED_EDGE('',*,*,#7285,.T.);
#10009 = ORIENTED_EDGE('',*,*,#7309,.T.);
#10010 = ORIENTED_EDGE('',*,*,#7333,.T.);
#10011 = ORIENTED_EDGE('',*,*,#7357,.T.);
#10012 = ORIENTED_EDGE('',*,*,#7381,.T.);
#10013 = ORIENTED_EDGE('',*,*,#10014,.T.);
#10014 = EDGE_CURVE('',#7382,#7405,#10015,.T.);
#10015 = LINE('',#10016,#10017);
#10016 = CARTESIAN_POINT('',(-5.502221399786,-6.537142857143E-02,8.0032)
  );
#10017 = VECTOR('',#10018,1.);
#10018 = DIRECTION('',(0.,1.,0.));
#10019 = ORIENTED_EDGE('',*,*,#7412,.T.);
#10020 = ORIENTED_EDGE('',*,*,#7436,.T.);
#10021 = ORIENTED_EDGE('',*,*,#7460,.T.);
#10022 = ORIENTED_EDGE('',*,*,#7484,.T.);
#10023 = ORIENTED_EDGE('',*,*,#7508,.T.);
#10024 = ORIENTED_EDGE('',*,*,#7532,.T.);
#10025 = ORIENTED_EDGE('',*,*,#7556,.T.);
#10026 = PLANE('',#10027);
#10027 = AXIS2_PLACEMENT_3D('',#10028,#10029,#10030);
#10028 = CARTESIAN_POINT('',(-5.502221399786,-0.293807304171,
    10.325467409186));
#10029 = DIRECTION('',(-1.,0.,0.));
#10030 = DIRECTION('',(0.,-1.,0.));
#10031 = ADVANCED_FACE('',(#10032),#10142,.T.);
#10032 = FACE_BOUND('',#10033,.F.);
#10033 = EDGE_LOOP('',(#10034,#10035,#10036,#10037,#10038,#10039,#10040,
    #10041,#10042,#10043,#10044,#10045,#10046,#10047,#10048,#10054,
    #10055,#10056,#10057,#10058,#10059,#10060,#10061,#10067,#10068,
    #10069,#10070,#10071,#10072,#10073,#10074,#10075,#10076,#10077,
    #10078,#10079,#10080,#10081,#10082,#10083,#10084,#10085,#10086,
    #10087,#10088,#10089,#10090,#10091,#10092,#10093,#10094,#10095,
    #10096,#10097,#10098,#10099,#10100,#10101,#10102,#10103,#10104,
    #10105,#10106,#10107,#10108,#10109,#10115,#10116,#10117,#10118,
    #10119,#10125,#10126,#10132,#10133,#10134,#10135,#10136,#10137,
    #10138,#10139,#10140,#10141));
#10034 = ORIENTED_EDGE('',*,*,#9470,.T.);
#10035 = ORIENTED_EDGE('',*,*,#7587,.T.);
#10036 = ORIENTED_EDGE('',*,*,#7611,.T.);
#10037 = ORIENTED_EDGE('',*,*,#7635,.T.);
#10038 = ORIENTED_EDGE('',*,*,#7659,.T.);
#10039 = ORIENTED_EDGE('',*,*,#7683,.T.);
#10040 = ORIENTED_EDGE('',*,*,#7707,.T.);
#10041 = ORIENTED_EDGE('',*,*,#7731,.T.);
#10042 = ORIENTED_EDGE('',*,*,#7755,.T.);
#10043 = ORIENTED_EDGE('',*,*,#7779,.T.);
#10044 = ORIENTED_EDGE('',*,*,#7803,.T.);
#10045 = ORIENTED_EDGE('',*,*,#7827,.T.);
#10046 = ORIENTED_EDGE('',*,*,#7851,.T.);
#10047 = ORIENTED_EDGE('',*,*,#7875,.T.);
#10048 = ORIENTED_EDGE('',*,*,#10049,.T.);
#10049 = EDGE_CURVE('',#7876,#7899,#10050,.T.);
#10050 = LINE('',#10051,#10052);
#10051 = CARTESIAN_POINT('',(-5.502221399786,-2.062171428571,
    11.711542857143));
#10052 = VECTOR('',#10053,1.);
#10053 = DIRECTION('',(0.,0.,1.));
#10054 = ORIENTED_EDGE('',*,*,#7906,.T.);
#10055 = ORIENTED_EDGE('',*,*,#7930,.T.);
#10056 = ORIENTED_EDGE('',*,*,#7954,.T.);
#10057 = ORIENTED_EDGE('',*,*,#7978,.T.);
#10058 = ORIENTED_EDGE('',*,*,#8002,.T.);
#10059 = ORIENTED_EDGE('',*,*,#8026,.T.);
#10060 = ORIENTED_EDGE('',*,*,#8050,.T.);
#10061 = ORIENTED_EDGE('',*,*,#10062,.T.);
#10062 = EDGE_CURVE('',#8051,#8074,#10063,.T.);
#10063 = LINE('',#10064,#10065);
#10064 = CARTESIAN_POINT('',(-5.502221399786,-2.170628571429,
    11.934028571429));
#10065 = VECTOR('',#10066,1.);
#10066 = DIRECTION('',(0.,-0.80078057117,0.598957825591));
#10067 = ORIENTED_EDGE('',*,*,#8081,.T.);
#10068 = ORIENTED_EDGE('',*,*,#8105,.T.);
#10069 = ORIENTED_EDGE('',*,*,#8129,.T.);
#10070 = ORIENTED_EDGE('',*,*,#8153,.T.);
#10071 = ORIENTED_EDGE('',*,*,#8177,.T.);
#10072 = ORIENTED_EDGE('',*,*,#8201,.T.);
#10073 = ORIENTED_EDGE('',*,*,#8225,.T.);
#10074 = ORIENTED_EDGE('',*,*,#8249,.T.);
#10075 = ORIENTED_EDGE('',*,*,#8273,.T.);
#10076 = ORIENTED_EDGE('',*,*,#8297,.T.);
#10077 = ORIENTED_EDGE('',*,*,#8321,.T.);
#10078 = ORIENTED_EDGE('',*,*,#8345,.T.);
#10079 = ORIENTED_EDGE('',*,*,#8369,.T.);
#10080 = ORIENTED_EDGE('',*,*,#8393,.T.);
#10081 = ORIENTED_EDGE('',*,*,#8417,.T.);
#10082 = ORIENTED_EDGE('',*,*,#8441,.T.);
#10083 = ORIENTED_EDGE('',*,*,#8465,.T.);
#10084 = ORIENTED_EDGE('',*,*,#8489,.T.);
#10085 = ORIENTED_EDGE('',*,*,#8513,.T.);
#10086 = ORIENTED_EDGE('',*,*,#8537,.T.);
#10087 = ORIENTED_EDGE('',*,*,#8561,.T.);
#10088 = ORIENTED_EDGE('',*,*,#8585,.T.);
#10089 = ORIENTED_EDGE('',*,*,#8609,.T.);
#10090 = ORIENTED_EDGE('',*,*,#8633,.T.);
#10091 = ORIENTED_EDGE('',*,*,#8657,.T.);
#10092 = ORIENTED_EDGE('',*,*,#8681,.T.);
#10093 = ORIENTED_EDGE('',*,*,#8705,.T.);
#10094 = ORIENTED_EDGE('',*,*,#8729,.T.);
#10095 = ORIENTED_EDGE('',*,*,#8753,.T.);
#10096 = ORIENTED_EDGE('',*,*,#8777,.T.);
#10097 = ORIENTED_EDGE('',*,*,#8801,.T.);
#10098 = ORIENTED_EDGE('',*,*,#8825,.T.);
#10099 = ORIENTED_EDGE('',*,*,#8849,.T.);
#10100 = ORIENTED_EDGE('',*,*,#8873,.T.);
#10101 = ORIENTED_EDGE('',*,*,#8897,.T.);
#10102 = ORIENTED_EDGE('',*,*,#8921,.T.);
#10103 = ORIENTED_EDGE('',*,*,#8945,.T.);
#10104 = ORIENTED_EDGE('',*,*,#8969,.T.);
#10105 = ORIENTED_EDGE('',*,*,#8993,.T.);
#10106 = ORIENTED_EDGE('',*,*,#9017,.T.);
#10107 = ORIENTED_EDGE('',*,*,#9041,.T.);
#10108 = ORIENTED_EDGE('',*,*,#9065,.T.);
#10109 = ORIENTED_EDGE('',*,*,#10110,.T.);
#10110 = EDGE_CURVE('',#9066,#9089,#10111,.T.);
#10111 = LINE('',#10112,#10113);
#10112 = CARTESIAN_POINT('',(-5.502221399786,-2.341671428571,8.0032));
#10113 = VECTOR('',#10114,1.);
#10114 = DIRECTION('',(0.,1.,0.));
#10115 = ORIENTED_EDGE('',*,*,#9096,.T.);
#10116 = ORIENTED_EDGE('',*,*,#9120,.T.);
#10117 = ORIENTED_EDGE('',*,*,#9144,.T.);
#10118 = ORIENTED_EDGE('',*,*,#9168,.T.);
#10119 = ORIENTED_EDGE('',*,*,#10120,.T.);
#10120 = EDGE_CURVE('',#9169,#9192,#10121,.T.);
#10121 = LINE('',#10122,#10123);
#10122 = CARTESIAN_POINT('',(-5.502221399786,-2.228571428571,
    8.065971428571));
#10123 = VECTOR('',#10124,1.);
#10124 = DIRECTION('',(0.,0.571064488199,0.820905201785));
#10125 = ORIENTED_EDGE('',*,*,#9199,.T.);
#10126 = ORIENTED_EDGE('',*,*,#10127,.T.);
#10127 = EDGE_CURVE('',#9200,#9223,#10128,.T.);
#10128 = LINE('',#10129,#10130);
#10129 = CARTESIAN_POINT('',(-5.502221399786,-2.2048,8.140071428571));
#10130 = VECTOR('',#10131,1.);
#10131 = DIRECTION('',(0.,0.,1.));
#10132 = ORIENTED_EDGE('',*,*,#9230,.T.);
#10133 = ORIENTED_EDGE('',*,*,#9254,.T.);
#10134 = ORIENTED_EDGE('',*,*,#9278,.T.);
#10135 = ORIENTED_EDGE('',*,*,#9302,.T.);
#10136 = ORIENTED_EDGE('',*,*,#9326,.T.);
#10137 = ORIENTED_EDGE('',*,*,#9350,.T.);
#10138 = ORIENTED_EDGE('',*,*,#9374,.T.);
#10139 = ORIENTED_EDGE('',*,*,#9398,.T.);
#10140 = ORIENTED_EDGE('',*,*,#9422,.T.);
#10141 = ORIENTED_EDGE('',*,*,#9446,.T.);
#10142 = PLANE('',#10143);
#10143 = AXIS2_PLACEMENT_3D('',#10144,#10145,#10146);
#10144 = CARTESIAN_POINT('',(-5.502221399786,-2.964782549904,
    9.835371698725));
#10145 = DIRECTION('',(-1.,0.,0.));
#10146 = DIRECTION('',(0.,-1.,0.));
#10147 = ADVANCED_FACE('',(#10148),#10173,.T.);
#10148 = FACE_BOUND('',#10149,.T.);
#10149 = EDGE_LOOP('',(#10150,#10160,#10166,#10167));
#10150 = ORIENTED_EDGE('',*,*,#10151,.T.);
#10151 = EDGE_CURVE('',#10152,#10154,#10156,.T.);
#10152 = VERTEX_POINT('',#10153);
#10153 = CARTESIAN_POINT('',(-6.002221399786,-5.057371428571,
    8.573714285714));
#10154 = VERTEX_POINT('',#10155);
#10155 = CARTESIAN_POINT('',(-6.002221399786,-5.057371428571,
    11.426285714286));
#10156 = LINE('',#10157,#10158);
#10157 = CARTESIAN_POINT('',(-6.002221399786,-5.057371428571,
    4.213142857143));
#10158 = VECTOR('',#10159,1.);
#10159 = DIRECTION('',(0.,0.,1.));
#10160 = ORIENTED_EDGE('',*,*,#10161,.T.);
#10161 = EDGE_CURVE('',#10154,#9552,#10162,.T.);
#10162 = LINE('',#10163,#10164);
#10163 = CARTESIAN_POINT('',(-6.102221399786,-5.057371428571,
    11.426285714286));
#10164 = VECTOR('',#10165,1.);
#10165 = DIRECTION('',(1.,0.,0.));
#10166 = ORIENTED_EDGE('',*,*,#9551,.T.);
#10167 = ORIENTED_EDGE('',*,*,#10168,.F.);
#10168 = EDGE_CURVE('',#10152,#9554,#10169,.T.);
#10169 = LINE('',#10170,#10171);
#10170 = CARTESIAN_POINT('',(-6.102221399786,-5.057371428571,
    8.573714285714));
#10171 = VECTOR('',#10172,1.);
#10172 = DIRECTION('',(1.,0.,0.));
#10173 = PLANE('',#10174);
#10174 = AXIS2_PLACEMENT_3D('',#10175,#10176,#10177);
#10175 = CARTESIAN_POINT('',(-6.102221399786,-5.057371428571,
    11.426285714286));
#10176 = DIRECTION('',(-0.,1.,0.));
#10177 = DIRECTION('',(0.,0.,-1.));
#10178 = ADVANCED_FACE('',(#10179),#10197,.T.);
#10179 = FACE_BOUND('',#10180,.T.);
#10180 = EDGE_LOOP('',(#10181,#10189,#10195,#10196));
#10181 = ORIENTED_EDGE('',*,*,#10182,.T.);
#10182 = EDGE_CURVE('',#10154,#10183,#10185,.T.);
#10183 = VERTEX_POINT('',#10184);
#10184 = CARTESIAN_POINT('',(-6.002221399786,-5.913142857143,
    11.426285714286));
#10185 = LINE('',#10186,#10187);
#10186 = CARTESIAN_POINT('',(-6.002221399786,-5.957682128464,
    11.426285714286));
#10187 = VECTOR('',#10188,1.);
#10188 = DIRECTION('',(0.,-1.,0.));
#10189 = ORIENTED_EDGE('',*,*,#10190,.T.);
#10190 = EDGE_CURVE('',#10183,#9562,#10191,.T.);
#10191 = LINE('',#10192,#10193);
#10192 = CARTESIAN_POINT('',(-6.102221399786,-5.913142857143,
    11.426285714286));
#10193 = VECTOR('',#10194,1.);
#10194 = DIRECTION('',(1.,0.,0.));
#10195 = ORIENTED_EDGE('',*,*,#9561,.T.);
#10196 = ORIENTED_EDGE('',*,*,#10161,.F.);
#10197 = PLANE('',#10198);
#10198 = AXIS2_PLACEMENT_3D('',#10199,#10200,#10201);
#10199 = CARTESIAN_POINT('',(-6.102221399786,-5.913142857143,
    11.426285714286));
#10200 = DIRECTION('',(0.,0.,1.));
#10201 = DIRECTION('',(0.,1.,0.));
#10202 = ADVANCED_FACE('',(#10203),#10221,.T.);
#10203 = FACE_BOUND('',#10204,.T.);
#10204 = EDGE_LOOP('',(#10205,#10213,#10214,#10215));
#10205 = ORIENTED_EDGE('',*,*,#10206,.T.);
#10206 = EDGE_CURVE('',#10207,#10152,#10209,.T.);
#10207 = VERTEX_POINT('',#10208);
#10208 = CARTESIAN_POINT('',(-6.002221399786,-5.913142857143,
    8.573714285714));
#10209 = LINE('',#10210,#10211);
#10210 = CARTESIAN_POINT('',(-6.002221399786,-5.529796414179,
    8.573714285714));
#10211 = VECTOR('',#10212,1.);
#10212 = DIRECTION('',(0.,1.,0.));
#10213 = ORIENTED_EDGE('',*,*,#10168,.T.);
#10214 = ORIENTED_EDGE('',*,*,#9577,.T.);
#10215 = ORIENTED_EDGE('',*,*,#10216,.F.);
#10216 = EDGE_CURVE('',#10207,#9570,#10217,.T.);
#10217 = LINE('',#10218,#10219);
#10218 = CARTESIAN_POINT('',(-6.102221399786,-5.913142857143,
    8.573714285714));
#10219 = VECTOR('',#10220,1.);
#10220 = DIRECTION('',(1.,0.,0.));
#10221 = PLANE('',#10222);
#10222 = AXIS2_PLACEMENT_3D('',#10223,#10224,#10225);
#10223 = CARTESIAN_POINT('',(-6.102221399786,-5.057371428571,
    8.573714285714));
#10224 = DIRECTION('',(0.,0.,-1.));
#10225 = DIRECTION('',(0.,-1.,0.));
#10226 = ADVANCED_FACE('',(#10227),#10238,.T.);
#10227 = FACE_BOUND('',#10228,.T.);
#10228 = EDGE_LOOP('',(#10229,#10235,#10236,#10237));
#10229 = ORIENTED_EDGE('',*,*,#10230,.T.);
#10230 = EDGE_CURVE('',#10183,#10207,#10231,.T.);
#10231 = LINE('',#10232,#10233);
#10232 = CARTESIAN_POINT('',(-6.002221399786,-5.913142857143,
    2.786857142857));
#10233 = VECTOR('',#10234,1.);
#10234 = DIRECTION('',(0.,-0.,-1.));
#10235 = ORIENTED_EDGE('',*,*,#10216,.T.);
#10236 = ORIENTED_EDGE('',*,*,#9569,.T.);
#10237 = ORIENTED_EDGE('',*,*,#10190,.F.);
#10238 = PLANE('',#10239);
#10239 = AXIS2_PLACEMENT_3D('',#10240,#10241,#10242);
#10240 = CARTESIAN_POINT('',(-6.102221399786,-5.913142857143,
    8.573714285714));
#10241 = DIRECTION('',(0.,-1.,0.));
#10242 = DIRECTION('',(0.,0.,1.));
#10243 = ADVANCED_FACE('',(#10244),#10269,.F.);
#10244 = FACE_BOUND('',#10245,.F.);
#10245 = EDGE_LOOP('',(#10246,#10256,#10262,#10263));
#10246 = ORIENTED_EDGE('',*,*,#10247,.F.);
#10247 = EDGE_CURVE('',#10248,#10250,#10252,.T.);
#10248 = VERTEX_POINT('',#10249);
#10249 = CARTESIAN_POINT('',(1.501110699893,2.6,0.));
#10250 = VERTEX_POINT('',#10251);
#10251 = CARTESIAN_POINT('',(3.002221399786,1.83833041379E-16,0.));
#10252 = LINE('',#10253,#10254);
#10253 = CARTESIAN_POINT('',(1.501110699893,2.6,0.));
#10254 = VECTOR('',#10255,1.);
#10255 = DIRECTION('',(0.5,-0.866025403784,0.));
#10256 = ORIENTED_EDGE('',*,*,#10257,.T.);
#10257 = EDGE_CURVE('',#10248,#9592,#10258,.T.);
#10258 = LINE('',#10259,#10260);
#10259 = CARTESIAN_POINT('',(1.501110699893,2.6,0.));
#10260 = VECTOR('',#10261,1.);
#10261 = DIRECTION('',(0.,0.,1.));
#10262 = ORIENTED_EDGE('',*,*,#9598,.T.);
#10263 = ORIENTED_EDGE('',*,*,#10264,.F.);
#10264 = EDGE_CURVE('',#10250,#9599,#10265,.T.);
#10265 = LINE('',#10266,#10267);
#10266 = CARTESIAN_POINT('',(3.002221399786,1.83833041379E-16,0.));
#10267 = VECTOR('',#10268,1.);
#10268 = DIRECTION('',(0.,0.,1.));
#10269 = PLANE('',#10270);
#10270 = AXIS2_PLACEMENT_3D('',#10271,#10272,#10273);
#10271 = CARTESIAN_POINT('',(1.501110699893,2.6,0.));
#10272 = DIRECTION('',(0.866025403784,0.5,-0.));
#10273 = DIRECTION('',(0.5,-0.866025403784,0.));
#10274 = ADVANCED_FACE('',(#10275),#10293,.F.);
#10275 = FACE_BOUND('',#10276,.F.);
#10276 = EDGE_LOOP('',(#10277,#10285,#10291,#10292));
#10277 = ORIENTED_EDGE('',*,*,#10278,.F.);
#10278 = EDGE_CURVE('',#10279,#10248,#10281,.T.);
#10279 = VERTEX_POINT('',#10280);
#10280 = CARTESIAN_POINT('',(-1.501110699893,2.6,0.));
#10281 = LINE('',#10282,#10283);
#10282 = CARTESIAN_POINT('',(-1.501110699893,2.6,0.));
#10283 = VECTOR('',#10284,1.);
#10284 = DIRECTION('',(1.,-1.479202066449E-16,0.));
#10285 = ORIENTED_EDGE('',*,*,#10286,.T.);
#10286 = EDGE_CURVE('',#10279,#9621,#10287,.T.);
#10287 = LINE('',#10288,#10289);
#10288 = CARTESIAN_POINT('',(-1.501110699893,2.6,0.));
#10289 = VECTOR('',#10290,1.);
#10290 = DIRECTION('',(0.,0.,1.));
#10291 = ORIENTED_EDGE('',*,*,#9627,.T.);
#10292 = ORIENTED_EDGE('',*,*,#10257,.F.);
#10293 = PLANE('',#10294);
#10294 = AXIS2_PLACEMENT_3D('',#10295,#10296,#10297);
#10295 = CARTESIAN_POINT('',(-1.501110699893,2.6,0.));
#10296 = DIRECTION('',(1.479202066449E-16,1.,-0.));
#10297 = DIRECTION('',(1.,-1.479202066449E-16,0.));
#10298 = ADVANCED_FACE('',(#10299),#10317,.F.);
#10299 = FACE_BOUND('',#10300,.F.);
#10300 = EDGE_LOOP('',(#10301,#10309,#10315,#10316));
#10301 = ORIENTED_EDGE('',*,*,#10302,.F.);
#10302 = EDGE_CURVE('',#10303,#10279,#10305,.T.);
#10303 = VERTEX_POINT('',#10304);
#10304 = CARTESIAN_POINT('',(-3.002221399786,-5.51499124137E-16,0.));
#10305 = LINE('',#10306,#10307);
#10306 = CARTESIAN_POINT('',(-3.002221399786,-5.51499124137E-16,0.));
#10307 = VECTOR('',#10308,1.);
#10308 = DIRECTION('',(0.5,0.866025403784,0.));
#10309 = ORIENTED_EDGE('',*,*,#10310,.T.);
#10310 = EDGE_CURVE('',#10303,#9644,#10311,.T.);
#10311 = LINE('',#10312,#10313);
#10312 = CARTESIAN_POINT('',(-3.002221399786,-5.51499124137E-16,0.));
#10313 = VECTOR('',#10314,1.);
#10314 = DIRECTION('',(0.,0.,1.));
#10315 = ORIENTED_EDGE('',*,*,#9650,.T.);
#10316 = ORIENTED_EDGE('',*,*,#10286,.F.);
#10317 = PLANE('',#10318);
#10318 = AXIS2_PLACEMENT_3D('',#10319,#10320,#10321);
#10319 = CARTESIAN_POINT('',(-3.002221399786,-5.51499124137E-16,0.));
#10320 = DIRECTION('',(-0.866025403784,0.5,0.));
#10321 = DIRECTION('',(0.5,0.866025403784,0.));
#10322 = ADVANCED_FACE('',(#10323),#10341,.F.);
#10323 = FACE_BOUND('',#10324,.F.);
#10324 = EDGE_LOOP('',(#10325,#10333,#10339,#10340));
#10325 = ORIENTED_EDGE('',*,*,#10326,.F.);
#10326 = EDGE_CURVE('',#10327,#10303,#10329,.T.);
#10327 = VERTEX_POINT('',#10328);
#10328 = CARTESIAN_POINT('',(-1.501110699893,-2.6,0.));
#10329 = LINE('',#10330,#10331);
#10330 = CARTESIAN_POINT('',(-1.501110699893,-2.6,0.));
#10331 = VECTOR('',#10332,1.);
#10332 = DIRECTION('',(-0.5,0.866025403784,0.));
#10333 = ORIENTED_EDGE('',*,*,#10334,.T.);
#10334 = EDGE_CURVE('',#10327,#9667,#10335,.T.);
#10335 = LINE('',#10336,#10337);
#10336 = CARTESIAN_POINT('',(-1.501110699893,-2.6,0.));
#10337 = VECTOR('',#10338,1.);
#10338 = DIRECTION('',(0.,0.,1.));
#10339 = ORIENTED_EDGE('',*,*,#9673,.T.);
#10340 = ORIENTED_EDGE('',*,*,#10310,.F.);
#10341 = PLANE('',#10342);
#10342 = AXIS2_PLACEMENT_3D('',#10343,#10344,#10345);
#10343 = CARTESIAN_POINT('',(-1.501110699893,-2.6,0.));
#10344 = DIRECTION('',(-0.866025403784,-0.5,0.));
#10345 = DIRECTION('',(-0.5,0.866025403784,0.));
#10346 = ADVANCED_FACE('',(#10347),#10365,.F.);
#10347 = FACE_BOUND('',#10348,.F.);
#10348 = EDGE_LOOP('',(#10349,#10357,#10363,#10364));
#10349 = ORIENTED_EDGE('',*,*,#10350,.F.);
#10350 = EDGE_CURVE('',#10351,#10327,#10353,.T.);
#10351 = VERTEX_POINT('',#10352);
#10352 = CARTESIAN_POINT('',(1.501110699893,-2.6,0.));
#10353 = LINE('',#10354,#10355);
#10354 = CARTESIAN_POINT('',(1.501110699893,-2.6,0.));
#10355 = VECTOR('',#10356,1.);
#10356 = DIRECTION('',(-1.,-2.958404132898E-16,0.));
#10357 = ORIENTED_EDGE('',*,*,#10358,.T.);
#10358 = EDGE_CURVE('',#10351,#9690,#10359,.T.);
#10359 = LINE('',#10360,#10361);
#10360 = CARTESIAN_POINT('',(1.501110699893,-2.6,0.));
#10361 = VECTOR('',#10362,1.);
#10362 = DIRECTION('',(0.,0.,1.));
#10363 = ORIENTED_EDGE('',*,*,#9696,.T.);
#10364 = ORIENTED_EDGE('',*,*,#10334,.F.);
#10365 = PLANE('',#10366);
#10366 = AXIS2_PLACEMENT_3D('',#10367,#10368,#10369);
#10367 = CARTESIAN_POINT('',(1.501110699893,-2.6,0.));
#10368 = DIRECTION('',(2.958404132898E-16,-1.,0.));
#10369 = DIRECTION('',(-1.,-2.958404132898E-16,0.));
#10370 = ADVANCED_FACE('',(#10371),#10382,.F.);
#10371 = FACE_BOUND('',#10372,.F.);
#10372 = EDGE_LOOP('',(#10373,#10379,#10380,#10381));
#10373 = ORIENTED_EDGE('',*,*,#10374,.F.);
#10374 = EDGE_CURVE('',#10250,#10351,#10375,.T.);
#10375 = LINE('',#10376,#10377);
#10376 = CARTESIAN_POINT('',(3.002221399786,1.83833041379E-16,0.));
#10377 = VECTOR('',#10378,1.);
#10378 = DIRECTION('',(-0.5,-0.866025403784,0.));
#10379 = ORIENTED_EDGE('',*,*,#10264,.T.);
#10380 = ORIENTED_EDGE('',*,*,#9713,.T.);
#10381 = ORIENTED_EDGE('',*,*,#10358,.F.);
#10382 = PLANE('',#10383);
#10383 = AXIS2_PLACEMENT_3D('',#10384,#10385,#10386);
#10384 = CARTESIAN_POINT('',(3.002221399786,1.83833041379E-16,0.));
#10385 = DIRECTION('',(0.866025403784,-0.5,0.));
#10386 = DIRECTION('',(-0.5,-0.866025403784,0.));
#10387 = ADVANCED_FACE('',(#10388),#10394,.F.);
#10388 = FACE_BOUND('',#10389,.F.);
#10389 = EDGE_LOOP('',(#10390,#10391,#10392,#10393));
#10390 = ORIENTED_EDGE('',*,*,#10206,.T.);
#10391 = ORIENTED_EDGE('',*,*,#10151,.T.);
#10392 = ORIENTED_EDGE('',*,*,#10182,.T.);
#10393 = ORIENTED_EDGE('',*,*,#10230,.T.);
#10394 = PLANE('',#10395);
#10395 = AXIS2_PLACEMENT_3D('',#10396,#10397,#10398);
#10396 = CARTESIAN_POINT('',(-6.002221399786,-6.002221399786,-3.));
#10397 = DIRECTION('',(1.,0.,-0.));
#10398 = DIRECTION('',(0.,0.,1.));
#10399 = ADVANCED_FACE('',(#10400),#10408,.F.);
#10400 = FACE_BOUND('',#10401,.F.);
#10401 = EDGE_LOOP('',(#10402,#10403,#10404,#10405,#10406,#10407));
#10402 = ORIENTED_EDGE('',*,*,#10247,.T.);
#10403 = ORIENTED_EDGE('',*,*,#10374,.T.);
#10404 = ORIENTED_EDGE('',*,*,#10350,.T.);
#10405 = ORIENTED_EDGE('',*,*,#10326,.T.);
#10406 = ORIENTED_EDGE('',*,*,#10302,.T.);
#10407 = ORIENTED_EDGE('',*,*,#10278,.T.);
#10408 = PLANE('',#10409);
#10409 = AXIS2_PLACEMENT_3D('',#10410,#10411,#10412);
#10410 = CARTESIAN_POINT('',(1.72573574419E-16,2.465336777415E-17,0.));
#10411 = DIRECTION('',(-0.,-0.,-1.));
#10412 = DIRECTION('',(-1.,0.,0.));
#10413 = ADVANCED_FACE('',(#10414),#10420,.T.);
#10414 = FACE_BOUND('',#10415,.T.);
#10415 = EDGE_LOOP('',(#10416,#10417,#10418,#10419));
#10416 = ORIENTED_EDGE('',*,*,#631,.T.);
#10417 = ORIENTED_EDGE('',*,*,#2595,.T.);
#10418 = ORIENTED_EDGE('',*,*,#9519,.T.);
#10419 = ORIENTED_EDGE('',*,*,#2610,.F.);
#10420 = PLANE('',#10421);
#10421 = AXIS2_PLACEMENT_3D('',#10422,#10423,#10424);
#10422 = CARTESIAN_POINT('',(-5.752221399786,-5.462414285714,8.0032));
#10423 = DIRECTION('',(0.,0.,1.));
#10424 = DIRECTION('',(1.,0.,-0.));
#10425 = ADVANCED_FACE('',(#10426),#10432,.T.);
#10426 = FACE_BOUND('',#10427,.T.);
#10427 = EDGE_LOOP('',(#10428,#10429,#10430,#10431));
#10428 = ORIENTED_EDGE('',*,*,#127,.T.);
#10429 = ORIENTED_EDGE('',*,*,#4041,.T.);
#10430 = ORIENTED_EDGE('',*,*,#9744,.T.);
#10431 = ORIENTED_EDGE('',*,*,#4056,.F.);
#10432 = PLANE('',#10433);
#10433 = AXIS2_PLACEMENT_3D('',#10434,#10435,#10436);
#10434 = CARTESIAN_POINT('',(-5.752221399786,5.4886,8.0032));
#10435 = DIRECTION('',(0.,0.,1.));
#10436 = DIRECTION('',(1.,0.,-0.));
#10437 = ADVANCED_FACE('',(#10438),#10444,.T.);
#10438 = FACE_BOUND('',#10439,.T.);
#10439 = EDGE_LOOP('',(#10440,#10441,#10442,#10443));
#10440 = ORIENTED_EDGE('',*,*,#1443,.T.);
#10441 = ORIENTED_EDGE('',*,*,#7389,.T.);
#10442 = ORIENTED_EDGE('',*,*,#10014,.T.);
#10443 = ORIENTED_EDGE('',*,*,#7404,.F.);
#10444 = PLANE('',#10445);
#10445 = AXIS2_PLACEMENT_3D('',#10446,#10447,#10448);
#10446 = CARTESIAN_POINT('',(-5.752221399786,6.862142857143E-02,8.0032)
  );
#10447 = DIRECTION('',(0.,0.,1.));
#10448 = DIRECTION('',(1.,0.,-0.));
#10449 = ADVANCED_FACE('',(#10450),#10456,.T.);
#10450 = FACE_BOUND('',#10451,.T.);
#10451 = EDGE_LOOP('',(#10452,#10453,#10454,#10455));
#10452 = ORIENTED_EDGE('',*,*,#1989,.T.);
#10453 = ORIENTED_EDGE('',*,*,#9073,.T.);
#10454 = ORIENTED_EDGE('',*,*,#10110,.T.);
#10455 = ORIENTED_EDGE('',*,*,#9088,.F.);
#10456 = PLANE('',#10457);
#10457 = AXIS2_PLACEMENT_3D('',#10458,#10459,#10460);
#10458 = CARTESIAN_POINT('',(-5.752221399786,-3.065771428571,8.0032));
#10459 = DIRECTION('',(0.,0.,1.));
#10460 = DIRECTION('',(1.,0.,-0.));
#10461 = ADVANCED_FACE('',(#10462),#10468,.T.);
#10462 = FACE_BOUND('',#10463,.T.);
#10463 = EDGE_LOOP('',(#10464,#10465,#10466,#10467));
#10464 = ORIENTED_EDGE('',*,*,#495,.T.);
#10465 = ORIENTED_EDGE('',*,*,#2986,.T.);
#10466 = ORIENTED_EDGE('',*,*,#9497,.T.);
#10467 = ORIENTED_EDGE('',*,*,#3001,.F.);
#10468 = PLANE('',#10469);
#10469 = AXIS2_PLACEMENT_3D('',#10470,#10471,#10472);
#10470 = CARTESIAN_POINT('',(-5.752221399786,-4.486857142857,
    9.982914285714));
#10471 = DIRECTION('',(-0.,-1.,-0.));
#10472 = DIRECTION('',(0.,0.,-1.));
#10473 = ADVANCED_FACE('',(#10474),#10480,.T.);
#10474 = FACE_BOUND('',#10475,.T.);
#10475 = EDGE_LOOP('',(#10476,#10477,#10478,#10479));
#10476 = ORIENTED_EDGE('',*,*,#383,.T.);
#10477 = ORIENTED_EDGE('',*,*,#3305,.T.);
#10478 = ORIENTED_EDGE('',*,*,#9530,.T.);
#10479 = ORIENTED_EDGE('',*,*,#3320,.F.);
#10480 = PLANE('',#10481);
#10481 = AXIS2_PLACEMENT_3D('',#10482,#10483,#10484);
#10482 = CARTESIAN_POINT('',(-5.752221399786,-5.45675,11.9968));
#10483 = DIRECTION('',(-0.,-0.,-1.));
#10484 = DIRECTION('',(-1.,0.,0.));
#10485 = ADVANCED_FACE('',(#10486),#10492,.T.);
#10486 = FACE_BOUND('',#10487,.T.);
#10487 = EDGE_LOOP('',(#10488,#10489,#10490,#10491));
#10488 = ORIENTED_EDGE('',*,*,#3466,.F.);
#10489 = ORIENTED_EDGE('',*,*,#9785,.T.);
#10490 = ORIENTED_EDGE('',*,*,#3483,.F.);
#10491 = ORIENTED_EDGE('',*,*,#335,.T.);
#10492 = PLANE('',#10493);
#10493 = AXIS2_PLACEMENT_3D('',#10494,#10495,#10496);
#10494 = CARTESIAN_POINT('',(-5.752221399786,5.304432128464,11.9968));
#10495 = DIRECTION('',(-0.,-0.,-1.));
#10496 = DIRECTION('',(-1.,0.,0.));
#10497 = ADVANCED_FACE('',(#10498),#10504,.T.);
#10498 = FACE_BOUND('',#10499,.T.);
#10499 = EDGE_LOOP('',(#10500,#10501,#10502,#10503));
#10500 = ORIENTED_EDGE('',*,*,#1321,.T.);
#10501 = ORIENTED_EDGE('',*,*,#4432,.T.);
#10502 = ORIENTED_EDGE('',*,*,#9812,.T.);
#10503 = ORIENTED_EDGE('',*,*,#4447,.F.);
#10504 = PLANE('',#10505);
#10505 = AXIS2_PLACEMENT_3D('',#10506,#10507,#10508);
#10506 = CARTESIAN_POINT('',(-5.752221399786,2.916178571429,11.9968));
#10507 = DIRECTION('',(-0.,-0.,-1.));
#10508 = DIRECTION('',(-1.,0.,0.));
#10509 = ADVANCED_FACE('',(#10510),#10516,.T.);
#10510 = FACE_BOUND('',#10511,.T.);
#10511 = EDGE_LOOP('',(#10512,#10513,#10514,#10515));
#10512 = ORIENTED_EDGE('',*,*,#1771,.T.);
#10513 = ORIENTED_EDGE('',*,*,#6514,.T.);
#10514 = ORIENTED_EDGE('',*,*,#9941,.T.);
#10515 = ORIENTED_EDGE('',*,*,#6529,.F.);
#10516 = PLANE('',#10517);
#10517 = AXIS2_PLACEMENT_3D('',#10518,#10519,#10520);
#10518 = CARTESIAN_POINT('',(-5.752221399786,-0.541728571429,11.9968));
#10519 = DIRECTION('',(-0.,-0.,-1.));
#10520 = DIRECTION('',(-1.,0.,0.));
#10521 = ADVANCED_FACE('',(#10522),#10528,.T.);
#10522 = FACE_BOUND('',#10523,.T.);
#10523 = EDGE_LOOP('',(#10524,#10525,#10526,#10527));
#10524 = ORIENTED_EDGE('',*,*,#263,.T.);
#10525 = ORIENTED_EDGE('',*,*,#3667,.T.);
#10526 = ORIENTED_EDGE('',*,*,#9771,.T.);
#10527 = ORIENTED_EDGE('',*,*,#3682,.F.);
#10528 = PLANE('',#10529);
#10529 = AXIS2_PLACEMENT_3D('',#10530,#10531,#10532);
#10530 = CARTESIAN_POINT('',(-5.752221399786,4.486857142857,
    11.720178571429));
#10531 = DIRECTION('',(-7.115223834596E-16,1.,0.));
#10532 = DIRECTION('',(1.,7.115223834596E-16,0.));
#10533 = ADVANCED_FACE('',(#10534),#10540,.T.);
#10534 = FACE_BOUND('',#10535,.T.);
#10535 = EDGE_LOOP('',(#10536,#10537,#10538,#10539));
#10536 = ORIENTED_EDGE('',*,*,#207,.T.);
#10537 = ORIENTED_EDGE('',*,*,#3818,.T.);
#10538 = ORIENTED_EDGE('',*,*,#9759,.T.);
#10539 = ORIENTED_EDGE('',*,*,#3833,.F.);
#10540 = PLANE('',#10541);
#10541 = AXIS2_PLACEMENT_3D('',#10542,#10543,#10544);
#10542 = CARTESIAN_POINT('',(-5.752221399786,4.8919,11.426285714286));
#10543 = DIRECTION('',(0.,0.,1.));
#10544 = DIRECTION('',(1.,0.,-0.));
#10545 = ADVANCED_FACE('',(#10546),#10552,.T.);
#10546 = FACE_BOUND('',#10547,.T.);
#10547 = EDGE_LOOP('',(#10548,#10549,#10550,#10551));
#10548 = ORIENTED_EDGE('',*,*,#1185,.T.);
#10549 = ORIENTED_EDGE('',*,*,#4806,.T.);
#10550 = ORIENTED_EDGE('',*,*,#9839,.T.);
#10551 = ORIENTED_EDGE('',*,*,#4821,.F.);
#10552 = PLANE('',#10553);
#10553 = AXIS2_PLACEMENT_3D('',#10554,#10555,#10556);
#10554 = CARTESIAN_POINT('',(-5.752221399786,2.690814285714,
    11.426285714286));
#10555 = DIRECTION('',(0.,0.,1.));
#10556 = DIRECTION('',(1.,0.,-0.));
#10557 = ADVANCED_FACE('',(#10558),#10564,.T.);
#10558 = FACE_BOUND('',#10559,.T.);
#10559 = EDGE_LOOP('',(#10560,#10561,#10562,#10563));
#10560 = ORIENTED_EDGE('',*,*,#1643,.T.);
#10561 = ORIENTED_EDGE('',*,*,#6864,.T.);
#10562 = ORIENTED_EDGE('',*,*,#9967,.T.);
#10563 = ORIENTED_EDGE('',*,*,#6879,.F.);
#10564 = PLANE('',#10565);
#10565 = AXIS2_PLACEMENT_3D('',#10566,#10567,#10568);
#10566 = CARTESIAN_POINT('',(-5.752221399786,-0.792814285714,
    11.426285714286));
#10567 = DIRECTION('',(0.,0.,1.));
#10568 = DIRECTION('',(1.,0.,-0.));
#10569 = ADVANCED_FACE('',(#10570),#10576,.T.);
#10570 = FACE_BOUND('',#10571,.T.);
#10571 = EDGE_LOOP('',(#10572,#10573,#10574,#10575));
#10572 = ORIENTED_EDGE('',*,*,#55,.T.);
#10573 = ORIENTED_EDGE('',*,*,#4240,.T.);
#10574 = ORIENTED_EDGE('',*,*,#9730,.T.);
#10575 = ORIENTED_EDGE('',*,*,#4255,.F.);
#10576 = PLANE('',#10577);
#10577 = AXIS2_PLACEMENT_3D('',#10578,#10579,#10580);
#10578 = CARTESIAN_POINT('',(-5.752221399786,5.770514285714,
    9.766092857143));
#10579 = DIRECTION('',(-1.543872874135E-15,-1.,-0.));
#10580 = DIRECTION('',(-1.,1.543872874135E-15,0.));
#10581 = ADVANCED_FACE('',(#10582),#10588,.T.);
#10582 = FACE_BOUND('',#10583,.T.);
#10583 = EDGE_LOOP('',(#10584,#10585,#10586,#10587));
#10584 = ORIENTED_EDGE('',*,*,#665,.T.);
#10585 = ORIENTED_EDGE('',*,*,#6315,.T.);
#10586 = ORIENTED_EDGE('',*,*,#9800,.T.);
#10587 = ORIENTED_EDGE('',*,*,#4296,.F.);
#10588 = PLANE('',#10589);
#10589 = AXIS2_PLACEMENT_3D('',#10590,#10591,#10592);
#10590 = CARTESIAN_POINT('',(-5.752221399786,3.916342857143,
    10.855771428571));
#10591 = DIRECTION('',(7.142985411371E-16,-1.,-0.));
#10592 = DIRECTION('',(-1.,-7.142985411371E-16,0.));
#10593 = ADVANCED_FACE('',(#10594),#10600,.T.);
#10594 = FACE_BOUND('',#10595,.T.);
#10595 = EDGE_LOOP('',(#10596,#10597,#10598,#10599));
#10596 = ORIENTED_EDGE('',*,*,#1049,.T.);
#10597 = ORIENTED_EDGE('',*,*,#5197,.T.);
#10598 = ORIENTED_EDGE('',*,*,#9861,.T.);
#10599 = ORIENTED_EDGE('',*,*,#5212,.F.);
#10600 = PLANE('',#10601);
#10601 = AXIS2_PLACEMENT_3D('',#10602,#10603,#10604);
#10602 = CARTESIAN_POINT('',(-5.752221399786,1.919542857143,
    9.107085714286));
#10603 = DIRECTION('',(0.,1.,0.));
#10604 = DIRECTION('',(0.,-0.,1.));
#10605 = ADVANCED_FACE('',(#10606),#10612,.T.);
#10606 = FACE_BOUND('',#10607,.T.);
#10607 = EDGE_LOOP('',(#10608,#10609,#10610,#10611));
#10608 = ORIENTED_EDGE('',*,*,#1225,.T.);
#10609 = ORIENTED_EDGE('',*,*,#4703,.T.);
#10610 = ORIENTED_EDGE('',*,*,#9829,.T.);
#10611 = ORIENTED_EDGE('',*,*,#4718,.F.);
#10612 = PLANE('',#10613);
#10613 = AXIS2_PLACEMENT_3D('',#10614,#10615,#10616);
#10614 = CARTESIAN_POINT('',(-5.752221399786,1.947214285714,11.4833));
#10615 = DIRECTION('',(2.304818655872E-16,0.837610596839,0.546267780547)
  );
#10616 = DIRECTION('',(0.,-0.546267780547,0.837610596839));
#10617 = ADVANCED_FACE('',(#10618),#10624,.T.);
#10618 = FACE_BOUND('',#10619,.T.);
#10619 = EDGE_LOOP('',(#10620,#10621,#10622,#10623));
#10620 = ORIENTED_EDGE('',*,*,#881,.T.);
#10621 = ORIENTED_EDGE('',*,*,#5684,.T.);
#10622 = ORIENTED_EDGE('',*,*,#9887,.T.);
#10623 = ORIENTED_EDGE('',*,*,#5699,.F.);
#10624 = PLANE('',#10625);
#10625 = AXIS2_PLACEMENT_3D('',#10626,#10627,#10628);
#10626 = CARTESIAN_POINT('',(-5.752221399786,3.847814285714,8.1059));
#10627 = DIRECTION('',(-0.,-0.781363568139,0.62407609663));
#10628 = DIRECTION('',(0.,-0.62407609663,-0.781363568139));
#10629 = ADVANCED_FACE('',(#10630),#10641,.T.);
#10630 = FACE_BOUND('',#10631,.T.);
#10631 = EDGE_LOOP('',(#10632,#10633,#10634,#10635));
#10632 = ORIENTED_EDGE('',*,*,#1507,.T.);
#10633 = ORIENTED_EDGE('',*,*,#7238,.T.);
#10634 = ORIENTED_EDGE('',*,*,#9994,.T.);
#10635 = ORIENTED_EDGE('',*,*,#10636,.F.);
#10636 = EDGE_CURVE('',#1500,#9995,#10637,.T.);
#10637 = LINE('',#10638,#10639);
#10638 = CARTESIAN_POINT('',(-6.102221399786,-0.208,9.714742857143));
#10639 = VECTOR('',#10640,1.);
#10640 = DIRECTION('',(1.,0.,0.));
#10641 = PLANE('',#10642);
#10642 = AXIS2_PLACEMENT_3D('',#10643,#10644,#10645);
#10643 = CARTESIAN_POINT('',(-5.752221399786,-0.65585,9.714742857143));
#10644 = DIRECTION('',(0.,0.,1.));
#10645 = DIRECTION('',(1.,0.,-0.));
#10646 = ADVANCED_FACE('',(#10647),#10653,.T.);
#10647 = FACE_BOUND('',#10648,.T.);
#10648 = EDGE_LOOP('',(#10649,#10650,#10651,#10652));
#10649 = ORIENTED_EDGE('',*,*,#1715,.T.);
#10650 = ORIENTED_EDGE('',*,*,#6665,.T.);
#10651 = ORIENTED_EDGE('',*,*,#9953,.T.);
#10652 = ORIENTED_EDGE('',*,*,#6680,.F.);
#10653 = PLANE('',#10654);
#10654 = AXIS2_PLACEMENT_3D('',#10655,#10656,#10657);
#10655 = CARTESIAN_POINT('',(-5.752221399786,-1.491657142857,
    11.716742857143));
#10656 = DIRECTION('',(0.,1.,0.));
#10657 = DIRECTION('',(0.,-0.,1.));
#10658 = ADVANCED_FACE('',(#10659),#10665,.T.);
#10659 = FACE_BOUND('',#10660,.T.);
#10660 = EDGE_LOOP('',(#10661,#10662,#10663,#10664));
#10661 = ORIENTED_EDGE('',*,*,#1499,.T.);
#10662 = ORIENTED_EDGE('',*,*,#10636,.T.);
#10663 = ORIENTED_EDGE('',*,*,#10002,.T.);
#10664 = ORIENTED_EDGE('',*,*,#7253,.F.);
#10665 = PLANE('',#10666);
#10666 = AXIS2_PLACEMENT_3D('',#10667,#10668,#10669);
#10667 = CARTESIAN_POINT('',(-5.752221399786,-0.208,8.9184));
#10668 = DIRECTION('',(0.,1.,0.));
#10669 = DIRECTION('',(0.,-0.,1.));
#10670 = ADVANCED_FACE('',(#10671),#10677,.T.);
#10671 = FACE_BOUND('',#10672,.T.);
#10672 = EDGE_LOOP('',(#10673,#10674,#10675,#10676));
#10673 = ORIENTED_EDGE('',*,*,#1571,.T.);
#10674 = ORIENTED_EDGE('',*,*,#7063,.T.);
#10675 = ORIENTED_EDGE('',*,*,#9981,.T.);
#10676 = ORIENTED_EDGE('',*,*,#7078,.F.);
#10677 = PLANE('',#10678);
#10678 = AXIS2_PLACEMENT_3D('',#10679,#10680,#10681);
#10679 = CARTESIAN_POINT('',(-5.752221399786,-1.2064,10.002414285714));
#10680 = DIRECTION('',(0.,1.,0.));
#10681 = DIRECTION('',(0.,-0.,1.));
#10682 = ADVANCED_FACE('',(#10683),#10689,.T.);
#10683 = FACE_BOUND('',#10684,.T.);
#10684 = EDGE_LOOP('',(#10685,#10686,#10687,#10688));
#10685 = ORIENTED_EDGE('',*,*,#1379,.T.);
#10686 = ORIENTED_EDGE('',*,*,#7564,.T.);
#10687 = ORIENTED_EDGE('',*,*,#9927,.T.);
#10688 = ORIENTED_EDGE('',*,*,#6330,.F.);
#10689 = PLANE('',#10690);
#10690 = AXIS2_PLACEMENT_3D('',#10691,#10692,#10693);
#10691 = CARTESIAN_POINT('',(-5.752221399786,0.362514285714,
    9.990714285714));
#10692 = DIRECTION('',(-0.,-1.,-0.));
#10693 = DIRECTION('',(0.,0.,-1.));
#10694 = ADVANCED_FACE('',(#10695),#10701,.T.);
#10695 = FACE_BOUND('',#10696,.T.);
#10696 = EDGE_LOOP('',(#10697,#10698,#10699,#10700));
#10697 = ORIENTED_EDGE('',*,*,#2397,.T.);
#10698 = ORIENTED_EDGE('',*,*,#7883,.T.);
#10699 = ORIENTED_EDGE('',*,*,#10049,.T.);
#10700 = ORIENTED_EDGE('',*,*,#7898,.F.);
#10701 = PLANE('',#10702);
#10702 = AXIS2_PLACEMENT_3D('',#10703,#10704,#10705);
#10703 = CARTESIAN_POINT('',(-5.752221399786,-2.062171428571,
    11.711542857143));
#10704 = DIRECTION('',(-0.,-1.,-0.));
#10705 = DIRECTION('',(0.,0.,-1.));
#10706 = ADVANCED_FACE('',(#10707),#10713,.T.);
#10707 = FACE_BOUND('',#10708,.T.);
#10708 = EDGE_LOOP('',(#10709,#10710,#10711,#10712));
#10709 = ORIENTED_EDGE('',*,*,#2333,.T.);
#10710 = ORIENTED_EDGE('',*,*,#8058,.T.);
#10711 = ORIENTED_EDGE('',*,*,#10062,.T.);
#10712 = ORIENTED_EDGE('',*,*,#8073,.F.);
#10713 = PLANE('',#10714);
#10714 = AXIS2_PLACEMENT_3D('',#10715,#10716,#10717);
#10715 = CARTESIAN_POINT('',(-5.752221399786,-2.170628571429,
    11.934028571429));
#10716 = DIRECTION('',(-1.797849980872E-16,-0.598957825591,
    -0.80078057117));
#10717 = DIRECTION('',(0.,-0.80078057117,0.598957825591));
#10718 = ADVANCED_FACE('',(#10719),#10725,.T.);
#10719 = FACE_BOUND('',#10720,.T.);
#10720 = EDGE_LOOP('',(#10721,#10722,#10723,#10724));
#10721 = ORIENTED_EDGE('',*,*,#1949,.T.);
#10722 = ORIENTED_EDGE('',*,*,#9176,.T.);
#10723 = ORIENTED_EDGE('',*,*,#10120,.T.);
#10724 = ORIENTED_EDGE('',*,*,#9191,.F.);
#10725 = PLANE('',#10726);
#10726 = AXIS2_PLACEMENT_3D('',#10727,#10728,#10729);
#10727 = CARTESIAN_POINT('',(-5.752221399786,-2.228571428571,
    8.065971428571));
#10728 = DIRECTION('',(-0.,-0.820905201786,0.571064488199));
#10729 = DIRECTION('',(0.,-0.571064488199,-0.820905201786));
#10730 = ADVANCED_FACE('',(#10731),#10737,.T.);
#10731 = FACE_BOUND('',#10732,.T.);
#10732 = EDGE_LOOP('',(#10733,#10734,#10735,#10736));
#10733 = ORIENTED_EDGE('',*,*,#1933,.T.);
#10734 = ORIENTED_EDGE('',*,*,#9207,.T.);
#10735 = ORIENTED_EDGE('',*,*,#10127,.T.);
#10736 = ORIENTED_EDGE('',*,*,#9222,.F.);
#10737 = PLANE('',#10738);
#10738 = AXIS2_PLACEMENT_3D('',#10739,#10740,#10741);
#10739 = CARTESIAN_POINT('',(-5.752221399786,-2.2048,8.274157142857));
#10740 = DIRECTION('',(-0.,-1.,-0.));
#10741 = DIRECTION('',(0.,0.,-1.));
#10742 = ( GEOMETRIC_REPRESENTATION_CONTEXT(3) 
GLOBAL_UNCERTAINTY_ASSIGNED_CONTEXT((#10746)) 
GLOBAL_UNIT_ASSIGNED_CONTEXT((#10743,#10744,#10745)) 
REPRESENTATION_CONTEXT('Context #1',
  '3D Context with UNIT and UNCERTAINTY') );
#10743 = ( LENGTH_UNIT() NAMED_UNIT(*) SI_UNIT(.MILLI.,.METRE.) );
#10744 = ( NAMED_UNIT(*) PLANE_ANGLE_UNIT() SI_UNIT($,.RADIAN.) );
#10745 = ( NAMED_UNIT(*) SI_UNIT($,.STERADIAN.) SOLID_ANGLE_UNIT() );
#10746 = UNCERTAINTY_MEASURE_WITH_UNIT(LENGTH_MEASURE(2.E-07),#10743,
  'distance_accuracy_value','confusion accuracy');
#10747 = PRODUCT_RELATED_PRODUCT_CATEGORY('part',$,(#7));
ENDSEC;
END-ISO-10303-21;
