ISO-10303-21;
HEADER;
FILE_DESCRIPTION(('FreeCAD Model'),'2;1');
FILE_NAME('Open CASCADE Shape Model','2026-10-09T16:54:42',('FreeCAD'),(
    'FreeCAD'),'Open CASCADE STEP processor 7.8','FreeCAD','Unknown');
FILE_SCHEMA(('AUTOMOTIVE_DESIGN { 1 0 10303 214 1 1 1 1 }'));
ENDSEC;
DATA;
#1 = APPLICATION_PROTOCOL_DEFINITION('international standard',
  'automotive_design',2000,#2);
#2 = APPLICATION_CONTEXT(
  'core data for automotive mechanical design processes');
#3 = SHAPE_DEFINITION_REPRESENTATION(#4,#10);
#4 = PRODUCT_DEFINITION_SHAPE('','',#5);
#5 = PRODUCT_DEFINITION('design','',#6,#9);
#6 = PRODUCT_DEFINITION_FORMATION('','',#7);
#7 = PRODUCT('Open CASCADE STEP translator 7.8 4',
  'Open CASCADE STEP translator 7.8 4','',(#8));
#8 = PRODUCT_CONTEXT('',#2,'mechanical');
#9 = PRODUCT_DEFINITION_CONTEXT('part definition',#2,'design');
#10 = ADVANCED_BREP_SHAPE_REPRESENTATION('',(#11,#15),#15309);
#11 = AXIS2_PLACEMENT_3D('',#12,#13,#14);
#12 = CARTESIAN_POINT('',(0.,0.,0.));
#13 = DIRECTION('',(0.,0.,1.));
#14 = DIRECTION('',(1.,0.,-0.));
#15 = MANIFOLD_SOLID_BREP('',#16);
#16 = CLOSED_SHELL('',(#17,#3565,#3596,#3664,#3699,#3716,#3747,#3771,
    #3795,#3819,#3843,#3867,#3898,#3922,#3946,#3970,#3994,#4018,#4049,
    #4073,#4097,#4121,#4145,#4169,#4193,#4217,#4248,#4272,#4296,#4320,
    #4344,#4368,#4399,#4423,#4447,#4471,#4495,#4519,#4543,#4567,#4591,
    #4622,#4646,#4670,#4694,#4718,#4742,#4766,#4790,#4821,#4845,#4869,
    #4893,#4917,#4941,#4965,#4989,#5013,#5037,#5061,#5085,#5109,#5140,
    #5164,#5188,#5212,#5236,#5260,#5284,#5315,#5339,#5363,#5387,#5411,
    #5435,#5459,#5483,#5507,#5531,#5555,#5579,#5603,#5627,#5651,#5675,
    #5699,#5723,#5747,#5771,#5795,#5819,#5843,#5867,#5891,#5915,#5939,
    #5963,#5987,#6011,#6035,#6059,#6083,#6107,#6131,#6155,#6179,#6203,
    #6227,#6251,#6275,#6299,#6330,#6354,#6378,#6402,#6433,#6464,#6488,
    #6512,#6536,#6560,#6584,#6608,#6632,#6656,#6680,#6697,#6728,#6752,
    #6776,#6800,#6824,#6848,#6872,#6896,#6920,#6944,#6968,#6992,#7016,
    #7047,#7071,#7095,#7119,#7143,#7167,#7191,#7215,#7239,#7263,#7287,
    #7311,#7342,#7366,#7390,#7414,#7438,#7469,#7493,#7517,#7541,#7565,
    #7589,#7613,#7637,#7661,#7685,#7709,#7733,#7757,#7781,#7812,#7836,
    #7860,#7884,#7908,#7932,#7956,#7980,#8004,#8028,#8052,#8076,#8100,
    #8124,#8148,#8172,#8203,#8227,#8251,#8275,#8299,#8323,#8347,#8371,
    #8395,#8419,#8443,#8467,#8491,#8522,#8546,#8570,#8594,#8618,#8642,
    #8666,#8697,#8721,#8745,#8769,#8793,#8817,#8841,#8865,#8889,#8913,
    #8937,#8961,#8985,#9009,#9033,#9057,#9081,#9105,#9129,#9153,#9177,
    #9201,#9225,#9249,#9273,#9297,#9321,#9345,#9369,#9393,#9417,#9441,
    #9465,#9489,#9513,#9537,#9561,#9585,#9609,#9633,#9657,#9681,#9712,
    #9736,#9760,#9784,#9815,#9846,#9870,#9894,#9918,#9942,#9966,#9990,
    #10014,#10038,#10062,#10079,#10110,#10134,#10158,#10182,#10206,
    #10230,#10254,#10278,#10302,#10326,#10350,#10374,#10398,#10422,
    #10446,#10470,#10494,#10525,#10549,#10573,#10597,#10621,#10645,
    #10669,#10693,#10717,#10741,#10765,#10789,#10813,#10837,#10868,
    #10892,#10916,#10940,#10971,#10995,#11019,#11043,#11067,#11091,
    #11115,#11139,#11163,#11187,#11211,#11235,#11259,#11283,#11307,
    #11331,#11355,#11379,#11403,#11427,#11451,#11475,#11499,#11523,
    #11547,#11571,#11595,#11619,#11643,#11667,#11691,#11715,#11746,
    #11770,#11794,#11818,#11842,#11866,#11890,#11914,#11938,#11962,
    #11993,#12017,#12041,#12065,#12089,#12113,#12137,#12161,#12185,
    #12209,#12233,#12257,#12281,#12312,#12343,#12367,#12391,#12415,
    #12439,#12463,#12487,#12511,#12542,#12566,#12590,#12614,#12638,
    #12662,#12693,#12717,#12741,#12765,#12789,#12813,#12837,#12861,
    #12892,#12916,#12940,#12964,#12988,#13012,#13036,#13060,#13091,
    #13115,#13139,#13163,#13187,#13211,#13235,#13266,#13290,#13314,
    #13338,#13362,#13386,#13417,#13441,#13465,#13489,#13513,#13537,
    #13561,#13573,#13602,#13625,#13648,#13671,#13694,#13711,#13736,
    #13831,#13947,#14079,#14195,#14370,#14478,#14509,#14533,#14557,
    #14581,#14605,#14622,#14639,#14670,#14694,#14718,#14735,#14766,
    #14790,#14814,#14831,#14843,#14855,#14872,#14884,#14896,#14908,
    #14920,#14932,#14944,#14956,#14968,#14980,#14992,#15004,#15016,
    #15028,#15040,#15052,#15064,#15076,#15088,#15100,#15112,#15124,
    #15136,#15148,#15160,#15172,#15184,#15196,#15208,#15225,#15237,
    #15249,#15261,#15273,#15285,#15297));
#17 = ADVANCED_FACE('',(#18,#52,#454,#1120,#1642,#2308,#3094),#3560,.F.
  );
#18 = FACE_BOUND('',#19,.F.);
#19 = EDGE_LOOP('',(#20,#30,#38,#46));
#20 = ORIENTED_EDGE('',*,*,#21,.F.);
#21 = EDGE_CURVE('',#22,#24,#26,.T.);
#22 = VERTEX_POINT('',#23);
#23 = CARTESIAN_POINT('',(-8.992895794188,-8.992895794188,-3.));
#24 = VERTEX_POINT('',#25);
#25 = CARTESIAN_POINT('',(-8.992895794188,-8.992895794188,80.8));
#26 = LINE('',#27,#28);
#27 = CARTESIAN_POINT('',(-8.992895794188,-8.992895794188,-3.));
#28 = VECTOR('',#29,1.);
#29 = DIRECTION('',(0.,0.,1.));
#30 = ORIENTED_EDGE('',*,*,#31,.T.);
#31 = EDGE_CURVE('',#22,#32,#34,.T.);
#32 = VERTEX_POINT('',#33);
#33 = CARTESIAN_POINT('',(-8.992895794188,8.992895794188,-3.));
#34 = LINE('',#35,#36);
#35 = CARTESIAN_POINT('',(-8.992895794188,-8.992895794188,-3.));
#36 = VECTOR('',#37,1.);
#37 = DIRECTION('',(-0.,1.,0.));
#38 = ORIENTED_EDGE('',*,*,#39,.T.);
#39 = EDGE_CURVE('',#32,#40,#42,.T.);
#40 = VERTEX_POINT('',#41);
#41 = CARTESIAN_POINT('',(-8.992895794188,8.992895794188,80.8));
#42 = LINE('',#43,#44);
#43 = CARTESIAN_POINT('',(-8.992895794188,8.992895794188,-3.));
#44 = VECTOR('',#45,1.);
#45 = DIRECTION('',(0.,0.,1.));
#46 = ORIENTED_EDGE('',*,*,#47,.F.);
#47 = EDGE_CURVE('',#24,#40,#48,.T.);
#48 = LINE('',#49,#50);
#49 = CARTESIAN_POINT('',(-8.992895794188,-8.992895794188,80.8));
#50 = VECTOR('',#51,1.);
#51 = DIRECTION('',(-0.,1.,0.));
#52 = FACE_BOUND('',#53,.F.);
#53 = EDGE_LOOP('',(#54,#64,#72,#80,#88,#96,#104,#112,#120,#128,#136,
    #144,#152,#160,#168,#176,#184,#192,#200,#208,#216,#224,#232,#240,
    #248,#256,#264,#272,#280,#288,#296,#304,#312,#320,#328,#336,#344,
    #352,#360,#368,#376,#384,#392,#400,#408,#416,#424,#432,#440,#448));
#54 = ORIENTED_EDGE('',*,*,#55,.T.);
#55 = EDGE_CURVE('',#56,#58,#60,.T.);
#56 = VERTEX_POINT('',#57);
#57 = CARTESIAN_POINT('',(-8.992895794188,7.600728571429,41.832042857143
    ));
#58 = VERTEX_POINT('',#59);
#59 = CARTESIAN_POINT('',(-8.992895794188,7.5829,41.826285714286));
#60 = LINE('',#61,#62);
#61 = CARTESIAN_POINT('',(-8.992895794188,-6.476526172986,
    37.286262679259));
#62 = VECTOR('',#63,1.);
#63 = DIRECTION('',(0.,-0.951615146191,-0.307292390957));
#64 = ORIENTED_EDGE('',*,*,#65,.T.);
#65 = EDGE_CURVE('',#58,#66,#68,.T.);
#66 = VERTEX_POINT('',#67);
#67 = CARTESIAN_POINT('',(-8.992895794188,6.982857142857,41.826285714286
    ));
#68 = LINE('',#69,#70);
#69 = CARTESIAN_POINT('',(-8.992895794188,-1.005019325666,
    41.826285714286));
#70 = VECTOR('',#71,1.);
#71 = DIRECTION('',(0.,-1.,0.));
#72 = ORIENTED_EDGE('',*,*,#73,.T.);
#73 = EDGE_CURVE('',#66,#74,#76,.T.);
#74 = VERTEX_POINT('',#75);
#75 = CARTESIAN_POINT('',(-8.992895794188,6.982857142857,38.5059));
#76 = LINE('',#77,#78);
#77 = CARTESIAN_POINT('',(-8.992895794188,6.982857142857,17.75295));
#78 = VECTOR('',#79,1.);
#79 = DIRECTION('',(0.,-0.,-1.));
#80 = ORIENTED_EDGE('',*,*,#81,.T.);
#81 = EDGE_CURVE('',#74,#82,#84,.T.);
#82 = VERTEX_POINT('',#83);
#83 = CARTESIAN_POINT('',(-8.992895794188,6.9771,38.488814285714));
#84 = LINE('',#85,#86);
#85 = CARTESIAN_POINT('',(-8.992895794188,-0.114319856821,
    17.443310194504));
#86 = VECTOR('',#87,1.);
#87 = DIRECTION('',(0.,-0.319316245627,-0.947648212829));
#88 = ORIENTED_EDGE('',*,*,#89,.T.);
#89 = EDGE_CURVE('',#82,#90,#92,.T.);
#90 = VERTEX_POINT('',#91);
#91 = CARTESIAN_POINT('',(-8.992895794188,6.965028571429,38.471728571429
    ));
#92 = LINE('',#93,#94);
#93 = CARTESIAN_POINT('',(-8.992895794188,-5.463971637488,
    20.879912891116));
#94 = VECTOR('',#95,1.);
#95 = DIRECTION('',(0.,-0.577031680865,-0.816721763686));
#96 = ORIENTED_EDGE('',*,*,#97,.T.);
#97 = EDGE_CURVE('',#90,#98,#100,.T.);
#98 = VERTEX_POINT('',#99);
#99 = CARTESIAN_POINT('',(-8.992895794188,6.953328571429,38.454457142857
    ));
#100 = LINE('',#101,#102);
#101 = CARTESIAN_POINT('',(-8.992895794188,-5.179031109469,
    20.544783328199));
#102 = VECTOR('',#103,1.);
#103 = DIRECTION('',(0.,-0.56084814517,-0.827918690488));
#104 = ORIENTED_EDGE('',*,*,#105,.T.);
#105 = EDGE_CURVE('',#98,#106,#108,.T.);
#106 = VERTEX_POINT('',#107);
#107 = CARTESIAN_POINT('',(-8.992895794188,6.9355,38.437371428571));
#108 = LINE('',#109,#110);
#109 = CARTESIAN_POINT('',(-8.992895794188,-7.565941179196,
    24.540156965175));
#110 = VECTOR('',#111,1.);
#111 = DIRECTION('',(0.,-0.721988205115,-0.691905363236));
#112 = ORIENTED_EDGE('',*,*,#113,.T.);
#113 = EDGE_CURVE('',#106,#114,#116,.T.);
#114 = VERTEX_POINT('',#115);
#115 = CARTESIAN_POINT('',(-8.992895794188,6.917485714286,
    38.426042857143));
#116 = LINE('',#117,#118);
#117 = CARTESIAN_POINT('',(-8.992895794188,-8.11749810898,
    28.971053030141));
#118 = VECTOR('',#119,1.);
#119 = DIRECTION('',(0.,-0.846524186767,-0.532350261781));
#120 = ORIENTED_EDGE('',*,*,#121,.T.);
#121 = EDGE_CURVE('',#114,#122,#124,.T.);
#122 = VERTEX_POINT('',#123);
#123 = CARTESIAN_POINT('',(-8.992895794188,6.899657142857,
    38.414528571429));
#124 = LINE('',#125,#126);
#125 = CARTESIAN_POINT('',(-8.992895794188,-8.144946299905,
    28.698222181311));
#126 = VECTOR('',#127,1.);
#127 = DIRECTION('',(0.,-0.840039377769,-0.542525431476));
#128 = ORIENTED_EDGE('',*,*,#129,.T.);
#129 = EDGE_CURVE('',#122,#130,#132,.T.);
#130 = VERTEX_POINT('',#131);
#131 = CARTESIAN_POINT('',(-8.992895794188,6.881828571429,
    38.408957142857));
#132 = LINE('',#133,#134);
#133 = CARTESIAN_POINT('',(-8.992895794188,-6.243876070967,
    34.307174442108));
#134 = VECTOR('',#135,1.);
#135 = DIRECTION('',(0.,-0.954479978035,-0.298274993136));
#136 = ORIENTED_EDGE('',*,*,#137,.T.);
#137 = EDGE_CURVE('',#130,#138,#140,.T.);
#138 = VERTEX_POINT('',#139);
#139 = CARTESIAN_POINT('',(-8.992895794188,6.864,38.4032));
#140 = LINE('',#141,#142);
#141 = CARTESIAN_POINT('',(-8.992895794188,-6.369422169561,
    34.129907424413));
#142 = VECTOR('',#143,1.);
#143 = DIRECTION('',(0.,-0.951615146191,-0.307292390957));
#144 = ORIENTED_EDGE('',*,*,#145,.T.);
#145 = EDGE_CURVE('',#138,#146,#148,.T.);
#146 = VERTEX_POINT('',#147);
#147 = CARTESIAN_POINT('',(-8.992895794188,6.537885714286,38.4032));
#148 = LINE('',#149,#150);
#149 = CARTESIAN_POINT('',(-8.992895794188,-1.227505039951,38.4032));
#150 = VECTOR('',#151,1.);
#151 = DIRECTION('',(0.,-1.,0.));
#152 = ORIENTED_EDGE('',*,*,#153,.T.);
#153 = EDGE_CURVE('',#146,#154,#156,.T.);
#154 = VERTEX_POINT('',#155);
#155 = CARTESIAN_POINT('',(-8.992895794188,6.515042857143,
    38.408957142857));
#156 = LINE('',#157,#158);
#157 = CARTESIAN_POINT('',(-8.992895794188,4.130728056948,
    39.009882011199));
#158 = VECTOR('',#159,1.);
#159 = DIRECTION('',(0.,-0.969676988372,0.244390135281));
#160 = ORIENTED_EDGE('',*,*,#161,.T.);
#161 = EDGE_CURVE('',#154,#162,#164,.T.);
#162 = VERTEX_POINT('',#163);
#163 = CARTESIAN_POINT('',(-8.992895794188,6.4922,38.420285714286));
#164 = LINE('',#165,#166);
#165 = CARTESIAN_POINT('',(-8.992895794188,8.521441099311,
    37.413914112189));
#166 = VECTOR('',#167,1.);
#167 = DIRECTION('',(0.,-0.895879160097,0.444297794845));
#168 = ORIENTED_EDGE('',*,*,#169,.T.);
#169 = EDGE_CURVE('',#162,#170,#172,.T.);
#170 = VERTEX_POINT('',#171);
#171 = CARTESIAN_POINT('',(-8.992895794188,6.469357142857,38.4318));
#172 = LINE('',#173,#174);
#173 = CARTESIAN_POINT('',(-8.992895794188,8.631126027995,
    37.342127879036));
#174 = VECTOR('',#175,1.);
#175 = DIRECTION('',(0.,-0.892970492237,0.450115207469));
#176 = ORIENTED_EDGE('',*,*,#177,.T.);
#177 = EDGE_CURVE('',#170,#178,#180,.T.);
#178 = VERTEX_POINT('',#179);
#179 = CARTESIAN_POINT('',(-8.992895794188,6.446514285714,
    38.448885714286));
#180 = LINE('',#181,#182);
#181 = CARTESIAN_POINT('',(-8.992895794188,11.43640017653,
    34.716613340668));
#182 = VECTOR('',#183,1.);
#183 = DIRECTION('',(0.,-0.80078057117,0.598957825591));
#184 = ORIENTED_EDGE('',*,*,#185,.T.);
#185 = EDGE_CURVE('',#178,#186,#188,.T.);
#186 = VERTEX_POINT('',#187);
#187 = CARTESIAN_POINT('',(-8.992895794188,6.435185714286,
    38.471728571429));
#188 = LINE('',#189,#190);
#189 = CARTESIAN_POINT('',(-8.992895794188,13.16607399488,
    24.899609579411));
#190 = VECTOR('',#191,1.);
#191 = DIRECTION('',(0.,-0.444297794845,0.895879160097));
#192 = ORIENTED_EDGE('',*,*,#193,.T.);
#193 = EDGE_CURVE('',#186,#194,#196,.T.);
#194 = VERTEX_POINT('',#195);
#195 = CARTESIAN_POINT('',(-8.992895794188,6.423671428571,
    38.488814285714));
#196 = LINE('',#197,#198);
#197 = CARTESIAN_POINT('',(-8.992895794188,13.629997081863,
    27.795556864701));
#198 = VECTOR('',#199,1.);
#199 = DIRECTION('',(0.,-0.558853462072,0.829266427591));
#200 = ORIENTED_EDGE('',*,*,#201,.T.);
#201 = EDGE_CURVE('',#194,#202,#204,.T.);
#202 = VERTEX_POINT('',#203);
#203 = CARTESIAN_POINT('',(-8.992895794188,6.4181,38.517228571429));
#204 = LINE('',#205,#206);
#205 = CARTESIAN_POINT('',(-8.992895794188,10.052436725659,
    19.982111270568));
#206 = VECTOR('',#207,1.);
#207 = DIRECTION('',(0.,-0.192414460721,0.981313749677));
#208 = ORIENTED_EDGE('',*,*,#209,.T.);
#209 = EDGE_CURVE('',#202,#210,#212,.T.);
#210 = VERTEX_POINT('',#211);
#211 = CARTESIAN_POINT('',(-8.992895794188,6.412342857143,
    38.540071428571));
#212 = LINE('',#213,#214);
#213 = CARTESIAN_POINT('',(-8.992895794188,10.874364548044,
    20.835920848542));
#214 = VECTOR('',#215,1.);
#215 = DIRECTION('',(0.,-0.244390135281,0.969676988372));
#216 = ORIENTED_EDGE('',*,*,#217,.T.);
#217 = EDGE_CURVE('',#210,#218,#220,.T.);
#218 = VERTEX_POINT('',#219);
#219 = CARTESIAN_POINT('',(-8.992895794188,6.412342857143,
    41.826285714286));
#220 = LINE('',#221,#222);
#221 = CARTESIAN_POINT('',(-8.992895794188,6.412342857143,
    19.413142857143));
#222 = VECTOR('',#223,1.);
#223 = DIRECTION('',(0.,0.,1.));
#224 = ORIENTED_EDGE('',*,*,#225,.T.);
#225 = EDGE_CURVE('',#218,#226,#228,.T.);
#226 = VERTEX_POINT('',#227);
#227 = CARTESIAN_POINT('',(-8.992895794188,5.796142857143,
    41.826285714286));
#228 = LINE('',#229,#230);
#229 = CARTESIAN_POINT('',(-8.992895794188,-1.598376468523,
    41.826285714286));
#230 = VECTOR('',#231,1.);
#231 = DIRECTION('',(0.,-1.,0.));
#232 = ORIENTED_EDGE('',*,*,#233,.T.);
#233 = EDGE_CURVE('',#226,#234,#236,.T.);
#234 = VERTEX_POINT('',#235);
#235 = CARTESIAN_POINT('',(-8.992895794188,5.779057142857,
    41.838357142857));
#236 = LINE('',#237,#238);
#237 = CARTESIAN_POINT('',(-8.992895794188,11.417939878106,
    37.854363905997));
#238 = VECTOR('',#239,1.);
#239 = DIRECTION('',(0.,-0.816721763686,0.577031680865));
#240 = ORIENTED_EDGE('',*,*,#241,.T.);
#241 = EDGE_CURVE('',#234,#242,#244,.T.);
#242 = VERTEX_POINT('',#243);
#243 = CARTESIAN_POINT('',(-8.992895794188,5.761971428571,41.8443));
#244 = LINE('',#245,#246);
#245 = CARTESIAN_POINT('',(-8.992895794188,6.138047684187,
    41.713490867612));
#246 = VECTOR('',#247,1.);
#247 = DIRECTION('',(0.,-0.944496796706,0.328520624941));
#248 = ORIENTED_EDGE('',*,*,#249,.T.);
#249 = EDGE_CURVE('',#242,#250,#252,.T.);
#250 = VERTEX_POINT('',#251);
#251 = CARTESIAN_POINT('',(-8.992895794188,5.739128571429,
    41.868628571429));
#252 = LINE('',#253,#254);
#253 = CARTESIAN_POINT('',(-8.992895794188,13.482817260559,
    33.621285333412));
#254 = VECTOR('',#255,1.);
#255 = DIRECTION('',(0.,-0.68449627479,0.729016357703));
#256 = ORIENTED_EDGE('',*,*,#257,.T.);
#257 = EDGE_CURVE('',#250,#258,#260,.T.);
#258 = VERTEX_POINT('',#259);
#259 = CARTESIAN_POINT('',(-8.992895794188,5.722042857143,
    41.892771428571));
#260 = LINE('',#261,#262);
#261 = CARTESIAN_POINT('',(-8.992895794188,13.851090040963,
    30.406074320999));
#262 = VECTOR('',#263,1.);
#263 = DIRECTION('',(0.,-0.577668857514,0.816271211705));
#264 = ORIENTED_EDGE('',*,*,#265,.T.);
#265 = EDGE_CURVE('',#258,#266,#268,.T.);
#266 = VERTEX_POINT('',#267);
#267 = CARTESIAN_POINT('',(-8.992895794188,5.704957142857,
    41.922857142857));
#268 = LINE('',#269,#270);
#269 = CARTESIAN_POINT('',(-8.992895794188,13.558011706618,
    28.09465236754));
#270 = VECTOR('',#271,1.);
#271 = DIRECTION('',(0.,-0.493824955141,0.869561334053));
#272 = ORIENTED_EDGE('',*,*,#273,.T.);
#273 = EDGE_CURVE('',#266,#274,#276,.T.);
#274 = VERTEX_POINT('',#275);
#275 = CARTESIAN_POINT('',(-8.992895794188,5.6992,41.953128571429));
#276 = LINE('',#277,#278);
#277 = CARTESIAN_POINT('',(-8.992895794188,9.568234773215,
    21.609494118718));
#278 = VECTOR('',#279,1.);
#279 = DIRECTION('',(0.,-0.186835151334,0.982391279596));
#280 = ORIENTED_EDGE('',*,*,#281,.T.);
#281 = EDGE_CURVE('',#274,#282,#284,.T.);
#282 = VERTEX_POINT('',#283);
#283 = CARTESIAN_POINT('',(-8.992895794188,5.6992,42.287228571429));
#284 = LINE('',#285,#286);
#285 = CARTESIAN_POINT('',(-8.992895794188,5.6992,19.643614285714));
#286 = VECTOR('',#287,1.);
#287 = DIRECTION('',(0.,0.,1.));
#288 = ORIENTED_EDGE('',*,*,#289,.T.);
#289 = EDGE_CURVE('',#282,#290,#292,.T.);
#290 = VERTEX_POINT('',#291);
#291 = CARTESIAN_POINT('',(-8.992895794188,5.710528571429,
    42.308957142857));
#292 = LINE('',#293,#294);
#293 = CARTESIAN_POINT('',(-8.992895794188,-5.147641135436,
    21.482631639526));
#294 = VECTOR('',#295,1.);
#295 = DIRECTION('',(0.,0.462306978832,0.886719943005));
#296 = ORIENTED_EDGE('',*,*,#297,.T.);
#297 = EDGE_CURVE('',#290,#298,#300,.T.);
#298 = VERTEX_POINT('',#299);
#299 = CARTESIAN_POINT('',(-8.992895794188,5.716285714286,
    42.325671428571));
#300 = LINE('',#301,#302);
#301 = CARTESIAN_POINT('',(-8.992895794188,-2.041916841467,
    19.80185755703));
#302 = VECTOR('',#303,1.);
#303 = DIRECTION('',(0.,0.325666906351,0.945484566827));
#304 = ORIENTED_EDGE('',*,*,#305,.T.);
#305 = EDGE_CURVE('',#298,#306,#308,.T.);
#306 = VERTEX_POINT('',#307);
#307 = CARTESIAN_POINT('',(-8.992895794188,5.7278,42.342014285714));
#308 = LINE('',#309,#310);
#309 = CARTESIAN_POINT('',(-8.992895794188,-7.388026051765,
    23.726003115466));
#310 = VECTOR('',#311,1.);
#311 = DIRECTION('',(0.,0.575953532433,0.817482433131));
#312 = ORIENTED_EDGE('',*,*,#313,.T.);
#313 = EDGE_CURVE('',#306,#314,#316,.T.);
#314 = VERTEX_POINT('',#315);
#315 = CARTESIAN_POINT('',(-8.992895794188,5.744885714286,
    42.358357142857));
#316 = LINE('',#317,#318);
#317 = CARTESIAN_POINT('',(-8.992895794188,-9.431627184169,
    27.841692631292));
#318 = VECTOR('',#319,1.);
#319 = DIRECTION('',(0.,0.722641857148,0.691222645967));
#320 = ORIENTED_EDGE('',*,*,#321,.T.);
#321 = EDGE_CURVE('',#314,#322,#324,.T.);
#322 = VERTEX_POINT('',#323);
#323 = CARTESIAN_POINT('',(-8.992895794188,5.761971428571,
    42.369314285714));
#324 = LINE('',#325,#326);
#325 = CARTESIAN_POINT('',(-8.992895794188,-9.773810660851,
    32.406149684889));
#326 = VECTOR('',#327,1.);
#327 = DIRECTION('',(0.,0.841772532358,0.539832384882));
#328 = ORIENTED_EDGE('',*,*,#329,.T.);
#329 = EDGE_CURVE('',#322,#330,#332,.T.);
#330 = VERTEX_POINT('',#331);
#331 = CARTESIAN_POINT('',(-8.992895794188,5.779057142857,
    42.380457142857));
#332 = LINE('',#333,#334);
#333 = CARTESIAN_POINT('',(-8.992895794188,-9.785015017609,
    32.229975299075));
#334 = VECTOR('',#335,1.);
#335 = DIRECTION('',(0.,0.837610596839,0.546267780547));
#336 = ORIENTED_EDGE('',*,*,#337,.T.);
#337 = EDGE_CURVE('',#330,#338,#340,.T.);
#338 = VERTEX_POINT('',#339);
#339 = CARTESIAN_POINT('',(-8.992895794188,5.796142857143,
    42.391228571429));
#340 = LINE('',#341,#342);
#341 = CARTESIAN_POINT('',(-8.992895794188,-9.734040555184,
    32.600460768005));
#342 = VECTOR('',#343,1.);
#343 = DIRECTION('',(0.,0.845925602596,0.533300923376));
#344 = ORIENTED_EDGE('',*,*,#345,.T.);
#345 = EDGE_CURVE('',#338,#346,#348,.T.);
#346 = VERTEX_POINT('',#347);
#347 = CARTESIAN_POINT('',(-8.992895794188,5.818985714286,42.3968));
#348 = LINE('',#349,#350);
#349 = CARTESIAN_POINT('',(-8.992895794188,-6.396472122813,
    39.417420039732));
#350 = VECTOR('',#351,1.);
#351 = DIRECTION('',(0.,0.971520338783,0.236956180191));
#352 = ORIENTED_EDGE('',*,*,#353,.T.);
#353 = EDGE_CURVE('',#346,#354,#356,.T.);
#354 = VERTEX_POINT('',#355);
#355 = CARTESIAN_POINT('',(-8.992895794188,7.587542857143,42.3968));
#356 = LINE('',#357,#358);
#357 = CARTESIAN_POINT('',(-8.992895794188,-0.702676468523,42.3968));
#358 = VECTOR('',#359,1.);
#359 = DIRECTION('',(0.,1.,0.));
#360 = ORIENTED_EDGE('',*,*,#361,.T.);
#361 = EDGE_CURVE('',#354,#362,#364,.T.);
#362 = VERTEX_POINT('',#363);
#363 = CARTESIAN_POINT('',(-8.992895794188,7.6219,42.385285714286));
#364 = LINE('',#365,#366);
#365 = CARTESIAN_POINT('',(-8.992895794188,6.990518049946,
    42.596883989439));
#366 = VECTOR('',#367,1.);
#367 = DIRECTION('',(-0.,0.948169527976,-0.317764922889));
#368 = ORIENTED_EDGE('',*,*,#369,.T.);
#369 = EDGE_CURVE('',#362,#370,#372,.T.);
#370 = VERTEX_POINT('',#371);
#371 = CARTESIAN_POINT('',(-8.992895794188,7.644742857143,
    42.368014285714));
#372 = LINE('',#373,#374);
#373 = CARTESIAN_POINT('',(-8.992895794188,13.264514920779,
    38.11891833516));
#374 = VECTOR('',#375,1.);
#375 = DIRECTION('',(-0.,0.797659331282,-0.603108274872));
#376 = ORIENTED_EDGE('',*,*,#377,.T.);
#377 = EDGE_CURVE('',#370,#378,#380,.T.);
#378 = VERTEX_POINT('',#379);
#379 = CARTESIAN_POINT('',(-8.992895794188,7.6674,42.344985714286));
#380 = LINE('',#381,#382);
#381 = CARTESIAN_POINT('',(-8.992895794188,14.904794271068,
    34.988945635496));
#382 = VECTOR('',#383,1.);
#383 = DIRECTION('',(-0.,0.70133476746,-0.712832058729));
#384 = ORIENTED_EDGE('',*,*,#385,.T.);
#385 = EDGE_CURVE('',#378,#386,#388,.T.);
#386 = VERTEX_POINT('',#387);
#387 = CARTESIAN_POINT('',(-8.992895794188,7.678914285714,
    42.327714285714));
#388 = LINE('',#389,#390);
#389 = CARTESIAN_POINT('',(-8.992895794188,15.574262185509,
    30.484692436021));
#390 = VECTOR('',#391,1.);
#391 = DIRECTION('',(-0.,0.554700196225,-0.832050294338));
#392 = ORIENTED_EDGE('',*,*,#393,.T.);
#393 = EDGE_CURVE('',#386,#394,#396,.T.);
#394 = VERTEX_POINT('',#395);
#395 = CARTESIAN_POINT('',(-8.992895794188,7.690242857143,
    42.304685714286));
#396 = LINE('',#397,#398);
#397 = CARTESIAN_POINT('',(-8.992895794188,15.037121524506,
    27.370047111778));
#398 = VECTOR('',#399,1.);
#399 = DIRECTION('',(-0.,0.441415176703,-0.897302982151));
#400 = ORIENTED_EDGE('',*,*,#401,.T.);
#401 = EDGE_CURVE('',#394,#402,#404,.T.);
#402 = VERTEX_POINT('',#403);
#403 = CARTESIAN_POINT('',(-8.992895794188,7.696,42.287414285714));
#404 = LINE('',#405,#406);
#405 = CARTESIAN_POINT('',(-8.992895794188,13.654667353148,
    24.411412226271));
#406 = VECTOR('',#407,1.);
#407 = DIRECTION('',(-0.,0.316227766017,-0.948683298051));
#408 = ORIENTED_EDGE('',*,*,#409,.T.);
#409 = EDGE_CURVE('',#402,#410,#412,.T.);
#410 = VERTEX_POINT('',#411);
#411 = CARTESIAN_POINT('',(-8.992895794188,7.696,41.9301));
#412 = LINE('',#413,#414);
#413 = CARTESIAN_POINT('',(-8.992895794188,7.696,19.46505));
#414 = VECTOR('',#415,1.);
#415 = DIRECTION('',(0.,-0.,-1.));
#416 = ORIENTED_EDGE('',*,*,#417,.T.);
#417 = EDGE_CURVE('',#410,#418,#420,.T.);
#418 = VERTEX_POINT('',#419);
#419 = CARTESIAN_POINT('',(-8.992895794188,7.684114285714,
    41.901128571429));
#420 = LINE('',#421,#422);
#421 = CARTESIAN_POINT('',(-8.992895794188,-1.40075313382,
    19.756764236313));
#422 = VECTOR('',#423,1.);
#423 = DIRECTION('',(0.,-0.379556356256,-0.925168618375));
#424 = ORIENTED_EDGE('',*,*,#425,.T.);
#425 = EDGE_CURVE('',#418,#426,#428,.T.);
#426 = VERTEX_POINT('',#427);
#427 = CARTESIAN_POINT('',(-8.992895794188,7.666285714286,41.8781));
#428 = LINE('',#429,#430);
#429 = CARTESIAN_POINT('',(-8.992895794188,-6.317121881316,
    23.816198522347));
#430 = VECTOR('',#431,1.);
#431 = DIRECTION('',(0.,-0.612173192991,-0.790723707614));
#432 = ORIENTED_EDGE('',*,*,#433,.T.);
#433 = EDGE_CURVE('',#426,#434,#436,.T.);
#434 = VERTEX_POINT('',#435);
#435 = CARTESIAN_POINT('',(-8.992895794188,7.642514285714,
    41.855257142857));
#436 = LINE('',#437,#438);
#437 = CARTESIAN_POINT('',(-8.992895794188,-7.886881950859,
    26.932477946775));
#438 = VECTOR('',#439,1.);
#439 = DIRECTION('',(0.,-0.721049524719,-0.69288352766));
#440 = ORIENTED_EDGE('',*,*,#441,.T.);
#441 = EDGE_CURVE('',#434,#442,#444,.T.);
#442 = VERTEX_POINT('',#443);
#443 = CARTESIAN_POINT('',(-8.992895794188,7.624685714286,
    41.843557142857));
#444 = LINE('',#445,#446);
#445 = CARTESIAN_POINT('',(-8.992895794188,-8.467899222464,
    31.282798278115));
#446 = VECTOR('',#447,1.);
#447 = DIRECTION('',(0.,-0.836047910837,-0.548656441487));
#448 = ORIENTED_EDGE('',*,*,#449,.T.);
#449 = EDGE_CURVE('',#442,#56,#450,.T.);
#450 = LINE('',#451,#452);
#451 = CARTESIAN_POINT('',(-8.992895794188,-7.891123560367,
    34.386346483722));
#452 = VECTOR('',#453,1.);
#453 = DIRECTION('',(0.,-0.901304887575,-0.433185294803));
#454 = FACE_BOUND('',#455,.F.);
#455 = EDGE_LOOP('',(#456,#466,#474,#482,#490,#498,#506,#514,#522,#530,
    #538,#546,#554,#562,#570,#578,#586,#594,#602,#610,#618,#626,#634,
    #642,#650,#658,#666,#674,#682,#690,#698,#706,#714,#722,#730,#738,
    #746,#754,#762,#770,#778,#786,#794,#802,#810,#818,#826,#834,#842,
    #850,#858,#866,#874,#882,#890,#898,#906,#914,#922,#930,#938,#946,
    #954,#962,#970,#978,#986,#994,#1002,#1010,#1018,#1026,#1034,#1042,
    #1050,#1058,#1066,#1074,#1082,#1090,#1098,#1106,#1114));
#456 = ORIENTED_EDGE('',*,*,#457,.T.);
#457 = EDGE_CURVE('',#458,#460,#462,.T.);
#458 = VERTEX_POINT('',#459);
#459 = CARTESIAN_POINT('',(-8.992895794188,4.900442857143,
    41.832042857143));
#460 = VERTEX_POINT('',#461);
#461 = CARTESIAN_POINT('',(-8.992895794188,4.866271428571,
    41.826285714286));
#462 = LINE('',#463,#464);
#463 = CARTESIAN_POINT('',(-8.992895794188,-5.543946269795,
    40.072390341191));
#464 = VECTOR('',#465,1.);
#465 = DIRECTION('',(0.,-0.98610270304,-0.166136868447));
#466 = ORIENTED_EDGE('',*,*,#467,.T.);
#467 = EDGE_CURVE('',#460,#468,#470,.T.);
#468 = VERTEX_POINT('',#469);
#469 = CARTESIAN_POINT('',(-8.992895794188,4.415542857143,
    41.826285714286));
#470 = LINE('',#471,#472);
#471 = CARTESIAN_POINT('',(-8.992895794188,-2.288676468523,
    41.826285714286));
#472 = VECTOR('',#473,1.);
#473 = DIRECTION('',(0.,-1.,0.));
#474 = ORIENTED_EDGE('',*,*,#475,.T.);
#475 = EDGE_CURVE('',#468,#476,#478,.T.);
#476 = VERTEX_POINT('',#477);
#477 = CARTESIAN_POINT('',(-8.992895794188,4.415542857143,
    38.973714285714));
#478 = LINE('',#479,#480);
#479 = CARTESIAN_POINT('',(-8.992895794188,4.415542857143,
    17.986857142857));
#480 = VECTOR('',#481,1.);
#481 = DIRECTION('',(0.,-0.,-1.));
#482 = ORIENTED_EDGE('',*,*,#483,.T.);
#483 = EDGE_CURVE('',#476,#484,#486,.T.);
#484 = VERTEX_POINT('',#485);
#485 = CARTESIAN_POINT('',(-8.992895794188,4.854757142857,
    38.973714285714));
#486 = LINE('',#487,#488);
#487 = CARTESIAN_POINT('',(-8.992895794188,-2.069069325666,
    38.973714285714));
#488 = VECTOR('',#489,1.);
#489 = DIRECTION('',(0.,1.,0.));
#490 = ORIENTED_EDGE('',*,*,#491,.T.);
#491 = EDGE_CURVE('',#484,#492,#494,.T.);
#492 = VERTEX_POINT('',#493);
#493 = CARTESIAN_POINT('',(-8.992895794188,4.8776,38.967957142857));
#494 = LINE('',#495,#496);
#495 = CARTESIAN_POINT('',(-8.992895794188,3.329342999237,
    39.358168256871));
#496 = VECTOR('',#497,1.);
#497 = DIRECTION('',(-0.,0.969676988372,-0.244390135281));
#498 = ORIENTED_EDGE('',*,*,#499,.T.);
#499 = EDGE_CURVE('',#492,#500,#502,.T.);
#500 = VERTEX_POINT('',#501);
#501 = CARTESIAN_POINT('',(-8.992895794188,4.900442857143,
    38.962385714286));
#502 = LINE('',#503,#504);
#503 = CARTESIAN_POINT('',(-8.992895794188,3.173849895315,
    39.383505948878));
#504 = VECTOR('',#505,1.);
#505 = DIRECTION('',(-0.,0.971520338783,-0.236956180191));
#506 = ORIENTED_EDGE('',*,*,#507,.T.);
#507 = EDGE_CURVE('',#500,#508,#510,.T.);
#508 = VERTEX_POINT('',#509);
#509 = CARTESIAN_POINT('',(-8.992895794188,4.917528571429,
    38.950871428571));
#510 = LINE('',#511,#512);
#511 = CARTESIAN_POINT('',(-8.992895794188,9.855371389026,
    35.623194747147));
#512 = VECTOR('',#513,1.);
#513 = DIRECTION('',(-0.,0.829266427591,-0.558853462072));
#514 = ORIENTED_EDGE('',*,*,#515,.T.);
#515 = EDGE_CURVE('',#508,#516,#518,.T.);
#516 = VERTEX_POINT('',#517);
#517 = CARTESIAN_POINT('',(-8.992895794188,4.9348,38.939542857143));
#518 = LINE('',#519,#520);
#519 = CARTESIAN_POINT('',(-8.992895794188,9.682673310616,
    35.825346384588));
#520 = VECTOR('',#521,1.);
#521 = DIRECTION('',(-0.,0.836176771121,-0.548460032671));
#522 = ORIENTED_EDGE('',*,*,#523,.T.);
#523 = EDGE_CURVE('',#516,#524,#526,.T.);
#524 = VERTEX_POINT('',#525);
#525 = CARTESIAN_POINT('',(-8.992895794188,4.951885714286,
    38.922457142857));
#526 = LINE('',#527,#528);
#527 = CARTESIAN_POINT('',(-8.992895794188,11.946304622881,
    31.928038234261));
#528 = VECTOR('',#529,1.);
#529 = DIRECTION('',(-0.,0.707106781187,-0.707106781187));
#530 = ORIENTED_EDGE('',*,*,#531,.T.);
#531 = EDGE_CURVE('',#524,#532,#534,.T.);
#532 = VERTEX_POINT('',#533);
#533 = CARTESIAN_POINT('',(-8.992895794188,4.968971428571,
    38.899614285714));
#534 = LINE('',#535,#536);
#535 = CARTESIAN_POINT('',(-8.992895794188,12.512793559791,
    28.813852088541));
#536 = VECTOR('',#537,1.);
#537 = DIRECTION('',(-0.,0.598957825591,-0.80078057117));
#538 = ORIENTED_EDGE('',*,*,#539,.T.);
#539 = EDGE_CURVE('',#532,#540,#542,.T.);
#540 = VERTEX_POINT('',#541);
#541 = CARTESIAN_POINT('',(-8.992895794188,4.9803,38.871014285714));
#542 = LINE('',#543,#544);
#543 = CARTESIAN_POINT('',(-8.992895794188,11.200769560262,
    23.166878018823));
#544 = VECTOR('',#545,1.);
#545 = DIRECTION('',(-0.,0.368265914122,-0.929720504504));
#546 = ORIENTED_EDGE('',*,*,#547,.T.);
#547 = EDGE_CURVE('',#540,#548,#550,.T.);
#548 = VERTEX_POINT('',#549);
#549 = CARTESIAN_POINT('',(-8.992895794188,4.986057142857,
    38.842414285714));
#550 = LINE('',#551,#552);
#551 = CARTESIAN_POINT('',(-8.992895794188,8.761271148358,
    20.088125355161));
#552 = VECTOR('',#553,1.);
#553 = DIRECTION('',(-0.,0.197340176951,-0.980335072596));
#554 = ORIENTED_EDGE('',*,*,#555,.T.);
#555 = EDGE_CURVE('',#548,#556,#558,.T.);
#556 = VERTEX_POINT('',#557);
#557 = CARTESIAN_POINT('',(-8.992895794188,4.986057142857,38.5059));
#558 = LINE('',#559,#560);
#559 = CARTESIAN_POINT('',(-8.992895794188,4.986057142857,17.75295));
#560 = VECTOR('',#561,1.);
#561 = DIRECTION('',(0.,-0.,-1.));
#562 = ORIENTED_EDGE('',*,*,#563,.T.);
#563 = EDGE_CURVE('',#556,#564,#566,.T.);
#564 = VERTEX_POINT('',#565);
#565 = CARTESIAN_POINT('',(-8.992895794188,4.974171428571,
    38.483057142857));
#566 = LINE('',#567,#568);
#567 = CARTESIAN_POINT('',(-8.992895794188,-5.006679889322,
    19.301108516281));
#568 = VECTOR('',#569,1.);
#569 = DIRECTION('',(0.,-0.461579805424,-0.887098688549));
#570 = ORIENTED_EDGE('',*,*,#571,.T.);
#571 = EDGE_CURVE('',#564,#572,#574,.T.);
#572 = VERTEX_POINT('',#573);
#573 = CARTESIAN_POINT('',(-8.992895794188,4.9504,38.448885714286));
#574 = LINE('',#575,#576);
#575 = CARTESIAN_POINT('',(-8.992895794188,-7.038564118579,
    21.214749793828));
#576 = VECTOR('',#577,1.);
#577 = DIRECTION('',(0.,-0.571064488199,-0.820905201785));
#578 = ORIENTED_EDGE('',*,*,#579,.T.);
#579 = EDGE_CURVE('',#572,#580,#582,.T.);
#580 = VERTEX_POINT('',#581);
#581 = CARTESIAN_POINT('',(-8.992895794188,4.932571428571,38.4318));
#582 = LINE('',#583,#584);
#583 = CARTESIAN_POINT('',(-8.992895794188,-9.045447901885,
    25.036198141646));
#584 = VECTOR('',#585,1.);
#585 = DIRECTION('',(0.,-0.721988205115,-0.691905363236));
#586 = ORIENTED_EDGE('',*,*,#587,.T.);
#587 = EDGE_CURVE('',#580,#588,#590,.T.);
#588 = VERTEX_POINT('',#589);
#589 = CARTESIAN_POINT('',(-8.992895794188,4.914742857143,
    38.420285714286));
#590 = LINE('',#591,#592);
#591 = CARTESIAN_POINT('',(-8.992895794188,-9.430829056414,
    29.15543718678));
#592 = VECTOR('',#593,1.);
#593 = DIRECTION('',(0.,-0.840039377769,-0.542525431476));
#594 = ORIENTED_EDGE('',*,*,#595,.T.);
#595 = EDGE_CURVE('',#588,#596,#598,.T.);
#596 = VERTEX_POINT('',#597);
#597 = CARTESIAN_POINT('',(-8.992895794188,4.896728571429,
    38.414528571429));
#598 = LINE('',#599,#600);
#599 = CARTESIAN_POINT('',(-8.992895794188,-7.40900735289,
    34.481767605925));
#600 = VECTOR('',#601,1.);
#601 = DIRECTION('',(0.,-0.952538100641,-0.304419392988));
#602 = ORIENTED_EDGE('',*,*,#603,.T.);
#603 = EDGE_CURVE('',#596,#604,#606,.T.);
#604 = VERTEX_POINT('',#605);
#605 = CARTESIAN_POINT('',(-8.992895794188,4.872957142857,38.4032));
#606 = LINE('',#607,#608);
#607 = CARTESIAN_POINT('',(-8.992895794188,-8.816531047159,
    31.879303284445));
#608 = VECTOR('',#609,1.);
#609 = DIRECTION('',(0.,-0.902730115416,-0.430207320628));
#610 = ORIENTED_EDGE('',*,*,#611,.T.);
#611 = EDGE_CURVE('',#604,#612,#614,.T.);
#612 = VERTEX_POINT('',#613);
#613 = CARTESIAN_POINT('',(-8.992895794188,3.377214285714,38.4032));
#614 = LINE('',#615,#616);
#615 = CARTESIAN_POINT('',(-8.992895794188,-2.807840754237,38.4032));
#616 = VECTOR('',#617,1.);
#617 = DIRECTION('',(0.,-1.,0.));
#618 = ORIENTED_EDGE('',*,*,#619,.T.);
#619 = EDGE_CURVE('',#612,#620,#622,.T.);
#620 = VERTEX_POINT('',#621);
#621 = CARTESIAN_POINT('',(-8.992895794188,3.354371428571,
    38.408957142857));
#622 = LINE('',#623,#624);
#623 = CARTESIAN_POINT('',(-8.992895794188,2.456004361218,
    38.635374859019));
#624 = VECTOR('',#625,1.);
#625 = DIRECTION('',(0.,-0.969676988372,0.244390135281));
#626 = ORIENTED_EDGE('',*,*,#627,.T.);
#627 = EDGE_CURVE('',#620,#628,#630,.T.);
#628 = VERTEX_POINT('',#629);
#629 = CARTESIAN_POINT('',(-8.992895794188,3.337285714286,
    38.421028571429));
#630 = LINE('',#631,#632);
#631 = CARTESIAN_POINT('',(-8.992895794188,8.985291647354,
    34.430589596978));
#632 = VECTOR('',#633,1.);
#633 = DIRECTION('',(0.,-0.816721763686,0.577031680865));
#634 = ORIENTED_EDGE('',*,*,#635,.T.);
#635 = EDGE_CURVE('',#628,#636,#638,.T.);
#636 = VERTEX_POINT('',#637);
#637 = CARTESIAN_POINT('',(-8.992895794188,3.3202,38.432914285714));
#638 = LINE('',#639,#640);
#639 = CARTESIAN_POINT('',(-8.992895794188,8.883056549056,
    34.563101034197));
#640 = VECTOR('',#641,1.);
#641 = DIRECTION('',(0.,-0.820905201785,0.571064488199));
#642 = ORIENTED_EDGE('',*,*,#643,.T.);
#643 = EDGE_CURVE('',#636,#644,#646,.T.);
#644 = VERTEX_POINT('',#645);
#645 = CARTESIAN_POINT('',(-8.992895794188,3.308685714286,
    38.450928571429));
#646 = LINE('',#647,#648);
#647 = CARTESIAN_POINT('',(-8.992895794188,10.929549107857,
    26.527964875035));
#648 = VECTOR('',#649,1.);
#649 = DIRECTION('',(0.,-0.538560615351,0.842586769178));
#650 = ORIENTED_EDGE('',*,*,#651,.T.);
#651 = EDGE_CURVE('',#644,#652,#654,.T.);
#652 = VERTEX_POINT('',#653);
#653 = CARTESIAN_POINT('',(-8.992895794188,3.297357142857,
    38.468942857143));
#654 = LINE('',#655,#656);
#655 = CARTESIAN_POINT('',(-8.992895794188,10.899783026595,
    26.379839402674));
#656 = VECTOR('',#657,1.);
#657 = DIRECTION('',(0.,-0.532350261781,0.846524186767));
#658 = ORIENTED_EDGE('',*,*,#659,.T.);
#659 = EDGE_CURVE('',#652,#660,#662,.T.);
#660 = VERTEX_POINT('',#661);
#661 = CARTESIAN_POINT('',(-8.992895794188,3.285842857143,
    38.486957142857));
#662 = LINE('',#663,#664);
#663 = CARTESIAN_POINT('',(-8.992895794188,10.918193603443,
    26.54602129784));
#664 = VECTOR('',#665,1.);
#665 = DIRECTION('',(0.,-0.538560615351,0.842586769178));
#666 = ORIENTED_EDGE('',*,*,#667,.T.);
#667 = EDGE_CURVE('',#660,#668,#670,.T.);
#668 = VERTEX_POINT('',#669);
#669 = CARTESIAN_POINT('',(-8.992895794188,3.280271428571,
    38.504785714286));
#670 = LINE('',#671,#672);
#671 = CARTESIAN_POINT('',(-8.992895794188,8.642466582617,
    21.345761221338));
#672 = VECTOR('',#673,1.);
#673 = DIRECTION('',(0.,-0.298274993136,0.954479978035));
#674 = ORIENTED_EDGE('',*,*,#675,.T.);
#675 = EDGE_CURVE('',#668,#676,#678,.T.);
#676 = VERTEX_POINT('',#677);
#677 = CARTESIAN_POINT('',(-8.992895794188,3.274514285714,
    38.528742857143));
#678 = LINE('',#679,#680);
#679 = CARTESIAN_POINT('',(-8.992895794188,7.657097560312,
    20.291541488657));
#680 = VECTOR('',#681,1.);
#681 = DIRECTION('',(0.,-0.233658016401,0.972318842444));
#682 = ORIENTED_EDGE('',*,*,#683,.T.);
#683 = EDGE_CURVE('',#676,#684,#686,.T.);
#684 = VERTEX_POINT('',#685);
#685 = CARTESIAN_POINT('',(-8.992895794188,3.274514285714,
    38.842414285714));
#686 = LINE('',#687,#688);
#687 = CARTESIAN_POINT('',(-8.992895794188,3.274514285714,
    17.921207142857));
#688 = VECTOR('',#689,1.);
#689 = DIRECTION('',(0.,0.,1.));
#690 = ORIENTED_EDGE('',*,*,#691,.T.);
#691 = EDGE_CURVE('',#684,#692,#694,.T.);
#692 = VERTEX_POINT('',#693);
#693 = CARTESIAN_POINT('',(-8.992895794188,3.280271428571,
    38.859685714286));
#694 = LINE('',#695,#696);
#695 = CARTESIAN_POINT('',(-8.992895794188,-3.612339789709,
    18.181852059443));
#696 = VECTOR('',#697,1.);
#697 = DIRECTION('',(0.,0.316227766017,0.948683298051));
#698 = ORIENTED_EDGE('',*,*,#699,.T.);
#699 = EDGE_CURVE('',#692,#700,#702,.T.);
#700 = VERTEX_POINT('',#701);
#701 = CARTESIAN_POINT('',(-8.992895794188,3.285842857143,38.8881));
#702 = LINE('',#703,#704);
#703 = CARTESIAN_POINT('',(-8.992895794188,-0.896090661023,
    17.560239057353));
#704 = VECTOR('',#705,1.);
#705 = DIRECTION('',(0.,0.192414460721,0.981313749677));
#706 = ORIENTED_EDGE('',*,*,#707,.T.);
#707 = EDGE_CURVE('',#700,#708,#710,.T.);
#708 = VERTEX_POINT('',#709);
#709 = CARTESIAN_POINT('',(-8.992895794188,3.297357142857,
    38.905185714286));
#710 = LINE('',#711,#712);
#711 = CARTESIAN_POINT('',(-8.992895794188,-8.332107904441,
    21.648560160231));
#712 = VECTOR('',#713,1.);
#713 = DIRECTION('',(0.,0.558853462072,0.829266427591));
#714 = ORIENTED_EDGE('',*,*,#715,.T.);
#715 = EDGE_CURVE('',#708,#716,#718,.T.);
#716 = VERTEX_POINT('',#717);
#717 = CARTESIAN_POINT('',(-8.992895794188,3.308685714286,
    38.922457142857));
#718 = LINE('',#719,#720);
#719 = CARTESIAN_POINT('',(-8.992895794188,-8.154543233348,
    21.445731042366));
#720 = VECTOR('',#721,1.);
#721 = DIRECTION('',(0.,0.548460032671,0.836176771121));
#722 = ORIENTED_EDGE('',*,*,#723,.T.);
#723 = EDGE_CURVE('',#716,#724,#726,.T.);
#724 = VERTEX_POINT('',#725);
#725 = CARTESIAN_POINT('',(-8.992895794188,3.325771428571,
    38.939542857143));
#726 = LINE('',#727,#728);
#727 = CARTESIAN_POINT('',(-8.992895794188,-10.2387810914,
    25.374990337167));
#728 = VECTOR('',#729,1.);
#729 = DIRECTION('',(0.,0.707106781187,0.707106781187));
#730 = ORIENTED_EDGE('',*,*,#731,.T.);
#731 = EDGE_CURVE('',#724,#732,#734,.T.);
#732 = VERTEX_POINT('',#733);
#733 = CARTESIAN_POINT('',(-8.992895794188,3.348614285714,
    38.956628571429));
#734 = LINE('',#735,#736);
#735 = CARTESIAN_POINT('',(-8.992895794188,-10.67028782324,
    28.470945693186));
#736 = VECTOR('',#737,1.);
#737 = DIRECTION('',(0.,0.80078057117,0.598957825591));
#738 = ORIENTED_EDGE('',*,*,#739,.T.);
#739 = EDGE_CURVE('',#732,#740,#742,.T.);
#740 = VERTEX_POINT('',#741);
#741 = CARTESIAN_POINT('',(-8.992895794188,3.377214285714,
    38.967957142857));
#742 = LINE('',#743,#744);
#743 = CARTESIAN_POINT('',(-8.992895794188,-9.15361124286,
    34.004448329591));
#744 = VECTOR('',#745,1.);
#745 = DIRECTION('',(0.,0.929720504504,0.368265914122));
#746 = ORIENTED_EDGE('',*,*,#747,.T.);
#747 = EDGE_CURVE('',#740,#748,#750,.T.);
#748 = VERTEX_POINT('',#749);
#749 = CARTESIAN_POINT('',(-8.992895794188,3.405814285714,
    38.973714285714));
#750 = LINE('',#751,#752);
#751 = CARTESIAN_POINT('',(-8.992895794188,-6.612225189404,
    36.957095949814));
#752 = VECTOR('',#753,1.);
#753 = DIRECTION('',(0.,0.980335072596,0.197340176951));
#754 = ORIENTED_EDGE('',*,*,#755,.T.);
#755 = EDGE_CURVE('',#748,#756,#758,.T.);
#756 = VERTEX_POINT('',#757);
#757 = CARTESIAN_POINT('',(-8.992895794188,3.845028571429,
    38.973714285714));
#758 = LINE('',#759,#760);
#759 = CARTESIAN_POINT('',(-8.992895794188,-2.57393361138,
    38.973714285714));
#760 = VECTOR('',#761,1.);
#761 = DIRECTION('',(0.,1.,0.));
#762 = ORIENTED_EDGE('',*,*,#763,.T.);
#763 = EDGE_CURVE('',#756,#764,#766,.T.);
#764 = VERTEX_POINT('',#765);
#765 = CARTESIAN_POINT('',(-8.992895794188,3.845028571429,
    41.837614285714));
#766 = LINE('',#767,#768);
#767 = CARTESIAN_POINT('',(-8.992895794188,3.845028571429,
    19.418807142857));
#768 = VECTOR('',#769,1.);
#769 = DIRECTION('',(0.,0.,1.));
#770 = ORIENTED_EDGE('',*,*,#771,.T.);
#771 = EDGE_CURVE('',#764,#772,#774,.T.);
#772 = VERTEX_POINT('',#773);
#773 = CARTESIAN_POINT('',(-8.992895794188,3.850785714286,
    41.900385714286));
#774 = LINE('',#775,#776);
#775 = CARTESIAN_POINT('',(-8.992895794188,1.755351403952,
    19.053392266134));
#776 = VECTOR('',#777,1.);
#777 = DIRECTION('',(0.,9.133264387955E-02,0.995820439719));
#778 = ORIENTED_EDGE('',*,*,#779,.T.);
#779 = EDGE_CURVE('',#772,#780,#782,.T.);
#780 = VERTEX_POINT('',#781);
#781 = CARTESIAN_POINT('',(-8.992895794188,3.856357142857,
    41.946071428571));
#782 = LINE('',#783,#784);
#783 = CARTESIAN_POINT('',(-8.992895794188,1.061756918272,
    19.030349586976));
#784 = VECTOR('',#785,1.);
#785 = DIRECTION('',(0.,0.121054375311,0.992645877551));
#786 = ORIENTED_EDGE('',*,*,#787,.T.);
#787 = EDGE_CURVE('',#780,#788,#790,.T.);
#788 = VERTEX_POINT('',#789);
#789 = CARTESIAN_POINT('',(-8.992895794188,3.873628571429,
    42.003085714286));
#790 = LINE('',#791,#792);
#791 = CARTESIAN_POINT('',(-8.992895794188,-2.910593033786,
    19.607859555136));
#792 = VECTOR('',#793,1.);
#793 = DIRECTION('',(0.,0.289920871686,0.957050619435));
#794 = ORIENTED_EDGE('',*,*,#795,.T.);
#795 = EDGE_CURVE('',#788,#796,#798,.T.);
#796 = VERTEX_POINT('',#797);
#797 = CARTESIAN_POINT('',(-8.992895794188,3.896285714286,
    42.054528571429));
#798 = LINE('',#799,#800);
#799 = CARTESIAN_POINT('',(-8.992895794188,-5.460548556587,
    20.809913054774));
#800 = VECTOR('',#801,1.);
#801 = DIRECTION('',(0.,0.403070745111,0.915168822915));
#802 = ORIENTED_EDGE('',*,*,#803,.T.);
#803 = EDGE_CURVE('',#796,#804,#806,.T.);
#804 = VERTEX_POINT('',#805);
#805 = CARTESIAN_POINT('',(-8.992895794188,3.9078,42.0887));
#806 = LINE('',#807,#808);
#807 = CARTESIAN_POINT('',(-8.992895794188,-3.571804300171,
    19.891164657558));
#808 = VECTOR('',#809,1.);
#809 = DIRECTION('',(0.,0.319316245627,0.947648212829));
#810 = ORIENTED_EDGE('',*,*,#811,.T.);
#811 = EDGE_CURVE('',#804,#812,#814,.T.);
#812 = VERTEX_POINT('',#813);
#813 = CARTESIAN_POINT('',(-8.992895794188,3.930642857143,
    42.122871428571));
#814 = LINE('',#815,#816);
#815 = CARTESIAN_POINT('',(-8.992895794188,-8.488883961551,
    23.544067081908));
#816 = VECTOR('',#817,1.);
#817 = DIRECTION('',(0.,0.555742429414,0.831354528555));
#818 = ORIENTED_EDGE('',*,*,#819,.T.);
#819 = EDGE_CURVE('',#812,#820,#822,.T.);
#820 = VERTEX_POINT('',#821);
#821 = CARTESIAN_POINT('',(-8.992895794188,3.964814285714,
    42.174314285714));
#822 = LINE('',#823,#824);
#823 = CARTESIAN_POINT('',(-8.992895794188,-8.42900351498,
    23.516229879235));
#824 = VECTOR('',#825,1.);
#825 = DIRECTION('',(0.,0.553311519375,0.832974406886));
#826 = ORIENTED_EDGE('',*,*,#827,.T.);
#827 = EDGE_CURVE('',#820,#828,#830,.T.);
#828 = VERTEX_POINT('',#829);
#829 = CARTESIAN_POINT('',(-8.992895794188,4.0105,42.225571428571));
#830 = LINE('',#831,#832);
#831 = CARTESIAN_POINT('',(-8.992895794188,-10.09986819124,
    26.394426628638));
#832 = VECTOR('',#833,1.);
#833 = DIRECTION('',(0.,0.665370524754,0.746513271676));
#834 = ORIENTED_EDGE('',*,*,#835,.T.);
#835 = EDGE_CURVE('',#828,#836,#838,.T.);
#836 = VERTEX_POINT('',#837);
#837 = CARTESIAN_POINT('',(-8.992895794188,4.056185714286,
    42.271257142857));
#838 = LINE('',#839,#840);
#839 = CARTESIAN_POINT('',(-8.992895794188,-10.52389894854,
    27.691172480024));
#840 = VECTOR('',#841,1.);
#841 = DIRECTION('',(0.,0.707106781187,0.707106781187));
#842 = ORIENTED_EDGE('',*,*,#843,.T.);
#843 = EDGE_CURVE('',#836,#844,#846,.T.);
#844 = VERTEX_POINT('',#845);
#845 = CARTESIAN_POINT('',(-8.992895794188,4.1132,42.311185714286));
#846 = LINE('',#847,#848);
#847 = CARTESIAN_POINT('',(-8.992895794188,-10.92873386526,
    31.776932355877));
#848 = VECTOR('',#849,1.);
#849 = DIRECTION('',(0.,0.819106553991,0.573641397746));
#850 = ORIENTED_EDGE('',*,*,#851,.T.);
#851 = EDGE_CURVE('',#844,#852,#854,.T.);
#852 = VERTEX_POINT('',#853);
#853 = CARTESIAN_POINT('',(-8.992895794188,4.147371428571,
    42.328271428571));
#854 = LINE('',#855,#856);
#855 = CARTESIAN_POINT('',(-8.992895794188,-10.17438974624,
    35.167390841162));
#856 = VECTOR('',#857,1.);
#857 = DIRECTION('',(0.,0.894427191,0.4472135955));
#858 = ORIENTED_EDGE('',*,*,#859,.T.);
#859 = EDGE_CURVE('',#852,#860,#862,.T.);
#860 = VERTEX_POINT('',#861);
#861 = CARTESIAN_POINT('',(-8.992895794188,4.181542857143,
    42.345542857143));
#862 = LINE('',#863,#864);
#863 = CARTESIAN_POINT('',(-8.992895794188,-10.19308041483,
    35.080108268588));
#864 = VECTOR('',#865,1.);
#865 = DIRECTION('',(0.,0.892478602936,0.451089728658));
#866 = ORIENTED_EDGE('',*,*,#867,.T.);
#867 = EDGE_CURVE('',#860,#868,#870,.T.);
#868 = VERTEX_POINT('',#869);
#869 = CARTESIAN_POINT('',(-8.992895794188,4.238742857143,42.3682));
#870 = LINE('',#871,#872);
#871 = CARTESIAN_POINT('',(-8.992895794188,-9.246521804718,
    37.026634127445));
#872 = VECTOR('',#873,1.);
#873 = DIRECTION('',(0.,0.929720504504,0.368265914122));
#874 = ORIENTED_EDGE('',*,*,#875,.T.);
#875 = EDGE_CURVE('',#868,#876,#878,.T.);
#876 = VERTEX_POINT('',#877);
#877 = CARTESIAN_POINT('',(-8.992895794188,4.278671428571,
    42.379714285714));
#878 = LINE('',#879,#880);
#879 = CARTESIAN_POINT('',(-8.992895794188,-7.888435826423,
    38.871060100553));
#880 = VECTOR('',#881,1.);
#881 = DIRECTION('',(0.,0.960846474829,0.27708130902));
#882 = ORIENTED_EDGE('',*,*,#883,.T.);
#883 = EDGE_CURVE('',#876,#884,#886,.T.);
#884 = VERTEX_POINT('',#885);
#885 = CARTESIAN_POINT('',(-8.992895794188,4.312842857143,
    42.385471428571));
#886 = LINE('',#887,#888);
#887 = CARTESIAN_POINT('',(-8.992895794188,-5.874103416345,
    40.669192436843));
#888 = VECTOR('',#889,1.);
#889 = DIRECTION('',(0.,0.98610270304,0.166136868447));
#890 = ORIENTED_EDGE('',*,*,#891,.T.);
#891 = EDGE_CURVE('',#884,#892,#894,.T.);
#892 = VERTEX_POINT('',#893);
#893 = CARTESIAN_POINT('',(-8.992895794188,4.358528571429,
    42.391042857143));
#894 = LINE('',#895,#896);
#895 = CARTESIAN_POINT('',(-8.992895794188,-4.946544155511,
    41.256277890443));
#896 = VECTOR('',#897,1.);
#897 = DIRECTION('',(0.,0.992645877551,0.121054375311));
#898 = ORIENTED_EDGE('',*,*,#899,.T.);
#899 = EDGE_CURVE('',#892,#900,#902,.T.);
#900 = VERTEX_POINT('',#901);
#901 = CARTESIAN_POINT('',(-8.992895794188,4.415542857143,42.3968));
#902 = LINE('',#903,#904);
#903 = CARTESIAN_POINT('',(-8.992895794188,-4.489893966979,
    41.497553936326));
#904 = VECTOR('',#905,1.);
#905 = DIRECTION('',(0.,0.994940461748,0.100466300698));
#906 = ORIENTED_EDGE('',*,*,#907,.T.);
#907 = EDGE_CURVE('',#900,#908,#910,.T.);
#908 = VERTEX_POINT('',#909);
#909 = CARTESIAN_POINT('',(-8.992895794188,4.843428571429,42.3968));
#910 = LINE('',#911,#912);
#911 = CARTESIAN_POINT('',(-8.992895794188,-2.07473361138,42.3968));
#912 = VECTOR('',#913,1.);
#913 = DIRECTION('',(0.,1.,0.));
#914 = ORIENTED_EDGE('',*,*,#915,.T.);
#915 = EDGE_CURVE('',#908,#916,#918,.T.);
#916 = VERTEX_POINT('',#917);
#917 = CARTESIAN_POINT('',(-8.992895794188,4.889114285714,
    42.391042857143));
#918 = LINE('',#919,#920);
#919 = CARTESIAN_POINT('',(-8.992895794188,0.87190761357,42.897276218267
    ));
#920 = VECTOR('',#921,1.);
#921 = DIRECTION('',(-0.,0.992153283358,-0.125027446277));
#922 = ORIENTED_EDGE('',*,*,#923,.T.);
#923 = EDGE_CURVE('',#916,#924,#926,.T.);
#924 = VERTEX_POINT('',#925);
#925 = CARTESIAN_POINT('',(-8.992895794188,4.917528571429,
    42.385471428571));
#926 = LINE('',#927,#928);
#927 = CARTESIAN_POINT('',(-8.992895794188,2.504640132628,
    42.858586808728));
#928 = VECTOR('',#929,1.);
#929 = DIRECTION('',(-0.,0.981313749677,-0.192414460721));
#930 = ORIENTED_EDGE('',*,*,#931,.T.);
#931 = EDGE_CURVE('',#924,#932,#934,.T.);
#932 = VERTEX_POINT('',#933);
#933 = CARTESIAN_POINT('',(-8.992895794188,4.946128571429,
    42.379714285714));
#934 = LINE('',#935,#936);
#935 = CARTESIAN_POINT('',(-8.992895794188,2.637599458186,42.84441819812
    ));
#936 = VECTOR('',#937,1.);
#937 = DIRECTION('',(-0.,0.980335072596,-0.197340176951));
#938 = ORIENTED_EDGE('',*,*,#939,.T.);
#939 = EDGE_CURVE('',#932,#940,#942,.T.);
#940 = VERTEX_POINT('',#941);
#941 = CARTESIAN_POINT('',(-8.992895794188,4.968971428571,42.3682));
#942 = LINE('',#943,#944);
#943 = CARTESIAN_POINT('',(-8.992895794188,8.52003883981,40.578231061002
    ));
#944 = VECTOR('',#945,1.);
#945 = DIRECTION('',(-0.,0.892970492237,-0.450115207469));
#946 = ORIENTED_EDGE('',*,*,#947,.T.);
#947 = EDGE_CURVE('',#940,#948,#950,.T.);
#948 = VERTEX_POINT('',#949);
#949 = CARTESIAN_POINT('',(-8.992895794188,4.997385714286,
    42.351114285714));
#950 = LINE('',#951,#952);
#951 = CARTESIAN_POINT('',(-8.992895794188,9.873986361445,39.41877925605
    ));
#952 = VECTOR('',#953,1.);
#953 = DIRECTION('',(-0.,0.856998298068,-0.515319238054));
#954 = ORIENTED_EDGE('',*,*,#955,.T.);
#955 = EDGE_CURVE('',#948,#956,#958,.T.);
#956 = VERTEX_POINT('',#957);
#957 = CARTESIAN_POINT('',(-8.992895794188,5.043071428571,
    42.316942857143));
#958 = LINE('',#959,#960);
#959 = CARTESIAN_POINT('',(-8.992895794188,11.410561303922,
    37.554267503222));
#960 = VECTOR('',#961,1.);
#961 = DIRECTION('',(-0.,0.80078057117,-0.598957825591));
#962 = ORIENTED_EDGE('',*,*,#963,.T.);
#963 = EDGE_CURVE('',#956,#964,#966,.T.);
#964 = VERTEX_POINT('',#965);
#965 = CARTESIAN_POINT('',(-8.992895794188,5.065914285714,
    42.288342857143));
#966 = LINE('',#967,#968);
#967 = CARTESIAN_POINT('',(-8.992895794188,13.370149743317,
    31.891170007787));
#968 = VECTOR('',#969,1.);
#969 = DIRECTION('',(-0.,0.62407609663,-0.781363568139));
#970 = ORIENTED_EDGE('',*,*,#971,.T.);
#971 = EDGE_CURVE('',#964,#972,#974,.T.);
#972 = VERTEX_POINT('',#973);
#973 = CARTESIAN_POINT('',(-8.992895794188,5.083,42.271257142857));
#974 = LINE('',#975,#976);
#975 = CARTESIAN_POINT('',(-8.992895794188,12.881840337167,
    34.47241680569));
#976 = VECTOR('',#977,1.);
#977 = DIRECTION('',(-0.,0.707106781187,-0.707106781187));
#978 = ORIENTED_EDGE('',*,*,#979,.T.);
#979 = EDGE_CURVE('',#972,#980,#982,.T.);
#980 = VERTEX_POINT('',#981);
#981 = CARTESIAN_POINT('',(-8.992895794188,5.094514285714,
    42.242842857143));
#982 = LINE('',#983,#984);
#983 = CARTESIAN_POINT('',(-8.992895794188,11.97488714367,
    25.263858223802));
#984 = VECTOR('',#985,1.);
#985 = DIRECTION('',(-0.,0.375564497639,-0.926796260304));
#986 = ORIENTED_EDGE('',*,*,#987,.T.);
#987 = EDGE_CURVE('',#980,#988,#990,.T.);
#988 = VERTEX_POINT('',#989);
#989 = CARTESIAN_POINT('',(-8.992895794188,5.105842857143,42.22));
#990 = LINE('',#991,#992);
#991 = CARTESIAN_POINT('',(-8.992895794188,12.713913241185,
    26.879136766603));
#992 = VECTOR('',#993,1.);
#993 = DIRECTION('',(-0.,0.444297794845,-0.895879160097));
#994 = ORIENTED_EDGE('',*,*,#995,.T.);
#995 = EDGE_CURVE('',#988,#996,#998,.T.);
#996 = VERTEX_POINT('',#997);
#997 = CARTESIAN_POINT('',(-8.992895794188,5.117357142857,42.1914));
#998 = LINE('',#999,#1000);
#999 = CARTESIAN_POINT('',(-8.992895794188,11.961473160818,
    25.19149892313));
#1000 = VECTOR('',#1001,1.);
#1001 = DIRECTION('',(-0.,0.373466870858,-0.927643517938));
#1002 = ORIENTED_EDGE('',*,*,#1003,.T.);
#1003 = EDGE_CURVE('',#996,#1004,#1006,.T.);
#1004 = VERTEX_POINT('',#1005);
#1005 = CARTESIAN_POINT('',(-8.992895794188,5.122928571429,42.1628));
#1006 = LINE('',#1007,#1008);
#1007 = CARTESIAN_POINT('',(-8.992895794188,9.103020667442,
    21.731660573797));
#1008 = VECTOR('',#1009,1.);
#1009 = DIRECTION('',(-0.,0.191210841639,-0.981548987081));
#1010 = ORIENTED_EDGE('',*,*,#1011,.T.);
#1011 = EDGE_CURVE('',#1004,#1012,#1014,.T.);
#1012 = VERTEX_POINT('',#1013);
#1013 = CARTESIAN_POINT('',(-8.992895794188,5.128685714286,
    42.140142857143));
#1014 = LINE('',#1015,#1016);
#1015 = CARTESIAN_POINT('',(-8.992895794188,10.087637448463,
    22.624268290382));
#1016 = VECTOR('',#1017,1.);
#1017 = DIRECTION('',(-0.,0.246272303221,-0.96920067719));
#1018 = ORIENTED_EDGE('',*,*,#1019,.T.);
#1019 = EDGE_CURVE('',#1012,#1020,#1022,.T.);
#1020 = VERTEX_POINT('',#1021);
#1021 = CARTESIAN_POINT('',(-8.992895794188,5.128685714286,
    42.082942857143));
#1022 = LINE('',#1023,#1024);
#1023 = CARTESIAN_POINT('',(-8.992895794188,5.128685714286,
    19.541471428571));
#1024 = VECTOR('',#1025,1.);
#1025 = DIRECTION('',(0.,-0.,-1.));
#1026 = ORIENTED_EDGE('',*,*,#1027,.T.);
#1027 = EDGE_CURVE('',#1020,#1028,#1030,.T.);
#1028 = VERTEX_POINT('',#1029);
#1029 = CARTESIAN_POINT('',(-8.992895794188,5.122928571429,
    42.054528571429));
#1030 = LINE('',#1031,#1032);
#1031 = CARTESIAN_POINT('',(-8.992895794188,0.460250355802,
    19.041955442691));
#1032 = VECTOR('',#1033,1.);
#1033 = DIRECTION('',(0.,-0.198579278868,-0.980084827963));
#1034 = ORIENTED_EDGE('',*,*,#1035,.T.);
#1035 = EDGE_CURVE('',#1028,#1036,#1038,.T.);
#1036 = VERTEX_POINT('',#1037);
#1037 = CARTESIAN_POINT('',(-8.992895794188,5.117357142857,
    42.025928571429));
#1038 = LINE('',#1039,#1040);
#1039 = CARTESIAN_POINT('',(-8.992895794188,0.634114178051,
    19.011948018757));
#1040 = VECTOR('',#1041,1.);
#1041 = DIRECTION('',(0.,-0.191210841639,-0.981548987081));
#1042 = ORIENTED_EDGE('',*,*,#1043,.T.);
#1043 = EDGE_CURVE('',#1036,#1044,#1046,.T.);
#1044 = VERTEX_POINT('',#1045);
#1045 = CARTESIAN_POINT('',(-8.992895794188,5.105842857143,
    42.003085714286));
#1046 = LINE('',#1047,#1048);
#1047 = CARTESIAN_POINT('',(-8.992895794188,-5.366646549721,
    21.227018020023));
#1048 = VECTOR('',#1049,1.);
#1049 = DIRECTION('',(0.,-0.450115207469,-0.892970492237));
#1050 = ORIENTED_EDGE('',*,*,#1051,.T.);
#1051 = EDGE_CURVE('',#1044,#1052,#1054,.T.);
#1052 = VERTEX_POINT('',#1053);
#1053 = CARTESIAN_POINT('',(-8.992895794188,5.094514285714,
    41.974671428571));
#1054 = LINE('',#1055,#1056);
#1055 = CARTESIAN_POINT('',(-8.992895794188,-3.607436715948,
    20.14846645719));
#1056 = VECTOR('',#1057,1.);
#1057 = DIRECTION('',(0.,-0.370343680353,-0.92889480482));
#1058 = ORIENTED_EDGE('',*,*,#1059,.T.);
#1059 = EDGE_CURVE('',#1052,#1060,#1062,.T.);
#1060 = VERTEX_POINT('',#1061);
#1061 = CARTESIAN_POINT('',(-8.992895794188,5.077428571429,
    41.951828571429));
#1062 = LINE('',#1063,#1064);
#1063 = CARTESIAN_POINT('',(-8.992895794188,-8.226647161731,
    24.16485775427));
#1064 = VECTOR('',#1065,1.);
#1065 = DIRECTION('',(0.,-0.598957825591,-0.80078057117));
#1066 = ORIENTED_EDGE('',*,*,#1067,.T.);
#1067 = EDGE_CURVE('',#1060,#1068,#1070,.T.);
#1068 = VERTEX_POINT('',#1069);
#1069 = CARTESIAN_POINT('',(-8.992895794188,5.060157142857,
    41.928985714286));
#1070 = LINE('',#1071,#1072);
#1071 = CARTESIAN_POINT('',(-8.992895794188,-8.302773348316,
    24.255432484025));
#1072 = VECTOR('',#1073,1.);
#1073 = DIRECTION('',(0.,-0.603108274872,-0.797659331282));
#1074 = ORIENTED_EDGE('',*,*,#1075,.T.);
#1075 = EDGE_CURVE('',#1068,#1076,#1078,.T.);
#1076 = VERTEX_POINT('',#1077);
#1077 = CARTESIAN_POINT('',(-8.992895794188,5.043071428571,
    41.906142857143));
#1078 = LINE('',#1079,#1080);
#1079 = CARTESIAN_POINT('',(-8.992895794188,-8.243885277758,
    24.14205943455));
#1080 = VECTOR('',#1081,1.);
#1081 = DIRECTION('',(0.,-0.598957825591,-0.80078057117));
#1082 = ORIENTED_EDGE('',*,*,#1083,.T.);
#1083 = EDGE_CURVE('',#1076,#1084,#1086,.T.);
#1084 = VERTEX_POINT('',#1085);
#1085 = CARTESIAN_POINT('',(-8.992895794188,5.020228571429,
    41.889057142857));
#1086 = LINE('',#1087,#1088);
#1087 = CARTESIAN_POINT('',(-8.992895794188,-10.23788038368,
    30.476487843097));
#1088 = VECTOR('',#1089,1.);
#1089 = DIRECTION('',(0.,-0.80078057117,-0.598957825591));
#1090 = ORIENTED_EDGE('',*,*,#1091,.T.);
#1091 = EDGE_CURVE('',#1084,#1092,#1094,.T.);
#1092 = VERTEX_POINT('',#1093);
#1093 = CARTESIAN_POINT('',(-8.992895794188,5.003142857143,
    41.871971428571));
#1094 = LINE('',#1095,#1096);
#1095 = CARTESIAN_POINT('',(-8.992895794188,-9.713859662833,
    27.154968908596));
#1096 = VECTOR('',#1097,1.);
#1097 = DIRECTION('',(0.,-0.707106781187,-0.707106781187));
#1098 = ORIENTED_EDGE('',*,*,#1099,.T.);
#1099 = EDGE_CURVE('',#1092,#1100,#1102,.T.);
#1100 = VERTEX_POINT('',#1101);
#1101 = CARTESIAN_POINT('',(-8.992895794188,4.968971428571,
    41.854885714286));
#1102 = LINE('',#1103,#1104);
#1103 = CARTESIAN_POINT('',(-8.992895794188,-9.58675260339,
    34.577023698305));
#1104 = VECTOR('',#1105,1.);
#1105 = DIRECTION('',(0.,-0.894427191,-0.4472135955));
#1106 = ORIENTED_EDGE('',*,*,#1107,.T.);
#1107 = EDGE_CURVE('',#1100,#1108,#1110,.T.);
#1108 = VERTEX_POINT('',#1109);
#1109 = CARTESIAN_POINT('',(-8.992895794188,4.940371428571,
    41.843371428571));
#1110 = LINE('',#1111,#1112);
#1111 = CARTESIAN_POINT('',(-8.992895794188,-8.822434737157,
    36.302501413798));
#1112 = VECTOR('',#1113,1.);
#1113 = DIRECTION('',(0.,-0.927643517938,-0.373466870858));
#1114 = ORIENTED_EDGE('',*,*,#1115,.T.);
#1115 = EDGE_CURVE('',#1108,#458,#1116,.T.);
#1116 = LINE('',#1117,#1118);
#1117 = CARTESIAN_POINT('',(-8.992895794188,-7.41477579129,
    38.337957566192));
#1118 = VECTOR('',#1119,1.);
#1119 = DIRECTION('',(0.,-0.962028866252,-0.272947724844));
#1120 = FACE_BOUND('',#1121,.F.);
#1121 = EDGE_LOOP('',(#1122,#1132,#1140,#1148,#1156,#1164,#1172,#1180,
    #1188,#1196,#1204,#1212,#1220,#1228,#1236,#1244,#1252,#1260,#1268,
    #1276,#1284,#1292,#1300,#1308,#1316,#1324,#1332,#1340,#1348,#1356,
    #1364,#1372,#1380,#1388,#1396,#1404,#1412,#1420,#1428,#1436,#1444,
    #1452,#1460,#1468,#1476,#1484,#1492,#1500,#1508,#1516,#1524,#1532,
    #1540,#1548,#1556,#1564,#1572,#1580,#1588,#1596,#1604,#1612,#1620,
    #1628,#1636));
#1122 = ORIENTED_EDGE('',*,*,#1123,.T.);
#1123 = EDGE_CURVE('',#1124,#1126,#1128,.T.);
#1124 = VERTEX_POINT('',#1125);
#1125 = CARTESIAN_POINT('',(-8.992895794188,2.698242857143,
    41.901128571429));
#1126 = VERTEX_POINT('',#1127);
#1127 = CARTESIAN_POINT('',(-8.992895794188,2.704,41.8378));
#1128 = LINE('',#1129,#1130);
#1129 = CARTESIAN_POINT('',(-8.992895794188,4.677438131991,
    20.129980548099));
#1130 = VECTOR('',#1131,1.);
#1131 = DIRECTION('',(-0.,9.053574604252E-02,-0.995893206468));
#1132 = ORIENTED_EDGE('',*,*,#1133,.T.);
#1133 = EDGE_CURVE('',#1126,#1134,#1136,.T.);
#1134 = VERTEX_POINT('',#1135);
#1135 = CARTESIAN_POINT('',(-8.992895794188,2.704,38.928028571429));
#1136 = LINE('',#1137,#1138);
#1137 = CARTESIAN_POINT('',(-8.992895794188,2.704,17.964014285714));
#1138 = VECTOR('',#1139,1.);
#1139 = DIRECTION('',(0.,-0.,-1.));
#1140 = ORIENTED_EDGE('',*,*,#1141,.T.);
#1141 = EDGE_CURVE('',#1134,#1142,#1144,.T.);
#1142 = VERTEX_POINT('',#1143);
#1143 = CARTESIAN_POINT('',(-8.992895794188,2.692671428571,
    38.871014285714));
#1144 = LINE('',#1145,#1146);
#1145 = CARTESIAN_POINT('',(-8.992895794188,-1.531072983822,
    17.613808800388));
#1146 = VECTOR('',#1147,1.);
#1147 = DIRECTION('',(0.,-0.194887184279,-0.980825665143));
#1148 = ORIENTED_EDGE('',*,*,#1149,.T.);
#1149 = EDGE_CURVE('',#1142,#1150,#1152,.T.);
#1150 = VERTEX_POINT('',#1151);
#1151 = CARTESIAN_POINT('',(-8.992895794188,2.686914285714,
    38.825328571429));
#1152 = LINE('',#1153,#1154);
#1153 = CARTESIAN_POINT('',(-8.992895794188,1.48515634476E-03,
    17.51514902869));
#1154 = VECTOR('',#1155,1.);
#1155 = DIRECTION('',(0.,-0.125027446277,-0.992153283358));
#1156 = ORIENTED_EDGE('',*,*,#1157,.T.);
#1157 = EDGE_CURVE('',#1150,#1158,#1160,.T.);
#1158 = VERTEX_POINT('',#1159);
#1159 = CARTESIAN_POINT('',(-8.992895794188,2.664071428571,
    38.768314285714));
#1160 = LINE('',#1161,#1162);
#1161 = CARTESIAN_POINT('',(-8.992895794188,-5.352035891255,
    18.760631788261));
#1162 = VECTOR('',#1163,1.);
#1163 = DIRECTION('',(0.,-0.371911940969,-0.928268015265));
#1164 = ORIENTED_EDGE('',*,*,#1165,.T.);
#1165 = EDGE_CURVE('',#1158,#1166,#1168,.T.);
#1166 = VERTEX_POINT('',#1167);
#1167 = CARTESIAN_POINT('',(-8.992895794188,2.646985714286,
    38.728385714286));
#1168 = LINE('',#1169,#1170);
#1169 = CARTESIAN_POINT('',(-8.992895794188,-5.799936212576,
    18.988296428685));
#1170 = VECTOR('',#1171,1.);
#1171 = DIRECTION('',(0.,-0.393403152889,-0.919366063816));
#1172 = ORIENTED_EDGE('',*,*,#1173,.T.);
#1173 = EDGE_CURVE('',#1166,#1174,#1176,.T.);
#1174 = VERTEX_POINT('',#1175);
#1175 = CARTESIAN_POINT('',(-8.992895794188,2.624142857143,
    38.688457142857));
#1176 = LINE('',#1177,#1178);
#1177 = CARTESIAN_POINT('',(-8.992895794188,-7.792500123745,
    20.480503964882));
#1178 = VECTOR('',#1179,1.);
#1179 = DIRECTION('',(0.,-0.49657364983,-0.867994591167));
#1180 = ORIENTED_EDGE('',*,*,#1181,.T.);
#1181 = EDGE_CURVE('',#1174,#1182,#1184,.T.);
#1182 = VERTEX_POINT('',#1183);
#1183 = CARTESIAN_POINT('',(-8.992895794188,2.595542857143,38.6372));
#1184 = LINE('',#1185,#1186);
#1185 = CARTESIAN_POINT('',(-8.992895794188,-7.638404605392,
    20.295839612601));
#1186 = VECTOR('',#1187,1.);
#1187 = DIRECTION('',(0.,-0.487253947878,-0.873260322171));
#1188 = ORIENTED_EDGE('',*,*,#1189,.T.);
#1189 = EDGE_CURVE('',#1182,#1190,#1192,.T.);
#1190 = VERTEX_POINT('',#1191);
#1191 = CARTESIAN_POINT('',(-8.992895794188,2.567128571429,
    38.602842857143));
#1192 = LINE('',#1193,#1194);
#1193 = CARTESIAN_POINT('',(-8.992895794188,-9.996437010052,
    23.411603428555));
#1194 = VECTOR('',#1195,1.);
#1195 = DIRECTION('',(0.,-0.637311932213,-0.770605931108));
#1196 = ORIENTED_EDGE('',*,*,#1197,.T.);
#1197 = EDGE_CURVE('',#1190,#1198,#1200,.T.);
#1198 = VERTEX_POINT('',#1199);
#1199 = CARTESIAN_POINT('',(-8.992895794188,2.532771428571,
    38.568671428571));
#1200 = LINE('',#1201,#1202);
#1201 = CARTESIAN_POINT('',(-8.992895794188,-10.75627791065,
    25.351454788478));
#1202 = VECTOR('',#1203,1.);
#1203 = DIRECTION('',(0.,-0.70902045612,-0.705187913114));
#1204 = ORIENTED_EDGE('',*,*,#1205,.T.);
#1205 = EDGE_CURVE('',#1198,#1206,#1208,.T.);
#1206 = VERTEX_POINT('',#1207);
#1207 = CARTESIAN_POINT('',(-8.992895794188,2.492842857143,
    38.528742857143));
#1208 = LINE('',#1209,#1210);
#1209 = CARTESIAN_POINT('',(-8.992895794188,-10.76077751997,
    25.275122480024));
#1210 = VECTOR('',#1211,1.);
#1211 = DIRECTION('',(0.,-0.707106781187,-0.707106781187));
#1212 = ORIENTED_EDGE('',*,*,#1213,.T.);
#1213 = EDGE_CURVE('',#1206,#1214,#1216,.T.);
#1214 = VERTEX_POINT('',#1215);
#1215 = CARTESIAN_POINT('',(-8.992895794188,2.452914285714,
    38.500142857143));
#1216 = LINE('',#1217,#1218);
#1217 = CARTESIAN_POINT('',(-8.992895794188,-11.15249814007,28.754870701
    ));
#1218 = VECTOR('',#1219,1.);
#1219 = DIRECTION('',(0.,-0.812966296417,-0.58231074255));
#1220 = ORIENTED_EDGE('',*,*,#1221,.T.);
#1221 = EDGE_CURVE('',#1214,#1222,#1224,.T.);
#1222 = VERTEX_POINT('',#1223);
#1223 = CARTESIAN_POINT('',(-8.992895794188,2.407414285714,
    38.471728571429));
#1224 = LINE('',#1225,#1226);
#1225 = CARTESIAN_POINT('',(-8.992895794188,-11.00960610193,
    30.092936247713));
#1226 = VECTOR('',#1227,1.);
#1227 = DIRECTION('',(0.,-0.848192741916,-0.529687712299));
#1228 = ORIENTED_EDGE('',*,*,#1229,.T.);
#1229 = EDGE_CURVE('',#1222,#1230,#1232,.T.);
#1230 = VERTEX_POINT('',#1231);
#1231 = CARTESIAN_POINT('',(-8.992895794188,2.361728571429,
    38.454457142857));
#1232 = LINE('',#1233,#1234);
#1233 = CARTESIAN_POINT('',(-8.992895794188,-9.46167574162,
    33.984633561095));
#1234 = VECTOR('',#1235,1.);
#1235 = DIRECTION('',(0.,-0.93538826358,-0.353622392329));
#1236 = ORIENTED_EDGE('',*,*,#1237,.T.);
#1237 = EDGE_CURVE('',#1230,#1238,#1240,.T.);
#1238 = VERTEX_POINT('',#1239);
#1239 = CARTESIAN_POINT('',(-8.992895794188,2.310285714286,38.4318));
#1240 = LINE('',#1241,#1242);
#1241 = CARTESIAN_POINT('',(-8.992895794188,-10.06474874132,
    32.981423813774));
#1242 = VECTOR('',#1243,1.);
#1243 = DIRECTION('',(0.,-0.915168822915,-0.403070745111));
#1244 = ORIENTED_EDGE('',*,*,#1245,.T.);
#1245 = EDGE_CURVE('',#1238,#1246,#1248,.T.);
#1246 = VERTEX_POINT('',#1247);
#1247 = CARTESIAN_POINT('',(-8.992895794188,2.264785714286,
    38.420285714286));
#1248 = LINE('',#1249,#1250);
#1249 = CARTESIAN_POINT('',(-8.992895794188,-7.950784222195,
    35.835121077299));
#1250 = VECTOR('',#1251,1.);
#1251 = DIRECTION('',(0.,-0.969440203112,-0.245327724869));
#1252 = ORIENTED_EDGE('',*,*,#1253,.T.);
#1253 = EDGE_CURVE('',#1246,#1254,#1256,.T.);
#1254 = VERTEX_POINT('',#1255);
#1255 = CARTESIAN_POINT('',(-8.992895794188,2.207585714286,
    38.408957142857));
#1256 = LINE('',#1257,#1258);
#1257 = CARTESIAN_POINT('',(-8.992895794188,-7.12706947981,
    36.560210497273));
#1258 = VECTOR('',#1259,1.);
#1259 = DIRECTION('',(0.,-0.980946441599,-0.194278353693));
#1260 = ORIENTED_EDGE('',*,*,#1261,.T.);
#1261 = EDGE_CURVE('',#1254,#1262,#1264,.T.);
#1262 = VERTEX_POINT('',#1263);
#1263 = CARTESIAN_POINT('',(-8.992895794188,2.179171428571,38.4032));
#1264 = LINE('',#1265,#1266);
#1265 = CARTESIAN_POINT('',(-8.992895794188,-7.215623385084,
    36.4996794822));
#1266 = VECTOR('',#1267,1.);
#1267 = DIRECTION('',(0.,-0.980084827963,-0.198579278868));
#1268 = ORIENTED_EDGE('',*,*,#1269,.T.);
#1269 = EDGE_CURVE('',#1262,#1270,#1272,.T.);
#1270 = VERTEX_POINT('',#1271);
#1271 = CARTESIAN_POINT('',(-8.992895794188,1.277714285714,38.4032));
#1272 = LINE('',#1273,#1274);
#1273 = CARTESIAN_POINT('',(-8.992895794188,-3.857590754237,38.4032));
#1274 = VECTOR('',#1275,1.);
#1275 = DIRECTION('',(0.,-1.,0.));
#1276 = ORIENTED_EDGE('',*,*,#1277,.T.);
#1277 = EDGE_CURVE('',#1270,#1278,#1280,.T.);
#1278 = VERTEX_POINT('',#1279);
#1279 = CARTESIAN_POINT('',(-8.992895794188,1.214942857143,
    38.408957142857));
#1280 = LINE('',#1281,#1282);
#1281 = CARTESIAN_POINT('',(-8.992895794188,-1.963310109047,
    38.700453716679));
#1282 = VECTOR('',#1283,1.);
#1283 = DIRECTION('',(0.,-0.995820439719,9.133264387955E-02));
#1284 = ORIENTED_EDGE('',*,*,#1285,.T.);
#1285 = EDGE_CURVE('',#1278,#1286,#1288,.T.);
#1286 = VERTEX_POINT('',#1287);
#1287 = CARTESIAN_POINT('',(-8.992895794188,1.157928571429,
    38.414528571429));
#1288 = LINE('',#1289,#1290);
#1289 = CARTESIAN_POINT('',(-8.992895794188,-1.865104973286,
    38.709939015538));
#1290 = VECTOR('',#1291,1.);
#1291 = DIRECTION('',(0.,-0.995259338689,9.725661290117E-02));
#1292 = ORIENTED_EDGE('',*,*,#1293,.T.);
#1293 = EDGE_CURVE('',#1286,#1294,#1296,.T.);
#1294 = VERTEX_POINT('',#1295);
#1295 = CARTESIAN_POINT('',(-8.992895794188,1.100914285714,38.4318));
#1296 = LINE('',#1297,#1298);
#1297 = CARTESIAN_POINT('',(-8.992895794188,2.226241384294,
    38.090902865903));
#1298 = VECTOR('',#1299,1.);
#1299 = DIRECTION('',(0.,-0.957050619435,0.289920871686));
#1300 = ORIENTED_EDGE('',*,*,#1301,.T.);
#1301 = EDGE_CURVE('',#1294,#1302,#1304,.T.);
#1302 = VERTEX_POINT('',#1303);
#1303 = CARTESIAN_POINT('',(-8.992895794188,1.032385714286,
    38.460214285714));
#1304 = LINE('',#1305,#1306);
#1305 = CARTESIAN_POINT('',(-8.992895794188,4.089561130884,
    37.192604966637));
#1306 = VECTOR('',#1307,1.);
#1307 = DIRECTION('',(0.,-0.923742113572,0.3830150227));
#1308 = ORIENTED_EDGE('',*,*,#1309,.T.);
#1309 = EDGE_CURVE('',#1302,#1310,#1312,.T.);
#1310 = VERTEX_POINT('',#1311);
#1311 = CARTESIAN_POINT('',(-8.992895794188,0.981128571429,
    38.488814285714));
#1312 = LINE('',#1313,#1314);
#1313 = CARTESIAN_POINT('',(-8.992895794188,6.004850602846,
    35.685723007315));
#1314 = VECTOR('',#1315,1.);
#1315 = DIRECTION('',(0.,-0.873260322171,0.487253947878));
#1316 = ORIENTED_EDGE('',*,*,#1317,.T.);
#1317 = EDGE_CURVE('',#1310,#1318,#1320,.T.);
#1318 = VERTEX_POINT('',#1319);
#1319 = CARTESIAN_POINT('',(-8.992895794188,0.929685714286,
    38.522985714286));
#1320 = LINE('',#1321,#1322);
#1321 = CARTESIAN_POINT('',(-8.992895794188,7.056166608268,
    34.453409957994));
#1322 = VECTOR('',#1323,1.);
#1323 = DIRECTION('',(0.,-0.832974406886,0.553311519375));
#1324 = ORIENTED_EDGE('',*,*,#1325,.T.);
#1325 = EDGE_CURVE('',#1318,#1326,#1328,.T.);
#1326 = VERTEX_POINT('',#1327);
#1327 = CARTESIAN_POINT('',(-8.992895794188,0.884,38.562914285714));
#1328 = LINE('',#1329,#1330);
#1329 = CARTESIAN_POINT('',(-8.992895794188,8.381364230663,
    32.010339856477));
#1330 = VECTOR('',#1331,1.);
#1331 = DIRECTION('',(0.,-0.752955783567,0.658071111654));
#1332 = ORIENTED_EDGE('',*,*,#1333,.T.);
#1333 = EDGE_CURVE('',#1326,#1334,#1336,.T.);
#1334 = VERTEX_POINT('',#1335);
#1335 = CARTESIAN_POINT('',(-8.992895794188,0.832742857143,
    38.614357142857));
#1336 = LINE('',#1337,#1338);
#1337 = CARTESIAN_POINT('',(-8.992895794188,8.788738352326,
    30.629535577039));
#1338 = VECTOR('',#1339,1.);
#1339 = DIRECTION('',(0.,-0.705826953048,0.708384297081));
#1340 = ORIENTED_EDGE('',*,*,#1341,.T.);
#1341 = EDGE_CURVE('',#1334,#1342,#1344,.T.);
#1342 = VERTEX_POINT('',#1343);
#1343 = CARTESIAN_POINT('',(-8.992895794188,0.798571428571,
    38.665614285714));
#1344 = LINE('',#1345,#1346);
#1345 = CARTESIAN_POINT('',(-8.992895794188,8.907333614081,
    26.50247100745));
#1346 = VECTOR('',#1347,1.);
#1347 = DIRECTION('',(0.,-0.554700196225,0.832050294338));
#1348 = ORIENTED_EDGE('',*,*,#1349,.T.);
#1349 = EDGE_CURVE('',#1342,#1350,#1352,.T.);
#1350 = VERTEX_POINT('',#1351);
#1351 = CARTESIAN_POINT('',(-8.992895794188,0.769971428571,
    38.717057142857));
#1352 = LINE('',#1353,#1354);
#1353 = CARTESIAN_POINT('',(-8.992895794188,8.475830677638,
    24.856518103951));
#1354 = VECTOR('',#1355,1.);
#1355 = DIRECTION('',(0.,-0.48591080823,0.874008401816));
#1356 = ORIENTED_EDGE('',*,*,#1357,.T.);
#1357 = EDGE_CURVE('',#1350,#1358,#1360,.T.);
#1358 = VERTEX_POINT('',#1359);
#1359 = CARTESIAN_POINT('',(-8.992895794188,0.747128571429,
    38.768314285714));
#1360 = LINE('',#1361,#1362);
#1361 = CARTESIAN_POINT('',(-8.992895794188,7.705093111947,23.1553206826
    ));
#1362 = VECTOR('',#1363,1.);
#1363 = DIRECTION('',(0.,-0.407059440224,0.913401670747));
#1364 = ORIENTED_EDGE('',*,*,#1365,.T.);
#1365 = EDGE_CURVE('',#1358,#1366,#1368,.T.);
#1366 = VERTEX_POINT('',#1367);
#1367 = CARTESIAN_POINT('',(-8.992895794188,0.724285714286,
    38.836842857143));
#1368 = LINE('',#1369,#1370);
#1369 = CARTESIAN_POINT('',(-8.992895794188,6.513953067433,21.4678407977
    ));
#1370 = VECTOR('',#1371,1.);
#1371 = DIRECTION('',(0.,-0.316227766017,0.948683298051));
#1372 = ORIENTED_EDGE('',*,*,#1373,.T.);
#1373 = EDGE_CURVE('',#1366,#1374,#1376,.T.);
#1374 = VERTEX_POINT('',#1375);
#1375 = CARTESIAN_POINT('',(-8.992895794188,0.712957142857,
    38.899614285714));
#1376 = LINE('',#1377,#1378);
#1377 = CARTESIAN_POINT('',(-8.992895794188,4.221501069293,
    19.458829906444));
#1378 = VECTOR('',#1379,1.);
#1379 = DIRECTION('',(0.,-0.177604207031,0.984101999614));
#1380 = ORIENTED_EDGE('',*,*,#1381,.T.);
#1381 = EDGE_CURVE('',#1374,#1382,#1384,.T.);
#1382 = VERTEX_POINT('',#1383);
#1383 = CARTESIAN_POINT('',(-8.992895794188,0.7072,38.962385714286));
#1384 = LINE('',#1385,#1386);
#1385 = CARTESIAN_POINT('',(-8.992895794188,2.575001247585,
    18.597326950294));
#1386 = VECTOR('',#1387,1.);
#1387 = DIRECTION('',(0.,-9.133264387955E-02,0.995820439719));
#1388 = ORIENTED_EDGE('',*,*,#1389,.T.);
#1389 = EDGE_CURVE('',#1382,#1390,#1392,.T.);
#1390 = VERTEX_POINT('',#1391);
#1391 = CARTESIAN_POINT('',(-8.992895794188,0.7072,41.871971428571));
#1392 = LINE('',#1393,#1394);
#1393 = CARTESIAN_POINT('',(-8.992895794188,0.7072,19.435985714286));
#1394 = VECTOR('',#1395,1.);
#1395 = DIRECTION('',(0.,0.,1.));
#1396 = ORIENTED_EDGE('',*,*,#1397,.T.);
#1397 = EDGE_CURVE('',#1390,#1398,#1400,.T.);
#1398 = VERTEX_POINT('',#1399);
#1399 = CARTESIAN_POINT('',(-8.992895794188,0.712957142857,
    41.900385714286));
#1400 = LINE('',#1401,#1402);
#1401 = CARTESIAN_POINT('',(-8.992895794188,-3.847770270261,
    19.390989126963));
#1402 = VECTOR('',#1403,1.);
#1403 = DIRECTION('',(0.,0.198579278868,0.980084827963));
#1404 = ORIENTED_EDGE('',*,*,#1405,.T.);
#1405 = EDGE_CURVE('',#1398,#1406,#1408,.T.);
#1406 = VERTEX_POINT('',#1407);
#1407 = CARTESIAN_POINT('',(-8.992895794188,0.718528571429,
    41.940314285714));
#1408 = LINE('',#1409,#1410);
#1409 = CARTESIAN_POINT('',(-8.992895794188,-2.44969751952,
    19.234693967249));
#1410 = VECTOR('',#1411,1.);
#1411 = DIRECTION('',(0.,0.138196031911,0.990404895365));
#1412 = ORIENTED_EDGE('',*,*,#1413,.T.);
#1413 = EDGE_CURVE('',#1406,#1414,#1416,.T.);
#1414 = VERTEX_POINT('',#1415);
#1415 = CARTESIAN_POINT('',(-8.992895794188,0.724285714286,
    41.974671428571));
#1416 = LINE('',#1417,#1418);
#1417 = CARTESIAN_POINT('',(-8.992895794188,-3.073644599937,
    19.309603424337));
#1418 = VECTOR('',#1419,1.);
#1419 = DIRECTION('',(0.,0.165263423329,0.986249461804));
#1420 = ORIENTED_EDGE('',*,*,#1421,.T.);
#1421 = EDGE_CURVE('',#1414,#1422,#1424,.T.);
#1422 = VERTEX_POINT('',#1423);
#1423 = CARTESIAN_POINT('',(-8.992895794188,0.741371428571,42.0146));
#1424 = LINE('',#1425,#1426);
#1425 = CARTESIAN_POINT('',(-8.992895794188,-8.152369778741,
    21.230313482911));
#1426 = VECTOR('',#1427,1.);
#1427 = DIRECTION('',(0.,0.393403152889,0.919366063816));
#1428 = ORIENTED_EDGE('',*,*,#1429,.T.);
#1429 = EDGE_CURVE('',#1422,#1430,#1432,.T.);
#1430 = VERTEX_POINT('',#1431);
#1431 = CARTESIAN_POINT('',(-8.992895794188,0.752885714286,
    42.048771428571));
#1432 = LINE('',#1433,#1434);
#1433 = CARTESIAN_POINT('',(-8.992895794188,-6.559835354358,
    20.346502450662));
#1434 = VECTOR('',#1435,1.);
#1435 = DIRECTION('',(0.,0.319316245627,0.947648212829));
#1436 = ORIENTED_EDGE('',*,*,#1437,.T.);
#1437 = EDGE_CURVE('',#1430,#1438,#1440,.T.);
#1438 = VERTEX_POINT('',#1439);
#1439 = CARTESIAN_POINT('',(-8.992895794188,0.798571428571,
    42.140142857143));
#1440 = LINE('',#1441,#1442);
#1441 = CARTESIAN_POINT('',(-8.992895794188,-9.208603865133,
    22.125792269734));
#1442 = VECTOR('',#1443,1.);
#1443 = DIRECTION('',(0.,0.4472135955,0.894427191));
#1444 = ORIENTED_EDGE('',*,*,#1445,.T.);
#1445 = EDGE_CURVE('',#1438,#1446,#1448,.T.);
#1446 = VERTEX_POINT('',#1447);
#1447 = CARTESIAN_POINT('',(-8.992895794188,0.821228571429,
    42.174314285714));
#1448 = LINE('',#1449,#1450);
#1449 = CARTESIAN_POINT('',(-8.992895794188,-11.08015052319,
    24.224693356123));
#1450 = VECTOR('',#1451,1.);
#1451 = DIRECTION('',(0.,0.5526078733,0.833441382682));
#1452 = ORIENTED_EDGE('',*,*,#1453,.T.);
#1453 = EDGE_CURVE('',#1446,#1454,#1456,.T.);
#1454 = VERTEX_POINT('',#1455);
#1455 = CARTESIAN_POINT('',(-8.992895794188,0.844071428571,
    42.197157142857));
#1456 = LINE('',#1457,#1458);
#1457 = CARTESIAN_POINT('',(-8.992895794188,-12.91445966283,
    28.438626051453));
#1458 = VECTOR('',#1459,1.);
#1459 = DIRECTION('',(0.,0.707106781187,0.707106781187));
#1460 = ORIENTED_EDGE('',*,*,#1461,.T.);
#1461 = EDGE_CURVE('',#1454,#1462,#1464,.T.);
#1462 = VERTEX_POINT('',#1463);
#1463 = CARTESIAN_POINT('',(-8.992895794188,0.872671428571,
    42.225571428571));
#1464 = LINE('',#1465,#1466);
#1465 = CARTESIAN_POINT('',(-8.992895794188,-12.91594083938,
    28.526495603913));
#1466 = VECTOR('',#1467,1.);
#1467 = DIRECTION('',(0.,0.709406297146,0.704799762748));
#1468 = ORIENTED_EDGE('',*,*,#1469,.T.);
#1469 = EDGE_CURVE('',#1462,#1470,#1472,.T.);
#1470 = VERTEX_POINT('',#1471);
#1471 = CARTESIAN_POINT('',(-8.992895794188,0.895514285714,
    42.254171428571));
#1472 = LINE('',#1473,#1474);
#1473 = CARTESIAN_POINT('',(-8.992895794188,-12.06376324419,
    26.028734521202));
#1474 = VECTOR('',#1475,1.);
#1475 = DIRECTION('',(0.,0.62407609663,0.781363568139));
#1476 = ORIENTED_EDGE('',*,*,#1477,.T.);
#1477 = EDGE_CURVE('',#1470,#1478,#1480,.T.);
#1478 = VERTEX_POINT('',#1479);
#1479 = CARTESIAN_POINT('',(-8.992895794188,0.929685714286,
    42.277014285714));
#1480 = LINE('',#1481,#1482);
#1481 = CARTESIAN_POINT('',(-8.992895794188,-12.95873223881,
    32.992908806197));
#1482 = VECTOR('',#1483,1.);
#1483 = DIRECTION('',(0.,0.831354528555,0.555742429414));
#1484 = ORIENTED_EDGE('',*,*,#1485,.T.);
#1485 = EDGE_CURVE('',#1478,#1486,#1488,.T.);
#1486 = VERTEX_POINT('',#1487);
#1487 = CARTESIAN_POINT('',(-8.992895794188,0.958285714286,
    42.299857142857));
#1488 = LINE('',#1489,#1490);
#1489 = CARTESIAN_POINT('',(-8.992895794188,-13.12424890606,
    31.052118452578));
#1490 = VECTOR('',#1491,1.);
#1491 = DIRECTION('',(0.,0.781363568139,0.62407609663));
#1492 = ORIENTED_EDGE('',*,*,#1493,.T.);
#1493 = EDGE_CURVE('',#1486,#1494,#1496,.T.);
#1494 = VERTEX_POINT('',#1495);
#1495 = CARTESIAN_POINT('',(-8.992895794188,0.992457142857,
    42.316942857143));
#1496 = LINE('',#1497,#1498);
#1497 = CARTESIAN_POINT('',(-8.992895794188,-12.06507260339,
    35.788177984019));
#1498 = VECTOR('',#1499,1.);
#1499 = DIRECTION('',(0.,0.894427191,0.4472135955));
#1500 = ORIENTED_EDGE('',*,*,#1501,.T.);
#1501 = EDGE_CURVE('',#1494,#1502,#1504,.T.);
#1502 = VERTEX_POINT('',#1503);
#1503 = CARTESIAN_POINT('',(-8.992895794188,1.021057142857,
    42.334028571429));
#1504 = LINE('',#1505,#1506);
#1505 = CARTESIAN_POINT('',(-8.992895794188,-12.64866667092,
    34.167700059299));
#1506 = VECTOR('',#1507,1.);
#1507 = DIRECTION('',(0.,0.85847509595,0.512855252126));
#1508 = ORIENTED_EDGE('',*,*,#1509,.T.);
#1509 = EDGE_CURVE('',#1502,#1510,#1512,.T.);
#1510 = VERTEX_POINT('',#1511);
#1511 = CARTESIAN_POINT('',(-8.992895794188,1.072314285714,
    42.356871428571));
#1512 = LINE('',#1513,#1514);
#1513 = CARTESIAN_POINT('',(-8.992895794188,-11.55844259673,
    36.727947165741));
#1514 = VECTOR('',#1515,1.);
#1515 = DIRECTION('',(0.,0.913401670747,0.407059440224));
#1516 = ORIENTED_EDGE('',*,*,#1517,.T.);
#1517 = EDGE_CURVE('',#1510,#1518,#1520,.T.);
#1518 = VERTEX_POINT('',#1519);
#1519 = CARTESIAN_POINT('',(-8.992895794188,1.129328571429,
    42.379714285714));
#1520 = LINE('',#1521,#1522);
#1521 = CARTESIAN_POINT('',(-8.992895794188,-11.06504742455,
    37.49401966843));
#1522 = VECTOR('',#1523,1.);
#1523 = DIRECTION('',(0.,0.928268015265,0.371911940969));
#1524 = ORIENTED_EDGE('',*,*,#1525,.T.);
#1525 = EDGE_CURVE('',#1518,#1526,#1528,.T.);
#1526 = VERTEX_POINT('',#1527);
#1527 = CARTESIAN_POINT('',(-8.992895794188,1.1921,42.391042857143));
#1528 = LINE('',#1529,#1530);
#1529 = CARTESIAN_POINT('',(-8.992895794188,-7.70650204781,
    40.785082132538));
#1530 = VECTOR('',#1531,1.);
#1531 = DIRECTION('',(0.,0.984101999614,0.177604207031));
#1532 = ORIENTED_EDGE('',*,*,#1533,.T.);
#1533 = EDGE_CURVE('',#1526,#1534,#1536,.T.);
#1534 = VERTEX_POINT('',#1535);
#1535 = CARTESIAN_POINT('',(-8.992895794188,1.249114285714,42.3968));
#1536 = LINE('',#1537,#1538);
#1537 = CARTESIAN_POINT('',(-8.992895794188,-6.089088390584,
    41.655808850276));
#1538 = VECTOR('',#1539,1.);
#1539 = DIRECTION('',(0.,0.994940461748,0.100466300698));
#1540 = ORIENTED_EDGE('',*,*,#1541,.T.);
#1541 = EDGE_CURVE('',#1534,#1542,#1544,.T.);
#1542 = VERTEX_POINT('',#1543);
#1543 = CARTESIAN_POINT('',(-8.992895794188,2.2191,42.3968));
#1544 = LINE('',#1545,#1546);
#1545 = CARTESIAN_POINT('',(-8.992895794188,-3.386897897094,42.3968));
#1546 = VECTOR('',#1547,1.);
#1547 = DIRECTION('',(0.,1.,0.));
#1548 = ORIENTED_EDGE('',*,*,#1549,.T.);
#1549 = EDGE_CURVE('',#1542,#1550,#1552,.T.);
#1550 = VERTEX_POINT('',#1551);
#1551 = CARTESIAN_POINT('',(-8.992895794188,2.281871428571,
    42.385285714286));
#1552 = LINE('',#1553,#1554);
#1553 = CARTESIAN_POINT('',(-8.992895794188,0.855052195591,
    42.647009952288));
#1554 = VECTOR('',#1555,1.);
#1555 = DIRECTION('',(-0.,0.983589347684,-0.180421714664));
#1556 = ORIENTED_EDGE('',*,*,#1557,.T.);
#1557 = EDGE_CURVE('',#1550,#1558,#1560,.T.);
#1558 = VERTEX_POINT('',#1559);
#1559 = CARTESIAN_POINT('',(-8.992895794188,2.350214285714,
    42.362257142857));
#1560 = LINE('',#1561,#1562);
#1561 = CARTESIAN_POINT('',(-8.992895794188,4.120244718347,
    41.765833844905));
#1562 = VECTOR('',#1563,1.);
#1563 = DIRECTION('',(-0.,0.947648212829,-0.319316245627));
#1564 = ORIENTED_EDGE('',*,*,#1565,.T.);
#1565 = EDGE_CURVE('',#1558,#1566,#1568,.T.);
#1566 = VERTEX_POINT('',#1567);
#1567 = CARTESIAN_POINT('',(-8.992895794188,2.407414285714,
    42.333471428571));
#1568 = LINE('',#1569,#1570);
#1569 = CARTESIAN_POINT('',(-8.992895794188,6.960993298828,
    40.041897574569));
#1570 = VECTOR('',#1571,1.);
#1571 = DIRECTION('',(-0.,0.893264098465,-0.449532257344));
#1572 = ORIENTED_EDGE('',*,*,#1573,.T.);
#1573 = EDGE_CURVE('',#1566,#1574,#1576,.T.);
#1574 = VERTEX_POINT('',#1575);
#1575 = CARTESIAN_POINT('',(-8.992895794188,2.47,42.292985714286));
#1576 = LINE('',#1577,#1578);
#1577 = CARTESIAN_POINT('',(-8.992895794188,8.757252940958,
    38.225860666426));
#1578 = VECTOR('',#1579,1.);
#1579 = DIRECTION('',(-0.,0.839636996037,-0.543147967763));
#1580 = ORIENTED_EDGE('',*,*,#1581,.T.);
#1581 = EDGE_CURVE('',#1574,#1582,#1584,.T.);
#1582 = VERTEX_POINT('',#1583);
#1583 = CARTESIAN_POINT('',(-8.992895794188,2.492842857143,42.2759));
#1584 = LINE('',#1585,#1586);
#1585 = CARTESIAN_POINT('',(-8.992895794188,9.668156389632,
    36.908998821228));
#1586 = VECTOR('',#1587,1.);
#1587 = DIRECTION('',(-0.,0.80078057117,-0.598957825591));
#1588 = ORIENTED_EDGE('',*,*,#1589,.T.);
#1589 = EDGE_CURVE('',#1582,#1590,#1592,.T.);
#1590 = VERTEX_POINT('',#1591);
#1591 = CARTESIAN_POINT('',(-8.992895794188,2.5272,42.247114285714));
#1592 = LINE('',#1593,#1594);
#1593 = CARTESIAN_POINT('',(-8.992895794188,10.279867155251,
    35.751636398882));
#1594 = VECTOR('',#1595,1.);
#1595 = DIRECTION('',(-0.,0.76652048118,-0.64221986261));
#1596 = ORIENTED_EDGE('',*,*,#1597,.T.);
#1597 = EDGE_CURVE('',#1590,#1598,#1600,.T.);
#1598 = VERTEX_POINT('',#1599);
#1599 = CARTESIAN_POINT('',(-8.992895794188,2.567128571429,
    42.200871428571));
#1600 = LINE('',#1601,#1602);
#1601 = CARTESIAN_POINT('',(-8.992895794188,11.277912142973,
    32.11256859455));
#1602 = VECTOR('',#1603,1.);
#1603 = DIRECTION('',(-0.,0.653540726021,-0.756891352462));
#1604 = ORIENTED_EDGE('',*,*,#1605,.T.);
#1605 = EDGE_CURVE('',#1598,#1606,#1608,.T.);
#1606 = VERTEX_POINT('',#1607);
#1607 = CARTESIAN_POINT('',(-8.992895794188,2.612628571429,42.1433));
#1608 = LINE('',#1609,#1610);
#1609 = CARTESIAN_POINT('',(-8.992895794188,11.362066633731,
    31.072582451781));
#1610 = VECTOR('',#1611,1.);
#1611 = DIRECTION('',(-0.,0.620054492814,-0.78455874601));
#1612 = ORIENTED_EDGE('',*,*,#1613,.T.);
#1613 = EDGE_CURVE('',#1606,#1614,#1616,.T.);
#1614 = VERTEX_POINT('',#1615);
#1615 = CARTESIAN_POINT('',(-8.992895794188,2.641228571429,
    42.085542857143));
#1616 = LINE('',#1617,#1618);
#1617 = CARTESIAN_POINT('',(-8.992895794188,10.460304503846,
    26.295071331288));
#1618 = VECTOR('',#1619,1.);
#1619 = DIRECTION('',(-0.,0.443752442317,-0.896149412731));
#1620 = ORIENTED_EDGE('',*,*,#1621,.T.);
#1621 = EDGE_CURVE('',#1614,#1622,#1624,.T.);
#1622 = VERTEX_POINT('',#1623);
#1623 = CARTESIAN_POINT('',(-8.992895794188,2.664071428571,
    42.033914285714));
#1624 = LINE('',#1625,#1626);
#1625 = CARTESIAN_POINT('',(-8.992895794188,10.04145019548,
    25.359838698718));
#1626 = VECTOR('',#1627,1.);
#1627 = DIRECTION('',(-0.,0.404611830448,-0.914488527354));
#1628 = ORIENTED_EDGE('',*,*,#1629,.T.);
#1629 = EDGE_CURVE('',#1622,#1630,#1632,.T.);
#1630 = VERTEX_POINT('',#1631);
#1631 = CARTESIAN_POINT('',(-8.992895794188,2.686914285714,
    41.964642857143));
#1632 = LINE('',#1633,#1634);
#1633 = CARTESIAN_POINT('',(-8.992895794188,8.800791695456,
    23.424185346299));
#1634 = VECTOR('',#1635,1.);
#1635 = DIRECTION('',(-0.,0.313170801129,-0.949696819685));
#1636 = ORIENTED_EDGE('',*,*,#1637,.T.);
#1637 = EDGE_CURVE('',#1630,#1124,#1638,.T.);
#1638 = LINE('',#1639,#1640);
#1639 = CARTESIAN_POINT('',(-8.992895794188,6.398887582401,
    21.153251587195));
#1640 = VECTOR('',#1641,1.);
#1641 = DIRECTION('',(-0.,0.175591378217,-0.98446313689));
#1642 = FACE_BOUND('',#1643,.F.);
#1643 = EDGE_LOOP('',(#1644,#1654,#1662,#1670,#1678,#1686,#1694,#1702,
    #1710,#1718,#1726,#1734,#1742,#1750,#1758,#1766,#1774,#1782,#1790,
    #1798,#1806,#1814,#1822,#1830,#1838,#1846,#1854,#1862,#1870,#1878,
    #1886,#1894,#1902,#1910,#1918,#1926,#1934,#1942,#1950,#1958,#1966,
    #1974,#1982,#1990,#1998,#2006,#2014,#2022,#2030,#2038,#2046,#2054,
    #2062,#2070,#2078,#2086,#2094,#2102,#2110,#2118,#2126,#2134,#2142,
    #2150,#2158,#2166,#2174,#2182,#2190,#2198,#2206,#2214,#2222,#2230,
    #2238,#2246,#2254,#2262,#2270,#2278,#2286,#2294,#2302));
#1644 = ORIENTED_EDGE('',*,*,#1645,.T.);
#1645 = EDGE_CURVE('',#1646,#1648,#1650,.T.);
#1646 = VERTEX_POINT('',#1647);
#1647 = CARTESIAN_POINT('',(-8.992895794188,-3.502757142857,
    41.832042857143));
#1648 = VERTEX_POINT('',#1649);
#1649 = CARTESIAN_POINT('',(-8.992895794188,-3.536928571429,
    41.826285714286));
#1650 = LINE('',#1651,#1652);
#1651 = CARTESIAN_POINT('',(-8.992895794188,-9.86151656017,
    40.760730129226));
#1652 = VECTOR('',#1653,1.);
#1653 = DIRECTION('',(0.,-0.98610270304,-0.166136868447));
#1654 = ORIENTED_EDGE('',*,*,#1655,.T.);
#1655 = EDGE_CURVE('',#1648,#1656,#1658,.T.);
#1656 = VERTEX_POINT('',#1657);
#1657 = CARTESIAN_POINT('',(-8.992895794188,-3.987657142857,
    41.826285714286));
#1658 = LINE('',#1659,#1660);
#1659 = CARTESIAN_POINT('',(-8.992895794188,-6.490276468523,
    41.826285714286));
#1660 = VECTOR('',#1661,1.);
#1661 = DIRECTION('',(0.,-1.,0.));
#1662 = ORIENTED_EDGE('',*,*,#1663,.T.);
#1663 = EDGE_CURVE('',#1656,#1664,#1666,.T.);
#1664 = VERTEX_POINT('',#1665);
#1665 = CARTESIAN_POINT('',(-8.992895794188,-3.987657142857,
    38.973714285714));
#1666 = LINE('',#1667,#1668);
#1667 = CARTESIAN_POINT('',(-8.992895794188,-3.987657142857,
    17.986857142857));
#1668 = VECTOR('',#1669,1.);
#1669 = DIRECTION('',(0.,-0.,-1.));
#1670 = ORIENTED_EDGE('',*,*,#1671,.T.);
#1671 = EDGE_CURVE('',#1664,#1672,#1674,.T.);
#1672 = VERTEX_POINT('',#1673);
#1673 = CARTESIAN_POINT('',(-8.992895794188,-3.548442857143,
    38.973714285714));
#1674 = LINE('',#1675,#1676);
#1675 = CARTESIAN_POINT('',(-8.992895794188,-6.270669325666,
    38.973714285714));
#1676 = VECTOR('',#1677,1.);
#1677 = DIRECTION('',(0.,1.,0.));
#1678 = ORIENTED_EDGE('',*,*,#1679,.T.);
#1679 = EDGE_CURVE('',#1672,#1680,#1682,.T.);
#1680 = VERTEX_POINT('',#1681);
#1681 = CARTESIAN_POINT('',(-8.992895794188,-3.5256,38.967957142857));
#1682 = LINE('',#1683,#1684);
#1683 = CARTESIAN_POINT('',(-8.992895794188,-1.123204023759,
    38.362475230146));
#1684 = VECTOR('',#1685,1.);
#1685 = DIRECTION('',(-0.,0.969676988372,-0.244390135281));
#1686 = ORIENTED_EDGE('',*,*,#1687,.T.);
#1687 = EDGE_CURVE('',#1680,#1688,#1690,.T.);
#1688 = VERTEX_POINT('',#1689);
#1689 = CARTESIAN_POINT('',(-8.992895794188,-3.502757142857,
    38.962385714286));
#1690 = LINE('',#1691,#1692);
#1691 = CARTESIAN_POINT('',(-8.992895794188,-1.263662513444,
    38.416265072965));
#1692 = VECTOR('',#1693,1.);
#1693 = DIRECTION('',(-0.,0.971520338783,-0.236956180191));
#1694 = ORIENTED_EDGE('',*,*,#1695,.T.);
#1695 = EDGE_CURVE('',#1688,#1696,#1698,.T.);
#1696 = VERTEX_POINT('',#1697);
#1697 = CARTESIAN_POINT('',(-8.992895794188,-3.485671428571,
    38.950871428571));
#1698 = LINE('',#1699,#1700);
#1699 = CARTESIAN_POINT('',(-8.992895794188,4.341539474824,
    33.676011906718));
#1700 = VECTOR('',#1701,1.);
#1701 = DIRECTION('',(-0.,0.829266427591,-0.558853462072));
#1702 = ORIENTED_EDGE('',*,*,#1703,.T.);
#1703 = EDGE_CURVE('',#1696,#1704,#1706,.T.);
#1704 = VERTEX_POINT('',#1705);
#1705 = CARTESIAN_POINT('',(-8.992895794188,-3.4684,38.939542857143));
#1706 = LINE('',#1707,#1708);
#1707 = CARTESIAN_POINT('',(-8.992895794188,4.217196705927,
    33.898452544653));
#1708 = VECTOR('',#1709,1.);
#1709 = DIRECTION('',(-0.,0.836176771121,-0.548460032671));
#1710 = ORIENTED_EDGE('',*,*,#1711,.T.);
#1711 = EDGE_CURVE('',#1704,#1712,#1714,.T.);
#1712 = VERTEX_POINT('',#1713);
#1713 = CARTESIAN_POINT('',(-8.992895794188,-3.451314285714,
    38.922457142857));
#1714 = LINE('',#1715,#1716);
#1715 = CARTESIAN_POINT('',(-8.992895794188,5.643904622881,
    29.827238234261));
#1716 = VECTOR('',#1717,1.);
#1717 = DIRECTION('',(-0.,0.707106781187,-0.707106781187));
#1718 = ORIENTED_EDGE('',*,*,#1719,.T.);
#1719 = EDGE_CURVE('',#1712,#1720,#1722,.T.);
#1720 = VERTEX_POINT('',#1721);
#1721 = CARTESIAN_POINT('',(-8.992895794188,-3.434228571429,
    38.899614285714));
#1722 = LINE('',#1723,#1724);
#1723 = CARTESIAN_POINT('',(-8.992895794188,5.616919563266,
    26.798622757807));
#1724 = VECTOR('',#1725,1.);
#1725 = DIRECTION('',(-0.,0.598957825591,-0.80078057117));
#1726 = ORIENTED_EDGE('',*,*,#1727,.T.);
#1727 = EDGE_CURVE('',#1720,#1728,#1730,.T.);
#1728 = VERTEX_POINT('',#1729);
#1729 = CARTESIAN_POINT('',(-8.992895794188,-3.4229,38.871014285714));
#1730 = LINE('',#1731,#1732);
#1731 = CARTESIAN_POINT('',(-8.992895794188,3.367389642633,
    21.728315843658));
#1732 = VECTOR('',#1733,1.);
#1733 = DIRECTION('',(-0.,0.368265914122,-0.929720504504));
#1734 = ORIENTED_EDGE('',*,*,#1735,.T.);
#1735 = EDGE_CURVE('',#1728,#1736,#1738,.T.);
#1736 = VERTEX_POINT('',#1737);
#1737 = CARTESIAN_POINT('',(-8.992895794188,-3.417142857143,
    38.842414285714));
#1738 = LINE('',#1739,#1740);
#1739 = CARTESIAN_POINT('',(-8.992895794188,0.521694668235,
    19.275285933837));
#1740 = VECTOR('',#1741,1.);
#1741 = DIRECTION('',(-0.,0.197340176951,-0.980335072596));
#1742 = ORIENTED_EDGE('',*,*,#1743,.T.);
#1743 = EDGE_CURVE('',#1736,#1744,#1746,.T.);
#1744 = VERTEX_POINT('',#1745);
#1745 = CARTESIAN_POINT('',(-8.992895794188,-3.417142857143,38.5059));
#1746 = LINE('',#1747,#1748);
#1747 = CARTESIAN_POINT('',(-8.992895794188,-3.417142857143,17.75295));
#1748 = VECTOR('',#1749,1.);
#1749 = DIRECTION('',(0.,-0.,-1.));
#1750 = ORIENTED_EDGE('',*,*,#1751,.T.);
#1751 = EDGE_CURVE('',#1744,#1752,#1754,.T.);
#1752 = VERTEX_POINT('',#1753);
#1753 = CARTESIAN_POINT('',(-8.992895794188,-3.429028571429,
    38.483057142857));
#1754 = LINE('',#1755,#1756);
#1755 = CARTESIAN_POINT('',(-8.992895794188,-12.5147041494,
    21.021524391444));
#1756 = VECTOR('',#1757,1.);
#1757 = DIRECTION('',(0.,-0.461579805424,-0.887098688549));
#1758 = ORIENTED_EDGE('',*,*,#1759,.T.);
#1759 = EDGE_CURVE('',#1752,#1760,#1762,.T.);
#1760 = VERTEX_POINT('',#1761);
#1761 = CARTESIAN_POINT('',(-8.992895794188,-3.4528,38.448885714286));
#1762 = LINE('',#1763,#1764);
#1763 = CARTESIAN_POINT('',(-8.992895794188,-14.07156080647,
    23.184417054975));
#1764 = VECTOR('',#1765,1.);
#1765 = DIRECTION('',(0.,-0.571064488199,-0.820905201785));
#1766 = ORIENTED_EDGE('',*,*,#1767,.T.);
#1767 = EDGE_CURVE('',#1760,#1768,#1770,.T.);
#1768 = VERTEX_POINT('',#1769);
#1769 = CARTESIAN_POINT('',(-8.992895794188,-3.470628571429,38.4318));
#1770 = LINE('',#1771,#1772);
#1771 = CARTESIAN_POINT('',(-8.992895794188,-15.25849260776,
    27.135096965175));
#1772 = VECTOR('',#1773,1.);
#1773 = DIRECTION('',(0.,-0.721988205115,-0.691905363236));
#1774 = ORIENTED_EDGE('',*,*,#1775,.T.);
#1775 = EDGE_CURVE('',#1768,#1776,#1778,.T.);
#1776 = VERTEX_POINT('',#1777);
#1777 = CARTESIAN_POINT('',(-8.992895794188,-3.488457142857,
    38.420285714286));
#1778 = LINE('',#1779,#1780);
#1779 = CARTESIAN_POINT('',(-8.992895794188,-14.86910213451,
    31.07028582384));
#1780 = VECTOR('',#1781,1.);
#1781 = DIRECTION('',(0.,-0.840039377769,-0.542525431476));
#1782 = ORIENTED_EDGE('',*,*,#1783,.T.);
#1783 = EDGE_CURVE('',#1776,#1784,#1786,.T.);
#1784 = VERTEX_POINT('',#1785);
#1785 = CARTESIAN_POINT('',(-8.992895794188,-3.506471428571,
    38.414528571429));
#1786 = LINE('',#1787,#1788);
#1787 = CARTESIAN_POINT('',(-8.992895794188,-11.99997452743,
    35.700110055298));
#1788 = VECTOR('',#1789,1.);
#1789 = DIRECTION('',(0.,-0.952538100641,-0.304419392988));
#1790 = ORIENTED_EDGE('',*,*,#1791,.T.);
#1791 = EDGE_CURVE('',#1784,#1792,#1794,.T.);
#1792 = VERTEX_POINT('',#1793);
#1793 = CARTESIAN_POINT('',(-8.992895794188,-3.530242857143,38.4032));
#1794 = LINE('',#1795,#1796);
#1795 = CARTESIAN_POINT('',(-8.992895794188,-13.79575619513,
    33.511041299864));
#1796 = VECTOR('',#1797,1.);
#1797 = DIRECTION('',(0.,-0.902730115416,-0.430207320628));
#1798 = ORIENTED_EDGE('',*,*,#1799,.T.);
#1799 = EDGE_CURVE('',#1792,#1800,#1802,.T.);
#1800 = VERTEX_POINT('',#1801);
#1801 = CARTESIAN_POINT('',(-8.992895794188,-5.025985714286,38.4032));
#1802 = LINE('',#1803,#1804);
#1803 = CARTESIAN_POINT('',(-8.992895794188,-7.009440754237,38.4032));
#1804 = VECTOR('',#1805,1.);
#1805 = DIRECTION('',(0.,-1.,0.));
#1806 = ORIENTED_EDGE('',*,*,#1807,.T.);
#1807 = EDGE_CURVE('',#1800,#1808,#1810,.T.);
#1808 = VERTEX_POINT('',#1809);
#1809 = CARTESIAN_POINT('',(-8.992895794188,-5.048828571429,
    38.408957142857));
#1810 = LINE('',#1811,#1812);
#1811 = CARTESIAN_POINT('',(-8.992895794188,-1.996542661777,
    37.639681832295));
#1812 = VECTOR('',#1813,1.);
#1813 = DIRECTION('',(0.,-0.969676988372,0.244390135281));
#1814 = ORIENTED_EDGE('',*,*,#1815,.T.);
#1815 = EDGE_CURVE('',#1808,#1816,#1818,.T.);
#1816 = VERTEX_POINT('',#1817);
#1817 = CARTESIAN_POINT('',(-8.992895794188,-5.065914285714,
    38.421028571429));
#1818 = LINE('',#1819,#1820);
#1819 = CARTESIAN_POINT('',(-8.992895794188,3.384703547425,
    32.450483363232));
#1820 = VECTOR('',#1821,1.);
#1821 = DIRECTION('',(0.,-0.816721763686,0.577031680865));
#1822 = ORIENTED_EDGE('',*,*,#1823,.T.);
#1823 = EDGE_CURVE('',#1816,#1824,#1826,.T.);
#1824 = VERTEX_POINT('',#1825);
#1825 = CARTESIAN_POINT('',(-8.992895794188,-5.083,38.432914285714));
#1826 = LINE('',#1827,#1828);
#1827 = CARTESIAN_POINT('',(-8.992895794188,3.311253236954,
    32.593433773051));
#1828 = VECTOR('',#1829,1.);
#1829 = DIRECTION('',(0.,-0.820905201785,0.571064488199));
#1830 = ORIENTED_EDGE('',*,*,#1831,.T.);
#1831 = EDGE_CURVE('',#1824,#1832,#1834,.T.);
#1832 = VERTEX_POINT('',#1833);
#1833 = CARTESIAN_POINT('',(-8.992895794188,-5.094514285714,
    38.450928571429));
#1834 = LINE('',#1835,#1836);
#1835 = CARTESIAN_POINT('',(-8.992895794188,3.745012836824,
    24.621345815199));
#1836 = VECTOR('',#1837,1.);
#1837 = DIRECTION('',(0.,-0.538560615351,0.842586769178));
#1838 = ORIENTED_EDGE('',*,*,#1839,.T.);
#1839 = EDGE_CURVE('',#1832,#1840,#1842,.T.);
#1840 = VERTEX_POINT('',#1841);
#1841 = CARTESIAN_POINT('',(-8.992895794188,-5.105842857143,
    38.468942857143));
#1842 = LINE('',#1843,#1844);
#1843 = CARTESIAN_POINT('',(-8.992895794188,3.687303026595,
    24.486399402674));
#1844 = VECTOR('',#1845,1.);
#1845 = DIRECTION('',(0.,-0.532350261781,0.846524186767));
#1846 = ORIENTED_EDGE('',*,*,#1847,.T.);
#1847 = EDGE_CURVE('',#1840,#1848,#1850,.T.);
#1848 = VERTEX_POINT('',#1849);
#1849 = CARTESIAN_POINT('',(-8.992895794188,-5.117357142857,
    38.486957142857));
#1850 = LINE('',#1851,#1852);
#1851 = CARTESIAN_POINT('',(-8.992895794188,3.73365733241,
    24.639402238004));
#1852 = VECTOR('',#1853,1.);
#1853 = DIRECTION('',(0.,-0.538560615351,0.842586769178));
#1854 = ORIENTED_EDGE('',*,*,#1855,.T.);
#1855 = EDGE_CURVE('',#1848,#1856,#1858,.T.);
#1856 = VERTEX_POINT('',#1857);
#1857 = CARTESIAN_POINT('',(-8.992895794188,-5.122928571429,
    38.504785714286));
#1858 = LINE('',#1859,#1860);
#1859 = CARTESIAN_POINT('',(-8.992895794188,0.613074411799,
    20.149576167958));
#1860 = VECTOR('',#1861,1.);
#1861 = DIRECTION('',(0.,-0.298274993136,0.954479978035));
#1862 = ORIENTED_EDGE('',*,*,#1863,.T.);
#1863 = EDGE_CURVE('',#1856,#1864,#1866,.T.);
#1864 = VERTEX_POINT('',#1865);
#1865 = CARTESIAN_POINT('',(-8.992895794188,-5.128685714286,
    38.528742857143));
#1866 = LINE('',#1867,#1868);
#1867 = CARTESIAN_POINT('',(-8.992895794188,-0.516711597739,
    19.336979597963));
#1868 = VECTOR('',#1869,1.);
#1869 = DIRECTION('',(0.,-0.233658016401,0.972318842444));
#1870 = ORIENTED_EDGE('',*,*,#1871,.T.);
#1871 = EDGE_CURVE('',#1864,#1872,#1874,.T.);
#1872 = VERTEX_POINT('',#1873);
#1873 = CARTESIAN_POINT('',(-8.992895794188,-5.128685714286,
    38.842414285714));
#1874 = LINE('',#1875,#1876);
#1875 = CARTESIAN_POINT('',(-8.992895794188,-5.128685714286,
    17.921207142857));
#1876 = VECTOR('',#1877,1.);
#1877 = DIRECTION('',(0.,0.,1.));
#1878 = ORIENTED_EDGE('',*,*,#1879,.T.);
#1879 = EDGE_CURVE('',#1872,#1880,#1882,.T.);
#1880 = VERTEX_POINT('',#1881);
#1881 = CARTESIAN_POINT('',(-8.992895794188,-5.122928571429,
    38.859685714286));
#1882 = LINE('',#1883,#1884);
#1883 = CARTESIAN_POINT('',(-8.992895794188,-11.5953797897,
    19.442332059443));
#1884 = VECTOR('',#1885,1.);
#1885 = DIRECTION('',(0.,0.316227766017,0.948683298051));
#1886 = ORIENTED_EDGE('',*,*,#1887,.T.);
#1887 = EDGE_CURVE('',#1880,#1888,#1890,.T.);
#1888 = VERTEX_POINT('',#1889);
#1889 = CARTESIAN_POINT('',(-8.992895794188,-5.117357142857,38.8881));
#1890 = LINE('',#1891,#1892);
#1891 = CARTESIAN_POINT('',(-8.992895794188,-9.143733459987,
    18.35358078264));
#1892 = VECTOR('',#1893,1.);
#1893 = DIRECTION('',(0.,0.192414460721,0.981313749677));
#1894 = ORIENTED_EDGE('',*,*,#1895,.T.);
#1895 = EDGE_CURVE('',#1888,#1896,#1898,.T.);
#1896 = VERTEX_POINT('',#1897);
#1897 = CARTESIAN_POINT('',(-8.992895794188,-5.105842857143,
    38.905185714286));
#1898 = LINE('',#1899,#1900);
#1899 = CARTESIAN_POINT('',(-8.992895794188,-15.42307599023,
    23.59574300066));
#1900 = VECTOR('',#1901,1.);
#1901 = DIRECTION('',(0.,0.558853462072,0.829266427591));
#1902 = ORIENTED_EDGE('',*,*,#1903,.T.);
#1903 = EDGE_CURVE('',#1896,#1904,#1906,.T.);
#1904 = VERTEX_POINT('',#1905);
#1905 = CARTESIAN_POINT('',(-8.992895794188,-5.094514285714,
    38.922457142857));
#1906 = LINE('',#1907,#1908);
#1907 = CARTESIAN_POINT('',(-8.992895794188,-15.29386662865,
    23.372624882302));
#1908 = VECTOR('',#1909,1.);
#1909 = DIRECTION('',(0.,0.548460032671,0.836176771121));
#1910 = ORIENTED_EDGE('',*,*,#1911,.T.);
#1911 = EDGE_CURVE('',#1904,#1912,#1914,.T.);
#1912 = VERTEX_POINT('',#1913);
#1913 = CARTESIAN_POINT('',(-8.992895794188,-5.077428571429,
    38.939542857143));
#1914 = LINE('',#1915,#1916);
#1915 = CARTESIAN_POINT('',(-8.992895794188,-16.5411810914,
    27.475790337167));
#1916 = VECTOR('',#1917,1.);
#1917 = DIRECTION('',(0.,0.707106781187,0.707106781187));
#1918 = ORIENTED_EDGE('',*,*,#1919,.T.);
#1919 = EDGE_CURVE('',#1912,#1920,#1922,.T.);
#1920 = VERTEX_POINT('',#1921);
#1921 = CARTESIAN_POINT('',(-8.992895794188,-5.054585714286,
    38.956628571429));
#1922 = LINE('',#1923,#1924);
#1923 = CARTESIAN_POINT('',(-8.992895794188,-16.37921382671,
    30.48617502392));
#1924 = VECTOR('',#1925,1.);
#1925 = DIRECTION('',(0.,0.80078057117,0.598957825591));
#1926 = ORIENTED_EDGE('',*,*,#1927,.T.);
#1927 = EDGE_CURVE('',#1920,#1928,#1930,.T.);
#1928 = VERTEX_POINT('',#1929);
#1929 = CARTESIAN_POINT('',(-8.992895794188,-5.025985714286,
    38.967957142857));
#1930 = LINE('',#1931,#1932);
#1931 = CARTESIAN_POINT('',(-8.992895794188,-13.92503132523,
    35.443010504756));
#1932 = VECTOR('',#1933,1.);
#1933 = DIRECTION('',(0.,0.929720504504,0.368265914122));
#1934 = ORIENTED_EDGE('',*,*,#1935,.T.);
#1935 = EDGE_CURVE('',#1928,#1936,#1938,.T.);
#1936 = VERTEX_POINT('',#1937);
#1937 = CARTESIAN_POINT('',(-8.992895794188,-4.997385714286,
    38.973714285714));
#1938 = LINE('',#1939,#1940);
#1939 = CARTESIAN_POINT('',(-8.992895794188,-10.97744870928,
    37.769935371137));
#1940 = VECTOR('',#1941,1.);
#1941 = DIRECTION('',(0.,0.980335072596,0.197340176951));
#1942 = ORIENTED_EDGE('',*,*,#1943,.T.);
#1943 = EDGE_CURVE('',#1936,#1944,#1946,.T.);
#1944 = VERTEX_POINT('',#1945);
#1945 = CARTESIAN_POINT('',(-8.992895794188,-4.558171428571,
    38.973714285714));
#1946 = LINE('',#1947,#1948);
#1947 = CARTESIAN_POINT('',(-8.992895794188,-6.77553361138,
    38.973714285714));
#1948 = VECTOR('',#1949,1.);
#1949 = DIRECTION('',(0.,1.,0.));
#1950 = ORIENTED_EDGE('',*,*,#1951,.T.);
#1951 = EDGE_CURVE('',#1944,#1952,#1954,.T.);
#1952 = VERTEX_POINT('',#1953);
#1953 = CARTESIAN_POINT('',(-8.992895794188,-4.558171428571,
    41.837614285714));
#1954 = LINE('',#1955,#1956);
#1955 = CARTESIAN_POINT('',(-8.992895794188,-4.558171428571,
    19.418807142857));
#1956 = VECTOR('',#1957,1.);
#1957 = DIRECTION('',(0.,0.,1.));
#1958 = ORIENTED_EDGE('',*,*,#1959,.T.);
#1959 = EDGE_CURVE('',#1952,#1960,#1962,.T.);
#1960 = VERTEX_POINT('',#1961);
#1961 = CARTESIAN_POINT('',(-8.992895794188,-4.552414285714,
    41.900385714286));
#1962 = LINE('',#1963,#1964);
#1963 = CARTESIAN_POINT('',(-8.992895794188,-6.612800311685,
    19.435531624669));
#1964 = VECTOR('',#1965,1.);
#1965 = DIRECTION('',(0.,9.133264387955E-02,0.995820439719));
#1966 = ORIENTED_EDGE('',*,*,#1967,.T.);
#1967 = EDGE_CURVE('',#1960,#1968,#1970,.T.);
#1968 = VERTEX_POINT('',#1969);
#1969 = CARTESIAN_POINT('',(-8.992895794188,-4.546842857143,
    41.946071428571));
#1970 = LINE('',#1971,#1972);
#1971 = CARTESIAN_POINT('',(-8.992895794188,-7.279872155585,
    19.535231181349));
#1972 = VECTOR('',#1973,1.);
#1973 = DIRECTION('',(0.,0.121054375311,0.992645877551));
#1974 = ORIENTED_EDGE('',*,*,#1975,.T.);
#1975 = EDGE_CURVE('',#1968,#1976,#1978,.T.);
#1976 = VERTEX_POINT('',#1977);
#1977 = CARTESIAN_POINT('',(-8.992895794188,-4.529571428571,
    42.003085714286));
#1978 = LINE('',#1979,#1980);
#1979 = CARTESIAN_POINT('',(-8.992895794188,-10.96063127748,
    20.773673094757));
#1980 = VECTOR('',#1981,1.);
#1981 = DIRECTION('',(0.,0.289920871686,0.957050619435));
#1982 = ORIENTED_EDGE('',*,*,#1983,.T.);
#1983 = EDGE_CURVE('',#1976,#1984,#1986,.T.);
#1984 = VERTEX_POINT('',#1985);
#1985 = CARTESIAN_POINT('',(-8.992895794188,-4.506914285714,
    42.054528571429));
#1986 = LINE('',#1987,#1988);
#1987 = CARTESIAN_POINT('',(-8.992895794188,-13.18113130357,
    22.35978993251));
#1988 = VECTOR('',#1989,1.);
#1989 = DIRECTION('',(0.,0.403070745111,0.915168822915));
#1990 = ORIENTED_EDGE('',*,*,#1991,.T.);
#1991 = EDGE_CURVE('',#1984,#1992,#1994,.T.);
#1992 = VERTEX_POINT('',#1993);
#1993 = CARTESIAN_POINT('',(-8.992895794188,-4.4954,42.0887));
#1994 = LINE('',#1995,#1996);
#1995 = CARTESIAN_POINT('',(-8.992895794188,-11.54659712775,
    21.162566588593));
#1996 = VECTOR('',#1997,1.);
#1997 = DIRECTION('',(0.,0.319316245627,0.947648212829));
#1998 = ORIENTED_EDGE('',*,*,#1999,.T.);
#1999 = EDGE_CURVE('',#1992,#2000,#2002,.T.);
#2000 = VERTEX_POINT('',#2001);
#2001 = CARTESIAN_POINT('',(-8.992895794188,-4.472557142857,
    42.122871428571));
#2002 = LINE('',#2003,#2004);
#2003 = CARTESIAN_POINT('',(-8.992895794188,-15.59442128113,
    25.48528605098));
#2004 = VECTOR('',#2005,1.);
#2005 = DIRECTION('',(0.,0.555742429414,0.831354528555));
#2006 = ORIENTED_EDGE('',*,*,#2007,.T.);
#2007 = EDGE_CURVE('',#2000,#2008,#2010,.T.);
#2008 = VERTEX_POINT('',#2009);
#2009 = CARTESIAN_POINT('',(-8.992895794188,-4.438385714286,
    42.174314285714));
#2010 = LINE('',#2011,#2012);
#2011 = CARTESIAN_POINT('',(-8.992895794188,-15.54586839177,
    25.452723515804));
#2012 = VECTOR('',#2013,1.);
#2013 = DIRECTION('',(0.,0.553311519375,0.832974406886));
#2014 = ORIENTED_EDGE('',*,*,#2015,.T.);
#2015 = EDGE_CURVE('',#2008,#2016,#2018,.T.);
#2016 = VERTEX_POINT('',#2017);
#2017 = CARTESIAN_POINT('',(-8.992895794188,-4.3927,42.225571428571));
#2018 = LINE('',#2019,#2020);
#2019 = CARTESIAN_POINT('',(-8.992895794188,-16.64294451465,
    28.481394656028));
#2020 = VECTOR('',#2021,1.);
#2021 = DIRECTION('',(0.,0.665370524754,0.746513271676));
#2022 = ORIENTED_EDGE('',*,*,#2023,.T.);
#2023 = EDGE_CURVE('',#2016,#2024,#2026,.T.);
#2024 = VERTEX_POINT('',#2025);
#2025 = CARTESIAN_POINT('',(-8.992895794188,-4.347014285714,
    42.271257142857));
#2026 = LINE('',#2027,#2028);
#2027 = CARTESIAN_POINT('',(-8.992895794188,-16.82629894854,
    29.791972480024));
#2028 = VECTOR('',#2029,1.);
#2029 = DIRECTION('',(0.,0.707106781187,0.707106781187));
#2030 = ORIENTED_EDGE('',*,*,#2031,.T.);
#2031 = EDGE_CURVE('',#2024,#2032,#2034,.T.);
#2032 = VERTEX_POINT('',#2033);
#2033 = CARTESIAN_POINT('',(-8.992895794188,-4.29,42.311185714286));
#2034 = LINE('',#2035,#2036);
#2035 = CARTESIAN_POINT('',(-8.992895794188,-16.51293107186,
    33.751152553209));
#2036 = VECTOR('',#2037,1.);
#2037 = DIRECTION('',(0.,0.819106553991,0.573641397746));
#2038 = ORIENTED_EDGE('',*,*,#2039,.T.);
#2039 = EDGE_CURVE('',#2032,#2040,#2042,.T.);
#2040 = VERTEX_POINT('',#2041);
#2041 = CARTESIAN_POINT('',(-8.992895794188,-4.255828571429,
    42.328271428571));
#2042 = LINE('',#2043,#2044);
#2043 = CARTESIAN_POINT('',(-8.992895794188,-15.21630974624,
    36.848030841162));
#2044 = VECTOR('',#2045,1.);
#2045 = DIRECTION('',(0.,0.894427191,0.4472135955));
#2046 = ORIENTED_EDGE('',*,*,#2047,.T.);
#2047 = EDGE_CURVE('',#2040,#2048,#2050,.T.);
#2048 = VERTEX_POINT('',#2049);
#2049 = CARTESIAN_POINT('',(-8.992895794188,-4.221657142857,
    42.345542857143));
#2050 = LINE('',#2051,#2052);
#2051 = CARTESIAN_POINT('',(-8.992895794188,-15.2496301478,
    36.771621718771));
#2052 = VECTOR('',#2053,1.);
#2053 = DIRECTION('',(0.,0.892478602936,0.451089728658));
#2054 = ORIENTED_EDGE('',*,*,#2055,.T.);
#2055 = EDGE_CURVE('',#2048,#2056,#2058,.T.);
#2056 = VERTEX_POINT('',#2057);
#2057 = CARTESIAN_POINT('',(-8.992895794188,-4.164457142857,42.3682));
#2058 = LINE('',#2059,#2060);
#2059 = CARTESIAN_POINT('',(-8.992895794188,-14.01794188708,
    38.46519630261));
#2060 = VECTOR('',#2061,1.);
#2061 = DIRECTION('',(0.,0.929720504504,0.368265914122));
#2062 = ORIENTED_EDGE('',*,*,#2063,.T.);
#2063 = EDGE_CURVE('',#2056,#2064,#2066,.T.);
#2064 = VERTEX_POINT('',#2065);
#2065 = CARTESIAN_POINT('',(-8.992895794188,-4.124528571429,
    42.379714285714));
#2066 = LINE('',#2067,#2068);
#2067 = CARTESIAN_POINT('',(-8.992895794188,-12.4126096825,
    39.989662988568));
#2068 = VECTOR('',#2069,1.);
#2069 = DIRECTION('',(0.,0.960846474829,0.27708130902));
#2070 = ORIENTED_EDGE('',*,*,#2071,.T.);
#2071 = EDGE_CURVE('',#2064,#2072,#2074,.T.);
#2072 = VERTEX_POINT('',#2073);
#2073 = CARTESIAN_POINT('',(-8.992895794188,-4.090357142857,
    42.385471428571));
#2074 = LINE('',#2075,#2076);
#2075 = CARTESIAN_POINT('',(-8.992895794188,-10.19167370672,
    41.357532224877));
#2076 = VECTOR('',#2077,1.);
#2077 = DIRECTION('',(0.,0.98610270304,0.166136868447));
#2078 = ORIENTED_EDGE('',*,*,#2079,.T.);
#2079 = EDGE_CURVE('',#2072,#2080,#2082,.T.);
#2080 = VERTEX_POINT('',#2081);
#2081 = CARTESIAN_POINT('',(-8.992895794188,-4.044671428571,
    42.391042857143));
#2082 = LINE('',#2083,#2084);
#2083 = CARTESIAN_POINT('',(-8.992895794188,-9.209715081654,
    41.761159484816));
#2084 = VECTOR('',#2085,1.);
#2085 = DIRECTION('',(0.,0.992645877551,0.121054375311));
#2086 = ORIENTED_EDGE('',*,*,#2087,.T.);
#2087 = EDGE_CURVE('',#2080,#2088,#2090,.T.);
#2088 = VERTEX_POINT('',#2089);
#2089 = CARTESIAN_POINT('',(-8.992895794188,-3.987657142857,42.3968));
#2090 = LINE('',#2091,#2092);
#2091 = CARTESIAN_POINT('',(-8.992895794188,-8.733902722362,
    41.917537417053));
#2092 = VECTOR('',#2093,1.);
#2093 = DIRECTION('',(0.,0.994940461748,0.100466300698));
#2094 = ORIENTED_EDGE('',*,*,#2095,.T.);
#2095 = EDGE_CURVE('',#2088,#2096,#2098,.T.);
#2096 = VERTEX_POINT('',#2097);
#2097 = CARTESIAN_POINT('',(-8.992895794188,-3.559771428571,42.3968));
#2098 = LINE('',#2099,#2100);
#2099 = CARTESIAN_POINT('',(-8.992895794188,-6.27633361138,42.3968));
#2100 = VECTOR('',#2101,1.);
#2101 = DIRECTION('',(0.,1.,0.));
#2102 = ORIENTED_EDGE('',*,*,#2103,.T.);
#2103 = EDGE_CURVE('',#2096,#2104,#2106,.T.);
#2104 = VERTEX_POINT('',#2105);
#2105 = CARTESIAN_POINT('',(-8.992895794188,-3.514085714286,
    42.391042857143));
#2106 = LINE('',#2107,#2108);
#2107 = CARTESIAN_POINT('',(-8.992895794188,-3.395371219164,
    42.376082900441));
#2108 = VECTOR('',#2109,1.);
#2109 = DIRECTION('',(-0.,0.992153283358,-0.125027446277));
#2110 = ORIENTED_EDGE('',*,*,#2111,.T.);
#2111 = EDGE_CURVE('',#2104,#2112,#2114,.T.);
#2112 = VERTEX_POINT('',#2113);
#2113 = CARTESIAN_POINT('',(-8.992895794188,-3.485671428571,
    42.385471428571));
#2114 = LINE('',#2115,#2116);
#2115 = CARTESIAN_POINT('',(-8.992895794188,-1.852517068408,
    42.065245083441));
#2116 = VECTOR('',#2117,1.);
#2117 = DIRECTION('',(-0.,0.981313749677,-0.192414460721));
#2118 = ORIENTED_EDGE('',*,*,#2119,.T.);
#2119 = EDGE_CURVE('',#2112,#2120,#2122,.T.);
#2120 = VERTEX_POINT('',#2121);
#2121 = CARTESIAN_POINT('',(-8.992895794188,-3.457071428571,
    42.379714285714));
#2122 = LINE('',#2123,#2124);
#2123 = CARTESIAN_POINT('',(-8.992895794188,-1.727624061691,
    42.031578776797));
#2124 = VECTOR('',#2125,1.);
#2125 = DIRECTION('',(-0.,0.980335072596,-0.197340176951));
#2126 = ORIENTED_EDGE('',*,*,#2127,.T.);
#2127 = EDGE_CURVE('',#2120,#2128,#2130,.T.);
#2128 = VERTEX_POINT('',#2129);
#2129 = CARTESIAN_POINT('',(-8.992895794188,-3.434228571429,42.3682));
#2130 = LINE('',#2131,#2132);
#2131 = CARTESIAN_POINT('',(-8.992895794188,3.467179133912,
    38.889441644462));
#2132 = VECTOR('',#2133,1.);
#2133 = DIRECTION('',(-0.,0.892970492237,-0.450115207469));
#2134 = ORIENTED_EDGE('',*,*,#2135,.T.);
#2135 = EDGE_CURVE('',#2128,#2136,#2138,.T.);
#2136 = VERTEX_POINT('',#2137);
#2137 = CARTESIAN_POINT('',(-8.992895794188,-3.405814285714,
    42.351114285714));
#2138 = LINE('',#2139,#2140);
#2139 = CARTESIAN_POINT('',(-8.992895794188,4.556635023322,
    37.563236269823));
#2140 = VECTOR('',#2141,1.);
#2141 = DIRECTION('',(-0.,0.856998298068,-0.515319238054));
#2142 = ORIENTED_EDGE('',*,*,#2143,.T.);
#2143 = EDGE_CURVE('',#2136,#2144,#2146,.T.);
#2144 = VERTEX_POINT('',#2145);
#2145 = CARTESIAN_POINT('',(-8.992895794188,-3.360128571429,
    42.316942857143));
#2146 = LINE('',#2147,#2148);
#2147 = CARTESIAN_POINT('',(-8.992895794188,5.701635300446,
    35.539038172488));
#2148 = VECTOR('',#2149,1.);
#2149 = DIRECTION('',(-0.,0.80078057117,-0.598957825591));
#2150 = ORIENTED_EDGE('',*,*,#2151,.T.);
#2151 = EDGE_CURVE('',#2144,#2152,#2154,.T.);
#2152 = VERTEX_POINT('',#2153);
#2153 = CARTESIAN_POINT('',(-8.992895794188,-3.337285714286,
    42.288342857143));
#2154 = LINE('',#2155,#2156);
#2155 = CARTESIAN_POINT('',(-8.992895794188,6.603350989295,
    29.842342431522));
#2156 = VECTOR('',#2157,1.);
#2157 = DIRECTION('',(-0.,0.62407609663,-0.781363568139));
#2158 = ORIENTED_EDGE('',*,*,#2159,.T.);
#2159 = EDGE_CURVE('',#2152,#2160,#2162,.T.);
#2160 = VERTEX_POINT('',#2161);
#2161 = CARTESIAN_POINT('',(-8.992895794188,-3.3202,42.271257142857));
#2162 = LINE('',#2163,#2164);
#2163 = CARTESIAN_POINT('',(-8.992895794188,6.579440337167,
    32.37161680569));
#2164 = VECTOR('',#2165,1.);
#2165 = DIRECTION('',(-0.,0.707106781187,-0.707106781187));
#2166 = ORIENTED_EDGE('',*,*,#2167,.T.);
#2167 = EDGE_CURVE('',#2160,#2168,#2170,.T.);
#2168 = VERTEX_POINT('',#2169);
#2169 = CARTESIAN_POINT('',(-8.992895794188,-3.308685714286,
    42.242842857143));
#2170 = LINE('',#2171,#2172);
#2171 = CARTESIAN_POINT('',(-8.992895794188,4.164317327503,
    23.801399866923));
#2172 = VECTOR('',#2173,1.);
#2173 = DIRECTION('',(-0.,0.375564497639,-0.926796260304));
#2174 = ORIENTED_EDGE('',*,*,#2175,.T.);
#2175 = EDGE_CURVE('',#2168,#2176,#2178,.T.);
#2176 = VERTEX_POINT('',#2177);
#2177 = CARTESIAN_POINT('',(-8.992895794188,-3.297357142857,42.22));
#2178 = LINE('',#2179,#2180);
#2179 = CARTESIAN_POINT('',(-8.992895794188,5.140111310151,
    25.206743939017));
#2180 = VECTOR('',#2181,1.);
#2181 = DIRECTION('',(-0.,0.444297794845,-0.895879160097));
#2182 = ORIENTED_EDGE('',*,*,#2183,.T.);
#2183 = EDGE_CURVE('',#2176,#2184,#2186,.T.);
#2184 = VERTEX_POINT('',#2185);
#2185 = CARTESIAN_POINT('',(-8.992895794188,-3.285842857143,42.1914));
#2186 = LINE('',#2187,#2188);
#2187 = CARTESIAN_POINT('',(-8.992895794188,4.144301840063,
    23.735879300488));
#2188 = VECTOR('',#2189,1.);
#2189 = DIRECTION('',(-0.,0.373466870858,-0.927643517938));
#2190 = ORIENTED_EDGE('',*,*,#2191,.T.);
#2191 = EDGE_CURVE('',#2184,#2192,#2194,.T.);
#2192 = VERTEX_POINT('',#2193);
#2193 = CARTESIAN_POINT('',(-8.992895794188,-3.280271428571,42.1628));
#2194 = LINE('',#2195,#2196);
#2195 = CARTESIAN_POINT('',(-8.992895794188,0.853437827013,
    20.943092487999));
#2196 = VECTOR('',#2197,1.);
#2197 = DIRECTION('',(-0.,0.191210841639,-0.981548987081));
#2198 = ORIENTED_EDGE('',*,*,#2199,.T.);
#2199 = EDGE_CURVE('',#2192,#2200,#2202,.T.);
#2200 = VERTEX_POINT('',#2201);
#2201 = CARTESIAN_POINT('',(-8.992895794188,-3.274514285714,
    42.140142857143));
#2202 = LINE('',#2203,#2204);
#2203 = CARTESIAN_POINT('',(-8.992895794188,1.939264687339,
    21.621399801899));
#2204 = VECTOR('',#2205,1.);
#2205 = DIRECTION('',(-0.,0.246272303221,-0.96920067719));
#2206 = ORIENTED_EDGE('',*,*,#2207,.T.);
#2207 = EDGE_CURVE('',#2200,#2208,#2210,.T.);
#2208 = VERTEX_POINT('',#2209);
#2209 = CARTESIAN_POINT('',(-8.992895794188,-3.274514285714,
    42.082942857143));
#2210 = LINE('',#2211,#2212);
#2211 = CARTESIAN_POINT('',(-8.992895794188,-3.274514285714,
    19.541471428571));
#2212 = VECTOR('',#2213,1.);
#2213 = DIRECTION('',(0.,-0.,-1.));
#2214 = ORIENTED_EDGE('',*,*,#2215,.T.);
#2215 = EDGE_CURVE('',#2208,#2216,#2218,.T.);
#2216 = VERTEX_POINT('',#2217);
#2217 = CARTESIAN_POINT('',(-8.992895794188,-3.280271428571,
    42.054528571429));
#2218 = LINE('',#2219,#2220);
#2219 = CARTESIAN_POINT('',(-8.992895794188,-7.777264884247,
    19.859689903093));
#2220 = VECTOR('',#2221,1.);
#2221 = DIRECTION('',(0.,-0.198579278868,-0.980084827963));
#2222 = ORIENTED_EDGE('',*,*,#2223,.T.);
#2223 = EDGE_CURVE('',#2216,#2224,#2226,.T.);
#2224 = VERTEX_POINT('',#2225);
#2225 = CARTESIAN_POINT('',(-8.992895794188,-3.285842857143,
    42.025928571429));
#2226 = LINE('',#2227,#2228);
#2227 = CARTESIAN_POINT('',(-8.992895794188,-7.615468662378,
    19.800516104554));
#2228 = VECTOR('',#2229,1.);
#2229 = DIRECTION('',(0.,-0.191210841639,-0.981548987081));
#2230 = ORIENTED_EDGE('',*,*,#2231,.T.);
#2231 = EDGE_CURVE('',#2224,#2232,#2234,.T.);
#2232 = VERTEX_POINT('',#2233);
#2233 = CARTESIAN_POINT('',(-8.992895794188,-3.297357142857,
    42.003085714286));
#2234 = LINE('',#2235,#2236);
#2235 = CARTESIAN_POINT('',(-8.992895794188,-12.91858684382,
    22.915807436563));
#2236 = VECTOR('',#2237,1.);
#2237 = DIRECTION('',(0.,-0.450115207469,-0.892970492237));
#2238 = ORIENTED_EDGE('',*,*,#2239,.T.);
#2239 = EDGE_CURVE('',#2232,#2240,#2242,.T.);
#2240 = VERTEX_POINT('',#2241);
#2241 = CARTESIAN_POINT('',(-8.992895794188,-3.308685714286,
    41.974671428571));
#2242 = LINE('',#2243,#2244);
#2243 = CARTESIAN_POINT('',(-8.992895794188,-11.43436861421,
    21.593860220552));
#2244 = VECTOR('',#2245,1.);
#2245 = DIRECTION('',(0.,-0.370343680353,-0.92889480482));
#2246 = ORIENTED_EDGE('',*,*,#2247,.T.);
#2247 = EDGE_CURVE('',#2240,#2248,#2250,.T.);
#2248 = VERTEX_POINT('',#2249);
#2249 = CARTESIAN_POINT('',(-8.992895794188,-3.325771428571,
    41.951828571429));
#2250 = LINE('',#2251,#2252);
#2251 = CARTESIAN_POINT('',(-8.992895794188,-15.12252115825,
    26.180087085003));
#2252 = VECTOR('',#2253,1.);
#2253 = DIRECTION('',(0.,-0.598957825591,-0.80078057117));
#2254 = ORIENTED_EDGE('',*,*,#2255,.T.);
#2255 = EDGE_CURVE('',#2248,#2256,#2258,.T.);
#2256 = VERTEX_POINT('',#2257);
#2257 = CARTESIAN_POINT('',(-8.992895794188,-3.343042857143,
    41.928985714286));
#2258 = LINE('',#2259,#2260);
#2259 = CARTESIAN_POINT('',(-8.992895794188,-15.17768508185,
    26.276716965478));
#2260 = VECTOR('',#2261,1.);
#2261 = DIRECTION('',(0.,-0.603108274872,-0.797659331282));
#2262 = ORIENTED_EDGE('',*,*,#2263,.T.);
#2263 = EDGE_CURVE('',#2256,#2264,#2266,.T.);
#2264 = VERTEX_POINT('',#2265);
#2265 = CARTESIAN_POINT('',(-8.992895794188,-3.360128571429,
    41.906142857143));
#2266 = LINE('',#2267,#2268);
#2267 = CARTESIAN_POINT('',(-8.992895794188,-15.13975927428,
    26.157288765284));
#2268 = VECTOR('',#2269,1.);
#2269 = DIRECTION('',(0.,-0.598957825591,-0.80078057117));
#2270 = ORIENTED_EDGE('',*,*,#2271,.T.);
#2271 = EDGE_CURVE('',#2264,#2272,#2274,.T.);
#2272 = VERTEX_POINT('',#2273);
#2273 = CARTESIAN_POINT('',(-8.992895794188,-3.382971428571,
    41.889057142857));
#2274 = LINE('',#2275,#2276);
#2275 = CARTESIAN_POINT('',(-8.992895794188,-15.94680638716,
    32.491717173831));
#2276 = VECTOR('',#2277,1.);
#2277 = DIRECTION('',(0.,-0.80078057117,-0.598957825591));
#2278 = ORIENTED_EDGE('',*,*,#2279,.T.);
#2279 = EDGE_CURVE('',#2272,#2280,#2282,.T.);
#2280 = VERTEX_POINT('',#2281);
#2281 = CARTESIAN_POINT('',(-8.992895794188,-3.400057142857,
    41.871971428571));
#2282 = LINE('',#2283,#2284);
#2283 = CARTESIAN_POINT('',(-8.992895794188,-16.01625966283,
    29.255768908596));
#2284 = VECTOR('',#2285,1.);
#2285 = DIRECTION('',(0.,-0.707106781187,-0.707106781187));
#2286 = ORIENTED_EDGE('',*,*,#2287,.T.);
#2287 = EDGE_CURVE('',#2280,#2288,#2290,.T.);
#2288 = VERTEX_POINT('',#2289);
#2289 = CARTESIAN_POINT('',(-8.992895794188,-3.434228571429,
    41.854885714286));
#2290 = LINE('',#2291,#2292);
#2291 = CARTESIAN_POINT('',(-8.992895794188,-14.62867260339,
    36.257663698305));
#2292 = VECTOR('',#2293,1.);
#2293 = DIRECTION('',(0.,-0.894427191,-0.4472135955));
#2294 = ORIENTED_EDGE('',*,*,#2295,.T.);
#2295 = EDGE_CURVE('',#2288,#2296,#2298,.T.);
#2296 = VERTEX_POINT('',#2297);
#2297 = CARTESIAN_POINT('',(-8.992895794188,-3.462828571429,
    41.843371428571));
#2298 = LINE('',#2299,#2300);
#2299 = CARTESIAN_POINT('',(-8.992895794188,-13.6100634164,
    37.758121036439));
#2300 = VECTOR('',#2301,1.);
#2301 = DIRECTION('',(0.,-0.927643517938,-0.373466870858));
#2302 = ORIENTED_EDGE('',*,*,#2303,.T.);
#2303 = EDGE_CURVE('',#2296,#1646,#2304,.T.);
#2304 = LINE('',#2305,#2306);
#2305 = CARTESIAN_POINT('',(-8.992895794188,-11.92939692611,
    39.441228779102));
#2306 = VECTOR('',#2307,1.);
#2307 = DIRECTION('',(0.,-0.962028866252,-0.272947724844));
#2308 = FACE_BOUND('',#2309,.F.);
#2309 = EDGE_LOOP('',(#2310,#2320,#2328,#2336,#2344,#2352,#2360,#2368,
    #2376,#2384,#2392,#2400,#2408,#2416,#2424,#2432,#2440,#2448,#2456,
    #2464,#2472,#2480,#2488,#2496,#2504,#2512,#2520,#2528,#2536,#2544,
    #2552,#2560,#2568,#2576,#2584,#2592,#2600,#2608,#2616,#2624,#2632,
    #2640,#2648,#2656,#2664,#2672,#2680,#2688,#2696,#2704,#2712,#2720,
    #2728,#2736,#2744,#2752,#2760,#2768,#2776,#2784,#2792,#2800,#2808,
    #2816,#2824,#2832,#2840,#2848,#2856,#2864,#2872,#2880,#2888,#2896,
    #2904,#2912,#2920,#2928,#2936,#2944,#2952,#2960,#2968,#2976,#2984,
    #2992,#3000,#3008,#3016,#3024,#3032,#3040,#3048,#3056,#3064,#3072,
    #3080,#3088));
#2310 = ORIENTED_EDGE('',*,*,#2311,.T.);
#2311 = EDGE_CURVE('',#2312,#2314,#2316,.T.);
#2312 = VERTEX_POINT('',#2313);
#2313 = CARTESIAN_POINT('',(-8.992895794188,-6.223657142857,
    40.114742857143));
#2314 = VERTEX_POINT('',#2315);
#2315 = CARTESIAN_POINT('',(-8.992895794188,-7.125485714286,
    40.114742857143));
#2316 = LINE('',#2317,#2318);
#2317 = CARTESIAN_POINT('',(-8.992895794188,-8.059190754237,
    40.114742857143));
#2318 = VECTOR('',#2319,1.);
#2319 = DIRECTION('',(0.,-1.,0.));
#2320 = ORIENTED_EDGE('',*,*,#2321,.T.);
#2321 = EDGE_CURVE('',#2314,#2322,#2324,.T.);
#2322 = VERTEX_POINT('',#2323);
#2323 = CARTESIAN_POINT('',(-8.992895794188,-7.125485714286,
    38.973714285714));
#2324 = LINE('',#2325,#2326);
#2325 = CARTESIAN_POINT('',(-8.992895794188,-7.125485714286,
    17.986857142857));
#2326 = VECTOR('',#2327,1.);
#2327 = DIRECTION('',(0.,-0.,-1.));
#2328 = ORIENTED_EDGE('',*,*,#2329,.T.);
#2329 = EDGE_CURVE('',#2322,#2330,#2332,.T.);
#2330 = VERTEX_POINT('',#2331);
#2331 = CARTESIAN_POINT('',(-8.992895794188,-5.950285714286,
    38.973714285714));
#2332 = LINE('',#2333,#2334);
#2333 = CARTESIAN_POINT('',(-8.992895794188,-7.471590754237,
    38.973714285714));
#2334 = VECTOR('',#2335,1.);
#2335 = DIRECTION('',(0.,1.,0.));
#2336 = ORIENTED_EDGE('',*,*,#2337,.T.);
#2337 = EDGE_CURVE('',#2330,#2338,#2340,.T.);
#2338 = VERTEX_POINT('',#2339);
#2339 = CARTESIAN_POINT('',(-8.992895794188,-5.915928571429,
    38.962385714286));
#2340 = LINE('',#2341,#2342);
#2341 = CARTESIAN_POINT('',(-8.992895794188,-1.063818736574,
    37.36250084982));
#2342 = VECTOR('',#2343,1.);
#2343 = DIRECTION('',(-0.,0.949705005976,-0.313145974944));
#2344 = ORIENTED_EDGE('',*,*,#2345,.T.);
#2345 = EDGE_CURVE('',#2338,#2346,#2348,.T.);
#2346 = VERTEX_POINT('',#2347);
#2347 = CARTESIAN_POINT('',(-8.992895794188,-5.887514285714,
    38.956628571429));
#2348 = LINE('',#2349,#2350);
#2349 = CARTESIAN_POINT('',(-8.992895794188,-3.29608191841,
    38.431567111386));
#2350 = VECTOR('',#2351,1.);
#2351 = DIRECTION('',(-0.,0.980084827963,-0.198579278868));
#2352 = ORIENTED_EDGE('',*,*,#2353,.T.);
#2353 = EDGE_CURVE('',#2346,#2354,#2356,.T.);
#2354 = VERTEX_POINT('',#2355);
#2355 = CARTESIAN_POINT('',(-8.992895794188,-5.858914285714,
    38.945114285714));
#2356 = LINE('',#2357,#2358);
#2357 = CARTESIAN_POINT('',(-8.992895794188,5.847406234504E-02,
    36.562789106625));
#2358 = VECTOR('',#2359,1.);
#2359 = DIRECTION('',(-0.,0.927643517938,-0.373466870858));
#2360 = ORIENTED_EDGE('',*,*,#2361,.T.);
#2361 = EDGE_CURVE('',#2354,#2362,#2364,.T.);
#2362 = VERTEX_POINT('',#2363);
#2363 = CARTESIAN_POINT('',(-8.992895794188,-5.836071428571,
    38.933785714286));
#2364 = LINE('',#2365,#2366);
#2365 = CARTESIAN_POINT('',(-8.992895794188,1.242697759409,
    35.423176604799));
#2366 = VECTOR('',#2367,1.);
#2367 = DIRECTION('',(-0.,0.895879160097,-0.444297794845));
#2368 = ORIENTED_EDGE('',*,*,#2369,.T.);
#2369 = EDGE_CURVE('',#2362,#2370,#2372,.T.);
#2370 = VERTEX_POINT('',#2371);
#2371 = CARTESIAN_POINT('',(-8.992895794188,-5.807657142857,38.9167));
#2372 = LINE('',#2373,#2374);
#2373 = CARTESIAN_POINT('',(-8.992895794188,2.278437947203,
    34.054472887023));
#2374 = VECTOR('',#2375,1.);
#2375 = DIRECTION('',(-0.,0.856998298068,-0.515319238054));
#2376 = ORIENTED_EDGE('',*,*,#2377,.T.);
#2377 = EDGE_CURVE('',#2370,#2378,#2380,.T.);
#2378 = VERTEX_POINT('',#2379);
#2379 = CARTESIAN_POINT('',(-8.992895794188,-5.790571428571,
    38.893857142857));
#2380 = LINE('',#2381,#2382);
#2381 = CARTESIAN_POINT('',(-8.992895794188,3.681865607795,
    26.229620670324));
#2382 = VECTOR('',#2383,1.);
#2383 = DIRECTION('',(-0.,0.598957825591,-0.80078057117));
#2384 = ORIENTED_EDGE('',*,*,#2385,.T.);
#2385 = EDGE_CURVE('',#2378,#2386,#2388,.T.);
#2386 = VERTEX_POINT('',#2387);
#2387 = CARTESIAN_POINT('',(-8.992895794188,-5.767728571429,
    38.876771428571));
#2388 = LINE('',#2389,#2390);
#2389 = CARTESIAN_POINT('',(-8.992895794188,3.240960246708,
    32.138565158095));
#2390 = VECTOR('',#2391,1.);
#2391 = DIRECTION('',(-0.,0.80078057117,-0.598957825591));
#2392 = ORIENTED_EDGE('',*,*,#2393,.T.);
#2393 = EDGE_CURVE('',#2386,#2394,#2396,.T.);
#2394 = VERTEX_POINT('',#2395);
#2395 = CARTESIAN_POINT('',(-8.992895794188,-5.750457142857,
    38.853928571429));
#2396 = LINE('',#2397,#2398);
#2397 = CARTESIAN_POINT('',(-8.992895794188,3.727279357967,
    26.318857715499));
#2398 = VECTOR('',#2399,1.);
#2399 = DIRECTION('',(-0.,0.603108274872,-0.797659331282));
#2400 = ORIENTED_EDGE('',*,*,#2401,.T.);
#2401 = EDGE_CURVE('',#2394,#2402,#2404,.T.);
#2402 = VERTEX_POINT('',#2403);
#2403 = CARTESIAN_POINT('',(-8.992895794188,-5.739128571429,
    38.831085714286));
#2404 = LINE('',#2405,#2406);
#2405 = CARTESIAN_POINT('',(-8.992895794188,2.264886502269,
    22.691842205027));
#2406 = VECTOR('',#2407,1.);
#2407 = DIRECTION('',(-0.,0.444297794845,-0.895879160097));
#2408 = ORIENTED_EDGE('',*,*,#2409,.T.);
#2409 = EDGE_CURVE('',#2402,#2410,#2412,.T.);
#2410 = VERTEX_POINT('',#2411);
#2411 = CARTESIAN_POINT('',(-8.992895794188,-5.722042857143,
    38.808242857143));
#2412 = LINE('',#2413,#2414);
#2413 = CARTESIAN_POINT('',(-8.992895794188,3.717570098231,
    26.187890753762));
#2414 = VECTOR('',#2415,1.);
#2415 = DIRECTION('',(-0.,0.598957825591,-0.80078057117));
#2416 = ORIENTED_EDGE('',*,*,#2417,.T.);
#2417 = EDGE_CURVE('',#2410,#2418,#2420,.T.);
#2418 = VERTEX_POINT('',#2419);
#2419 = CARTESIAN_POINT('',(-8.992895794188,-5.716285714286,
    38.779828571429));
#2420 = LINE('',#2421,#2422);
#2421 = CARTESIAN_POINT('',(-8.992895794188,-1.715200268502,
    19.032535887399));
#2422 = VECTOR('',#2423,1.);
#2423 = DIRECTION('',(-0.,0.198579278868,-0.980084827963));
#2424 = ORIENTED_EDGE('',*,*,#2425,.T.);
#2425 = EDGE_CURVE('',#2418,#2426,#2428,.T.);
#2426 = VERTEX_POINT('',#2427);
#2427 = CARTESIAN_POINT('',(-8.992895794188,-5.704957142857,
    38.751228571429));
#2428 = LINE('',#2429,#2430);
#2429 = CARTESIAN_POINT('',(-8.992895794188,1.219572169356,
    21.269629979939));
#2430 = VECTOR('',#2431,1.);
#2431 = DIRECTION('',(-0.,0.368265914122,-0.929720504504));
#2432 = ORIENTED_EDGE('',*,*,#2433,.T.);
#2433 = EDGE_CURVE('',#2426,#2434,#2436,.T.);
#2434 = VERTEX_POINT('',#2435);
#2435 = CARTESIAN_POINT('',(-8.992895794188,-5.6992,38.722628571429));
#2436 = LINE('',#2437,#2438);
#2437 = CARTESIAN_POINT('',(-8.992895794188,-1.727514075013,
    18.992317847302));
#2438 = VECTOR('',#2439,1.);
#2439 = DIRECTION('',(-0.,0.197340176951,-0.980335072596));
#2440 = ORIENTED_EDGE('',*,*,#2441,.T.);
#2441 = EDGE_CURVE('',#2434,#2442,#2444,.T.);
#2442 = VERTEX_POINT('',#2443);
#2443 = CARTESIAN_POINT('',(-8.992895794188,-5.6992,38.659857142857));
#2444 = LINE('',#2445,#2446);
#2445 = CARTESIAN_POINT('',(-8.992895794188,-5.6992,17.829928571429));
#2446 = VECTOR('',#2447,1.);
#2447 = DIRECTION('',(0.,-0.,-1.));
#2448 = ORIENTED_EDGE('',*,*,#2449,.T.);
#2449 = EDGE_CURVE('',#2442,#2450,#2452,.T.);
#2450 = VERTEX_POINT('',#2451);
#2451 = CARTESIAN_POINT('',(-8.992895794188,-5.704957142857,38.6372));
#2452 = LINE('',#2453,#2454);
#2453 = CARTESIAN_POINT('',(-8.992895794188,-10.77379903127,
    18.68885450365));
#2454 = VECTOR('',#2455,1.);
#2455 = DIRECTION('',(0.,-0.246272303221,-0.96920067719));
#2456 = ORIENTED_EDGE('',*,*,#2457,.T.);
#2457 = EDGE_CURVE('',#2450,#2458,#2460,.T.);
#2458 = VERTEX_POINT('',#2459);
#2459 = CARTESIAN_POINT('',(-8.992895794188,-5.710528571429,38.6086));
#2460 = LINE('',#2461,#2462);
#2461 = CARTESIAN_POINT('',(-8.992895794188,-9.675142288127,
    18.256916254283));
#2462 = VECTOR('',#2463,1.);
#2463 = DIRECTION('',(0.,-0.191210841639,-0.981548987081));
#2464 = ORIENTED_EDGE('',*,*,#2465,.T.);
#2465 = EDGE_CURVE('',#2458,#2466,#2468,.T.);
#2466 = VERTEX_POINT('',#2467);
#2467 = CARTESIAN_POINT('',(-8.992895794188,-5.7278,38.568671428571));
#2468 = LINE('',#2469,#2470);
#2469 = CARTESIAN_POINT('',(-8.992895794188,-13.5585158102,
    20.465403695305));
#2470 = VECTOR('',#2471,1.);
#2471 = DIRECTION('',(0.,-0.397008348188,-0.917814998499));
#2472 = ORIENTED_EDGE('',*,*,#2473,.T.);
#2473 = EDGE_CURVE('',#2466,#2474,#2476,.T.);
#2474 = VERTEX_POINT('',#2475);
#2475 = CARTESIAN_POINT('',(-8.992895794188,-5.744885714286,
    38.528742857143));
#2476 = LINE('',#2477,#2478);
#2477 = CARTESIAN_POINT('',(-8.992895794188,-13.50631571877,
    20.390618390139));
#2478 = VECTOR('',#2479,1.);
#2479 = DIRECTION('',(0.,-0.393403152889,-0.919366063816));
#2480 = ORIENTED_EDGE('',*,*,#2481,.T.);
#2481 = EDGE_CURVE('',#2474,#2482,#2484,.T.);
#2482 = VERTEX_POINT('',#2483);
#2483 = CARTESIAN_POINT('',(-8.992895794188,-5.7733,38.500142857143));
#2484 = LINE('',#2485,#2486);
#2485 = CARTESIAN_POINT('',(-8.992895794188,-16.9477709172,
    27.252636182314));
#2486 = VECTOR('',#2487,1.);
#2487 = DIRECTION('',(0.,-0.704799762748,-0.709406297146));
#2488 = ORIENTED_EDGE('',*,*,#2489,.T.);
#2489 = EDGE_CURVE('',#2482,#2490,#2492,.T.);
#2490 = VERTEX_POINT('',#2491);
#2491 = CARTESIAN_POINT('',(-8.992895794188,-5.8019,38.471728571429));
#2492 = LINE('',#2493,#2494);
#2493 = CARTESIAN_POINT('',(-8.992895794188,-16.97255808864,
    27.373607223617));
#2494 = VECTOR('',#2495,1.);
#2495 = DIRECTION('',(0.,-0.709406297146,-0.704799762748));
#2496 = ORIENTED_EDGE('',*,*,#2497,.T.);
#2497 = EDGE_CURVE('',#2490,#2498,#2500,.T.);
#2498 = VERTEX_POINT('',#2499);
#2499 = CARTESIAN_POINT('',(-8.992895794188,-5.8305,38.448885714286));
#2500 = LINE('',#2501,#2502);
#2501 = CARTESIAN_POINT('',(-8.992895794188,-16.90173403082,
    29.606276715638));
#2502 = VECTOR('',#2503,1.);
#2503 = DIRECTION('',(0.,-0.781363568139,-0.62407609663));
#2504 = ORIENTED_EDGE('',*,*,#2505,.T.);
#2505 = EDGE_CURVE('',#2498,#2506,#2508,.T.);
#2506 = VERTEX_POINT('',#2507);
#2507 = CARTESIAN_POINT('',(-8.992895794188,-5.864671428571,
    38.426042857143));
#2508 = LINE('',#2509,#2510);
#2509 = CARTESIAN_POINT('',(-8.992895794188,-16.51551725959,
    31.306183959232));
#2510 = VECTOR('',#2511,1.);
#2511 = DIRECTION('',(0.,-0.831354528555,-0.555742429414));
#2512 = ORIENTED_EDGE('',*,*,#2513,.T.);
#2513 = EDGE_CURVE('',#2506,#2514,#2516,.T.);
#2514 = VERTEX_POINT('',#2515);
#2515 = CARTESIAN_POINT('',(-8.992895794188,-5.9046,38.414528571429));
#2516 = LINE('',#2517,#2518);
#2517 = CARTESIAN_POINT('',(-8.992895794188,-12.84314619568,
    36.41364548244));
#2518 = VECTOR('',#2519,1.);
#2519 = DIRECTION('',(0.,-0.960846474829,-0.27708130902));
#2520 = ORIENTED_EDGE('',*,*,#2521,.T.);
#2521 = EDGE_CURVE('',#2514,#2522,#2524,.T.);
#2522 = VERTEX_POINT('',#2523);
#2523 = CARTESIAN_POINT('',(-8.992895794188,-5.950285714286,38.4032));
#2524 = LINE('',#2525,#2526);
#2525 = CARTESIAN_POINT('',(-8.992895794188,-12.21943753329,
    36.848654223742));
#2526 = VECTOR('',#2527,1.);
#2527 = DIRECTION('',(0.,-0.970604905537,-0.240678452186));
#2528 = ORIENTED_EDGE('',*,*,#2529,.T.);
#2529 = EDGE_CURVE('',#2522,#2530,#2532,.T.);
#2530 = VERTEX_POINT('',#2531);
#2531 = CARTESIAN_POINT('',(-8.992895794188,-7.2111,38.4032));
#2532 = LINE('',#2533,#2534);
#2533 = CARTESIAN_POINT('',(-8.992895794188,-8.101997897094,38.4032));
#2534 = VECTOR('',#2535,1.);
#2535 = DIRECTION('',(0.,-1.,0.));
#2536 = ORIENTED_EDGE('',*,*,#2537,.T.);
#2537 = EDGE_CURVE('',#2530,#2538,#2540,.T.);
#2538 = VERTEX_POINT('',#2539);
#2539 = CARTESIAN_POINT('',(-8.992895794188,-7.256785714286,
    38.414714285714));
#2540 = LINE('',#2541,#2542);
#2541 = CARTESIAN_POINT('',(-8.992895794188,-3.165775889159,
    37.383646768812));
#2542 = VECTOR('',#2543,1.);
#2543 = DIRECTION('',(0.,-0.969676988372,0.244390135281));
#2544 = ORIENTED_EDGE('',*,*,#2545,.T.);
#2545 = EDGE_CURVE('',#2538,#2546,#2548,.T.);
#2546 = VERTEX_POINT('',#2547);
#2547 = CARTESIAN_POINT('',(-8.992895794188,-7.302285714286,
    38.426228571429));
#2548 = LINE('',#2549,#2550);
#2549 = CARTESIAN_POINT('',(-8.992895794188,-3.170503926925,
    37.380634812995));
#2550 = VECTOR('',#2551,1.);
#2551 = DIRECTION('',(0.,-0.969440203112,0.245327724869));
#2552 = ORIENTED_EDGE('',*,*,#2553,.T.);
#2553 = EDGE_CURVE('',#2546,#2554,#2556,.T.);
#2554 = VERTEX_POINT('',#2555);
#2555 = CARTESIAN_POINT('',(-8.992895794188,-7.347971428571,38.4435));
#2556 = LINE('',#2557,#2558);
#2557 = CARTESIAN_POINT('',(-8.992895794188,-1.213364690407,
    36.124319403865));
#2558 = VECTOR('',#2559,1.);
#2559 = DIRECTION('',(0.,-0.93538826358,0.353622392329));
#2560 = ORIENTED_EDGE('',*,*,#2561,.T.);
#2561 = EDGE_CURVE('',#2554,#2562,#2564,.T.);
#2562 = VERTEX_POINT('',#2563);
#2563 = CARTESIAN_POINT('',(-8.992895794188,-7.3879,38.460771428571));
#2564 = LINE('',#2565,#2566);
#2565 = CARTESIAN_POINT('',(-8.992895794188,-0.510169252033,
    35.485753012009));
#2566 = VECTOR('',#2567,1.);
#2567 = DIRECTION('',(0.,-0.917814998499,0.397008348188));
#2568 = ORIENTED_EDGE('',*,*,#2569,.T.);
#2569 = EDGE_CURVE('',#2562,#2570,#2572,.T.);
#2570 = VERTEX_POINT('',#2571);
#2571 = CARTESIAN_POINT('',(-8.992895794188,-7.427828571429,38.4838));
#2572 = LINE('',#2573,#2574);
#2573 = CARTESIAN_POINT('',(-8.992895794188,0.961750133689,
    33.645159258444));
#2574 = VECTOR('',#2575,1.);
#2575 = DIRECTION('',(0.,-0.866252655084,0.499606182467));
#2576 = ORIENTED_EDGE('',*,*,#2577,.T.);
#2577 = EDGE_CURVE('',#2570,#2578,#2580,.T.);
#2578 = VERTEX_POINT('',#2579);
#2579 = CARTESIAN_POINT('',(-8.992895794188,-7.473514285714,
    38.512585714286));
#2580 = LINE('',#2581,#2582);
#2581 = CARTESIAN_POINT('',(-8.992895794188,1.344266447415,
    32.956666959672));
#2582 = VECTOR('',#2583,1.);
#2583 = DIRECTION('',(0.,-0.846060494481,0.533086896929));
#2584 = ORIENTED_EDGE('',*,*,#2585,.T.);
#2585 = EDGE_CURVE('',#2578,#2586,#2588,.T.);
#2586 = VERTEX_POINT('',#2587);
#2587 = CARTESIAN_POINT('',(-8.992895794188,-7.507685714286,
    38.541557142857));
#2588 = LINE('',#2589,#2590);
#2589 = CARTESIAN_POINT('',(-8.992895794188,2.305738671913,
    30.221479945862));
#2590 = VECTOR('',#2591,1.);
#2591 = DIRECTION('',(0.,-0.762756963467,0.646685251635));
#2592 = ORIENTED_EDGE('',*,*,#2593,.T.);
#2593 = EDGE_CURVE('',#2586,#2594,#2596,.T.);
#2594 = VERTEX_POINT('',#2595);
#2595 = CARTESIAN_POINT('',(-8.992895794188,-7.536285714286,
    38.575914285714));
#2596 = LINE('',#2597,#2598);
#2597 = CARTESIAN_POINT('',(-8.992895794188,2.387195355639,
    26.654849364051));
#2598 = VECTOR('',#2599,1.);
#2599 = DIRECTION('',(0.,-0.639775680817,0.768561694488));
#2600 = ORIENTED_EDGE('',*,*,#2601,.T.);
#2601 = EDGE_CURVE('',#2594,#2602,#2604,.T.);
#2602 = VERTEX_POINT('',#2603);
#2603 = CARTESIAN_POINT('',(-8.992895794188,-7.570457142857,
    38.610642857143));
#2604 = LINE('',#2605,#2606);
#2605 = CARTESIAN_POINT('',(-8.992895794188,2.480984313366,
    28.395319203264));
#2606 = VECTOR('',#2607,1.);
#2607 = DIRECTION('',(0.,-0.701366006687,0.712801322013));
#2608 = ORIENTED_EDGE('',*,*,#2609,.T.);
#2609 = EDGE_CURVE('',#2602,#2610,#2612,.T.);
#2610 = VERTEX_POINT('',#2611);
#2611 = CARTESIAN_POINT('',(-8.992895794188,-7.599057142857,
    38.650942857143));
#2612 = LINE('',#2613,#2614);
#2613 = CARTESIAN_POINT('',(-8.992895794188,1.996557085976,
    25.129850080151));
#2614 = VECTOR('',#2615,1.);
#2615 = DIRECTION('',(0.,-0.578747005941,0.815507144735));
#2616 = ORIENTED_EDGE('',*,*,#2617,.T.);
#2617 = EDGE_CURVE('',#2610,#2618,#2620,.T.);
#2618 = VERTEX_POINT('',#2619);
#2619 = CARTESIAN_POINT('',(-8.992895794188,-7.627471428571,38.697));
#2620 = LINE('',#2621,#2622);
#2621 = CARTESIAN_POINT('',(-8.992895794188,1.500622909311,
    23.901134668007));
#2622 = VECTOR('',#2623,1.);
#2623 = DIRECTION('',(0.,-0.525054443661,0.851068640705));
#2624 = ORIENTED_EDGE('',*,*,#2625,.T.);
#2625 = EDGE_CURVE('',#2618,#2626,#2628,.T.);
#2626 = VERTEX_POINT('',#2627);
#2627 = CARTESIAN_POINT('',(-8.992895794188,-7.644742857143,38.7373));
#2628 = LINE('',#2629,#2630);
#2629 = CARTESIAN_POINT('',(-8.992895794188,-0.193450412603,
    21.350950962741));
#2630 = VECTOR('',#2631,1.);
#2631 = DIRECTION('',(0.,-0.393919298579,0.919145030018));
#2632 = ORIENTED_EDGE('',*,*,#2633,.T.);
#2633 = EDGE_CURVE('',#2626,#2634,#2636,.T.);
#2634 = VERTEX_POINT('',#2635);
#2635 = CARTESIAN_POINT('',(-8.992895794188,-7.661828571429,
    38.777785714286));
#2636 = LINE('',#2637,#2638);
#2637 = CARTESIAN_POINT('',(-8.992895794188,-0.279629552779,
    21.285183691834));
#2638 = VECTOR('',#2639,1.);
#2639 = DIRECTION('',(0.,-0.388812617902,0.921316855463));
#2640 = ORIENTED_EDGE('',*,*,#2641,.T.);
#2641 = EDGE_CURVE('',#2634,#2642,#2644,.T.);
#2642 = VERTEX_POINT('',#2643);
#2643 = CARTESIAN_POINT('',(-8.992895794188,-7.678914285714,
    38.823842857143));
#2644 = LINE('',#2645,#2646);
#2645 = CARTESIAN_POINT('',(-8.992895794188,-0.939181413967,
    20.655867289824));
#2646 = VECTOR('',#2647,1.);
#2647 = DIRECTION('',(0.,-0.347806822959,0.93756621841));
#2648 = ORIENTED_EDGE('',*,*,#2649,.T.);
#2649 = EDGE_CURVE('',#2642,#2650,#2652,.T.);
#2650 = VERTEX_POINT('',#2651);
#2651 = CARTESIAN_POINT('',(-8.992895794188,-7.684671428571,
    38.864142857143));
#2652 = LINE('',#2653,#2654);
#2653 = CARTESIAN_POINT('',(-8.992895794188,-4.767263672228,
    18.442288562736));
#2654 = VECTOR('',#2655,1.);
#2655 = DIRECTION('',(0.,-0.141421356237,0.989949493661));
#2656 = ORIENTED_EDGE('',*,*,#2657,.T.);
#2657 = EDGE_CURVE('',#2650,#2658,#2660,.T.);
#2658 = VERTEX_POINT('',#2659);
#2659 = CARTESIAN_POINT('',(-8.992895794188,-7.690242857143,
    38.916142857143));
#2660 = LINE('',#2661,#2662);
#2661 = CARTESIAN_POINT('',(-8.992895794188,-5.477612262208,
    18.264923971085));
#2662 = VECTOR('',#2663,1.);
#2663 = DIRECTION('',(0.,-0.106533123634,0.99430915392));
#2664 = ORIENTED_EDGE('',*,*,#2665,.T.);
#2665 = EDGE_CURVE('',#2658,#2666,#2668,.T.);
#2666 = VERTEX_POINT('',#2667);
#2667 = CARTESIAN_POINT('',(-8.992895794188,-7.696,38.973714285714));
#2668 = LINE('',#2669,#2670);
#2669 = CARTESIAN_POINT('',(-8.992895794188,-5.624513628401,
    18.258850569726));
#2670 = VECTOR('',#2671,1.);
#2671 = DIRECTION('',(0.,-9.9503719021E-02,0.99503719021));
#2672 = ORIENTED_EDGE('',*,*,#2673,.T.);
#2673 = EDGE_CURVE('',#2666,#2674,#2676,.T.);
#2674 = VERTEX_POINT('',#2675);
#2675 = CARTESIAN_POINT('',(-8.992895794188,-7.696,41.8378));
#2676 = LINE('',#2677,#2678);
#2677 = CARTESIAN_POINT('',(-8.992895794188,-7.696,19.4189));
#2678 = VECTOR('',#2679,1.);
#2679 = DIRECTION('',(0.,0.,1.));
#2680 = ORIENTED_EDGE('',*,*,#2681,.T.);
#2681 = EDGE_CURVE('',#2674,#2682,#2684,.T.);
#2682 = VERTEX_POINT('',#2683);
#2683 = CARTESIAN_POINT('',(-8.992895794188,-7.690242857143,
    41.889242857143));
#2684 = LINE('',#2685,#2686);
#2685 = CARTESIAN_POINT('',(-8.992895794188,-10.17908169024,
    19.650263606556));
#2686 = VECTOR('',#2687,1.);
#2687 = DIRECTION('',(0.,0.111219037699,0.993795917507));
#2688 = ORIENTED_EDGE('',*,*,#2689,.T.);
#2689 = EDGE_CURVE('',#2682,#2690,#2692,.T.);
#2690 = VERTEX_POINT('',#2691);
#2691 = CARTESIAN_POINT('',(-8.992895794188,-7.684671428571,
    41.946257142857));
#2692 = LINE('',#2693,#2694);
#2693 = CARTESIAN_POINT('',(-8.992895794188,-9.866157467388,
    19.622383345631));
#2694 = VECTOR('',#2695,1.);
#2695 = DIRECTION('',(0.,9.725661290117E-02,0.995259338689));
#2696 = ORIENTED_EDGE('',*,*,#2697,.T.);
#2697 = EDGE_CURVE('',#2690,#2698,#2700,.T.);
#2698 = VERTEX_POINT('',#2699);
#2699 = CARTESIAN_POINT('',(-8.992895794188,-7.6674,42.003271428571));
#2700 = LINE('',#2701,#2702);
#2701 = CARTESIAN_POINT('',(-8.992895794188,-13.96661191704,
    21.209098756161));
#2702 = VECTOR('',#2703,1.);
#2703 = DIRECTION('',(0.,0.289920871686,0.957050619435));
#2704 = ORIENTED_EDGE('',*,*,#2705,.T.);
#2705 = EDGE_CURVE('',#2698,#2706,#2708,.T.);
#2706 = VERTEX_POINT('',#2707);
#2707 = CARTESIAN_POINT('',(-8.992895794188,-7.644742857143,
    42.060471428571));
#2708 = LINE('',#2709,#2710);
#2709 = CARTESIAN_POINT('',(-8.992895794188,-15.45016155595,
    22.354988156155));
#2710 = VECTOR('',#2711,1.);
#2711 = DIRECTION('',(0.,0.368265914122,0.929720504504));
#2712 = ORIENTED_EDGE('',*,*,#2713,.T.);
#2713 = EDGE_CURVE('',#2706,#2714,#2716,.T.);
#2714 = VERTEX_POINT('',#2715);
#2715 = CARTESIAN_POINT('',(-8.992895794188,-7.610385714286,
    42.122871428571));
#2716 = LINE('',#2717,#2718);
#2717 = CARTESIAN_POINT('',(-8.992895794188,-17.30361134313,
    24.517877854008));
#2718 = VECTOR('',#2719,1.);
#2719 = DIRECTION('',(0.,0.482319026518,0.875995637351));
#2720 = ORIENTED_EDGE('',*,*,#2721,.T.);
#2721 = EDGE_CURVE('',#2714,#2722,#2724,.T.);
#2722 = VERTEX_POINT('',#2723);
#2723 = CARTESIAN_POINT('',(-8.992895794188,-7.576214285714,
    42.174314285714));
#2724 = LINE('',#2725,#2726);
#2725 = CARTESIAN_POINT('',(-8.992895794188,-18.20336814774,
    26.17582722168));
#2726 = VECTOR('',#2727,1.);
#2727 = DIRECTION('',(0.,0.553311519375,0.832974406886));
#2728 = ORIENTED_EDGE('',*,*,#2729,.T.);
#2729 = EDGE_CURVE('',#2722,#2730,#2732,.T.);
#2730 = VERTEX_POINT('',#2731);
#2731 = CARTESIAN_POINT('',(-8.992895794188,-7.530528571429,
    42.225571428571));
#2732 = LINE('',#2733,#2734);
#2733 = CARTESIAN_POINT('',(-8.992895794188,-19.08618659299,
    29.260686819014));
#2734 = VECTOR('',#2735,1.);
#2735 = DIRECTION('',(0.,0.665370524754,0.746513271676));
#2736 = ORIENTED_EDGE('',*,*,#2737,.T.);
#2737 = EDGE_CURVE('',#2730,#2738,#2740,.T.);
#2738 = VERTEX_POINT('',#2739);
#2739 = CARTESIAN_POINT('',(-8.992895794188,-7.484842857143,
    42.271257142857));
#2740 = LINE('',#2741,#2742);
#2741 = CARTESIAN_POINT('',(-8.992895794188,-19.17967037711,
    30.576429622881));
#2742 = VECTOR('',#2743,1.);
#2743 = DIRECTION('',(0.,0.707106781187,0.707106781187));
#2744 = ORIENTED_EDGE('',*,*,#2745,.T.);
#2745 = EDGE_CURVE('',#2738,#2746,#2748,.T.);
#2746 = VERTEX_POINT('',#2747);
#2747 = CARTESIAN_POINT('',(-8.992895794188,-7.427828571429,
    42.311185714286));
#2748 = LINE('',#2749,#2750);
#2749 = CARTESIAN_POINT('',(-8.992895794188,-18.59811927913,
    34.488343687715));
#2750 = VECTOR('',#2751,1.);
#2751 = DIRECTION('',(0.,0.819106553991,0.573641397746));
#2752 = ORIENTED_EDGE('',*,*,#2753,.T.);
#2753 = EDGE_CURVE('',#2746,#2754,#2756,.T.);
#2754 = VERTEX_POINT('',#2755);
#2755 = CARTESIAN_POINT('',(-8.992895794188,-7.370814285714,
    42.339785714286));
#2756 = LINE('',#2757,#2758);
#2757 = CARTESIAN_POINT('',(-8.992895794188,-17.10443845005,
    37.457120824032));
#2758 = VECTOR('',#2759,1.);
#2759 = DIRECTION('',(0.,0.89384412391,0.448377834144));
#2760 = ORIENTED_EDGE('',*,*,#2761,.T.);
#2761 = EDGE_CURVE('',#2754,#2762,#2764,.T.);
#2762 = VERTEX_POINT('',#2763);
#2763 = CARTESIAN_POINT('',(-8.992895794188,-7.302285714286,42.3682));
#2764 = LINE('',#2765,#2766);
#2765 = CARTESIAN_POINT('',(-8.992895794188,-16.04937986258,
    38.74135608485));
#2766 = VECTOR('',#2767,1.);
#2767 = DIRECTION('',(0.,0.923742113572,0.3830150227));
#2768 = ORIENTED_EDGE('',*,*,#2769,.T.);
#2769 = EDGE_CURVE('',#2762,#2770,#2772,.T.);
#2770 = VERTEX_POINT('',#2771);
#2771 = CARTESIAN_POINT('',(-8.992895794188,-7.239514285714,
    42.385471428571));
#2772 = LINE('',#2773,#2774);
#2773 = CARTESIAN_POINT('',(-8.992895794188,-13.85893209608,
    40.564152326901));
#2774 = VECTOR('',#2775,1.);
#2775 = DIRECTION('',(0.,0.964168918516,0.26528908113));
#2776 = ORIENTED_EDGE('',*,*,#2777,.T.);
#2777 = EDGE_CURVE('',#2770,#2778,#2780,.T.);
#2778 = VERTEX_POINT('',#2779);
#2779 = CARTESIAN_POINT('',(-8.992895794188,-7.188257142857,
    42.391042857143));
#2780 = LINE('',#2781,#2782);
#2781 = CARTESIAN_POINT('',(-8.992895794188,-10.51813926414,
    42.029099148307));
#2782 = VECTOR('',#2783,1.);
#2783 = DIRECTION('',(0.,0.994144463069,0.108059180768));
#2784 = ORIENTED_EDGE('',*,*,#2785,.T.);
#2785 = EDGE_CURVE('',#2778,#2786,#2788,.T.);
#2786 = VERTEX_POINT('',#2787);
#2787 = CARTESIAN_POINT('',(-8.992895794188,-7.125485714286,42.3968));
#2788 = LINE('',#2789,#2790);
#2789 = CARTESIAN_POINT('',(-8.992895794188,-10.11584232887,
    42.122536523514));
#2790 = VECTOR('',#2791,1.);
#2791 = DIRECTION('',(0.,0.995820439719,9.133264387955E-02));
#2792 = ORIENTED_EDGE('',*,*,#2793,.T.);
#2793 = EDGE_CURVE('',#2786,#2794,#2796,.T.);
#2794 = VERTEX_POINT('',#2795);
#2795 = CARTESIAN_POINT('',(-8.992895794188,-6.1841,42.3968));
#2796 = LINE('',#2797,#2798);
#2797 = CARTESIAN_POINT('',(-8.992895794188,-7.588497897094,42.3968));
#2798 = VECTOR('',#2799,1.);
#2799 = DIRECTION('',(0.,1.,0.));
#2800 = ORIENTED_EDGE('',*,*,#2801,.T.);
#2801 = EDGE_CURVE('',#2794,#2802,#2804,.T.);
#2802 = VERTEX_POINT('',#2803);
#2803 = CARTESIAN_POINT('',(-8.992895794188,-6.138414285714,
    42.385285714286));
#2804 = LINE('',#2805,#2806);
#2805 = CARTESIAN_POINT('',(-8.992895794188,-2.102719951132,
    41.368159499879));
#2806 = VECTOR('',#2807,1.);
#2807 = DIRECTION('',(-0.,0.969676988372,-0.244390135281));
#2808 = ORIENTED_EDGE('',*,*,#2809,.T.);
#2809 = EDGE_CURVE('',#2802,#2810,#2812,.T.);
#2810 = VERTEX_POINT('',#2811);
#2811 = CARTESIAN_POINT('',(-8.992895794188,-6.104242857143,
    42.379528571429));
#2812 = LINE('',#2813,#2814);
#2813 = CARTESIAN_POINT('',(-8.992895794188,-3.791484762896,
    41.989879109898));
#2814 = VECTOR('',#2815,1.);
#2815 = DIRECTION('',(-0.,0.98610270304,-0.166136868447));
#2816 = ORIENTED_EDGE('',*,*,#2817,.T.);
#2817 = EDGE_CURVE('',#2810,#2818,#2820,.T.);
#2818 = VERTEX_POINT('',#2819);
#2819 = CARTESIAN_POINT('',(-8.992895794188,-6.064314285714,
    42.362257142857));
#2820 = LINE('',#2821,#2822);
#2821 = CARTESIAN_POINT('',(-8.992895794188,0.96674460686,
    39.320915389325));
#2822 = VECTOR('',#2823,1.);
#2823 = DIRECTION('',(-0.,0.917814998499,-0.397008348188));
#2824 = ORIENTED_EDGE('',*,*,#2825,.T.);
#2825 = EDGE_CURVE('',#2818,#2826,#2828,.T.);
#2826 = VERTEX_POINT('',#2827);
#2827 = CARTESIAN_POINT('',(-8.992895794188,-6.035714285714,
    42.350742857143));
#2828 = LINE('',#2829,#2830);
#2829 = CARTESIAN_POINT('',(-8.992895794188,0.547674251024,
    39.700287731962));
#2830 = VECTOR('',#2831,1.);
#2831 = DIRECTION('',(-0.,0.927643517938,-0.373466870858));
#2832 = ORIENTED_EDGE('',*,*,#2833,.T.);
#2833 = EDGE_CURVE('',#2826,#2834,#2836,.T.);
#2834 = VERTEX_POINT('',#2835);
#2835 = CARTESIAN_POINT('',(-8.992895794188,-5.967371428571,42.3162));
#2836 = LINE('',#2837,#2838);
#2837 = CARTESIAN_POINT('',(-8.992895794188,1.949563772907,
    38.314705577514));
#2838 = VECTOR('',#2839,1.);
#2839 = DIRECTION('',(-0.,0.892478602936,-0.451089728658));
#2840 = ORIENTED_EDGE('',*,*,#2841,.T.);
#2841 = EDGE_CURVE('',#2834,#2842,#2844,.T.);
#2842 = VERTEX_POINT('',#2843);
#2843 = CARTESIAN_POINT('',(-8.992895794188,-5.9332,42.292985714286));
#2844 = LINE('',#2845,#2846);
#2845 = CARTESIAN_POINT('',(-8.992895794188,3.54669744165,
    35.852837995774));
#2846 = VECTOR('',#2847,1.);
#2847 = DIRECTION('',(-0.,0.827177264384,-0.561941076348));
#2848 = ORIENTED_EDGE('',*,*,#2849,.T.);
#2849 = EDGE_CURVE('',#2842,#2850,#2852,.T.);
#2850 = VERTEX_POINT('',#2851);
#2851 = CARTESIAN_POINT('',(-8.992895794188,-5.898842857143,
    42.264385714286));
#2852 = LINE('',#2853,#2854);
#2853 = CARTESIAN_POINT('',(-8.992895794188,4.315758092354,
    33.761420599569));
#2854 = VECTOR('',#2855,1.);
#2855 = DIRECTION('',(-0.,0.768561694488,-0.639775680817));
#2856 = ORIENTED_EDGE('',*,*,#2857,.T.);
#2857 = EDGE_CURVE('',#2850,#2858,#2860,.T.);
#2858 = VERTEX_POINT('',#2859);
#2859 = CARTESIAN_POINT('',(-8.992895794188,-5.876,42.241357142857));
#2860 = LINE('',#2861,#2862);
#2861 = CARTESIAN_POINT('',(-8.992895794188,4.661053969392,
    31.618636068023));
#2862 = VECTOR('',#2863,1.);
#2863 = DIRECTION('',(-0.,0.704238229127,-0.709963743185));
#2864 = ORIENTED_EDGE('',*,*,#2865,.T.);
#2865 = EDGE_CURVE('',#2858,#2866,#2868,.T.);
#2866 = VERTEX_POINT('',#2867);
#2867 = CARTESIAN_POINT('',(-8.992895794188,-5.847585714286,
    42.212385714286));
#2868 = LINE('',#2869,#2870);
#2869 = CARTESIAN_POINT('',(-8.992895794188,4.68231960112,
    31.476011667205));
#2870 = VECTOR('',#2871,1.);
#2871 = DIRECTION('',(-0.,0.700208666892,-0.713938248596));
#2872 = ORIENTED_EDGE('',*,*,#2873,.T.);
#2873 = EDGE_CURVE('',#2866,#2874,#2876,.T.);
#2874 = VERTEX_POINT('',#2875);
#2875 = CARTESIAN_POINT('',(-8.992895794188,-5.824742857143,
    42.189357142857));
#2876 = LINE('',#2877,#2878);
#2877 = CARTESIAN_POINT('',(-8.992895794188,4.686601010392,
    31.592555195099));
#2878 = VECTOR('',#2879,1.);
#2879 = DIRECTION('',(-0.,0.704238229127,-0.709963743185));
#2880 = ORIENTED_EDGE('',*,*,#2881,.T.);
#2881 = EDGE_CURVE('',#2874,#2882,#2884,.T.);
#2882 = VERTEX_POINT('',#2883);
#2883 = CARTESIAN_POINT('',(-8.992895794188,-5.8019,42.154814285714));
#2884 = LINE('',#2885,#2886);
#2885 = CARTESIAN_POINT('',(-8.992895794188,4.100314840204,
    27.180733307845));
#2886 = VECTOR('',#2887,1.);
#2887 = DIRECTION('',(-0.,0.551591691077,-0.834114264555));
#2888 = ORIENTED_EDGE('',*,*,#2889,.T.);
#2889 = EDGE_CURVE('',#2882,#2890,#2892,.T.);
#2890 = VERTEX_POINT('',#2891);
#2891 = CARTESIAN_POINT('',(-8.992895794188,-5.784814285714,
    42.125842857143));
#2892 = LINE('',#2893,#2894);
#2893 = CARTESIAN_POINT('',(-8.992895794188,3.673918866694,
    26.087121424798));
#2894 = VECTOR('',#2895,1.);
#2895 = DIRECTION('',(-0.,0.507985019944,-0.861365903384));
#2896 = ORIENTED_EDGE('',*,*,#2897,.T.);
#2897 = EDGE_CURVE('',#2890,#2898,#2900,.T.);
#2898 = VERTEX_POINT('',#2899);
#2899 = CARTESIAN_POINT('',(-8.992895794188,-5.761971428571,42.0913));
#2900 = LINE('',#2901,#2902);
#2901 = CARTESIAN_POINT('',(-8.992895794188,4.119558050288,
    27.148499324651));
#2902 = VECTOR('',#2903,1.);
#2903 = DIRECTION('',(-0.,0.551591691077,-0.834114264555));
#2904 = ORIENTED_EDGE('',*,*,#2905,.T.);
#2905 = EDGE_CURVE('',#2898,#2906,#2908,.T.);
#2906 = VERTEX_POINT('',#2907);
#2907 = CARTESIAN_POINT('',(-8.992895794188,-5.750457142857,
    42.056942857143));
#2908 = LINE('',#2909,#2910);
#2909 = CARTESIAN_POINT('',(-8.992895794188,0.873557152182,
    22.291738912267));
#2910 = VECTOR('',#2911,1.);
#2911 = DIRECTION('',(-0.,0.317764922889,-0.948169527976));
#2912 = ORIENTED_EDGE('',*,*,#2913,.T.);
#2913 = EDGE_CURVE('',#2906,#2914,#2916,.T.);
#2914 = VERTEX_POINT('',#2915);
#2915 = CARTESIAN_POINT('',(-8.992895794188,-5.733371428571,
    42.016457142857));
#2916 = LINE('',#2917,#2918);
#2917 = CARTESIAN_POINT('',(-8.992895794188,2.083137914739,
    23.494728481534));
#2918 = VECTOR('',#2919,1.);
#2919 = DIRECTION('',(-0.,0.388812617902,-0.921316855463));
#2920 = ORIENTED_EDGE('',*,*,#2921,.T.);
#2921 = EDGE_CURVE('',#2914,#2922,#2924,.T.);
#2922 = VERTEX_POINT('',#2923);
#2923 = CARTESIAN_POINT('',(-8.992895794188,-5.716285714286,
    41.976157142857));
#2924 = LINE('',#2925,#2926);
#2925 = CARTESIAN_POINT('',(-8.992895794188,2.11561151434,
    23.503095201424));
#2926 = VECTOR('',#2927,1.);
#2927 = DIRECTION('',(-0.,0.390331920952,-0.920674204855));
#2928 = ORIENTED_EDGE('',*,*,#2929,.T.);
#2929 = EDGE_CURVE('',#2922,#2930,#2932,.T.);
#2930 = VERTEX_POINT('',#2931);
#2931 = CARTESIAN_POINT('',(-8.992895794188,-5.710528571429,
    41.941428571429));
#2932 = LINE('',#2933,#2934);
#2933 = CARTESIAN_POINT('',(-8.992895794188,-2.128965719668,
    20.336517175326));
#2934 = VECTOR('',#2935,1.);
#2935 = DIRECTION('',(-0.,0.163543423693,-0.986536136473));
#2936 = ORIENTED_EDGE('',*,*,#2937,.T.);
#2937 = EDGE_CURVE('',#2930,#2938,#2940,.T.);
#2938 = VERTEX_POINT('',#2939);
#2939 = CARTESIAN_POINT('',(-8.992895794188,-5.704957142857,
    41.889614285714));
#2940 = LINE('',#2941,#2942);
#2941 = CARTESIAN_POINT('',(-8.992895794188,-3.337912485149,
    19.876098969026));
#2942 = VECTOR('',#2943,1.);
#2943 = DIRECTION('',(-0.,0.106910606117,-0.994268636888));
#2944 = ORIENTED_EDGE('',*,*,#2945,.T.);
#2945 = EDGE_CURVE('',#2938,#2946,#2948,.T.);
#2946 = VERTEX_POINT('',#2947);
#2947 = CARTESIAN_POINT('',(-8.992895794188,-5.6992,41.826285714286));
#2948 = LINE('',#2949,#2950);
#2949 = CARTESIAN_POINT('',(-8.992895794188,-3.691841610398,
    19.745343428661));
#2950 = VECTOR('',#2951,1.);
#2951 = DIRECTION('',(-0.,9.053574604252E-02,-0.995893206468));
#2952 = ORIENTED_EDGE('',*,*,#2953,.T.);
#2953 = EDGE_CURVE('',#2946,#2954,#2956,.T.);
#2954 = VERTEX_POINT('',#2955);
#2955 = CARTESIAN_POINT('',(-8.992895794188,-5.6992,40.599642857143));
#2956 = LINE('',#2957,#2958);
#2957 = CARTESIAN_POINT('',(-8.992895794188,-5.6992,18.799821428571));
#2958 = VECTOR('',#2959,1.);
#2959 = DIRECTION('',(0.,-0.,-1.));
#2960 = ORIENTED_EDGE('',*,*,#2961,.T.);
#2961 = EDGE_CURVE('',#2954,#2962,#2964,.T.);
#2962 = VERTEX_POINT('',#2963);
#2963 = CARTESIAN_POINT('',(-8.992895794188,-5.710714285714,
    40.553957142857));
#2964 = LINE('',#2965,#2966);
#2965 = CARTESIAN_POINT('',(-8.992895794188,-10.96942823895,
    19.688737263861));
#2966 = VECTOR('',#2967,1.);
#2967 = DIRECTION('',(0.,-0.244390135281,-0.969676988372));
#2968 = ORIENTED_EDGE('',*,*,#2969,.T.);
#2969 = EDGE_CURVE('',#2962,#2970,#2972,.T.);
#2970 = VERTEX_POINT('',#2971);
#2971 = CARTESIAN_POINT('',(-8.992895794188,-5.716471428571,
    40.519785714286));
#2972 = LINE('',#2973,#2974);
#2973 = CARTESIAN_POINT('',(-8.992895794188,-9.326568529551,
    19.092112598791));
#2974 = VECTOR('',#2975,1.);
#2975 = DIRECTION('',(0.,-0.166136868447,-0.98610270304));
#2976 = ORIENTED_EDGE('',*,*,#2977,.T.);
#2977 = EDGE_CURVE('',#2970,#2978,#2980,.T.);
#2978 = VERTEX_POINT('',#2979);
#2979 = CARTESIAN_POINT('',(-8.992895794188,-5.733742857143,
    40.479857142857));
#2980 = LINE('',#2981,#2982);
#2981 = CARTESIAN_POINT('',(-8.992895794188,-13.91218945593,
    21.572695651032));
#2982 = VECTOR('',#2983,1.);
#2983 = DIRECTION('',(0.,-0.397008348188,-0.917814998499));
#2984 = ORIENTED_EDGE('',*,*,#2985,.T.);
#2985 = EDGE_CURVE('',#2978,#2986,#2988,.T.);
#2986 = VERTEX_POINT('',#2987);
#2987 = CARTESIAN_POINT('',(-8.992895794188,-5.745257142857,
    40.451257142857));
#2988 = LINE('',#2989,#2990);
#2989 = CARTESIAN_POINT('',(-8.992895794188,-13.49845972224,
    21.1933023489));
#2990 = VECTOR('',#2991,1.);
#2991 = DIRECTION('',(0.,-0.373466870858,-0.927643517938));
#2992 = ORIENTED_EDGE('',*,*,#2993,.T.);
#2993 = EDGE_CURVE('',#2986,#2994,#2996,.T.);
#2994 = VERTEX_POINT('',#2995);
#2995 = CARTESIAN_POINT('',(-8.992895794188,-5.7798,40.388671428571));
#2996 = LINE('',#2997,#2998);
#2997 = CARTESIAN_POINT('',(-8.992895794188,-15.33282859845,
    23.080227139965));
#2998 = VECTOR('',#2999,1.);
#2999 = DIRECTION('',(0.,-0.483214693258,-0.875501890472));
#3000 = ORIENTED_EDGE('',*,*,#3001,.T.);
#3001 = EDGE_CURVE('',#2994,#3002,#3004,.T.);
#3002 = VERTEX_POINT('',#3003);
#3003 = CARTESIAN_POINT('',(-8.992895794188,-5.797071428571,
    40.360071428571));
#3004 = LINE('',#3005,#3006);
#3005 = CARTESIAN_POINT('',(-8.992895794188,-15.81782885075,
    23.766559138067));
#3006 = VECTOR('',#3007,1.);
#3007 = DIRECTION('',(0.,-0.51694595675,-0.856018035908));
#3008 = ORIENTED_EDGE('',*,*,#3009,.T.);
#3009 = EDGE_CURVE('',#3002,#3010,#3012,.T.);
#3010 = VERTEX_POINT('',#3011);
#3011 = CARTESIAN_POINT('',(-8.992895794188,-5.820285714286,40.3259));
#3012 = LINE('',#3013,#3014);
#3013 = CARTESIAN_POINT('',(-8.992895794188,-16.3906837711,
    24.766274060369));
#3014 = VECTOR('',#3015,1.);
#3015 = DIRECTION('',(0.,-0.561941076348,-0.827177264384));
#3016 = ORIENTED_EDGE('',*,*,#3017,.T.);
#3017 = EDGE_CURVE('',#3010,#3018,#3020,.T.);
#3018 = VERTEX_POINT('',#3019);
#3019 = CARTESIAN_POINT('',(-8.992895794188,-5.866342857143,
    40.280214285714));
#3020 = LINE('',#3021,#3022);
#3021 = CARTESIAN_POINT('',(-8.992895794188,-17.47400891591,
    28.766158437093));
#3022 = VECTOR('',#3023,1.);
#3023 = DIRECTION('',(0.,-0.709963743185,-0.704238229127));
#3024 = ORIENTED_EDGE('',*,*,#3025,.T.);
#3025 = EDGE_CURVE('',#3018,#3026,#3028,.T.);
#3026 = VERTEX_POINT('',#3027);
#3027 = CARTESIAN_POINT('',(-8.992895794188,-5.895128571429,
    40.251614285714));
#3028 = LINE('',#3029,#3030);
#3029 = CARTESIAN_POINT('',(-8.992895794188,-17.48725997343,
    28.734270828233));
#3030 = VECTOR('',#3031,1.);
#3031 = DIRECTION('',(0.,-0.709391437826,-0.704814718872));
#3032 = ORIENTED_EDGE('',*,*,#3033,.T.);
#3033 = EDGE_CURVE('',#3026,#3034,#3036,.T.);
#3034 = VERTEX_POINT('',#3035);
#3035 = CARTESIAN_POINT('',(-8.992895794188,-5.918157142857,
    40.228771428571));
#3036 = LINE('',#3037,#3038);
#3037 = CARTESIAN_POINT('',(-8.992895794188,-17.49990445201,
    28.740425307395));
#3038 = VECTOR('',#3039,1.);
#3039 = DIRECTION('',(0.,-0.709963743185,-0.704238229127));
#3040 = ORIENTED_EDGE('',*,*,#3041,.T.);
#3041 = EDGE_CURVE('',#3034,#3042,#3044,.T.);
#3042 = VERTEX_POINT('',#3043);
#3043 = CARTESIAN_POINT('',(-8.992895794188,-5.981671428571,40.1946));
#3044 = LINE('',#3045,#3046);
#3045 = CARTESIAN_POINT('',(-8.992895794188,-16.16054238567,
    34.718248373957));
#3046 = VECTOR('',#3047,1.);
#3047 = DIRECTION('',(0.,-0.880636410784,-0.473792688843));
#3048 = ORIENTED_EDGE('',*,*,#3049,.T.);
#3049 = EDGE_CURVE('',#3042,#3050,#3052,.T.);
#3050 = VERTEX_POINT('',#3051);
#3051 = CARTESIAN_POINT('',(-8.992895794188,-6.010457142857,
    40.177514285714));
#3052 = LINE('',#3053,#3054);
#3053 = CARTESIAN_POINT('',(-8.992895794188,-16.58887510451,
    33.898711366538));
#3054 = VECTOR('',#3055,1.);
#3055 = DIRECTION('',(0.,-0.859930843223,-0.51041056501));
#3056 = ORIENTED_EDGE('',*,*,#3057,.T.);
#3057 = EDGE_CURVE('',#3050,#3058,#3060,.T.);
#3058 = VERTEX_POINT('',#3059);
#3059 = CARTESIAN_POINT('',(-8.992895794188,-6.045,40.160428571429));
#3060 = LINE('',#3061,#3062);
#3061 = CARTESIAN_POINT('',(-8.992895794188,-15.80517947759,
    35.332812915847));
#3062 = VECTOR('',#3063,1.);
#3063 = DIRECTION('',(0.,-0.896346509203,-0.443354187348));
#3064 = ORIENTED_EDGE('',*,*,#3065,.T.);
#3065 = EDGE_CURVE('',#3058,#3066,#3068,.T.);
#3066 = VERTEX_POINT('',#3067);
#3067 = CARTESIAN_POINT('',(-8.992895794188,-6.108514285714,
    40.137585714286));
#3068 = LINE('',#3069,#3070);
#3069 = CARTESIAN_POINT('',(-8.992895794188,-14.25426947113,
    37.20797200725));
#3070 = VECTOR('',#3071,1.);
#3071 = DIRECTION('',(0.,-0.940992591523,-0.338427160109));
#3072 = ORIENTED_EDGE('',*,*,#3073,.T.);
#3073 = EDGE_CURVE('',#3066,#3074,#3076,.T.);
#3074 = VERTEX_POINT('',#3075);
#3075 = CARTESIAN_POINT('',(-8.992895794188,-6.148814285714,
    40.126071428571));
#3076 = LINE('',#3077,#3078);
#3077 = CARTESIAN_POINT('',(-8.992895794188,-13.15942743585,
    38.123039099959));
#3078 = VECTOR('',#3079,1.);
#3079 = DIRECTION('',(0.,-0.961523947641,-0.274721127897));
#3080 = ORIENTED_EDGE('',*,*,#3081,.T.);
#3081 = EDGE_CURVE('',#3074,#3082,#3084,.T.);
#3082 = VERTEX_POINT('',#3083);
#3083 = CARTESIAN_POINT('',(-8.992895794188,-6.183357142857,40.1205));
#3084 = LINE('',#3085,#3086);
#3085 = CARTESIAN_POINT('',(-8.992895794188,-10.94179737811,
    39.353009639474));
#3086 = VECTOR('',#3087,1.);
#3087 = DIRECTION('',(0.,-0.987241120713,-0.159232438825));
#3088 = ORIENTED_EDGE('',*,*,#3089,.T.);
#3089 = EDGE_CURVE('',#3082,#2312,#3090,.T.);
#3090 = LINE('',#3091,#3092);
#3091 = CARTESIAN_POINT('',(-8.992895794188,-10.598616082,
    39.489748722978));
#3092 = VECTOR('',#3093,1.);
#3093 = DIRECTION('',(0.,-0.989949493661,-0.141421356237));
#3094 = FACE_BOUND('',#3095,.F.);
#3095 = EDGE_LOOP('',(#3096,#3106,#3114,#3122,#3130,#3138,#3146,#3154,
    #3162,#3170,#3178,#3186,#3194,#3202,#3210,#3218,#3226,#3234,#3242,
    #3250,#3258,#3266,#3274,#3282,#3290,#3298,#3306,#3314,#3322,#3330,
    #3338,#3346,#3354,#3362,#3370,#3378,#3386,#3394,#3402,#3410,#3418,
    #3426,#3434,#3442,#3450,#3458,#3466,#3474,#3482,#3490,#3498,#3506,
    #3514,#3522,#3530,#3538,#3546,#3554));
#3096 = ORIENTED_EDGE('',*,*,#3097,.T.);
#3097 = EDGE_CURVE('',#3098,#3100,#3102,.T.);
#3098 = VERTEX_POINT('',#3099);
#3099 = CARTESIAN_POINT('',(-8.992895794188,-0.855585714286,
    42.287414285714));
#3100 = VERTEX_POINT('',#3101);
#3101 = CARTESIAN_POINT('',(-8.992895794188,-0.849828571429,
    42.258442857143));
#3102 = LINE('',#3103,#3104);
#3103 = CARTESIAN_POINT('',(-8.992895794188,3.321502852378,
    21.267226659923));
#3104 = VECTOR('',#3105,1.);
#3105 = DIRECTION('',(-0.,0.19490688626,-0.980821750212));
#3106 = ORIENTED_EDGE('',*,*,#3107,.T.);
#3107 = EDGE_CURVE('',#3100,#3108,#3110,.T.);
#3108 = VERTEX_POINT('',#3109);
#3109 = CARTESIAN_POINT('',(-8.992895794188,-0.849828571429,
    38.522985714286));
#3110 = LINE('',#3111,#3112);
#3111 = CARTESIAN_POINT('',(-8.992895794188,-0.849828571429,
    17.761492857143));
#3112 = VECTOR('',#3113,1.);
#3113 = DIRECTION('',(0.,-0.,-1.));
#3114 = ORIENTED_EDGE('',*,*,#3115,.T.);
#3115 = EDGE_CURVE('',#3108,#3116,#3118,.T.);
#3116 = VERTEX_POINT('',#3117);
#3117 = CARTESIAN_POINT('',(-8.992895794188,-0.861157142857,
    38.494571428571));
#3118 = LINE('',#3119,#3120);
#3119 = CARTESIAN_POINT('',(-8.992895794188,-8.55608959152,
    19.194167090121));
#3120 = VECTOR('',#3121,1.);
#3121 = DIRECTION('',(0.,-0.370343680353,-0.92889480482));
#3122 = ORIENTED_EDGE('',*,*,#3123,.T.);
#3123 = EDGE_CURVE('',#3116,#3124,#3126,.T.);
#3124 = VERTEX_POINT('',#3125);
#3125 = CARTESIAN_POINT('',(-8.992895794188,-0.872671428571,
    38.471728571429));
#3126 = LINE('',#3127,#3128);
#3127 = CARTESIAN_POINT('',(-8.992895794188,-10.02983014219,
    20.305107252466));
#3128 = VECTOR('',#3129,1.);
#3129 = DIRECTION('',(0.,-0.450115207469,-0.892970492237));
#3130 = ORIENTED_EDGE('',*,*,#3131,.T.);
#3131 = EDGE_CURVE('',#3124,#3132,#3134,.T.);
#3132 = VERTEX_POINT('',#3133);
#3133 = CARTESIAN_POINT('',(-8.992895794188,-0.884,38.448885714286));
#3134 = LINE('',#3135,#3136);
#3135 = CARTESIAN_POINT('',(-8.992895794188,-9.933448030888,
    20.201638045447));
#3136 = VECTOR('',#3137,1.);
#3137 = DIRECTION('',(0.,-0.444297794845,-0.895879160097));
#3138 = ORIENTED_EDGE('',*,*,#3139,.T.);
#3139 = EDGE_CURVE('',#3132,#3140,#3142,.T.);
#3140 = VERTEX_POINT('',#3141);
#3141 = CARTESIAN_POINT('',(-8.992895794188,-0.906842857143,38.4318));
#3142 = LINE('',#3143,#3144);
#3143 = CARTESIAN_POINT('',(-8.992895794188,-13.43547727592,
    29.060788890018));
#3144 = VECTOR('',#3145,1.);
#3145 = DIRECTION('',(0.,-0.80078057117,-0.598957825591));
#3146 = ORIENTED_EDGE('',*,*,#3147,.T.);
#3147 = EDGE_CURVE('',#3140,#3148,#3150,.T.);
#3148 = VERTEX_POINT('',#3149);
#3149 = CARTESIAN_POINT('',(-8.992895794188,-0.929685714286,
    38.414528571429));
#3150 = LINE('',#3151,#3152);
#3151 = CARTESIAN_POINT('',(-8.992895794188,-13.45658237564,
    28.942972559184));
#3152 = VECTOR('',#3153,1.);
#3153 = DIRECTION('',(0.,-0.797659331282,-0.603108274872));
#3154 = ORIENTED_EDGE('',*,*,#3155,.T.);
#3155 = EDGE_CURVE('',#3148,#3156,#3158,.T.);
#3156 = VERTEX_POINT('',#3157);
#3157 = CARTESIAN_POINT('',(-8.992895794188,-0.958285714286,
    38.408957142857));
#3158 = LINE('',#3159,#3160);
#3159 = CARTESIAN_POINT('',(-8.992895794188,-8.714586385698,
    36.897989479595));
#3160 = VECTOR('',#3161,1.);
#3161 = DIRECTION('',(0.,-0.981548987081,-0.191210841639));
#3162 = ORIENTED_EDGE('',*,*,#3163,.T.);
#3163 = EDGE_CURVE('',#3156,#3164,#3166,.T.);
#3164 = VERTEX_POINT('',#3165);
#3165 = CARTESIAN_POINT('',(-8.992895794188,-0.981128571429,38.4032));
#3166 = LINE('',#3167,#3168);
#3167 = CARTESIAN_POINT('',(-8.992895794188,-9.653609239953,
    36.21745283964));
#3168 = VECTOR('',#3169,1.);
#3169 = DIRECTION('',(0.,-0.969676988372,-0.244390135281));
#3170 = ORIENTED_EDGE('',*,*,#3171,.T.);
#3171 = EDGE_CURVE('',#3164,#3172,#3174,.T.);
#3172 = VERTEX_POINT('',#3173);
#3173 = CARTESIAN_POINT('',(-8.992895794188,-1.306314285714,38.4032));
#3174 = LINE('',#3175,#3176);
#3175 = CARTESIAN_POINT('',(-8.992895794188,-5.149605039951,38.4032));
#3176 = VECTOR('',#3177,1.);
#3177 = DIRECTION('',(0.,-1.,0.));
#3178 = ORIENTED_EDGE('',*,*,#3179,.T.);
#3179 = EDGE_CURVE('',#3172,#3180,#3182,.T.);
#3180 = VERTEX_POINT('',#3181);
#3181 = CARTESIAN_POINT('',(-8.992895794188,-1.340485714286,
    38.415085714286));
#3182 = LINE('',#3183,#3184);
#3183 = CARTESIAN_POINT('',(-8.992895794188,1.671530170335,
    37.367428015287));
#3184 = VECTOR('',#3185,1.);
#3185 = DIRECTION('',(0.,-0.944496796706,0.328520624941));
#3186 = ORIENTED_EDGE('',*,*,#3187,.T.);
#3187 = EDGE_CURVE('',#3180,#3188,#3190,.T.);
#3188 = VERTEX_POINT('',#3189);
#3189 = CARTESIAN_POINT('',(-8.992895794188,-1.369085714286,
    38.432728571429));
#3190 = LINE('',#3191,#3192);
#3191 = CARTESIAN_POINT('',(-8.992895794188,5.126661806331,
    34.425611594425));
#3192 = VECTOR('',#3193,1.);
#3193 = DIRECTION('',(0.,-0.851088556054,0.525022161202));
#3194 = ORIENTED_EDGE('',*,*,#3195,.T.);
#3195 = EDGE_CURVE('',#3188,#3196,#3198,.T.);
#3196 = VERTEX_POINT('',#3197);
#3197 = CARTESIAN_POINT('',(-8.992895794188,-1.391742857143,
    38.462628571429));
#3198 = LINE('',#3199,#3200);
#3199 = CARTESIAN_POINT('',(-8.992895794188,7.201240724342,
    27.122707615534));
#3200 = VECTOR('',#3201,1.);
#3201 = DIRECTION('',(0.,-0.603952995426,0.797019936586));
#3202 = ORIENTED_EDGE('',*,*,#3203,.T.);
#3203 = EDGE_CURVE('',#3196,#3204,#3206,.T.);
#3204 = VERTEX_POINT('',#3205);
#3205 = CARTESIAN_POINT('',(-8.992895794188,-1.403257142857,
    38.480457142857));
#3206 = LINE('',#3207,#3208);
#3207 = CARTESIAN_POINT('',(-8.992895794188,6.93200740303,
    25.574241071806));
#3208 = VECTOR('',#3209,1.);
#3209 = DIRECTION('',(0.,-0.542525431476,0.840039377769));
#3210 = ORIENTED_EDGE('',*,*,#3211,.T.);
#3211 = EDGE_CURVE('',#3204,#3212,#3214,.T.);
#3212 = VERTEX_POINT('',#3213);
#3213 = CARTESIAN_POINT('',(-8.992895794188,-1.414585714286,
    38.498285714286));
#3214 = LINE('',#3215,#3216);
#3215 = CARTESIAN_POINT('',(-8.992895794188,6.887766814722,
    25.432288291585));
#3216 = VECTOR('',#3217,1.);
#3217 = DIRECTION('',(0.,-0.536306481872,0.844023315733));
#3218 = ORIENTED_EDGE('',*,*,#3219,.T.);
#3219 = EDGE_CURVE('',#3212,#3220,#3222,.T.);
#3220 = VERTEX_POINT('',#3221);
#3221 = CARTESIAN_POINT('',(-8.992895794188,-1.420342857143,
    38.522057142857));
#3222 = LINE('',#3223,#3224);
#3223 = CARTESIAN_POINT('',(-8.992895794188,3.119360209169,
    19.777476740021));
#3224 = VECTOR('',#3225,1.);
#3225 = DIRECTION('',(0.,-0.23538270084,0.971902764759));
#3226 = ORIENTED_EDGE('',*,*,#3227,.T.);
#3227 = EDGE_CURVE('',#3220,#3228,#3230,.T.);
#3228 = VERTEX_POINT('',#3229);
#3229 = CARTESIAN_POINT('',(-8.992895794188,-1.420342857143,
    40.114742857143));
#3230 = LINE('',#3231,#3232);
#3231 = CARTESIAN_POINT('',(-8.992895794188,-1.420342857143,
    18.557371428571));
#3232 = VECTOR('',#3233,1.);
#3233 = DIRECTION('',(0.,0.,1.));
#3234 = ORIENTED_EDGE('',*,*,#3235,.T.);
#3235 = EDGE_CURVE('',#3228,#3236,#3238,.T.);
#3236 = VERTEX_POINT('',#3237);
#3237 = CARTESIAN_POINT('',(-8.992895794188,-2.316042857143,
    40.114742857143));
#3238 = LINE('',#3239,#3240);
#3239 = CARTESIAN_POINT('',(-8.992895794188,-5.654469325666,
    40.114742857143));
#3240 = VECTOR('',#3241,1.);
#3241 = DIRECTION('',(0.,-1.,0.));
#3242 = ORIENTED_EDGE('',*,*,#3243,.T.);
#3243 = EDGE_CURVE('',#3236,#3244,#3246,.T.);
#3244 = VERTEX_POINT('',#3245);
#3245 = CARTESIAN_POINT('',(-8.992895794188,-2.338885714286,40.1205));
#3246 = LINE('',#3247,#3248);
#3247 = CARTESIAN_POINT('',(-8.992895794188,-0.357843203374,
    39.621212863103));
#3248 = VECTOR('',#3249,1.);
#3249 = DIRECTION('',(0.,-0.969676988372,0.244390135281));
#3250 = ORIENTED_EDGE('',*,*,#3251,.T.);
#3251 = EDGE_CURVE('',#3244,#3252,#3254,.T.);
#3252 = VERTEX_POINT('',#3253);
#3253 = CARTESIAN_POINT('',(-8.992895794188,-2.355971428571,
    40.138514285714));
#3254 = LINE('',#3255,#3256);
#3255 = CARTESIAN_POINT('',(-8.992895794188,6.842069573363,
    30.440579751066));
#3256 = VECTOR('',#3257,1.);
#3257 = DIRECTION('',(0.,-0.688159484156,0.725559456121));
#3258 = ORIENTED_EDGE('',*,*,#3259,.T.);
#3259 = EDGE_CURVE('',#3252,#3260,#3262,.T.);
#3260 = VERTEX_POINT('',#3261);
#3261 = CARTESIAN_POINT('',(-8.992895794188,-2.373057142857,40.1504));
#3262 = LINE('',#3263,#3264);
#3263 = CARTESIAN_POINT('',(-8.992895794188,5.510670598191,
    34.666067658401));
#3264 = VECTOR('',#3265,1.);
#3265 = DIRECTION('',(0.,-0.820905201785,0.571064488199));
#3266 = ORIENTED_EDGE('',*,*,#3267,.T.);
#3267 = EDGE_CURVE('',#3260,#3268,#3270,.T.);
#3268 = VERTEX_POINT('',#3269);
#3269 = CARTESIAN_POINT('',(-8.992895794188,-2.390142857143,
    40.168228571429));
#3270 = LINE('',#3271,#3272);
#3271 = CARTESIAN_POINT('',(-8.992895794188,6.81166975269,
    30.566337152472));
#3272 = VECTOR('',#3273,1.);
#3273 = DIRECTION('',(0.,-0.691905363236,0.721988205115));
#3274 = ORIENTED_EDGE('',*,*,#3275,.T.);
#3275 = EDGE_CURVE('',#3268,#3276,#3278,.T.);
#3276 = VERTEX_POINT('',#3277);
#3277 = CARTESIAN_POINT('',(-8.992895794188,-2.401657142857,
    40.185871428571));
#3278 = LINE('',#3279,#3280);
#3279 = CARTESIAN_POINT('',(-8.992895794188,6.496783347413,
    26.551164225738));
#3280 = VECTOR('',#3281,1.);
#3281 = DIRECTION('',(0.,-0.546536648242,0.837435186822));
#3282 = ORIENTED_EDGE('',*,*,#3283,.T.);
#3283 = EDGE_CURVE('',#3276,#3284,#3286,.T.);
#3284 = VERTEX_POINT('',#3285);
#3285 = CARTESIAN_POINT('',(-8.992895794188,-2.412985714286,
    40.209828571429));
#3286 = LINE('',#3287,#3288);
#3287 = CARTESIAN_POINT('',(-8.992895794188,5.335130767918,
    23.824467486113));
#3288 = VECTOR('',#3289,1.);
#3289 = DIRECTION('',(0.,-0.42748375785,0.904023028896));
#3290 = ORIENTED_EDGE('',*,*,#3291,.T.);
#3291 = EDGE_CURVE('',#3284,#3292,#3294,.T.);
#3292 = VERTEX_POINT('',#3293);
#3293 = CARTESIAN_POINT('',(-8.992895794188,-2.418742857143,40.2336));
#3294 = LINE('',#3295,#3296);
#3295 = CARTESIAN_POINT('',(-8.992895794188,2.344392450655,
    20.566460664578));
#3296 = VECTOR('',#3297,1.);
#3297 = DIRECTION('',(0.,-0.23538270084,0.971902764759));
#3298 = ORIENTED_EDGE('',*,*,#3299,.T.);
#3299 = EDGE_CURVE('',#3292,#3300,#3302,.T.);
#3300 = VERTEX_POINT('',#3301);
#3301 = CARTESIAN_POINT('',(-8.992895794188,-2.418742857143,
    40.571228571429));
#3302 = LINE('',#3303,#3304);
#3303 = CARTESIAN_POINT('',(-8.992895794188,-2.418742857143,
    18.785614285714));
#3304 = VECTOR('',#3305,1.);
#3305 = DIRECTION('',(0.,0.,1.));
#3306 = ORIENTED_EDGE('',*,*,#3307,.T.);
#3307 = EDGE_CURVE('',#3300,#3308,#3310,.T.);
#3308 = VERTEX_POINT('',#3309);
#3309 = CARTESIAN_POINT('',(-8.992895794188,-2.407414285714,40.6054));
#3310 = LINE('',#3311,#3312);
#3311 = CARTESIAN_POINT('',(-8.992895794188,-9.24579396335,
    19.978156382214));
#3312 = VECTOR('',#3313,1.);
#3313 = DIRECTION('',(0.,0.314679739965,0.949197904157));
#3314 = ORIENTED_EDGE('',*,*,#3315,.T.);
#3315 = EDGE_CURVE('',#3308,#3316,#3318,.T.);
#3316 = VERTEX_POINT('',#3317);
#3317 = CARTESIAN_POINT('',(-8.992895794188,-2.384571428571,40.634));
#3318 = LINE('',#3319,#3320);
#3319 = CARTESIAN_POINT('',(-8.992895794188,-14.31007750821,
    25.702878566952));
#3320 = VECTOR('',#3321,1.);
#3321 = DIRECTION('',(0.,0.62407609663,0.781363568139));
#3322 = ORIENTED_EDGE('',*,*,#3323,.T.);
#3323 = EDGE_CURVE('',#3316,#3324,#3326,.T.);
#3324 = VERTEX_POINT('',#3325);
#3325 = CARTESIAN_POINT('',(-8.992895794188,-2.361728571429,
    40.656657142857));
#3326 = LINE('',#3327,#3328);
#3327 = CARTESIAN_POINT('',(-8.992895794188,-14.94685378381,
    28.173850021626));
#3328 = VECTOR('',#3329,1.);
#3329 = DIRECTION('',(0.,0.709987017244,0.704214765071));
#3330 = ORIENTED_EDGE('',*,*,#3331,.T.);
#3331 = EDGE_CURVE('',#3324,#3332,#3334,.T.);
#3332 = VERTEX_POINT('',#3333);
#3333 = CARTESIAN_POINT('',(-8.992895794188,-2.333128571429,
    40.673928571429));
#3334 = LINE('',#3335,#3336);
#3335 = CARTESIAN_POINT('',(-8.992895794188,-14.43634260595,
    33.364844771357));
#3336 = VECTOR('',#3337,1.);
#3337 = DIRECTION('',(0.,0.856018035908,0.51694595675));
#3338 = ORIENTED_EDGE('',*,*,#3339,.T.);
#3339 = EDGE_CURVE('',#3332,#3340,#3342,.T.);
#3340 = VERTEX_POINT('',#3341);
#3341 = CARTESIAN_POINT('',(-8.992895794188,-2.304714285714,40.6795));
#3342 = LINE('',#3343,#3344);
#3343 = CARTESIAN_POINT('',(-8.992895794188,-9.648754475189,
    39.239492119711));
#3344 = VECTOR('',#3345,1.);
#3345 = DIRECTION('',(0.,0.981313749677,0.192414460721));
#3346 = ORIENTED_EDGE('',*,*,#3347,.T.);
#3347 = EDGE_CURVE('',#3340,#3348,#3350,.T.);
#3348 = VERTEX_POINT('',#3349);
#3349 = CARTESIAN_POINT('',(-8.992895794188,-2.281871428571,
    40.685257142857));
#3350 = LINE('',#3351,#3352);
#3351 = CARTESIAN_POINT('',(-8.992895794188,-10.61322547186,
    38.585484985605));
#3352 = VECTOR('',#3353,1.);
#3353 = DIRECTION('',(0.,0.969676988372,0.244390135281));
#3354 = ORIENTED_EDGE('',*,*,#3355,.T.);
#3355 = EDGE_CURVE('',#3348,#3356,#3358,.T.);
#3356 = VERTEX_POINT('',#3357);
#3357 = CARTESIAN_POINT('',(-8.992895794188,-1.420342857143,
    40.685257142857));
#3358 = LINE('',#3359,#3360);
#3359 = CARTESIAN_POINT('',(-8.992895794188,-5.206619325666,
    40.685257142857));
#3360 = VECTOR('',#3361,1.);
#3361 = DIRECTION('',(0.,1.,0.));
#3362 = ORIENTED_EDGE('',*,*,#3363,.T.);
#3363 = EDGE_CURVE('',#3356,#3364,#3366,.T.);
#3364 = VERTEX_POINT('',#3365);
#3365 = CARTESIAN_POINT('',(-8.992895794188,-1.420342857143,
    41.826285714286));
#3366 = LINE('',#3367,#3368);
#3367 = CARTESIAN_POINT('',(-8.992895794188,-1.420342857143,
    19.413142857143));
#3368 = VECTOR('',#3369,1.);
#3369 = DIRECTION('',(0.,0.,1.));
#3370 = ORIENTED_EDGE('',*,*,#3371,.T.);
#3371 = EDGE_CURVE('',#3364,#3372,#3374,.T.);
#3372 = VERTEX_POINT('',#3373);
#3373 = CARTESIAN_POINT('',(-8.992895794188,-2.589971428571,
    41.826285714286));
#3374 = LINE('',#3375,#3376);
#3375 = CARTESIAN_POINT('',(-8.992895794188,-5.79143361138,
    41.826285714286));
#3376 = VECTOR('',#3377,1.);
#3377 = DIRECTION('',(0.,-1.,0.));
#3378 = ORIENTED_EDGE('',*,*,#3379,.T.);
#3379 = EDGE_CURVE('',#3372,#3380,#3382,.T.);
#3380 = VERTEX_POINT('',#3381);
#3381 = CARTESIAN_POINT('',(-8.992895794188,-2.624142857143,
    41.832228571429));
#3382 = LINE('',#3383,#3384);
#3383 = CARTESIAN_POINT('',(-8.992895794188,-1.931028430653,
    41.711686932039));
#3384 = VECTOR('',#3385,1.);
#3385 = DIRECTION('',(0.,-0.98521175482,0.171341174751));
#3386 = ORIENTED_EDGE('',*,*,#3387,.T.);
#3387 = EDGE_CURVE('',#3380,#3388,#3390,.T.);
#3388 = VERTEX_POINT('',#3389);
#3389 = CARTESIAN_POINT('',(-8.992895794188,-2.641228571429,41.8443));
#3390 = LINE('',#3391,#3392);
#3391 = CARTESIAN_POINT('',(-8.992895794188,5.80736480183,
    35.875185116719));
#3392 = VECTOR('',#3393,1.);
#3393 = DIRECTION('',(0.,-0.816721763686,0.577031680865));
#3394 = ORIENTED_EDGE('',*,*,#3395,.T.);
#3395 = EDGE_CURVE('',#3388,#3396,#3398,.T.);
#3396 = VERTEX_POINT('',#3397);
#3397 = CARTESIAN_POINT('',(-8.992895794188,-2.658314285714,
    41.856185714286));
#3398 = LINE('',#3399,#3400);
#3399 = CARTESIAN_POINT('',(-8.992895794188,5.721356239683,
    36.026849696618));
#3400 = VECTOR('',#3401,1.);
#3401 = DIRECTION('',(0.,-0.820905201785,0.571064488199));
#3402 = ORIENTED_EDGE('',*,*,#3403,.T.);
#3403 = EDGE_CURVE('',#3396,#3404,#3406,.T.);
#3404 = VERTEX_POINT('',#3405);
#3405 = CARTESIAN_POINT('',(-8.992895794188,-2.669828571429,41.8742));
#3406 = LINE('',#3407,#3408);
#3407 = CARTESIAN_POINT('',(-8.992895794188,6.594774476776,
    27.379579102002));
#3408 = VECTOR('',#3409,1.);
#3409 = DIRECTION('',(0.,-0.538560615351,0.842586769178));
#3410 = ORIENTED_EDGE('',*,*,#3411,.T.);
#3411 = EDGE_CURVE('',#3404,#3412,#3414,.T.);
#3412 = VERTEX_POINT('',#3413);
#3413 = CARTESIAN_POINT('',(-8.992895794188,-2.681157142857,41.8924));
#3414 = LINE('',#3415,#3416);
#3415 = CARTESIAN_POINT('',(-8.992895794188,6.507615377908,
    27.130109720738));
#3416 = VECTOR('',#3417,1.);
#3417 = DIRECTION('',(0.,-0.528440659826,0.848970240375));
#3418 = ORIENTED_EDGE('',*,*,#3419,.T.);
#3419 = EDGE_CURVE('',#3412,#3420,#3422,.T.);
#3420 = VERTEX_POINT('',#3421);
#3421 = CARTESIAN_POINT('',(-8.992895794188,-2.692671428571,
    41.910414285714));
#3422 = LINE('',#3423,#3424);
#3423 = CARTESIAN_POINT('',(-8.992895794188,6.583461109452,
    27.397755314935));
#3424 = VECTOR('',#3425,1.);
#3425 = DIRECTION('',(0.,-0.538560615351,0.842586769178));
#3426 = ORIENTED_EDGE('',*,*,#3427,.T.);
#3427 = EDGE_CURVE('',#3420,#3428,#3430,.T.);
#3428 = VERTEX_POINT('',#3429);
#3429 = CARTESIAN_POINT('',(-8.992895794188,-2.698242857143,
    41.928428571429));
#3430 = LINE('',#3431,#3432);
#3431 = CARTESIAN_POINT('',(-8.992895794188,3.368133100735,
    22.313812974292));
#3432 = VECTOR('',#3433,1.);
#3433 = DIRECTION('',(0.,-0.295469722922,0.955352104115));
#3434 = ORIENTED_EDGE('',*,*,#3435,.T.);
#3435 = EDGE_CURVE('',#3428,#3436,#3438,.T.);
#3436 = VERTEX_POINT('',#3437);
#3437 = CARTESIAN_POINT('',(-8.992895794188,-2.704,41.946257142857));
#3438 = LINE('',#3439,#3440);
#3439 = CARTESIAN_POINT('',(-8.992895794188,3.570758396331,
    22.514747270347));
#3440 = VECTOR('',#3441,1.);
#3441 = DIRECTION('',(0.,-0.307292390957,0.951615146191));
#3442 = ORIENTED_EDGE('',*,*,#3443,.T.);
#3443 = EDGE_CURVE('',#3436,#3444,#3446,.T.);
#3444 = VERTEX_POINT('',#3445);
#3445 = CARTESIAN_POINT('',(-8.992895794188,-2.704,42.287228571429));
#3446 = LINE('',#3447,#3448);
#3447 = CARTESIAN_POINT('',(-8.992895794188,-2.704,19.643614285714));
#3448 = VECTOR('',#3449,1.);
#3449 = DIRECTION('',(0.,0.,1.));
#3450 = ORIENTED_EDGE('',*,*,#3451,.T.);
#3451 = EDGE_CURVE('',#3444,#3452,#3454,.T.);
#3452 = VERTEX_POINT('',#3453);
#3453 = CARTESIAN_POINT('',(-8.992895794188,-2.692671428571,
    42.314528571429));
#3454 = LINE('',#3455,#3456);
#3455 = CARTESIAN_POINT('',(-8.992895794188,-11.17625833272,
    21.870474884368));
#3456 = VECTOR('',#3457,1.);
#3457 = DIRECTION('',(0.,0.383276542478,0.923633635153));
#3458 = ORIENTED_EDGE('',*,*,#3459,.T.);
#3459 = EDGE_CURVE('',#3452,#3460,#3462,.T.);
#3460 = VERTEX_POINT('',#3461);
#3461 = CARTESIAN_POINT('',(-8.992895794188,-2.6754,42.342014285714));
#3462 = LINE('',#3463,#3464);
#3463 = CARTESIAN_POINT('',(-8.992895794188,-13.78277907492,
    24.665755112712));
#3464 = VECTOR('',#3465,1.);
#3465 = DIRECTION('',(0.,0.532054374811,0.846710187871));
#3466 = ORIENTED_EDGE('',*,*,#3467,.T.);
#3467 = EDGE_CURVE('',#3460,#3468,#3470,.T.);
#3468 = VERTEX_POINT('',#3469);
#3469 = CARTESIAN_POINT('',(-8.992895794188,-2.646985714286,
    42.369314285714));
#3470 = LINE('',#3471,#3472);
#3471 = CARTESIAN_POINT('',(-8.992895794188,-15.63015529823,
    29.895288607018));
#3472 = VECTOR('',#3473,1.);
#3473 = DIRECTION('',(0.,0.721104710287,0.692826094198));
#3474 = ORIENTED_EDGE('',*,*,#3475,.T.);
#3475 = EDGE_CURVE('',#3468,#3476,#3478,.T.);
#3476 = VERTEX_POINT('',#3477);
#3477 = CARTESIAN_POINT('',(-8.992895794188,-2.624142857143,
    42.385842857143));
#3478 = LINE('',#3479,#3480);
#3479 = CARTESIAN_POINT('',(-8.992895794188,-15.4916414459,
    33.075213796985));
#3480 = VECTOR('',#3481,1.);
#3481 = DIRECTION('',(0.,0.810157853985,0.586211780526));
#3482 = ORIENTED_EDGE('',*,*,#3483,.T.);
#3483 = EDGE_CURVE('',#3476,#3484,#3486,.T.);
#3484 = VERTEX_POINT('',#3485);
#3485 = CARTESIAN_POINT('',(-8.992895794188,-2.589971428571,
    42.391228571429));
#3486 = LINE('',#3487,#3488);
#3487 = CARTESIAN_POINT('',(-8.992895794188,-9.204160018067,
    41.348774935041));
#3488 = VECTOR('',#3489,1.);
#3489 = DIRECTION('',(0.,0.987806455345,0.155686886984));
#3490 = ORIENTED_EDGE('',*,*,#3491,.T.);
#3491 = EDGE_CURVE('',#3484,#3492,#3494,.T.);
#3492 = VERTEX_POINT('',#3493);
#3493 = CARTESIAN_POINT('',(-8.992895794188,-2.561371428571,42.3968));
#3494 = LINE('',#3495,#3496);
#3495 = CARTESIAN_POINT('',(-8.992895794188,-9.919659693419,
    40.963367221134));
#3496 = VECTOR('',#3497,1.);
#3497 = DIRECTION('',(0.,0.981548987081,0.191210841639));
#3498 = ORIENTED_EDGE('',*,*,#3499,.T.);
#3499 = EDGE_CURVE('',#3492,#3500,#3502,.T.);
#3500 = VERTEX_POINT('',#3501);
#3501 = CARTESIAN_POINT('',(-8.992895794188,-0.946771428571,42.3968));
#3502 = LINE('',#3503,#3504);
#3503 = CARTESIAN_POINT('',(-8.992895794188,-4.96983361138,42.3968));
#3504 = VECTOR('',#3505,1.);
#3505 = DIRECTION('',(0.,1.,0.));
#3506 = ORIENTED_EDGE('',*,*,#3507,.T.);
#3507 = EDGE_CURVE('',#3500,#3508,#3510,.T.);
#3508 = VERTEX_POINT('',#3509);
#3509 = CARTESIAN_POINT('',(-8.992895794188,-0.929685714286,
    42.385285714286));
#3510 = LINE('',#3511,#3512);
#3511 = CARTESIAN_POINT('',(-8.992895794188,6.814491227459,
    37.16638386224));
#3512 = VECTOR('',#3513,1.);
#3513 = DIRECTION('',(-0.,0.829266427591,-0.558853462072));
#3514 = ORIENTED_EDGE('',*,*,#3515,.T.);
#3515 = EDGE_CURVE('',#3508,#3516,#3518,.T.);
#3516 = VERTEX_POINT('',#3517);
#3517 = CARTESIAN_POINT('',(-8.992895794188,-0.9126,42.379528571429));
#3518 = LINE('',#3519,#3520);
#3519 = CARTESIAN_POINT('',(-8.992895794188,2.325107792239,
    41.288561815348));
#3520 = VECTOR('',#3521,1.);
#3521 = DIRECTION('',(-0.,0.947648212829,-0.319316245627));
#3522 = ORIENTED_EDGE('',*,*,#3523,.T.);
#3523 = EDGE_CURVE('',#3516,#3524,#3526,.T.);
#3524 = VERTEX_POINT('',#3525);
#3525 = CARTESIAN_POINT('',(-8.992895794188,-0.895514285714,
    42.368014285714));
#3526 = LINE('',#3527,#3528);
#3527 = CARTESIAN_POINT('',(-8.992895794188,6.832910982322,
    37.159727692037));
#3528 = VECTOR('',#3529,1.);
#3529 = DIRECTION('',(-0.,0.829266427591,-0.558853462072));
#3530 = ORIENTED_EDGE('',*,*,#3531,.T.);
#3531 = EDGE_CURVE('',#3524,#3532,#3534,.T.);
#3532 = VERTEX_POINT('',#3533);
#3533 = CARTESIAN_POINT('',(-8.992895794188,-0.884,42.350742857143));
#3534 = LINE('',#3535,#3536);
#3535 = CARTESIAN_POINT('',(-8.992895794188,8.334033614081,
    28.523692436021));
#3536 = VECTOR('',#3537,1.);
#3537 = DIRECTION('',(-0.,0.554700196225,-0.832050294338));
#3538 = ORIENTED_EDGE('',*,*,#3539,.T.);
#3539 = EDGE_CURVE('',#3532,#3540,#3542,.T.);
#3540 = VERTEX_POINT('',#3541);
#3541 = CARTESIAN_POINT('',(-8.992895794188,-0.872671428571,
    42.333285714286));
#3542 = LINE('',#3543,#3544);
#3543 = CARTESIAN_POINT('',(-8.992895794188,8.274645025249,
    28.237421014955));
#3544 = VECTOR('',#3545,1.);
#3545 = DIRECTION('',(-0.,0.544360855445,-0.838851154293));
#3546 = ORIENTED_EDGE('',*,*,#3547,.T.);
#3547 = EDGE_CURVE('',#3540,#3548,#3550,.T.);
#3548 = VERTEX_POINT('',#3549);
#3549 = CARTESIAN_POINT('',(-8.992895794188,-0.861157142857,
    42.321957142857));
#3550 = LINE('',#3551,#3552);
#3551 = CARTESIAN_POINT('',(-8.992895794188,8.401846065244,
    33.208357212306));
#3552 = VECTOR('',#3553,1.);
#3553 = DIRECTION('',(-0.,0.712832058729,-0.70133476746));
#3554 = ORIENTED_EDGE('',*,*,#3555,.T.);
#3555 = EDGE_CURVE('',#3548,#3098,#3556,.T.);
#3556 = LINE('',#3557,#3558);
#3557 = CARTESIAN_POINT('',(-8.992895794188,2.600862796002,
    20.857433521928));
#3558 = VECTOR('',#3559,1.);
#3559 = DIRECTION('',(-0.,0.159232438825,-0.987241120713));
#3560 = PLANE('',#3561);
#3561 = AXIS2_PLACEMENT_3D('',#3562,#3563,#3564);
#3562 = CARTESIAN_POINT('',(-8.992895794188,-8.992895794188,-3.));
#3563 = DIRECTION('',(1.,0.,-0.));
#3564 = DIRECTION('',(0.,0.,1.));
#3565 = ADVANCED_FACE('',(#3566),#3591,.F.);
#3566 = FACE_BOUND('',#3567,.F.);
#3567 = EDGE_LOOP('',(#3568,#3576,#3577,#3585));
#3568 = ORIENTED_EDGE('',*,*,#3569,.F.);
#3569 = EDGE_CURVE('',#22,#3570,#3572,.T.);
#3570 = VERTEX_POINT('',#3571);
#3571 = CARTESIAN_POINT('',(8.992895794188,-8.992895794188,-3.));
#3572 = LINE('',#3573,#3574);
#3573 = CARTESIAN_POINT('',(-8.992895794188,-8.992895794188,-3.));
#3574 = VECTOR('',#3575,1.);
#3575 = DIRECTION('',(1.,0.,-0.));
#3576 = ORIENTED_EDGE('',*,*,#21,.T.);
#3577 = ORIENTED_EDGE('',*,*,#3578,.T.);
#3578 = EDGE_CURVE('',#24,#3579,#3581,.T.);
#3579 = VERTEX_POINT('',#3580);
#3580 = CARTESIAN_POINT('',(8.992895794188,-8.992895794188,80.8));
#3581 = LINE('',#3582,#3583);
#3582 = CARTESIAN_POINT('',(-8.992895794188,-8.992895794188,80.8));
#3583 = VECTOR('',#3584,1.);
#3584 = DIRECTION('',(1.,0.,-0.));
#3585 = ORIENTED_EDGE('',*,*,#3586,.F.);
#3586 = EDGE_CURVE('',#3570,#3579,#3587,.T.);
#3587 = LINE('',#3588,#3589);
#3588 = CARTESIAN_POINT('',(8.992895794188,-8.992895794188,-3.));
#3589 = VECTOR('',#3590,1.);
#3590 = DIRECTION('',(0.,0.,1.));
#3591 = PLANE('',#3592);
#3592 = AXIS2_PLACEMENT_3D('',#3593,#3594,#3595);
#3593 = CARTESIAN_POINT('',(-8.992895794188,-8.992895794188,-3.));
#3594 = DIRECTION('',(-0.,1.,0.));
#3595 = DIRECTION('',(0.,0.,1.));
#3596 = ADVANCED_FACE('',(#3597,#3615),#3659,.T.);
#3597 = FACE_BOUND('',#3598,.T.);
#3598 = EDGE_LOOP('',(#3599,#3600,#3601,#3609));
#3599 = ORIENTED_EDGE('',*,*,#47,.F.);
#3600 = ORIENTED_EDGE('',*,*,#3578,.T.);
#3601 = ORIENTED_EDGE('',*,*,#3602,.T.);
#3602 = EDGE_CURVE('',#3579,#3603,#3605,.T.);
#3603 = VERTEX_POINT('',#3604);
#3604 = CARTESIAN_POINT('',(8.992895794188,8.992895794188,80.8));
#3605 = LINE('',#3606,#3607);
#3606 = CARTESIAN_POINT('',(8.992895794188,-8.992895794188,80.8));
#3607 = VECTOR('',#3608,1.);
#3608 = DIRECTION('',(-0.,1.,0.));
#3609 = ORIENTED_EDGE('',*,*,#3610,.F.);
#3610 = EDGE_CURVE('',#40,#3603,#3611,.T.);
#3611 = LINE('',#3612,#3613);
#3612 = CARTESIAN_POINT('',(-8.992895794188,8.992895794188,80.8));
#3613 = VECTOR('',#3614,1.);
#3614 = DIRECTION('',(1.,0.,-0.));
#3615 = FACE_BOUND('',#3616,.T.);
#3616 = EDGE_LOOP('',(#3617,#3626,#3633,#3640,#3647,#3654));
#3617 = ORIENTED_EDGE('',*,*,#3618,.F.);
#3618 = EDGE_CURVE('',#3619,#3621,#3623,.T.);
#3619 = VERTEX_POINT('',#3620);
#3620 = CARTESIAN_POINT('',(6.915502965927,0.,80.8));
#3621 = VERTEX_POINT('',#3622);
#3622 = CARTESIAN_POINT('',(3.457751482964,5.989001248439,80.8));
#3623 = B_SPLINE_CURVE_WITH_KNOTS('',1,(#3624,#3625),.UNSPECIFIED.,.F.,
  .F.,(2,2),(0.,1.),.PIECEWISE_BEZIER_KNOTS.);
#3624 = CARTESIAN_POINT('',(6.915502965927,0.,80.8));
#3625 = CARTESIAN_POINT('',(3.457751482964,5.989001248439,80.8));
#3626 = ORIENTED_EDGE('',*,*,#3627,.F.);
#3627 = EDGE_CURVE('',#3628,#3619,#3630,.T.);
#3628 = VERTEX_POINT('',#3629);
#3629 = CARTESIAN_POINT('',(3.457751482964,-5.989001248439,80.8));
#3630 = B_SPLINE_CURVE_WITH_KNOTS('',1,(#3631,#3632),.UNSPECIFIED.,.F.,
  .F.,(2,2),(0.,1.),.PIECEWISE_BEZIER_KNOTS.);
#3631 = CARTESIAN_POINT('',(3.457751482964,-5.989001248439,80.8));
#3632 = CARTESIAN_POINT('',(6.915502965927,1.7763568394E-15,80.8));
#3633 = ORIENTED_EDGE('',*,*,#3634,.F.);
#3634 = EDGE_CURVE('',#3635,#3628,#3637,.T.);
#3635 = VERTEX_POINT('',#3636);
#3636 = CARTESIAN_POINT('',(-3.457751482964,-5.989001248439,80.8));
#3637 = B_SPLINE_CURVE_WITH_KNOTS('',1,(#3638,#3639),.UNSPECIFIED.,.F.,
  .F.,(2,2),(0.,1.),.PIECEWISE_BEZIER_KNOTS.);
#3638 = CARTESIAN_POINT('',(-3.457751482964,-5.989001248439,80.8));
#3639 = CARTESIAN_POINT('',(3.457751482964,-5.989001248439,80.8));
#3640 = ORIENTED_EDGE('',*,*,#3641,.F.);
#3641 = EDGE_CURVE('',#3642,#3635,#3644,.T.);
#3642 = VERTEX_POINT('',#3643);
#3643 = CARTESIAN_POINT('',(-6.915502965927,-8.881784197001E-16,80.8));
#3644 = B_SPLINE_CURVE_WITH_KNOTS('',1,(#3645,#3646),.UNSPECIFIED.,.F.,
  .F.,(2,2),(0.,1.),.PIECEWISE_BEZIER_KNOTS.);
#3645 = CARTESIAN_POINT('',(-6.915502965927,-1.7763568394E-15,80.8));
#3646 = CARTESIAN_POINT('',(-3.457751482964,-5.989001248439,80.8));
#3647 = ORIENTED_EDGE('',*,*,#3648,.F.);
#3648 = EDGE_CURVE('',#3649,#3642,#3651,.T.);
#3649 = VERTEX_POINT('',#3650);
#3650 = CARTESIAN_POINT('',(-3.457751482964,5.989001248439,80.8));
#3651 = B_SPLINE_CURVE_WITH_KNOTS('',1,(#3652,#3653),.UNSPECIFIED.,.F.,
  .F.,(2,2),(0.,1.),.PIECEWISE_BEZIER_KNOTS.);
#3652 = CARTESIAN_POINT('',(-3.457751482964,5.989001248439,80.8));
#3653 = CARTESIAN_POINT('',(-6.915502965927,-1.7763568394E-15,80.8));
#3654 = ORIENTED_EDGE('',*,*,#3655,.F.);
#3655 = EDGE_CURVE('',#3621,#3649,#3656,.T.);
#3656 = B_SPLINE_CURVE_WITH_KNOTS('',1,(#3657,#3658),.UNSPECIFIED.,.F.,
  .F.,(2,2),(0.,1.),.PIECEWISE_BEZIER_KNOTS.);
#3657 = CARTESIAN_POINT('',(3.457751482964,5.989001248439,80.8));
#3658 = CARTESIAN_POINT('',(-3.457751482964,5.989001248439,80.8));
#3659 = PLANE('',#3660);
#3660 = AXIS2_PLACEMENT_3D('',#3661,#3662,#3663);
#3661 = CARTESIAN_POINT('',(-8.992895794188,-8.992895794188,80.8));
#3662 = DIRECTION('',(0.,0.,1.));
#3663 = DIRECTION('',(1.,0.,-0.));
#3664 = ADVANCED_FACE('',(#3665,#3683),#3694,.F.);
#3665 = FACE_BOUND('',#3666,.F.);
#3666 = EDGE_LOOP('',(#3667,#3668,#3669,#3677));
#3667 = ORIENTED_EDGE('',*,*,#31,.F.);
#3668 = ORIENTED_EDGE('',*,*,#3569,.T.);
#3669 = ORIENTED_EDGE('',*,*,#3670,.T.);
#3670 = EDGE_CURVE('',#3570,#3671,#3673,.T.);
#3671 = VERTEX_POINT('',#3672);
#3672 = CARTESIAN_POINT('',(8.992895794188,8.992895794188,-3.));
#3673 = LINE('',#3674,#3675);
#3674 = CARTESIAN_POINT('',(8.992895794188,-8.992895794188,-3.));
#3675 = VECTOR('',#3676,1.);
#3676 = DIRECTION('',(-0.,1.,0.));
#3677 = ORIENTED_EDGE('',*,*,#3678,.F.);
#3678 = EDGE_CURVE('',#32,#3671,#3679,.T.);
#3679 = LINE('',#3680,#3681);
#3680 = CARTESIAN_POINT('',(-8.992895794188,8.992895794188,-3.));
#3681 = VECTOR('',#3682,1.);
#3682 = DIRECTION('',(1.,0.,-0.));
#3683 = FACE_BOUND('',#3684,.F.);
#3684 = EDGE_LOOP('',(#3685));
#3685 = ORIENTED_EDGE('',*,*,#3686,.F.);
#3686 = EDGE_CURVE('',#3687,#3687,#3689,.T.);
#3687 = VERTEX_POINT('',#3688);
#3688 = CARTESIAN_POINT('',(0.5,-1.224646799147E-16,-3.));
#3689 = CIRCLE('',#3690,0.5);
#3690 = AXIS2_PLACEMENT_3D('',#3691,#3692,#3693);
#3691 = CARTESIAN_POINT('',(0.,0.,-3.));
#3692 = DIRECTION('',(0.,0.,1.));
#3693 = DIRECTION('',(1.,0.,-0.));
#3694 = PLANE('',#3695);
#3695 = AXIS2_PLACEMENT_3D('',#3696,#3697,#3698);
#3696 = CARTESIAN_POINT('',(-8.992895794188,-8.992895794188,-3.));
#3697 = DIRECTION('',(0.,0.,1.));
#3698 = DIRECTION('',(1.,0.,-0.));
#3699 = ADVANCED_FACE('',(#3700),#3711,.T.);
#3700 = FACE_BOUND('',#3701,.T.);
#3701 = EDGE_LOOP('',(#3702,#3703,#3704,#3705));
#3702 = ORIENTED_EDGE('',*,*,#3678,.F.);
#3703 = ORIENTED_EDGE('',*,*,#39,.T.);
#3704 = ORIENTED_EDGE('',*,*,#3610,.T.);
#3705 = ORIENTED_EDGE('',*,*,#3706,.F.);
#3706 = EDGE_CURVE('',#3671,#3603,#3707,.T.);
#3707 = LINE('',#3708,#3709);
#3708 = CARTESIAN_POINT('',(8.992895794188,8.992895794188,-3.));
#3709 = VECTOR('',#3710,1.);
#3710 = DIRECTION('',(0.,0.,1.));
#3711 = PLANE('',#3712);
#3712 = AXIS2_PLACEMENT_3D('',#3713,#3714,#3715);
#3713 = CARTESIAN_POINT('',(-8.992895794188,8.992895794188,-3.));
#3714 = DIRECTION('',(-0.,1.,0.));
#3715 = DIRECTION('',(0.,0.,1.));
#3716 = ADVANCED_FACE('',(#3717),#3742,.T.);
#3717 = FACE_BOUND('',#3718,.T.);
#3718 = EDGE_LOOP('',(#3719,#3720,#3728,#3736));
#3719 = ORIENTED_EDGE('',*,*,#55,.T.);
#3720 = ORIENTED_EDGE('',*,*,#3721,.T.);
#3721 = EDGE_CURVE('',#58,#3722,#3724,.T.);
#3722 = VERTEX_POINT('',#3723);
#3723 = CARTESIAN_POINT('',(-8.492895794188,7.5829,41.826285714286));
#3724 = LINE('',#3725,#3726);
#3725 = CARTESIAN_POINT('',(-9.092895794188,7.5829,41.826285714286));
#3726 = VECTOR('',#3727,1.);
#3727 = DIRECTION('',(1.,0.,0.));
#3728 = ORIENTED_EDGE('',*,*,#3729,.T.);
#3729 = EDGE_CURVE('',#3722,#3730,#3732,.T.);
#3730 = VERTEX_POINT('',#3731);
#3731 = CARTESIAN_POINT('',(-8.492895794188,7.600728571429,
    41.832042857143));
#3732 = LINE('',#3733,#3734);
#3733 = CARTESIAN_POINT('',(-8.492895794188,7.5829,41.826285714286));
#3734 = VECTOR('',#3735,1.);
#3735 = DIRECTION('',(0.,0.951615146191,0.307292390957));
#3736 = ORIENTED_EDGE('',*,*,#3737,.F.);
#3737 = EDGE_CURVE('',#56,#3730,#3738,.T.);
#3738 = LINE('',#3739,#3740);
#3739 = CARTESIAN_POINT('',(-9.092895794188,7.600728571429,
    41.832042857143));
#3740 = VECTOR('',#3741,1.);
#3741 = DIRECTION('',(1.,0.,0.));
#3742 = PLANE('',#3743);
#3743 = AXIS2_PLACEMENT_3D('',#3744,#3745,#3746);
#3744 = CARTESIAN_POINT('',(-9.092895794188,7.5829,41.826285714286));
#3745 = DIRECTION('',(0.,-0.307292390957,0.951615146191));
#3746 = DIRECTION('',(0.,0.951615146191,0.307292390957));
#3747 = ADVANCED_FACE('',(#3748),#3766,.T.);
#3748 = FACE_BOUND('',#3749,.T.);
#3749 = EDGE_LOOP('',(#3750,#3751,#3752,#3760));
#3750 = ORIENTED_EDGE('',*,*,#449,.T.);
#3751 = ORIENTED_EDGE('',*,*,#3737,.T.);
#3752 = ORIENTED_EDGE('',*,*,#3753,.T.);
#3753 = EDGE_CURVE('',#3730,#3754,#3756,.T.);
#3754 = VERTEX_POINT('',#3755);
#3755 = CARTESIAN_POINT('',(-8.492895794188,7.624685714286,
    41.843557142857));
#3756 = LINE('',#3757,#3758);
#3757 = CARTESIAN_POINT('',(-8.492895794188,7.600728571429,
    41.832042857143));
#3758 = VECTOR('',#3759,1.);
#3759 = DIRECTION('',(0.,0.901304887575,0.433185294803));
#3760 = ORIENTED_EDGE('',*,*,#3761,.F.);
#3761 = EDGE_CURVE('',#442,#3754,#3762,.T.);
#3762 = LINE('',#3763,#3764);
#3763 = CARTESIAN_POINT('',(-9.092895794188,7.624685714286,
    41.843557142857));
#3764 = VECTOR('',#3765,1.);
#3765 = DIRECTION('',(1.,0.,0.));
#3766 = PLANE('',#3767);
#3767 = AXIS2_PLACEMENT_3D('',#3768,#3769,#3770);
#3768 = CARTESIAN_POINT('',(-9.092895794188,7.600728571429,
    41.832042857143));
#3769 = DIRECTION('',(0.,-0.433185294803,0.901304887575));
#3770 = DIRECTION('',(0.,0.901304887575,0.433185294803));
#3771 = ADVANCED_FACE('',(#3772),#3790,.T.);
#3772 = FACE_BOUND('',#3773,.T.);
#3773 = EDGE_LOOP('',(#3774,#3775,#3776,#3784));
#3774 = ORIENTED_EDGE('',*,*,#441,.T.);
#3775 = ORIENTED_EDGE('',*,*,#3761,.T.);
#3776 = ORIENTED_EDGE('',*,*,#3777,.T.);
#3777 = EDGE_CURVE('',#3754,#3778,#3780,.T.);
#3778 = VERTEX_POINT('',#3779);
#3779 = CARTESIAN_POINT('',(-8.492895794188,7.642514285714,
    41.855257142857));
#3780 = LINE('',#3781,#3782);
#3781 = CARTESIAN_POINT('',(-8.492895794188,7.624685714286,
    41.843557142857));
#3782 = VECTOR('',#3783,1.);
#3783 = DIRECTION('',(0.,0.836047910837,0.548656441487));
#3784 = ORIENTED_EDGE('',*,*,#3785,.F.);
#3785 = EDGE_CURVE('',#434,#3778,#3786,.T.);
#3786 = LINE('',#3787,#3788);
#3787 = CARTESIAN_POINT('',(-9.092895794188,7.642514285714,
    41.855257142857));
#3788 = VECTOR('',#3789,1.);
#3789 = DIRECTION('',(1.,0.,0.));
#3790 = PLANE('',#3791);
#3791 = AXIS2_PLACEMENT_3D('',#3792,#3793,#3794);
#3792 = CARTESIAN_POINT('',(-9.092895794188,7.624685714286,
    41.843557142857));
#3793 = DIRECTION('',(0.,-0.548656441487,0.836047910837));
#3794 = DIRECTION('',(0.,0.836047910837,0.548656441487));
#3795 = ADVANCED_FACE('',(#3796),#3814,.T.);
#3796 = FACE_BOUND('',#3797,.T.);
#3797 = EDGE_LOOP('',(#3798,#3799,#3800,#3808));
#3798 = ORIENTED_EDGE('',*,*,#433,.T.);
#3799 = ORIENTED_EDGE('',*,*,#3785,.T.);
#3800 = ORIENTED_EDGE('',*,*,#3801,.T.);
#3801 = EDGE_CURVE('',#3778,#3802,#3804,.T.);
#3802 = VERTEX_POINT('',#3803);
#3803 = CARTESIAN_POINT('',(-8.492895794188,7.666285714286,41.8781));
#3804 = LINE('',#3805,#3806);
#3805 = CARTESIAN_POINT('',(-8.492895794188,7.642514285714,
    41.855257142857));
#3806 = VECTOR('',#3807,1.);
#3807 = DIRECTION('',(0.,0.721049524719,0.69288352766));
#3808 = ORIENTED_EDGE('',*,*,#3809,.F.);
#3809 = EDGE_CURVE('',#426,#3802,#3810,.T.);
#3810 = LINE('',#3811,#3812);
#3811 = CARTESIAN_POINT('',(-9.092895794188,7.666285714286,41.8781));
#3812 = VECTOR('',#3813,1.);
#3813 = DIRECTION('',(1.,0.,0.));
#3814 = PLANE('',#3815);
#3815 = AXIS2_PLACEMENT_3D('',#3816,#3817,#3818);
#3816 = CARTESIAN_POINT('',(-9.092895794188,7.642514285714,
    41.855257142857));
#3817 = DIRECTION('',(0.,-0.69288352766,0.721049524719));
#3818 = DIRECTION('',(0.,0.721049524719,0.69288352766));
#3819 = ADVANCED_FACE('',(#3820),#3838,.T.);
#3820 = FACE_BOUND('',#3821,.T.);
#3821 = EDGE_LOOP('',(#3822,#3823,#3824,#3832));
#3822 = ORIENTED_EDGE('',*,*,#425,.T.);
#3823 = ORIENTED_EDGE('',*,*,#3809,.T.);
#3824 = ORIENTED_EDGE('',*,*,#3825,.T.);
#3825 = EDGE_CURVE('',#3802,#3826,#3828,.T.);
#3826 = VERTEX_POINT('',#3827);
#3827 = CARTESIAN_POINT('',(-8.492895794188,7.684114285714,
    41.901128571429));
#3828 = LINE('',#3829,#3830);
#3829 = CARTESIAN_POINT('',(-8.492895794188,7.666285714286,41.8781));
#3830 = VECTOR('',#3831,1.);
#3831 = DIRECTION('',(0.,0.612173192991,0.790723707614));
#3832 = ORIENTED_EDGE('',*,*,#3833,.F.);
#3833 = EDGE_CURVE('',#418,#3826,#3834,.T.);
#3834 = LINE('',#3835,#3836);
#3835 = CARTESIAN_POINT('',(-9.092895794188,7.684114285714,
    41.901128571429));
#3836 = VECTOR('',#3837,1.);
#3837 = DIRECTION('',(1.,0.,0.));
#3838 = PLANE('',#3839);
#3839 = AXIS2_PLACEMENT_3D('',#3840,#3841,#3842);
#3840 = CARTESIAN_POINT('',(-9.092895794188,7.666285714286,41.8781));
#3841 = DIRECTION('',(0.,-0.790723707614,0.612173192991));
#3842 = DIRECTION('',(0.,0.612173192991,0.790723707614));
#3843 = ADVANCED_FACE('',(#3844),#3862,.T.);
#3844 = FACE_BOUND('',#3845,.T.);
#3845 = EDGE_LOOP('',(#3846,#3847,#3848,#3856));
#3846 = ORIENTED_EDGE('',*,*,#417,.T.);
#3847 = ORIENTED_EDGE('',*,*,#3833,.T.);
#3848 = ORIENTED_EDGE('',*,*,#3849,.T.);
#3849 = EDGE_CURVE('',#3826,#3850,#3852,.T.);
#3850 = VERTEX_POINT('',#3851);
#3851 = CARTESIAN_POINT('',(-8.492895794188,7.696,41.9301));
#3852 = LINE('',#3853,#3854);
#3853 = CARTESIAN_POINT('',(-8.492895794188,7.684114285714,
    41.901128571429));
#3854 = VECTOR('',#3855,1.);
#3855 = DIRECTION('',(0.,0.379556356256,0.925168618375));
#3856 = ORIENTED_EDGE('',*,*,#3857,.F.);
#3857 = EDGE_CURVE('',#410,#3850,#3858,.T.);
#3858 = LINE('',#3859,#3860);
#3859 = CARTESIAN_POINT('',(-9.092895794188,7.696,41.9301));
#3860 = VECTOR('',#3861,1.);
#3861 = DIRECTION('',(1.,0.,0.));
#3862 = PLANE('',#3863);
#3863 = AXIS2_PLACEMENT_3D('',#3864,#3865,#3866);
#3864 = CARTESIAN_POINT('',(-9.092895794188,7.684114285714,
    41.901128571429));
#3865 = DIRECTION('',(0.,-0.925168618375,0.379556356256));
#3866 = DIRECTION('',(0.,0.379556356256,0.925168618375));
#3867 = ADVANCED_FACE('',(#3868),#3893,.T.);
#3868 = FACE_BOUND('',#3869,.T.);
#3869 = EDGE_LOOP('',(#3870,#3871,#3879,#3887));
#3870 = ORIENTED_EDGE('',*,*,#401,.T.);
#3871 = ORIENTED_EDGE('',*,*,#3872,.T.);
#3872 = EDGE_CURVE('',#402,#3873,#3875,.T.);
#3873 = VERTEX_POINT('',#3874);
#3874 = CARTESIAN_POINT('',(-8.492895794188,7.696,42.287414285714));
#3875 = LINE('',#3876,#3877);
#3876 = CARTESIAN_POINT('',(-9.092895794188,7.696,42.287414285714));
#3877 = VECTOR('',#3878,1.);
#3878 = DIRECTION('',(1.,0.,0.));
#3879 = ORIENTED_EDGE('',*,*,#3880,.T.);
#3880 = EDGE_CURVE('',#3873,#3881,#3883,.T.);
#3881 = VERTEX_POINT('',#3882);
#3882 = CARTESIAN_POINT('',(-8.492895794188,7.690242857143,
    42.304685714286));
#3883 = LINE('',#3884,#3885);
#3884 = CARTESIAN_POINT('',(-8.492895794188,7.696,42.287414285714));
#3885 = VECTOR('',#3886,1.);
#3886 = DIRECTION('',(0.,-0.316227766017,0.948683298051));
#3887 = ORIENTED_EDGE('',*,*,#3888,.F.);
#3888 = EDGE_CURVE('',#394,#3881,#3889,.T.);
#3889 = LINE('',#3890,#3891);
#3890 = CARTESIAN_POINT('',(-9.092895794188,7.690242857143,
    42.304685714286));
#3891 = VECTOR('',#3892,1.);
#3892 = DIRECTION('',(1.,0.,0.));
#3893 = PLANE('',#3894);
#3894 = AXIS2_PLACEMENT_3D('',#3895,#3896,#3897);
#3895 = CARTESIAN_POINT('',(-9.092895794188,7.696,42.287414285714));
#3896 = DIRECTION('',(0.,-0.948683298051,-0.316227766017));
#3897 = DIRECTION('',(0.,-0.316227766017,0.948683298051));
#3898 = ADVANCED_FACE('',(#3899),#3917,.T.);
#3899 = FACE_BOUND('',#3900,.T.);
#3900 = EDGE_LOOP('',(#3901,#3902,#3903,#3911));
#3901 = ORIENTED_EDGE('',*,*,#393,.T.);
#3902 = ORIENTED_EDGE('',*,*,#3888,.T.);
#3903 = ORIENTED_EDGE('',*,*,#3904,.T.);
#3904 = EDGE_CURVE('',#3881,#3905,#3907,.T.);
#3905 = VERTEX_POINT('',#3906);
#3906 = CARTESIAN_POINT('',(-8.492895794188,7.678914285714,
    42.327714285714));
#3907 = LINE('',#3908,#3909);
#3908 = CARTESIAN_POINT('',(-8.492895794188,7.690242857143,
    42.304685714286));
#3909 = VECTOR('',#3910,1.);
#3910 = DIRECTION('',(0.,-0.441415176703,0.897302982151));
#3911 = ORIENTED_EDGE('',*,*,#3912,.F.);
#3912 = EDGE_CURVE('',#386,#3905,#3913,.T.);
#3913 = LINE('',#3914,#3915);
#3914 = CARTESIAN_POINT('',(-9.092895794188,7.678914285714,
    42.327714285714));
#3915 = VECTOR('',#3916,1.);
#3916 = DIRECTION('',(1.,0.,0.));
#3917 = PLANE('',#3918);
#3918 = AXIS2_PLACEMENT_3D('',#3919,#3920,#3921);
#3919 = CARTESIAN_POINT('',(-9.092895794188,7.690242857143,
    42.304685714286));
#3920 = DIRECTION('',(0.,-0.897302982151,-0.441415176703));
#3921 = DIRECTION('',(0.,-0.441415176703,0.897302982151));
#3922 = ADVANCED_FACE('',(#3923),#3941,.T.);
#3923 = FACE_BOUND('',#3924,.T.);
#3924 = EDGE_LOOP('',(#3925,#3926,#3927,#3935));
#3925 = ORIENTED_EDGE('',*,*,#385,.T.);
#3926 = ORIENTED_EDGE('',*,*,#3912,.T.);
#3927 = ORIENTED_EDGE('',*,*,#3928,.T.);
#3928 = EDGE_CURVE('',#3905,#3929,#3931,.T.);
#3929 = VERTEX_POINT('',#3930);
#3930 = CARTESIAN_POINT('',(-8.492895794188,7.6674,42.344985714286));
#3931 = LINE('',#3932,#3933);
#3932 = CARTESIAN_POINT('',(-8.492895794188,7.678914285714,
    42.327714285714));
#3933 = VECTOR('',#3934,1.);
#3934 = DIRECTION('',(0.,-0.554700196225,0.832050294338));
#3935 = ORIENTED_EDGE('',*,*,#3936,.F.);
#3936 = EDGE_CURVE('',#378,#3929,#3937,.T.);
#3937 = LINE('',#3938,#3939);
#3938 = CARTESIAN_POINT('',(-9.092895794188,7.6674,42.344985714286));
#3939 = VECTOR('',#3940,1.);
#3940 = DIRECTION('',(1.,0.,0.));
#3941 = PLANE('',#3942);
#3942 = AXIS2_PLACEMENT_3D('',#3943,#3944,#3945);
#3943 = CARTESIAN_POINT('',(-9.092895794188,7.678914285714,
    42.327714285714));
#3944 = DIRECTION('',(0.,-0.832050294338,-0.554700196225));
#3945 = DIRECTION('',(0.,-0.554700196225,0.832050294338));
#3946 = ADVANCED_FACE('',(#3947),#3965,.T.);
#3947 = FACE_BOUND('',#3948,.T.);
#3948 = EDGE_LOOP('',(#3949,#3950,#3951,#3959));
#3949 = ORIENTED_EDGE('',*,*,#377,.T.);
#3950 = ORIENTED_EDGE('',*,*,#3936,.T.);
#3951 = ORIENTED_EDGE('',*,*,#3952,.T.);
#3952 = EDGE_CURVE('',#3929,#3953,#3955,.T.);
#3953 = VERTEX_POINT('',#3954);
#3954 = CARTESIAN_POINT('',(-8.492895794188,7.644742857143,
    42.368014285714));
#3955 = LINE('',#3956,#3957);
#3956 = CARTESIAN_POINT('',(-8.492895794188,7.6674,42.344985714286));
#3957 = VECTOR('',#3958,1.);
#3958 = DIRECTION('',(0.,-0.70133476746,0.712832058729));
#3959 = ORIENTED_EDGE('',*,*,#3960,.F.);
#3960 = EDGE_CURVE('',#370,#3953,#3961,.T.);
#3961 = LINE('',#3962,#3963);
#3962 = CARTESIAN_POINT('',(-9.092895794188,7.644742857143,
    42.368014285714));
#3963 = VECTOR('',#3964,1.);
#3964 = DIRECTION('',(1.,0.,0.));
#3965 = PLANE('',#3966);
#3966 = AXIS2_PLACEMENT_3D('',#3967,#3968,#3969);
#3967 = CARTESIAN_POINT('',(-9.092895794188,7.6674,42.344985714286));
#3968 = DIRECTION('',(0.,-0.712832058729,-0.70133476746));
#3969 = DIRECTION('',(0.,-0.70133476746,0.712832058729));
#3970 = ADVANCED_FACE('',(#3971),#3989,.T.);
#3971 = FACE_BOUND('',#3972,.T.);
#3972 = EDGE_LOOP('',(#3973,#3974,#3975,#3983));
#3973 = ORIENTED_EDGE('',*,*,#369,.T.);
#3974 = ORIENTED_EDGE('',*,*,#3960,.T.);
#3975 = ORIENTED_EDGE('',*,*,#3976,.T.);
#3976 = EDGE_CURVE('',#3953,#3977,#3979,.T.);
#3977 = VERTEX_POINT('',#3978);
#3978 = CARTESIAN_POINT('',(-8.492895794188,7.6219,42.385285714286));
#3979 = LINE('',#3980,#3981);
#3980 = CARTESIAN_POINT('',(-8.492895794188,7.644742857143,
    42.368014285714));
#3981 = VECTOR('',#3982,1.);
#3982 = DIRECTION('',(0.,-0.797659331282,0.603108274872));
#3983 = ORIENTED_EDGE('',*,*,#3984,.F.);
#3984 = EDGE_CURVE('',#362,#3977,#3985,.T.);
#3985 = LINE('',#3986,#3987);
#3986 = CARTESIAN_POINT('',(-9.092895794188,7.6219,42.385285714286));
#3987 = VECTOR('',#3988,1.);
#3988 = DIRECTION('',(1.,0.,0.));
#3989 = PLANE('',#3990);
#3990 = AXIS2_PLACEMENT_3D('',#3991,#3992,#3993);
#3991 = CARTESIAN_POINT('',(-9.092895794188,7.644742857143,
    42.368014285714));
#3992 = DIRECTION('',(0.,-0.603108274872,-0.797659331282));
#3993 = DIRECTION('',(0.,-0.797659331282,0.603108274872));
#3994 = ADVANCED_FACE('',(#3995),#4013,.T.);
#3995 = FACE_BOUND('',#3996,.T.);
#3996 = EDGE_LOOP('',(#3997,#3998,#3999,#4007));
#3997 = ORIENTED_EDGE('',*,*,#361,.T.);
#3998 = ORIENTED_EDGE('',*,*,#3984,.T.);
#3999 = ORIENTED_EDGE('',*,*,#4000,.T.);
#4000 = EDGE_CURVE('',#3977,#4001,#4003,.T.);
#4001 = VERTEX_POINT('',#4002);
#4002 = CARTESIAN_POINT('',(-8.492895794188,7.587542857143,42.3968));
#4003 = LINE('',#4004,#4005);
#4004 = CARTESIAN_POINT('',(-8.492895794188,7.6219,42.385285714286));
#4005 = VECTOR('',#4006,1.);
#4006 = DIRECTION('',(0.,-0.948169527976,0.317764922889));
#4007 = ORIENTED_EDGE('',*,*,#4008,.F.);
#4008 = EDGE_CURVE('',#354,#4001,#4009,.T.);
#4009 = LINE('',#4010,#4011);
#4010 = CARTESIAN_POINT('',(-9.092895794188,7.587542857143,42.3968));
#4011 = VECTOR('',#4012,1.);
#4012 = DIRECTION('',(1.,0.,0.));
#4013 = PLANE('',#4014);
#4014 = AXIS2_PLACEMENT_3D('',#4015,#4016,#4017);
#4015 = CARTESIAN_POINT('',(-9.092895794188,7.6219,42.385285714286));
#4016 = DIRECTION('',(0.,-0.317764922889,-0.948169527976));
#4017 = DIRECTION('',(0.,-0.948169527976,0.317764922889));
#4018 = ADVANCED_FACE('',(#4019),#4044,.T.);
#4019 = FACE_BOUND('',#4020,.T.);
#4020 = EDGE_LOOP('',(#4021,#4022,#4030,#4038));
#4021 = ORIENTED_EDGE('',*,*,#345,.T.);
#4022 = ORIENTED_EDGE('',*,*,#4023,.T.);
#4023 = EDGE_CURVE('',#346,#4024,#4026,.T.);
#4024 = VERTEX_POINT('',#4025);
#4025 = CARTESIAN_POINT('',(-8.492895794188,5.818985714286,42.3968));
#4026 = LINE('',#4027,#4028);
#4027 = CARTESIAN_POINT('',(-9.092895794188,5.818985714286,42.3968));
#4028 = VECTOR('',#4029,1.);
#4029 = DIRECTION('',(1.,0.,0.));
#4030 = ORIENTED_EDGE('',*,*,#4031,.T.);
#4031 = EDGE_CURVE('',#4024,#4032,#4034,.T.);
#4032 = VERTEX_POINT('',#4033);
#4033 = CARTESIAN_POINT('',(-8.492895794188,5.796142857143,
    42.391228571429));
#4034 = LINE('',#4035,#4036);
#4035 = CARTESIAN_POINT('',(-8.492895794188,5.818985714286,42.3968));
#4036 = VECTOR('',#4037,1.);
#4037 = DIRECTION('',(0.,-0.971520338783,-0.236956180191));
#4038 = ORIENTED_EDGE('',*,*,#4039,.F.);
#4039 = EDGE_CURVE('',#338,#4032,#4040,.T.);
#4040 = LINE('',#4041,#4042);
#4041 = CARTESIAN_POINT('',(-9.092895794188,5.796142857143,
    42.391228571429));
#4042 = VECTOR('',#4043,1.);
#4043 = DIRECTION('',(1.,0.,0.));
#4044 = PLANE('',#4045);
#4045 = AXIS2_PLACEMENT_3D('',#4046,#4047,#4048);
#4046 = CARTESIAN_POINT('',(-9.092895794188,5.818985714286,42.3968));
#4047 = DIRECTION('',(0.,0.236956180191,-0.971520338783));
#4048 = DIRECTION('',(0.,-0.971520338783,-0.236956180191));
#4049 = ADVANCED_FACE('',(#4050),#4068,.T.);
#4050 = FACE_BOUND('',#4051,.T.);
#4051 = EDGE_LOOP('',(#4052,#4053,#4054,#4062));
#4052 = ORIENTED_EDGE('',*,*,#337,.T.);
#4053 = ORIENTED_EDGE('',*,*,#4039,.T.);
#4054 = ORIENTED_EDGE('',*,*,#4055,.T.);
#4055 = EDGE_CURVE('',#4032,#4056,#4058,.T.);
#4056 = VERTEX_POINT('',#4057);
#4057 = CARTESIAN_POINT('',(-8.492895794188,5.779057142857,
    42.380457142857));
#4058 = LINE('',#4059,#4060);
#4059 = CARTESIAN_POINT('',(-8.492895794188,5.796142857143,
    42.391228571429));
#4060 = VECTOR('',#4061,1.);
#4061 = DIRECTION('',(0.,-0.845925602596,-0.533300923376));
#4062 = ORIENTED_EDGE('',*,*,#4063,.F.);
#4063 = EDGE_CURVE('',#330,#4056,#4064,.T.);
#4064 = LINE('',#4065,#4066);
#4065 = CARTESIAN_POINT('',(-9.092895794188,5.779057142857,
    42.380457142857));
#4066 = VECTOR('',#4067,1.);
#4067 = DIRECTION('',(1.,0.,0.));
#4068 = PLANE('',#4069);
#4069 = AXIS2_PLACEMENT_3D('',#4070,#4071,#4072);
#4070 = CARTESIAN_POINT('',(-9.092895794188,5.796142857143,
    42.391228571429));
#4071 = DIRECTION('',(0.,0.533300923376,-0.845925602596));
#4072 = DIRECTION('',(0.,-0.845925602596,-0.533300923376));
#4073 = ADVANCED_FACE('',(#4074),#4092,.T.);
#4074 = FACE_BOUND('',#4075,.T.);
#4075 = EDGE_LOOP('',(#4076,#4077,#4078,#4086));
#4076 = ORIENTED_EDGE('',*,*,#329,.T.);
#4077 = ORIENTED_EDGE('',*,*,#4063,.T.);
#4078 = ORIENTED_EDGE('',*,*,#4079,.T.);
#4079 = EDGE_CURVE('',#4056,#4080,#4082,.T.);
#4080 = VERTEX_POINT('',#4081);
#4081 = CARTESIAN_POINT('',(-8.492895794188,5.761971428571,
    42.369314285714));
#4082 = LINE('',#4083,#4084);
#4083 = CARTESIAN_POINT('',(-8.492895794188,5.779057142857,
    42.380457142857));
#4084 = VECTOR('',#4085,1.);
#4085 = DIRECTION('',(0.,-0.837610596839,-0.546267780547));
#4086 = ORIENTED_EDGE('',*,*,#4087,.F.);
#4087 = EDGE_CURVE('',#322,#4080,#4088,.T.);
#4088 = LINE('',#4089,#4090);
#4089 = CARTESIAN_POINT('',(-9.092895794188,5.761971428571,
    42.369314285714));
#4090 = VECTOR('',#4091,1.);
#4091 = DIRECTION('',(1.,0.,0.));
#4092 = PLANE('',#4093);
#4093 = AXIS2_PLACEMENT_3D('',#4094,#4095,#4096);
#4094 = CARTESIAN_POINT('',(-9.092895794188,5.779057142857,
    42.380457142857));
#4095 = DIRECTION('',(0.,0.546267780547,-0.837610596839));
#4096 = DIRECTION('',(0.,-0.837610596839,-0.546267780547));
#4097 = ADVANCED_FACE('',(#4098),#4116,.T.);
#4098 = FACE_BOUND('',#4099,.T.);
#4099 = EDGE_LOOP('',(#4100,#4101,#4102,#4110));
#4100 = ORIENTED_EDGE('',*,*,#321,.T.);
#4101 = ORIENTED_EDGE('',*,*,#4087,.T.);
#4102 = ORIENTED_EDGE('',*,*,#4103,.T.);
#4103 = EDGE_CURVE('',#4080,#4104,#4106,.T.);
#4104 = VERTEX_POINT('',#4105);
#4105 = CARTESIAN_POINT('',(-8.492895794188,5.744885714286,
    42.358357142857));
#4106 = LINE('',#4107,#4108);
#4107 = CARTESIAN_POINT('',(-8.492895794188,5.761971428571,
    42.369314285714));
#4108 = VECTOR('',#4109,1.);
#4109 = DIRECTION('',(0.,-0.841772532358,-0.539832384882));
#4110 = ORIENTED_EDGE('',*,*,#4111,.F.);
#4111 = EDGE_CURVE('',#314,#4104,#4112,.T.);
#4112 = LINE('',#4113,#4114);
#4113 = CARTESIAN_POINT('',(-9.092895794188,5.744885714286,
    42.358357142857));
#4114 = VECTOR('',#4115,1.);
#4115 = DIRECTION('',(1.,0.,0.));
#4116 = PLANE('',#4117);
#4117 = AXIS2_PLACEMENT_3D('',#4118,#4119,#4120);
#4118 = CARTESIAN_POINT('',(-9.092895794188,5.761971428571,
    42.369314285714));
#4119 = DIRECTION('',(0.,0.539832384882,-0.841772532358));
#4120 = DIRECTION('',(0.,-0.841772532358,-0.539832384882));
#4121 = ADVANCED_FACE('',(#4122),#4140,.T.);
#4122 = FACE_BOUND('',#4123,.T.);
#4123 = EDGE_LOOP('',(#4124,#4125,#4126,#4134));
#4124 = ORIENTED_EDGE('',*,*,#313,.T.);
#4125 = ORIENTED_EDGE('',*,*,#4111,.T.);
#4126 = ORIENTED_EDGE('',*,*,#4127,.T.);
#4127 = EDGE_CURVE('',#4104,#4128,#4130,.T.);
#4128 = VERTEX_POINT('',#4129);
#4129 = CARTESIAN_POINT('',(-8.492895794188,5.7278,42.342014285714));
#4130 = LINE('',#4131,#4132);
#4131 = CARTESIAN_POINT('',(-8.492895794188,5.744885714286,
    42.358357142857));
#4132 = VECTOR('',#4133,1.);
#4133 = DIRECTION('',(0.,-0.722641857148,-0.691222645967));
#4134 = ORIENTED_EDGE('',*,*,#4135,.F.);
#4135 = EDGE_CURVE('',#306,#4128,#4136,.T.);
#4136 = LINE('',#4137,#4138);
#4137 = CARTESIAN_POINT('',(-9.092895794188,5.7278,42.342014285714));
#4138 = VECTOR('',#4139,1.);
#4139 = DIRECTION('',(1.,0.,0.));
#4140 = PLANE('',#4141);
#4141 = AXIS2_PLACEMENT_3D('',#4142,#4143,#4144);
#4142 = CARTESIAN_POINT('',(-9.092895794188,5.744885714286,
    42.358357142857));
#4143 = DIRECTION('',(0.,0.691222645967,-0.722641857148));
#4144 = DIRECTION('',(0.,-0.722641857148,-0.691222645967));
#4145 = ADVANCED_FACE('',(#4146),#4164,.T.);
#4146 = FACE_BOUND('',#4147,.T.);
#4147 = EDGE_LOOP('',(#4148,#4149,#4150,#4158));
#4148 = ORIENTED_EDGE('',*,*,#305,.T.);
#4149 = ORIENTED_EDGE('',*,*,#4135,.T.);
#4150 = ORIENTED_EDGE('',*,*,#4151,.T.);
#4151 = EDGE_CURVE('',#4128,#4152,#4154,.T.);
#4152 = VERTEX_POINT('',#4153);
#4153 = CARTESIAN_POINT('',(-8.492895794188,5.716285714286,
    42.325671428571));
#4154 = LINE('',#4155,#4156);
#4155 = CARTESIAN_POINT('',(-8.492895794188,5.7278,42.342014285714));
#4156 = VECTOR('',#4157,1.);
#4157 = DIRECTION('',(0.,-0.575953532433,-0.817482433131));
#4158 = ORIENTED_EDGE('',*,*,#4159,.F.);
#4159 = EDGE_CURVE('',#298,#4152,#4160,.T.);
#4160 = LINE('',#4161,#4162);
#4161 = CARTESIAN_POINT('',(-9.092895794188,5.716285714286,
    42.325671428571));
#4162 = VECTOR('',#4163,1.);
#4163 = DIRECTION('',(1.,0.,0.));
#4164 = PLANE('',#4165);
#4165 = AXIS2_PLACEMENT_3D('',#4166,#4167,#4168);
#4166 = CARTESIAN_POINT('',(-9.092895794188,5.7278,42.342014285714));
#4167 = DIRECTION('',(0.,0.817482433131,-0.575953532433));
#4168 = DIRECTION('',(0.,-0.575953532433,-0.817482433131));
#4169 = ADVANCED_FACE('',(#4170),#4188,.T.);
#4170 = FACE_BOUND('',#4171,.T.);
#4171 = EDGE_LOOP('',(#4172,#4173,#4174,#4182));
#4172 = ORIENTED_EDGE('',*,*,#297,.T.);
#4173 = ORIENTED_EDGE('',*,*,#4159,.T.);
#4174 = ORIENTED_EDGE('',*,*,#4175,.T.);
#4175 = EDGE_CURVE('',#4152,#4176,#4178,.T.);
#4176 = VERTEX_POINT('',#4177);
#4177 = CARTESIAN_POINT('',(-8.492895794188,5.710528571429,
    42.308957142857));
#4178 = LINE('',#4179,#4180);
#4179 = CARTESIAN_POINT('',(-8.492895794188,5.716285714286,
    42.325671428571));
#4180 = VECTOR('',#4181,1.);
#4181 = DIRECTION('',(0.,-0.325666906351,-0.945484566827));
#4182 = ORIENTED_EDGE('',*,*,#4183,.F.);
#4183 = EDGE_CURVE('',#290,#4176,#4184,.T.);
#4184 = LINE('',#4185,#4186);
#4185 = CARTESIAN_POINT('',(-9.092895794188,5.710528571429,
    42.308957142857));
#4186 = VECTOR('',#4187,1.);
#4187 = DIRECTION('',(1.,0.,0.));
#4188 = PLANE('',#4189);
#4189 = AXIS2_PLACEMENT_3D('',#4190,#4191,#4192);
#4190 = CARTESIAN_POINT('',(-9.092895794188,5.716285714286,
    42.325671428571));
#4191 = DIRECTION('',(0.,0.945484566827,-0.325666906351));
#4192 = DIRECTION('',(0.,-0.325666906351,-0.945484566827));
#4193 = ADVANCED_FACE('',(#4194),#4212,.T.);
#4194 = FACE_BOUND('',#4195,.T.);
#4195 = EDGE_LOOP('',(#4196,#4197,#4198,#4206));
#4196 = ORIENTED_EDGE('',*,*,#289,.T.);
#4197 = ORIENTED_EDGE('',*,*,#4183,.T.);
#4198 = ORIENTED_EDGE('',*,*,#4199,.T.);
#4199 = EDGE_CURVE('',#4176,#4200,#4202,.T.);
#4200 = VERTEX_POINT('',#4201);
#4201 = CARTESIAN_POINT('',(-8.492895794188,5.6992,42.287228571429));
#4202 = LINE('',#4203,#4204);
#4203 = CARTESIAN_POINT('',(-8.492895794188,5.710528571429,
    42.308957142857));
#4204 = VECTOR('',#4205,1.);
#4205 = DIRECTION('',(0.,-0.462306978832,-0.886719943005));
#4206 = ORIENTED_EDGE('',*,*,#4207,.F.);
#4207 = EDGE_CURVE('',#282,#4200,#4208,.T.);
#4208 = LINE('',#4209,#4210);
#4209 = CARTESIAN_POINT('',(-9.092895794188,5.6992,42.287228571429));
#4210 = VECTOR('',#4211,1.);
#4211 = DIRECTION('',(1.,0.,0.));
#4212 = PLANE('',#4213);
#4213 = AXIS2_PLACEMENT_3D('',#4214,#4215,#4216);
#4214 = CARTESIAN_POINT('',(-9.092895794188,5.710528571429,
    42.308957142857));
#4215 = DIRECTION('',(0.,0.886719943005,-0.462306978832));
#4216 = DIRECTION('',(0.,-0.462306978832,-0.886719943005));
#4217 = ADVANCED_FACE('',(#4218),#4243,.T.);
#4218 = FACE_BOUND('',#4219,.T.);
#4219 = EDGE_LOOP('',(#4220,#4221,#4229,#4237));
#4220 = ORIENTED_EDGE('',*,*,#273,.T.);
#4221 = ORIENTED_EDGE('',*,*,#4222,.T.);
#4222 = EDGE_CURVE('',#274,#4223,#4225,.T.);
#4223 = VERTEX_POINT('',#4224);
#4224 = CARTESIAN_POINT('',(-8.492895794188,5.6992,41.953128571429));
#4225 = LINE('',#4226,#4227);
#4226 = CARTESIAN_POINT('',(-9.092895794188,5.6992,41.953128571429));
#4227 = VECTOR('',#4228,1.);
#4228 = DIRECTION('',(1.,0.,0.));
#4229 = ORIENTED_EDGE('',*,*,#4230,.T.);
#4230 = EDGE_CURVE('',#4223,#4231,#4233,.T.);
#4231 = VERTEX_POINT('',#4232);
#4232 = CARTESIAN_POINT('',(-8.492895794188,5.704957142857,
    41.922857142857));
#4233 = LINE('',#4234,#4235);
#4234 = CARTESIAN_POINT('',(-8.492895794188,5.6992,41.953128571429));
#4235 = VECTOR('',#4236,1.);
#4236 = DIRECTION('',(-0.,0.186835151334,-0.982391279596));
#4237 = ORIENTED_EDGE('',*,*,#4238,.F.);
#4238 = EDGE_CURVE('',#266,#4231,#4239,.T.);
#4239 = LINE('',#4240,#4241);
#4240 = CARTESIAN_POINT('',(-9.092895794188,5.704957142857,
    41.922857142857));
#4241 = VECTOR('',#4242,1.);
#4242 = DIRECTION('',(1.,0.,0.));
#4243 = PLANE('',#4244);
#4244 = AXIS2_PLACEMENT_3D('',#4245,#4246,#4247);
#4245 = CARTESIAN_POINT('',(-9.092895794188,5.6992,41.953128571429));
#4246 = DIRECTION('',(-0.,0.982391279596,0.186835151334));
#4247 = DIRECTION('',(0.,0.186835151334,-0.982391279596));
#4248 = ADVANCED_FACE('',(#4249),#4267,.T.);
#4249 = FACE_BOUND('',#4250,.T.);
#4250 = EDGE_LOOP('',(#4251,#4252,#4253,#4261));
#4251 = ORIENTED_EDGE('',*,*,#265,.T.);
#4252 = ORIENTED_EDGE('',*,*,#4238,.T.);
#4253 = ORIENTED_EDGE('',*,*,#4254,.T.);
#4254 = EDGE_CURVE('',#4231,#4255,#4257,.T.);
#4255 = VERTEX_POINT('',#4256);
#4256 = CARTESIAN_POINT('',(-8.492895794188,5.722042857143,
    41.892771428571));
#4257 = LINE('',#4258,#4259);
#4258 = CARTESIAN_POINT('',(-8.492895794188,5.704957142857,
    41.922857142857));
#4259 = VECTOR('',#4260,1.);
#4260 = DIRECTION('',(-0.,0.493824955141,-0.869561334053));
#4261 = ORIENTED_EDGE('',*,*,#4262,.F.);
#4262 = EDGE_CURVE('',#258,#4255,#4263,.T.);
#4263 = LINE('',#4264,#4265);
#4264 = CARTESIAN_POINT('',(-9.092895794188,5.722042857143,
    41.892771428571));
#4265 = VECTOR('',#4266,1.);
#4266 = DIRECTION('',(1.,0.,0.));
#4267 = PLANE('',#4268);
#4268 = AXIS2_PLACEMENT_3D('',#4269,#4270,#4271);
#4269 = CARTESIAN_POINT('',(-9.092895794188,5.704957142857,
    41.922857142857));
#4270 = DIRECTION('',(-0.,0.869561334053,0.493824955141));
#4271 = DIRECTION('',(0.,0.493824955141,-0.869561334053));
#4272 = ADVANCED_FACE('',(#4273),#4291,.T.);
#4273 = FACE_BOUND('',#4274,.T.);
#4274 = EDGE_LOOP('',(#4275,#4276,#4277,#4285));
#4275 = ORIENTED_EDGE('',*,*,#257,.T.);
#4276 = ORIENTED_EDGE('',*,*,#4262,.T.);
#4277 = ORIENTED_EDGE('',*,*,#4278,.T.);
#4278 = EDGE_CURVE('',#4255,#4279,#4281,.T.);
#4279 = VERTEX_POINT('',#4280);
#4280 = CARTESIAN_POINT('',(-8.492895794188,5.739128571429,
    41.868628571429));
#4281 = LINE('',#4282,#4283);
#4282 = CARTESIAN_POINT('',(-8.492895794188,5.722042857143,
    41.892771428571));
#4283 = VECTOR('',#4284,1.);
#4284 = DIRECTION('',(-0.,0.577668857514,-0.816271211705));
#4285 = ORIENTED_EDGE('',*,*,#4286,.F.);
#4286 = EDGE_CURVE('',#250,#4279,#4287,.T.);
#4287 = LINE('',#4288,#4289);
#4288 = CARTESIAN_POINT('',(-9.092895794188,5.739128571429,
    41.868628571429));
#4289 = VECTOR('',#4290,1.);
#4290 = DIRECTION('',(1.,0.,0.));
#4291 = PLANE('',#4292);
#4292 = AXIS2_PLACEMENT_3D('',#4293,#4294,#4295);
#4293 = CARTESIAN_POINT('',(-9.092895794188,5.722042857143,
    41.892771428571));
#4294 = DIRECTION('',(-0.,0.816271211705,0.577668857514));
#4295 = DIRECTION('',(0.,0.577668857514,-0.816271211705));
#4296 = ADVANCED_FACE('',(#4297),#4315,.T.);
#4297 = FACE_BOUND('',#4298,.T.);
#4298 = EDGE_LOOP('',(#4299,#4300,#4301,#4309));
#4299 = ORIENTED_EDGE('',*,*,#249,.T.);
#4300 = ORIENTED_EDGE('',*,*,#4286,.T.);
#4301 = ORIENTED_EDGE('',*,*,#4302,.T.);
#4302 = EDGE_CURVE('',#4279,#4303,#4305,.T.);
#4303 = VERTEX_POINT('',#4304);
#4304 = CARTESIAN_POINT('',(-8.492895794188,5.761971428571,41.8443));
#4305 = LINE('',#4306,#4307);
#4306 = CARTESIAN_POINT('',(-8.492895794188,5.739128571429,
    41.868628571429));
#4307 = VECTOR('',#4308,1.);
#4308 = DIRECTION('',(-0.,0.68449627479,-0.729016357703));
#4309 = ORIENTED_EDGE('',*,*,#4310,.F.);
#4310 = EDGE_CURVE('',#242,#4303,#4311,.T.);
#4311 = LINE('',#4312,#4313);
#4312 = CARTESIAN_POINT('',(-9.092895794188,5.761971428571,41.8443));
#4313 = VECTOR('',#4314,1.);
#4314 = DIRECTION('',(1.,0.,0.));
#4315 = PLANE('',#4316);
#4316 = AXIS2_PLACEMENT_3D('',#4317,#4318,#4319);
#4317 = CARTESIAN_POINT('',(-9.092895794188,5.739128571429,
    41.868628571429));
#4318 = DIRECTION('',(-0.,0.729016357703,0.68449627479));
#4319 = DIRECTION('',(0.,0.68449627479,-0.729016357703));
#4320 = ADVANCED_FACE('',(#4321),#4339,.T.);
#4321 = FACE_BOUND('',#4322,.T.);
#4322 = EDGE_LOOP('',(#4323,#4324,#4325,#4333));
#4323 = ORIENTED_EDGE('',*,*,#241,.T.);
#4324 = ORIENTED_EDGE('',*,*,#4310,.T.);
#4325 = ORIENTED_EDGE('',*,*,#4326,.T.);
#4326 = EDGE_CURVE('',#4303,#4327,#4329,.T.);
#4327 = VERTEX_POINT('',#4328);
#4328 = CARTESIAN_POINT('',(-8.492895794188,5.779057142857,
    41.838357142857));
#4329 = LINE('',#4330,#4331);
#4330 = CARTESIAN_POINT('',(-8.492895794188,5.761971428571,41.8443));
#4331 = VECTOR('',#4332,1.);
#4332 = DIRECTION('',(-0.,0.944496796706,-0.328520624941));
#4333 = ORIENTED_EDGE('',*,*,#4334,.F.);
#4334 = EDGE_CURVE('',#234,#4327,#4335,.T.);
#4335 = LINE('',#4336,#4337);
#4336 = CARTESIAN_POINT('',(-9.092895794188,5.779057142857,
    41.838357142857));
#4337 = VECTOR('',#4338,1.);
#4338 = DIRECTION('',(1.,0.,0.));
#4339 = PLANE('',#4340);
#4340 = AXIS2_PLACEMENT_3D('',#4341,#4342,#4343);
#4341 = CARTESIAN_POINT('',(-9.092895794188,5.761971428571,41.8443));
#4342 = DIRECTION('',(-0.,0.328520624941,0.944496796706));
#4343 = DIRECTION('',(0.,0.944496796706,-0.328520624941));
#4344 = ADVANCED_FACE('',(#4345),#4363,.T.);
#4345 = FACE_BOUND('',#4346,.T.);
#4346 = EDGE_LOOP('',(#4347,#4348,#4349,#4357));
#4347 = ORIENTED_EDGE('',*,*,#233,.T.);
#4348 = ORIENTED_EDGE('',*,*,#4334,.T.);
#4349 = ORIENTED_EDGE('',*,*,#4350,.T.);
#4350 = EDGE_CURVE('',#4327,#4351,#4353,.T.);
#4351 = VERTEX_POINT('',#4352);
#4352 = CARTESIAN_POINT('',(-8.492895794188,5.796142857143,
    41.826285714286));
#4353 = LINE('',#4354,#4355);
#4354 = CARTESIAN_POINT('',(-8.492895794188,5.779057142857,
    41.838357142857));
#4355 = VECTOR('',#4356,1.);
#4356 = DIRECTION('',(-0.,0.816721763686,-0.577031680865));
#4357 = ORIENTED_EDGE('',*,*,#4358,.F.);
#4358 = EDGE_CURVE('',#226,#4351,#4359,.T.);
#4359 = LINE('',#4360,#4361);
#4360 = CARTESIAN_POINT('',(-9.092895794188,5.796142857143,
    41.826285714286));
#4361 = VECTOR('',#4362,1.);
#4362 = DIRECTION('',(1.,0.,0.));
#4363 = PLANE('',#4364);
#4364 = AXIS2_PLACEMENT_3D('',#4365,#4366,#4367);
#4365 = CARTESIAN_POINT('',(-9.092895794188,5.779057142857,
    41.838357142857));
#4366 = DIRECTION('',(-0.,0.577031680865,0.816721763686));
#4367 = DIRECTION('',(0.,0.816721763686,-0.577031680865));
#4368 = ADVANCED_FACE('',(#4369),#4394,.T.);
#4369 = FACE_BOUND('',#4370,.T.);
#4370 = EDGE_LOOP('',(#4371,#4372,#4380,#4388));
#4371 = ORIENTED_EDGE('',*,*,#217,.T.);
#4372 = ORIENTED_EDGE('',*,*,#4373,.T.);
#4373 = EDGE_CURVE('',#218,#4374,#4376,.T.);
#4374 = VERTEX_POINT('',#4375);
#4375 = CARTESIAN_POINT('',(-8.492895794188,6.412342857143,
    41.826285714286));
#4376 = LINE('',#4377,#4378);
#4377 = CARTESIAN_POINT('',(-9.092895794188,6.412342857143,
    41.826285714286));
#4378 = VECTOR('',#4379,1.);
#4379 = DIRECTION('',(1.,0.,0.));
#4380 = ORIENTED_EDGE('',*,*,#4381,.T.);
#4381 = EDGE_CURVE('',#4374,#4382,#4384,.T.);
#4382 = VERTEX_POINT('',#4383);
#4383 = CARTESIAN_POINT('',(-8.492895794188,6.412342857143,
    38.540071428571));
#4384 = LINE('',#4385,#4386);
#4385 = CARTESIAN_POINT('',(-8.492895794188,6.412342857143,
    41.826285714286));
#4386 = VECTOR('',#4387,1.);
#4387 = DIRECTION('',(0.,-0.,-1.));
#4388 = ORIENTED_EDGE('',*,*,#4389,.F.);
#4389 = EDGE_CURVE('',#210,#4382,#4390,.T.);
#4390 = LINE('',#4391,#4392);
#4391 = CARTESIAN_POINT('',(-9.092895794188,6.412342857143,
    38.540071428571));
#4392 = VECTOR('',#4393,1.);
#4393 = DIRECTION('',(1.,0.,0.));
#4394 = PLANE('',#4395);
#4395 = AXIS2_PLACEMENT_3D('',#4396,#4397,#4398);
#4396 = CARTESIAN_POINT('',(-9.092895794188,6.412342857143,
    41.826285714286));
#4397 = DIRECTION('',(0.,1.,-0.));
#4398 = DIRECTION('',(0.,-0.,-1.));
#4399 = ADVANCED_FACE('',(#4400),#4418,.T.);
#4400 = FACE_BOUND('',#4401,.T.);
#4401 = EDGE_LOOP('',(#4402,#4403,#4404,#4412));
#4402 = ORIENTED_EDGE('',*,*,#209,.T.);
#4403 = ORIENTED_EDGE('',*,*,#4389,.T.);
#4404 = ORIENTED_EDGE('',*,*,#4405,.T.);
#4405 = EDGE_CURVE('',#4382,#4406,#4408,.T.);
#4406 = VERTEX_POINT('',#4407);
#4407 = CARTESIAN_POINT('',(-8.492895794188,6.4181,38.517228571429));
#4408 = LINE('',#4409,#4410);
#4409 = CARTESIAN_POINT('',(-8.492895794188,6.412342857143,
    38.540071428571));
#4410 = VECTOR('',#4411,1.);
#4411 = DIRECTION('',(-0.,0.244390135281,-0.969676988372));
#4412 = ORIENTED_EDGE('',*,*,#4413,.F.);
#4413 = EDGE_CURVE('',#202,#4406,#4414,.T.);
#4414 = LINE('',#4415,#4416);
#4415 = CARTESIAN_POINT('',(-9.092895794188,6.4181,38.517228571429));
#4416 = VECTOR('',#4417,1.);
#4417 = DIRECTION('',(1.,0.,0.));
#4418 = PLANE('',#4419);
#4419 = AXIS2_PLACEMENT_3D('',#4420,#4421,#4422);
#4420 = CARTESIAN_POINT('',(-9.092895794188,6.412342857143,
    38.540071428571));
#4421 = DIRECTION('',(-0.,0.969676988372,0.244390135281));
#4422 = DIRECTION('',(0.,0.244390135281,-0.969676988372));
#4423 = ADVANCED_FACE('',(#4424),#4442,.T.);
#4424 = FACE_BOUND('',#4425,.T.);
#4425 = EDGE_LOOP('',(#4426,#4427,#4428,#4436));
#4426 = ORIENTED_EDGE('',*,*,#201,.T.);
#4427 = ORIENTED_EDGE('',*,*,#4413,.T.);
#4428 = ORIENTED_EDGE('',*,*,#4429,.T.);
#4429 = EDGE_CURVE('',#4406,#4430,#4432,.T.);
#4430 = VERTEX_POINT('',#4431);
#4431 = CARTESIAN_POINT('',(-8.492895794188,6.423671428571,
    38.488814285714));
#4432 = LINE('',#4433,#4434);
#4433 = CARTESIAN_POINT('',(-8.492895794188,6.4181,38.517228571429));
#4434 = VECTOR('',#4435,1.);
#4435 = DIRECTION('',(-0.,0.192414460721,-0.981313749677));
#4436 = ORIENTED_EDGE('',*,*,#4437,.F.);
#4437 = EDGE_CURVE('',#194,#4430,#4438,.T.);
#4438 = LINE('',#4439,#4440);
#4439 = CARTESIAN_POINT('',(-9.092895794188,6.423671428571,
    38.488814285714));
#4440 = VECTOR('',#4441,1.);
#4441 = DIRECTION('',(1.,0.,0.));
#4442 = PLANE('',#4443);
#4443 = AXIS2_PLACEMENT_3D('',#4444,#4445,#4446);
#4444 = CARTESIAN_POINT('',(-9.092895794188,6.4181,38.517228571429));
#4445 = DIRECTION('',(-0.,0.981313749677,0.192414460721));
#4446 = DIRECTION('',(0.,0.192414460721,-0.981313749677));
#4447 = ADVANCED_FACE('',(#4448),#4466,.T.);
#4448 = FACE_BOUND('',#4449,.T.);
#4449 = EDGE_LOOP('',(#4450,#4451,#4452,#4460));
#4450 = ORIENTED_EDGE('',*,*,#193,.T.);
#4451 = ORIENTED_EDGE('',*,*,#4437,.T.);
#4452 = ORIENTED_EDGE('',*,*,#4453,.T.);
#4453 = EDGE_CURVE('',#4430,#4454,#4456,.T.);
#4454 = VERTEX_POINT('',#4455);
#4455 = CARTESIAN_POINT('',(-8.492895794188,6.435185714286,
    38.471728571429));
#4456 = LINE('',#4457,#4458);
#4457 = CARTESIAN_POINT('',(-8.492895794188,6.423671428571,
    38.488814285714));
#4458 = VECTOR('',#4459,1.);
#4459 = DIRECTION('',(-0.,0.558853462072,-0.829266427591));
#4460 = ORIENTED_EDGE('',*,*,#4461,.F.);
#4461 = EDGE_CURVE('',#186,#4454,#4462,.T.);
#4462 = LINE('',#4463,#4464);
#4463 = CARTESIAN_POINT('',(-9.092895794188,6.435185714286,
    38.471728571429));
#4464 = VECTOR('',#4465,1.);
#4465 = DIRECTION('',(1.,0.,0.));
#4466 = PLANE('',#4467);
#4467 = AXIS2_PLACEMENT_3D('',#4468,#4469,#4470);
#4468 = CARTESIAN_POINT('',(-9.092895794188,6.423671428571,
    38.488814285714));
#4469 = DIRECTION('',(-0.,0.829266427591,0.558853462072));
#4470 = DIRECTION('',(0.,0.558853462072,-0.829266427591));
#4471 = ADVANCED_FACE('',(#4472),#4490,.T.);
#4472 = FACE_BOUND('',#4473,.T.);
#4473 = EDGE_LOOP('',(#4474,#4475,#4476,#4484));
#4474 = ORIENTED_EDGE('',*,*,#185,.T.);
#4475 = ORIENTED_EDGE('',*,*,#4461,.T.);
#4476 = ORIENTED_EDGE('',*,*,#4477,.T.);
#4477 = EDGE_CURVE('',#4454,#4478,#4480,.T.);
#4478 = VERTEX_POINT('',#4479);
#4479 = CARTESIAN_POINT('',(-8.492895794188,6.446514285714,
    38.448885714286));
#4480 = LINE('',#4481,#4482);
#4481 = CARTESIAN_POINT('',(-8.492895794188,6.435185714286,
    38.471728571429));
#4482 = VECTOR('',#4483,1.);
#4483 = DIRECTION('',(-0.,0.444297794845,-0.895879160097));
#4484 = ORIENTED_EDGE('',*,*,#4485,.F.);
#4485 = EDGE_CURVE('',#178,#4478,#4486,.T.);
#4486 = LINE('',#4487,#4488);
#4487 = CARTESIAN_POINT('',(-9.092895794188,6.446514285714,
    38.448885714286));
#4488 = VECTOR('',#4489,1.);
#4489 = DIRECTION('',(1.,0.,0.));
#4490 = PLANE('',#4491);
#4491 = AXIS2_PLACEMENT_3D('',#4492,#4493,#4494);
#4492 = CARTESIAN_POINT('',(-9.092895794188,6.435185714286,
    38.471728571429));
#4493 = DIRECTION('',(-0.,0.895879160097,0.444297794845));
#4494 = DIRECTION('',(0.,0.444297794845,-0.895879160097));
#4495 = ADVANCED_FACE('',(#4496),#4514,.T.);
#4496 = FACE_BOUND('',#4497,.T.);
#4497 = EDGE_LOOP('',(#4498,#4499,#4500,#4508));
#4498 = ORIENTED_EDGE('',*,*,#177,.T.);
#4499 = ORIENTED_EDGE('',*,*,#4485,.T.);
#4500 = ORIENTED_EDGE('',*,*,#4501,.T.);
#4501 = EDGE_CURVE('',#4478,#4502,#4504,.T.);
#4502 = VERTEX_POINT('',#4503);
#4503 = CARTESIAN_POINT('',(-8.492895794188,6.469357142857,38.4318));
#4504 = LINE('',#4505,#4506);
#4505 = CARTESIAN_POINT('',(-8.492895794188,6.446514285714,
    38.448885714286));
#4506 = VECTOR('',#4507,1.);
#4507 = DIRECTION('',(-0.,0.80078057117,-0.598957825591));
#4508 = ORIENTED_EDGE('',*,*,#4509,.F.);
#4509 = EDGE_CURVE('',#170,#4502,#4510,.T.);
#4510 = LINE('',#4511,#4512);
#4511 = CARTESIAN_POINT('',(-9.092895794188,6.469357142857,38.4318));
#4512 = VECTOR('',#4513,1.);
#4513 = DIRECTION('',(1.,0.,0.));
#4514 = PLANE('',#4515);
#4515 = AXIS2_PLACEMENT_3D('',#4516,#4517,#4518);
#4516 = CARTESIAN_POINT('',(-9.092895794188,6.446514285714,
    38.448885714286));
#4517 = DIRECTION('',(-0.,0.598957825591,0.80078057117));
#4518 = DIRECTION('',(0.,0.80078057117,-0.598957825591));
#4519 = ADVANCED_FACE('',(#4520),#4538,.T.);
#4520 = FACE_BOUND('',#4521,.T.);
#4521 = EDGE_LOOP('',(#4522,#4523,#4524,#4532));
#4522 = ORIENTED_EDGE('',*,*,#169,.T.);
#4523 = ORIENTED_EDGE('',*,*,#4509,.T.);
#4524 = ORIENTED_EDGE('',*,*,#4525,.T.);
#4525 = EDGE_CURVE('',#4502,#4526,#4528,.T.);
#4526 = VERTEX_POINT('',#4527);
#4527 = CARTESIAN_POINT('',(-8.492895794188,6.4922,38.420285714286));
#4528 = LINE('',#4529,#4530);
#4529 = CARTESIAN_POINT('',(-8.492895794188,6.469357142857,38.4318));
#4530 = VECTOR('',#4531,1.);
#4531 = DIRECTION('',(-0.,0.892970492237,-0.450115207469));
#4532 = ORIENTED_EDGE('',*,*,#4533,.F.);
#4533 = EDGE_CURVE('',#162,#4526,#4534,.T.);
#4534 = LINE('',#4535,#4536);
#4535 = CARTESIAN_POINT('',(-9.092895794188,6.4922,38.420285714286));
#4536 = VECTOR('',#4537,1.);
#4537 = DIRECTION('',(1.,0.,0.));
#4538 = PLANE('',#4539);
#4539 = AXIS2_PLACEMENT_3D('',#4540,#4541,#4542);
#4540 = CARTESIAN_POINT('',(-9.092895794188,6.469357142857,38.4318));
#4541 = DIRECTION('',(-0.,0.450115207469,0.892970492237));
#4542 = DIRECTION('',(0.,0.892970492237,-0.450115207469));
#4543 = ADVANCED_FACE('',(#4544),#4562,.T.);
#4544 = FACE_BOUND('',#4545,.T.);
#4545 = EDGE_LOOP('',(#4546,#4547,#4548,#4556));
#4546 = ORIENTED_EDGE('',*,*,#161,.T.);
#4547 = ORIENTED_EDGE('',*,*,#4533,.T.);
#4548 = ORIENTED_EDGE('',*,*,#4549,.T.);
#4549 = EDGE_CURVE('',#4526,#4550,#4552,.T.);
#4550 = VERTEX_POINT('',#4551);
#4551 = CARTESIAN_POINT('',(-8.492895794188,6.515042857143,
    38.408957142857));
#4552 = LINE('',#4553,#4554);
#4553 = CARTESIAN_POINT('',(-8.492895794188,6.4922,38.420285714286));
#4554 = VECTOR('',#4555,1.);
#4555 = DIRECTION('',(-0.,0.895879160097,-0.444297794845));
#4556 = ORIENTED_EDGE('',*,*,#4557,.F.);
#4557 = EDGE_CURVE('',#154,#4550,#4558,.T.);
#4558 = LINE('',#4559,#4560);
#4559 = CARTESIAN_POINT('',(-9.092895794188,6.515042857143,
    38.408957142857));
#4560 = VECTOR('',#4561,1.);
#4561 = DIRECTION('',(1.,0.,0.));
#4562 = PLANE('',#4563);
#4563 = AXIS2_PLACEMENT_3D('',#4564,#4565,#4566);
#4564 = CARTESIAN_POINT('',(-9.092895794188,6.4922,38.420285714286));
#4565 = DIRECTION('',(-0.,0.444297794845,0.895879160097));
#4566 = DIRECTION('',(0.,0.895879160097,-0.444297794845));
#4567 = ADVANCED_FACE('',(#4568),#4586,.T.);
#4568 = FACE_BOUND('',#4569,.T.);
#4569 = EDGE_LOOP('',(#4570,#4571,#4572,#4580));
#4570 = ORIENTED_EDGE('',*,*,#153,.T.);
#4571 = ORIENTED_EDGE('',*,*,#4557,.T.);
#4572 = ORIENTED_EDGE('',*,*,#4573,.T.);
#4573 = EDGE_CURVE('',#4550,#4574,#4576,.T.);
#4574 = VERTEX_POINT('',#4575);
#4575 = CARTESIAN_POINT('',(-8.492895794188,6.537885714286,38.4032));
#4576 = LINE('',#4577,#4578);
#4577 = CARTESIAN_POINT('',(-8.492895794188,6.515042857143,
    38.408957142857));
#4578 = VECTOR('',#4579,1.);
#4579 = DIRECTION('',(-0.,0.969676988372,-0.244390135281));
#4580 = ORIENTED_EDGE('',*,*,#4581,.F.);
#4581 = EDGE_CURVE('',#146,#4574,#4582,.T.);
#4582 = LINE('',#4583,#4584);
#4583 = CARTESIAN_POINT('',(-9.092895794188,6.537885714286,38.4032));
#4584 = VECTOR('',#4585,1.);
#4585 = DIRECTION('',(1.,0.,0.));
#4586 = PLANE('',#4587);
#4587 = AXIS2_PLACEMENT_3D('',#4588,#4589,#4590);
#4588 = CARTESIAN_POINT('',(-9.092895794188,6.515042857143,
    38.408957142857));
#4589 = DIRECTION('',(-0.,0.244390135281,0.969676988372));
#4590 = DIRECTION('',(0.,0.969676988372,-0.244390135281));
#4591 = ADVANCED_FACE('',(#4592),#4617,.T.);
#4592 = FACE_BOUND('',#4593,.T.);
#4593 = EDGE_LOOP('',(#4594,#4595,#4603,#4611));
#4594 = ORIENTED_EDGE('',*,*,#137,.T.);
#4595 = ORIENTED_EDGE('',*,*,#4596,.T.);
#4596 = EDGE_CURVE('',#138,#4597,#4599,.T.);
#4597 = VERTEX_POINT('',#4598);
#4598 = CARTESIAN_POINT('',(-8.492895794188,6.864,38.4032));
#4599 = LINE('',#4600,#4601);
#4600 = CARTESIAN_POINT('',(-9.092895794188,6.864,38.4032));
#4601 = VECTOR('',#4602,1.);
#4602 = DIRECTION('',(1.,0.,0.));
#4603 = ORIENTED_EDGE('',*,*,#4604,.T.);
#4604 = EDGE_CURVE('',#4597,#4605,#4607,.T.);
#4605 = VERTEX_POINT('',#4606);
#4606 = CARTESIAN_POINT('',(-8.492895794188,6.881828571429,
    38.408957142857));
#4607 = LINE('',#4608,#4609);
#4608 = CARTESIAN_POINT('',(-8.492895794188,6.864,38.4032));
#4609 = VECTOR('',#4610,1.);
#4610 = DIRECTION('',(0.,0.951615146191,0.307292390957));
#4611 = ORIENTED_EDGE('',*,*,#4612,.F.);
#4612 = EDGE_CURVE('',#130,#4605,#4613,.T.);
#4613 = LINE('',#4614,#4615);
#4614 = CARTESIAN_POINT('',(-9.092895794188,6.881828571429,
    38.408957142857));
#4615 = VECTOR('',#4616,1.);
#4616 = DIRECTION('',(1.,0.,0.));
#4617 = PLANE('',#4618);
#4618 = AXIS2_PLACEMENT_3D('',#4619,#4620,#4621);
#4619 = CARTESIAN_POINT('',(-9.092895794188,6.864,38.4032));
#4620 = DIRECTION('',(0.,-0.307292390957,0.951615146191));
#4621 = DIRECTION('',(0.,0.951615146191,0.307292390957));
#4622 = ADVANCED_FACE('',(#4623),#4641,.T.);
#4623 = FACE_BOUND('',#4624,.T.);
#4624 = EDGE_LOOP('',(#4625,#4626,#4627,#4635));
#4625 = ORIENTED_EDGE('',*,*,#129,.T.);
#4626 = ORIENTED_EDGE('',*,*,#4612,.T.);
#4627 = ORIENTED_EDGE('',*,*,#4628,.T.);
#4628 = EDGE_CURVE('',#4605,#4629,#4631,.T.);
#4629 = VERTEX_POINT('',#4630);
#4630 = CARTESIAN_POINT('',(-8.492895794188,6.899657142857,
    38.414528571429));
#4631 = LINE('',#4632,#4633);
#4632 = CARTESIAN_POINT('',(-8.492895794188,6.881828571429,
    38.408957142857));
#4633 = VECTOR('',#4634,1.);
#4634 = DIRECTION('',(0.,0.954479978035,0.298274993136));
#4635 = ORIENTED_EDGE('',*,*,#4636,.F.);
#4636 = EDGE_CURVE('',#122,#4629,#4637,.T.);
#4637 = LINE('',#4638,#4639);
#4638 = CARTESIAN_POINT('',(-9.092895794188,6.899657142857,
    38.414528571429));
#4639 = VECTOR('',#4640,1.);
#4640 = DIRECTION('',(1.,0.,0.));
#4641 = PLANE('',#4642);
#4642 = AXIS2_PLACEMENT_3D('',#4643,#4644,#4645);
#4643 = CARTESIAN_POINT('',(-9.092895794188,6.881828571429,
    38.408957142857));
#4644 = DIRECTION('',(0.,-0.298274993136,0.954479978035));
#4645 = DIRECTION('',(0.,0.954479978035,0.298274993136));
#4646 = ADVANCED_FACE('',(#4647),#4665,.T.);
#4647 = FACE_BOUND('',#4648,.T.);
#4648 = EDGE_LOOP('',(#4649,#4650,#4651,#4659));
#4649 = ORIENTED_EDGE('',*,*,#121,.T.);
#4650 = ORIENTED_EDGE('',*,*,#4636,.T.);
#4651 = ORIENTED_EDGE('',*,*,#4652,.T.);
#4652 = EDGE_CURVE('',#4629,#4653,#4655,.T.);
#4653 = VERTEX_POINT('',#4654);
#4654 = CARTESIAN_POINT('',(-8.492895794188,6.917485714286,
    38.426042857143));
#4655 = LINE('',#4656,#4657);
#4656 = CARTESIAN_POINT('',(-8.492895794188,6.899657142857,
    38.414528571429));
#4657 = VECTOR('',#4658,1.);
#4658 = DIRECTION('',(0.,0.840039377769,0.542525431476));
#4659 = ORIENTED_EDGE('',*,*,#4660,.F.);
#4660 = EDGE_CURVE('',#114,#4653,#4661,.T.);
#4661 = LINE('',#4662,#4663);
#4662 = CARTESIAN_POINT('',(-9.092895794188,6.917485714286,
    38.426042857143));
#4663 = VECTOR('',#4664,1.);
#4664 = DIRECTION('',(1.,0.,0.));
#4665 = PLANE('',#4666);
#4666 = AXIS2_PLACEMENT_3D('',#4667,#4668,#4669);
#4667 = CARTESIAN_POINT('',(-9.092895794188,6.899657142857,
    38.414528571429));
#4668 = DIRECTION('',(0.,-0.542525431476,0.840039377769));
#4669 = DIRECTION('',(0.,0.840039377769,0.542525431476));
#4670 = ADVANCED_FACE('',(#4671),#4689,.T.);
#4671 = FACE_BOUND('',#4672,.T.);
#4672 = EDGE_LOOP('',(#4673,#4674,#4675,#4683));
#4673 = ORIENTED_EDGE('',*,*,#113,.T.);
#4674 = ORIENTED_EDGE('',*,*,#4660,.T.);
#4675 = ORIENTED_EDGE('',*,*,#4676,.T.);
#4676 = EDGE_CURVE('',#4653,#4677,#4679,.T.);
#4677 = VERTEX_POINT('',#4678);
#4678 = CARTESIAN_POINT('',(-8.492895794188,6.9355,38.437371428571));
#4679 = LINE('',#4680,#4681);
#4680 = CARTESIAN_POINT('',(-8.492895794188,6.917485714286,
    38.426042857143));
#4681 = VECTOR('',#4682,1.);
#4682 = DIRECTION('',(0.,0.846524186767,0.532350261781));
#4683 = ORIENTED_EDGE('',*,*,#4684,.F.);
#4684 = EDGE_CURVE('',#106,#4677,#4685,.T.);
#4685 = LINE('',#4686,#4687);
#4686 = CARTESIAN_POINT('',(-9.092895794188,6.9355,38.437371428571));
#4687 = VECTOR('',#4688,1.);
#4688 = DIRECTION('',(1.,0.,0.));
#4689 = PLANE('',#4690);
#4690 = AXIS2_PLACEMENT_3D('',#4691,#4692,#4693);
#4691 = CARTESIAN_POINT('',(-9.092895794188,6.917485714286,
    38.426042857143));
#4692 = DIRECTION('',(0.,-0.532350261781,0.846524186767));
#4693 = DIRECTION('',(0.,0.846524186767,0.532350261781));
#4694 = ADVANCED_FACE('',(#4695),#4713,.T.);
#4695 = FACE_BOUND('',#4696,.T.);
#4696 = EDGE_LOOP('',(#4697,#4698,#4699,#4707));
#4697 = ORIENTED_EDGE('',*,*,#105,.T.);
#4698 = ORIENTED_EDGE('',*,*,#4684,.T.);
#4699 = ORIENTED_EDGE('',*,*,#4700,.T.);
#4700 = EDGE_CURVE('',#4677,#4701,#4703,.T.);
#4701 = VERTEX_POINT('',#4702);
#4702 = CARTESIAN_POINT('',(-8.492895794188,6.953328571429,
    38.454457142857));
#4703 = LINE('',#4704,#4705);
#4704 = CARTESIAN_POINT('',(-8.492895794188,6.9355,38.437371428571));
#4705 = VECTOR('',#4706,1.);
#4706 = DIRECTION('',(0.,0.721988205115,0.691905363236));
#4707 = ORIENTED_EDGE('',*,*,#4708,.F.);
#4708 = EDGE_CURVE('',#98,#4701,#4709,.T.);
#4709 = LINE('',#4710,#4711);
#4710 = CARTESIAN_POINT('',(-9.092895794188,6.953328571429,
    38.454457142857));
#4711 = VECTOR('',#4712,1.);
#4712 = DIRECTION('',(1.,0.,0.));
#4713 = PLANE('',#4714);
#4714 = AXIS2_PLACEMENT_3D('',#4715,#4716,#4717);
#4715 = CARTESIAN_POINT('',(-9.092895794188,6.9355,38.437371428571));
#4716 = DIRECTION('',(0.,-0.691905363236,0.721988205115));
#4717 = DIRECTION('',(0.,0.721988205115,0.691905363236));
#4718 = ADVANCED_FACE('',(#4719),#4737,.T.);
#4719 = FACE_BOUND('',#4720,.T.);
#4720 = EDGE_LOOP('',(#4721,#4722,#4723,#4731));
#4721 = ORIENTED_EDGE('',*,*,#97,.T.);
#4722 = ORIENTED_EDGE('',*,*,#4708,.T.);
#4723 = ORIENTED_EDGE('',*,*,#4724,.T.);
#4724 = EDGE_CURVE('',#4701,#4725,#4727,.T.);
#4725 = VERTEX_POINT('',#4726);
#4726 = CARTESIAN_POINT('',(-8.492895794188,6.965028571429,
    38.471728571429));
#4727 = LINE('',#4728,#4729);
#4728 = CARTESIAN_POINT('',(-8.492895794188,6.953328571429,
    38.454457142857));
#4729 = VECTOR('',#4730,1.);
#4730 = DIRECTION('',(0.,0.56084814517,0.827918690488));
#4731 = ORIENTED_EDGE('',*,*,#4732,.F.);
#4732 = EDGE_CURVE('',#90,#4725,#4733,.T.);
#4733 = LINE('',#4734,#4735);
#4734 = CARTESIAN_POINT('',(-9.092895794188,6.965028571429,
    38.471728571429));
#4735 = VECTOR('',#4736,1.);
#4736 = DIRECTION('',(1.,0.,0.));
#4737 = PLANE('',#4738);
#4738 = AXIS2_PLACEMENT_3D('',#4739,#4740,#4741);
#4739 = CARTESIAN_POINT('',(-9.092895794188,6.953328571429,
    38.454457142857));
#4740 = DIRECTION('',(0.,-0.827918690488,0.56084814517));
#4741 = DIRECTION('',(0.,0.56084814517,0.827918690488));
#4742 = ADVANCED_FACE('',(#4743),#4761,.T.);
#4743 = FACE_BOUND('',#4744,.T.);
#4744 = EDGE_LOOP('',(#4745,#4746,#4747,#4755));
#4745 = ORIENTED_EDGE('',*,*,#89,.T.);
#4746 = ORIENTED_EDGE('',*,*,#4732,.T.);
#4747 = ORIENTED_EDGE('',*,*,#4748,.T.);
#4748 = EDGE_CURVE('',#4725,#4749,#4751,.T.);
#4749 = VERTEX_POINT('',#4750);
#4750 = CARTESIAN_POINT('',(-8.492895794188,6.9771,38.488814285714));
#4751 = LINE('',#4752,#4753);
#4752 = CARTESIAN_POINT('',(-8.492895794188,6.965028571429,
    38.471728571429));
#4753 = VECTOR('',#4754,1.);
#4754 = DIRECTION('',(0.,0.577031680865,0.816721763686));
#4755 = ORIENTED_EDGE('',*,*,#4756,.F.);
#4756 = EDGE_CURVE('',#82,#4749,#4757,.T.);
#4757 = LINE('',#4758,#4759);
#4758 = CARTESIAN_POINT('',(-9.092895794188,6.9771,38.488814285714));
#4759 = VECTOR('',#4760,1.);
#4760 = DIRECTION('',(1.,0.,0.));
#4761 = PLANE('',#4762);
#4762 = AXIS2_PLACEMENT_3D('',#4763,#4764,#4765);
#4763 = CARTESIAN_POINT('',(-9.092895794188,6.965028571429,
    38.471728571429));
#4764 = DIRECTION('',(0.,-0.816721763686,0.577031680865));
#4765 = DIRECTION('',(0.,0.577031680865,0.816721763686));
#4766 = ADVANCED_FACE('',(#4767),#4785,.T.);
#4767 = FACE_BOUND('',#4768,.T.);
#4768 = EDGE_LOOP('',(#4769,#4770,#4771,#4779));
#4769 = ORIENTED_EDGE('',*,*,#81,.T.);
#4770 = ORIENTED_EDGE('',*,*,#4756,.T.);
#4771 = ORIENTED_EDGE('',*,*,#4772,.T.);
#4772 = EDGE_CURVE('',#4749,#4773,#4775,.T.);
#4773 = VERTEX_POINT('',#4774);
#4774 = CARTESIAN_POINT('',(-8.492895794188,6.982857142857,38.5059));
#4775 = LINE('',#4776,#4777);
#4776 = CARTESIAN_POINT('',(-8.492895794188,6.9771,38.488814285714));
#4777 = VECTOR('',#4778,1.);
#4778 = DIRECTION('',(0.,0.319316245627,0.947648212829));
#4779 = ORIENTED_EDGE('',*,*,#4780,.F.);
#4780 = EDGE_CURVE('',#74,#4773,#4781,.T.);
#4781 = LINE('',#4782,#4783);
#4782 = CARTESIAN_POINT('',(-9.092895794188,6.982857142857,38.5059));
#4783 = VECTOR('',#4784,1.);
#4784 = DIRECTION('',(1.,0.,0.));
#4785 = PLANE('',#4786);
#4786 = AXIS2_PLACEMENT_3D('',#4787,#4788,#4789);
#4787 = CARTESIAN_POINT('',(-9.092895794188,6.9771,38.488814285714));
#4788 = DIRECTION('',(0.,-0.947648212829,0.319316245627));
#4789 = DIRECTION('',(0.,0.319316245627,0.947648212829));
#4790 = ADVANCED_FACE('',(#4791),#4816,.T.);
#4791 = FACE_BOUND('',#4792,.T.);
#4792 = EDGE_LOOP('',(#4793,#4794,#4802,#4810));
#4793 = ORIENTED_EDGE('',*,*,#457,.T.);
#4794 = ORIENTED_EDGE('',*,*,#4795,.T.);
#4795 = EDGE_CURVE('',#460,#4796,#4798,.T.);
#4796 = VERTEX_POINT('',#4797);
#4797 = CARTESIAN_POINT('',(-8.492895794188,4.866271428571,
    41.826285714286));
#4798 = LINE('',#4799,#4800);
#4799 = CARTESIAN_POINT('',(-9.092895794188,4.866271428571,
    41.826285714286));
#4800 = VECTOR('',#4801,1.);
#4801 = DIRECTION('',(1.,0.,0.));
#4802 = ORIENTED_EDGE('',*,*,#4803,.T.);
#4803 = EDGE_CURVE('',#4796,#4804,#4806,.T.);
#4804 = VERTEX_POINT('',#4805);
#4805 = CARTESIAN_POINT('',(-8.492895794188,4.900442857143,
    41.832042857143));
#4806 = LINE('',#4807,#4808);
#4807 = CARTESIAN_POINT('',(-8.492895794188,4.866271428571,
    41.826285714286));
#4808 = VECTOR('',#4809,1.);
#4809 = DIRECTION('',(0.,0.98610270304,0.166136868447));
#4810 = ORIENTED_EDGE('',*,*,#4811,.F.);
#4811 = EDGE_CURVE('',#458,#4804,#4812,.T.);
#4812 = LINE('',#4813,#4814);
#4813 = CARTESIAN_POINT('',(-9.092895794188,4.900442857143,
    41.832042857143));
#4814 = VECTOR('',#4815,1.);
#4815 = DIRECTION('',(1.,0.,0.));
#4816 = PLANE('',#4817);
#4817 = AXIS2_PLACEMENT_3D('',#4818,#4819,#4820);
#4818 = CARTESIAN_POINT('',(-9.092895794188,4.866271428571,
    41.826285714286));
#4819 = DIRECTION('',(0.,-0.166136868447,0.98610270304));
#4820 = DIRECTION('',(0.,0.98610270304,0.166136868447));
#4821 = ADVANCED_FACE('',(#4822),#4840,.T.);
#4822 = FACE_BOUND('',#4823,.T.);
#4823 = EDGE_LOOP('',(#4824,#4825,#4826,#4834));
#4824 = ORIENTED_EDGE('',*,*,#1115,.T.);
#4825 = ORIENTED_EDGE('',*,*,#4811,.T.);
#4826 = ORIENTED_EDGE('',*,*,#4827,.T.);
#4827 = EDGE_CURVE('',#4804,#4828,#4830,.T.);
#4828 = VERTEX_POINT('',#4829);
#4829 = CARTESIAN_POINT('',(-8.492895794188,4.940371428571,
    41.843371428571));
#4830 = LINE('',#4831,#4832);
#4831 = CARTESIAN_POINT('',(-8.492895794188,4.900442857143,
    41.832042857143));
#4832 = VECTOR('',#4833,1.);
#4833 = DIRECTION('',(0.,0.962028866252,0.272947724844));
#4834 = ORIENTED_EDGE('',*,*,#4835,.F.);
#4835 = EDGE_CURVE('',#1108,#4828,#4836,.T.);
#4836 = LINE('',#4837,#4838);
#4837 = CARTESIAN_POINT('',(-9.092895794188,4.940371428571,
    41.843371428571));
#4838 = VECTOR('',#4839,1.);
#4839 = DIRECTION('',(1.,0.,0.));
#4840 = PLANE('',#4841);
#4841 = AXIS2_PLACEMENT_3D('',#4842,#4843,#4844);
#4842 = CARTESIAN_POINT('',(-9.092895794188,4.900442857143,
    41.832042857143));
#4843 = DIRECTION('',(0.,-0.272947724844,0.962028866252));
#4844 = DIRECTION('',(0.,0.962028866252,0.272947724844));
#4845 = ADVANCED_FACE('',(#4846),#4864,.T.);
#4846 = FACE_BOUND('',#4847,.T.);
#4847 = EDGE_LOOP('',(#4848,#4849,#4850,#4858));
#4848 = ORIENTED_EDGE('',*,*,#1107,.T.);
#4849 = ORIENTED_EDGE('',*,*,#4835,.T.);
#4850 = ORIENTED_EDGE('',*,*,#4851,.T.);
#4851 = EDGE_CURVE('',#4828,#4852,#4854,.T.);
#4852 = VERTEX_POINT('',#4853);
#4853 = CARTESIAN_POINT('',(-8.492895794188,4.968971428571,
    41.854885714286));
#4854 = LINE('',#4855,#4856);
#4855 = CARTESIAN_POINT('',(-8.492895794188,4.940371428571,
    41.843371428571));
#4856 = VECTOR('',#4857,1.);
#4857 = DIRECTION('',(0.,0.927643517938,0.373466870858));
#4858 = ORIENTED_EDGE('',*,*,#4859,.F.);
#4859 = EDGE_CURVE('',#1100,#4852,#4860,.T.);
#4860 = LINE('',#4861,#4862);
#4861 = CARTESIAN_POINT('',(-9.092895794188,4.968971428571,
    41.854885714286));
#4862 = VECTOR('',#4863,1.);
#4863 = DIRECTION('',(1.,0.,0.));
#4864 = PLANE('',#4865);
#4865 = AXIS2_PLACEMENT_3D('',#4866,#4867,#4868);
#4866 = CARTESIAN_POINT('',(-9.092895794188,4.940371428571,
    41.843371428571));
#4867 = DIRECTION('',(0.,-0.373466870858,0.927643517938));
#4868 = DIRECTION('',(0.,0.927643517938,0.373466870858));
#4869 = ADVANCED_FACE('',(#4870),#4888,.T.);
#4870 = FACE_BOUND('',#4871,.T.);
#4871 = EDGE_LOOP('',(#4872,#4873,#4874,#4882));
#4872 = ORIENTED_EDGE('',*,*,#1099,.T.);
#4873 = ORIENTED_EDGE('',*,*,#4859,.T.);
#4874 = ORIENTED_EDGE('',*,*,#4875,.T.);
#4875 = EDGE_CURVE('',#4852,#4876,#4878,.T.);
#4876 = VERTEX_POINT('',#4877);
#4877 = CARTESIAN_POINT('',(-8.492895794188,5.003142857143,
    41.871971428571));
#4878 = LINE('',#4879,#4880);
#4879 = CARTESIAN_POINT('',(-8.492895794188,4.968971428571,
    41.854885714286));
#4880 = VECTOR('',#4881,1.);
#4881 = DIRECTION('',(0.,0.894427191,0.4472135955));
#4882 = ORIENTED_EDGE('',*,*,#4883,.F.);
#4883 = EDGE_CURVE('',#1092,#4876,#4884,.T.);
#4884 = LINE('',#4885,#4886);
#4885 = CARTESIAN_POINT('',(-9.092895794188,5.003142857143,
    41.871971428571));
#4886 = VECTOR('',#4887,1.);
#4887 = DIRECTION('',(1.,0.,0.));
#4888 = PLANE('',#4889);
#4889 = AXIS2_PLACEMENT_3D('',#4890,#4891,#4892);
#4890 = CARTESIAN_POINT('',(-9.092895794188,4.968971428571,
    41.854885714286));
#4891 = DIRECTION('',(0.,-0.4472135955,0.894427191));
#4892 = DIRECTION('',(0.,0.894427191,0.4472135955));
#4893 = ADVANCED_FACE('',(#4894),#4912,.T.);
#4894 = FACE_BOUND('',#4895,.T.);
#4895 = EDGE_LOOP('',(#4896,#4897,#4898,#4906));
#4896 = ORIENTED_EDGE('',*,*,#1091,.T.);
#4897 = ORIENTED_EDGE('',*,*,#4883,.T.);
#4898 = ORIENTED_EDGE('',*,*,#4899,.T.);
#4899 = EDGE_CURVE('',#4876,#4900,#4902,.T.);
#4900 = VERTEX_POINT('',#4901);
#4901 = CARTESIAN_POINT('',(-8.492895794188,5.020228571429,
    41.889057142857));
#4902 = LINE('',#4903,#4904);
#4903 = CARTESIAN_POINT('',(-8.492895794188,5.003142857143,
    41.871971428571));
#4904 = VECTOR('',#4905,1.);
#4905 = DIRECTION('',(0.,0.707106781187,0.707106781187));
#4906 = ORIENTED_EDGE('',*,*,#4907,.F.);
#4907 = EDGE_CURVE('',#1084,#4900,#4908,.T.);
#4908 = LINE('',#4909,#4910);
#4909 = CARTESIAN_POINT('',(-9.092895794188,5.020228571429,
    41.889057142857));
#4910 = VECTOR('',#4911,1.);
#4911 = DIRECTION('',(1.,0.,0.));
#4912 = PLANE('',#4913);
#4913 = AXIS2_PLACEMENT_3D('',#4914,#4915,#4916);
#4914 = CARTESIAN_POINT('',(-9.092895794188,5.003142857143,
    41.871971428571));
#4915 = DIRECTION('',(0.,-0.707106781187,0.707106781187));
#4916 = DIRECTION('',(0.,0.707106781187,0.707106781187));
#4917 = ADVANCED_FACE('',(#4918),#4936,.T.);
#4918 = FACE_BOUND('',#4919,.T.);
#4919 = EDGE_LOOP('',(#4920,#4921,#4922,#4930));
#4920 = ORIENTED_EDGE('',*,*,#1083,.T.);
#4921 = ORIENTED_EDGE('',*,*,#4907,.T.);
#4922 = ORIENTED_EDGE('',*,*,#4923,.T.);
#4923 = EDGE_CURVE('',#4900,#4924,#4926,.T.);
#4924 = VERTEX_POINT('',#4925);
#4925 = CARTESIAN_POINT('',(-8.492895794188,5.043071428571,
    41.906142857143));
#4926 = LINE('',#4927,#4928);
#4927 = CARTESIAN_POINT('',(-8.492895794188,5.020228571429,
    41.889057142857));
#4928 = VECTOR('',#4929,1.);
#4929 = DIRECTION('',(0.,0.80078057117,0.598957825591));
#4930 = ORIENTED_EDGE('',*,*,#4931,.F.);
#4931 = EDGE_CURVE('',#1076,#4924,#4932,.T.);
#4932 = LINE('',#4933,#4934);
#4933 = CARTESIAN_POINT('',(-9.092895794188,5.043071428571,
    41.906142857143));
#4934 = VECTOR('',#4935,1.);
#4935 = DIRECTION('',(1.,0.,0.));
#4936 = PLANE('',#4937);
#4937 = AXIS2_PLACEMENT_3D('',#4938,#4939,#4940);
#4938 = CARTESIAN_POINT('',(-9.092895794188,5.020228571429,
    41.889057142857));
#4939 = DIRECTION('',(0.,-0.598957825591,0.80078057117));
#4940 = DIRECTION('',(0.,0.80078057117,0.598957825591));
#4941 = ADVANCED_FACE('',(#4942),#4960,.T.);
#4942 = FACE_BOUND('',#4943,.T.);
#4943 = EDGE_LOOP('',(#4944,#4945,#4946,#4954));
#4944 = ORIENTED_EDGE('',*,*,#1075,.T.);
#4945 = ORIENTED_EDGE('',*,*,#4931,.T.);
#4946 = ORIENTED_EDGE('',*,*,#4947,.T.);
#4947 = EDGE_CURVE('',#4924,#4948,#4950,.T.);
#4948 = VERTEX_POINT('',#4949);
#4949 = CARTESIAN_POINT('',(-8.492895794188,5.060157142857,
    41.928985714286));
#4950 = LINE('',#4951,#4952);
#4951 = CARTESIAN_POINT('',(-8.492895794188,5.043071428571,
    41.906142857143));
#4952 = VECTOR('',#4953,1.);
#4953 = DIRECTION('',(0.,0.598957825591,0.80078057117));
#4954 = ORIENTED_EDGE('',*,*,#4955,.F.);
#4955 = EDGE_CURVE('',#1068,#4948,#4956,.T.);
#4956 = LINE('',#4957,#4958);
#4957 = CARTESIAN_POINT('',(-9.092895794188,5.060157142857,
    41.928985714286));
#4958 = VECTOR('',#4959,1.);
#4959 = DIRECTION('',(1.,0.,0.));
#4960 = PLANE('',#4961);
#4961 = AXIS2_PLACEMENT_3D('',#4962,#4963,#4964);
#4962 = CARTESIAN_POINT('',(-9.092895794188,5.043071428571,
    41.906142857143));
#4963 = DIRECTION('',(0.,-0.80078057117,0.598957825591));
#4964 = DIRECTION('',(0.,0.598957825591,0.80078057117));
#4965 = ADVANCED_FACE('',(#4966),#4984,.T.);
#4966 = FACE_BOUND('',#4967,.T.);
#4967 = EDGE_LOOP('',(#4968,#4969,#4970,#4978));
#4968 = ORIENTED_EDGE('',*,*,#1067,.T.);
#4969 = ORIENTED_EDGE('',*,*,#4955,.T.);
#4970 = ORIENTED_EDGE('',*,*,#4971,.T.);
#4971 = EDGE_CURVE('',#4948,#4972,#4974,.T.);
#4972 = VERTEX_POINT('',#4973);
#4973 = CARTESIAN_POINT('',(-8.492895794188,5.077428571429,
    41.951828571429));
#4974 = LINE('',#4975,#4976);
#4975 = CARTESIAN_POINT('',(-8.492895794188,5.060157142857,
    41.928985714286));
#4976 = VECTOR('',#4977,1.);
#4977 = DIRECTION('',(0.,0.603108274872,0.797659331282));
#4978 = ORIENTED_EDGE('',*,*,#4979,.F.);
#4979 = EDGE_CURVE('',#1060,#4972,#4980,.T.);
#4980 = LINE('',#4981,#4982);
#4981 = CARTESIAN_POINT('',(-9.092895794188,5.077428571429,
    41.951828571429));
#4982 = VECTOR('',#4983,1.);
#4983 = DIRECTION('',(1.,0.,0.));
#4984 = PLANE('',#4985);
#4985 = AXIS2_PLACEMENT_3D('',#4986,#4987,#4988);
#4986 = CARTESIAN_POINT('',(-9.092895794188,5.060157142857,
    41.928985714286));
#4987 = DIRECTION('',(0.,-0.797659331282,0.603108274872));
#4988 = DIRECTION('',(0.,0.603108274872,0.797659331282));
#4989 = ADVANCED_FACE('',(#4990),#5008,.T.);
#4990 = FACE_BOUND('',#4991,.T.);
#4991 = EDGE_LOOP('',(#4992,#4993,#4994,#5002));
#4992 = ORIENTED_EDGE('',*,*,#1059,.T.);
#4993 = ORIENTED_EDGE('',*,*,#4979,.T.);
#4994 = ORIENTED_EDGE('',*,*,#4995,.T.);
#4995 = EDGE_CURVE('',#4972,#4996,#4998,.T.);
#4996 = VERTEX_POINT('',#4997);
#4997 = CARTESIAN_POINT('',(-8.492895794188,5.094514285714,
    41.974671428571));
#4998 = LINE('',#4999,#5000);
#4999 = CARTESIAN_POINT('',(-8.492895794188,5.077428571429,
    41.951828571429));
#5000 = VECTOR('',#5001,1.);
#5001 = DIRECTION('',(0.,0.598957825591,0.80078057117));
#5002 = ORIENTED_EDGE('',*,*,#5003,.F.);
#5003 = EDGE_CURVE('',#1052,#4996,#5004,.T.);
#5004 = LINE('',#5005,#5006);
#5005 = CARTESIAN_POINT('',(-9.092895794188,5.094514285714,
    41.974671428571));
#5006 = VECTOR('',#5007,1.);
#5007 = DIRECTION('',(1.,0.,0.));
#5008 = PLANE('',#5009);
#5009 = AXIS2_PLACEMENT_3D('',#5010,#5011,#5012);
#5010 = CARTESIAN_POINT('',(-9.092895794188,5.077428571429,
    41.951828571429));
#5011 = DIRECTION('',(0.,-0.80078057117,0.598957825591));
#5012 = DIRECTION('',(0.,0.598957825591,0.80078057117));
#5013 = ADVANCED_FACE('',(#5014),#5032,.T.);
#5014 = FACE_BOUND('',#5015,.T.);
#5015 = EDGE_LOOP('',(#5016,#5017,#5018,#5026));
#5016 = ORIENTED_EDGE('',*,*,#1051,.T.);
#5017 = ORIENTED_EDGE('',*,*,#5003,.T.);
#5018 = ORIENTED_EDGE('',*,*,#5019,.T.);
#5019 = EDGE_CURVE('',#4996,#5020,#5022,.T.);
#5020 = VERTEX_POINT('',#5021);
#5021 = CARTESIAN_POINT('',(-8.492895794188,5.105842857143,
    42.003085714286));
#5022 = LINE('',#5023,#5024);
#5023 = CARTESIAN_POINT('',(-8.492895794188,5.094514285714,
    41.974671428571));
#5024 = VECTOR('',#5025,1.);
#5025 = DIRECTION('',(0.,0.370343680353,0.92889480482));
#5026 = ORIENTED_EDGE('',*,*,#5027,.F.);
#5027 = EDGE_CURVE('',#1044,#5020,#5028,.T.);
#5028 = LINE('',#5029,#5030);
#5029 = CARTESIAN_POINT('',(-9.092895794188,5.105842857143,
    42.003085714286));
#5030 = VECTOR('',#5031,1.);
#5031 = DIRECTION('',(1.,0.,0.));
#5032 = PLANE('',#5033);
#5033 = AXIS2_PLACEMENT_3D('',#5034,#5035,#5036);
#5034 = CARTESIAN_POINT('',(-9.092895794188,5.094514285714,
    41.974671428571));
#5035 = DIRECTION('',(0.,-0.92889480482,0.370343680353));
#5036 = DIRECTION('',(0.,0.370343680353,0.92889480482));
#5037 = ADVANCED_FACE('',(#5038),#5056,.T.);
#5038 = FACE_BOUND('',#5039,.T.);
#5039 = EDGE_LOOP('',(#5040,#5041,#5042,#5050));
#5040 = ORIENTED_EDGE('',*,*,#1043,.T.);
#5041 = ORIENTED_EDGE('',*,*,#5027,.T.);
#5042 = ORIENTED_EDGE('',*,*,#5043,.T.);
#5043 = EDGE_CURVE('',#5020,#5044,#5046,.T.);
#5044 = VERTEX_POINT('',#5045);
#5045 = CARTESIAN_POINT('',(-8.492895794188,5.117357142857,
    42.025928571429));
#5046 = LINE('',#5047,#5048);
#5047 = CARTESIAN_POINT('',(-8.492895794188,5.105842857143,
    42.003085714286));
#5048 = VECTOR('',#5049,1.);
#5049 = DIRECTION('',(0.,0.450115207469,0.892970492237));
#5050 = ORIENTED_EDGE('',*,*,#5051,.F.);
#5051 = EDGE_CURVE('',#1036,#5044,#5052,.T.);
#5052 = LINE('',#5053,#5054);
#5053 = CARTESIAN_POINT('',(-9.092895794188,5.117357142857,
    42.025928571429));
#5054 = VECTOR('',#5055,1.);
#5055 = DIRECTION('',(1.,0.,0.));
#5056 = PLANE('',#5057);
#5057 = AXIS2_PLACEMENT_3D('',#5058,#5059,#5060);
#5058 = CARTESIAN_POINT('',(-9.092895794188,5.105842857143,
    42.003085714286));
#5059 = DIRECTION('',(0.,-0.892970492237,0.450115207469));
#5060 = DIRECTION('',(0.,0.450115207469,0.892970492237));
#5061 = ADVANCED_FACE('',(#5062),#5080,.T.);
#5062 = FACE_BOUND('',#5063,.T.);
#5063 = EDGE_LOOP('',(#5064,#5065,#5066,#5074));
#5064 = ORIENTED_EDGE('',*,*,#1035,.T.);
#5065 = ORIENTED_EDGE('',*,*,#5051,.T.);
#5066 = ORIENTED_EDGE('',*,*,#5067,.T.);
#5067 = EDGE_CURVE('',#5044,#5068,#5070,.T.);
#5068 = VERTEX_POINT('',#5069);
#5069 = CARTESIAN_POINT('',(-8.492895794188,5.122928571429,
    42.054528571429));
#5070 = LINE('',#5071,#5072);
#5071 = CARTESIAN_POINT('',(-8.492895794188,5.117357142857,
    42.025928571429));
#5072 = VECTOR('',#5073,1.);
#5073 = DIRECTION('',(0.,0.191210841639,0.981548987081));
#5074 = ORIENTED_EDGE('',*,*,#5075,.F.);
#5075 = EDGE_CURVE('',#1028,#5068,#5076,.T.);
#5076 = LINE('',#5077,#5078);
#5077 = CARTESIAN_POINT('',(-9.092895794188,5.122928571429,
    42.054528571429));
#5078 = VECTOR('',#5079,1.);
#5079 = DIRECTION('',(1.,0.,0.));
#5080 = PLANE('',#5081);
#5081 = AXIS2_PLACEMENT_3D('',#5082,#5083,#5084);
#5082 = CARTESIAN_POINT('',(-9.092895794188,5.117357142857,
    42.025928571429));
#5083 = DIRECTION('',(0.,-0.981548987081,0.191210841639));
#5084 = DIRECTION('',(0.,0.191210841639,0.981548987081));
#5085 = ADVANCED_FACE('',(#5086),#5104,.T.);
#5086 = FACE_BOUND('',#5087,.T.);
#5087 = EDGE_LOOP('',(#5088,#5089,#5090,#5098));
#5088 = ORIENTED_EDGE('',*,*,#1027,.T.);
#5089 = ORIENTED_EDGE('',*,*,#5075,.T.);
#5090 = ORIENTED_EDGE('',*,*,#5091,.T.);
#5091 = EDGE_CURVE('',#5068,#5092,#5094,.T.);
#5092 = VERTEX_POINT('',#5093);
#5093 = CARTESIAN_POINT('',(-8.492895794188,5.128685714286,
    42.082942857143));
#5094 = LINE('',#5095,#5096);
#5095 = CARTESIAN_POINT('',(-8.492895794188,5.122928571429,
    42.054528571429));
#5096 = VECTOR('',#5097,1.);
#5097 = DIRECTION('',(0.,0.198579278868,0.980084827963));
#5098 = ORIENTED_EDGE('',*,*,#5099,.F.);
#5099 = EDGE_CURVE('',#1020,#5092,#5100,.T.);
#5100 = LINE('',#5101,#5102);
#5101 = CARTESIAN_POINT('',(-9.092895794188,5.128685714286,
    42.082942857143));
#5102 = VECTOR('',#5103,1.);
#5103 = DIRECTION('',(1.,0.,0.));
#5104 = PLANE('',#5105);
#5105 = AXIS2_PLACEMENT_3D('',#5106,#5107,#5108);
#5106 = CARTESIAN_POINT('',(-9.092895794188,5.122928571429,
    42.054528571429));
#5107 = DIRECTION('',(0.,-0.980084827963,0.198579278868));
#5108 = DIRECTION('',(0.,0.198579278868,0.980084827963));
#5109 = ADVANCED_FACE('',(#5110),#5135,.T.);
#5110 = FACE_BOUND('',#5111,.T.);
#5111 = EDGE_LOOP('',(#5112,#5113,#5121,#5129));
#5112 = ORIENTED_EDGE('',*,*,#1011,.T.);
#5113 = ORIENTED_EDGE('',*,*,#5114,.T.);
#5114 = EDGE_CURVE('',#1012,#5115,#5117,.T.);
#5115 = VERTEX_POINT('',#5116);
#5116 = CARTESIAN_POINT('',(-8.492895794188,5.128685714286,
    42.140142857143));
#5117 = LINE('',#5118,#5119);
#5118 = CARTESIAN_POINT('',(-9.092895794188,5.128685714286,
    42.140142857143));
#5119 = VECTOR('',#5120,1.);
#5120 = DIRECTION('',(1.,0.,0.));
#5121 = ORIENTED_EDGE('',*,*,#5122,.T.);
#5122 = EDGE_CURVE('',#5115,#5123,#5125,.T.);
#5123 = VERTEX_POINT('',#5124);
#5124 = CARTESIAN_POINT('',(-8.492895794188,5.122928571429,42.1628));
#5125 = LINE('',#5126,#5127);
#5126 = CARTESIAN_POINT('',(-8.492895794188,5.128685714286,
    42.140142857143));
#5127 = VECTOR('',#5128,1.);
#5128 = DIRECTION('',(0.,-0.246272303221,0.96920067719));
#5129 = ORIENTED_EDGE('',*,*,#5130,.F.);
#5130 = EDGE_CURVE('',#1004,#5123,#5131,.T.);
#5131 = LINE('',#5132,#5133);
#5132 = CARTESIAN_POINT('',(-9.092895794188,5.122928571429,42.1628));
#5133 = VECTOR('',#5134,1.);
#5134 = DIRECTION('',(1.,0.,0.));
#5135 = PLANE('',#5136);
#5136 = AXIS2_PLACEMENT_3D('',#5137,#5138,#5139);
#5137 = CARTESIAN_POINT('',(-9.092895794188,5.128685714286,
    42.140142857143));
#5138 = DIRECTION('',(0.,-0.96920067719,-0.246272303221));
#5139 = DIRECTION('',(0.,-0.246272303221,0.96920067719));
#5140 = ADVANCED_FACE('',(#5141),#5159,.T.);
#5141 = FACE_BOUND('',#5142,.T.);
#5142 = EDGE_LOOP('',(#5143,#5144,#5145,#5153));
#5143 = ORIENTED_EDGE('',*,*,#1003,.T.);
#5144 = ORIENTED_EDGE('',*,*,#5130,.T.);
#5145 = ORIENTED_EDGE('',*,*,#5146,.T.);
#5146 = EDGE_CURVE('',#5123,#5147,#5149,.T.);
#5147 = VERTEX_POINT('',#5148);
#5148 = CARTESIAN_POINT('',(-8.492895794188,5.117357142857,42.1914));
#5149 = LINE('',#5150,#5151);
#5150 = CARTESIAN_POINT('',(-8.492895794188,5.122928571429,42.1628));
#5151 = VECTOR('',#5152,1.);
#5152 = DIRECTION('',(0.,-0.191210841639,0.981548987081));
#5153 = ORIENTED_EDGE('',*,*,#5154,.F.);
#5154 = EDGE_CURVE('',#996,#5147,#5155,.T.);
#5155 = LINE('',#5156,#5157);
#5156 = CARTESIAN_POINT('',(-9.092895794188,5.117357142857,42.1914));
#5157 = VECTOR('',#5158,1.);
#5158 = DIRECTION('',(1.,0.,0.));
#5159 = PLANE('',#5160);
#5160 = AXIS2_PLACEMENT_3D('',#5161,#5162,#5163);
#5161 = CARTESIAN_POINT('',(-9.092895794188,5.122928571429,42.1628));
#5162 = DIRECTION('',(0.,-0.981548987081,-0.191210841639));
#5163 = DIRECTION('',(0.,-0.191210841639,0.981548987081));
#5164 = ADVANCED_FACE('',(#5165),#5183,.T.);
#5165 = FACE_BOUND('',#5166,.T.);
#5166 = EDGE_LOOP('',(#5167,#5168,#5169,#5177));
#5167 = ORIENTED_EDGE('',*,*,#995,.T.);
#5168 = ORIENTED_EDGE('',*,*,#5154,.T.);
#5169 = ORIENTED_EDGE('',*,*,#5170,.T.);
#5170 = EDGE_CURVE('',#5147,#5171,#5173,.T.);
#5171 = VERTEX_POINT('',#5172);
#5172 = CARTESIAN_POINT('',(-8.492895794188,5.105842857143,42.22));
#5173 = LINE('',#5174,#5175);
#5174 = CARTESIAN_POINT('',(-8.492895794188,5.117357142857,42.1914));
#5175 = VECTOR('',#5176,1.);
#5176 = DIRECTION('',(0.,-0.373466870858,0.927643517938));
#5177 = ORIENTED_EDGE('',*,*,#5178,.F.);
#5178 = EDGE_CURVE('',#988,#5171,#5179,.T.);
#5179 = LINE('',#5180,#5181);
#5180 = CARTESIAN_POINT('',(-9.092895794188,5.105842857143,42.22));
#5181 = VECTOR('',#5182,1.);
#5182 = DIRECTION('',(1.,0.,0.));
#5183 = PLANE('',#5184);
#5184 = AXIS2_PLACEMENT_3D('',#5185,#5186,#5187);
#5185 = CARTESIAN_POINT('',(-9.092895794188,5.117357142857,42.1914));
#5186 = DIRECTION('',(0.,-0.927643517938,-0.373466870858));
#5187 = DIRECTION('',(0.,-0.373466870858,0.927643517938));
#5188 = ADVANCED_FACE('',(#5189),#5207,.T.);
#5189 = FACE_BOUND('',#5190,.T.);
#5190 = EDGE_LOOP('',(#5191,#5192,#5193,#5201));
#5191 = ORIENTED_EDGE('',*,*,#987,.T.);
#5192 = ORIENTED_EDGE('',*,*,#5178,.T.);
#5193 = ORIENTED_EDGE('',*,*,#5194,.T.);
#5194 = EDGE_CURVE('',#5171,#5195,#5197,.T.);
#5195 = VERTEX_POINT('',#5196);
#5196 = CARTESIAN_POINT('',(-8.492895794188,5.094514285714,
    42.242842857143));
#5197 = LINE('',#5198,#5199);
#5198 = CARTESIAN_POINT('',(-8.492895794188,5.105842857143,42.22));
#5199 = VECTOR('',#5200,1.);
#5200 = DIRECTION('',(0.,-0.444297794845,0.895879160097));
#5201 = ORIENTED_EDGE('',*,*,#5202,.F.);
#5202 = EDGE_CURVE('',#980,#5195,#5203,.T.);
#5203 = LINE('',#5204,#5205);
#5204 = CARTESIAN_POINT('',(-9.092895794188,5.094514285714,
    42.242842857143));
#5205 = VECTOR('',#5206,1.);
#5206 = DIRECTION('',(1.,0.,0.));
#5207 = PLANE('',#5208);
#5208 = AXIS2_PLACEMENT_3D('',#5209,#5210,#5211);
#5209 = CARTESIAN_POINT('',(-9.092895794188,5.105842857143,42.22));
#5210 = DIRECTION('',(0.,-0.895879160097,-0.444297794845));
#5211 = DIRECTION('',(0.,-0.444297794845,0.895879160097));
#5212 = ADVANCED_FACE('',(#5213),#5231,.T.);
#5213 = FACE_BOUND('',#5214,.T.);
#5214 = EDGE_LOOP('',(#5215,#5216,#5217,#5225));
#5215 = ORIENTED_EDGE('',*,*,#979,.T.);
#5216 = ORIENTED_EDGE('',*,*,#5202,.T.);
#5217 = ORIENTED_EDGE('',*,*,#5218,.T.);
#5218 = EDGE_CURVE('',#5195,#5219,#5221,.T.);
#5219 = VERTEX_POINT('',#5220);
#5220 = CARTESIAN_POINT('',(-8.492895794188,5.083,42.271257142857));
#5221 = LINE('',#5222,#5223);
#5222 = CARTESIAN_POINT('',(-8.492895794188,5.094514285714,
    42.242842857143));
#5223 = VECTOR('',#5224,1.);
#5224 = DIRECTION('',(0.,-0.375564497639,0.926796260304));
#5225 = ORIENTED_EDGE('',*,*,#5226,.F.);
#5226 = EDGE_CURVE('',#972,#5219,#5227,.T.);
#5227 = LINE('',#5228,#5229);
#5228 = CARTESIAN_POINT('',(-9.092895794188,5.083,42.271257142857));
#5229 = VECTOR('',#5230,1.);
#5230 = DIRECTION('',(1.,0.,0.));
#5231 = PLANE('',#5232);
#5232 = AXIS2_PLACEMENT_3D('',#5233,#5234,#5235);
#5233 = CARTESIAN_POINT('',(-9.092895794188,5.094514285714,
    42.242842857143));
#5234 = DIRECTION('',(0.,-0.926796260304,-0.375564497639));
#5235 = DIRECTION('',(0.,-0.375564497639,0.926796260304));
#5236 = ADVANCED_FACE('',(#5237),#5255,.T.);
#5237 = FACE_BOUND('',#5238,.T.);
#5238 = EDGE_LOOP('',(#5239,#5240,#5241,#5249));
#5239 = ORIENTED_EDGE('',*,*,#971,.T.);
#5240 = ORIENTED_EDGE('',*,*,#5226,.T.);
#5241 = ORIENTED_EDGE('',*,*,#5242,.T.);
#5242 = EDGE_CURVE('',#5219,#5243,#5245,.T.);
#5243 = VERTEX_POINT('',#5244);
#5244 = CARTESIAN_POINT('',(-8.492895794188,5.065914285714,
    42.288342857143));
#5245 = LINE('',#5246,#5247);
#5246 = CARTESIAN_POINT('',(-8.492895794188,5.083,42.271257142857));
#5247 = VECTOR('',#5248,1.);
#5248 = DIRECTION('',(0.,-0.707106781187,0.707106781187));
#5249 = ORIENTED_EDGE('',*,*,#5250,.F.);
#5250 = EDGE_CURVE('',#964,#5243,#5251,.T.);
#5251 = LINE('',#5252,#5253);
#5252 = CARTESIAN_POINT('',(-9.092895794188,5.065914285714,
    42.288342857143));
#5253 = VECTOR('',#5254,1.);
#5254 = DIRECTION('',(1.,0.,0.));
#5255 = PLANE('',#5256);
#5256 = AXIS2_PLACEMENT_3D('',#5257,#5258,#5259);
#5257 = CARTESIAN_POINT('',(-9.092895794188,5.083,42.271257142857));
#5258 = DIRECTION('',(0.,-0.707106781187,-0.707106781187));
#5259 = DIRECTION('',(0.,-0.707106781187,0.707106781187));
#5260 = ADVANCED_FACE('',(#5261),#5279,.T.);
#5261 = FACE_BOUND('',#5262,.T.);
#5262 = EDGE_LOOP('',(#5263,#5264,#5265,#5273));
#5263 = ORIENTED_EDGE('',*,*,#963,.T.);
#5264 = ORIENTED_EDGE('',*,*,#5250,.T.);
#5265 = ORIENTED_EDGE('',*,*,#5266,.T.);
#5266 = EDGE_CURVE('',#5243,#5267,#5269,.T.);
#5267 = VERTEX_POINT('',#5268);
#5268 = CARTESIAN_POINT('',(-8.492895794188,5.043071428571,
    42.316942857143));
#5269 = LINE('',#5270,#5271);
#5270 = CARTESIAN_POINT('',(-8.492895794188,5.065914285714,
    42.288342857143));
#5271 = VECTOR('',#5272,1.);
#5272 = DIRECTION('',(0.,-0.62407609663,0.781363568139));
#5273 = ORIENTED_EDGE('',*,*,#5274,.F.);
#5274 = EDGE_CURVE('',#956,#5267,#5275,.T.);
#5275 = LINE('',#5276,#5277);
#5276 = CARTESIAN_POINT('',(-9.092895794188,5.043071428571,
    42.316942857143));
#5277 = VECTOR('',#5278,1.);
#5278 = DIRECTION('',(1.,0.,0.));
#5279 = PLANE('',#5280);
#5280 = AXIS2_PLACEMENT_3D('',#5281,#5282,#5283);
#5281 = CARTESIAN_POINT('',(-9.092895794188,5.065914285714,
    42.288342857143));
#5282 = DIRECTION('',(0.,-0.781363568139,-0.62407609663));
#5283 = DIRECTION('',(0.,-0.62407609663,0.781363568139));
#5284 = ADVANCED_FACE('',(#5285),#5310,.T.);
#5285 = FACE_BOUND('',#5286,.T.);
#5286 = EDGE_LOOP('',(#5287,#5288,#5296,#5304));
#5287 = ORIENTED_EDGE('',*,*,#947,.T.);
#5288 = ORIENTED_EDGE('',*,*,#5289,.T.);
#5289 = EDGE_CURVE('',#948,#5290,#5292,.T.);
#5290 = VERTEX_POINT('',#5291);
#5291 = CARTESIAN_POINT('',(-8.492895794188,4.997385714286,
    42.351114285714));
#5292 = LINE('',#5293,#5294);
#5293 = CARTESIAN_POINT('',(-9.092895794188,4.997385714286,
    42.351114285714));
#5294 = VECTOR('',#5295,1.);
#5295 = DIRECTION('',(1.,0.,0.));
#5296 = ORIENTED_EDGE('',*,*,#5297,.T.);
#5297 = EDGE_CURVE('',#5290,#5298,#5300,.T.);
#5298 = VERTEX_POINT('',#5299);
#5299 = CARTESIAN_POINT('',(-8.492895794188,4.968971428571,42.3682));
#5300 = LINE('',#5301,#5302);
#5301 = CARTESIAN_POINT('',(-8.492895794188,4.997385714286,
    42.351114285714));
#5302 = VECTOR('',#5303,1.);
#5303 = DIRECTION('',(0.,-0.856998298068,0.515319238054));
#5304 = ORIENTED_EDGE('',*,*,#5305,.F.);
#5305 = EDGE_CURVE('',#940,#5298,#5306,.T.);
#5306 = LINE('',#5307,#5308);
#5307 = CARTESIAN_POINT('',(-9.092895794188,4.968971428571,42.3682));
#5308 = VECTOR('',#5309,1.);
#5309 = DIRECTION('',(1.,0.,0.));
#5310 = PLANE('',#5311);
#5311 = AXIS2_PLACEMENT_3D('',#5312,#5313,#5314);
#5312 = CARTESIAN_POINT('',(-9.092895794188,4.997385714286,
    42.351114285714));
#5313 = DIRECTION('',(0.,-0.515319238054,-0.856998298068));
#5314 = DIRECTION('',(0.,-0.856998298068,0.515319238054));
#5315 = ADVANCED_FACE('',(#5316),#5334,.T.);
#5316 = FACE_BOUND('',#5317,.T.);
#5317 = EDGE_LOOP('',(#5318,#5319,#5320,#5328));
#5318 = ORIENTED_EDGE('',*,*,#939,.T.);
#5319 = ORIENTED_EDGE('',*,*,#5305,.T.);
#5320 = ORIENTED_EDGE('',*,*,#5321,.T.);
#5321 = EDGE_CURVE('',#5298,#5322,#5324,.T.);
#5322 = VERTEX_POINT('',#5323);
#5323 = CARTESIAN_POINT('',(-8.492895794188,4.946128571429,
    42.379714285714));
#5324 = LINE('',#5325,#5326);
#5325 = CARTESIAN_POINT('',(-8.492895794188,4.968971428571,42.3682));
#5326 = VECTOR('',#5327,1.);
#5327 = DIRECTION('',(0.,-0.892970492237,0.450115207469));
#5328 = ORIENTED_EDGE('',*,*,#5329,.F.);
#5329 = EDGE_CURVE('',#932,#5322,#5330,.T.);
#5330 = LINE('',#5331,#5332);
#5331 = CARTESIAN_POINT('',(-9.092895794188,4.946128571429,
    42.379714285714));
#5332 = VECTOR('',#5333,1.);
#5333 = DIRECTION('',(1.,0.,0.));
#5334 = PLANE('',#5335);
#5335 = AXIS2_PLACEMENT_3D('',#5336,#5337,#5338);
#5336 = CARTESIAN_POINT('',(-9.092895794188,4.968971428571,42.3682));
#5337 = DIRECTION('',(0.,-0.450115207469,-0.892970492237));
#5338 = DIRECTION('',(0.,-0.892970492237,0.450115207469));
#5339 = ADVANCED_FACE('',(#5340),#5358,.T.);
#5340 = FACE_BOUND('',#5341,.T.);
#5341 = EDGE_LOOP('',(#5342,#5343,#5344,#5352));
#5342 = ORIENTED_EDGE('',*,*,#931,.T.);
#5343 = ORIENTED_EDGE('',*,*,#5329,.T.);
#5344 = ORIENTED_EDGE('',*,*,#5345,.T.);
#5345 = EDGE_CURVE('',#5322,#5346,#5348,.T.);
#5346 = VERTEX_POINT('',#5347);
#5347 = CARTESIAN_POINT('',(-8.492895794188,4.917528571429,
    42.385471428571));
#5348 = LINE('',#5349,#5350);
#5349 = CARTESIAN_POINT('',(-8.492895794188,4.946128571429,
    42.379714285714));
#5350 = VECTOR('',#5351,1.);
#5351 = DIRECTION('',(0.,-0.980335072596,0.197340176951));
#5352 = ORIENTED_EDGE('',*,*,#5353,.F.);
#5353 = EDGE_CURVE('',#924,#5346,#5354,.T.);
#5354 = LINE('',#5355,#5356);
#5355 = CARTESIAN_POINT('',(-9.092895794188,4.917528571429,
    42.385471428571));
#5356 = VECTOR('',#5357,1.);
#5357 = DIRECTION('',(1.,0.,0.));
#5358 = PLANE('',#5359);
#5359 = AXIS2_PLACEMENT_3D('',#5360,#5361,#5362);
#5360 = CARTESIAN_POINT('',(-9.092895794188,4.946128571429,
    42.379714285714));
#5361 = DIRECTION('',(0.,-0.197340176951,-0.980335072596));
#5362 = DIRECTION('',(0.,-0.980335072596,0.197340176951));
#5363 = ADVANCED_FACE('',(#5364),#5382,.T.);
#5364 = FACE_BOUND('',#5365,.T.);
#5365 = EDGE_LOOP('',(#5366,#5367,#5368,#5376));
#5366 = ORIENTED_EDGE('',*,*,#923,.T.);
#5367 = ORIENTED_EDGE('',*,*,#5353,.T.);
#5368 = ORIENTED_EDGE('',*,*,#5369,.T.);
#5369 = EDGE_CURVE('',#5346,#5370,#5372,.T.);
#5370 = VERTEX_POINT('',#5371);
#5371 = CARTESIAN_POINT('',(-8.492895794188,4.889114285714,
    42.391042857143));
#5372 = LINE('',#5373,#5374);
#5373 = CARTESIAN_POINT('',(-8.492895794188,4.917528571429,
    42.385471428571));
#5374 = VECTOR('',#5375,1.);
#5375 = DIRECTION('',(0.,-0.981313749677,0.192414460721));
#5376 = ORIENTED_EDGE('',*,*,#5377,.F.);
#5377 = EDGE_CURVE('',#916,#5370,#5378,.T.);
#5378 = LINE('',#5379,#5380);
#5379 = CARTESIAN_POINT('',(-9.092895794188,4.889114285714,
    42.391042857143));
#5380 = VECTOR('',#5381,1.);
#5381 = DIRECTION('',(1.,0.,0.));
#5382 = PLANE('',#5383);
#5383 = AXIS2_PLACEMENT_3D('',#5384,#5385,#5386);
#5384 = CARTESIAN_POINT('',(-9.092895794188,4.917528571429,
    42.385471428571));
#5385 = DIRECTION('',(0.,-0.192414460721,-0.981313749677));
#5386 = DIRECTION('',(0.,-0.981313749677,0.192414460721));
#5387 = ADVANCED_FACE('',(#5388),#5406,.T.);
#5388 = FACE_BOUND('',#5389,.T.);
#5389 = EDGE_LOOP('',(#5390,#5391,#5392,#5400));
#5390 = ORIENTED_EDGE('',*,*,#915,.T.);
#5391 = ORIENTED_EDGE('',*,*,#5377,.T.);
#5392 = ORIENTED_EDGE('',*,*,#5393,.T.);
#5393 = EDGE_CURVE('',#5370,#5394,#5396,.T.);
#5394 = VERTEX_POINT('',#5395);
#5395 = CARTESIAN_POINT('',(-8.492895794188,4.843428571429,42.3968));
#5396 = LINE('',#5397,#5398);
#5397 = CARTESIAN_POINT('',(-8.492895794188,4.889114285714,
    42.391042857143));
#5398 = VECTOR('',#5399,1.);
#5399 = DIRECTION('',(0.,-0.992153283358,0.125027446277));
#5400 = ORIENTED_EDGE('',*,*,#5401,.F.);
#5401 = EDGE_CURVE('',#908,#5394,#5402,.T.);
#5402 = LINE('',#5403,#5404);
#5403 = CARTESIAN_POINT('',(-9.092895794188,4.843428571429,42.3968));
#5404 = VECTOR('',#5405,1.);
#5405 = DIRECTION('',(1.,0.,0.));
#5406 = PLANE('',#5407);
#5407 = AXIS2_PLACEMENT_3D('',#5408,#5409,#5410);
#5408 = CARTESIAN_POINT('',(-9.092895794188,4.889114285714,
    42.391042857143));
#5409 = DIRECTION('',(0.,-0.125027446277,-0.992153283358));
#5410 = DIRECTION('',(0.,-0.992153283358,0.125027446277));
#5411 = ADVANCED_FACE('',(#5412),#5430,.T.);
#5412 = FACE_BOUND('',#5413,.T.);
#5413 = EDGE_LOOP('',(#5414,#5415,#5416,#5424));
#5414 = ORIENTED_EDGE('',*,*,#907,.T.);
#5415 = ORIENTED_EDGE('',*,*,#5401,.T.);
#5416 = ORIENTED_EDGE('',*,*,#5417,.T.);
#5417 = EDGE_CURVE('',#5394,#5418,#5420,.T.);
#5418 = VERTEX_POINT('',#5419);
#5419 = CARTESIAN_POINT('',(-8.492895794188,4.415542857143,42.3968));
#5420 = LINE('',#5421,#5422);
#5421 = CARTESIAN_POINT('',(-8.492895794188,4.843428571429,42.3968));
#5422 = VECTOR('',#5423,1.);
#5423 = DIRECTION('',(0.,-1.,0.));
#5424 = ORIENTED_EDGE('',*,*,#5425,.F.);
#5425 = EDGE_CURVE('',#900,#5418,#5426,.T.);
#5426 = LINE('',#5427,#5428);
#5427 = CARTESIAN_POINT('',(-9.092895794188,4.415542857143,42.3968));
#5428 = VECTOR('',#5429,1.);
#5429 = DIRECTION('',(1.,0.,0.));
#5430 = PLANE('',#5431);
#5431 = AXIS2_PLACEMENT_3D('',#5432,#5433,#5434);
#5432 = CARTESIAN_POINT('',(-9.092895794188,4.843428571429,42.3968));
#5433 = DIRECTION('',(0.,0.,-1.));
#5434 = DIRECTION('',(0.,-1.,0.));
#5435 = ADVANCED_FACE('',(#5436),#5454,.T.);
#5436 = FACE_BOUND('',#5437,.T.);
#5437 = EDGE_LOOP('',(#5438,#5439,#5440,#5448));
#5438 = ORIENTED_EDGE('',*,*,#899,.T.);
#5439 = ORIENTED_EDGE('',*,*,#5425,.T.);
#5440 = ORIENTED_EDGE('',*,*,#5441,.T.);
#5441 = EDGE_CURVE('',#5418,#5442,#5444,.T.);
#5442 = VERTEX_POINT('',#5443);
#5443 = CARTESIAN_POINT('',(-8.492895794188,4.358528571429,
    42.391042857143));
#5444 = LINE('',#5445,#5446);
#5445 = CARTESIAN_POINT('',(-8.492895794188,4.415542857143,42.3968));
#5446 = VECTOR('',#5447,1.);
#5447 = DIRECTION('',(0.,-0.994940461748,-0.100466300698));
#5448 = ORIENTED_EDGE('',*,*,#5449,.F.);
#5449 = EDGE_CURVE('',#892,#5442,#5450,.T.);
#5450 = LINE('',#5451,#5452);
#5451 = CARTESIAN_POINT('',(-9.092895794188,4.358528571429,
    42.391042857143));
#5452 = VECTOR('',#5453,1.);
#5453 = DIRECTION('',(1.,0.,0.));
#5454 = PLANE('',#5455);
#5455 = AXIS2_PLACEMENT_3D('',#5456,#5457,#5458);
#5456 = CARTESIAN_POINT('',(-9.092895794188,4.415542857143,42.3968));
#5457 = DIRECTION('',(0.,0.100466300698,-0.994940461748));
#5458 = DIRECTION('',(0.,-0.994940461748,-0.100466300698));
#5459 = ADVANCED_FACE('',(#5460),#5478,.T.);
#5460 = FACE_BOUND('',#5461,.T.);
#5461 = EDGE_LOOP('',(#5462,#5463,#5464,#5472));
#5462 = ORIENTED_EDGE('',*,*,#891,.T.);
#5463 = ORIENTED_EDGE('',*,*,#5449,.T.);
#5464 = ORIENTED_EDGE('',*,*,#5465,.T.);
#5465 = EDGE_CURVE('',#5442,#5466,#5468,.T.);
#5466 = VERTEX_POINT('',#5467);
#5467 = CARTESIAN_POINT('',(-8.492895794188,4.312842857143,
    42.385471428571));
#5468 = LINE('',#5469,#5470);
#5469 = CARTESIAN_POINT('',(-8.492895794188,4.358528571429,
    42.391042857143));
#5470 = VECTOR('',#5471,1.);
#5471 = DIRECTION('',(0.,-0.992645877551,-0.121054375311));
#5472 = ORIENTED_EDGE('',*,*,#5473,.F.);
#5473 = EDGE_CURVE('',#884,#5466,#5474,.T.);
#5474 = LINE('',#5475,#5476);
#5475 = CARTESIAN_POINT('',(-9.092895794188,4.312842857143,
    42.385471428571));
#5476 = VECTOR('',#5477,1.);
#5477 = DIRECTION('',(1.,0.,0.));
#5478 = PLANE('',#5479);
#5479 = AXIS2_PLACEMENT_3D('',#5480,#5481,#5482);
#5480 = CARTESIAN_POINT('',(-9.092895794188,4.358528571429,
    42.391042857143));
#5481 = DIRECTION('',(0.,0.121054375311,-0.992645877551));
#5482 = DIRECTION('',(0.,-0.992645877551,-0.121054375311));
#5483 = ADVANCED_FACE('',(#5484),#5502,.T.);
#5484 = FACE_BOUND('',#5485,.T.);
#5485 = EDGE_LOOP('',(#5486,#5487,#5488,#5496));
#5486 = ORIENTED_EDGE('',*,*,#883,.T.);
#5487 = ORIENTED_EDGE('',*,*,#5473,.T.);
#5488 = ORIENTED_EDGE('',*,*,#5489,.T.);
#5489 = EDGE_CURVE('',#5466,#5490,#5492,.T.);
#5490 = VERTEX_POINT('',#5491);
#5491 = CARTESIAN_POINT('',(-8.492895794188,4.278671428571,
    42.379714285714));
#5492 = LINE('',#5493,#5494);
#5493 = CARTESIAN_POINT('',(-8.492895794188,4.312842857143,
    42.385471428571));
#5494 = VECTOR('',#5495,1.);
#5495 = DIRECTION('',(0.,-0.98610270304,-0.166136868447));
#5496 = ORIENTED_EDGE('',*,*,#5497,.F.);
#5497 = EDGE_CURVE('',#876,#5490,#5498,.T.);
#5498 = LINE('',#5499,#5500);
#5499 = CARTESIAN_POINT('',(-9.092895794188,4.278671428571,
    42.379714285714));
#5500 = VECTOR('',#5501,1.);
#5501 = DIRECTION('',(1.,0.,0.));
#5502 = PLANE('',#5503);
#5503 = AXIS2_PLACEMENT_3D('',#5504,#5505,#5506);
#5504 = CARTESIAN_POINT('',(-9.092895794188,4.312842857143,
    42.385471428571));
#5505 = DIRECTION('',(0.,0.166136868447,-0.98610270304));
#5506 = DIRECTION('',(0.,-0.98610270304,-0.166136868447));
#5507 = ADVANCED_FACE('',(#5508),#5526,.T.);
#5508 = FACE_BOUND('',#5509,.T.);
#5509 = EDGE_LOOP('',(#5510,#5511,#5512,#5520));
#5510 = ORIENTED_EDGE('',*,*,#875,.T.);
#5511 = ORIENTED_EDGE('',*,*,#5497,.T.);
#5512 = ORIENTED_EDGE('',*,*,#5513,.T.);
#5513 = EDGE_CURVE('',#5490,#5514,#5516,.T.);
#5514 = VERTEX_POINT('',#5515);
#5515 = CARTESIAN_POINT('',(-8.492895794188,4.238742857143,42.3682));
#5516 = LINE('',#5517,#5518);
#5517 = CARTESIAN_POINT('',(-8.492895794188,4.278671428571,
    42.379714285714));
#5518 = VECTOR('',#5519,1.);
#5519 = DIRECTION('',(0.,-0.960846474829,-0.27708130902));
#5520 = ORIENTED_EDGE('',*,*,#5521,.F.);
#5521 = EDGE_CURVE('',#868,#5514,#5522,.T.);
#5522 = LINE('',#5523,#5524);
#5523 = CARTESIAN_POINT('',(-9.092895794188,4.238742857143,42.3682));
#5524 = VECTOR('',#5525,1.);
#5525 = DIRECTION('',(1.,0.,0.));
#5526 = PLANE('',#5527);
#5527 = AXIS2_PLACEMENT_3D('',#5528,#5529,#5530);
#5528 = CARTESIAN_POINT('',(-9.092895794188,4.278671428571,
    42.379714285714));
#5529 = DIRECTION('',(0.,0.27708130902,-0.960846474829));
#5530 = DIRECTION('',(0.,-0.960846474829,-0.27708130902));
#5531 = ADVANCED_FACE('',(#5532),#5550,.T.);
#5532 = FACE_BOUND('',#5533,.T.);
#5533 = EDGE_LOOP('',(#5534,#5535,#5536,#5544));
#5534 = ORIENTED_EDGE('',*,*,#867,.T.);
#5535 = ORIENTED_EDGE('',*,*,#5521,.T.);
#5536 = ORIENTED_EDGE('',*,*,#5537,.T.);
#5537 = EDGE_CURVE('',#5514,#5538,#5540,.T.);
#5538 = VERTEX_POINT('',#5539);
#5539 = CARTESIAN_POINT('',(-8.492895794188,4.181542857143,
    42.345542857143));
#5540 = LINE('',#5541,#5542);
#5541 = CARTESIAN_POINT('',(-8.492895794188,4.238742857143,42.3682));
#5542 = VECTOR('',#5543,1.);
#5543 = DIRECTION('',(0.,-0.929720504504,-0.368265914122));
#5544 = ORIENTED_EDGE('',*,*,#5545,.F.);
#5545 = EDGE_CURVE('',#860,#5538,#5546,.T.);
#5546 = LINE('',#5547,#5548);
#5547 = CARTESIAN_POINT('',(-9.092895794188,4.181542857143,
    42.345542857143));
#5548 = VECTOR('',#5549,1.);
#5549 = DIRECTION('',(1.,0.,0.));
#5550 = PLANE('',#5551);
#5551 = AXIS2_PLACEMENT_3D('',#5552,#5553,#5554);
#5552 = CARTESIAN_POINT('',(-9.092895794188,4.238742857143,42.3682));
#5553 = DIRECTION('',(0.,0.368265914122,-0.929720504504));
#5554 = DIRECTION('',(0.,-0.929720504504,-0.368265914122));
#5555 = ADVANCED_FACE('',(#5556),#5574,.T.);
#5556 = FACE_BOUND('',#5557,.T.);
#5557 = EDGE_LOOP('',(#5558,#5559,#5560,#5568));
#5558 = ORIENTED_EDGE('',*,*,#859,.T.);
#5559 = ORIENTED_EDGE('',*,*,#5545,.T.);
#5560 = ORIENTED_EDGE('',*,*,#5561,.T.);
#5561 = EDGE_CURVE('',#5538,#5562,#5564,.T.);
#5562 = VERTEX_POINT('',#5563);
#5563 = CARTESIAN_POINT('',(-8.492895794188,4.147371428571,
    42.328271428571));
#5564 = LINE('',#5565,#5566);
#5565 = CARTESIAN_POINT('',(-8.492895794188,4.181542857143,
    42.345542857143));
#5566 = VECTOR('',#5567,1.);
#5567 = DIRECTION('',(0.,-0.892478602936,-0.451089728658));
#5568 = ORIENTED_EDGE('',*,*,#5569,.F.);
#5569 = EDGE_CURVE('',#852,#5562,#5570,.T.);
#5570 = LINE('',#5571,#5572);
#5571 = CARTESIAN_POINT('',(-9.092895794188,4.147371428571,
    42.328271428571));
#5572 = VECTOR('',#5573,1.);
#5573 = DIRECTION('',(1.,0.,0.));
#5574 = PLANE('',#5575);
#5575 = AXIS2_PLACEMENT_3D('',#5576,#5577,#5578);
#5576 = CARTESIAN_POINT('',(-9.092895794188,4.181542857143,
    42.345542857143));
#5577 = DIRECTION('',(0.,0.451089728658,-0.892478602936));
#5578 = DIRECTION('',(0.,-0.892478602936,-0.451089728658));
#5579 = ADVANCED_FACE('',(#5580),#5598,.T.);
#5580 = FACE_BOUND('',#5581,.T.);
#5581 = EDGE_LOOP('',(#5582,#5583,#5584,#5592));
#5582 = ORIENTED_EDGE('',*,*,#851,.T.);
#5583 = ORIENTED_EDGE('',*,*,#5569,.T.);
#5584 = ORIENTED_EDGE('',*,*,#5585,.T.);
#5585 = EDGE_CURVE('',#5562,#5586,#5588,.T.);
#5586 = VERTEX_POINT('',#5587);
#5587 = CARTESIAN_POINT('',(-8.492895794188,4.1132,42.311185714286));
#5588 = LINE('',#5589,#5590);
#5589 = CARTESIAN_POINT('',(-8.492895794188,4.147371428571,
    42.328271428571));
#5590 = VECTOR('',#5591,1.);
#5591 = DIRECTION('',(0.,-0.894427191,-0.4472135955));
#5592 = ORIENTED_EDGE('',*,*,#5593,.F.);
#5593 = EDGE_CURVE('',#844,#5586,#5594,.T.);
#5594 = LINE('',#5595,#5596);
#5595 = CARTESIAN_POINT('',(-9.092895794188,4.1132,42.311185714286));
#5596 = VECTOR('',#5597,1.);
#5597 = DIRECTION('',(1.,0.,0.));
#5598 = PLANE('',#5599);
#5599 = AXIS2_PLACEMENT_3D('',#5600,#5601,#5602);
#5600 = CARTESIAN_POINT('',(-9.092895794188,4.147371428571,
    42.328271428571));
#5601 = DIRECTION('',(0.,0.4472135955,-0.894427191));
#5602 = DIRECTION('',(0.,-0.894427191,-0.4472135955));
#5603 = ADVANCED_FACE('',(#5604),#5622,.T.);
#5604 = FACE_BOUND('',#5605,.T.);
#5605 = EDGE_LOOP('',(#5606,#5607,#5608,#5616));
#5606 = ORIENTED_EDGE('',*,*,#843,.T.);
#5607 = ORIENTED_EDGE('',*,*,#5593,.T.);
#5608 = ORIENTED_EDGE('',*,*,#5609,.T.);
#5609 = EDGE_CURVE('',#5586,#5610,#5612,.T.);
#5610 = VERTEX_POINT('',#5611);
#5611 = CARTESIAN_POINT('',(-8.492895794188,4.056185714286,
    42.271257142857));
#5612 = LINE('',#5613,#5614);
#5613 = CARTESIAN_POINT('',(-8.492895794188,4.1132,42.311185714286));
#5614 = VECTOR('',#5615,1.);
#5615 = DIRECTION('',(0.,-0.819106553991,-0.573641397746));
#5616 = ORIENTED_EDGE('',*,*,#5617,.F.);
#5617 = EDGE_CURVE('',#836,#5610,#5618,.T.);
#5618 = LINE('',#5619,#5620);
#5619 = CARTESIAN_POINT('',(-9.092895794188,4.056185714286,
    42.271257142857));
#5620 = VECTOR('',#5621,1.);
#5621 = DIRECTION('',(1.,0.,0.));
#5622 = PLANE('',#5623);
#5623 = AXIS2_PLACEMENT_3D('',#5624,#5625,#5626);
#5624 = CARTESIAN_POINT('',(-9.092895794188,4.1132,42.311185714286));
#5625 = DIRECTION('',(0.,0.573641397746,-0.819106553991));
#5626 = DIRECTION('',(0.,-0.819106553991,-0.573641397746));
#5627 = ADVANCED_FACE('',(#5628),#5646,.T.);
#5628 = FACE_BOUND('',#5629,.T.);
#5629 = EDGE_LOOP('',(#5630,#5631,#5632,#5640));
#5630 = ORIENTED_EDGE('',*,*,#835,.T.);
#5631 = ORIENTED_EDGE('',*,*,#5617,.T.);
#5632 = ORIENTED_EDGE('',*,*,#5633,.T.);
#5633 = EDGE_CURVE('',#5610,#5634,#5636,.T.);
#5634 = VERTEX_POINT('',#5635);
#5635 = CARTESIAN_POINT('',(-8.492895794188,4.0105,42.225571428571));
#5636 = LINE('',#5637,#5638);
#5637 = CARTESIAN_POINT('',(-8.492895794188,4.056185714286,
    42.271257142857));
#5638 = VECTOR('',#5639,1.);
#5639 = DIRECTION('',(0.,-0.707106781187,-0.707106781187));
#5640 = ORIENTED_EDGE('',*,*,#5641,.F.);
#5641 = EDGE_CURVE('',#828,#5634,#5642,.T.);
#5642 = LINE('',#5643,#5644);
#5643 = CARTESIAN_POINT('',(-9.092895794188,4.0105,42.225571428571));
#5644 = VECTOR('',#5645,1.);
#5645 = DIRECTION('',(1.,0.,0.));
#5646 = PLANE('',#5647);
#5647 = AXIS2_PLACEMENT_3D('',#5648,#5649,#5650);
#5648 = CARTESIAN_POINT('',(-9.092895794188,4.056185714286,
    42.271257142857));
#5649 = DIRECTION('',(0.,0.707106781187,-0.707106781187));
#5650 = DIRECTION('',(0.,-0.707106781187,-0.707106781187));
#5651 = ADVANCED_FACE('',(#5652),#5670,.T.);
#5652 = FACE_BOUND('',#5653,.T.);
#5653 = EDGE_LOOP('',(#5654,#5655,#5656,#5664));
#5654 = ORIENTED_EDGE('',*,*,#827,.T.);
#5655 = ORIENTED_EDGE('',*,*,#5641,.T.);
#5656 = ORIENTED_EDGE('',*,*,#5657,.T.);
#5657 = EDGE_CURVE('',#5634,#5658,#5660,.T.);
#5658 = VERTEX_POINT('',#5659);
#5659 = CARTESIAN_POINT('',(-8.492895794188,3.964814285714,
    42.174314285714));
#5660 = LINE('',#5661,#5662);
#5661 = CARTESIAN_POINT('',(-8.492895794188,4.0105,42.225571428571));
#5662 = VECTOR('',#5663,1.);
#5663 = DIRECTION('',(0.,-0.665370524754,-0.746513271676));
#5664 = ORIENTED_EDGE('',*,*,#5665,.F.);
#5665 = EDGE_CURVE('',#820,#5658,#5666,.T.);
#5666 = LINE('',#5667,#5668);
#5667 = CARTESIAN_POINT('',(-9.092895794188,3.964814285714,
    42.174314285714));
#5668 = VECTOR('',#5669,1.);
#5669 = DIRECTION('',(1.,0.,0.));
#5670 = PLANE('',#5671);
#5671 = AXIS2_PLACEMENT_3D('',#5672,#5673,#5674);
#5672 = CARTESIAN_POINT('',(-9.092895794188,4.0105,42.225571428571));
#5673 = DIRECTION('',(0.,0.746513271676,-0.665370524754));
#5674 = DIRECTION('',(0.,-0.665370524754,-0.746513271676));
#5675 = ADVANCED_FACE('',(#5676),#5694,.T.);
#5676 = FACE_BOUND('',#5677,.T.);
#5677 = EDGE_LOOP('',(#5678,#5679,#5680,#5688));
#5678 = ORIENTED_EDGE('',*,*,#819,.T.);
#5679 = ORIENTED_EDGE('',*,*,#5665,.T.);
#5680 = ORIENTED_EDGE('',*,*,#5681,.T.);
#5681 = EDGE_CURVE('',#5658,#5682,#5684,.T.);
#5682 = VERTEX_POINT('',#5683);
#5683 = CARTESIAN_POINT('',(-8.492895794188,3.930642857143,
    42.122871428571));
#5684 = LINE('',#5685,#5686);
#5685 = CARTESIAN_POINT('',(-8.492895794188,3.964814285714,
    42.174314285714));
#5686 = VECTOR('',#5687,1.);
#5687 = DIRECTION('',(0.,-0.553311519375,-0.832974406886));
#5688 = ORIENTED_EDGE('',*,*,#5689,.F.);
#5689 = EDGE_CURVE('',#812,#5682,#5690,.T.);
#5690 = LINE('',#5691,#5692);
#5691 = CARTESIAN_POINT('',(-9.092895794188,3.930642857143,
    42.122871428571));
#5692 = VECTOR('',#5693,1.);
#5693 = DIRECTION('',(1.,0.,0.));
#5694 = PLANE('',#5695);
#5695 = AXIS2_PLACEMENT_3D('',#5696,#5697,#5698);
#5696 = CARTESIAN_POINT('',(-9.092895794188,3.964814285714,
    42.174314285714));
#5697 = DIRECTION('',(0.,0.832974406886,-0.553311519375));
#5698 = DIRECTION('',(0.,-0.553311519375,-0.832974406886));
#5699 = ADVANCED_FACE('',(#5700),#5718,.T.);
#5700 = FACE_BOUND('',#5701,.T.);
#5701 = EDGE_LOOP('',(#5702,#5703,#5704,#5712));
#5702 = ORIENTED_EDGE('',*,*,#811,.T.);
#5703 = ORIENTED_EDGE('',*,*,#5689,.T.);
#5704 = ORIENTED_EDGE('',*,*,#5705,.T.);
#5705 = EDGE_CURVE('',#5682,#5706,#5708,.T.);
#5706 = VERTEX_POINT('',#5707);
#5707 = CARTESIAN_POINT('',(-8.492895794188,3.9078,42.0887));
#5708 = LINE('',#5709,#5710);
#5709 = CARTESIAN_POINT('',(-8.492895794188,3.930642857143,
    42.122871428571));
#5710 = VECTOR('',#5711,1.);
#5711 = DIRECTION('',(0.,-0.555742429414,-0.831354528555));
#5712 = ORIENTED_EDGE('',*,*,#5713,.F.);
#5713 = EDGE_CURVE('',#804,#5706,#5714,.T.);
#5714 = LINE('',#5715,#5716);
#5715 = CARTESIAN_POINT('',(-9.092895794188,3.9078,42.0887));
#5716 = VECTOR('',#5717,1.);
#5717 = DIRECTION('',(1.,0.,0.));
#5718 = PLANE('',#5719);
#5719 = AXIS2_PLACEMENT_3D('',#5720,#5721,#5722);
#5720 = CARTESIAN_POINT('',(-9.092895794188,3.930642857143,
    42.122871428571));
#5721 = DIRECTION('',(0.,0.831354528555,-0.555742429414));
#5722 = DIRECTION('',(0.,-0.555742429414,-0.831354528555));
#5723 = ADVANCED_FACE('',(#5724),#5742,.T.);
#5724 = FACE_BOUND('',#5725,.T.);
#5725 = EDGE_LOOP('',(#5726,#5727,#5728,#5736));
#5726 = ORIENTED_EDGE('',*,*,#803,.T.);
#5727 = ORIENTED_EDGE('',*,*,#5713,.T.);
#5728 = ORIENTED_EDGE('',*,*,#5729,.T.);
#5729 = EDGE_CURVE('',#5706,#5730,#5732,.T.);
#5730 = VERTEX_POINT('',#5731);
#5731 = CARTESIAN_POINT('',(-8.492895794188,3.896285714286,
    42.054528571429));
#5732 = LINE('',#5733,#5734);
#5733 = CARTESIAN_POINT('',(-8.492895794188,3.9078,42.0887));
#5734 = VECTOR('',#5735,1.);
#5735 = DIRECTION('',(0.,-0.319316245627,-0.947648212829));
#5736 = ORIENTED_EDGE('',*,*,#5737,.F.);
#5737 = EDGE_CURVE('',#796,#5730,#5738,.T.);
#5738 = LINE('',#5739,#5740);
#5739 = CARTESIAN_POINT('',(-9.092895794188,3.896285714286,
    42.054528571429));
#5740 = VECTOR('',#5741,1.);
#5741 = DIRECTION('',(1.,0.,0.));
#5742 = PLANE('',#5743);
#5743 = AXIS2_PLACEMENT_3D('',#5744,#5745,#5746);
#5744 = CARTESIAN_POINT('',(-9.092895794188,3.9078,42.0887));
#5745 = DIRECTION('',(0.,0.947648212829,-0.319316245627));
#5746 = DIRECTION('',(0.,-0.319316245627,-0.947648212829));
#5747 = ADVANCED_FACE('',(#5748),#5766,.T.);
#5748 = FACE_BOUND('',#5749,.T.);
#5749 = EDGE_LOOP('',(#5750,#5751,#5752,#5760));
#5750 = ORIENTED_EDGE('',*,*,#795,.T.);
#5751 = ORIENTED_EDGE('',*,*,#5737,.T.);
#5752 = ORIENTED_EDGE('',*,*,#5753,.T.);
#5753 = EDGE_CURVE('',#5730,#5754,#5756,.T.);
#5754 = VERTEX_POINT('',#5755);
#5755 = CARTESIAN_POINT('',(-8.492895794188,3.873628571429,
    42.003085714286));
#5756 = LINE('',#5757,#5758);
#5757 = CARTESIAN_POINT('',(-8.492895794188,3.896285714286,
    42.054528571429));
#5758 = VECTOR('',#5759,1.);
#5759 = DIRECTION('',(0.,-0.403070745111,-0.915168822915));
#5760 = ORIENTED_EDGE('',*,*,#5761,.F.);
#5761 = EDGE_CURVE('',#788,#5754,#5762,.T.);
#5762 = LINE('',#5763,#5764);
#5763 = CARTESIAN_POINT('',(-9.092895794188,3.873628571429,
    42.003085714286));
#5764 = VECTOR('',#5765,1.);
#5765 = DIRECTION('',(1.,0.,0.));
#5766 = PLANE('',#5767);
#5767 = AXIS2_PLACEMENT_3D('',#5768,#5769,#5770);
#5768 = CARTESIAN_POINT('',(-9.092895794188,3.896285714286,
    42.054528571429));
#5769 = DIRECTION('',(0.,0.915168822915,-0.403070745111));
#5770 = DIRECTION('',(0.,-0.403070745111,-0.915168822915));
#5771 = ADVANCED_FACE('',(#5772),#5790,.T.);
#5772 = FACE_BOUND('',#5773,.T.);
#5773 = EDGE_LOOP('',(#5774,#5775,#5776,#5784));
#5774 = ORIENTED_EDGE('',*,*,#787,.T.);
#5775 = ORIENTED_EDGE('',*,*,#5761,.T.);
#5776 = ORIENTED_EDGE('',*,*,#5777,.T.);
#5777 = EDGE_CURVE('',#5754,#5778,#5780,.T.);
#5778 = VERTEX_POINT('',#5779);
#5779 = CARTESIAN_POINT('',(-8.492895794188,3.856357142857,
    41.946071428571));
#5780 = LINE('',#5781,#5782);
#5781 = CARTESIAN_POINT('',(-8.492895794188,3.873628571429,
    42.003085714286));
#5782 = VECTOR('',#5783,1.);
#5783 = DIRECTION('',(0.,-0.289920871686,-0.957050619435));
#5784 = ORIENTED_EDGE('',*,*,#5785,.F.);
#5785 = EDGE_CURVE('',#780,#5778,#5786,.T.);
#5786 = LINE('',#5787,#5788);
#5787 = CARTESIAN_POINT('',(-9.092895794188,3.856357142857,
    41.946071428571));
#5788 = VECTOR('',#5789,1.);
#5789 = DIRECTION('',(1.,0.,0.));
#5790 = PLANE('',#5791);
#5791 = AXIS2_PLACEMENT_3D('',#5792,#5793,#5794);
#5792 = CARTESIAN_POINT('',(-9.092895794188,3.873628571429,
    42.003085714286));
#5793 = DIRECTION('',(0.,0.957050619435,-0.289920871686));
#5794 = DIRECTION('',(0.,-0.289920871686,-0.957050619435));
#5795 = ADVANCED_FACE('',(#5796),#5814,.T.);
#5796 = FACE_BOUND('',#5797,.T.);
#5797 = EDGE_LOOP('',(#5798,#5799,#5800,#5808));
#5798 = ORIENTED_EDGE('',*,*,#779,.T.);
#5799 = ORIENTED_EDGE('',*,*,#5785,.T.);
#5800 = ORIENTED_EDGE('',*,*,#5801,.T.);
#5801 = EDGE_CURVE('',#5778,#5802,#5804,.T.);
#5802 = VERTEX_POINT('',#5803);
#5803 = CARTESIAN_POINT('',(-8.492895794188,3.850785714286,
    41.900385714286));
#5804 = LINE('',#5805,#5806);
#5805 = CARTESIAN_POINT('',(-8.492895794188,3.856357142857,
    41.946071428571));
#5806 = VECTOR('',#5807,1.);
#5807 = DIRECTION('',(0.,-0.121054375311,-0.992645877551));
#5808 = ORIENTED_EDGE('',*,*,#5809,.F.);
#5809 = EDGE_CURVE('',#772,#5802,#5810,.T.);
#5810 = LINE('',#5811,#5812);
#5811 = CARTESIAN_POINT('',(-9.092895794188,3.850785714286,
    41.900385714286));
#5812 = VECTOR('',#5813,1.);
#5813 = DIRECTION('',(1.,0.,0.));
#5814 = PLANE('',#5815);
#5815 = AXIS2_PLACEMENT_3D('',#5816,#5817,#5818);
#5816 = CARTESIAN_POINT('',(-9.092895794188,3.856357142857,
    41.946071428571));
#5817 = DIRECTION('',(0.,0.992645877551,-0.121054375311));
#5818 = DIRECTION('',(0.,-0.121054375311,-0.992645877551));
#5819 = ADVANCED_FACE('',(#5820),#5838,.T.);
#5820 = FACE_BOUND('',#5821,.T.);
#5821 = EDGE_LOOP('',(#5822,#5823,#5824,#5832));
#5822 = ORIENTED_EDGE('',*,*,#771,.T.);
#5823 = ORIENTED_EDGE('',*,*,#5809,.T.);
#5824 = ORIENTED_EDGE('',*,*,#5825,.T.);
#5825 = EDGE_CURVE('',#5802,#5826,#5828,.T.);
#5826 = VERTEX_POINT('',#5827);
#5827 = CARTESIAN_POINT('',(-8.492895794188,3.845028571429,
    41.837614285714));
#5828 = LINE('',#5829,#5830);
#5829 = CARTESIAN_POINT('',(-8.492895794188,3.850785714286,
    41.900385714286));
#5830 = VECTOR('',#5831,1.);
#5831 = DIRECTION('',(0.,-9.133264387955E-02,-0.995820439719));
#5832 = ORIENTED_EDGE('',*,*,#5833,.F.);
#5833 = EDGE_CURVE('',#764,#5826,#5834,.T.);
#5834 = LINE('',#5835,#5836);
#5835 = CARTESIAN_POINT('',(-9.092895794188,3.845028571429,
    41.837614285714));
#5836 = VECTOR('',#5837,1.);
#5837 = DIRECTION('',(1.,0.,0.));
#5838 = PLANE('',#5839);
#5839 = AXIS2_PLACEMENT_3D('',#5840,#5841,#5842);
#5840 = CARTESIAN_POINT('',(-9.092895794188,3.850785714286,
    41.900385714286));
#5841 = DIRECTION('',(0.,0.995820439719,-9.133264387955E-02));
#5842 = DIRECTION('',(0.,-9.133264387955E-02,-0.995820439719));
#5843 = ADVANCED_FACE('',(#5844),#5862,.T.);
#5844 = FACE_BOUND('',#5845,.T.);
#5845 = EDGE_LOOP('',(#5846,#5847,#5848,#5856));
#5846 = ORIENTED_EDGE('',*,*,#763,.T.);
#5847 = ORIENTED_EDGE('',*,*,#5833,.T.);
#5848 = ORIENTED_EDGE('',*,*,#5849,.T.);
#5849 = EDGE_CURVE('',#5826,#5850,#5852,.T.);
#5850 = VERTEX_POINT('',#5851);
#5851 = CARTESIAN_POINT('',(-8.492895794188,3.845028571429,
    38.973714285714));
#5852 = LINE('',#5853,#5854);
#5853 = CARTESIAN_POINT('',(-8.492895794188,3.845028571429,
    41.837614285714));
#5854 = VECTOR('',#5855,1.);
#5855 = DIRECTION('',(0.,0.,-1.));
#5856 = ORIENTED_EDGE('',*,*,#5857,.F.);
#5857 = EDGE_CURVE('',#756,#5850,#5858,.T.);
#5858 = LINE('',#5859,#5860);
#5859 = CARTESIAN_POINT('',(-9.092895794188,3.845028571429,
    38.973714285714));
#5860 = VECTOR('',#5861,1.);
#5861 = DIRECTION('',(1.,0.,0.));
#5862 = PLANE('',#5863);
#5863 = AXIS2_PLACEMENT_3D('',#5864,#5865,#5866);
#5864 = CARTESIAN_POINT('',(-9.092895794188,3.845028571429,
    41.837614285714));
#5865 = DIRECTION('',(-0.,1.,0.));
#5866 = DIRECTION('',(0.,0.,-1.));
#5867 = ADVANCED_FACE('',(#5868),#5886,.T.);
#5868 = FACE_BOUND('',#5869,.T.);
#5869 = EDGE_LOOP('',(#5870,#5871,#5872,#5880));
#5870 = ORIENTED_EDGE('',*,*,#755,.T.);
#5871 = ORIENTED_EDGE('',*,*,#5857,.T.);
#5872 = ORIENTED_EDGE('',*,*,#5873,.T.);
#5873 = EDGE_CURVE('',#5850,#5874,#5876,.T.);
#5874 = VERTEX_POINT('',#5875);
#5875 = CARTESIAN_POINT('',(-8.492895794188,3.405814285714,
    38.973714285714));
#5876 = LINE('',#5877,#5878);
#5877 = CARTESIAN_POINT('',(-8.492895794188,3.845028571429,
    38.973714285714));
#5878 = VECTOR('',#5879,1.);
#5879 = DIRECTION('',(0.,-1.,0.));
#5880 = ORIENTED_EDGE('',*,*,#5881,.F.);
#5881 = EDGE_CURVE('',#748,#5874,#5882,.T.);
#5882 = LINE('',#5883,#5884);
#5883 = CARTESIAN_POINT('',(-9.092895794188,3.405814285714,
    38.973714285714));
#5884 = VECTOR('',#5885,1.);
#5885 = DIRECTION('',(1.,0.,0.));
#5886 = PLANE('',#5887);
#5887 = AXIS2_PLACEMENT_3D('',#5888,#5889,#5890);
#5888 = CARTESIAN_POINT('',(-9.092895794188,3.845028571429,
    38.973714285714));
#5889 = DIRECTION('',(0.,0.,-1.));
#5890 = DIRECTION('',(0.,-1.,0.));
#5891 = ADVANCED_FACE('',(#5892),#5910,.T.);
#5892 = FACE_BOUND('',#5893,.T.);
#5893 = EDGE_LOOP('',(#5894,#5895,#5896,#5904));
#5894 = ORIENTED_EDGE('',*,*,#747,.T.);
#5895 = ORIENTED_EDGE('',*,*,#5881,.T.);
#5896 = ORIENTED_EDGE('',*,*,#5897,.T.);
#5897 = EDGE_CURVE('',#5874,#5898,#5900,.T.);
#5898 = VERTEX_POINT('',#5899);
#5899 = CARTESIAN_POINT('',(-8.492895794188,3.377214285714,
    38.967957142857));
#5900 = LINE('',#5901,#5902);
#5901 = CARTESIAN_POINT('',(-8.492895794188,3.405814285714,
    38.973714285714));
#5902 = VECTOR('',#5903,1.);
#5903 = DIRECTION('',(0.,-0.980335072596,-0.197340176951));
#5904 = ORIENTED_EDGE('',*,*,#5905,.F.);
#5905 = EDGE_CURVE('',#740,#5898,#5906,.T.);
#5906 = LINE('',#5907,#5908);
#5907 = CARTESIAN_POINT('',(-9.092895794188,3.377214285714,
    38.967957142857));
#5908 = VECTOR('',#5909,1.);
#5909 = DIRECTION('',(1.,0.,0.));
#5910 = PLANE('',#5911);
#5911 = AXIS2_PLACEMENT_3D('',#5912,#5913,#5914);
#5912 = CARTESIAN_POINT('',(-9.092895794188,3.405814285714,
    38.973714285714));
#5913 = DIRECTION('',(0.,0.197340176951,-0.980335072596));
#5914 = DIRECTION('',(0.,-0.980335072596,-0.197340176951));
#5915 = ADVANCED_FACE('',(#5916),#5934,.T.);
#5916 = FACE_BOUND('',#5917,.T.);
#5917 = EDGE_LOOP('',(#5918,#5919,#5920,#5928));
#5918 = ORIENTED_EDGE('',*,*,#739,.T.);
#5919 = ORIENTED_EDGE('',*,*,#5905,.T.);
#5920 = ORIENTED_EDGE('',*,*,#5921,.T.);
#5921 = EDGE_CURVE('',#5898,#5922,#5924,.T.);
#5922 = VERTEX_POINT('',#5923);
#5923 = CARTESIAN_POINT('',(-8.492895794188,3.348614285714,
    38.956628571429));
#5924 = LINE('',#5925,#5926);
#5925 = CARTESIAN_POINT('',(-8.492895794188,3.377214285714,
    38.967957142857));
#5926 = VECTOR('',#5927,1.);
#5927 = DIRECTION('',(0.,-0.929720504504,-0.368265914122));
#5928 = ORIENTED_EDGE('',*,*,#5929,.F.);
#5929 = EDGE_CURVE('',#732,#5922,#5930,.T.);
#5930 = LINE('',#5931,#5932);
#5931 = CARTESIAN_POINT('',(-9.092895794188,3.348614285714,
    38.956628571429));
#5932 = VECTOR('',#5933,1.);
#5933 = DIRECTION('',(1.,0.,0.));
#5934 = PLANE('',#5935);
#5935 = AXIS2_PLACEMENT_3D('',#5936,#5937,#5938);
#5936 = CARTESIAN_POINT('',(-9.092895794188,3.377214285714,
    38.967957142857));
#5937 = DIRECTION('',(0.,0.368265914122,-0.929720504504));
#5938 = DIRECTION('',(0.,-0.929720504504,-0.368265914122));
#5939 = ADVANCED_FACE('',(#5940),#5958,.T.);
#5940 = FACE_BOUND('',#5941,.T.);
#5941 = EDGE_LOOP('',(#5942,#5943,#5944,#5952));
#5942 = ORIENTED_EDGE('',*,*,#731,.T.);
#5943 = ORIENTED_EDGE('',*,*,#5929,.T.);
#5944 = ORIENTED_EDGE('',*,*,#5945,.T.);
#5945 = EDGE_CURVE('',#5922,#5946,#5948,.T.);
#5946 = VERTEX_POINT('',#5947);
#5947 = CARTESIAN_POINT('',(-8.492895794188,3.325771428571,
    38.939542857143));
#5948 = LINE('',#5949,#5950);
#5949 = CARTESIAN_POINT('',(-8.492895794188,3.348614285714,
    38.956628571429));
#5950 = VECTOR('',#5951,1.);
#5951 = DIRECTION('',(0.,-0.80078057117,-0.598957825591));
#5952 = ORIENTED_EDGE('',*,*,#5953,.F.);
#5953 = EDGE_CURVE('',#724,#5946,#5954,.T.);
#5954 = LINE('',#5955,#5956);
#5955 = CARTESIAN_POINT('',(-9.092895794188,3.325771428571,
    38.939542857143));
#5956 = VECTOR('',#5957,1.);
#5957 = DIRECTION('',(1.,0.,0.));
#5958 = PLANE('',#5959);
#5959 = AXIS2_PLACEMENT_3D('',#5960,#5961,#5962);
#5960 = CARTESIAN_POINT('',(-9.092895794188,3.348614285714,
    38.956628571429));
#5961 = DIRECTION('',(0.,0.598957825591,-0.80078057117));
#5962 = DIRECTION('',(0.,-0.80078057117,-0.598957825591));
#5963 = ADVANCED_FACE('',(#5964),#5982,.T.);
#5964 = FACE_BOUND('',#5965,.T.);
#5965 = EDGE_LOOP('',(#5966,#5967,#5968,#5976));
#5966 = ORIENTED_EDGE('',*,*,#723,.T.);
#5967 = ORIENTED_EDGE('',*,*,#5953,.T.);
#5968 = ORIENTED_EDGE('',*,*,#5969,.T.);
#5969 = EDGE_CURVE('',#5946,#5970,#5972,.T.);
#5970 = VERTEX_POINT('',#5971);
#5971 = CARTESIAN_POINT('',(-8.492895794188,3.308685714286,
    38.922457142857));
#5972 = LINE('',#5973,#5974);
#5973 = CARTESIAN_POINT('',(-8.492895794188,3.325771428571,
    38.939542857143));
#5974 = VECTOR('',#5975,1.);
#5975 = DIRECTION('',(0.,-0.707106781187,-0.707106781187));
#5976 = ORIENTED_EDGE('',*,*,#5977,.F.);
#5977 = EDGE_CURVE('',#716,#5970,#5978,.T.);
#5978 = LINE('',#5979,#5980);
#5979 = CARTESIAN_POINT('',(-9.092895794188,3.308685714286,
    38.922457142857));
#5980 = VECTOR('',#5981,1.);
#5981 = DIRECTION('',(1.,0.,0.));
#5982 = PLANE('',#5983);
#5983 = AXIS2_PLACEMENT_3D('',#5984,#5985,#5986);
#5984 = CARTESIAN_POINT('',(-9.092895794188,3.325771428571,
    38.939542857143));
#5985 = DIRECTION('',(0.,0.707106781187,-0.707106781187));
#5986 = DIRECTION('',(0.,-0.707106781187,-0.707106781187));
#5987 = ADVANCED_FACE('',(#5988),#6006,.T.);
#5988 = FACE_BOUND('',#5989,.T.);
#5989 = EDGE_LOOP('',(#5990,#5991,#5992,#6000));
#5990 = ORIENTED_EDGE('',*,*,#715,.T.);
#5991 = ORIENTED_EDGE('',*,*,#5977,.T.);
#5992 = ORIENTED_EDGE('',*,*,#5993,.T.);
#5993 = EDGE_CURVE('',#5970,#5994,#5996,.T.);
#5994 = VERTEX_POINT('',#5995);
#5995 = CARTESIAN_POINT('',(-8.492895794188,3.297357142857,
    38.905185714286));
#5996 = LINE('',#5997,#5998);
#5997 = CARTESIAN_POINT('',(-8.492895794188,3.308685714286,
    38.922457142857));
#5998 = VECTOR('',#5999,1.);
#5999 = DIRECTION('',(0.,-0.548460032671,-0.836176771121));
#6000 = ORIENTED_EDGE('',*,*,#6001,.F.);
#6001 = EDGE_CURVE('',#708,#5994,#6002,.T.);
#6002 = LINE('',#6003,#6004);
#6003 = CARTESIAN_POINT('',(-9.092895794188,3.297357142857,
    38.905185714286));
#6004 = VECTOR('',#6005,1.);
#6005 = DIRECTION('',(1.,0.,0.));
#6006 = PLANE('',#6007);
#6007 = AXIS2_PLACEMENT_3D('',#6008,#6009,#6010);
#6008 = CARTESIAN_POINT('',(-9.092895794188,3.308685714286,
    38.922457142857));
#6009 = DIRECTION('',(0.,0.836176771121,-0.548460032671));
#6010 = DIRECTION('',(0.,-0.548460032671,-0.836176771121));
#6011 = ADVANCED_FACE('',(#6012),#6030,.T.);
#6012 = FACE_BOUND('',#6013,.T.);
#6013 = EDGE_LOOP('',(#6014,#6015,#6016,#6024));
#6014 = ORIENTED_EDGE('',*,*,#707,.T.);
#6015 = ORIENTED_EDGE('',*,*,#6001,.T.);
#6016 = ORIENTED_EDGE('',*,*,#6017,.T.);
#6017 = EDGE_CURVE('',#5994,#6018,#6020,.T.);
#6018 = VERTEX_POINT('',#6019);
#6019 = CARTESIAN_POINT('',(-8.492895794188,3.285842857143,38.8881));
#6020 = LINE('',#6021,#6022);
#6021 = CARTESIAN_POINT('',(-8.492895794188,3.297357142857,
    38.905185714286));
#6022 = VECTOR('',#6023,1.);
#6023 = DIRECTION('',(0.,-0.558853462072,-0.829266427591));
#6024 = ORIENTED_EDGE('',*,*,#6025,.F.);
#6025 = EDGE_CURVE('',#700,#6018,#6026,.T.);
#6026 = LINE('',#6027,#6028);
#6027 = CARTESIAN_POINT('',(-9.092895794188,3.285842857143,38.8881));
#6028 = VECTOR('',#6029,1.);
#6029 = DIRECTION('',(1.,0.,0.));
#6030 = PLANE('',#6031);
#6031 = AXIS2_PLACEMENT_3D('',#6032,#6033,#6034);
#6032 = CARTESIAN_POINT('',(-9.092895794188,3.297357142857,
    38.905185714286));
#6033 = DIRECTION('',(0.,0.829266427591,-0.558853462072));
#6034 = DIRECTION('',(0.,-0.558853462072,-0.829266427591));
#6035 = ADVANCED_FACE('',(#6036),#6054,.T.);
#6036 = FACE_BOUND('',#6037,.T.);
#6037 = EDGE_LOOP('',(#6038,#6039,#6040,#6048));
#6038 = ORIENTED_EDGE('',*,*,#699,.T.);
#6039 = ORIENTED_EDGE('',*,*,#6025,.T.);
#6040 = ORIENTED_EDGE('',*,*,#6041,.T.);
#6041 = EDGE_CURVE('',#6018,#6042,#6044,.T.);
#6042 = VERTEX_POINT('',#6043);
#6043 = CARTESIAN_POINT('',(-8.492895794188,3.280271428571,
    38.859685714286));
#6044 = LINE('',#6045,#6046);
#6045 = CARTESIAN_POINT('',(-8.492895794188,3.285842857143,38.8881));
#6046 = VECTOR('',#6047,1.);
#6047 = DIRECTION('',(0.,-0.192414460721,-0.981313749677));
#6048 = ORIENTED_EDGE('',*,*,#6049,.F.);
#6049 = EDGE_CURVE('',#692,#6042,#6050,.T.);
#6050 = LINE('',#6051,#6052);
#6051 = CARTESIAN_POINT('',(-9.092895794188,3.280271428571,
    38.859685714286));
#6052 = VECTOR('',#6053,1.);
#6053 = DIRECTION('',(1.,0.,0.));
#6054 = PLANE('',#6055);
#6055 = AXIS2_PLACEMENT_3D('',#6056,#6057,#6058);
#6056 = CARTESIAN_POINT('',(-9.092895794188,3.285842857143,38.8881));
#6057 = DIRECTION('',(0.,0.981313749677,-0.192414460721));
#6058 = DIRECTION('',(0.,-0.192414460721,-0.981313749677));
#6059 = ADVANCED_FACE('',(#6060),#6078,.T.);
#6060 = FACE_BOUND('',#6061,.T.);
#6061 = EDGE_LOOP('',(#6062,#6063,#6064,#6072));
#6062 = ORIENTED_EDGE('',*,*,#691,.T.);
#6063 = ORIENTED_EDGE('',*,*,#6049,.T.);
#6064 = ORIENTED_EDGE('',*,*,#6065,.T.);
#6065 = EDGE_CURVE('',#6042,#6066,#6068,.T.);
#6066 = VERTEX_POINT('',#6067);
#6067 = CARTESIAN_POINT('',(-8.492895794188,3.274514285714,
    38.842414285714));
#6068 = LINE('',#6069,#6070);
#6069 = CARTESIAN_POINT('',(-8.492895794188,3.280271428571,
    38.859685714286));
#6070 = VECTOR('',#6071,1.);
#6071 = DIRECTION('',(0.,-0.316227766017,-0.948683298051));
#6072 = ORIENTED_EDGE('',*,*,#6073,.F.);
#6073 = EDGE_CURVE('',#684,#6066,#6074,.T.);
#6074 = LINE('',#6075,#6076);
#6075 = CARTESIAN_POINT('',(-9.092895794188,3.274514285714,
    38.842414285714));
#6076 = VECTOR('',#6077,1.);
#6077 = DIRECTION('',(1.,0.,0.));
#6078 = PLANE('',#6079);
#6079 = AXIS2_PLACEMENT_3D('',#6080,#6081,#6082);
#6080 = CARTESIAN_POINT('',(-9.092895794188,3.280271428571,
    38.859685714286));
#6081 = DIRECTION('',(0.,0.948683298051,-0.316227766017));
#6082 = DIRECTION('',(0.,-0.316227766017,-0.948683298051));
#6083 = ADVANCED_FACE('',(#6084),#6102,.T.);
#6084 = FACE_BOUND('',#6085,.T.);
#6085 = EDGE_LOOP('',(#6086,#6087,#6088,#6096));
#6086 = ORIENTED_EDGE('',*,*,#683,.T.);
#6087 = ORIENTED_EDGE('',*,*,#6073,.T.);
#6088 = ORIENTED_EDGE('',*,*,#6089,.T.);
#6089 = EDGE_CURVE('',#6066,#6090,#6092,.T.);
#6090 = VERTEX_POINT('',#6091);
#6091 = CARTESIAN_POINT('',(-8.492895794188,3.274514285714,
    38.528742857143));
#6092 = LINE('',#6093,#6094);
#6093 = CARTESIAN_POINT('',(-8.492895794188,3.274514285714,
    38.842414285714));
#6094 = VECTOR('',#6095,1.);
#6095 = DIRECTION('',(0.,0.,-1.));
#6096 = ORIENTED_EDGE('',*,*,#6097,.F.);
#6097 = EDGE_CURVE('',#676,#6090,#6098,.T.);
#6098 = LINE('',#6099,#6100);
#6099 = CARTESIAN_POINT('',(-9.092895794188,3.274514285714,
    38.528742857143));
#6100 = VECTOR('',#6101,1.);
#6101 = DIRECTION('',(1.,0.,0.));
#6102 = PLANE('',#6103);
#6103 = AXIS2_PLACEMENT_3D('',#6104,#6105,#6106);
#6104 = CARTESIAN_POINT('',(-9.092895794188,3.274514285714,
    38.842414285714));
#6105 = DIRECTION('',(-0.,1.,0.));
#6106 = DIRECTION('',(0.,0.,-1.));
#6107 = ADVANCED_FACE('',(#6108),#6126,.T.);
#6108 = FACE_BOUND('',#6109,.T.);
#6109 = EDGE_LOOP('',(#6110,#6111,#6112,#6120));
#6110 = ORIENTED_EDGE('',*,*,#675,.T.);
#6111 = ORIENTED_EDGE('',*,*,#6097,.T.);
#6112 = ORIENTED_EDGE('',*,*,#6113,.T.);
#6113 = EDGE_CURVE('',#6090,#6114,#6116,.T.);
#6114 = VERTEX_POINT('',#6115);
#6115 = CARTESIAN_POINT('',(-8.492895794188,3.280271428571,
    38.504785714286));
#6116 = LINE('',#6117,#6118);
#6117 = CARTESIAN_POINT('',(-8.492895794188,3.274514285714,
    38.528742857143));
#6118 = VECTOR('',#6119,1.);
#6119 = DIRECTION('',(-0.,0.233658016401,-0.972318842444));
#6120 = ORIENTED_EDGE('',*,*,#6121,.F.);
#6121 = EDGE_CURVE('',#668,#6114,#6122,.T.);
#6122 = LINE('',#6123,#6124);
#6123 = CARTESIAN_POINT('',(-9.092895794188,3.280271428571,
    38.504785714286));
#6124 = VECTOR('',#6125,1.);
#6125 = DIRECTION('',(1.,0.,0.));
#6126 = PLANE('',#6127);
#6127 = AXIS2_PLACEMENT_3D('',#6128,#6129,#6130);
#6128 = CARTESIAN_POINT('',(-9.092895794188,3.274514285714,
    38.528742857143));
#6129 = DIRECTION('',(-0.,0.972318842444,0.233658016401));
#6130 = DIRECTION('',(0.,0.233658016401,-0.972318842444));
#6131 = ADVANCED_FACE('',(#6132),#6150,.T.);
#6132 = FACE_BOUND('',#6133,.T.);
#6133 = EDGE_LOOP('',(#6134,#6135,#6136,#6144));
#6134 = ORIENTED_EDGE('',*,*,#667,.T.);
#6135 = ORIENTED_EDGE('',*,*,#6121,.T.);
#6136 = ORIENTED_EDGE('',*,*,#6137,.T.);
#6137 = EDGE_CURVE('',#6114,#6138,#6140,.T.);
#6138 = VERTEX_POINT('',#6139);
#6139 = CARTESIAN_POINT('',(-8.492895794188,3.285842857143,
    38.486957142857));
#6140 = LINE('',#6141,#6142);
#6141 = CARTESIAN_POINT('',(-8.492895794188,3.280271428571,
    38.504785714286));
#6142 = VECTOR('',#6143,1.);
#6143 = DIRECTION('',(-0.,0.298274993136,-0.954479978035));
#6144 = ORIENTED_EDGE('',*,*,#6145,.F.);
#6145 = EDGE_CURVE('',#660,#6138,#6146,.T.);
#6146 = LINE('',#6147,#6148);
#6147 = CARTESIAN_POINT('',(-9.092895794188,3.285842857143,
    38.486957142857));
#6148 = VECTOR('',#6149,1.);
#6149 = DIRECTION('',(1.,0.,0.));
#6150 = PLANE('',#6151);
#6151 = AXIS2_PLACEMENT_3D('',#6152,#6153,#6154);
#6152 = CARTESIAN_POINT('',(-9.092895794188,3.280271428571,
    38.504785714286));
#6153 = DIRECTION('',(-0.,0.954479978035,0.298274993136));
#6154 = DIRECTION('',(0.,0.298274993136,-0.954479978035));
#6155 = ADVANCED_FACE('',(#6156),#6174,.T.);
#6156 = FACE_BOUND('',#6157,.T.);
#6157 = EDGE_LOOP('',(#6158,#6159,#6160,#6168));
#6158 = ORIENTED_EDGE('',*,*,#659,.T.);
#6159 = ORIENTED_EDGE('',*,*,#6145,.T.);
#6160 = ORIENTED_EDGE('',*,*,#6161,.T.);
#6161 = EDGE_CURVE('',#6138,#6162,#6164,.T.);
#6162 = VERTEX_POINT('',#6163);
#6163 = CARTESIAN_POINT('',(-8.492895794188,3.297357142857,
    38.468942857143));
#6164 = LINE('',#6165,#6166);
#6165 = CARTESIAN_POINT('',(-8.492895794188,3.285842857143,
    38.486957142857));
#6166 = VECTOR('',#6167,1.);
#6167 = DIRECTION('',(-0.,0.538560615351,-0.842586769178));
#6168 = ORIENTED_EDGE('',*,*,#6169,.F.);
#6169 = EDGE_CURVE('',#652,#6162,#6170,.T.);
#6170 = LINE('',#6171,#6172);
#6171 = CARTESIAN_POINT('',(-9.092895794188,3.297357142857,
    38.468942857143));
#6172 = VECTOR('',#6173,1.);
#6173 = DIRECTION('',(1.,0.,0.));
#6174 = PLANE('',#6175);
#6175 = AXIS2_PLACEMENT_3D('',#6176,#6177,#6178);
#6176 = CARTESIAN_POINT('',(-9.092895794188,3.285842857143,
    38.486957142857));
#6177 = DIRECTION('',(-0.,0.842586769178,0.538560615351));
#6178 = DIRECTION('',(0.,0.538560615351,-0.842586769178));
#6179 = ADVANCED_FACE('',(#6180),#6198,.T.);
#6180 = FACE_BOUND('',#6181,.T.);
#6181 = EDGE_LOOP('',(#6182,#6183,#6184,#6192));
#6182 = ORIENTED_EDGE('',*,*,#651,.T.);
#6183 = ORIENTED_EDGE('',*,*,#6169,.T.);
#6184 = ORIENTED_EDGE('',*,*,#6185,.T.);
#6185 = EDGE_CURVE('',#6162,#6186,#6188,.T.);
#6186 = VERTEX_POINT('',#6187);
#6187 = CARTESIAN_POINT('',(-8.492895794188,3.308685714286,
    38.450928571429));
#6188 = LINE('',#6189,#6190);
#6189 = CARTESIAN_POINT('',(-8.492895794188,3.297357142857,
    38.468942857143));
#6190 = VECTOR('',#6191,1.);
#6191 = DIRECTION('',(-0.,0.532350261781,-0.846524186767));
#6192 = ORIENTED_EDGE('',*,*,#6193,.F.);
#6193 = EDGE_CURVE('',#644,#6186,#6194,.T.);
#6194 = LINE('',#6195,#6196);
#6195 = CARTESIAN_POINT('',(-9.092895794188,3.308685714286,
    38.450928571429));
#6196 = VECTOR('',#6197,1.);
#6197 = DIRECTION('',(1.,0.,0.));
#6198 = PLANE('',#6199);
#6199 = AXIS2_PLACEMENT_3D('',#6200,#6201,#6202);
#6200 = CARTESIAN_POINT('',(-9.092895794188,3.297357142857,
    38.468942857143));
#6201 = DIRECTION('',(-0.,0.846524186767,0.532350261781));
#6202 = DIRECTION('',(0.,0.532350261781,-0.846524186767));
#6203 = ADVANCED_FACE('',(#6204),#6222,.T.);
#6204 = FACE_BOUND('',#6205,.T.);
#6205 = EDGE_LOOP('',(#6206,#6207,#6208,#6216));
#6206 = ORIENTED_EDGE('',*,*,#643,.T.);
#6207 = ORIENTED_EDGE('',*,*,#6193,.T.);
#6208 = ORIENTED_EDGE('',*,*,#6209,.T.);
#6209 = EDGE_CURVE('',#6186,#6210,#6212,.T.);
#6210 = VERTEX_POINT('',#6211);
#6211 = CARTESIAN_POINT('',(-8.492895794188,3.3202,38.432914285714));
#6212 = LINE('',#6213,#6214);
#6213 = CARTESIAN_POINT('',(-8.492895794188,3.308685714286,
    38.450928571429));
#6214 = VECTOR('',#6215,1.);
#6215 = DIRECTION('',(-0.,0.538560615351,-0.842586769178));
#6216 = ORIENTED_EDGE('',*,*,#6217,.F.);
#6217 = EDGE_CURVE('',#636,#6210,#6218,.T.);
#6218 = LINE('',#6219,#6220);
#6219 = CARTESIAN_POINT('',(-9.092895794188,3.3202,38.432914285714));
#6220 = VECTOR('',#6221,1.);
#6221 = DIRECTION('',(1.,0.,0.));
#6222 = PLANE('',#6223);
#6223 = AXIS2_PLACEMENT_3D('',#6224,#6225,#6226);
#6224 = CARTESIAN_POINT('',(-9.092895794188,3.308685714286,
    38.450928571429));
#6225 = DIRECTION('',(-0.,0.842586769178,0.538560615351));
#6226 = DIRECTION('',(0.,0.538560615351,-0.842586769178));
#6227 = ADVANCED_FACE('',(#6228),#6246,.T.);
#6228 = FACE_BOUND('',#6229,.T.);
#6229 = EDGE_LOOP('',(#6230,#6231,#6232,#6240));
#6230 = ORIENTED_EDGE('',*,*,#635,.T.);
#6231 = ORIENTED_EDGE('',*,*,#6217,.T.);
#6232 = ORIENTED_EDGE('',*,*,#6233,.T.);
#6233 = EDGE_CURVE('',#6210,#6234,#6236,.T.);
#6234 = VERTEX_POINT('',#6235);
#6235 = CARTESIAN_POINT('',(-8.492895794188,3.337285714286,
    38.421028571429));
#6236 = LINE('',#6237,#6238);
#6237 = CARTESIAN_POINT('',(-8.492895794188,3.3202,38.432914285714));
#6238 = VECTOR('',#6239,1.);
#6239 = DIRECTION('',(-0.,0.820905201785,-0.571064488199));
#6240 = ORIENTED_EDGE('',*,*,#6241,.F.);
#6241 = EDGE_CURVE('',#628,#6234,#6242,.T.);
#6242 = LINE('',#6243,#6244);
#6243 = CARTESIAN_POINT('',(-9.092895794188,3.337285714286,
    38.421028571429));
#6244 = VECTOR('',#6245,1.);
#6245 = DIRECTION('',(1.,0.,0.));
#6246 = PLANE('',#6247);
#6247 = AXIS2_PLACEMENT_3D('',#6248,#6249,#6250);
#6248 = CARTESIAN_POINT('',(-9.092895794188,3.3202,38.432914285714));
#6249 = DIRECTION('',(-0.,0.571064488199,0.820905201785));
#6250 = DIRECTION('',(0.,0.820905201785,-0.571064488199));
#6251 = ADVANCED_FACE('',(#6252),#6270,.T.);
#6252 = FACE_BOUND('',#6253,.T.);
#6253 = EDGE_LOOP('',(#6254,#6255,#6256,#6264));
#6254 = ORIENTED_EDGE('',*,*,#627,.T.);
#6255 = ORIENTED_EDGE('',*,*,#6241,.T.);
#6256 = ORIENTED_EDGE('',*,*,#6257,.T.);
#6257 = EDGE_CURVE('',#6234,#6258,#6260,.T.);
#6258 = VERTEX_POINT('',#6259);
#6259 = CARTESIAN_POINT('',(-8.492895794188,3.354371428571,
    38.408957142857));
#6260 = LINE('',#6261,#6262);
#6261 = CARTESIAN_POINT('',(-8.492895794188,3.337285714286,
    38.421028571429));
#6262 = VECTOR('',#6263,1.);
#6263 = DIRECTION('',(-0.,0.816721763686,-0.577031680865));
#6264 = ORIENTED_EDGE('',*,*,#6265,.F.);
#6265 = EDGE_CURVE('',#620,#6258,#6266,.T.);
#6266 = LINE('',#6267,#6268);
#6267 = CARTESIAN_POINT('',(-9.092895794188,3.354371428571,
    38.408957142857));
#6268 = VECTOR('',#6269,1.);
#6269 = DIRECTION('',(1.,0.,0.));
#6270 = PLANE('',#6271);
#6271 = AXIS2_PLACEMENT_3D('',#6272,#6273,#6274);
#6272 = CARTESIAN_POINT('',(-9.092895794188,3.337285714286,
    38.421028571429));
#6273 = DIRECTION('',(-0.,0.577031680865,0.816721763686));
#6274 = DIRECTION('',(0.,0.816721763686,-0.577031680865));
#6275 = ADVANCED_FACE('',(#6276),#6294,.T.);
#6276 = FACE_BOUND('',#6277,.T.);
#6277 = EDGE_LOOP('',(#6278,#6279,#6280,#6288));
#6278 = ORIENTED_EDGE('',*,*,#619,.T.);
#6279 = ORIENTED_EDGE('',*,*,#6265,.T.);
#6280 = ORIENTED_EDGE('',*,*,#6281,.T.);
#6281 = EDGE_CURVE('',#6258,#6282,#6284,.T.);
#6282 = VERTEX_POINT('',#6283);
#6283 = CARTESIAN_POINT('',(-8.492895794188,3.377214285714,38.4032));
#6284 = LINE('',#6285,#6286);
#6285 = CARTESIAN_POINT('',(-8.492895794188,3.354371428571,
    38.408957142857));
#6286 = VECTOR('',#6287,1.);
#6287 = DIRECTION('',(-0.,0.969676988372,-0.244390135281));
#6288 = ORIENTED_EDGE('',*,*,#6289,.F.);
#6289 = EDGE_CURVE('',#612,#6282,#6290,.T.);
#6290 = LINE('',#6291,#6292);
#6291 = CARTESIAN_POINT('',(-9.092895794188,3.377214285714,38.4032));
#6292 = VECTOR('',#6293,1.);
#6293 = DIRECTION('',(1.,0.,0.));
#6294 = PLANE('',#6295);
#6295 = AXIS2_PLACEMENT_3D('',#6296,#6297,#6298);
#6296 = CARTESIAN_POINT('',(-9.092895794188,3.354371428571,
    38.408957142857));
#6297 = DIRECTION('',(-0.,0.244390135281,0.969676988372));
#6298 = DIRECTION('',(0.,0.969676988372,-0.244390135281));
#6299 = ADVANCED_FACE('',(#6300),#6325,.T.);
#6300 = FACE_BOUND('',#6301,.T.);
#6301 = EDGE_LOOP('',(#6302,#6303,#6311,#6319));
#6302 = ORIENTED_EDGE('',*,*,#603,.T.);
#6303 = ORIENTED_EDGE('',*,*,#6304,.T.);
#6304 = EDGE_CURVE('',#604,#6305,#6307,.T.);
#6305 = VERTEX_POINT('',#6306);
#6306 = CARTESIAN_POINT('',(-8.492895794188,4.872957142857,38.4032));
#6307 = LINE('',#6308,#6309);
#6308 = CARTESIAN_POINT('',(-9.092895794188,4.872957142857,38.4032));
#6309 = VECTOR('',#6310,1.);
#6310 = DIRECTION('',(1.,0.,0.));
#6311 = ORIENTED_EDGE('',*,*,#6312,.T.);
#6312 = EDGE_CURVE('',#6305,#6313,#6315,.T.);
#6313 = VERTEX_POINT('',#6314);
#6314 = CARTESIAN_POINT('',(-8.492895794188,4.896728571429,
    38.414528571429));
#6315 = LINE('',#6316,#6317);
#6316 = CARTESIAN_POINT('',(-8.492895794188,4.872957142857,38.4032));
#6317 = VECTOR('',#6318,1.);
#6318 = DIRECTION('',(0.,0.902730115416,0.430207320628));
#6319 = ORIENTED_EDGE('',*,*,#6320,.F.);
#6320 = EDGE_CURVE('',#596,#6313,#6321,.T.);
#6321 = LINE('',#6322,#6323);
#6322 = CARTESIAN_POINT('',(-9.092895794188,4.896728571429,
    38.414528571429));
#6323 = VECTOR('',#6324,1.);
#6324 = DIRECTION('',(1.,0.,0.));
#6325 = PLANE('',#6326);
#6326 = AXIS2_PLACEMENT_3D('',#6327,#6328,#6329);
#6327 = CARTESIAN_POINT('',(-9.092895794188,4.872957142857,38.4032));
#6328 = DIRECTION('',(0.,-0.430207320628,0.902730115416));
#6329 = DIRECTION('',(0.,0.902730115416,0.430207320628));
#6330 = ADVANCED_FACE('',(#6331),#6349,.T.);
#6331 = FACE_BOUND('',#6332,.T.);
#6332 = EDGE_LOOP('',(#6333,#6334,#6335,#6343));
#6333 = ORIENTED_EDGE('',*,*,#595,.T.);
#6334 = ORIENTED_EDGE('',*,*,#6320,.T.);
#6335 = ORIENTED_EDGE('',*,*,#6336,.T.);
#6336 = EDGE_CURVE('',#6313,#6337,#6339,.T.);
#6337 = VERTEX_POINT('',#6338);
#6338 = CARTESIAN_POINT('',(-8.492895794188,4.914742857143,
    38.420285714286));
#6339 = LINE('',#6340,#6341);
#6340 = CARTESIAN_POINT('',(-8.492895794188,4.896728571429,
    38.414528571429));
#6341 = VECTOR('',#6342,1.);
#6342 = DIRECTION('',(0.,0.952538100641,0.304419392988));
#6343 = ORIENTED_EDGE('',*,*,#6344,.F.);
#6344 = EDGE_CURVE('',#588,#6337,#6345,.T.);
#6345 = LINE('',#6346,#6347);
#6346 = CARTESIAN_POINT('',(-9.092895794188,4.914742857143,
    38.420285714286));
#6347 = VECTOR('',#6348,1.);
#6348 = DIRECTION('',(1.,0.,0.));
#6349 = PLANE('',#6350);
#6350 = AXIS2_PLACEMENT_3D('',#6351,#6352,#6353);
#6351 = CARTESIAN_POINT('',(-9.092895794188,4.896728571429,
    38.414528571429));
#6352 = DIRECTION('',(0.,-0.304419392988,0.952538100641));
#6353 = DIRECTION('',(0.,0.952538100641,0.304419392988));
#6354 = ADVANCED_FACE('',(#6355),#6373,.T.);
#6355 = FACE_BOUND('',#6356,.T.);
#6356 = EDGE_LOOP('',(#6357,#6358,#6359,#6367));
#6357 = ORIENTED_EDGE('',*,*,#587,.T.);
#6358 = ORIENTED_EDGE('',*,*,#6344,.T.);
#6359 = ORIENTED_EDGE('',*,*,#6360,.T.);
#6360 = EDGE_CURVE('',#6337,#6361,#6363,.T.);
#6361 = VERTEX_POINT('',#6362);
#6362 = CARTESIAN_POINT('',(-8.492895794188,4.932571428571,38.4318));
#6363 = LINE('',#6364,#6365);
#6364 = CARTESIAN_POINT('',(-8.492895794188,4.914742857143,
    38.420285714286));
#6365 = VECTOR('',#6366,1.);
#6366 = DIRECTION('',(0.,0.840039377769,0.542525431476));
#6367 = ORIENTED_EDGE('',*,*,#6368,.F.);
#6368 = EDGE_CURVE('',#580,#6361,#6369,.T.);
#6369 = LINE('',#6370,#6371);
#6370 = CARTESIAN_POINT('',(-9.092895794188,4.932571428571,38.4318));
#6371 = VECTOR('',#6372,1.);
#6372 = DIRECTION('',(1.,0.,0.));
#6373 = PLANE('',#6374);
#6374 = AXIS2_PLACEMENT_3D('',#6375,#6376,#6377);
#6375 = CARTESIAN_POINT('',(-9.092895794188,4.914742857143,
    38.420285714286));
#6376 = DIRECTION('',(0.,-0.542525431476,0.840039377769));
#6377 = DIRECTION('',(0.,0.840039377769,0.542525431476));
#6378 = ADVANCED_FACE('',(#6379),#6397,.T.);
#6379 = FACE_BOUND('',#6380,.T.);
#6380 = EDGE_LOOP('',(#6381,#6382,#6383,#6391));
#6381 = ORIENTED_EDGE('',*,*,#579,.T.);
#6382 = ORIENTED_EDGE('',*,*,#6368,.T.);
#6383 = ORIENTED_EDGE('',*,*,#6384,.T.);
#6384 = EDGE_CURVE('',#6361,#6385,#6387,.T.);
#6385 = VERTEX_POINT('',#6386);
#6386 = CARTESIAN_POINT('',(-8.492895794188,4.9504,38.448885714286));
#6387 = LINE('',#6388,#6389);
#6388 = CARTESIAN_POINT('',(-8.492895794188,4.932571428571,38.4318));
#6389 = VECTOR('',#6390,1.);
#6390 = DIRECTION('',(0.,0.721988205115,0.691905363236));
#6391 = ORIENTED_EDGE('',*,*,#6392,.F.);
#6392 = EDGE_CURVE('',#572,#6385,#6393,.T.);
#6393 = LINE('',#6394,#6395);
#6394 = CARTESIAN_POINT('',(-9.092895794188,4.9504,38.448885714286));
#6395 = VECTOR('',#6396,1.);
#6396 = DIRECTION('',(1.,0.,0.));
#6397 = PLANE('',#6398);
#6398 = AXIS2_PLACEMENT_3D('',#6399,#6400,#6401);
#6399 = CARTESIAN_POINT('',(-9.092895794188,4.932571428571,38.4318));
#6400 = DIRECTION('',(0.,-0.691905363236,0.721988205115));
#6401 = DIRECTION('',(0.,0.721988205115,0.691905363236));
#6402 = ADVANCED_FACE('',(#6403),#6428,.T.);
#6403 = FACE_BOUND('',#6404,.T.);
#6404 = EDGE_LOOP('',(#6405,#6406,#6414,#6422));
#6405 = ORIENTED_EDGE('',*,*,#563,.T.);
#6406 = ORIENTED_EDGE('',*,*,#6407,.T.);
#6407 = EDGE_CURVE('',#564,#6408,#6410,.T.);
#6408 = VERTEX_POINT('',#6409);
#6409 = CARTESIAN_POINT('',(-8.492895794188,4.974171428571,
    38.483057142857));
#6410 = LINE('',#6411,#6412);
#6411 = CARTESIAN_POINT('',(-9.092895794188,4.974171428571,
    38.483057142857));
#6412 = VECTOR('',#6413,1.);
#6413 = DIRECTION('',(1.,0.,0.));
#6414 = ORIENTED_EDGE('',*,*,#6415,.T.);
#6415 = EDGE_CURVE('',#6408,#6416,#6418,.T.);
#6416 = VERTEX_POINT('',#6417);
#6417 = CARTESIAN_POINT('',(-8.492895794188,4.986057142857,38.5059));
#6418 = LINE('',#6419,#6420);
#6419 = CARTESIAN_POINT('',(-8.492895794188,4.974171428571,
    38.483057142857));
#6420 = VECTOR('',#6421,1.);
#6421 = DIRECTION('',(0.,0.461579805424,0.887098688549));
#6422 = ORIENTED_EDGE('',*,*,#6423,.F.);
#6423 = EDGE_CURVE('',#556,#6416,#6424,.T.);
#6424 = LINE('',#6425,#6426);
#6425 = CARTESIAN_POINT('',(-9.092895794188,4.986057142857,38.5059));
#6426 = VECTOR('',#6427,1.);
#6427 = DIRECTION('',(1.,0.,0.));
#6428 = PLANE('',#6429);
#6429 = AXIS2_PLACEMENT_3D('',#6430,#6431,#6432);
#6430 = CARTESIAN_POINT('',(-9.092895794188,4.974171428571,
    38.483057142857));
#6431 = DIRECTION('',(0.,-0.887098688549,0.461579805424));
#6432 = DIRECTION('',(0.,0.461579805424,0.887098688549));
#6433 = ADVANCED_FACE('',(#6434),#6459,.T.);
#6434 = FACE_BOUND('',#6435,.T.);
#6435 = EDGE_LOOP('',(#6436,#6437,#6445,#6453));
#6436 = ORIENTED_EDGE('',*,*,#547,.T.);
#6437 = ORIENTED_EDGE('',*,*,#6438,.T.);
#6438 = EDGE_CURVE('',#548,#6439,#6441,.T.);
#6439 = VERTEX_POINT('',#6440);
#6440 = CARTESIAN_POINT('',(-8.492895794188,4.986057142857,
    38.842414285714));
#6441 = LINE('',#6442,#6443);
#6442 = CARTESIAN_POINT('',(-9.092895794188,4.986057142857,
    38.842414285714));
#6443 = VECTOR('',#6444,1.);
#6444 = DIRECTION('',(1.,0.,0.));
#6445 = ORIENTED_EDGE('',*,*,#6446,.T.);
#6446 = EDGE_CURVE('',#6439,#6447,#6449,.T.);
#6447 = VERTEX_POINT('',#6448);
#6448 = CARTESIAN_POINT('',(-8.492895794188,4.9803,38.871014285714));
#6449 = LINE('',#6450,#6451);
#6450 = CARTESIAN_POINT('',(-8.492895794188,4.986057142857,
    38.842414285714));
#6451 = VECTOR('',#6452,1.);
#6452 = DIRECTION('',(0.,-0.197340176951,0.980335072596));
#6453 = ORIENTED_EDGE('',*,*,#6454,.F.);
#6454 = EDGE_CURVE('',#540,#6447,#6455,.T.);
#6455 = LINE('',#6456,#6457);
#6456 = CARTESIAN_POINT('',(-9.092895794188,4.9803,38.871014285714));
#6457 = VECTOR('',#6458,1.);
#6458 = DIRECTION('',(1.,0.,0.));
#6459 = PLANE('',#6460);
#6460 = AXIS2_PLACEMENT_3D('',#6461,#6462,#6463);
#6461 = CARTESIAN_POINT('',(-9.092895794188,4.986057142857,
    38.842414285714));
#6462 = DIRECTION('',(0.,-0.980335072596,-0.197340176951));
#6463 = DIRECTION('',(0.,-0.197340176951,0.980335072596));
#6464 = ADVANCED_FACE('',(#6465),#6483,.T.);
#6465 = FACE_BOUND('',#6466,.T.);
#6466 = EDGE_LOOP('',(#6467,#6468,#6469,#6477));
#6467 = ORIENTED_EDGE('',*,*,#539,.T.);
#6468 = ORIENTED_EDGE('',*,*,#6454,.T.);
#6469 = ORIENTED_EDGE('',*,*,#6470,.T.);
#6470 = EDGE_CURVE('',#6447,#6471,#6473,.T.);
#6471 = VERTEX_POINT('',#6472);
#6472 = CARTESIAN_POINT('',(-8.492895794188,4.968971428571,
    38.899614285714));
#6473 = LINE('',#6474,#6475);
#6474 = CARTESIAN_POINT('',(-8.492895794188,4.9803,38.871014285714));
#6475 = VECTOR('',#6476,1.);
#6476 = DIRECTION('',(0.,-0.368265914122,0.929720504504));
#6477 = ORIENTED_EDGE('',*,*,#6478,.F.);
#6478 = EDGE_CURVE('',#532,#6471,#6479,.T.);
#6479 = LINE('',#6480,#6481);
#6480 = CARTESIAN_POINT('',(-9.092895794188,4.968971428571,
    38.899614285714));
#6481 = VECTOR('',#6482,1.);
#6482 = DIRECTION('',(1.,0.,0.));
#6483 = PLANE('',#6484);
#6484 = AXIS2_PLACEMENT_3D('',#6485,#6486,#6487);
#6485 = CARTESIAN_POINT('',(-9.092895794188,4.9803,38.871014285714));
#6486 = DIRECTION('',(0.,-0.929720504504,-0.368265914122));
#6487 = DIRECTION('',(0.,-0.368265914122,0.929720504504));
#6488 = ADVANCED_FACE('',(#6489),#6507,.T.);
#6489 = FACE_BOUND('',#6490,.T.);
#6490 = EDGE_LOOP('',(#6491,#6492,#6493,#6501));
#6491 = ORIENTED_EDGE('',*,*,#531,.T.);
#6492 = ORIENTED_EDGE('',*,*,#6478,.T.);
#6493 = ORIENTED_EDGE('',*,*,#6494,.T.);
#6494 = EDGE_CURVE('',#6471,#6495,#6497,.T.);
#6495 = VERTEX_POINT('',#6496);
#6496 = CARTESIAN_POINT('',(-8.492895794188,4.951885714286,
    38.922457142857));
#6497 = LINE('',#6498,#6499);
#6498 = CARTESIAN_POINT('',(-8.492895794188,4.968971428571,
    38.899614285714));
#6499 = VECTOR('',#6500,1.);
#6500 = DIRECTION('',(0.,-0.598957825591,0.80078057117));
#6501 = ORIENTED_EDGE('',*,*,#6502,.F.);
#6502 = EDGE_CURVE('',#524,#6495,#6503,.T.);
#6503 = LINE('',#6504,#6505);
#6504 = CARTESIAN_POINT('',(-9.092895794188,4.951885714286,
    38.922457142857));
#6505 = VECTOR('',#6506,1.);
#6506 = DIRECTION('',(1.,0.,0.));
#6507 = PLANE('',#6508);
#6508 = AXIS2_PLACEMENT_3D('',#6509,#6510,#6511);
#6509 = CARTESIAN_POINT('',(-9.092895794188,4.968971428571,
    38.899614285714));
#6510 = DIRECTION('',(0.,-0.80078057117,-0.598957825591));
#6511 = DIRECTION('',(0.,-0.598957825591,0.80078057117));
#6512 = ADVANCED_FACE('',(#6513),#6531,.T.);
#6513 = FACE_BOUND('',#6514,.T.);
#6514 = EDGE_LOOP('',(#6515,#6516,#6517,#6525));
#6515 = ORIENTED_EDGE('',*,*,#523,.T.);
#6516 = ORIENTED_EDGE('',*,*,#6502,.T.);
#6517 = ORIENTED_EDGE('',*,*,#6518,.T.);
#6518 = EDGE_CURVE('',#6495,#6519,#6521,.T.);
#6519 = VERTEX_POINT('',#6520);
#6520 = CARTESIAN_POINT('',(-8.492895794188,4.9348,38.939542857143));
#6521 = LINE('',#6522,#6523);
#6522 = CARTESIAN_POINT('',(-8.492895794188,4.951885714286,
    38.922457142857));
#6523 = VECTOR('',#6524,1.);
#6524 = DIRECTION('',(0.,-0.707106781187,0.707106781187));
#6525 = ORIENTED_EDGE('',*,*,#6526,.F.);
#6526 = EDGE_CURVE('',#516,#6519,#6527,.T.);
#6527 = LINE('',#6528,#6529);
#6528 = CARTESIAN_POINT('',(-9.092895794188,4.9348,38.939542857143));
#6529 = VECTOR('',#6530,1.);
#6530 = DIRECTION('',(1.,0.,0.));
#6531 = PLANE('',#6532);
#6532 = AXIS2_PLACEMENT_3D('',#6533,#6534,#6535);
#6533 = CARTESIAN_POINT('',(-9.092895794188,4.951885714286,
    38.922457142857));
#6534 = DIRECTION('',(0.,-0.707106781187,-0.707106781187));
#6535 = DIRECTION('',(0.,-0.707106781187,0.707106781187));
#6536 = ADVANCED_FACE('',(#6537),#6555,.T.);
#6537 = FACE_BOUND('',#6538,.T.);
#6538 = EDGE_LOOP('',(#6539,#6540,#6541,#6549));
#6539 = ORIENTED_EDGE('',*,*,#515,.T.);
#6540 = ORIENTED_EDGE('',*,*,#6526,.T.);
#6541 = ORIENTED_EDGE('',*,*,#6542,.T.);
#6542 = EDGE_CURVE('',#6519,#6543,#6545,.T.);
#6543 = VERTEX_POINT('',#6544);
#6544 = CARTESIAN_POINT('',(-8.492895794188,4.917528571429,
    38.950871428571));
#6545 = LINE('',#6546,#6547);
#6546 = CARTESIAN_POINT('',(-8.492895794188,4.9348,38.939542857143));
#6547 = VECTOR('',#6548,1.);
#6548 = DIRECTION('',(0.,-0.836176771121,0.548460032671));
#6549 = ORIENTED_EDGE('',*,*,#6550,.F.);
#6550 = EDGE_CURVE('',#508,#6543,#6551,.T.);
#6551 = LINE('',#6552,#6553);
#6552 = CARTESIAN_POINT('',(-9.092895794188,4.917528571429,
    38.950871428571));
#6553 = VECTOR('',#6554,1.);
#6554 = DIRECTION('',(1.,0.,0.));
#6555 = PLANE('',#6556);
#6556 = AXIS2_PLACEMENT_3D('',#6557,#6558,#6559);
#6557 = CARTESIAN_POINT('',(-9.092895794188,4.9348,38.939542857143));
#6558 = DIRECTION('',(0.,-0.548460032671,-0.836176771121));
#6559 = DIRECTION('',(0.,-0.836176771121,0.548460032671));
#6560 = ADVANCED_FACE('',(#6561),#6579,.T.);
#6561 = FACE_BOUND('',#6562,.T.);
#6562 = EDGE_LOOP('',(#6563,#6564,#6565,#6573));
#6563 = ORIENTED_EDGE('',*,*,#507,.T.);
#6564 = ORIENTED_EDGE('',*,*,#6550,.T.);
#6565 = ORIENTED_EDGE('',*,*,#6566,.T.);
#6566 = EDGE_CURVE('',#6543,#6567,#6569,.T.);
#6567 = VERTEX_POINT('',#6568);
#6568 = CARTESIAN_POINT('',(-8.492895794188,4.900442857143,
    38.962385714286));
#6569 = LINE('',#6570,#6571);
#6570 = CARTESIAN_POINT('',(-8.492895794188,4.917528571429,
    38.950871428571));
#6571 = VECTOR('',#6572,1.);
#6572 = DIRECTION('',(0.,-0.829266427591,0.558853462072));
#6573 = ORIENTED_EDGE('',*,*,#6574,.F.);
#6574 = EDGE_CURVE('',#500,#6567,#6575,.T.);
#6575 = LINE('',#6576,#6577);
#6576 = CARTESIAN_POINT('',(-9.092895794188,4.900442857143,
    38.962385714286));
#6577 = VECTOR('',#6578,1.);
#6578 = DIRECTION('',(1.,0.,0.));
#6579 = PLANE('',#6580);
#6580 = AXIS2_PLACEMENT_3D('',#6581,#6582,#6583);
#6581 = CARTESIAN_POINT('',(-9.092895794188,4.917528571429,
    38.950871428571));
#6582 = DIRECTION('',(0.,-0.558853462072,-0.829266427591));
#6583 = DIRECTION('',(0.,-0.829266427591,0.558853462072));
#6584 = ADVANCED_FACE('',(#6585),#6603,.T.);
#6585 = FACE_BOUND('',#6586,.T.);
#6586 = EDGE_LOOP('',(#6587,#6588,#6589,#6597));
#6587 = ORIENTED_EDGE('',*,*,#499,.T.);
#6588 = ORIENTED_EDGE('',*,*,#6574,.T.);
#6589 = ORIENTED_EDGE('',*,*,#6590,.T.);
#6590 = EDGE_CURVE('',#6567,#6591,#6593,.T.);
#6591 = VERTEX_POINT('',#6592);
#6592 = CARTESIAN_POINT('',(-8.492895794188,4.8776,38.967957142857));
#6593 = LINE('',#6594,#6595);
#6594 = CARTESIAN_POINT('',(-8.492895794188,4.900442857143,
    38.962385714286));
#6595 = VECTOR('',#6596,1.);
#6596 = DIRECTION('',(0.,-0.971520338783,0.236956180191));
#6597 = ORIENTED_EDGE('',*,*,#6598,.F.);
#6598 = EDGE_CURVE('',#492,#6591,#6599,.T.);
#6599 = LINE('',#6600,#6601);
#6600 = CARTESIAN_POINT('',(-9.092895794188,4.8776,38.967957142857));
#6601 = VECTOR('',#6602,1.);
#6602 = DIRECTION('',(1.,0.,0.));
#6603 = PLANE('',#6604);
#6604 = AXIS2_PLACEMENT_3D('',#6605,#6606,#6607);
#6605 = CARTESIAN_POINT('',(-9.092895794188,4.900442857143,
    38.962385714286));
#6606 = DIRECTION('',(0.,-0.236956180191,-0.971520338783));
#6607 = DIRECTION('',(0.,-0.971520338783,0.236956180191));
#6608 = ADVANCED_FACE('',(#6609),#6627,.T.);
#6609 = FACE_BOUND('',#6610,.T.);
#6610 = EDGE_LOOP('',(#6611,#6612,#6613,#6621));
#6611 = ORIENTED_EDGE('',*,*,#491,.T.);
#6612 = ORIENTED_EDGE('',*,*,#6598,.T.);
#6613 = ORIENTED_EDGE('',*,*,#6614,.T.);
#6614 = EDGE_CURVE('',#6591,#6615,#6617,.T.);
#6615 = VERTEX_POINT('',#6616);
#6616 = CARTESIAN_POINT('',(-8.492895794188,4.854757142857,
    38.973714285714));
#6617 = LINE('',#6618,#6619);
#6618 = CARTESIAN_POINT('',(-8.492895794188,4.8776,38.967957142857));
#6619 = VECTOR('',#6620,1.);
#6620 = DIRECTION('',(0.,-0.969676988372,0.244390135281));
#6621 = ORIENTED_EDGE('',*,*,#6622,.F.);
#6622 = EDGE_CURVE('',#484,#6615,#6623,.T.);
#6623 = LINE('',#6624,#6625);
#6624 = CARTESIAN_POINT('',(-9.092895794188,4.854757142857,
    38.973714285714));
#6625 = VECTOR('',#6626,1.);
#6626 = DIRECTION('',(1.,0.,0.));
#6627 = PLANE('',#6628);
#6628 = AXIS2_PLACEMENT_3D('',#6629,#6630,#6631);
#6629 = CARTESIAN_POINT('',(-9.092895794188,4.8776,38.967957142857));
#6630 = DIRECTION('',(0.,-0.244390135281,-0.969676988372));
#6631 = DIRECTION('',(0.,-0.969676988372,0.244390135281));
#6632 = ADVANCED_FACE('',(#6633),#6651,.T.);
#6633 = FACE_BOUND('',#6634,.T.);
#6634 = EDGE_LOOP('',(#6635,#6636,#6637,#6645));
#6635 = ORIENTED_EDGE('',*,*,#483,.T.);
#6636 = ORIENTED_EDGE('',*,*,#6622,.T.);
#6637 = ORIENTED_EDGE('',*,*,#6638,.T.);
#6638 = EDGE_CURVE('',#6615,#6639,#6641,.T.);
#6639 = VERTEX_POINT('',#6640);
#6640 = CARTESIAN_POINT('',(-8.492895794188,4.415542857143,
    38.973714285714));
#6641 = LINE('',#6642,#6643);
#6642 = CARTESIAN_POINT('',(-8.492895794188,4.854757142857,
    38.973714285714));
#6643 = VECTOR('',#6644,1.);
#6644 = DIRECTION('',(0.,-1.,0.));
#6645 = ORIENTED_EDGE('',*,*,#6646,.F.);
#6646 = EDGE_CURVE('',#476,#6639,#6647,.T.);
#6647 = LINE('',#6648,#6649);
#6648 = CARTESIAN_POINT('',(-9.092895794188,4.415542857143,
    38.973714285714));
#6649 = VECTOR('',#6650,1.);
#6650 = DIRECTION('',(1.,0.,0.));
#6651 = PLANE('',#6652);
#6652 = AXIS2_PLACEMENT_3D('',#6653,#6654,#6655);
#6653 = CARTESIAN_POINT('',(-9.092895794188,4.854757142857,
    38.973714285714));
#6654 = DIRECTION('',(0.,0.,-1.));
#6655 = DIRECTION('',(0.,-1.,0.));
#6656 = ADVANCED_FACE('',(#6657),#6675,.T.);
#6657 = FACE_BOUND('',#6658,.T.);
#6658 = EDGE_LOOP('',(#6659,#6660,#6661,#6669));
#6659 = ORIENTED_EDGE('',*,*,#475,.T.);
#6660 = ORIENTED_EDGE('',*,*,#6646,.T.);
#6661 = ORIENTED_EDGE('',*,*,#6662,.T.);
#6662 = EDGE_CURVE('',#6639,#6663,#6665,.T.);
#6663 = VERTEX_POINT('',#6664);
#6664 = CARTESIAN_POINT('',(-8.492895794188,4.415542857143,
    41.826285714286));
#6665 = LINE('',#6666,#6667);
#6666 = CARTESIAN_POINT('',(-8.492895794188,4.415542857143,
    38.973714285714));
#6667 = VECTOR('',#6668,1.);
#6668 = DIRECTION('',(0.,0.,1.));
#6669 = ORIENTED_EDGE('',*,*,#6670,.F.);
#6670 = EDGE_CURVE('',#468,#6663,#6671,.T.);
#6671 = LINE('',#6672,#6673);
#6672 = CARTESIAN_POINT('',(-9.092895794188,4.415542857143,
    41.826285714286));
#6673 = VECTOR('',#6674,1.);
#6674 = DIRECTION('',(1.,0.,0.));
#6675 = PLANE('',#6676);
#6676 = AXIS2_PLACEMENT_3D('',#6677,#6678,#6679);
#6677 = CARTESIAN_POINT('',(-9.092895794188,4.415542857143,
    38.973714285714));
#6678 = DIRECTION('',(0.,-1.,0.));
#6679 = DIRECTION('',(0.,0.,1.));
#6680 = ADVANCED_FACE('',(#6681),#6692,.T.);
#6681 = FACE_BOUND('',#6682,.T.);
#6682 = EDGE_LOOP('',(#6683,#6684,#6685,#6691));
#6683 = ORIENTED_EDGE('',*,*,#467,.T.);
#6684 = ORIENTED_EDGE('',*,*,#6670,.T.);
#6685 = ORIENTED_EDGE('',*,*,#6686,.T.);
#6686 = EDGE_CURVE('',#6663,#4796,#6687,.T.);
#6687 = LINE('',#6688,#6689);
#6688 = CARTESIAN_POINT('',(-8.492895794188,4.415542857143,
    41.826285714286));
#6689 = VECTOR('',#6690,1.);
#6690 = DIRECTION('',(0.,1.,0.));
#6691 = ORIENTED_EDGE('',*,*,#4795,.F.);
#6692 = PLANE('',#6693);
#6693 = AXIS2_PLACEMENT_3D('',#6694,#6695,#6696);
#6694 = CARTESIAN_POINT('',(-9.092895794188,4.415542857143,
    41.826285714286));
#6695 = DIRECTION('',(0.,0.,1.));
#6696 = DIRECTION('',(0.,1.,0.));
#6697 = ADVANCED_FACE('',(#6698),#6723,.T.);
#6698 = FACE_BOUND('',#6699,.T.);
#6699 = EDGE_LOOP('',(#6700,#6701,#6709,#6717));
#6700 = ORIENTED_EDGE('',*,*,#1123,.T.);
#6701 = ORIENTED_EDGE('',*,*,#6702,.T.);
#6702 = EDGE_CURVE('',#1126,#6703,#6705,.T.);
#6703 = VERTEX_POINT('',#6704);
#6704 = CARTESIAN_POINT('',(-8.492895794188,2.704,41.8378));
#6705 = LINE('',#6706,#6707);
#6706 = CARTESIAN_POINT('',(-9.092895794188,2.704,41.8378));
#6707 = VECTOR('',#6708,1.);
#6708 = DIRECTION('',(1.,0.,0.));
#6709 = ORIENTED_EDGE('',*,*,#6710,.T.);
#6710 = EDGE_CURVE('',#6703,#6711,#6713,.T.);
#6711 = VERTEX_POINT('',#6712);
#6712 = CARTESIAN_POINT('',(-8.492895794188,2.698242857143,
    41.901128571429));
#6713 = LINE('',#6714,#6715);
#6714 = CARTESIAN_POINT('',(-8.492895794188,2.704,41.8378));
#6715 = VECTOR('',#6716,1.);
#6716 = DIRECTION('',(0.,-9.053574604252E-02,0.995893206468));
#6717 = ORIENTED_EDGE('',*,*,#6718,.F.);
#6718 = EDGE_CURVE('',#1124,#6711,#6719,.T.);
#6719 = LINE('',#6720,#6721);
#6720 = CARTESIAN_POINT('',(-9.092895794188,2.698242857143,
    41.901128571429));
#6721 = VECTOR('',#6722,1.);
#6722 = DIRECTION('',(1.,0.,0.));
#6723 = PLANE('',#6724);
#6724 = AXIS2_PLACEMENT_3D('',#6725,#6726,#6727);
#6725 = CARTESIAN_POINT('',(-9.092895794188,2.704,41.8378));
#6726 = DIRECTION('',(0.,-0.995893206468,-9.053574604252E-02));
#6727 = DIRECTION('',(0.,-9.053574604252E-02,0.995893206468));
#6728 = ADVANCED_FACE('',(#6729),#6747,.T.);
#6729 = FACE_BOUND('',#6730,.T.);
#6730 = EDGE_LOOP('',(#6731,#6732,#6733,#6741));
#6731 = ORIENTED_EDGE('',*,*,#1637,.T.);
#6732 = ORIENTED_EDGE('',*,*,#6718,.T.);
#6733 = ORIENTED_EDGE('',*,*,#6734,.T.);
#6734 = EDGE_CURVE('',#6711,#6735,#6737,.T.);
#6735 = VERTEX_POINT('',#6736);
#6736 = CARTESIAN_POINT('',(-8.492895794188,2.686914285714,
    41.964642857143));
#6737 = LINE('',#6738,#6739);
#6738 = CARTESIAN_POINT('',(-8.492895794188,2.698242857143,
    41.901128571429));
#6739 = VECTOR('',#6740,1.);
#6740 = DIRECTION('',(0.,-0.175591378217,0.98446313689));
#6741 = ORIENTED_EDGE('',*,*,#6742,.F.);
#6742 = EDGE_CURVE('',#1630,#6735,#6743,.T.);
#6743 = LINE('',#6744,#6745);
#6744 = CARTESIAN_POINT('',(-9.092895794188,2.686914285714,
    41.964642857143));
#6745 = VECTOR('',#6746,1.);
#6746 = DIRECTION('',(1.,0.,0.));
#6747 = PLANE('',#6748);
#6748 = AXIS2_PLACEMENT_3D('',#6749,#6750,#6751);
#6749 = CARTESIAN_POINT('',(-9.092895794188,2.698242857143,
    41.901128571429));
#6750 = DIRECTION('',(0.,-0.98446313689,-0.175591378217));
#6751 = DIRECTION('',(0.,-0.175591378217,0.98446313689));
#6752 = ADVANCED_FACE('',(#6753),#6771,.T.);
#6753 = FACE_BOUND('',#6754,.T.);
#6754 = EDGE_LOOP('',(#6755,#6756,#6757,#6765));
#6755 = ORIENTED_EDGE('',*,*,#1629,.T.);
#6756 = ORIENTED_EDGE('',*,*,#6742,.T.);
#6757 = ORIENTED_EDGE('',*,*,#6758,.T.);
#6758 = EDGE_CURVE('',#6735,#6759,#6761,.T.);
#6759 = VERTEX_POINT('',#6760);
#6760 = CARTESIAN_POINT('',(-8.492895794188,2.664071428571,
    42.033914285714));
#6761 = LINE('',#6762,#6763);
#6762 = CARTESIAN_POINT('',(-8.492895794188,2.686914285714,
    41.964642857143));
#6763 = VECTOR('',#6764,1.);
#6764 = DIRECTION('',(0.,-0.313170801129,0.949696819685));
#6765 = ORIENTED_EDGE('',*,*,#6766,.F.);
#6766 = EDGE_CURVE('',#1622,#6759,#6767,.T.);
#6767 = LINE('',#6768,#6769);
#6768 = CARTESIAN_POINT('',(-9.092895794188,2.664071428571,
    42.033914285714));
#6769 = VECTOR('',#6770,1.);
#6770 = DIRECTION('',(1.,0.,0.));
#6771 = PLANE('',#6772);
#6772 = AXIS2_PLACEMENT_3D('',#6773,#6774,#6775);
#6773 = CARTESIAN_POINT('',(-9.092895794188,2.686914285714,
    41.964642857143));
#6774 = DIRECTION('',(0.,-0.949696819685,-0.313170801129));
#6775 = DIRECTION('',(0.,-0.313170801129,0.949696819685));
#6776 = ADVANCED_FACE('',(#6777),#6795,.T.);
#6777 = FACE_BOUND('',#6778,.T.);
#6778 = EDGE_LOOP('',(#6779,#6780,#6781,#6789));
#6779 = ORIENTED_EDGE('',*,*,#1621,.T.);
#6780 = ORIENTED_EDGE('',*,*,#6766,.T.);
#6781 = ORIENTED_EDGE('',*,*,#6782,.T.);
#6782 = EDGE_CURVE('',#6759,#6783,#6785,.T.);
#6783 = VERTEX_POINT('',#6784);
#6784 = CARTESIAN_POINT('',(-8.492895794188,2.641228571429,
    42.085542857143));
#6785 = LINE('',#6786,#6787);
#6786 = CARTESIAN_POINT('',(-8.492895794188,2.664071428571,
    42.033914285714));
#6787 = VECTOR('',#6788,1.);
#6788 = DIRECTION('',(0.,-0.404611830448,0.914488527354));
#6789 = ORIENTED_EDGE('',*,*,#6790,.F.);
#6790 = EDGE_CURVE('',#1614,#6783,#6791,.T.);
#6791 = LINE('',#6792,#6793);
#6792 = CARTESIAN_POINT('',(-9.092895794188,2.641228571429,
    42.085542857143));
#6793 = VECTOR('',#6794,1.);
#6794 = DIRECTION('',(1.,0.,0.));
#6795 = PLANE('',#6796);
#6796 = AXIS2_PLACEMENT_3D('',#6797,#6798,#6799);
#6797 = CARTESIAN_POINT('',(-9.092895794188,2.664071428571,
    42.033914285714));
#6798 = DIRECTION('',(0.,-0.914488527354,-0.404611830448));
#6799 = DIRECTION('',(0.,-0.404611830448,0.914488527354));
#6800 = ADVANCED_FACE('',(#6801),#6819,.T.);
#6801 = FACE_BOUND('',#6802,.T.);
#6802 = EDGE_LOOP('',(#6803,#6804,#6805,#6813));
#6803 = ORIENTED_EDGE('',*,*,#1613,.T.);
#6804 = ORIENTED_EDGE('',*,*,#6790,.T.);
#6805 = ORIENTED_EDGE('',*,*,#6806,.T.);
#6806 = EDGE_CURVE('',#6783,#6807,#6809,.T.);
#6807 = VERTEX_POINT('',#6808);
#6808 = CARTESIAN_POINT('',(-8.492895794188,2.612628571429,42.1433));
#6809 = LINE('',#6810,#6811);
#6810 = CARTESIAN_POINT('',(-8.492895794188,2.641228571429,
    42.085542857143));
#6811 = VECTOR('',#6812,1.);
#6812 = DIRECTION('',(0.,-0.443752442317,0.896149412731));
#6813 = ORIENTED_EDGE('',*,*,#6814,.F.);
#6814 = EDGE_CURVE('',#1606,#6807,#6815,.T.);
#6815 = LINE('',#6816,#6817);
#6816 = CARTESIAN_POINT('',(-9.092895794188,2.612628571429,42.1433));
#6817 = VECTOR('',#6818,1.);
#6818 = DIRECTION('',(1.,0.,0.));
#6819 = PLANE('',#6820);
#6820 = AXIS2_PLACEMENT_3D('',#6821,#6822,#6823);
#6821 = CARTESIAN_POINT('',(-9.092895794188,2.641228571429,
    42.085542857143));
#6822 = DIRECTION('',(0.,-0.896149412731,-0.443752442317));
#6823 = DIRECTION('',(0.,-0.443752442317,0.896149412731));
#6824 = ADVANCED_FACE('',(#6825),#6843,.T.);
#6825 = FACE_BOUND('',#6826,.T.);
#6826 = EDGE_LOOP('',(#6827,#6828,#6829,#6837));
#6827 = ORIENTED_EDGE('',*,*,#1605,.T.);
#6828 = ORIENTED_EDGE('',*,*,#6814,.T.);
#6829 = ORIENTED_EDGE('',*,*,#6830,.T.);
#6830 = EDGE_CURVE('',#6807,#6831,#6833,.T.);
#6831 = VERTEX_POINT('',#6832);
#6832 = CARTESIAN_POINT('',(-8.492895794188,2.567128571429,
    42.200871428571));
#6833 = LINE('',#6834,#6835);
#6834 = CARTESIAN_POINT('',(-8.492895794188,2.612628571429,42.1433));
#6835 = VECTOR('',#6836,1.);
#6836 = DIRECTION('',(0.,-0.620054492814,0.78455874601));
#6837 = ORIENTED_EDGE('',*,*,#6838,.F.);
#6838 = EDGE_CURVE('',#1598,#6831,#6839,.T.);
#6839 = LINE('',#6840,#6841);
#6840 = CARTESIAN_POINT('',(-9.092895794188,2.567128571429,
    42.200871428571));
#6841 = VECTOR('',#6842,1.);
#6842 = DIRECTION('',(1.,0.,0.));
#6843 = PLANE('',#6844);
#6844 = AXIS2_PLACEMENT_3D('',#6845,#6846,#6847);
#6845 = CARTESIAN_POINT('',(-9.092895794188,2.612628571429,42.1433));
#6846 = DIRECTION('',(0.,-0.78455874601,-0.620054492814));
#6847 = DIRECTION('',(0.,-0.620054492814,0.78455874601));
#6848 = ADVANCED_FACE('',(#6849),#6867,.T.);
#6849 = FACE_BOUND('',#6850,.T.);
#6850 = EDGE_LOOP('',(#6851,#6852,#6853,#6861));
#6851 = ORIENTED_EDGE('',*,*,#1597,.T.);
#6852 = ORIENTED_EDGE('',*,*,#6838,.T.);
#6853 = ORIENTED_EDGE('',*,*,#6854,.T.);
#6854 = EDGE_CURVE('',#6831,#6855,#6857,.T.);
#6855 = VERTEX_POINT('',#6856);
#6856 = CARTESIAN_POINT('',(-8.492895794188,2.5272,42.247114285714));
#6857 = LINE('',#6858,#6859);
#6858 = CARTESIAN_POINT('',(-8.492895794188,2.567128571429,
    42.200871428571));
#6859 = VECTOR('',#6860,1.);
#6860 = DIRECTION('',(0.,-0.653540726021,0.756891352462));
#6861 = ORIENTED_EDGE('',*,*,#6862,.F.);
#6862 = EDGE_CURVE('',#1590,#6855,#6863,.T.);
#6863 = LINE('',#6864,#6865);
#6864 = CARTESIAN_POINT('',(-9.092895794188,2.5272,42.247114285714));
#6865 = VECTOR('',#6866,1.);
#6866 = DIRECTION('',(1.,0.,0.));
#6867 = PLANE('',#6868);
#6868 = AXIS2_PLACEMENT_3D('',#6869,#6870,#6871);
#6869 = CARTESIAN_POINT('',(-9.092895794188,2.567128571429,
    42.200871428571));
#6870 = DIRECTION('',(0.,-0.756891352462,-0.653540726021));
#6871 = DIRECTION('',(0.,-0.653540726021,0.756891352462));
#6872 = ADVANCED_FACE('',(#6873),#6891,.T.);
#6873 = FACE_BOUND('',#6874,.T.);
#6874 = EDGE_LOOP('',(#6875,#6876,#6877,#6885));
#6875 = ORIENTED_EDGE('',*,*,#1589,.T.);
#6876 = ORIENTED_EDGE('',*,*,#6862,.T.);
#6877 = ORIENTED_EDGE('',*,*,#6878,.T.);
#6878 = EDGE_CURVE('',#6855,#6879,#6881,.T.);
#6879 = VERTEX_POINT('',#6880);
#6880 = CARTESIAN_POINT('',(-8.492895794188,2.492842857143,42.2759));
#6881 = LINE('',#6882,#6883);
#6882 = CARTESIAN_POINT('',(-8.492895794188,2.5272,42.247114285714));
#6883 = VECTOR('',#6884,1.);
#6884 = DIRECTION('',(0.,-0.76652048118,0.64221986261));
#6885 = ORIENTED_EDGE('',*,*,#6886,.F.);
#6886 = EDGE_CURVE('',#1582,#6879,#6887,.T.);
#6887 = LINE('',#6888,#6889);
#6888 = CARTESIAN_POINT('',(-9.092895794188,2.492842857143,42.2759));
#6889 = VECTOR('',#6890,1.);
#6890 = DIRECTION('',(1.,0.,0.));
#6891 = PLANE('',#6892);
#6892 = AXIS2_PLACEMENT_3D('',#6893,#6894,#6895);
#6893 = CARTESIAN_POINT('',(-9.092895794188,2.5272,42.247114285714));
#6894 = DIRECTION('',(0.,-0.64221986261,-0.76652048118));
#6895 = DIRECTION('',(0.,-0.76652048118,0.64221986261));
#6896 = ADVANCED_FACE('',(#6897),#6915,.T.);
#6897 = FACE_BOUND('',#6898,.T.);
#6898 = EDGE_LOOP('',(#6899,#6900,#6901,#6909));
#6899 = ORIENTED_EDGE('',*,*,#1581,.T.);
#6900 = ORIENTED_EDGE('',*,*,#6886,.T.);
#6901 = ORIENTED_EDGE('',*,*,#6902,.T.);
#6902 = EDGE_CURVE('',#6879,#6903,#6905,.T.);
#6903 = VERTEX_POINT('',#6904);
#6904 = CARTESIAN_POINT('',(-8.492895794188,2.47,42.292985714286));
#6905 = LINE('',#6906,#6907);
#6906 = CARTESIAN_POINT('',(-8.492895794188,2.492842857143,42.2759));
#6907 = VECTOR('',#6908,1.);
#6908 = DIRECTION('',(0.,-0.80078057117,0.598957825591));
#6909 = ORIENTED_EDGE('',*,*,#6910,.F.);
#6910 = EDGE_CURVE('',#1574,#6903,#6911,.T.);
#6911 = LINE('',#6912,#6913);
#6912 = CARTESIAN_POINT('',(-9.092895794188,2.47,42.292985714286));
#6913 = VECTOR('',#6914,1.);
#6914 = DIRECTION('',(1.,0.,0.));
#6915 = PLANE('',#6916);
#6916 = AXIS2_PLACEMENT_3D('',#6917,#6918,#6919);
#6917 = CARTESIAN_POINT('',(-9.092895794188,2.492842857143,42.2759));
#6918 = DIRECTION('',(0.,-0.598957825591,-0.80078057117));
#6919 = DIRECTION('',(0.,-0.80078057117,0.598957825591));
#6920 = ADVANCED_FACE('',(#6921),#6939,.T.);
#6921 = FACE_BOUND('',#6922,.T.);
#6922 = EDGE_LOOP('',(#6923,#6924,#6925,#6933));
#6923 = ORIENTED_EDGE('',*,*,#1573,.T.);
#6924 = ORIENTED_EDGE('',*,*,#6910,.T.);
#6925 = ORIENTED_EDGE('',*,*,#6926,.T.);
#6926 = EDGE_CURVE('',#6903,#6927,#6929,.T.);
#6927 = VERTEX_POINT('',#6928);
#6928 = CARTESIAN_POINT('',(-8.492895794188,2.407414285714,
    42.333471428571));
#6929 = LINE('',#6930,#6931);
#6930 = CARTESIAN_POINT('',(-8.492895794188,2.47,42.292985714286));
#6931 = VECTOR('',#6932,1.);
#6932 = DIRECTION('',(0.,-0.839636996037,0.543147967763));
#6933 = ORIENTED_EDGE('',*,*,#6934,.F.);
#6934 = EDGE_CURVE('',#1566,#6927,#6935,.T.);
#6935 = LINE('',#6936,#6937);
#6936 = CARTESIAN_POINT('',(-9.092895794188,2.407414285714,
    42.333471428571));
#6937 = VECTOR('',#6938,1.);
#6938 = DIRECTION('',(1.,0.,0.));
#6939 = PLANE('',#6940);
#6940 = AXIS2_PLACEMENT_3D('',#6941,#6942,#6943);
#6941 = CARTESIAN_POINT('',(-9.092895794188,2.47,42.292985714286));
#6942 = DIRECTION('',(0.,-0.543147967763,-0.839636996037));
#6943 = DIRECTION('',(0.,-0.839636996037,0.543147967763));
#6944 = ADVANCED_FACE('',(#6945),#6963,.T.);
#6945 = FACE_BOUND('',#6946,.T.);
#6946 = EDGE_LOOP('',(#6947,#6948,#6949,#6957));
#6947 = ORIENTED_EDGE('',*,*,#1565,.T.);
#6948 = ORIENTED_EDGE('',*,*,#6934,.T.);
#6949 = ORIENTED_EDGE('',*,*,#6950,.T.);
#6950 = EDGE_CURVE('',#6927,#6951,#6953,.T.);
#6951 = VERTEX_POINT('',#6952);
#6952 = CARTESIAN_POINT('',(-8.492895794188,2.350214285714,
    42.362257142857));
#6953 = LINE('',#6954,#6955);
#6954 = CARTESIAN_POINT('',(-8.492895794188,2.407414285714,
    42.333471428571));
#6955 = VECTOR('',#6956,1.);
#6956 = DIRECTION('',(0.,-0.893264098465,0.449532257344));
#6957 = ORIENTED_EDGE('',*,*,#6958,.F.);
#6958 = EDGE_CURVE('',#1558,#6951,#6959,.T.);
#6959 = LINE('',#6960,#6961);
#6960 = CARTESIAN_POINT('',(-9.092895794188,2.350214285714,
    42.362257142857));
#6961 = VECTOR('',#6962,1.);
#6962 = DIRECTION('',(1.,0.,0.));
#6963 = PLANE('',#6964);
#6964 = AXIS2_PLACEMENT_3D('',#6965,#6966,#6967);
#6965 = CARTESIAN_POINT('',(-9.092895794188,2.407414285714,
    42.333471428571));
#6966 = DIRECTION('',(0.,-0.449532257344,-0.893264098465));
#6967 = DIRECTION('',(0.,-0.893264098465,0.449532257344));
#6968 = ADVANCED_FACE('',(#6969),#6987,.T.);
#6969 = FACE_BOUND('',#6970,.T.);
#6970 = EDGE_LOOP('',(#6971,#6972,#6973,#6981));
#6971 = ORIENTED_EDGE('',*,*,#1557,.T.);
#6972 = ORIENTED_EDGE('',*,*,#6958,.T.);
#6973 = ORIENTED_EDGE('',*,*,#6974,.T.);
#6974 = EDGE_CURVE('',#6951,#6975,#6977,.T.);
#6975 = VERTEX_POINT('',#6976);
#6976 = CARTESIAN_POINT('',(-8.492895794188,2.281871428571,
    42.385285714286));
#6977 = LINE('',#6978,#6979);
#6978 = CARTESIAN_POINT('',(-8.492895794188,2.350214285714,
    42.362257142857));
#6979 = VECTOR('',#6980,1.);
#6980 = DIRECTION('',(0.,-0.947648212829,0.319316245627));
#6981 = ORIENTED_EDGE('',*,*,#6982,.F.);
#6982 = EDGE_CURVE('',#1550,#6975,#6983,.T.);
#6983 = LINE('',#6984,#6985);
#6984 = CARTESIAN_POINT('',(-9.092895794188,2.281871428571,
    42.385285714286));
#6985 = VECTOR('',#6986,1.);
#6986 = DIRECTION('',(1.,0.,0.));
#6987 = PLANE('',#6988);
#6988 = AXIS2_PLACEMENT_3D('',#6989,#6990,#6991);
#6989 = CARTESIAN_POINT('',(-9.092895794188,2.350214285714,
    42.362257142857));
#6990 = DIRECTION('',(0.,-0.319316245627,-0.947648212829));
#6991 = DIRECTION('',(0.,-0.947648212829,0.319316245627));
#6992 = ADVANCED_FACE('',(#6993),#7011,.T.);
#6993 = FACE_BOUND('',#6994,.T.);
#6994 = EDGE_LOOP('',(#6995,#6996,#6997,#7005));
#6995 = ORIENTED_EDGE('',*,*,#1549,.T.);
#6996 = ORIENTED_EDGE('',*,*,#6982,.T.);
#6997 = ORIENTED_EDGE('',*,*,#6998,.T.);
#6998 = EDGE_CURVE('',#6975,#6999,#7001,.T.);
#6999 = VERTEX_POINT('',#7000);
#7000 = CARTESIAN_POINT('',(-8.492895794188,2.2191,42.3968));
#7001 = LINE('',#7002,#7003);
#7002 = CARTESIAN_POINT('',(-8.492895794188,2.281871428571,
    42.385285714286));
#7003 = VECTOR('',#7004,1.);
#7004 = DIRECTION('',(0.,-0.983589347684,0.180421714664));
#7005 = ORIENTED_EDGE('',*,*,#7006,.F.);
#7006 = EDGE_CURVE('',#1542,#6999,#7007,.T.);
#7007 = LINE('',#7008,#7009);
#7008 = CARTESIAN_POINT('',(-9.092895794188,2.2191,42.3968));
#7009 = VECTOR('',#7010,1.);
#7010 = DIRECTION('',(1.,0.,0.));
#7011 = PLANE('',#7012);
#7012 = AXIS2_PLACEMENT_3D('',#7013,#7014,#7015);
#7013 = CARTESIAN_POINT('',(-9.092895794188,2.281871428571,
    42.385285714286));
#7014 = DIRECTION('',(0.,-0.180421714664,-0.983589347684));
#7015 = DIRECTION('',(0.,-0.983589347684,0.180421714664));
#7016 = ADVANCED_FACE('',(#7017),#7042,.T.);
#7017 = FACE_BOUND('',#7018,.T.);
#7018 = EDGE_LOOP('',(#7019,#7020,#7028,#7036));
#7019 = ORIENTED_EDGE('',*,*,#1533,.T.);
#7020 = ORIENTED_EDGE('',*,*,#7021,.T.);
#7021 = EDGE_CURVE('',#1534,#7022,#7024,.T.);
#7022 = VERTEX_POINT('',#7023);
#7023 = CARTESIAN_POINT('',(-8.492895794188,1.249114285714,42.3968));
#7024 = LINE('',#7025,#7026);
#7025 = CARTESIAN_POINT('',(-9.092895794188,1.249114285714,42.3968));
#7026 = VECTOR('',#7027,1.);
#7027 = DIRECTION('',(1.,0.,0.));
#7028 = ORIENTED_EDGE('',*,*,#7029,.T.);
#7029 = EDGE_CURVE('',#7022,#7030,#7032,.T.);
#7030 = VERTEX_POINT('',#7031);
#7031 = CARTESIAN_POINT('',(-8.492895794188,1.1921,42.391042857143));
#7032 = LINE('',#7033,#7034);
#7033 = CARTESIAN_POINT('',(-8.492895794188,1.249114285714,42.3968));
#7034 = VECTOR('',#7035,1.);
#7035 = DIRECTION('',(0.,-0.994940461748,-0.100466300698));
#7036 = ORIENTED_EDGE('',*,*,#7037,.F.);
#7037 = EDGE_CURVE('',#1526,#7030,#7038,.T.);
#7038 = LINE('',#7039,#7040);
#7039 = CARTESIAN_POINT('',(-9.092895794188,1.1921,42.391042857143));
#7040 = VECTOR('',#7041,1.);
#7041 = DIRECTION('',(1.,0.,0.));
#7042 = PLANE('',#7043);
#7043 = AXIS2_PLACEMENT_3D('',#7044,#7045,#7046);
#7044 = CARTESIAN_POINT('',(-9.092895794188,1.249114285714,42.3968));
#7045 = DIRECTION('',(0.,0.100466300698,-0.994940461748));
#7046 = DIRECTION('',(0.,-0.994940461748,-0.100466300698));
#7047 = ADVANCED_FACE('',(#7048),#7066,.T.);
#7048 = FACE_BOUND('',#7049,.T.);
#7049 = EDGE_LOOP('',(#7050,#7051,#7052,#7060));
#7050 = ORIENTED_EDGE('',*,*,#1525,.T.);
#7051 = ORIENTED_EDGE('',*,*,#7037,.T.);
#7052 = ORIENTED_EDGE('',*,*,#7053,.T.);
#7053 = EDGE_CURVE('',#7030,#7054,#7056,.T.);
#7054 = VERTEX_POINT('',#7055);
#7055 = CARTESIAN_POINT('',(-8.492895794188,1.129328571429,
    42.379714285714));
#7056 = LINE('',#7057,#7058);
#7057 = CARTESIAN_POINT('',(-8.492895794188,1.1921,42.391042857143));
#7058 = VECTOR('',#7059,1.);
#7059 = DIRECTION('',(0.,-0.984101999614,-0.177604207031));
#7060 = ORIENTED_EDGE('',*,*,#7061,.F.);
#7061 = EDGE_CURVE('',#1518,#7054,#7062,.T.);
#7062 = LINE('',#7063,#7064);
#7063 = CARTESIAN_POINT('',(-9.092895794188,1.129328571429,
    42.379714285714));
#7064 = VECTOR('',#7065,1.);
#7065 = DIRECTION('',(1.,0.,0.));
#7066 = PLANE('',#7067);
#7067 = AXIS2_PLACEMENT_3D('',#7068,#7069,#7070);
#7068 = CARTESIAN_POINT('',(-9.092895794188,1.1921,42.391042857143));
#7069 = DIRECTION('',(0.,0.177604207031,-0.984101999614));
#7070 = DIRECTION('',(0.,-0.984101999614,-0.177604207031));
#7071 = ADVANCED_FACE('',(#7072),#7090,.T.);
#7072 = FACE_BOUND('',#7073,.T.);
#7073 = EDGE_LOOP('',(#7074,#7075,#7076,#7084));
#7074 = ORIENTED_EDGE('',*,*,#1517,.T.);
#7075 = ORIENTED_EDGE('',*,*,#7061,.T.);
#7076 = ORIENTED_EDGE('',*,*,#7077,.T.);
#7077 = EDGE_CURVE('',#7054,#7078,#7080,.T.);
#7078 = VERTEX_POINT('',#7079);
#7079 = CARTESIAN_POINT('',(-8.492895794188,1.072314285714,
    42.356871428571));
#7080 = LINE('',#7081,#7082);
#7081 = CARTESIAN_POINT('',(-8.492895794188,1.129328571429,
    42.379714285714));
#7082 = VECTOR('',#7083,1.);
#7083 = DIRECTION('',(0.,-0.928268015265,-0.371911940969));
#7084 = ORIENTED_EDGE('',*,*,#7085,.F.);
#7085 = EDGE_CURVE('',#1510,#7078,#7086,.T.);
#7086 = LINE('',#7087,#7088);
#7087 = CARTESIAN_POINT('',(-9.092895794188,1.072314285714,
    42.356871428571));
#7088 = VECTOR('',#7089,1.);
#7089 = DIRECTION('',(1.,0.,0.));
#7090 = PLANE('',#7091);
#7091 = AXIS2_PLACEMENT_3D('',#7092,#7093,#7094);
#7092 = CARTESIAN_POINT('',(-9.092895794188,1.129328571429,
    42.379714285714));
#7093 = DIRECTION('',(0.,0.371911940969,-0.928268015265));
#7094 = DIRECTION('',(0.,-0.928268015265,-0.371911940969));
#7095 = ADVANCED_FACE('',(#7096),#7114,.T.);
#7096 = FACE_BOUND('',#7097,.T.);
#7097 = EDGE_LOOP('',(#7098,#7099,#7100,#7108));
#7098 = ORIENTED_EDGE('',*,*,#1509,.T.);
#7099 = ORIENTED_EDGE('',*,*,#7085,.T.);
#7100 = ORIENTED_EDGE('',*,*,#7101,.T.);
#7101 = EDGE_CURVE('',#7078,#7102,#7104,.T.);
#7102 = VERTEX_POINT('',#7103);
#7103 = CARTESIAN_POINT('',(-8.492895794188,1.021057142857,
    42.334028571429));
#7104 = LINE('',#7105,#7106);
#7105 = CARTESIAN_POINT('',(-8.492895794188,1.072314285714,
    42.356871428571));
#7106 = VECTOR('',#7107,1.);
#7107 = DIRECTION('',(0.,-0.913401670747,-0.407059440224));
#7108 = ORIENTED_EDGE('',*,*,#7109,.F.);
#7109 = EDGE_CURVE('',#1502,#7102,#7110,.T.);
#7110 = LINE('',#7111,#7112);
#7111 = CARTESIAN_POINT('',(-9.092895794188,1.021057142857,
    42.334028571429));
#7112 = VECTOR('',#7113,1.);
#7113 = DIRECTION('',(1.,0.,0.));
#7114 = PLANE('',#7115);
#7115 = AXIS2_PLACEMENT_3D('',#7116,#7117,#7118);
#7116 = CARTESIAN_POINT('',(-9.092895794188,1.072314285714,
    42.356871428571));
#7117 = DIRECTION('',(0.,0.407059440224,-0.913401670747));
#7118 = DIRECTION('',(0.,-0.913401670747,-0.407059440224));
#7119 = ADVANCED_FACE('',(#7120),#7138,.T.);
#7120 = FACE_BOUND('',#7121,.T.);
#7121 = EDGE_LOOP('',(#7122,#7123,#7124,#7132));
#7122 = ORIENTED_EDGE('',*,*,#1501,.T.);
#7123 = ORIENTED_EDGE('',*,*,#7109,.T.);
#7124 = ORIENTED_EDGE('',*,*,#7125,.T.);
#7125 = EDGE_CURVE('',#7102,#7126,#7128,.T.);
#7126 = VERTEX_POINT('',#7127);
#7127 = CARTESIAN_POINT('',(-8.492895794188,0.992457142857,
    42.316942857143));
#7128 = LINE('',#7129,#7130);
#7129 = CARTESIAN_POINT('',(-8.492895794188,1.021057142857,
    42.334028571429));
#7130 = VECTOR('',#7131,1.);
#7131 = DIRECTION('',(0.,-0.85847509595,-0.512855252126));
#7132 = ORIENTED_EDGE('',*,*,#7133,.F.);
#7133 = EDGE_CURVE('',#1494,#7126,#7134,.T.);
#7134 = LINE('',#7135,#7136);
#7135 = CARTESIAN_POINT('',(-9.092895794188,0.992457142857,
    42.316942857143));
#7136 = VECTOR('',#7137,1.);
#7137 = DIRECTION('',(1.,0.,0.));
#7138 = PLANE('',#7139);
#7139 = AXIS2_PLACEMENT_3D('',#7140,#7141,#7142);
#7140 = CARTESIAN_POINT('',(-9.092895794188,1.021057142857,
    42.334028571429));
#7141 = DIRECTION('',(0.,0.512855252126,-0.85847509595));
#7142 = DIRECTION('',(0.,-0.85847509595,-0.512855252126));
#7143 = ADVANCED_FACE('',(#7144),#7162,.T.);
#7144 = FACE_BOUND('',#7145,.T.);
#7145 = EDGE_LOOP('',(#7146,#7147,#7148,#7156));
#7146 = ORIENTED_EDGE('',*,*,#1493,.T.);
#7147 = ORIENTED_EDGE('',*,*,#7133,.T.);
#7148 = ORIENTED_EDGE('',*,*,#7149,.T.);
#7149 = EDGE_CURVE('',#7126,#7150,#7152,.T.);
#7150 = VERTEX_POINT('',#7151);
#7151 = CARTESIAN_POINT('',(-8.492895794188,0.958285714286,
    42.299857142857));
#7152 = LINE('',#7153,#7154);
#7153 = CARTESIAN_POINT('',(-8.492895794188,0.992457142857,
    42.316942857143));
#7154 = VECTOR('',#7155,1.);
#7155 = DIRECTION('',(0.,-0.894427191,-0.4472135955));
#7156 = ORIENTED_EDGE('',*,*,#7157,.F.);
#7157 = EDGE_CURVE('',#1486,#7150,#7158,.T.);
#7158 = LINE('',#7159,#7160);
#7159 = CARTESIAN_POINT('',(-9.092895794188,0.958285714286,
    42.299857142857));
#7160 = VECTOR('',#7161,1.);
#7161 = DIRECTION('',(1.,0.,0.));
#7162 = PLANE('',#7163);
#7163 = AXIS2_PLACEMENT_3D('',#7164,#7165,#7166);
#7164 = CARTESIAN_POINT('',(-9.092895794188,0.992457142857,
    42.316942857143));
#7165 = DIRECTION('',(0.,0.4472135955,-0.894427191));
#7166 = DIRECTION('',(0.,-0.894427191,-0.4472135955));
#7167 = ADVANCED_FACE('',(#7168),#7186,.T.);
#7168 = FACE_BOUND('',#7169,.T.);
#7169 = EDGE_LOOP('',(#7170,#7171,#7172,#7180));
#7170 = ORIENTED_EDGE('',*,*,#1485,.T.);
#7171 = ORIENTED_EDGE('',*,*,#7157,.T.);
#7172 = ORIENTED_EDGE('',*,*,#7173,.T.);
#7173 = EDGE_CURVE('',#7150,#7174,#7176,.T.);
#7174 = VERTEX_POINT('',#7175);
#7175 = CARTESIAN_POINT('',(-8.492895794188,0.929685714286,
    42.277014285714));
#7176 = LINE('',#7177,#7178);
#7177 = CARTESIAN_POINT('',(-8.492895794188,0.958285714286,
    42.299857142857));
#7178 = VECTOR('',#7179,1.);
#7179 = DIRECTION('',(0.,-0.781363568139,-0.62407609663));
#7180 = ORIENTED_EDGE('',*,*,#7181,.F.);
#7181 = EDGE_CURVE('',#1478,#7174,#7182,.T.);
#7182 = LINE('',#7183,#7184);
#7183 = CARTESIAN_POINT('',(-9.092895794188,0.929685714286,
    42.277014285714));
#7184 = VECTOR('',#7185,1.);
#7185 = DIRECTION('',(1.,0.,0.));
#7186 = PLANE('',#7187);
#7187 = AXIS2_PLACEMENT_3D('',#7188,#7189,#7190);
#7188 = CARTESIAN_POINT('',(-9.092895794188,0.958285714286,
    42.299857142857));
#7189 = DIRECTION('',(0.,0.62407609663,-0.781363568139));
#7190 = DIRECTION('',(0.,-0.781363568139,-0.62407609663));
#7191 = ADVANCED_FACE('',(#7192),#7210,.T.);
#7192 = FACE_BOUND('',#7193,.T.);
#7193 = EDGE_LOOP('',(#7194,#7195,#7196,#7204));
#7194 = ORIENTED_EDGE('',*,*,#1477,.T.);
#7195 = ORIENTED_EDGE('',*,*,#7181,.T.);
#7196 = ORIENTED_EDGE('',*,*,#7197,.T.);
#7197 = EDGE_CURVE('',#7174,#7198,#7200,.T.);
#7198 = VERTEX_POINT('',#7199);
#7199 = CARTESIAN_POINT('',(-8.492895794188,0.895514285714,
    42.254171428571));
#7200 = LINE('',#7201,#7202);
#7201 = CARTESIAN_POINT('',(-8.492895794188,0.929685714286,
    42.277014285714));
#7202 = VECTOR('',#7203,1.);
#7203 = DIRECTION('',(0.,-0.831354528555,-0.555742429414));
#7204 = ORIENTED_EDGE('',*,*,#7205,.F.);
#7205 = EDGE_CURVE('',#1470,#7198,#7206,.T.);
#7206 = LINE('',#7207,#7208);
#7207 = CARTESIAN_POINT('',(-9.092895794188,0.895514285714,
    42.254171428571));
#7208 = VECTOR('',#7209,1.);
#7209 = DIRECTION('',(1.,0.,0.));
#7210 = PLANE('',#7211);
#7211 = AXIS2_PLACEMENT_3D('',#7212,#7213,#7214);
#7212 = CARTESIAN_POINT('',(-9.092895794188,0.929685714286,
    42.277014285714));
#7213 = DIRECTION('',(0.,0.555742429414,-0.831354528555));
#7214 = DIRECTION('',(0.,-0.831354528555,-0.555742429414));
#7215 = ADVANCED_FACE('',(#7216),#7234,.T.);
#7216 = FACE_BOUND('',#7217,.T.);
#7217 = EDGE_LOOP('',(#7218,#7219,#7220,#7228));
#7218 = ORIENTED_EDGE('',*,*,#1469,.T.);
#7219 = ORIENTED_EDGE('',*,*,#7205,.T.);
#7220 = ORIENTED_EDGE('',*,*,#7221,.T.);
#7221 = EDGE_CURVE('',#7198,#7222,#7224,.T.);
#7222 = VERTEX_POINT('',#7223);
#7223 = CARTESIAN_POINT('',(-8.492895794188,0.872671428571,
    42.225571428571));
#7224 = LINE('',#7225,#7226);
#7225 = CARTESIAN_POINT('',(-8.492895794188,0.895514285714,
    42.254171428571));
#7226 = VECTOR('',#7227,1.);
#7227 = DIRECTION('',(0.,-0.62407609663,-0.781363568139));
#7228 = ORIENTED_EDGE('',*,*,#7229,.F.);
#7229 = EDGE_CURVE('',#1462,#7222,#7230,.T.);
#7230 = LINE('',#7231,#7232);
#7231 = CARTESIAN_POINT('',(-9.092895794188,0.872671428571,
    42.225571428571));
#7232 = VECTOR('',#7233,1.);
#7233 = DIRECTION('',(1.,0.,0.));
#7234 = PLANE('',#7235);
#7235 = AXIS2_PLACEMENT_3D('',#7236,#7237,#7238);
#7236 = CARTESIAN_POINT('',(-9.092895794188,0.895514285714,
    42.254171428571));
#7237 = DIRECTION('',(0.,0.781363568139,-0.62407609663));
#7238 = DIRECTION('',(0.,-0.62407609663,-0.781363568139));
#7239 = ADVANCED_FACE('',(#7240),#7258,.T.);
#7240 = FACE_BOUND('',#7241,.T.);
#7241 = EDGE_LOOP('',(#7242,#7243,#7244,#7252));
#7242 = ORIENTED_EDGE('',*,*,#1461,.T.);
#7243 = ORIENTED_EDGE('',*,*,#7229,.T.);
#7244 = ORIENTED_EDGE('',*,*,#7245,.T.);
#7245 = EDGE_CURVE('',#7222,#7246,#7248,.T.);
#7246 = VERTEX_POINT('',#7247);
#7247 = CARTESIAN_POINT('',(-8.492895794188,0.844071428571,
    42.197157142857));
#7248 = LINE('',#7249,#7250);
#7249 = CARTESIAN_POINT('',(-8.492895794188,0.872671428571,
    42.225571428571));
#7250 = VECTOR('',#7251,1.);
#7251 = DIRECTION('',(0.,-0.709406297146,-0.704799762748));
#7252 = ORIENTED_EDGE('',*,*,#7253,.F.);
#7253 = EDGE_CURVE('',#1454,#7246,#7254,.T.);
#7254 = LINE('',#7255,#7256);
#7255 = CARTESIAN_POINT('',(-9.092895794188,0.844071428571,
    42.197157142857));
#7256 = VECTOR('',#7257,1.);
#7257 = DIRECTION('',(1.,0.,0.));
#7258 = PLANE('',#7259);
#7259 = AXIS2_PLACEMENT_3D('',#7260,#7261,#7262);
#7260 = CARTESIAN_POINT('',(-9.092895794188,0.872671428571,
    42.225571428571));
#7261 = DIRECTION('',(0.,0.704799762748,-0.709406297146));
#7262 = DIRECTION('',(0.,-0.709406297146,-0.704799762748));
#7263 = ADVANCED_FACE('',(#7264),#7282,.T.);
#7264 = FACE_BOUND('',#7265,.T.);
#7265 = EDGE_LOOP('',(#7266,#7267,#7268,#7276));
#7266 = ORIENTED_EDGE('',*,*,#1453,.T.);
#7267 = ORIENTED_EDGE('',*,*,#7253,.T.);
#7268 = ORIENTED_EDGE('',*,*,#7269,.T.);
#7269 = EDGE_CURVE('',#7246,#7270,#7272,.T.);
#7270 = VERTEX_POINT('',#7271);
#7271 = CARTESIAN_POINT('',(-8.492895794188,0.821228571429,
    42.174314285714));
#7272 = LINE('',#7273,#7274);
#7273 = CARTESIAN_POINT('',(-8.492895794188,0.844071428571,
    42.197157142857));
#7274 = VECTOR('',#7275,1.);
#7275 = DIRECTION('',(0.,-0.707106781187,-0.707106781187));
#7276 = ORIENTED_EDGE('',*,*,#7277,.F.);
#7277 = EDGE_CURVE('',#1446,#7270,#7278,.T.);
#7278 = LINE('',#7279,#7280);
#7279 = CARTESIAN_POINT('',(-9.092895794188,0.821228571429,
    42.174314285714));
#7280 = VECTOR('',#7281,1.);
#7281 = DIRECTION('',(1.,0.,0.));
#7282 = PLANE('',#7283);
#7283 = AXIS2_PLACEMENT_3D('',#7284,#7285,#7286);
#7284 = CARTESIAN_POINT('',(-9.092895794188,0.844071428571,
    42.197157142857));
#7285 = DIRECTION('',(0.,0.707106781187,-0.707106781187));
#7286 = DIRECTION('',(0.,-0.707106781187,-0.707106781187));
#7287 = ADVANCED_FACE('',(#7288),#7306,.T.);
#7288 = FACE_BOUND('',#7289,.T.);
#7289 = EDGE_LOOP('',(#7290,#7291,#7292,#7300));
#7290 = ORIENTED_EDGE('',*,*,#1445,.T.);
#7291 = ORIENTED_EDGE('',*,*,#7277,.T.);
#7292 = ORIENTED_EDGE('',*,*,#7293,.T.);
#7293 = EDGE_CURVE('',#7270,#7294,#7296,.T.);
#7294 = VERTEX_POINT('',#7295);
#7295 = CARTESIAN_POINT('',(-8.492895794188,0.798571428571,
    42.140142857143));
#7296 = LINE('',#7297,#7298);
#7297 = CARTESIAN_POINT('',(-8.492895794188,0.821228571429,
    42.174314285714));
#7298 = VECTOR('',#7299,1.);
#7299 = DIRECTION('',(0.,-0.5526078733,-0.833441382682));
#7300 = ORIENTED_EDGE('',*,*,#7301,.F.);
#7301 = EDGE_CURVE('',#1438,#7294,#7302,.T.);
#7302 = LINE('',#7303,#7304);
#7303 = CARTESIAN_POINT('',(-9.092895794188,0.798571428571,
    42.140142857143));
#7304 = VECTOR('',#7305,1.);
#7305 = DIRECTION('',(1.,0.,0.));
#7306 = PLANE('',#7307);
#7307 = AXIS2_PLACEMENT_3D('',#7308,#7309,#7310);
#7308 = CARTESIAN_POINT('',(-9.092895794188,0.821228571429,
    42.174314285714));
#7309 = DIRECTION('',(0.,0.833441382682,-0.5526078733));
#7310 = DIRECTION('',(0.,-0.5526078733,-0.833441382682));
#7311 = ADVANCED_FACE('',(#7312),#7337,.T.);
#7312 = FACE_BOUND('',#7313,.T.);
#7313 = EDGE_LOOP('',(#7314,#7315,#7323,#7331));
#7314 = ORIENTED_EDGE('',*,*,#1429,.T.);
#7315 = ORIENTED_EDGE('',*,*,#7316,.T.);
#7316 = EDGE_CURVE('',#1430,#7317,#7319,.T.);
#7317 = VERTEX_POINT('',#7318);
#7318 = CARTESIAN_POINT('',(-8.492895794188,0.752885714286,
    42.048771428571));
#7319 = LINE('',#7320,#7321);
#7320 = CARTESIAN_POINT('',(-9.092895794188,0.752885714286,
    42.048771428571));
#7321 = VECTOR('',#7322,1.);
#7322 = DIRECTION('',(1.,0.,0.));
#7323 = ORIENTED_EDGE('',*,*,#7324,.T.);
#7324 = EDGE_CURVE('',#7317,#7325,#7327,.T.);
#7325 = VERTEX_POINT('',#7326);
#7326 = CARTESIAN_POINT('',(-8.492895794188,0.741371428571,42.0146));
#7327 = LINE('',#7328,#7329);
#7328 = CARTESIAN_POINT('',(-8.492895794188,0.752885714286,
    42.048771428571));
#7329 = VECTOR('',#7330,1.);
#7330 = DIRECTION('',(0.,-0.319316245627,-0.947648212829));
#7331 = ORIENTED_EDGE('',*,*,#7332,.F.);
#7332 = EDGE_CURVE('',#1422,#7325,#7333,.T.);
#7333 = LINE('',#7334,#7335);
#7334 = CARTESIAN_POINT('',(-9.092895794188,0.741371428571,42.0146));
#7335 = VECTOR('',#7336,1.);
#7336 = DIRECTION('',(1.,0.,0.));
#7337 = PLANE('',#7338);
#7338 = AXIS2_PLACEMENT_3D('',#7339,#7340,#7341);
#7339 = CARTESIAN_POINT('',(-9.092895794188,0.752885714286,
    42.048771428571));
#7340 = DIRECTION('',(0.,0.947648212829,-0.319316245627));
#7341 = DIRECTION('',(0.,-0.319316245627,-0.947648212829));
#7342 = ADVANCED_FACE('',(#7343),#7361,.T.);
#7343 = FACE_BOUND('',#7344,.T.);
#7344 = EDGE_LOOP('',(#7345,#7346,#7347,#7355));
#7345 = ORIENTED_EDGE('',*,*,#1421,.T.);
#7346 = ORIENTED_EDGE('',*,*,#7332,.T.);
#7347 = ORIENTED_EDGE('',*,*,#7348,.T.);
#7348 = EDGE_CURVE('',#7325,#7349,#7351,.T.);
#7349 = VERTEX_POINT('',#7350);
#7350 = CARTESIAN_POINT('',(-8.492895794188,0.724285714286,
    41.974671428571));
#7351 = LINE('',#7352,#7353);
#7352 = CARTESIAN_POINT('',(-8.492895794188,0.741371428571,42.0146));
#7353 = VECTOR('',#7354,1.);
#7354 = DIRECTION('',(0.,-0.393403152889,-0.919366063816));
#7355 = ORIENTED_EDGE('',*,*,#7356,.F.);
#7356 = EDGE_CURVE('',#1414,#7349,#7357,.T.);
#7357 = LINE('',#7358,#7359);
#7358 = CARTESIAN_POINT('',(-9.092895794188,0.724285714286,
    41.974671428571));
#7359 = VECTOR('',#7360,1.);
#7360 = DIRECTION('',(1.,0.,0.));
#7361 = PLANE('',#7362);
#7362 = AXIS2_PLACEMENT_3D('',#7363,#7364,#7365);
#7363 = CARTESIAN_POINT('',(-9.092895794188,0.741371428571,42.0146));
#7364 = DIRECTION('',(0.,0.919366063816,-0.393403152889));
#7365 = DIRECTION('',(0.,-0.393403152889,-0.919366063816));
#7366 = ADVANCED_FACE('',(#7367),#7385,.T.);
#7367 = FACE_BOUND('',#7368,.T.);
#7368 = EDGE_LOOP('',(#7369,#7370,#7371,#7379));
#7369 = ORIENTED_EDGE('',*,*,#1413,.T.);
#7370 = ORIENTED_EDGE('',*,*,#7356,.T.);
#7371 = ORIENTED_EDGE('',*,*,#7372,.T.);
#7372 = EDGE_CURVE('',#7349,#7373,#7375,.T.);
#7373 = VERTEX_POINT('',#7374);
#7374 = CARTESIAN_POINT('',(-8.492895794188,0.718528571429,
    41.940314285714));
#7375 = LINE('',#7376,#7377);
#7376 = CARTESIAN_POINT('',(-8.492895794188,0.724285714286,
    41.974671428571));
#7377 = VECTOR('',#7378,1.);
#7378 = DIRECTION('',(0.,-0.165263423329,-0.986249461804));
#7379 = ORIENTED_EDGE('',*,*,#7380,.F.);
#7380 = EDGE_CURVE('',#1406,#7373,#7381,.T.);
#7381 = LINE('',#7382,#7383);
#7382 = CARTESIAN_POINT('',(-9.092895794188,0.718528571429,
    41.940314285714));
#7383 = VECTOR('',#7384,1.);
#7384 = DIRECTION('',(1.,0.,0.));
#7385 = PLANE('',#7386);
#7386 = AXIS2_PLACEMENT_3D('',#7387,#7388,#7389);
#7387 = CARTESIAN_POINT('',(-9.092895794188,0.724285714286,
    41.974671428571));
#7388 = DIRECTION('',(0.,0.986249461804,-0.165263423329));
#7389 = DIRECTION('',(0.,-0.165263423329,-0.986249461804));
#7390 = ADVANCED_FACE('',(#7391),#7409,.T.);
#7391 = FACE_BOUND('',#7392,.T.);
#7392 = EDGE_LOOP('',(#7393,#7394,#7395,#7403));
#7393 = ORIENTED_EDGE('',*,*,#1405,.T.);
#7394 = ORIENTED_EDGE('',*,*,#7380,.T.);
#7395 = ORIENTED_EDGE('',*,*,#7396,.T.);
#7396 = EDGE_CURVE('',#7373,#7397,#7399,.T.);
#7397 = VERTEX_POINT('',#7398);
#7398 = CARTESIAN_POINT('',(-8.492895794188,0.712957142857,
    41.900385714286));
#7399 = LINE('',#7400,#7401);
#7400 = CARTESIAN_POINT('',(-8.492895794188,0.718528571429,
    41.940314285714));
#7401 = VECTOR('',#7402,1.);
#7402 = DIRECTION('',(0.,-0.138196031911,-0.990404895365));
#7403 = ORIENTED_EDGE('',*,*,#7404,.F.);
#7404 = EDGE_CURVE('',#1398,#7397,#7405,.T.);
#7405 = LINE('',#7406,#7407);
#7406 = CARTESIAN_POINT('',(-9.092895794188,0.712957142857,
    41.900385714286));
#7407 = VECTOR('',#7408,1.);
#7408 = DIRECTION('',(1.,0.,0.));
#7409 = PLANE('',#7410);
#7410 = AXIS2_PLACEMENT_3D('',#7411,#7412,#7413);
#7411 = CARTESIAN_POINT('',(-9.092895794188,0.718528571429,
    41.940314285714));
#7412 = DIRECTION('',(0.,0.990404895365,-0.138196031911));
#7413 = DIRECTION('',(0.,-0.138196031911,-0.990404895365));
#7414 = ADVANCED_FACE('',(#7415),#7433,.T.);
#7415 = FACE_BOUND('',#7416,.T.);
#7416 = EDGE_LOOP('',(#7417,#7418,#7419,#7427));
#7417 = ORIENTED_EDGE('',*,*,#1397,.T.);
#7418 = ORIENTED_EDGE('',*,*,#7404,.T.);
#7419 = ORIENTED_EDGE('',*,*,#7420,.T.);
#7420 = EDGE_CURVE('',#7397,#7421,#7423,.T.);
#7421 = VERTEX_POINT('',#7422);
#7422 = CARTESIAN_POINT('',(-8.492895794188,0.7072,41.871971428571));
#7423 = LINE('',#7424,#7425);
#7424 = CARTESIAN_POINT('',(-8.492895794188,0.712957142857,
    41.900385714286));
#7425 = VECTOR('',#7426,1.);
#7426 = DIRECTION('',(0.,-0.198579278868,-0.980084827963));
#7427 = ORIENTED_EDGE('',*,*,#7428,.F.);
#7428 = EDGE_CURVE('',#1390,#7421,#7429,.T.);
#7429 = LINE('',#7430,#7431);
#7430 = CARTESIAN_POINT('',(-9.092895794188,0.7072,41.871971428571));
#7431 = VECTOR('',#7432,1.);
#7432 = DIRECTION('',(1.,0.,0.));
#7433 = PLANE('',#7434);
#7434 = AXIS2_PLACEMENT_3D('',#7435,#7436,#7437);
#7435 = CARTESIAN_POINT('',(-9.092895794188,0.712957142857,
    41.900385714286));
#7436 = DIRECTION('',(0.,0.980084827963,-0.198579278868));
#7437 = DIRECTION('',(0.,-0.198579278868,-0.980084827963));
#7438 = ADVANCED_FACE('',(#7439),#7464,.T.);
#7439 = FACE_BOUND('',#7440,.T.);
#7440 = EDGE_LOOP('',(#7441,#7442,#7450,#7458));
#7441 = ORIENTED_EDGE('',*,*,#1381,.T.);
#7442 = ORIENTED_EDGE('',*,*,#7443,.T.);
#7443 = EDGE_CURVE('',#1382,#7444,#7446,.T.);
#7444 = VERTEX_POINT('',#7445);
#7445 = CARTESIAN_POINT('',(-8.492895794188,0.7072,38.962385714286));
#7446 = LINE('',#7447,#7448);
#7447 = CARTESIAN_POINT('',(-9.092895794188,0.7072,38.962385714286));
#7448 = VECTOR('',#7449,1.);
#7449 = DIRECTION('',(1.,0.,0.));
#7450 = ORIENTED_EDGE('',*,*,#7451,.T.);
#7451 = EDGE_CURVE('',#7444,#7452,#7454,.T.);
#7452 = VERTEX_POINT('',#7453);
#7453 = CARTESIAN_POINT('',(-8.492895794188,0.712957142857,
    38.899614285714));
#7454 = LINE('',#7455,#7456);
#7455 = CARTESIAN_POINT('',(-8.492895794188,0.7072,38.962385714286));
#7456 = VECTOR('',#7457,1.);
#7457 = DIRECTION('',(-0.,9.133264387955E-02,-0.995820439719));
#7458 = ORIENTED_EDGE('',*,*,#7459,.F.);
#7459 = EDGE_CURVE('',#1374,#7452,#7460,.T.);
#7460 = LINE('',#7461,#7462);
#7461 = CARTESIAN_POINT('',(-9.092895794188,0.712957142857,
    38.899614285714));
#7462 = VECTOR('',#7463,1.);
#7463 = DIRECTION('',(1.,0.,0.));
#7464 = PLANE('',#7465);
#7465 = AXIS2_PLACEMENT_3D('',#7466,#7467,#7468);
#7466 = CARTESIAN_POINT('',(-9.092895794188,0.7072,38.962385714286));
#7467 = DIRECTION('',(-0.,0.995820439719,9.133264387955E-02));
#7468 = DIRECTION('',(0.,9.133264387955E-02,-0.995820439719));
#7469 = ADVANCED_FACE('',(#7470),#7488,.T.);
#7470 = FACE_BOUND('',#7471,.T.);
#7471 = EDGE_LOOP('',(#7472,#7473,#7474,#7482));
#7472 = ORIENTED_EDGE('',*,*,#1373,.T.);
#7473 = ORIENTED_EDGE('',*,*,#7459,.T.);
#7474 = ORIENTED_EDGE('',*,*,#7475,.T.);
#7475 = EDGE_CURVE('',#7452,#7476,#7478,.T.);
#7476 = VERTEX_POINT('',#7477);
#7477 = CARTESIAN_POINT('',(-8.492895794188,0.724285714286,
    38.836842857143));
#7478 = LINE('',#7479,#7480);
#7479 = CARTESIAN_POINT('',(-8.492895794188,0.712957142857,
    38.899614285714));
#7480 = VECTOR('',#7481,1.);
#7481 = DIRECTION('',(-0.,0.177604207031,-0.984101999614));
#7482 = ORIENTED_EDGE('',*,*,#7483,.F.);
#7483 = EDGE_CURVE('',#1366,#7476,#7484,.T.);
#7484 = LINE('',#7485,#7486);
#7485 = CARTESIAN_POINT('',(-9.092895794188,0.724285714286,
    38.836842857143));
#7486 = VECTOR('',#7487,1.);
#7487 = DIRECTION('',(1.,0.,0.));
#7488 = PLANE('',#7489);
#7489 = AXIS2_PLACEMENT_3D('',#7490,#7491,#7492);
#7490 = CARTESIAN_POINT('',(-9.092895794188,0.712957142857,
    38.899614285714));
#7491 = DIRECTION('',(-0.,0.984101999614,0.177604207031));
#7492 = DIRECTION('',(0.,0.177604207031,-0.984101999614));
#7493 = ADVANCED_FACE('',(#7494),#7512,.T.);
#7494 = FACE_BOUND('',#7495,.T.);
#7495 = EDGE_LOOP('',(#7496,#7497,#7498,#7506));
#7496 = ORIENTED_EDGE('',*,*,#1365,.T.);
#7497 = ORIENTED_EDGE('',*,*,#7483,.T.);
#7498 = ORIENTED_EDGE('',*,*,#7499,.T.);
#7499 = EDGE_CURVE('',#7476,#7500,#7502,.T.);
#7500 = VERTEX_POINT('',#7501);
#7501 = CARTESIAN_POINT('',(-8.492895794188,0.747128571429,
    38.768314285714));
#7502 = LINE('',#7503,#7504);
#7503 = CARTESIAN_POINT('',(-8.492895794188,0.724285714286,
    38.836842857143));
#7504 = VECTOR('',#7505,1.);
#7505 = DIRECTION('',(-0.,0.316227766017,-0.948683298051));
#7506 = ORIENTED_EDGE('',*,*,#7507,.F.);
#7507 = EDGE_CURVE('',#1358,#7500,#7508,.T.);
#7508 = LINE('',#7509,#7510);
#7509 = CARTESIAN_POINT('',(-9.092895794188,0.747128571429,
    38.768314285714));
#7510 = VECTOR('',#7511,1.);
#7511 = DIRECTION('',(1.,0.,0.));
#7512 = PLANE('',#7513);
#7513 = AXIS2_PLACEMENT_3D('',#7514,#7515,#7516);
#7514 = CARTESIAN_POINT('',(-9.092895794188,0.724285714286,
    38.836842857143));
#7515 = DIRECTION('',(-0.,0.948683298051,0.316227766017));
#7516 = DIRECTION('',(0.,0.316227766017,-0.948683298051));
#7517 = ADVANCED_FACE('',(#7518),#7536,.T.);
#7518 = FACE_BOUND('',#7519,.T.);
#7519 = EDGE_LOOP('',(#7520,#7521,#7522,#7530));
#7520 = ORIENTED_EDGE('',*,*,#1357,.T.);
#7521 = ORIENTED_EDGE('',*,*,#7507,.T.);
#7522 = ORIENTED_EDGE('',*,*,#7523,.T.);
#7523 = EDGE_CURVE('',#7500,#7524,#7526,.T.);
#7524 = VERTEX_POINT('',#7525);
#7525 = CARTESIAN_POINT('',(-8.492895794188,0.769971428571,
    38.717057142857));
#7526 = LINE('',#7527,#7528);
#7527 = CARTESIAN_POINT('',(-8.492895794188,0.747128571429,
    38.768314285714));
#7528 = VECTOR('',#7529,1.);
#7529 = DIRECTION('',(-0.,0.407059440224,-0.913401670747));
#7530 = ORIENTED_EDGE('',*,*,#7531,.F.);
#7531 = EDGE_CURVE('',#1350,#7524,#7532,.T.);
#7532 = LINE('',#7533,#7534);
#7533 = CARTESIAN_POINT('',(-9.092895794188,0.769971428571,
    38.717057142857));
#7534 = VECTOR('',#7535,1.);
#7535 = DIRECTION('',(1.,0.,0.));
#7536 = PLANE('',#7537);
#7537 = AXIS2_PLACEMENT_3D('',#7538,#7539,#7540);
#7538 = CARTESIAN_POINT('',(-9.092895794188,0.747128571429,
    38.768314285714));
#7539 = DIRECTION('',(-0.,0.913401670747,0.407059440224));
#7540 = DIRECTION('',(0.,0.407059440224,-0.913401670747));
#7541 = ADVANCED_FACE('',(#7542),#7560,.T.);
#7542 = FACE_BOUND('',#7543,.T.);
#7543 = EDGE_LOOP('',(#7544,#7545,#7546,#7554));
#7544 = ORIENTED_EDGE('',*,*,#1349,.T.);
#7545 = ORIENTED_EDGE('',*,*,#7531,.T.);
#7546 = ORIENTED_EDGE('',*,*,#7547,.T.);
#7547 = EDGE_CURVE('',#7524,#7548,#7550,.T.);
#7548 = VERTEX_POINT('',#7549);
#7549 = CARTESIAN_POINT('',(-8.492895794188,0.798571428571,
    38.665614285714));
#7550 = LINE('',#7551,#7552);
#7551 = CARTESIAN_POINT('',(-8.492895794188,0.769971428571,
    38.717057142857));
#7552 = VECTOR('',#7553,1.);
#7553 = DIRECTION('',(-0.,0.48591080823,-0.874008401816));
#7554 = ORIENTED_EDGE('',*,*,#7555,.F.);
#7555 = EDGE_CURVE('',#1342,#7548,#7556,.T.);
#7556 = LINE('',#7557,#7558);
#7557 = CARTESIAN_POINT('',(-9.092895794188,0.798571428571,
    38.665614285714));
#7558 = VECTOR('',#7559,1.);
#7559 = DIRECTION('',(1.,0.,0.));
#7560 = PLANE('',#7561);
#7561 = AXIS2_PLACEMENT_3D('',#7562,#7563,#7564);
#7562 = CARTESIAN_POINT('',(-9.092895794188,0.769971428571,
    38.717057142857));
#7563 = DIRECTION('',(-0.,0.874008401816,0.48591080823));
#7564 = DIRECTION('',(0.,0.48591080823,-0.874008401816));
#7565 = ADVANCED_FACE('',(#7566),#7584,.T.);
#7566 = FACE_BOUND('',#7567,.T.);
#7567 = EDGE_LOOP('',(#7568,#7569,#7570,#7578));
#7568 = ORIENTED_EDGE('',*,*,#1341,.T.);
#7569 = ORIENTED_EDGE('',*,*,#7555,.T.);
#7570 = ORIENTED_EDGE('',*,*,#7571,.T.);
#7571 = EDGE_CURVE('',#7548,#7572,#7574,.T.);
#7572 = VERTEX_POINT('',#7573);
#7573 = CARTESIAN_POINT('',(-8.492895794188,0.832742857143,
    38.614357142857));
#7574 = LINE('',#7575,#7576);
#7575 = CARTESIAN_POINT('',(-8.492895794188,0.798571428571,
    38.665614285714));
#7576 = VECTOR('',#7577,1.);
#7577 = DIRECTION('',(-0.,0.554700196225,-0.832050294338));
#7578 = ORIENTED_EDGE('',*,*,#7579,.F.);
#7579 = EDGE_CURVE('',#1334,#7572,#7580,.T.);
#7580 = LINE('',#7581,#7582);
#7581 = CARTESIAN_POINT('',(-9.092895794188,0.832742857143,
    38.614357142857));
#7582 = VECTOR('',#7583,1.);
#7583 = DIRECTION('',(1.,0.,0.));
#7584 = PLANE('',#7585);
#7585 = AXIS2_PLACEMENT_3D('',#7586,#7587,#7588);
#7586 = CARTESIAN_POINT('',(-9.092895794188,0.798571428571,
    38.665614285714));
#7587 = DIRECTION('',(-0.,0.832050294338,0.554700196225));
#7588 = DIRECTION('',(0.,0.554700196225,-0.832050294338));
#7589 = ADVANCED_FACE('',(#7590),#7608,.T.);
#7590 = FACE_BOUND('',#7591,.T.);
#7591 = EDGE_LOOP('',(#7592,#7593,#7594,#7602));
#7592 = ORIENTED_EDGE('',*,*,#1333,.T.);
#7593 = ORIENTED_EDGE('',*,*,#7579,.T.);
#7594 = ORIENTED_EDGE('',*,*,#7595,.T.);
#7595 = EDGE_CURVE('',#7572,#7596,#7598,.T.);
#7596 = VERTEX_POINT('',#7597);
#7597 = CARTESIAN_POINT('',(-8.492895794188,0.884,38.562914285714));
#7598 = LINE('',#7599,#7600);
#7599 = CARTESIAN_POINT('',(-8.492895794188,0.832742857143,
    38.614357142857));
#7600 = VECTOR('',#7601,1.);
#7601 = DIRECTION('',(-0.,0.705826953048,-0.708384297081));
#7602 = ORIENTED_EDGE('',*,*,#7603,.F.);
#7603 = EDGE_CURVE('',#1326,#7596,#7604,.T.);
#7604 = LINE('',#7605,#7606);
#7605 = CARTESIAN_POINT('',(-9.092895794188,0.884,38.562914285714));
#7606 = VECTOR('',#7607,1.);
#7607 = DIRECTION('',(1.,0.,0.));
#7608 = PLANE('',#7609);
#7609 = AXIS2_PLACEMENT_3D('',#7610,#7611,#7612);
#7610 = CARTESIAN_POINT('',(-9.092895794188,0.832742857143,
    38.614357142857));
#7611 = DIRECTION('',(-0.,0.708384297081,0.705826953048));
#7612 = DIRECTION('',(0.,0.705826953048,-0.708384297081));
#7613 = ADVANCED_FACE('',(#7614),#7632,.T.);
#7614 = FACE_BOUND('',#7615,.T.);
#7615 = EDGE_LOOP('',(#7616,#7617,#7618,#7626));
#7616 = ORIENTED_EDGE('',*,*,#1325,.T.);
#7617 = ORIENTED_EDGE('',*,*,#7603,.T.);
#7618 = ORIENTED_EDGE('',*,*,#7619,.T.);
#7619 = EDGE_CURVE('',#7596,#7620,#7622,.T.);
#7620 = VERTEX_POINT('',#7621);
#7621 = CARTESIAN_POINT('',(-8.492895794188,0.929685714286,
    38.522985714286));
#7622 = LINE('',#7623,#7624);
#7623 = CARTESIAN_POINT('',(-8.492895794188,0.884,38.562914285714));
#7624 = VECTOR('',#7625,1.);
#7625 = DIRECTION('',(-0.,0.752955783567,-0.658071111654));
#7626 = ORIENTED_EDGE('',*,*,#7627,.F.);
#7627 = EDGE_CURVE('',#1318,#7620,#7628,.T.);
#7628 = LINE('',#7629,#7630);
#7629 = CARTESIAN_POINT('',(-9.092895794188,0.929685714286,
    38.522985714286));
#7630 = VECTOR('',#7631,1.);
#7631 = DIRECTION('',(1.,0.,0.));
#7632 = PLANE('',#7633);
#7633 = AXIS2_PLACEMENT_3D('',#7634,#7635,#7636);
#7634 = CARTESIAN_POINT('',(-9.092895794188,0.884,38.562914285714));
#7635 = DIRECTION('',(-0.,0.658071111654,0.752955783567));
#7636 = DIRECTION('',(0.,0.752955783567,-0.658071111654));
#7637 = ADVANCED_FACE('',(#7638),#7656,.T.);
#7638 = FACE_BOUND('',#7639,.T.);
#7639 = EDGE_LOOP('',(#7640,#7641,#7642,#7650));
#7640 = ORIENTED_EDGE('',*,*,#1317,.T.);
#7641 = ORIENTED_EDGE('',*,*,#7627,.T.);
#7642 = ORIENTED_EDGE('',*,*,#7643,.T.);
#7643 = EDGE_CURVE('',#7620,#7644,#7646,.T.);
#7644 = VERTEX_POINT('',#7645);
#7645 = CARTESIAN_POINT('',(-8.492895794188,0.981128571429,
    38.488814285714));
#7646 = LINE('',#7647,#7648);
#7647 = CARTESIAN_POINT('',(-8.492895794188,0.929685714286,
    38.522985714286));
#7648 = VECTOR('',#7649,1.);
#7649 = DIRECTION('',(-0.,0.832974406886,-0.553311519375));
#7650 = ORIENTED_EDGE('',*,*,#7651,.F.);
#7651 = EDGE_CURVE('',#1310,#7644,#7652,.T.);
#7652 = LINE('',#7653,#7654);
#7653 = CARTESIAN_POINT('',(-9.092895794188,0.981128571429,
    38.488814285714));
#7654 = VECTOR('',#7655,1.);
#7655 = DIRECTION('',(1.,0.,0.));
#7656 = PLANE('',#7657);
#7657 = AXIS2_PLACEMENT_3D('',#7658,#7659,#7660);
#7658 = CARTESIAN_POINT('',(-9.092895794188,0.929685714286,
    38.522985714286));
#7659 = DIRECTION('',(-0.,0.553311519375,0.832974406886));
#7660 = DIRECTION('',(0.,0.832974406886,-0.553311519375));
#7661 = ADVANCED_FACE('',(#7662),#7680,.T.);
#7662 = FACE_BOUND('',#7663,.T.);
#7663 = EDGE_LOOP('',(#7664,#7665,#7666,#7674));
#7664 = ORIENTED_EDGE('',*,*,#1309,.T.);
#7665 = ORIENTED_EDGE('',*,*,#7651,.T.);
#7666 = ORIENTED_EDGE('',*,*,#7667,.T.);
#7667 = EDGE_CURVE('',#7644,#7668,#7670,.T.);
#7668 = VERTEX_POINT('',#7669);
#7669 = CARTESIAN_POINT('',(-8.492895794188,1.032385714286,
    38.460214285714));
#7670 = LINE('',#7671,#7672);
#7671 = CARTESIAN_POINT('',(-8.492895794188,0.981128571429,
    38.488814285714));
#7672 = VECTOR('',#7673,1.);
#7673 = DIRECTION('',(-0.,0.873260322171,-0.487253947878));
#7674 = ORIENTED_EDGE('',*,*,#7675,.F.);
#7675 = EDGE_CURVE('',#1302,#7668,#7676,.T.);
#7676 = LINE('',#7677,#7678);
#7677 = CARTESIAN_POINT('',(-9.092895794188,1.032385714286,
    38.460214285714));
#7678 = VECTOR('',#7679,1.);
#7679 = DIRECTION('',(1.,0.,0.));
#7680 = PLANE('',#7681);
#7681 = AXIS2_PLACEMENT_3D('',#7682,#7683,#7684);
#7682 = CARTESIAN_POINT('',(-9.092895794188,0.981128571429,
    38.488814285714));
#7683 = DIRECTION('',(-0.,0.487253947878,0.873260322171));
#7684 = DIRECTION('',(0.,0.873260322171,-0.487253947878));
#7685 = ADVANCED_FACE('',(#7686),#7704,.T.);
#7686 = FACE_BOUND('',#7687,.T.);
#7687 = EDGE_LOOP('',(#7688,#7689,#7690,#7698));
#7688 = ORIENTED_EDGE('',*,*,#1301,.T.);
#7689 = ORIENTED_EDGE('',*,*,#7675,.T.);
#7690 = ORIENTED_EDGE('',*,*,#7691,.T.);
#7691 = EDGE_CURVE('',#7668,#7692,#7694,.T.);
#7692 = VERTEX_POINT('',#7693);
#7693 = CARTESIAN_POINT('',(-8.492895794188,1.100914285714,38.4318));
#7694 = LINE('',#7695,#7696);
#7695 = CARTESIAN_POINT('',(-8.492895794188,1.032385714286,
    38.460214285714));
#7696 = VECTOR('',#7697,1.);
#7697 = DIRECTION('',(-0.,0.923742113572,-0.3830150227));
#7698 = ORIENTED_EDGE('',*,*,#7699,.F.);
#7699 = EDGE_CURVE('',#1294,#7692,#7700,.T.);
#7700 = LINE('',#7701,#7702);
#7701 = CARTESIAN_POINT('',(-9.092895794188,1.100914285714,38.4318));
#7702 = VECTOR('',#7703,1.);
#7703 = DIRECTION('',(1.,0.,0.));
#7704 = PLANE('',#7705);
#7705 = AXIS2_PLACEMENT_3D('',#7706,#7707,#7708);
#7706 = CARTESIAN_POINT('',(-9.092895794188,1.032385714286,
    38.460214285714));
#7707 = DIRECTION('',(-0.,0.3830150227,0.923742113572));
#7708 = DIRECTION('',(0.,0.923742113572,-0.3830150227));
#7709 = ADVANCED_FACE('',(#7710),#7728,.T.);
#7710 = FACE_BOUND('',#7711,.T.);
#7711 = EDGE_LOOP('',(#7712,#7713,#7714,#7722));
#7712 = ORIENTED_EDGE('',*,*,#1293,.T.);
#7713 = ORIENTED_EDGE('',*,*,#7699,.T.);
#7714 = ORIENTED_EDGE('',*,*,#7715,.T.);
#7715 = EDGE_CURVE('',#7692,#7716,#7718,.T.);
#7716 = VERTEX_POINT('',#7717);
#7717 = CARTESIAN_POINT('',(-8.492895794188,1.157928571429,
    38.414528571429));
#7718 = LINE('',#7719,#7720);
#7719 = CARTESIAN_POINT('',(-8.492895794188,1.100914285714,38.4318));
#7720 = VECTOR('',#7721,1.);
#7721 = DIRECTION('',(-0.,0.957050619435,-0.289920871686));
#7722 = ORIENTED_EDGE('',*,*,#7723,.F.);
#7723 = EDGE_CURVE('',#1286,#7716,#7724,.T.);
#7724 = LINE('',#7725,#7726);
#7725 = CARTESIAN_POINT('',(-9.092895794188,1.157928571429,
    38.414528571429));
#7726 = VECTOR('',#7727,1.);
#7727 = DIRECTION('',(1.,0.,0.));
#7728 = PLANE('',#7729);
#7729 = AXIS2_PLACEMENT_3D('',#7730,#7731,#7732);
#7730 = CARTESIAN_POINT('',(-9.092895794188,1.100914285714,38.4318));
#7731 = DIRECTION('',(-0.,0.289920871686,0.957050619435));
#7732 = DIRECTION('',(0.,0.957050619435,-0.289920871686));
#7733 = ADVANCED_FACE('',(#7734),#7752,.T.);
#7734 = FACE_BOUND('',#7735,.T.);
#7735 = EDGE_LOOP('',(#7736,#7737,#7738,#7746));
#7736 = ORIENTED_EDGE('',*,*,#1285,.T.);
#7737 = ORIENTED_EDGE('',*,*,#7723,.T.);
#7738 = ORIENTED_EDGE('',*,*,#7739,.T.);
#7739 = EDGE_CURVE('',#7716,#7740,#7742,.T.);
#7740 = VERTEX_POINT('',#7741);
#7741 = CARTESIAN_POINT('',(-8.492895794188,1.214942857143,
    38.408957142857));
#7742 = LINE('',#7743,#7744);
#7743 = CARTESIAN_POINT('',(-8.492895794188,1.157928571429,
    38.414528571429));
#7744 = VECTOR('',#7745,1.);
#7745 = DIRECTION('',(-0.,0.995259338689,-9.725661290117E-02));
#7746 = ORIENTED_EDGE('',*,*,#7747,.F.);
#7747 = EDGE_CURVE('',#1278,#7740,#7748,.T.);
#7748 = LINE('',#7749,#7750);
#7749 = CARTESIAN_POINT('',(-9.092895794188,1.214942857143,
    38.408957142857));
#7750 = VECTOR('',#7751,1.);
#7751 = DIRECTION('',(1.,0.,0.));
#7752 = PLANE('',#7753);
#7753 = AXIS2_PLACEMENT_3D('',#7754,#7755,#7756);
#7754 = CARTESIAN_POINT('',(-9.092895794188,1.157928571429,
    38.414528571429));
#7755 = DIRECTION('',(-0.,9.725661290117E-02,0.995259338689));
#7756 = DIRECTION('',(0.,0.995259338689,-9.725661290117E-02));
#7757 = ADVANCED_FACE('',(#7758),#7776,.T.);
#7758 = FACE_BOUND('',#7759,.T.);
#7759 = EDGE_LOOP('',(#7760,#7761,#7762,#7770));
#7760 = ORIENTED_EDGE('',*,*,#1277,.T.);
#7761 = ORIENTED_EDGE('',*,*,#7747,.T.);
#7762 = ORIENTED_EDGE('',*,*,#7763,.T.);
#7763 = EDGE_CURVE('',#7740,#7764,#7766,.T.);
#7764 = VERTEX_POINT('',#7765);
#7765 = CARTESIAN_POINT('',(-8.492895794188,1.277714285714,38.4032));
#7766 = LINE('',#7767,#7768);
#7767 = CARTESIAN_POINT('',(-8.492895794188,1.214942857143,
    38.408957142857));
#7768 = VECTOR('',#7769,1.);
#7769 = DIRECTION('',(-0.,0.995820439719,-9.133264387955E-02));
#7770 = ORIENTED_EDGE('',*,*,#7771,.F.);
#7771 = EDGE_CURVE('',#1270,#7764,#7772,.T.);
#7772 = LINE('',#7773,#7774);
#7773 = CARTESIAN_POINT('',(-9.092895794188,1.277714285714,38.4032));
#7774 = VECTOR('',#7775,1.);
#7775 = DIRECTION('',(1.,0.,0.));
#7776 = PLANE('',#7777);
#7777 = AXIS2_PLACEMENT_3D('',#7778,#7779,#7780);
#7778 = CARTESIAN_POINT('',(-9.092895794188,1.214942857143,
    38.408957142857));
#7779 = DIRECTION('',(-0.,9.133264387955E-02,0.995820439719));
#7780 = DIRECTION('',(0.,0.995820439719,-9.133264387955E-02));
#7781 = ADVANCED_FACE('',(#7782),#7807,.T.);
#7782 = FACE_BOUND('',#7783,.T.);
#7783 = EDGE_LOOP('',(#7784,#7785,#7793,#7801));
#7784 = ORIENTED_EDGE('',*,*,#1261,.T.);
#7785 = ORIENTED_EDGE('',*,*,#7786,.T.);
#7786 = EDGE_CURVE('',#1262,#7787,#7789,.T.);
#7787 = VERTEX_POINT('',#7788);
#7788 = CARTESIAN_POINT('',(-8.492895794188,2.179171428571,38.4032));
#7789 = LINE('',#7790,#7791);
#7790 = CARTESIAN_POINT('',(-9.092895794188,2.179171428571,38.4032));
#7791 = VECTOR('',#7792,1.);
#7792 = DIRECTION('',(1.,0.,0.));
#7793 = ORIENTED_EDGE('',*,*,#7794,.T.);
#7794 = EDGE_CURVE('',#7787,#7795,#7797,.T.);
#7795 = VERTEX_POINT('',#7796);
#7796 = CARTESIAN_POINT('',(-8.492895794188,2.207585714286,
    38.408957142857));
#7797 = LINE('',#7798,#7799);
#7798 = CARTESIAN_POINT('',(-8.492895794188,2.179171428571,38.4032));
#7799 = VECTOR('',#7800,1.);
#7800 = DIRECTION('',(0.,0.980084827963,0.198579278868));
#7801 = ORIENTED_EDGE('',*,*,#7802,.F.);
#7802 = EDGE_CURVE('',#1254,#7795,#7803,.T.);
#7803 = LINE('',#7804,#7805);
#7804 = CARTESIAN_POINT('',(-9.092895794188,2.207585714286,
    38.408957142857));
#7805 = VECTOR('',#7806,1.);
#7806 = DIRECTION('',(1.,0.,0.));
#7807 = PLANE('',#7808);
#7808 = AXIS2_PLACEMENT_3D('',#7809,#7810,#7811);
#7809 = CARTESIAN_POINT('',(-9.092895794188,2.179171428571,38.4032));
#7810 = DIRECTION('',(0.,-0.198579278868,0.980084827963));
#7811 = DIRECTION('',(0.,0.980084827963,0.198579278868));
#7812 = ADVANCED_FACE('',(#7813),#7831,.T.);
#7813 = FACE_BOUND('',#7814,.T.);
#7814 = EDGE_LOOP('',(#7815,#7816,#7817,#7825));
#7815 = ORIENTED_EDGE('',*,*,#1253,.T.);
#7816 = ORIENTED_EDGE('',*,*,#7802,.T.);
#7817 = ORIENTED_EDGE('',*,*,#7818,.T.);
#7818 = EDGE_CURVE('',#7795,#7819,#7821,.T.);
#7819 = VERTEX_POINT('',#7820);
#7820 = CARTESIAN_POINT('',(-8.492895794188,2.264785714286,
    38.420285714286));
#7821 = LINE('',#7822,#7823);
#7822 = CARTESIAN_POINT('',(-8.492895794188,2.207585714286,
    38.408957142857));
#7823 = VECTOR('',#7824,1.);
#7824 = DIRECTION('',(0.,0.980946441599,0.194278353693));
#7825 = ORIENTED_EDGE('',*,*,#7826,.F.);
#7826 = EDGE_CURVE('',#1246,#7819,#7827,.T.);
#7827 = LINE('',#7828,#7829);
#7828 = CARTESIAN_POINT('',(-9.092895794188,2.264785714286,
    38.420285714286));
#7829 = VECTOR('',#7830,1.);
#7830 = DIRECTION('',(1.,0.,0.));
#7831 = PLANE('',#7832);
#7832 = AXIS2_PLACEMENT_3D('',#7833,#7834,#7835);
#7833 = CARTESIAN_POINT('',(-9.092895794188,2.207585714286,
    38.408957142857));
#7834 = DIRECTION('',(0.,-0.194278353693,0.980946441599));
#7835 = DIRECTION('',(0.,0.980946441599,0.194278353693));
#7836 = ADVANCED_FACE('',(#7837),#7855,.T.);
#7837 = FACE_BOUND('',#7838,.T.);
#7838 = EDGE_LOOP('',(#7839,#7840,#7841,#7849));
#7839 = ORIENTED_EDGE('',*,*,#1245,.T.);
#7840 = ORIENTED_EDGE('',*,*,#7826,.T.);
#7841 = ORIENTED_EDGE('',*,*,#7842,.T.);
#7842 = EDGE_CURVE('',#7819,#7843,#7845,.T.);
#7843 = VERTEX_POINT('',#7844);
#7844 = CARTESIAN_POINT('',(-8.492895794188,2.310285714286,38.4318));
#7845 = LINE('',#7846,#7847);
#7846 = CARTESIAN_POINT('',(-8.492895794188,2.264785714286,
    38.420285714286));
#7847 = VECTOR('',#7848,1.);
#7848 = DIRECTION('',(0.,0.969440203112,0.245327724869));
#7849 = ORIENTED_EDGE('',*,*,#7850,.F.);
#7850 = EDGE_CURVE('',#1238,#7843,#7851,.T.);
#7851 = LINE('',#7852,#7853);
#7852 = CARTESIAN_POINT('',(-9.092895794188,2.310285714286,38.4318));
#7853 = VECTOR('',#7854,1.);
#7854 = DIRECTION('',(1.,0.,0.));
#7855 = PLANE('',#7856);
#7856 = AXIS2_PLACEMENT_3D('',#7857,#7858,#7859);
#7857 = CARTESIAN_POINT('',(-9.092895794188,2.264785714286,
    38.420285714286));
#7858 = DIRECTION('',(0.,-0.245327724869,0.969440203112));
#7859 = DIRECTION('',(0.,0.969440203112,0.245327724869));
#7860 = ADVANCED_FACE('',(#7861),#7879,.T.);
#7861 = FACE_BOUND('',#7862,.T.);
#7862 = EDGE_LOOP('',(#7863,#7864,#7865,#7873));
#7863 = ORIENTED_EDGE('',*,*,#1237,.T.);
#7864 = ORIENTED_EDGE('',*,*,#7850,.T.);
#7865 = ORIENTED_EDGE('',*,*,#7866,.T.);
#7866 = EDGE_CURVE('',#7843,#7867,#7869,.T.);
#7867 = VERTEX_POINT('',#7868);
#7868 = CARTESIAN_POINT('',(-8.492895794188,2.361728571429,
    38.454457142857));
#7869 = LINE('',#7870,#7871);
#7870 = CARTESIAN_POINT('',(-8.492895794188,2.310285714286,38.4318));
#7871 = VECTOR('',#7872,1.);
#7872 = DIRECTION('',(0.,0.915168822915,0.403070745111));
#7873 = ORIENTED_EDGE('',*,*,#7874,.F.);
#7874 = EDGE_CURVE('',#1230,#7867,#7875,.T.);
#7875 = LINE('',#7876,#7877);
#7876 = CARTESIAN_POINT('',(-9.092895794188,2.361728571429,
    38.454457142857));
#7877 = VECTOR('',#7878,1.);
#7878 = DIRECTION('',(1.,0.,0.));
#7879 = PLANE('',#7880);
#7880 = AXIS2_PLACEMENT_3D('',#7881,#7882,#7883);
#7881 = CARTESIAN_POINT('',(-9.092895794188,2.310285714286,38.4318));
#7882 = DIRECTION('',(0.,-0.403070745111,0.915168822915));
#7883 = DIRECTION('',(0.,0.915168822915,0.403070745111));
#7884 = ADVANCED_FACE('',(#7885),#7903,.T.);
#7885 = FACE_BOUND('',#7886,.T.);
#7886 = EDGE_LOOP('',(#7887,#7888,#7889,#7897));
#7887 = ORIENTED_EDGE('',*,*,#1229,.T.);
#7888 = ORIENTED_EDGE('',*,*,#7874,.T.);
#7889 = ORIENTED_EDGE('',*,*,#7890,.T.);
#7890 = EDGE_CURVE('',#7867,#7891,#7893,.T.);
#7891 = VERTEX_POINT('',#7892);
#7892 = CARTESIAN_POINT('',(-8.492895794188,2.407414285714,
    38.471728571429));
#7893 = LINE('',#7894,#7895);
#7894 = CARTESIAN_POINT('',(-8.492895794188,2.361728571429,
    38.454457142857));
#7895 = VECTOR('',#7896,1.);
#7896 = DIRECTION('',(0.,0.93538826358,0.353622392329));
#7897 = ORIENTED_EDGE('',*,*,#7898,.F.);
#7898 = EDGE_CURVE('',#1222,#7891,#7899,.T.);
#7899 = LINE('',#7900,#7901);
#7900 = CARTESIAN_POINT('',(-9.092895794188,2.407414285714,
    38.471728571429));
#7901 = VECTOR('',#7902,1.);
#7902 = DIRECTION('',(1.,0.,0.));
#7903 = PLANE('',#7904);
#7904 = AXIS2_PLACEMENT_3D('',#7905,#7906,#7907);
#7905 = CARTESIAN_POINT('',(-9.092895794188,2.361728571429,
    38.454457142857));
#7906 = DIRECTION('',(0.,-0.353622392329,0.93538826358));
#7907 = DIRECTION('',(0.,0.93538826358,0.353622392329));
#7908 = ADVANCED_FACE('',(#7909),#7927,.T.);
#7909 = FACE_BOUND('',#7910,.T.);
#7910 = EDGE_LOOP('',(#7911,#7912,#7913,#7921));
#7911 = ORIENTED_EDGE('',*,*,#1221,.T.);
#7912 = ORIENTED_EDGE('',*,*,#7898,.T.);
#7913 = ORIENTED_EDGE('',*,*,#7914,.T.);
#7914 = EDGE_CURVE('',#7891,#7915,#7917,.T.);
#7915 = VERTEX_POINT('',#7916);
#7916 = CARTESIAN_POINT('',(-8.492895794188,2.452914285714,
    38.500142857143));
#7917 = LINE('',#7918,#7919);
#7918 = CARTESIAN_POINT('',(-8.492895794188,2.407414285714,
    38.471728571429));
#7919 = VECTOR('',#7920,1.);
#7920 = DIRECTION('',(0.,0.848192741916,0.529687712299));
#7921 = ORIENTED_EDGE('',*,*,#7922,.F.);
#7922 = EDGE_CURVE('',#1214,#7915,#7923,.T.);
#7923 = LINE('',#7924,#7925);
#7924 = CARTESIAN_POINT('',(-9.092895794188,2.452914285714,
    38.500142857143));
#7925 = VECTOR('',#7926,1.);
#7926 = DIRECTION('',(1.,0.,0.));
#7927 = PLANE('',#7928);
#7928 = AXIS2_PLACEMENT_3D('',#7929,#7930,#7931);
#7929 = CARTESIAN_POINT('',(-9.092895794188,2.407414285714,
    38.471728571429));
#7930 = DIRECTION('',(0.,-0.529687712299,0.848192741916));
#7931 = DIRECTION('',(0.,0.848192741916,0.529687712299));
#7932 = ADVANCED_FACE('',(#7933),#7951,.T.);
#7933 = FACE_BOUND('',#7934,.T.);
#7934 = EDGE_LOOP('',(#7935,#7936,#7937,#7945));
#7935 = ORIENTED_EDGE('',*,*,#1213,.T.);
#7936 = ORIENTED_EDGE('',*,*,#7922,.T.);
#7937 = ORIENTED_EDGE('',*,*,#7938,.T.);
#7938 = EDGE_CURVE('',#7915,#7939,#7941,.T.);
#7939 = VERTEX_POINT('',#7940);
#7940 = CARTESIAN_POINT('',(-8.492895794188,2.492842857143,
    38.528742857143));
#7941 = LINE('',#7942,#7943);
#7942 = CARTESIAN_POINT('',(-8.492895794188,2.452914285714,
    38.500142857143));
#7943 = VECTOR('',#7944,1.);
#7944 = DIRECTION('',(0.,0.812966296417,0.58231074255));
#7945 = ORIENTED_EDGE('',*,*,#7946,.F.);
#7946 = EDGE_CURVE('',#1206,#7939,#7947,.T.);
#7947 = LINE('',#7948,#7949);
#7948 = CARTESIAN_POINT('',(-9.092895794188,2.492842857143,
    38.528742857143));
#7949 = VECTOR('',#7950,1.);
#7950 = DIRECTION('',(1.,0.,0.));
#7951 = PLANE('',#7952);
#7952 = AXIS2_PLACEMENT_3D('',#7953,#7954,#7955);
#7953 = CARTESIAN_POINT('',(-9.092895794188,2.452914285714,
    38.500142857143));
#7954 = DIRECTION('',(0.,-0.58231074255,0.812966296417));
#7955 = DIRECTION('',(0.,0.812966296417,0.58231074255));
#7956 = ADVANCED_FACE('',(#7957),#7975,.T.);
#7957 = FACE_BOUND('',#7958,.T.);
#7958 = EDGE_LOOP('',(#7959,#7960,#7961,#7969));
#7959 = ORIENTED_EDGE('',*,*,#1205,.T.);
#7960 = ORIENTED_EDGE('',*,*,#7946,.T.);
#7961 = ORIENTED_EDGE('',*,*,#7962,.T.);
#7962 = EDGE_CURVE('',#7939,#7963,#7965,.T.);
#7963 = VERTEX_POINT('',#7964);
#7964 = CARTESIAN_POINT('',(-8.492895794188,2.532771428571,
    38.568671428571));
#7965 = LINE('',#7966,#7967);
#7966 = CARTESIAN_POINT('',(-8.492895794188,2.492842857143,
    38.528742857143));
#7967 = VECTOR('',#7968,1.);
#7968 = DIRECTION('',(0.,0.707106781187,0.707106781187));
#7969 = ORIENTED_EDGE('',*,*,#7970,.F.);
#7970 = EDGE_CURVE('',#1198,#7963,#7971,.T.);
#7971 = LINE('',#7972,#7973);
#7972 = CARTESIAN_POINT('',(-9.092895794188,2.532771428571,
    38.568671428571));
#7973 = VECTOR('',#7974,1.);
#7974 = DIRECTION('',(1.,0.,0.));
#7975 = PLANE('',#7976);
#7976 = AXIS2_PLACEMENT_3D('',#7977,#7978,#7979);
#7977 = CARTESIAN_POINT('',(-9.092895794188,2.492842857143,
    38.528742857143));
#7978 = DIRECTION('',(0.,-0.707106781187,0.707106781187));
#7979 = DIRECTION('',(0.,0.707106781187,0.707106781187));
#7980 = ADVANCED_FACE('',(#7981),#7999,.T.);
#7981 = FACE_BOUND('',#7982,.T.);
#7982 = EDGE_LOOP('',(#7983,#7984,#7985,#7993));
#7983 = ORIENTED_EDGE('',*,*,#1197,.T.);
#7984 = ORIENTED_EDGE('',*,*,#7970,.T.);
#7985 = ORIENTED_EDGE('',*,*,#7986,.T.);
#7986 = EDGE_CURVE('',#7963,#7987,#7989,.T.);
#7987 = VERTEX_POINT('',#7988);
#7988 = CARTESIAN_POINT('',(-8.492895794188,2.567128571429,
    38.602842857143));
#7989 = LINE('',#7990,#7991);
#7990 = CARTESIAN_POINT('',(-8.492895794188,2.532771428571,
    38.568671428571));
#7991 = VECTOR('',#7992,1.);
#7992 = DIRECTION('',(0.,0.70902045612,0.705187913114));
#7993 = ORIENTED_EDGE('',*,*,#7994,.F.);
#7994 = EDGE_CURVE('',#1190,#7987,#7995,.T.);
#7995 = LINE('',#7996,#7997);
#7996 = CARTESIAN_POINT('',(-9.092895794188,2.567128571429,
    38.602842857143));
#7997 = VECTOR('',#7998,1.);
#7998 = DIRECTION('',(1.,0.,0.));
#7999 = PLANE('',#8000);
#8000 = AXIS2_PLACEMENT_3D('',#8001,#8002,#8003);
#8001 = CARTESIAN_POINT('',(-9.092895794188,2.532771428571,
    38.568671428571));
#8002 = DIRECTION('',(0.,-0.705187913114,0.70902045612));
#8003 = DIRECTION('',(0.,0.70902045612,0.705187913114));
#8004 = ADVANCED_FACE('',(#8005),#8023,.T.);
#8005 = FACE_BOUND('',#8006,.T.);
#8006 = EDGE_LOOP('',(#8007,#8008,#8009,#8017));
#8007 = ORIENTED_EDGE('',*,*,#1189,.T.);
#8008 = ORIENTED_EDGE('',*,*,#7994,.T.);
#8009 = ORIENTED_EDGE('',*,*,#8010,.T.);
#8010 = EDGE_CURVE('',#7987,#8011,#8013,.T.);
#8011 = VERTEX_POINT('',#8012);
#8012 = CARTESIAN_POINT('',(-8.492895794188,2.595542857143,38.6372));
#8013 = LINE('',#8014,#8015);
#8014 = CARTESIAN_POINT('',(-8.492895794188,2.567128571429,
    38.602842857143));
#8015 = VECTOR('',#8016,1.);
#8016 = DIRECTION('',(0.,0.637311932213,0.770605931108));
#8017 = ORIENTED_EDGE('',*,*,#8018,.F.);
#8018 = EDGE_CURVE('',#1182,#8011,#8019,.T.);
#8019 = LINE('',#8020,#8021);
#8020 = CARTESIAN_POINT('',(-9.092895794188,2.595542857143,38.6372));
#8021 = VECTOR('',#8022,1.);
#8022 = DIRECTION('',(1.,0.,0.));
#8023 = PLANE('',#8024);
#8024 = AXIS2_PLACEMENT_3D('',#8025,#8026,#8027);
#8025 = CARTESIAN_POINT('',(-9.092895794188,2.567128571429,
    38.602842857143));
#8026 = DIRECTION('',(0.,-0.770605931108,0.637311932213));
#8027 = DIRECTION('',(0.,0.637311932213,0.770605931108));
#8028 = ADVANCED_FACE('',(#8029),#8047,.T.);
#8029 = FACE_BOUND('',#8030,.T.);
#8030 = EDGE_LOOP('',(#8031,#8032,#8033,#8041));
#8031 = ORIENTED_EDGE('',*,*,#1181,.T.);
#8032 = ORIENTED_EDGE('',*,*,#8018,.T.);
#8033 = ORIENTED_EDGE('',*,*,#8034,.T.);
#8034 = EDGE_CURVE('',#8011,#8035,#8037,.T.);
#8035 = VERTEX_POINT('',#8036);
#8036 = CARTESIAN_POINT('',(-8.492895794188,2.624142857143,
    38.688457142857));
#8037 = LINE('',#8038,#8039);
#8038 = CARTESIAN_POINT('',(-8.492895794188,2.595542857143,38.6372));
#8039 = VECTOR('',#8040,1.);
#8040 = DIRECTION('',(0.,0.487253947878,0.873260322171));
#8041 = ORIENTED_EDGE('',*,*,#8042,.F.);
#8042 = EDGE_CURVE('',#1174,#8035,#8043,.T.);
#8043 = LINE('',#8044,#8045);
#8044 = CARTESIAN_POINT('',(-9.092895794188,2.624142857143,
    38.688457142857));
#8045 = VECTOR('',#8046,1.);
#8046 = DIRECTION('',(1.,0.,0.));
#8047 = PLANE('',#8048);
#8048 = AXIS2_PLACEMENT_3D('',#8049,#8050,#8051);
#8049 = CARTESIAN_POINT('',(-9.092895794188,2.595542857143,38.6372));
#8050 = DIRECTION('',(0.,-0.873260322171,0.487253947878));
#8051 = DIRECTION('',(0.,0.487253947878,0.873260322171));
#8052 = ADVANCED_FACE('',(#8053),#8071,.T.);
#8053 = FACE_BOUND('',#8054,.T.);
#8054 = EDGE_LOOP('',(#8055,#8056,#8057,#8065));
#8055 = ORIENTED_EDGE('',*,*,#1173,.T.);
#8056 = ORIENTED_EDGE('',*,*,#8042,.T.);
#8057 = ORIENTED_EDGE('',*,*,#8058,.T.);
#8058 = EDGE_CURVE('',#8035,#8059,#8061,.T.);
#8059 = VERTEX_POINT('',#8060);
#8060 = CARTESIAN_POINT('',(-8.492895794188,2.646985714286,
    38.728385714286));
#8061 = LINE('',#8062,#8063);
#8062 = CARTESIAN_POINT('',(-8.492895794188,2.624142857143,
    38.688457142857));
#8063 = VECTOR('',#8064,1.);
#8064 = DIRECTION('',(0.,0.49657364983,0.867994591167));
#8065 = ORIENTED_EDGE('',*,*,#8066,.F.);
#8066 = EDGE_CURVE('',#1166,#8059,#8067,.T.);
#8067 = LINE('',#8068,#8069);
#8068 = CARTESIAN_POINT('',(-9.092895794188,2.646985714286,
    38.728385714286));
#8069 = VECTOR('',#8070,1.);
#8070 = DIRECTION('',(1.,0.,0.));
#8071 = PLANE('',#8072);
#8072 = AXIS2_PLACEMENT_3D('',#8073,#8074,#8075);
#8073 = CARTESIAN_POINT('',(-9.092895794188,2.624142857143,
    38.688457142857));
#8074 = DIRECTION('',(0.,-0.867994591167,0.49657364983));
#8075 = DIRECTION('',(0.,0.49657364983,0.867994591167));
#8076 = ADVANCED_FACE('',(#8077),#8095,.T.);
#8077 = FACE_BOUND('',#8078,.T.);
#8078 = EDGE_LOOP('',(#8079,#8080,#8081,#8089));
#8079 = ORIENTED_EDGE('',*,*,#1165,.T.);
#8080 = ORIENTED_EDGE('',*,*,#8066,.T.);
#8081 = ORIENTED_EDGE('',*,*,#8082,.T.);
#8082 = EDGE_CURVE('',#8059,#8083,#8085,.T.);
#8083 = VERTEX_POINT('',#8084);
#8084 = CARTESIAN_POINT('',(-8.492895794188,2.664071428571,
    38.768314285714));
#8085 = LINE('',#8086,#8087);
#8086 = CARTESIAN_POINT('',(-8.492895794188,2.646985714286,
    38.728385714286));
#8087 = VECTOR('',#8088,1.);
#8088 = DIRECTION('',(0.,0.393403152889,0.919366063816));
#8089 = ORIENTED_EDGE('',*,*,#8090,.F.);
#8090 = EDGE_CURVE('',#1158,#8083,#8091,.T.);
#8091 = LINE('',#8092,#8093);
#8092 = CARTESIAN_POINT('',(-9.092895794188,2.664071428571,
    38.768314285714));
#8093 = VECTOR('',#8094,1.);
#8094 = DIRECTION('',(1.,0.,0.));
#8095 = PLANE('',#8096);
#8096 = AXIS2_PLACEMENT_3D('',#8097,#8098,#8099);
#8097 = CARTESIAN_POINT('',(-9.092895794188,2.646985714286,
    38.728385714286));
#8098 = DIRECTION('',(0.,-0.919366063816,0.393403152889));
#8099 = DIRECTION('',(0.,0.393403152889,0.919366063816));
#8100 = ADVANCED_FACE('',(#8101),#8119,.T.);
#8101 = FACE_BOUND('',#8102,.T.);
#8102 = EDGE_LOOP('',(#8103,#8104,#8105,#8113));
#8103 = ORIENTED_EDGE('',*,*,#1157,.T.);
#8104 = ORIENTED_EDGE('',*,*,#8090,.T.);
#8105 = ORIENTED_EDGE('',*,*,#8106,.T.);
#8106 = EDGE_CURVE('',#8083,#8107,#8109,.T.);
#8107 = VERTEX_POINT('',#8108);
#8108 = CARTESIAN_POINT('',(-8.492895794188,2.686914285714,
    38.825328571429));
#8109 = LINE('',#8110,#8111);
#8110 = CARTESIAN_POINT('',(-8.492895794188,2.664071428571,
    38.768314285714));
#8111 = VECTOR('',#8112,1.);
#8112 = DIRECTION('',(0.,0.371911940969,0.928268015265));
#8113 = ORIENTED_EDGE('',*,*,#8114,.F.);
#8114 = EDGE_CURVE('',#1150,#8107,#8115,.T.);
#8115 = LINE('',#8116,#8117);
#8116 = CARTESIAN_POINT('',(-9.092895794188,2.686914285714,
    38.825328571429));
#8117 = VECTOR('',#8118,1.);
#8118 = DIRECTION('',(1.,0.,0.));
#8119 = PLANE('',#8120);
#8120 = AXIS2_PLACEMENT_3D('',#8121,#8122,#8123);
#8121 = CARTESIAN_POINT('',(-9.092895794188,2.664071428571,
    38.768314285714));
#8122 = DIRECTION('',(0.,-0.928268015265,0.371911940969));
#8123 = DIRECTION('',(0.,0.371911940969,0.928268015265));
#8124 = ADVANCED_FACE('',(#8125),#8143,.T.);
#8125 = FACE_BOUND('',#8126,.T.);
#8126 = EDGE_LOOP('',(#8127,#8128,#8129,#8137));
#8127 = ORIENTED_EDGE('',*,*,#1149,.T.);
#8128 = ORIENTED_EDGE('',*,*,#8114,.T.);
#8129 = ORIENTED_EDGE('',*,*,#8130,.T.);
#8130 = EDGE_CURVE('',#8107,#8131,#8133,.T.);
#8131 = VERTEX_POINT('',#8132);
#8132 = CARTESIAN_POINT('',(-8.492895794188,2.692671428571,
    38.871014285714));
#8133 = LINE('',#8134,#8135);
#8134 = CARTESIAN_POINT('',(-8.492895794188,2.686914285714,
    38.825328571429));
#8135 = VECTOR('',#8136,1.);
#8136 = DIRECTION('',(0.,0.125027446277,0.992153283358));
#8137 = ORIENTED_EDGE('',*,*,#8138,.F.);
#8138 = EDGE_CURVE('',#1142,#8131,#8139,.T.);
#8139 = LINE('',#8140,#8141);
#8140 = CARTESIAN_POINT('',(-9.092895794188,2.692671428571,
    38.871014285714));
#8141 = VECTOR('',#8142,1.);
#8142 = DIRECTION('',(1.,0.,0.));
#8143 = PLANE('',#8144);
#8144 = AXIS2_PLACEMENT_3D('',#8145,#8146,#8147);
#8145 = CARTESIAN_POINT('',(-9.092895794188,2.686914285714,
    38.825328571429));
#8146 = DIRECTION('',(0.,-0.992153283358,0.125027446277));
#8147 = DIRECTION('',(0.,0.125027446277,0.992153283358));
#8148 = ADVANCED_FACE('',(#8149),#8167,.T.);
#8149 = FACE_BOUND('',#8150,.T.);
#8150 = EDGE_LOOP('',(#8151,#8152,#8153,#8161));
#8151 = ORIENTED_EDGE('',*,*,#1141,.T.);
#8152 = ORIENTED_EDGE('',*,*,#8138,.T.);
#8153 = ORIENTED_EDGE('',*,*,#8154,.T.);
#8154 = EDGE_CURVE('',#8131,#8155,#8157,.T.);
#8155 = VERTEX_POINT('',#8156);
#8156 = CARTESIAN_POINT('',(-8.492895794188,2.704,38.928028571429));
#8157 = LINE('',#8158,#8159);
#8158 = CARTESIAN_POINT('',(-8.492895794188,2.692671428571,
    38.871014285714));
#8159 = VECTOR('',#8160,1.);
#8160 = DIRECTION('',(0.,0.194887184279,0.980825665143));
#8161 = ORIENTED_EDGE('',*,*,#8162,.F.);
#8162 = EDGE_CURVE('',#1134,#8155,#8163,.T.);
#8163 = LINE('',#8164,#8165);
#8164 = CARTESIAN_POINT('',(-9.092895794188,2.704,38.928028571429));
#8165 = VECTOR('',#8166,1.);
#8166 = DIRECTION('',(1.,0.,0.));
#8167 = PLANE('',#8168);
#8168 = AXIS2_PLACEMENT_3D('',#8169,#8170,#8171);
#8169 = CARTESIAN_POINT('',(-9.092895794188,2.692671428571,
    38.871014285714));
#8170 = DIRECTION('',(0.,-0.980825665143,0.194887184279));
#8171 = DIRECTION('',(0.,0.194887184279,0.980825665143));
#8172 = ADVANCED_FACE('',(#8173),#8198,.T.);
#8173 = FACE_BOUND('',#8174,.T.);
#8174 = EDGE_LOOP('',(#8175,#8176,#8184,#8192));
#8175 = ORIENTED_EDGE('',*,*,#1645,.T.);
#8176 = ORIENTED_EDGE('',*,*,#8177,.T.);
#8177 = EDGE_CURVE('',#1648,#8178,#8180,.T.);
#8178 = VERTEX_POINT('',#8179);
#8179 = CARTESIAN_POINT('',(-8.492895794188,-3.536928571429,
    41.826285714286));
#8180 = LINE('',#8181,#8182);
#8181 = CARTESIAN_POINT('',(-9.092895794188,-3.536928571429,
    41.826285714286));
#8182 = VECTOR('',#8183,1.);
#8183 = DIRECTION('',(1.,0.,0.));
#8184 = ORIENTED_EDGE('',*,*,#8185,.T.);
#8185 = EDGE_CURVE('',#8178,#8186,#8188,.T.);
#8186 = VERTEX_POINT('',#8187);
#8187 = CARTESIAN_POINT('',(-8.492895794188,-3.502757142857,
    41.832042857143));
#8188 = LINE('',#8189,#8190);
#8189 = CARTESIAN_POINT('',(-8.492895794188,-3.536928571429,
    41.826285714286));
#8190 = VECTOR('',#8191,1.);
#8191 = DIRECTION('',(0.,0.98610270304,0.166136868447));
#8192 = ORIENTED_EDGE('',*,*,#8193,.F.);
#8193 = EDGE_CURVE('',#1646,#8186,#8194,.T.);
#8194 = LINE('',#8195,#8196);
#8195 = CARTESIAN_POINT('',(-9.092895794188,-3.502757142857,
    41.832042857143));
#8196 = VECTOR('',#8197,1.);
#8197 = DIRECTION('',(1.,0.,0.));
#8198 = PLANE('',#8199);
#8199 = AXIS2_PLACEMENT_3D('',#8200,#8201,#8202);
#8200 = CARTESIAN_POINT('',(-9.092895794188,-3.536928571429,
    41.826285714286));
#8201 = DIRECTION('',(0.,-0.166136868447,0.98610270304));
#8202 = DIRECTION('',(0.,0.98610270304,0.166136868447));
#8203 = ADVANCED_FACE('',(#8204),#8222,.T.);
#8204 = FACE_BOUND('',#8205,.T.);
#8205 = EDGE_LOOP('',(#8206,#8207,#8208,#8216));
#8206 = ORIENTED_EDGE('',*,*,#2303,.T.);
#8207 = ORIENTED_EDGE('',*,*,#8193,.T.);
#8208 = ORIENTED_EDGE('',*,*,#8209,.T.);
#8209 = EDGE_CURVE('',#8186,#8210,#8212,.T.);
#8210 = VERTEX_POINT('',#8211);
#8211 = CARTESIAN_POINT('',(-8.492895794188,-3.462828571429,
    41.843371428571));
#8212 = LINE('',#8213,#8214);
#8213 = CARTESIAN_POINT('',(-8.492895794188,-3.502757142857,
    41.832042857143));
#8214 = VECTOR('',#8215,1.);
#8215 = DIRECTION('',(0.,0.962028866252,0.272947724844));
#8216 = ORIENTED_EDGE('',*,*,#8217,.F.);
#8217 = EDGE_CURVE('',#2296,#8210,#8218,.T.);
#8218 = LINE('',#8219,#8220);
#8219 = CARTESIAN_POINT('',(-9.092895794188,-3.462828571429,
    41.843371428571));
#8220 = VECTOR('',#8221,1.);
#8221 = DIRECTION('',(1.,0.,0.));
#8222 = PLANE('',#8223);
#8223 = AXIS2_PLACEMENT_3D('',#8224,#8225,#8226);
#8224 = CARTESIAN_POINT('',(-9.092895794188,-3.502757142857,
    41.832042857143));
#8225 = DIRECTION('',(0.,-0.272947724844,0.962028866252));
#8226 = DIRECTION('',(0.,0.962028866252,0.272947724844));
#8227 = ADVANCED_FACE('',(#8228),#8246,.T.);
#8228 = FACE_BOUND('',#8229,.T.);
#8229 = EDGE_LOOP('',(#8230,#8231,#8232,#8240));
#8230 = ORIENTED_EDGE('',*,*,#2295,.T.);
#8231 = ORIENTED_EDGE('',*,*,#8217,.T.);
#8232 = ORIENTED_EDGE('',*,*,#8233,.T.);
#8233 = EDGE_CURVE('',#8210,#8234,#8236,.T.);
#8234 = VERTEX_POINT('',#8235);
#8235 = CARTESIAN_POINT('',(-8.492895794188,-3.434228571429,
    41.854885714286));
#8236 = LINE('',#8237,#8238);
#8237 = CARTESIAN_POINT('',(-8.492895794188,-3.462828571429,
    41.843371428571));
#8238 = VECTOR('',#8239,1.);
#8239 = DIRECTION('',(0.,0.927643517938,0.373466870858));
#8240 = ORIENTED_EDGE('',*,*,#8241,.F.);
#8241 = EDGE_CURVE('',#2288,#8234,#8242,.T.);
#8242 = LINE('',#8243,#8244);
#8243 = CARTESIAN_POINT('',(-9.092895794188,-3.434228571429,
    41.854885714286));
#8244 = VECTOR('',#8245,1.);
#8245 = DIRECTION('',(1.,0.,0.));
#8246 = PLANE('',#8247);
#8247 = AXIS2_PLACEMENT_3D('',#8248,#8249,#8250);
#8248 = CARTESIAN_POINT('',(-9.092895794188,-3.462828571429,
    41.843371428571));
#8249 = DIRECTION('',(0.,-0.373466870858,0.927643517938));
#8250 = DIRECTION('',(0.,0.927643517938,0.373466870858));
#8251 = ADVANCED_FACE('',(#8252),#8270,.T.);
#8252 = FACE_BOUND('',#8253,.T.);
#8253 = EDGE_LOOP('',(#8254,#8255,#8256,#8264));
#8254 = ORIENTED_EDGE('',*,*,#2287,.T.);
#8255 = ORIENTED_EDGE('',*,*,#8241,.T.);
#8256 = ORIENTED_EDGE('',*,*,#8257,.T.);
#8257 = EDGE_CURVE('',#8234,#8258,#8260,.T.);
#8258 = VERTEX_POINT('',#8259);
#8259 = CARTESIAN_POINT('',(-8.492895794188,-3.400057142857,
    41.871971428571));
#8260 = LINE('',#8261,#8262);
#8261 = CARTESIAN_POINT('',(-8.492895794188,-3.434228571429,
    41.854885714286));
#8262 = VECTOR('',#8263,1.);
#8263 = DIRECTION('',(0.,0.894427191,0.4472135955));
#8264 = ORIENTED_EDGE('',*,*,#8265,.F.);
#8265 = EDGE_CURVE('',#2280,#8258,#8266,.T.);
#8266 = LINE('',#8267,#8268);
#8267 = CARTESIAN_POINT('',(-9.092895794188,-3.400057142857,
    41.871971428571));
#8268 = VECTOR('',#8269,1.);
#8269 = DIRECTION('',(1.,0.,0.));
#8270 = PLANE('',#8271);
#8271 = AXIS2_PLACEMENT_3D('',#8272,#8273,#8274);
#8272 = CARTESIAN_POINT('',(-9.092895794188,-3.434228571429,
    41.854885714286));
#8273 = DIRECTION('',(0.,-0.4472135955,0.894427191));
#8274 = DIRECTION('',(0.,0.894427191,0.4472135955));
#8275 = ADVANCED_FACE('',(#8276),#8294,.T.);
#8276 = FACE_BOUND('',#8277,.T.);
#8277 = EDGE_LOOP('',(#8278,#8279,#8280,#8288));
#8278 = ORIENTED_EDGE('',*,*,#2279,.T.);
#8279 = ORIENTED_EDGE('',*,*,#8265,.T.);
#8280 = ORIENTED_EDGE('',*,*,#8281,.T.);
#8281 = EDGE_CURVE('',#8258,#8282,#8284,.T.);
#8282 = VERTEX_POINT('',#8283);
#8283 = CARTESIAN_POINT('',(-8.492895794188,-3.382971428571,
    41.889057142857));
#8284 = LINE('',#8285,#8286);
#8285 = CARTESIAN_POINT('',(-8.492895794188,-3.400057142857,
    41.871971428571));
#8286 = VECTOR('',#8287,1.);
#8287 = DIRECTION('',(0.,0.707106781187,0.707106781187));
#8288 = ORIENTED_EDGE('',*,*,#8289,.F.);
#8289 = EDGE_CURVE('',#2272,#8282,#8290,.T.);
#8290 = LINE('',#8291,#8292);
#8291 = CARTESIAN_POINT('',(-9.092895794188,-3.382971428571,
    41.889057142857));
#8292 = VECTOR('',#8293,1.);
#8293 = DIRECTION('',(1.,0.,0.));
#8294 = PLANE('',#8295);
#8295 = AXIS2_PLACEMENT_3D('',#8296,#8297,#8298);
#8296 = CARTESIAN_POINT('',(-9.092895794188,-3.400057142857,
    41.871971428571));
#8297 = DIRECTION('',(0.,-0.707106781187,0.707106781187));
#8298 = DIRECTION('',(0.,0.707106781187,0.707106781187));
#8299 = ADVANCED_FACE('',(#8300),#8318,.T.);
#8300 = FACE_BOUND('',#8301,.T.);
#8301 = EDGE_LOOP('',(#8302,#8303,#8304,#8312));
#8302 = ORIENTED_EDGE('',*,*,#2271,.T.);
#8303 = ORIENTED_EDGE('',*,*,#8289,.T.);
#8304 = ORIENTED_EDGE('',*,*,#8305,.T.);
#8305 = EDGE_CURVE('',#8282,#8306,#8308,.T.);
#8306 = VERTEX_POINT('',#8307);
#8307 = CARTESIAN_POINT('',(-8.492895794188,-3.360128571429,
    41.906142857143));
#8308 = LINE('',#8309,#8310);
#8309 = CARTESIAN_POINT('',(-8.492895794188,-3.382971428571,
    41.889057142857));
#8310 = VECTOR('',#8311,1.);
#8311 = DIRECTION('',(0.,0.80078057117,0.598957825591));
#8312 = ORIENTED_EDGE('',*,*,#8313,.F.);
#8313 = EDGE_CURVE('',#2264,#8306,#8314,.T.);
#8314 = LINE('',#8315,#8316);
#8315 = CARTESIAN_POINT('',(-9.092895794188,-3.360128571429,
    41.906142857143));
#8316 = VECTOR('',#8317,1.);
#8317 = DIRECTION('',(1.,0.,0.));
#8318 = PLANE('',#8319);
#8319 = AXIS2_PLACEMENT_3D('',#8320,#8321,#8322);
#8320 = CARTESIAN_POINT('',(-9.092895794188,-3.382971428571,
    41.889057142857));
#8321 = DIRECTION('',(0.,-0.598957825591,0.80078057117));
#8322 = DIRECTION('',(0.,0.80078057117,0.598957825591));
#8323 = ADVANCED_FACE('',(#8324),#8342,.T.);
#8324 = FACE_BOUND('',#8325,.T.);
#8325 = EDGE_LOOP('',(#8326,#8327,#8328,#8336));
#8326 = ORIENTED_EDGE('',*,*,#2263,.T.);
#8327 = ORIENTED_EDGE('',*,*,#8313,.T.);
#8328 = ORIENTED_EDGE('',*,*,#8329,.T.);
#8329 = EDGE_CURVE('',#8306,#8330,#8332,.T.);
#8330 = VERTEX_POINT('',#8331);
#8331 = CARTESIAN_POINT('',(-8.492895794188,-3.343042857143,
    41.928985714286));
#8332 = LINE('',#8333,#8334);
#8333 = CARTESIAN_POINT('',(-8.492895794188,-3.360128571429,
    41.906142857143));
#8334 = VECTOR('',#8335,1.);
#8335 = DIRECTION('',(0.,0.598957825591,0.80078057117));
#8336 = ORIENTED_EDGE('',*,*,#8337,.F.);
#8337 = EDGE_CURVE('',#2256,#8330,#8338,.T.);
#8338 = LINE('',#8339,#8340);
#8339 = CARTESIAN_POINT('',(-9.092895794188,-3.343042857143,
    41.928985714286));
#8340 = VECTOR('',#8341,1.);
#8341 = DIRECTION('',(1.,0.,0.));
#8342 = PLANE('',#8343);
#8343 = AXIS2_PLACEMENT_3D('',#8344,#8345,#8346);
#8344 = CARTESIAN_POINT('',(-9.092895794188,-3.360128571429,
    41.906142857143));
#8345 = DIRECTION('',(0.,-0.80078057117,0.598957825591));
#8346 = DIRECTION('',(0.,0.598957825591,0.80078057117));
#8347 = ADVANCED_FACE('',(#8348),#8366,.T.);
#8348 = FACE_BOUND('',#8349,.T.);
#8349 = EDGE_LOOP('',(#8350,#8351,#8352,#8360));
#8350 = ORIENTED_EDGE('',*,*,#2255,.T.);
#8351 = ORIENTED_EDGE('',*,*,#8337,.T.);
#8352 = ORIENTED_EDGE('',*,*,#8353,.T.);
#8353 = EDGE_CURVE('',#8330,#8354,#8356,.T.);
#8354 = VERTEX_POINT('',#8355);
#8355 = CARTESIAN_POINT('',(-8.492895794188,-3.325771428571,
    41.951828571429));
#8356 = LINE('',#8357,#8358);
#8357 = CARTESIAN_POINT('',(-8.492895794188,-3.343042857143,
    41.928985714286));
#8358 = VECTOR('',#8359,1.);
#8359 = DIRECTION('',(0.,0.603108274872,0.797659331282));
#8360 = ORIENTED_EDGE('',*,*,#8361,.F.);
#8361 = EDGE_CURVE('',#2248,#8354,#8362,.T.);
#8362 = LINE('',#8363,#8364);
#8363 = CARTESIAN_POINT('',(-9.092895794188,-3.325771428571,
    41.951828571429));
#8364 = VECTOR('',#8365,1.);
#8365 = DIRECTION('',(1.,0.,0.));
#8366 = PLANE('',#8367);
#8367 = AXIS2_PLACEMENT_3D('',#8368,#8369,#8370);
#8368 = CARTESIAN_POINT('',(-9.092895794188,-3.343042857143,
    41.928985714286));
#8369 = DIRECTION('',(0.,-0.797659331282,0.603108274872));
#8370 = DIRECTION('',(0.,0.603108274872,0.797659331282));
#8371 = ADVANCED_FACE('',(#8372),#8390,.T.);
#8372 = FACE_BOUND('',#8373,.T.);
#8373 = EDGE_LOOP('',(#8374,#8375,#8376,#8384));
#8374 = ORIENTED_EDGE('',*,*,#2247,.T.);
#8375 = ORIENTED_EDGE('',*,*,#8361,.T.);
#8376 = ORIENTED_EDGE('',*,*,#8377,.T.);
#8377 = EDGE_CURVE('',#8354,#8378,#8380,.T.);
#8378 = VERTEX_POINT('',#8379);
#8379 = CARTESIAN_POINT('',(-8.492895794188,-3.308685714286,
    41.974671428571));
#8380 = LINE('',#8381,#8382);
#8381 = CARTESIAN_POINT('',(-8.492895794188,-3.325771428571,
    41.951828571429));
#8382 = VECTOR('',#8383,1.);
#8383 = DIRECTION('',(0.,0.598957825591,0.80078057117));
#8384 = ORIENTED_EDGE('',*,*,#8385,.F.);
#8385 = EDGE_CURVE('',#2240,#8378,#8386,.T.);
#8386 = LINE('',#8387,#8388);
#8387 = CARTESIAN_POINT('',(-9.092895794188,-3.308685714286,
    41.974671428571));
#8388 = VECTOR('',#8389,1.);
#8389 = DIRECTION('',(1.,0.,0.));
#8390 = PLANE('',#8391);
#8391 = AXIS2_PLACEMENT_3D('',#8392,#8393,#8394);
#8392 = CARTESIAN_POINT('',(-9.092895794188,-3.325771428571,
    41.951828571429));
#8393 = DIRECTION('',(0.,-0.80078057117,0.598957825591));
#8394 = DIRECTION('',(0.,0.598957825591,0.80078057117));
#8395 = ADVANCED_FACE('',(#8396),#8414,.T.);
#8396 = FACE_BOUND('',#8397,.T.);
#8397 = EDGE_LOOP('',(#8398,#8399,#8400,#8408));
#8398 = ORIENTED_EDGE('',*,*,#2239,.T.);
#8399 = ORIENTED_EDGE('',*,*,#8385,.T.);
#8400 = ORIENTED_EDGE('',*,*,#8401,.T.);
#8401 = EDGE_CURVE('',#8378,#8402,#8404,.T.);
#8402 = VERTEX_POINT('',#8403);
#8403 = CARTESIAN_POINT('',(-8.492895794188,-3.297357142857,
    42.003085714286));
#8404 = LINE('',#8405,#8406);
#8405 = CARTESIAN_POINT('',(-8.492895794188,-3.308685714286,
    41.974671428571));
#8406 = VECTOR('',#8407,1.);
#8407 = DIRECTION('',(0.,0.370343680353,0.92889480482));
#8408 = ORIENTED_EDGE('',*,*,#8409,.F.);
#8409 = EDGE_CURVE('',#2232,#8402,#8410,.T.);
#8410 = LINE('',#8411,#8412);
#8411 = CARTESIAN_POINT('',(-9.092895794188,-3.297357142857,
    42.003085714286));
#8412 = VECTOR('',#8413,1.);
#8413 = DIRECTION('',(1.,0.,0.));
#8414 = PLANE('',#8415);
#8415 = AXIS2_PLACEMENT_3D('',#8416,#8417,#8418);
#8416 = CARTESIAN_POINT('',(-9.092895794188,-3.308685714286,
    41.974671428571));
#8417 = DIRECTION('',(0.,-0.92889480482,0.370343680353));
#8418 = DIRECTION('',(0.,0.370343680353,0.92889480482));
#8419 = ADVANCED_FACE('',(#8420),#8438,.T.);
#8420 = FACE_BOUND('',#8421,.T.);
#8421 = EDGE_LOOP('',(#8422,#8423,#8424,#8432));
#8422 = ORIENTED_EDGE('',*,*,#2231,.T.);
#8423 = ORIENTED_EDGE('',*,*,#8409,.T.);
#8424 = ORIENTED_EDGE('',*,*,#8425,.T.);
#8425 = EDGE_CURVE('',#8402,#8426,#8428,.T.);
#8426 = VERTEX_POINT('',#8427);
#8427 = CARTESIAN_POINT('',(-8.492895794188,-3.285842857143,
    42.025928571429));
#8428 = LINE('',#8429,#8430);
#8429 = CARTESIAN_POINT('',(-8.492895794188,-3.297357142857,
    42.003085714286));
#8430 = VECTOR('',#8431,1.);
#8431 = DIRECTION('',(0.,0.450115207469,0.892970492237));
#8432 = ORIENTED_EDGE('',*,*,#8433,.F.);
#8433 = EDGE_CURVE('',#2224,#8426,#8434,.T.);
#8434 = LINE('',#8435,#8436);
#8435 = CARTESIAN_POINT('',(-9.092895794188,-3.285842857143,
    42.025928571429));
#8436 = VECTOR('',#8437,1.);
#8437 = DIRECTION('',(1.,0.,0.));
#8438 = PLANE('',#8439);
#8439 = AXIS2_PLACEMENT_3D('',#8440,#8441,#8442);
#8440 = CARTESIAN_POINT('',(-9.092895794188,-3.297357142857,
    42.003085714286));
#8441 = DIRECTION('',(0.,-0.892970492237,0.450115207469));
#8442 = DIRECTION('',(0.,0.450115207469,0.892970492237));
#8443 = ADVANCED_FACE('',(#8444),#8462,.T.);
#8444 = FACE_BOUND('',#8445,.T.);
#8445 = EDGE_LOOP('',(#8446,#8447,#8448,#8456));
#8446 = ORIENTED_EDGE('',*,*,#2223,.T.);
#8447 = ORIENTED_EDGE('',*,*,#8433,.T.);
#8448 = ORIENTED_EDGE('',*,*,#8449,.T.);
#8449 = EDGE_CURVE('',#8426,#8450,#8452,.T.);
#8450 = VERTEX_POINT('',#8451);
#8451 = CARTESIAN_POINT('',(-8.492895794188,-3.280271428571,
    42.054528571429));
#8452 = LINE('',#8453,#8454);
#8453 = CARTESIAN_POINT('',(-8.492895794188,-3.285842857143,
    42.025928571429));
#8454 = VECTOR('',#8455,1.);
#8455 = DIRECTION('',(0.,0.191210841639,0.981548987081));
#8456 = ORIENTED_EDGE('',*,*,#8457,.F.);
#8457 = EDGE_CURVE('',#2216,#8450,#8458,.T.);
#8458 = LINE('',#8459,#8460);
#8459 = CARTESIAN_POINT('',(-9.092895794188,-3.280271428571,
    42.054528571429));
#8460 = VECTOR('',#8461,1.);
#8461 = DIRECTION('',(1.,0.,0.));
#8462 = PLANE('',#8463);
#8463 = AXIS2_PLACEMENT_3D('',#8464,#8465,#8466);
#8464 = CARTESIAN_POINT('',(-9.092895794188,-3.285842857143,
    42.025928571429));
#8465 = DIRECTION('',(0.,-0.981548987081,0.191210841639));
#8466 = DIRECTION('',(0.,0.191210841639,0.981548987081));
#8467 = ADVANCED_FACE('',(#8468),#8486,.T.);
#8468 = FACE_BOUND('',#8469,.T.);
#8469 = EDGE_LOOP('',(#8470,#8471,#8472,#8480));
#8470 = ORIENTED_EDGE('',*,*,#2215,.T.);
#8471 = ORIENTED_EDGE('',*,*,#8457,.T.);
#8472 = ORIENTED_EDGE('',*,*,#8473,.T.);
#8473 = EDGE_CURVE('',#8450,#8474,#8476,.T.);
#8474 = VERTEX_POINT('',#8475);
#8475 = CARTESIAN_POINT('',(-8.492895794188,-3.274514285714,
    42.082942857143));
#8476 = LINE('',#8477,#8478);
#8477 = CARTESIAN_POINT('',(-8.492895794188,-3.280271428571,
    42.054528571429));
#8478 = VECTOR('',#8479,1.);
#8479 = DIRECTION('',(0.,0.198579278868,0.980084827963));
#8480 = ORIENTED_EDGE('',*,*,#8481,.F.);
#8481 = EDGE_CURVE('',#2208,#8474,#8482,.T.);
#8482 = LINE('',#8483,#8484);
#8483 = CARTESIAN_POINT('',(-9.092895794188,-3.274514285714,
    42.082942857143));
#8484 = VECTOR('',#8485,1.);
#8485 = DIRECTION('',(1.,0.,0.));
#8486 = PLANE('',#8487);
#8487 = AXIS2_PLACEMENT_3D('',#8488,#8489,#8490);
#8488 = CARTESIAN_POINT('',(-9.092895794188,-3.280271428571,
    42.054528571429));
#8489 = DIRECTION('',(0.,-0.980084827963,0.198579278868));
#8490 = DIRECTION('',(0.,0.198579278868,0.980084827963));
#8491 = ADVANCED_FACE('',(#8492),#8517,.T.);
#8492 = FACE_BOUND('',#8493,.T.);
#8493 = EDGE_LOOP('',(#8494,#8495,#8503,#8511));
#8494 = ORIENTED_EDGE('',*,*,#2199,.T.);
#8495 = ORIENTED_EDGE('',*,*,#8496,.T.);
#8496 = EDGE_CURVE('',#2200,#8497,#8499,.T.);
#8497 = VERTEX_POINT('',#8498);
#8498 = CARTESIAN_POINT('',(-8.492895794188,-3.274514285714,
    42.140142857143));
#8499 = LINE('',#8500,#8501);
#8500 = CARTESIAN_POINT('',(-9.092895794188,-3.274514285714,
    42.140142857143));
#8501 = VECTOR('',#8502,1.);
#8502 = DIRECTION('',(1.,0.,0.));
#8503 = ORIENTED_EDGE('',*,*,#8504,.T.);
#8504 = EDGE_CURVE('',#8497,#8505,#8507,.T.);
#8505 = VERTEX_POINT('',#8506);
#8506 = CARTESIAN_POINT('',(-8.492895794188,-3.280271428571,42.1628));
#8507 = LINE('',#8508,#8509);
#8508 = CARTESIAN_POINT('',(-8.492895794188,-3.274514285714,
    42.140142857143));
#8509 = VECTOR('',#8510,1.);
#8510 = DIRECTION('',(0.,-0.246272303221,0.96920067719));
#8511 = ORIENTED_EDGE('',*,*,#8512,.F.);
#8512 = EDGE_CURVE('',#2192,#8505,#8513,.T.);
#8513 = LINE('',#8514,#8515);
#8514 = CARTESIAN_POINT('',(-9.092895794188,-3.280271428571,42.1628));
#8515 = VECTOR('',#8516,1.);
#8516 = DIRECTION('',(1.,0.,0.));
#8517 = PLANE('',#8518);
#8518 = AXIS2_PLACEMENT_3D('',#8519,#8520,#8521);
#8519 = CARTESIAN_POINT('',(-9.092895794188,-3.274514285714,
    42.140142857143));
#8520 = DIRECTION('',(0.,-0.96920067719,-0.246272303221));
#8521 = DIRECTION('',(0.,-0.246272303221,0.96920067719));
#8522 = ADVANCED_FACE('',(#8523),#8541,.T.);
#8523 = FACE_BOUND('',#8524,.T.);
#8524 = EDGE_LOOP('',(#8525,#8526,#8527,#8535));
#8525 = ORIENTED_EDGE('',*,*,#2191,.T.);
#8526 = ORIENTED_EDGE('',*,*,#8512,.T.);
#8527 = ORIENTED_EDGE('',*,*,#8528,.T.);
#8528 = EDGE_CURVE('',#8505,#8529,#8531,.T.);
#8529 = VERTEX_POINT('',#8530);
#8530 = CARTESIAN_POINT('',(-8.492895794188,-3.285842857143,42.1914));
#8531 = LINE('',#8532,#8533);
#8532 = CARTESIAN_POINT('',(-8.492895794188,-3.280271428571,42.1628));
#8533 = VECTOR('',#8534,1.);
#8534 = DIRECTION('',(0.,-0.191210841639,0.981548987081));
#8535 = ORIENTED_EDGE('',*,*,#8536,.F.);
#8536 = EDGE_CURVE('',#2184,#8529,#8537,.T.);
#8537 = LINE('',#8538,#8539);
#8538 = CARTESIAN_POINT('',(-9.092895794188,-3.285842857143,42.1914));
#8539 = VECTOR('',#8540,1.);
#8540 = DIRECTION('',(1.,0.,0.));
#8541 = PLANE('',#8542);
#8542 = AXIS2_PLACEMENT_3D('',#8543,#8544,#8545);
#8543 = CARTESIAN_POINT('',(-9.092895794188,-3.280271428571,42.1628));
#8544 = DIRECTION('',(0.,-0.981548987081,-0.191210841639));
#8545 = DIRECTION('',(0.,-0.191210841639,0.981548987081));
#8546 = ADVANCED_FACE('',(#8547),#8565,.T.);
#8547 = FACE_BOUND('',#8548,.T.);
#8548 = EDGE_LOOP('',(#8549,#8550,#8551,#8559));
#8549 = ORIENTED_EDGE('',*,*,#2183,.T.);
#8550 = ORIENTED_EDGE('',*,*,#8536,.T.);
#8551 = ORIENTED_EDGE('',*,*,#8552,.T.);
#8552 = EDGE_CURVE('',#8529,#8553,#8555,.T.);
#8553 = VERTEX_POINT('',#8554);
#8554 = CARTESIAN_POINT('',(-8.492895794188,-3.297357142857,42.22));
#8555 = LINE('',#8556,#8557);
#8556 = CARTESIAN_POINT('',(-8.492895794188,-3.285842857143,42.1914));
#8557 = VECTOR('',#8558,1.);
#8558 = DIRECTION('',(0.,-0.373466870858,0.927643517938));
#8559 = ORIENTED_EDGE('',*,*,#8560,.F.);
#8560 = EDGE_CURVE('',#2176,#8553,#8561,.T.);
#8561 = LINE('',#8562,#8563);
#8562 = CARTESIAN_POINT('',(-9.092895794188,-3.297357142857,42.22));
#8563 = VECTOR('',#8564,1.);
#8564 = DIRECTION('',(1.,0.,0.));
#8565 = PLANE('',#8566);
#8566 = AXIS2_PLACEMENT_3D('',#8567,#8568,#8569);
#8567 = CARTESIAN_POINT('',(-9.092895794188,-3.285842857143,42.1914));
#8568 = DIRECTION('',(0.,-0.927643517938,-0.373466870858));
#8569 = DIRECTION('',(0.,-0.373466870858,0.927643517938));
#8570 = ADVANCED_FACE('',(#8571),#8589,.T.);
#8571 = FACE_BOUND('',#8572,.T.);
#8572 = EDGE_LOOP('',(#8573,#8574,#8575,#8583));
#8573 = ORIENTED_EDGE('',*,*,#2175,.T.);
#8574 = ORIENTED_EDGE('',*,*,#8560,.T.);
#8575 = ORIENTED_EDGE('',*,*,#8576,.T.);
#8576 = EDGE_CURVE('',#8553,#8577,#8579,.T.);
#8577 = VERTEX_POINT('',#8578);
#8578 = CARTESIAN_POINT('',(-8.492895794188,-3.308685714286,
    42.242842857143));
#8579 = LINE('',#8580,#8581);
#8580 = CARTESIAN_POINT('',(-8.492895794188,-3.297357142857,42.22));
#8581 = VECTOR('',#8582,1.);
#8582 = DIRECTION('',(0.,-0.444297794845,0.895879160097));
#8583 = ORIENTED_EDGE('',*,*,#8584,.F.);
#8584 = EDGE_CURVE('',#2168,#8577,#8585,.T.);
#8585 = LINE('',#8586,#8587);
#8586 = CARTESIAN_POINT('',(-9.092895794188,-3.308685714286,
    42.242842857143));
#8587 = VECTOR('',#8588,1.);
#8588 = DIRECTION('',(1.,0.,0.));
#8589 = PLANE('',#8590);
#8590 = AXIS2_PLACEMENT_3D('',#8591,#8592,#8593);
#8591 = CARTESIAN_POINT('',(-9.092895794188,-3.297357142857,42.22));
#8592 = DIRECTION('',(0.,-0.895879160097,-0.444297794845));
#8593 = DIRECTION('',(0.,-0.444297794845,0.895879160097));
#8594 = ADVANCED_FACE('',(#8595),#8613,.T.);
#8595 = FACE_BOUND('',#8596,.T.);
#8596 = EDGE_LOOP('',(#8597,#8598,#8599,#8607));
#8597 = ORIENTED_EDGE('',*,*,#2167,.T.);
#8598 = ORIENTED_EDGE('',*,*,#8584,.T.);
#8599 = ORIENTED_EDGE('',*,*,#8600,.T.);
#8600 = EDGE_CURVE('',#8577,#8601,#8603,.T.);
#8601 = VERTEX_POINT('',#8602);
#8602 = CARTESIAN_POINT('',(-8.492895794188,-3.3202,42.271257142857));
#8603 = LINE('',#8604,#8605);
#8604 = CARTESIAN_POINT('',(-8.492895794188,-3.308685714286,
    42.242842857143));
#8605 = VECTOR('',#8606,1.);
#8606 = DIRECTION('',(0.,-0.375564497639,0.926796260304));
#8607 = ORIENTED_EDGE('',*,*,#8608,.F.);
#8608 = EDGE_CURVE('',#2160,#8601,#8609,.T.);
#8609 = LINE('',#8610,#8611);
#8610 = CARTESIAN_POINT('',(-9.092895794188,-3.3202,42.271257142857));
#8611 = VECTOR('',#8612,1.);
#8612 = DIRECTION('',(1.,0.,0.));
#8613 = PLANE('',#8614);
#8614 = AXIS2_PLACEMENT_3D('',#8615,#8616,#8617);
#8615 = CARTESIAN_POINT('',(-9.092895794188,-3.308685714286,
    42.242842857143));
#8616 = DIRECTION('',(0.,-0.926796260304,-0.375564497639));
#8617 = DIRECTION('',(0.,-0.375564497639,0.926796260304));
#8618 = ADVANCED_FACE('',(#8619),#8637,.T.);
#8619 = FACE_BOUND('',#8620,.T.);
#8620 = EDGE_LOOP('',(#8621,#8622,#8623,#8631));
#8621 = ORIENTED_EDGE('',*,*,#2159,.T.);
#8622 = ORIENTED_EDGE('',*,*,#8608,.T.);
#8623 = ORIENTED_EDGE('',*,*,#8624,.T.);
#8624 = EDGE_CURVE('',#8601,#8625,#8627,.T.);
#8625 = VERTEX_POINT('',#8626);
#8626 = CARTESIAN_POINT('',(-8.492895794188,-3.337285714286,
    42.288342857143));
#8627 = LINE('',#8628,#8629);
#8628 = CARTESIAN_POINT('',(-8.492895794188,-3.3202,42.271257142857));
#8629 = VECTOR('',#8630,1.);
#8630 = DIRECTION('',(0.,-0.707106781187,0.707106781187));
#8631 = ORIENTED_EDGE('',*,*,#8632,.F.);
#8632 = EDGE_CURVE('',#2152,#8625,#8633,.T.);
#8633 = LINE('',#8634,#8635);
#8634 = CARTESIAN_POINT('',(-9.092895794188,-3.337285714286,
    42.288342857143));
#8635 = VECTOR('',#8636,1.);
#8636 = DIRECTION('',(1.,0.,0.));
#8637 = PLANE('',#8638);
#8638 = AXIS2_PLACEMENT_3D('',#8639,#8640,#8641);
#8639 = CARTESIAN_POINT('',(-9.092895794188,-3.3202,42.271257142857));
#8640 = DIRECTION('',(0.,-0.707106781187,-0.707106781187));
#8641 = DIRECTION('',(0.,-0.707106781187,0.707106781187));
#8642 = ADVANCED_FACE('',(#8643),#8661,.T.);
#8643 = FACE_BOUND('',#8644,.T.);
#8644 = EDGE_LOOP('',(#8645,#8646,#8647,#8655));
#8645 = ORIENTED_EDGE('',*,*,#2151,.T.);
#8646 = ORIENTED_EDGE('',*,*,#8632,.T.);
#8647 = ORIENTED_EDGE('',*,*,#8648,.T.);
#8648 = EDGE_CURVE('',#8625,#8649,#8651,.T.);
#8649 = VERTEX_POINT('',#8650);
#8650 = CARTESIAN_POINT('',(-8.492895794188,-3.360128571429,
    42.316942857143));
#8651 = LINE('',#8652,#8653);
#8652 = CARTESIAN_POINT('',(-8.492895794188,-3.337285714286,
    42.288342857143));
#8653 = VECTOR('',#8654,1.);
#8654 = DIRECTION('',(0.,-0.62407609663,0.781363568139));
#8655 = ORIENTED_EDGE('',*,*,#8656,.F.);
#8656 = EDGE_CURVE('',#2144,#8649,#8657,.T.);
#8657 = LINE('',#8658,#8659);
#8658 = CARTESIAN_POINT('',(-9.092895794188,-3.360128571429,
    42.316942857143));
#8659 = VECTOR('',#8660,1.);
#8660 = DIRECTION('',(1.,0.,0.));
#8661 = PLANE('',#8662);
#8662 = AXIS2_PLACEMENT_3D('',#8663,#8664,#8665);
#8663 = CARTESIAN_POINT('',(-9.092895794188,-3.337285714286,
    42.288342857143));
#8664 = DIRECTION('',(0.,-0.781363568139,-0.62407609663));
#8665 = DIRECTION('',(0.,-0.62407609663,0.781363568139));
#8666 = ADVANCED_FACE('',(#8667),#8692,.T.);
#8667 = FACE_BOUND('',#8668,.T.);
#8668 = EDGE_LOOP('',(#8669,#8670,#8678,#8686));
#8669 = ORIENTED_EDGE('',*,*,#2135,.T.);
#8670 = ORIENTED_EDGE('',*,*,#8671,.T.);
#8671 = EDGE_CURVE('',#2136,#8672,#8674,.T.);
#8672 = VERTEX_POINT('',#8673);
#8673 = CARTESIAN_POINT('',(-8.492895794188,-3.405814285714,
    42.351114285714));
#8674 = LINE('',#8675,#8676);
#8675 = CARTESIAN_POINT('',(-9.092895794188,-3.405814285714,
    42.351114285714));
#8676 = VECTOR('',#8677,1.);
#8677 = DIRECTION('',(1.,0.,0.));
#8678 = ORIENTED_EDGE('',*,*,#8679,.T.);
#8679 = EDGE_CURVE('',#8672,#8680,#8682,.T.);
#8680 = VERTEX_POINT('',#8681);
#8681 = CARTESIAN_POINT('',(-8.492895794188,-3.434228571429,42.3682));
#8682 = LINE('',#8683,#8684);
#8683 = CARTESIAN_POINT('',(-8.492895794188,-3.405814285714,
    42.351114285714));
#8684 = VECTOR('',#8685,1.);
#8685 = DIRECTION('',(0.,-0.856998298068,0.515319238054));
#8686 = ORIENTED_EDGE('',*,*,#8687,.F.);
#8687 = EDGE_CURVE('',#2128,#8680,#8688,.T.);
#8688 = LINE('',#8689,#8690);
#8689 = CARTESIAN_POINT('',(-9.092895794188,-3.434228571429,42.3682));
#8690 = VECTOR('',#8691,1.);
#8691 = DIRECTION('',(1.,0.,0.));
#8692 = PLANE('',#8693);
#8693 = AXIS2_PLACEMENT_3D('',#8694,#8695,#8696);
#8694 = CARTESIAN_POINT('',(-9.092895794188,-3.405814285714,
    42.351114285714));
#8695 = DIRECTION('',(0.,-0.515319238054,-0.856998298068));
#8696 = DIRECTION('',(0.,-0.856998298068,0.515319238054));
#8697 = ADVANCED_FACE('',(#8698),#8716,.T.);
#8698 = FACE_BOUND('',#8699,.T.);
#8699 = EDGE_LOOP('',(#8700,#8701,#8702,#8710));
#8700 = ORIENTED_EDGE('',*,*,#2127,.T.);
#8701 = ORIENTED_EDGE('',*,*,#8687,.T.);
#8702 = ORIENTED_EDGE('',*,*,#8703,.T.);
#8703 = EDGE_CURVE('',#8680,#8704,#8706,.T.);
#8704 = VERTEX_POINT('',#8705);
#8705 = CARTESIAN_POINT('',(-8.492895794188,-3.457071428571,
    42.379714285714));
#8706 = LINE('',#8707,#8708);
#8707 = CARTESIAN_POINT('',(-8.492895794188,-3.434228571429,42.3682));
#8708 = VECTOR('',#8709,1.);
#8709 = DIRECTION('',(0.,-0.892970492237,0.450115207469));
#8710 = ORIENTED_EDGE('',*,*,#8711,.F.);
#8711 = EDGE_CURVE('',#2120,#8704,#8712,.T.);
#8712 = LINE('',#8713,#8714);
#8713 = CARTESIAN_POINT('',(-9.092895794188,-3.457071428571,
    42.379714285714));
#8714 = VECTOR('',#8715,1.);
#8715 = DIRECTION('',(1.,0.,0.));
#8716 = PLANE('',#8717);
#8717 = AXIS2_PLACEMENT_3D('',#8718,#8719,#8720);
#8718 = CARTESIAN_POINT('',(-9.092895794188,-3.434228571429,42.3682));
#8719 = DIRECTION('',(0.,-0.450115207469,-0.892970492237));
#8720 = DIRECTION('',(0.,-0.892970492237,0.450115207469));
#8721 = ADVANCED_FACE('',(#8722),#8740,.T.);
#8722 = FACE_BOUND('',#8723,.T.);
#8723 = EDGE_LOOP('',(#8724,#8725,#8726,#8734));
#8724 = ORIENTED_EDGE('',*,*,#2119,.T.);
#8725 = ORIENTED_EDGE('',*,*,#8711,.T.);
#8726 = ORIENTED_EDGE('',*,*,#8727,.T.);
#8727 = EDGE_CURVE('',#8704,#8728,#8730,.T.);
#8728 = VERTEX_POINT('',#8729);
#8729 = CARTESIAN_POINT('',(-8.492895794188,-3.485671428571,
    42.385471428571));
#8730 = LINE('',#8731,#8732);
#8731 = CARTESIAN_POINT('',(-8.492895794188,-3.457071428571,
    42.379714285714));
#8732 = VECTOR('',#8733,1.);
#8733 = DIRECTION('',(0.,-0.980335072596,0.197340176951));
#8734 = ORIENTED_EDGE('',*,*,#8735,.F.);
#8735 = EDGE_CURVE('',#2112,#8728,#8736,.T.);
#8736 = LINE('',#8737,#8738);
#8737 = CARTESIAN_POINT('',(-9.092895794188,-3.485671428571,
    42.385471428571));
#8738 = VECTOR('',#8739,1.);
#8739 = DIRECTION('',(1.,0.,0.));
#8740 = PLANE('',#8741);
#8741 = AXIS2_PLACEMENT_3D('',#8742,#8743,#8744);
#8742 = CARTESIAN_POINT('',(-9.092895794188,-3.457071428571,
    42.379714285714));
#8743 = DIRECTION('',(0.,-0.197340176951,-0.980335072596));
#8744 = DIRECTION('',(0.,-0.980335072596,0.197340176951));
#8745 = ADVANCED_FACE('',(#8746),#8764,.T.);
#8746 = FACE_BOUND('',#8747,.T.);
#8747 = EDGE_LOOP('',(#8748,#8749,#8750,#8758));
#8748 = ORIENTED_EDGE('',*,*,#2111,.T.);
#8749 = ORIENTED_EDGE('',*,*,#8735,.T.);
#8750 = ORIENTED_EDGE('',*,*,#8751,.T.);
#8751 = EDGE_CURVE('',#8728,#8752,#8754,.T.);
#8752 = VERTEX_POINT('',#8753);
#8753 = CARTESIAN_POINT('',(-8.492895794188,-3.514085714286,
    42.391042857143));
#8754 = LINE('',#8755,#8756);
#8755 = CARTESIAN_POINT('',(-8.492895794188,-3.485671428571,
    42.385471428571));
#8756 = VECTOR('',#8757,1.);
#8757 = DIRECTION('',(0.,-0.981313749677,0.192414460721));
#8758 = ORIENTED_EDGE('',*,*,#8759,.F.);
#8759 = EDGE_CURVE('',#2104,#8752,#8760,.T.);
#8760 = LINE('',#8761,#8762);
#8761 = CARTESIAN_POINT('',(-9.092895794188,-3.514085714286,
    42.391042857143));
#8762 = VECTOR('',#8763,1.);
#8763 = DIRECTION('',(1.,0.,0.));
#8764 = PLANE('',#8765);
#8765 = AXIS2_PLACEMENT_3D('',#8766,#8767,#8768);
#8766 = CARTESIAN_POINT('',(-9.092895794188,-3.485671428571,
    42.385471428571));
#8767 = DIRECTION('',(0.,-0.192414460721,-0.981313749677));
#8768 = DIRECTION('',(0.,-0.981313749677,0.192414460721));
#8769 = ADVANCED_FACE('',(#8770),#8788,.T.);
#8770 = FACE_BOUND('',#8771,.T.);
#8771 = EDGE_LOOP('',(#8772,#8773,#8774,#8782));
#8772 = ORIENTED_EDGE('',*,*,#2103,.T.);
#8773 = ORIENTED_EDGE('',*,*,#8759,.T.);
#8774 = ORIENTED_EDGE('',*,*,#8775,.T.);
#8775 = EDGE_CURVE('',#8752,#8776,#8778,.T.);
#8776 = VERTEX_POINT('',#8777);
#8777 = CARTESIAN_POINT('',(-8.492895794188,-3.559771428571,42.3968));
#8778 = LINE('',#8779,#8780);
#8779 = CARTESIAN_POINT('',(-8.492895794188,-3.514085714286,
    42.391042857143));
#8780 = VECTOR('',#8781,1.);
#8781 = DIRECTION('',(0.,-0.992153283358,0.125027446277));
#8782 = ORIENTED_EDGE('',*,*,#8783,.F.);
#8783 = EDGE_CURVE('',#2096,#8776,#8784,.T.);
#8784 = LINE('',#8785,#8786);
#8785 = CARTESIAN_POINT('',(-9.092895794188,-3.559771428571,42.3968));
#8786 = VECTOR('',#8787,1.);
#8787 = DIRECTION('',(1.,0.,0.));
#8788 = PLANE('',#8789);
#8789 = AXIS2_PLACEMENT_3D('',#8790,#8791,#8792);
#8790 = CARTESIAN_POINT('',(-9.092895794188,-3.514085714286,
    42.391042857143));
#8791 = DIRECTION('',(0.,-0.125027446277,-0.992153283358));
#8792 = DIRECTION('',(0.,-0.992153283358,0.125027446277));
#8793 = ADVANCED_FACE('',(#8794),#8812,.T.);
#8794 = FACE_BOUND('',#8795,.T.);
#8795 = EDGE_LOOP('',(#8796,#8797,#8798,#8806));
#8796 = ORIENTED_EDGE('',*,*,#2095,.T.);
#8797 = ORIENTED_EDGE('',*,*,#8783,.T.);
#8798 = ORIENTED_EDGE('',*,*,#8799,.T.);
#8799 = EDGE_CURVE('',#8776,#8800,#8802,.T.);
#8800 = VERTEX_POINT('',#8801);
#8801 = CARTESIAN_POINT('',(-8.492895794188,-3.987657142857,42.3968));
#8802 = LINE('',#8803,#8804);
#8803 = CARTESIAN_POINT('',(-8.492895794188,-3.559771428571,42.3968));
#8804 = VECTOR('',#8805,1.);
#8805 = DIRECTION('',(0.,-1.,0.));
#8806 = ORIENTED_EDGE('',*,*,#8807,.F.);
#8807 = EDGE_CURVE('',#2088,#8800,#8808,.T.);
#8808 = LINE('',#8809,#8810);
#8809 = CARTESIAN_POINT('',(-9.092895794188,-3.987657142857,42.3968));
#8810 = VECTOR('',#8811,1.);
#8811 = DIRECTION('',(1.,0.,0.));
#8812 = PLANE('',#8813);
#8813 = AXIS2_PLACEMENT_3D('',#8814,#8815,#8816);
#8814 = CARTESIAN_POINT('',(-9.092895794188,-3.559771428571,42.3968));
#8815 = DIRECTION('',(0.,0.,-1.));
#8816 = DIRECTION('',(0.,-1.,0.));
#8817 = ADVANCED_FACE('',(#8818),#8836,.T.);
#8818 = FACE_BOUND('',#8819,.T.);
#8819 = EDGE_LOOP('',(#8820,#8821,#8822,#8830));
#8820 = ORIENTED_EDGE('',*,*,#2087,.T.);
#8821 = ORIENTED_EDGE('',*,*,#8807,.T.);
#8822 = ORIENTED_EDGE('',*,*,#8823,.T.);
#8823 = EDGE_CURVE('',#8800,#8824,#8826,.T.);
#8824 = VERTEX_POINT('',#8825);
#8825 = CARTESIAN_POINT('',(-8.492895794188,-4.044671428571,
    42.391042857143));
#8826 = LINE('',#8827,#8828);
#8827 = CARTESIAN_POINT('',(-8.492895794188,-3.987657142857,42.3968));
#8828 = VECTOR('',#8829,1.);
#8829 = DIRECTION('',(0.,-0.994940461748,-0.100466300698));
#8830 = ORIENTED_EDGE('',*,*,#8831,.F.);
#8831 = EDGE_CURVE('',#2080,#8824,#8832,.T.);
#8832 = LINE('',#8833,#8834);
#8833 = CARTESIAN_POINT('',(-9.092895794188,-4.044671428571,
    42.391042857143));
#8834 = VECTOR('',#8835,1.);
#8835 = DIRECTION('',(1.,0.,0.));
#8836 = PLANE('',#8837);
#8837 = AXIS2_PLACEMENT_3D('',#8838,#8839,#8840);
#8838 = CARTESIAN_POINT('',(-9.092895794188,-3.987657142857,42.3968));
#8839 = DIRECTION('',(0.,0.100466300698,-0.994940461748));
#8840 = DIRECTION('',(0.,-0.994940461748,-0.100466300698));
#8841 = ADVANCED_FACE('',(#8842),#8860,.T.);
#8842 = FACE_BOUND('',#8843,.T.);
#8843 = EDGE_LOOP('',(#8844,#8845,#8846,#8854));
#8844 = ORIENTED_EDGE('',*,*,#2079,.T.);
#8845 = ORIENTED_EDGE('',*,*,#8831,.T.);
#8846 = ORIENTED_EDGE('',*,*,#8847,.T.);
#8847 = EDGE_CURVE('',#8824,#8848,#8850,.T.);
#8848 = VERTEX_POINT('',#8849);
#8849 = CARTESIAN_POINT('',(-8.492895794188,-4.090357142857,
    42.385471428571));
#8850 = LINE('',#8851,#8852);
#8851 = CARTESIAN_POINT('',(-8.492895794188,-4.044671428571,
    42.391042857143));
#8852 = VECTOR('',#8853,1.);
#8853 = DIRECTION('',(0.,-0.992645877551,-0.121054375311));
#8854 = ORIENTED_EDGE('',*,*,#8855,.F.);
#8855 = EDGE_CURVE('',#2072,#8848,#8856,.T.);
#8856 = LINE('',#8857,#8858);
#8857 = CARTESIAN_POINT('',(-9.092895794188,-4.090357142857,
    42.385471428571));
#8858 = VECTOR('',#8859,1.);
#8859 = DIRECTION('',(1.,0.,0.));
#8860 = PLANE('',#8861);
#8861 = AXIS2_PLACEMENT_3D('',#8862,#8863,#8864);
#8862 = CARTESIAN_POINT('',(-9.092895794188,-4.044671428571,
    42.391042857143));
#8863 = DIRECTION('',(0.,0.121054375311,-0.992645877551));
#8864 = DIRECTION('',(0.,-0.992645877551,-0.121054375311));
#8865 = ADVANCED_FACE('',(#8866),#8884,.T.);
#8866 = FACE_BOUND('',#8867,.T.);
#8867 = EDGE_LOOP('',(#8868,#8869,#8870,#8878));
#8868 = ORIENTED_EDGE('',*,*,#2071,.T.);
#8869 = ORIENTED_EDGE('',*,*,#8855,.T.);
#8870 = ORIENTED_EDGE('',*,*,#8871,.T.);
#8871 = EDGE_CURVE('',#8848,#8872,#8874,.T.);
#8872 = VERTEX_POINT('',#8873);
#8873 = CARTESIAN_POINT('',(-8.492895794188,-4.124528571429,
    42.379714285714));
#8874 = LINE('',#8875,#8876);
#8875 = CARTESIAN_POINT('',(-8.492895794188,-4.090357142857,
    42.385471428571));
#8876 = VECTOR('',#8877,1.);
#8877 = DIRECTION('',(0.,-0.98610270304,-0.166136868447));
#8878 = ORIENTED_EDGE('',*,*,#8879,.F.);
#8879 = EDGE_CURVE('',#2064,#8872,#8880,.T.);
#8880 = LINE('',#8881,#8882);
#8881 = CARTESIAN_POINT('',(-9.092895794188,-4.124528571429,
    42.379714285714));
#8882 = VECTOR('',#8883,1.);
#8883 = DIRECTION('',(1.,0.,0.));
#8884 = PLANE('',#8885);
#8885 = AXIS2_PLACEMENT_3D('',#8886,#8887,#8888);
#8886 = CARTESIAN_POINT('',(-9.092895794188,-4.090357142857,
    42.385471428571));
#8887 = DIRECTION('',(0.,0.166136868447,-0.98610270304));
#8888 = DIRECTION('',(0.,-0.98610270304,-0.166136868447));
#8889 = ADVANCED_FACE('',(#8890),#8908,.T.);
#8890 = FACE_BOUND('',#8891,.T.);
#8891 = EDGE_LOOP('',(#8892,#8893,#8894,#8902));
#8892 = ORIENTED_EDGE('',*,*,#2063,.T.);
#8893 = ORIENTED_EDGE('',*,*,#8879,.T.);
#8894 = ORIENTED_EDGE('',*,*,#8895,.T.);
#8895 = EDGE_CURVE('',#8872,#8896,#8898,.T.);
#8896 = VERTEX_POINT('',#8897);
#8897 = CARTESIAN_POINT('',(-8.492895794188,-4.164457142857,42.3682));
#8898 = LINE('',#8899,#8900);
#8899 = CARTESIAN_POINT('',(-8.492895794188,-4.124528571429,
    42.379714285714));
#8900 = VECTOR('',#8901,1.);
#8901 = DIRECTION('',(0.,-0.960846474829,-0.27708130902));
#8902 = ORIENTED_EDGE('',*,*,#8903,.F.);
#8903 = EDGE_CURVE('',#2056,#8896,#8904,.T.);
#8904 = LINE('',#8905,#8906);
#8905 = CARTESIAN_POINT('',(-9.092895794188,-4.164457142857,42.3682));
#8906 = VECTOR('',#8907,1.);
#8907 = DIRECTION('',(1.,0.,0.));
#8908 = PLANE('',#8909);
#8909 = AXIS2_PLACEMENT_3D('',#8910,#8911,#8912);
#8910 = CARTESIAN_POINT('',(-9.092895794188,-4.124528571429,
    42.379714285714));
#8911 = DIRECTION('',(0.,0.27708130902,-0.960846474829));
#8912 = DIRECTION('',(0.,-0.960846474829,-0.27708130902));
#8913 = ADVANCED_FACE('',(#8914),#8932,.T.);
#8914 = FACE_BOUND('',#8915,.T.);
#8915 = EDGE_LOOP('',(#8916,#8917,#8918,#8926));
#8916 = ORIENTED_EDGE('',*,*,#2055,.T.);
#8917 = ORIENTED_EDGE('',*,*,#8903,.T.);
#8918 = ORIENTED_EDGE('',*,*,#8919,.T.);
#8919 = EDGE_CURVE('',#8896,#8920,#8922,.T.);
#8920 = VERTEX_POINT('',#8921);
#8921 = CARTESIAN_POINT('',(-8.492895794188,-4.221657142857,
    42.345542857143));
#8922 = LINE('',#8923,#8924);
#8923 = CARTESIAN_POINT('',(-8.492895794188,-4.164457142857,42.3682));
#8924 = VECTOR('',#8925,1.);
#8925 = DIRECTION('',(0.,-0.929720504504,-0.368265914122));
#8926 = ORIENTED_EDGE('',*,*,#8927,.F.);
#8927 = EDGE_CURVE('',#2048,#8920,#8928,.T.);
#8928 = LINE('',#8929,#8930);
#8929 = CARTESIAN_POINT('',(-9.092895794188,-4.221657142857,
    42.345542857143));
#8930 = VECTOR('',#8931,1.);
#8931 = DIRECTION('',(1.,0.,0.));
#8932 = PLANE('',#8933);
#8933 = AXIS2_PLACEMENT_3D('',#8934,#8935,#8936);
#8934 = CARTESIAN_POINT('',(-9.092895794188,-4.164457142857,42.3682));
#8935 = DIRECTION('',(0.,0.368265914122,-0.929720504504));
#8936 = DIRECTION('',(0.,-0.929720504504,-0.368265914122));
#8937 = ADVANCED_FACE('',(#8938),#8956,.T.);
#8938 = FACE_BOUND('',#8939,.T.);
#8939 = EDGE_LOOP('',(#8940,#8941,#8942,#8950));
#8940 = ORIENTED_EDGE('',*,*,#2047,.T.);
#8941 = ORIENTED_EDGE('',*,*,#8927,.T.);
#8942 = ORIENTED_EDGE('',*,*,#8943,.T.);
#8943 = EDGE_CURVE('',#8920,#8944,#8946,.T.);
#8944 = VERTEX_POINT('',#8945);
#8945 = CARTESIAN_POINT('',(-8.492895794188,-4.255828571429,
    42.328271428571));
#8946 = LINE('',#8947,#8948);
#8947 = CARTESIAN_POINT('',(-8.492895794188,-4.221657142857,
    42.345542857143));
#8948 = VECTOR('',#8949,1.);
#8949 = DIRECTION('',(0.,-0.892478602936,-0.451089728658));
#8950 = ORIENTED_EDGE('',*,*,#8951,.F.);
#8951 = EDGE_CURVE('',#2040,#8944,#8952,.T.);
#8952 = LINE('',#8953,#8954);
#8953 = CARTESIAN_POINT('',(-9.092895794188,-4.255828571429,
    42.328271428571));
#8954 = VECTOR('',#8955,1.);
#8955 = DIRECTION('',(1.,0.,0.));
#8956 = PLANE('',#8957);
#8957 = AXIS2_PLACEMENT_3D('',#8958,#8959,#8960);
#8958 = CARTESIAN_POINT('',(-9.092895794188,-4.221657142857,
    42.345542857143));
#8959 = DIRECTION('',(0.,0.451089728658,-0.892478602936));
#8960 = DIRECTION('',(0.,-0.892478602936,-0.451089728658));
#8961 = ADVANCED_FACE('',(#8962),#8980,.T.);
#8962 = FACE_BOUND('',#8963,.T.);
#8963 = EDGE_LOOP('',(#8964,#8965,#8966,#8974));
#8964 = ORIENTED_EDGE('',*,*,#2039,.T.);
#8965 = ORIENTED_EDGE('',*,*,#8951,.T.);
#8966 = ORIENTED_EDGE('',*,*,#8967,.T.);
#8967 = EDGE_CURVE('',#8944,#8968,#8970,.T.);
#8968 = VERTEX_POINT('',#8969);
#8969 = CARTESIAN_POINT('',(-8.492895794188,-4.29,42.311185714286));
#8970 = LINE('',#8971,#8972);
#8971 = CARTESIAN_POINT('',(-8.492895794188,-4.255828571429,
    42.328271428571));
#8972 = VECTOR('',#8973,1.);
#8973 = DIRECTION('',(0.,-0.894427191,-0.4472135955));
#8974 = ORIENTED_EDGE('',*,*,#8975,.F.);
#8975 = EDGE_CURVE('',#2032,#8968,#8976,.T.);
#8976 = LINE('',#8977,#8978);
#8977 = CARTESIAN_POINT('',(-9.092895794188,-4.29,42.311185714286));
#8978 = VECTOR('',#8979,1.);
#8979 = DIRECTION('',(1.,0.,0.));
#8980 = PLANE('',#8981);
#8981 = AXIS2_PLACEMENT_3D('',#8982,#8983,#8984);
#8982 = CARTESIAN_POINT('',(-9.092895794188,-4.255828571429,
    42.328271428571));
#8983 = DIRECTION('',(0.,0.4472135955,-0.894427191));
#8984 = DIRECTION('',(0.,-0.894427191,-0.4472135955));
#8985 = ADVANCED_FACE('',(#8986),#9004,.T.);
#8986 = FACE_BOUND('',#8987,.T.);
#8987 = EDGE_LOOP('',(#8988,#8989,#8990,#8998));
#8988 = ORIENTED_EDGE('',*,*,#2031,.T.);
#8989 = ORIENTED_EDGE('',*,*,#8975,.T.);
#8990 = ORIENTED_EDGE('',*,*,#8991,.T.);
#8991 = EDGE_CURVE('',#8968,#8992,#8994,.T.);
#8992 = VERTEX_POINT('',#8993);
#8993 = CARTESIAN_POINT('',(-8.492895794188,-4.347014285714,
    42.271257142857));
#8994 = LINE('',#8995,#8996);
#8995 = CARTESIAN_POINT('',(-8.492895794188,-4.29,42.311185714286));
#8996 = VECTOR('',#8997,1.);
#8997 = DIRECTION('',(0.,-0.819106553991,-0.573641397746));
#8998 = ORIENTED_EDGE('',*,*,#8999,.F.);
#8999 = EDGE_CURVE('',#2024,#8992,#9000,.T.);
#9000 = LINE('',#9001,#9002);
#9001 = CARTESIAN_POINT('',(-9.092895794188,-4.347014285714,
    42.271257142857));
#9002 = VECTOR('',#9003,1.);
#9003 = DIRECTION('',(1.,0.,0.));
#9004 = PLANE('',#9005);
#9005 = AXIS2_PLACEMENT_3D('',#9006,#9007,#9008);
#9006 = CARTESIAN_POINT('',(-9.092895794188,-4.29,42.311185714286));
#9007 = DIRECTION('',(0.,0.573641397746,-0.819106553991));
#9008 = DIRECTION('',(0.,-0.819106553991,-0.573641397746));
#9009 = ADVANCED_FACE('',(#9010),#9028,.T.);
#9010 = FACE_BOUND('',#9011,.T.);
#9011 = EDGE_LOOP('',(#9012,#9013,#9014,#9022));
#9012 = ORIENTED_EDGE('',*,*,#2023,.T.);
#9013 = ORIENTED_EDGE('',*,*,#8999,.T.);
#9014 = ORIENTED_EDGE('',*,*,#9015,.T.);
#9015 = EDGE_CURVE('',#8992,#9016,#9018,.T.);
#9016 = VERTEX_POINT('',#9017);
#9017 = CARTESIAN_POINT('',(-8.492895794188,-4.3927,42.225571428571));
#9018 = LINE('',#9019,#9020);
#9019 = CARTESIAN_POINT('',(-8.492895794188,-4.347014285714,
    42.271257142857));
#9020 = VECTOR('',#9021,1.);
#9021 = DIRECTION('',(0.,-0.707106781187,-0.707106781187));
#9022 = ORIENTED_EDGE('',*,*,#9023,.F.);
#9023 = EDGE_CURVE('',#2016,#9016,#9024,.T.);
#9024 = LINE('',#9025,#9026);
#9025 = CARTESIAN_POINT('',(-9.092895794188,-4.3927,42.225571428571));
#9026 = VECTOR('',#9027,1.);
#9027 = DIRECTION('',(1.,0.,0.));
#9028 = PLANE('',#9029);
#9029 = AXIS2_PLACEMENT_3D('',#9030,#9031,#9032);
#9030 = CARTESIAN_POINT('',(-9.092895794188,-4.347014285714,
    42.271257142857));
#9031 = DIRECTION('',(0.,0.707106781187,-0.707106781187));
#9032 = DIRECTION('',(0.,-0.707106781187,-0.707106781187));
#9033 = ADVANCED_FACE('',(#9034),#9052,.T.);
#9034 = FACE_BOUND('',#9035,.T.);
#9035 = EDGE_LOOP('',(#9036,#9037,#9038,#9046));
#9036 = ORIENTED_EDGE('',*,*,#2015,.T.);
#9037 = ORIENTED_EDGE('',*,*,#9023,.T.);
#9038 = ORIENTED_EDGE('',*,*,#9039,.T.);
#9039 = EDGE_CURVE('',#9016,#9040,#9042,.T.);
#9040 = VERTEX_POINT('',#9041);
#9041 = CARTESIAN_POINT('',(-8.492895794188,-4.438385714286,
    42.174314285714));
#9042 = LINE('',#9043,#9044);
#9043 = CARTESIAN_POINT('',(-8.492895794188,-4.3927,42.225571428571));
#9044 = VECTOR('',#9045,1.);
#9045 = DIRECTION('',(0.,-0.665370524754,-0.746513271676));
#9046 = ORIENTED_EDGE('',*,*,#9047,.F.);
#9047 = EDGE_CURVE('',#2008,#9040,#9048,.T.);
#9048 = LINE('',#9049,#9050);
#9049 = CARTESIAN_POINT('',(-9.092895794188,-4.438385714286,
    42.174314285714));
#9050 = VECTOR('',#9051,1.);
#9051 = DIRECTION('',(1.,0.,0.));
#9052 = PLANE('',#9053);
#9053 = AXIS2_PLACEMENT_3D('',#9054,#9055,#9056);
#9054 = CARTESIAN_POINT('',(-9.092895794188,-4.3927,42.225571428571));
#9055 = DIRECTION('',(0.,0.746513271676,-0.665370524754));
#9056 = DIRECTION('',(0.,-0.665370524754,-0.746513271676));
#9057 = ADVANCED_FACE('',(#9058),#9076,.T.);
#9058 = FACE_BOUND('',#9059,.T.);
#9059 = EDGE_LOOP('',(#9060,#9061,#9062,#9070));
#9060 = ORIENTED_EDGE('',*,*,#2007,.T.);
#9061 = ORIENTED_EDGE('',*,*,#9047,.T.);
#9062 = ORIENTED_EDGE('',*,*,#9063,.T.);
#9063 = EDGE_CURVE('',#9040,#9064,#9066,.T.);
#9064 = VERTEX_POINT('',#9065);
#9065 = CARTESIAN_POINT('',(-8.492895794188,-4.472557142857,
    42.122871428571));
#9066 = LINE('',#9067,#9068);
#9067 = CARTESIAN_POINT('',(-8.492895794188,-4.438385714286,
    42.174314285714));
#9068 = VECTOR('',#9069,1.);
#9069 = DIRECTION('',(0.,-0.553311519375,-0.832974406886));
#9070 = ORIENTED_EDGE('',*,*,#9071,.F.);
#9071 = EDGE_CURVE('',#2000,#9064,#9072,.T.);
#9072 = LINE('',#9073,#9074);
#9073 = CARTESIAN_POINT('',(-9.092895794188,-4.472557142857,
    42.122871428571));
#9074 = VECTOR('',#9075,1.);
#9075 = DIRECTION('',(1.,0.,0.));
#9076 = PLANE('',#9077);
#9077 = AXIS2_PLACEMENT_3D('',#9078,#9079,#9080);
#9078 = CARTESIAN_POINT('',(-9.092895794188,-4.438385714286,
    42.174314285714));
#9079 = DIRECTION('',(0.,0.832974406886,-0.553311519375));
#9080 = DIRECTION('',(0.,-0.553311519375,-0.832974406886));
#9081 = ADVANCED_FACE('',(#9082),#9100,.T.);
#9082 = FACE_BOUND('',#9083,.T.);
#9083 = EDGE_LOOP('',(#9084,#9085,#9086,#9094));
#9084 = ORIENTED_EDGE('',*,*,#1999,.T.);
#9085 = ORIENTED_EDGE('',*,*,#9071,.T.);
#9086 = ORIENTED_EDGE('',*,*,#9087,.T.);
#9087 = EDGE_CURVE('',#9064,#9088,#9090,.T.);
#9088 = VERTEX_POINT('',#9089);
#9089 = CARTESIAN_POINT('',(-8.492895794188,-4.4954,42.0887));
#9090 = LINE('',#9091,#9092);
#9091 = CARTESIAN_POINT('',(-8.492895794188,-4.472557142857,
    42.122871428571));
#9092 = VECTOR('',#9093,1.);
#9093 = DIRECTION('',(0.,-0.555742429414,-0.831354528555));
#9094 = ORIENTED_EDGE('',*,*,#9095,.F.);
#9095 = EDGE_CURVE('',#1992,#9088,#9096,.T.);
#9096 = LINE('',#9097,#9098);
#9097 = CARTESIAN_POINT('',(-9.092895794188,-4.4954,42.0887));
#9098 = VECTOR('',#9099,1.);
#9099 = DIRECTION('',(1.,0.,0.));
#9100 = PLANE('',#9101);
#9101 = AXIS2_PLACEMENT_3D('',#9102,#9103,#9104);
#9102 = CARTESIAN_POINT('',(-9.092895794188,-4.472557142857,
    42.122871428571));
#9103 = DIRECTION('',(0.,0.831354528555,-0.555742429414));
#9104 = DIRECTION('',(0.,-0.555742429414,-0.831354528555));
#9105 = ADVANCED_FACE('',(#9106),#9124,.T.);
#9106 = FACE_BOUND('',#9107,.T.);
#9107 = EDGE_LOOP('',(#9108,#9109,#9110,#9118));
#9108 = ORIENTED_EDGE('',*,*,#1991,.T.);
#9109 = ORIENTED_EDGE('',*,*,#9095,.T.);
#9110 = ORIENTED_EDGE('',*,*,#9111,.T.);
#9111 = EDGE_CURVE('',#9088,#9112,#9114,.T.);
#9112 = VERTEX_POINT('',#9113);
#9113 = CARTESIAN_POINT('',(-8.492895794188,-4.506914285714,
    42.054528571429));
#9114 = LINE('',#9115,#9116);
#9115 = CARTESIAN_POINT('',(-8.492895794188,-4.4954,42.0887));
#9116 = VECTOR('',#9117,1.);
#9117 = DIRECTION('',(0.,-0.319316245627,-0.947648212829));
#9118 = ORIENTED_EDGE('',*,*,#9119,.F.);
#9119 = EDGE_CURVE('',#1984,#9112,#9120,.T.);
#9120 = LINE('',#9121,#9122);
#9121 = CARTESIAN_POINT('',(-9.092895794188,-4.506914285714,
    42.054528571429));
#9122 = VECTOR('',#9123,1.);
#9123 = DIRECTION('',(1.,0.,0.));
#9124 = PLANE('',#9125);
#9125 = AXIS2_PLACEMENT_3D('',#9126,#9127,#9128);
#9126 = CARTESIAN_POINT('',(-9.092895794188,-4.4954,42.0887));
#9127 = DIRECTION('',(0.,0.947648212829,-0.319316245627));
#9128 = DIRECTION('',(0.,-0.319316245627,-0.947648212829));
#9129 = ADVANCED_FACE('',(#9130),#9148,.T.);
#9130 = FACE_BOUND('',#9131,.T.);
#9131 = EDGE_LOOP('',(#9132,#9133,#9134,#9142));
#9132 = ORIENTED_EDGE('',*,*,#1983,.T.);
#9133 = ORIENTED_EDGE('',*,*,#9119,.T.);
#9134 = ORIENTED_EDGE('',*,*,#9135,.T.);
#9135 = EDGE_CURVE('',#9112,#9136,#9138,.T.);
#9136 = VERTEX_POINT('',#9137);
#9137 = CARTESIAN_POINT('',(-8.492895794188,-4.529571428571,
    42.003085714286));
#9138 = LINE('',#9139,#9140);
#9139 = CARTESIAN_POINT('',(-8.492895794188,-4.506914285714,
    42.054528571429));
#9140 = VECTOR('',#9141,1.);
#9141 = DIRECTION('',(0.,-0.403070745111,-0.915168822915));
#9142 = ORIENTED_EDGE('',*,*,#9143,.F.);
#9143 = EDGE_CURVE('',#1976,#9136,#9144,.T.);
#9144 = LINE('',#9145,#9146);
#9145 = CARTESIAN_POINT('',(-9.092895794188,-4.529571428571,
    42.003085714286));
#9146 = VECTOR('',#9147,1.);
#9147 = DIRECTION('',(1.,0.,0.));
#9148 = PLANE('',#9149);
#9149 = AXIS2_PLACEMENT_3D('',#9150,#9151,#9152);
#9150 = CARTESIAN_POINT('',(-9.092895794188,-4.506914285714,
    42.054528571429));
#9151 = DIRECTION('',(0.,0.915168822915,-0.403070745111));
#9152 = DIRECTION('',(0.,-0.403070745111,-0.915168822915));
#9153 = ADVANCED_FACE('',(#9154),#9172,.T.);
#9154 = FACE_BOUND('',#9155,.T.);
#9155 = EDGE_LOOP('',(#9156,#9157,#9158,#9166));
#9156 = ORIENTED_EDGE('',*,*,#1975,.T.);
#9157 = ORIENTED_EDGE('',*,*,#9143,.T.);
#9158 = ORIENTED_EDGE('',*,*,#9159,.T.);
#9159 = EDGE_CURVE('',#9136,#9160,#9162,.T.);
#9160 = VERTEX_POINT('',#9161);
#9161 = CARTESIAN_POINT('',(-8.492895794188,-4.546842857143,
    41.946071428571));
#9162 = LINE('',#9163,#9164);
#9163 = CARTESIAN_POINT('',(-8.492895794188,-4.529571428571,
    42.003085714286));
#9164 = VECTOR('',#9165,1.);
#9165 = DIRECTION('',(0.,-0.289920871686,-0.957050619435));
#9166 = ORIENTED_EDGE('',*,*,#9167,.F.);
#9167 = EDGE_CURVE('',#1968,#9160,#9168,.T.);
#9168 = LINE('',#9169,#9170);
#9169 = CARTESIAN_POINT('',(-9.092895794188,-4.546842857143,
    41.946071428571));
#9170 = VECTOR('',#9171,1.);
#9171 = DIRECTION('',(1.,0.,0.));
#9172 = PLANE('',#9173);
#9173 = AXIS2_PLACEMENT_3D('',#9174,#9175,#9176);
#9174 = CARTESIAN_POINT('',(-9.092895794188,-4.529571428571,
    42.003085714286));
#9175 = DIRECTION('',(0.,0.957050619435,-0.289920871686));
#9176 = DIRECTION('',(0.,-0.289920871686,-0.957050619435));
#9177 = ADVANCED_FACE('',(#9178),#9196,.T.);
#9178 = FACE_BOUND('',#9179,.T.);
#9179 = EDGE_LOOP('',(#9180,#9181,#9182,#9190));
#9180 = ORIENTED_EDGE('',*,*,#1967,.T.);
#9181 = ORIENTED_EDGE('',*,*,#9167,.T.);
#9182 = ORIENTED_EDGE('',*,*,#9183,.T.);
#9183 = EDGE_CURVE('',#9160,#9184,#9186,.T.);
#9184 = VERTEX_POINT('',#9185);
#9185 = CARTESIAN_POINT('',(-8.492895794188,-4.552414285714,
    41.900385714286));
#9186 = LINE('',#9187,#9188);
#9187 = CARTESIAN_POINT('',(-8.492895794188,-4.546842857143,
    41.946071428571));
#9188 = VECTOR('',#9189,1.);
#9189 = DIRECTION('',(0.,-0.121054375311,-0.992645877551));
#9190 = ORIENTED_EDGE('',*,*,#9191,.F.);
#9191 = EDGE_CURVE('',#1960,#9184,#9192,.T.);
#9192 = LINE('',#9193,#9194);
#9193 = CARTESIAN_POINT('',(-9.092895794188,-4.552414285714,
    41.900385714286));
#9194 = VECTOR('',#9195,1.);
#9195 = DIRECTION('',(1.,0.,0.));
#9196 = PLANE('',#9197);
#9197 = AXIS2_PLACEMENT_3D('',#9198,#9199,#9200);
#9198 = CARTESIAN_POINT('',(-9.092895794188,-4.546842857143,
    41.946071428571));
#9199 = DIRECTION('',(0.,0.992645877551,-0.121054375311));
#9200 = DIRECTION('',(0.,-0.121054375311,-0.992645877551));
#9201 = ADVANCED_FACE('',(#9202),#9220,.T.);
#9202 = FACE_BOUND('',#9203,.T.);
#9203 = EDGE_LOOP('',(#9204,#9205,#9206,#9214));
#9204 = ORIENTED_EDGE('',*,*,#1959,.T.);
#9205 = ORIENTED_EDGE('',*,*,#9191,.T.);
#9206 = ORIENTED_EDGE('',*,*,#9207,.T.);
#9207 = EDGE_CURVE('',#9184,#9208,#9210,.T.);
#9208 = VERTEX_POINT('',#9209);
#9209 = CARTESIAN_POINT('',(-8.492895794188,-4.558171428571,
    41.837614285714));
#9210 = LINE('',#9211,#9212);
#9211 = CARTESIAN_POINT('',(-8.492895794188,-4.552414285714,
    41.900385714286));
#9212 = VECTOR('',#9213,1.);
#9213 = DIRECTION('',(0.,-9.133264387955E-02,-0.995820439719));
#9214 = ORIENTED_EDGE('',*,*,#9215,.F.);
#9215 = EDGE_CURVE('',#1952,#9208,#9216,.T.);
#9216 = LINE('',#9217,#9218);
#9217 = CARTESIAN_POINT('',(-9.092895794188,-4.558171428571,
    41.837614285714));
#9218 = VECTOR('',#9219,1.);
#9219 = DIRECTION('',(1.,0.,0.));
#9220 = PLANE('',#9221);
#9221 = AXIS2_PLACEMENT_3D('',#9222,#9223,#9224);
#9222 = CARTESIAN_POINT('',(-9.092895794188,-4.552414285714,
    41.900385714286));
#9223 = DIRECTION('',(0.,0.995820439719,-9.133264387955E-02));
#9224 = DIRECTION('',(0.,-9.133264387955E-02,-0.995820439719));
#9225 = ADVANCED_FACE('',(#9226),#9244,.T.);
#9226 = FACE_BOUND('',#9227,.T.);
#9227 = EDGE_LOOP('',(#9228,#9229,#9230,#9238));
#9228 = ORIENTED_EDGE('',*,*,#1951,.T.);
#9229 = ORIENTED_EDGE('',*,*,#9215,.T.);
#9230 = ORIENTED_EDGE('',*,*,#9231,.T.);
#9231 = EDGE_CURVE('',#9208,#9232,#9234,.T.);
#9232 = VERTEX_POINT('',#9233);
#9233 = CARTESIAN_POINT('',(-8.492895794188,-4.558171428571,
    38.973714285714));
#9234 = LINE('',#9235,#9236);
#9235 = CARTESIAN_POINT('',(-8.492895794188,-4.558171428571,
    41.837614285714));
#9236 = VECTOR('',#9237,1.);
#9237 = DIRECTION('',(0.,0.,-1.));
#9238 = ORIENTED_EDGE('',*,*,#9239,.F.);
#9239 = EDGE_CURVE('',#1944,#9232,#9240,.T.);
#9240 = LINE('',#9241,#9242);
#9241 = CARTESIAN_POINT('',(-9.092895794188,-4.558171428571,
    38.973714285714));
#9242 = VECTOR('',#9243,1.);
#9243 = DIRECTION('',(1.,0.,0.));
#9244 = PLANE('',#9245);
#9245 = AXIS2_PLACEMENT_3D('',#9246,#9247,#9248);
#9246 = CARTESIAN_POINT('',(-9.092895794188,-4.558171428571,
    41.837614285714));
#9247 = DIRECTION('',(-0.,1.,0.));
#9248 = DIRECTION('',(0.,0.,-1.));
#9249 = ADVANCED_FACE('',(#9250),#9268,.T.);
#9250 = FACE_BOUND('',#9251,.T.);
#9251 = EDGE_LOOP('',(#9252,#9253,#9254,#9262));
#9252 = ORIENTED_EDGE('',*,*,#1943,.T.);
#9253 = ORIENTED_EDGE('',*,*,#9239,.T.);
#9254 = ORIENTED_EDGE('',*,*,#9255,.T.);
#9255 = EDGE_CURVE('',#9232,#9256,#9258,.T.);
#9256 = VERTEX_POINT('',#9257);
#9257 = CARTESIAN_POINT('',(-8.492895794188,-4.997385714286,
    38.973714285714));
#9258 = LINE('',#9259,#9260);
#9259 = CARTESIAN_POINT('',(-8.492895794188,-4.558171428571,
    38.973714285714));
#9260 = VECTOR('',#9261,1.);
#9261 = DIRECTION('',(0.,-1.,0.));
#9262 = ORIENTED_EDGE('',*,*,#9263,.F.);
#9263 = EDGE_CURVE('',#1936,#9256,#9264,.T.);
#9264 = LINE('',#9265,#9266);
#9265 = CARTESIAN_POINT('',(-9.092895794188,-4.997385714286,
    38.973714285714));
#9266 = VECTOR('',#9267,1.);
#9267 = DIRECTION('',(1.,0.,0.));
#9268 = PLANE('',#9269);
#9269 = AXIS2_PLACEMENT_3D('',#9270,#9271,#9272);
#9270 = CARTESIAN_POINT('',(-9.092895794188,-4.558171428571,
    38.973714285714));
#9271 = DIRECTION('',(0.,0.,-1.));
#9272 = DIRECTION('',(0.,-1.,0.));
#9273 = ADVANCED_FACE('',(#9274),#9292,.T.);
#9274 = FACE_BOUND('',#9275,.T.);
#9275 = EDGE_LOOP('',(#9276,#9277,#9278,#9286));
#9276 = ORIENTED_EDGE('',*,*,#1935,.T.);
#9277 = ORIENTED_EDGE('',*,*,#9263,.T.);
#9278 = ORIENTED_EDGE('',*,*,#9279,.T.);
#9279 = EDGE_CURVE('',#9256,#9280,#9282,.T.);
#9280 = VERTEX_POINT('',#9281);
#9281 = CARTESIAN_POINT('',(-8.492895794188,-5.025985714286,
    38.967957142857));
#9282 = LINE('',#9283,#9284);
#9283 = CARTESIAN_POINT('',(-8.492895794188,-4.997385714286,
    38.973714285714));
#9284 = VECTOR('',#9285,1.);
#9285 = DIRECTION('',(0.,-0.980335072596,-0.197340176951));
#9286 = ORIENTED_EDGE('',*,*,#9287,.F.);
#9287 = EDGE_CURVE('',#1928,#9280,#9288,.T.);
#9288 = LINE('',#9289,#9290);
#9289 = CARTESIAN_POINT('',(-9.092895794188,-5.025985714286,
    38.967957142857));
#9290 = VECTOR('',#9291,1.);
#9291 = DIRECTION('',(1.,0.,0.));
#9292 = PLANE('',#9293);
#9293 = AXIS2_PLACEMENT_3D('',#9294,#9295,#9296);
#9294 = CARTESIAN_POINT('',(-9.092895794188,-4.997385714286,
    38.973714285714));
#9295 = DIRECTION('',(0.,0.197340176951,-0.980335072596));
#9296 = DIRECTION('',(0.,-0.980335072596,-0.197340176951));
#9297 = ADVANCED_FACE('',(#9298),#9316,.T.);
#9298 = FACE_BOUND('',#9299,.T.);
#9299 = EDGE_LOOP('',(#9300,#9301,#9302,#9310));
#9300 = ORIENTED_EDGE('',*,*,#1927,.T.);
#9301 = ORIENTED_EDGE('',*,*,#9287,.T.);
#9302 = ORIENTED_EDGE('',*,*,#9303,.T.);
#9303 = EDGE_CURVE('',#9280,#9304,#9306,.T.);
#9304 = VERTEX_POINT('',#9305);
#9305 = CARTESIAN_POINT('',(-8.492895794188,-5.054585714286,
    38.956628571429));
#9306 = LINE('',#9307,#9308);
#9307 = CARTESIAN_POINT('',(-8.492895794188,-5.025985714286,
    38.967957142857));
#9308 = VECTOR('',#9309,1.);
#9309 = DIRECTION('',(0.,-0.929720504504,-0.368265914122));
#9310 = ORIENTED_EDGE('',*,*,#9311,.F.);
#9311 = EDGE_CURVE('',#1920,#9304,#9312,.T.);
#9312 = LINE('',#9313,#9314);
#9313 = CARTESIAN_POINT('',(-9.092895794188,-5.054585714286,
    38.956628571429));
#9314 = VECTOR('',#9315,1.);
#9315 = DIRECTION('',(1.,0.,0.));
#9316 = PLANE('',#9317);
#9317 = AXIS2_PLACEMENT_3D('',#9318,#9319,#9320);
#9318 = CARTESIAN_POINT('',(-9.092895794188,-5.025985714286,
    38.967957142857));
#9319 = DIRECTION('',(0.,0.368265914122,-0.929720504504));
#9320 = DIRECTION('',(0.,-0.929720504504,-0.368265914122));
#9321 = ADVANCED_FACE('',(#9322),#9340,.T.);
#9322 = FACE_BOUND('',#9323,.T.);
#9323 = EDGE_LOOP('',(#9324,#9325,#9326,#9334));
#9324 = ORIENTED_EDGE('',*,*,#1919,.T.);
#9325 = ORIENTED_EDGE('',*,*,#9311,.T.);
#9326 = ORIENTED_EDGE('',*,*,#9327,.T.);
#9327 = EDGE_CURVE('',#9304,#9328,#9330,.T.);
#9328 = VERTEX_POINT('',#9329);
#9329 = CARTESIAN_POINT('',(-8.492895794188,-5.077428571429,
    38.939542857143));
#9330 = LINE('',#9331,#9332);
#9331 = CARTESIAN_POINT('',(-8.492895794188,-5.054585714286,
    38.956628571429));
#9332 = VECTOR('',#9333,1.);
#9333 = DIRECTION('',(0.,-0.80078057117,-0.598957825591));
#9334 = ORIENTED_EDGE('',*,*,#9335,.F.);
#9335 = EDGE_CURVE('',#1912,#9328,#9336,.T.);
#9336 = LINE('',#9337,#9338);
#9337 = CARTESIAN_POINT('',(-9.092895794188,-5.077428571429,
    38.939542857143));
#9338 = VECTOR('',#9339,1.);
#9339 = DIRECTION('',(1.,0.,0.));
#9340 = PLANE('',#9341);
#9341 = AXIS2_PLACEMENT_3D('',#9342,#9343,#9344);
#9342 = CARTESIAN_POINT('',(-9.092895794188,-5.054585714286,
    38.956628571429));
#9343 = DIRECTION('',(0.,0.598957825591,-0.80078057117));
#9344 = DIRECTION('',(0.,-0.80078057117,-0.598957825591));
#9345 = ADVANCED_FACE('',(#9346),#9364,.T.);
#9346 = FACE_BOUND('',#9347,.T.);
#9347 = EDGE_LOOP('',(#9348,#9349,#9350,#9358));
#9348 = ORIENTED_EDGE('',*,*,#1911,.T.);
#9349 = ORIENTED_EDGE('',*,*,#9335,.T.);
#9350 = ORIENTED_EDGE('',*,*,#9351,.T.);
#9351 = EDGE_CURVE('',#9328,#9352,#9354,.T.);
#9352 = VERTEX_POINT('',#9353);
#9353 = CARTESIAN_POINT('',(-8.492895794188,-5.094514285714,
    38.922457142857));
#9354 = LINE('',#9355,#9356);
#9355 = CARTESIAN_POINT('',(-8.492895794188,-5.077428571429,
    38.939542857143));
#9356 = VECTOR('',#9357,1.);
#9357 = DIRECTION('',(0.,-0.707106781187,-0.707106781187));
#9358 = ORIENTED_EDGE('',*,*,#9359,.F.);
#9359 = EDGE_CURVE('',#1904,#9352,#9360,.T.);
#9360 = LINE('',#9361,#9362);
#9361 = CARTESIAN_POINT('',(-9.092895794188,-5.094514285714,
    38.922457142857));
#9362 = VECTOR('',#9363,1.);
#9363 = DIRECTION('',(1.,0.,0.));
#9364 = PLANE('',#9365);
#9365 = AXIS2_PLACEMENT_3D('',#9366,#9367,#9368);
#9366 = CARTESIAN_POINT('',(-9.092895794188,-5.077428571429,
    38.939542857143));
#9367 = DIRECTION('',(0.,0.707106781187,-0.707106781187));
#9368 = DIRECTION('',(0.,-0.707106781187,-0.707106781187));
#9369 = ADVANCED_FACE('',(#9370),#9388,.T.);
#9370 = FACE_BOUND('',#9371,.T.);
#9371 = EDGE_LOOP('',(#9372,#9373,#9374,#9382));
#9372 = ORIENTED_EDGE('',*,*,#1903,.T.);
#9373 = ORIENTED_EDGE('',*,*,#9359,.T.);
#9374 = ORIENTED_EDGE('',*,*,#9375,.T.);
#9375 = EDGE_CURVE('',#9352,#9376,#9378,.T.);
#9376 = VERTEX_POINT('',#9377);
#9377 = CARTESIAN_POINT('',(-8.492895794188,-5.105842857143,
    38.905185714286));
#9378 = LINE('',#9379,#9380);
#9379 = CARTESIAN_POINT('',(-8.492895794188,-5.094514285714,
    38.922457142857));
#9380 = VECTOR('',#9381,1.);
#9381 = DIRECTION('',(0.,-0.548460032671,-0.836176771121));
#9382 = ORIENTED_EDGE('',*,*,#9383,.F.);
#9383 = EDGE_CURVE('',#1896,#9376,#9384,.T.);
#9384 = LINE('',#9385,#9386);
#9385 = CARTESIAN_POINT('',(-9.092895794188,-5.105842857143,
    38.905185714286));
#9386 = VECTOR('',#9387,1.);
#9387 = DIRECTION('',(1.,0.,0.));
#9388 = PLANE('',#9389);
#9389 = AXIS2_PLACEMENT_3D('',#9390,#9391,#9392);
#9390 = CARTESIAN_POINT('',(-9.092895794188,-5.094514285714,
    38.922457142857));
#9391 = DIRECTION('',(0.,0.836176771121,-0.548460032671));
#9392 = DIRECTION('',(0.,-0.548460032671,-0.836176771121));
#9393 = ADVANCED_FACE('',(#9394),#9412,.T.);
#9394 = FACE_BOUND('',#9395,.T.);
#9395 = EDGE_LOOP('',(#9396,#9397,#9398,#9406));
#9396 = ORIENTED_EDGE('',*,*,#1895,.T.);
#9397 = ORIENTED_EDGE('',*,*,#9383,.T.);
#9398 = ORIENTED_EDGE('',*,*,#9399,.T.);
#9399 = EDGE_CURVE('',#9376,#9400,#9402,.T.);
#9400 = VERTEX_POINT('',#9401);
#9401 = CARTESIAN_POINT('',(-8.492895794188,-5.117357142857,38.8881));
#9402 = LINE('',#9403,#9404);
#9403 = CARTESIAN_POINT('',(-8.492895794188,-5.105842857143,
    38.905185714286));
#9404 = VECTOR('',#9405,1.);
#9405 = DIRECTION('',(0.,-0.558853462072,-0.829266427591));
#9406 = ORIENTED_EDGE('',*,*,#9407,.F.);
#9407 = EDGE_CURVE('',#1888,#9400,#9408,.T.);
#9408 = LINE('',#9409,#9410);
#9409 = CARTESIAN_POINT('',(-9.092895794188,-5.117357142857,38.8881));
#9410 = VECTOR('',#9411,1.);
#9411 = DIRECTION('',(1.,0.,0.));
#9412 = PLANE('',#9413);
#9413 = AXIS2_PLACEMENT_3D('',#9414,#9415,#9416);
#9414 = CARTESIAN_POINT('',(-9.092895794188,-5.105842857143,
    38.905185714286));
#9415 = DIRECTION('',(0.,0.829266427591,-0.558853462072));
#9416 = DIRECTION('',(0.,-0.558853462072,-0.829266427591));
#9417 = ADVANCED_FACE('',(#9418),#9436,.T.);
#9418 = FACE_BOUND('',#9419,.T.);
#9419 = EDGE_LOOP('',(#9420,#9421,#9422,#9430));
#9420 = ORIENTED_EDGE('',*,*,#1887,.T.);
#9421 = ORIENTED_EDGE('',*,*,#9407,.T.);
#9422 = ORIENTED_EDGE('',*,*,#9423,.T.);
#9423 = EDGE_CURVE('',#9400,#9424,#9426,.T.);
#9424 = VERTEX_POINT('',#9425);
#9425 = CARTESIAN_POINT('',(-8.492895794188,-5.122928571429,
    38.859685714286));
#9426 = LINE('',#9427,#9428);
#9427 = CARTESIAN_POINT('',(-8.492895794188,-5.117357142857,38.8881));
#9428 = VECTOR('',#9429,1.);
#9429 = DIRECTION('',(0.,-0.192414460721,-0.981313749677));
#9430 = ORIENTED_EDGE('',*,*,#9431,.F.);
#9431 = EDGE_CURVE('',#1880,#9424,#9432,.T.);
#9432 = LINE('',#9433,#9434);
#9433 = CARTESIAN_POINT('',(-9.092895794188,-5.122928571429,
    38.859685714286));
#9434 = VECTOR('',#9435,1.);
#9435 = DIRECTION('',(1.,0.,0.));
#9436 = PLANE('',#9437);
#9437 = AXIS2_PLACEMENT_3D('',#9438,#9439,#9440);
#9438 = CARTESIAN_POINT('',(-9.092895794188,-5.117357142857,38.8881));
#9439 = DIRECTION('',(0.,0.981313749677,-0.192414460721));
#9440 = DIRECTION('',(0.,-0.192414460721,-0.981313749677));
#9441 = ADVANCED_FACE('',(#9442),#9460,.T.);
#9442 = FACE_BOUND('',#9443,.T.);
#9443 = EDGE_LOOP('',(#9444,#9445,#9446,#9454));
#9444 = ORIENTED_EDGE('',*,*,#1879,.T.);
#9445 = ORIENTED_EDGE('',*,*,#9431,.T.);
#9446 = ORIENTED_EDGE('',*,*,#9447,.T.);
#9447 = EDGE_CURVE('',#9424,#9448,#9450,.T.);
#9448 = VERTEX_POINT('',#9449);
#9449 = CARTESIAN_POINT('',(-8.492895794188,-5.128685714286,
    38.842414285714));
#9450 = LINE('',#9451,#9452);
#9451 = CARTESIAN_POINT('',(-8.492895794188,-5.122928571429,
    38.859685714286));
#9452 = VECTOR('',#9453,1.);
#9453 = DIRECTION('',(0.,-0.316227766017,-0.948683298051));
#9454 = ORIENTED_EDGE('',*,*,#9455,.F.);
#9455 = EDGE_CURVE('',#1872,#9448,#9456,.T.);
#9456 = LINE('',#9457,#9458);
#9457 = CARTESIAN_POINT('',(-9.092895794188,-5.128685714286,
    38.842414285714));
#9458 = VECTOR('',#9459,1.);
#9459 = DIRECTION('',(1.,0.,0.));
#9460 = PLANE('',#9461);
#9461 = AXIS2_PLACEMENT_3D('',#9462,#9463,#9464);
#9462 = CARTESIAN_POINT('',(-9.092895794188,-5.122928571429,
    38.859685714286));
#9463 = DIRECTION('',(0.,0.948683298051,-0.316227766017));
#9464 = DIRECTION('',(0.,-0.316227766017,-0.948683298051));
#9465 = ADVANCED_FACE('',(#9466),#9484,.T.);
#9466 = FACE_BOUND('',#9467,.T.);
#9467 = EDGE_LOOP('',(#9468,#9469,#9470,#9478));
#9468 = ORIENTED_EDGE('',*,*,#1871,.T.);
#9469 = ORIENTED_EDGE('',*,*,#9455,.T.);
#9470 = ORIENTED_EDGE('',*,*,#9471,.T.);
#9471 = EDGE_CURVE('',#9448,#9472,#9474,.T.);
#9472 = VERTEX_POINT('',#9473);
#9473 = CARTESIAN_POINT('',(-8.492895794188,-5.128685714286,
    38.528742857143));
#9474 = LINE('',#9475,#9476);
#9475 = CARTESIAN_POINT('',(-8.492895794188,-5.128685714286,
    38.842414285714));
#9476 = VECTOR('',#9477,1.);
#9477 = DIRECTION('',(0.,0.,-1.));
#9478 = ORIENTED_EDGE('',*,*,#9479,.F.);
#9479 = EDGE_CURVE('',#1864,#9472,#9480,.T.);
#9480 = LINE('',#9481,#9482);
#9481 = CARTESIAN_POINT('',(-9.092895794188,-5.128685714286,
    38.528742857143));
#9482 = VECTOR('',#9483,1.);
#9483 = DIRECTION('',(1.,0.,0.));
#9484 = PLANE('',#9485);
#9485 = AXIS2_PLACEMENT_3D('',#9486,#9487,#9488);
#9486 = CARTESIAN_POINT('',(-9.092895794188,-5.128685714286,
    38.842414285714));
#9487 = DIRECTION('',(-0.,1.,0.));
#9488 = DIRECTION('',(0.,0.,-1.));
#9489 = ADVANCED_FACE('',(#9490),#9508,.T.);
#9490 = FACE_BOUND('',#9491,.T.);
#9491 = EDGE_LOOP('',(#9492,#9493,#9494,#9502));
#9492 = ORIENTED_EDGE('',*,*,#1863,.T.);
#9493 = ORIENTED_EDGE('',*,*,#9479,.T.);
#9494 = ORIENTED_EDGE('',*,*,#9495,.T.);
#9495 = EDGE_CURVE('',#9472,#9496,#9498,.T.);
#9496 = VERTEX_POINT('',#9497);
#9497 = CARTESIAN_POINT('',(-8.492895794188,-5.122928571429,
    38.504785714286));
#9498 = LINE('',#9499,#9500);
#9499 = CARTESIAN_POINT('',(-8.492895794188,-5.128685714286,
    38.528742857143));
#9500 = VECTOR('',#9501,1.);
#9501 = DIRECTION('',(-0.,0.233658016401,-0.972318842444));
#9502 = ORIENTED_EDGE('',*,*,#9503,.F.);
#9503 = EDGE_CURVE('',#1856,#9496,#9504,.T.);
#9504 = LINE('',#9505,#9506);
#9505 = CARTESIAN_POINT('',(-9.092895794188,-5.122928571429,
    38.504785714286));
#9506 = VECTOR('',#9507,1.);
#9507 = DIRECTION('',(1.,0.,0.));
#9508 = PLANE('',#9509);
#9509 = AXIS2_PLACEMENT_3D('',#9510,#9511,#9512);
#9510 = CARTESIAN_POINT('',(-9.092895794188,-5.128685714286,
    38.528742857143));
#9511 = DIRECTION('',(-0.,0.972318842444,0.233658016401));
#9512 = DIRECTION('',(0.,0.233658016401,-0.972318842444));
#9513 = ADVANCED_FACE('',(#9514),#9532,.T.);
#9514 = FACE_BOUND('',#9515,.T.);
#9515 = EDGE_LOOP('',(#9516,#9517,#9518,#9526));
#9516 = ORIENTED_EDGE('',*,*,#1855,.T.);
#9517 = ORIENTED_EDGE('',*,*,#9503,.T.);
#9518 = ORIENTED_EDGE('',*,*,#9519,.T.);
#9519 = EDGE_CURVE('',#9496,#9520,#9522,.T.);
#9520 = VERTEX_POINT('',#9521);
#9521 = CARTESIAN_POINT('',(-8.492895794188,-5.117357142857,
    38.486957142857));
#9522 = LINE('',#9523,#9524);
#9523 = CARTESIAN_POINT('',(-8.492895794188,-5.122928571429,
    38.504785714286));
#9524 = VECTOR('',#9525,1.);
#9525 = DIRECTION('',(-0.,0.298274993136,-0.954479978035));
#9526 = ORIENTED_EDGE('',*,*,#9527,.F.);
#9527 = EDGE_CURVE('',#1848,#9520,#9528,.T.);
#9528 = LINE('',#9529,#9530);
#9529 = CARTESIAN_POINT('',(-9.092895794188,-5.117357142857,
    38.486957142857));
#9530 = VECTOR('',#9531,1.);
#9531 = DIRECTION('',(1.,0.,0.));
#9532 = PLANE('',#9533);
#9533 = AXIS2_PLACEMENT_3D('',#9534,#9535,#9536);
#9534 = CARTESIAN_POINT('',(-9.092895794188,-5.122928571429,
    38.504785714286));
#9535 = DIRECTION('',(-0.,0.954479978035,0.298274993136));
#9536 = DIRECTION('',(0.,0.298274993136,-0.954479978035));
#9537 = ADVANCED_FACE('',(#9538),#9556,.T.);
#9538 = FACE_BOUND('',#9539,.T.);
#9539 = EDGE_LOOP('',(#9540,#9541,#9542,#9550));
#9540 = ORIENTED_EDGE('',*,*,#1847,.T.);
#9541 = ORIENTED_EDGE('',*,*,#9527,.T.);
#9542 = ORIENTED_EDGE('',*,*,#9543,.T.);
#9543 = EDGE_CURVE('',#9520,#9544,#9546,.T.);
#9544 = VERTEX_POINT('',#9545);
#9545 = CARTESIAN_POINT('',(-8.492895794188,-5.105842857143,
    38.468942857143));
#9546 = LINE('',#9547,#9548);
#9547 = CARTESIAN_POINT('',(-8.492895794188,-5.117357142857,
    38.486957142857));
#9548 = VECTOR('',#9549,1.);
#9549 = DIRECTION('',(-0.,0.538560615351,-0.842586769178));
#9550 = ORIENTED_EDGE('',*,*,#9551,.F.);
#9551 = EDGE_CURVE('',#1840,#9544,#9552,.T.);
#9552 = LINE('',#9553,#9554);
#9553 = CARTESIAN_POINT('',(-9.092895794188,-5.105842857143,
    38.468942857143));
#9554 = VECTOR('',#9555,1.);
#9555 = DIRECTION('',(1.,0.,0.));
#9556 = PLANE('',#9557);
#9557 = AXIS2_PLACEMENT_3D('',#9558,#9559,#9560);
#9558 = CARTESIAN_POINT('',(-9.092895794188,-5.117357142857,
    38.486957142857));
#9559 = DIRECTION('',(-0.,0.842586769178,0.538560615351));
#9560 = DIRECTION('',(0.,0.538560615351,-0.842586769178));
#9561 = ADVANCED_FACE('',(#9562),#9580,.T.);
#9562 = FACE_BOUND('',#9563,.T.);
#9563 = EDGE_LOOP('',(#9564,#9565,#9566,#9574));
#9564 = ORIENTED_EDGE('',*,*,#1839,.T.);
#9565 = ORIENTED_EDGE('',*,*,#9551,.T.);
#9566 = ORIENTED_EDGE('',*,*,#9567,.T.);
#9567 = EDGE_CURVE('',#9544,#9568,#9570,.T.);
#9568 = VERTEX_POINT('',#9569);
#9569 = CARTESIAN_POINT('',(-8.492895794188,-5.094514285714,
    38.450928571429));
#9570 = LINE('',#9571,#9572);
#9571 = CARTESIAN_POINT('',(-8.492895794188,-5.105842857143,
    38.468942857143));
#9572 = VECTOR('',#9573,1.);
#9573 = DIRECTION('',(-0.,0.532350261781,-0.846524186767));
#9574 = ORIENTED_EDGE('',*,*,#9575,.F.);
#9575 = EDGE_CURVE('',#1832,#9568,#9576,.T.);
#9576 = LINE('',#9577,#9578);
#9577 = CARTESIAN_POINT('',(-9.092895794188,-5.094514285714,
    38.450928571429));
#9578 = VECTOR('',#9579,1.);
#9579 = DIRECTION('',(1.,0.,0.));
#9580 = PLANE('',#9581);
#9581 = AXIS2_PLACEMENT_3D('',#9582,#9583,#9584);
#9582 = CARTESIAN_POINT('',(-9.092895794188,-5.105842857143,
    38.468942857143));
#9583 = DIRECTION('',(-0.,0.846524186767,0.532350261781));
#9584 = DIRECTION('',(0.,0.532350261781,-0.846524186767));
#9585 = ADVANCED_FACE('',(#9586),#9604,.T.);
#9586 = FACE_BOUND('',#9587,.T.);
#9587 = EDGE_LOOP('',(#9588,#9589,#9590,#9598));
#9588 = ORIENTED_EDGE('',*,*,#1831,.T.);
#9589 = ORIENTED_EDGE('',*,*,#9575,.T.);
#9590 = ORIENTED_EDGE('',*,*,#9591,.T.);
#9591 = EDGE_CURVE('',#9568,#9592,#9594,.T.);
#9592 = VERTEX_POINT('',#9593);
#9593 = CARTESIAN_POINT('',(-8.492895794188,-5.083,38.432914285714));
#9594 = LINE('',#9595,#9596);
#9595 = CARTESIAN_POINT('',(-8.492895794188,-5.094514285714,
    38.450928571429));
#9596 = VECTOR('',#9597,1.);
#9597 = DIRECTION('',(-0.,0.538560615351,-0.842586769178));
#9598 = ORIENTED_EDGE('',*,*,#9599,.F.);
#9599 = EDGE_CURVE('',#1824,#9592,#9600,.T.);
#9600 = LINE('',#9601,#9602);
#9601 = CARTESIAN_POINT('',(-9.092895794188,-5.083,38.432914285714));
#9602 = VECTOR('',#9603,1.);
#9603 = DIRECTION('',(1.,0.,0.));
#9604 = PLANE('',#9605);
#9605 = AXIS2_PLACEMENT_3D('',#9606,#9607,#9608);
#9606 = CARTESIAN_POINT('',(-9.092895794188,-5.094514285714,
    38.450928571429));
#9607 = DIRECTION('',(-0.,0.842586769178,0.538560615351));
#9608 = DIRECTION('',(0.,0.538560615351,-0.842586769178));
#9609 = ADVANCED_FACE('',(#9610),#9628,.T.);
#9610 = FACE_BOUND('',#9611,.T.);
#9611 = EDGE_LOOP('',(#9612,#9613,#9614,#9622));
#9612 = ORIENTED_EDGE('',*,*,#1823,.T.);
#9613 = ORIENTED_EDGE('',*,*,#9599,.T.);
#9614 = ORIENTED_EDGE('',*,*,#9615,.T.);
#9615 = EDGE_CURVE('',#9592,#9616,#9618,.T.);
#9616 = VERTEX_POINT('',#9617);
#9617 = CARTESIAN_POINT('',(-8.492895794188,-5.065914285714,
    38.421028571429));
#9618 = LINE('',#9619,#9620);
#9619 = CARTESIAN_POINT('',(-8.492895794188,-5.083,38.432914285714));
#9620 = VECTOR('',#9621,1.);
#9621 = DIRECTION('',(-0.,0.820905201785,-0.571064488199));
#9622 = ORIENTED_EDGE('',*,*,#9623,.F.);
#9623 = EDGE_CURVE('',#1816,#9616,#9624,.T.);
#9624 = LINE('',#9625,#9626);
#9625 = CARTESIAN_POINT('',(-9.092895794188,-5.065914285714,
    38.421028571429));
#9626 = VECTOR('',#9627,1.);
#9627 = DIRECTION('',(1.,0.,0.));
#9628 = PLANE('',#9629);
#9629 = AXIS2_PLACEMENT_3D('',#9630,#9631,#9632);
#9630 = CARTESIAN_POINT('',(-9.092895794188,-5.083,38.432914285714));
#9631 = DIRECTION('',(-0.,0.571064488199,0.820905201785));
#9632 = DIRECTION('',(0.,0.820905201785,-0.571064488199));
#9633 = ADVANCED_FACE('',(#9634),#9652,.T.);
#9634 = FACE_BOUND('',#9635,.T.);
#9635 = EDGE_LOOP('',(#9636,#9637,#9638,#9646));
#9636 = ORIENTED_EDGE('',*,*,#1815,.T.);
#9637 = ORIENTED_EDGE('',*,*,#9623,.T.);
#9638 = ORIENTED_EDGE('',*,*,#9639,.T.);
#9639 = EDGE_CURVE('',#9616,#9640,#9642,.T.);
#9640 = VERTEX_POINT('',#9641);
#9641 = CARTESIAN_POINT('',(-8.492895794188,-5.048828571429,
    38.408957142857));
#9642 = LINE('',#9643,#9644);
#9643 = CARTESIAN_POINT('',(-8.492895794188,-5.065914285714,
    38.421028571429));
#9644 = VECTOR('',#9645,1.);
#9645 = DIRECTION('',(-0.,0.816721763686,-0.577031680865));
#9646 = ORIENTED_EDGE('',*,*,#9647,.F.);
#9647 = EDGE_CURVE('',#1808,#9640,#9648,.T.);
#9648 = LINE('',#9649,#9650);
#9649 = CARTESIAN_POINT('',(-9.092895794188,-5.048828571429,
    38.408957142857));
#9650 = VECTOR('',#9651,1.);
#9651 = DIRECTION('',(1.,0.,0.));
#9652 = PLANE('',#9653);
#9653 = AXIS2_PLACEMENT_3D('',#9654,#9655,#9656);
#9654 = CARTESIAN_POINT('',(-9.092895794188,-5.065914285714,
    38.421028571429));
#9655 = DIRECTION('',(-0.,0.577031680865,0.816721763686));
#9656 = DIRECTION('',(0.,0.816721763686,-0.577031680865));
#9657 = ADVANCED_FACE('',(#9658),#9676,.T.);
#9658 = FACE_BOUND('',#9659,.T.);
#9659 = EDGE_LOOP('',(#9660,#9661,#9662,#9670));
#9660 = ORIENTED_EDGE('',*,*,#1807,.T.);
#9661 = ORIENTED_EDGE('',*,*,#9647,.T.);
#9662 = ORIENTED_EDGE('',*,*,#9663,.T.);
#9663 = EDGE_CURVE('',#9640,#9664,#9666,.T.);
#9664 = VERTEX_POINT('',#9665);
#9665 = CARTESIAN_POINT('',(-8.492895794188,-5.025985714286,38.4032));
#9666 = LINE('',#9667,#9668);
#9667 = CARTESIAN_POINT('',(-8.492895794188,-5.048828571429,
    38.408957142857));
#9668 = VECTOR('',#9669,1.);
#9669 = DIRECTION('',(-0.,0.969676988372,-0.244390135281));
#9670 = ORIENTED_EDGE('',*,*,#9671,.F.);
#9671 = EDGE_CURVE('',#1800,#9664,#9672,.T.);
#9672 = LINE('',#9673,#9674);
#9673 = CARTESIAN_POINT('',(-9.092895794188,-5.025985714286,38.4032));
#9674 = VECTOR('',#9675,1.);
#9675 = DIRECTION('',(1.,0.,0.));
#9676 = PLANE('',#9677);
#9677 = AXIS2_PLACEMENT_3D('',#9678,#9679,#9680);
#9678 = CARTESIAN_POINT('',(-9.092895794188,-5.048828571429,
    38.408957142857));
#9679 = DIRECTION('',(-0.,0.244390135281,0.969676988372));
#9680 = DIRECTION('',(0.,0.969676988372,-0.244390135281));
#9681 = ADVANCED_FACE('',(#9682),#9707,.T.);
#9682 = FACE_BOUND('',#9683,.T.);
#9683 = EDGE_LOOP('',(#9684,#9685,#9693,#9701));
#9684 = ORIENTED_EDGE('',*,*,#1791,.T.);
#9685 = ORIENTED_EDGE('',*,*,#9686,.T.);
#9686 = EDGE_CURVE('',#1792,#9687,#9689,.T.);
#9687 = VERTEX_POINT('',#9688);
#9688 = CARTESIAN_POINT('',(-8.492895794188,-3.530242857143,38.4032));
#9689 = LINE('',#9690,#9691);
#9690 = CARTESIAN_POINT('',(-9.092895794188,-3.530242857143,38.4032));
#9691 = VECTOR('',#9692,1.);
#9692 = DIRECTION('',(1.,0.,0.));
#9693 = ORIENTED_EDGE('',*,*,#9694,.T.);
#9694 = EDGE_CURVE('',#9687,#9695,#9697,.T.);
#9695 = VERTEX_POINT('',#9696);
#9696 = CARTESIAN_POINT('',(-8.492895794188,-3.506471428571,
    38.414528571429));
#9697 = LINE('',#9698,#9699);
#9698 = CARTESIAN_POINT('',(-8.492895794188,-3.530242857143,38.4032));
#9699 = VECTOR('',#9700,1.);
#9700 = DIRECTION('',(0.,0.902730115416,0.430207320628));
#9701 = ORIENTED_EDGE('',*,*,#9702,.F.);
#9702 = EDGE_CURVE('',#1784,#9695,#9703,.T.);
#9703 = LINE('',#9704,#9705);
#9704 = CARTESIAN_POINT('',(-9.092895794188,-3.506471428571,
    38.414528571429));
#9705 = VECTOR('',#9706,1.);
#9706 = DIRECTION('',(1.,0.,0.));
#9707 = PLANE('',#9708);
#9708 = AXIS2_PLACEMENT_3D('',#9709,#9710,#9711);
#9709 = CARTESIAN_POINT('',(-9.092895794188,-3.530242857143,38.4032));
#9710 = DIRECTION('',(0.,-0.430207320628,0.902730115416));
#9711 = DIRECTION('',(0.,0.902730115416,0.430207320628));
#9712 = ADVANCED_FACE('',(#9713),#9731,.T.);
#9713 = FACE_BOUND('',#9714,.T.);
#9714 = EDGE_LOOP('',(#9715,#9716,#9717,#9725));
#9715 = ORIENTED_EDGE('',*,*,#1783,.T.);
#9716 = ORIENTED_EDGE('',*,*,#9702,.T.);
#9717 = ORIENTED_EDGE('',*,*,#9718,.T.);
#9718 = EDGE_CURVE('',#9695,#9719,#9721,.T.);
#9719 = VERTEX_POINT('',#9720);
#9720 = CARTESIAN_POINT('',(-8.492895794188,-3.488457142857,
    38.420285714286));
#9721 = LINE('',#9722,#9723);
#9722 = CARTESIAN_POINT('',(-8.492895794188,-3.506471428571,
    38.414528571429));
#9723 = VECTOR('',#9724,1.);
#9724 = DIRECTION('',(0.,0.952538100641,0.304419392988));
#9725 = ORIENTED_EDGE('',*,*,#9726,.F.);
#9726 = EDGE_CURVE('',#1776,#9719,#9727,.T.);
#9727 = LINE('',#9728,#9729);
#9728 = CARTESIAN_POINT('',(-9.092895794188,-3.488457142857,
    38.420285714286));
#9729 = VECTOR('',#9730,1.);
#9730 = DIRECTION('',(1.,0.,0.));
#9731 = PLANE('',#9732);
#9732 = AXIS2_PLACEMENT_3D('',#9733,#9734,#9735);
#9733 = CARTESIAN_POINT('',(-9.092895794188,-3.506471428571,
    38.414528571429));
#9734 = DIRECTION('',(0.,-0.304419392988,0.952538100641));
#9735 = DIRECTION('',(0.,0.952538100641,0.304419392988));
#9736 = ADVANCED_FACE('',(#9737),#9755,.T.);
#9737 = FACE_BOUND('',#9738,.T.);
#9738 = EDGE_LOOP('',(#9739,#9740,#9741,#9749));
#9739 = ORIENTED_EDGE('',*,*,#1775,.T.);
#9740 = ORIENTED_EDGE('',*,*,#9726,.T.);
#9741 = ORIENTED_EDGE('',*,*,#9742,.T.);
#9742 = EDGE_CURVE('',#9719,#9743,#9745,.T.);
#9743 = VERTEX_POINT('',#9744);
#9744 = CARTESIAN_POINT('',(-8.492895794188,-3.470628571429,38.4318));
#9745 = LINE('',#9746,#9747);
#9746 = CARTESIAN_POINT('',(-8.492895794188,-3.488457142857,
    38.420285714286));
#9747 = VECTOR('',#9748,1.);
#9748 = DIRECTION('',(0.,0.840039377769,0.542525431476));
#9749 = ORIENTED_EDGE('',*,*,#9750,.F.);
#9750 = EDGE_CURVE('',#1768,#9743,#9751,.T.);
#9751 = LINE('',#9752,#9753);
#9752 = CARTESIAN_POINT('',(-9.092895794188,-3.470628571429,38.4318));
#9753 = VECTOR('',#9754,1.);
#9754 = DIRECTION('',(1.,0.,0.));
#9755 = PLANE('',#9756);
#9756 = AXIS2_PLACEMENT_3D('',#9757,#9758,#9759);
#9757 = CARTESIAN_POINT('',(-9.092895794188,-3.488457142857,
    38.420285714286));
#9758 = DIRECTION('',(0.,-0.542525431476,0.840039377769));
#9759 = DIRECTION('',(0.,0.840039377769,0.542525431476));
#9760 = ADVANCED_FACE('',(#9761),#9779,.T.);
#9761 = FACE_BOUND('',#9762,.T.);
#9762 = EDGE_LOOP('',(#9763,#9764,#9765,#9773));
#9763 = ORIENTED_EDGE('',*,*,#1767,.T.);
#9764 = ORIENTED_EDGE('',*,*,#9750,.T.);
#9765 = ORIENTED_EDGE('',*,*,#9766,.T.);
#9766 = EDGE_CURVE('',#9743,#9767,#9769,.T.);
#9767 = VERTEX_POINT('',#9768);
#9768 = CARTESIAN_POINT('',(-8.492895794188,-3.4528,38.448885714286));
#9769 = LINE('',#9770,#9771);
#9770 = CARTESIAN_POINT('',(-8.492895794188,-3.470628571429,38.4318));
#9771 = VECTOR('',#9772,1.);
#9772 = DIRECTION('',(0.,0.721988205115,0.691905363236));
#9773 = ORIENTED_EDGE('',*,*,#9774,.F.);
#9774 = EDGE_CURVE('',#1760,#9767,#9775,.T.);
#9775 = LINE('',#9776,#9777);
#9776 = CARTESIAN_POINT('',(-9.092895794188,-3.4528,38.448885714286));
#9777 = VECTOR('',#9778,1.);
#9778 = DIRECTION('',(1.,0.,0.));
#9779 = PLANE('',#9780);
#9780 = AXIS2_PLACEMENT_3D('',#9781,#9782,#9783);
#9781 = CARTESIAN_POINT('',(-9.092895794188,-3.470628571429,38.4318));
#9782 = DIRECTION('',(0.,-0.691905363236,0.721988205115));
#9783 = DIRECTION('',(0.,0.721988205115,0.691905363236));
#9784 = ADVANCED_FACE('',(#9785),#9810,.T.);
#9785 = FACE_BOUND('',#9786,.T.);
#9786 = EDGE_LOOP('',(#9787,#9788,#9796,#9804));
#9787 = ORIENTED_EDGE('',*,*,#1751,.T.);
#9788 = ORIENTED_EDGE('',*,*,#9789,.T.);
#9789 = EDGE_CURVE('',#1752,#9790,#9792,.T.);
#9790 = VERTEX_POINT('',#9791);
#9791 = CARTESIAN_POINT('',(-8.492895794188,-3.429028571429,
    38.483057142857));
#9792 = LINE('',#9793,#9794);
#9793 = CARTESIAN_POINT('',(-9.092895794188,-3.429028571429,
    38.483057142857));
#9794 = VECTOR('',#9795,1.);
#9795 = DIRECTION('',(1.,0.,0.));
#9796 = ORIENTED_EDGE('',*,*,#9797,.T.);
#9797 = EDGE_CURVE('',#9790,#9798,#9800,.T.);
#9798 = VERTEX_POINT('',#9799);
#9799 = CARTESIAN_POINT('',(-8.492895794188,-3.417142857143,38.5059));
#9800 = LINE('',#9801,#9802);
#9801 = CARTESIAN_POINT('',(-8.492895794188,-3.429028571429,
    38.483057142857));
#9802 = VECTOR('',#9803,1.);
#9803 = DIRECTION('',(0.,0.461579805424,0.887098688549));
#9804 = ORIENTED_EDGE('',*,*,#9805,.F.);
#9805 = EDGE_CURVE('',#1744,#9798,#9806,.T.);
#9806 = LINE('',#9807,#9808);
#9807 = CARTESIAN_POINT('',(-9.092895794188,-3.417142857143,38.5059));
#9808 = VECTOR('',#9809,1.);
#9809 = DIRECTION('',(1.,0.,0.));
#9810 = PLANE('',#9811);
#9811 = AXIS2_PLACEMENT_3D('',#9812,#9813,#9814);
#9812 = CARTESIAN_POINT('',(-9.092895794188,-3.429028571429,
    38.483057142857));
#9813 = DIRECTION('',(0.,-0.887098688549,0.461579805424));
#9814 = DIRECTION('',(0.,0.461579805424,0.887098688549));
#9815 = ADVANCED_FACE('',(#9816),#9841,.T.);
#9816 = FACE_BOUND('',#9817,.T.);
#9817 = EDGE_LOOP('',(#9818,#9819,#9827,#9835));
#9818 = ORIENTED_EDGE('',*,*,#1735,.T.);
#9819 = ORIENTED_EDGE('',*,*,#9820,.T.);
#9820 = EDGE_CURVE('',#1736,#9821,#9823,.T.);
#9821 = VERTEX_POINT('',#9822);
#9822 = CARTESIAN_POINT('',(-8.492895794188,-3.417142857143,
    38.842414285714));
#9823 = LINE('',#9824,#9825);
#9824 = CARTESIAN_POINT('',(-9.092895794188,-3.417142857143,
    38.842414285714));
#9825 = VECTOR('',#9826,1.);
#9826 = DIRECTION('',(1.,0.,0.));
#9827 = ORIENTED_EDGE('',*,*,#9828,.T.);
#9828 = EDGE_CURVE('',#9821,#9829,#9831,.T.);
#9829 = VERTEX_POINT('',#9830);
#9830 = CARTESIAN_POINT('',(-8.492895794188,-3.4229,38.871014285714));
#9831 = LINE('',#9832,#9833);
#9832 = CARTESIAN_POINT('',(-8.492895794188,-3.417142857143,
    38.842414285714));
#9833 = VECTOR('',#9834,1.);
#9834 = DIRECTION('',(0.,-0.197340176951,0.980335072596));
#9835 = ORIENTED_EDGE('',*,*,#9836,.F.);
#9836 = EDGE_CURVE('',#1728,#9829,#9837,.T.);
#9837 = LINE('',#9838,#9839);
#9838 = CARTESIAN_POINT('',(-9.092895794188,-3.4229,38.871014285714));
#9839 = VECTOR('',#9840,1.);
#9840 = DIRECTION('',(1.,0.,0.));
#9841 = PLANE('',#9842);
#9842 = AXIS2_PLACEMENT_3D('',#9843,#9844,#9845);
#9843 = CARTESIAN_POINT('',(-9.092895794188,-3.417142857143,
    38.842414285714));
#9844 = DIRECTION('',(0.,-0.980335072596,-0.197340176951));
#9845 = DIRECTION('',(0.,-0.197340176951,0.980335072596));
#9846 = ADVANCED_FACE('',(#9847),#9865,.T.);
#9847 = FACE_BOUND('',#9848,.T.);
#9848 = EDGE_LOOP('',(#9849,#9850,#9851,#9859));
#9849 = ORIENTED_EDGE('',*,*,#1727,.T.);
#9850 = ORIENTED_EDGE('',*,*,#9836,.T.);
#9851 = ORIENTED_EDGE('',*,*,#9852,.T.);
#9852 = EDGE_CURVE('',#9829,#9853,#9855,.T.);
#9853 = VERTEX_POINT('',#9854);
#9854 = CARTESIAN_POINT('',(-8.492895794188,-3.434228571429,
    38.899614285714));
#9855 = LINE('',#9856,#9857);
#9856 = CARTESIAN_POINT('',(-8.492895794188,-3.4229,38.871014285714));
#9857 = VECTOR('',#9858,1.);
#9858 = DIRECTION('',(0.,-0.368265914122,0.929720504504));
#9859 = ORIENTED_EDGE('',*,*,#9860,.F.);
#9860 = EDGE_CURVE('',#1720,#9853,#9861,.T.);
#9861 = LINE('',#9862,#9863);
#9862 = CARTESIAN_POINT('',(-9.092895794188,-3.434228571429,
    38.899614285714));
#9863 = VECTOR('',#9864,1.);
#9864 = DIRECTION('',(1.,0.,0.));
#9865 = PLANE('',#9866);
#9866 = AXIS2_PLACEMENT_3D('',#9867,#9868,#9869);
#9867 = CARTESIAN_POINT('',(-9.092895794188,-3.4229,38.871014285714));
#9868 = DIRECTION('',(0.,-0.929720504504,-0.368265914122));
#9869 = DIRECTION('',(0.,-0.368265914122,0.929720504504));
#9870 = ADVANCED_FACE('',(#9871),#9889,.T.);
#9871 = FACE_BOUND('',#9872,.T.);
#9872 = EDGE_LOOP('',(#9873,#9874,#9875,#9883));
#9873 = ORIENTED_EDGE('',*,*,#1719,.T.);
#9874 = ORIENTED_EDGE('',*,*,#9860,.T.);
#9875 = ORIENTED_EDGE('',*,*,#9876,.T.);
#9876 = EDGE_CURVE('',#9853,#9877,#9879,.T.);
#9877 = VERTEX_POINT('',#9878);
#9878 = CARTESIAN_POINT('',(-8.492895794188,-3.451314285714,
    38.922457142857));
#9879 = LINE('',#9880,#9881);
#9880 = CARTESIAN_POINT('',(-8.492895794188,-3.434228571429,
    38.899614285714));
#9881 = VECTOR('',#9882,1.);
#9882 = DIRECTION('',(0.,-0.598957825591,0.80078057117));
#9883 = ORIENTED_EDGE('',*,*,#9884,.F.);
#9884 = EDGE_CURVE('',#1712,#9877,#9885,.T.);
#9885 = LINE('',#9886,#9887);
#9886 = CARTESIAN_POINT('',(-9.092895794188,-3.451314285714,
    38.922457142857));
#9887 = VECTOR('',#9888,1.);
#9888 = DIRECTION('',(1.,0.,0.));
#9889 = PLANE('',#9890);
#9890 = AXIS2_PLACEMENT_3D('',#9891,#9892,#9893);
#9891 = CARTESIAN_POINT('',(-9.092895794188,-3.434228571429,
    38.899614285714));
#9892 = DIRECTION('',(0.,-0.80078057117,-0.598957825591));
#9893 = DIRECTION('',(0.,-0.598957825591,0.80078057117));
#9894 = ADVANCED_FACE('',(#9895),#9913,.T.);
#9895 = FACE_BOUND('',#9896,.T.);
#9896 = EDGE_LOOP('',(#9897,#9898,#9899,#9907));
#9897 = ORIENTED_EDGE('',*,*,#1711,.T.);
#9898 = ORIENTED_EDGE('',*,*,#9884,.T.);
#9899 = ORIENTED_EDGE('',*,*,#9900,.T.);
#9900 = EDGE_CURVE('',#9877,#9901,#9903,.T.);
#9901 = VERTEX_POINT('',#9902);
#9902 = CARTESIAN_POINT('',(-8.492895794188,-3.4684,38.939542857143));
#9903 = LINE('',#9904,#9905);
#9904 = CARTESIAN_POINT('',(-8.492895794188,-3.451314285714,
    38.922457142857));
#9905 = VECTOR('',#9906,1.);
#9906 = DIRECTION('',(0.,-0.707106781187,0.707106781187));
#9907 = ORIENTED_EDGE('',*,*,#9908,.F.);
#9908 = EDGE_CURVE('',#1704,#9901,#9909,.T.);
#9909 = LINE('',#9910,#9911);
#9910 = CARTESIAN_POINT('',(-9.092895794188,-3.4684,38.939542857143));
#9911 = VECTOR('',#9912,1.);
#9912 = DIRECTION('',(1.,0.,0.));
#9913 = PLANE('',#9914);
#9914 = AXIS2_PLACEMENT_3D('',#9915,#9916,#9917);
#9915 = CARTESIAN_POINT('',(-9.092895794188,-3.451314285714,
    38.922457142857));
#9916 = DIRECTION('',(0.,-0.707106781187,-0.707106781187));
#9917 = DIRECTION('',(0.,-0.707106781187,0.707106781187));
#9918 = ADVANCED_FACE('',(#9919),#9937,.T.);
#9919 = FACE_BOUND('',#9920,.T.);
#9920 = EDGE_LOOP('',(#9921,#9922,#9923,#9931));
#9921 = ORIENTED_EDGE('',*,*,#1703,.T.);
#9922 = ORIENTED_EDGE('',*,*,#9908,.T.);
#9923 = ORIENTED_EDGE('',*,*,#9924,.T.);
#9924 = EDGE_CURVE('',#9901,#9925,#9927,.T.);
#9925 = VERTEX_POINT('',#9926);
#9926 = CARTESIAN_POINT('',(-8.492895794188,-3.485671428571,
    38.950871428571));
#9927 = LINE('',#9928,#9929);
#9928 = CARTESIAN_POINT('',(-8.492895794188,-3.4684,38.939542857143));
#9929 = VECTOR('',#9930,1.);
#9930 = DIRECTION('',(0.,-0.836176771121,0.548460032671));
#9931 = ORIENTED_EDGE('',*,*,#9932,.F.);
#9932 = EDGE_CURVE('',#1696,#9925,#9933,.T.);
#9933 = LINE('',#9934,#9935);
#9934 = CARTESIAN_POINT('',(-9.092895794188,-3.485671428571,
    38.950871428571));
#9935 = VECTOR('',#9936,1.);
#9936 = DIRECTION('',(1.,0.,0.));
#9937 = PLANE('',#9938);
#9938 = AXIS2_PLACEMENT_3D('',#9939,#9940,#9941);
#9939 = CARTESIAN_POINT('',(-9.092895794188,-3.4684,38.939542857143));
#9940 = DIRECTION('',(0.,-0.548460032671,-0.836176771121));
#9941 = DIRECTION('',(0.,-0.836176771121,0.548460032671));
#9942 = ADVANCED_FACE('',(#9943),#9961,.T.);
#9943 = FACE_BOUND('',#9944,.T.);
#9944 = EDGE_LOOP('',(#9945,#9946,#9947,#9955));
#9945 = ORIENTED_EDGE('',*,*,#1695,.T.);
#9946 = ORIENTED_EDGE('',*,*,#9932,.T.);
#9947 = ORIENTED_EDGE('',*,*,#9948,.T.);
#9948 = EDGE_CURVE('',#9925,#9949,#9951,.T.);
#9949 = VERTEX_POINT('',#9950);
#9950 = CARTESIAN_POINT('',(-8.492895794188,-3.502757142857,
    38.962385714286));
#9951 = LINE('',#9952,#9953);
#9952 = CARTESIAN_POINT('',(-8.492895794188,-3.485671428571,
    38.950871428571));
#9953 = VECTOR('',#9954,1.);
#9954 = DIRECTION('',(0.,-0.829266427591,0.558853462072));
#9955 = ORIENTED_EDGE('',*,*,#9956,.F.);
#9956 = EDGE_CURVE('',#1688,#9949,#9957,.T.);
#9957 = LINE('',#9958,#9959);
#9958 = CARTESIAN_POINT('',(-9.092895794188,-3.502757142857,
    38.962385714286));
#9959 = VECTOR('',#9960,1.);
#9960 = DIRECTION('',(1.,0.,0.));
#9961 = PLANE('',#9962);
#9962 = AXIS2_PLACEMENT_3D('',#9963,#9964,#9965);
#9963 = CARTESIAN_POINT('',(-9.092895794188,-3.485671428571,
    38.950871428571));
#9964 = DIRECTION('',(0.,-0.558853462072,-0.829266427591));
#9965 = DIRECTION('',(0.,-0.829266427591,0.558853462072));
#9966 = ADVANCED_FACE('',(#9967),#9985,.T.);
#9967 = FACE_BOUND('',#9968,.T.);
#9968 = EDGE_LOOP('',(#9969,#9970,#9971,#9979));
#9969 = ORIENTED_EDGE('',*,*,#1687,.T.);
#9970 = ORIENTED_EDGE('',*,*,#9956,.T.);
#9971 = ORIENTED_EDGE('',*,*,#9972,.T.);
#9972 = EDGE_CURVE('',#9949,#9973,#9975,.T.);
#9973 = VERTEX_POINT('',#9974);
#9974 = CARTESIAN_POINT('',(-8.492895794188,-3.5256,38.967957142857));
#9975 = LINE('',#9976,#9977);
#9976 = CARTESIAN_POINT('',(-8.492895794188,-3.502757142857,
    38.962385714286));
#9977 = VECTOR('',#9978,1.);
#9978 = DIRECTION('',(0.,-0.971520338783,0.236956180191));
#9979 = ORIENTED_EDGE('',*,*,#9980,.F.);
#9980 = EDGE_CURVE('',#1680,#9973,#9981,.T.);
#9981 = LINE('',#9982,#9983);
#9982 = CARTESIAN_POINT('',(-9.092895794188,-3.5256,38.967957142857));
#9983 = VECTOR('',#9984,1.);
#9984 = DIRECTION('',(1.,0.,0.));
#9985 = PLANE('',#9986);
#9986 = AXIS2_PLACEMENT_3D('',#9987,#9988,#9989);
#9987 = CARTESIAN_POINT('',(-9.092895794188,-3.502757142857,
    38.962385714286));
#9988 = DIRECTION('',(0.,-0.236956180191,-0.971520338783));
#9989 = DIRECTION('',(0.,-0.971520338783,0.236956180191));
#9990 = ADVANCED_FACE('',(#9991),#10009,.T.);
#9991 = FACE_BOUND('',#9992,.T.);
#9992 = EDGE_LOOP('',(#9993,#9994,#9995,#10003));
#9993 = ORIENTED_EDGE('',*,*,#1679,.T.);
#9994 = ORIENTED_EDGE('',*,*,#9980,.T.);
#9995 = ORIENTED_EDGE('',*,*,#9996,.T.);
#9996 = EDGE_CURVE('',#9973,#9997,#9999,.T.);
#9997 = VERTEX_POINT('',#9998);
#9998 = CARTESIAN_POINT('',(-8.492895794188,-3.548442857143,
    38.973714285714));
#9999 = LINE('',#10000,#10001);
#10000 = CARTESIAN_POINT('',(-8.492895794188,-3.5256,38.967957142857));
#10001 = VECTOR('',#10002,1.);
#10002 = DIRECTION('',(0.,-0.969676988372,0.244390135281));
#10003 = ORIENTED_EDGE('',*,*,#10004,.F.);
#10004 = EDGE_CURVE('',#1672,#9997,#10005,.T.);
#10005 = LINE('',#10006,#10007);
#10006 = CARTESIAN_POINT('',(-9.092895794188,-3.548442857143,
    38.973714285714));
#10007 = VECTOR('',#10008,1.);
#10008 = DIRECTION('',(1.,0.,0.));
#10009 = PLANE('',#10010);
#10010 = AXIS2_PLACEMENT_3D('',#10011,#10012,#10013);
#10011 = CARTESIAN_POINT('',(-9.092895794188,-3.5256,38.967957142857));
#10012 = DIRECTION('',(0.,-0.244390135281,-0.969676988372));
#10013 = DIRECTION('',(0.,-0.969676988372,0.244390135281));
#10014 = ADVANCED_FACE('',(#10015),#10033,.T.);
#10015 = FACE_BOUND('',#10016,.T.);
#10016 = EDGE_LOOP('',(#10017,#10018,#10019,#10027));
#10017 = ORIENTED_EDGE('',*,*,#1671,.T.);
#10018 = ORIENTED_EDGE('',*,*,#10004,.T.);
#10019 = ORIENTED_EDGE('',*,*,#10020,.T.);
#10020 = EDGE_CURVE('',#9997,#10021,#10023,.T.);
#10021 = VERTEX_POINT('',#10022);
#10022 = CARTESIAN_POINT('',(-8.492895794188,-3.987657142857,
    38.973714285714));
#10023 = LINE('',#10024,#10025);
#10024 = CARTESIAN_POINT('',(-8.492895794188,-3.548442857143,
    38.973714285714));
#10025 = VECTOR('',#10026,1.);
#10026 = DIRECTION('',(0.,-1.,0.));
#10027 = ORIENTED_EDGE('',*,*,#10028,.F.);
#10028 = EDGE_CURVE('',#1664,#10021,#10029,.T.);
#10029 = LINE('',#10030,#10031);
#10030 = CARTESIAN_POINT('',(-9.092895794188,-3.987657142857,
    38.973714285714));
#10031 = VECTOR('',#10032,1.);
#10032 = DIRECTION('',(1.,0.,0.));
#10033 = PLANE('',#10034);
#10034 = AXIS2_PLACEMENT_3D('',#10035,#10036,#10037);
#10035 = CARTESIAN_POINT('',(-9.092895794188,-3.548442857143,
    38.973714285714));
#10036 = DIRECTION('',(0.,0.,-1.));
#10037 = DIRECTION('',(0.,-1.,0.));
#10038 = ADVANCED_FACE('',(#10039),#10057,.T.);
#10039 = FACE_BOUND('',#10040,.T.);
#10040 = EDGE_LOOP('',(#10041,#10042,#10043,#10051));
#10041 = ORIENTED_EDGE('',*,*,#1663,.T.);
#10042 = ORIENTED_EDGE('',*,*,#10028,.T.);
#10043 = ORIENTED_EDGE('',*,*,#10044,.T.);
#10044 = EDGE_CURVE('',#10021,#10045,#10047,.T.);
#10045 = VERTEX_POINT('',#10046);
#10046 = CARTESIAN_POINT('',(-8.492895794188,-3.987657142857,
    41.826285714286));
#10047 = LINE('',#10048,#10049);
#10048 = CARTESIAN_POINT('',(-8.492895794188,-3.987657142857,
    38.973714285714));
#10049 = VECTOR('',#10050,1.);
#10050 = DIRECTION('',(0.,0.,1.));
#10051 = ORIENTED_EDGE('',*,*,#10052,.F.);
#10052 = EDGE_CURVE('',#1656,#10045,#10053,.T.);
#10053 = LINE('',#10054,#10055);
#10054 = CARTESIAN_POINT('',(-9.092895794188,-3.987657142857,
    41.826285714286));
#10055 = VECTOR('',#10056,1.);
#10056 = DIRECTION('',(1.,0.,0.));
#10057 = PLANE('',#10058);
#10058 = AXIS2_PLACEMENT_3D('',#10059,#10060,#10061);
#10059 = CARTESIAN_POINT('',(-9.092895794188,-3.987657142857,
    38.973714285714));
#10060 = DIRECTION('',(0.,-1.,0.));
#10061 = DIRECTION('',(0.,0.,1.));
#10062 = ADVANCED_FACE('',(#10063),#10074,.T.);
#10063 = FACE_BOUND('',#10064,.T.);
#10064 = EDGE_LOOP('',(#10065,#10066,#10067,#10073));
#10065 = ORIENTED_EDGE('',*,*,#1655,.T.);
#10066 = ORIENTED_EDGE('',*,*,#10052,.T.);
#10067 = ORIENTED_EDGE('',*,*,#10068,.T.);
#10068 = EDGE_CURVE('',#10045,#8178,#10069,.T.);
#10069 = LINE('',#10070,#10071);
#10070 = CARTESIAN_POINT('',(-8.492895794188,-3.987657142857,
    41.826285714286));
#10071 = VECTOR('',#10072,1.);
#10072 = DIRECTION('',(0.,1.,0.));
#10073 = ORIENTED_EDGE('',*,*,#8177,.F.);
#10074 = PLANE('',#10075);
#10075 = AXIS2_PLACEMENT_3D('',#10076,#10077,#10078);
#10076 = CARTESIAN_POINT('',(-9.092895794188,-3.987657142857,
    41.826285714286));
#10077 = DIRECTION('',(0.,0.,1.));
#10078 = DIRECTION('',(0.,1.,0.));
#10079 = ADVANCED_FACE('',(#10080),#10105,.T.);
#10080 = FACE_BOUND('',#10081,.T.);
#10081 = EDGE_LOOP('',(#10082,#10083,#10091,#10099));
#10082 = ORIENTED_EDGE('',*,*,#3089,.T.);
#10083 = ORIENTED_EDGE('',*,*,#10084,.T.);
#10084 = EDGE_CURVE('',#2312,#10085,#10087,.T.);
#10085 = VERTEX_POINT('',#10086);
#10086 = CARTESIAN_POINT('',(-8.492895794188,-6.223657142857,
    40.114742857143));
#10087 = LINE('',#10088,#10089);
#10088 = CARTESIAN_POINT('',(-9.092895794188,-6.223657142857,
    40.114742857143));
#10089 = VECTOR('',#10090,1.);
#10090 = DIRECTION('',(1.,0.,0.));
#10091 = ORIENTED_EDGE('',*,*,#10092,.T.);
#10092 = EDGE_CURVE('',#10085,#10093,#10095,.T.);
#10093 = VERTEX_POINT('',#10094);
#10094 = CARTESIAN_POINT('',(-8.492895794188,-6.183357142857,40.1205));
#10095 = LINE('',#10096,#10097);
#10096 = CARTESIAN_POINT('',(-8.492895794188,-6.223657142857,
    40.114742857143));
#10097 = VECTOR('',#10098,1.);
#10098 = DIRECTION('',(0.,0.989949493661,0.141421356237));
#10099 = ORIENTED_EDGE('',*,*,#10100,.F.);
#10100 = EDGE_CURVE('',#3082,#10093,#10101,.T.);
#10101 = LINE('',#10102,#10103);
#10102 = CARTESIAN_POINT('',(-9.092895794188,-6.183357142857,40.1205));
#10103 = VECTOR('',#10104,1.);
#10104 = DIRECTION('',(1.,0.,0.));
#10105 = PLANE('',#10106);
#10106 = AXIS2_PLACEMENT_3D('',#10107,#10108,#10109);
#10107 = CARTESIAN_POINT('',(-9.092895794188,-6.223657142857,
    40.114742857143));
#10108 = DIRECTION('',(0.,-0.141421356237,0.989949493661));
#10109 = DIRECTION('',(0.,0.989949493661,0.141421356237));
#10110 = ADVANCED_FACE('',(#10111),#10129,.T.);
#10111 = FACE_BOUND('',#10112,.T.);
#10112 = EDGE_LOOP('',(#10113,#10114,#10115,#10123));
#10113 = ORIENTED_EDGE('',*,*,#3081,.T.);
#10114 = ORIENTED_EDGE('',*,*,#10100,.T.);
#10115 = ORIENTED_EDGE('',*,*,#10116,.T.);
#10116 = EDGE_CURVE('',#10093,#10117,#10119,.T.);
#10117 = VERTEX_POINT('',#10118);
#10118 = CARTESIAN_POINT('',(-8.492895794188,-6.148814285714,
    40.126071428571));
#10119 = LINE('',#10120,#10121);
#10120 = CARTESIAN_POINT('',(-8.492895794188,-6.183357142857,40.1205));
#10121 = VECTOR('',#10122,1.);
#10122 = DIRECTION('',(0.,0.987241120713,0.159232438825));
#10123 = ORIENTED_EDGE('',*,*,#10124,.F.);
#10124 = EDGE_CURVE('',#3074,#10117,#10125,.T.);
#10125 = LINE('',#10126,#10127);
#10126 = CARTESIAN_POINT('',(-9.092895794188,-6.148814285714,
    40.126071428571));
#10127 = VECTOR('',#10128,1.);
#10128 = DIRECTION('',(1.,0.,0.));
#10129 = PLANE('',#10130);
#10130 = AXIS2_PLACEMENT_3D('',#10131,#10132,#10133);
#10131 = CARTESIAN_POINT('',(-9.092895794188,-6.183357142857,40.1205));
#10132 = DIRECTION('',(0.,-0.159232438825,0.987241120713));
#10133 = DIRECTION('',(0.,0.987241120713,0.159232438825));
#10134 = ADVANCED_FACE('',(#10135),#10153,.T.);
#10135 = FACE_BOUND('',#10136,.T.);
#10136 = EDGE_LOOP('',(#10137,#10138,#10139,#10147));
#10137 = ORIENTED_EDGE('',*,*,#3073,.T.);
#10138 = ORIENTED_EDGE('',*,*,#10124,.T.);
#10139 = ORIENTED_EDGE('',*,*,#10140,.T.);
#10140 = EDGE_CURVE('',#10117,#10141,#10143,.T.);
#10141 = VERTEX_POINT('',#10142);
#10142 = CARTESIAN_POINT('',(-8.492895794188,-6.108514285714,
    40.137585714286));
#10143 = LINE('',#10144,#10145);
#10144 = CARTESIAN_POINT('',(-8.492895794188,-6.148814285714,
    40.126071428571));
#10145 = VECTOR('',#10146,1.);
#10146 = DIRECTION('',(0.,0.961523947641,0.274721127897));
#10147 = ORIENTED_EDGE('',*,*,#10148,.F.);
#10148 = EDGE_CURVE('',#3066,#10141,#10149,.T.);
#10149 = LINE('',#10150,#10151);
#10150 = CARTESIAN_POINT('',(-9.092895794188,-6.108514285714,
    40.137585714286));
#10151 = VECTOR('',#10152,1.);
#10152 = DIRECTION('',(1.,0.,0.));
#10153 = PLANE('',#10154);
#10154 = AXIS2_PLACEMENT_3D('',#10155,#10156,#10157);
#10155 = CARTESIAN_POINT('',(-9.092895794188,-6.148814285714,
    40.126071428571));
#10156 = DIRECTION('',(0.,-0.274721127897,0.961523947641));
#10157 = DIRECTION('',(0.,0.961523947641,0.274721127897));
#10158 = ADVANCED_FACE('',(#10159),#10177,.T.);
#10159 = FACE_BOUND('',#10160,.T.);
#10160 = EDGE_LOOP('',(#10161,#10162,#10163,#10171));
#10161 = ORIENTED_EDGE('',*,*,#3065,.T.);
#10162 = ORIENTED_EDGE('',*,*,#10148,.T.);
#10163 = ORIENTED_EDGE('',*,*,#10164,.T.);
#10164 = EDGE_CURVE('',#10141,#10165,#10167,.T.);
#10165 = VERTEX_POINT('',#10166);
#10166 = CARTESIAN_POINT('',(-8.492895794188,-6.045,40.160428571429));
#10167 = LINE('',#10168,#10169);
#10168 = CARTESIAN_POINT('',(-8.492895794188,-6.108514285714,
    40.137585714286));
#10169 = VECTOR('',#10170,1.);
#10170 = DIRECTION('',(0.,0.940992591523,0.338427160109));
#10171 = ORIENTED_EDGE('',*,*,#10172,.F.);
#10172 = EDGE_CURVE('',#3058,#10165,#10173,.T.);
#10173 = LINE('',#10174,#10175);
#10174 = CARTESIAN_POINT('',(-9.092895794188,-6.045,40.160428571429));
#10175 = VECTOR('',#10176,1.);
#10176 = DIRECTION('',(1.,0.,0.));
#10177 = PLANE('',#10178);
#10178 = AXIS2_PLACEMENT_3D('',#10179,#10180,#10181);
#10179 = CARTESIAN_POINT('',(-9.092895794188,-6.108514285714,
    40.137585714286));
#10180 = DIRECTION('',(0.,-0.338427160109,0.940992591523));
#10181 = DIRECTION('',(0.,0.940992591523,0.338427160109));
#10182 = ADVANCED_FACE('',(#10183),#10201,.T.);
#10183 = FACE_BOUND('',#10184,.T.);
#10184 = EDGE_LOOP('',(#10185,#10186,#10187,#10195));
#10185 = ORIENTED_EDGE('',*,*,#3057,.T.);
#10186 = ORIENTED_EDGE('',*,*,#10172,.T.);
#10187 = ORIENTED_EDGE('',*,*,#10188,.T.);
#10188 = EDGE_CURVE('',#10165,#10189,#10191,.T.);
#10189 = VERTEX_POINT('',#10190);
#10190 = CARTESIAN_POINT('',(-8.492895794188,-6.010457142857,
    40.177514285714));
#10191 = LINE('',#10192,#10193);
#10192 = CARTESIAN_POINT('',(-8.492895794188,-6.045,40.160428571429));
#10193 = VECTOR('',#10194,1.);
#10194 = DIRECTION('',(0.,0.896346509203,0.443354187348));
#10195 = ORIENTED_EDGE('',*,*,#10196,.F.);
#10196 = EDGE_CURVE('',#3050,#10189,#10197,.T.);
#10197 = LINE('',#10198,#10199);
#10198 = CARTESIAN_POINT('',(-9.092895794188,-6.010457142857,
    40.177514285714));
#10199 = VECTOR('',#10200,1.);
#10200 = DIRECTION('',(1.,0.,0.));
#10201 = PLANE('',#10202);
#10202 = AXIS2_PLACEMENT_3D('',#10203,#10204,#10205);
#10203 = CARTESIAN_POINT('',(-9.092895794188,-6.045,40.160428571429));
#10204 = DIRECTION('',(0.,-0.443354187348,0.896346509203));
#10205 = DIRECTION('',(0.,0.896346509203,0.443354187348));
#10206 = ADVANCED_FACE('',(#10207),#10225,.T.);
#10207 = FACE_BOUND('',#10208,.T.);
#10208 = EDGE_LOOP('',(#10209,#10210,#10211,#10219));
#10209 = ORIENTED_EDGE('',*,*,#3049,.T.);
#10210 = ORIENTED_EDGE('',*,*,#10196,.T.);
#10211 = ORIENTED_EDGE('',*,*,#10212,.T.);
#10212 = EDGE_CURVE('',#10189,#10213,#10215,.T.);
#10213 = VERTEX_POINT('',#10214);
#10214 = CARTESIAN_POINT('',(-8.492895794188,-5.981671428571,40.1946));
#10215 = LINE('',#10216,#10217);
#10216 = CARTESIAN_POINT('',(-8.492895794188,-6.010457142857,
    40.177514285714));
#10217 = VECTOR('',#10218,1.);
#10218 = DIRECTION('',(0.,0.859930843223,0.51041056501));
#10219 = ORIENTED_EDGE('',*,*,#10220,.F.);
#10220 = EDGE_CURVE('',#3042,#10213,#10221,.T.);
#10221 = LINE('',#10222,#10223);
#10222 = CARTESIAN_POINT('',(-9.092895794188,-5.981671428571,40.1946));
#10223 = VECTOR('',#10224,1.);
#10224 = DIRECTION('',(1.,0.,0.));
#10225 = PLANE('',#10226);
#10226 = AXIS2_PLACEMENT_3D('',#10227,#10228,#10229);
#10227 = CARTESIAN_POINT('',(-9.092895794188,-6.010457142857,
    40.177514285714));
#10228 = DIRECTION('',(0.,-0.51041056501,0.859930843223));
#10229 = DIRECTION('',(0.,0.859930843223,0.51041056501));
#10230 = ADVANCED_FACE('',(#10231),#10249,.T.);
#10231 = FACE_BOUND('',#10232,.T.);
#10232 = EDGE_LOOP('',(#10233,#10234,#10235,#10243));
#10233 = ORIENTED_EDGE('',*,*,#3041,.T.);
#10234 = ORIENTED_EDGE('',*,*,#10220,.T.);
#10235 = ORIENTED_EDGE('',*,*,#10236,.T.);
#10236 = EDGE_CURVE('',#10213,#10237,#10239,.T.);
#10237 = VERTEX_POINT('',#10238);
#10238 = CARTESIAN_POINT('',(-8.492895794188,-5.918157142857,
    40.228771428571));
#10239 = LINE('',#10240,#10241);
#10240 = CARTESIAN_POINT('',(-8.492895794188,-5.981671428571,40.1946));
#10241 = VECTOR('',#10242,1.);
#10242 = DIRECTION('',(0.,0.880636410784,0.473792688843));
#10243 = ORIENTED_EDGE('',*,*,#10244,.F.);
#10244 = EDGE_CURVE('',#3034,#10237,#10245,.T.);
#10245 = LINE('',#10246,#10247);
#10246 = CARTESIAN_POINT('',(-9.092895794188,-5.918157142857,
    40.228771428571));
#10247 = VECTOR('',#10248,1.);
#10248 = DIRECTION('',(1.,0.,0.));
#10249 = PLANE('',#10250);
#10250 = AXIS2_PLACEMENT_3D('',#10251,#10252,#10253);
#10251 = CARTESIAN_POINT('',(-9.092895794188,-5.981671428571,40.1946));
#10252 = DIRECTION('',(0.,-0.473792688843,0.880636410784));
#10253 = DIRECTION('',(0.,0.880636410784,0.473792688843));
#10254 = ADVANCED_FACE('',(#10255),#10273,.T.);
#10255 = FACE_BOUND('',#10256,.T.);
#10256 = EDGE_LOOP('',(#10257,#10258,#10259,#10267));
#10257 = ORIENTED_EDGE('',*,*,#3033,.T.);
#10258 = ORIENTED_EDGE('',*,*,#10244,.T.);
#10259 = ORIENTED_EDGE('',*,*,#10260,.T.);
#10260 = EDGE_CURVE('',#10237,#10261,#10263,.T.);
#10261 = VERTEX_POINT('',#10262);
#10262 = CARTESIAN_POINT('',(-8.492895794188,-5.895128571429,
    40.251614285714));
#10263 = LINE('',#10264,#10265);
#10264 = CARTESIAN_POINT('',(-8.492895794188,-5.918157142857,
    40.228771428571));
#10265 = VECTOR('',#10266,1.);
#10266 = DIRECTION('',(0.,0.709963743185,0.704238229127));
#10267 = ORIENTED_EDGE('',*,*,#10268,.F.);
#10268 = EDGE_CURVE('',#3026,#10261,#10269,.T.);
#10269 = LINE('',#10270,#10271);
#10270 = CARTESIAN_POINT('',(-9.092895794188,-5.895128571429,
    40.251614285714));
#10271 = VECTOR('',#10272,1.);
#10272 = DIRECTION('',(1.,0.,0.));
#10273 = PLANE('',#10274);
#10274 = AXIS2_PLACEMENT_3D('',#10275,#10276,#10277);
#10275 = CARTESIAN_POINT('',(-9.092895794188,-5.918157142857,
    40.228771428571));
#10276 = DIRECTION('',(0.,-0.704238229127,0.709963743185));
#10277 = DIRECTION('',(0.,0.709963743185,0.704238229127));
#10278 = ADVANCED_FACE('',(#10279),#10297,.T.);
#10279 = FACE_BOUND('',#10280,.T.);
#10280 = EDGE_LOOP('',(#10281,#10282,#10283,#10291));
#10281 = ORIENTED_EDGE('',*,*,#3025,.T.);
#10282 = ORIENTED_EDGE('',*,*,#10268,.T.);
#10283 = ORIENTED_EDGE('',*,*,#10284,.T.);
#10284 = EDGE_CURVE('',#10261,#10285,#10287,.T.);
#10285 = VERTEX_POINT('',#10286);
#10286 = CARTESIAN_POINT('',(-8.492895794188,-5.866342857143,
    40.280214285714));
#10287 = LINE('',#10288,#10289);
#10288 = CARTESIAN_POINT('',(-8.492895794188,-5.895128571429,
    40.251614285714));
#10289 = VECTOR('',#10290,1.);
#10290 = DIRECTION('',(0.,0.709391437826,0.704814718872));
#10291 = ORIENTED_EDGE('',*,*,#10292,.F.);
#10292 = EDGE_CURVE('',#3018,#10285,#10293,.T.);
#10293 = LINE('',#10294,#10295);
#10294 = CARTESIAN_POINT('',(-9.092895794188,-5.866342857143,
    40.280214285714));
#10295 = VECTOR('',#10296,1.);
#10296 = DIRECTION('',(1.,0.,0.));
#10297 = PLANE('',#10298);
#10298 = AXIS2_PLACEMENT_3D('',#10299,#10300,#10301);
#10299 = CARTESIAN_POINT('',(-9.092895794188,-5.895128571429,
    40.251614285714));
#10300 = DIRECTION('',(0.,-0.704814718872,0.709391437826));
#10301 = DIRECTION('',(0.,0.709391437826,0.704814718872));
#10302 = ADVANCED_FACE('',(#10303),#10321,.T.);
#10303 = FACE_BOUND('',#10304,.T.);
#10304 = EDGE_LOOP('',(#10305,#10306,#10307,#10315));
#10305 = ORIENTED_EDGE('',*,*,#3017,.T.);
#10306 = ORIENTED_EDGE('',*,*,#10292,.T.);
#10307 = ORIENTED_EDGE('',*,*,#10308,.T.);
#10308 = EDGE_CURVE('',#10285,#10309,#10311,.T.);
#10309 = VERTEX_POINT('',#10310);
#10310 = CARTESIAN_POINT('',(-8.492895794188,-5.820285714286,40.3259));
#10311 = LINE('',#10312,#10313);
#10312 = CARTESIAN_POINT('',(-8.492895794188,-5.866342857143,
    40.280214285714));
#10313 = VECTOR('',#10314,1.);
#10314 = DIRECTION('',(0.,0.709963743185,0.704238229127));
#10315 = ORIENTED_EDGE('',*,*,#10316,.F.);
#10316 = EDGE_CURVE('',#3010,#10309,#10317,.T.);
#10317 = LINE('',#10318,#10319);
#10318 = CARTESIAN_POINT('',(-9.092895794188,-5.820285714286,40.3259));
#10319 = VECTOR('',#10320,1.);
#10320 = DIRECTION('',(1.,0.,0.));
#10321 = PLANE('',#10322);
#10322 = AXIS2_PLACEMENT_3D('',#10323,#10324,#10325);
#10323 = CARTESIAN_POINT('',(-9.092895794188,-5.866342857143,
    40.280214285714));
#10324 = DIRECTION('',(0.,-0.704238229127,0.709963743185));
#10325 = DIRECTION('',(0.,0.709963743185,0.704238229127));
#10326 = ADVANCED_FACE('',(#10327),#10345,.T.);
#10327 = FACE_BOUND('',#10328,.T.);
#10328 = EDGE_LOOP('',(#10329,#10330,#10331,#10339));
#10329 = ORIENTED_EDGE('',*,*,#3009,.T.);
#10330 = ORIENTED_EDGE('',*,*,#10316,.T.);
#10331 = ORIENTED_EDGE('',*,*,#10332,.T.);
#10332 = EDGE_CURVE('',#10309,#10333,#10335,.T.);
#10333 = VERTEX_POINT('',#10334);
#10334 = CARTESIAN_POINT('',(-8.492895794188,-5.797071428571,
    40.360071428571));
#10335 = LINE('',#10336,#10337);
#10336 = CARTESIAN_POINT('',(-8.492895794188,-5.820285714286,40.3259));
#10337 = VECTOR('',#10338,1.);
#10338 = DIRECTION('',(0.,0.561941076348,0.827177264384));
#10339 = ORIENTED_EDGE('',*,*,#10340,.F.);
#10340 = EDGE_CURVE('',#3002,#10333,#10341,.T.);
#10341 = LINE('',#10342,#10343);
#10342 = CARTESIAN_POINT('',(-9.092895794188,-5.797071428571,
    40.360071428571));
#10343 = VECTOR('',#10344,1.);
#10344 = DIRECTION('',(1.,0.,0.));
#10345 = PLANE('',#10346);
#10346 = AXIS2_PLACEMENT_3D('',#10347,#10348,#10349);
#10347 = CARTESIAN_POINT('',(-9.092895794188,-5.820285714286,40.3259));
#10348 = DIRECTION('',(0.,-0.827177264384,0.561941076348));
#10349 = DIRECTION('',(0.,0.561941076348,0.827177264384));
#10350 = ADVANCED_FACE('',(#10351),#10369,.T.);
#10351 = FACE_BOUND('',#10352,.T.);
#10352 = EDGE_LOOP('',(#10353,#10354,#10355,#10363));
#10353 = ORIENTED_EDGE('',*,*,#3001,.T.);
#10354 = ORIENTED_EDGE('',*,*,#10340,.T.);
#10355 = ORIENTED_EDGE('',*,*,#10356,.T.);
#10356 = EDGE_CURVE('',#10333,#10357,#10359,.T.);
#10357 = VERTEX_POINT('',#10358);
#10358 = CARTESIAN_POINT('',(-8.492895794188,-5.7798,40.388671428571));
#10359 = LINE('',#10360,#10361);
#10360 = CARTESIAN_POINT('',(-8.492895794188,-5.797071428571,
    40.360071428571));
#10361 = VECTOR('',#10362,1.);
#10362 = DIRECTION('',(0.,0.51694595675,0.856018035908));
#10363 = ORIENTED_EDGE('',*,*,#10364,.F.);
#10364 = EDGE_CURVE('',#2994,#10357,#10365,.T.);
#10365 = LINE('',#10366,#10367);
#10366 = CARTESIAN_POINT('',(-9.092895794188,-5.7798,40.388671428571));
#10367 = VECTOR('',#10368,1.);
#10368 = DIRECTION('',(1.,0.,0.));
#10369 = PLANE('',#10370);
#10370 = AXIS2_PLACEMENT_3D('',#10371,#10372,#10373);
#10371 = CARTESIAN_POINT('',(-9.092895794188,-5.797071428571,
    40.360071428571));
#10372 = DIRECTION('',(0.,-0.856018035908,0.51694595675));
#10373 = DIRECTION('',(0.,0.51694595675,0.856018035908));
#10374 = ADVANCED_FACE('',(#10375),#10393,.T.);
#10375 = FACE_BOUND('',#10376,.T.);
#10376 = EDGE_LOOP('',(#10377,#10378,#10379,#10387));
#10377 = ORIENTED_EDGE('',*,*,#2993,.T.);
#10378 = ORIENTED_EDGE('',*,*,#10364,.T.);
#10379 = ORIENTED_EDGE('',*,*,#10380,.T.);
#10380 = EDGE_CURVE('',#10357,#10381,#10383,.T.);
#10381 = VERTEX_POINT('',#10382);
#10382 = CARTESIAN_POINT('',(-8.492895794188,-5.745257142857,
    40.451257142857));
#10383 = LINE('',#10384,#10385);
#10384 = CARTESIAN_POINT('',(-8.492895794188,-5.7798,40.388671428571));
#10385 = VECTOR('',#10386,1.);
#10386 = DIRECTION('',(0.,0.483214693258,0.875501890472));
#10387 = ORIENTED_EDGE('',*,*,#10388,.F.);
#10388 = EDGE_CURVE('',#2986,#10381,#10389,.T.);
#10389 = LINE('',#10390,#10391);
#10390 = CARTESIAN_POINT('',(-9.092895794188,-5.745257142857,
    40.451257142857));
#10391 = VECTOR('',#10392,1.);
#10392 = DIRECTION('',(1.,0.,0.));
#10393 = PLANE('',#10394);
#10394 = AXIS2_PLACEMENT_3D('',#10395,#10396,#10397);
#10395 = CARTESIAN_POINT('',(-9.092895794188,-5.7798,40.388671428571));
#10396 = DIRECTION('',(0.,-0.875501890472,0.483214693258));
#10397 = DIRECTION('',(0.,0.483214693258,0.875501890472));
#10398 = ADVANCED_FACE('',(#10399),#10417,.T.);
#10399 = FACE_BOUND('',#10400,.T.);
#10400 = EDGE_LOOP('',(#10401,#10402,#10403,#10411));
#10401 = ORIENTED_EDGE('',*,*,#2985,.T.);
#10402 = ORIENTED_EDGE('',*,*,#10388,.T.);
#10403 = ORIENTED_EDGE('',*,*,#10404,.T.);
#10404 = EDGE_CURVE('',#10381,#10405,#10407,.T.);
#10405 = VERTEX_POINT('',#10406);
#10406 = CARTESIAN_POINT('',(-8.492895794188,-5.733742857143,
    40.479857142857));
#10407 = LINE('',#10408,#10409);
#10408 = CARTESIAN_POINT('',(-8.492895794188,-5.745257142857,
    40.451257142857));
#10409 = VECTOR('',#10410,1.);
#10410 = DIRECTION('',(0.,0.373466870858,0.927643517938));
#10411 = ORIENTED_EDGE('',*,*,#10412,.F.);
#10412 = EDGE_CURVE('',#2978,#10405,#10413,.T.);
#10413 = LINE('',#10414,#10415);
#10414 = CARTESIAN_POINT('',(-9.092895794188,-5.733742857143,
    40.479857142857));
#10415 = VECTOR('',#10416,1.);
#10416 = DIRECTION('',(1.,0.,0.));
#10417 = PLANE('',#10418);
#10418 = AXIS2_PLACEMENT_3D('',#10419,#10420,#10421);
#10419 = CARTESIAN_POINT('',(-9.092895794188,-5.745257142857,
    40.451257142857));
#10420 = DIRECTION('',(0.,-0.927643517938,0.373466870858));
#10421 = DIRECTION('',(0.,0.373466870858,0.927643517938));
#10422 = ADVANCED_FACE('',(#10423),#10441,.T.);
#10423 = FACE_BOUND('',#10424,.T.);
#10424 = EDGE_LOOP('',(#10425,#10426,#10427,#10435));
#10425 = ORIENTED_EDGE('',*,*,#2977,.T.);
#10426 = ORIENTED_EDGE('',*,*,#10412,.T.);
#10427 = ORIENTED_EDGE('',*,*,#10428,.T.);
#10428 = EDGE_CURVE('',#10405,#10429,#10431,.T.);
#10429 = VERTEX_POINT('',#10430);
#10430 = CARTESIAN_POINT('',(-8.492895794188,-5.716471428571,
    40.519785714286));
#10431 = LINE('',#10432,#10433);
#10432 = CARTESIAN_POINT('',(-8.492895794188,-5.733742857143,
    40.479857142857));
#10433 = VECTOR('',#10434,1.);
#10434 = DIRECTION('',(0.,0.397008348188,0.917814998499));
#10435 = ORIENTED_EDGE('',*,*,#10436,.F.);
#10436 = EDGE_CURVE('',#2970,#10429,#10437,.T.);
#10437 = LINE('',#10438,#10439);
#10438 = CARTESIAN_POINT('',(-9.092895794188,-5.716471428571,
    40.519785714286));
#10439 = VECTOR('',#10440,1.);
#10440 = DIRECTION('',(1.,0.,0.));
#10441 = PLANE('',#10442);
#10442 = AXIS2_PLACEMENT_3D('',#10443,#10444,#10445);
#10443 = CARTESIAN_POINT('',(-9.092895794188,-5.733742857143,
    40.479857142857));
#10444 = DIRECTION('',(0.,-0.917814998499,0.397008348188));
#10445 = DIRECTION('',(0.,0.397008348188,0.917814998499));
#10446 = ADVANCED_FACE('',(#10447),#10465,.T.);
#10447 = FACE_BOUND('',#10448,.T.);
#10448 = EDGE_LOOP('',(#10449,#10450,#10451,#10459));
#10449 = ORIENTED_EDGE('',*,*,#2969,.T.);
#10450 = ORIENTED_EDGE('',*,*,#10436,.T.);
#10451 = ORIENTED_EDGE('',*,*,#10452,.T.);
#10452 = EDGE_CURVE('',#10429,#10453,#10455,.T.);
#10453 = VERTEX_POINT('',#10454);
#10454 = CARTESIAN_POINT('',(-8.492895794188,-5.710714285714,
    40.553957142857));
#10455 = LINE('',#10456,#10457);
#10456 = CARTESIAN_POINT('',(-8.492895794188,-5.716471428571,
    40.519785714286));
#10457 = VECTOR('',#10458,1.);
#10458 = DIRECTION('',(0.,0.166136868447,0.98610270304));
#10459 = ORIENTED_EDGE('',*,*,#10460,.F.);
#10460 = EDGE_CURVE('',#2962,#10453,#10461,.T.);
#10461 = LINE('',#10462,#10463);
#10462 = CARTESIAN_POINT('',(-9.092895794188,-5.710714285714,
    40.553957142857));
#10463 = VECTOR('',#10464,1.);
#10464 = DIRECTION('',(1.,0.,0.));
#10465 = PLANE('',#10466);
#10466 = AXIS2_PLACEMENT_3D('',#10467,#10468,#10469);
#10467 = CARTESIAN_POINT('',(-9.092895794188,-5.716471428571,
    40.519785714286));
#10468 = DIRECTION('',(0.,-0.98610270304,0.166136868447));
#10469 = DIRECTION('',(0.,0.166136868447,0.98610270304));
#10470 = ADVANCED_FACE('',(#10471),#10489,.T.);
#10471 = FACE_BOUND('',#10472,.T.);
#10472 = EDGE_LOOP('',(#10473,#10474,#10475,#10483));
#10473 = ORIENTED_EDGE('',*,*,#2961,.T.);
#10474 = ORIENTED_EDGE('',*,*,#10460,.T.);
#10475 = ORIENTED_EDGE('',*,*,#10476,.T.);
#10476 = EDGE_CURVE('',#10453,#10477,#10479,.T.);
#10477 = VERTEX_POINT('',#10478);
#10478 = CARTESIAN_POINT('',(-8.492895794188,-5.6992,40.599642857143));
#10479 = LINE('',#10480,#10481);
#10480 = CARTESIAN_POINT('',(-8.492895794188,-5.710714285714,
    40.553957142857));
#10481 = VECTOR('',#10482,1.);
#10482 = DIRECTION('',(0.,0.244390135281,0.969676988372));
#10483 = ORIENTED_EDGE('',*,*,#10484,.F.);
#10484 = EDGE_CURVE('',#2954,#10477,#10485,.T.);
#10485 = LINE('',#10486,#10487);
#10486 = CARTESIAN_POINT('',(-9.092895794188,-5.6992,40.599642857143));
#10487 = VECTOR('',#10488,1.);
#10488 = DIRECTION('',(1.,0.,0.));
#10489 = PLANE('',#10490);
#10490 = AXIS2_PLACEMENT_3D('',#10491,#10492,#10493);
#10491 = CARTESIAN_POINT('',(-9.092895794188,-5.710714285714,
    40.553957142857));
#10492 = DIRECTION('',(0.,-0.969676988372,0.244390135281));
#10493 = DIRECTION('',(0.,0.244390135281,0.969676988372));
#10494 = ADVANCED_FACE('',(#10495),#10520,.T.);
#10495 = FACE_BOUND('',#10496,.T.);
#10496 = EDGE_LOOP('',(#10497,#10498,#10506,#10514));
#10497 = ORIENTED_EDGE('',*,*,#2945,.T.);
#10498 = ORIENTED_EDGE('',*,*,#10499,.T.);
#10499 = EDGE_CURVE('',#2946,#10500,#10502,.T.);
#10500 = VERTEX_POINT('',#10501);
#10501 = CARTESIAN_POINT('',(-8.492895794188,-5.6992,41.826285714286));
#10502 = LINE('',#10503,#10504);
#10503 = CARTESIAN_POINT('',(-9.092895794188,-5.6992,41.826285714286));
#10504 = VECTOR('',#10505,1.);
#10505 = DIRECTION('',(1.,0.,0.));
#10506 = ORIENTED_EDGE('',*,*,#10507,.T.);
#10507 = EDGE_CURVE('',#10500,#10508,#10510,.T.);
#10508 = VERTEX_POINT('',#10509);
#10509 = CARTESIAN_POINT('',(-8.492895794188,-5.704957142857,
    41.889614285714));
#10510 = LINE('',#10511,#10512);
#10511 = CARTESIAN_POINT('',(-8.492895794188,-5.6992,41.826285714286));
#10512 = VECTOR('',#10513,1.);
#10513 = DIRECTION('',(0.,-9.053574604252E-02,0.995893206468));
#10514 = ORIENTED_EDGE('',*,*,#10515,.F.);
#10515 = EDGE_CURVE('',#2938,#10508,#10516,.T.);
#10516 = LINE('',#10517,#10518);
#10517 = CARTESIAN_POINT('',(-9.092895794188,-5.704957142857,
    41.889614285714));
#10518 = VECTOR('',#10519,1.);
#10519 = DIRECTION('',(1.,0.,0.));
#10520 = PLANE('',#10521);
#10521 = AXIS2_PLACEMENT_3D('',#10522,#10523,#10524);
#10522 = CARTESIAN_POINT('',(-9.092895794188,-5.6992,41.826285714286));
#10523 = DIRECTION('',(0.,-0.995893206468,-9.053574604252E-02));
#10524 = DIRECTION('',(0.,-9.053574604252E-02,0.995893206468));
#10525 = ADVANCED_FACE('',(#10526),#10544,.T.);
#10526 = FACE_BOUND('',#10527,.T.);
#10527 = EDGE_LOOP('',(#10528,#10529,#10530,#10538));
#10528 = ORIENTED_EDGE('',*,*,#2937,.T.);
#10529 = ORIENTED_EDGE('',*,*,#10515,.T.);
#10530 = ORIENTED_EDGE('',*,*,#10531,.T.);
#10531 = EDGE_CURVE('',#10508,#10532,#10534,.T.);
#10532 = VERTEX_POINT('',#10533);
#10533 = CARTESIAN_POINT('',(-8.492895794188,-5.710528571429,
    41.941428571429));
#10534 = LINE('',#10535,#10536);
#10535 = CARTESIAN_POINT('',(-8.492895794188,-5.704957142857,
    41.889614285714));
#10536 = VECTOR('',#10537,1.);
#10537 = DIRECTION('',(0.,-0.106910606117,0.994268636888));
#10538 = ORIENTED_EDGE('',*,*,#10539,.F.);
#10539 = EDGE_CURVE('',#2930,#10532,#10540,.T.);
#10540 = LINE('',#10541,#10542);
#10541 = CARTESIAN_POINT('',(-9.092895794188,-5.710528571429,
    41.941428571429));
#10542 = VECTOR('',#10543,1.);
#10543 = DIRECTION('',(1.,0.,0.));
#10544 = PLANE('',#10545);
#10545 = AXIS2_PLACEMENT_3D('',#10546,#10547,#10548);
#10546 = CARTESIAN_POINT('',(-9.092895794188,-5.704957142857,
    41.889614285714));
#10547 = DIRECTION('',(0.,-0.994268636888,-0.106910606117));
#10548 = DIRECTION('',(0.,-0.106910606117,0.994268636888));
#10549 = ADVANCED_FACE('',(#10550),#10568,.T.);
#10550 = FACE_BOUND('',#10551,.T.);
#10551 = EDGE_LOOP('',(#10552,#10553,#10554,#10562));
#10552 = ORIENTED_EDGE('',*,*,#2929,.T.);
#10553 = ORIENTED_EDGE('',*,*,#10539,.T.);
#10554 = ORIENTED_EDGE('',*,*,#10555,.T.);
#10555 = EDGE_CURVE('',#10532,#10556,#10558,.T.);
#10556 = VERTEX_POINT('',#10557);
#10557 = CARTESIAN_POINT('',(-8.492895794188,-5.716285714286,
    41.976157142857));
#10558 = LINE('',#10559,#10560);
#10559 = CARTESIAN_POINT('',(-8.492895794188,-5.710528571429,
    41.941428571429));
#10560 = VECTOR('',#10561,1.);
#10561 = DIRECTION('',(0.,-0.163543423693,0.986536136473));
#10562 = ORIENTED_EDGE('',*,*,#10563,.F.);
#10563 = EDGE_CURVE('',#2922,#10556,#10564,.T.);
#10564 = LINE('',#10565,#10566);
#10565 = CARTESIAN_POINT('',(-9.092895794188,-5.716285714286,
    41.976157142857));
#10566 = VECTOR('',#10567,1.);
#10567 = DIRECTION('',(1.,0.,0.));
#10568 = PLANE('',#10569);
#10569 = AXIS2_PLACEMENT_3D('',#10570,#10571,#10572);
#10570 = CARTESIAN_POINT('',(-9.092895794188,-5.710528571429,
    41.941428571429));
#10571 = DIRECTION('',(0.,-0.986536136473,-0.163543423693));
#10572 = DIRECTION('',(0.,-0.163543423693,0.986536136473));
#10573 = ADVANCED_FACE('',(#10574),#10592,.T.);
#10574 = FACE_BOUND('',#10575,.T.);
#10575 = EDGE_LOOP('',(#10576,#10577,#10578,#10586));
#10576 = ORIENTED_EDGE('',*,*,#2921,.T.);
#10577 = ORIENTED_EDGE('',*,*,#10563,.T.);
#10578 = ORIENTED_EDGE('',*,*,#10579,.T.);
#10579 = EDGE_CURVE('',#10556,#10580,#10582,.T.);
#10580 = VERTEX_POINT('',#10581);
#10581 = CARTESIAN_POINT('',(-8.492895794188,-5.733371428571,
    42.016457142857));
#10582 = LINE('',#10583,#10584);
#10583 = CARTESIAN_POINT('',(-8.492895794188,-5.716285714286,
    41.976157142857));
#10584 = VECTOR('',#10585,1.);
#10585 = DIRECTION('',(0.,-0.390331920952,0.920674204855));
#10586 = ORIENTED_EDGE('',*,*,#10587,.F.);
#10587 = EDGE_CURVE('',#2914,#10580,#10588,.T.);
#10588 = LINE('',#10589,#10590);
#10589 = CARTESIAN_POINT('',(-9.092895794188,-5.733371428571,
    42.016457142857));
#10590 = VECTOR('',#10591,1.);
#10591 = DIRECTION('',(1.,0.,0.));
#10592 = PLANE('',#10593);
#10593 = AXIS2_PLACEMENT_3D('',#10594,#10595,#10596);
#10594 = CARTESIAN_POINT('',(-9.092895794188,-5.716285714286,
    41.976157142857));
#10595 = DIRECTION('',(0.,-0.920674204855,-0.390331920952));
#10596 = DIRECTION('',(0.,-0.390331920952,0.920674204855));
#10597 = ADVANCED_FACE('',(#10598),#10616,.T.);
#10598 = FACE_BOUND('',#10599,.T.);
#10599 = EDGE_LOOP('',(#10600,#10601,#10602,#10610));
#10600 = ORIENTED_EDGE('',*,*,#2913,.T.);
#10601 = ORIENTED_EDGE('',*,*,#10587,.T.);
#10602 = ORIENTED_EDGE('',*,*,#10603,.T.);
#10603 = EDGE_CURVE('',#10580,#10604,#10606,.T.);
#10604 = VERTEX_POINT('',#10605);
#10605 = CARTESIAN_POINT('',(-8.492895794188,-5.750457142857,
    42.056942857143));
#10606 = LINE('',#10607,#10608);
#10607 = CARTESIAN_POINT('',(-8.492895794188,-5.733371428571,
    42.016457142857));
#10608 = VECTOR('',#10609,1.);
#10609 = DIRECTION('',(0.,-0.388812617902,0.921316855463));
#10610 = ORIENTED_EDGE('',*,*,#10611,.F.);
#10611 = EDGE_CURVE('',#2906,#10604,#10612,.T.);
#10612 = LINE('',#10613,#10614);
#10613 = CARTESIAN_POINT('',(-9.092895794188,-5.750457142857,
    42.056942857143));
#10614 = VECTOR('',#10615,1.);
#10615 = DIRECTION('',(1.,0.,0.));
#10616 = PLANE('',#10617);
#10617 = AXIS2_PLACEMENT_3D('',#10618,#10619,#10620);
#10618 = CARTESIAN_POINT('',(-9.092895794188,-5.733371428571,
    42.016457142857));
#10619 = DIRECTION('',(0.,-0.921316855463,-0.388812617902));
#10620 = DIRECTION('',(0.,-0.388812617902,0.921316855463));
#10621 = ADVANCED_FACE('',(#10622),#10640,.T.);
#10622 = FACE_BOUND('',#10623,.T.);
#10623 = EDGE_LOOP('',(#10624,#10625,#10626,#10634));
#10624 = ORIENTED_EDGE('',*,*,#2905,.T.);
#10625 = ORIENTED_EDGE('',*,*,#10611,.T.);
#10626 = ORIENTED_EDGE('',*,*,#10627,.T.);
#10627 = EDGE_CURVE('',#10604,#10628,#10630,.T.);
#10628 = VERTEX_POINT('',#10629);
#10629 = CARTESIAN_POINT('',(-8.492895794188,-5.761971428571,42.0913));
#10630 = LINE('',#10631,#10632);
#10631 = CARTESIAN_POINT('',(-8.492895794188,-5.750457142857,
    42.056942857143));
#10632 = VECTOR('',#10633,1.);
#10633 = DIRECTION('',(0.,-0.317764922889,0.948169527976));
#10634 = ORIENTED_EDGE('',*,*,#10635,.F.);
#10635 = EDGE_CURVE('',#2898,#10628,#10636,.T.);
#10636 = LINE('',#10637,#10638);
#10637 = CARTESIAN_POINT('',(-9.092895794188,-5.761971428571,42.0913));
#10638 = VECTOR('',#10639,1.);
#10639 = DIRECTION('',(1.,0.,0.));
#10640 = PLANE('',#10641);
#10641 = AXIS2_PLACEMENT_3D('',#10642,#10643,#10644);
#10642 = CARTESIAN_POINT('',(-9.092895794188,-5.750457142857,
    42.056942857143));
#10643 = DIRECTION('',(0.,-0.948169527976,-0.317764922889));
#10644 = DIRECTION('',(0.,-0.317764922889,0.948169527976));
#10645 = ADVANCED_FACE('',(#10646),#10664,.T.);
#10646 = FACE_BOUND('',#10647,.T.);
#10647 = EDGE_LOOP('',(#10648,#10649,#10650,#10658));
#10648 = ORIENTED_EDGE('',*,*,#2897,.T.);
#10649 = ORIENTED_EDGE('',*,*,#10635,.T.);
#10650 = ORIENTED_EDGE('',*,*,#10651,.T.);
#10651 = EDGE_CURVE('',#10628,#10652,#10654,.T.);
#10652 = VERTEX_POINT('',#10653);
#10653 = CARTESIAN_POINT('',(-8.492895794188,-5.784814285714,
    42.125842857143));
#10654 = LINE('',#10655,#10656);
#10655 = CARTESIAN_POINT('',(-8.492895794188,-5.761971428571,42.0913));
#10656 = VECTOR('',#10657,1.);
#10657 = DIRECTION('',(0.,-0.551591691077,0.834114264555));
#10658 = ORIENTED_EDGE('',*,*,#10659,.F.);
#10659 = EDGE_CURVE('',#2890,#10652,#10660,.T.);
#10660 = LINE('',#10661,#10662);
#10661 = CARTESIAN_POINT('',(-9.092895794188,-5.784814285714,
    42.125842857143));
#10662 = VECTOR('',#10663,1.);
#10663 = DIRECTION('',(1.,0.,0.));
#10664 = PLANE('',#10665);
#10665 = AXIS2_PLACEMENT_3D('',#10666,#10667,#10668);
#10666 = CARTESIAN_POINT('',(-9.092895794188,-5.761971428571,42.0913));
#10667 = DIRECTION('',(0.,-0.834114264555,-0.551591691077));
#10668 = DIRECTION('',(0.,-0.551591691077,0.834114264555));
#10669 = ADVANCED_FACE('',(#10670),#10688,.T.);
#10670 = FACE_BOUND('',#10671,.T.);
#10671 = EDGE_LOOP('',(#10672,#10673,#10674,#10682));
#10672 = ORIENTED_EDGE('',*,*,#2889,.T.);
#10673 = ORIENTED_EDGE('',*,*,#10659,.T.);
#10674 = ORIENTED_EDGE('',*,*,#10675,.T.);
#10675 = EDGE_CURVE('',#10652,#10676,#10678,.T.);
#10676 = VERTEX_POINT('',#10677);
#10677 = CARTESIAN_POINT('',(-8.492895794188,-5.8019,42.154814285714));
#10678 = LINE('',#10679,#10680);
#10679 = CARTESIAN_POINT('',(-8.492895794188,-5.784814285714,
    42.125842857143));
#10680 = VECTOR('',#10681,1.);
#10681 = DIRECTION('',(0.,-0.507985019944,0.861365903384));
#10682 = ORIENTED_EDGE('',*,*,#10683,.F.);
#10683 = EDGE_CURVE('',#2882,#10676,#10684,.T.);
#10684 = LINE('',#10685,#10686);
#10685 = CARTESIAN_POINT('',(-9.092895794188,-5.8019,42.154814285714));
#10686 = VECTOR('',#10687,1.);
#10687 = DIRECTION('',(1.,0.,0.));
#10688 = PLANE('',#10689);
#10689 = AXIS2_PLACEMENT_3D('',#10690,#10691,#10692);
#10690 = CARTESIAN_POINT('',(-9.092895794188,-5.784814285714,
    42.125842857143));
#10691 = DIRECTION('',(0.,-0.861365903384,-0.507985019944));
#10692 = DIRECTION('',(0.,-0.507985019944,0.861365903384));
#10693 = ADVANCED_FACE('',(#10694),#10712,.T.);
#10694 = FACE_BOUND('',#10695,.T.);
#10695 = EDGE_LOOP('',(#10696,#10697,#10698,#10706));
#10696 = ORIENTED_EDGE('',*,*,#2881,.T.);
#10697 = ORIENTED_EDGE('',*,*,#10683,.T.);
#10698 = ORIENTED_EDGE('',*,*,#10699,.T.);
#10699 = EDGE_CURVE('',#10676,#10700,#10702,.T.);
#10700 = VERTEX_POINT('',#10701);
#10701 = CARTESIAN_POINT('',(-8.492895794188,-5.824742857143,
    42.189357142857));
#10702 = LINE('',#10703,#10704);
#10703 = CARTESIAN_POINT('',(-8.492895794188,-5.8019,42.154814285714));
#10704 = VECTOR('',#10705,1.);
#10705 = DIRECTION('',(0.,-0.551591691077,0.834114264555));
#10706 = ORIENTED_EDGE('',*,*,#10707,.F.);
#10707 = EDGE_CURVE('',#2874,#10700,#10708,.T.);
#10708 = LINE('',#10709,#10710);
#10709 = CARTESIAN_POINT('',(-9.092895794188,-5.824742857143,
    42.189357142857));
#10710 = VECTOR('',#10711,1.);
#10711 = DIRECTION('',(1.,0.,0.));
#10712 = PLANE('',#10713);
#10713 = AXIS2_PLACEMENT_3D('',#10714,#10715,#10716);
#10714 = CARTESIAN_POINT('',(-9.092895794188,-5.8019,42.154814285714));
#10715 = DIRECTION('',(0.,-0.834114264555,-0.551591691077));
#10716 = DIRECTION('',(0.,-0.551591691077,0.834114264555));
#10717 = ADVANCED_FACE('',(#10718),#10736,.T.);
#10718 = FACE_BOUND('',#10719,.T.);
#10719 = EDGE_LOOP('',(#10720,#10721,#10722,#10730));
#10720 = ORIENTED_EDGE('',*,*,#2873,.T.);
#10721 = ORIENTED_EDGE('',*,*,#10707,.T.);
#10722 = ORIENTED_EDGE('',*,*,#10723,.T.);
#10723 = EDGE_CURVE('',#10700,#10724,#10726,.T.);
#10724 = VERTEX_POINT('',#10725);
#10725 = CARTESIAN_POINT('',(-8.492895794188,-5.847585714286,
    42.212385714286));
#10726 = LINE('',#10727,#10728);
#10727 = CARTESIAN_POINT('',(-8.492895794188,-5.824742857143,
    42.189357142857));
#10728 = VECTOR('',#10729,1.);
#10729 = DIRECTION('',(0.,-0.704238229127,0.709963743185));
#10730 = ORIENTED_EDGE('',*,*,#10731,.F.);
#10731 = EDGE_CURVE('',#2866,#10724,#10732,.T.);
#10732 = LINE('',#10733,#10734);
#10733 = CARTESIAN_POINT('',(-9.092895794188,-5.847585714286,
    42.212385714286));
#10734 = VECTOR('',#10735,1.);
#10735 = DIRECTION('',(1.,0.,0.));
#10736 = PLANE('',#10737);
#10737 = AXIS2_PLACEMENT_3D('',#10738,#10739,#10740);
#10738 = CARTESIAN_POINT('',(-9.092895794188,-5.824742857143,
    42.189357142857));
#10739 = DIRECTION('',(0.,-0.709963743185,-0.704238229127));
#10740 = DIRECTION('',(0.,-0.704238229127,0.709963743185));
#10741 = ADVANCED_FACE('',(#10742),#10760,.T.);
#10742 = FACE_BOUND('',#10743,.T.);
#10743 = EDGE_LOOP('',(#10744,#10745,#10746,#10754));
#10744 = ORIENTED_EDGE('',*,*,#2865,.T.);
#10745 = ORIENTED_EDGE('',*,*,#10731,.T.);
#10746 = ORIENTED_EDGE('',*,*,#10747,.T.);
#10747 = EDGE_CURVE('',#10724,#10748,#10750,.T.);
#10748 = VERTEX_POINT('',#10749);
#10749 = CARTESIAN_POINT('',(-8.492895794188,-5.876,42.241357142857));
#10750 = LINE('',#10751,#10752);
#10751 = CARTESIAN_POINT('',(-8.492895794188,-5.847585714286,
    42.212385714286));
#10752 = VECTOR('',#10753,1.);
#10753 = DIRECTION('',(0.,-0.700208666892,0.713938248596));
#10754 = ORIENTED_EDGE('',*,*,#10755,.F.);
#10755 = EDGE_CURVE('',#2858,#10748,#10756,.T.);
#10756 = LINE('',#10757,#10758);
#10757 = CARTESIAN_POINT('',(-9.092895794188,-5.876,42.241357142857));
#10758 = VECTOR('',#10759,1.);
#10759 = DIRECTION('',(1.,0.,0.));
#10760 = PLANE('',#10761);
#10761 = AXIS2_PLACEMENT_3D('',#10762,#10763,#10764);
#10762 = CARTESIAN_POINT('',(-9.092895794188,-5.847585714286,
    42.212385714286));
#10763 = DIRECTION('',(0.,-0.713938248596,-0.700208666892));
#10764 = DIRECTION('',(0.,-0.700208666892,0.713938248596));
#10765 = ADVANCED_FACE('',(#10766),#10784,.T.);
#10766 = FACE_BOUND('',#10767,.T.);
#10767 = EDGE_LOOP('',(#10768,#10769,#10770,#10778));
#10768 = ORIENTED_EDGE('',*,*,#2857,.T.);
#10769 = ORIENTED_EDGE('',*,*,#10755,.T.);
#10770 = ORIENTED_EDGE('',*,*,#10771,.T.);
#10771 = EDGE_CURVE('',#10748,#10772,#10774,.T.);
#10772 = VERTEX_POINT('',#10773);
#10773 = CARTESIAN_POINT('',(-8.492895794188,-5.898842857143,
    42.264385714286));
#10774 = LINE('',#10775,#10776);
#10775 = CARTESIAN_POINT('',(-8.492895794188,-5.876,42.241357142857));
#10776 = VECTOR('',#10777,1.);
#10777 = DIRECTION('',(0.,-0.704238229127,0.709963743185));
#10778 = ORIENTED_EDGE('',*,*,#10779,.F.);
#10779 = EDGE_CURVE('',#2850,#10772,#10780,.T.);
#10780 = LINE('',#10781,#10782);
#10781 = CARTESIAN_POINT('',(-9.092895794188,-5.898842857143,
    42.264385714286));
#10782 = VECTOR('',#10783,1.);
#10783 = DIRECTION('',(1.,0.,0.));
#10784 = PLANE('',#10785);
#10785 = AXIS2_PLACEMENT_3D('',#10786,#10787,#10788);
#10786 = CARTESIAN_POINT('',(-9.092895794188,-5.876,42.241357142857));
#10787 = DIRECTION('',(0.,-0.709963743185,-0.704238229127));
#10788 = DIRECTION('',(0.,-0.704238229127,0.709963743185));
#10789 = ADVANCED_FACE('',(#10790),#10808,.T.);
#10790 = FACE_BOUND('',#10791,.T.);
#10791 = EDGE_LOOP('',(#10792,#10793,#10794,#10802));
#10792 = ORIENTED_EDGE('',*,*,#2849,.T.);
#10793 = ORIENTED_EDGE('',*,*,#10779,.T.);
#10794 = ORIENTED_EDGE('',*,*,#10795,.T.);
#10795 = EDGE_CURVE('',#10772,#10796,#10798,.T.);
#10796 = VERTEX_POINT('',#10797);
#10797 = CARTESIAN_POINT('',(-8.492895794188,-5.9332,42.292985714286));
#10798 = LINE('',#10799,#10800);
#10799 = CARTESIAN_POINT('',(-8.492895794188,-5.898842857143,
    42.264385714286));
#10800 = VECTOR('',#10801,1.);
#10801 = DIRECTION('',(0.,-0.768561694488,0.639775680817));
#10802 = ORIENTED_EDGE('',*,*,#10803,.F.);
#10803 = EDGE_CURVE('',#2842,#10796,#10804,.T.);
#10804 = LINE('',#10805,#10806);
#10805 = CARTESIAN_POINT('',(-9.092895794188,-5.9332,42.292985714286));
#10806 = VECTOR('',#10807,1.);
#10807 = DIRECTION('',(1.,0.,0.));
#10808 = PLANE('',#10809);
#10809 = AXIS2_PLACEMENT_3D('',#10810,#10811,#10812);
#10810 = CARTESIAN_POINT('',(-9.092895794188,-5.898842857143,
    42.264385714286));
#10811 = DIRECTION('',(0.,-0.639775680817,-0.768561694488));
#10812 = DIRECTION('',(0.,-0.768561694488,0.639775680817));
#10813 = ADVANCED_FACE('',(#10814),#10832,.T.);
#10814 = FACE_BOUND('',#10815,.T.);
#10815 = EDGE_LOOP('',(#10816,#10817,#10818,#10826));
#10816 = ORIENTED_EDGE('',*,*,#2841,.T.);
#10817 = ORIENTED_EDGE('',*,*,#10803,.T.);
#10818 = ORIENTED_EDGE('',*,*,#10819,.T.);
#10819 = EDGE_CURVE('',#10796,#10820,#10822,.T.);
#10820 = VERTEX_POINT('',#10821);
#10821 = CARTESIAN_POINT('',(-8.492895794188,-5.967371428571,42.3162));
#10822 = LINE('',#10823,#10824);
#10823 = CARTESIAN_POINT('',(-8.492895794188,-5.9332,42.292985714286));
#10824 = VECTOR('',#10825,1.);
#10825 = DIRECTION('',(0.,-0.827177264384,0.561941076348));
#10826 = ORIENTED_EDGE('',*,*,#10827,.F.);
#10827 = EDGE_CURVE('',#2834,#10820,#10828,.T.);
#10828 = LINE('',#10829,#10830);
#10829 = CARTESIAN_POINT('',(-9.092895794188,-5.967371428571,42.3162));
#10830 = VECTOR('',#10831,1.);
#10831 = DIRECTION('',(1.,0.,0.));
#10832 = PLANE('',#10833);
#10833 = AXIS2_PLACEMENT_3D('',#10834,#10835,#10836);
#10834 = CARTESIAN_POINT('',(-9.092895794188,-5.9332,42.292985714286));
#10835 = DIRECTION('',(0.,-0.561941076348,-0.827177264384));
#10836 = DIRECTION('',(0.,-0.827177264384,0.561941076348));
#10837 = ADVANCED_FACE('',(#10838),#10863,.T.);
#10838 = FACE_BOUND('',#10839,.T.);
#10839 = EDGE_LOOP('',(#10840,#10841,#10849,#10857));
#10840 = ORIENTED_EDGE('',*,*,#2825,.T.);
#10841 = ORIENTED_EDGE('',*,*,#10842,.T.);
#10842 = EDGE_CURVE('',#2826,#10843,#10845,.T.);
#10843 = VERTEX_POINT('',#10844);
#10844 = CARTESIAN_POINT('',(-8.492895794188,-6.035714285714,
    42.350742857143));
#10845 = LINE('',#10846,#10847);
#10846 = CARTESIAN_POINT('',(-9.092895794188,-6.035714285714,
    42.350742857143));
#10847 = VECTOR('',#10848,1.);
#10848 = DIRECTION('',(1.,0.,0.));
#10849 = ORIENTED_EDGE('',*,*,#10850,.T.);
#10850 = EDGE_CURVE('',#10843,#10851,#10853,.T.);
#10851 = VERTEX_POINT('',#10852);
#10852 = CARTESIAN_POINT('',(-8.492895794188,-6.064314285714,
    42.362257142857));
#10853 = LINE('',#10854,#10855);
#10854 = CARTESIAN_POINT('',(-8.492895794188,-6.035714285714,
    42.350742857143));
#10855 = VECTOR('',#10856,1.);
#10856 = DIRECTION('',(0.,-0.927643517938,0.373466870858));
#10857 = ORIENTED_EDGE('',*,*,#10858,.F.);
#10858 = EDGE_CURVE('',#2818,#10851,#10859,.T.);
#10859 = LINE('',#10860,#10861);
#10860 = CARTESIAN_POINT('',(-9.092895794188,-6.064314285714,
    42.362257142857));
#10861 = VECTOR('',#10862,1.);
#10862 = DIRECTION('',(1.,0.,0.));
#10863 = PLANE('',#10864);
#10864 = AXIS2_PLACEMENT_3D('',#10865,#10866,#10867);
#10865 = CARTESIAN_POINT('',(-9.092895794188,-6.035714285714,
    42.350742857143));
#10866 = DIRECTION('',(0.,-0.373466870858,-0.927643517938));
#10867 = DIRECTION('',(0.,-0.927643517938,0.373466870858));
#10868 = ADVANCED_FACE('',(#10869),#10887,.T.);
#10869 = FACE_BOUND('',#10870,.T.);
#10870 = EDGE_LOOP('',(#10871,#10872,#10873,#10881));
#10871 = ORIENTED_EDGE('',*,*,#2817,.T.);
#10872 = ORIENTED_EDGE('',*,*,#10858,.T.);
#10873 = ORIENTED_EDGE('',*,*,#10874,.T.);
#10874 = EDGE_CURVE('',#10851,#10875,#10877,.T.);
#10875 = VERTEX_POINT('',#10876);
#10876 = CARTESIAN_POINT('',(-8.492895794188,-6.104242857143,
    42.379528571429));
#10877 = LINE('',#10878,#10879);
#10878 = CARTESIAN_POINT('',(-8.492895794188,-6.064314285714,
    42.362257142857));
#10879 = VECTOR('',#10880,1.);
#10880 = DIRECTION('',(0.,-0.917814998499,0.397008348188));
#10881 = ORIENTED_EDGE('',*,*,#10882,.F.);
#10882 = EDGE_CURVE('',#2810,#10875,#10883,.T.);
#10883 = LINE('',#10884,#10885);
#10884 = CARTESIAN_POINT('',(-9.092895794188,-6.104242857143,
    42.379528571429));
#10885 = VECTOR('',#10886,1.);
#10886 = DIRECTION('',(1.,0.,0.));
#10887 = PLANE('',#10888);
#10888 = AXIS2_PLACEMENT_3D('',#10889,#10890,#10891);
#10889 = CARTESIAN_POINT('',(-9.092895794188,-6.064314285714,
    42.362257142857));
#10890 = DIRECTION('',(0.,-0.397008348188,-0.917814998499));
#10891 = DIRECTION('',(0.,-0.917814998499,0.397008348188));
#10892 = ADVANCED_FACE('',(#10893),#10911,.T.);
#10893 = FACE_BOUND('',#10894,.T.);
#10894 = EDGE_LOOP('',(#10895,#10896,#10897,#10905));
#10895 = ORIENTED_EDGE('',*,*,#2809,.T.);
#10896 = ORIENTED_EDGE('',*,*,#10882,.T.);
#10897 = ORIENTED_EDGE('',*,*,#10898,.T.);
#10898 = EDGE_CURVE('',#10875,#10899,#10901,.T.);
#10899 = VERTEX_POINT('',#10900);
#10900 = CARTESIAN_POINT('',(-8.492895794188,-6.138414285714,
    42.385285714286));
#10901 = LINE('',#10902,#10903);
#10902 = CARTESIAN_POINT('',(-8.492895794188,-6.104242857143,
    42.379528571429));
#10903 = VECTOR('',#10904,1.);
#10904 = DIRECTION('',(0.,-0.98610270304,0.166136868447));
#10905 = ORIENTED_EDGE('',*,*,#10906,.F.);
#10906 = EDGE_CURVE('',#2802,#10899,#10907,.T.);
#10907 = LINE('',#10908,#10909);
#10908 = CARTESIAN_POINT('',(-9.092895794188,-6.138414285714,
    42.385285714286));
#10909 = VECTOR('',#10910,1.);
#10910 = DIRECTION('',(1.,0.,0.));
#10911 = PLANE('',#10912);
#10912 = AXIS2_PLACEMENT_3D('',#10913,#10914,#10915);
#10913 = CARTESIAN_POINT('',(-9.092895794188,-6.104242857143,
    42.379528571429));
#10914 = DIRECTION('',(0.,-0.166136868447,-0.98610270304));
#10915 = DIRECTION('',(0.,-0.98610270304,0.166136868447));
#10916 = ADVANCED_FACE('',(#10917),#10935,.T.);
#10917 = FACE_BOUND('',#10918,.T.);
#10918 = EDGE_LOOP('',(#10919,#10920,#10921,#10929));
#10919 = ORIENTED_EDGE('',*,*,#2801,.T.);
#10920 = ORIENTED_EDGE('',*,*,#10906,.T.);
#10921 = ORIENTED_EDGE('',*,*,#10922,.T.);
#10922 = EDGE_CURVE('',#10899,#10923,#10925,.T.);
#10923 = VERTEX_POINT('',#10924);
#10924 = CARTESIAN_POINT('',(-8.492895794188,-6.1841,42.3968));
#10925 = LINE('',#10926,#10927);
#10926 = CARTESIAN_POINT('',(-8.492895794188,-6.138414285714,
    42.385285714286));
#10927 = VECTOR('',#10928,1.);
#10928 = DIRECTION('',(0.,-0.969676988372,0.244390135281));
#10929 = ORIENTED_EDGE('',*,*,#10930,.F.);
#10930 = EDGE_CURVE('',#2794,#10923,#10931,.T.);
#10931 = LINE('',#10932,#10933);
#10932 = CARTESIAN_POINT('',(-9.092895794188,-6.1841,42.3968));
#10933 = VECTOR('',#10934,1.);
#10934 = DIRECTION('',(1.,0.,0.));
#10935 = PLANE('',#10936);
#10936 = AXIS2_PLACEMENT_3D('',#10937,#10938,#10939);
#10937 = CARTESIAN_POINT('',(-9.092895794188,-6.138414285714,
    42.385285714286));
#10938 = DIRECTION('',(0.,-0.244390135281,-0.969676988372));
#10939 = DIRECTION('',(0.,-0.969676988372,0.244390135281));
#10940 = ADVANCED_FACE('',(#10941),#10966,.T.);
#10941 = FACE_BOUND('',#10942,.T.);
#10942 = EDGE_LOOP('',(#10943,#10944,#10952,#10960));
#10943 = ORIENTED_EDGE('',*,*,#2785,.T.);
#10944 = ORIENTED_EDGE('',*,*,#10945,.T.);
#10945 = EDGE_CURVE('',#2786,#10946,#10948,.T.);
#10946 = VERTEX_POINT('',#10947);
#10947 = CARTESIAN_POINT('',(-8.492895794188,-7.125485714286,42.3968));
#10948 = LINE('',#10949,#10950);
#10949 = CARTESIAN_POINT('',(-9.092895794188,-7.125485714286,42.3968));
#10950 = VECTOR('',#10951,1.);
#10951 = DIRECTION('',(1.,0.,0.));
#10952 = ORIENTED_EDGE('',*,*,#10953,.T.);
#10953 = EDGE_CURVE('',#10946,#10954,#10956,.T.);
#10954 = VERTEX_POINT('',#10955);
#10955 = CARTESIAN_POINT('',(-8.492895794188,-7.188257142857,
    42.391042857143));
#10956 = LINE('',#10957,#10958);
#10957 = CARTESIAN_POINT('',(-8.492895794188,-7.125485714286,42.3968));
#10958 = VECTOR('',#10959,1.);
#10959 = DIRECTION('',(0.,-0.995820439719,-9.133264387955E-02));
#10960 = ORIENTED_EDGE('',*,*,#10961,.F.);
#10961 = EDGE_CURVE('',#2778,#10954,#10962,.T.);
#10962 = LINE('',#10963,#10964);
#10963 = CARTESIAN_POINT('',(-9.092895794188,-7.188257142857,
    42.391042857143));
#10964 = VECTOR('',#10965,1.);
#10965 = DIRECTION('',(1.,0.,0.));
#10966 = PLANE('',#10967);
#10967 = AXIS2_PLACEMENT_3D('',#10968,#10969,#10970);
#10968 = CARTESIAN_POINT('',(-9.092895794188,-7.125485714286,42.3968));
#10969 = DIRECTION('',(0.,9.133264387955E-02,-0.995820439719));
#10970 = DIRECTION('',(0.,-0.995820439719,-9.133264387955E-02));
#10971 = ADVANCED_FACE('',(#10972),#10990,.T.);
#10972 = FACE_BOUND('',#10973,.T.);
#10973 = EDGE_LOOP('',(#10974,#10975,#10976,#10984));
#10974 = ORIENTED_EDGE('',*,*,#2777,.T.);
#10975 = ORIENTED_EDGE('',*,*,#10961,.T.);
#10976 = ORIENTED_EDGE('',*,*,#10977,.T.);
#10977 = EDGE_CURVE('',#10954,#10978,#10980,.T.);
#10978 = VERTEX_POINT('',#10979);
#10979 = CARTESIAN_POINT('',(-8.492895794188,-7.239514285714,
    42.385471428571));
#10980 = LINE('',#10981,#10982);
#10981 = CARTESIAN_POINT('',(-8.492895794188,-7.188257142857,
    42.391042857143));
#10982 = VECTOR('',#10983,1.);
#10983 = DIRECTION('',(0.,-0.994144463069,-0.108059180768));
#10984 = ORIENTED_EDGE('',*,*,#10985,.F.);
#10985 = EDGE_CURVE('',#2770,#10978,#10986,.T.);
#10986 = LINE('',#10987,#10988);
#10987 = CARTESIAN_POINT('',(-9.092895794188,-7.239514285714,
    42.385471428571));
#10988 = VECTOR('',#10989,1.);
#10989 = DIRECTION('',(1.,0.,0.));
#10990 = PLANE('',#10991);
#10991 = AXIS2_PLACEMENT_3D('',#10992,#10993,#10994);
#10992 = CARTESIAN_POINT('',(-9.092895794188,-7.188257142857,
    42.391042857143));
#10993 = DIRECTION('',(0.,0.108059180768,-0.994144463069));
#10994 = DIRECTION('',(0.,-0.994144463069,-0.108059180768));
#10995 = ADVANCED_FACE('',(#10996),#11014,.T.);
#10996 = FACE_BOUND('',#10997,.T.);
#10997 = EDGE_LOOP('',(#10998,#10999,#11000,#11008));
#10998 = ORIENTED_EDGE('',*,*,#2769,.T.);
#10999 = ORIENTED_EDGE('',*,*,#10985,.T.);
#11000 = ORIENTED_EDGE('',*,*,#11001,.T.);
#11001 = EDGE_CURVE('',#10978,#11002,#11004,.T.);
#11002 = VERTEX_POINT('',#11003);
#11003 = CARTESIAN_POINT('',(-8.492895794188,-7.302285714286,42.3682));
#11004 = LINE('',#11005,#11006);
#11005 = CARTESIAN_POINT('',(-8.492895794188,-7.239514285714,
    42.385471428571));
#11006 = VECTOR('',#11007,1.);
#11007 = DIRECTION('',(0.,-0.964168918516,-0.26528908113));
#11008 = ORIENTED_EDGE('',*,*,#11009,.F.);
#11009 = EDGE_CURVE('',#2762,#11002,#11010,.T.);
#11010 = LINE('',#11011,#11012);
#11011 = CARTESIAN_POINT('',(-9.092895794188,-7.302285714286,42.3682));
#11012 = VECTOR('',#11013,1.);
#11013 = DIRECTION('',(1.,0.,0.));
#11014 = PLANE('',#11015);
#11015 = AXIS2_PLACEMENT_3D('',#11016,#11017,#11018);
#11016 = CARTESIAN_POINT('',(-9.092895794188,-7.239514285714,
    42.385471428571));
#11017 = DIRECTION('',(0.,0.26528908113,-0.964168918516));
#11018 = DIRECTION('',(0.,-0.964168918516,-0.26528908113));
#11019 = ADVANCED_FACE('',(#11020),#11038,.T.);
#11020 = FACE_BOUND('',#11021,.T.);
#11021 = EDGE_LOOP('',(#11022,#11023,#11024,#11032));
#11022 = ORIENTED_EDGE('',*,*,#2761,.T.);
#11023 = ORIENTED_EDGE('',*,*,#11009,.T.);
#11024 = ORIENTED_EDGE('',*,*,#11025,.T.);
#11025 = EDGE_CURVE('',#11002,#11026,#11028,.T.);
#11026 = VERTEX_POINT('',#11027);
#11027 = CARTESIAN_POINT('',(-8.492895794188,-7.370814285714,
    42.339785714286));
#11028 = LINE('',#11029,#11030);
#11029 = CARTESIAN_POINT('',(-8.492895794188,-7.302285714286,42.3682));
#11030 = VECTOR('',#11031,1.);
#11031 = DIRECTION('',(0.,-0.923742113572,-0.3830150227));
#11032 = ORIENTED_EDGE('',*,*,#11033,.F.);
#11033 = EDGE_CURVE('',#2754,#11026,#11034,.T.);
#11034 = LINE('',#11035,#11036);
#11035 = CARTESIAN_POINT('',(-9.092895794188,-7.370814285714,
    42.339785714286));
#11036 = VECTOR('',#11037,1.);
#11037 = DIRECTION('',(1.,0.,0.));
#11038 = PLANE('',#11039);
#11039 = AXIS2_PLACEMENT_3D('',#11040,#11041,#11042);
#11040 = CARTESIAN_POINT('',(-9.092895794188,-7.302285714286,42.3682));
#11041 = DIRECTION('',(0.,0.3830150227,-0.923742113572));
#11042 = DIRECTION('',(0.,-0.923742113572,-0.3830150227));
#11043 = ADVANCED_FACE('',(#11044),#11062,.T.);
#11044 = FACE_BOUND('',#11045,.T.);
#11045 = EDGE_LOOP('',(#11046,#11047,#11048,#11056));
#11046 = ORIENTED_EDGE('',*,*,#2753,.T.);
#11047 = ORIENTED_EDGE('',*,*,#11033,.T.);
#11048 = ORIENTED_EDGE('',*,*,#11049,.T.);
#11049 = EDGE_CURVE('',#11026,#11050,#11052,.T.);
#11050 = VERTEX_POINT('',#11051);
#11051 = CARTESIAN_POINT('',(-8.492895794188,-7.427828571429,
    42.311185714286));
#11052 = LINE('',#11053,#11054);
#11053 = CARTESIAN_POINT('',(-8.492895794188,-7.370814285714,
    42.339785714286));
#11054 = VECTOR('',#11055,1.);
#11055 = DIRECTION('',(0.,-0.89384412391,-0.448377834144));
#11056 = ORIENTED_EDGE('',*,*,#11057,.F.);
#11057 = EDGE_CURVE('',#2746,#11050,#11058,.T.);
#11058 = LINE('',#11059,#11060);
#11059 = CARTESIAN_POINT('',(-9.092895794188,-7.427828571429,
    42.311185714286));
#11060 = VECTOR('',#11061,1.);
#11061 = DIRECTION('',(1.,0.,0.));
#11062 = PLANE('',#11063);
#11063 = AXIS2_PLACEMENT_3D('',#11064,#11065,#11066);
#11064 = CARTESIAN_POINT('',(-9.092895794188,-7.370814285714,
    42.339785714286));
#11065 = DIRECTION('',(0.,0.448377834144,-0.89384412391));
#11066 = DIRECTION('',(0.,-0.89384412391,-0.448377834144));
#11067 = ADVANCED_FACE('',(#11068),#11086,.T.);
#11068 = FACE_BOUND('',#11069,.T.);
#11069 = EDGE_LOOP('',(#11070,#11071,#11072,#11080));
#11070 = ORIENTED_EDGE('',*,*,#2745,.T.);
#11071 = ORIENTED_EDGE('',*,*,#11057,.T.);
#11072 = ORIENTED_EDGE('',*,*,#11073,.T.);
#11073 = EDGE_CURVE('',#11050,#11074,#11076,.T.);
#11074 = VERTEX_POINT('',#11075);
#11075 = CARTESIAN_POINT('',(-8.492895794188,-7.484842857143,
    42.271257142857));
#11076 = LINE('',#11077,#11078);
#11077 = CARTESIAN_POINT('',(-8.492895794188,-7.427828571429,
    42.311185714286));
#11078 = VECTOR('',#11079,1.);
#11079 = DIRECTION('',(0.,-0.819106553991,-0.573641397746));
#11080 = ORIENTED_EDGE('',*,*,#11081,.F.);
#11081 = EDGE_CURVE('',#2738,#11074,#11082,.T.);
#11082 = LINE('',#11083,#11084);
#11083 = CARTESIAN_POINT('',(-9.092895794188,-7.484842857143,
    42.271257142857));
#11084 = VECTOR('',#11085,1.);
#11085 = DIRECTION('',(1.,0.,0.));
#11086 = PLANE('',#11087);
#11087 = AXIS2_PLACEMENT_3D('',#11088,#11089,#11090);
#11088 = CARTESIAN_POINT('',(-9.092895794188,-7.427828571429,
    42.311185714286));
#11089 = DIRECTION('',(0.,0.573641397746,-0.819106553991));
#11090 = DIRECTION('',(0.,-0.819106553991,-0.573641397746));
#11091 = ADVANCED_FACE('',(#11092),#11110,.T.);
#11092 = FACE_BOUND('',#11093,.T.);
#11093 = EDGE_LOOP('',(#11094,#11095,#11096,#11104));
#11094 = ORIENTED_EDGE('',*,*,#2737,.T.);
#11095 = ORIENTED_EDGE('',*,*,#11081,.T.);
#11096 = ORIENTED_EDGE('',*,*,#11097,.T.);
#11097 = EDGE_CURVE('',#11074,#11098,#11100,.T.);
#11098 = VERTEX_POINT('',#11099);
#11099 = CARTESIAN_POINT('',(-8.492895794188,-7.530528571429,
    42.225571428571));
#11100 = LINE('',#11101,#11102);
#11101 = CARTESIAN_POINT('',(-8.492895794188,-7.484842857143,
    42.271257142857));
#11102 = VECTOR('',#11103,1.);
#11103 = DIRECTION('',(0.,-0.707106781187,-0.707106781187));
#11104 = ORIENTED_EDGE('',*,*,#11105,.F.);
#11105 = EDGE_CURVE('',#2730,#11098,#11106,.T.);
#11106 = LINE('',#11107,#11108);
#11107 = CARTESIAN_POINT('',(-9.092895794188,-7.530528571429,
    42.225571428571));
#11108 = VECTOR('',#11109,1.);
#11109 = DIRECTION('',(1.,0.,0.));
#11110 = PLANE('',#11111);
#11111 = AXIS2_PLACEMENT_3D('',#11112,#11113,#11114);
#11112 = CARTESIAN_POINT('',(-9.092895794188,-7.484842857143,
    42.271257142857));
#11113 = DIRECTION('',(0.,0.707106781187,-0.707106781187));
#11114 = DIRECTION('',(0.,-0.707106781187,-0.707106781187));
#11115 = ADVANCED_FACE('',(#11116),#11134,.T.);
#11116 = FACE_BOUND('',#11117,.T.);
#11117 = EDGE_LOOP('',(#11118,#11119,#11120,#11128));
#11118 = ORIENTED_EDGE('',*,*,#2729,.T.);
#11119 = ORIENTED_EDGE('',*,*,#11105,.T.);
#11120 = ORIENTED_EDGE('',*,*,#11121,.T.);
#11121 = EDGE_CURVE('',#11098,#11122,#11124,.T.);
#11122 = VERTEX_POINT('',#11123);
#11123 = CARTESIAN_POINT('',(-8.492895794188,-7.576214285714,
    42.174314285714));
#11124 = LINE('',#11125,#11126);
#11125 = CARTESIAN_POINT('',(-8.492895794188,-7.530528571429,
    42.225571428571));
#11126 = VECTOR('',#11127,1.);
#11127 = DIRECTION('',(0.,-0.665370524754,-0.746513271676));
#11128 = ORIENTED_EDGE('',*,*,#11129,.F.);
#11129 = EDGE_CURVE('',#2722,#11122,#11130,.T.);
#11130 = LINE('',#11131,#11132);
#11131 = CARTESIAN_POINT('',(-9.092895794188,-7.576214285714,
    42.174314285714));
#11132 = VECTOR('',#11133,1.);
#11133 = DIRECTION('',(1.,0.,0.));
#11134 = PLANE('',#11135);
#11135 = AXIS2_PLACEMENT_3D('',#11136,#11137,#11138);
#11136 = CARTESIAN_POINT('',(-9.092895794188,-7.530528571429,
    42.225571428571));
#11137 = DIRECTION('',(0.,0.746513271676,-0.665370524754));
#11138 = DIRECTION('',(0.,-0.665370524754,-0.746513271676));
#11139 = ADVANCED_FACE('',(#11140),#11158,.T.);
#11140 = FACE_BOUND('',#11141,.T.);
#11141 = EDGE_LOOP('',(#11142,#11143,#11144,#11152));
#11142 = ORIENTED_EDGE('',*,*,#2721,.T.);
#11143 = ORIENTED_EDGE('',*,*,#11129,.T.);
#11144 = ORIENTED_EDGE('',*,*,#11145,.T.);
#11145 = EDGE_CURVE('',#11122,#11146,#11148,.T.);
#11146 = VERTEX_POINT('',#11147);
#11147 = CARTESIAN_POINT('',(-8.492895794188,-7.610385714286,
    42.122871428571));
#11148 = LINE('',#11149,#11150);
#11149 = CARTESIAN_POINT('',(-8.492895794188,-7.576214285714,
    42.174314285714));
#11150 = VECTOR('',#11151,1.);
#11151 = DIRECTION('',(0.,-0.553311519375,-0.832974406886));
#11152 = ORIENTED_EDGE('',*,*,#11153,.F.);
#11153 = EDGE_CURVE('',#2714,#11146,#11154,.T.);
#11154 = LINE('',#11155,#11156);
#11155 = CARTESIAN_POINT('',(-9.092895794188,-7.610385714286,
    42.122871428571));
#11156 = VECTOR('',#11157,1.);
#11157 = DIRECTION('',(1.,0.,0.));
#11158 = PLANE('',#11159);
#11159 = AXIS2_PLACEMENT_3D('',#11160,#11161,#11162);
#11160 = CARTESIAN_POINT('',(-9.092895794188,-7.576214285714,
    42.174314285714));
#11161 = DIRECTION('',(0.,0.832974406886,-0.553311519375));
#11162 = DIRECTION('',(0.,-0.553311519375,-0.832974406886));
#11163 = ADVANCED_FACE('',(#11164),#11182,.T.);
#11164 = FACE_BOUND('',#11165,.T.);
#11165 = EDGE_LOOP('',(#11166,#11167,#11168,#11176));
#11166 = ORIENTED_EDGE('',*,*,#2713,.T.);
#11167 = ORIENTED_EDGE('',*,*,#11153,.T.);
#11168 = ORIENTED_EDGE('',*,*,#11169,.T.);
#11169 = EDGE_CURVE('',#11146,#11170,#11172,.T.);
#11170 = VERTEX_POINT('',#11171);
#11171 = CARTESIAN_POINT('',(-8.492895794188,-7.644742857143,
    42.060471428571));
#11172 = LINE('',#11173,#11174);
#11173 = CARTESIAN_POINT('',(-8.492895794188,-7.610385714286,
    42.122871428571));
#11174 = VECTOR('',#11175,1.);
#11175 = DIRECTION('',(0.,-0.482319026518,-0.875995637351));
#11176 = ORIENTED_EDGE('',*,*,#11177,.F.);
#11177 = EDGE_CURVE('',#2706,#11170,#11178,.T.);
#11178 = LINE('',#11179,#11180);
#11179 = CARTESIAN_POINT('',(-9.092895794188,-7.644742857143,
    42.060471428571));
#11180 = VECTOR('',#11181,1.);
#11181 = DIRECTION('',(1.,0.,0.));
#11182 = PLANE('',#11183);
#11183 = AXIS2_PLACEMENT_3D('',#11184,#11185,#11186);
#11184 = CARTESIAN_POINT('',(-9.092895794188,-7.610385714286,
    42.122871428571));
#11185 = DIRECTION('',(0.,0.875995637351,-0.482319026518));
#11186 = DIRECTION('',(0.,-0.482319026518,-0.875995637351));
#11187 = ADVANCED_FACE('',(#11188),#11206,.T.);
#11188 = FACE_BOUND('',#11189,.T.);
#11189 = EDGE_LOOP('',(#11190,#11191,#11192,#11200));
#11190 = ORIENTED_EDGE('',*,*,#2705,.T.);
#11191 = ORIENTED_EDGE('',*,*,#11177,.T.);
#11192 = ORIENTED_EDGE('',*,*,#11193,.T.);
#11193 = EDGE_CURVE('',#11170,#11194,#11196,.T.);
#11194 = VERTEX_POINT('',#11195);
#11195 = CARTESIAN_POINT('',(-8.492895794188,-7.6674,42.003271428571));
#11196 = LINE('',#11197,#11198);
#11197 = CARTESIAN_POINT('',(-8.492895794188,-7.644742857143,
    42.060471428571));
#11198 = VECTOR('',#11199,1.);
#11199 = DIRECTION('',(0.,-0.368265914122,-0.929720504504));
#11200 = ORIENTED_EDGE('',*,*,#11201,.F.);
#11201 = EDGE_CURVE('',#2698,#11194,#11202,.T.);
#11202 = LINE('',#11203,#11204);
#11203 = CARTESIAN_POINT('',(-9.092895794188,-7.6674,42.003271428571));
#11204 = VECTOR('',#11205,1.);
#11205 = DIRECTION('',(1.,0.,0.));
#11206 = PLANE('',#11207);
#11207 = AXIS2_PLACEMENT_3D('',#11208,#11209,#11210);
#11208 = CARTESIAN_POINT('',(-9.092895794188,-7.644742857143,
    42.060471428571));
#11209 = DIRECTION('',(0.,0.929720504504,-0.368265914122));
#11210 = DIRECTION('',(0.,-0.368265914122,-0.929720504504));
#11211 = ADVANCED_FACE('',(#11212),#11230,.T.);
#11212 = FACE_BOUND('',#11213,.T.);
#11213 = EDGE_LOOP('',(#11214,#11215,#11216,#11224));
#11214 = ORIENTED_EDGE('',*,*,#2697,.T.);
#11215 = ORIENTED_EDGE('',*,*,#11201,.T.);
#11216 = ORIENTED_EDGE('',*,*,#11217,.T.);
#11217 = EDGE_CURVE('',#11194,#11218,#11220,.T.);
#11218 = VERTEX_POINT('',#11219);
#11219 = CARTESIAN_POINT('',(-8.492895794188,-7.684671428571,
    41.946257142857));
#11220 = LINE('',#11221,#11222);
#11221 = CARTESIAN_POINT('',(-8.492895794188,-7.6674,42.003271428571));
#11222 = VECTOR('',#11223,1.);
#11223 = DIRECTION('',(0.,-0.289920871686,-0.957050619435));
#11224 = ORIENTED_EDGE('',*,*,#11225,.F.);
#11225 = EDGE_CURVE('',#2690,#11218,#11226,.T.);
#11226 = LINE('',#11227,#11228);
#11227 = CARTESIAN_POINT('',(-9.092895794188,-7.684671428571,
    41.946257142857));
#11228 = VECTOR('',#11229,1.);
#11229 = DIRECTION('',(1.,0.,0.));
#11230 = PLANE('',#11231);
#11231 = AXIS2_PLACEMENT_3D('',#11232,#11233,#11234);
#11232 = CARTESIAN_POINT('',(-9.092895794188,-7.6674,42.003271428571));
#11233 = DIRECTION('',(0.,0.957050619435,-0.289920871686));
#11234 = DIRECTION('',(0.,-0.289920871686,-0.957050619435));
#11235 = ADVANCED_FACE('',(#11236),#11254,.T.);
#11236 = FACE_BOUND('',#11237,.T.);
#11237 = EDGE_LOOP('',(#11238,#11239,#11240,#11248));
#11238 = ORIENTED_EDGE('',*,*,#2689,.T.);
#11239 = ORIENTED_EDGE('',*,*,#11225,.T.);
#11240 = ORIENTED_EDGE('',*,*,#11241,.T.);
#11241 = EDGE_CURVE('',#11218,#11242,#11244,.T.);
#11242 = VERTEX_POINT('',#11243);
#11243 = CARTESIAN_POINT('',(-8.492895794188,-7.690242857143,
    41.889242857143));
#11244 = LINE('',#11245,#11246);
#11245 = CARTESIAN_POINT('',(-8.492895794188,-7.684671428571,
    41.946257142857));
#11246 = VECTOR('',#11247,1.);
#11247 = DIRECTION('',(0.,-9.725661290117E-02,-0.995259338689));
#11248 = ORIENTED_EDGE('',*,*,#11249,.F.);
#11249 = EDGE_CURVE('',#2682,#11242,#11250,.T.);
#11250 = LINE('',#11251,#11252);
#11251 = CARTESIAN_POINT('',(-9.092895794188,-7.690242857143,
    41.889242857143));
#11252 = VECTOR('',#11253,1.);
#11253 = DIRECTION('',(1.,0.,0.));
#11254 = PLANE('',#11255);
#11255 = AXIS2_PLACEMENT_3D('',#11256,#11257,#11258);
#11256 = CARTESIAN_POINT('',(-9.092895794188,-7.684671428571,
    41.946257142857));
#11257 = DIRECTION('',(0.,0.995259338689,-9.725661290117E-02));
#11258 = DIRECTION('',(0.,-9.725661290117E-02,-0.995259338689));
#11259 = ADVANCED_FACE('',(#11260),#11278,.T.);
#11260 = FACE_BOUND('',#11261,.T.);
#11261 = EDGE_LOOP('',(#11262,#11263,#11264,#11272));
#11262 = ORIENTED_EDGE('',*,*,#2681,.T.);
#11263 = ORIENTED_EDGE('',*,*,#11249,.T.);
#11264 = ORIENTED_EDGE('',*,*,#11265,.T.);
#11265 = EDGE_CURVE('',#11242,#11266,#11268,.T.);
#11266 = VERTEX_POINT('',#11267);
#11267 = CARTESIAN_POINT('',(-8.492895794188,-7.696,41.8378));
#11268 = LINE('',#11269,#11270);
#11269 = CARTESIAN_POINT('',(-8.492895794188,-7.690242857143,
    41.889242857143));
#11270 = VECTOR('',#11271,1.);
#11271 = DIRECTION('',(0.,-0.111219037699,-0.993795917507));
#11272 = ORIENTED_EDGE('',*,*,#11273,.F.);
#11273 = EDGE_CURVE('',#2674,#11266,#11274,.T.);
#11274 = LINE('',#11275,#11276);
#11275 = CARTESIAN_POINT('',(-9.092895794188,-7.696,41.8378));
#11276 = VECTOR('',#11277,1.);
#11277 = DIRECTION('',(1.,0.,0.));
#11278 = PLANE('',#11279);
#11279 = AXIS2_PLACEMENT_3D('',#11280,#11281,#11282);
#11280 = CARTESIAN_POINT('',(-9.092895794188,-7.690242857143,
    41.889242857143));
#11281 = DIRECTION('',(0.,0.993795917507,-0.111219037699));
#11282 = DIRECTION('',(0.,-0.111219037699,-0.993795917507));
#11283 = ADVANCED_FACE('',(#11284),#11302,.T.);
#11284 = FACE_BOUND('',#11285,.T.);
#11285 = EDGE_LOOP('',(#11286,#11287,#11288,#11296));
#11286 = ORIENTED_EDGE('',*,*,#2673,.T.);
#11287 = ORIENTED_EDGE('',*,*,#11273,.T.);
#11288 = ORIENTED_EDGE('',*,*,#11289,.T.);
#11289 = EDGE_CURVE('',#11266,#11290,#11292,.T.);
#11290 = VERTEX_POINT('',#11291);
#11291 = CARTESIAN_POINT('',(-8.492895794188,-7.696,38.973714285714));
#11292 = LINE('',#11293,#11294);
#11293 = CARTESIAN_POINT('',(-8.492895794188,-7.696,41.8378));
#11294 = VECTOR('',#11295,1.);
#11295 = DIRECTION('',(0.,0.,-1.));
#11296 = ORIENTED_EDGE('',*,*,#11297,.F.);
#11297 = EDGE_CURVE('',#2666,#11290,#11298,.T.);
#11298 = LINE('',#11299,#11300);
#11299 = CARTESIAN_POINT('',(-9.092895794188,-7.696,38.973714285714));
#11300 = VECTOR('',#11301,1.);
#11301 = DIRECTION('',(1.,0.,0.));
#11302 = PLANE('',#11303);
#11303 = AXIS2_PLACEMENT_3D('',#11304,#11305,#11306);
#11304 = CARTESIAN_POINT('',(-9.092895794188,-7.696,41.8378));
#11305 = DIRECTION('',(-0.,1.,0.));
#11306 = DIRECTION('',(0.,0.,-1.));
#11307 = ADVANCED_FACE('',(#11308),#11326,.T.);
#11308 = FACE_BOUND('',#11309,.T.);
#11309 = EDGE_LOOP('',(#11310,#11311,#11312,#11320));
#11310 = ORIENTED_EDGE('',*,*,#2665,.T.);
#11311 = ORIENTED_EDGE('',*,*,#11297,.T.);
#11312 = ORIENTED_EDGE('',*,*,#11313,.T.);
#11313 = EDGE_CURVE('',#11290,#11314,#11316,.T.);
#11314 = VERTEX_POINT('',#11315);
#11315 = CARTESIAN_POINT('',(-8.492895794188,-7.690242857143,
    38.916142857143));
#11316 = LINE('',#11317,#11318);
#11317 = CARTESIAN_POINT('',(-8.492895794188,-7.696,38.973714285714));
#11318 = VECTOR('',#11319,1.);
#11319 = DIRECTION('',(-0.,9.9503719021E-02,-0.99503719021));
#11320 = ORIENTED_EDGE('',*,*,#11321,.F.);
#11321 = EDGE_CURVE('',#2658,#11314,#11322,.T.);
#11322 = LINE('',#11323,#11324);
#11323 = CARTESIAN_POINT('',(-9.092895794188,-7.690242857143,
    38.916142857143));
#11324 = VECTOR('',#11325,1.);
#11325 = DIRECTION('',(1.,0.,0.));
#11326 = PLANE('',#11327);
#11327 = AXIS2_PLACEMENT_3D('',#11328,#11329,#11330);
#11328 = CARTESIAN_POINT('',(-9.092895794188,-7.696,38.973714285714));
#11329 = DIRECTION('',(-0.,0.99503719021,9.9503719021E-02));
#11330 = DIRECTION('',(0.,9.9503719021E-02,-0.99503719021));
#11331 = ADVANCED_FACE('',(#11332),#11350,.T.);
#11332 = FACE_BOUND('',#11333,.T.);
#11333 = EDGE_LOOP('',(#11334,#11335,#11336,#11344));
#11334 = ORIENTED_EDGE('',*,*,#2657,.T.);
#11335 = ORIENTED_EDGE('',*,*,#11321,.T.);
#11336 = ORIENTED_EDGE('',*,*,#11337,.T.);
#11337 = EDGE_CURVE('',#11314,#11338,#11340,.T.);
#11338 = VERTEX_POINT('',#11339);
#11339 = CARTESIAN_POINT('',(-8.492895794188,-7.684671428571,
    38.864142857143));
#11340 = LINE('',#11341,#11342);
#11341 = CARTESIAN_POINT('',(-8.492895794188,-7.690242857143,
    38.916142857143));
#11342 = VECTOR('',#11343,1.);
#11343 = DIRECTION('',(-0.,0.106533123634,-0.99430915392));
#11344 = ORIENTED_EDGE('',*,*,#11345,.F.);
#11345 = EDGE_CURVE('',#2650,#11338,#11346,.T.);
#11346 = LINE('',#11347,#11348);
#11347 = CARTESIAN_POINT('',(-9.092895794188,-7.684671428571,
    38.864142857143));
#11348 = VECTOR('',#11349,1.);
#11349 = DIRECTION('',(1.,0.,0.));
#11350 = PLANE('',#11351);
#11351 = AXIS2_PLACEMENT_3D('',#11352,#11353,#11354);
#11352 = CARTESIAN_POINT('',(-9.092895794188,-7.690242857143,
    38.916142857143));
#11353 = DIRECTION('',(-0.,0.99430915392,0.106533123634));
#11354 = DIRECTION('',(0.,0.106533123634,-0.99430915392));
#11355 = ADVANCED_FACE('',(#11356),#11374,.T.);
#11356 = FACE_BOUND('',#11357,.T.);
#11357 = EDGE_LOOP('',(#11358,#11359,#11360,#11368));
#11358 = ORIENTED_EDGE('',*,*,#2649,.T.);
#11359 = ORIENTED_EDGE('',*,*,#11345,.T.);
#11360 = ORIENTED_EDGE('',*,*,#11361,.T.);
#11361 = EDGE_CURVE('',#11338,#11362,#11364,.T.);
#11362 = VERTEX_POINT('',#11363);
#11363 = CARTESIAN_POINT('',(-8.492895794188,-7.678914285714,
    38.823842857143));
#11364 = LINE('',#11365,#11366);
#11365 = CARTESIAN_POINT('',(-8.492895794188,-7.684671428571,
    38.864142857143));
#11366 = VECTOR('',#11367,1.);
#11367 = DIRECTION('',(-0.,0.141421356237,-0.989949493661));
#11368 = ORIENTED_EDGE('',*,*,#11369,.F.);
#11369 = EDGE_CURVE('',#2642,#11362,#11370,.T.);
#11370 = LINE('',#11371,#11372);
#11371 = CARTESIAN_POINT('',(-9.092895794188,-7.678914285714,
    38.823842857143));
#11372 = VECTOR('',#11373,1.);
#11373 = DIRECTION('',(1.,0.,0.));
#11374 = PLANE('',#11375);
#11375 = AXIS2_PLACEMENT_3D('',#11376,#11377,#11378);
#11376 = CARTESIAN_POINT('',(-9.092895794188,-7.684671428571,
    38.864142857143));
#11377 = DIRECTION('',(-0.,0.989949493661,0.141421356237));
#11378 = DIRECTION('',(0.,0.141421356237,-0.989949493661));
#11379 = ADVANCED_FACE('',(#11380),#11398,.T.);
#11380 = FACE_BOUND('',#11381,.T.);
#11381 = EDGE_LOOP('',(#11382,#11383,#11384,#11392));
#11382 = ORIENTED_EDGE('',*,*,#2641,.T.);
#11383 = ORIENTED_EDGE('',*,*,#11369,.T.);
#11384 = ORIENTED_EDGE('',*,*,#11385,.T.);
#11385 = EDGE_CURVE('',#11362,#11386,#11388,.T.);
#11386 = VERTEX_POINT('',#11387);
#11387 = CARTESIAN_POINT('',(-8.492895794188,-7.661828571429,
    38.777785714286));
#11388 = LINE('',#11389,#11390);
#11389 = CARTESIAN_POINT('',(-8.492895794188,-7.678914285714,
    38.823842857143));
#11390 = VECTOR('',#11391,1.);
#11391 = DIRECTION('',(-0.,0.347806822959,-0.93756621841));
#11392 = ORIENTED_EDGE('',*,*,#11393,.F.);
#11393 = EDGE_CURVE('',#2634,#11386,#11394,.T.);
#11394 = LINE('',#11395,#11396);
#11395 = CARTESIAN_POINT('',(-9.092895794188,-7.661828571429,
    38.777785714286));
#11396 = VECTOR('',#11397,1.);
#11397 = DIRECTION('',(1.,0.,0.));
#11398 = PLANE('',#11399);
#11399 = AXIS2_PLACEMENT_3D('',#11400,#11401,#11402);
#11400 = CARTESIAN_POINT('',(-9.092895794188,-7.678914285714,
    38.823842857143));
#11401 = DIRECTION('',(-0.,0.93756621841,0.347806822959));
#11402 = DIRECTION('',(0.,0.347806822959,-0.93756621841));
#11403 = ADVANCED_FACE('',(#11404),#11422,.T.);
#11404 = FACE_BOUND('',#11405,.T.);
#11405 = EDGE_LOOP('',(#11406,#11407,#11408,#11416));
#11406 = ORIENTED_EDGE('',*,*,#2633,.T.);
#11407 = ORIENTED_EDGE('',*,*,#11393,.T.);
#11408 = ORIENTED_EDGE('',*,*,#11409,.T.);
#11409 = EDGE_CURVE('',#11386,#11410,#11412,.T.);
#11410 = VERTEX_POINT('',#11411);
#11411 = CARTESIAN_POINT('',(-8.492895794188,-7.644742857143,38.7373));
#11412 = LINE('',#11413,#11414);
#11413 = CARTESIAN_POINT('',(-8.492895794188,-7.661828571429,
    38.777785714286));
#11414 = VECTOR('',#11415,1.);
#11415 = DIRECTION('',(-0.,0.388812617902,-0.921316855463));
#11416 = ORIENTED_EDGE('',*,*,#11417,.F.);
#11417 = EDGE_CURVE('',#2626,#11410,#11418,.T.);
#11418 = LINE('',#11419,#11420);
#11419 = CARTESIAN_POINT('',(-9.092895794188,-7.644742857143,38.7373));
#11420 = VECTOR('',#11421,1.);
#11421 = DIRECTION('',(1.,0.,0.));
#11422 = PLANE('',#11423);
#11423 = AXIS2_PLACEMENT_3D('',#11424,#11425,#11426);
#11424 = CARTESIAN_POINT('',(-9.092895794188,-7.661828571429,
    38.777785714286));
#11425 = DIRECTION('',(-0.,0.921316855463,0.388812617902));
#11426 = DIRECTION('',(0.,0.388812617902,-0.921316855463));
#11427 = ADVANCED_FACE('',(#11428),#11446,.T.);
#11428 = FACE_BOUND('',#11429,.T.);
#11429 = EDGE_LOOP('',(#11430,#11431,#11432,#11440));
#11430 = ORIENTED_EDGE('',*,*,#2625,.T.);
#11431 = ORIENTED_EDGE('',*,*,#11417,.T.);
#11432 = ORIENTED_EDGE('',*,*,#11433,.T.);
#11433 = EDGE_CURVE('',#11410,#11434,#11436,.T.);
#11434 = VERTEX_POINT('',#11435);
#11435 = CARTESIAN_POINT('',(-8.492895794188,-7.627471428571,38.697));
#11436 = LINE('',#11437,#11438);
#11437 = CARTESIAN_POINT('',(-8.492895794188,-7.644742857143,38.7373));
#11438 = VECTOR('',#11439,1.);
#11439 = DIRECTION('',(-0.,0.393919298579,-0.919145030018));
#11440 = ORIENTED_EDGE('',*,*,#11441,.F.);
#11441 = EDGE_CURVE('',#2618,#11434,#11442,.T.);
#11442 = LINE('',#11443,#11444);
#11443 = CARTESIAN_POINT('',(-9.092895794188,-7.627471428571,38.697));
#11444 = VECTOR('',#11445,1.);
#11445 = DIRECTION('',(1.,0.,0.));
#11446 = PLANE('',#11447);
#11447 = AXIS2_PLACEMENT_3D('',#11448,#11449,#11450);
#11448 = CARTESIAN_POINT('',(-9.092895794188,-7.644742857143,38.7373));
#11449 = DIRECTION('',(-0.,0.919145030018,0.393919298579));
#11450 = DIRECTION('',(0.,0.393919298579,-0.919145030018));
#11451 = ADVANCED_FACE('',(#11452),#11470,.T.);
#11452 = FACE_BOUND('',#11453,.T.);
#11453 = EDGE_LOOP('',(#11454,#11455,#11456,#11464));
#11454 = ORIENTED_EDGE('',*,*,#2617,.T.);
#11455 = ORIENTED_EDGE('',*,*,#11441,.T.);
#11456 = ORIENTED_EDGE('',*,*,#11457,.T.);
#11457 = EDGE_CURVE('',#11434,#11458,#11460,.T.);
#11458 = VERTEX_POINT('',#11459);
#11459 = CARTESIAN_POINT('',(-8.492895794188,-7.599057142857,
    38.650942857143));
#11460 = LINE('',#11461,#11462);
#11461 = CARTESIAN_POINT('',(-8.492895794188,-7.627471428571,38.697));
#11462 = VECTOR('',#11463,1.);
#11463 = DIRECTION('',(-0.,0.525054443661,-0.851068640705));
#11464 = ORIENTED_EDGE('',*,*,#11465,.F.);
#11465 = EDGE_CURVE('',#2610,#11458,#11466,.T.);
#11466 = LINE('',#11467,#11468);
#11467 = CARTESIAN_POINT('',(-9.092895794188,-7.599057142857,
    38.650942857143));
#11468 = VECTOR('',#11469,1.);
#11469 = DIRECTION('',(1.,0.,0.));
#11470 = PLANE('',#11471);
#11471 = AXIS2_PLACEMENT_3D('',#11472,#11473,#11474);
#11472 = CARTESIAN_POINT('',(-9.092895794188,-7.627471428571,38.697));
#11473 = DIRECTION('',(-0.,0.851068640705,0.525054443661));
#11474 = DIRECTION('',(0.,0.525054443661,-0.851068640705));
#11475 = ADVANCED_FACE('',(#11476),#11494,.T.);
#11476 = FACE_BOUND('',#11477,.T.);
#11477 = EDGE_LOOP('',(#11478,#11479,#11480,#11488));
#11478 = ORIENTED_EDGE('',*,*,#2609,.T.);
#11479 = ORIENTED_EDGE('',*,*,#11465,.T.);
#11480 = ORIENTED_EDGE('',*,*,#11481,.T.);
#11481 = EDGE_CURVE('',#11458,#11482,#11484,.T.);
#11482 = VERTEX_POINT('',#11483);
#11483 = CARTESIAN_POINT('',(-8.492895794188,-7.570457142857,
    38.610642857143));
#11484 = LINE('',#11485,#11486);
#11485 = CARTESIAN_POINT('',(-8.492895794188,-7.599057142857,
    38.650942857143));
#11486 = VECTOR('',#11487,1.);
#11487 = DIRECTION('',(-0.,0.578747005941,-0.815507144735));
#11488 = ORIENTED_EDGE('',*,*,#11489,.F.);
#11489 = EDGE_CURVE('',#2602,#11482,#11490,.T.);
#11490 = LINE('',#11491,#11492);
#11491 = CARTESIAN_POINT('',(-9.092895794188,-7.570457142857,
    38.610642857143));
#11492 = VECTOR('',#11493,1.);
#11493 = DIRECTION('',(1.,0.,0.));
#11494 = PLANE('',#11495);
#11495 = AXIS2_PLACEMENT_3D('',#11496,#11497,#11498);
#11496 = CARTESIAN_POINT('',(-9.092895794188,-7.599057142857,
    38.650942857143));
#11497 = DIRECTION('',(-0.,0.815507144735,0.578747005941));
#11498 = DIRECTION('',(0.,0.578747005941,-0.815507144735));
#11499 = ADVANCED_FACE('',(#11500),#11518,.T.);
#11500 = FACE_BOUND('',#11501,.T.);
#11501 = EDGE_LOOP('',(#11502,#11503,#11504,#11512));
#11502 = ORIENTED_EDGE('',*,*,#2601,.T.);
#11503 = ORIENTED_EDGE('',*,*,#11489,.T.);
#11504 = ORIENTED_EDGE('',*,*,#11505,.T.);
#11505 = EDGE_CURVE('',#11482,#11506,#11508,.T.);
#11506 = VERTEX_POINT('',#11507);
#11507 = CARTESIAN_POINT('',(-8.492895794188,-7.536285714286,
    38.575914285714));
#11508 = LINE('',#11509,#11510);
#11509 = CARTESIAN_POINT('',(-8.492895794188,-7.570457142857,
    38.610642857143));
#11510 = VECTOR('',#11511,1.);
#11511 = DIRECTION('',(-0.,0.701366006687,-0.712801322013));
#11512 = ORIENTED_EDGE('',*,*,#11513,.F.);
#11513 = EDGE_CURVE('',#2594,#11506,#11514,.T.);
#11514 = LINE('',#11515,#11516);
#11515 = CARTESIAN_POINT('',(-9.092895794188,-7.536285714286,
    38.575914285714));
#11516 = VECTOR('',#11517,1.);
#11517 = DIRECTION('',(1.,0.,0.));
#11518 = PLANE('',#11519);
#11519 = AXIS2_PLACEMENT_3D('',#11520,#11521,#11522);
#11520 = CARTESIAN_POINT('',(-9.092895794188,-7.570457142857,
    38.610642857143));
#11521 = DIRECTION('',(-0.,0.712801322013,0.701366006687));
#11522 = DIRECTION('',(0.,0.701366006687,-0.712801322013));
#11523 = ADVANCED_FACE('',(#11524),#11542,.T.);
#11524 = FACE_BOUND('',#11525,.T.);
#11525 = EDGE_LOOP('',(#11526,#11527,#11528,#11536));
#11526 = ORIENTED_EDGE('',*,*,#2593,.T.);
#11527 = ORIENTED_EDGE('',*,*,#11513,.T.);
#11528 = ORIENTED_EDGE('',*,*,#11529,.T.);
#11529 = EDGE_CURVE('',#11506,#11530,#11532,.T.);
#11530 = VERTEX_POINT('',#11531);
#11531 = CARTESIAN_POINT('',(-8.492895794188,-7.507685714286,
    38.541557142857));
#11532 = LINE('',#11533,#11534);
#11533 = CARTESIAN_POINT('',(-8.492895794188,-7.536285714286,
    38.575914285714));
#11534 = VECTOR('',#11535,1.);
#11535 = DIRECTION('',(-0.,0.639775680817,-0.768561694488));
#11536 = ORIENTED_EDGE('',*,*,#11537,.F.);
#11537 = EDGE_CURVE('',#2586,#11530,#11538,.T.);
#11538 = LINE('',#11539,#11540);
#11539 = CARTESIAN_POINT('',(-9.092895794188,-7.507685714286,
    38.541557142857));
#11540 = VECTOR('',#11541,1.);
#11541 = DIRECTION('',(1.,0.,0.));
#11542 = PLANE('',#11543);
#11543 = AXIS2_PLACEMENT_3D('',#11544,#11545,#11546);
#11544 = CARTESIAN_POINT('',(-9.092895794188,-7.536285714286,
    38.575914285714));
#11545 = DIRECTION('',(-0.,0.768561694488,0.639775680817));
#11546 = DIRECTION('',(0.,0.639775680817,-0.768561694488));
#11547 = ADVANCED_FACE('',(#11548),#11566,.T.);
#11548 = FACE_BOUND('',#11549,.T.);
#11549 = EDGE_LOOP('',(#11550,#11551,#11552,#11560));
#11550 = ORIENTED_EDGE('',*,*,#2585,.T.);
#11551 = ORIENTED_EDGE('',*,*,#11537,.T.);
#11552 = ORIENTED_EDGE('',*,*,#11553,.T.);
#11553 = EDGE_CURVE('',#11530,#11554,#11556,.T.);
#11554 = VERTEX_POINT('',#11555);
#11555 = CARTESIAN_POINT('',(-8.492895794188,-7.473514285714,
    38.512585714286));
#11556 = LINE('',#11557,#11558);
#11557 = CARTESIAN_POINT('',(-8.492895794188,-7.507685714286,
    38.541557142857));
#11558 = VECTOR('',#11559,1.);
#11559 = DIRECTION('',(-0.,0.762756963467,-0.646685251635));
#11560 = ORIENTED_EDGE('',*,*,#11561,.F.);
#11561 = EDGE_CURVE('',#2578,#11554,#11562,.T.);
#11562 = LINE('',#11563,#11564);
#11563 = CARTESIAN_POINT('',(-9.092895794188,-7.473514285714,
    38.512585714286));
#11564 = VECTOR('',#11565,1.);
#11565 = DIRECTION('',(1.,0.,0.));
#11566 = PLANE('',#11567);
#11567 = AXIS2_PLACEMENT_3D('',#11568,#11569,#11570);
#11568 = CARTESIAN_POINT('',(-9.092895794188,-7.507685714286,
    38.541557142857));
#11569 = DIRECTION('',(-0.,0.646685251635,0.762756963467));
#11570 = DIRECTION('',(0.,0.762756963467,-0.646685251635));
#11571 = ADVANCED_FACE('',(#11572),#11590,.T.);
#11572 = FACE_BOUND('',#11573,.T.);
#11573 = EDGE_LOOP('',(#11574,#11575,#11576,#11584));
#11574 = ORIENTED_EDGE('',*,*,#2577,.T.);
#11575 = ORIENTED_EDGE('',*,*,#11561,.T.);
#11576 = ORIENTED_EDGE('',*,*,#11577,.T.);
#11577 = EDGE_CURVE('',#11554,#11578,#11580,.T.);
#11578 = VERTEX_POINT('',#11579);
#11579 = CARTESIAN_POINT('',(-8.492895794188,-7.427828571429,38.4838));
#11580 = LINE('',#11581,#11582);
#11581 = CARTESIAN_POINT('',(-8.492895794188,-7.473514285714,
    38.512585714286));
#11582 = VECTOR('',#11583,1.);
#11583 = DIRECTION('',(-0.,0.846060494481,-0.533086896929));
#11584 = ORIENTED_EDGE('',*,*,#11585,.F.);
#11585 = EDGE_CURVE('',#2570,#11578,#11586,.T.);
#11586 = LINE('',#11587,#11588);
#11587 = CARTESIAN_POINT('',(-9.092895794188,-7.427828571429,38.4838));
#11588 = VECTOR('',#11589,1.);
#11589 = DIRECTION('',(1.,0.,0.));
#11590 = PLANE('',#11591);
#11591 = AXIS2_PLACEMENT_3D('',#11592,#11593,#11594);
#11592 = CARTESIAN_POINT('',(-9.092895794188,-7.473514285714,
    38.512585714286));
#11593 = DIRECTION('',(-0.,0.533086896929,0.846060494481));
#11594 = DIRECTION('',(0.,0.846060494481,-0.533086896929));
#11595 = ADVANCED_FACE('',(#11596),#11614,.T.);
#11596 = FACE_BOUND('',#11597,.T.);
#11597 = EDGE_LOOP('',(#11598,#11599,#11600,#11608));
#11598 = ORIENTED_EDGE('',*,*,#2569,.T.);
#11599 = ORIENTED_EDGE('',*,*,#11585,.T.);
#11600 = ORIENTED_EDGE('',*,*,#11601,.T.);
#11601 = EDGE_CURVE('',#11578,#11602,#11604,.T.);
#11602 = VERTEX_POINT('',#11603);
#11603 = CARTESIAN_POINT('',(-8.492895794188,-7.3879,38.460771428571));
#11604 = LINE('',#11605,#11606);
#11605 = CARTESIAN_POINT('',(-8.492895794188,-7.427828571429,38.4838));
#11606 = VECTOR('',#11607,1.);
#11607 = DIRECTION('',(-0.,0.866252655084,-0.499606182467));
#11608 = ORIENTED_EDGE('',*,*,#11609,.F.);
#11609 = EDGE_CURVE('',#2562,#11602,#11610,.T.);
#11610 = LINE('',#11611,#11612);
#11611 = CARTESIAN_POINT('',(-9.092895794188,-7.3879,38.460771428571));
#11612 = VECTOR('',#11613,1.);
#11613 = DIRECTION('',(1.,0.,0.));
#11614 = PLANE('',#11615);
#11615 = AXIS2_PLACEMENT_3D('',#11616,#11617,#11618);
#11616 = CARTESIAN_POINT('',(-9.092895794188,-7.427828571429,38.4838));
#11617 = DIRECTION('',(-0.,0.499606182467,0.866252655084));
#11618 = DIRECTION('',(0.,0.866252655084,-0.499606182467));
#11619 = ADVANCED_FACE('',(#11620),#11638,.T.);
#11620 = FACE_BOUND('',#11621,.T.);
#11621 = EDGE_LOOP('',(#11622,#11623,#11624,#11632));
#11622 = ORIENTED_EDGE('',*,*,#2561,.T.);
#11623 = ORIENTED_EDGE('',*,*,#11609,.T.);
#11624 = ORIENTED_EDGE('',*,*,#11625,.T.);
#11625 = EDGE_CURVE('',#11602,#11626,#11628,.T.);
#11626 = VERTEX_POINT('',#11627);
#11627 = CARTESIAN_POINT('',(-8.492895794188,-7.347971428571,38.4435));
#11628 = LINE('',#11629,#11630);
#11629 = CARTESIAN_POINT('',(-8.492895794188,-7.3879,38.460771428571));
#11630 = VECTOR('',#11631,1.);
#11631 = DIRECTION('',(-0.,0.917814998499,-0.397008348188));
#11632 = ORIENTED_EDGE('',*,*,#11633,.F.);
#11633 = EDGE_CURVE('',#2554,#11626,#11634,.T.);
#11634 = LINE('',#11635,#11636);
#11635 = CARTESIAN_POINT('',(-9.092895794188,-7.347971428571,38.4435));
#11636 = VECTOR('',#11637,1.);
#11637 = DIRECTION('',(1.,0.,0.));
#11638 = PLANE('',#11639);
#11639 = AXIS2_PLACEMENT_3D('',#11640,#11641,#11642);
#11640 = CARTESIAN_POINT('',(-9.092895794188,-7.3879,38.460771428571));
#11641 = DIRECTION('',(-0.,0.397008348188,0.917814998499));
#11642 = DIRECTION('',(0.,0.917814998499,-0.397008348188));
#11643 = ADVANCED_FACE('',(#11644),#11662,.T.);
#11644 = FACE_BOUND('',#11645,.T.);
#11645 = EDGE_LOOP('',(#11646,#11647,#11648,#11656));
#11646 = ORIENTED_EDGE('',*,*,#2553,.T.);
#11647 = ORIENTED_EDGE('',*,*,#11633,.T.);
#11648 = ORIENTED_EDGE('',*,*,#11649,.T.);
#11649 = EDGE_CURVE('',#11626,#11650,#11652,.T.);
#11650 = VERTEX_POINT('',#11651);
#11651 = CARTESIAN_POINT('',(-8.492895794188,-7.302285714286,
    38.426228571429));
#11652 = LINE('',#11653,#11654);
#11653 = CARTESIAN_POINT('',(-8.492895794188,-7.347971428571,38.4435));
#11654 = VECTOR('',#11655,1.);
#11655 = DIRECTION('',(-0.,0.93538826358,-0.353622392329));
#11656 = ORIENTED_EDGE('',*,*,#11657,.F.);
#11657 = EDGE_CURVE('',#2546,#11650,#11658,.T.);
#11658 = LINE('',#11659,#11660);
#11659 = CARTESIAN_POINT('',(-9.092895794188,-7.302285714286,
    38.426228571429));
#11660 = VECTOR('',#11661,1.);
#11661 = DIRECTION('',(1.,0.,0.));
#11662 = PLANE('',#11663);
#11663 = AXIS2_PLACEMENT_3D('',#11664,#11665,#11666);
#11664 = CARTESIAN_POINT('',(-9.092895794188,-7.347971428571,38.4435));
#11665 = DIRECTION('',(-0.,0.353622392329,0.93538826358));
#11666 = DIRECTION('',(0.,0.93538826358,-0.353622392329));
#11667 = ADVANCED_FACE('',(#11668),#11686,.T.);
#11668 = FACE_BOUND('',#11669,.T.);
#11669 = EDGE_LOOP('',(#11670,#11671,#11672,#11680));
#11670 = ORIENTED_EDGE('',*,*,#2545,.T.);
#11671 = ORIENTED_EDGE('',*,*,#11657,.T.);
#11672 = ORIENTED_EDGE('',*,*,#11673,.T.);
#11673 = EDGE_CURVE('',#11650,#11674,#11676,.T.);
#11674 = VERTEX_POINT('',#11675);
#11675 = CARTESIAN_POINT('',(-8.492895794188,-7.256785714286,
    38.414714285714));
#11676 = LINE('',#11677,#11678);
#11677 = CARTESIAN_POINT('',(-8.492895794188,-7.302285714286,
    38.426228571429));
#11678 = VECTOR('',#11679,1.);
#11679 = DIRECTION('',(-0.,0.969440203112,-0.245327724869));
#11680 = ORIENTED_EDGE('',*,*,#11681,.F.);
#11681 = EDGE_CURVE('',#2538,#11674,#11682,.T.);
#11682 = LINE('',#11683,#11684);
#11683 = CARTESIAN_POINT('',(-9.092895794188,-7.256785714286,
    38.414714285714));
#11684 = VECTOR('',#11685,1.);
#11685 = DIRECTION('',(1.,0.,0.));
#11686 = PLANE('',#11687);
#11687 = AXIS2_PLACEMENT_3D('',#11688,#11689,#11690);
#11688 = CARTESIAN_POINT('',(-9.092895794188,-7.302285714286,
    38.426228571429));
#11689 = DIRECTION('',(-0.,0.245327724869,0.969440203112));
#11690 = DIRECTION('',(0.,0.969440203112,-0.245327724869));
#11691 = ADVANCED_FACE('',(#11692),#11710,.T.);
#11692 = FACE_BOUND('',#11693,.T.);
#11693 = EDGE_LOOP('',(#11694,#11695,#11696,#11704));
#11694 = ORIENTED_EDGE('',*,*,#2537,.T.);
#11695 = ORIENTED_EDGE('',*,*,#11681,.T.);
#11696 = ORIENTED_EDGE('',*,*,#11697,.T.);
#11697 = EDGE_CURVE('',#11674,#11698,#11700,.T.);
#11698 = VERTEX_POINT('',#11699);
#11699 = CARTESIAN_POINT('',(-8.492895794188,-7.2111,38.4032));
#11700 = LINE('',#11701,#11702);
#11701 = CARTESIAN_POINT('',(-8.492895794188,-7.256785714286,
    38.414714285714));
#11702 = VECTOR('',#11703,1.);
#11703 = DIRECTION('',(-0.,0.969676988372,-0.244390135281));
#11704 = ORIENTED_EDGE('',*,*,#11705,.F.);
#11705 = EDGE_CURVE('',#2530,#11698,#11706,.T.);
#11706 = LINE('',#11707,#11708);
#11707 = CARTESIAN_POINT('',(-9.092895794188,-7.2111,38.4032));
#11708 = VECTOR('',#11709,1.);
#11709 = DIRECTION('',(1.,0.,0.));
#11710 = PLANE('',#11711);
#11711 = AXIS2_PLACEMENT_3D('',#11712,#11713,#11714);
#11712 = CARTESIAN_POINT('',(-9.092895794188,-7.256785714286,
    38.414714285714));
#11713 = DIRECTION('',(-0.,0.244390135281,0.969676988372));
#11714 = DIRECTION('',(0.,0.969676988372,-0.244390135281));
#11715 = ADVANCED_FACE('',(#11716),#11741,.T.);
#11716 = FACE_BOUND('',#11717,.T.);
#11717 = EDGE_LOOP('',(#11718,#11719,#11727,#11735));
#11718 = ORIENTED_EDGE('',*,*,#2521,.T.);
#11719 = ORIENTED_EDGE('',*,*,#11720,.T.);
#11720 = EDGE_CURVE('',#2522,#11721,#11723,.T.);
#11721 = VERTEX_POINT('',#11722);
#11722 = CARTESIAN_POINT('',(-8.492895794188,-5.950285714286,38.4032));
#11723 = LINE('',#11724,#11725);
#11724 = CARTESIAN_POINT('',(-9.092895794188,-5.950285714286,38.4032));
#11725 = VECTOR('',#11726,1.);
#11726 = DIRECTION('',(1.,0.,0.));
#11727 = ORIENTED_EDGE('',*,*,#11728,.T.);
#11728 = EDGE_CURVE('',#11721,#11729,#11731,.T.);
#11729 = VERTEX_POINT('',#11730);
#11730 = CARTESIAN_POINT('',(-8.492895794188,-5.9046,38.414528571429));
#11731 = LINE('',#11732,#11733);
#11732 = CARTESIAN_POINT('',(-8.492895794188,-5.950285714286,38.4032));
#11733 = VECTOR('',#11734,1.);
#11734 = DIRECTION('',(0.,0.970604905537,0.240678452186));
#11735 = ORIENTED_EDGE('',*,*,#11736,.F.);
#11736 = EDGE_CURVE('',#2514,#11729,#11737,.T.);
#11737 = LINE('',#11738,#11739);
#11738 = CARTESIAN_POINT('',(-9.092895794188,-5.9046,38.414528571429));
#11739 = VECTOR('',#11740,1.);
#11740 = DIRECTION('',(1.,0.,0.));
#11741 = PLANE('',#11742);
#11742 = AXIS2_PLACEMENT_3D('',#11743,#11744,#11745);
#11743 = CARTESIAN_POINT('',(-9.092895794188,-5.950285714286,38.4032));
#11744 = DIRECTION('',(0.,-0.240678452186,0.970604905537));
#11745 = DIRECTION('',(0.,0.970604905537,0.240678452186));
#11746 = ADVANCED_FACE('',(#11747),#11765,.T.);
#11747 = FACE_BOUND('',#11748,.T.);
#11748 = EDGE_LOOP('',(#11749,#11750,#11751,#11759));
#11749 = ORIENTED_EDGE('',*,*,#2513,.T.);
#11750 = ORIENTED_EDGE('',*,*,#11736,.T.);
#11751 = ORIENTED_EDGE('',*,*,#11752,.T.);
#11752 = EDGE_CURVE('',#11729,#11753,#11755,.T.);
#11753 = VERTEX_POINT('',#11754);
#11754 = CARTESIAN_POINT('',(-8.492895794188,-5.864671428571,
    38.426042857143));
#11755 = LINE('',#11756,#11757);
#11756 = CARTESIAN_POINT('',(-8.492895794188,-5.9046,38.414528571429));
#11757 = VECTOR('',#11758,1.);
#11758 = DIRECTION('',(0.,0.960846474829,0.27708130902));
#11759 = ORIENTED_EDGE('',*,*,#11760,.F.);
#11760 = EDGE_CURVE('',#2506,#11753,#11761,.T.);
#11761 = LINE('',#11762,#11763);
#11762 = CARTESIAN_POINT('',(-9.092895794188,-5.864671428571,
    38.426042857143));
#11763 = VECTOR('',#11764,1.);
#11764 = DIRECTION('',(1.,0.,0.));
#11765 = PLANE('',#11766);
#11766 = AXIS2_PLACEMENT_3D('',#11767,#11768,#11769);
#11767 = CARTESIAN_POINT('',(-9.092895794188,-5.9046,38.414528571429));
#11768 = DIRECTION('',(0.,-0.27708130902,0.960846474829));
#11769 = DIRECTION('',(0.,0.960846474829,0.27708130902));
#11770 = ADVANCED_FACE('',(#11771),#11789,.T.);
#11771 = FACE_BOUND('',#11772,.T.);
#11772 = EDGE_LOOP('',(#11773,#11774,#11775,#11783));
#11773 = ORIENTED_EDGE('',*,*,#2505,.T.);
#11774 = ORIENTED_EDGE('',*,*,#11760,.T.);
#11775 = ORIENTED_EDGE('',*,*,#11776,.T.);
#11776 = EDGE_CURVE('',#11753,#11777,#11779,.T.);
#11777 = VERTEX_POINT('',#11778);
#11778 = CARTESIAN_POINT('',(-8.492895794188,-5.8305,38.448885714286));
#11779 = LINE('',#11780,#11781);
#11780 = CARTESIAN_POINT('',(-8.492895794188,-5.864671428571,
    38.426042857143));
#11781 = VECTOR('',#11782,1.);
#11782 = DIRECTION('',(0.,0.831354528555,0.555742429414));
#11783 = ORIENTED_EDGE('',*,*,#11784,.F.);
#11784 = EDGE_CURVE('',#2498,#11777,#11785,.T.);
#11785 = LINE('',#11786,#11787);
#11786 = CARTESIAN_POINT('',(-9.092895794188,-5.8305,38.448885714286));
#11787 = VECTOR('',#11788,1.);
#11788 = DIRECTION('',(1.,0.,0.));
#11789 = PLANE('',#11790);
#11790 = AXIS2_PLACEMENT_3D('',#11791,#11792,#11793);
#11791 = CARTESIAN_POINT('',(-9.092895794188,-5.864671428571,
    38.426042857143));
#11792 = DIRECTION('',(0.,-0.555742429414,0.831354528555));
#11793 = DIRECTION('',(0.,0.831354528555,0.555742429414));
#11794 = ADVANCED_FACE('',(#11795),#11813,.T.);
#11795 = FACE_BOUND('',#11796,.T.);
#11796 = EDGE_LOOP('',(#11797,#11798,#11799,#11807));
#11797 = ORIENTED_EDGE('',*,*,#2497,.T.);
#11798 = ORIENTED_EDGE('',*,*,#11784,.T.);
#11799 = ORIENTED_EDGE('',*,*,#11800,.T.);
#11800 = EDGE_CURVE('',#11777,#11801,#11803,.T.);
#11801 = VERTEX_POINT('',#11802);
#11802 = CARTESIAN_POINT('',(-8.492895794188,-5.8019,38.471728571429));
#11803 = LINE('',#11804,#11805);
#11804 = CARTESIAN_POINT('',(-8.492895794188,-5.8305,38.448885714286));
#11805 = VECTOR('',#11806,1.);
#11806 = DIRECTION('',(0.,0.781363568139,0.62407609663));
#11807 = ORIENTED_EDGE('',*,*,#11808,.F.);
#11808 = EDGE_CURVE('',#2490,#11801,#11809,.T.);
#11809 = LINE('',#11810,#11811);
#11810 = CARTESIAN_POINT('',(-9.092895794188,-5.8019,38.471728571429));
#11811 = VECTOR('',#11812,1.);
#11812 = DIRECTION('',(1.,0.,0.));
#11813 = PLANE('',#11814);
#11814 = AXIS2_PLACEMENT_3D('',#11815,#11816,#11817);
#11815 = CARTESIAN_POINT('',(-9.092895794188,-5.8305,38.448885714286));
#11816 = DIRECTION('',(0.,-0.62407609663,0.781363568139));
#11817 = DIRECTION('',(0.,0.781363568139,0.62407609663));
#11818 = ADVANCED_FACE('',(#11819),#11837,.T.);
#11819 = FACE_BOUND('',#11820,.T.);
#11820 = EDGE_LOOP('',(#11821,#11822,#11823,#11831));
#11821 = ORIENTED_EDGE('',*,*,#2489,.T.);
#11822 = ORIENTED_EDGE('',*,*,#11808,.T.);
#11823 = ORIENTED_EDGE('',*,*,#11824,.T.);
#11824 = EDGE_CURVE('',#11801,#11825,#11827,.T.);
#11825 = VERTEX_POINT('',#11826);
#11826 = CARTESIAN_POINT('',(-8.492895794188,-5.7733,38.500142857143));
#11827 = LINE('',#11828,#11829);
#11828 = CARTESIAN_POINT('',(-8.492895794188,-5.8019,38.471728571429));
#11829 = VECTOR('',#11830,1.);
#11830 = DIRECTION('',(0.,0.709406297146,0.704799762748));
#11831 = ORIENTED_EDGE('',*,*,#11832,.F.);
#11832 = EDGE_CURVE('',#2482,#11825,#11833,.T.);
#11833 = LINE('',#11834,#11835);
#11834 = CARTESIAN_POINT('',(-9.092895794188,-5.7733,38.500142857143));
#11835 = VECTOR('',#11836,1.);
#11836 = DIRECTION('',(1.,0.,0.));
#11837 = PLANE('',#11838);
#11838 = AXIS2_PLACEMENT_3D('',#11839,#11840,#11841);
#11839 = CARTESIAN_POINT('',(-9.092895794188,-5.8019,38.471728571429));
#11840 = DIRECTION('',(0.,-0.704799762748,0.709406297146));
#11841 = DIRECTION('',(0.,0.709406297146,0.704799762748));
#11842 = ADVANCED_FACE('',(#11843),#11861,.T.);
#11843 = FACE_BOUND('',#11844,.T.);
#11844 = EDGE_LOOP('',(#11845,#11846,#11847,#11855));
#11845 = ORIENTED_EDGE('',*,*,#2481,.T.);
#11846 = ORIENTED_EDGE('',*,*,#11832,.T.);
#11847 = ORIENTED_EDGE('',*,*,#11848,.T.);
#11848 = EDGE_CURVE('',#11825,#11849,#11851,.T.);
#11849 = VERTEX_POINT('',#11850);
#11850 = CARTESIAN_POINT('',(-8.492895794188,-5.744885714286,
    38.528742857143));
#11851 = LINE('',#11852,#11853);
#11852 = CARTESIAN_POINT('',(-8.492895794188,-5.7733,38.500142857143));
#11853 = VECTOR('',#11854,1.);
#11854 = DIRECTION('',(0.,0.704799762748,0.709406297146));
#11855 = ORIENTED_EDGE('',*,*,#11856,.F.);
#11856 = EDGE_CURVE('',#2474,#11849,#11857,.T.);
#11857 = LINE('',#11858,#11859);
#11858 = CARTESIAN_POINT('',(-9.092895794188,-5.744885714286,
    38.528742857143));
#11859 = VECTOR('',#11860,1.);
#11860 = DIRECTION('',(1.,0.,0.));
#11861 = PLANE('',#11862);
#11862 = AXIS2_PLACEMENT_3D('',#11863,#11864,#11865);
#11863 = CARTESIAN_POINT('',(-9.092895794188,-5.7733,38.500142857143));
#11864 = DIRECTION('',(0.,-0.709406297146,0.704799762748));
#11865 = DIRECTION('',(0.,0.704799762748,0.709406297146));
#11866 = ADVANCED_FACE('',(#11867),#11885,.T.);
#11867 = FACE_BOUND('',#11868,.T.);
#11868 = EDGE_LOOP('',(#11869,#11870,#11871,#11879));
#11869 = ORIENTED_EDGE('',*,*,#2473,.T.);
#11870 = ORIENTED_EDGE('',*,*,#11856,.T.);
#11871 = ORIENTED_EDGE('',*,*,#11872,.T.);
#11872 = EDGE_CURVE('',#11849,#11873,#11875,.T.);
#11873 = VERTEX_POINT('',#11874);
#11874 = CARTESIAN_POINT('',(-8.492895794188,-5.7278,38.568671428571));
#11875 = LINE('',#11876,#11877);
#11876 = CARTESIAN_POINT('',(-8.492895794188,-5.744885714286,
    38.528742857143));
#11877 = VECTOR('',#11878,1.);
#11878 = DIRECTION('',(0.,0.393403152889,0.919366063816));
#11879 = ORIENTED_EDGE('',*,*,#11880,.F.);
#11880 = EDGE_CURVE('',#2466,#11873,#11881,.T.);
#11881 = LINE('',#11882,#11883);
#11882 = CARTESIAN_POINT('',(-9.092895794188,-5.7278,38.568671428571));
#11883 = VECTOR('',#11884,1.);
#11884 = DIRECTION('',(1.,0.,0.));
#11885 = PLANE('',#11886);
#11886 = AXIS2_PLACEMENT_3D('',#11887,#11888,#11889);
#11887 = CARTESIAN_POINT('',(-9.092895794188,-5.744885714286,
    38.528742857143));
#11888 = DIRECTION('',(0.,-0.919366063816,0.393403152889));
#11889 = DIRECTION('',(0.,0.393403152889,0.919366063816));
#11890 = ADVANCED_FACE('',(#11891),#11909,.T.);
#11891 = FACE_BOUND('',#11892,.T.);
#11892 = EDGE_LOOP('',(#11893,#11894,#11895,#11903));
#11893 = ORIENTED_EDGE('',*,*,#2465,.T.);
#11894 = ORIENTED_EDGE('',*,*,#11880,.T.);
#11895 = ORIENTED_EDGE('',*,*,#11896,.T.);
#11896 = EDGE_CURVE('',#11873,#11897,#11899,.T.);
#11897 = VERTEX_POINT('',#11898);
#11898 = CARTESIAN_POINT('',(-8.492895794188,-5.710528571429,38.6086));
#11899 = LINE('',#11900,#11901);
#11900 = CARTESIAN_POINT('',(-8.492895794188,-5.7278,38.568671428571));
#11901 = VECTOR('',#11902,1.);
#11902 = DIRECTION('',(0.,0.397008348188,0.917814998499));
#11903 = ORIENTED_EDGE('',*,*,#11904,.F.);
#11904 = EDGE_CURVE('',#2458,#11897,#11905,.T.);
#11905 = LINE('',#11906,#11907);
#11906 = CARTESIAN_POINT('',(-9.092895794188,-5.710528571429,38.6086));
#11907 = VECTOR('',#11908,1.);
#11908 = DIRECTION('',(1.,0.,0.));
#11909 = PLANE('',#11910);
#11910 = AXIS2_PLACEMENT_3D('',#11911,#11912,#11913);
#11911 = CARTESIAN_POINT('',(-9.092895794188,-5.7278,38.568671428571));
#11912 = DIRECTION('',(0.,-0.917814998499,0.397008348188));
#11913 = DIRECTION('',(0.,0.397008348188,0.917814998499));
#11914 = ADVANCED_FACE('',(#11915),#11933,.T.);
#11915 = FACE_BOUND('',#11916,.T.);
#11916 = EDGE_LOOP('',(#11917,#11918,#11919,#11927));
#11917 = ORIENTED_EDGE('',*,*,#2457,.T.);
#11918 = ORIENTED_EDGE('',*,*,#11904,.T.);
#11919 = ORIENTED_EDGE('',*,*,#11920,.T.);
#11920 = EDGE_CURVE('',#11897,#11921,#11923,.T.);
#11921 = VERTEX_POINT('',#11922);
#11922 = CARTESIAN_POINT('',(-8.492895794188,-5.704957142857,38.6372));
#11923 = LINE('',#11924,#11925);
#11924 = CARTESIAN_POINT('',(-8.492895794188,-5.710528571429,38.6086));
#11925 = VECTOR('',#11926,1.);
#11926 = DIRECTION('',(0.,0.191210841639,0.981548987081));
#11927 = ORIENTED_EDGE('',*,*,#11928,.F.);
#11928 = EDGE_CURVE('',#2450,#11921,#11929,.T.);
#11929 = LINE('',#11930,#11931);
#11930 = CARTESIAN_POINT('',(-9.092895794188,-5.704957142857,38.6372));
#11931 = VECTOR('',#11932,1.);
#11932 = DIRECTION('',(1.,0.,0.));
#11933 = PLANE('',#11934);
#11934 = AXIS2_PLACEMENT_3D('',#11935,#11936,#11937);
#11935 = CARTESIAN_POINT('',(-9.092895794188,-5.710528571429,38.6086));
#11936 = DIRECTION('',(0.,-0.981548987081,0.191210841639));
#11937 = DIRECTION('',(0.,0.191210841639,0.981548987081));
#11938 = ADVANCED_FACE('',(#11939),#11957,.T.);
#11939 = FACE_BOUND('',#11940,.T.);
#11940 = EDGE_LOOP('',(#11941,#11942,#11943,#11951));
#11941 = ORIENTED_EDGE('',*,*,#2449,.T.);
#11942 = ORIENTED_EDGE('',*,*,#11928,.T.);
#11943 = ORIENTED_EDGE('',*,*,#11944,.T.);
#11944 = EDGE_CURVE('',#11921,#11945,#11947,.T.);
#11945 = VERTEX_POINT('',#11946);
#11946 = CARTESIAN_POINT('',(-8.492895794188,-5.6992,38.659857142857));
#11947 = LINE('',#11948,#11949);
#11948 = CARTESIAN_POINT('',(-8.492895794188,-5.704957142857,38.6372));
#11949 = VECTOR('',#11950,1.);
#11950 = DIRECTION('',(0.,0.246272303221,0.96920067719));
#11951 = ORIENTED_EDGE('',*,*,#11952,.F.);
#11952 = EDGE_CURVE('',#2442,#11945,#11953,.T.);
#11953 = LINE('',#11954,#11955);
#11954 = CARTESIAN_POINT('',(-9.092895794188,-5.6992,38.659857142857));
#11955 = VECTOR('',#11956,1.);
#11956 = DIRECTION('',(1.,0.,0.));
#11957 = PLANE('',#11958);
#11958 = AXIS2_PLACEMENT_3D('',#11959,#11960,#11961);
#11959 = CARTESIAN_POINT('',(-9.092895794188,-5.704957142857,38.6372));
#11960 = DIRECTION('',(0.,-0.96920067719,0.246272303221));
#11961 = DIRECTION('',(0.,0.246272303221,0.96920067719));
#11962 = ADVANCED_FACE('',(#11963),#11988,.T.);
#11963 = FACE_BOUND('',#11964,.T.);
#11964 = EDGE_LOOP('',(#11965,#11966,#11974,#11982));
#11965 = ORIENTED_EDGE('',*,*,#2433,.T.);
#11966 = ORIENTED_EDGE('',*,*,#11967,.T.);
#11967 = EDGE_CURVE('',#2434,#11968,#11970,.T.);
#11968 = VERTEX_POINT('',#11969);
#11969 = CARTESIAN_POINT('',(-8.492895794188,-5.6992,38.722628571429));
#11970 = LINE('',#11971,#11972);
#11971 = CARTESIAN_POINT('',(-9.092895794188,-5.6992,38.722628571429));
#11972 = VECTOR('',#11973,1.);
#11973 = DIRECTION('',(1.,0.,0.));
#11974 = ORIENTED_EDGE('',*,*,#11975,.T.);
#11975 = EDGE_CURVE('',#11968,#11976,#11978,.T.);
#11976 = VERTEX_POINT('',#11977);
#11977 = CARTESIAN_POINT('',(-8.492895794188,-5.704957142857,
    38.751228571429));
#11978 = LINE('',#11979,#11980);
#11979 = CARTESIAN_POINT('',(-8.492895794188,-5.6992,38.722628571429));
#11980 = VECTOR('',#11981,1.);
#11981 = DIRECTION('',(0.,-0.197340176951,0.980335072596));
#11982 = ORIENTED_EDGE('',*,*,#11983,.F.);
#11983 = EDGE_CURVE('',#2426,#11976,#11984,.T.);
#11984 = LINE('',#11985,#11986);
#11985 = CARTESIAN_POINT('',(-9.092895794188,-5.704957142857,
    38.751228571429));
#11986 = VECTOR('',#11987,1.);
#11987 = DIRECTION('',(1.,0.,0.));
#11988 = PLANE('',#11989);
#11989 = AXIS2_PLACEMENT_3D('',#11990,#11991,#11992);
#11990 = CARTESIAN_POINT('',(-9.092895794188,-5.6992,38.722628571429));
#11991 = DIRECTION('',(0.,-0.980335072596,-0.197340176951));
#11992 = DIRECTION('',(0.,-0.197340176951,0.980335072596));
#11993 = ADVANCED_FACE('',(#11994),#12012,.T.);
#11994 = FACE_BOUND('',#11995,.T.);
#11995 = EDGE_LOOP('',(#11996,#11997,#11998,#12006));
#11996 = ORIENTED_EDGE('',*,*,#2425,.T.);
#11997 = ORIENTED_EDGE('',*,*,#11983,.T.);
#11998 = ORIENTED_EDGE('',*,*,#11999,.T.);
#11999 = EDGE_CURVE('',#11976,#12000,#12002,.T.);
#12000 = VERTEX_POINT('',#12001);
#12001 = CARTESIAN_POINT('',(-8.492895794188,-5.716285714286,
    38.779828571429));
#12002 = LINE('',#12003,#12004);
#12003 = CARTESIAN_POINT('',(-8.492895794188,-5.704957142857,
    38.751228571429));
#12004 = VECTOR('',#12005,1.);
#12005 = DIRECTION('',(0.,-0.368265914122,0.929720504504));
#12006 = ORIENTED_EDGE('',*,*,#12007,.F.);
#12007 = EDGE_CURVE('',#2418,#12000,#12008,.T.);
#12008 = LINE('',#12009,#12010);
#12009 = CARTESIAN_POINT('',(-9.092895794188,-5.716285714286,
    38.779828571429));
#12010 = VECTOR('',#12011,1.);
#12011 = DIRECTION('',(1.,0.,0.));
#12012 = PLANE('',#12013);
#12013 = AXIS2_PLACEMENT_3D('',#12014,#12015,#12016);
#12014 = CARTESIAN_POINT('',(-9.092895794188,-5.704957142857,
    38.751228571429));
#12015 = DIRECTION('',(0.,-0.929720504504,-0.368265914122));
#12016 = DIRECTION('',(0.,-0.368265914122,0.929720504504));
#12017 = ADVANCED_FACE('',(#12018),#12036,.T.);
#12018 = FACE_BOUND('',#12019,.T.);
#12019 = EDGE_LOOP('',(#12020,#12021,#12022,#12030));
#12020 = ORIENTED_EDGE('',*,*,#2417,.T.);
#12021 = ORIENTED_EDGE('',*,*,#12007,.T.);
#12022 = ORIENTED_EDGE('',*,*,#12023,.T.);
#12023 = EDGE_CURVE('',#12000,#12024,#12026,.T.);
#12024 = VERTEX_POINT('',#12025);
#12025 = CARTESIAN_POINT('',(-8.492895794188,-5.722042857143,
    38.808242857143));
#12026 = LINE('',#12027,#12028);
#12027 = CARTESIAN_POINT('',(-8.492895794188,-5.716285714286,
    38.779828571429));
#12028 = VECTOR('',#12029,1.);
#12029 = DIRECTION('',(0.,-0.198579278868,0.980084827963));
#12030 = ORIENTED_EDGE('',*,*,#12031,.F.);
#12031 = EDGE_CURVE('',#2410,#12024,#12032,.T.);
#12032 = LINE('',#12033,#12034);
#12033 = CARTESIAN_POINT('',(-9.092895794188,-5.722042857143,
    38.808242857143));
#12034 = VECTOR('',#12035,1.);
#12035 = DIRECTION('',(1.,0.,0.));
#12036 = PLANE('',#12037);
#12037 = AXIS2_PLACEMENT_3D('',#12038,#12039,#12040);
#12038 = CARTESIAN_POINT('',(-9.092895794188,-5.716285714286,
    38.779828571429));
#12039 = DIRECTION('',(0.,-0.980084827963,-0.198579278868));
#12040 = DIRECTION('',(0.,-0.198579278868,0.980084827963));
#12041 = ADVANCED_FACE('',(#12042),#12060,.T.);
#12042 = FACE_BOUND('',#12043,.T.);
#12043 = EDGE_LOOP('',(#12044,#12045,#12046,#12054));
#12044 = ORIENTED_EDGE('',*,*,#2409,.T.);
#12045 = ORIENTED_EDGE('',*,*,#12031,.T.);
#12046 = ORIENTED_EDGE('',*,*,#12047,.T.);
#12047 = EDGE_CURVE('',#12024,#12048,#12050,.T.);
#12048 = VERTEX_POINT('',#12049);
#12049 = CARTESIAN_POINT('',(-8.492895794188,-5.739128571429,
    38.831085714286));
#12050 = LINE('',#12051,#12052);
#12051 = CARTESIAN_POINT('',(-8.492895794188,-5.722042857143,
    38.808242857143));
#12052 = VECTOR('',#12053,1.);
#12053 = DIRECTION('',(0.,-0.598957825591,0.80078057117));
#12054 = ORIENTED_EDGE('',*,*,#12055,.F.);
#12055 = EDGE_CURVE('',#2402,#12048,#12056,.T.);
#12056 = LINE('',#12057,#12058);
#12057 = CARTESIAN_POINT('',(-9.092895794188,-5.739128571429,
    38.831085714286));
#12058 = VECTOR('',#12059,1.);
#12059 = DIRECTION('',(1.,0.,0.));
#12060 = PLANE('',#12061);
#12061 = AXIS2_PLACEMENT_3D('',#12062,#12063,#12064);
#12062 = CARTESIAN_POINT('',(-9.092895794188,-5.722042857143,
    38.808242857143));
#12063 = DIRECTION('',(0.,-0.80078057117,-0.598957825591));
#12064 = DIRECTION('',(0.,-0.598957825591,0.80078057117));
#12065 = ADVANCED_FACE('',(#12066),#12084,.T.);
#12066 = FACE_BOUND('',#12067,.T.);
#12067 = EDGE_LOOP('',(#12068,#12069,#12070,#12078));
#12068 = ORIENTED_EDGE('',*,*,#2401,.T.);
#12069 = ORIENTED_EDGE('',*,*,#12055,.T.);
#12070 = ORIENTED_EDGE('',*,*,#12071,.T.);
#12071 = EDGE_CURVE('',#12048,#12072,#12074,.T.);
#12072 = VERTEX_POINT('',#12073);
#12073 = CARTESIAN_POINT('',(-8.492895794188,-5.750457142857,
    38.853928571429));
#12074 = LINE('',#12075,#12076);
#12075 = CARTESIAN_POINT('',(-8.492895794188,-5.739128571429,
    38.831085714286));
#12076 = VECTOR('',#12077,1.);
#12077 = DIRECTION('',(0.,-0.444297794845,0.895879160097));
#12078 = ORIENTED_EDGE('',*,*,#12079,.F.);
#12079 = EDGE_CURVE('',#2394,#12072,#12080,.T.);
#12080 = LINE('',#12081,#12082);
#12081 = CARTESIAN_POINT('',(-9.092895794188,-5.750457142857,
    38.853928571429));
#12082 = VECTOR('',#12083,1.);
#12083 = DIRECTION('',(1.,0.,0.));
#12084 = PLANE('',#12085);
#12085 = AXIS2_PLACEMENT_3D('',#12086,#12087,#12088);
#12086 = CARTESIAN_POINT('',(-9.092895794188,-5.739128571429,
    38.831085714286));
#12087 = DIRECTION('',(0.,-0.895879160097,-0.444297794845));
#12088 = DIRECTION('',(0.,-0.444297794845,0.895879160097));
#12089 = ADVANCED_FACE('',(#12090),#12108,.T.);
#12090 = FACE_BOUND('',#12091,.T.);
#12091 = EDGE_LOOP('',(#12092,#12093,#12094,#12102));
#12092 = ORIENTED_EDGE('',*,*,#2393,.T.);
#12093 = ORIENTED_EDGE('',*,*,#12079,.T.);
#12094 = ORIENTED_EDGE('',*,*,#12095,.T.);
#12095 = EDGE_CURVE('',#12072,#12096,#12098,.T.);
#12096 = VERTEX_POINT('',#12097);
#12097 = CARTESIAN_POINT('',(-8.492895794188,-5.767728571429,
    38.876771428571));
#12098 = LINE('',#12099,#12100);
#12099 = CARTESIAN_POINT('',(-8.492895794188,-5.750457142857,
    38.853928571429));
#12100 = VECTOR('',#12101,1.);
#12101 = DIRECTION('',(0.,-0.603108274872,0.797659331282));
#12102 = ORIENTED_EDGE('',*,*,#12103,.F.);
#12103 = EDGE_CURVE('',#2386,#12096,#12104,.T.);
#12104 = LINE('',#12105,#12106);
#12105 = CARTESIAN_POINT('',(-9.092895794188,-5.767728571429,
    38.876771428571));
#12106 = VECTOR('',#12107,1.);
#12107 = DIRECTION('',(1.,0.,0.));
#12108 = PLANE('',#12109);
#12109 = AXIS2_PLACEMENT_3D('',#12110,#12111,#12112);
#12110 = CARTESIAN_POINT('',(-9.092895794188,-5.750457142857,
    38.853928571429));
#12111 = DIRECTION('',(0.,-0.797659331282,-0.603108274872));
#12112 = DIRECTION('',(0.,-0.603108274872,0.797659331282));
#12113 = ADVANCED_FACE('',(#12114),#12132,.T.);
#12114 = FACE_BOUND('',#12115,.T.);
#12115 = EDGE_LOOP('',(#12116,#12117,#12118,#12126));
#12116 = ORIENTED_EDGE('',*,*,#2385,.T.);
#12117 = ORIENTED_EDGE('',*,*,#12103,.T.);
#12118 = ORIENTED_EDGE('',*,*,#12119,.T.);
#12119 = EDGE_CURVE('',#12096,#12120,#12122,.T.);
#12120 = VERTEX_POINT('',#12121);
#12121 = CARTESIAN_POINT('',(-8.492895794188,-5.790571428571,
    38.893857142857));
#12122 = LINE('',#12123,#12124);
#12123 = CARTESIAN_POINT('',(-8.492895794188,-5.767728571429,
    38.876771428571));
#12124 = VECTOR('',#12125,1.);
#12125 = DIRECTION('',(0.,-0.80078057117,0.598957825591));
#12126 = ORIENTED_EDGE('',*,*,#12127,.F.);
#12127 = EDGE_CURVE('',#2378,#12120,#12128,.T.);
#12128 = LINE('',#12129,#12130);
#12129 = CARTESIAN_POINT('',(-9.092895794188,-5.790571428571,
    38.893857142857));
#12130 = VECTOR('',#12131,1.);
#12131 = DIRECTION('',(1.,0.,0.));
#12132 = PLANE('',#12133);
#12133 = AXIS2_PLACEMENT_3D('',#12134,#12135,#12136);
#12134 = CARTESIAN_POINT('',(-9.092895794188,-5.767728571429,
    38.876771428571));
#12135 = DIRECTION('',(0.,-0.598957825591,-0.80078057117));
#12136 = DIRECTION('',(0.,-0.80078057117,0.598957825591));
#12137 = ADVANCED_FACE('',(#12138),#12156,.T.);
#12138 = FACE_BOUND('',#12139,.T.);
#12139 = EDGE_LOOP('',(#12140,#12141,#12142,#12150));
#12140 = ORIENTED_EDGE('',*,*,#2377,.T.);
#12141 = ORIENTED_EDGE('',*,*,#12127,.T.);
#12142 = ORIENTED_EDGE('',*,*,#12143,.T.);
#12143 = EDGE_CURVE('',#12120,#12144,#12146,.T.);
#12144 = VERTEX_POINT('',#12145);
#12145 = CARTESIAN_POINT('',(-8.492895794188,-5.807657142857,38.9167));
#12146 = LINE('',#12147,#12148);
#12147 = CARTESIAN_POINT('',(-8.492895794188,-5.790571428571,
    38.893857142857));
#12148 = VECTOR('',#12149,1.);
#12149 = DIRECTION('',(0.,-0.598957825591,0.80078057117));
#12150 = ORIENTED_EDGE('',*,*,#12151,.F.);
#12151 = EDGE_CURVE('',#2370,#12144,#12152,.T.);
#12152 = LINE('',#12153,#12154);
#12153 = CARTESIAN_POINT('',(-9.092895794188,-5.807657142857,38.9167));
#12154 = VECTOR('',#12155,1.);
#12155 = DIRECTION('',(1.,0.,0.));
#12156 = PLANE('',#12157);
#12157 = AXIS2_PLACEMENT_3D('',#12158,#12159,#12160);
#12158 = CARTESIAN_POINT('',(-9.092895794188,-5.790571428571,
    38.893857142857));
#12159 = DIRECTION('',(0.,-0.80078057117,-0.598957825591));
#12160 = DIRECTION('',(0.,-0.598957825591,0.80078057117));
#12161 = ADVANCED_FACE('',(#12162),#12180,.T.);
#12162 = FACE_BOUND('',#12163,.T.);
#12163 = EDGE_LOOP('',(#12164,#12165,#12166,#12174));
#12164 = ORIENTED_EDGE('',*,*,#2369,.T.);
#12165 = ORIENTED_EDGE('',*,*,#12151,.T.);
#12166 = ORIENTED_EDGE('',*,*,#12167,.T.);
#12167 = EDGE_CURVE('',#12144,#12168,#12170,.T.);
#12168 = VERTEX_POINT('',#12169);
#12169 = CARTESIAN_POINT('',(-8.492895794188,-5.836071428571,
    38.933785714286));
#12170 = LINE('',#12171,#12172);
#12171 = CARTESIAN_POINT('',(-8.492895794188,-5.807657142857,38.9167));
#12172 = VECTOR('',#12173,1.);
#12173 = DIRECTION('',(0.,-0.856998298068,0.515319238054));
#12174 = ORIENTED_EDGE('',*,*,#12175,.F.);
#12175 = EDGE_CURVE('',#2362,#12168,#12176,.T.);
#12176 = LINE('',#12177,#12178);
#12177 = CARTESIAN_POINT('',(-9.092895794188,-5.836071428571,
    38.933785714286));
#12178 = VECTOR('',#12179,1.);
#12179 = DIRECTION('',(1.,0.,0.));
#12180 = PLANE('',#12181);
#12181 = AXIS2_PLACEMENT_3D('',#12182,#12183,#12184);
#12182 = CARTESIAN_POINT('',(-9.092895794188,-5.807657142857,38.9167));
#12183 = DIRECTION('',(0.,-0.515319238054,-0.856998298068));
#12184 = DIRECTION('',(0.,-0.856998298068,0.515319238054));
#12185 = ADVANCED_FACE('',(#12186),#12204,.T.);
#12186 = FACE_BOUND('',#12187,.T.);
#12187 = EDGE_LOOP('',(#12188,#12189,#12190,#12198));
#12188 = ORIENTED_EDGE('',*,*,#2361,.T.);
#12189 = ORIENTED_EDGE('',*,*,#12175,.T.);
#12190 = ORIENTED_EDGE('',*,*,#12191,.T.);
#12191 = EDGE_CURVE('',#12168,#12192,#12194,.T.);
#12192 = VERTEX_POINT('',#12193);
#12193 = CARTESIAN_POINT('',(-8.492895794188,-5.858914285714,
    38.945114285714));
#12194 = LINE('',#12195,#12196);
#12195 = CARTESIAN_POINT('',(-8.492895794188,-5.836071428571,
    38.933785714286));
#12196 = VECTOR('',#12197,1.);
#12197 = DIRECTION('',(0.,-0.895879160097,0.444297794845));
#12198 = ORIENTED_EDGE('',*,*,#12199,.F.);
#12199 = EDGE_CURVE('',#2354,#12192,#12200,.T.);
#12200 = LINE('',#12201,#12202);
#12201 = CARTESIAN_POINT('',(-9.092895794188,-5.858914285714,
    38.945114285714));
#12202 = VECTOR('',#12203,1.);
#12203 = DIRECTION('',(1.,0.,0.));
#12204 = PLANE('',#12205);
#12205 = AXIS2_PLACEMENT_3D('',#12206,#12207,#12208);
#12206 = CARTESIAN_POINT('',(-9.092895794188,-5.836071428571,
    38.933785714286));
#12207 = DIRECTION('',(0.,-0.444297794845,-0.895879160097));
#12208 = DIRECTION('',(0.,-0.895879160097,0.444297794845));
#12209 = ADVANCED_FACE('',(#12210),#12228,.T.);
#12210 = FACE_BOUND('',#12211,.T.);
#12211 = EDGE_LOOP('',(#12212,#12213,#12214,#12222));
#12212 = ORIENTED_EDGE('',*,*,#2353,.T.);
#12213 = ORIENTED_EDGE('',*,*,#12199,.T.);
#12214 = ORIENTED_EDGE('',*,*,#12215,.T.);
#12215 = EDGE_CURVE('',#12192,#12216,#12218,.T.);
#12216 = VERTEX_POINT('',#12217);
#12217 = CARTESIAN_POINT('',(-8.492895794188,-5.887514285714,
    38.956628571429));
#12218 = LINE('',#12219,#12220);
#12219 = CARTESIAN_POINT('',(-8.492895794188,-5.858914285714,
    38.945114285714));
#12220 = VECTOR('',#12221,1.);
#12221 = DIRECTION('',(0.,-0.927643517938,0.373466870858));
#12222 = ORIENTED_EDGE('',*,*,#12223,.F.);
#12223 = EDGE_CURVE('',#2346,#12216,#12224,.T.);
#12224 = LINE('',#12225,#12226);
#12225 = CARTESIAN_POINT('',(-9.092895794188,-5.887514285714,
    38.956628571429));
#12226 = VECTOR('',#12227,1.);
#12227 = DIRECTION('',(1.,0.,0.));
#12228 = PLANE('',#12229);
#12229 = AXIS2_PLACEMENT_3D('',#12230,#12231,#12232);
#12230 = CARTESIAN_POINT('',(-9.092895794188,-5.858914285714,
    38.945114285714));
#12231 = DIRECTION('',(0.,-0.373466870858,-0.927643517938));
#12232 = DIRECTION('',(0.,-0.927643517938,0.373466870858));
#12233 = ADVANCED_FACE('',(#12234),#12252,.T.);
#12234 = FACE_BOUND('',#12235,.T.);
#12235 = EDGE_LOOP('',(#12236,#12237,#12238,#12246));
#12236 = ORIENTED_EDGE('',*,*,#2345,.T.);
#12237 = ORIENTED_EDGE('',*,*,#12223,.T.);
#12238 = ORIENTED_EDGE('',*,*,#12239,.T.);
#12239 = EDGE_CURVE('',#12216,#12240,#12242,.T.);
#12240 = VERTEX_POINT('',#12241);
#12241 = CARTESIAN_POINT('',(-8.492895794188,-5.915928571429,
    38.962385714286));
#12242 = LINE('',#12243,#12244);
#12243 = CARTESIAN_POINT('',(-8.492895794188,-5.887514285714,
    38.956628571429));
#12244 = VECTOR('',#12245,1.);
#12245 = DIRECTION('',(0.,-0.980084827963,0.198579278868));
#12246 = ORIENTED_EDGE('',*,*,#12247,.F.);
#12247 = EDGE_CURVE('',#2338,#12240,#12248,.T.);
#12248 = LINE('',#12249,#12250);
#12249 = CARTESIAN_POINT('',(-9.092895794188,-5.915928571429,
    38.962385714286));
#12250 = VECTOR('',#12251,1.);
#12251 = DIRECTION('',(1.,0.,0.));
#12252 = PLANE('',#12253);
#12253 = AXIS2_PLACEMENT_3D('',#12254,#12255,#12256);
#12254 = CARTESIAN_POINT('',(-9.092895794188,-5.887514285714,
    38.956628571429));
#12255 = DIRECTION('',(0.,-0.198579278868,-0.980084827963));
#12256 = DIRECTION('',(0.,-0.980084827963,0.198579278868));
#12257 = ADVANCED_FACE('',(#12258),#12276,.T.);
#12258 = FACE_BOUND('',#12259,.T.);
#12259 = EDGE_LOOP('',(#12260,#12261,#12262,#12270));
#12260 = ORIENTED_EDGE('',*,*,#2337,.T.);
#12261 = ORIENTED_EDGE('',*,*,#12247,.T.);
#12262 = ORIENTED_EDGE('',*,*,#12263,.T.);
#12263 = EDGE_CURVE('',#12240,#12264,#12266,.T.);
#12264 = VERTEX_POINT('',#12265);
#12265 = CARTESIAN_POINT('',(-8.492895794188,-5.950285714286,
    38.973714285714));
#12266 = LINE('',#12267,#12268);
#12267 = CARTESIAN_POINT('',(-8.492895794188,-5.915928571429,
    38.962385714286));
#12268 = VECTOR('',#12269,1.);
#12269 = DIRECTION('',(0.,-0.949705005976,0.313145974944));
#12270 = ORIENTED_EDGE('',*,*,#12271,.F.);
#12271 = EDGE_CURVE('',#2330,#12264,#12272,.T.);
#12272 = LINE('',#12273,#12274);
#12273 = CARTESIAN_POINT('',(-9.092895794188,-5.950285714286,
    38.973714285714));
#12274 = VECTOR('',#12275,1.);
#12275 = DIRECTION('',(1.,0.,0.));
#12276 = PLANE('',#12277);
#12277 = AXIS2_PLACEMENT_3D('',#12278,#12279,#12280);
#12278 = CARTESIAN_POINT('',(-9.092895794188,-5.915928571429,
    38.962385714286));
#12279 = DIRECTION('',(0.,-0.313145974944,-0.949705005976));
#12280 = DIRECTION('',(0.,-0.949705005976,0.313145974944));
#12281 = ADVANCED_FACE('',(#12282),#12307,.T.);
#12282 = FACE_BOUND('',#12283,.T.);
#12283 = EDGE_LOOP('',(#12284,#12285,#12293,#12301));
#12284 = ORIENTED_EDGE('',*,*,#2321,.T.);
#12285 = ORIENTED_EDGE('',*,*,#12286,.T.);
#12286 = EDGE_CURVE('',#2322,#12287,#12289,.T.);
#12287 = VERTEX_POINT('',#12288);
#12288 = CARTESIAN_POINT('',(-8.492895794188,-7.125485714286,
    38.973714285714));
#12289 = LINE('',#12290,#12291);
#12290 = CARTESIAN_POINT('',(-9.092895794188,-7.125485714286,
    38.973714285714));
#12291 = VECTOR('',#12292,1.);
#12292 = DIRECTION('',(1.,0.,0.));
#12293 = ORIENTED_EDGE('',*,*,#12294,.T.);
#12294 = EDGE_CURVE('',#12287,#12295,#12297,.T.);
#12295 = VERTEX_POINT('',#12296);
#12296 = CARTESIAN_POINT('',(-8.492895794188,-7.125485714286,
    40.114742857143));
#12297 = LINE('',#12298,#12299);
#12298 = CARTESIAN_POINT('',(-8.492895794188,-7.125485714286,
    38.973714285714));
#12299 = VECTOR('',#12300,1.);
#12300 = DIRECTION('',(0.,0.,1.));
#12301 = ORIENTED_EDGE('',*,*,#12302,.F.);
#12302 = EDGE_CURVE('',#2314,#12295,#12303,.T.);
#12303 = LINE('',#12304,#12305);
#12304 = CARTESIAN_POINT('',(-9.092895794188,-7.125485714286,
    40.114742857143));
#12305 = VECTOR('',#12306,1.);
#12306 = DIRECTION('',(1.,0.,0.));
#12307 = PLANE('',#12308);
#12308 = AXIS2_PLACEMENT_3D('',#12309,#12310,#12311);
#12309 = CARTESIAN_POINT('',(-9.092895794188,-7.125485714286,
    38.973714285714));
#12310 = DIRECTION('',(0.,-1.,0.));
#12311 = DIRECTION('',(0.,0.,1.));
#12312 = ADVANCED_FACE('',(#12313),#12338,.T.);
#12313 = FACE_BOUND('',#12314,.T.);
#12314 = EDGE_LOOP('',(#12315,#12316,#12324,#12332));
#12315 = ORIENTED_EDGE('',*,*,#3097,.T.);
#12316 = ORIENTED_EDGE('',*,*,#12317,.T.);
#12317 = EDGE_CURVE('',#3100,#12318,#12320,.T.);
#12318 = VERTEX_POINT('',#12319);
#12319 = CARTESIAN_POINT('',(-8.492895794188,-0.849828571429,
    42.258442857143));
#12320 = LINE('',#12321,#12322);
#12321 = CARTESIAN_POINT('',(-9.092895794188,-0.849828571429,
    42.258442857143));
#12322 = VECTOR('',#12323,1.);
#12323 = DIRECTION('',(1.,0.,0.));
#12324 = ORIENTED_EDGE('',*,*,#12325,.T.);
#12325 = EDGE_CURVE('',#12318,#12326,#12328,.T.);
#12326 = VERTEX_POINT('',#12327);
#12327 = CARTESIAN_POINT('',(-8.492895794188,-0.855585714286,
    42.287414285714));
#12328 = LINE('',#12329,#12330);
#12329 = CARTESIAN_POINT('',(-8.492895794188,-0.849828571429,
    42.258442857143));
#12330 = VECTOR('',#12331,1.);
#12331 = DIRECTION('',(0.,-0.19490688626,0.980821750212));
#12332 = ORIENTED_EDGE('',*,*,#12333,.F.);
#12333 = EDGE_CURVE('',#3098,#12326,#12334,.T.);
#12334 = LINE('',#12335,#12336);
#12335 = CARTESIAN_POINT('',(-9.092895794188,-0.855585714286,
    42.287414285714));
#12336 = VECTOR('',#12337,1.);
#12337 = DIRECTION('',(1.,0.,0.));
#12338 = PLANE('',#12339);
#12339 = AXIS2_PLACEMENT_3D('',#12340,#12341,#12342);
#12340 = CARTESIAN_POINT('',(-9.092895794188,-0.849828571429,
    42.258442857143));
#12341 = DIRECTION('',(0.,-0.980821750212,-0.19490688626));
#12342 = DIRECTION('',(0.,-0.19490688626,0.980821750212));
#12343 = ADVANCED_FACE('',(#12344),#12362,.T.);
#12344 = FACE_BOUND('',#12345,.T.);
#12345 = EDGE_LOOP('',(#12346,#12347,#12348,#12356));
#12346 = ORIENTED_EDGE('',*,*,#3555,.T.);
#12347 = ORIENTED_EDGE('',*,*,#12333,.T.);
#12348 = ORIENTED_EDGE('',*,*,#12349,.T.);
#12349 = EDGE_CURVE('',#12326,#12350,#12352,.T.);
#12350 = VERTEX_POINT('',#12351);
#12351 = CARTESIAN_POINT('',(-8.492895794188,-0.861157142857,
    42.321957142857));
#12352 = LINE('',#12353,#12354);
#12353 = CARTESIAN_POINT('',(-8.492895794188,-0.855585714286,
    42.287414285714));
#12354 = VECTOR('',#12355,1.);
#12355 = DIRECTION('',(0.,-0.159232438825,0.987241120713));
#12356 = ORIENTED_EDGE('',*,*,#12357,.F.);
#12357 = EDGE_CURVE('',#3548,#12350,#12358,.T.);
#12358 = LINE('',#12359,#12360);
#12359 = CARTESIAN_POINT('',(-9.092895794188,-0.861157142857,
    42.321957142857));
#12360 = VECTOR('',#12361,1.);
#12361 = DIRECTION('',(1.,0.,0.));
#12362 = PLANE('',#12363);
#12363 = AXIS2_PLACEMENT_3D('',#12364,#12365,#12366);
#12364 = CARTESIAN_POINT('',(-9.092895794188,-0.855585714286,
    42.287414285714));
#12365 = DIRECTION('',(0.,-0.987241120713,-0.159232438825));
#12366 = DIRECTION('',(0.,-0.159232438825,0.987241120713));
#12367 = ADVANCED_FACE('',(#12368),#12386,.T.);
#12368 = FACE_BOUND('',#12369,.T.);
#12369 = EDGE_LOOP('',(#12370,#12371,#12372,#12380));
#12370 = ORIENTED_EDGE('',*,*,#3547,.T.);
#12371 = ORIENTED_EDGE('',*,*,#12357,.T.);
#12372 = ORIENTED_EDGE('',*,*,#12373,.T.);
#12373 = EDGE_CURVE('',#12350,#12374,#12376,.T.);
#12374 = VERTEX_POINT('',#12375);
#12375 = CARTESIAN_POINT('',(-8.492895794188,-0.872671428571,
    42.333285714286));
#12376 = LINE('',#12377,#12378);
#12377 = CARTESIAN_POINT('',(-8.492895794188,-0.861157142857,
    42.321957142857));
#12378 = VECTOR('',#12379,1.);
#12379 = DIRECTION('',(0.,-0.712832058729,0.70133476746));
#12380 = ORIENTED_EDGE('',*,*,#12381,.F.);
#12381 = EDGE_CURVE('',#3540,#12374,#12382,.T.);
#12382 = LINE('',#12383,#12384);
#12383 = CARTESIAN_POINT('',(-9.092895794188,-0.872671428571,
    42.333285714286));
#12384 = VECTOR('',#12385,1.);
#12385 = DIRECTION('',(1.,0.,0.));
#12386 = PLANE('',#12387);
#12387 = AXIS2_PLACEMENT_3D('',#12388,#12389,#12390);
#12388 = CARTESIAN_POINT('',(-9.092895794188,-0.861157142857,
    42.321957142857));
#12389 = DIRECTION('',(0.,-0.70133476746,-0.712832058729));
#12390 = DIRECTION('',(0.,-0.712832058729,0.70133476746));
#12391 = ADVANCED_FACE('',(#12392),#12410,.T.);
#12392 = FACE_BOUND('',#12393,.T.);
#12393 = EDGE_LOOP('',(#12394,#12395,#12396,#12404));
#12394 = ORIENTED_EDGE('',*,*,#3539,.T.);
#12395 = ORIENTED_EDGE('',*,*,#12381,.T.);
#12396 = ORIENTED_EDGE('',*,*,#12397,.T.);
#12397 = EDGE_CURVE('',#12374,#12398,#12400,.T.);
#12398 = VERTEX_POINT('',#12399);
#12399 = CARTESIAN_POINT('',(-8.492895794188,-0.884,42.350742857143));
#12400 = LINE('',#12401,#12402);
#12401 = CARTESIAN_POINT('',(-8.492895794188,-0.872671428571,
    42.333285714286));
#12402 = VECTOR('',#12403,1.);
#12403 = DIRECTION('',(0.,-0.544360855445,0.838851154293));
#12404 = ORIENTED_EDGE('',*,*,#12405,.F.);
#12405 = EDGE_CURVE('',#3532,#12398,#12406,.T.);
#12406 = LINE('',#12407,#12408);
#12407 = CARTESIAN_POINT('',(-9.092895794188,-0.884,42.350742857143));
#12408 = VECTOR('',#12409,1.);
#12409 = DIRECTION('',(1.,0.,0.));
#12410 = PLANE('',#12411);
#12411 = AXIS2_PLACEMENT_3D('',#12412,#12413,#12414);
#12412 = CARTESIAN_POINT('',(-9.092895794188,-0.872671428571,
    42.333285714286));
#12413 = DIRECTION('',(0.,-0.838851154293,-0.544360855445));
#12414 = DIRECTION('',(0.,-0.544360855445,0.838851154293));
#12415 = ADVANCED_FACE('',(#12416),#12434,.T.);
#12416 = FACE_BOUND('',#12417,.T.);
#12417 = EDGE_LOOP('',(#12418,#12419,#12420,#12428));
#12418 = ORIENTED_EDGE('',*,*,#3531,.T.);
#12419 = ORIENTED_EDGE('',*,*,#12405,.T.);
#12420 = ORIENTED_EDGE('',*,*,#12421,.T.);
#12421 = EDGE_CURVE('',#12398,#12422,#12424,.T.);
#12422 = VERTEX_POINT('',#12423);
#12423 = CARTESIAN_POINT('',(-8.492895794188,-0.895514285714,
    42.368014285714));
#12424 = LINE('',#12425,#12426);
#12425 = CARTESIAN_POINT('',(-8.492895794188,-0.884,42.350742857143));
#12426 = VECTOR('',#12427,1.);
#12427 = DIRECTION('',(0.,-0.554700196225,0.832050294338));
#12428 = ORIENTED_EDGE('',*,*,#12429,.F.);
#12429 = EDGE_CURVE('',#3524,#12422,#12430,.T.);
#12430 = LINE('',#12431,#12432);
#12431 = CARTESIAN_POINT('',(-9.092895794188,-0.895514285714,
    42.368014285714));
#12432 = VECTOR('',#12433,1.);
#12433 = DIRECTION('',(1.,0.,0.));
#12434 = PLANE('',#12435);
#12435 = AXIS2_PLACEMENT_3D('',#12436,#12437,#12438);
#12436 = CARTESIAN_POINT('',(-9.092895794188,-0.884,42.350742857143));
#12437 = DIRECTION('',(0.,-0.832050294338,-0.554700196225));
#12438 = DIRECTION('',(0.,-0.554700196225,0.832050294338));
#12439 = ADVANCED_FACE('',(#12440),#12458,.T.);
#12440 = FACE_BOUND('',#12441,.T.);
#12441 = EDGE_LOOP('',(#12442,#12443,#12444,#12452));
#12442 = ORIENTED_EDGE('',*,*,#3523,.T.);
#12443 = ORIENTED_EDGE('',*,*,#12429,.T.);
#12444 = ORIENTED_EDGE('',*,*,#12445,.T.);
#12445 = EDGE_CURVE('',#12422,#12446,#12448,.T.);
#12446 = VERTEX_POINT('',#12447);
#12447 = CARTESIAN_POINT('',(-8.492895794188,-0.9126,42.379528571429));
#12448 = LINE('',#12449,#12450);
#12449 = CARTESIAN_POINT('',(-8.492895794188,-0.895514285714,
    42.368014285714));
#12450 = VECTOR('',#12451,1.);
#12451 = DIRECTION('',(0.,-0.829266427591,0.558853462072));
#12452 = ORIENTED_EDGE('',*,*,#12453,.F.);
#12453 = EDGE_CURVE('',#3516,#12446,#12454,.T.);
#12454 = LINE('',#12455,#12456);
#12455 = CARTESIAN_POINT('',(-9.092895794188,-0.9126,42.379528571429));
#12456 = VECTOR('',#12457,1.);
#12457 = DIRECTION('',(1.,0.,0.));
#12458 = PLANE('',#12459);
#12459 = AXIS2_PLACEMENT_3D('',#12460,#12461,#12462);
#12460 = CARTESIAN_POINT('',(-9.092895794188,-0.895514285714,
    42.368014285714));
#12461 = DIRECTION('',(0.,-0.558853462072,-0.829266427591));
#12462 = DIRECTION('',(0.,-0.829266427591,0.558853462072));
#12463 = ADVANCED_FACE('',(#12464),#12482,.T.);
#12464 = FACE_BOUND('',#12465,.T.);
#12465 = EDGE_LOOP('',(#12466,#12467,#12468,#12476));
#12466 = ORIENTED_EDGE('',*,*,#3515,.T.);
#12467 = ORIENTED_EDGE('',*,*,#12453,.T.);
#12468 = ORIENTED_EDGE('',*,*,#12469,.T.);
#12469 = EDGE_CURVE('',#12446,#12470,#12472,.T.);
#12470 = VERTEX_POINT('',#12471);
#12471 = CARTESIAN_POINT('',(-8.492895794188,-0.929685714286,
    42.385285714286));
#12472 = LINE('',#12473,#12474);
#12473 = CARTESIAN_POINT('',(-8.492895794188,-0.9126,42.379528571429));
#12474 = VECTOR('',#12475,1.);
#12475 = DIRECTION('',(0.,-0.947648212829,0.319316245627));
#12476 = ORIENTED_EDGE('',*,*,#12477,.F.);
#12477 = EDGE_CURVE('',#3508,#12470,#12478,.T.);
#12478 = LINE('',#12479,#12480);
#12479 = CARTESIAN_POINT('',(-9.092895794188,-0.929685714286,
    42.385285714286));
#12480 = VECTOR('',#12481,1.);
#12481 = DIRECTION('',(1.,0.,0.));
#12482 = PLANE('',#12483);
#12483 = AXIS2_PLACEMENT_3D('',#12484,#12485,#12486);
#12484 = CARTESIAN_POINT('',(-9.092895794188,-0.9126,42.379528571429));
#12485 = DIRECTION('',(0.,-0.319316245627,-0.947648212829));
#12486 = DIRECTION('',(0.,-0.947648212829,0.319316245627));
#12487 = ADVANCED_FACE('',(#12488),#12506,.T.);
#12488 = FACE_BOUND('',#12489,.T.);
#12489 = EDGE_LOOP('',(#12490,#12491,#12492,#12500));
#12490 = ORIENTED_EDGE('',*,*,#3507,.T.);
#12491 = ORIENTED_EDGE('',*,*,#12477,.T.);
#12492 = ORIENTED_EDGE('',*,*,#12493,.T.);
#12493 = EDGE_CURVE('',#12470,#12494,#12496,.T.);
#12494 = VERTEX_POINT('',#12495);
#12495 = CARTESIAN_POINT('',(-8.492895794188,-0.946771428571,42.3968));
#12496 = LINE('',#12497,#12498);
#12497 = CARTESIAN_POINT('',(-8.492895794188,-0.929685714286,
    42.385285714286));
#12498 = VECTOR('',#12499,1.);
#12499 = DIRECTION('',(0.,-0.829266427591,0.558853462072));
#12500 = ORIENTED_EDGE('',*,*,#12501,.F.);
#12501 = EDGE_CURVE('',#3500,#12494,#12502,.T.);
#12502 = LINE('',#12503,#12504);
#12503 = CARTESIAN_POINT('',(-9.092895794188,-0.946771428571,42.3968));
#12504 = VECTOR('',#12505,1.);
#12505 = DIRECTION('',(1.,0.,0.));
#12506 = PLANE('',#12507);
#12507 = AXIS2_PLACEMENT_3D('',#12508,#12509,#12510);
#12508 = CARTESIAN_POINT('',(-9.092895794188,-0.929685714286,
    42.385285714286));
#12509 = DIRECTION('',(0.,-0.558853462072,-0.829266427591));
#12510 = DIRECTION('',(0.,-0.829266427591,0.558853462072));
#12511 = ADVANCED_FACE('',(#12512),#12537,.T.);
#12512 = FACE_BOUND('',#12513,.T.);
#12513 = EDGE_LOOP('',(#12514,#12515,#12523,#12531));
#12514 = ORIENTED_EDGE('',*,*,#3491,.T.);
#12515 = ORIENTED_EDGE('',*,*,#12516,.T.);
#12516 = EDGE_CURVE('',#3492,#12517,#12519,.T.);
#12517 = VERTEX_POINT('',#12518);
#12518 = CARTESIAN_POINT('',(-8.492895794188,-2.561371428571,42.3968));
#12519 = LINE('',#12520,#12521);
#12520 = CARTESIAN_POINT('',(-9.092895794188,-2.561371428571,42.3968));
#12521 = VECTOR('',#12522,1.);
#12522 = DIRECTION('',(1.,0.,0.));
#12523 = ORIENTED_EDGE('',*,*,#12524,.T.);
#12524 = EDGE_CURVE('',#12517,#12525,#12527,.T.);
#12525 = VERTEX_POINT('',#12526);
#12526 = CARTESIAN_POINT('',(-8.492895794188,-2.589971428571,
    42.391228571429));
#12527 = LINE('',#12528,#12529);
#12528 = CARTESIAN_POINT('',(-8.492895794188,-2.561371428571,42.3968));
#12529 = VECTOR('',#12530,1.);
#12530 = DIRECTION('',(0.,-0.981548987081,-0.191210841639));
#12531 = ORIENTED_EDGE('',*,*,#12532,.F.);
#12532 = EDGE_CURVE('',#3484,#12525,#12533,.T.);
#12533 = LINE('',#12534,#12535);
#12534 = CARTESIAN_POINT('',(-9.092895794188,-2.589971428571,
    42.391228571429));
#12535 = VECTOR('',#12536,1.);
#12536 = DIRECTION('',(1.,0.,0.));
#12537 = PLANE('',#12538);
#12538 = AXIS2_PLACEMENT_3D('',#12539,#12540,#12541);
#12539 = CARTESIAN_POINT('',(-9.092895794188,-2.561371428571,42.3968));
#12540 = DIRECTION('',(0.,0.191210841639,-0.981548987081));
#12541 = DIRECTION('',(0.,-0.981548987081,-0.191210841639));
#12542 = ADVANCED_FACE('',(#12543),#12561,.T.);
#12543 = FACE_BOUND('',#12544,.T.);
#12544 = EDGE_LOOP('',(#12545,#12546,#12547,#12555));
#12545 = ORIENTED_EDGE('',*,*,#3483,.T.);
#12546 = ORIENTED_EDGE('',*,*,#12532,.T.);
#12547 = ORIENTED_EDGE('',*,*,#12548,.T.);
#12548 = EDGE_CURVE('',#12525,#12549,#12551,.T.);
#12549 = VERTEX_POINT('',#12550);
#12550 = CARTESIAN_POINT('',(-8.492895794188,-2.624142857143,
    42.385842857143));
#12551 = LINE('',#12552,#12553);
#12552 = CARTESIAN_POINT('',(-8.492895794188,-2.589971428571,
    42.391228571429));
#12553 = VECTOR('',#12554,1.);
#12554 = DIRECTION('',(0.,-0.987806455345,-0.155686886984));
#12555 = ORIENTED_EDGE('',*,*,#12556,.F.);
#12556 = EDGE_CURVE('',#3476,#12549,#12557,.T.);
#12557 = LINE('',#12558,#12559);
#12558 = CARTESIAN_POINT('',(-9.092895794188,-2.624142857143,
    42.385842857143));
#12559 = VECTOR('',#12560,1.);
#12560 = DIRECTION('',(1.,0.,0.));
#12561 = PLANE('',#12562);
#12562 = AXIS2_PLACEMENT_3D('',#12563,#12564,#12565);
#12563 = CARTESIAN_POINT('',(-9.092895794188,-2.589971428571,
    42.391228571429));
#12564 = DIRECTION('',(0.,0.155686886984,-0.987806455345));
#12565 = DIRECTION('',(0.,-0.987806455345,-0.155686886984));
#12566 = ADVANCED_FACE('',(#12567),#12585,.T.);
#12567 = FACE_BOUND('',#12568,.T.);
#12568 = EDGE_LOOP('',(#12569,#12570,#12571,#12579));
#12569 = ORIENTED_EDGE('',*,*,#3475,.T.);
#12570 = ORIENTED_EDGE('',*,*,#12556,.T.);
#12571 = ORIENTED_EDGE('',*,*,#12572,.T.);
#12572 = EDGE_CURVE('',#12549,#12573,#12575,.T.);
#12573 = VERTEX_POINT('',#12574);
#12574 = CARTESIAN_POINT('',(-8.492895794188,-2.646985714286,
    42.369314285714));
#12575 = LINE('',#12576,#12577);
#12576 = CARTESIAN_POINT('',(-8.492895794188,-2.624142857143,
    42.385842857143));
#12577 = VECTOR('',#12578,1.);
#12578 = DIRECTION('',(0.,-0.810157853985,-0.586211780526));
#12579 = ORIENTED_EDGE('',*,*,#12580,.F.);
#12580 = EDGE_CURVE('',#3468,#12573,#12581,.T.);
#12581 = LINE('',#12582,#12583);
#12582 = CARTESIAN_POINT('',(-9.092895794188,-2.646985714286,
    42.369314285714));
#12583 = VECTOR('',#12584,1.);
#12584 = DIRECTION('',(1.,0.,0.));
#12585 = PLANE('',#12586);
#12586 = AXIS2_PLACEMENT_3D('',#12587,#12588,#12589);
#12587 = CARTESIAN_POINT('',(-9.092895794188,-2.624142857143,
    42.385842857143));
#12588 = DIRECTION('',(0.,0.586211780526,-0.810157853985));
#12589 = DIRECTION('',(0.,-0.810157853985,-0.586211780526));
#12590 = ADVANCED_FACE('',(#12591),#12609,.T.);
#12591 = FACE_BOUND('',#12592,.T.);
#12592 = EDGE_LOOP('',(#12593,#12594,#12595,#12603));
#12593 = ORIENTED_EDGE('',*,*,#3467,.T.);
#12594 = ORIENTED_EDGE('',*,*,#12580,.T.);
#12595 = ORIENTED_EDGE('',*,*,#12596,.T.);
#12596 = EDGE_CURVE('',#12573,#12597,#12599,.T.);
#12597 = VERTEX_POINT('',#12598);
#12598 = CARTESIAN_POINT('',(-8.492895794188,-2.6754,42.342014285714));
#12599 = LINE('',#12600,#12601);
#12600 = CARTESIAN_POINT('',(-8.492895794188,-2.646985714286,
    42.369314285714));
#12601 = VECTOR('',#12602,1.);
#12602 = DIRECTION('',(0.,-0.721104710287,-0.692826094198));
#12603 = ORIENTED_EDGE('',*,*,#12604,.F.);
#12604 = EDGE_CURVE('',#3460,#12597,#12605,.T.);
#12605 = LINE('',#12606,#12607);
#12606 = CARTESIAN_POINT('',(-9.092895794188,-2.6754,42.342014285714));
#12607 = VECTOR('',#12608,1.);
#12608 = DIRECTION('',(1.,0.,0.));
#12609 = PLANE('',#12610);
#12610 = AXIS2_PLACEMENT_3D('',#12611,#12612,#12613);
#12611 = CARTESIAN_POINT('',(-9.092895794188,-2.646985714286,
    42.369314285714));
#12612 = DIRECTION('',(0.,0.692826094198,-0.721104710287));
#12613 = DIRECTION('',(0.,-0.721104710287,-0.692826094198));
#12614 = ADVANCED_FACE('',(#12615),#12633,.T.);
#12615 = FACE_BOUND('',#12616,.T.);
#12616 = EDGE_LOOP('',(#12617,#12618,#12619,#12627));
#12617 = ORIENTED_EDGE('',*,*,#3459,.T.);
#12618 = ORIENTED_EDGE('',*,*,#12604,.T.);
#12619 = ORIENTED_EDGE('',*,*,#12620,.T.);
#12620 = EDGE_CURVE('',#12597,#12621,#12623,.T.);
#12621 = VERTEX_POINT('',#12622);
#12622 = CARTESIAN_POINT('',(-8.492895794188,-2.692671428571,
    42.314528571429));
#12623 = LINE('',#12624,#12625);
#12624 = CARTESIAN_POINT('',(-8.492895794188,-2.6754,42.342014285714));
#12625 = VECTOR('',#12626,1.);
#12626 = DIRECTION('',(0.,-0.532054374811,-0.846710187871));
#12627 = ORIENTED_EDGE('',*,*,#12628,.F.);
#12628 = EDGE_CURVE('',#3452,#12621,#12629,.T.);
#12629 = LINE('',#12630,#12631);
#12630 = CARTESIAN_POINT('',(-9.092895794188,-2.692671428571,
    42.314528571429));
#12631 = VECTOR('',#12632,1.);
#12632 = DIRECTION('',(1.,0.,0.));
#12633 = PLANE('',#12634);
#12634 = AXIS2_PLACEMENT_3D('',#12635,#12636,#12637);
#12635 = CARTESIAN_POINT('',(-9.092895794188,-2.6754,42.342014285714));
#12636 = DIRECTION('',(0.,0.846710187871,-0.532054374811));
#12637 = DIRECTION('',(0.,-0.532054374811,-0.846710187871));
#12638 = ADVANCED_FACE('',(#12639),#12657,.T.);
#12639 = FACE_BOUND('',#12640,.T.);
#12640 = EDGE_LOOP('',(#12641,#12642,#12643,#12651));
#12641 = ORIENTED_EDGE('',*,*,#3451,.T.);
#12642 = ORIENTED_EDGE('',*,*,#12628,.T.);
#12643 = ORIENTED_EDGE('',*,*,#12644,.T.);
#12644 = EDGE_CURVE('',#12621,#12645,#12647,.T.);
#12645 = VERTEX_POINT('',#12646);
#12646 = CARTESIAN_POINT('',(-8.492895794188,-2.704,42.287228571429));
#12647 = LINE('',#12648,#12649);
#12648 = CARTESIAN_POINT('',(-8.492895794188,-2.692671428571,
    42.314528571429));
#12649 = VECTOR('',#12650,1.);
#12650 = DIRECTION('',(0.,-0.383276542478,-0.923633635153));
#12651 = ORIENTED_EDGE('',*,*,#12652,.F.);
#12652 = EDGE_CURVE('',#3444,#12645,#12653,.T.);
#12653 = LINE('',#12654,#12655);
#12654 = CARTESIAN_POINT('',(-9.092895794188,-2.704,42.287228571429));
#12655 = VECTOR('',#12656,1.);
#12656 = DIRECTION('',(1.,0.,0.));
#12657 = PLANE('',#12658);
#12658 = AXIS2_PLACEMENT_3D('',#12659,#12660,#12661);
#12659 = CARTESIAN_POINT('',(-9.092895794188,-2.692671428571,
    42.314528571429));
#12660 = DIRECTION('',(0.,0.923633635153,-0.383276542478));
#12661 = DIRECTION('',(0.,-0.383276542478,-0.923633635153));
#12662 = ADVANCED_FACE('',(#12663),#12688,.T.);
#12663 = FACE_BOUND('',#12664,.T.);
#12664 = EDGE_LOOP('',(#12665,#12666,#12674,#12682));
#12665 = ORIENTED_EDGE('',*,*,#3435,.T.);
#12666 = ORIENTED_EDGE('',*,*,#12667,.T.);
#12667 = EDGE_CURVE('',#3436,#12668,#12670,.T.);
#12668 = VERTEX_POINT('',#12669);
#12669 = CARTESIAN_POINT('',(-8.492895794188,-2.704,41.946257142857));
#12670 = LINE('',#12671,#12672);
#12671 = CARTESIAN_POINT('',(-9.092895794188,-2.704,41.946257142857));
#12672 = VECTOR('',#12673,1.);
#12673 = DIRECTION('',(1.,0.,0.));
#12674 = ORIENTED_EDGE('',*,*,#12675,.T.);
#12675 = EDGE_CURVE('',#12668,#12676,#12678,.T.);
#12676 = VERTEX_POINT('',#12677);
#12677 = CARTESIAN_POINT('',(-8.492895794188,-2.698242857143,
    41.928428571429));
#12678 = LINE('',#12679,#12680);
#12679 = CARTESIAN_POINT('',(-8.492895794188,-2.704,41.946257142857));
#12680 = VECTOR('',#12681,1.);
#12681 = DIRECTION('',(-0.,0.307292390957,-0.951615146191));
#12682 = ORIENTED_EDGE('',*,*,#12683,.F.);
#12683 = EDGE_CURVE('',#3428,#12676,#12684,.T.);
#12684 = LINE('',#12685,#12686);
#12685 = CARTESIAN_POINT('',(-9.092895794188,-2.698242857143,
    41.928428571429));
#12686 = VECTOR('',#12687,1.);
#12687 = DIRECTION('',(1.,0.,0.));
#12688 = PLANE('',#12689);
#12689 = AXIS2_PLACEMENT_3D('',#12690,#12691,#12692);
#12690 = CARTESIAN_POINT('',(-9.092895794188,-2.704,41.946257142857));
#12691 = DIRECTION('',(-0.,0.951615146191,0.307292390957));
#12692 = DIRECTION('',(0.,0.307292390957,-0.951615146191));
#12693 = ADVANCED_FACE('',(#12694),#12712,.T.);
#12694 = FACE_BOUND('',#12695,.T.);
#12695 = EDGE_LOOP('',(#12696,#12697,#12698,#12706));
#12696 = ORIENTED_EDGE('',*,*,#3427,.T.);
#12697 = ORIENTED_EDGE('',*,*,#12683,.T.);
#12698 = ORIENTED_EDGE('',*,*,#12699,.T.);
#12699 = EDGE_CURVE('',#12676,#12700,#12702,.T.);
#12700 = VERTEX_POINT('',#12701);
#12701 = CARTESIAN_POINT('',(-8.492895794188,-2.692671428571,
    41.910414285714));
#12702 = LINE('',#12703,#12704);
#12703 = CARTESIAN_POINT('',(-8.492895794188,-2.698242857143,
    41.928428571429));
#12704 = VECTOR('',#12705,1.);
#12705 = DIRECTION('',(-0.,0.295469722922,-0.955352104115));
#12706 = ORIENTED_EDGE('',*,*,#12707,.F.);
#12707 = EDGE_CURVE('',#3420,#12700,#12708,.T.);
#12708 = LINE('',#12709,#12710);
#12709 = CARTESIAN_POINT('',(-9.092895794188,-2.692671428571,
    41.910414285714));
#12710 = VECTOR('',#12711,1.);
#12711 = DIRECTION('',(1.,0.,0.));
#12712 = PLANE('',#12713);
#12713 = AXIS2_PLACEMENT_3D('',#12714,#12715,#12716);
#12714 = CARTESIAN_POINT('',(-9.092895794188,-2.698242857143,
    41.928428571429));
#12715 = DIRECTION('',(-0.,0.955352104115,0.295469722922));
#12716 = DIRECTION('',(0.,0.295469722922,-0.955352104115));
#12717 = ADVANCED_FACE('',(#12718),#12736,.T.);
#12718 = FACE_BOUND('',#12719,.T.);
#12719 = EDGE_LOOP('',(#12720,#12721,#12722,#12730));
#12720 = ORIENTED_EDGE('',*,*,#3419,.T.);
#12721 = ORIENTED_EDGE('',*,*,#12707,.T.);
#12722 = ORIENTED_EDGE('',*,*,#12723,.T.);
#12723 = EDGE_CURVE('',#12700,#12724,#12726,.T.);
#12724 = VERTEX_POINT('',#12725);
#12725 = CARTESIAN_POINT('',(-8.492895794188,-2.681157142857,41.8924));
#12726 = LINE('',#12727,#12728);
#12727 = CARTESIAN_POINT('',(-8.492895794188,-2.692671428571,
    41.910414285714));
#12728 = VECTOR('',#12729,1.);
#12729 = DIRECTION('',(-0.,0.538560615351,-0.842586769178));
#12730 = ORIENTED_EDGE('',*,*,#12731,.F.);
#12731 = EDGE_CURVE('',#3412,#12724,#12732,.T.);
#12732 = LINE('',#12733,#12734);
#12733 = CARTESIAN_POINT('',(-9.092895794188,-2.681157142857,41.8924));
#12734 = VECTOR('',#12735,1.);
#12735 = DIRECTION('',(1.,0.,0.));
#12736 = PLANE('',#12737);
#12737 = AXIS2_PLACEMENT_3D('',#12738,#12739,#12740);
#12738 = CARTESIAN_POINT('',(-9.092895794188,-2.692671428571,
    41.910414285714));
#12739 = DIRECTION('',(-0.,0.842586769178,0.538560615351));
#12740 = DIRECTION('',(0.,0.538560615351,-0.842586769178));
#12741 = ADVANCED_FACE('',(#12742),#12760,.T.);
#12742 = FACE_BOUND('',#12743,.T.);
#12743 = EDGE_LOOP('',(#12744,#12745,#12746,#12754));
#12744 = ORIENTED_EDGE('',*,*,#3411,.T.);
#12745 = ORIENTED_EDGE('',*,*,#12731,.T.);
#12746 = ORIENTED_EDGE('',*,*,#12747,.T.);
#12747 = EDGE_CURVE('',#12724,#12748,#12750,.T.);
#12748 = VERTEX_POINT('',#12749);
#12749 = CARTESIAN_POINT('',(-8.492895794188,-2.669828571429,41.8742));
#12750 = LINE('',#12751,#12752);
#12751 = CARTESIAN_POINT('',(-8.492895794188,-2.681157142857,41.8924));
#12752 = VECTOR('',#12753,1.);
#12753 = DIRECTION('',(-0.,0.528440659826,-0.848970240375));
#12754 = ORIENTED_EDGE('',*,*,#12755,.F.);
#12755 = EDGE_CURVE('',#3404,#12748,#12756,.T.);
#12756 = LINE('',#12757,#12758);
#12757 = CARTESIAN_POINT('',(-9.092895794188,-2.669828571429,41.8742));
#12758 = VECTOR('',#12759,1.);
#12759 = DIRECTION('',(1.,0.,0.));
#12760 = PLANE('',#12761);
#12761 = AXIS2_PLACEMENT_3D('',#12762,#12763,#12764);
#12762 = CARTESIAN_POINT('',(-9.092895794188,-2.681157142857,41.8924));
#12763 = DIRECTION('',(-0.,0.848970240375,0.528440659826));
#12764 = DIRECTION('',(0.,0.528440659826,-0.848970240375));
#12765 = ADVANCED_FACE('',(#12766),#12784,.T.);
#12766 = FACE_BOUND('',#12767,.T.);
#12767 = EDGE_LOOP('',(#12768,#12769,#12770,#12778));
#12768 = ORIENTED_EDGE('',*,*,#3403,.T.);
#12769 = ORIENTED_EDGE('',*,*,#12755,.T.);
#12770 = ORIENTED_EDGE('',*,*,#12771,.T.);
#12771 = EDGE_CURVE('',#12748,#12772,#12774,.T.);
#12772 = VERTEX_POINT('',#12773);
#12773 = CARTESIAN_POINT('',(-8.492895794188,-2.658314285714,
    41.856185714286));
#12774 = LINE('',#12775,#12776);
#12775 = CARTESIAN_POINT('',(-8.492895794188,-2.669828571429,41.8742));
#12776 = VECTOR('',#12777,1.);
#12777 = DIRECTION('',(-0.,0.538560615351,-0.842586769178));
#12778 = ORIENTED_EDGE('',*,*,#12779,.F.);
#12779 = EDGE_CURVE('',#3396,#12772,#12780,.T.);
#12780 = LINE('',#12781,#12782);
#12781 = CARTESIAN_POINT('',(-9.092895794188,-2.658314285714,
    41.856185714286));
#12782 = VECTOR('',#12783,1.);
#12783 = DIRECTION('',(1.,0.,0.));
#12784 = PLANE('',#12785);
#12785 = AXIS2_PLACEMENT_3D('',#12786,#12787,#12788);
#12786 = CARTESIAN_POINT('',(-9.092895794188,-2.669828571429,41.8742));
#12787 = DIRECTION('',(-0.,0.842586769178,0.538560615351));
#12788 = DIRECTION('',(0.,0.538560615351,-0.842586769178));
#12789 = ADVANCED_FACE('',(#12790),#12808,.T.);
#12790 = FACE_BOUND('',#12791,.T.);
#12791 = EDGE_LOOP('',(#12792,#12793,#12794,#12802));
#12792 = ORIENTED_EDGE('',*,*,#3395,.T.);
#12793 = ORIENTED_EDGE('',*,*,#12779,.T.);
#12794 = ORIENTED_EDGE('',*,*,#12795,.T.);
#12795 = EDGE_CURVE('',#12772,#12796,#12798,.T.);
#12796 = VERTEX_POINT('',#12797);
#12797 = CARTESIAN_POINT('',(-8.492895794188,-2.641228571429,41.8443));
#12798 = LINE('',#12799,#12800);
#12799 = CARTESIAN_POINT('',(-8.492895794188,-2.658314285714,
    41.856185714286));
#12800 = VECTOR('',#12801,1.);
#12801 = DIRECTION('',(-0.,0.820905201785,-0.571064488199));
#12802 = ORIENTED_EDGE('',*,*,#12803,.F.);
#12803 = EDGE_CURVE('',#3388,#12796,#12804,.T.);
#12804 = LINE('',#12805,#12806);
#12805 = CARTESIAN_POINT('',(-9.092895794188,-2.641228571429,41.8443));
#12806 = VECTOR('',#12807,1.);
#12807 = DIRECTION('',(1.,0.,0.));
#12808 = PLANE('',#12809);
#12809 = AXIS2_PLACEMENT_3D('',#12810,#12811,#12812);
#12810 = CARTESIAN_POINT('',(-9.092895794188,-2.658314285714,
    41.856185714286));
#12811 = DIRECTION('',(-0.,0.571064488199,0.820905201785));
#12812 = DIRECTION('',(0.,0.820905201785,-0.571064488199));
#12813 = ADVANCED_FACE('',(#12814),#12832,.T.);
#12814 = FACE_BOUND('',#12815,.T.);
#12815 = EDGE_LOOP('',(#12816,#12817,#12818,#12826));
#12816 = ORIENTED_EDGE('',*,*,#3387,.T.);
#12817 = ORIENTED_EDGE('',*,*,#12803,.T.);
#12818 = ORIENTED_EDGE('',*,*,#12819,.T.);
#12819 = EDGE_CURVE('',#12796,#12820,#12822,.T.);
#12820 = VERTEX_POINT('',#12821);
#12821 = CARTESIAN_POINT('',(-8.492895794188,-2.624142857143,
    41.832228571429));
#12822 = LINE('',#12823,#12824);
#12823 = CARTESIAN_POINT('',(-8.492895794188,-2.641228571429,41.8443));
#12824 = VECTOR('',#12825,1.);
#12825 = DIRECTION('',(-0.,0.816721763686,-0.577031680865));
#12826 = ORIENTED_EDGE('',*,*,#12827,.F.);
#12827 = EDGE_CURVE('',#3380,#12820,#12828,.T.);
#12828 = LINE('',#12829,#12830);
#12829 = CARTESIAN_POINT('',(-9.092895794188,-2.624142857143,
    41.832228571429));
#12830 = VECTOR('',#12831,1.);
#12831 = DIRECTION('',(1.,0.,0.));
#12832 = PLANE('',#12833);
#12833 = AXIS2_PLACEMENT_3D('',#12834,#12835,#12836);
#12834 = CARTESIAN_POINT('',(-9.092895794188,-2.641228571429,41.8443));
#12835 = DIRECTION('',(-0.,0.577031680865,0.816721763686));
#12836 = DIRECTION('',(0.,0.816721763686,-0.577031680865));
#12837 = ADVANCED_FACE('',(#12838),#12856,.T.);
#12838 = FACE_BOUND('',#12839,.T.);
#12839 = EDGE_LOOP('',(#12840,#12841,#12842,#12850));
#12840 = ORIENTED_EDGE('',*,*,#3379,.T.);
#12841 = ORIENTED_EDGE('',*,*,#12827,.T.);
#12842 = ORIENTED_EDGE('',*,*,#12843,.T.);
#12843 = EDGE_CURVE('',#12820,#12844,#12846,.T.);
#12844 = VERTEX_POINT('',#12845);
#12845 = CARTESIAN_POINT('',(-8.492895794188,-2.589971428571,
    41.826285714286));
#12846 = LINE('',#12847,#12848);
#12847 = CARTESIAN_POINT('',(-8.492895794188,-2.624142857143,
    41.832228571429));
#12848 = VECTOR('',#12849,1.);
#12849 = DIRECTION('',(-0.,0.98521175482,-0.171341174751));
#12850 = ORIENTED_EDGE('',*,*,#12851,.F.);
#12851 = EDGE_CURVE('',#3372,#12844,#12852,.T.);
#12852 = LINE('',#12853,#12854);
#12853 = CARTESIAN_POINT('',(-9.092895794188,-2.589971428571,
    41.826285714286));
#12854 = VECTOR('',#12855,1.);
#12855 = DIRECTION('',(1.,0.,0.));
#12856 = PLANE('',#12857);
#12857 = AXIS2_PLACEMENT_3D('',#12858,#12859,#12860);
#12858 = CARTESIAN_POINT('',(-9.092895794188,-2.624142857143,
    41.832228571429));
#12859 = DIRECTION('',(-0.,0.171341174751,0.98521175482));
#12860 = DIRECTION('',(0.,0.98521175482,-0.171341174751));
#12861 = ADVANCED_FACE('',(#12862),#12887,.T.);
#12862 = FACE_BOUND('',#12863,.T.);
#12863 = EDGE_LOOP('',(#12864,#12865,#12873,#12881));
#12864 = ORIENTED_EDGE('',*,*,#3363,.T.);
#12865 = ORIENTED_EDGE('',*,*,#12866,.T.);
#12866 = EDGE_CURVE('',#3364,#12867,#12869,.T.);
#12867 = VERTEX_POINT('',#12868);
#12868 = CARTESIAN_POINT('',(-8.492895794188,-1.420342857143,
    41.826285714286));
#12869 = LINE('',#12870,#12871);
#12870 = CARTESIAN_POINT('',(-9.092895794188,-1.420342857143,
    41.826285714286));
#12871 = VECTOR('',#12872,1.);
#12872 = DIRECTION('',(1.,0.,0.));
#12873 = ORIENTED_EDGE('',*,*,#12874,.T.);
#12874 = EDGE_CURVE('',#12867,#12875,#12877,.T.);
#12875 = VERTEX_POINT('',#12876);
#12876 = CARTESIAN_POINT('',(-8.492895794188,-1.420342857143,
    40.685257142857));
#12877 = LINE('',#12878,#12879);
#12878 = CARTESIAN_POINT('',(-8.492895794188,-1.420342857143,
    41.826285714286));
#12879 = VECTOR('',#12880,1.);
#12880 = DIRECTION('',(0.,0.,-1.));
#12881 = ORIENTED_EDGE('',*,*,#12882,.F.);
#12882 = EDGE_CURVE('',#3356,#12875,#12883,.T.);
#12883 = LINE('',#12884,#12885);
#12884 = CARTESIAN_POINT('',(-9.092895794188,-1.420342857143,
    40.685257142857));
#12885 = VECTOR('',#12886,1.);
#12886 = DIRECTION('',(1.,0.,0.));
#12887 = PLANE('',#12888);
#12888 = AXIS2_PLACEMENT_3D('',#12889,#12890,#12891);
#12889 = CARTESIAN_POINT('',(-9.092895794188,-1.420342857143,
    41.826285714286));
#12890 = DIRECTION('',(-0.,1.,0.));
#12891 = DIRECTION('',(0.,0.,-1.));
#12892 = ADVANCED_FACE('',(#12893),#12911,.T.);
#12893 = FACE_BOUND('',#12894,.T.);
#12894 = EDGE_LOOP('',(#12895,#12896,#12897,#12905));
#12895 = ORIENTED_EDGE('',*,*,#3355,.T.);
#12896 = ORIENTED_EDGE('',*,*,#12882,.T.);
#12897 = ORIENTED_EDGE('',*,*,#12898,.T.);
#12898 = EDGE_CURVE('',#12875,#12899,#12901,.T.);
#12899 = VERTEX_POINT('',#12900);
#12900 = CARTESIAN_POINT('',(-8.492895794188,-2.281871428571,
    40.685257142857));
#12901 = LINE('',#12902,#12903);
#12902 = CARTESIAN_POINT('',(-8.492895794188,-1.420342857143,
    40.685257142857));
#12903 = VECTOR('',#12904,1.);
#12904 = DIRECTION('',(0.,-1.,0.));
#12905 = ORIENTED_EDGE('',*,*,#12906,.F.);
#12906 = EDGE_CURVE('',#3348,#12899,#12907,.T.);
#12907 = LINE('',#12908,#12909);
#12908 = CARTESIAN_POINT('',(-9.092895794188,-2.281871428571,
    40.685257142857));
#12909 = VECTOR('',#12910,1.);
#12910 = DIRECTION('',(1.,0.,0.));
#12911 = PLANE('',#12912);
#12912 = AXIS2_PLACEMENT_3D('',#12913,#12914,#12915);
#12913 = CARTESIAN_POINT('',(-9.092895794188,-1.420342857143,
    40.685257142857));
#12914 = DIRECTION('',(0.,0.,-1.));
#12915 = DIRECTION('',(0.,-1.,0.));
#12916 = ADVANCED_FACE('',(#12917),#12935,.T.);
#12917 = FACE_BOUND('',#12918,.T.);
#12918 = EDGE_LOOP('',(#12919,#12920,#12921,#12929));
#12919 = ORIENTED_EDGE('',*,*,#3347,.T.);
#12920 = ORIENTED_EDGE('',*,*,#12906,.T.);
#12921 = ORIENTED_EDGE('',*,*,#12922,.T.);
#12922 = EDGE_CURVE('',#12899,#12923,#12925,.T.);
#12923 = VERTEX_POINT('',#12924);
#12924 = CARTESIAN_POINT('',(-8.492895794188,-2.304714285714,40.6795));
#12925 = LINE('',#12926,#12927);
#12926 = CARTESIAN_POINT('',(-8.492895794188,-2.281871428571,
    40.685257142857));
#12927 = VECTOR('',#12928,1.);
#12928 = DIRECTION('',(0.,-0.969676988372,-0.244390135281));
#12929 = ORIENTED_EDGE('',*,*,#12930,.F.);
#12930 = EDGE_CURVE('',#3340,#12923,#12931,.T.);
#12931 = LINE('',#12932,#12933);
#12932 = CARTESIAN_POINT('',(-9.092895794188,-2.304714285714,40.6795));
#12933 = VECTOR('',#12934,1.);
#12934 = DIRECTION('',(1.,0.,0.));
#12935 = PLANE('',#12936);
#12936 = AXIS2_PLACEMENT_3D('',#12937,#12938,#12939);
#12937 = CARTESIAN_POINT('',(-9.092895794188,-2.281871428571,
    40.685257142857));
#12938 = DIRECTION('',(0.,0.244390135281,-0.969676988372));
#12939 = DIRECTION('',(0.,-0.969676988372,-0.244390135281));
#12940 = ADVANCED_FACE('',(#12941),#12959,.T.);
#12941 = FACE_BOUND('',#12942,.T.);
#12942 = EDGE_LOOP('',(#12943,#12944,#12945,#12953));
#12943 = ORIENTED_EDGE('',*,*,#3339,.T.);
#12944 = ORIENTED_EDGE('',*,*,#12930,.T.);
#12945 = ORIENTED_EDGE('',*,*,#12946,.T.);
#12946 = EDGE_CURVE('',#12923,#12947,#12949,.T.);
#12947 = VERTEX_POINT('',#12948);
#12948 = CARTESIAN_POINT('',(-8.492895794188,-2.333128571429,
    40.673928571429));
#12949 = LINE('',#12950,#12951);
#12950 = CARTESIAN_POINT('',(-8.492895794188,-2.304714285714,40.6795));
#12951 = VECTOR('',#12952,1.);
#12952 = DIRECTION('',(0.,-0.981313749677,-0.192414460721));
#12953 = ORIENTED_EDGE('',*,*,#12954,.F.);
#12954 = EDGE_CURVE('',#3332,#12947,#12955,.T.);
#12955 = LINE('',#12956,#12957);
#12956 = CARTESIAN_POINT('',(-9.092895794188,-2.333128571429,
    40.673928571429));
#12957 = VECTOR('',#12958,1.);
#12958 = DIRECTION('',(1.,0.,0.));
#12959 = PLANE('',#12960);
#12960 = AXIS2_PLACEMENT_3D('',#12961,#12962,#12963);
#12961 = CARTESIAN_POINT('',(-9.092895794188,-2.304714285714,40.6795));
#12962 = DIRECTION('',(0.,0.192414460721,-0.981313749677));
#12963 = DIRECTION('',(0.,-0.981313749677,-0.192414460721));
#12964 = ADVANCED_FACE('',(#12965),#12983,.T.);
#12965 = FACE_BOUND('',#12966,.T.);
#12966 = EDGE_LOOP('',(#12967,#12968,#12969,#12977));
#12967 = ORIENTED_EDGE('',*,*,#3331,.T.);
#12968 = ORIENTED_EDGE('',*,*,#12954,.T.);
#12969 = ORIENTED_EDGE('',*,*,#12970,.T.);
#12970 = EDGE_CURVE('',#12947,#12971,#12973,.T.);
#12971 = VERTEX_POINT('',#12972);
#12972 = CARTESIAN_POINT('',(-8.492895794188,-2.361728571429,
    40.656657142857));
#12973 = LINE('',#12974,#12975);
#12974 = CARTESIAN_POINT('',(-8.492895794188,-2.333128571429,
    40.673928571429));
#12975 = VECTOR('',#12976,1.);
#12976 = DIRECTION('',(0.,-0.856018035908,-0.51694595675));
#12977 = ORIENTED_EDGE('',*,*,#12978,.F.);
#12978 = EDGE_CURVE('',#3324,#12971,#12979,.T.);
#12979 = LINE('',#12980,#12981);
#12980 = CARTESIAN_POINT('',(-9.092895794188,-2.361728571429,
    40.656657142857));
#12981 = VECTOR('',#12982,1.);
#12982 = DIRECTION('',(1.,0.,0.));
#12983 = PLANE('',#12984);
#12984 = AXIS2_PLACEMENT_3D('',#12985,#12986,#12987);
#12985 = CARTESIAN_POINT('',(-9.092895794188,-2.333128571429,
    40.673928571429));
#12986 = DIRECTION('',(0.,0.51694595675,-0.856018035908));
#12987 = DIRECTION('',(0.,-0.856018035908,-0.51694595675));
#12988 = ADVANCED_FACE('',(#12989),#13007,.T.);
#12989 = FACE_BOUND('',#12990,.T.);
#12990 = EDGE_LOOP('',(#12991,#12992,#12993,#13001));
#12991 = ORIENTED_EDGE('',*,*,#3323,.T.);
#12992 = ORIENTED_EDGE('',*,*,#12978,.T.);
#12993 = ORIENTED_EDGE('',*,*,#12994,.T.);
#12994 = EDGE_CURVE('',#12971,#12995,#12997,.T.);
#12995 = VERTEX_POINT('',#12996);
#12996 = CARTESIAN_POINT('',(-8.492895794188,-2.384571428571,40.634));
#12997 = LINE('',#12998,#12999);
#12998 = CARTESIAN_POINT('',(-8.492895794188,-2.361728571429,
    40.656657142857));
#12999 = VECTOR('',#13000,1.);
#13000 = DIRECTION('',(0.,-0.709987017244,-0.704214765071));
#13001 = ORIENTED_EDGE('',*,*,#13002,.F.);
#13002 = EDGE_CURVE('',#3316,#12995,#13003,.T.);
#13003 = LINE('',#13004,#13005);
#13004 = CARTESIAN_POINT('',(-9.092895794188,-2.384571428571,40.634));
#13005 = VECTOR('',#13006,1.);
#13006 = DIRECTION('',(1.,0.,0.));
#13007 = PLANE('',#13008);
#13008 = AXIS2_PLACEMENT_3D('',#13009,#13010,#13011);
#13009 = CARTESIAN_POINT('',(-9.092895794188,-2.361728571429,
    40.656657142857));
#13010 = DIRECTION('',(0.,0.704214765071,-0.709987017244));
#13011 = DIRECTION('',(0.,-0.709987017244,-0.704214765071));
#13012 = ADVANCED_FACE('',(#13013),#13031,.T.);
#13013 = FACE_BOUND('',#13014,.T.);
#13014 = EDGE_LOOP('',(#13015,#13016,#13017,#13025));
#13015 = ORIENTED_EDGE('',*,*,#3315,.T.);
#13016 = ORIENTED_EDGE('',*,*,#13002,.T.);
#13017 = ORIENTED_EDGE('',*,*,#13018,.T.);
#13018 = EDGE_CURVE('',#12995,#13019,#13021,.T.);
#13019 = VERTEX_POINT('',#13020);
#13020 = CARTESIAN_POINT('',(-8.492895794188,-2.407414285714,40.6054));
#13021 = LINE('',#13022,#13023);
#13022 = CARTESIAN_POINT('',(-8.492895794188,-2.384571428571,40.634));
#13023 = VECTOR('',#13024,1.);
#13024 = DIRECTION('',(0.,-0.62407609663,-0.781363568139));
#13025 = ORIENTED_EDGE('',*,*,#13026,.F.);
#13026 = EDGE_CURVE('',#3308,#13019,#13027,.T.);
#13027 = LINE('',#13028,#13029);
#13028 = CARTESIAN_POINT('',(-9.092895794188,-2.407414285714,40.6054));
#13029 = VECTOR('',#13030,1.);
#13030 = DIRECTION('',(1.,0.,0.));
#13031 = PLANE('',#13032);
#13032 = AXIS2_PLACEMENT_3D('',#13033,#13034,#13035);
#13033 = CARTESIAN_POINT('',(-9.092895794188,-2.384571428571,40.634));
#13034 = DIRECTION('',(0.,0.781363568139,-0.62407609663));
#13035 = DIRECTION('',(0.,-0.62407609663,-0.781363568139));
#13036 = ADVANCED_FACE('',(#13037),#13055,.T.);
#13037 = FACE_BOUND('',#13038,.T.);
#13038 = EDGE_LOOP('',(#13039,#13040,#13041,#13049));
#13039 = ORIENTED_EDGE('',*,*,#3307,.T.);
#13040 = ORIENTED_EDGE('',*,*,#13026,.T.);
#13041 = ORIENTED_EDGE('',*,*,#13042,.T.);
#13042 = EDGE_CURVE('',#13019,#13043,#13045,.T.);
#13043 = VERTEX_POINT('',#13044);
#13044 = CARTESIAN_POINT('',(-8.492895794188,-2.418742857143,
    40.571228571429));
#13045 = LINE('',#13046,#13047);
#13046 = CARTESIAN_POINT('',(-8.492895794188,-2.407414285714,40.6054));
#13047 = VECTOR('',#13048,1.);
#13048 = DIRECTION('',(0.,-0.314679739965,-0.949197904157));
#13049 = ORIENTED_EDGE('',*,*,#13050,.F.);
#13050 = EDGE_CURVE('',#3300,#13043,#13051,.T.);
#13051 = LINE('',#13052,#13053);
#13052 = CARTESIAN_POINT('',(-9.092895794188,-2.418742857143,
    40.571228571429));
#13053 = VECTOR('',#13054,1.);
#13054 = DIRECTION('',(1.,0.,0.));
#13055 = PLANE('',#13056);
#13056 = AXIS2_PLACEMENT_3D('',#13057,#13058,#13059);
#13057 = CARTESIAN_POINT('',(-9.092895794188,-2.407414285714,40.6054));
#13058 = DIRECTION('',(0.,0.949197904157,-0.314679739965));
#13059 = DIRECTION('',(0.,-0.314679739965,-0.949197904157));
#13060 = ADVANCED_FACE('',(#13061),#13086,.T.);
#13061 = FACE_BOUND('',#13062,.T.);
#13062 = EDGE_LOOP('',(#13063,#13064,#13072,#13080));
#13063 = ORIENTED_EDGE('',*,*,#3291,.T.);
#13064 = ORIENTED_EDGE('',*,*,#13065,.T.);
#13065 = EDGE_CURVE('',#3292,#13066,#13068,.T.);
#13066 = VERTEX_POINT('',#13067);
#13067 = CARTESIAN_POINT('',(-8.492895794188,-2.418742857143,40.2336));
#13068 = LINE('',#13069,#13070);
#13069 = CARTESIAN_POINT('',(-9.092895794188,-2.418742857143,40.2336));
#13070 = VECTOR('',#13071,1.);
#13071 = DIRECTION('',(1.,0.,0.));
#13072 = ORIENTED_EDGE('',*,*,#13073,.T.);
#13073 = EDGE_CURVE('',#13066,#13074,#13076,.T.);
#13074 = VERTEX_POINT('',#13075);
#13075 = CARTESIAN_POINT('',(-8.492895794188,-2.412985714286,
    40.209828571429));
#13076 = LINE('',#13077,#13078);
#13077 = CARTESIAN_POINT('',(-8.492895794188,-2.418742857143,40.2336));
#13078 = VECTOR('',#13079,1.);
#13079 = DIRECTION('',(-0.,0.23538270084,-0.971902764759));
#13080 = ORIENTED_EDGE('',*,*,#13081,.F.);
#13081 = EDGE_CURVE('',#3284,#13074,#13082,.T.);
#13082 = LINE('',#13083,#13084);
#13083 = CARTESIAN_POINT('',(-9.092895794188,-2.412985714286,
    40.209828571429));
#13084 = VECTOR('',#13085,1.);
#13085 = DIRECTION('',(1.,0.,0.));
#13086 = PLANE('',#13087);
#13087 = AXIS2_PLACEMENT_3D('',#13088,#13089,#13090);
#13088 = CARTESIAN_POINT('',(-9.092895794188,-2.418742857143,40.2336));
#13089 = DIRECTION('',(-0.,0.971902764759,0.23538270084));
#13090 = DIRECTION('',(0.,0.23538270084,-0.971902764759));
#13091 = ADVANCED_FACE('',(#13092),#13110,.T.);
#13092 = FACE_BOUND('',#13093,.T.);
#13093 = EDGE_LOOP('',(#13094,#13095,#13096,#13104));
#13094 = ORIENTED_EDGE('',*,*,#3283,.T.);
#13095 = ORIENTED_EDGE('',*,*,#13081,.T.);
#13096 = ORIENTED_EDGE('',*,*,#13097,.T.);
#13097 = EDGE_CURVE('',#13074,#13098,#13100,.T.);
#13098 = VERTEX_POINT('',#13099);
#13099 = CARTESIAN_POINT('',(-8.492895794188,-2.401657142857,
    40.185871428571));
#13100 = LINE('',#13101,#13102);
#13101 = CARTESIAN_POINT('',(-8.492895794188,-2.412985714286,
    40.209828571429));
#13102 = VECTOR('',#13103,1.);
#13103 = DIRECTION('',(-0.,0.42748375785,-0.904023028896));
#13104 = ORIENTED_EDGE('',*,*,#13105,.F.);
#13105 = EDGE_CURVE('',#3276,#13098,#13106,.T.);
#13106 = LINE('',#13107,#13108);
#13107 = CARTESIAN_POINT('',(-9.092895794188,-2.401657142857,
    40.185871428571));
#13108 = VECTOR('',#13109,1.);
#13109 = DIRECTION('',(1.,0.,0.));
#13110 = PLANE('',#13111);
#13111 = AXIS2_PLACEMENT_3D('',#13112,#13113,#13114);
#13112 = CARTESIAN_POINT('',(-9.092895794188,-2.412985714286,
    40.209828571429));
#13113 = DIRECTION('',(-0.,0.904023028896,0.42748375785));
#13114 = DIRECTION('',(0.,0.42748375785,-0.904023028896));
#13115 = ADVANCED_FACE('',(#13116),#13134,.T.);
#13116 = FACE_BOUND('',#13117,.T.);
#13117 = EDGE_LOOP('',(#13118,#13119,#13120,#13128));
#13118 = ORIENTED_EDGE('',*,*,#3275,.T.);
#13119 = ORIENTED_EDGE('',*,*,#13105,.T.);
#13120 = ORIENTED_EDGE('',*,*,#13121,.T.);
#13121 = EDGE_CURVE('',#13098,#13122,#13124,.T.);
#13122 = VERTEX_POINT('',#13123);
#13123 = CARTESIAN_POINT('',(-8.492895794188,-2.390142857143,
    40.168228571429));
#13124 = LINE('',#13125,#13126);
#13125 = CARTESIAN_POINT('',(-8.492895794188,-2.401657142857,
    40.185871428571));
#13126 = VECTOR('',#13127,1.);
#13127 = DIRECTION('',(-0.,0.546536648242,-0.837435186822));
#13128 = ORIENTED_EDGE('',*,*,#13129,.F.);
#13129 = EDGE_CURVE('',#3268,#13122,#13130,.T.);
#13130 = LINE('',#13131,#13132);
#13131 = CARTESIAN_POINT('',(-9.092895794188,-2.390142857143,
    40.168228571429));
#13132 = VECTOR('',#13133,1.);
#13133 = DIRECTION('',(1.,0.,0.));
#13134 = PLANE('',#13135);
#13135 = AXIS2_PLACEMENT_3D('',#13136,#13137,#13138);
#13136 = CARTESIAN_POINT('',(-9.092895794188,-2.401657142857,
    40.185871428571));
#13137 = DIRECTION('',(-0.,0.837435186822,0.546536648242));
#13138 = DIRECTION('',(0.,0.546536648242,-0.837435186822));
#13139 = ADVANCED_FACE('',(#13140),#13158,.T.);
#13140 = FACE_BOUND('',#13141,.T.);
#13141 = EDGE_LOOP('',(#13142,#13143,#13144,#13152));
#13142 = ORIENTED_EDGE('',*,*,#3267,.T.);
#13143 = ORIENTED_EDGE('',*,*,#13129,.T.);
#13144 = ORIENTED_EDGE('',*,*,#13145,.T.);
#13145 = EDGE_CURVE('',#13122,#13146,#13148,.T.);
#13146 = VERTEX_POINT('',#13147);
#13147 = CARTESIAN_POINT('',(-8.492895794188,-2.373057142857,40.1504));
#13148 = LINE('',#13149,#13150);
#13149 = CARTESIAN_POINT('',(-8.492895794188,-2.390142857143,
    40.168228571429));
#13150 = VECTOR('',#13151,1.);
#13151 = DIRECTION('',(-0.,0.691905363236,-0.721988205115));
#13152 = ORIENTED_EDGE('',*,*,#13153,.F.);
#13153 = EDGE_CURVE('',#3260,#13146,#13154,.T.);
#13154 = LINE('',#13155,#13156);
#13155 = CARTESIAN_POINT('',(-9.092895794188,-2.373057142857,40.1504));
#13156 = VECTOR('',#13157,1.);
#13157 = DIRECTION('',(1.,0.,0.));
#13158 = PLANE('',#13159);
#13159 = AXIS2_PLACEMENT_3D('',#13160,#13161,#13162);
#13160 = CARTESIAN_POINT('',(-9.092895794188,-2.390142857143,
    40.168228571429));
#13161 = DIRECTION('',(-0.,0.721988205115,0.691905363236));
#13162 = DIRECTION('',(0.,0.691905363236,-0.721988205115));
#13163 = ADVANCED_FACE('',(#13164),#13182,.T.);
#13164 = FACE_BOUND('',#13165,.T.);
#13165 = EDGE_LOOP('',(#13166,#13167,#13168,#13176));
#13166 = ORIENTED_EDGE('',*,*,#3259,.T.);
#13167 = ORIENTED_EDGE('',*,*,#13153,.T.);
#13168 = ORIENTED_EDGE('',*,*,#13169,.T.);
#13169 = EDGE_CURVE('',#13146,#13170,#13172,.T.);
#13170 = VERTEX_POINT('',#13171);
#13171 = CARTESIAN_POINT('',(-8.492895794188,-2.355971428571,
    40.138514285714));
#13172 = LINE('',#13173,#13174);
#13173 = CARTESIAN_POINT('',(-8.492895794188,-2.373057142857,40.1504));
#13174 = VECTOR('',#13175,1.);
#13175 = DIRECTION('',(-0.,0.820905201785,-0.571064488199));
#13176 = ORIENTED_EDGE('',*,*,#13177,.F.);
#13177 = EDGE_CURVE('',#3252,#13170,#13178,.T.);
#13178 = LINE('',#13179,#13180);
#13179 = CARTESIAN_POINT('',(-9.092895794188,-2.355971428571,
    40.138514285714));
#13180 = VECTOR('',#13181,1.);
#13181 = DIRECTION('',(1.,0.,0.));
#13182 = PLANE('',#13183);
#13183 = AXIS2_PLACEMENT_3D('',#13184,#13185,#13186);
#13184 = CARTESIAN_POINT('',(-9.092895794188,-2.373057142857,40.1504));
#13185 = DIRECTION('',(-0.,0.571064488199,0.820905201785));
#13186 = DIRECTION('',(0.,0.820905201785,-0.571064488199));
#13187 = ADVANCED_FACE('',(#13188),#13206,.T.);
#13188 = FACE_BOUND('',#13189,.T.);
#13189 = EDGE_LOOP('',(#13190,#13191,#13192,#13200));
#13190 = ORIENTED_EDGE('',*,*,#3251,.T.);
#13191 = ORIENTED_EDGE('',*,*,#13177,.T.);
#13192 = ORIENTED_EDGE('',*,*,#13193,.T.);
#13193 = EDGE_CURVE('',#13170,#13194,#13196,.T.);
#13194 = VERTEX_POINT('',#13195);
#13195 = CARTESIAN_POINT('',(-8.492895794188,-2.338885714286,40.1205));
#13196 = LINE('',#13197,#13198);
#13197 = CARTESIAN_POINT('',(-8.492895794188,-2.355971428571,
    40.138514285714));
#13198 = VECTOR('',#13199,1.);
#13199 = DIRECTION('',(-0.,0.688159484156,-0.725559456121));
#13200 = ORIENTED_EDGE('',*,*,#13201,.F.);
#13201 = EDGE_CURVE('',#3244,#13194,#13202,.T.);
#13202 = LINE('',#13203,#13204);
#13203 = CARTESIAN_POINT('',(-9.092895794188,-2.338885714286,40.1205));
#13204 = VECTOR('',#13205,1.);
#13205 = DIRECTION('',(1.,0.,0.));
#13206 = PLANE('',#13207);
#13207 = AXIS2_PLACEMENT_3D('',#13208,#13209,#13210);
#13208 = CARTESIAN_POINT('',(-9.092895794188,-2.355971428571,
    40.138514285714));
#13209 = DIRECTION('',(-0.,0.725559456121,0.688159484156));
#13210 = DIRECTION('',(0.,0.688159484156,-0.725559456121));
#13211 = ADVANCED_FACE('',(#13212),#13230,.T.);
#13212 = FACE_BOUND('',#13213,.T.);
#13213 = EDGE_LOOP('',(#13214,#13215,#13216,#13224));
#13214 = ORIENTED_EDGE('',*,*,#3243,.T.);
#13215 = ORIENTED_EDGE('',*,*,#13201,.T.);
#13216 = ORIENTED_EDGE('',*,*,#13217,.T.);
#13217 = EDGE_CURVE('',#13194,#13218,#13220,.T.);
#13218 = VERTEX_POINT('',#13219);
#13219 = CARTESIAN_POINT('',(-8.492895794188,-2.316042857143,
    40.114742857143));
#13220 = LINE('',#13221,#13222);
#13221 = CARTESIAN_POINT('',(-8.492895794188,-2.338885714286,40.1205));
#13222 = VECTOR('',#13223,1.);
#13223 = DIRECTION('',(-0.,0.969676988372,-0.244390135281));
#13224 = ORIENTED_EDGE('',*,*,#13225,.F.);
#13225 = EDGE_CURVE('',#3236,#13218,#13226,.T.);
#13226 = LINE('',#13227,#13228);
#13227 = CARTESIAN_POINT('',(-9.092895794188,-2.316042857143,
    40.114742857143));
#13228 = VECTOR('',#13229,1.);
#13229 = DIRECTION('',(1.,0.,0.));
#13230 = PLANE('',#13231);
#13231 = AXIS2_PLACEMENT_3D('',#13232,#13233,#13234);
#13232 = CARTESIAN_POINT('',(-9.092895794188,-2.338885714286,40.1205));
#13233 = DIRECTION('',(-0.,0.244390135281,0.969676988372));
#13234 = DIRECTION('',(0.,0.969676988372,-0.244390135281));
#13235 = ADVANCED_FACE('',(#13236),#13261,.T.);
#13236 = FACE_BOUND('',#13237,.T.);
#13237 = EDGE_LOOP('',(#13238,#13239,#13247,#13255));
#13238 = ORIENTED_EDGE('',*,*,#3219,.T.);
#13239 = ORIENTED_EDGE('',*,*,#13240,.T.);
#13240 = EDGE_CURVE('',#3220,#13241,#13243,.T.);
#13241 = VERTEX_POINT('',#13242);
#13242 = CARTESIAN_POINT('',(-8.492895794188,-1.420342857143,
    38.522057142857));
#13243 = LINE('',#13244,#13245);
#13244 = CARTESIAN_POINT('',(-9.092895794188,-1.420342857143,
    38.522057142857));
#13245 = VECTOR('',#13246,1.);
#13246 = DIRECTION('',(1.,0.,0.));
#13247 = ORIENTED_EDGE('',*,*,#13248,.T.);
#13248 = EDGE_CURVE('',#13241,#13249,#13251,.T.);
#13249 = VERTEX_POINT('',#13250);
#13250 = CARTESIAN_POINT('',(-8.492895794188,-1.414585714286,
    38.498285714286));
#13251 = LINE('',#13252,#13253);
#13252 = CARTESIAN_POINT('',(-8.492895794188,-1.420342857143,
    38.522057142857));
#13253 = VECTOR('',#13254,1.);
#13254 = DIRECTION('',(-0.,0.23538270084,-0.971902764759));
#13255 = ORIENTED_EDGE('',*,*,#13256,.F.);
#13256 = EDGE_CURVE('',#3212,#13249,#13257,.T.);
#13257 = LINE('',#13258,#13259);
#13258 = CARTESIAN_POINT('',(-9.092895794188,-1.414585714286,
    38.498285714286));
#13259 = VECTOR('',#13260,1.);
#13260 = DIRECTION('',(1.,0.,0.));
#13261 = PLANE('',#13262);
#13262 = AXIS2_PLACEMENT_3D('',#13263,#13264,#13265);
#13263 = CARTESIAN_POINT('',(-9.092895794188,-1.420342857143,
    38.522057142857));
#13264 = DIRECTION('',(-0.,0.971902764759,0.23538270084));
#13265 = DIRECTION('',(0.,0.23538270084,-0.971902764759));
#13266 = ADVANCED_FACE('',(#13267),#13285,.T.);
#13267 = FACE_BOUND('',#13268,.T.);
#13268 = EDGE_LOOP('',(#13269,#13270,#13271,#13279));
#13269 = ORIENTED_EDGE('',*,*,#3211,.T.);
#13270 = ORIENTED_EDGE('',*,*,#13256,.T.);
#13271 = ORIENTED_EDGE('',*,*,#13272,.T.);
#13272 = EDGE_CURVE('',#13249,#13273,#13275,.T.);
#13273 = VERTEX_POINT('',#13274);
#13274 = CARTESIAN_POINT('',(-8.492895794188,-1.403257142857,
    38.480457142857));
#13275 = LINE('',#13276,#13277);
#13276 = CARTESIAN_POINT('',(-8.492895794188,-1.414585714286,
    38.498285714286));
#13277 = VECTOR('',#13278,1.);
#13278 = DIRECTION('',(-0.,0.536306481872,-0.844023315733));
#13279 = ORIENTED_EDGE('',*,*,#13280,.F.);
#13280 = EDGE_CURVE('',#3204,#13273,#13281,.T.);
#13281 = LINE('',#13282,#13283);
#13282 = CARTESIAN_POINT('',(-9.092895794188,-1.403257142857,
    38.480457142857));
#13283 = VECTOR('',#13284,1.);
#13284 = DIRECTION('',(1.,0.,0.));
#13285 = PLANE('',#13286);
#13286 = AXIS2_PLACEMENT_3D('',#13287,#13288,#13289);
#13287 = CARTESIAN_POINT('',(-9.092895794188,-1.414585714286,
    38.498285714286));
#13288 = DIRECTION('',(-0.,0.844023315733,0.536306481872));
#13289 = DIRECTION('',(0.,0.536306481872,-0.844023315733));
#13290 = ADVANCED_FACE('',(#13291),#13309,.T.);
#13291 = FACE_BOUND('',#13292,.T.);
#13292 = EDGE_LOOP('',(#13293,#13294,#13295,#13303));
#13293 = ORIENTED_EDGE('',*,*,#3203,.T.);
#13294 = ORIENTED_EDGE('',*,*,#13280,.T.);
#13295 = ORIENTED_EDGE('',*,*,#13296,.T.);
#13296 = EDGE_CURVE('',#13273,#13297,#13299,.T.);
#13297 = VERTEX_POINT('',#13298);
#13298 = CARTESIAN_POINT('',(-8.492895794188,-1.391742857143,
    38.462628571429));
#13299 = LINE('',#13300,#13301);
#13300 = CARTESIAN_POINT('',(-8.492895794188,-1.403257142857,
    38.480457142857));
#13301 = VECTOR('',#13302,1.);
#13302 = DIRECTION('',(-0.,0.542525431476,-0.840039377769));
#13303 = ORIENTED_EDGE('',*,*,#13304,.F.);
#13304 = EDGE_CURVE('',#3196,#13297,#13305,.T.);
#13305 = LINE('',#13306,#13307);
#13306 = CARTESIAN_POINT('',(-9.092895794188,-1.391742857143,
    38.462628571429));
#13307 = VECTOR('',#13308,1.);
#13308 = DIRECTION('',(1.,0.,0.));
#13309 = PLANE('',#13310);
#13310 = AXIS2_PLACEMENT_3D('',#13311,#13312,#13313);
#13311 = CARTESIAN_POINT('',(-9.092895794188,-1.403257142857,
    38.480457142857));
#13312 = DIRECTION('',(-0.,0.840039377769,0.542525431476));
#13313 = DIRECTION('',(0.,0.542525431476,-0.840039377769));
#13314 = ADVANCED_FACE('',(#13315),#13333,.T.);
#13315 = FACE_BOUND('',#13316,.T.);
#13316 = EDGE_LOOP('',(#13317,#13318,#13319,#13327));
#13317 = ORIENTED_EDGE('',*,*,#3195,.T.);
#13318 = ORIENTED_EDGE('',*,*,#13304,.T.);
#13319 = ORIENTED_EDGE('',*,*,#13320,.T.);
#13320 = EDGE_CURVE('',#13297,#13321,#13323,.T.);
#13321 = VERTEX_POINT('',#13322);
#13322 = CARTESIAN_POINT('',(-8.492895794188,-1.369085714286,
    38.432728571429));
#13323 = LINE('',#13324,#13325);
#13324 = CARTESIAN_POINT('',(-8.492895794188,-1.391742857143,
    38.462628571429));
#13325 = VECTOR('',#13326,1.);
#13326 = DIRECTION('',(-0.,0.603952995426,-0.797019936586));
#13327 = ORIENTED_EDGE('',*,*,#13328,.F.);
#13328 = EDGE_CURVE('',#3188,#13321,#13329,.T.);
#13329 = LINE('',#13330,#13331);
#13330 = CARTESIAN_POINT('',(-9.092895794188,-1.369085714286,
    38.432728571429));
#13331 = VECTOR('',#13332,1.);
#13332 = DIRECTION('',(1.,0.,0.));
#13333 = PLANE('',#13334);
#13334 = AXIS2_PLACEMENT_3D('',#13335,#13336,#13337);
#13335 = CARTESIAN_POINT('',(-9.092895794188,-1.391742857143,
    38.462628571429));
#13336 = DIRECTION('',(-0.,0.797019936586,0.603952995426));
#13337 = DIRECTION('',(0.,0.603952995426,-0.797019936586));
#13338 = ADVANCED_FACE('',(#13339),#13357,.T.);
#13339 = FACE_BOUND('',#13340,.T.);
#13340 = EDGE_LOOP('',(#13341,#13342,#13343,#13351));
#13341 = ORIENTED_EDGE('',*,*,#3187,.T.);
#13342 = ORIENTED_EDGE('',*,*,#13328,.T.);
#13343 = ORIENTED_EDGE('',*,*,#13344,.T.);
#13344 = EDGE_CURVE('',#13321,#13345,#13347,.T.);
#13345 = VERTEX_POINT('',#13346);
#13346 = CARTESIAN_POINT('',(-8.492895794188,-1.340485714286,
    38.415085714286));
#13347 = LINE('',#13348,#13349);
#13348 = CARTESIAN_POINT('',(-8.492895794188,-1.369085714286,
    38.432728571429));
#13349 = VECTOR('',#13350,1.);
#13350 = DIRECTION('',(-0.,0.851088556054,-0.525022161202));
#13351 = ORIENTED_EDGE('',*,*,#13352,.F.);
#13352 = EDGE_CURVE('',#3180,#13345,#13353,.T.);
#13353 = LINE('',#13354,#13355);
#13354 = CARTESIAN_POINT('',(-9.092895794188,-1.340485714286,
    38.415085714286));
#13355 = VECTOR('',#13356,1.);
#13356 = DIRECTION('',(1.,0.,0.));
#13357 = PLANE('',#13358);
#13358 = AXIS2_PLACEMENT_3D('',#13359,#13360,#13361);
#13359 = CARTESIAN_POINT('',(-9.092895794188,-1.369085714286,
    38.432728571429));
#13360 = DIRECTION('',(-0.,0.525022161202,0.851088556054));
#13361 = DIRECTION('',(0.,0.851088556054,-0.525022161202));
#13362 = ADVANCED_FACE('',(#13363),#13381,.T.);
#13363 = FACE_BOUND('',#13364,.T.);
#13364 = EDGE_LOOP('',(#13365,#13366,#13367,#13375));
#13365 = ORIENTED_EDGE('',*,*,#3179,.T.);
#13366 = ORIENTED_EDGE('',*,*,#13352,.T.);
#13367 = ORIENTED_EDGE('',*,*,#13368,.T.);
#13368 = EDGE_CURVE('',#13345,#13369,#13371,.T.);
#13369 = VERTEX_POINT('',#13370);
#13370 = CARTESIAN_POINT('',(-8.492895794188,-1.306314285714,38.4032));
#13371 = LINE('',#13372,#13373);
#13372 = CARTESIAN_POINT('',(-8.492895794188,-1.340485714286,
    38.415085714286));
#13373 = VECTOR('',#13374,1.);
#13374 = DIRECTION('',(-0.,0.944496796706,-0.328520624941));
#13375 = ORIENTED_EDGE('',*,*,#13376,.F.);
#13376 = EDGE_CURVE('',#3172,#13369,#13377,.T.);
#13377 = LINE('',#13378,#13379);
#13378 = CARTESIAN_POINT('',(-9.092895794188,-1.306314285714,38.4032));
#13379 = VECTOR('',#13380,1.);
#13380 = DIRECTION('',(1.,0.,0.));
#13381 = PLANE('',#13382);
#13382 = AXIS2_PLACEMENT_3D('',#13383,#13384,#13385);
#13383 = CARTESIAN_POINT('',(-9.092895794188,-1.340485714286,
    38.415085714286));
#13384 = DIRECTION('',(-0.,0.328520624941,0.944496796706));
#13385 = DIRECTION('',(0.,0.944496796706,-0.328520624941));
#13386 = ADVANCED_FACE('',(#13387),#13412,.T.);
#13387 = FACE_BOUND('',#13388,.T.);
#13388 = EDGE_LOOP('',(#13389,#13390,#13398,#13406));
#13389 = ORIENTED_EDGE('',*,*,#3163,.T.);
#13390 = ORIENTED_EDGE('',*,*,#13391,.T.);
#13391 = EDGE_CURVE('',#3164,#13392,#13394,.T.);
#13392 = VERTEX_POINT('',#13393);
#13393 = CARTESIAN_POINT('',(-8.492895794188,-0.981128571429,38.4032));
#13394 = LINE('',#13395,#13396);
#13395 = CARTESIAN_POINT('',(-9.092895794188,-0.981128571429,38.4032));
#13396 = VECTOR('',#13397,1.);
#13397 = DIRECTION('',(1.,0.,0.));
#13398 = ORIENTED_EDGE('',*,*,#13399,.T.);
#13399 = EDGE_CURVE('',#13392,#13400,#13402,.T.);
#13400 = VERTEX_POINT('',#13401);
#13401 = CARTESIAN_POINT('',(-8.492895794188,-0.958285714286,
    38.408957142857));
#13402 = LINE('',#13403,#13404);
#13403 = CARTESIAN_POINT('',(-8.492895794188,-0.981128571429,38.4032));
#13404 = VECTOR('',#13405,1.);
#13405 = DIRECTION('',(0.,0.969676988372,0.244390135281));
#13406 = ORIENTED_EDGE('',*,*,#13407,.F.);
#13407 = EDGE_CURVE('',#3156,#13400,#13408,.T.);
#13408 = LINE('',#13409,#13410);
#13409 = CARTESIAN_POINT('',(-9.092895794188,-0.958285714286,
    38.408957142857));
#13410 = VECTOR('',#13411,1.);
#13411 = DIRECTION('',(1.,0.,0.));
#13412 = PLANE('',#13413);
#13413 = AXIS2_PLACEMENT_3D('',#13414,#13415,#13416);
#13414 = CARTESIAN_POINT('',(-9.092895794188,-0.981128571429,38.4032));
#13415 = DIRECTION('',(0.,-0.244390135281,0.969676988372));
#13416 = DIRECTION('',(0.,0.969676988372,0.244390135281));
#13417 = ADVANCED_FACE('',(#13418),#13436,.T.);
#13418 = FACE_BOUND('',#13419,.T.);
#13419 = EDGE_LOOP('',(#13420,#13421,#13422,#13430));
#13420 = ORIENTED_EDGE('',*,*,#3155,.T.);
#13421 = ORIENTED_EDGE('',*,*,#13407,.T.);
#13422 = ORIENTED_EDGE('',*,*,#13423,.T.);
#13423 = EDGE_CURVE('',#13400,#13424,#13426,.T.);
#13424 = VERTEX_POINT('',#13425);
#13425 = CARTESIAN_POINT('',(-8.492895794188,-0.929685714286,
    38.414528571429));
#13426 = LINE('',#13427,#13428);
#13427 = CARTESIAN_POINT('',(-8.492895794188,-0.958285714286,
    38.408957142857));
#13428 = VECTOR('',#13429,1.);
#13429 = DIRECTION('',(0.,0.981548987081,0.191210841639));
#13430 = ORIENTED_EDGE('',*,*,#13431,.F.);
#13431 = EDGE_CURVE('',#3148,#13424,#13432,.T.);
#13432 = LINE('',#13433,#13434);
#13433 = CARTESIAN_POINT('',(-9.092895794188,-0.929685714286,
    38.414528571429));
#13434 = VECTOR('',#13435,1.);
#13435 = DIRECTION('',(1.,0.,0.));
#13436 = PLANE('',#13437);
#13437 = AXIS2_PLACEMENT_3D('',#13438,#13439,#13440);
#13438 = CARTESIAN_POINT('',(-9.092895794188,-0.958285714286,
    38.408957142857));
#13439 = DIRECTION('',(0.,-0.191210841639,0.981548987081));
#13440 = DIRECTION('',(0.,0.981548987081,0.191210841639));
#13441 = ADVANCED_FACE('',(#13442),#13460,.T.);
#13442 = FACE_BOUND('',#13443,.T.);
#13443 = EDGE_LOOP('',(#13444,#13445,#13446,#13454));
#13444 = ORIENTED_EDGE('',*,*,#3147,.T.);
#13445 = ORIENTED_EDGE('',*,*,#13431,.T.);
#13446 = ORIENTED_EDGE('',*,*,#13447,.T.);
#13447 = EDGE_CURVE('',#13424,#13448,#13450,.T.);
#13448 = VERTEX_POINT('',#13449);
#13449 = CARTESIAN_POINT('',(-8.492895794188,-0.906842857143,38.4318));
#13450 = LINE('',#13451,#13452);
#13451 = CARTESIAN_POINT('',(-8.492895794188,-0.929685714286,
    38.414528571429));
#13452 = VECTOR('',#13453,1.);
#13453 = DIRECTION('',(0.,0.797659331282,0.603108274872));
#13454 = ORIENTED_EDGE('',*,*,#13455,.F.);
#13455 = EDGE_CURVE('',#3140,#13448,#13456,.T.);
#13456 = LINE('',#13457,#13458);
#13457 = CARTESIAN_POINT('',(-9.092895794188,-0.906842857143,38.4318));
#13458 = VECTOR('',#13459,1.);
#13459 = DIRECTION('',(1.,0.,0.));
#13460 = PLANE('',#13461);
#13461 = AXIS2_PLACEMENT_3D('',#13462,#13463,#13464);
#13462 = CARTESIAN_POINT('',(-9.092895794188,-0.929685714286,
    38.414528571429));
#13463 = DIRECTION('',(0.,-0.603108274872,0.797659331282));
#13464 = DIRECTION('',(0.,0.797659331282,0.603108274872));
#13465 = ADVANCED_FACE('',(#13466),#13484,.T.);
#13466 = FACE_BOUND('',#13467,.T.);
#13467 = EDGE_LOOP('',(#13468,#13469,#13470,#13478));
#13468 = ORIENTED_EDGE('',*,*,#3139,.T.);
#13469 = ORIENTED_EDGE('',*,*,#13455,.T.);
#13470 = ORIENTED_EDGE('',*,*,#13471,.T.);
#13471 = EDGE_CURVE('',#13448,#13472,#13474,.T.);
#13472 = VERTEX_POINT('',#13473);
#13473 = CARTESIAN_POINT('',(-8.492895794188,-0.884,38.448885714286));
#13474 = LINE('',#13475,#13476);
#13475 = CARTESIAN_POINT('',(-8.492895794188,-0.906842857143,38.4318));
#13476 = VECTOR('',#13477,1.);
#13477 = DIRECTION('',(0.,0.80078057117,0.598957825591));
#13478 = ORIENTED_EDGE('',*,*,#13479,.F.);
#13479 = EDGE_CURVE('',#3132,#13472,#13480,.T.);
#13480 = LINE('',#13481,#13482);
#13481 = CARTESIAN_POINT('',(-9.092895794188,-0.884,38.448885714286));
#13482 = VECTOR('',#13483,1.);
#13483 = DIRECTION('',(1.,0.,0.));
#13484 = PLANE('',#13485);
#13485 = AXIS2_PLACEMENT_3D('',#13486,#13487,#13488);
#13486 = CARTESIAN_POINT('',(-9.092895794188,-0.906842857143,38.4318));
#13487 = DIRECTION('',(0.,-0.598957825591,0.80078057117));
#13488 = DIRECTION('',(0.,0.80078057117,0.598957825591));
#13489 = ADVANCED_FACE('',(#13490),#13508,.T.);
#13490 = FACE_BOUND('',#13491,.T.);
#13491 = EDGE_LOOP('',(#13492,#13493,#13494,#13502));
#13492 = ORIENTED_EDGE('',*,*,#3131,.T.);
#13493 = ORIENTED_EDGE('',*,*,#13479,.T.);
#13494 = ORIENTED_EDGE('',*,*,#13495,.T.);
#13495 = EDGE_CURVE('',#13472,#13496,#13498,.T.);
#13496 = VERTEX_POINT('',#13497);
#13497 = CARTESIAN_POINT('',(-8.492895794188,-0.872671428571,
    38.471728571429));
#13498 = LINE('',#13499,#13500);
#13499 = CARTESIAN_POINT('',(-8.492895794188,-0.884,38.448885714286));
#13500 = VECTOR('',#13501,1.);
#13501 = DIRECTION('',(0.,0.444297794845,0.895879160097));
#13502 = ORIENTED_EDGE('',*,*,#13503,.F.);
#13503 = EDGE_CURVE('',#3124,#13496,#13504,.T.);
#13504 = LINE('',#13505,#13506);
#13505 = CARTESIAN_POINT('',(-9.092895794188,-0.872671428571,
    38.471728571429));
#13506 = VECTOR('',#13507,1.);
#13507 = DIRECTION('',(1.,0.,0.));
#13508 = PLANE('',#13509);
#13509 = AXIS2_PLACEMENT_3D('',#13510,#13511,#13512);
#13510 = CARTESIAN_POINT('',(-9.092895794188,-0.884,38.448885714286));
#13511 = DIRECTION('',(0.,-0.895879160097,0.444297794845));
#13512 = DIRECTION('',(0.,0.444297794845,0.895879160097));
#13513 = ADVANCED_FACE('',(#13514),#13532,.T.);
#13514 = FACE_BOUND('',#13515,.T.);
#13515 = EDGE_LOOP('',(#13516,#13517,#13518,#13526));
#13516 = ORIENTED_EDGE('',*,*,#3123,.T.);
#13517 = ORIENTED_EDGE('',*,*,#13503,.T.);
#13518 = ORIENTED_EDGE('',*,*,#13519,.T.);
#13519 = EDGE_CURVE('',#13496,#13520,#13522,.T.);
#13520 = VERTEX_POINT('',#13521);
#13521 = CARTESIAN_POINT('',(-8.492895794188,-0.861157142857,
    38.494571428571));
#13522 = LINE('',#13523,#13524);
#13523 = CARTESIAN_POINT('',(-8.492895794188,-0.872671428571,
    38.471728571429));
#13524 = VECTOR('',#13525,1.);
#13525 = DIRECTION('',(0.,0.450115207469,0.892970492237));
#13526 = ORIENTED_EDGE('',*,*,#13527,.F.);
#13527 = EDGE_CURVE('',#3116,#13520,#13528,.T.);
#13528 = LINE('',#13529,#13530);
#13529 = CARTESIAN_POINT('',(-9.092895794188,-0.861157142857,
    38.494571428571));
#13530 = VECTOR('',#13531,1.);
#13531 = DIRECTION('',(1.,0.,0.));
#13532 = PLANE('',#13533);
#13533 = AXIS2_PLACEMENT_3D('',#13534,#13535,#13536);
#13534 = CARTESIAN_POINT('',(-9.092895794188,-0.872671428571,
    38.471728571429));
#13535 = DIRECTION('',(0.,-0.892970492237,0.450115207469));
#13536 = DIRECTION('',(0.,0.450115207469,0.892970492237));
#13537 = ADVANCED_FACE('',(#13538),#13556,.T.);
#13538 = FACE_BOUND('',#13539,.T.);
#13539 = EDGE_LOOP('',(#13540,#13541,#13542,#13550));
#13540 = ORIENTED_EDGE('',*,*,#3115,.T.);
#13541 = ORIENTED_EDGE('',*,*,#13527,.T.);
#13542 = ORIENTED_EDGE('',*,*,#13543,.T.);
#13543 = EDGE_CURVE('',#13520,#13544,#13546,.T.);
#13544 = VERTEX_POINT('',#13545);
#13545 = CARTESIAN_POINT('',(-8.492895794188,-0.849828571429,
    38.522985714286));
#13546 = LINE('',#13547,#13548);
#13547 = CARTESIAN_POINT('',(-8.492895794188,-0.861157142857,
    38.494571428571));
#13548 = VECTOR('',#13549,1.);
#13549 = DIRECTION('',(0.,0.370343680353,0.92889480482));
#13550 = ORIENTED_EDGE('',*,*,#13551,.F.);
#13551 = EDGE_CURVE('',#3108,#13544,#13552,.T.);
#13552 = LINE('',#13553,#13554);
#13553 = CARTESIAN_POINT('',(-9.092895794188,-0.849828571429,
    38.522985714286));
#13554 = VECTOR('',#13555,1.);
#13555 = DIRECTION('',(1.,0.,0.));
#13556 = PLANE('',#13557);
#13557 = AXIS2_PLACEMENT_3D('',#13558,#13559,#13560);
#13558 = CARTESIAN_POINT('',(-9.092895794188,-0.861157142857,
    38.494571428571));
#13559 = DIRECTION('',(0.,-0.92889480482,0.370343680353));
#13560 = DIRECTION('',(0.,0.370343680353,0.92889480482));
#13561 = ADVANCED_FACE('',(#13562),#13568,.T.);
#13562 = FACE_BOUND('',#13563,.T.);
#13563 = EDGE_LOOP('',(#13564,#13565,#13566,#13567));
#13564 = ORIENTED_EDGE('',*,*,#3586,.F.);
#13565 = ORIENTED_EDGE('',*,*,#3670,.T.);
#13566 = ORIENTED_EDGE('',*,*,#3706,.T.);
#13567 = ORIENTED_EDGE('',*,*,#3602,.F.);
#13568 = PLANE('',#13569);
#13569 = AXIS2_PLACEMENT_3D('',#13570,#13571,#13572);
#13570 = CARTESIAN_POINT('',(8.992895794188,-8.992895794188,-3.));
#13571 = DIRECTION('',(1.,0.,-0.));
#13572 = DIRECTION('',(0.,0.,1.));
#13573 = ADVANCED_FACE('',(#13574),#13597,.T.);
#13574 = FACE_BOUND('',#13575,.T.);
#13575 = EDGE_LOOP('',(#13576,#13583,#13591,#13596));
#13576 = ORIENTED_EDGE('',*,*,#13577,.F.);
#13577 = EDGE_CURVE('',#13578,#3621,#13580,.T.);
#13578 = VERTEX_POINT('',#13579);
#13579 = CARTESIAN_POINT('',(2.996447897094,5.19,80.));
#13580 = B_SPLINE_CURVE_WITH_KNOTS('',1,(#13581,#13582),.UNSPECIFIED.,
  .F.,.F.,(2,2),(0.,1.),.PIECEWISE_BEZIER_KNOTS.);
#13581 = CARTESIAN_POINT('',(2.996447897094,5.19,80.));
#13582 = CARTESIAN_POINT('',(3.458328112446,5.99,80.801));
#13583 = ORIENTED_EDGE('',*,*,#13584,.T.);
#13584 = EDGE_CURVE('',#13578,#13585,#13587,.T.);
#13585 = VERTEX_POINT('',#13586);
#13586 = CARTESIAN_POINT('',(5.992895794188,3.669590325988E-16,80.));
#13587 = LINE('',#13588,#13589);
#13588 = CARTESIAN_POINT('',(2.996447897094,5.19,80.));
#13589 = VECTOR('',#13590,1.);
#13590 = DIRECTION('',(0.5,-0.866025403784,0.));
#13591 = ORIENTED_EDGE('',*,*,#13592,.T.);
#13592 = EDGE_CURVE('',#13585,#3619,#13593,.T.);
#13593 = B_SPLINE_CURVE_WITH_KNOTS('',1,(#13594,#13595),.UNSPECIFIED.,
  .F.,.F.,(2,2),(0.,1.),.PIECEWISE_BEZIER_KNOTS.);
#13594 = CARTESIAN_POINT('',(5.992895794188,0.,80.));
#13595 = CARTESIAN_POINT('',(6.916656224892,0.,80.801));
#13596 = ORIENTED_EDGE('',*,*,#3618,.T.);
#13597 = B_SPLINE_SURFACE_WITH_KNOTS('',1,1,(
    (#13598,#13599)
    ,(#13600,#13601
    )),.UNSPECIFIED.,.F.,.F.,.F.,(2,2),(2,2),(0.,6.916656224892),(0.,1.)
  ,.PIECEWISE_BEZIER_KNOTS.);
#13598 = CARTESIAN_POINT('',(2.996447897094,5.19,80.));
#13599 = CARTESIAN_POINT('',(3.458328112446,5.99,80.801));
#13600 = CARTESIAN_POINT('',(5.992895794188,0.,80.));
#13601 = CARTESIAN_POINT('',(6.916656224892,0.,80.801));
#13602 = ADVANCED_FACE('',(#13603),#13620,.T.);
#13603 = FACE_BOUND('',#13604,.T.);
#13604 = EDGE_LOOP('',(#13605,#13612,#13618,#13619));
#13605 = ORIENTED_EDGE('',*,*,#13606,.F.);
#13606 = EDGE_CURVE('',#13607,#3649,#13609,.T.);
#13607 = VERTEX_POINT('',#13608);
#13608 = CARTESIAN_POINT('',(-2.996447897094,5.19,80.));
#13609 = B_SPLINE_CURVE_WITH_KNOTS('',1,(#13610,#13611),.UNSPECIFIED.,
  .F.,.F.,(2,2),(0.,1.),.PIECEWISE_BEZIER_KNOTS.);
#13610 = CARTESIAN_POINT('',(-2.996447897094,5.19,80.));
#13611 = CARTESIAN_POINT('',(-3.458328112446,5.99,80.801));
#13612 = ORIENTED_EDGE('',*,*,#13613,.T.);
#13613 = EDGE_CURVE('',#13607,#13578,#13614,.T.);
#13614 = LINE('',#13615,#13616);
#13615 = CARTESIAN_POINT('',(-2.996447897094,5.19,80.));
#13616 = VECTOR('',#13617,1.);
#13617 = DIRECTION('',(1.,-1.48205216677E-16,0.));
#13618 = ORIENTED_EDGE('',*,*,#13577,.T.);
#13619 = ORIENTED_EDGE('',*,*,#3655,.T.);
#13620 = B_SPLINE_SURFACE_WITH_KNOTS('',1,1,(
    (#13621,#13622)
    ,(#13623,#13624
    )),.UNSPECIFIED.,.F.,.F.,.F.,(2,2),(2,2),(0.,6.916656224892),(0.,1.)
  ,.PIECEWISE_BEZIER_KNOTS.);
#13621 = CARTESIAN_POINT('',(-2.996447897094,5.19,80.));
#13622 = CARTESIAN_POINT('',(-3.458328112446,5.99,80.801));
#13623 = CARTESIAN_POINT('',(2.996447897094,5.19,80.));
#13624 = CARTESIAN_POINT('',(3.458328112446,5.99,80.801));
#13625 = ADVANCED_FACE('',(#13626),#13643,.T.);
#13626 = FACE_BOUND('',#13627,.T.);
#13627 = EDGE_LOOP('',(#13628,#13635,#13641,#13642));
#13628 = ORIENTED_EDGE('',*,*,#13629,.F.);
#13629 = EDGE_CURVE('',#13630,#3642,#13632,.T.);
#13630 = VERTEX_POINT('',#13631);
#13631 = CARTESIAN_POINT('',(-5.992895794188,-1.100877097796E-15,80.));
#13632 = B_SPLINE_CURVE_WITH_KNOTS('',1,(#13633,#13634),.UNSPECIFIED.,
  .F.,.F.,(2,2),(0.,1.),.PIECEWISE_BEZIER_KNOTS.);
#13633 = CARTESIAN_POINT('',(-5.992895794188,-8.881784197001E-16,80.));
#13634 = CARTESIAN_POINT('',(-6.916656224892,-8.881784197001E-16,80.801)
  );
#13635 = ORIENTED_EDGE('',*,*,#13636,.T.);
#13636 = EDGE_CURVE('',#13630,#13607,#13637,.T.);
#13637 = LINE('',#13638,#13639);
#13638 = CARTESIAN_POINT('',(-5.992895794188,-1.100877097796E-15,80.));
#13639 = VECTOR('',#13640,1.);
#13640 = DIRECTION('',(0.5,0.866025403784,0.));
#13641 = ORIENTED_EDGE('',*,*,#13606,.T.);
#13642 = ORIENTED_EDGE('',*,*,#3648,.T.);
#13643 = B_SPLINE_SURFACE_WITH_KNOTS('',1,1,(
    (#13644,#13645)
    ,(#13646,#13647
    )),.UNSPECIFIED.,.F.,.F.,.F.,(2,2),(2,2),(0.,6.916656224892),(0.,1.)
  ,.PIECEWISE_BEZIER_KNOTS.);
#13644 = CARTESIAN_POINT('',(-5.992895794188,-1.100877097796E-15,80.));
#13645 = CARTESIAN_POINT('',(-6.916656224892,-1.270569135992E-15,80.801)
  );
#13646 = CARTESIAN_POINT('',(-2.996447897094,5.19,80.));
#13647 = CARTESIAN_POINT('',(-3.458328112446,5.99,80.801));
#13648 = ADVANCED_FACE('',(#13649),#13666,.T.);
#13649 = FACE_BOUND('',#13650,.T.);
#13650 = EDGE_LOOP('',(#13651,#13658,#13664,#13665));
#13651 = ORIENTED_EDGE('',*,*,#13652,.F.);
#13652 = EDGE_CURVE('',#13653,#3635,#13655,.T.);
#13653 = VERTEX_POINT('',#13654);
#13654 = CARTESIAN_POINT('',(-2.996447897094,-5.19,80.));
#13655 = B_SPLINE_CURVE_WITH_KNOTS('',1,(#13656,#13657),.UNSPECIFIED.,
  .F.,.F.,(2,2),(0.,1.),.PIECEWISE_BEZIER_KNOTS.);
#13656 = CARTESIAN_POINT('',(-2.996447897094,-5.19,80.));
#13657 = CARTESIAN_POINT('',(-3.458328112446,-5.99,80.801));
#13658 = ORIENTED_EDGE('',*,*,#13659,.T.);
#13659 = EDGE_CURVE('',#13653,#13630,#13660,.T.);
#13660 = LINE('',#13661,#13662);
#13661 = CARTESIAN_POINT('',(-2.996447897094,-5.19,80.));
#13662 = VECTOR('',#13663,1.);
#13663 = DIRECTION('',(-0.5,0.866025403784,0.));
#13664 = ORIENTED_EDGE('',*,*,#13629,.T.);
#13665 = ORIENTED_EDGE('',*,*,#3641,.T.);
#13666 = B_SPLINE_SURFACE_WITH_KNOTS('',1,1,(
    (#13667,#13668)
    ,(#13669,#13670
    )),.UNSPECIFIED.,.F.,.F.,.F.,(2,2),(2,2),(0.,6.916656224892),(0.,1.)
  ,.PIECEWISE_BEZIER_KNOTS.);
#13667 = CARTESIAN_POINT('',(-2.996447897094,-5.19,80.));
#13668 = CARTESIAN_POINT('',(-3.458328112446,-5.99,80.801));
#13669 = CARTESIAN_POINT('',(-5.992895794188,-8.881784197001E-16,80.));
#13670 = CARTESIAN_POINT('',(-6.916656224892,-8.881784197001E-16,80.801)
  );
#13671 = ADVANCED_FACE('',(#13672),#13689,.T.);
#13672 = FACE_BOUND('',#13673,.T.);
#13673 = EDGE_LOOP('',(#13674,#13681,#13687,#13688));
#13674 = ORIENTED_EDGE('',*,*,#13675,.F.);
#13675 = EDGE_CURVE('',#13676,#3628,#13678,.T.);
#13676 = VERTEX_POINT('',#13677);
#13677 = CARTESIAN_POINT('',(2.996447897094,-5.19,80.));
#13678 = B_SPLINE_CURVE_WITH_KNOTS('',1,(#13679,#13680),.UNSPECIFIED.,
  .F.,.F.,(2,2),(0.,1.),.PIECEWISE_BEZIER_KNOTS.);
#13679 = CARTESIAN_POINT('',(2.996447897094,-5.19,80.));
#13680 = CARTESIAN_POINT('',(3.458328112446,-5.99,80.801));
#13681 = ORIENTED_EDGE('',*,*,#13682,.T.);
#13682 = EDGE_CURVE('',#13676,#13653,#13683,.T.);
#13683 = LINE('',#13684,#13685);
#13684 = CARTESIAN_POINT('',(2.996447897094,-5.19,80.));
#13685 = VECTOR('',#13686,1.);
#13686 = DIRECTION('',(-1.,-2.964104333539E-16,0.));
#13687 = ORIENTED_EDGE('',*,*,#13652,.T.);
#13688 = ORIENTED_EDGE('',*,*,#3634,.T.);
#13689 = B_SPLINE_SURFACE_WITH_KNOTS('',1,1,(
    (#13690,#13691)
    ,(#13692,#13693
    )),.UNSPECIFIED.,.F.,.F.,.F.,(2,2),(2,2),(0.,6.916656224892),(0.,1.)
  ,.PIECEWISE_BEZIER_KNOTS.);
#13690 = CARTESIAN_POINT('',(2.996447897094,-5.19,80.));
#13691 = CARTESIAN_POINT('',(3.458328112446,-5.99,80.801));
#13692 = CARTESIAN_POINT('',(-2.996447897094,-5.19,80.));
#13693 = CARTESIAN_POINT('',(-3.458328112446,-5.99,80.801));
#13694 = ADVANCED_FACE('',(#13695),#13706,.T.);
#13695 = FACE_BOUND('',#13696,.T.);
#13696 = EDGE_LOOP('',(#13697,#13698,#13704,#13705));
#13697 = ORIENTED_EDGE('',*,*,#13592,.F.);
#13698 = ORIENTED_EDGE('',*,*,#13699,.T.);
#13699 = EDGE_CURVE('',#13585,#13676,#13700,.T.);
#13700 = LINE('',#13701,#13702);
#13701 = CARTESIAN_POINT('',(5.992895794188,3.669590325988E-16,80.));
#13702 = VECTOR('',#13703,1.);
#13703 = DIRECTION('',(-0.5,-0.866025403784,0.));
#13704 = ORIENTED_EDGE('',*,*,#13675,.T.);
#13705 = ORIENTED_EDGE('',*,*,#3627,.T.);
#13706 = B_SPLINE_SURFACE_WITH_KNOTS('',1,1,(
    (#13707,#13708)
    ,(#13709,#13710
    )),.UNSPECIFIED.,.F.,.F.,.F.,(2,2),(2,2),(0.,6.916656224892),(0.,1.)
  ,.PIECEWISE_BEZIER_KNOTS.);
#13707 = CARTESIAN_POINT('',(5.992895794188,3.669590325988E-16,80.));
#13708 = CARTESIAN_POINT('',(6.916656224892,4.235230453308E-16,80.801));
#13709 = CARTESIAN_POINT('',(2.996447897094,-5.19,80.));
#13710 = CARTESIAN_POINT('',(3.458328112446,-5.99,80.801));
#13711 = ADVANCED_FACE('',(#13712),#13731,.F.);
#13712 = FACE_BOUND('',#13713,.F.);
#13713 = EDGE_LOOP('',(#13714,#13722,#13729,#13730));
#13714 = ORIENTED_EDGE('',*,*,#13715,.T.);
#13715 = EDGE_CURVE('',#3687,#13716,#13718,.T.);
#13716 = VERTEX_POINT('',#13717);
#13717 = CARTESIAN_POINT('',(0.5,-1.224646799147E-16,0.));
#13718 = LINE('',#13719,#13720);
#13719 = CARTESIAN_POINT('',(0.5,-1.224646799147E-16,-3.1));
#13720 = VECTOR('',#13721,1.);
#13721 = DIRECTION('',(0.,0.,1.));
#13722 = ORIENTED_EDGE('',*,*,#13723,.F.);
#13723 = EDGE_CURVE('',#13716,#13716,#13724,.T.);
#13724 = CIRCLE('',#13725,0.5);
#13725 = AXIS2_PLACEMENT_3D('',#13726,#13727,#13728);
#13726 = CARTESIAN_POINT('',(0.,0.,0.));
#13727 = DIRECTION('',(0.,0.,1.));
#13728 = DIRECTION('',(1.,0.,-0.));
#13729 = ORIENTED_EDGE('',*,*,#13715,.F.);
#13730 = ORIENTED_EDGE('',*,*,#3686,.T.);
#13731 = CYLINDRICAL_SURFACE('',#13732,0.5);
#13732 = AXIS2_PLACEMENT_3D('',#13733,#13734,#13735);
#13733 = CARTESIAN_POINT('',(0.,0.,-3.1));
#13734 = DIRECTION('',(0.,0.,1.));
#13735 = DIRECTION('',(1.,0.,-0.));
#13736 = ADVANCED_FACE('',(#13737),#13826,.T.);
#13737 = FACE_BOUND('',#13738,.F.);
#13738 = EDGE_LOOP('',(#13739,#13747,#13748,#13749,#13750,#13751,#13752,
    #13753,#13759,#13760,#13761,#13762,#13763,#13764,#13765,#13771,
    #13772,#13773,#13774,#13775,#13776,#13777,#13778,#13779,#13785,
    #13786,#13787,#13788,#13789,#13790,#13791,#13797,#13798,#13799,
    #13800,#13801,#13802,#13803,#13804,#13805,#13806,#13812,#13813,
    #13814,#13815,#13816,#13817,#13818,#13819,#13820));
#13739 = ORIENTED_EDGE('',*,*,#13740,.T.);
#13740 = EDGE_CURVE('',#13741,#3722,#13743,.T.);
#13741 = VERTEX_POINT('',#13742);
#13742 = CARTESIAN_POINT('',(-8.492895794188,6.982857142857,
    41.826285714286));
#13743 = LINE('',#13744,#13745);
#13744 = CARTESIAN_POINT('',(-8.492895794188,7.559128571429,
    41.826285714286));
#13745 = VECTOR('',#13746,1.);
#13746 = DIRECTION('',(0.,1.,0.));
#13747 = ORIENTED_EDGE('',*,*,#3729,.T.);
#13748 = ORIENTED_EDGE('',*,*,#3753,.T.);
#13749 = ORIENTED_EDGE('',*,*,#3777,.T.);
#13750 = ORIENTED_EDGE('',*,*,#3801,.T.);
#13751 = ORIENTED_EDGE('',*,*,#3825,.T.);
#13752 = ORIENTED_EDGE('',*,*,#3849,.T.);
#13753 = ORIENTED_EDGE('',*,*,#13754,.T.);
#13754 = EDGE_CURVE('',#3850,#3873,#13755,.T.);
#13755 = LINE('',#13756,#13757);
#13756 = CARTESIAN_POINT('',(-8.492895794188,7.696,42.269957142857));
#13757 = VECTOR('',#13758,1.);
#13758 = DIRECTION('',(0.,0.,1.));
#13759 = ORIENTED_EDGE('',*,*,#3880,.T.);
#13760 = ORIENTED_EDGE('',*,*,#3904,.T.);
#13761 = ORIENTED_EDGE('',*,*,#3928,.T.);
#13762 = ORIENTED_EDGE('',*,*,#3952,.T.);
#13763 = ORIENTED_EDGE('',*,*,#3976,.T.);
#13764 = ORIENTED_EDGE('',*,*,#4000,.T.);
#13765 = ORIENTED_EDGE('',*,*,#13766,.T.);
#13766 = EDGE_CURVE('',#4001,#4024,#13767,.T.);
#13767 = LINE('',#13768,#13769);
#13768 = CARTESIAN_POINT('',(-8.492895794188,5.836071428571,42.3968));
#13769 = VECTOR('',#13770,1.);
#13770 = DIRECTION('',(0.,-1.,0.));
#13771 = ORIENTED_EDGE('',*,*,#4031,.T.);
#13772 = ORIENTED_EDGE('',*,*,#4055,.T.);
#13773 = ORIENTED_EDGE('',*,*,#4079,.T.);
#13774 = ORIENTED_EDGE('',*,*,#4103,.T.);
#13775 = ORIENTED_EDGE('',*,*,#4127,.T.);
#13776 = ORIENTED_EDGE('',*,*,#4151,.T.);
#13777 = ORIENTED_EDGE('',*,*,#4175,.T.);
#13778 = ORIENTED_EDGE('',*,*,#4199,.T.);
#13779 = ORIENTED_EDGE('',*,*,#13780,.T.);
#13780 = EDGE_CURVE('',#4200,#4223,#13781,.T.);
#13781 = LINE('',#13782,#13783);
#13782 = CARTESIAN_POINT('',(-8.492895794188,5.6992,42.2642));
#13783 = VECTOR('',#13784,1.);
#13784 = DIRECTION('',(0.,-0.,-1.));
#13785 = ORIENTED_EDGE('',*,*,#4230,.T.);
#13786 = ORIENTED_EDGE('',*,*,#4254,.T.);
#13787 = ORIENTED_EDGE('',*,*,#4278,.T.);
#13788 = ORIENTED_EDGE('',*,*,#4302,.T.);
#13789 = ORIENTED_EDGE('',*,*,#4326,.T.);
#13790 = ORIENTED_EDGE('',*,*,#4350,.T.);
#13791 = ORIENTED_EDGE('',*,*,#13792,.T.);
#13792 = EDGE_CURVE('',#4351,#4374,#13793,.T.);
#13793 = LINE('',#13794,#13795);
#13794 = CARTESIAN_POINT('',(-8.492895794188,5.836071428571,
    41.826285714286));
#13795 = VECTOR('',#13796,1.);
#13796 = DIRECTION('',(0.,1.,0.));
#13797 = ORIENTED_EDGE('',*,*,#4381,.T.);
#13798 = ORIENTED_EDGE('',*,*,#4405,.T.);
#13799 = ORIENTED_EDGE('',*,*,#4429,.T.);
#13800 = ORIENTED_EDGE('',*,*,#4453,.T.);
#13801 = ORIENTED_EDGE('',*,*,#4477,.T.);
#13802 = ORIENTED_EDGE('',*,*,#4501,.T.);
#13803 = ORIENTED_EDGE('',*,*,#4525,.T.);
#13804 = ORIENTED_EDGE('',*,*,#4549,.T.);
#13805 = ORIENTED_EDGE('',*,*,#4573,.T.);
#13806 = ORIENTED_EDGE('',*,*,#13807,.T.);
#13807 = EDGE_CURVE('',#4574,#4597,#13808,.T.);
#13808 = LINE('',#13809,#13810);
#13809 = CARTESIAN_POINT('',(-8.492895794188,6.840228571429,38.4032));
#13810 = VECTOR('',#13811,1.);
#13811 = DIRECTION('',(0.,1.,0.));
#13812 = ORIENTED_EDGE('',*,*,#4604,.T.);
#13813 = ORIENTED_EDGE('',*,*,#4628,.T.);
#13814 = ORIENTED_EDGE('',*,*,#4652,.T.);
#13815 = ORIENTED_EDGE('',*,*,#4676,.T.);
#13816 = ORIENTED_EDGE('',*,*,#4700,.T.);
#13817 = ORIENTED_EDGE('',*,*,#4724,.T.);
#13818 = ORIENTED_EDGE('',*,*,#4748,.T.);
#13819 = ORIENTED_EDGE('',*,*,#4772,.T.);
#13820 = ORIENTED_EDGE('',*,*,#13821,.T.);
#13821 = EDGE_CURVE('',#4773,#13741,#13822,.T.);
#13822 = LINE('',#13823,#13824);
#13823 = CARTESIAN_POINT('',(-8.492895794188,6.982857142857,
    38.528742857143));
#13824 = VECTOR('',#13825,1.);
#13825 = DIRECTION('',(0.,0.,1.));
#13826 = PLANE('',#13827);
#13827 = AXIS2_PLACEMENT_3D('',#13828,#13829,#13830);
#13828 = CARTESIAN_POINT('',(-8.492895794188,6.697986368605,
    40.806443489376));
#13829 = DIRECTION('',(-1.,0.,0.));
#13830 = DIRECTION('',(0.,-1.,0.));
#13831 = ADVANCED_FACE('',(#13832),#13942,.T.);
#13832 = FACE_BOUND('',#13833,.F.);
#13833 = EDGE_LOOP('',(#13834,#13835,#13836,#13837,#13838,#13839,#13840,
    #13841,#13842,#13843,#13844,#13845,#13846,#13847,#13848,#13854,
    #13855,#13856,#13857,#13858,#13859,#13860,#13861,#13867,#13868,
    #13869,#13870,#13871,#13872,#13873,#13874,#13875,#13876,#13877,
    #13878,#13879,#13880,#13881,#13882,#13883,#13884,#13885,#13886,
    #13887,#13888,#13889,#13890,#13891,#13892,#13893,#13894,#13895,
    #13896,#13897,#13898,#13899,#13900,#13901,#13902,#13903,#13904,
    #13905,#13906,#13907,#13908,#13909,#13915,#13916,#13917,#13918,
    #13919,#13925,#13926,#13932,#13933,#13934,#13935,#13936,#13937,
    #13938,#13939,#13940,#13941));
#13834 = ORIENTED_EDGE('',*,*,#6686,.T.);
#13835 = ORIENTED_EDGE('',*,*,#4803,.T.);
#13836 = ORIENTED_EDGE('',*,*,#4827,.T.);
#13837 = ORIENTED_EDGE('',*,*,#4851,.T.);
#13838 = ORIENTED_EDGE('',*,*,#4875,.T.);
#13839 = ORIENTED_EDGE('',*,*,#4899,.T.);
#13840 = ORIENTED_EDGE('',*,*,#4923,.T.);
#13841 = ORIENTED_EDGE('',*,*,#4947,.T.);
#13842 = ORIENTED_EDGE('',*,*,#4971,.T.);
#13843 = ORIENTED_EDGE('',*,*,#4995,.T.);
#13844 = ORIENTED_EDGE('',*,*,#5019,.T.);
#13845 = ORIENTED_EDGE('',*,*,#5043,.T.);
#13846 = ORIENTED_EDGE('',*,*,#5067,.T.);
#13847 = ORIENTED_EDGE('',*,*,#5091,.T.);
#13848 = ORIENTED_EDGE('',*,*,#13849,.T.);
#13849 = EDGE_CURVE('',#5092,#5115,#13850,.T.);
#13850 = LINE('',#13851,#13852);
#13851 = CARTESIAN_POINT('',(-8.492895794188,5.128685714286,
    42.111542857143));
#13852 = VECTOR('',#13853,1.);
#13853 = DIRECTION('',(0.,0.,1.));
#13854 = ORIENTED_EDGE('',*,*,#5122,.T.);
#13855 = ORIENTED_EDGE('',*,*,#5146,.T.);
#13856 = ORIENTED_EDGE('',*,*,#5170,.T.);
#13857 = ORIENTED_EDGE('',*,*,#5194,.T.);
#13858 = ORIENTED_EDGE('',*,*,#5218,.T.);
#13859 = ORIENTED_EDGE('',*,*,#5242,.T.);
#13860 = ORIENTED_EDGE('',*,*,#5266,.T.);
#13861 = ORIENTED_EDGE('',*,*,#13862,.T.);
#13862 = EDGE_CURVE('',#5267,#5290,#13863,.T.);
#13863 = LINE('',#13864,#13865);
#13864 = CARTESIAN_POINT('',(-8.492895794188,5.020228571429,
    42.334028571429));
#13865 = VECTOR('',#13866,1.);
#13866 = DIRECTION('',(0.,-0.80078057117,0.598957825591));
#13867 = ORIENTED_EDGE('',*,*,#5297,.T.);
#13868 = ORIENTED_EDGE('',*,*,#5321,.T.);
#13869 = ORIENTED_EDGE('',*,*,#5345,.T.);
#13870 = ORIENTED_EDGE('',*,*,#5369,.T.);
#13871 = ORIENTED_EDGE('',*,*,#5393,.T.);
#13872 = ORIENTED_EDGE('',*,*,#5417,.T.);
#13873 = ORIENTED_EDGE('',*,*,#5441,.T.);
#13874 = ORIENTED_EDGE('',*,*,#5465,.T.);
#13875 = ORIENTED_EDGE('',*,*,#5489,.T.);
#13876 = ORIENTED_EDGE('',*,*,#5513,.T.);
#13877 = ORIENTED_EDGE('',*,*,#5537,.T.);
#13878 = ORIENTED_EDGE('',*,*,#5561,.T.);
#13879 = ORIENTED_EDGE('',*,*,#5585,.T.);
#13880 = ORIENTED_EDGE('',*,*,#5609,.T.);
#13881 = ORIENTED_EDGE('',*,*,#5633,.T.);
#13882 = ORIENTED_EDGE('',*,*,#5657,.T.);
#13883 = ORIENTED_EDGE('',*,*,#5681,.T.);
#13884 = ORIENTED_EDGE('',*,*,#5705,.T.);
#13885 = ORIENTED_EDGE('',*,*,#5729,.T.);
#13886 = ORIENTED_EDGE('',*,*,#5753,.T.);
#13887 = ORIENTED_EDGE('',*,*,#5777,.T.);
#13888 = ORIENTED_EDGE('',*,*,#5801,.T.);
#13889 = ORIENTED_EDGE('',*,*,#5825,.T.);
#13890 = ORIENTED_EDGE('',*,*,#5849,.T.);
#13891 = ORIENTED_EDGE('',*,*,#5873,.T.);
#13892 = ORIENTED_EDGE('',*,*,#5897,.T.);
#13893 = ORIENTED_EDGE('',*,*,#5921,.T.);
#13894 = ORIENTED_EDGE('',*,*,#5945,.T.);
#13895 = ORIENTED_EDGE('',*,*,#5969,.T.);
#13896 = ORIENTED_EDGE('',*,*,#5993,.T.);
#13897 = ORIENTED_EDGE('',*,*,#6017,.T.);
#13898 = ORIENTED_EDGE('',*,*,#6041,.T.);
#13899 = ORIENTED_EDGE('',*,*,#6065,.T.);
#13900 = ORIENTED_EDGE('',*,*,#6089,.T.);
#13901 = ORIENTED_EDGE('',*,*,#6113,.T.);
#13902 = ORIENTED_EDGE('',*,*,#6137,.T.);
#13903 = ORIENTED_EDGE('',*,*,#6161,.T.);
#13904 = ORIENTED_EDGE('',*,*,#6185,.T.);
#13905 = ORIENTED_EDGE('',*,*,#6209,.T.);
#13906 = ORIENTED_EDGE('',*,*,#6233,.T.);
#13907 = ORIENTED_EDGE('',*,*,#6257,.T.);
#13908 = ORIENTED_EDGE('',*,*,#6281,.T.);
#13909 = ORIENTED_EDGE('',*,*,#13910,.T.);
#13910 = EDGE_CURVE('',#6282,#6305,#13911,.T.);
#13911 = LINE('',#13912,#13913);
#13912 = CARTESIAN_POINT('',(-8.492895794188,4.849185714286,38.4032));
#13913 = VECTOR('',#13914,1.);
#13914 = DIRECTION('',(0.,1.,0.));
#13915 = ORIENTED_EDGE('',*,*,#6312,.T.);
#13916 = ORIENTED_EDGE('',*,*,#6336,.T.);
#13917 = ORIENTED_EDGE('',*,*,#6360,.T.);
#13918 = ORIENTED_EDGE('',*,*,#6384,.T.);
#13919 = ORIENTED_EDGE('',*,*,#13920,.T.);
#13920 = EDGE_CURVE('',#6385,#6408,#13921,.T.);
#13921 = LINE('',#13922,#13923);
#13922 = CARTESIAN_POINT('',(-8.492895794188,4.962285714286,
    38.465971428571));
#13923 = VECTOR('',#13924,1.);
#13924 = DIRECTION('',(0.,0.571064488199,0.820905201785));
#13925 = ORIENTED_EDGE('',*,*,#6415,.T.);
#13926 = ORIENTED_EDGE('',*,*,#13927,.T.);
#13927 = EDGE_CURVE('',#6416,#6439,#13928,.T.);
#13928 = LINE('',#13929,#13930);
#13929 = CARTESIAN_POINT('',(-8.492895794188,4.986057142857,
    38.540071428571));
#13930 = VECTOR('',#13931,1.);
#13931 = DIRECTION('',(0.,0.,1.));
#13932 = ORIENTED_EDGE('',*,*,#6446,.T.);
#13933 = ORIENTED_EDGE('',*,*,#6470,.T.);
#13934 = ORIENTED_EDGE('',*,*,#6494,.T.);
#13935 = ORIENTED_EDGE('',*,*,#6518,.T.);
#13936 = ORIENTED_EDGE('',*,*,#6542,.T.);
#13937 = ORIENTED_EDGE('',*,*,#6566,.T.);
#13938 = ORIENTED_EDGE('',*,*,#6590,.T.);
#13939 = ORIENTED_EDGE('',*,*,#6614,.T.);
#13940 = ORIENTED_EDGE('',*,*,#6638,.T.);
#13941 = ORIENTED_EDGE('',*,*,#6662,.T.);
#13942 = PLANE('',#13943);
#13943 = AXIS2_PLACEMENT_3D('',#13944,#13945,#13946);
#13944 = CARTESIAN_POINT('',(-8.492895794188,4.226074592953,
    40.235371698725));
#13945 = DIRECTION('',(-1.,0.,0.));
#13946 = DIRECTION('',(0.,-1.,0.));
#13947 = ADVANCED_FACE('',(#13948,#14040),#14074,.T.);
#13948 = FACE_BOUND('',#13949,.F.);
#13949 = EDGE_LOOP('',(#13950,#13956,#13957,#13958,#13959,#13960,#13961,
    #13962,#13963,#13964,#13965,#13966,#13967,#13968,#13969,#13975,
    #13976,#13977,#13978,#13979,#13980,#13981,#13982,#13983,#13984,
    #13985,#13986,#13987,#13993,#13994,#13995,#13996,#13997,#13998,
    #14004,#14005,#14006,#14007,#14008,#14009,#14010,#14011,#14012,
    #14013,#14014,#14015,#14016,#14017,#14018,#14024,#14025,#14026,
    #14027,#14028,#14029,#14030,#14031,#14032,#14033,#14034,#14035,
    #14036,#14037,#14038,#14039));
#13950 = ORIENTED_EDGE('',*,*,#13951,.T.);
#13951 = EDGE_CURVE('',#8155,#6703,#13952,.T.);
#13952 = LINE('',#13953,#13954);
#13953 = CARTESIAN_POINT('',(-8.492895794188,2.704,38.973714285714));
#13954 = VECTOR('',#13955,1.);
#13955 = DIRECTION('',(0.,0.,1.));
#13956 = ORIENTED_EDGE('',*,*,#6710,.T.);
#13957 = ORIENTED_EDGE('',*,*,#6734,.T.);
#13958 = ORIENTED_EDGE('',*,*,#6758,.T.);
#13959 = ORIENTED_EDGE('',*,*,#6782,.T.);
#13960 = ORIENTED_EDGE('',*,*,#6806,.T.);
#13961 = ORIENTED_EDGE('',*,*,#6830,.T.);
#13962 = ORIENTED_EDGE('',*,*,#6854,.T.);
#13963 = ORIENTED_EDGE('',*,*,#6878,.T.);
#13964 = ORIENTED_EDGE('',*,*,#6902,.T.);
#13965 = ORIENTED_EDGE('',*,*,#6926,.T.);
#13966 = ORIENTED_EDGE('',*,*,#6950,.T.);
#13967 = ORIENTED_EDGE('',*,*,#6974,.T.);
#13968 = ORIENTED_EDGE('',*,*,#6998,.T.);
#13969 = ORIENTED_EDGE('',*,*,#13970,.T.);
#13970 = EDGE_CURVE('',#6999,#7022,#13971,.T.);
#13971 = LINE('',#13972,#13973);
#13972 = CARTESIAN_POINT('',(-8.492895794188,2.133485714286,42.3968));
#13973 = VECTOR('',#13974,1.);
#13974 = DIRECTION('',(0.,-1.,0.));
#13975 = ORIENTED_EDGE('',*,*,#7029,.T.);
#13976 = ORIENTED_EDGE('',*,*,#7053,.T.);
#13977 = ORIENTED_EDGE('',*,*,#7077,.T.);
#13978 = ORIENTED_EDGE('',*,*,#7101,.T.);
#13979 = ORIENTED_EDGE('',*,*,#7125,.T.);
#13980 = ORIENTED_EDGE('',*,*,#7149,.T.);
#13981 = ORIENTED_EDGE('',*,*,#7173,.T.);
#13982 = ORIENTED_EDGE('',*,*,#7197,.T.);
#13983 = ORIENTED_EDGE('',*,*,#7221,.T.);
#13984 = ORIENTED_EDGE('',*,*,#7245,.T.);
#13985 = ORIENTED_EDGE('',*,*,#7269,.T.);
#13986 = ORIENTED_EDGE('',*,*,#7293,.T.);
#13987 = ORIENTED_EDGE('',*,*,#13988,.T.);
#13988 = EDGE_CURVE('',#7294,#7317,#13989,.T.);
#13989 = LINE('',#13990,#13991);
#13990 = CARTESIAN_POINT('',(-8.492895794188,0.769971428571,
    42.082942857143));
#13991 = VECTOR('',#13992,1.);
#13992 = DIRECTION('',(0.,-0.4472135955,-0.894427191));
#13993 = ORIENTED_EDGE('',*,*,#7324,.T.);
#13994 = ORIENTED_EDGE('',*,*,#7348,.T.);
#13995 = ORIENTED_EDGE('',*,*,#7372,.T.);
#13996 = ORIENTED_EDGE('',*,*,#7396,.T.);
#13997 = ORIENTED_EDGE('',*,*,#7420,.T.);
#13998 = ORIENTED_EDGE('',*,*,#13999,.T.);
#13999 = EDGE_CURVE('',#7421,#7444,#14000,.T.);
#14000 = LINE('',#14001,#14002);
#14001 = CARTESIAN_POINT('',(-8.492895794188,0.7072,41.826285714286));
#14002 = VECTOR('',#14003,1.);
#14003 = DIRECTION('',(0.,0.,-1.));
#14004 = ORIENTED_EDGE('',*,*,#7451,.T.);
#14005 = ORIENTED_EDGE('',*,*,#7475,.T.);
#14006 = ORIENTED_EDGE('',*,*,#7499,.T.);
#14007 = ORIENTED_EDGE('',*,*,#7523,.T.);
#14008 = ORIENTED_EDGE('',*,*,#7547,.T.);
#14009 = ORIENTED_EDGE('',*,*,#7571,.T.);
#14010 = ORIENTED_EDGE('',*,*,#7595,.T.);
#14011 = ORIENTED_EDGE('',*,*,#7619,.T.);
#14012 = ORIENTED_EDGE('',*,*,#7643,.T.);
#14013 = ORIENTED_EDGE('',*,*,#7667,.T.);
#14014 = ORIENTED_EDGE('',*,*,#7691,.T.);
#14015 = ORIENTED_EDGE('',*,*,#7715,.T.);
#14016 = ORIENTED_EDGE('',*,*,#7739,.T.);
#14017 = ORIENTED_EDGE('',*,*,#7763,.T.);
#14018 = ORIENTED_EDGE('',*,*,#14019,.T.);
#14019 = EDGE_CURVE('',#7764,#7787,#14020,.T.);
#14020 = LINE('',#14021,#14022);
#14021 = CARTESIAN_POINT('',(-8.492895794188,2.133485714286,38.4032));
#14022 = VECTOR('',#14023,1.);
#14023 = DIRECTION('',(0.,1.,0.));
#14024 = ORIENTED_EDGE('',*,*,#7794,.T.);
#14025 = ORIENTED_EDGE('',*,*,#7818,.T.);
#14026 = ORIENTED_EDGE('',*,*,#7842,.T.);
#14027 = ORIENTED_EDGE('',*,*,#7866,.T.);
#14028 = ORIENTED_EDGE('',*,*,#7890,.T.);
#14029 = ORIENTED_EDGE('',*,*,#7914,.T.);
#14030 = ORIENTED_EDGE('',*,*,#7938,.T.);
#14031 = ORIENTED_EDGE('',*,*,#7962,.T.);
#14032 = ORIENTED_EDGE('',*,*,#7986,.T.);
#14033 = ORIENTED_EDGE('',*,*,#8010,.T.);
#14034 = ORIENTED_EDGE('',*,*,#8034,.T.);
#14035 = ORIENTED_EDGE('',*,*,#8058,.T.);
#14036 = ORIENTED_EDGE('',*,*,#8082,.T.);
#14037 = ORIENTED_EDGE('',*,*,#8106,.T.);
#14038 = ORIENTED_EDGE('',*,*,#8130,.T.);
#14039 = ORIENTED_EDGE('',*,*,#8154,.T.);
#14040 = FACE_BOUND('',#14041,.F.);
#14041 = EDGE_LOOP('',(#14042,#14052,#14060,#14068));
#14042 = ORIENTED_EDGE('',*,*,#14043,.T.);
#14043 = EDGE_CURVE('',#14044,#14046,#14048,.T.);
#14044 = VERTEX_POINT('',#14045);
#14045 = CARTESIAN_POINT('',(-8.492895794188,2.133485714286,
    41.826285714286));
#14046 = VERTEX_POINT('',#14047);
#14047 = CARTESIAN_POINT('',(-8.492895794188,2.133485714286,
    38.973714285714));
#14048 = LINE('',#14049,#14050);
#14049 = CARTESIAN_POINT('',(-8.492895794188,2.133485714286,
    41.826285714286));
#14050 = VECTOR('',#14051,1.);
#14051 = DIRECTION('',(0.,0.,-1.));
#14052 = ORIENTED_EDGE('',*,*,#14053,.T.);
#14053 = EDGE_CURVE('',#14046,#14054,#14056,.T.);
#14054 = VERTEX_POINT('',#14055);
#14055 = CARTESIAN_POINT('',(-8.492895794188,1.277714285714,
    38.973714285714));
#14056 = LINE('',#14057,#14058);
#14057 = CARTESIAN_POINT('',(-8.492895794188,2.133485714286,
    38.973714285714));
#14058 = VECTOR('',#14059,1.);
#14059 = DIRECTION('',(0.,-1.,0.));
#14060 = ORIENTED_EDGE('',*,*,#14061,.T.);
#14061 = EDGE_CURVE('',#14054,#14062,#14064,.T.);
#14062 = VERTEX_POINT('',#14063);
#14063 = CARTESIAN_POINT('',(-8.492895794188,1.277714285714,
    41.826285714286));
#14064 = LINE('',#14065,#14066);
#14065 = CARTESIAN_POINT('',(-8.492895794188,1.277714285714,
    38.973714285714));
#14066 = VECTOR('',#14067,1.);
#14067 = DIRECTION('',(0.,0.,1.));
#14068 = ORIENTED_EDGE('',*,*,#14069,.T.);
#14069 = EDGE_CURVE('',#14062,#14044,#14070,.T.);
#14070 = LINE('',#14071,#14072);
#14071 = CARTESIAN_POINT('',(-8.492895794188,1.277714285714,
    41.826285714286));
#14072 = VECTOR('',#14073,1.);
#14073 = DIRECTION('',(0.,1.,0.));
#14074 = PLANE('',#14075);
#14075 = AXIS2_PLACEMENT_3D('',#14076,#14077,#14078);
#14076 = CARTESIAN_POINT('',(-8.492895794188,1.705859852971,
    40.401014133874));
#14077 = DIRECTION('',(-1.,0.,0.));
#14078 = DIRECTION('',(0.,-1.,0.));
#14079 = ADVANCED_FACE('',(#14080),#14190,.T.);
#14080 = FACE_BOUND('',#14081,.F.);
#14081 = EDGE_LOOP('',(#14082,#14083,#14084,#14085,#14086,#14087,#14088,
    #14089,#14090,#14091,#14092,#14093,#14094,#14095,#14096,#14102,
    #14103,#14104,#14105,#14106,#14107,#14108,#14109,#14115,#14116,
    #14117,#14118,#14119,#14120,#14121,#14122,#14123,#14124,#14125,
    #14126,#14127,#14128,#14129,#14130,#14131,#14132,#14133,#14134,
    #14135,#14136,#14137,#14138,#14139,#14140,#14141,#14142,#14143,
    #14144,#14145,#14146,#14147,#14148,#14149,#14150,#14151,#14152,
    #14153,#14154,#14155,#14156,#14157,#14163,#14164,#14165,#14166,
    #14167,#14173,#14174,#14180,#14181,#14182,#14183,#14184,#14185,
    #14186,#14187,#14188,#14189));
#14082 = ORIENTED_EDGE('',*,*,#10068,.T.);
#14083 = ORIENTED_EDGE('',*,*,#8185,.T.);
#14084 = ORIENTED_EDGE('',*,*,#8209,.T.);
#14085 = ORIENTED_EDGE('',*,*,#8233,.T.);
#14086 = ORIENTED_EDGE('',*,*,#8257,.T.);
#14087 = ORIENTED_EDGE('',*,*,#8281,.T.);
#14088 = ORIENTED_EDGE('',*,*,#8305,.T.);
#14089 = ORIENTED_EDGE('',*,*,#8329,.T.);
#14090 = ORIENTED_EDGE('',*,*,#8353,.T.);
#14091 = ORIENTED_EDGE('',*,*,#8377,.T.);
#14092 = ORIENTED_EDGE('',*,*,#8401,.T.);
#14093 = ORIENTED_EDGE('',*,*,#8425,.T.);
#14094 = ORIENTED_EDGE('',*,*,#8449,.T.);
#14095 = ORIENTED_EDGE('',*,*,#8473,.T.);
#14096 = ORIENTED_EDGE('',*,*,#14097,.T.);
#14097 = EDGE_CURVE('',#8474,#8497,#14098,.T.);
#14098 = LINE('',#14099,#14100);
#14099 = CARTESIAN_POINT('',(-8.492895794188,-3.274514285714,
    42.111542857143));
#14100 = VECTOR('',#14101,1.);
#14101 = DIRECTION('',(0.,0.,1.));
#14102 = ORIENTED_EDGE('',*,*,#8504,.T.);
#14103 = ORIENTED_EDGE('',*,*,#8528,.T.);
#14104 = ORIENTED_EDGE('',*,*,#8552,.T.);
#14105 = ORIENTED_EDGE('',*,*,#8576,.T.);
#14106 = ORIENTED_EDGE('',*,*,#8600,.T.);
#14107 = ORIENTED_EDGE('',*,*,#8624,.T.);
#14108 = ORIENTED_EDGE('',*,*,#8648,.T.);
#14109 = ORIENTED_EDGE('',*,*,#14110,.T.);
#14110 = EDGE_CURVE('',#8649,#8672,#14111,.T.);
#14111 = LINE('',#14112,#14113);
#14112 = CARTESIAN_POINT('',(-8.492895794188,-3.382971428571,
    42.334028571429));
#14113 = VECTOR('',#14114,1.);
#14114 = DIRECTION('',(0.,-0.80078057117,0.598957825591));
#14115 = ORIENTED_EDGE('',*,*,#8679,.T.);
#14116 = ORIENTED_EDGE('',*,*,#8703,.T.);
#14117 = ORIENTED_EDGE('',*,*,#8727,.T.);
#14118 = ORIENTED_EDGE('',*,*,#8751,.T.);
#14119 = ORIENTED_EDGE('',*,*,#8775,.T.);
#14120 = ORIENTED_EDGE('',*,*,#8799,.T.);
#14121 = ORIENTED_EDGE('',*,*,#8823,.T.);
#14122 = ORIENTED_EDGE('',*,*,#8847,.T.);
#14123 = ORIENTED_EDGE('',*,*,#8871,.T.);
#14124 = ORIENTED_EDGE('',*,*,#8895,.T.);
#14125 = ORIENTED_EDGE('',*,*,#8919,.T.);
#14126 = ORIENTED_EDGE('',*,*,#8943,.T.);
#14127 = ORIENTED_EDGE('',*,*,#8967,.T.);
#14128 = ORIENTED_EDGE('',*,*,#8991,.T.);
#14129 = ORIENTED_EDGE('',*,*,#9015,.T.);
#14130 = ORIENTED_EDGE('',*,*,#9039,.T.);
#14131 = ORIENTED_EDGE('',*,*,#9063,.T.);
#14132 = ORIENTED_EDGE('',*,*,#9087,.T.);
#14133 = ORIENTED_EDGE('',*,*,#9111,.T.);
#14134 = ORIENTED_EDGE('',*,*,#9135,.T.);
#14135 = ORIENTED_EDGE('',*,*,#9159,.T.);
#14136 = ORIENTED_EDGE('',*,*,#9183,.T.);
#14137 = ORIENTED_EDGE('',*,*,#9207,.T.);
#14138 = ORIENTED_EDGE('',*,*,#9231,.T.);
#14139 = ORIENTED_EDGE('',*,*,#9255,.T.);
#14140 = ORIENTED_EDGE('',*,*,#9279,.T.);
#14141 = ORIENTED_EDGE('',*,*,#9303,.T.);
#14142 = ORIENTED_EDGE('',*,*,#9327,.T.);
#14143 = ORIENTED_EDGE('',*,*,#9351,.T.);
#14144 = ORIENTED_EDGE('',*,*,#9375,.T.);
#14145 = ORIENTED_EDGE('',*,*,#9399,.T.);
#14146 = ORIENTED_EDGE('',*,*,#9423,.T.);
#14147 = ORIENTED_EDGE('',*,*,#9447,.T.);
#14148 = ORIENTED_EDGE('',*,*,#9471,.T.);
#14149 = ORIENTED_EDGE('',*,*,#9495,.T.);
#14150 = ORIENTED_EDGE('',*,*,#9519,.T.);
#14151 = ORIENTED_EDGE('',*,*,#9543,.T.);
#14152 = ORIENTED_EDGE('',*,*,#9567,.T.);
#14153 = ORIENTED_EDGE('',*,*,#9591,.T.);
#14154 = ORIENTED_EDGE('',*,*,#9615,.T.);
#14155 = ORIENTED_EDGE('',*,*,#9639,.T.);
#14156 = ORIENTED_EDGE('',*,*,#9663,.T.);
#14157 = ORIENTED_EDGE('',*,*,#14158,.T.);
#14158 = EDGE_CURVE('',#9664,#9687,#14159,.T.);
#14159 = LINE('',#14160,#14161);
#14160 = CARTESIAN_POINT('',(-8.492895794188,-3.554014285714,38.4032));
#14161 = VECTOR('',#14162,1.);
#14162 = DIRECTION('',(0.,1.,0.));
#14163 = ORIENTED_EDGE('',*,*,#9694,.T.);
#14164 = ORIENTED_EDGE('',*,*,#9718,.T.);
#14165 = ORIENTED_EDGE('',*,*,#9742,.T.);
#14166 = ORIENTED_EDGE('',*,*,#9766,.T.);
#14167 = ORIENTED_EDGE('',*,*,#14168,.T.);
#14168 = EDGE_CURVE('',#9767,#9790,#14169,.T.);
#14169 = LINE('',#14170,#14171);
#14170 = CARTESIAN_POINT('',(-8.492895794188,-3.440914285714,
    38.465971428571));
#14171 = VECTOR('',#14172,1.);
#14172 = DIRECTION('',(0.,0.571064488199,0.820905201785));
#14173 = ORIENTED_EDGE('',*,*,#9797,.T.);
#14174 = ORIENTED_EDGE('',*,*,#14175,.T.);
#14175 = EDGE_CURVE('',#9798,#9821,#14176,.T.);
#14176 = LINE('',#14177,#14178);
#14177 = CARTESIAN_POINT('',(-8.492895794188,-3.417142857143,
    38.540071428571));
#14178 = VECTOR('',#14179,1.);
#14179 = DIRECTION('',(0.,0.,1.));
#14180 = ORIENTED_EDGE('',*,*,#9828,.T.);
#14181 = ORIENTED_EDGE('',*,*,#9852,.T.);
#14182 = ORIENTED_EDGE('',*,*,#9876,.T.);
#14183 = ORIENTED_EDGE('',*,*,#9900,.T.);
#14184 = ORIENTED_EDGE('',*,*,#9924,.T.);
#14185 = ORIENTED_EDGE('',*,*,#9948,.T.);
#14186 = ORIENTED_EDGE('',*,*,#9972,.T.);
#14187 = ORIENTED_EDGE('',*,*,#9996,.T.);
#14188 = ORIENTED_EDGE('',*,*,#10020,.T.);
#14189 = ORIENTED_EDGE('',*,*,#10044,.T.);
#14190 = PLANE('',#14191);
#14191 = AXIS2_PLACEMENT_3D('',#14192,#14193,#14194);
#14192 = CARTESIAN_POINT('',(-8.492895794188,-4.177125407047,
    40.235371698725));
#14193 = DIRECTION('',(-1.,0.,0.));
#14194 = DIRECTION('',(0.,-1.,0.));
#14195 = ADVANCED_FACE('',(#14196,#14331),#14365,.T.);
#14196 = FACE_BOUND('',#14197,.F.);
#14197 = EDGE_LOOP('',(#14198,#14199,#14205,#14206,#14207,#14208,#14209,
    #14210,#14211,#14212,#14213,#14214,#14215,#14216,#14217,#14218,
    #14219,#14220,#14221,#14222,#14228,#14229,#14230,#14231,#14232,
    #14233,#14234,#14235,#14236,#14237,#14238,#14239,#14240,#14241,
    #14242,#14248,#14249,#14250,#14251,#14252,#14258,#14259,#14260,
    #14261,#14262,#14263,#14264,#14265,#14266,#14267,#14268,#14269,
    #14270,#14271,#14272,#14273,#14274,#14275,#14276,#14277,#14278,
    #14279,#14280,#14281,#14282,#14283,#14284,#14285,#14286,#14287,
    #14288,#14289,#14290,#14296,#14297,#14298,#14299,#14300,#14301,
    #14302,#14303,#14304,#14305,#14306,#14312,#14313,#14314,#14315,
    #14316,#14317,#14318,#14319,#14320,#14321,#14322,#14323,#14324,
    #14325));
#14198 = ORIENTED_EDGE('',*,*,#12294,.T.);
#14199 = ORIENTED_EDGE('',*,*,#14200,.T.);
#14200 = EDGE_CURVE('',#12295,#10085,#14201,.T.);
#14201 = LINE('',#14202,#14203);
#14202 = CARTESIAN_POINT('',(-8.492895794188,-6.258385714286,
    40.114742857143));
#14203 = VECTOR('',#14204,1.);
#14204 = DIRECTION('',(0.,1.,0.));
#14205 = ORIENTED_EDGE('',*,*,#10092,.T.);
#14206 = ORIENTED_EDGE('',*,*,#10116,.T.);
#14207 = ORIENTED_EDGE('',*,*,#10140,.T.);
#14208 = ORIENTED_EDGE('',*,*,#10164,.T.);
#14209 = ORIENTED_EDGE('',*,*,#10188,.T.);
#14210 = ORIENTED_EDGE('',*,*,#10212,.T.);
#14211 = ORIENTED_EDGE('',*,*,#10236,.T.);
#14212 = ORIENTED_EDGE('',*,*,#10260,.T.);
#14213 = ORIENTED_EDGE('',*,*,#10284,.T.);
#14214 = ORIENTED_EDGE('',*,*,#10308,.T.);
#14215 = ORIENTED_EDGE('',*,*,#10332,.T.);
#14216 = ORIENTED_EDGE('',*,*,#10356,.T.);
#14217 = ORIENTED_EDGE('',*,*,#10380,.T.);
#14218 = ORIENTED_EDGE('',*,*,#10404,.T.);
#14219 = ORIENTED_EDGE('',*,*,#10428,.T.);
#14220 = ORIENTED_EDGE('',*,*,#10452,.T.);
#14221 = ORIENTED_EDGE('',*,*,#10476,.T.);
#14222 = ORIENTED_EDGE('',*,*,#14223,.T.);
#14223 = EDGE_CURVE('',#10477,#10500,#14224,.T.);
#14224 = LINE('',#14225,#14226);
#14225 = CARTESIAN_POINT('',(-8.492895794188,-5.6992,40.685257142857));
#14226 = VECTOR('',#14227,1.);
#14227 = DIRECTION('',(0.,0.,1.));
#14228 = ORIENTED_EDGE('',*,*,#10507,.T.);
#14229 = ORIENTED_EDGE('',*,*,#10531,.T.);
#14230 = ORIENTED_EDGE('',*,*,#10555,.T.);
#14231 = ORIENTED_EDGE('',*,*,#10579,.T.);
#14232 = ORIENTED_EDGE('',*,*,#10603,.T.);
#14233 = ORIENTED_EDGE('',*,*,#10627,.T.);
#14234 = ORIENTED_EDGE('',*,*,#10651,.T.);
#14235 = ORIENTED_EDGE('',*,*,#10675,.T.);
#14236 = ORIENTED_EDGE('',*,*,#10699,.T.);
#14237 = ORIENTED_EDGE('',*,*,#10723,.T.);
#14238 = ORIENTED_EDGE('',*,*,#10747,.T.);
#14239 = ORIENTED_EDGE('',*,*,#10771,.T.);
#14240 = ORIENTED_EDGE('',*,*,#10795,.T.);
#14241 = ORIENTED_EDGE('',*,*,#10819,.T.);
#14242 = ORIENTED_EDGE('',*,*,#14243,.T.);
#14243 = EDGE_CURVE('',#10820,#10843,#14244,.T.);
#14244 = LINE('',#14245,#14246);
#14245 = CARTESIAN_POINT('',(-8.492895794188,-6.001542857143,
    42.333471428571));
#14246 = VECTOR('',#14247,1.);
#14247 = DIRECTION('',(0.,-0.892478602936,0.451089728658));
#14248 = ORIENTED_EDGE('',*,*,#10850,.T.);
#14249 = ORIENTED_EDGE('',*,*,#10874,.T.);
#14250 = ORIENTED_EDGE('',*,*,#10898,.T.);
#14251 = ORIENTED_EDGE('',*,*,#10922,.T.);
#14252 = ORIENTED_EDGE('',*,*,#14253,.T.);
#14253 = EDGE_CURVE('',#10923,#10946,#14254,.T.);
#14254 = LINE('',#14255,#14256);
#14255 = CARTESIAN_POINT('',(-8.492895794188,-6.269714285714,42.3968));
#14256 = VECTOR('',#14257,1.);
#14257 = DIRECTION('',(0.,-1.,0.));
#14258 = ORIENTED_EDGE('',*,*,#10953,.T.);
#14259 = ORIENTED_EDGE('',*,*,#10977,.T.);
#14260 = ORIENTED_EDGE('',*,*,#11001,.T.);
#14261 = ORIENTED_EDGE('',*,*,#11025,.T.);
#14262 = ORIENTED_EDGE('',*,*,#11049,.T.);
#14263 = ORIENTED_EDGE('',*,*,#11073,.T.);
#14264 = ORIENTED_EDGE('',*,*,#11097,.T.);
#14265 = ORIENTED_EDGE('',*,*,#11121,.T.);
#14266 = ORIENTED_EDGE('',*,*,#11145,.T.);
#14267 = ORIENTED_EDGE('',*,*,#11169,.T.);
#14268 = ORIENTED_EDGE('',*,*,#11193,.T.);
#14269 = ORIENTED_EDGE('',*,*,#11217,.T.);
#14270 = ORIENTED_EDGE('',*,*,#11241,.T.);
#14271 = ORIENTED_EDGE('',*,*,#11265,.T.);
#14272 = ORIENTED_EDGE('',*,*,#11289,.T.);
#14273 = ORIENTED_EDGE('',*,*,#11313,.T.);
#14274 = ORIENTED_EDGE('',*,*,#11337,.T.);
#14275 = ORIENTED_EDGE('',*,*,#11361,.T.);
#14276 = ORIENTED_EDGE('',*,*,#11385,.T.);
#14277 = ORIENTED_EDGE('',*,*,#11409,.T.);
#14278 = ORIENTED_EDGE('',*,*,#11433,.T.);
#14279 = ORIENTED_EDGE('',*,*,#11457,.T.);
#14280 = ORIENTED_EDGE('',*,*,#11481,.T.);
#14281 = ORIENTED_EDGE('',*,*,#11505,.T.);
#14282 = ORIENTED_EDGE('',*,*,#11529,.T.);
#14283 = ORIENTED_EDGE('',*,*,#11553,.T.);
#14284 = ORIENTED_EDGE('',*,*,#11577,.T.);
#14285 = ORIENTED_EDGE('',*,*,#11601,.T.);
#14286 = ORIENTED_EDGE('',*,*,#11625,.T.);
#14287 = ORIENTED_EDGE('',*,*,#11649,.T.);
#14288 = ORIENTED_EDGE('',*,*,#11673,.T.);
#14289 = ORIENTED_EDGE('',*,*,#11697,.T.);
#14290 = ORIENTED_EDGE('',*,*,#14291,.T.);
#14291 = EDGE_CURVE('',#11698,#11721,#14292,.T.);
#14292 = LINE('',#14293,#14294);
#14293 = CARTESIAN_POINT('',(-8.492895794188,-5.984457142857,38.4032));
#14294 = VECTOR('',#14295,1.);
#14295 = DIRECTION('',(0.,1.,0.));
#14296 = ORIENTED_EDGE('',*,*,#11728,.T.);
#14297 = ORIENTED_EDGE('',*,*,#11752,.T.);
#14298 = ORIENTED_EDGE('',*,*,#11776,.T.);
#14299 = ORIENTED_EDGE('',*,*,#11800,.T.);
#14300 = ORIENTED_EDGE('',*,*,#11824,.T.);
#14301 = ORIENTED_EDGE('',*,*,#11848,.T.);
#14302 = ORIENTED_EDGE('',*,*,#11872,.T.);
#14303 = ORIENTED_EDGE('',*,*,#11896,.T.);
#14304 = ORIENTED_EDGE('',*,*,#11920,.T.);
#14305 = ORIENTED_EDGE('',*,*,#11944,.T.);
#14306 = ORIENTED_EDGE('',*,*,#14307,.T.);
#14307 = EDGE_CURVE('',#11945,#11968,#14308,.T.);
#14308 = LINE('',#14309,#14310);
#14309 = CARTESIAN_POINT('',(-8.492895794188,-5.6992,38.694214285714));
#14310 = VECTOR('',#14311,1.);
#14311 = DIRECTION('',(0.,0.,1.));
#14312 = ORIENTED_EDGE('',*,*,#11975,.T.);
#14313 = ORIENTED_EDGE('',*,*,#11999,.T.);
#14314 = ORIENTED_EDGE('',*,*,#12023,.T.);
#14315 = ORIENTED_EDGE('',*,*,#12047,.T.);
#14316 = ORIENTED_EDGE('',*,*,#12071,.T.);
#14317 = ORIENTED_EDGE('',*,*,#12095,.T.);
#14318 = ORIENTED_EDGE('',*,*,#12119,.T.);
#14319 = ORIENTED_EDGE('',*,*,#12143,.T.);
#14320 = ORIENTED_EDGE('',*,*,#12167,.T.);
#14321 = ORIENTED_EDGE('',*,*,#12191,.T.);
#14322 = ORIENTED_EDGE('',*,*,#12215,.T.);
#14323 = ORIENTED_EDGE('',*,*,#12239,.T.);
#14324 = ORIENTED_EDGE('',*,*,#12263,.T.);
#14325 = ORIENTED_EDGE('',*,*,#14326,.T.);
#14326 = EDGE_CURVE('',#12264,#12287,#14327,.T.);
#14327 = LINE('',#14328,#14329);
#14328 = CARTESIAN_POINT('',(-8.492895794188,-5.984457142857,
    38.973714285714));
#14329 = VECTOR('',#14330,1.);
#14330 = DIRECTION('',(0.,-1.,0.));
#14331 = FACE_BOUND('',#14332,.F.);
#14332 = EDGE_LOOP('',(#14333,#14343,#14351,#14359));
#14333 = ORIENTED_EDGE('',*,*,#14334,.T.);
#14334 = EDGE_CURVE('',#14335,#14337,#14339,.T.);
#14335 = VERTEX_POINT('',#14336);
#14336 = CARTESIAN_POINT('',(-8.492895794188,-6.269714285714,
    40.685257142857));
#14337 = VERTEX_POINT('',#14338);
#14338 = CARTESIAN_POINT('',(-8.492895794188,-7.125485714286,
    40.685257142857));
#14339 = LINE('',#14340,#14341);
#14340 = CARTESIAN_POINT('',(-8.492895794188,-6.269714285714,
    40.685257142857));
#14341 = VECTOR('',#14342,1.);
#14342 = DIRECTION('',(0.,-1.,0.));
#14343 = ORIENTED_EDGE('',*,*,#14344,.T.);
#14344 = EDGE_CURVE('',#14337,#14345,#14347,.T.);
#14345 = VERTEX_POINT('',#14346);
#14346 = CARTESIAN_POINT('',(-8.492895794188,-7.125485714286,
    41.826285714286));
#14347 = LINE('',#14348,#14349);
#14348 = CARTESIAN_POINT('',(-8.492895794188,-7.125485714286,
    40.685257142857));
#14349 = VECTOR('',#14350,1.);
#14350 = DIRECTION('',(0.,0.,1.));
#14351 = ORIENTED_EDGE('',*,*,#14352,.T.);
#14352 = EDGE_CURVE('',#14345,#14353,#14355,.T.);
#14353 = VERTEX_POINT('',#14354);
#14354 = CARTESIAN_POINT('',(-8.492895794188,-6.269714285714,
    41.826285714286));
#14355 = LINE('',#14356,#14357);
#14356 = CARTESIAN_POINT('',(-8.492895794188,-7.125485714286,
    41.826285714286));
#14357 = VECTOR('',#14358,1.);
#14358 = DIRECTION('',(0.,1.,0.));
#14359 = ORIENTED_EDGE('',*,*,#14360,.T.);
#14360 = EDGE_CURVE('',#14353,#14335,#14361,.T.);
#14361 = LINE('',#14362,#14363);
#14362 = CARTESIAN_POINT('',(-8.492895794188,-6.269714285714,
    41.826285714286));
#14363 = VECTOR('',#14364,1.);
#14364 = DIRECTION('',(0.,0.,-1.));
#14365 = PLANE('',#14366);
#14366 = AXIS2_PLACEMENT_3D('',#14367,#14368,#14369);
#14367 = CARTESIAN_POINT('',(-8.492895794188,-6.757709971143,
    40.454720861161));
#14368 = DIRECTION('',(-1.,0.,0.));
#14369 = DIRECTION('',(0.,-1.,0.));
#14370 = ADVANCED_FACE('',(#14371),#14473,.T.);
#14371 = FACE_BOUND('',#14372,.F.);
#14372 = EDGE_LOOP('',(#14373,#14379,#14380,#14381,#14382,#14383,#14384,
    #14385,#14386,#14387,#14393,#14394,#14395,#14396,#14397,#14398,
    #14399,#14405,#14406,#14407,#14408,#14409,#14410,#14411,#14412,
    #14413,#14419,#14420,#14421,#14422,#14423,#14424,#14425,#14426,
    #14427,#14433,#14434,#14435,#14436,#14437,#14438,#14439,#14440,
    #14448,#14454,#14455,#14456,#14457,#14458,#14459,#14460,#14466,
    #14467,#14468,#14469,#14470,#14471,#14472));
#14373 = ORIENTED_EDGE('',*,*,#14374,.T.);
#14374 = EDGE_CURVE('',#13544,#12318,#14375,.T.);
#14375 = LINE('',#14376,#14377);
#14376 = CARTESIAN_POINT('',(-8.492895794188,-0.849828571429,
    38.545828571429));
#14377 = VECTOR('',#14378,1.);
#14378 = DIRECTION('',(0.,0.,1.));
#14379 = ORIENTED_EDGE('',*,*,#12325,.T.);
#14380 = ORIENTED_EDGE('',*,*,#12349,.T.);
#14381 = ORIENTED_EDGE('',*,*,#12373,.T.);
#14382 = ORIENTED_EDGE('',*,*,#12397,.T.);
#14383 = ORIENTED_EDGE('',*,*,#12421,.T.);
#14384 = ORIENTED_EDGE('',*,*,#12445,.T.);
#14385 = ORIENTED_EDGE('',*,*,#12469,.T.);
#14386 = ORIENTED_EDGE('',*,*,#12493,.T.);
#14387 = ORIENTED_EDGE('',*,*,#14388,.T.);
#14388 = EDGE_CURVE('',#12494,#12517,#14389,.T.);
#14389 = LINE('',#14390,#14391);
#14390 = CARTESIAN_POINT('',(-8.492895794188,-0.9867,42.3968));
#14391 = VECTOR('',#14392,1.);
#14392 = DIRECTION('',(0.,-1.,0.));
#14393 = ORIENTED_EDGE('',*,*,#12524,.T.);
#14394 = ORIENTED_EDGE('',*,*,#12548,.T.);
#14395 = ORIENTED_EDGE('',*,*,#12572,.T.);
#14396 = ORIENTED_EDGE('',*,*,#12596,.T.);
#14397 = ORIENTED_EDGE('',*,*,#12620,.T.);
#14398 = ORIENTED_EDGE('',*,*,#12644,.T.);
#14399 = ORIENTED_EDGE('',*,*,#14400,.T.);
#14400 = EDGE_CURVE('',#12645,#12668,#14401,.T.);
#14401 = LINE('',#14402,#14403);
#14402 = CARTESIAN_POINT('',(-8.492895794188,-2.704,41.9704));
#14403 = VECTOR('',#14404,1.);
#14404 = DIRECTION('',(0.,0.,-1.));
#14405 = ORIENTED_EDGE('',*,*,#12675,.T.);
#14406 = ORIENTED_EDGE('',*,*,#12699,.T.);
#14407 = ORIENTED_EDGE('',*,*,#12723,.T.);
#14408 = ORIENTED_EDGE('',*,*,#12747,.T.);
#14409 = ORIENTED_EDGE('',*,*,#12771,.T.);
#14410 = ORIENTED_EDGE('',*,*,#12795,.T.);
#14411 = ORIENTED_EDGE('',*,*,#12819,.T.);
#14412 = ORIENTED_EDGE('',*,*,#12843,.T.);
#14413 = ORIENTED_EDGE('',*,*,#14414,.T.);
#14414 = EDGE_CURVE('',#12844,#12867,#14415,.T.);
#14415 = LINE('',#14416,#14417);
#14416 = CARTESIAN_POINT('',(-8.492895794188,-2.561371428571,
    41.826285714286));
#14417 = VECTOR('',#14418,1.);
#14418 = DIRECTION('',(0.,1.,0.));
#14419 = ORIENTED_EDGE('',*,*,#12874,.T.);
#14420 = ORIENTED_EDGE('',*,*,#12898,.T.);
#14421 = ORIENTED_EDGE('',*,*,#12922,.T.);
#14422 = ORIENTED_EDGE('',*,*,#12946,.T.);
#14423 = ORIENTED_EDGE('',*,*,#12970,.T.);
#14424 = ORIENTED_EDGE('',*,*,#12994,.T.);
#14425 = ORIENTED_EDGE('',*,*,#13018,.T.);
#14426 = ORIENTED_EDGE('',*,*,#13042,.T.);
#14427 = ORIENTED_EDGE('',*,*,#14428,.T.);
#14428 = EDGE_CURVE('',#13043,#13066,#14429,.T.);
#14429 = LINE('',#14430,#14431);
#14430 = CARTESIAN_POINT('',(-8.492895794188,-2.418742857143,
    40.257371428571));
#14431 = VECTOR('',#14432,1.);
#14432 = DIRECTION('',(0.,0.,-1.));
#14433 = ORIENTED_EDGE('',*,*,#13073,.T.);
#14434 = ORIENTED_EDGE('',*,*,#13097,.T.);
#14435 = ORIENTED_EDGE('',*,*,#13121,.T.);
#14436 = ORIENTED_EDGE('',*,*,#13145,.T.);
#14437 = ORIENTED_EDGE('',*,*,#13169,.T.);
#14438 = ORIENTED_EDGE('',*,*,#13193,.T.);
#14439 = ORIENTED_EDGE('',*,*,#13217,.T.);
#14440 = ORIENTED_EDGE('',*,*,#14441,.T.);
#14441 = EDGE_CURVE('',#13218,#14442,#14444,.T.);
#14442 = VERTEX_POINT('',#14443);
#14443 = CARTESIAN_POINT('',(-8.492895794188,-1.420342857143,
    40.114742857143));
#14444 = LINE('',#14445,#14446);
#14445 = CARTESIAN_POINT('',(-8.492895794188,-2.2932,40.114742857143));
#14446 = VECTOR('',#14447,1.);
#14447 = DIRECTION('',(0.,1.,0.));
#14448 = ORIENTED_EDGE('',*,*,#14449,.T.);
#14449 = EDGE_CURVE('',#14442,#13241,#14450,.T.);
#14450 = LINE('',#14451,#14452);
#14451 = CARTESIAN_POINT('',(-8.492895794188,-1.420342857143,
    38.545828571429));
#14452 = VECTOR('',#14453,1.);
#14453 = DIRECTION('',(0.,0.,-1.));
#14454 = ORIENTED_EDGE('',*,*,#13248,.T.);
#14455 = ORIENTED_EDGE('',*,*,#13272,.T.);
#14456 = ORIENTED_EDGE('',*,*,#13296,.T.);
#14457 = ORIENTED_EDGE('',*,*,#13320,.T.);
#14458 = ORIENTED_EDGE('',*,*,#13344,.T.);
#14459 = ORIENTED_EDGE('',*,*,#13368,.T.);
#14460 = ORIENTED_EDGE('',*,*,#14461,.T.);
#14461 = EDGE_CURVE('',#13369,#13392,#14462,.T.);
#14462 = LINE('',#14463,#14464);
#14463 = CARTESIAN_POINT('',(-8.492895794188,-1.277714285714,38.4032));
#14464 = VECTOR('',#14465,1.);
#14465 = DIRECTION('',(0.,1.,0.));
#14466 = ORIENTED_EDGE('',*,*,#13399,.T.);
#14467 = ORIENTED_EDGE('',*,*,#13423,.T.);
#14468 = ORIENTED_EDGE('',*,*,#13447,.T.);
#14469 = ORIENTED_EDGE('',*,*,#13471,.T.);
#14470 = ORIENTED_EDGE('',*,*,#13495,.T.);
#14471 = ORIENTED_EDGE('',*,*,#13519,.T.);
#14472 = ORIENTED_EDGE('',*,*,#13543,.T.);
#14473 = PLANE('',#14474);
#14474 = AXIS2_PLACEMENT_3D('',#14475,#14476,#14477);
#14475 = CARTESIAN_POINT('',(-8.492895794188,-1.506150161314,
    40.725467409186));
#14476 = DIRECTION('',(-1.,0.,0.));
#14477 = DIRECTION('',(0.,-1.,0.));
#14478 = ADVANCED_FACE('',(#14479),#14504,.F.);
#14479 = FACE_BOUND('',#14480,.F.);
#14480 = EDGE_LOOP('',(#14481,#14491,#14497,#14498));
#14481 = ORIENTED_EDGE('',*,*,#14482,.F.);
#14482 = EDGE_CURVE('',#14483,#14485,#14487,.T.);
#14483 = VERTEX_POINT('',#14484);
#14484 = CARTESIAN_POINT('',(2.996447897094,5.19,0.));
#14485 = VERTEX_POINT('',#14486);
#14486 = CARTESIAN_POINT('',(5.992895794188,3.669590325988E-16,0.));
#14487 = LINE('',#14488,#14489);
#14488 = CARTESIAN_POINT('',(2.996447897094,5.19,0.));
#14489 = VECTOR('',#14490,1.);
#14490 = DIRECTION('',(0.5,-0.866025403784,0.));
#14491 = ORIENTED_EDGE('',*,*,#14492,.T.);
#14492 = EDGE_CURVE('',#14483,#13578,#14493,.T.);
#14493 = LINE('',#14494,#14495);
#14494 = CARTESIAN_POINT('',(2.996447897094,5.19,0.));
#14495 = VECTOR('',#14496,1.);
#14496 = DIRECTION('',(0.,0.,1.));
#14497 = ORIENTED_EDGE('',*,*,#13584,.T.);
#14498 = ORIENTED_EDGE('',*,*,#14499,.F.);
#14499 = EDGE_CURVE('',#14485,#13585,#14500,.T.);
#14500 = LINE('',#14501,#14502);
#14501 = CARTESIAN_POINT('',(5.992895794188,3.669590325988E-16,0.));
#14502 = VECTOR('',#14503,1.);
#14503 = DIRECTION('',(0.,0.,1.));
#14504 = PLANE('',#14505);
#14505 = AXIS2_PLACEMENT_3D('',#14506,#14507,#14508);
#14506 = CARTESIAN_POINT('',(2.996447897094,5.19,0.));
#14507 = DIRECTION('',(0.866025403784,0.5,-0.));
#14508 = DIRECTION('',(0.5,-0.866025403784,0.));
#14509 = ADVANCED_FACE('',(#14510),#14528,.F.);
#14510 = FACE_BOUND('',#14511,.F.);
#14511 = EDGE_LOOP('',(#14512,#14520,#14526,#14527));
#14512 = ORIENTED_EDGE('',*,*,#14513,.F.);
#14513 = EDGE_CURVE('',#14514,#14483,#14516,.T.);
#14514 = VERTEX_POINT('',#14515);
#14515 = CARTESIAN_POINT('',(-2.996447897094,5.19,0.));
#14516 = LINE('',#14517,#14518);
#14517 = CARTESIAN_POINT('',(-2.996447897094,5.19,0.));
#14518 = VECTOR('',#14519,1.);
#14519 = DIRECTION('',(1.,-1.48205216677E-16,0.));
#14520 = ORIENTED_EDGE('',*,*,#14521,.T.);
#14521 = EDGE_CURVE('',#14514,#13607,#14522,.T.);
#14522 = LINE('',#14523,#14524);
#14523 = CARTESIAN_POINT('',(-2.996447897094,5.19,0.));
#14524 = VECTOR('',#14525,1.);
#14525 = DIRECTION('',(0.,0.,1.));
#14526 = ORIENTED_EDGE('',*,*,#13613,.T.);
#14527 = ORIENTED_EDGE('',*,*,#14492,.F.);
#14528 = PLANE('',#14529);
#14529 = AXIS2_PLACEMENT_3D('',#14530,#14531,#14532);
#14530 = CARTESIAN_POINT('',(-2.996447897094,5.19,0.));
#14531 = DIRECTION('',(1.48205216677E-16,1.,-0.));
#14532 = DIRECTION('',(1.,-1.48205216677E-16,0.));
#14533 = ADVANCED_FACE('',(#14534),#14552,.F.);
#14534 = FACE_BOUND('',#14535,.F.);
#14535 = EDGE_LOOP('',(#14536,#14544,#14550,#14551));
#14536 = ORIENTED_EDGE('',*,*,#14537,.F.);
#14537 = EDGE_CURVE('',#14538,#14514,#14540,.T.);
#14538 = VERTEX_POINT('',#14539);
#14539 = CARTESIAN_POINT('',(-5.992895794188,-1.100877097796E-15,0.));
#14540 = LINE('',#14541,#14542);
#14541 = CARTESIAN_POINT('',(-5.992895794188,-1.100877097796E-15,0.));
#14542 = VECTOR('',#14543,1.);
#14543 = DIRECTION('',(0.5,0.866025403784,0.));
#14544 = ORIENTED_EDGE('',*,*,#14545,.T.);
#14545 = EDGE_CURVE('',#14538,#13630,#14546,.T.);
#14546 = LINE('',#14547,#14548);
#14547 = CARTESIAN_POINT('',(-5.992895794188,-1.100877097796E-15,0.));
#14548 = VECTOR('',#14549,1.);
#14549 = DIRECTION('',(0.,0.,1.));
#14550 = ORIENTED_EDGE('',*,*,#13636,.T.);
#14551 = ORIENTED_EDGE('',*,*,#14521,.F.);
#14552 = PLANE('',#14553);
#14553 = AXIS2_PLACEMENT_3D('',#14554,#14555,#14556);
#14554 = CARTESIAN_POINT('',(-5.992895794188,-1.100877097796E-15,0.));
#14555 = DIRECTION('',(-0.866025403784,0.5,0.));
#14556 = DIRECTION('',(0.5,0.866025403784,0.));
#14557 = ADVANCED_FACE('',(#14558),#14576,.F.);
#14558 = FACE_BOUND('',#14559,.F.);
#14559 = EDGE_LOOP('',(#14560,#14568,#14574,#14575));
#14560 = ORIENTED_EDGE('',*,*,#14561,.F.);
#14561 = EDGE_CURVE('',#14562,#14538,#14564,.T.);
#14562 = VERTEX_POINT('',#14563);
#14563 = CARTESIAN_POINT('',(-2.996447897094,-5.19,0.));
#14564 = LINE('',#14565,#14566);
#14565 = CARTESIAN_POINT('',(-2.996447897094,-5.19,0.));
#14566 = VECTOR('',#14567,1.);
#14567 = DIRECTION('',(-0.5,0.866025403784,0.));
#14568 = ORIENTED_EDGE('',*,*,#14569,.T.);
#14569 = EDGE_CURVE('',#14562,#13653,#14570,.T.);
#14570 = LINE('',#14571,#14572);
#14571 = CARTESIAN_POINT('',(-2.996447897094,-5.19,0.));
#14572 = VECTOR('',#14573,1.);
#14573 = DIRECTION('',(0.,0.,1.));
#14574 = ORIENTED_EDGE('',*,*,#13659,.T.);
#14575 = ORIENTED_EDGE('',*,*,#14545,.F.);
#14576 = PLANE('',#14577);
#14577 = AXIS2_PLACEMENT_3D('',#14578,#14579,#14580);
#14578 = CARTESIAN_POINT('',(-2.996447897094,-5.19,0.));
#14579 = DIRECTION('',(-0.866025403784,-0.5,0.));
#14580 = DIRECTION('',(-0.5,0.866025403784,0.));
#14581 = ADVANCED_FACE('',(#14582),#14600,.F.);
#14582 = FACE_BOUND('',#14583,.F.);
#14583 = EDGE_LOOP('',(#14584,#14592,#14598,#14599));
#14584 = ORIENTED_EDGE('',*,*,#14585,.F.);
#14585 = EDGE_CURVE('',#14586,#14562,#14588,.T.);
#14586 = VERTEX_POINT('',#14587);
#14587 = CARTESIAN_POINT('',(2.996447897094,-5.19,0.));
#14588 = LINE('',#14589,#14590);
#14589 = CARTESIAN_POINT('',(2.996447897094,-5.19,0.));
#14590 = VECTOR('',#14591,1.);
#14591 = DIRECTION('',(-1.,-2.964104333539E-16,0.));
#14592 = ORIENTED_EDGE('',*,*,#14593,.T.);
#14593 = EDGE_CURVE('',#14586,#13676,#14594,.T.);
#14594 = LINE('',#14595,#14596);
#14595 = CARTESIAN_POINT('',(2.996447897094,-5.19,0.));
#14596 = VECTOR('',#14597,1.);
#14597 = DIRECTION('',(0.,0.,1.));
#14598 = ORIENTED_EDGE('',*,*,#13682,.T.);
#14599 = ORIENTED_EDGE('',*,*,#14569,.F.);
#14600 = PLANE('',#14601);
#14601 = AXIS2_PLACEMENT_3D('',#14602,#14603,#14604);
#14602 = CARTESIAN_POINT('',(2.996447897094,-5.19,0.));
#14603 = DIRECTION('',(2.964104333539E-16,-1.,0.));
#14604 = DIRECTION('',(-1.,-2.964104333539E-16,0.));
#14605 = ADVANCED_FACE('',(#14606),#14617,.F.);
#14606 = FACE_BOUND('',#14607,.F.);
#14607 = EDGE_LOOP('',(#14608,#14614,#14615,#14616));
#14608 = ORIENTED_EDGE('',*,*,#14609,.F.);
#14609 = EDGE_CURVE('',#14485,#14586,#14610,.T.);
#14610 = LINE('',#14611,#14612);
#14611 = CARTESIAN_POINT('',(5.992895794188,3.669590325988E-16,0.));
#14612 = VECTOR('',#14613,1.);
#14613 = DIRECTION('',(-0.5,-0.866025403784,0.));
#14614 = ORIENTED_EDGE('',*,*,#14499,.T.);
#14615 = ORIENTED_EDGE('',*,*,#13699,.T.);
#14616 = ORIENTED_EDGE('',*,*,#14593,.F.);
#14617 = PLANE('',#14618);
#14618 = AXIS2_PLACEMENT_3D('',#14619,#14620,#14621);
#14619 = CARTESIAN_POINT('',(5.992895794188,3.669590325988E-16,0.));
#14620 = DIRECTION('',(0.866025403784,-0.5,0.));
#14621 = DIRECTION('',(-0.5,-0.866025403784,0.));
#14622 = ADVANCED_FACE('',(#14623,#14631),#14634,.F.);
#14623 = FACE_BOUND('',#14624,.F.);
#14624 = EDGE_LOOP('',(#14625,#14626,#14627,#14628,#14629,#14630));
#14625 = ORIENTED_EDGE('',*,*,#14482,.T.);
#14626 = ORIENTED_EDGE('',*,*,#14609,.T.);
#14627 = ORIENTED_EDGE('',*,*,#14585,.T.);
#14628 = ORIENTED_EDGE('',*,*,#14561,.T.);
#14629 = ORIENTED_EDGE('',*,*,#14537,.T.);
#14630 = ORIENTED_EDGE('',*,*,#14513,.T.);
#14631 = FACE_BOUND('',#14632,.F.);
#14632 = EDGE_LOOP('',(#14633));
#14633 = ORIENTED_EDGE('',*,*,#13723,.T.);
#14634 = PLANE('',#14635);
#14635 = AXIS2_PLACEMENT_3D('',#14636,#14637,#14638);
#14636 = CARTESIAN_POINT('',(1.48205216677E-16,2.964104333539E-16,0.));
#14637 = DIRECTION('',(-0.,-0.,-1.));
#14638 = DIRECTION('',(-1.,0.,0.));
#14639 = ADVANCED_FACE('',(#14640),#14665,.T.);
#14640 = FACE_BOUND('',#14641,.T.);
#14641 = EDGE_LOOP('',(#14642,#14652,#14658,#14659));
#14642 = ORIENTED_EDGE('',*,*,#14643,.T.);
#14643 = EDGE_CURVE('',#14644,#14646,#14648,.T.);
#14644 = VERTEX_POINT('',#14645);
#14645 = CARTESIAN_POINT('',(-8.992895794188,2.133485714286,
    38.973714285714));
#14646 = VERTEX_POINT('',#14647);
#14647 = CARTESIAN_POINT('',(-8.992895794188,2.133485714286,
    41.826285714286));
#14648 = LINE('',#14649,#14650);
#14649 = CARTESIAN_POINT('',(-8.992895794188,2.133485714286,
    19.413142857143));
#14650 = VECTOR('',#14651,1.);
#14651 = DIRECTION('',(0.,0.,1.));
#14652 = ORIENTED_EDGE('',*,*,#14653,.T.);
#14653 = EDGE_CURVE('',#14646,#14044,#14654,.T.);
#14654 = LINE('',#14655,#14656);
#14655 = CARTESIAN_POINT('',(-9.092895794188,2.133485714286,
    41.826285714286));
#14656 = VECTOR('',#14657,1.);
#14657 = DIRECTION('',(1.,0.,0.));
#14658 = ORIENTED_EDGE('',*,*,#14043,.T.);
#14659 = ORIENTED_EDGE('',*,*,#14660,.F.);
#14660 = EDGE_CURVE('',#14644,#14046,#14661,.T.);
#14661 = LINE('',#14662,#14663);
#14662 = CARTESIAN_POINT('',(-9.092895794188,2.133485714286,
    38.973714285714));
#14663 = VECTOR('',#14664,1.);
#14664 = DIRECTION('',(1.,0.,0.));
#14665 = PLANE('',#14666);
#14666 = AXIS2_PLACEMENT_3D('',#14667,#14668,#14669);
#14667 = CARTESIAN_POINT('',(-9.092895794188,2.133485714286,
    41.826285714286));
#14668 = DIRECTION('',(-0.,1.,0.));
#14669 = DIRECTION('',(0.,0.,-1.));
#14670 = ADVANCED_FACE('',(#14671),#14689,.T.);
#14671 = FACE_BOUND('',#14672,.T.);
#14672 = EDGE_LOOP('',(#14673,#14681,#14682,#14683));
#14673 = ORIENTED_EDGE('',*,*,#14674,.T.);
#14674 = EDGE_CURVE('',#14675,#14644,#14677,.T.);
#14675 = VERTEX_POINT('',#14676);
#14676 = CARTESIAN_POINT('',(-8.992895794188,1.277714285714,
    38.973714285714));
#14677 = LINE('',#14678,#14679);
#14678 = CARTESIAN_POINT('',(-8.992895794188,-3.429705039951,
    38.973714285714));
#14679 = VECTOR('',#14680,1.);
#14680 = DIRECTION('',(0.,1.,0.));
#14681 = ORIENTED_EDGE('',*,*,#14660,.T.);
#14682 = ORIENTED_EDGE('',*,*,#14053,.T.);
#14683 = ORIENTED_EDGE('',*,*,#14684,.F.);
#14684 = EDGE_CURVE('',#14675,#14054,#14685,.T.);
#14685 = LINE('',#14686,#14687);
#14686 = CARTESIAN_POINT('',(-9.092895794188,1.277714285714,
    38.973714285714));
#14687 = VECTOR('',#14688,1.);
#14688 = DIRECTION('',(1.,0.,0.));
#14689 = PLANE('',#14690);
#14690 = AXIS2_PLACEMENT_3D('',#14691,#14692,#14693);
#14691 = CARTESIAN_POINT('',(-9.092895794188,2.133485714286,
    38.973714285714));
#14692 = DIRECTION('',(0.,0.,-1.));
#14693 = DIRECTION('',(0.,-1.,0.));
#14694 = ADVANCED_FACE('',(#14695),#14713,.T.);
#14695 = FACE_BOUND('',#14696,.T.);
#14696 = EDGE_LOOP('',(#14697,#14705,#14706,#14707));
#14697 = ORIENTED_EDGE('',*,*,#14698,.T.);
#14698 = EDGE_CURVE('',#14699,#14675,#14701,.T.);
#14699 = VERTEX_POINT('',#14700);
#14700 = CARTESIAN_POINT('',(-8.992895794188,1.277714285714,
    41.826285714286));
#14701 = LINE('',#14702,#14703);
#14702 = CARTESIAN_POINT('',(-8.992895794188,1.277714285714,
    17.986857142857));
#14703 = VECTOR('',#14704,1.);
#14704 = DIRECTION('',(0.,-0.,-1.));
#14705 = ORIENTED_EDGE('',*,*,#14684,.T.);
#14706 = ORIENTED_EDGE('',*,*,#14061,.T.);
#14707 = ORIENTED_EDGE('',*,*,#14708,.F.);
#14708 = EDGE_CURVE('',#14699,#14062,#14709,.T.);
#14709 = LINE('',#14710,#14711);
#14710 = CARTESIAN_POINT('',(-9.092895794188,1.277714285714,
    41.826285714286));
#14711 = VECTOR('',#14712,1.);
#14712 = DIRECTION('',(1.,0.,0.));
#14713 = PLANE('',#14714);
#14714 = AXIS2_PLACEMENT_3D('',#14715,#14716,#14717);
#14715 = CARTESIAN_POINT('',(-9.092895794188,1.277714285714,
    38.973714285714));
#14716 = DIRECTION('',(0.,-1.,0.));
#14717 = DIRECTION('',(0.,0.,1.));
#14718 = ADVANCED_FACE('',(#14719),#14730,.T.);
#14719 = FACE_BOUND('',#14720,.T.);
#14720 = EDGE_LOOP('',(#14721,#14727,#14728,#14729));
#14721 = ORIENTED_EDGE('',*,*,#14722,.T.);
#14722 = EDGE_CURVE('',#14646,#14699,#14723,.T.);
#14723 = LINE('',#14724,#14725);
#14724 = CARTESIAN_POINT('',(-8.992895794188,-3.857590754237,
    41.826285714286));
#14725 = VECTOR('',#14726,1.);
#14726 = DIRECTION('',(0.,-1.,0.));
#14727 = ORIENTED_EDGE('',*,*,#14708,.T.);
#14728 = ORIENTED_EDGE('',*,*,#14069,.T.);
#14729 = ORIENTED_EDGE('',*,*,#14653,.F.);
#14730 = PLANE('',#14731);
#14731 = AXIS2_PLACEMENT_3D('',#14732,#14733,#14734);
#14732 = CARTESIAN_POINT('',(-9.092895794188,1.277714285714,
    41.826285714286));
#14733 = DIRECTION('',(0.,0.,1.));
#14734 = DIRECTION('',(0.,1.,0.));
#14735 = ADVANCED_FACE('',(#14736),#14761,.T.);
#14736 = FACE_BOUND('',#14737,.T.);
#14737 = EDGE_LOOP('',(#14738,#14748,#14754,#14755));
#14738 = ORIENTED_EDGE('',*,*,#14739,.T.);
#14739 = EDGE_CURVE('',#14740,#14742,#14744,.T.);
#14740 = VERTEX_POINT('',#14741);
#14741 = CARTESIAN_POINT('',(-8.992895794188,-7.125485714286,
    40.685257142857));
#14742 = VERTEX_POINT('',#14743);
#14743 = CARTESIAN_POINT('',(-8.992895794188,-6.269714285714,
    40.685257142857));
#14744 = LINE('',#14745,#14746);
#14745 = CARTESIAN_POINT('',(-8.992895794188,-7.631305039951,
    40.685257142857));
#14746 = VECTOR('',#14747,1.);
#14747 = DIRECTION('',(0.,1.,0.));
#14748 = ORIENTED_EDGE('',*,*,#14749,.T.);
#14749 = EDGE_CURVE('',#14742,#14335,#14750,.T.);
#14750 = LINE('',#14751,#14752);
#14751 = CARTESIAN_POINT('',(-9.092895794188,-6.269714285714,
    40.685257142857));
#14752 = VECTOR('',#14753,1.);
#14753 = DIRECTION('',(1.,0.,0.));
#14754 = ORIENTED_EDGE('',*,*,#14334,.T.);
#14755 = ORIENTED_EDGE('',*,*,#14756,.F.);
#14756 = EDGE_CURVE('',#14740,#14337,#14757,.T.);
#14757 = LINE('',#14758,#14759);
#14758 = CARTESIAN_POINT('',(-9.092895794188,-7.125485714286,
    40.685257142857));
#14759 = VECTOR('',#14760,1.);
#14760 = DIRECTION('',(1.,0.,0.));
#14761 = PLANE('',#14762);
#14762 = AXIS2_PLACEMENT_3D('',#14763,#14764,#14765);
#14763 = CARTESIAN_POINT('',(-9.092895794188,-6.269714285714,
    40.685257142857));
#14764 = DIRECTION('',(0.,0.,-1.));
#14765 = DIRECTION('',(0.,-1.,0.));
#14766 = ADVANCED_FACE('',(#14767),#14785,.T.);
#14767 = FACE_BOUND('',#14768,.T.);
#14768 = EDGE_LOOP('',(#14769,#14777,#14778,#14779));
#14769 = ORIENTED_EDGE('',*,*,#14770,.T.);
#14770 = EDGE_CURVE('',#14771,#14740,#14773,.T.);
#14771 = VERTEX_POINT('',#14772);
#14772 = CARTESIAN_POINT('',(-8.992895794188,-7.125485714286,
    41.826285714286));
#14773 = LINE('',#14774,#14775);
#14774 = CARTESIAN_POINT('',(-8.992895794188,-7.125485714286,
    18.842628571429));
#14775 = VECTOR('',#14776,1.);
#14776 = DIRECTION('',(0.,-0.,-1.));
#14777 = ORIENTED_EDGE('',*,*,#14756,.T.);
#14778 = ORIENTED_EDGE('',*,*,#14344,.T.);
#14779 = ORIENTED_EDGE('',*,*,#14780,.F.);
#14780 = EDGE_CURVE('',#14771,#14345,#14781,.T.);
#14781 = LINE('',#14782,#14783);
#14782 = CARTESIAN_POINT('',(-9.092895794188,-7.125485714286,
    41.826285714286));
#14783 = VECTOR('',#14784,1.);
#14784 = DIRECTION('',(1.,0.,0.));
#14785 = PLANE('',#14786);
#14786 = AXIS2_PLACEMENT_3D('',#14787,#14788,#14789);
#14787 = CARTESIAN_POINT('',(-9.092895794188,-7.125485714286,
    40.685257142857));
#14788 = DIRECTION('',(0.,-1.,0.));
#14789 = DIRECTION('',(0.,0.,1.));
#14790 = ADVANCED_FACE('',(#14791),#14809,.T.);
#14791 = FACE_BOUND('',#14792,.T.);
#14792 = EDGE_LOOP('',(#14793,#14801,#14802,#14803));
#14793 = ORIENTED_EDGE('',*,*,#14794,.T.);
#14794 = EDGE_CURVE('',#14795,#14771,#14797,.T.);
#14795 = VERTEX_POINT('',#14796);
#14796 = CARTESIAN_POINT('',(-8.992895794188,-6.269714285714,
    41.826285714286));
#14797 = LINE('',#14798,#14799);
#14798 = CARTESIAN_POINT('',(-8.992895794188,-8.059190754237,
    41.826285714286));
#14799 = VECTOR('',#14800,1.);
#14800 = DIRECTION('',(0.,-1.,0.));
#14801 = ORIENTED_EDGE('',*,*,#14780,.T.);
#14802 = ORIENTED_EDGE('',*,*,#14352,.T.);
#14803 = ORIENTED_EDGE('',*,*,#14804,.F.);
#14804 = EDGE_CURVE('',#14795,#14353,#14805,.T.);
#14805 = LINE('',#14806,#14807);
#14806 = CARTESIAN_POINT('',(-9.092895794188,-6.269714285714,
    41.826285714286));
#14807 = VECTOR('',#14808,1.);
#14808 = DIRECTION('',(1.,0.,0.));
#14809 = PLANE('',#14810);
#14810 = AXIS2_PLACEMENT_3D('',#14811,#14812,#14813);
#14811 = CARTESIAN_POINT('',(-9.092895794188,-7.125485714286,
    41.826285714286));
#14812 = DIRECTION('',(0.,0.,1.));
#14813 = DIRECTION('',(0.,1.,0.));
#14814 = ADVANCED_FACE('',(#14815),#14826,.T.);
#14815 = FACE_BOUND('',#14816,.T.);
#14816 = EDGE_LOOP('',(#14817,#14823,#14824,#14825));
#14817 = ORIENTED_EDGE('',*,*,#14818,.T.);
#14818 = EDGE_CURVE('',#14742,#14795,#14819,.T.);
#14819 = LINE('',#14820,#14821);
#14820 = CARTESIAN_POINT('',(-8.992895794188,-6.269714285714,
    19.413142857143));
#14821 = VECTOR('',#14822,1.);
#14822 = DIRECTION('',(0.,0.,1.));
#14823 = ORIENTED_EDGE('',*,*,#14804,.T.);
#14824 = ORIENTED_EDGE('',*,*,#14360,.T.);
#14825 = ORIENTED_EDGE('',*,*,#14749,.F.);
#14826 = PLANE('',#14827);
#14827 = AXIS2_PLACEMENT_3D('',#14828,#14829,#14830);
#14828 = CARTESIAN_POINT('',(-9.092895794188,-6.269714285714,
    41.826285714286));
#14829 = DIRECTION('',(-0.,1.,0.));
#14830 = DIRECTION('',(0.,0.,-1.));
#14831 = ADVANCED_FACE('',(#14832),#14838,.F.);
#14832 = FACE_BOUND('',#14833,.F.);
#14833 = EDGE_LOOP('',(#14834,#14835,#14836,#14837));
#14834 = ORIENTED_EDGE('',*,*,#14674,.T.);
#14835 = ORIENTED_EDGE('',*,*,#14643,.T.);
#14836 = ORIENTED_EDGE('',*,*,#14722,.T.);
#14837 = ORIENTED_EDGE('',*,*,#14698,.T.);
#14838 = PLANE('',#14839);
#14839 = AXIS2_PLACEMENT_3D('',#14840,#14841,#14842);
#14840 = CARTESIAN_POINT('',(-8.992895794188,-8.992895794188,-3.));
#14841 = DIRECTION('',(1.,0.,-0.));
#14842 = DIRECTION('',(0.,0.,1.));
#14843 = ADVANCED_FACE('',(#14844),#14850,.F.);
#14844 = FACE_BOUND('',#14845,.F.);
#14845 = EDGE_LOOP('',(#14846,#14847,#14848,#14849));
#14846 = ORIENTED_EDGE('',*,*,#14770,.T.);
#14847 = ORIENTED_EDGE('',*,*,#14739,.T.);
#14848 = ORIENTED_EDGE('',*,*,#14818,.T.);
#14849 = ORIENTED_EDGE('',*,*,#14794,.T.);
#14850 = PLANE('',#14851);
#14851 = AXIS2_PLACEMENT_3D('',#14852,#14853,#14854);
#14852 = CARTESIAN_POINT('',(-8.992895794188,-8.992895794188,-3.));
#14853 = DIRECTION('',(1.,0.,-0.));
#14854 = DIRECTION('',(0.,0.,1.));
#14855 = ADVANCED_FACE('',(#14856),#14867,.T.);
#14856 = FACE_BOUND('',#14857,.T.);
#14857 = EDGE_LOOP('',(#14858,#14859,#14865,#14866));
#14858 = ORIENTED_EDGE('',*,*,#65,.T.);
#14859 = ORIENTED_EDGE('',*,*,#14860,.T.);
#14860 = EDGE_CURVE('',#66,#13741,#14861,.T.);
#14861 = LINE('',#14862,#14863);
#14862 = CARTESIAN_POINT('',(-9.092895794188,6.982857142857,
    41.826285714286));
#14863 = VECTOR('',#14864,1.);
#14864 = DIRECTION('',(1.,0.,0.));
#14865 = ORIENTED_EDGE('',*,*,#13740,.T.);
#14866 = ORIENTED_EDGE('',*,*,#3721,.F.);
#14867 = PLANE('',#14868);
#14868 = AXIS2_PLACEMENT_3D('',#14869,#14870,#14871);
#14869 = CARTESIAN_POINT('',(-8.742895794188,7.282878571429,
    41.826285714286));
#14870 = DIRECTION('',(0.,0.,1.));
#14871 = DIRECTION('',(1.,0.,-0.));
#14872 = ADVANCED_FACE('',(#14873),#14879,.T.);
#14873 = FACE_BOUND('',#14874,.T.);
#14874 = EDGE_LOOP('',(#14875,#14876,#14877,#14878));
#14875 = ORIENTED_EDGE('',*,*,#225,.T.);
#14876 = ORIENTED_EDGE('',*,*,#4358,.T.);
#14877 = ORIENTED_EDGE('',*,*,#13792,.T.);
#14878 = ORIENTED_EDGE('',*,*,#4373,.F.);
#14879 = PLANE('',#14880);
#14880 = AXIS2_PLACEMENT_3D('',#14881,#14882,#14883);
#14881 = CARTESIAN_POINT('',(-8.742895794188,6.104242857143,
    41.826285714286));
#14882 = DIRECTION('',(0.,0.,1.));
#14883 = DIRECTION('',(1.,0.,-0.));
#14884 = ADVANCED_FACE('',(#14885),#14891,.T.);
#14885 = FACE_BOUND('',#14886,.T.);
#14886 = EDGE_LOOP('',(#14887,#14888,#14889,#14890));
#14887 = ORIENTED_EDGE('',*,*,#3371,.T.);
#14888 = ORIENTED_EDGE('',*,*,#12851,.T.);
#14889 = ORIENTED_EDGE('',*,*,#14414,.T.);
#14890 = ORIENTED_EDGE('',*,*,#12866,.F.);
#14891 = PLANE('',#14892);
#14892 = AXIS2_PLACEMENT_3D('',#14893,#14894,#14895);
#14893 = CARTESIAN_POINT('',(-8.742895794188,-2.005157142857,
    41.826285714286));
#14894 = DIRECTION('',(0.,0.,1.));
#14895 = DIRECTION('',(1.,0.,-0.));
#14896 = ADVANCED_FACE('',(#14897),#14903,.T.);
#14897 = FACE_BOUND('',#14898,.T.);
#14898 = EDGE_LOOP('',(#14899,#14900,#14901,#14902));
#14899 = ORIENTED_EDGE('',*,*,#409,.T.);
#14900 = ORIENTED_EDGE('',*,*,#3857,.T.);
#14901 = ORIENTED_EDGE('',*,*,#13754,.T.);
#14902 = ORIENTED_EDGE('',*,*,#3872,.F.);
#14903 = PLANE('',#14904);
#14904 = AXIS2_PLACEMENT_3D('',#14905,#14906,#14907);
#14905 = CARTESIAN_POINT('',(-8.742895794188,7.696,42.108757142857));
#14906 = DIRECTION('',(7.403558832747E-16,-1.,-0.));
#14907 = DIRECTION('',(-1.,-7.403558832747E-16,0.));
#14908 = ADVANCED_FACE('',(#14909),#14915,.T.);
#14909 = FACE_BOUND('',#14910,.T.);
#14910 = EDGE_LOOP('',(#14911,#14912,#14913,#14914));
#14911 = ORIENTED_EDGE('',*,*,#353,.T.);
#14912 = ORIENTED_EDGE('',*,*,#4008,.T.);
#14913 = ORIENTED_EDGE('',*,*,#13766,.T.);
#14914 = ORIENTED_EDGE('',*,*,#4023,.F.);
#14915 = PLANE('',#14916);
#14916 = AXIS2_PLACEMENT_3D('',#14917,#14918,#14919);
#14917 = CARTESIAN_POINT('',(-8.742895794188,6.703264285714,42.3968));
#14918 = DIRECTION('',(-0.,-0.,-1.));
#14919 = DIRECTION('',(-1.,0.,0.));
#14920 = ADVANCED_FACE('',(#14921),#14927,.T.);
#14921 = FACE_BOUND('',#14922,.T.);
#14922 = EDGE_LOOP('',(#14923,#14924,#14925,#14926));
#14923 = ORIENTED_EDGE('',*,*,#1541,.T.);
#14924 = ORIENTED_EDGE('',*,*,#7006,.T.);
#14925 = ORIENTED_EDGE('',*,*,#13970,.T.);
#14926 = ORIENTED_EDGE('',*,*,#7021,.F.);
#14927 = PLANE('',#14928);
#14928 = AXIS2_PLACEMENT_3D('',#14929,#14930,#14931);
#14929 = CARTESIAN_POINT('',(-8.742895794188,1.734107142857,42.3968));
#14930 = DIRECTION('',(-0.,-0.,-1.));
#14931 = DIRECTION('',(-1.,0.,0.));
#14932 = ADVANCED_FACE('',(#14933),#14939,.T.);
#14933 = FACE_BOUND('',#14934,.T.);
#14934 = EDGE_LOOP('',(#14935,#14936,#14937,#14938));
#14935 = ORIENTED_EDGE('',*,*,#2793,.T.);
#14936 = ORIENTED_EDGE('',*,*,#10930,.T.);
#14937 = ORIENTED_EDGE('',*,*,#14253,.T.);
#14938 = ORIENTED_EDGE('',*,*,#10945,.F.);
#14939 = PLANE('',#14940);
#14940 = AXIS2_PLACEMENT_3D('',#14941,#14942,#14943);
#14941 = CARTESIAN_POINT('',(-8.742895794188,-6.654792857143,42.3968));
#14942 = DIRECTION('',(-0.,-0.,-1.));
#14943 = DIRECTION('',(-1.,0.,0.));
#14944 = ADVANCED_FACE('',(#14945),#14951,.T.);
#14945 = FACE_BOUND('',#14946,.T.);
#14946 = EDGE_LOOP('',(#14947,#14948,#14949,#14950));
#14947 = ORIENTED_EDGE('',*,*,#3499,.T.);
#14948 = ORIENTED_EDGE('',*,*,#12501,.T.);
#14949 = ORIENTED_EDGE('',*,*,#14388,.T.);
#14950 = ORIENTED_EDGE('',*,*,#12516,.F.);
#14951 = PLANE('',#14952);
#14952 = AXIS2_PLACEMENT_3D('',#14953,#14954,#14955);
#14953 = CARTESIAN_POINT('',(-8.742895794188,-1.754071428571,42.3968));
#14954 = DIRECTION('',(-0.,-0.,-1.));
#14955 = DIRECTION('',(-1.,0.,0.));
#14956 = ADVANCED_FACE('',(#14957),#14963,.T.);
#14957 = FACE_BOUND('',#14958,.T.);
#14958 = EDGE_LOOP('',(#14959,#14960,#14961,#14962));
#14959 = ORIENTED_EDGE('',*,*,#281,.T.);
#14960 = ORIENTED_EDGE('',*,*,#4207,.T.);
#14961 = ORIENTED_EDGE('',*,*,#13780,.T.);
#14962 = ORIENTED_EDGE('',*,*,#4222,.F.);
#14963 = PLANE('',#14964);
#14964 = AXIS2_PLACEMENT_3D('',#14965,#14966,#14967);
#14965 = CARTESIAN_POINT('',(-8.742895794188,5.6992,42.120178571429));
#14966 = DIRECTION('',(-7.115223834596E-16,1.,0.));
#14967 = DIRECTION('',(1.,7.115223834596E-16,0.));
#14968 = ADVANCED_FACE('',(#14969),#14975,.T.);
#14969 = FACE_BOUND('',#14970,.T.);
#14970 = EDGE_LOOP('',(#14971,#14972,#14973,#14974));
#14971 = ORIENTED_EDGE('',*,*,#145,.T.);
#14972 = ORIENTED_EDGE('',*,*,#4581,.T.);
#14973 = ORIENTED_EDGE('',*,*,#13807,.T.);
#14974 = ORIENTED_EDGE('',*,*,#4596,.F.);
#14975 = PLANE('',#14976);
#14976 = AXIS2_PLACEMENT_3D('',#14977,#14978,#14979);
#14977 = CARTESIAN_POINT('',(-8.742895794188,6.700942857143,38.4032));
#14978 = DIRECTION('',(0.,0.,1.));
#14979 = DIRECTION('',(1.,0.,-0.));
#14980 = ADVANCED_FACE('',(#14981),#14987,.T.);
#14981 = FACE_BOUND('',#14982,.T.);
#14982 = EDGE_LOOP('',(#14983,#14984,#14985,#14986));
#14983 = ORIENTED_EDGE('',*,*,#611,.T.);
#14984 = ORIENTED_EDGE('',*,*,#6289,.T.);
#14985 = ORIENTED_EDGE('',*,*,#13910,.T.);
#14986 = ORIENTED_EDGE('',*,*,#6304,.F.);
#14987 = PLANE('',#14988);
#14988 = AXIS2_PLACEMENT_3D('',#14989,#14990,#14991);
#14989 = CARTESIAN_POINT('',(-8.742895794188,4.125085714286,38.4032));
#14990 = DIRECTION('',(0.,0.,1.));
#14991 = DIRECTION('',(1.,0.,-0.));
#14992 = ADVANCED_FACE('',(#14993),#14999,.T.);
#14993 = FACE_BOUND('',#14994,.T.);
#14994 = EDGE_LOOP('',(#14995,#14996,#14997,#14998));
#14995 = ORIENTED_EDGE('',*,*,#1269,.T.);
#14996 = ORIENTED_EDGE('',*,*,#7771,.T.);
#14997 = ORIENTED_EDGE('',*,*,#14019,.T.);
#14998 = ORIENTED_EDGE('',*,*,#7786,.F.);
#14999 = PLANE('',#15000);
#15000 = AXIS2_PLACEMENT_3D('',#15001,#15002,#15003);
#15001 = CARTESIAN_POINT('',(-8.742895794188,1.728442857143,38.4032));
#15002 = DIRECTION('',(0.,0.,1.));
#15003 = DIRECTION('',(1.,0.,-0.));
#15004 = ADVANCED_FACE('',(#15005),#15011,.T.);
#15005 = FACE_BOUND('',#15006,.T.);
#15006 = EDGE_LOOP('',(#15007,#15008,#15009,#15010));
#15007 = ORIENTED_EDGE('',*,*,#1799,.T.);
#15008 = ORIENTED_EDGE('',*,*,#9671,.T.);
#15009 = ORIENTED_EDGE('',*,*,#14158,.T.);
#15010 = ORIENTED_EDGE('',*,*,#9686,.F.);
#15011 = PLANE('',#15012);
#15012 = AXIS2_PLACEMENT_3D('',#15013,#15014,#15015);
#15013 = CARTESIAN_POINT('',(-8.742895794188,-4.278114285714,38.4032));
#15014 = DIRECTION('',(0.,0.,1.));
#15015 = DIRECTION('',(1.,0.,-0.));
#15016 = ADVANCED_FACE('',(#15017),#15023,.T.);
#15017 = FACE_BOUND('',#15018,.T.);
#15018 = EDGE_LOOP('',(#15019,#15020,#15021,#15022));
#15019 = ORIENTED_EDGE('',*,*,#2529,.T.);
#15020 = ORIENTED_EDGE('',*,*,#11705,.T.);
#15021 = ORIENTED_EDGE('',*,*,#14291,.T.);
#15022 = ORIENTED_EDGE('',*,*,#11720,.F.);
#15023 = PLANE('',#15024);
#15024 = AXIS2_PLACEMENT_3D('',#15025,#15026,#15027);
#15025 = CARTESIAN_POINT('',(-8.742895794188,-6.580692857143,38.4032));
#15026 = DIRECTION('',(0.,0.,1.));
#15027 = DIRECTION('',(1.,0.,-0.));
#15028 = ADVANCED_FACE('',(#15029),#15035,.T.);
#15029 = FACE_BOUND('',#15030,.T.);
#15030 = EDGE_LOOP('',(#15031,#15032,#15033,#15034));
#15031 = ORIENTED_EDGE('',*,*,#3171,.T.);
#15032 = ORIENTED_EDGE('',*,*,#13376,.T.);
#15033 = ORIENTED_EDGE('',*,*,#14461,.T.);
#15034 = ORIENTED_EDGE('',*,*,#13391,.F.);
#15035 = PLANE('',#15036);
#15036 = AXIS2_PLACEMENT_3D('',#15037,#15038,#15039);
#15037 = CARTESIAN_POINT('',(-8.742895794188,-1.143721428571,38.4032));
#15038 = DIRECTION('',(0.,0.,1.));
#15039 = DIRECTION('',(1.,0.,-0.));
#15040 = ADVANCED_FACE('',(#15041),#15047,.T.);
#15041 = FACE_BOUND('',#15042,.T.);
#15042 = EDGE_LOOP('',(#15043,#15044,#15045,#15046));
#15043 = ORIENTED_EDGE('',*,*,#73,.T.);
#15044 = ORIENTED_EDGE('',*,*,#4780,.T.);
#15045 = ORIENTED_EDGE('',*,*,#13821,.T.);
#15046 = ORIENTED_EDGE('',*,*,#14860,.F.);
#15047 = PLANE('',#15048);
#15048 = AXIS2_PLACEMENT_3D('',#15049,#15050,#15051);
#15049 = CARTESIAN_POINT('',(-8.742895794188,6.982857142857,
    40.166092857143));
#15050 = DIRECTION('',(-1.543872874135E-15,-1.,-0.));
#15051 = DIRECTION('',(-1.,1.543872874135E-15,0.));
#15052 = ADVANCED_FACE('',(#15053),#15059,.T.);
#15053 = FACE_BOUND('',#15054,.T.);
#15054 = EDGE_LOOP('',(#15055,#15056,#15057,#15058));
#15055 = ORIENTED_EDGE('',*,*,#1019,.T.);
#15056 = ORIENTED_EDGE('',*,*,#5099,.T.);
#15057 = ORIENTED_EDGE('',*,*,#13849,.T.);
#15058 = ORIENTED_EDGE('',*,*,#5114,.F.);
#15059 = PLANE('',#15060);
#15060 = AXIS2_PLACEMENT_3D('',#15061,#15062,#15063);
#15061 = CARTESIAN_POINT('',(-8.742895794188,5.128685714286,
    42.111542857143));
#15062 = DIRECTION('',(-0.,-1.,-0.));
#15063 = DIRECTION('',(0.,0.,-1.));
#15064 = ADVANCED_FACE('',(#15065),#15071,.T.);
#15065 = FACE_BOUND('',#15066,.T.);
#15066 = EDGE_LOOP('',(#15067,#15068,#15069,#15070));
#15067 = ORIENTED_EDGE('',*,*,#955,.T.);
#15068 = ORIENTED_EDGE('',*,*,#5274,.T.);
#15069 = ORIENTED_EDGE('',*,*,#13862,.T.);
#15070 = ORIENTED_EDGE('',*,*,#5289,.F.);
#15071 = PLANE('',#15072);
#15072 = AXIS2_PLACEMENT_3D('',#15073,#15074,#15075);
#15073 = CARTESIAN_POINT('',(-8.742895794188,5.020228571429,
    42.334028571429));
#15074 = DIRECTION('',(-1.303106343411E-15,-0.598957825591,
    -0.80078057117));
#15075 = DIRECTION('',(-9.860761315263E-32,-0.80078057117,0.598957825591
    ));
#15076 = ADVANCED_FACE('',(#15077),#15083,.T.);
#15077 = FACE_BOUND('',#15078,.T.);
#15078 = EDGE_LOOP('',(#15079,#15080,#15081,#15082));
#15079 = ORIENTED_EDGE('',*,*,#2329,.T.);
#15080 = ORIENTED_EDGE('',*,*,#12271,.T.);
#15081 = ORIENTED_EDGE('',*,*,#14326,.T.);
#15082 = ORIENTED_EDGE('',*,*,#12286,.F.);
#15083 = PLANE('',#15084);
#15084 = AXIS2_PLACEMENT_3D('',#15085,#15086,#15087);
#15085 = CARTESIAN_POINT('',(-8.742895794188,-6.537885714286,
    38.973714285714));
#15086 = DIRECTION('',(-0.,-0.,-1.));
#15087 = DIRECTION('',(-1.,0.,0.));
#15088 = ADVANCED_FACE('',(#15089),#15095,.T.);
#15089 = FACE_BOUND('',#15090,.T.);
#15090 = EDGE_LOOP('',(#15091,#15092,#15093,#15094));
#15091 = ORIENTED_EDGE('',*,*,#571,.T.);
#15092 = ORIENTED_EDGE('',*,*,#6392,.T.);
#15093 = ORIENTED_EDGE('',*,*,#13920,.T.);
#15094 = ORIENTED_EDGE('',*,*,#6407,.F.);
#15095 = PLANE('',#15096);
#15096 = AXIS2_PLACEMENT_3D('',#15097,#15098,#15099);
#15097 = CARTESIAN_POINT('',(-8.742895794188,4.962285714286,
    38.465971428571));
#15098 = DIRECTION('',(3.124801169199E-16,-0.820905201785,0.571064488199
    ));
#15099 = DIRECTION('',(0.,-0.571064488199,-0.820905201785));
#15100 = ADVANCED_FACE('',(#15101),#15107,.T.);
#15101 = FACE_BOUND('',#15102,.T.);
#15102 = EDGE_LOOP('',(#15103,#15104,#15105,#15106));
#15103 = ORIENTED_EDGE('',*,*,#555,.T.);
#15104 = ORIENTED_EDGE('',*,*,#6423,.T.);
#15105 = ORIENTED_EDGE('',*,*,#13927,.T.);
#15106 = ORIENTED_EDGE('',*,*,#6438,.F.);
#15107 = PLANE('',#15108);
#15108 = AXIS2_PLACEMENT_3D('',#15109,#15110,#15111);
#15109 = CARTESIAN_POINT('',(-8.742895794188,4.986057142857,
    38.674157142857));
#15110 = DIRECTION('',(-0.,-1.,-0.));
#15111 = DIRECTION('',(0.,0.,-1.));
#15112 = ADVANCED_FACE('',(#15113),#15119,.T.);
#15113 = FACE_BOUND('',#15114,.T.);
#15114 = EDGE_LOOP('',(#15115,#15116,#15117,#15118));
#15115 = ORIENTED_EDGE('',*,*,#1437,.T.);
#15116 = ORIENTED_EDGE('',*,*,#7301,.T.);
#15117 = ORIENTED_EDGE('',*,*,#13988,.T.);
#15118 = ORIENTED_EDGE('',*,*,#7316,.F.);
#15119 = PLANE('',#15120);
#15120 = AXIS2_PLACEMENT_3D('',#15121,#15122,#15123);
#15121 = CARTESIAN_POINT('',(-8.742895794188,0.775728571429,
    42.094457142857));
#15122 = DIRECTION('',(-9.472236832447E-16,0.894427191,-0.4472135955));
#15123 = DIRECTION('',(0.,0.4472135955,0.894427191));
#15124 = ADVANCED_FACE('',(#15125),#15131,.T.);
#15125 = FACE_BOUND('',#15126,.T.);
#15126 = EDGE_LOOP('',(#15127,#15128,#15129,#15130));
#15127 = ORIENTED_EDGE('',*,*,#1389,.T.);
#15128 = ORIENTED_EDGE('',*,*,#7428,.T.);
#15129 = ORIENTED_EDGE('',*,*,#13999,.T.);
#15130 = ORIENTED_EDGE('',*,*,#7443,.F.);
#15131 = PLANE('',#15132);
#15132 = AXIS2_PLACEMENT_3D('',#15133,#15134,#15135);
#15133 = CARTESIAN_POINT('',(-8.742895794188,0.7072,40.417178571429));
#15134 = DIRECTION('',(0.,1.,0.));
#15135 = DIRECTION('',(0.,-0.,1.));
#15136 = ADVANCED_FACE('',(#15137),#15143,.T.);
#15137 = FACE_BOUND('',#15138,.T.);
#15138 = EDGE_LOOP('',(#15139,#15140,#15141,#15142));
#15139 = ORIENTED_EDGE('',*,*,#1133,.T.);
#15140 = ORIENTED_EDGE('',*,*,#8162,.T.);
#15141 = ORIENTED_EDGE('',*,*,#13951,.T.);
#15142 = ORIENTED_EDGE('',*,*,#6702,.F.);
#15143 = PLANE('',#15144);
#15144 = AXIS2_PLACEMENT_3D('',#15145,#15146,#15147);
#15145 = CARTESIAN_POINT('',(-8.742895794188,2.704,40.382914285714));
#15146 = DIRECTION('',(-0.,-1.,-0.));
#15147 = DIRECTION('',(0.,0.,-1.));
#15148 = ADVANCED_FACE('',(#15149),#15155,.T.);
#15149 = FACE_BOUND('',#15150,.T.);
#15150 = EDGE_LOOP('',(#15151,#15152,#15153,#15154));
#15151 = ORIENTED_EDGE('',*,*,#2207,.T.);
#15152 = ORIENTED_EDGE('',*,*,#8481,.T.);
#15153 = ORIENTED_EDGE('',*,*,#14097,.T.);
#15154 = ORIENTED_EDGE('',*,*,#8496,.F.);
#15155 = PLANE('',#15156);
#15156 = AXIS2_PLACEMENT_3D('',#15157,#15158,#15159);
#15157 = CARTESIAN_POINT('',(-8.742895794188,-3.274514285714,
    42.111542857143));
#15158 = DIRECTION('',(-0.,-1.,-0.));
#15159 = DIRECTION('',(0.,0.,-1.));
#15160 = ADVANCED_FACE('',(#15161),#15167,.T.);
#15161 = FACE_BOUND('',#15162,.T.);
#15162 = EDGE_LOOP('',(#15163,#15164,#15165,#15166));
#15163 = ORIENTED_EDGE('',*,*,#2143,.T.);
#15164 = ORIENTED_EDGE('',*,*,#8656,.T.);
#15165 = ORIENTED_EDGE('',*,*,#14110,.T.);
#15166 = ORIENTED_EDGE('',*,*,#8671,.F.);
#15167 = PLANE('',#15168);
#15168 = AXIS2_PLACEMENT_3D('',#15169,#15170,#15171);
#15169 = CARTESIAN_POINT('',(-8.742895794188,-3.382971428571,
    42.334028571429));
#15170 = DIRECTION('',(-1.439385802827E-15,-0.598957825591,
    -0.80078057117));
#15171 = DIRECTION('',(9.860761315263E-32,-0.80078057117,0.598957825591)
  );
#15172 = ADVANCED_FACE('',(#15173),#15179,.T.);
#15173 = FACE_BOUND('',#15174,.T.);
#15174 = EDGE_LOOP('',(#15175,#15176,#15177,#15178));
#15175 = ORIENTED_EDGE('',*,*,#1759,.T.);
#15176 = ORIENTED_EDGE('',*,*,#9774,.T.);
#15177 = ORIENTED_EDGE('',*,*,#14168,.T.);
#15178 = ORIENTED_EDGE('',*,*,#9789,.F.);
#15179 = PLANE('',#15180);
#15180 = AXIS2_PLACEMENT_3D('',#15181,#15182,#15183);
#15181 = CARTESIAN_POINT('',(-8.742895794188,-3.440914285714,
    38.465971428571));
#15182 = DIRECTION('',(4.246650943571E-16,-0.820905201785,0.571064488199
    ));
#15183 = DIRECTION('',(-2.465190328816E-32,-0.571064488199,
    -0.820905201785));
#15184 = ADVANCED_FACE('',(#15185),#15191,.T.);
#15185 = FACE_BOUND('',#15186,.T.);
#15186 = EDGE_LOOP('',(#15187,#15188,#15189,#15190));
#15187 = ORIENTED_EDGE('',*,*,#1743,.T.);
#15188 = ORIENTED_EDGE('',*,*,#9805,.T.);
#15189 = ORIENTED_EDGE('',*,*,#14175,.T.);
#15190 = ORIENTED_EDGE('',*,*,#9820,.F.);
#15191 = PLANE('',#15192);
#15192 = AXIS2_PLACEMENT_3D('',#15193,#15194,#15195);
#15193 = CARTESIAN_POINT('',(-8.742895794188,-3.417142857143,
    38.674157142857));
#15194 = DIRECTION('',(-0.,-1.,-0.));
#15195 = DIRECTION('',(0.,0.,-1.));
#15196 = ADVANCED_FACE('',(#15197),#15203,.T.);
#15197 = FACE_BOUND('',#15198,.T.);
#15198 = EDGE_LOOP('',(#15199,#15200,#15201,#15202));
#15199 = ORIENTED_EDGE('',*,*,#2311,.T.);
#15200 = ORIENTED_EDGE('',*,*,#12302,.T.);
#15201 = ORIENTED_EDGE('',*,*,#14200,.T.);
#15202 = ORIENTED_EDGE('',*,*,#10084,.F.);
#15203 = PLANE('',#15204);
#15204 = AXIS2_PLACEMENT_3D('',#15205,#15206,#15207);
#15205 = CARTESIAN_POINT('',(-8.742895794188,-6.674571428571,
    40.114742857143));
#15206 = DIRECTION('',(0.,0.,1.));
#15207 = DIRECTION('',(1.,0.,-0.));
#15208 = ADVANCED_FACE('',(#15209),#15220,.T.);
#15209 = FACE_BOUND('',#15210,.T.);
#15210 = EDGE_LOOP('',(#15211,#15212,#15213,#15214));
#15211 = ORIENTED_EDGE('',*,*,#3235,.T.);
#15212 = ORIENTED_EDGE('',*,*,#13225,.T.);
#15213 = ORIENTED_EDGE('',*,*,#14441,.T.);
#15214 = ORIENTED_EDGE('',*,*,#15215,.F.);
#15215 = EDGE_CURVE('',#3228,#14442,#15216,.T.);
#15216 = LINE('',#15217,#15218);
#15217 = CARTESIAN_POINT('',(-9.092895794188,-1.420342857143,
    40.114742857143));
#15218 = VECTOR('',#15219,1.);
#15219 = DIRECTION('',(1.,0.,0.));
#15220 = PLANE('',#15221);
#15221 = AXIS2_PLACEMENT_3D('',#15222,#15223,#15224);
#15222 = CARTESIAN_POINT('',(-8.742895794188,-1.868192857143,
    40.114742857143));
#15223 = DIRECTION('',(0.,0.,1.));
#15224 = DIRECTION('',(1.,0.,-0.));
#15225 = ADVANCED_FACE('',(#15226),#15232,.T.);
#15226 = FACE_BOUND('',#15227,.T.);
#15227 = EDGE_LOOP('',(#15228,#15229,#15230,#15231));
#15228 = ORIENTED_EDGE('',*,*,#2953,.T.);
#15229 = ORIENTED_EDGE('',*,*,#10484,.T.);
#15230 = ORIENTED_EDGE('',*,*,#14223,.T.);
#15231 = ORIENTED_EDGE('',*,*,#10499,.F.);
#15232 = PLANE('',#15233);
#15233 = AXIS2_PLACEMENT_3D('',#15234,#15235,#15236);
#15234 = CARTESIAN_POINT('',(-8.742895794188,-5.6992,41.212964285714));
#15235 = DIRECTION('',(-0.,-1.,-0.));
#15236 = DIRECTION('',(0.,0.,-1.));
#15237 = ADVANCED_FACE('',(#15238),#15244,.T.);
#15238 = FACE_BOUND('',#15239,.T.);
#15239 = EDGE_LOOP('',(#15240,#15241,#15242,#15243));
#15240 = ORIENTED_EDGE('',*,*,#2441,.T.);
#15241 = ORIENTED_EDGE('',*,*,#11952,.T.);
#15242 = ORIENTED_EDGE('',*,*,#14307,.T.);
#15243 = ORIENTED_EDGE('',*,*,#11967,.F.);
#15244 = PLANE('',#15245);
#15245 = AXIS2_PLACEMENT_3D('',#15246,#15247,#15248);
#15246 = CARTESIAN_POINT('',(-8.742895794188,-5.6992,38.691242857143));
#15247 = DIRECTION('',(-0.,-1.,-0.));
#15248 = DIRECTION('',(0.,0.,-1.));
#15249 = ADVANCED_FACE('',(#15250),#15256,.T.);
#15250 = FACE_BOUND('',#15251,.T.);
#15251 = EDGE_LOOP('',(#15252,#15253,#15254,#15255));
#15252 = ORIENTED_EDGE('',*,*,#2833,.T.);
#15253 = ORIENTED_EDGE('',*,*,#10827,.T.);
#15254 = ORIENTED_EDGE('',*,*,#14243,.T.);
#15255 = ORIENTED_EDGE('',*,*,#10842,.F.);
#15256 = PLANE('',#15257);
#15257 = AXIS2_PLACEMENT_3D('',#15258,#15259,#15260);
#15258 = CARTESIAN_POINT('',(-8.742895794188,-6.001542857143,
    42.333471428571));
#15259 = DIRECTION('',(-0.,-0.451089728658,-0.892478602936));
#15260 = DIRECTION('',(0.,-0.892478602936,0.451089728658));
#15261 = ADVANCED_FACE('',(#15262),#15268,.T.);
#15262 = FACE_BOUND('',#15263,.T.);
#15263 = EDGE_LOOP('',(#15264,#15265,#15266,#15267));
#15264 = ORIENTED_EDGE('',*,*,#3443,.T.);
#15265 = ORIENTED_EDGE('',*,*,#12652,.T.);
#15266 = ORIENTED_EDGE('',*,*,#14400,.T.);
#15267 = ORIENTED_EDGE('',*,*,#12667,.F.);
#15268 = PLANE('',#15269);
#15269 = AXIS2_PLACEMENT_3D('',#15270,#15271,#15272);
#15270 = CARTESIAN_POINT('',(-8.742895794188,-2.704,42.116742857143));
#15271 = DIRECTION('',(0.,1.,0.));
#15272 = DIRECTION('',(0.,-0.,1.));
#15273 = ADVANCED_FACE('',(#15274),#15280,.T.);
#15274 = FACE_BOUND('',#15275,.T.);
#15275 = EDGE_LOOP('',(#15276,#15277,#15278,#15279));
#15276 = ORIENTED_EDGE('',*,*,#3227,.T.);
#15277 = ORIENTED_EDGE('',*,*,#15215,.T.);
#15278 = ORIENTED_EDGE('',*,*,#14449,.T.);
#15279 = ORIENTED_EDGE('',*,*,#13240,.F.);
#15280 = PLANE('',#15281);
#15281 = AXIS2_PLACEMENT_3D('',#15282,#15283,#15284);
#15282 = CARTESIAN_POINT('',(-8.742895794188,-1.420342857143,39.3184));
#15283 = DIRECTION('',(0.,1.,0.));
#15284 = DIRECTION('',(0.,-0.,1.));
#15285 = ADVANCED_FACE('',(#15286),#15292,.T.);
#15286 = FACE_BOUND('',#15287,.T.);
#15287 = EDGE_LOOP('',(#15288,#15289,#15290,#15291));
#15288 = ORIENTED_EDGE('',*,*,#3299,.T.);
#15289 = ORIENTED_EDGE('',*,*,#13050,.T.);
#15290 = ORIENTED_EDGE('',*,*,#14428,.T.);
#15291 = ORIENTED_EDGE('',*,*,#13065,.F.);
#15292 = PLANE('',#15293);
#15293 = AXIS2_PLACEMENT_3D('',#15294,#15295,#15296);
#15294 = CARTESIAN_POINT('',(-8.742895794188,-2.418742857143,
    40.402414285714));
#15295 = DIRECTION('',(0.,1.,0.));
#15296 = DIRECTION('',(0.,-0.,1.));
#15297 = ADVANCED_FACE('',(#15298),#15304,.T.);
#15298 = FACE_BOUND('',#15299,.T.);
#15299 = EDGE_LOOP('',(#15300,#15301,#15302,#15303));
#15300 = ORIENTED_EDGE('',*,*,#3107,.T.);
#15301 = ORIENTED_EDGE('',*,*,#13551,.T.);
#15302 = ORIENTED_EDGE('',*,*,#14374,.T.);
#15303 = ORIENTED_EDGE('',*,*,#12317,.F.);
#15304 = PLANE('',#15305);
#15305 = AXIS2_PLACEMENT_3D('',#15306,#15307,#15308);
#15306 = CARTESIAN_POINT('',(-8.742895794188,-0.849828571429,
    40.390714285714));
#15307 = DIRECTION('',(7.833280588367E-16,-1.,-0.));
#15308 = DIRECTION('',(-1.,-7.833280588367E-16,0.));
#15309 = ( GEOMETRIC_REPRESENTATION_CONTEXT(3) 
GLOBAL_UNCERTAINTY_ASSIGNED_CONTEXT((#15313)) 
GLOBAL_UNIT_ASSIGNED_CONTEXT((#15310,#15311,#15312)) 
REPRESENTATION_CONTEXT('Context #1',
  '3D Context with UNIT and UNCERTAINTY') );
#15310 = ( LENGTH_UNIT() NAMED_UNIT(*) SI_UNIT(.MILLI.,.METRE.) );
#15311 = ( NAMED_UNIT(*) PLANE_ANGLE_UNIT() SI_UNIT($,.RADIAN.) );
#15312 = ( NAMED_UNIT(*) SI_UNIT($,.STERADIAN.) SOLID_ANGLE_UNIT() );
#15313 = UNCERTAINTY_MEASURE_WITH_UNIT(LENGTH_MEASURE(2.E-07),#15310,
  'distance_accuracy_value','confusion accuracy');
#15314 = PRODUCT_RELATED_PRODUCT_CATEGORY('part',$,(#7));
ENDSEC;
END-ISO-10303-21;
