ISO-10303-21;
HEADER;
FILE_DESCRIPTION(('FreeCAD Model'),'2;1');
FILE_NAME('Open CASCADE Shape Model','2026-10-09T16:54:37',('FreeCAD'),(
    'FreeCAD'),'Open CASCADE STEP processor 7.8','FreeCAD','Unknown');
FILE_SCHEMA(('AUTOMOTIVE_DESIGN { 1 0 10303 214 1 1 1 1 }'));
ENDSEC;
DATA;
#1 = APPLICATION_PROTOCOL_DEFINITION('international standard',
  'automotive_design',2000,#2);
#2 = APPLICATION_CONTEXT(
  'core data for automotive mechanical design processes');
#3 = SHAPE_DEFINITION_REPRESENTATION(#4,#10);
#4 = PRODUCT_DEFINITION_SHAPE('','',#5);
#5 = PRODUCT_DEFINITION('design','',#6,#9);
#6 = PRODUCT_DEFINITION_FORMATION('','',#7);
#7 = PRODUCT('Open CASCADE STEP translator 7.8 2',
  'Open CASCADE STEP translator 7.8 2','',(#8));
#8 = PRODUCT_CONTEXT('',#2,'mechanical');
#9 = PRODUCT_DEFINITION_CONTEXT('part definition',#2,'design');
#10 = ADVANCED_BREP_SHAPE_REPRESENTATION('',(#11,#15),#10903);
#11 = AXIS2_PLACEMENT_3D('',#12,#13,#14);
#12 = CARTESIAN_POINT('',(0.,0.,0.));
#13 = DIRECTION('',(0.,0.,1.));
#14 = DIRECTION('',(1.,0.,-0.));
#15 = MANIFOLD_SOLID_BREP('',#16);
#16 = CLOSED_SHELL('',(#17,#2535,#2612,#2643,#2667,#2691,#2715,#2746,
    #2777,#2801,#2825,#2849,#2873,#2897,#2921,#2945,#2962,#2986,#3010,
    #3034,#3058,#3082,#3106,#3130,#3154,#3178,#3202,#3226,#3250,#3274,
    #3298,#3329,#3353,#3377,#3401,#3425,#3449,#3473,#3504,#3528,#3552,
    #3576,#3600,#3617,#3685,#3787,#3818,#3842,#3866,#3890,#3914,#3938,
    #3962,#3986,#4010,#4034,#4058,#4082,#4106,#4130,#4154,#4178,#4202,
    #4226,#4250,#4274,#4298,#4329,#4353,#4377,#4401,#4425,#4449,#4473,
    #4497,#4521,#4545,#4569,#4593,#4617,#4641,#4665,#4689,#4713,#4744,
    #4768,#4792,#4816,#4840,#4864,#4888,#4912,#4943,#4967,#4991,#5015,
    #5039,#5063,#5087,#5111,#5139,#5170,#5194,#5225,#5249,#5273,#5297,
    #5321,#5345,#5376,#5400,#5431,#5455,#5486,#5510,#5534,#5558,#5582,
    #5606,#5637,#5661,#5692,#5716,#5747,#5771,#5795,#5819,#5843,#5867,
    #5898,#5922,#5953,#5977,#6008,#6032,#6056,#6080,#6104,#6128,#6159,
    #6183,#6214,#6238,#6262,#6286,#6310,#6334,#6365,#6389,#6413,#6437,
    #6461,#6485,#6509,#6533,#6557,#6581,#6605,#6636,#6660,#6684,#6708,
    #6739,#6763,#6787,#6811,#6835,#6859,#6883,#6907,#6931,#6955,#6979,
    #7003,#7027,#7051,#7075,#7099,#7130,#7154,#7178,#7202,#7226,#7250,
    #7274,#7298,#7322,#7346,#7370,#7394,#7418,#7442,#7466,#7490,#7514,
    #7538,#7562,#7586,#7617,#7641,#7665,#7689,#7713,#7737,#7761,#7785,
    #7809,#7833,#7857,#7881,#7905,#7929,#7953,#7977,#8001,#8025,#8049,
    #8073,#8097,#8121,#8145,#8169,#8193,#8217,#8248,#8272,#8296,#8320,
    #8344,#8368,#8392,#8416,#8447,#8471,#8495,#8519,#8543,#8567,#8598,
    #8622,#8646,#8670,#8694,#8718,#8742,#8766,#8797,#8821,#8845,#8869,
    #8893,#8917,#8941,#8965,#8996,#9020,#9044,#9068,#9092,#9116,#9140,
    #9171,#9195,#9219,#9243,#9267,#9291,#9322,#9346,#9370,#9394,#9418,
    #9442,#9466,#9478,#9526,#9567,#9596,#9619,#9642,#9665,#9688,#9705,
    #9793,#9817,#9841,#9858,#9901,#9926,#10046,#10173,#10281,#10312,
    #10336,#10360,#10384,#10408,#10425,#10437,#10454,#10466,#10478,
    #10490,#10502,#10514,#10526,#10538,#10550,#10562,#10574,#10586,
    #10598,#10610,#10622,#10634,#10646,#10658,#10675,#10687,#10699,
    #10711,#10723,#10735,#10747,#10759,#10771,#10783,#10795,#10807,
    #10819,#10831,#10843,#10855,#10867,#10879,#10891));
#17 = ADVANCED_FACE('',(#18,#932,#1350,#2064),#2530,.F.);
#18 = FACE_BOUND('',#19,.F.);
#19 = EDGE_LOOP('',(#20,#30,#38,#46,#54,#62,#70,#78,#86,#94,#102,#110,
    #118,#126,#134,#142,#150,#158,#166,#174,#182,#190,#198,#206,#214,
    #222,#230,#238,#246,#254,#262,#270,#278,#286,#294,#302,#310,#318,
    #326,#334,#342,#350,#358,#366,#374,#382,#390,#398,#406,#414,#422,
    #430,#438,#446,#454,#462,#470,#478,#486,#494,#502,#510,#518,#526,
    #534,#542,#550,#558,#566,#574,#582,#590,#598,#606,#614,#622,#630,
    #638,#646,#654,#662,#670,#678,#686,#694,#702,#710,#718,#726,#734,
    #742,#750,#758,#766,#774,#782,#790,#798,#806,#814,#822,#830,#838,
    #846,#854,#862,#870,#878,#886,#894,#902,#910,#918,#926));
#20 = ORIENTED_EDGE('',*,*,#21,.F.);
#21 = EDGE_CURVE('',#22,#24,#26,.T.);
#22 = VERTEX_POINT('',#23);
#23 = CARTESIAN_POINT('',(-4.662768775266,-4.662768775266,-3.));
#24 = VERTEX_POINT('',#25);
#25 = CARTESIAN_POINT('',(-4.662768775266,-4.662768775266,18.4032));
#26 = LINE('',#27,#28);
#27 = CARTESIAN_POINT('',(-4.662768775266,-4.662768775266,-3.));
#28 = VECTOR('',#29,1.);
#29 = DIRECTION('',(0.,0.,1.));
#30 = ORIENTED_EDGE('',*,*,#31,.T.);
#31 = EDGE_CURVE('',#22,#32,#34,.T.);
#32 = VERTEX_POINT('',#33);
#33 = CARTESIAN_POINT('',(-4.662768775266,4.662768775266,-3.));
#34 = LINE('',#35,#36);
#35 = CARTESIAN_POINT('',(-4.662768775266,-4.662768775266,-3.));
#36 = VECTOR('',#37,1.);
#37 = DIRECTION('',(-0.,1.,0.));
#38 = ORIENTED_EDGE('',*,*,#39,.T.);
#39 = EDGE_CURVE('',#32,#40,#42,.T.);
#40 = VERTEX_POINT('',#41);
#41 = CARTESIAN_POINT('',(-4.662768775266,4.662768775266,18.4032));
#42 = LINE('',#43,#44);
#43 = CARTESIAN_POINT('',(-4.662768775266,4.662768775266,-3.));
#44 = VECTOR('',#45,1.);
#45 = DIRECTION('',(0.,0.,1.));
#46 = ORIENTED_EDGE('',*,*,#47,.T.);
#47 = EDGE_CURVE('',#40,#48,#50,.T.);
#48 = VERTEX_POINT('',#49);
#49 = CARTESIAN_POINT('',(-4.662768775266,4.025914285714,18.4032));
#50 = LINE('',#51,#52);
#51 = CARTESIAN_POINT('',(-4.662768775266,-0.318427244776,18.4032));
#52 = VECTOR('',#53,1.);
#53 = DIRECTION('',(0.,-1.,0.));
#54 = ORIENTED_EDGE('',*,*,#55,.T.);
#55 = EDGE_CURVE('',#48,#56,#58,.T.);
#56 = VERTEX_POINT('',#57);
#57 = CARTESIAN_POINT('',(-4.662768775266,4.004185714286,18.414528571429
    ));
#58 = LINE('',#59,#60);
#59 = CARTESIAN_POINT('',(-4.662768775266,4.986194628898,17.902541017656
    ));
#60 = VECTOR('',#61,1.);
#61 = DIRECTION('',(0.,-0.886719943005,0.462306978832));
#62 = ORIENTED_EDGE('',*,*,#63,.T.);
#63 = EDGE_CURVE('',#56,#64,#66,.T.);
#64 = VERTEX_POINT('',#65);
#65 = CARTESIAN_POINT('',(-4.662768775266,3.987471428571,18.420285714286
    ));
#66 = LINE('',#67,#68);
#67 = CARTESIAN_POINT('',(-4.662768775266,3.418861534066,18.616140233504
    ));
#68 = VECTOR('',#69,1.);
#69 = DIRECTION('',(0.,-0.945484566827,0.325666906351));
#70 = ORIENTED_EDGE('',*,*,#71,.T.);
#71 = EDGE_CURVE('',#64,#72,#74,.T.);
#72 = VERTEX_POINT('',#73);
#73 = CARTESIAN_POINT('',(-4.662768775266,3.971128571429,18.4318));
#74 = LINE('',#75,#76);
#75 = CARTESIAN_POINT('',(-4.662768775266,6.131596285754,16.90965229218)
  );
#76 = VECTOR('',#77,1.);
#77 = DIRECTION('',(0.,-0.817482433131,0.575953532433));
#78 = ORIENTED_EDGE('',*,*,#79,.T.);
#79 = EDGE_CURVE('',#72,#80,#82,.T.);
#80 = VERTEX_POINT('',#81);
#81 = CARTESIAN_POINT('',(-4.662768775266,3.954785714286,18.448885714286
    ));
#82 = LINE('',#83,#84);
#83 = CARTESIAN_POINT('',(-4.662768775266,7.253028457862,15.000722846001
    ));
#84 = VECTOR('',#85,1.);
#85 = DIRECTION('',(0.,-0.691222645967,0.722641857148));
#86 = ORIENTED_EDGE('',*,*,#87,.T.);
#87 = EDGE_CURVE('',#80,#88,#90,.T.);
#88 = VERTEX_POINT('',#89);
#89 = CARTESIAN_POINT('',(-4.662768775266,3.943828571429,18.465971428571
    ));
#90 = LINE('',#91,#92);
#91 = CARTESIAN_POINT('',(-4.662768775266,7.567006786181,12.816269805567
    ));
#92 = VECTOR('',#93,1.);
#93 = DIRECTION('',(0.,-0.539832384882,0.841772532358));
#94 = ORIENTED_EDGE('',*,*,#95,.T.);
#95 = EDGE_CURVE('',#88,#96,#98,.T.);
#96 = VERTEX_POINT('',#97);
#97 = CARTESIAN_POINT('',(-4.662768775266,3.932685714286,18.483057142857
    ));
#98 = LINE('',#99,#100);
#99 = CARTESIAN_POINT('',(-4.662768775266,7.565097819151,12.913358582064
    ));
#100 = VECTOR('',#101,1.);
#101 = DIRECTION('',(0.,-0.546267780547,0.837610596839));
#102 = ORIENTED_EDGE('',*,*,#103,.T.);
#103 = EDGE_CURVE('',#96,#104,#106,.T.);
#104 = VERTEX_POINT('',#105);
#105 = CARTESIAN_POINT('',(-4.662768775266,3.921914285714,
    18.500142857143));
#106 = LINE('',#107,#108);
#107 = CARTESIAN_POINT('',(-4.662768775266,7.550840920335,
    12.743914402228));
#108 = VECTOR('',#109,1.);
#109 = DIRECTION('',(0.,-0.533300923376,0.845925602596));
#110 = ORIENTED_EDGE('',*,*,#111,.T.);
#111 = EDGE_CURVE('',#104,#112,#114,.T.);
#112 = VERTEX_POINT('',#113);
#113 = CARTESIAN_POINT('',(-4.662768775266,3.916342857143,
    18.522985714286));
#114 = LINE('',#115,#116);
#115 = CARTESIAN_POINT('',(-4.662768775266,6.152870925536,9.353220633874
    ));
#116 = VECTOR('',#117,1.);
#117 = DIRECTION('',(0.,-0.236956180191,0.971520338783));
#118 = ORIENTED_EDGE('',*,*,#119,.T.);
#119 = EDGE_CURVE('',#112,#120,#122,.T.);
#120 = VERTEX_POINT('',#121);
#121 = CARTESIAN_POINT('',(-4.662768775266,3.916342857143,
    18.859685714286));
#122 = LINE('',#123,#124);
#123 = CARTESIAN_POINT('',(-4.662768775266,3.916342857143,7.929842857143
    ));
#124 = VECTOR('',#125,1.);
#125 = DIRECTION('',(0.,0.,1.));
#126 = ORIENTED_EDGE('',*,*,#127,.T.);
#127 = EDGE_CURVE('',#120,#128,#130,.T.);
#128 = VERTEX_POINT('',#129);
#129 = CARTESIAN_POINT('',(-4.662768775266,3.921914285714,
    18.876771428571));
#130 = LINE('',#131,#132);
#131 = CARTESIAN_POINT('',(-4.662768775266,0.285321809329,7.724554500991
    ));
#132 = VECTOR('',#133,1.);
#133 = DIRECTION('',(0.,0.310020599831,0.950729839481));
#134 = ORIENTED_EDGE('',*,*,#135,.T.);
#135 = EDGE_CURVE('',#128,#136,#138,.T.);
#136 = VERTEX_POINT('',#137);
#137 = CARTESIAN_POINT('',(-4.662768775266,3.932871428571,
    18.893857142857));
#138 = LINE('',#139,#140);
#139 = CARTESIAN_POINT('',(-4.662768775266,-2.294055324086,
    9.184073053968));
#140 = VECTOR('',#141,1.);
#141 = DIRECTION('',(0.,0.539832384882,0.841772532358));
#142 = ORIENTED_EDGE('',*,*,#143,.T.);
#143 = EDGE_CURVE('',#136,#144,#146,.T.);
#144 = VERTEX_POINT('',#145);
#145 = CARTESIAN_POINT('',(-4.662768775266,3.944014285714,
    18.910942857143));
#146 = LINE('',#147,#148);
#147 = CARTESIAN_POINT('',(-4.662768775266,-2.35293629415,9.255618634685
    ));
#148 = VECTOR('',#149,1.);
#149 = DIRECTION('',(0.,0.546267780547,0.837610596839));
#150 = ORIENTED_EDGE('',*,*,#151,.T.);
#151 = EDGE_CURVE('',#144,#152,#154,.T.);
#152 = VERTEX_POINT('',#153);
#153 = CARTESIAN_POINT('',(-4.662768775266,3.9494,18.928028571429));
#154 = LINE('',#155,#156);
#155 = CARTESIAN_POINT('',(-4.662768775266,0.416524440163,7.720285416083
    ));
#156 = VECTOR('',#157,1.);
#157 = DIRECTION('',(0.,0.300635186421,0.953739212094));
#158 = ORIENTED_EDGE('',*,*,#159,.T.);
#159 = EDGE_CURVE('',#152,#160,#162,.T.);
#160 = VERTEX_POINT('',#161);
#161 = CARTESIAN_POINT('',(-4.662768775266,3.966114285714,
    18.939542857143));
#162 = LINE('',#163,#164);
#163 = CARTESIAN_POINT('',(-4.662768775266,-4.084647684178,
    13.393462388995));
#164 = VECTOR('',#165,1.);
#165 = DIRECTION('',(0.,0.82350760101,0.567305236251));
#166 = ORIENTED_EDGE('',*,*,#167,.T.);
#167 = EDGE_CURVE('',#160,#168,#170,.T.);
#168 = VERTEX_POINT('',#169);
#169 = CARTESIAN_POINT('',(-4.662768775266,3.982828571429,
    18.950871428571));
#170 = LINE('',#171,#172);
#171 = CARTESIAN_POINT('',(-4.662768775266,-4.076541306377,
    13.488409622503));
#172 = VECTOR('',#173,1.);
#173 = DIRECTION('',(0.,0.827780898837,0.561051498101));
#174 = ORIENTED_EDGE('',*,*,#175,.T.);
#175 = EDGE_CURVE('',#168,#176,#178,.T.);
#176 = VERTEX_POINT('',#177);
#177 = CARTESIAN_POINT('',(-4.662768775266,4.010314285714,
    18.967957142857));
#178 = LINE('',#179,#180);
#179 = CARTESIAN_POINT('',(-4.662768775266,-4.042420761455,
    13.962202924347));
#180 = VECTOR('',#181,1.);
#181 = DIRECTION('',(0.,0.849285325289,0.527934121126));
#182 = ORIENTED_EDGE('',*,*,#183,.T.);
#183 = EDGE_CURVE('',#176,#184,#186,.T.);
#184 = VERTEX_POINT('',#185);
#185 = CARTESIAN_POINT('',(-4.662768775266,4.0326,18.973714285714));
#186 = LINE('',#187,#188);
#187 = CARTESIAN_POINT('',(-4.662768775266,-2.703795010308,
    17.233478908051));
#188 = VECTOR('',#189,1.);
#189 = DIRECTION('',(0.,0.968214319672,0.250122032582));
#190 = ORIENTED_EDGE('',*,*,#191,.T.);
#191 = EDGE_CURVE('',#184,#192,#194,.T.);
#192 = VERTEX_POINT('',#193);
#193 = CARTESIAN_POINT('',(-4.662768775266,4.662768775266,
    18.973714285714));
#194 = LINE('',#195,#196);
#195 = CARTESIAN_POINT('',(-4.662768775266,0.339929898081,
    18.973714285714));
#196 = VECTOR('',#197,1.);
#197 = DIRECTION('',(0.,1.,0.));
#198 = ORIENTED_EDGE('',*,*,#199,.T.);
#199 = EDGE_CURVE('',#192,#200,#202,.T.);
#200 = VERTEX_POINT('',#201);
#201 = CARTESIAN_POINT('',(-4.662768775266,4.662768775266,
    20.114742857143));
#202 = LINE('',#203,#204);
#203 = CARTESIAN_POINT('',(-4.662768775266,4.662768775266,-3.));
#204 = VECTOR('',#205,1.);
#205 = DIRECTION('',(0.,0.,1.));
#206 = ORIENTED_EDGE('',*,*,#207,.T.);
#207 = EDGE_CURVE('',#200,#208,#210,.T.);
#208 = VERTEX_POINT('',#209);
#209 = CARTESIAN_POINT('',(-4.662768775266,4.4408,20.114742857143));
#210 = LINE('',#211,#212);
#211 = CARTESIAN_POINT('',(-4.662768775266,-0.110984387633,
    20.114742857143));
#212 = VECTOR('',#213,1.);
#213 = DIRECTION('',(0.,-1.,0.));
#214 = ORIENTED_EDGE('',*,*,#215,.T.);
#215 = EDGE_CURVE('',#208,#216,#218,.T.);
#216 = VERTEX_POINT('',#217);
#217 = CARTESIAN_POINT('',(-4.662768775266,4.4005,20.1205));
#218 = LINE('',#219,#220);
#219 = CARTESIAN_POINT('',(-4.662768775266,1.57793330012,20.523723814269
    ));
#220 = VECTOR('',#221,1.);
#221 = DIRECTION('',(0.,-0.989949493661,0.141421356237));
#222 = ORIENTED_EDGE('',*,*,#223,.T.);
#223 = EDGE_CURVE('',#216,#224,#226,.T.);
#224 = VERTEX_POINT('',#225);
#225 = CARTESIAN_POINT('',(-4.662768775266,4.365957142857,
    20.126071428571));
#226 = LINE('',#227,#228);
#227 = CARTESIAN_POINT('',(-4.662768775266,1.783774315328,
    20.542552529786));
#228 = VECTOR('',#229,1.);
#229 = DIRECTION('',(0.,-0.987241120713,0.159232438825));
#230 = ORIENTED_EDGE('',*,*,#231,.T.);
#231 = EDGE_CURVE('',#224,#232,#234,.T.);
#232 = VERTEX_POINT('',#233);
#233 = CARTESIAN_POINT('',(-4.662768775266,4.325657142857,
    20.137585714286));
#234 = LINE('',#235,#236);
#235 = CARTESIAN_POINT('',(-4.662768775266,3.226537614668,
    20.451619865197));
#236 = VECTOR('',#237,1.);
#237 = DIRECTION('',(0.,-0.961523947641,0.274721127897));
#238 = ORIENTED_EDGE('',*,*,#239,.T.);
#239 = EDGE_CURVE('',#232,#240,#242,.T.);
#240 = VERTEX_POINT('',#241);
#241 = CARTESIAN_POINT('',(-4.662768775266,4.291114285714,
    20.148914285714));
#242 = LINE('',#243,#244);
#243 = CARTESIAN_POINT('',(-4.662768775266,3.676231115164,
    20.350569519067));
#244 = VECTOR('',#245,1.);
#245 = DIRECTION('',(0.,-0.950204744819,0.311626287279));
#246 = ORIENTED_EDGE('',*,*,#247,.T.);
#247 = EDGE_CURVE('',#240,#248,#250,.T.);
#248 = VERTEX_POINT('',#249);
#249 = CARTESIAN_POINT('',(-4.662768775266,4.256385714286,20.166));
#250 = LINE('',#251,#252);
#251 = CARTESIAN_POINT('',(-4.662768775266,5.253944605623,19.67522236362
    ));
#252 = VECTOR('',#253,1.);
#253 = DIRECTION('',(0.,-0.897287654694,0.441446332791));
#254 = ORIENTED_EDGE('',*,*,#255,.T.);
#255 = EDGE_CURVE('',#248,#256,#258,.T.);
#256 = VERTEX_POINT('',#257);
#257 = CARTESIAN_POINT('',(-4.662768775266,4.198814285714,20.1946));
#258 = LINE('',#259,#260);
#259 = CARTESIAN_POINT('',(-4.662768775266,5.265917476606,
    19.664490672912));
#260 = VECTOR('',#261,1.);
#261 = DIRECTION('',(0.,-0.895579791821,0.44490092884));
#262 = ORIENTED_EDGE('',*,*,#263,.T.);
#263 = EDGE_CURVE('',#256,#264,#266,.T.);
#264 = VERTEX_POINT('',#265);
#265 = CARTESIAN_POINT('',(-4.662768775266,4.164271428571,
    20.211685714286));
#266 = LINE('',#267,#268);
#267 = CARTESIAN_POINT('',(-4.662768775266,5.230435885735,
    19.684335552678));
#268 = VECTOR('',#269,1.);
#269 = DIRECTION('',(0.,-0.896346509203,0.443354187348));
#270 = ORIENTED_EDGE('',*,*,#271,.T.);
#271 = EDGE_CURVE('',#264,#272,#274,.T.);
#272 = VERTEX_POINT('',#273);
#273 = CARTESIAN_POINT('',(-4.662768775266,4.1353,20.234528571429));
#274 = LINE('',#275,#276);
#275 = CARTESIAN_POINT('',(-4.662768775266,7.070994064534,
    17.919846712853));
#276 = VECTOR('',#277,1.);
#277 = DIRECTION('',(0.,-0.785269165628,0.619154534437));
#278 = ORIENTED_EDGE('',*,*,#279,.T.);
#279 = EDGE_CURVE('',#272,#280,#282,.T.);
#280 = VERTEX_POINT('',#281);
#281 = CARTESIAN_POINT('',(-4.662768775266,4.083485714286,
    20.280214285714));
#282 = LINE('',#283,#284);
#283 = CARTESIAN_POINT('',(-4.662768775266,7.397365863337,
    17.358298455368));
#284 = VECTOR('',#285,1.);
#285 = DIRECTION('',(0.,-0.750073176681,0.661354843955));
#286 = ORIENTED_EDGE('',*,*,#287,.T.);
#287 = EDGE_CURVE('',#280,#288,#290,.T.);
#288 = VERTEX_POINT('',#289);
#289 = CARTESIAN_POINT('',(-4.662768775266,4.0547,20.303057142857));
#290 = LINE('',#291,#292);
#291 = CARTESIAN_POINT('',(-4.662768775266,7.053571087281,
    17.923307828434));
#292 = VECTOR('',#293,1.);
#293 = DIRECTION('',(0.,-0.783327962633,0.621608641315));
#294 = ORIENTED_EDGE('',*,*,#295,.T.);
#295 = EDGE_CURVE('',#288,#296,#298,.T.);
#296 = VERTEX_POINT('',#297);
#297 = CARTESIAN_POINT('',(-4.662768775266,4.031485714286,
    20.337228571429));
#298 = LINE('',#299,#300);
#299 = CARTESIAN_POINT('',(-4.662768775266,8.082621814441,
    14.373956231999));
#300 = VECTOR('',#301,1.);
#301 = DIRECTION('',(0.,-0.561941076348,0.827177264384));
#302 = ORIENTED_EDGE('',*,*,#303,.T.);
#303 = EDGE_CURVE('',#296,#304,#306,.T.);
#304 = VERTEX_POINT('',#305);
#305 = CARTESIAN_POINT('',(-4.662768775266,3.996942857143,
    20.388671428571));
#306 = LINE('',#307,#308);
#307 = CARTESIAN_POINT('',(-4.662768775266,8.063593410514,14.33242302382
    ));
#308 = VECTOR('',#309,1.);
#309 = DIRECTION('',(0.,-0.55746369916,0.830201315416));
#310 = ORIENTED_EDGE('',*,*,#311,.T.);
#311 = EDGE_CURVE('',#304,#312,#314,.T.);
#312 = VERTEX_POINT('',#313);
#313 = CARTESIAN_POINT('',(-4.662768775266,3.9624,20.451257142857));
#314 = LINE('',#315,#316);
#315 = CARTESIAN_POINT('',(-4.662768775266,7.916017120371,
    13.287983112938));
#316 = VECTOR('',#317,1.);
#317 = DIRECTION('',(0.,-0.483214693258,0.875501890472));
#318 = ORIENTED_EDGE('',*,*,#319,.T.);
#319 = EDGE_CURVE('',#312,#320,#322,.T.);
#320 = VERTEX_POINT('',#321);
#321 = CARTESIAN_POINT('',(-4.662768775266,3.950885714286,
    20.479857142857));
#322 = LINE('',#323,#324);
#323 = CARTESIAN_POINT('',(-4.662768775266,7.417409446908,
    11.869459484407));
#324 = VECTOR('',#325,1.);
#325 = DIRECTION('',(0.,-0.373466870858,0.927643517938));
#326 = ORIENTED_EDGE('',*,*,#327,.T.);
#327 = EDGE_CURVE('',#320,#328,#330,.T.);
#328 = VERTEX_POINT('',#329);
#329 = CARTESIAN_POINT('',(-4.662768775266,3.933614285714,
    20.519785714286));
#330 = LINE('',#331,#332);
#331 = CARTESIAN_POINT('',(-4.662768775266,7.541224431345,
    12.179611721698));
#332 = VECTOR('',#333,1.);
#333 = DIRECTION('',(0.,-0.397008348188,0.917814998499));
#334 = ORIENTED_EDGE('',*,*,#335,.T.);
#335 = EDGE_CURVE('',#328,#336,#338,.T.);
#336 = VERTEX_POINT('',#337);
#337 = CARTESIAN_POINT('',(-4.662768775266,3.927857142857,
    20.553957142857));
#338 = LINE('',#339,#340);
#339 = CARTESIAN_POINT('',(-4.662768775266,5.738699260724,9.805732959389
    ));
#340 = VECTOR('',#341,1.);
#341 = DIRECTION('',(0.,-0.166136868447,0.98610270304));
#342 = ORIENTED_EDGE('',*,*,#343,.T.);
#343 = EDGE_CURVE('',#336,#344,#346,.T.);
#344 = VERTEX_POINT('',#345);
#345 = CARTESIAN_POINT('',(-4.662768775266,3.916342857143,
    20.599642857143));
#346 = LINE('',#347,#348);
#347 = CARTESIAN_POINT('',(-4.662768775266,6.45645820629,10.521120665367
    ));
#348 = VECTOR('',#349,1.);
#349 = DIRECTION('',(0.,-0.244390135281,0.969676988372));
#350 = ORIENTED_EDGE('',*,*,#351,.T.);
#351 = EDGE_CURVE('',#344,#352,#354,.T.);
#352 = VERTEX_POINT('',#353);
#353 = CARTESIAN_POINT('',(-4.662768775266,3.916342857143,
    21.826285714286));
#354 = LINE('',#355,#356);
#355 = CARTESIAN_POINT('',(-4.662768775266,3.916342857143,9.413142857143
    ));
#356 = VECTOR('',#357,1.);
#357 = DIRECTION('',(0.,0.,1.));
#358 = ORIENTED_EDGE('',*,*,#359,.T.);
#359 = EDGE_CURVE('',#352,#360,#362,.T.);
#360 = VERTEX_POINT('',#361);
#361 = CARTESIAN_POINT('',(-4.662768775266,3.9221,21.889057142857));
#362 = LINE('',#363,#364);
#363 = CARTESIAN_POINT('',(-4.662768775266,2.754452764047,9.157935666985
    ));
#364 = VECTOR('',#365,1.);
#365 = DIRECTION('',(0.,9.133264387955E-02,0.995820439719));
#366 = ORIENTED_EDGE('',*,*,#367,.T.);
#367 = EDGE_CURVE('',#360,#368,#370,.T.);
#368 = VERTEX_POINT('',#369);
#369 = CARTESIAN_POINT('',(-4.662768775266,3.927671428571,
    21.940314285714));
#370 = LINE('',#371,#372);
#371 = CARTESIAN_POINT('',(-4.662768775266,2.537892518994,9.154348317603
    ));
#372 = VECTOR('',#373,1.);
#373 = DIRECTION('',(0.,0.108059180768,0.994144463069));
#374 = ORIENTED_EDGE('',*,*,#375,.T.);
#375 = EDGE_CURVE('',#368,#376,#378,.T.);
#376 = VERTEX_POINT('',#377);
#377 = CARTESIAN_POINT('',(-4.662768775266,3.933428571429,
    21.974671428571));
#378 = LINE('',#379,#380);
#379 = CARTESIAN_POINT('',(-4.662768775266,1.780716039555,9.127838577066
    ));
#380 = VECTOR('',#381,1.);
#381 = DIRECTION('',(0.,0.165263423329,0.986249461804));
#382 = ORIENTED_EDGE('',*,*,#383,.T.);
#383 = EDGE_CURVE('',#376,#384,#386,.T.);
#384 = VERTEX_POINT('',#385);
#385 = CARTESIAN_POINT('',(-4.662768775266,3.950514285714,22.0146));
#386 = LINE('',#387,#388);
#387 = CARTESIAN_POINT('',(-4.662768775266,-1.23966669975,9.885372697012
    ));
#388 = VECTOR('',#389,1.);
#389 = DIRECTION('',(0.,0.393403152889,0.919366063816));
#390 = ORIENTED_EDGE('',*,*,#391,.T.);
#391 = EDGE_CURVE('',#384,#392,#394,.T.);
#392 = VERTEX_POINT('',#393);
#393 = CARTESIAN_POINT('',(-4.662768775266,3.962028571429,
    22.048771428571));
#394 = LINE('',#395,#396);
#395 = CARTESIAN_POINT('',(-4.662768775266,-0.267548424033,
    9.496478409781));
#396 = VECTOR('',#397,1.);
#397 = DIRECTION('',(0.,0.319316245627,0.947648212829));
#398 = ORIENTED_EDGE('',*,*,#399,.T.);
#399 = EDGE_CURVE('',#392,#400,#402,.T.);
#400 = VERTEX_POINT('',#401);
#401 = CARTESIAN_POINT('',(-4.662768775266,3.979114285714,
    22.082942857143));
#402 = LINE('',#403,#404);
#403 = CARTESIAN_POINT('',(-4.662768775266,-1.901662591812,
    10.32138910209));
#404 = VECTOR('',#405,1.);
#405 = DIRECTION('',(0.,0.4472135955,0.894427191));
#406 = ORIENTED_EDGE('',*,*,#407,.T.);
#407 = EDGE_CURVE('',#400,#408,#410,.T.);
#408 = VERTEX_POINT('',#409);
#409 = CARTESIAN_POINT('',(-4.662768775266,3.9962,22.111542857143));
#410 = LINE('',#411,#412);
#411 = CARTESIAN_POINT('',(-4.662768775266,-2.670516142229,
    10.952039749499));
#412 = VECTOR('',#413,1.);
#413 = DIRECTION('',(0.,0.512855252126,0.85847509595));
#414 = ORIENTED_EDGE('',*,*,#415,.T.);
#415 = EDGE_CURVE('',#408,#416,#418,.T.);
#416 = VERTEX_POINT('',#417);
#417 = CARTESIAN_POINT('',(-4.662768775266,4.019042857143,
    22.151471428571));
#418 = LINE('',#419,#420);
#419 = CARTESIAN_POINT('',(-4.662768775266,-2.471795475446,
    10.80569710738));
#420 = VECTOR('',#421,1.);
#421 = DIRECTION('',(0.,0.49657364983,0.867994591167));
#422 = ORIENTED_EDGE('',*,*,#423,.T.);
#423 = EDGE_CURVE('',#416,#424,#426,.T.);
#424 = VERTEX_POINT('',#425);
#425 = CARTESIAN_POINT('',(-4.662768775266,4.041885714286,
    22.185642857143));
#426 = LINE('',#427,#428);
#427 = CARTESIAN_POINT('',(-4.662768775266,-3.120451602396,
    11.471252074465));
#428 = VECTOR('',#429,1.);
#429 = DIRECTION('',(0.,0.555742429414,0.831354528555));
#430 = ORIENTED_EDGE('',*,*,#431,.T.);
#431 = EDGE_CURVE('',#424,#432,#434,.T.);
#432 = VERTEX_POINT('',#433);
#433 = CARTESIAN_POINT('',(-4.662768775266,4.064728571429,
    22.208485714286));
#434 = LINE('',#435,#436);
#435 = CARTESIAN_POINT('',(-4.662768775266,-4.419267193817,
    13.724489949041));
#436 = VECTOR('',#437,1.);
#437 = DIRECTION('',(0.,0.707106781187,0.707106781187));
#438 = ORIENTED_EDGE('',*,*,#439,.T.);
#439 = EDGE_CURVE('',#432,#440,#442,.T.);
#440 = VERTEX_POINT('',#441);
#441 = CARTESIAN_POINT('',(-4.662768775266,4.093142857143,
    22.237085714286));
#442 = LINE('',#443,#444);
#443 = CARTESIAN_POINT('',(-4.662768775266,-4.390712304693,
    13.697780518712));
#444 = VECTOR('',#445,1.);
#445 = DIRECTION('',(0.,0.704799762748,0.709406297146));
#446 = ORIENTED_EDGE('',*,*,#447,.T.);
#447 = EDGE_CURVE('',#440,#448,#450,.T.);
#448 = VERTEX_POINT('',#449);
#449 = CARTESIAN_POINT('',(-4.662768775266,4.1275,22.271257142857));
#450 = LINE('',#451,#452);
#451 = CARTESIAN_POINT('',(-4.662768775266,-4.39969952686,
    13.790150586412));
#452 = VECTOR('',#453,1.);
#453 = DIRECTION('',(0.,0.70902045612,0.705187913114));
#454 = ORIENTED_EDGE('',*,*,#455,.T.);
#455 = EDGE_CURVE('',#448,#456,#458,.T.);
#456 = VERTEX_POINT('',#457);
#457 = CARTESIAN_POINT('',(-4.662768775266,4.150342857143,
    22.288342857143));
#458 = LINE('',#459,#460);
#459 = CARTESIAN_POINT('',(-4.662768775266,-4.739930818484,
    15.638707262365));
#460 = VECTOR('',#461,1.);
#461 = DIRECTION('',(0.,0.80078057117,0.598957825591));
#462 = ORIENTED_EDGE('',*,*,#463,.T.);
#463 = EDGE_CURVE('',#456,#464,#466,.T.);
#464 = VERTEX_POINT('',#465);
#465 = CARTESIAN_POINT('',(-4.662768775266,4.184514285714,
    22.311185714286));
#466 = LINE('',#467,#468);
#467 = CARTESIAN_POINT('',(-4.662768775266,-4.720011287403,16.3587039453
    ));
#468 = VECTOR('',#469,1.);
#469 = DIRECTION('',(0.,0.831354528555,0.555742429414));
#470 = ORIENTED_EDGE('',*,*,#471,.T.);
#471 = EDGE_CURVE('',#464,#472,#474,.T.);
#472 = VERTEX_POINT('',#473);
#473 = CARTESIAN_POINT('',(-4.662768775266,4.2185,22.328271428571));
#474 = LINE('',#475,#476);
#475 = CARTESIAN_POINT('',(-4.662768775266,-4.40843475778,
    17.991233189687));
#476 = VECTOR('',#477,1.);
#477 = DIRECTION('',(0.,0.893448612452,0.449165422653));
#478 = ORIENTED_EDGE('',*,*,#479,.T.);
#479 = EDGE_CURVE('',#472,#480,#482,.T.);
#480 = VERTEX_POINT('',#481);
#481 = CARTESIAN_POINT('',(-4.662768775266,4.252671428571,
    22.345542857143));
#482 = LINE('',#483,#484);
#483 = CARTESIAN_POINT('',(-4.662768775266,-4.399887951649,
    17.972238387792));
#484 = VECTOR('',#485,1.);
#485 = DIRECTION('',(0.,0.892478602936,0.451089728658));
#486 = ORIENTED_EDGE('',*,*,#487,.T.);
#487 = EDGE_CURVE('',#480,#488,#490,.T.);
#488 = VERTEX_POINT('',#489);
#489 = CARTESIAN_POINT('',(-4.662768775266,4.281271428571,
    22.356871428571));
#490 = LINE('',#491,#492);
#491 = CARTESIAN_POINT('',(-4.662768775266,-3.925152518548,
    19.106274930037));
#492 = VECTOR('',#493,1.);
#493 = DIRECTION('',(0.,0.929720504504,0.368265914122));
#494 = ORIENTED_EDGE('',*,*,#495,.T.);
#495 = EDGE_CURVE('',#488,#496,#498,.T.);
#496 = VERTEX_POINT('',#497);
#497 = CARTESIAN_POINT('',(-4.662768775266,4.3212,22.373957142857));
#498 = LINE('',#499,#500);
#499 = CARTESIAN_POINT('',(-4.662768775266,-4.064223292823,
    18.785776012905));
#500 = VECTOR('',#501,1.);
#501 = DIRECTION('',(0.,0.919366063816,0.393403152889));
#502 = ORIENTED_EDGE('',*,*,#503,.T.);
#503 = EDGE_CURVE('',#496,#504,#506,.T.);
#504 = VERTEX_POINT('',#505);
#505 = CARTESIAN_POINT('',(-4.662768775266,4.366885714286,
    22.385471428571));
#506 = LINE('',#507,#508);
#507 = CARTESIAN_POINT('',(-4.662768775266,-2.886204569418,
    20.557456804223));
#508 = VECTOR('',#509,1.);
#509 = DIRECTION('',(0.,0.969676988372,0.244390135281));
#510 = ORIENTED_EDGE('',*,*,#511,.T.);
#511 = EDGE_CURVE('',#504,#512,#514,.T.);
#512 = VERTEX_POINT('',#513);
#513 = CARTESIAN_POINT('',(-4.662768775266,4.401057142857,
    22.391042857143));
#514 = LINE('',#515,#516);
#515 = CARTESIAN_POINT('',(-4.662768775266,-2.029824530169,
    21.342529540889));
#516 = VECTOR('',#517,1.);
#517 = DIRECTION('',(0.,0.986967674481,0.160918642578));
#518 = ORIENTED_EDGE('',*,*,#519,.T.);
#519 = EDGE_CURVE('',#512,#520,#522,.T.);
#520 = VERTEX_POINT('',#521);
#521 = CARTESIAN_POINT('',(-4.662768775266,4.440985714286,22.3968));
#522 = LINE('',#523,#524);
#523 = CARTESIAN_POINT('',(-4.662768775266,-1.811829986129,
    21.495231224591));
#524 = VECTOR('',#525,1.);
#525 = DIRECTION('',(0.,0.989764512237,0.142710231997));
#526 = ORIENTED_EDGE('',*,*,#527,.T.);
#527 = EDGE_CURVE('',#520,#528,#530,.T.);
#528 = VERTEX_POINT('',#529);
#529 = CARTESIAN_POINT('',(-4.662768775266,4.662768775266,22.3968));
#530 = LINE('',#531,#532);
#531 = CARTESIAN_POINT('',(-4.662768775266,0.48255846951,22.3968));
#532 = VECTOR('',#533,1.);
#533 = DIRECTION('',(0.,1.,0.));
#534 = ORIENTED_EDGE('',*,*,#535,.T.);
#535 = EDGE_CURVE('',#528,#536,#538,.T.);
#536 = VERTEX_POINT('',#537);
#537 = CARTESIAN_POINT('',(-4.662768775266,4.662768775266,40.8));
#538 = LINE('',#539,#540);
#539 = CARTESIAN_POINT('',(-4.662768775266,4.662768775266,-3.));
#540 = VECTOR('',#541,1.);
#541 = DIRECTION('',(0.,0.,1.));
#542 = ORIENTED_EDGE('',*,*,#543,.F.);
#543 = EDGE_CURVE('',#544,#536,#546,.T.);
#544 = VERTEX_POINT('',#545);
#545 = CARTESIAN_POINT('',(-4.662768775266,-4.662768775266,40.8));
#546 = LINE('',#547,#548);
#547 = CARTESIAN_POINT('',(-4.662768775266,-4.662768775266,40.8));
#548 = VECTOR('',#549,1.);
#549 = DIRECTION('',(-0.,1.,0.));
#550 = ORIENTED_EDGE('',*,*,#551,.F.);
#551 = EDGE_CURVE('',#552,#544,#554,.T.);
#552 = VERTEX_POINT('',#553);
#553 = CARTESIAN_POINT('',(-4.662768775266,-4.662768775266,22.3968));
#554 = LINE('',#555,#556);
#555 = CARTESIAN_POINT('',(-4.662768775266,-4.662768775266,-3.));
#556 = VECTOR('',#557,1.);
#557 = DIRECTION('',(0.,0.,1.));
#558 = ORIENTED_EDGE('',*,*,#559,.T.);
#559 = EDGE_CURVE('',#552,#560,#562,.T.);
#560 = VERTEX_POINT('',#561);
#561 = CARTESIAN_POINT('',(-4.662768775266,-4.344228571429,22.3968));
#562 = LINE('',#563,#564);
#563 = CARTESIAN_POINT('',(-4.662768775266,-4.503498673347,22.3968));
#564 = VECTOR('',#565,1.);
#565 = DIRECTION('',(0.,1.,0.));
#566 = ORIENTED_EDGE('',*,*,#567,.T.);
#567 = EDGE_CURVE('',#560,#568,#570,.T.);
#568 = VERTEX_POINT('',#569);
#569 = CARTESIAN_POINT('',(-4.662768775266,-4.298542857143,
    22.391042857143));
#570 = LINE('',#571,#572);
#571 = CARTESIAN_POINT('',(-4.662768775266,-2.902975432192,
    22.215178669446));
#572 = VECTOR('',#573,1.);
#573 = DIRECTION('',(-0.,0.992153283358,-0.125027446277));
#574 = ORIENTED_EDGE('',*,*,#575,.T.);
#575 = EDGE_CURVE('',#568,#576,#578,.T.);
#576 = VERTEX_POINT('',#577);
#577 = CARTESIAN_POINT('',(-4.662768775266,-4.270128571429,
    22.385471428571));
#578 = LINE('',#579,#580);
#579 = CARTESIAN_POINT('',(-4.662768775266,-2.062551144848,
    21.952613109634));
#580 = VECTOR('',#581,1.);
#581 = DIRECTION('',(-0.,0.981313749677,-0.192414460721));
#582 = ORIENTED_EDGE('',*,*,#583,.T.);
#583 = EDGE_CURVE('',#576,#584,#586,.T.);
#584 = VERTEX_POINT('',#585);
#585 = CARTESIAN_POINT('',(-4.662768775266,-4.241528571429,
    22.379714285714));
#586 = LINE('',#587,#588);
#587 = CARTESIAN_POINT('',(-4.662768775266,-1.988973088068,
    21.92627779231));
#588 = VECTOR('',#589,1.);
#589 = DIRECTION('',(-0.,0.980335072596,-0.197340176951));
#590 = ORIENTED_EDGE('',*,*,#591,.T.);
#591 = EDGE_CURVE('',#584,#592,#594,.T.);
#592 = VERTEX_POINT('',#593);
#593 = CARTESIAN_POINT('',(-4.662768775266,-4.218685714286,22.3682));
#594 = LINE('',#595,#596);
#595 = CARTESIAN_POINT('',(-4.662768775266,0.702501250623,
    19.887601692485));
#596 = VECTOR('',#597,1.);
#597 = DIRECTION('',(-0.,0.892970492237,-0.450115207469));
#598 = ORIENTED_EDGE('',*,*,#599,.T.);
#599 = EDGE_CURVE('',#592,#600,#602,.T.);
#600 = VERTEX_POINT('',#601);
#601 = CARTESIAN_POINT('',(-4.662768775266,-4.190271428571,
    22.351114285714));
#602 = LINE('',#603,#604);
#603 = CARTESIAN_POINT('',(-4.662768775266,1.234093932344,19.08940439549
    ));
#604 = VECTOR('',#605,1.);
#605 = DIRECTION('',(-0.,0.856998298068,-0.515319238054));
#606 = ORIENTED_EDGE('',*,*,#607,.T.);
#607 = EDGE_CURVE('',#600,#608,#610,.T.);
#608 = VERTEX_POINT('',#609);
#609 = CARTESIAN_POINT('',(-4.662768775266,-4.144585714286,
    22.316942857143));
#610 = LINE('',#611,#612);
#611 = CARTESIAN_POINT('',(-4.662768775266,1.760702588216,
    17.899979248767));
#612 = VECTOR('',#613,1.);
#613 = DIRECTION('',(-0.,0.80078057117,-0.598957825591));
#614 = ORIENTED_EDGE('',*,*,#615,.T.);
#615 = EDGE_CURVE('',#608,#616,#618,.T.);
#616 = VERTEX_POINT('',#617);
#617 = CARTESIAN_POINT('',(-4.662768775266,-4.121742857143,
    22.288342857143));
#618 = LINE('',#619,#620);
#619 = CARTESIAN_POINT('',(-4.662768775266,1.938581628437,
    14.700619517474));
#620 = VECTOR('',#621,1.);
#621 = DIRECTION('',(-0.,0.62407609663,-0.781363568139));
#622 = ORIENTED_EDGE('',*,*,#623,.T.);
#623 = EDGE_CURVE('',#616,#624,#626,.T.);
#624 = VERTEX_POINT('',#625);
#625 = CARTESIAN_POINT('',(-4.662768775266,-4.104657142857,
    22.271257142857));
#626 = LINE('',#627,#628);
#627 = CARTESIAN_POINT('',(-4.662768775266,2.073629234755,
    16.092970765245));
#628 = VECTOR('',#629,1.);
#629 = DIRECTION('',(-0.,0.707106781187,-0.707106781187));
#630 = ORIENTED_EDGE('',*,*,#631,.T.);
#631 = EDGE_CURVE('',#624,#632,#634,.T.);
#632 = VERTEX_POINT('',#633);
#633 = CARTESIAN_POINT('',(-4.662768775266,-4.093142857143,
    22.242842857143));
#634 = LINE('',#635,#636);
#635 = CARTESIAN_POINT('',(-4.662768775266,0.259845168278,
    11.500791762153));
#636 = VECTOR('',#637,1.);
#637 = DIRECTION('',(-0.,0.375564497639,-0.926796260304));
#638 = ORIENTED_EDGE('',*,*,#639,.T.);
#639 = EDGE_CURVE('',#632,#640,#642,.T.);
#640 = VERTEX_POINT('',#641);
#641 = CARTESIAN_POINT('',(-4.662768775266,-4.081814285714,22.22));
#642 = LINE('',#643,#644);
#643 = CARTESIAN_POINT('',(-4.662768775266,0.88009362793,12.214841420029
    ));
#644 = VECTOR('',#645,1.);
#645 = DIRECTION('',(-0.,0.444297794845,-0.895879160097));
#646 = ORIENTED_EDGE('',*,*,#647,.T.);
#647 = EDGE_CURVE('',#640,#648,#650,.T.);
#648 = VERTEX_POINT('',#649);
#649 = CARTESIAN_POINT('',(-4.662768775266,-4.0703,22.1914));
#650 = LINE('',#651,#652);
#651 = CARTESIAN_POINT('',(-4.662768775266,0.252088193539,
    11.455145454758));
#652 = VECTOR('',#653,1.);
#653 = DIRECTION('',(-0.,0.373466870858,-0.927643517938));
#654 = ORIENTED_EDGE('',*,*,#655,.T.);
#655 = EDGE_CURVE('',#648,#656,#658,.T.);
#656 = VERTEX_POINT('',#657);
#657 = CARTESIAN_POINT('',(-4.662768775266,-4.064728571429,22.1628));
#658 = LINE('',#659,#660);
#659 = CARTESIAN_POINT('',(-4.662768775266,-1.714348740901,
    10.097516869957));
#660 = VECTOR('',#661,1.);
#661 = DIRECTION('',(-0.,0.191210841639,-0.981548987081));
#662 = ORIENTED_EDGE('',*,*,#663,.T.);
#663 = EDGE_CURVE('',#656,#664,#666,.T.);
#664 = VERTEX_POINT('',#665);
#665 = CARTESIAN_POINT('',(-4.662768775266,-4.058971428571,
    22.140142857143));
#666 = LINE('',#667,#668);
#667 = CARTESIAN_POINT('',(-4.662768775266,-1.076965400312,
    10.404506229799));
#668 = VECTOR('',#669,1.);
#669 = DIRECTION('',(-0.,0.246272303221,-0.96920067719));
#670 = ORIENTED_EDGE('',*,*,#671,.T.);
#671 = EDGE_CURVE('',#664,#672,#674,.T.);
#672 = VERTEX_POINT('',#673);
#673 = CARTESIAN_POINT('',(-4.662768775266,-4.058971428571,
    22.082942857143));
#674 = LINE('',#675,#676);
#675 = CARTESIAN_POINT('',(-4.662768775266,-4.058971428571,
    9.541471428571));
#676 = VECTOR('',#677,1.);
#677 = DIRECTION('',(0.,-0.,-1.));
#678 = ORIENTED_EDGE('',*,*,#679,.T.);
#679 = EDGE_CURVE('',#672,#680,#682,.T.);
#680 = VERTEX_POINT('',#681);
#681 = CARTESIAN_POINT('',(-4.662768775266,-4.064728571429,
    22.054528571429));
#682 = LINE('',#683,#684);
#683 = CARTESIAN_POINT('',(-4.662768775266,-6.514633077998,
    9.963064393846));
#684 = VECTOR('',#685,1.);
#685 = DIRECTION('',(0.,-0.198579278868,-0.980084827963));
#686 = ORIENTED_EDGE('',*,*,#687,.T.);
#687 = EDGE_CURVE('',#680,#688,#690,.T.);
#688 = VERTEX_POINT('',#689);
#689 = CARTESIAN_POINT('',(-4.662768775266,-4.0703,22.025928571429));
#690 = LINE('',#691,#692);
#691 = CARTESIAN_POINT('',(-4.662768775266,-6.429599071696,
    9.914860003389));
#692 = VECTOR('',#693,1.);
#693 = DIRECTION('',(0.,-0.191210841639,-0.981548987081));
#694 = ORIENTED_EDGE('',*,*,#695,.T.);
#695 = EDGE_CURVE('',#688,#696,#698,.T.);
#696 = VERTEX_POINT('',#697);
#697 = CARTESIAN_POINT('',(-4.662768775266,-4.081814285714,
    22.003085714286));
#698 = LINE('',#699,#700);
#699 = CARTESIAN_POINT('',(-4.662768775266,-9.165531165359,
    11.91764738854));
#700 = VECTOR('',#701,1.);
#701 = DIRECTION('',(0.,-0.450115207469,-0.892970492237));
#702 = ORIENTED_EDGE('',*,*,#703,.T.);
#703 = EDGE_CURVE('',#696,#704,#706,.T.);
#704 = VERTEX_POINT('',#705);
#705 = CARTESIAN_POINT('',(-4.662768775266,-4.093142857143,
    21.974671428571));
#706 = LINE('',#707,#708);
#707 = CARTESIAN_POINT('',(-4.662768775266,-8.427978582985,
    11.10205067359));
#708 = VECTOR('',#709,1.);
#709 = DIRECTION('',(0.,-0.370343680353,-0.92889480482));
#710 = ORIENTED_EDGE('',*,*,#711,.T.);
#711 = EDGE_CURVE('',#704,#712,#714,.T.);
#712 = VERTEX_POINT('',#713);
#713 = CARTESIAN_POINT('',(-4.662768775266,-4.110228571429,
    21.951828571429));
#714 = LINE('',#715,#716);
#715 = CARTESIAN_POINT('',(-4.662768775266,-10.19321065085,
    13.819146008724));
#716 = VECTOR('',#717,1.);
#717 = DIRECTION('',(0.,-0.598957825591,-0.80078057117));
#718 = ORIENTED_EDGE('',*,*,#719,.T.);
#719 = EDGE_CURVE('',#712,#720,#722,.T.);
#720 = VERTEX_POINT('',#721);
#721 = CARTESIAN_POINT('',(-4.662768775266,-4.1275,21.928985714286));
#722 = LINE('',#723,#724);
#723 = CARTESIAN_POINT('',(-4.662768775266,-10.22120441633,
    13.869570195914));
#724 = VECTOR('',#725,1.);
#725 = DIRECTION('',(0.,-0.603108274872,-0.797659331282));
#726 = ORIENTED_EDGE('',*,*,#727,.T.);
#727 = EDGE_CURVE('',#720,#728,#730,.T.);
#728 = VERTEX_POINT('',#729);
#729 = CARTESIAN_POINT('',(-4.662768775266,-4.144585714286,
    21.906142857143));
#730 = LINE('',#731,#732);
#731 = CARTESIAN_POINT('',(-4.662768775266,-10.21044876687,
    13.796347689005));
#732 = VECTOR('',#733,1.);
#733 = DIRECTION('',(0.,-0.598957825591,-0.80078057117));
#734 = ORIENTED_EDGE('',*,*,#735,.T.);
#735 = EDGE_CURVE('',#728,#736,#738,.T.);
#736 = VERTEX_POINT('',#737);
#737 = CARTESIAN_POINT('',(-4.662768775266,-4.167428571429,
    21.889057142857));
#738 = LINE('',#739,#740);
#739 = CARTESIAN_POINT('',(-4.662768775266,-10.29506330572,
    17.305785634279));
#740 = VECTOR('',#741,1.);
#741 = DIRECTION('',(0.,-0.80078057117,-0.598957825591));
#742 = ORIENTED_EDGE('',*,*,#743,.T.);
#743 = EDGE_CURVE('',#736,#744,#746,.T.);
#744 = VERTEX_POINT('',#745);
#745 = CARTESIAN_POINT('',(-4.662768775266,-4.184514285714,
    21.871971428571));
#746 = LINE('',#747,#748);
#747 = CARTESIAN_POINT('',(-4.662768775266,-10.52207076524,
    15.534414949041));
#748 = VECTOR('',#749,1.);
#749 = DIRECTION('',(0.,-0.707106781187,-0.707106781187));
#750 = ORIENTED_EDGE('',*,*,#751,.T.);
#751 = EDGE_CURVE('',#744,#752,#754,.T.);
#752 = VERTEX_POINT('',#753);
#753 = CARTESIAN_POINT('',(-4.662768775266,-4.218685714286,
    21.854885714286));
#754 = LINE('',#755,#756);
#755 = CARTESIAN_POINT('',(-4.662768775266,-9.367296081535,
    19.280580530661));
#756 = VECTOR('',#757,1.);
#757 = DIRECTION('',(0.,-0.894427191,-0.4472135955));
#758 = ORIENTED_EDGE('',*,*,#759,.T.);
#759 = EDGE_CURVE('',#752,#760,#762,.T.);
#760 = VERTEX_POINT('',#761);
#761 = CARTESIAN_POINT('',(-4.662768775266,-4.247285714286,
    21.843371428571));
#762 = LINE('',#763,#764);
#763 = CARTESIAN_POINT('',(-4.662768775266,-8.729471974703,
    20.03885488217));
#764 = VECTOR('',#765,1.);
#765 = DIRECTION('',(0.,-0.927643517938,-0.373466870858));
#766 = ORIENTED_EDGE('',*,*,#767,.T.);
#767 = EDGE_CURVE('',#760,#768,#770,.T.);
#768 = VERTEX_POINT('',#769);
#769 = CARTESIAN_POINT('',(-4.662768775266,-4.287214285714,
    21.832042857143));
#770 = LINE('',#771,#772);
#771 = CARTESIAN_POINT('',(-4.662768775266,-7.72124552296,
    20.857736320064));
#772 = VECTOR('',#773,1.);
#773 = DIRECTION('',(0.,-0.962028866252,-0.272947724844));
#774 = ORIENTED_EDGE('',*,*,#775,.T.);
#775 = EDGE_CURVE('',#768,#776,#778,.T.);
#776 = VERTEX_POINT('',#777);
#777 = CARTESIAN_POINT('',(-4.662768775266,-4.321385714286,
    21.826285714286));
#778 = LINE('',#779,#780);
#779 = CARTESIAN_POINT('',(-4.662768775266,-6.520986464305,
    21.455700805315));
#780 = VECTOR('',#781,1.);
#781 = DIRECTION('',(0.,-0.98610270304,-0.166136868447));
#782 = ORIENTED_EDGE('',*,*,#783,.T.);
#783 = EDGE_CURVE('',#776,#784,#786,.T.);
#784 = VERTEX_POINT('',#785);
#785 = CARTESIAN_POINT('',(-4.662768775266,-4.662768775266,
    21.826285714286));
#786 = LINE('',#787,#788);
#787 = CARTESIAN_POINT('',(-4.662768775266,-4.71744153049,
    21.826285714286));
#788 = VECTOR('',#789,1.);
#789 = DIRECTION('',(0.,-1.,0.));
#790 = ORIENTED_EDGE('',*,*,#791,.F.);
#791 = EDGE_CURVE('',#792,#784,#794,.T.);
#792 = VERTEX_POINT('',#793);
#793 = CARTESIAN_POINT('',(-4.662768775266,-4.662768775266,
    18.973714285714));
#794 = LINE('',#795,#796);
#795 = CARTESIAN_POINT('',(-4.662768775266,-4.662768775266,-3.));
#796 = VECTOR('',#797,1.);
#797 = DIRECTION('',(0.,0.,1.));
#798 = ORIENTED_EDGE('',*,*,#799,.T.);
#799 = EDGE_CURVE('',#792,#800,#802,.T.);
#800 = VERTEX_POINT('',#801);
#801 = CARTESIAN_POINT('',(-4.662768775266,-4.3329,18.973714285714));
#802 = LINE('',#803,#804);
#803 = CARTESIAN_POINT('',(-4.662768775266,-4.497834387633,
    18.973714285714));
#804 = VECTOR('',#805,1.);
#805 = DIRECTION('',(0.,1.,0.));
#806 = ORIENTED_EDGE('',*,*,#807,.T.);
#807 = EDGE_CURVE('',#800,#808,#810,.T.);
#808 = VERTEX_POINT('',#809);
#809 = CARTESIAN_POINT('',(-4.662768775266,-4.310057142857,
    18.967957142857));
#810 = LINE('',#811,#812);
#811 = CARTESIAN_POINT('',(-4.662768775266,-1.872902192609,
    18.353714838323));
#812 = VECTOR('',#813,1.);
#813 = DIRECTION('',(-0.,0.969676988372,-0.244390135281));
#814 = ORIENTED_EDGE('',*,*,#815,.T.);
#815 = EDGE_CURVE('',#808,#816,#818,.T.);
#816 = VERTEX_POINT('',#817);
#817 = CARTESIAN_POINT('',(-4.662768775266,-4.287214285714,
    18.962385714286));
#818 = LINE('',#819,#820);
#819 = CARTESIAN_POINT('',(-4.662768775266,-1.936492487309,
    18.389038934187));
#820 = VECTOR('',#821,1.);
#821 = DIRECTION('',(-0.,0.971520338783,-0.236956180191));
#822 = ORIENTED_EDGE('',*,*,#823,.T.);
#823 = EDGE_CURVE('',#816,#824,#826,.T.);
#824 = VERTEX_POINT('',#825);
#825 = CARTESIAN_POINT('',(-4.662768775266,-4.270128571429,
    18.950871428571));
#826 = LINE('',#827,#828);
#827 = CARTESIAN_POINT('',(-4.662768775266,0.681303990454,
    15.614036441216));
#828 = VECTOR('',#829,1.);
#829 = DIRECTION('',(-0.,0.829266427591,-0.558853462072));
#830 = ORIENTED_EDGE('',*,*,#831,.T.);
#831 = EDGE_CURVE('',#824,#832,#834,.T.);
#832 = VERTEX_POINT('',#833);
#833 = CARTESIAN_POINT('',(-4.662768775266,-4.252857142857,
    18.939542857143));
#834 = LINE('',#835,#836);
#835 = CARTESIAN_POINT('',(-4.662768775266,0.634681293677,15.73373807619
    ));
#836 = VECTOR('',#837,1.);
#837 = DIRECTION('',(-0.,0.836176771121,-0.548460032671));
#838 = ORIENTED_EDGE('',*,*,#839,.T.);
#839 = EDGE_CURVE('',#832,#840,#842,.T.);
#840 = VERTEX_POINT('',#841);
#841 = CARTESIAN_POINT('',(-4.662768775266,-4.235771428571,
    18.922457142857));
#842 = LINE('',#843,#844);
#843 = CARTESIAN_POINT('',(-4.662768775266,1.138093520469,
    13.548592193817));
#844 = VECTOR('',#845,1.);
#845 = DIRECTION('',(-0.,0.707106781187,-0.707106781187));
#846 = ORIENTED_EDGE('',*,*,#847,.T.);
#847 = EDGE_CURVE('',#840,#848,#850,.T.);
#848 = VERTEX_POINT('',#849);
#849 = CARTESIAN_POINT('',(-4.662768775266,-4.218685714286,
    18.899614285714));
#850 = LINE('',#851,#852);
#851 = CARTESIAN_POINT('',(-4.662768775266,0.953554277004,
    11.984554297359));
#852 = VECTOR('',#853,1.);
#853 = DIRECTION('',(-0.,0.598957825591,-0.80078057117));
#854 = ORIENTED_EDGE('',*,*,#855,.T.);
#855 = EDGE_CURVE('',#848,#856,#858,.T.);
#856 = VERTEX_POINT('',#857);
#857 = CARTESIAN_POINT('',(-4.662768775266,-4.207357142857,
    18.871014285714));
#858 = LINE('',#859,#860);
#859 = CARTESIAN_POINT('',(-4.662768775266,-0.494091816549,
    9.496541166839));
#860 = VECTOR('',#861,1.);
#861 = DIRECTION('',(-0.,0.368265914122,-0.929720504504));
#862 = ORIENTED_EDGE('',*,*,#863,.T.);
#863 = EDGE_CURVE('',#856,#864,#866,.T.);
#864 = VERTEX_POINT('',#865);
#865 = CARTESIAN_POINT('',(-4.662768775266,-4.2016,18.842414285714));
#866 = LINE('',#867,#868);
#867 = CARTESIAN_POINT('',(-4.662768775266,-2.097768444159,
    8.391122040569));
#868 = VECTOR('',#869,1.);
#869 = DIRECTION('',(-0.,0.197340176951,-0.980335072596));
#870 = ORIENTED_EDGE('',*,*,#871,.T.);
#871 = EDGE_CURVE('',#864,#872,#874,.T.);
#872 = VERTEX_POINT('',#873);
#873 = CARTESIAN_POINT('',(-4.662768775266,-4.2016,18.5059));
#874 = LINE('',#875,#876);
#875 = CARTESIAN_POINT('',(-4.662768775266,-4.2016,7.75295));
#876 = VECTOR('',#877,1.);
#877 = DIRECTION('',(0.,-0.,-1.));
#878 = ORIENTED_EDGE('',*,*,#879,.T.);
#879 = EDGE_CURVE('',#872,#880,#882,.T.);
#880 = VERTEX_POINT('',#881);
#881 = CARTESIAN_POINT('',(-4.662768775266,-4.213485714286,
    18.483057142857));
#882 = LINE('',#883,#884);
#883 = CARTESIAN_POINT('',(-4.662768775266,-8.659646682981,
    9.938091531145));
#884 = VECTOR('',#885,1.);
#885 = DIRECTION('',(0.,-0.461579805424,-0.887098688549));
#886 = ORIENTED_EDGE('',*,*,#887,.T.);
#887 = EDGE_CURVE('',#880,#888,#890,.T.);
#888 = VERTEX_POINT('',#889);
#889 = CARTESIAN_POINT('',(-4.662768775266,-4.237257142857,
    18.448885714286));
#890 = LINE('',#891,#892);
#891 = CARTESIAN_POINT('',(-4.662768775266,-9.33414944907,
    11.122103024105));
#892 = VECTOR('',#893,1.);
#893 = DIRECTION('',(0.,-0.571064488199,-0.820905201785));
#894 = ORIENTED_EDGE('',*,*,#895,.T.);
#895 = EDGE_CURVE('',#888,#896,#898,.T.);
#896 = VERTEX_POINT('',#897);
#897 = CARTESIAN_POINT('',(-4.662768775266,-4.255085714286,18.4318));
#898 = LINE('',#899,#900);
#899 = CARTESIAN_POINT('',(-4.662768775266,-9.714442747374,
    13.199916176624));
#900 = VECTOR('',#901,1.);
#901 = DIRECTION('',(0.,-0.721988205115,-0.691905363236));
#902 = ORIENTED_EDGE('',*,*,#903,.T.);
#903 = EDGE_CURVE('',#896,#904,#906,.T.);
#904 = VERTEX_POINT('',#905);
#905 = CARTESIAN_POINT('',(-4.662768775266,-4.272914285714,
    18.420285714286));
#906 = LINE('',#907,#908);
#907 = CARTESIAN_POINT('',(-4.662768775266,-9.291537545559,
    15.179091525636));
#908 = VECTOR('',#909,1.);
#909 = DIRECTION('',(0.,-0.840039377769,-0.542525431476));
#910 = ORIENTED_EDGE('',*,*,#911,.T.);
#911 = EDGE_CURVE('',#904,#912,#914,.T.);
#912 = VERTEX_POINT('',#913);
#913 = CARTESIAN_POINT('',(-4.662768775266,-4.290928571429,
    18.414528571429));
#914 = LINE('',#915,#916);
#915 = CARTESIAN_POINT('',(-4.662768775266,-7.564416126501,
    17.368362445581));
#916 = VECTOR('',#917,1.);
#917 = DIRECTION('',(0.,-0.952538100641,-0.304419392988));
#918 = ORIENTED_EDGE('',*,*,#919,.T.);
#919 = EDGE_CURVE('',#912,#920,#922,.T.);
#920 = VERTEX_POINT('',#921);
#921 = CARTESIAN_POINT('',(-4.662768775266,-4.3147,18.4032));
#922 = LINE('',#923,#924);
#923 = CARTESIAN_POINT('',(-4.662768775266,-8.612609585028,
    16.354977463385));
#924 = VECTOR('',#925,1.);
#925 = DIRECTION('',(0.,-0.902730115416,-0.430207320628));
#926 = ORIENTED_EDGE('',*,*,#927,.T.);
#927 = EDGE_CURVE('',#920,#24,#928,.T.);
#928 = LINE('',#929,#930);
#929 = CARTESIAN_POINT('',(-4.662768775266,-5.21664153049,18.4032));
#930 = VECTOR('',#931,1.);
#931 = DIRECTION('',(0.,-1.,0.));
#932 = FACE_BOUND('',#933,.F.);
#933 = EDGE_LOOP('',(#934,#944,#952,#960,#968,#976,#984,#992,#1000,#1008
    ,#1016,#1024,#1032,#1040,#1048,#1056,#1064,#1072,#1080,#1088,#1096,
    #1104,#1112,#1120,#1128,#1136,#1144,#1152,#1160,#1168,#1176,#1184,
    #1192,#1200,#1208,#1216,#1224,#1232,#1240,#1248,#1256,#1264,#1272,
    #1280,#1288,#1296,#1304,#1312,#1320,#1328,#1336,#1344));
#934 = ORIENTED_EDGE('',*,*,#935,.T.);
#935 = EDGE_CURVE('',#936,#938,#940,.T.);
#936 = VERTEX_POINT('',#937);
#937 = CARTESIAN_POINT('',(-4.662768775266,2.501385714286,
    18.745471428571));
#938 = VERTEX_POINT('',#939);
#939 = CARTESIAN_POINT('',(-4.662768775266,2.490057142857,18.7854));
#940 = LINE('',#941,#942);
#941 = CARTESIAN_POINT('',(-4.662768775266,5.083857004294,9.643318521165
    ));
#942 = VECTOR('',#943,1.);
#943 = DIRECTION('',(0.,-0.272947724844,0.962028866252));
#944 = ORIENTED_EDGE('',*,*,#945,.T.);
#945 = EDGE_CURVE('',#938,#946,#948,.T.);
#946 = VERTEX_POINT('',#947);
#947 = CARTESIAN_POINT('',(-4.662768775266,2.490057142857,
    18.871014285714));
#948 = LINE('',#949,#950);
#949 = CARTESIAN_POINT('',(-4.662768775266,2.490057142857,7.935507142857
    ));
#950 = VECTOR('',#951,1.);
#951 = DIRECTION('',(0.,0.,1.));
#952 = ORIENTED_EDGE('',*,*,#953,.T.);
#953 = EDGE_CURVE('',#946,#954,#956,.T.);
#954 = VERTEX_POINT('',#955);
#955 = CARTESIAN_POINT('',(-4.662768775266,2.495814285714,
    18.910942857143));
#956 = LINE('',#957,#958);
#957 = CARTESIAN_POINT('',(-4.662768775266,0.875462566301,7.673019641858
    ));
#958 = VECTOR('',#959,1.);
#959 = DIRECTION('',(0.,0.142710231997,0.989764512237));
#960 = ORIENTED_EDGE('',*,*,#961,.T.);
#961 = EDGE_CURVE('',#954,#962,#964,.T.);
#962 = VERTEX_POINT('',#963);
#963 = CARTESIAN_POINT('',(-4.662768775266,2.507142857143,
    18.950871428571));
#964 = LINE('',#965,#966);
#965 = CARTESIAN_POINT('',(-4.662768775266,-0.641907316744,
    7.851760159954));
#966 = VECTOR('',#967,1.);
#967 = DIRECTION('',(0.,0.272947724844,0.962028866252));
#968 = ORIENTED_EDGE('',*,*,#969,.T.);
#969 = EDGE_CURVE('',#962,#970,#972,.T.);
#970 = VERTEX_POINT('',#971);
#971 = CARTESIAN_POINT('',(-4.662768775266,2.541314285714,
    19.030728571429));
#972 = LINE('',#973,#974);
#973 = CARTESIAN_POINT('',(-4.662768775266,-2.000212988244,
    8.417376789896));
#974 = VECTOR('',#975,1.);
#975 = DIRECTION('',(0.,0.393403152889,0.919366063816));
#976 = ORIENTED_EDGE('',*,*,#977,.T.);
#977 = EDGE_CURVE('',#970,#978,#980,.T.);
#978 = VERTEX_POINT('',#979);
#979 = CARTESIAN_POINT('',(-4.662768775266,2.558585714286,
    19.065085714286));
#980 = LINE('',#981,#982);
#981 = CARTESIAN_POINT('',(-4.662768775266,-2.597071498645,
    8.809208462756));
#982 = VECTOR('',#983,1.);
#983 = DIRECTION('',(0.,0.449144356093,0.89345920298));
#984 = ORIENTED_EDGE('',*,*,#985,.T.);
#985 = EDGE_CURVE('',#978,#986,#988,.T.);
#986 = VERTEX_POINT('',#987);
#987 = CARTESIAN_POINT('',(-4.662768775266,2.587,19.099257142857));
#988 = LINE('',#989,#990);
#989 = CARTESIAN_POINT('',(-4.662768775266,-4.326892642503,
    10.784510435533));
#990 = VECTOR('',#991,1.);
#991 = DIRECTION('',(0.,0.639361966955,0.7689058949));
#992 = ORIENTED_EDGE('',*,*,#993,.T.);
#993 = EDGE_CURVE('',#986,#994,#996,.T.);
#994 = VERTEX_POINT('',#995);
#995 = CARTESIAN_POINT('',(-4.662768775266,2.6156,19.133428571429));
#996 = LINE('',#997,#998);
#997 = CARTESIAN_POINT('',(-4.662768775266,-4.330368751079,
    10.834349024685));
#998 = VECTOR('',#999,1.);
#999 = DIRECTION('',(0.,0.641822684199,0.766853077224));
#1000 = ORIENTED_EDGE('',*,*,#1001,.T.);
#1001 = EDGE_CURVE('',#994,#1002,#1004,.T.);
#1002 = VERTEX_POINT('',#1003);
#1003 = CARTESIAN_POINT('',(-4.662768775266,2.644014285714,
    19.162028571429));
#1004 = LINE('',#1005,#1006);
#1005 = CARTESIAN_POINT('',(-4.662768775266,-4.711170880063,
    11.758770299993));
#1006 = VECTOR('',#1007,1.);
#1007 = DIRECTION('',(0.,0.704799762748,0.709406297146));
#1008 = ORIENTED_EDGE('',*,*,#1009,.T.);
#1009 = EDGE_CURVE('',#1002,#1010,#1012,.T.);
#1010 = VERTEX_POINT('',#1011);
#1011 = CARTESIAN_POINT('',(-4.662768775266,2.678371428571,
    19.184871428571));
#1012 = LINE('',#1013,#1014);
#1013 = CARTESIAN_POINT('',(-4.662768775266,-4.981263786745,
    14.092249096226));
#1014 = VECTOR('',#1015,1.);
#1015 = DIRECTION('',(0.,0.83274215499,0.553661000345));
#1016 = ORIENTED_EDGE('',*,*,#1017,.T.);
#1017 = EDGE_CURVE('',#1010,#1018,#1020,.T.);
#1018 = VERTEX_POINT('',#1019);
#1019 = CARTESIAN_POINT('',(-4.662768775266,2.712542857143,
    19.207714285714));
#1020 = LINE('',#1021,#1022);
#1021 = CARTESIAN_POINT('',(-4.662768775266,-4.96637457004,
    14.07452491863));
#1022 = VECTOR('',#1023,1.);
#1023 = DIRECTION('',(0.,0.831354528555,0.555742429414));
#1024 = ORIENTED_EDGE('',*,*,#1025,.T.);
#1025 = EDGE_CURVE('',#1018,#1026,#1028,.T.);
#1026 = VERTEX_POINT('',#1027);
#1027 = CARTESIAN_POINT('',(-4.662768775266,2.7924,19.241885714286));
#1028 = LINE('',#1029,#1030);
#1029 = CARTESIAN_POINT('',(-4.662768775266,-4.380520295354,
    16.172543076274));
#1030 = VECTOR('',#1031,1.);
#1031 = DIRECTION('',(0.,0.919366063816,0.393403152889));
#1032 = ORIENTED_EDGE('',*,*,#1033,.T.);
#1033 = EDGE_CURVE('',#1026,#1034,#1036,.T.);
#1034 = VERTEX_POINT('',#1035);
#1035 = CARTESIAN_POINT('',(-4.662768775266,2.832328571429,
    19.247642857143));
#1036 = LINE('',#1037,#1038);
#1037 = CARTESIAN_POINT('',(-4.662768775266,-2.410131210009,
    18.491753307261));
#1038 = VECTOR('',#1039,1.);
#1039 = DIRECTION('',(0.,0.989764512237,0.142710231997));
#1040 = ORIENTED_EDGE('',*,*,#1041,.T.);
#1041 = EDGE_CURVE('',#1034,#1042,#1044,.T.);
#1042 = VERTEX_POINT('',#1043);
#1043 = CARTESIAN_POINT('',(-4.662768775266,2.872257142857,
    19.258971428571));
#1044 = LINE('',#1045,#1046);
#1045 = CARTESIAN_POINT('',(-4.662768775266,-3.536994682624,
    17.440532538551));
#1046 = VECTOR('',#1047,1.);
#1047 = DIRECTION('',(0.,0.962028866252,0.272947724844));
#1048 = ORIENTED_EDGE('',*,*,#1049,.T.);
#1049 = EDGE_CURVE('',#1042,#1050,#1052,.T.);
#1050 = VERTEX_POINT('',#1051);
#1051 = CARTESIAN_POINT('',(-4.662768775266,2.957871428571,
    19.258971428571));
#1052 = LINE('',#1053,#1054);
#1053 = CARTESIAN_POINT('',(-4.662768775266,-0.852448673347,
    19.258971428571));
#1054 = VECTOR('',#1055,1.);
#1055 = DIRECTION('',(0.,1.,0.));
#1056 = ORIENTED_EDGE('',*,*,#1057,.T.);
#1057 = EDGE_CURVE('',#1050,#1058,#1060,.T.);
#1058 = VERTEX_POINT('',#1059);
#1059 = CARTESIAN_POINT('',(-4.662768775266,2.9978,19.253214285714));
#1060 = LINE('',#1061,#1062);
#1061 = CARTESIAN_POINT('',(-4.662768775266,0.817151943136,
    19.567633307867));
#1062 = VECTOR('',#1063,1.);
#1063 = DIRECTION('',(-0.,0.989764512237,-0.142710231997));
#1064 = ORIENTED_EDGE('',*,*,#1065,.T.);
#1065 = EDGE_CURVE('',#1058,#1066,#1068,.T.);
#1066 = VERTEX_POINT('',#1067);
#1067 = CARTESIAN_POINT('',(-4.662768775266,3.037728571429,
    19.241885714286));
#1068 = LINE('',#1069,#1070);
#1069 = CARTESIAN_POINT('',(-4.662768775266,2.394502299974,
    19.424382470373));
#1070 = VECTOR('',#1071,1.);
#1071 = DIRECTION('',(-0.,0.962028866252,-0.272947724844));
#1072 = ORIENTED_EDGE('',*,*,#1073,.T.);
#1073 = EDGE_CURVE('',#1066,#1074,#1076,.T.);
#1074 = VERTEX_POINT('',#1075);
#1075 = CARTESIAN_POINT('',(-4.662768775266,3.117585714286,
    19.207714285714));
#1076 = LINE('',#1077,#1078);
#1077 = CARTESIAN_POINT('',(-4.662768775266,3.845535597186,
    18.896219452101));
#1078 = VECTOR('',#1079,1.);
#1079 = DIRECTION('',(-0.,0.919366063816,-0.393403152889));
#1080 = ORIENTED_EDGE('',*,*,#1081,.T.);
#1081 = EDGE_CURVE('',#1074,#1082,#1084,.T.);
#1082 = VERTEX_POINT('',#1083);
#1083 = CARTESIAN_POINT('',(-4.662768775266,3.151942857143,
    19.190442857143));
#1084 = LINE('',#1085,#1086);
#1085 = CARTESIAN_POINT('',(-4.662768775266,4.485245834914,
    18.520187846696));
#1086 = VECTOR('',#1087,1.);
#1087 = DIRECTION('',(-0.,0.89345920298,-0.449144356093));
#1088 = ORIENTED_EDGE('',*,*,#1089,.T.);
#1089 = EDGE_CURVE('',#1082,#1090,#1092,.T.);
#1090 = VERTEX_POINT('',#1091);
#1091 = CARTESIAN_POINT('',(-4.662768775266,3.186114285714,
    19.162028571429));
#1092 = LINE('',#1093,#1094);
#1093 = CARTESIAN_POINT('',(-4.662768775266,6.313448987804,
    16.561581781104));
#1094 = VECTOR('',#1095,1.);
#1095 = DIRECTION('',(-0.,0.7689058949,-0.639361966955));
#1096 = ORIENTED_EDGE('',*,*,#1097,.T.);
#1097 = EDGE_CURVE('',#1090,#1098,#1100,.T.);
#1098 = VERTEX_POINT('',#1099);
#1099 = CARTESIAN_POINT('',(-4.662768775266,3.220285714286,
    19.133428571429));
#1100 = LINE('',#1101,#1102);
#1101 = CARTESIAN_POINT('',(-4.662768775266,6.349273236013,
    16.514602058679));
#1102 = VECTOR('',#1103,1.);
#1103 = DIRECTION('',(-0.,0.766853077224,-0.641822684199));
#1104 = ORIENTED_EDGE('',*,*,#1105,.T.);
#1105 = EDGE_CURVE('',#1098,#1106,#1108,.T.);
#1106 = VERTEX_POINT('',#1107);
#1107 = CARTESIAN_POINT('',(-4.662768775266,3.248885714286,
    19.105014285714));
#1108 = LINE('',#1109,#1110);
#1109 = CARTESIAN_POINT('',(-4.662768775266,6.784223101297,
    15.592633634983));
#1110 = VECTOR('',#1111,1.);
#1111 = DIRECTION('',(-0.,0.709406297146,-0.704799762748));
#1112 = ORIENTED_EDGE('',*,*,#1113,.T.);
#1113 = EDGE_CURVE('',#1106,#1114,#1116,.T.);
#1114 = VERTEX_POINT('',#1115);
#1115 = CARTESIAN_POINT('',(-4.662768775266,3.271728571429,
    19.070657142857));
#1116 = LINE('',#1117,#1118);
#1117 = CARTESIAN_POINT('',(-4.662768775266,7.143520046563,
    13.247230940419));
#1118 = VECTOR('',#1119,1.);
#1119 = DIRECTION('',(-0.,0.553661000345,-0.83274215499));
#1120 = ORIENTED_EDGE('',*,*,#1121,.T.);
#1121 = EDGE_CURVE('',#1114,#1122,#1124,.T.);
#1122 = VERTEX_POINT('',#1123);
#1123 = CARTESIAN_POINT('',(-4.662768775266,3.294571428571,
    19.036485714286));
#1124 = LINE('',#1125,#1126);
#1125 = CARTESIAN_POINT('',(-4.662768775266,7.156397954466,
    13.259444407257));
#1126 = VECTOR('',#1127,1.);
#1127 = DIRECTION('',(-0.,0.555742429414,-0.831354528555));
#1128 = ORIENTED_EDGE('',*,*,#1129,.T.);
#1129 = EDGE_CURVE('',#1122,#1130,#1132,.T.);
#1130 = VERTEX_POINT('',#1131);
#1131 = CARTESIAN_POINT('',(-4.662768775266,3.328742857143,
    18.956628571429));
#1132 = LINE('',#1133,#1134);
#1133 = CARTESIAN_POINT('',(-4.662768775266,6.680988817813,
    11.122575511167));
#1134 = VECTOR('',#1135,1.);
#1135 = DIRECTION('',(-0.,0.393403152889,-0.919366063816));
#1136 = ORIENTED_EDGE('',*,*,#1137,.T.);
#1137 = EDGE_CURVE('',#1130,#1138,#1140,.T.);
#1138 = VERTEX_POINT('',#1139);
#1139 = CARTESIAN_POINT('',(-4.662768775266,3.3345,18.9167));
#1140 = LINE('',#1141,#1142);
#1141 = CARTESIAN_POINT('',(-4.662768775266,4.800924683243,
    8.746335261382));
#1142 = VECTOR('',#1143,1.);
#1143 = DIRECTION('',(-0.,0.142710231997,-0.989764512237));
#1144 = ORIENTED_EDGE('',*,*,#1145,.T.);
#1145 = EDGE_CURVE('',#1138,#1146,#1148,.T.);
#1146 = VERTEX_POINT('',#1147);
#1147 = CARTESIAN_POINT('',(-4.662768775266,3.345828571429,
    18.876771428571));
#1148 = LINE('',#1149,#1150);
#1149 = CARTESIAN_POINT('',(-4.662768775266,5.919747068993,
    9.804763609288));
#1150 = VECTOR('',#1151,1.);
#1151 = DIRECTION('',(-0.,0.272947724844,-0.962028866252));
#1152 = ORIENTED_EDGE('',*,*,#1153,.T.);
#1153 = EDGE_CURVE('',#1146,#1154,#1156,.T.);
#1154 = VERTEX_POINT('',#1155);
#1155 = CARTESIAN_POINT('',(-4.662768775266,3.345828571429,
    18.791157142857));
#1156 = LINE('',#1157,#1158);
#1157 = CARTESIAN_POINT('',(-4.662768775266,3.345828571429,
    7.895578571429));
#1158 = VECTOR('',#1159,1.);
#1159 = DIRECTION('',(0.,-0.,-1.));
#1160 = ORIENTED_EDGE('',*,*,#1161,.T.);
#1161 = EDGE_CURVE('',#1154,#1162,#1164,.T.);
#1162 = VERTEX_POINT('',#1163);
#1163 = CARTESIAN_POINT('',(-4.662768775266,3.340071428571,
    18.751228571429));
#1164 = LINE('',#1165,#1166);
#1165 = CARTESIAN_POINT('',(-4.662768775266,1.722402333242,
    7.531910652206));
#1166 = VECTOR('',#1167,1.);
#1167 = DIRECTION('',(0.,-0.142710231997,-0.989764512237));
#1168 = ORIENTED_EDGE('',*,*,#1169,.T.);
#1169 = EDGE_CURVE('',#1162,#1170,#1172,.T.);
#1170 = VERTEX_POINT('',#1171);
#1171 = CARTESIAN_POINT('',(-4.662768775266,3.328742857143,18.7113));
#1172 = LINE('',#1173,#1174);
#1173 = CARTESIAN_POINT('',(-4.662768775266,0.180541657005,
    7.615181015907));
#1174 = VECTOR('',#1175,1.);
#1175 = DIRECTION('',(0.,-0.272947724844,-0.962028866252));
#1176 = ORIENTED_EDGE('',*,*,#1177,.T.);
#1177 = EDGE_CURVE('',#1170,#1178,#1180,.T.);
#1178 = VERTEX_POINT('',#1179);
#1179 = CARTESIAN_POINT('',(-4.662768775266,3.294571428571,
    18.631442857143));
#1180 = LINE('',#1181,#1182);
#1181 = CARTESIAN_POINT('',(-4.662768775266,-1.233038028537,
    8.050616408466));
#1182 = VECTOR('',#1183,1.);
#1183 = DIRECTION('',(0.,-0.393403152889,-0.919366063816));
#1184 = ORIENTED_EDGE('',*,*,#1185,.T.);
#1185 = EDGE_CURVE('',#1178,#1186,#1188,.T.);
#1186 = VERTEX_POINT('',#1187);
#1187 = CARTESIAN_POINT('',(-4.662768775266,3.2773,18.597085714286));
#1188 = LINE('',#1189,#1190);
#1189 = CARTESIAN_POINT('',(-4.662768775266,-1.85694819881,
    8.383796286545));
#1190 = VECTOR('',#1191,1.);
#1191 = DIRECTION('',(0.,-0.449144356093,-0.89345920298));
#1192 = ORIENTED_EDGE('',*,*,#1193,.T.);
#1193 = EDGE_CURVE('',#1186,#1194,#1196,.T.);
#1194 = VERTEX_POINT('',#1195);
#1195 = CARTESIAN_POINT('',(-4.662768775266,3.248885714286,
    18.562914285714));
#1196 = LINE('',#1197,#1198);
#1197 = CARTESIAN_POINT('',(-4.662768775266,-3.668455444514,
    10.244020343105));
#1198 = VECTOR('',#1199,1.);
#1199 = DIRECTION('',(0.,-0.639361966955,-0.7689058949));
#1200 = ORIENTED_EDGE('',*,*,#1201,.T.);
#1201 = EDGE_CURVE('',#1194,#1202,#1204,.T.);
#1202 = VERTEX_POINT('',#1203);
#1203 = CARTESIAN_POINT('',(-4.662768775266,3.220285714286,
    18.528742857143));
#1204 = LINE('',#1205,#1206);
#1205 = CARTESIAN_POINT('',(-4.662768775266,-3.701420825996,
    10.258651925897));
#1206 = VECTOR('',#1207,1.);
#1207 = DIRECTION('',(0.,-0.641822684199,-0.766853077224));
#1208 = ORIENTED_EDGE('',*,*,#1209,.T.);
#1209 = EDGE_CURVE('',#1202,#1210,#1212,.T.);
#1210 = VERTEX_POINT('',#1211);
#1211 = CARTESIAN_POINT('',(-4.662768775266,3.191871428571,
    18.500142857143));
#1212 = LINE('',#1213,#1214);
#1213 = CARTESIAN_POINT('',(-4.662768775266,-4.133917839669,
    11.126472613293));
#1214 = VECTOR('',#1215,1.);
#1215 = DIRECTION('',(0.,-0.704799762748,-0.709406297146));
#1216 = ORIENTED_EDGE('',*,*,#1217,.T.);
#1217 = EDGE_CURVE('',#1210,#1218,#1220,.T.);
#1218 = VERTEX_POINT('',#1219);
#1219 = CARTESIAN_POINT('',(-4.662768775266,3.157514285714,18.4773));
#1220 = LINE('',#1221,#1222);
#1221 = CARTESIAN_POINT('',(-4.662768775266,-4.505138683265,
    13.382671269273));
#1222 = VECTOR('',#1223,1.);
#1223 = DIRECTION('',(0.,-0.83274215499,-0.553661000345));
#1224 = ORIENTED_EDGE('',*,*,#1225,.T.);
#1225 = EDGE_CURVE('',#1218,#1226,#1228,.T.);
#1226 = VERTEX_POINT('',#1227);
#1227 = CARTESIAN_POINT('',(-4.662768775266,3.123342857143,
    18.454457142857));
#1228 = LINE('',#1229,#1230);
#1229 = CARTESIAN_POINT('',(-4.662768775266,-4.523527301926,
    13.342690677827));
#1230 = VECTOR('',#1231,1.);
#1231 = DIRECTION('',(0.,-0.831354528555,-0.555742429414));
#1232 = ORIENTED_EDGE('',*,*,#1233,.T.);
#1233 = EDGE_CURVE('',#1226,#1234,#1236,.T.);
#1234 = VERTEX_POINT('',#1235);
#1235 = CARTESIAN_POINT('',(-4.662768775266,3.043485714286,
    18.420285714286));
#1236 = LINE('',#1237,#1238);
#1237 = CARTESIAN_POINT('',(-4.662768775266,-4.086968903719,
    15.369114435884));
#1238 = VECTOR('',#1239,1.);
#1239 = DIRECTION('',(0.,-0.919366063816,-0.393403152889));
#1240 = ORIENTED_EDGE('',*,*,#1241,.T.);
#1241 = EDGE_CURVE('',#1234,#1242,#1244,.T.);
#1242 = VERTEX_POINT('',#1243);
#1243 = CARTESIAN_POINT('',(-4.662768775266,3.003557142857,
    18.414528571429));
#1244 = LINE('',#1245,#1246);
#1245 = CARTESIAN_POINT('',(-4.662768775266,-2.263934787947,
    17.655029734894));
#1246 = VECTOR('',#1247,1.);
#1247 = DIRECTION('',(0.,-0.989764512237,-0.142710231997));
#1248 = ORIENTED_EDGE('',*,*,#1249,.T.);
#1249 = EDGE_CURVE('',#1242,#1250,#1252,.T.);
#1250 = VERTEX_POINT('',#1251);
#1251 = CARTESIAN_POINT('',(-4.662768775266,2.963628571429,18.4032));
#1252 = LINE('',#1253,#1254);
#1253 = CARTESIAN_POINT('',(-4.662768775266,-3.3755495945,
    16.604642473853));
#1254 = VECTOR('',#1255,1.);
#1255 = DIRECTION('',(0.,-0.962028866252,-0.272947724844));
#1256 = ORIENTED_EDGE('',*,*,#1257,.T.);
#1257 = EDGE_CURVE('',#1250,#1258,#1260,.T.);
#1258 = VERTEX_POINT('',#1259);
#1259 = CARTESIAN_POINT('',(-4.662768775266,2.878014285714,18.4032));
#1260 = LINE('',#1261,#1262);
#1261 = CARTESIAN_POINT('',(-4.662768775266,-0.892377244776,18.4032));
#1262 = VECTOR('',#1263,1.);
#1263 = DIRECTION('',(0.,-1.,0.));
#1264 = ORIENTED_EDGE('',*,*,#1265,.T.);
#1265 = EDGE_CURVE('',#1258,#1266,#1268,.T.);
#1266 = VERTEX_POINT('',#1267);
#1267 = CARTESIAN_POINT('',(-4.662768775266,2.838085714286,
    18.408957142857));
#1268 = LINE('',#1269,#1270);
#1269 = CARTESIAN_POINT('',(-4.662768775266,0.676042953484,
    18.720693540926));
#1270 = VECTOR('',#1271,1.);
#1271 = DIRECTION('',(0.,-0.989764512237,0.142710231997));
#1272 = ORIENTED_EDGE('',*,*,#1273,.T.);
#1273 = EDGE_CURVE('',#1266,#1274,#1276,.T.);
#1274 = VERTEX_POINT('',#1275);
#1275 = CARTESIAN_POINT('',(-4.662768775266,2.798157142857,
    18.420285714286));
#1276 = LINE('',#1277,#1278);
#1277 = CARTESIAN_POINT('',(-4.662768775266,2.157923155927,
    18.601933496624));
#1278 = VECTOR('',#1279,1.);
#1279 = DIRECTION('',(0.,-0.962028866252,0.272947724844));
#1280 = ORIENTED_EDGE('',*,*,#1281,.T.);
#1281 = EDGE_CURVE('',#1274,#1282,#1284,.T.);
#1282 = VERTEX_POINT('',#1283);
#1283 = CARTESIAN_POINT('',(-4.662768775266,2.7183,18.454457142857));
#1284 = LINE('',#1285,#1286);
#1285 = CARTESIAN_POINT('',(-4.662768775266,3.478775215757,
    18.129044492394));
#1286 = VECTOR('',#1287,1.);
#1287 = DIRECTION('',(0.,-0.919366063816,0.393403152889));
#1288 = ORIENTED_EDGE('',*,*,#1289,.T.);
#1289 = EDGE_CURVE('',#1282,#1290,#1292,.T.);
#1290 = VERTEX_POINT('',#1291);
#1291 = CARTESIAN_POINT('',(-4.662768775266,2.683942857143,
    18.471728571429));
#1292 = LINE('',#1293,#1294);
#1293 = CARTESIAN_POINT('',(-4.662768775266,4.059833658704,
    17.78006454686));
#1294 = VECTOR('',#1295,1.);
#1295 = DIRECTION('',(0.,-0.89345920298,0.449144356093));
#1296 = ORIENTED_EDGE('',*,*,#1297,.T.);
#1297 = EDGE_CURVE('',#1290,#1298,#1300,.T.);
#1298 = VERTEX_POINT('',#1299);
#1299 = CARTESIAN_POINT('',(-4.662768775266,2.649771428571,
    18.500142857143));
#1300 = LINE('',#1301,#1302);
#1301 = CARTESIAN_POINT('',(-4.662768775266,5.772958895376,
    15.903144583115));
#1302 = VECTOR('',#1303,1.);
#1303 = DIRECTION('',(0.,-0.7689058949,0.639361966955));
#1304 = ORIENTED_EDGE('',*,*,#1305,.T.);
#1305 = EDGE_CURVE('',#1298,#1306,#1308,.T.);
#1306 = VERTEX_POINT('',#1307);
#1307 = CARTESIAN_POINT('',(-4.662768775266,2.6156,18.528742857143));
#1308 = LINE('',#1309,#1310);
#1309 = CARTESIAN_POINT('',(-4.662768775266,5.773576137225,
    15.885654133596));
#1310 = VECTOR('',#1311,1.);
#1311 = DIRECTION('',(0.,-0.766853077224,0.641822684199));
#1312 = ORIENTED_EDGE('',*,*,#1313,.T.);
#1313 = EDGE_CURVE('',#1306,#1314,#1316,.T.);
#1314 = VERTEX_POINT('',#1315);
#1315 = CARTESIAN_POINT('',(-4.662768775266,2.587,18.557157142857));
#1316 = LINE('',#1317,#1318);
#1317 = CARTESIAN_POINT('',(-4.662768775266,6.151925414597,
    15.015380594588));
#1318 = VECTOR('',#1319,1.);
#1319 = DIRECTION('',(0.,-0.709406297146,0.704799762748));
#1320 = ORIENTED_EDGE('',*,*,#1321,.T.);
#1321 = EDGE_CURVE('',#1314,#1322,#1324,.T.);
#1322 = VERTEX_POINT('',#1323);
#1323 = CARTESIAN_POINT('',(-4.662768775266,2.564157142857,
    18.591514285714));
#1324 = LINE('',#1325,#1326);
#1325 = CARTESIAN_POINT('',(-4.662768775266,6.43394221961,
    12.771105836939));
#1326 = VECTOR('',#1327,1.);
#1327 = DIRECTION('',(0.,-0.553661000345,0.83274215499));
#1328 = ORIENTED_EDGE('',*,*,#1329,.T.);
#1329 = EDGE_CURVE('',#1322,#1330,#1332,.T.);
#1330 = VERTEX_POINT('',#1331);
#1331 = CARTESIAN_POINT('',(-4.662768775266,2.541314285714,
    18.625685714286));
#1332 = LINE('',#1333,#1334);
#1333 = CARTESIAN_POINT('',(-4.662768775266,6.424563713663,
    12.816597139143));
#1334 = VECTOR('',#1335,1.);
#1335 = DIRECTION('',(0.,-0.555742429414,0.831354528555));
#1336 = ORIENTED_EDGE('',*,*,#1337,.T.);
#1337 = EDGE_CURVE('',#1330,#1338,#1340,.T.);
#1338 = VERTEX_POINT('',#1339);
#1339 = CARTESIAN_POINT('',(-4.662768775266,2.507142857143,
    18.705542857143));
#1340 = LINE('',#1341,#1342);
#1341 = CARTESIAN_POINT('',(-4.662768775266,5.877560177423,
    10.829024119532));
#1342 = VECTOR('',#1343,1.);
#1343 = DIRECTION('',(0.,-0.393403152889,0.919366063816));
#1344 = ORIENTED_EDGE('',*,*,#1345,.T.);
#1345 = EDGE_CURVE('',#1338,#936,#1346,.T.);
#1346 = LINE('',#1347,#1348);
#1347 = CARTESIAN_POINT('',(-4.662768775266,3.964201110875,8.60013883932
    ));
#1348 = VECTOR('',#1349,1.);
#1349 = DIRECTION('',(0.,-0.142710231997,0.989764512237));
#1350 = FACE_BOUND('',#1351,.F.);
#1351 = EDGE_LOOP('',(#1352,#1362,#1370,#1378,#1386,#1394,#1402,#1410,
    #1418,#1426,#1434,#1442,#1450,#1458,#1466,#1474,#1482,#1490,#1498,
    #1506,#1514,#1522,#1530,#1538,#1546,#1554,#1562,#1570,#1578,#1586,
    #1594,#1602,#1610,#1618,#1626,#1634,#1642,#1650,#1658,#1666,#1674,
    #1682,#1690,#1698,#1706,#1714,#1722,#1730,#1738,#1746,#1754,#1762,
    #1770,#1778,#1786,#1794,#1802,#1810,#1818,#1826,#1834,#1842,#1850,
    #1858,#1866,#1874,#1882,#1890,#1898,#1906,#1914,#1922,#1930,#1938,
    #1946,#1954,#1962,#1970,#1978,#1986,#1994,#2002,#2010,#2018,#2026,
    #2034,#2042,#2050,#2058));
#1352 = ORIENTED_EDGE('',*,*,#1353,.T.);
#1353 = EDGE_CURVE('',#1354,#1356,#1358,.T.);
#1354 = VERTEX_POINT('',#1355);
#1355 = CARTESIAN_POINT('',(-4.662768775266,1.908214285714,
    22.305428571429));
#1356 = VERTEX_POINT('',#1357);
#1357 = CARTESIAN_POINT('',(-4.662768775266,1.919542857143,
    22.282771428571));
#1358 = LINE('',#1359,#1360);
#1359 = CARTESIAN_POINT('',(-4.662768775266,6.317865979616,
    13.486125183625));
#1360 = VECTOR('',#1361,1.);
#1361 = DIRECTION('',(-0.,0.4472135955,-0.894427191));
#1362 = ORIENTED_EDGE('',*,*,#1363,.T.);
#1363 = EDGE_CURVE('',#1356,#1364,#1366,.T.);
#1364 = VERTEX_POINT('',#1365);
#1365 = CARTESIAN_POINT('',(-4.662768775266,1.919542857143,
    20.228771428571));
#1366 = LINE('',#1367,#1368);
#1367 = CARTESIAN_POINT('',(-4.662768775266,1.919542857143,
    8.614385714286));
#1368 = VECTOR('',#1369,1.);
#1369 = DIRECTION('',(0.,-0.,-1.));
#1370 = ORIENTED_EDGE('',*,*,#1371,.T.);
#1371 = EDGE_CURVE('',#1364,#1372,#1374,.T.);
#1372 = VERTEX_POINT('',#1373);
#1373 = CARTESIAN_POINT('',(-4.662768775266,1.908214285714,
    20.206114285714));
#1374 = LINE('',#1375,#1376);
#1375 = CARTESIAN_POINT('',(-4.662768775266,-3.390106877527,
    9.609471959232));
#1376 = VECTOR('',#1377,1.);
#1377 = DIRECTION('',(0.,-0.4472135955,-0.894427191));
#1378 = ORIENTED_EDGE('',*,*,#1379,.T.);
#1379 = EDGE_CURVE('',#1372,#1380,#1382,.T.);
#1380 = VERTEX_POINT('',#1381);
#1381 = CARTESIAN_POINT('',(-4.662768775266,1.8967,20.183271428571));
#1382 = LINE('',#1383,#1384);
#1383 = CARTESIAN_POINT('',(-4.662768775266,-3.426923725463,
    9.621888876444));
#1384 = VECTOR('',#1385,1.);
#1385 = DIRECTION('',(0.,-0.450115207469,-0.892970492237));
#1386 = ORIENTED_EDGE('',*,*,#1387,.T.);
#1387 = EDGE_CURVE('',#1380,#1388,#1390,.T.);
#1388 = VERTEX_POINT('',#1389);
#1389 = CARTESIAN_POINT('',(-4.662768775266,1.885371428571,
    20.160428571429));
#1390 = LINE('',#1391,#1392);
#1391 = CARTESIAN_POINT('',(-4.662768775266,-3.370287066652,
    9.562953244995));
#1392 = VECTOR('',#1393,1.);
#1393 = DIRECTION('',(0.,-0.444297794845,-0.895879160097));
#1394 = ORIENTED_EDGE('',*,*,#1395,.T.);
#1395 = EDGE_CURVE('',#1388,#1396,#1398,.T.);
#1396 = VERTEX_POINT('',#1397);
#1397 = CARTESIAN_POINT('',(-4.662768775266,1.862528571429,
    20.143342857143));
#1398 = LINE('',#1399,#1400);
#1399 = CARTESIAN_POINT('',(-4.662768775266,-5.779807954863,
    14.427123666746));
#1400 = VECTOR('',#1401,1.);
#1401 = DIRECTION('',(0.,-0.80078057117,-0.598957825591));
#1402 = ORIENTED_EDGE('',*,*,#1403,.T.);
#1403 = EDGE_CURVE('',#1396,#1404,#1406,.T.);
#1404 = VERTEX_POINT('',#1405);
#1405 = CARTESIAN_POINT('',(-4.662768775266,1.839685714286,
    20.131828571429));
#1406 = LINE('',#1407,#1408);
#1407 = CARTESIAN_POINT('',(-4.662768775266,-5.401629804034,
    16.481734570325));
#1408 = VECTOR('',#1409,1.);
#1409 = DIRECTION('',(0.,-0.892970492237,-0.450115207469));
#1410 = ORIENTED_EDGE('',*,*,#1411,.T.);
#1411 = EDGE_CURVE('',#1404,#1412,#1414,.T.);
#1412 = VERTEX_POINT('',#1413);
#1413 = CARTESIAN_POINT('',(-4.662768775266,1.816842857143,20.1205));
#1414 = LINE('',#1415,#1416);
#1415 = CARTESIAN_POINT('',(-4.662768775266,-5.384832365316,
    16.548937491301));
#1416 = VECTOR('',#1417,1.);
#1417 = DIRECTION('',(0.,-0.895879160097,-0.444297794845));
#1418 = ORIENTED_EDGE('',*,*,#1419,.T.);
#1419 = EDGE_CURVE('',#1412,#1420,#1422,.T.);
#1420 = VERTEX_POINT('',#1421);
#1421 = CARTESIAN_POINT('',(-4.662768775266,1.788242857143,
    20.114742857143));
#1422 = LINE('',#1423,#1424);
#1423 = CARTESIAN_POINT('',(-4.662768775266,-3.547534876662,
    19.040657728909));
#1424 = VECTOR('',#1425,1.);
#1425 = DIRECTION('',(0.,-0.980335072596,-0.197340176951));
#1426 = ORIENTED_EDGE('',*,*,#1427,.T.);
#1427 = EDGE_CURVE('',#1420,#1428,#1430,.T.);
#1428 = VERTEX_POINT('',#1429);
#1429 = CARTESIAN_POINT('',(-4.662768775266,0.493257142857,
    20.114742857143));
#1430 = LINE('',#1431,#1432);
#1431 = CARTESIAN_POINT('',(-4.662768775266,-2.084755816204,
    20.114742857143));
#1432 = VECTOR('',#1433,1.);
#1433 = DIRECTION('',(0.,-1.,0.));
#1434 = ORIENTED_EDGE('',*,*,#1435,.T.);
#1435 = EDGE_CURVE('',#1428,#1436,#1438,.T.);
#1436 = VERTEX_POINT('',#1437);
#1437 = CARTESIAN_POINT('',(-4.662768775266,0.493257142857,
    18.973714285714));
#1438 = LINE('',#1439,#1440);
#1439 = CARTESIAN_POINT('',(-4.662768775266,0.493257142857,
    7.986857142857));
#1440 = VECTOR('',#1441,1.);
#1441 = DIRECTION('',(0.,-0.,-1.));
#1442 = ORIENTED_EDGE('',*,*,#1443,.T.);
#1443 = EDGE_CURVE('',#1436,#1444,#1446,.T.);
#1444 = VERTEX_POINT('',#1445);
#1445 = CARTESIAN_POINT('',(-4.662768775266,1.640042857143,
    18.973714285714));
#1446 = LINE('',#1447,#1448);
#1447 = CARTESIAN_POINT('',(-4.662768775266,-1.511362959062,
    18.973714285714));
#1448 = VECTOR('',#1449,1.);
#1449 = DIRECTION('',(0.,1.,0.));
#1450 = ORIENTED_EDGE('',*,*,#1451,.T.);
#1451 = EDGE_CURVE('',#1444,#1452,#1454,.T.);
#1452 = VERTEX_POINT('',#1453);
#1453 = CARTESIAN_POINT('',(-4.662768775266,1.685542857143,
    18.967957142857));
#1454 = LINE('',#1455,#1456);
#1455 = CARTESIAN_POINT('',(-4.662768775266,-7.068620555472E-02,
    19.190173881403));
#1456 = VECTOR('',#1457,1.);
#1457 = DIRECTION('',(-0.,0.992089857379,-0.125529737056));
#1458 = ORIENTED_EDGE('',*,*,#1459,.T.);
#1459 = EDGE_CURVE('',#1452,#1460,#1462,.T.);
#1460 = VERTEX_POINT('',#1461);
#1461 = CARTESIAN_POINT('',(-4.662768775266,1.731228571429,
    18.956628571429));
#1462 = LINE('',#1463,#1464);
#1463 = CARTESIAN_POINT('',(-4.662768775266,1.283994305431,
    19.067528125192));
#1464 = VECTOR('',#1465,1.);
#1465 = DIRECTION('',(-0.,0.970604905537,-0.240678452186));
#1466 = ORIENTED_EDGE('',*,*,#1467,.T.);
#1467 = EDGE_CURVE('',#1460,#1468,#1470,.T.);
#1468 = VERTEX_POINT('',#1469);
#1469 = CARTESIAN_POINT('',(-4.662768775266,1.765585714286,
    18.945114285714));
#1470 = LINE('',#1471,#1472);
#1471 = CARTESIAN_POINT('',(-4.662768775266,2.181935348532,
    18.805580894778));
#1472 = VECTOR('',#1473,1.);
#1473 = DIRECTION('',(-0.,0.948169527976,-0.317764922889));
#1474 = ORIENTED_EDGE('',*,*,#1475,.T.);
#1475 = EDGE_CURVE('',#1468,#1476,#1478,.T.);
#1476 = VERTEX_POINT('',#1477);
#1477 = CARTESIAN_POINT('',(-4.662768775266,1.799757142857,
    18.922457142857));
#1478 = LINE('',#1479,#1480);
#1479 = CARTESIAN_POINT('',(-4.662768775266,4.603614759382,
    17.063377636248));
#1480 = VECTOR('',#1481,1.);
#1481 = DIRECTION('',(-0.,0.833441382682,-0.5526078733));
#1482 = ORIENTED_EDGE('',*,*,#1483,.T.);
#1483 = EDGE_CURVE('',#1476,#1484,#1486,.T.);
#1484 = VERTEX_POINT('',#1485);
#1485 = CARTESIAN_POINT('',(-4.662768775266,1.8226,18.899614285714));
#1486 = LINE('',#1487,#1488);
#1487 = CARTESIAN_POINT('',(-4.662768775266,5.676161377612,
    15.046052908102));
#1488 = VECTOR('',#1489,1.);
#1489 = DIRECTION('',(-0.,0.707106781187,-0.707106781187));
#1490 = ORIENTED_EDGE('',*,*,#1491,.T.);
#1491 = EDGE_CURVE('',#1484,#1492,#1494,.T.);
#1492 = VERTEX_POINT('',#1493);
#1493 = CARTESIAN_POINT('',(-4.662768775266,1.851014285714,
    18.871014285714));
#1494 = LINE('',#1495,#1496);
#1495 = CARTESIAN_POINT('',(-4.662768775266,5.700814719937,
    14.99605175715));
#1496 = VECTOR('',#1497,1.);
#1497 = DIRECTION('',(-0.,0.704799762748,-0.709406297146));
#1498 = ORIENTED_EDGE('',*,*,#1499,.T.);
#1499 = EDGE_CURVE('',#1492,#1500,#1502,.T.);
#1500 = VERTEX_POINT('',#1501);
#1501 = CARTESIAN_POINT('',(-4.662768775266,1.873857142857,
    18.848171428571));
#1502 = LINE('',#1503,#1504);
#1503 = CARTESIAN_POINT('',(-4.662768775266,5.701743520469,
    15.020285050959));
#1504 = VECTOR('',#1505,1.);
#1505 = DIRECTION('',(-0.,0.707106781187,-0.707106781187));
#1506 = ORIENTED_EDGE('',*,*,#1507,.T.);
#1507 = EDGE_CURVE('',#1500,#1508,#1510,.T.);
#1508 = VERTEX_POINT('',#1509);
#1509 = CARTESIAN_POINT('',(-4.662768775266,1.890942857143,18.814));
#1510 = LINE('',#1511,#1512);
#1511 = CARTESIAN_POINT('',(-4.662768775266,5.598371693902,
    11.399142326482));
#1512 = VECTOR('',#1513,1.);
#1513 = DIRECTION('',(-0.,0.4472135955,-0.894427191));
#1514 = ORIENTED_EDGE('',*,*,#1515,.T.);
#1515 = EDGE_CURVE('',#1508,#1516,#1518,.T.);
#1516 = VERTEX_POINT('',#1517);
#1517 = CARTESIAN_POINT('',(-4.662768775266,1.902457142857,
    18.779828571429));
#1518 = LINE('',#1519,#1520);
#1519 = CARTESIAN_POINT('',(-4.662768775266,4.863034807494,9.99359808283
    ));
#1520 = VECTOR('',#1521,1.);
#1521 = DIRECTION('',(-0.,0.319316245627,-0.947648212829));
#1522 = ORIENTED_EDGE('',*,*,#1523,.T.);
#1523 = EDGE_CURVE('',#1516,#1524,#1526,.T.);
#1524 = VERTEX_POINT('',#1525);
#1525 = CARTESIAN_POINT('',(-4.662768775266,1.913785714286,
    18.745471428571));
#1526 = LINE('',#1527,#1528);
#1527 = CARTESIAN_POINT('',(-4.662768775266,4.824847299378,
    9.916842031161));
#1528 = VECTOR('',#1529,1.);
#1529 = DIRECTION('',(-0.,0.313145974944,-0.949705005976));
#1530 = ORIENTED_EDGE('',*,*,#1531,.T.);
#1531 = EDGE_CURVE('',#1524,#1532,#1534,.T.);
#1532 = VERTEX_POINT('',#1533);
#1533 = CARTESIAN_POINT('',(-4.662768775266,1.919542857143,
    18.705542857143));
#1534 = LINE('',#1535,#1536);
#1535 = CARTESIAN_POINT('',(-4.662768775266,3.385463274895,8.5386754437)
  );
#1536 = VECTOR('',#1537,1.);
#1537 = DIRECTION('',(-0.,0.142710231997,-0.989764512237));
#1538 = ORIENTED_EDGE('',*,*,#1539,.T.);
#1539 = EDGE_CURVE('',#1532,#1540,#1542,.T.);
#1540 = VERTEX_POINT('',#1541);
#1541 = CARTESIAN_POINT('',(-4.662768775266,1.919542857143,
    18.671371428571));
#1542 = LINE('',#1543,#1544);
#1543 = CARTESIAN_POINT('',(-4.662768775266,1.919542857143,
    7.835685714286));
#1544 = VECTOR('',#1545,1.);
#1545 = DIRECTION('',(0.,-0.,-1.));
#1546 = ORIENTED_EDGE('',*,*,#1547,.T.);
#1547 = EDGE_CURVE('',#1540,#1548,#1550,.T.);
#1548 = VERTEX_POINT('',#1549);
#1549 = CARTESIAN_POINT('',(-4.662768775266,1.913785714286,18.6372));
#1550 = LINE('',#1551,#1552);
#1551 = CARTESIAN_POINT('',(-4.662768775266,5.063470092358E-02,
    7.578497211012));
#1552 = VECTOR('',#1553,1.);
#1553 = DIRECTION('',(0.,-0.166136868447,-0.98610270304));
#1554 = ORIENTED_EDGE('',*,*,#1555,.T.);
#1555 = EDGE_CURVE('',#1548,#1556,#1558,.T.);
#1556 = VERTEX_POINT('',#1557);
#1557 = CARTESIAN_POINT('',(-4.662768775266,1.908214285714,
    18.602842857143));
#1558 = LINE('',#1559,#1560);
#1559 = CARTESIAN_POINT('',(-4.662768775266,0.117329408675,
    7.559052782066));
#1560 = VECTOR('',#1561,1.);
#1561 = DIRECTION('',(0.,-0.160071158554,-0.987105477748));
#1562 = ORIENTED_EDGE('',*,*,#1563,.T.);
#1563 = EDGE_CURVE('',#1556,#1564,#1566,.T.);
#1564 = VERTEX_POINT('',#1565);
#1565 = CARTESIAN_POINT('',(-4.662768775266,1.890942857143,
    18.568671428571));
#1566 = LINE('',#1567,#1568);
#1567 = CARTESIAN_POINT('',(-4.662768775266,-3.117481532863,
    8.659530699957));
#1568 = VECTOR('',#1569,1.);
#1569 = DIRECTION('',(0.,-0.451089728658,-0.892478602936));
#1570 = ORIENTED_EDGE('',*,*,#1571,.T.);
#1571 = EDGE_CURVE('',#1564,#1572,#1574,.T.);
#1572 = VERTEX_POINT('',#1573);
#1573 = CARTESIAN_POINT('',(-4.662768775266,1.873857142857,18.5345));
#1574 = LINE('',#1575,#1576);
#1575 = CARTESIAN_POINT('',(-4.662768775266,-3.086705448955,
    8.613374816375));
#1576 = VECTOR('',#1577,1.);
#1577 = DIRECTION('',(0.,-0.4472135955,-0.894427191));
#1578 = ORIENTED_EDGE('',*,*,#1579,.T.);
#1579 = EDGE_CURVE('',#1572,#1580,#1582,.T.);
#1580 = VERTEX_POINT('',#1581);
#1581 = CARTESIAN_POINT('',(-4.662768775266,1.828171428571,18.4773));
#1582 = LINE('',#1583,#1584);
#1583 = CARTESIAN_POINT('',(-4.662768775266,-4.672336370938,
    10.338452836387));
#1584 = VECTOR('',#1585,1.);
#1585 = DIRECTION('',(0.,-0.62407609663,-0.781363568139));
#1586 = ORIENTED_EDGE('',*,*,#1587,.T.);
#1587 = EDGE_CURVE('',#1580,#1588,#1590,.T.);
#1588 = VERTEX_POINT('',#1589);
#1589 = CARTESIAN_POINT('',(-4.662768775266,1.788242857143,
    18.448885714286));
#1590 = LINE('',#1591,#1592);
#1591 = CARTESIAN_POINT('',(-4.662768775266,-5.419149424498,
    13.319904230141));
#1592 = VECTOR('',#1593,1.);
#1593 = DIRECTION('',(0.,-0.81475641455,-0.579803401982));
#1594 = ORIENTED_EDGE('',*,*,#1595,.T.);
#1595 = EDGE_CURVE('',#1588,#1596,#1598,.T.);
#1596 = VERTEX_POINT('',#1597);
#1597 = CARTESIAN_POINT('',(-4.662768775266,1.742742857143,
    18.426042857143));
#1598 = LINE('',#1599,#1600);
#1599 = CARTESIAN_POINT('',(-4.662768775266,-5.110948478218,
    14.985210064288));
#1600 = VECTOR('',#1601,1.);
#1601 = DIRECTION('',(0.,-0.893696452749,-0.448672096686));
#1602 = ORIENTED_EDGE('',*,*,#1603,.T.);
#1603 = EDGE_CURVE('',#1596,#1604,#1606,.T.);
#1604 = VERTEX_POINT('',#1605);
#1605 = CARTESIAN_POINT('',(-4.662768775266,1.697057142857,
    18.408957142857));
#1606 = LINE('',#1607,#1608);
#1607 = CARTESIAN_POINT('',(-4.662768775266,-4.604760364524,
    16.052179863674));
#1608 = VECTOR('',#1609,1.);
#1609 = DIRECTION('',(0.,-0.9366417498,-0.350288784478));
#1610 = ORIENTED_EDGE('',*,*,#1611,.T.);
#1611 = EDGE_CURVE('',#1604,#1612,#1614,.T.);
#1612 = VERTEX_POINT('',#1613);
#1613 = CARTESIAN_POINT('',(-4.662768775266,1.651371428571,18.4032));
#1614 = LINE('',#1615,#1616);
#1615 = CARTESIAN_POINT('',(-4.662768775266,-2.783842649665,
    17.84429090884));
#1616 = VECTOR('',#1617,1.);
#1617 = DIRECTION('',(0.,-0.992153283358,-0.125027446277));
#1618 = ORIENTED_EDGE('',*,*,#1619,.T.);
#1619 = EDGE_CURVE('',#1612,#1620,#1622,.T.);
#1620 = VERTEX_POINT('',#1621);
#1621 = CARTESIAN_POINT('',(-4.662768775266,0.458714285714,18.4032));
#1622 = LINE('',#1623,#1624);
#1623 = CARTESIAN_POINT('',(-4.662768775266,-2.102027244776,18.4032));
#1624 = VECTOR('',#1625,1.);
#1625 = DIRECTION('',(0.,-1.,0.));
#1626 = ORIENTED_EDGE('',*,*,#1627,.T.);
#1627 = EDGE_CURVE('',#1620,#1628,#1630,.T.);
#1628 = VERTEX_POINT('',#1629);
#1629 = CARTESIAN_POINT('',(-4.662768775266,0.406714285714,
    18.408957142857));
#1630 = LINE('',#1631,#1632);
#1631 = CARTESIAN_POINT('',(-4.662768775266,-0.926545904939,
    18.556568092537));
#1632 = VECTOR('',#1633,1.);
#1633 = DIRECTION('',(0.,-0.993926947812,0.110041912079));
#1634 = ORIENTED_EDGE('',*,*,#1635,.T.);
#1635 = EDGE_CURVE('',#1628,#1636,#1638,.T.);
#1636 = VERTEX_POINT('',#1637);
#1637 = CARTESIAN_POINT('',(-4.662768775266,0.3549,18.420285714286));
#1638 = LINE('',#1639,#1640);
#1639 = CARTESIAN_POINT('',(-4.662768775266,0.195337258993,
    18.45517219171));
#1640 = VECTOR('',#1641,1.);
#1641 = DIRECTION('',(0.,-0.97692285488,0.213592452142));
#1642 = ORIENTED_EDGE('',*,*,#1643,.T.);
#1643 = EDGE_CURVE('',#1636,#1644,#1646,.T.);
#1644 = VERTEX_POINT('',#1645);
#1645 = CARTESIAN_POINT('',(-4.662768775266,0.297328571429,
    18.437371428571));
#1646 = LINE('',#1647,#1648);
#1647 = CARTESIAN_POINT('',(-4.662768775266,0.941567880012,
    18.246177827314));
#1648 = VECTOR('',#1649,1.);
#1649 = DIRECTION('',(0.,-0.958673228505,0.284509474266));
#1650 = ORIENTED_EDGE('',*,*,#1651,.T.);
#1651 = EDGE_CURVE('',#1644,#1652,#1654,.T.);
#1652 = VERTEX_POINT('',#1653);
#1653 = CARTESIAN_POINT('',(-4.662768775266,0.245328571429,
    18.460214285714));
#1654 = LINE('',#1655,#1656);
#1655 = CARTESIAN_POINT('',(-4.662768775266,2.139366506289,
    17.628190478615));
#1656 = VECTOR('',#1657,1.);
#1657 = DIRECTION('',(0.,-0.915555942631,0.402190646227));
#1658 = ORIENTED_EDGE('',*,*,#1659,.T.);
#1659 = EDGE_CURVE('',#1652,#1660,#1662,.T.);
#1660 = VERTEX_POINT('',#1661);
#1661 = CARTESIAN_POINT('',(-4.662768775266,0.205028571429,
    18.483057142857));
#1662 = LINE('',#1663,#1664);
#1663 = CARTESIAN_POINT('',(-4.662768775266,2.970985118903,
    16.915256887837));
#1664 = VECTOR('',#1665,1.);
#1665 = DIRECTION('',(0.,-0.869964859591,0.493113722256));
#1666 = ORIENTED_EDGE('',*,*,#1667,.T.);
#1667 = EDGE_CURVE('',#1660,#1668,#1670,.T.);
#1668 = VERTEX_POINT('',#1669);
#1669 = CARTESIAN_POINT('',(-4.662768775266,0.153214285714,
    18.511657142857));
#1670 = LINE('',#1671,#1672);
#1671 = CARTESIAN_POINT('',(-4.662768775266,2.858044693024,
    17.018668315884));
#1672 = VECTOR('',#1673,1.);
#1673 = DIRECTION('',(0.,-0.875486133048,0.483243241898));
#1674 = ORIENTED_EDGE('',*,*,#1675,.T.);
#1675 = EDGE_CURVE('',#1668,#1676,#1678,.T.);
#1676 = VERTEX_POINT('',#1677);
#1677 = CARTESIAN_POINT('',(-4.662768775266,0.107157142857,
    18.545828571429));
#1678 = LINE('',#1679,#1680);
#1679 = CARTESIAN_POINT('',(-4.662768775266,3.724028607324,
    15.86234329134));
#1680 = VECTOR('',#1681,1.);
#1681 = DIRECTION('',(0.,-0.803098028234,0.595846924173));
#1682 = ORIENTED_EDGE('',*,*,#1683,.T.);
#1683 = EDGE_CURVE('',#1676,#1684,#1686,.T.);
#1684 = VERTEX_POINT('',#1685);
#1685 = CARTESIAN_POINT('',(-4.662768775266,7.242857142857E-02,18.58));
#1686 = LINE('',#1687,#1688);
#1687 = CARTESIAN_POINT('',(-4.662768775266,4.263779998842,
    14.455889504577));
#1688 = VECTOR('',#1689,1.);
#1689 = DIRECTION('',(0.,-0.712801322013,0.701366006687));
#1690 = ORIENTED_EDGE('',*,*,#1691,.T.);
#1691 = EDGE_CURVE('',#1684,#1692,#1694,.T.);
#1692 = VERTEX_POINT('',#1693);
#1693 = CARTESIAN_POINT('',(-4.662768775266,3.788571428572E-02,
    18.625685714286));
#1694 = LINE('',#1695,#1696);
#1695 = CARTESIAN_POINT('',(-4.662768775266,4.38476640664,
    12.876585443753));
#1696 = VECTOR('',#1697,1.);
#1697 = DIRECTION('',(0.,-0.603108274872,0.797659331282));
#1698 = ORIENTED_EDGE('',*,*,#1699,.T.);
#1699 = EDGE_CURVE('',#1692,#1700,#1702,.T.);
#1700 = VERTEX_POINT('',#1701);
#1701 = CARTESIAN_POINT('',(-4.662768775266,9.285714285715E-03,
    18.659857142857));
#1702 = LINE('',#1703,#1704);
#1703 = CARTESIAN_POINT('',(-4.662768775266,4.377305478457,
    13.440924437613));
#1704 = VECTOR('',#1705,1.);
#1705 = DIRECTION('',(0.,-0.641822684199,0.766853077224));
#1706 = ORIENTED_EDGE('',*,*,#1707,.T.);
#1707 = EDGE_CURVE('',#1700,#1708,#1710,.T.);
#1708 = VERTEX_POINT('',#1709);
#1709 = CARTESIAN_POINT('',(-4.662768775266,-1.392857142857E-02,
    18.705542857143));
#1710 = LINE('',#1711,#1712);
#1711 = CARTESIAN_POINT('',(-4.662768775266,3.892030863516,
    11.018614689173));
#1712 = VECTOR('',#1713,1.);
#1713 = DIRECTION('',(0.,-0.453002631496,0.891509178785));
#1714 = ORIENTED_EDGE('',*,*,#1715,.T.);
#1715 = EDGE_CURVE('',#1708,#1716,#1718,.T.);
#1716 = VERTEX_POINT('',#1717);
#1717 = CARTESIAN_POINT('',(-4.662768775266,-3.138571428571E-02,
    18.745471428571));
#1718 = LINE('',#1719,#1720);
#1719 = CARTESIAN_POINT('',(-4.662768775266,3.587810058081,
    10.467523651349));
#1720 = VECTOR('',#1721,1.);
#1721 = DIRECTION('',(0.,-0.40059526003,0.916255116025));
#1722 = ORIENTED_EDGE('',*,*,#1723,.T.);
#1723 = EDGE_CURVE('',#1716,#1724,#1726,.T.);
#1724 = VERTEX_POINT('',#1725);
#1725 = CARTESIAN_POINT('',(-4.662768775266,-4.847142857143E-02,18.7854)
  );
#1726 = LINE('',#1727,#1728);
#1727 = CARTESIAN_POINT('',(-4.662768775266,3.534148469923,10.4129730633
    ));
#1728 = VECTOR('',#1729,1.);
#1729 = DIRECTION('',(0.,-0.393403152889,0.919366063816));
#1730 = ORIENTED_EDGE('',*,*,#1731,.T.);
#1731 = EDGE_CURVE('',#1724,#1732,#1734,.T.);
#1732 = VERTEX_POINT('',#1733);
#1733 = CARTESIAN_POINT('',(-4.662768775266,-6.574285714286E-02,
    18.836842857143));
#1734 = LINE('',#1735,#1736);
#1735 = CARTESIAN_POINT('',(-4.662768775266,2.995814169708,9.71801171265
    ));
#1736 = VECTOR('',#1737,1.);
#1737 = DIRECTION('',(0.,-0.318280447487,0.947996601654));
#1738 = ORIENTED_EDGE('',*,*,#1739,.T.);
#1739 = EDGE_CURVE('',#1732,#1740,#1742,.T.);
#1740 = VERTEX_POINT('',#1741);
#1741 = CARTESIAN_POINT('',(-4.662768775266,-7.725714285714E-02,
    18.882342857143));
#1742 = LINE('',#1743,#1744);
#1743 = CARTESIAN_POINT('',(-4.662768775266,2.386896682042,
    9.144960807137));
#1744 = VECTOR('',#1745,1.);
#1745 = DIRECTION('',(0.,-0.245327724869,0.969440203112));
#1746 = ORIENTED_EDGE('',*,*,#1747,.T.);
#1747 = EDGE_CURVE('',#1740,#1748,#1750,.T.);
#1748 = VERTEX_POINT('',#1749);
#1749 = CARTESIAN_POINT('',(-4.662768775266,-7.725714285714E-02,
    20.131828571429));
#1750 = LINE('',#1751,#1752);
#1751 = CARTESIAN_POINT('',(-4.662768775266,-7.725714285714E-02,
    8.565914285714));
#1752 = VECTOR('',#1753,1.);
#1753 = DIRECTION('',(0.,0.,1.));
#1754 = ORIENTED_EDGE('',*,*,#1755,.T.);
#1755 = EDGE_CURVE('',#1748,#1756,#1758,.T.);
#1756 = VERTEX_POINT('',#1757);
#1757 = CARTESIAN_POINT('',(-4.662768775266,-7.15E-02,20.177514285714));
#1758 = LINE('',#1759,#1760);
#1759 = CARTESIAN_POINT('',(-4.662768775266,-1.5449285443,8.485145837396
    ));
#1760 = VECTOR('',#1761,1.);
#1761 = DIRECTION('',(0.,0.125027446277,0.992153283358));
#1762 = ORIENTED_EDGE('',*,*,#1763,.T.);
#1763 = EDGE_CURVE('',#1756,#1764,#1766,.T.);
#1764 = VERTEX_POINT('',#1765);
#1765 = CARTESIAN_POINT('',(-4.662768775266,-6.592857142857E-02,
    20.228771428571));
#1766 = LINE('',#1767,#1768);
#1767 = CARTESIAN_POINT('',(-4.662768775266,-1.340458798815,
    8.503093336619));
#1768 = VECTOR('',#1769,1.);
#1769 = DIRECTION('',(0.,0.108059180768,0.994144463069));
#1770 = ORIENTED_EDGE('',*,*,#1771,.T.);
#1771 = EDGE_CURVE('',#1764,#1772,#1774,.T.);
#1772 = VERTEX_POINT('',#1773);
#1773 = CARTESIAN_POINT('',(-4.662768775266,-5.441428571428E-02,
    20.274457142857));
#1774 = LINE('',#1775,#1776);
#1775 = CARTESIAN_POINT('',(-4.662768775266,-2.949819312134,
    8.786237199322));
#1776 = VECTOR('',#1777,1.);
#1777 = DIRECTION('',(0.,0.244390135281,0.969676988372));
#1778 = ORIENTED_EDGE('',*,*,#1779,.T.);
#1779 = EDGE_CURVE('',#1772,#1780,#1782,.T.);
#1780 = VERTEX_POINT('',#1781);
#1781 = CARTESIAN_POINT('',(-4.662768775266,-3.732857142857E-02,
    20.320142857143));
#1782 = LINE('',#1783,#1784);
#1783 = CARTESIAN_POINT('',(-4.662768775266,-4.146716792856,
    9.331996091152));
#1784 = VECTOR('',#1785,1.);
#1785 = DIRECTION('',(0.,0.350288784478,0.9366417498));
#1786 = ORIENTED_EDGE('',*,*,#1787,.T.);
#1787 = EDGE_CURVE('',#1780,#1788,#1790,.T.);
#1788 = VERTEX_POINT('',#1789);
#1789 = CARTESIAN_POINT('',(-4.662768775266,-8.72857142857E-03,
    20.382914285714));
#1790 = LINE('',#1791,#1792);
#1791 = CARTESIAN_POINT('',(-4.662768775266,-4.819915407737,
    9.823296424206));
#1792 = VECTOR('',#1793,1.);
#1793 = DIRECTION('',(0.,0.414614157948,0.909997307704));
#1794 = ORIENTED_EDGE('',*,*,#1795,.T.);
#1795 = EDGE_CURVE('',#1788,#1796,#1798,.T.);
#1796 = VERTEX_POINT('',#1797);
#1797 = CARTESIAN_POINT('',(-4.662768775266,2.544285714286E-02,
    20.439928571429));
#1798 = LINE('',#1799,#1800);
#1799 = CARTESIAN_POINT('',(-4.662768775266,-5.761992364627,
    10.783718717714));
#1800 = VECTOR('',#1801,1.);
#1801 = DIRECTION('',(0.,0.514084822946,0.857739351328));
#1802 = ORIENTED_EDGE('',*,*,#1803,.T.);
#1803 = EDGE_CURVE('',#1796,#1804,#1806,.T.);
#1804 = VERTEX_POINT('',#1805);
#1805 = CARTESIAN_POINT('',(-4.662768775266,6.537142857143E-02,
    20.496942857143));
#1806 = LINE('',#1807,#1808);
#1807 = CARTESIAN_POINT('',(-4.662768775266,-6.232854557049,
    11.503662031164));
#1808 = VECTOR('',#1809,1.);
#1809 = DIRECTION('',(0.,0.573641397746,0.819106553991));
#1810 = ORIENTED_EDGE('',*,*,#1811,.T.);
#1811 = EDGE_CURVE('',#1804,#1812,#1814,.T.);
#1812 = VERTEX_POINT('',#1813);
#1813 = CARTESIAN_POINT('',(-4.662768775266,0.111057142857,
    20.542628571429));
#1814 = LINE('',#1815,#1816);
#1815 = CARTESIAN_POINT('',(-4.662768775266,-6.968056479531,
    13.463514949041));
#1816 = VECTOR('',#1817,1.);
#1817 = DIRECTION('',(0.,0.707106781187,0.707106781187));
#1818 = ORIENTED_EDGE('',*,*,#1819,.T.);
#1819 = EDGE_CURVE('',#1812,#1820,#1822,.T.);
#1820 = VERTEX_POINT('',#1821);
#1821 = CARTESIAN_POINT('',(-4.662768775266,0.168071428571,
    20.582557142857));
#1822 = LINE('',#1823,#1824);
#1823 = CARTESIAN_POINT('',(-4.662768775266,-6.992928267407,
    15.567524782481));
#1824 = VECTOR('',#1825,1.);
#1825 = DIRECTION('',(0.,0.819106553991,0.573641397746));
#1826 = ORIENTED_EDGE('',*,*,#1827,.T.);
#1827 = EDGE_CURVE('',#1820,#1828,#1830,.T.);
#1828 = VERTEX_POINT('',#1829);
#1829 = CARTESIAN_POINT('',(-4.662768775266,0.2249,20.616728571429));
#1830 = LINE('',#1831,#1832);
#1831 = CARTESIAN_POINT('',(-4.662768775266,-6.784865471271,
    16.401706196547));
#1832 = VECTOR('',#1833,1.);
#1833 = DIRECTION('',(0.,0.856998298068,0.515319238054));
#1834 = ORIENTED_EDGE('',*,*,#1835,.T.);
#1835 = EDGE_CURVE('',#1828,#1836,#1838,.T.);
#1836 = VERTEX_POINT('',#1837);
#1837 = CARTESIAN_POINT('',(-4.662768775266,0.287671428571,
    20.645328571429));
#1838 = LINE('',#1839,#1840);
#1839 = CARTESIAN_POINT('',(-4.662768775266,-6.222711049854,
    17.679059631554));
#1840 = VECTOR('',#1841,1.);
#1841 = DIRECTION('',(0.,0.909997307704,0.414614157948));
#1842 = ORIENTED_EDGE('',*,*,#1843,.T.);
#1843 = EDGE_CURVE('',#1836,#1844,#1846,.T.);
#1844 = VERTEX_POINT('',#1845);
#1845 = CARTESIAN_POINT('',(-4.662768775266,0.344685714286,
    20.668171428571));
#1846 = LINE('',#1847,#1848);
#1847 = CARTESIAN_POINT('',(-4.662768775266,-5.898258019829,
    18.166926870604));
#1848 = VECTOR('',#1849,1.);
#1849 = DIRECTION('',(0.,0.928268015265,0.371911940969));
#1850 = ORIENTED_EDGE('',*,*,#1851,.T.);
#1851 = EDGE_CURVE('',#1844,#1852,#1854,.T.);
#1852 = VERTEX_POINT('',#1853);
#1853 = CARTESIAN_POINT('',(-4.662768775266,0.418971428571,20.6795));
#1854 = LINE('',#1855,#1856);
#1855 = CARTESIAN_POINT('',(-4.662768775266,-3.82867619334,
    20.031733737658));
#1856 = VECTOR('',#1857,1.);
#1857 = DIRECTION('',(0.,0.988570842591,0.150757053495));
#1858 = ORIENTED_EDGE('',*,*,#1859,.T.);
#1859 = EDGE_CURVE('',#1852,#1860,#1862,.T.);
#1860 = VERTEX_POINT('',#1861);
#1861 = CARTESIAN_POINT('',(-4.662768775266,0.481742857143,
    20.685257142857));
#1862 = LINE('',#1863,#1864);
#1863 = CARTESIAN_POINT('',(-4.662768775266,-3.146153984469,
    20.352521041999));
#1864 = VECTOR('',#1865,1.);
#1865 = DIRECTION('',(0.,0.995820439719,9.133264387955E-02));
#1866 = ORIENTED_EDGE('',*,*,#1867,.T.);
#1867 = EDGE_CURVE('',#1860,#1868,#1870,.T.);
#1868 = VERTEX_POINT('',#1869);
#1869 = CARTESIAN_POINT('',(-4.662768775266,1.349028571429,
    20.685257142857));
#1870 = LINE('',#1871,#1872);
#1871 = CARTESIAN_POINT('',(-4.662768775266,-1.656870101919,
    20.685257142857));
#1872 = VECTOR('',#1873,1.);
#1873 = DIRECTION('',(0.,1.,0.));
#1874 = ORIENTED_EDGE('',*,*,#1875,.T.);
#1875 = EDGE_CURVE('',#1868,#1876,#1878,.T.);
#1876 = VERTEX_POINT('',#1877);
#1877 = CARTESIAN_POINT('',(-4.662768775266,1.349028571429,
    21.826285714286));
#1878 = LINE('',#1879,#1880);
#1879 = CARTESIAN_POINT('',(-4.662768775266,1.349028571429,
    9.413142857143));
#1880 = VECTOR('',#1881,1.);
#1881 = DIRECTION('',(0.,0.,1.));
#1882 = ORIENTED_EDGE('',*,*,#1883,.T.);
#1883 = EDGE_CURVE('',#1876,#1884,#1886,.T.);
#1884 = VERTEX_POINT('',#1885);
#1885 = CARTESIAN_POINT('',(-4.662768775266,3.9E-02,21.826285714286));
#1886 = LINE('',#1887,#1888);
#1887 = CARTESIAN_POINT('',(-4.662768775266,-2.311884387633,
    21.826285714286));
#1888 = VECTOR('',#1889,1.);
#1889 = DIRECTION('',(0.,-1.,0.));
#1890 = ORIENTED_EDGE('',*,*,#1891,.T.);
#1891 = EDGE_CURVE('',#1884,#1892,#1894,.T.);
#1892 = VERTEX_POINT('',#1893);
#1893 = CARTESIAN_POINT('',(-4.662768775266,1.132857142857E-02,
    21.837614285714));
#1894 = LINE('',#1895,#1896);
#1895 = CARTESIAN_POINT('',(-4.662768775266,2.364145503935,
    20.874380507977));
#1896 = VECTOR('',#1897,1.);
#1897 = DIRECTION('',(0.,-0.925447987364,0.378874679391));
#1898 = ORIENTED_EDGE('',*,*,#1899,.T.);
#1899 = EDGE_CURVE('',#1892,#1900,#1902,.T.);
#1900 = VERTEX_POINT('',#1901);
#1901 = CARTESIAN_POINT('',(-4.662768775266,-5.385714285714E-03,
    21.843371428571));
#1902 = LINE('',#1903,#1904);
#1903 = CARTESIAN_POINT('',(-4.662768775266,1.73770023052,
    21.242975158694));
#1904 = VECTOR('',#1905,1.);
#1905 = DIRECTION('',(0.,-0.945484566827,0.325666906351));
#1906 = ORIENTED_EDGE('',*,*,#1907,.T.);
#1907 = EDGE_CURVE('',#1900,#1908,#1910,.T.);
#1908 = VERTEX_POINT('',#1909);
#1909 = CARTESIAN_POINT('',(-4.662768775266,-2.191428571428E-02,
    21.854885714286));
#1910 = LINE('',#1911,#1912);
#1911 = CARTESIAN_POINT('',(-4.662768775266,4.244513719372,
    18.88276732872));
#1912 = VECTOR('',#1913,1.);
#1913 = DIRECTION('',(0.,-0.820529200148,0.571604611339));
#1914 = ORIENTED_EDGE('',*,*,#1915,.T.);
#1915 = EDGE_CURVE('',#1908,#1916,#1918,.T.);
#1916 = VERTEX_POINT('',#1917);
#1917 = CARTESIAN_POINT('',(-4.662768775266,-3.844285714286E-02,
    21.866214285714));
#1918 = LINE('',#1919,#1920);
#1919 = CARTESIAN_POINT('',(-4.662768775266,4.186320575244,
    18.970589910708));
#1920 = VECTOR('',#1921,1.);
#1921 = DIRECTION('',(0.,-0.824852336949,0.565348230943));
#1922 = ORIENTED_EDGE('',*,*,#1923,.T.);
#1923 = EDGE_CURVE('',#1916,#1924,#1926,.T.);
#1924 = VERTEX_POINT('',#1925);
#1925 = CARTESIAN_POINT('',(-4.662768775266,-6.072857142857E-02,
    21.900385714286));
#1926 = LINE('',#1927,#1928);
#1927 = CARTESIAN_POINT('',(-4.662768775266,4.949333779742,
    14.218290109158));
#1928 = VECTOR('',#1929,1.);
#1929 = DIRECTION('',(0.,-0.546267780547,0.837610596839));
#1930 = ORIENTED_EDGE('',*,*,#1931,.T.);
#1931 = EDGE_CURVE('',#1924,#1932,#1934,.T.);
#1932 = VERTEX_POINT('',#1933);
#1933 = CARTESIAN_POINT('',(-4.662768775266,-6.63E-02,21.917657142857));
#1934 = LINE('',#1935,#1936);
#1935 = CARTESIAN_POINT('',(-4.662768775266,3.357275323638,
    11.30457363958));
#1936 = VECTOR('',#1937,1.);
#1937 = DIRECTION('',(0.,-0.307002779923,0.951708617761));
#1938 = ORIENTED_EDGE('',*,*,#1939,.T.);
#1939 = EDGE_CURVE('',#1932,#1940,#1942,.T.);
#1940 = VERTEX_POINT('',#1941);
#1941 = CARTESIAN_POINT('',(-4.662768775266,-7.168571428571E-02,
    21.940314285714));
#1942 = LINE('',#1943,#1944);
#1943 = CARTESIAN_POINT('',(-4.662768775266,2.611231013491,
    10.653561155068));
#1944 = VECTOR('',#1945,1.);
#1945 = DIRECTION('',(0.,-0.23126114462,0.972891711851));
#1946 = ORIENTED_EDGE('',*,*,#1947,.T.);
#1947 = EDGE_CURVE('',#1940,#1948,#1950,.T.);
#1948 = VERTEX_POINT('',#1949);
#1949 = CARTESIAN_POINT('',(-4.662768775266,-7.725714285714E-02,
    21.957585714286));
#1950 = LINE('',#1951,#1952);
#1951 = CARTESIAN_POINT('',(-4.662768775266,3.352667648937,
    11.324818859723));
#1952 = VECTOR('',#1953,1.);
#1953 = DIRECTION('',(0.,-0.307002779923,0.951708617761));
#1954 = ORIENTED_EDGE('',*,*,#1955,.T.);
#1955 = EDGE_CURVE('',#1948,#1956,#1958,.T.);
#1956 = VERTEX_POINT('',#1957);
#1957 = CARTESIAN_POINT('',(-4.662768775266,-7.725714285714E-02,
    22.271257142857));
#1958 = LINE('',#1959,#1960);
#1959 = CARTESIAN_POINT('',(-4.662768775266,-7.725714285714E-02,
    9.635628571429));
#1960 = VECTOR('',#1961,1.);
#1961 = DIRECTION('',(0.,0.,1.));
#1962 = ORIENTED_EDGE('',*,*,#1963,.T.);
#1963 = EDGE_CURVE('',#1956,#1964,#1966,.T.);
#1964 = VERTEX_POINT('',#1965);
#1965 = CARTESIAN_POINT('',(-4.662768775266,-7.168571428571E-02,22.2941)
  );
#1966 = LINE('',#1967,#1968);
#1967 = CARTESIAN_POINT('',(-4.662768775266,-3.112025216278,
    9.82870804183));
#1968 = VECTOR('',#1969,1.);
#1969 = DIRECTION('',(0.,0.236956180191,0.971520338783));
#1970 = ORIENTED_EDGE('',*,*,#1971,.T.);
#1971 = EDGE_CURVE('',#1964,#1972,#1974,.T.);
#1972 = VERTEX_POINT('',#1973);
#1973 = CARTESIAN_POINT('',(-4.662768775266,-6.072857142857E-02,22.3227)
  );
#1974 = LINE('',#1975,#1976);
#1975 = CARTESIAN_POINT('',(-4.662768775266,-4.585156893478,
    10.513175227193));
#1976 = VECTOR('',#1977,1.);
#1977 = DIRECTION('',(0.,0.357759776872,0.933813654886));
#1978 = ORIENTED_EDGE('',*,*,#1979,.T.);
#1979 = EDGE_CURVE('',#1972,#1980,#1982,.T.);
#1980 = VERTEX_POINT('',#1981);
#1981 = CARTESIAN_POINT('',(-4.662768775266,-4.958571428571E-02,
    22.339785714286));
#1982 = LINE('',#1983,#1984);
#1983 = CARTESIAN_POINT('',(-4.662768775266,-6.535124348337,
    12.395293142074));
#1984 = VECTOR('',#1985,1.);
#1985 = DIRECTION('',(0.,0.546267780547,0.837610596839));
#1986 = ORIENTED_EDGE('',*,*,#1987,.T.);
#1987 = EDGE_CURVE('',#1980,#1988,#1990,.T.);
#1988 = VERTEX_POINT('',#1989);
#1989 = CARTESIAN_POINT('',(-4.662768775266,-3.305714285714E-02,
    22.362628571429));
#1990 = LINE('',#1991,#1992);
#1991 = CARTESIAN_POINT('',(-4.662768775266,-6.851205533567,
    12.939794278649));
#1992 = VECTOR('',#1993,1.);
#1993 = DIRECTION('',(0.,0.586211780526,0.810157853985));
#1994 = ORIENTED_EDGE('',*,*,#1995,.T.);
#1995 = EDGE_CURVE('',#1988,#1996,#1998,.T.);
#1996 = VERTEX_POINT('',#1997);
#1997 = CARTESIAN_POINT('',(-4.662768775266,-1.095714285714E-02,
    22.373957142857));
#1998 = LINE('',#1999,#2000);
#1999 = CARTESIAN_POINT('',(-4.662768775266,-7.003012266069,
    18.789794432639));
#2000 = VECTOR('',#2001,1.);
#2001 = DIRECTION('',(0.,0.889895306309,0.456164820881));
#2002 = ORIENTED_EDGE('',*,*,#2003,.T.);
#2003 = EDGE_CURVE('',#1996,#2004,#2006,.T.);
#2004 = VERTEX_POINT('',#2005);
#2005 = CARTESIAN_POINT('',(-4.662768775266,5.757142857144E-03,
    22.385471428571));
#2006 = LINE('',#2007,#2008);
#2007 = CARTESIAN_POINT('',(-4.662768775266,-7.507052238767,
    17.209980521231));
#2008 = VECTOR('',#2009,1.);
#2009 = DIRECTION('',(0.,0.82350760101,0.567305236251));
#2010 = ORIENTED_EDGE('',*,*,#2011,.T.);
#2011 = EDGE_CURVE('',#2004,#2012,#2014,.T.);
#2012 = VERTEX_POINT('',#2013);
#2013 = CARTESIAN_POINT('',(-4.662768775266,3.324285714286E-02,22.3968)
  );
#2014 = LINE('',#2015,#2016);
#2015 = CARTESIAN_POINT('',(-4.662768775266,-6.447610785712,
    19.725637349905));
#2016 = VECTOR('',#2017,1.);
#2017 = DIRECTION('',(0.,0.924548670381,0.381063979008));
#2018 = ORIENTED_EDGE('',*,*,#2019,.T.);
#2019 = EDGE_CURVE('',#2012,#2020,#2022,.T.);
#2020 = VERTEX_POINT('',#2021);
#2021 = CARTESIAN_POINT('',(-4.662768775266,1.805514285714,22.3968));
#2022 = LINE('',#2023,#2024);
#2023 = CARTESIAN_POINT('',(-4.662768775266,-1.428627244776,22.3968));
#2024 = VECTOR('',#2025,1.);
#2025 = DIRECTION('',(0.,1.,0.));
#2026 = ORIENTED_EDGE('',*,*,#2027,.T.);
#2027 = EDGE_CURVE('',#2020,#2028,#2030,.T.);
#2028 = VERTEX_POINT('',#2029);
#2029 = CARTESIAN_POINT('',(-4.662768775266,1.833928571429,
    22.385471428571));
#2030 = LINE('',#2031,#2032);
#2031 = CARTESIAN_POINT('',(-4.662768775266,3.397537429779,
    21.76207181838));
#2032 = VECTOR('',#2033,1.);
#2033 = DIRECTION('',(-0.,0.92889480482,-0.370343680353));
#2034 = ORIENTED_EDGE('',*,*,#2035,.T.);
#2035 = EDGE_CURVE('',#2028,#2036,#2038,.T.);
#2036 = VERTEX_POINT('',#2037);
#2037 = CARTESIAN_POINT('',(-4.662768775266,1.856771428571,22.3682));
#2038 = LINE('',#2039,#2040);
#2039 = CARTESIAN_POINT('',(-4.662768775266,5.88471145835,
    19.322684367729));
#2040 = VECTOR('',#2041,1.);
#2041 = DIRECTION('',(-0.,0.797659331282,-0.603108274872));
#2042 = ORIENTED_EDGE('',*,*,#2043,.T.);
#2043 = EDGE_CURVE('',#2036,#2044,#2046,.T.);
#2044 = VERTEX_POINT('',#2045);
#2045 = CARTESIAN_POINT('',(-4.662768775266,1.885371428571,
    22.351114285714));
#2046 = LINE('',#2047,#2048);
#2047 = CARTESIAN_POINT('',(-4.662768775266,5.053160336679,
    20.458668963988));
#2048 = VECTOR('',#2049,1.);
#2049 = DIRECTION('',(-0.,0.85847509595,-0.512855252126));
#2050 = ORIENTED_EDGE('',*,*,#2051,.T.);
#2051 = EDGE_CURVE('',#2044,#2052,#2054,.T.);
#2052 = VERTEX_POINT('',#2053);
#2053 = CARTESIAN_POINT('',(-4.662768775266,1.8967,22.328271428571));
#2054 = LINE('',#2055,#2056);
#2055 = CARTESIAN_POINT('',(-4.662768775266,6.290074992462,
    13.469498902788));
#2056 = VECTOR('',#2057,1.);
#2057 = DIRECTION('',(-0.,0.444297794845,-0.895879160097));
#2058 = ORIENTED_EDGE('',*,*,#2059,.T.);
#2059 = EDGE_CURVE('',#2052,#1354,#2060,.T.);
#2060 = LINE('',#2061,#2062);
#2061 = CARTESIAN_POINT('',(-4.662768775266,6.32818844371,
    13.536770161211));
#2062 = VECTOR('',#2063,1.);
#2063 = DIRECTION('',(-0.,0.450115207469,-0.892970492237));
#2064 = FACE_BOUND('',#2065,.F.);
#2065 = EDGE_LOOP('',(#2066,#2076,#2084,#2092,#2100,#2108,#2116,#2124,
    #2132,#2140,#2148,#2156,#2164,#2172,#2180,#2188,#2196,#2204,#2212,
    #2220,#2228,#2236,#2244,#2252,#2260,#2268,#2276,#2284,#2292,#2300,
    #2308,#2316,#2324,#2332,#2340,#2348,#2356,#2364,#2372,#2380,#2388,
    #2396,#2404,#2412,#2420,#2428,#2436,#2444,#2452,#2460,#2468,#2476,
    #2484,#2492,#2500,#2508,#2516,#2524));
#2066 = ORIENTED_EDGE('',*,*,#2067,.T.);
#2067 = EDGE_CURVE('',#2068,#2070,#2072,.T.);
#2068 = VERTEX_POINT('',#2069);
#2069 = CARTESIAN_POINT('',(-4.662768775266,-1.640042857143,
    22.287414285714));
#2070 = VERTEX_POINT('',#2071);
#2071 = CARTESIAN_POINT('',(-4.662768775266,-1.634285714286,
    22.258442857143));
#2072 = LINE('',#2073,#2074);
#2073 = CARTESIAN_POINT('',(-4.662768775266,0.722504763548,
    10.398464968687));
#2074 = VECTOR('',#2075,1.);
#2075 = DIRECTION('',(-0.,0.19490688626,-0.980821750212));
#2076 = ORIENTED_EDGE('',*,*,#2077,.T.);
#2077 = EDGE_CURVE('',#2070,#2078,#2080,.T.);
#2078 = VERTEX_POINT('',#2079);
#2079 = CARTESIAN_POINT('',(-4.662768775266,-1.634285714286,
    18.522985714286));
#2080 = LINE('',#2081,#2082);
#2081 = CARTESIAN_POINT('',(-4.662768775266,-1.634285714286,
    7.761492857143));
#2082 = VECTOR('',#2083,1.);
#2083 = DIRECTION('',(0.,-0.,-1.));
#2084 = ORIENTED_EDGE('',*,*,#2085,.T.);
#2085 = EDGE_CURVE('',#2078,#2086,#2088,.T.);
#2086 = VERTEX_POINT('',#2087);
#2087 = CARTESIAN_POINT('',(-4.662768775266,-1.645614285714,
    18.494571428571));
#2088 = LINE('',#2089,#2090);
#2089 = CARTESIAN_POINT('',(-4.662768775266,-5.54969956029,8.70235754316
    ));
#2090 = VECTOR('',#2091,1.);
#2091 = DIRECTION('',(0.,-0.370343680353,-0.92889480482));
#2092 = ORIENTED_EDGE('',*,*,#2093,.T.);
#2093 = EDGE_CURVE('',#2086,#2094,#2096,.T.);
#2094 = VERTEX_POINT('',#2095);
#2095 = CARTESIAN_POINT('',(-4.662768775266,-1.657128571429,
    18.471728571429));
#2096 = LINE('',#2097,#2098);
#2097 = CARTESIAN_POINT('',(-4.662768775266,-6.27677446373,
    9.306947204444));
#2098 = VECTOR('',#2099,1.);
#2099 = DIRECTION('',(0.,-0.450115207469,-0.892970492237));
#2100 = ORIENTED_EDGE('',*,*,#2101,.T.);
#2101 = EDGE_CURVE('',#2094,#2102,#2104,.T.);
#2102 = VERTEX_POINT('',#2103);
#2103 = CARTESIAN_POINT('',(-4.662768775266,-1.668457142857,
    18.448885714286));
#2104 = LINE('',#2105,#2106);
#2105 = CARTESIAN_POINT('',(-4.662768775266,-6.232723007538,
    9.245529954355));
#2106 = VECTOR('',#2107,1.);
#2107 = DIRECTION('',(0.,-0.444297794845,-0.895879160097));
#2108 = ORIENTED_EDGE('',*,*,#2109,.T.);
#2109 = EDGE_CURVE('',#2102,#2110,#2112,.T.);
#2110 = VERTEX_POINT('',#2111);
#2111 = CARTESIAN_POINT('',(-4.662768775266,-1.6913,18.4318));
#2112 = LINE('',#2113,#2114);
#2113 = CARTESIAN_POINT('',(-4.662768775266,-7.783734194486,
    13.874857350466));
#2114 = VECTOR('',#2115,1.);
#2115 = DIRECTION('',(0.,-0.80078057117,-0.598957825591));
#2116 = ORIENTED_EDGE('',*,*,#2117,.T.);
#2117 = EDGE_CURVE('',#2110,#2118,#2120,.T.);
#2118 = VERTEX_POINT('',#2119);
#2119 = CARTESIAN_POINT('',(-4.662768775266,-1.714142857143,
    18.414528571429));
#2120 = LINE('',#2121,#2122);
#2121 = CARTESIAN_POINT('',(-4.662768775266,-7.80318638149,
    13.810617613995));
#2122 = VECTOR('',#2123,1.);
#2123 = DIRECTION('',(0.,-0.797659331282,-0.603108274872));
#2124 = ORIENTED_EDGE('',*,*,#2125,.T.);
#2125 = EDGE_CURVE('',#2118,#2126,#2128,.T.);
#2126 = VERTEX_POINT('',#2127);
#2127 = CARTESIAN_POINT('',(-4.662768775266,-1.742742857143,
    18.408957142857));
#2128 = LINE('',#2129,#2130);
#2129 = CARTESIAN_POINT('',(-4.662768775266,-5.158422022609,
    17.743565097637));
#2130 = VECTOR('',#2131,1.);
#2131 = DIRECTION('',(0.,-0.981548987081,-0.191210841639));
#2132 = ORIENTED_EDGE('',*,*,#2133,.T.);
#2133 = EDGE_CURVE('',#2126,#2134,#2136,.T.);
#2134 = VERTEX_POINT('',#2135);
#2135 = CARTESIAN_POINT('',(-4.662768775266,-1.765585714286,18.4032));
#2136 = LINE('',#2137,#2138);
#2137 = CARTESIAN_POINT('',(-4.662768775266,-5.663717601469,
    17.420743995913));
#2138 = VECTOR('',#2139,1.);
#2139 = DIRECTION('',(0.,-0.969676988372,-0.244390135281));
#2140 = ORIENTED_EDGE('',*,*,#2141,.T.);
#2141 = EDGE_CURVE('',#2134,#2142,#2144,.T.);
#2142 = VERTEX_POINT('',#2143);
#2143 = CARTESIAN_POINT('',(-4.662768775266,-2.090771428571,18.4032));
#2144 = LINE('',#2145,#2146);
#2145 = CARTESIAN_POINT('',(-4.662768775266,-3.376770101919,18.4032));
#2146 = VECTOR('',#2147,1.);
#2147 = DIRECTION('',(0.,-1.,0.));
#2148 = ORIENTED_EDGE('',*,*,#2149,.T.);
#2149 = EDGE_CURVE('',#2142,#2150,#2152,.T.);
#2150 = VERTEX_POINT('',#2151);
#2151 = CARTESIAN_POINT('',(-4.662768775266,-2.124942857143,
    18.415085714286));
#2152 = LINE('',#2153,#2154);
#2153 = CARTESIAN_POINT('',(-4.662768775266,6.550053302693E-02,
    17.653192361183));
#2154 = VECTOR('',#2155,1.);
#2155 = DIRECTION('',(0.,-0.944496796706,0.328520624941));
#2156 = ORIENTED_EDGE('',*,*,#2157,.T.);
#2157 = EDGE_CURVE('',#2150,#2158,#2160,.T.);
#2158 = VERTEX_POINT('',#2159);
#2159 = CARTESIAN_POINT('',(-4.662768775266,-2.153542857143,
    18.432728571429));
#2160 = LINE('',#2161,#2162);
#2161 = CARTESIAN_POINT('',(-4.662768775266,1.726180076271,
    16.039392995621));
#2162 = VECTOR('',#2163,1.);
#2163 = DIRECTION('',(0.,-0.851088556054,0.525022161202));
#2164 = ORIENTED_EDGE('',*,*,#2165,.T.);
#2165 = EDGE_CURVE('',#2158,#2166,#2168,.T.);
#2166 = VERTEX_POINT('',#2167);
#2167 = CARTESIAN_POINT('',(-4.662768775266,-2.1762,18.462628571429));
#2168 = LINE('',#2169,#2170);
#2169 = CARTESIAN_POINT('',(-4.662768775266,2.535953666817,
    12.244130699645));
#2170 = VECTOR('',#2171,1.);
#2171 = DIRECTION('',(0.,-0.603952995426,0.797019936586));
#2172 = ORIENTED_EDGE('',*,*,#2173,.T.);
#2173 = EDGE_CURVE('',#2166,#2174,#2176,.T.);
#2174 = VERTEX_POINT('',#2175);
#2175 = CARTESIAN_POINT('',(-4.662768775266,-2.187714285714,
    18.480457142857));
#2176 = LINE('',#2177,#2178);
#2177 = CARTESIAN_POINT('',(-4.662768775266,2.342820609249,
    11.46543537001));
#2178 = VECTOR('',#2179,1.);
#2179 = DIRECTION('',(0.,-0.542525431476,0.840039377769));
#2180 = ORIENTED_EDGE('',*,*,#2181,.T.);
#2181 = EDGE_CURVE('',#2174,#2182,#2184,.T.);
#2182 = VERTEX_POINT('',#2183);
#2183 = CARTESIAN_POINT('',(-4.662768775266,-2.199042857143,
    18.498285714286));
#2184 = LINE('',#2185,#2186);
#2185 = CARTESIAN_POINT('',(-4.662768775266,2.312298141602,
    11.398470371999));
#2186 = VECTOR('',#2187,1.);
#2187 = DIRECTION('',(0.,-0.536306481872,0.844023315733));
#2188 = ORIENTED_EDGE('',*,*,#2189,.T.);
#2189 = EDGE_CURVE('',#2182,#2190,#2192,.T.);
#2190 = VERTEX_POINT('',#2191);
#2191 = CARTESIAN_POINT('',(-4.662768775266,-2.2048,18.522057142857));
#2192 = LINE('',#2193,#2194);
#2193 = CARTESIAN_POINT('',(-4.662768775266,0.188898897372,
    8.638397179516));
#2194 = VECTOR('',#2195,1.);
#2195 = DIRECTION('',(0.,-0.23538270084,0.971902764759));
#2196 = ORIENTED_EDGE('',*,*,#2197,.T.);
#2197 = EDGE_CURVE('',#2190,#2198,#2200,.T.);
#2198 = VERTEX_POINT('',#2199);
#2199 = CARTESIAN_POINT('',(-4.662768775266,-2.2048,20.114742857143));
#2200 = LINE('',#2201,#2202);
#2201 = CARTESIAN_POINT('',(-4.662768775266,-2.2048,8.557371428571));
#2202 = VECTOR('',#2203,1.);
#2203 = DIRECTION('',(0.,0.,1.));
#2204 = ORIENTED_EDGE('',*,*,#2205,.T.);
#2205 = EDGE_CURVE('',#2198,#2206,#2208,.T.);
#2206 = VERTEX_POINT('',#2207);
#2207 = CARTESIAN_POINT('',(-4.662768775266,-3.1005,20.114742857143));
#2208 = LINE('',#2209,#2210);
#2209 = CARTESIAN_POINT('',(-4.662768775266,-3.881634387633,
    20.114742857143));
#2210 = VECTOR('',#2211,1.);
#2211 = DIRECTION('',(0.,-1.,0.));
#2212 = ORIENTED_EDGE('',*,*,#2213,.T.);
#2213 = EDGE_CURVE('',#2206,#2214,#2216,.T.);
#2214 = VERTEX_POINT('',#2215);
#2215 = CARTESIAN_POINT('',(-4.662768775266,-3.123342857143,20.1205));
#2216 = LINE('',#2217,#2218);
#2217 = CARTESIAN_POINT('',(-4.662768775266,-1.107541372223,
    19.61245247128));
#2218 = VECTOR('',#2219,1.);
#2219 = DIRECTION('',(0.,-0.969676988372,0.244390135281));
#2220 = ORIENTED_EDGE('',*,*,#2221,.T.);
#2221 = EDGE_CURVE('',#2214,#2222,#2224,.T.);
#2222 = VERTEX_POINT('',#2223);
#2223 = CARTESIAN_POINT('',(-4.662768775266,-3.140428571429,
    20.138514285714));
#2224 = LINE('',#2225,#2226);
#2225 = CARTESIAN_POINT('',(-4.662768775266,2.275646346057,
    14.428087470539));
#2226 = VECTOR('',#2227,1.);
#2227 = DIRECTION('',(0.,-0.688159484156,0.725559456121));
#2228 = ORIENTED_EDGE('',*,*,#2229,.T.);
#2229 = EDGE_CURVE('',#2222,#2230,#2232,.T.);
#2230 = VERTEX_POINT('',#2231);
#2231 = CARTESIAN_POINT('',(-4.662768775266,-3.157514285714,20.1504));
#2232 = LINE('',#2233,#2234);
#2233 = CARTESIAN_POINT('',(-4.662768775266,1.761637035959,
    16.728381689271));
#2234 = VECTOR('',#2235,1.);
#2235 = DIRECTION('',(0.,-0.820905201785,0.571064488199));
#2236 = ORIENTED_EDGE('',*,*,#2237,.T.);
#2237 = EDGE_CURVE('',#2230,#2238,#2240,.T.);
#2238 = VERTEX_POINT('',#2239);
#2239 = CARTESIAN_POINT('',(-4.662768775266,-3.1746,20.168228571429));
#2240 = LINE('',#2241,#2242);
#2241 = CARTESIAN_POINT('',(-4.662768775266,2.255997687472,
    14.501517941023));
#2242 = VECTOR('',#2243,1.);
#2243 = DIRECTION('',(0.,-0.691905363236,0.721988205115));
#2244 = ORIENTED_EDGE('',*,*,#2245,.T.);
#2245 = EDGE_CURVE('',#2238,#2246,#2248,.T.);
#2246 = VERTEX_POINT('',#2247);
#2247 = CARTESIAN_POINT('',(-4.662768775266,-3.186114285714,
    20.185871428571));
#2248 = LINE('',#2249,#2250);
#2249 = CARTESIAN_POINT('',(-4.662768775266,1.89930504976,
    12.393696640344));
#2250 = VECTOR('',#2251,1.);
#2251 = DIRECTION('',(0.,-0.546536648242,0.837435186822));
#2252 = ORIENTED_EDGE('',*,*,#2253,.T.);
#2253 = EDGE_CURVE('',#2246,#2254,#2256,.T.);
#2254 = VERTEX_POINT('',#2255);
#2255 = CARTESIAN_POINT('',(-4.662768775266,-3.197442857143,
    20.209828571429));
#2256 = LINE('',#2257,#2258);
#2257 = CARTESIAN_POINT('',(-4.662768775266,1.153447607626,
    11.008765129541));
#2258 = VECTOR('',#2259,1.);
#2259 = DIRECTION('',(0.,-0.42748375785,0.904023028896));
#2260 = ORIENTED_EDGE('',*,*,#2261,.T.);
#2261 = EDGE_CURVE('',#2254,#2262,#2264,.T.);
#2262 = VERTEX_POINT('',#2263);
#2263 = CARTESIAN_POINT('',(-4.662768775266,-3.2032,20.2336));
#2264 = LINE('',#2265,#2266);
#2265 = CARTESIAN_POINT('',(-4.662768775266,-0.586068861142,
    9.427381104072));
#2266 = VECTOR('',#2267,1.);
#2267 = DIRECTION('',(0.,-0.23538270084,0.971902764759));
#2268 = ORIENTED_EDGE('',*,*,#2269,.T.);
#2269 = EDGE_CURVE('',#2262,#2270,#2272,.T.);
#2270 = VERTEX_POINT('',#2271);
#2271 = CARTESIAN_POINT('',(-4.662768775266,-3.2032,20.571228571429));
#2272 = LINE('',#2273,#2274);
#2273 = CARTESIAN_POINT('',(-4.662768775266,-3.2032,8.785614285714));
#2274 = VECTOR('',#2275,1.);
#2275 = DIRECTION('',(0.,0.,1.));
#2276 = ORIENTED_EDGE('',*,*,#2277,.T.);
#2277 = EDGE_CURVE('',#2270,#2278,#2280,.T.);
#2278 = VERTEX_POINT('',#2279);
#2279 = CARTESIAN_POINT('',(-4.662768775266,-3.191871428571,20.6054));
#2280 = LINE('',#2281,#2282);
#2281 = CARTESIAN_POINT('',(-4.662768775266,-6.790086009659,
    9.751769132457));
#2282 = VECTOR('',#2283,1.);
#2283 = DIRECTION('',(0.,0.314679739965,0.949197904157));
#2284 = ORIENTED_EDGE('',*,*,#2285,.T.);
#2285 = EDGE_CURVE('',#2278,#2286,#2288,.T.);
#2286 = VERTEX_POINT('',#2287);
#2287 = CARTESIAN_POINT('',(-4.662768775266,-3.169028571429,20.634));
#2288 = LINE('',#2289,#2290);
#2289 = CARTESIAN_POINT('',(-4.662768775266,-9.222240356006,
    13.055181993293));
#2290 = VECTOR('',#2291,1.);
#2291 = DIRECTION('',(0.,0.62407609663,0.781363568139));
#2292 = ORIENTED_EDGE('',*,*,#2293,.T.);
#2293 = EDGE_CURVE('',#2286,#2294,#2296,.T.);
#2294 = VERTEX_POINT('',#2295);
#2295 = CARTESIAN_POINT('',(-4.662768775266,-3.146185714286,
    20.656657142857));
#2296 = LINE('',#2297,#2298);
#2297 = CARTESIAN_POINT('',(-4.662768775266,-9.442393727735,
    14.411637812444));
#2298 = VECTOR('',#2299,1.);
#2299 = DIRECTION('',(0.,0.709987017244,0.704214765071));
#2300 = ORIENTED_EDGE('',*,*,#2301,.T.);
#2301 = EDGE_CURVE('',#2294,#2302,#2304,.T.);
#2302 = VERTEX_POINT('',#2303);
#2303 = CARTESIAN_POINT('',(-4.662768775266,-3.117585714286,
    20.673928571429));
#2304 = LINE('',#2305,#2306);
#2305 = CARTESIAN_POINT('',(-4.662768775266,-8.921750189401,
    17.168816258534));
#2306 = VECTOR('',#2307,1.);
#2307 = DIRECTION('',(0.,0.856018035908,0.51694595675));
#2308 = ORIENTED_EDGE('',*,*,#2309,.T.);
#2309 = EDGE_CURVE('',#2302,#2310,#2312,.T.);
#2310 = VERTEX_POINT('',#2311);
#2311 = CARTESIAN_POINT('',(-4.662768775266,-3.089171428571,20.6795));
#2312 = LINE('',#2313,#2314);
#2313 = CARTESIAN_POINT('',(-4.662768775266,-6.082409432783,
    20.092590587409));
#2314 = VECTOR('',#2315,1.);
#2315 = DIRECTION('',(0.,0.981313749677,0.192414460721));
#2316 = ORIENTED_EDGE('',*,*,#2317,.T.);
#2317 = EDGE_CURVE('',#2310,#2318,#2320,.T.);
#2318 = VERTEX_POINT('',#2319);
#2319 = CARTESIAN_POINT('',(-4.662768775266,-3.066328571429,
    20.685257142857));
#2320 = LINE('',#2321,#2322);
#2321 = CARTESIAN_POINT('',(-4.662768775266,-6.623333833379,
    19.788776141878));
#2322 = VECTOR('',#2323,1.);
#2323 = DIRECTION('',(0.,0.969676988372,0.244390135281));
#2324 = ORIENTED_EDGE('',*,*,#2325,.T.);
#2325 = EDGE_CURVE('',#2318,#2326,#2328,.T.);
#2326 = VERTEX_POINT('',#2327);
#2327 = CARTESIAN_POINT('',(-4.662768775266,-2.2048,20.685257142857));
#2328 = LINE('',#2329,#2330);
#2329 = CARTESIAN_POINT('',(-4.662768775266,-3.433784387633,
    20.685257142857));
#2330 = VECTOR('',#2331,1.);
#2331 = DIRECTION('',(0.,1.,0.));
#2332 = ORIENTED_EDGE('',*,*,#2333,.T.);
#2333 = EDGE_CURVE('',#2326,#2334,#2336,.T.);
#2334 = VERTEX_POINT('',#2335);
#2335 = CARTESIAN_POINT('',(-4.662768775266,-2.2048,21.826285714286));
#2336 = LINE('',#2337,#2338);
#2337 = CARTESIAN_POINT('',(-4.662768775266,-2.2048,9.413142857143));
#2338 = VECTOR('',#2339,1.);
#2339 = DIRECTION('',(0.,0.,1.));
#2340 = ORIENTED_EDGE('',*,*,#2341,.T.);
#2341 = EDGE_CURVE('',#2334,#2342,#2344,.T.);
#2342 = VERTEX_POINT('',#2343);
#2343 = CARTESIAN_POINT('',(-4.662768775266,-3.374428571429,
    21.826285714286));
#2344 = LINE('',#2345,#2346);
#2345 = CARTESIAN_POINT('',(-4.662768775266,-4.018598673347,
    21.826285714286));
#2346 = VECTOR('',#2347,1.);
#2347 = DIRECTION('',(0.,-1.,0.));
#2348 = ORIENTED_EDGE('',*,*,#2349,.T.);
#2349 = EDGE_CURVE('',#2342,#2350,#2352,.T.);
#2350 = VERTEX_POINT('',#2351);
#2351 = CARTESIAN_POINT('',(-4.662768775266,-3.4086,21.832228571429));
#2352 = LINE('',#2353,#2354);
#2353 = CARTESIAN_POINT('',(-4.662768775266,-1.921343351876,
    21.57357524132));
#2354 = VECTOR('',#2355,1.);
#2355 = DIRECTION('',(0.,-0.98521175482,0.171341174751));
#2356 = ORIENTED_EDGE('',*,*,#2357,.T.);
#2357 = EDGE_CURVE('',#2350,#2358,#2360,.T.);
#2358 = VERTEX_POINT('',#2359);
#2359 = CARTESIAN_POINT('',(-4.662768775266,-3.425685714286,21.8443));
#2360 = LINE('',#2361,#2362);
#2361 = CARTESIAN_POINT('',(-4.662768775266,2.015966227233,
    17.999654606536));
#2362 = VECTOR('',#2363,1.);
#2363 = DIRECTION('',(0.,-0.816721763686,0.577031680865));
#2364 = ORIENTED_EDGE('',*,*,#2365,.T.);
#2365 = EDGE_CURVE('',#2358,#2366,#2368,.T.);
#2366 = VERTEX_POINT('',#2367);
#2367 = CARTESIAN_POINT('',(-4.662768775266,-3.442771428571,
    21.856185714286));
#2368 = LINE('',#2369,#2370);
#2369 = CARTESIAN_POINT('',(-4.662768775266,1.972322677451,
    18.089163727487));
#2370 = VECTOR('',#2371,1.);
#2371 = DIRECTION('',(0.,-0.820905201785,0.571064488199));
#2372 = ORIENTED_EDGE('',*,*,#2373,.T.);
#2373 = EDGE_CURVE('',#2366,#2374,#2376,.T.);
#2374 = VERTEX_POINT('',#2375);
#2375 = CARTESIAN_POINT('',(-4.662768775266,-3.454285714286,21.8742));
#2376 = LINE('',#2377,#2378);
#2377 = CARTESIAN_POINT('',(-4.662768775266,2.014213112908,
    13.318645383262));
#2378 = VECTOR('',#2379,1.);
#2379 = DIRECTION('',(0.,-0.538560615351,0.842586769178));
#2380 = ORIENTED_EDGE('',*,*,#2381,.T.);
#2381 = EDGE_CURVE('',#2374,#2382,#2384,.T.);
#2382 = VERTEX_POINT('',#2383);
#2383 = CARTESIAN_POINT('',(-4.662768775266,-3.465614285714,21.8924));
#2384 = LINE('',#2385,#2386);
#2385 = CARTESIAN_POINT('',(-4.662768775266,1.950976909197,
    13.190335457356));
#2386 = VECTOR('',#2387,1.);
#2387 = DIRECTION('',(0.,-0.528440659826,0.848970240375));
#2388 = ORIENTED_EDGE('',*,*,#2389,.T.);
#2389 = EDGE_CURVE('',#2382,#2390,#2392,.T.);
#2390 = VERTEX_POINT('',#2391);
#2391 = CARTESIAN_POINT('',(-4.662768775266,-3.477128571429,
    21.910414285714));
#2392 = LINE('',#2393,#2394);
#2393 = CARTESIAN_POINT('',(-4.662768775266,2.002899745584,
    13.336821596195));
#2394 = VECTOR('',#2395,1.);
#2395 = DIRECTION('',(0.,-0.538560615351,0.842586769178));
#2396 = ORIENTED_EDGE('',*,*,#2397,.T.);
#2397 = EDGE_CURVE('',#2390,#2398,#2400,.T.);
#2398 = VERTEX_POINT('',#2399);
#2399 = CARTESIAN_POINT('',(-4.662768775266,-3.4827,21.928428571429));
#2400 = LINE('',#2401,#2402);
#2401 = CARTESIAN_POINT('',(-4.662768775266,-1.584263046282E-02,
    10.718923076592));
#2402 = VECTOR('',#2403,1.);
#2403 = DIRECTION('',(0.,-0.295469722922,0.955352104115));
#2404 = ORIENTED_EDGE('',*,*,#2405,.T.);
#2405 = EDGE_CURVE('',#2398,#2406,#2408,.T.);
#2406 = VERTEX_POINT('',#2407);
#2407 = CARTESIAN_POINT('',(-4.662768775266,-3.488457142857,
    21.946257142857));
#2408 = LINE('',#2409,#2410);
#2409 = CARTESIAN_POINT('',(-4.662768775266,0.103541863648,
    10.822647316262));
#2410 = VECTOR('',#2411,1.);
#2411 = DIRECTION('',(0.,-0.307292390957,0.951615146191));
#2412 = ORIENTED_EDGE('',*,*,#2413,.T.);
#2413 = EDGE_CURVE('',#2406,#2414,#2416,.T.);
#2414 = VERTEX_POINT('',#2415);
#2415 = CARTESIAN_POINT('',(-4.662768775266,-3.488457142857,
    22.287228571429));
#2416 = LINE('',#2417,#2418);
#2417 = CARTESIAN_POINT('',(-4.662768775266,-3.488457142857,
    9.643614285714));
#2418 = VECTOR('',#2419,1.);
#2419 = DIRECTION('',(0.,0.,1.));
#2420 = ORIENTED_EDGE('',*,*,#2421,.T.);
#2421 = EDGE_CURVE('',#2414,#2422,#2424,.T.);
#2422 = VERTEX_POINT('',#2423);
#2423 = CARTESIAN_POINT('',(-4.662768775266,-3.477128571429,
    22.314528571429));
#2424 = LINE('',#2425,#2426);
#2425 = CARTESIAN_POINT('',(-4.662768775266,-8.044975884861,
    11.306765373485));
#2426 = VECTOR('',#2427,1.);
#2427 = DIRECTION('',(0.,0.383276542478,0.923633635153));
#2428 = ORIENTED_EDGE('',*,*,#2429,.T.);
#2429 = EDGE_CURVE('',#2422,#2430,#2432,.T.);
#2430 = VERTEX_POINT('',#2431);
#2431 = CARTESIAN_POINT('',(-4.662768775266,-3.459857142857,
    22.342014285714));
#2432 = LINE('',#2433,#2434);
#2433 = CARTESIAN_POINT('',(-4.662768775266,-9.338354628166,
    12.986986029524));
#2434 = VECTOR('',#2435,1.);
#2435 = DIRECTION('',(0.,0.532054374811,0.846710187871));
#2436 = ORIENTED_EDGE('',*,*,#2437,.T.);
#2437 = EDGE_CURVE('',#2430,#2438,#2440,.T.);
#2438 = VERTEX_POINT('',#2439);
#2439 = CARTESIAN_POINT('',(-4.662768775266,-3.431442857143,
    22.369314285714));
#2440 = LINE('',#2441,#2442);
#2441 = CARTESIAN_POINT('',(-4.662768775266,-10.08883940982,
    15.972992107647));
#2442 = VECTOR('',#2443,1.);
#2443 = DIRECTION('',(0.,0.721104710287,0.692826094198));
#2444 = ORIENTED_EDGE('',*,*,#2445,.T.);
#2445 = EDGE_CURVE('',#2438,#2446,#2448,.T.);
#2446 = VERTEX_POINT('',#2447);
#2447 = CARTESIAN_POINT('',(-4.662768775266,-3.4086,22.385842857143));
#2448 = LINE('',#2449,#2450);
#2449 = CARTESIAN_POINT('',(-4.662768775266,-9.848364450285,
    17.72617589718));
#2450 = VECTOR('',#2451,1.);
#2451 = DIRECTION('',(0.,0.810157853985,0.586211780526));
#2452 = ORIENTED_EDGE('',*,*,#2453,.T.);
#2453 = EDGE_CURVE('',#2446,#2454,#2456,.T.);
#2454 = VERTEX_POINT('',#2455);
#2455 = CARTESIAN_POINT('',(-4.662768775266,-3.374428571429,
    22.391228571429));
#2456 = LINE('',#2457,#2458);
#2457 = CARTESIAN_POINT('',(-4.662768775266,-5.955424645992,
    21.984441146633));
#2458 = VECTOR('',#2459,1.);
#2459 = DIRECTION('',(0.,0.987806455345,0.155686886984));
#2460 = ORIENTED_EDGE('',*,*,#2461,.T.);
#2461 = EDGE_CURVE('',#2454,#2462,#2464,.T.);
#2462 = VERTEX_POINT('',#2463);
#2463 = CARTESIAN_POINT('',(-4.662768775266,-3.345828571429,22.3968));
#2464 = LINE('',#2465,#2466);
#2465 = CARTESIAN_POINT('',(-4.662768775266,-6.36349533033,
    21.808942839175));
#2466 = VECTOR('',#2467,1.);
#2467 = DIRECTION('',(0.,0.981548987081,0.191210841639));
#2468 = ORIENTED_EDGE('',*,*,#2469,.T.);
#2469 = EDGE_CURVE('',#2462,#2470,#2472,.T.);
#2470 = VERTEX_POINT('',#2471);
#2471 = CARTESIAN_POINT('',(-4.662768775266,-1.731228571429,22.3968));
#2472 = LINE('',#2473,#2474);
#2473 = CARTESIAN_POINT('',(-4.662768775266,-3.196998673347,22.3968));
#2474 = VECTOR('',#2475,1.);
#2475 = DIRECTION('',(0.,1.,0.));
#2476 = ORIENTED_EDGE('',*,*,#2477,.T.);
#2477 = EDGE_CURVE('',#2470,#2478,#2480,.T.);
#2478 = VERTEX_POINT('',#2479);
#2479 = CARTESIAN_POINT('',(-4.662768775266,-1.714142857143,
    22.385285714286));
#2480 = LINE('',#2481,#2482);
#2481 = CARTESIAN_POINT('',(-4.662768775266,3.154255743088,
    19.104408396739));
#2482 = VECTOR('',#2483,1.);
#2483 = DIRECTION('',(-0.,0.829266427591,-0.558853462072));
#2484 = ORIENTED_EDGE('',*,*,#2485,.T.);
#2485 = EDGE_CURVE('',#2478,#2486,#2488,.T.);
#2486 = VERTEX_POINT('',#2487);
#2487 = CARTESIAN_POINT('',(-4.662768775266,-1.697057142857,
    22.379528571429));
#2488 = LINE('',#2489,#2490);
#2489 = CARTESIAN_POINT('',(-4.662768775266,0.811199208814,
    21.534355235539));
#2490 = VECTOR('',#2491,1.);
#2491 = DIRECTION('',(-0.,0.947648212829,-0.319316245627));
#2492 = ORIENTED_EDGE('',*,*,#2493,.T.);
#2493 = EDGE_CURVE('',#2486,#2494,#2496,.T.);
#2494 = VERTEX_POINT('',#2495);
#2495 = CARTESIAN_POINT('',(-4.662768775266,-1.679971428571,
    22.368014285714));
#2496 = LINE('',#2497,#2498);
#2497 = CARTESIAN_POINT('',(-4.662768775266,3.172675497952,
    19.097752226536));
#2498 = VECTOR('',#2499,1.);
#2499 = DIRECTION('',(-0.,0.829266427591,-0.558853462072));
#2500 = ORIENTED_EDGE('',*,*,#2501,.T.);
#2501 = EDGE_CURVE('',#2494,#2502,#2504,.T.);
#2502 = VERTEX_POINT('',#2503);
#2503 = CARTESIAN_POINT('',(-4.662768775266,-1.668457142857,
    22.350742857143));
#2504 = LINE('',#2505,#2506);
#2505 = CARTESIAN_POINT('',(-4.662768775266,3.721050957651,
    14.26648070638));
#2506 = VECTOR('',#2507,1.);
#2507 = DIRECTION('',(-0.,0.554700196225,-0.832050294338));
#2508 = ORIENTED_EDGE('',*,*,#2509,.T.);
#2509 = EDGE_CURVE('',#2502,#2510,#2512,.T.);
#2510 = VERTEX_POINT('',#2511);
#2511 = CARTESIAN_POINT('',(-4.662768775266,-1.657128571429,
    22.333285714286));
#2512 = LINE('',#2513,#2514);
#2513 = CARTESIAN_POINT('',(-4.662768775266,3.681609705518,
    14.106377549811));
#2514 = VECTOR('',#2515,1.);
#2515 = DIRECTION('',(-0.,0.544360855445,-0.838851154293));
#2516 = ORIENTED_EDGE('',*,*,#2517,.T.);
#2517 = EDGE_CURVE('',#2510,#2518,#2520,.T.);
#2518 = VERTEX_POINT('',#2519);
#2519 = CARTESIAN_POINT('',(-4.662768775266,-1.645614285714,
    22.321957142857));
#2520 = LINE('',#2521,#2522);
#2521 = CARTESIAN_POINT('',(-4.662768775266,3.917485519735,
    16.848584753625));
#2522 = VECTOR('',#2523,1.);
#2523 = DIRECTION('',(-0.,0.712832058729,-0.70133476746));
#2524 = ORIENTED_EDGE('',*,*,#2525,.T.);
#2525 = EDGE_CURVE('',#2518,#2068,#2526,.T.);
#2526 = LINE('',#2527,#2528);
#2527 = CARTESIAN_POINT('',(-4.662768775266,0.309237602458,
    10.20187543619));
#2528 = VECTOR('',#2529,1.);
#2529 = DIRECTION('',(-0.,0.159232438825,-0.987241120713));
#2530 = PLANE('',#2531);
#2531 = AXIS2_PLACEMENT_3D('',#2532,#2533,#2534);
#2532 = CARTESIAN_POINT('',(-4.662768775266,-4.662768775266,-3.));
#2533 = DIRECTION('',(1.,0.,-0.));
#2534 = DIRECTION('',(0.,0.,1.));
#2535 = ADVANCED_FACE('',(#2536),#2607,.F.);
#2536 = FACE_BOUND('',#2537,.F.);
#2537 = EDGE_LOOP('',(#2538,#2548,#2554,#2555,#2563,#2571,#2577,#2578,
    #2586,#2594,#2600,#2601));
#2538 = ORIENTED_EDGE('',*,*,#2539,.F.);
#2539 = EDGE_CURVE('',#2540,#2542,#2544,.T.);
#2540 = VERTEX_POINT('',#2541);
#2541 = CARTESIAN_POINT('',(4.662768775266,-4.662768775266,-3.));
#2542 = VERTEX_POINT('',#2543);
#2543 = CARTESIAN_POINT('',(4.662768775266,-4.662768775266,40.8));
#2544 = LINE('',#2545,#2546);
#2545 = CARTESIAN_POINT('',(4.662768775266,-4.662768775266,-3.));
#2546 = VECTOR('',#2547,1.);
#2547 = DIRECTION('',(0.,0.,1.));
#2548 = ORIENTED_EDGE('',*,*,#2549,.F.);
#2549 = EDGE_CURVE('',#22,#2540,#2550,.T.);
#2550 = LINE('',#2551,#2552);
#2551 = CARTESIAN_POINT('',(-4.662768775266,-4.662768775266,-3.));
#2552 = VECTOR('',#2553,1.);
#2553 = DIRECTION('',(1.,0.,-0.));
#2554 = ORIENTED_EDGE('',*,*,#21,.T.);
#2555 = ORIENTED_EDGE('',*,*,#2556,.T.);
#2556 = EDGE_CURVE('',#24,#2557,#2559,.T.);
#2557 = VERTEX_POINT('',#2558);
#2558 = CARTESIAN_POINT('',(-4.162768775266,-4.662768775266,18.4032));
#2559 = LINE('',#2560,#2561);
#2560 = CARTESIAN_POINT('',(-4.712768775266,-4.662768775266,18.4032));
#2561 = VECTOR('',#2562,1.);
#2562 = DIRECTION('',(1.,0.,-0.));
#2563 = ORIENTED_EDGE('',*,*,#2564,.T.);
#2564 = EDGE_CURVE('',#2557,#2565,#2567,.T.);
#2565 = VERTEX_POINT('',#2566);
#2566 = CARTESIAN_POINT('',(-4.162768775266,-4.662768775266,
    18.973714285714));
#2567 = LINE('',#2568,#2569);
#2568 = CARTESIAN_POINT('',(-4.162768775266,-4.662768775266,
    8.617685849363));
#2569 = VECTOR('',#2570,1.);
#2570 = DIRECTION('',(0.,0.,1.));
#2571 = ORIENTED_EDGE('',*,*,#2572,.T.);
#2572 = EDGE_CURVE('',#2565,#792,#2573,.T.);
#2573 = LINE('',#2574,#2575);
#2574 = CARTESIAN_POINT('',(-4.712768775266,-4.662768775266,
    18.973714285714));
#2575 = VECTOR('',#2576,1.);
#2576 = DIRECTION('',(-1.,0.,-0.));
#2577 = ORIENTED_EDGE('',*,*,#791,.T.);
#2578 = ORIENTED_EDGE('',*,*,#2579,.T.);
#2579 = EDGE_CURVE('',#784,#2580,#2582,.T.);
#2580 = VERTEX_POINT('',#2581);
#2581 = CARTESIAN_POINT('',(-4.162768775266,-4.662768775266,
    21.826285714286));
#2582 = LINE('',#2583,#2584);
#2583 = CARTESIAN_POINT('',(-4.712768775266,-4.662768775266,
    21.826285714286));
#2584 = VECTOR('',#2585,1.);
#2585 = DIRECTION('',(1.,0.,-0.));
#2586 = ORIENTED_EDGE('',*,*,#2587,.T.);
#2587 = EDGE_CURVE('',#2580,#2588,#2590,.T.);
#2588 = VERTEX_POINT('',#2589);
#2589 = CARTESIAN_POINT('',(-4.162768775266,-4.662768775266,22.3968));
#2590 = LINE('',#2591,#2592);
#2591 = CARTESIAN_POINT('',(-4.162768775266,-4.662768775266,
    8.617685849363));
#2592 = VECTOR('',#2593,1.);
#2593 = DIRECTION('',(0.,0.,1.));
#2594 = ORIENTED_EDGE('',*,*,#2595,.T.);
#2595 = EDGE_CURVE('',#2588,#552,#2596,.T.);
#2596 = LINE('',#2597,#2598);
#2597 = CARTESIAN_POINT('',(-4.712768775266,-4.662768775266,22.3968));
#2598 = VECTOR('',#2599,1.);
#2599 = DIRECTION('',(-1.,0.,-0.));
#2600 = ORIENTED_EDGE('',*,*,#551,.T.);
#2601 = ORIENTED_EDGE('',*,*,#2602,.T.);
#2602 = EDGE_CURVE('',#544,#2542,#2603,.T.);
#2603 = LINE('',#2604,#2605);
#2604 = CARTESIAN_POINT('',(-4.662768775266,-4.662768775266,40.8));
#2605 = VECTOR('',#2606,1.);
#2606 = DIRECTION('',(1.,0.,-0.));
#2607 = PLANE('',#2608);
#2608 = AXIS2_PLACEMENT_3D('',#2609,#2610,#2611);
#2609 = CARTESIAN_POINT('',(-4.662768775266,-4.662768775266,-3.));
#2610 = DIRECTION('',(-0.,1.,0.));
#2611 = DIRECTION('',(0.,0.,1.));
#2612 = ADVANCED_FACE('',(#2613),#2638,.T.);
#2613 = FACE_BOUND('',#2614,.T.);
#2614 = EDGE_LOOP('',(#2615,#2616,#2624,#2632));
#2615 = ORIENTED_EDGE('',*,*,#919,.T.);
#2616 = ORIENTED_EDGE('',*,*,#2617,.T.);
#2617 = EDGE_CURVE('',#920,#2618,#2620,.T.);
#2618 = VERTEX_POINT('',#2619);
#2619 = CARTESIAN_POINT('',(-4.162768775266,-4.3147,18.4032));
#2620 = LINE('',#2621,#2622);
#2621 = CARTESIAN_POINT('',(-4.762768775266,-4.3147,18.4032));
#2622 = VECTOR('',#2623,1.);
#2623 = DIRECTION('',(1.,0.,0.));
#2624 = ORIENTED_EDGE('',*,*,#2625,.T.);
#2625 = EDGE_CURVE('',#2618,#2626,#2628,.T.);
#2626 = VERTEX_POINT('',#2627);
#2627 = CARTESIAN_POINT('',(-4.162768775266,-4.290928571429,
    18.414528571429));
#2628 = LINE('',#2629,#2630);
#2629 = CARTESIAN_POINT('',(-4.162768775266,-4.3147,18.4032));
#2630 = VECTOR('',#2631,1.);
#2631 = DIRECTION('',(0.,0.902730115416,0.430207320628));
#2632 = ORIENTED_EDGE('',*,*,#2633,.F.);
#2633 = EDGE_CURVE('',#912,#2626,#2634,.T.);
#2634 = LINE('',#2635,#2636);
#2635 = CARTESIAN_POINT('',(-4.762768775266,-4.290928571429,
    18.414528571429));
#2636 = VECTOR('',#2637,1.);
#2637 = DIRECTION('',(1.,0.,0.));
#2638 = PLANE('',#2639);
#2639 = AXIS2_PLACEMENT_3D('',#2640,#2641,#2642);
#2640 = CARTESIAN_POINT('',(-4.762768775266,-4.3147,18.4032));
#2641 = DIRECTION('',(0.,-0.430207320628,0.902730115416));
#2642 = DIRECTION('',(0.,0.902730115416,0.430207320628));
#2643 = ADVANCED_FACE('',(#2644),#2662,.T.);
#2644 = FACE_BOUND('',#2645,.T.);
#2645 = EDGE_LOOP('',(#2646,#2647,#2648,#2656));
#2646 = ORIENTED_EDGE('',*,*,#911,.T.);
#2647 = ORIENTED_EDGE('',*,*,#2633,.T.);
#2648 = ORIENTED_EDGE('',*,*,#2649,.T.);
#2649 = EDGE_CURVE('',#2626,#2650,#2652,.T.);
#2650 = VERTEX_POINT('',#2651);
#2651 = CARTESIAN_POINT('',(-4.162768775266,-4.272914285714,
    18.420285714286));
#2652 = LINE('',#2653,#2654);
#2653 = CARTESIAN_POINT('',(-4.162768775266,-4.290928571429,
    18.414528571429));
#2654 = VECTOR('',#2655,1.);
#2655 = DIRECTION('',(0.,0.952538100641,0.304419392988));
#2656 = ORIENTED_EDGE('',*,*,#2657,.F.);
#2657 = EDGE_CURVE('',#904,#2650,#2658,.T.);
#2658 = LINE('',#2659,#2660);
#2659 = CARTESIAN_POINT('',(-4.762768775266,-4.272914285714,
    18.420285714286));
#2660 = VECTOR('',#2661,1.);
#2661 = DIRECTION('',(1.,0.,0.));
#2662 = PLANE('',#2663);
#2663 = AXIS2_PLACEMENT_3D('',#2664,#2665,#2666);
#2664 = CARTESIAN_POINT('',(-4.762768775266,-4.290928571429,
    18.414528571429));
#2665 = DIRECTION('',(0.,-0.304419392988,0.952538100641));
#2666 = DIRECTION('',(0.,0.952538100641,0.304419392988));
#2667 = ADVANCED_FACE('',(#2668),#2686,.T.);
#2668 = FACE_BOUND('',#2669,.T.);
#2669 = EDGE_LOOP('',(#2670,#2671,#2672,#2680));
#2670 = ORIENTED_EDGE('',*,*,#903,.T.);
#2671 = ORIENTED_EDGE('',*,*,#2657,.T.);
#2672 = ORIENTED_EDGE('',*,*,#2673,.T.);
#2673 = EDGE_CURVE('',#2650,#2674,#2676,.T.);
#2674 = VERTEX_POINT('',#2675);
#2675 = CARTESIAN_POINT('',(-4.162768775266,-4.255085714286,18.4318));
#2676 = LINE('',#2677,#2678);
#2677 = CARTESIAN_POINT('',(-4.162768775266,-4.272914285714,
    18.420285714286));
#2678 = VECTOR('',#2679,1.);
#2679 = DIRECTION('',(0.,0.840039377769,0.542525431476));
#2680 = ORIENTED_EDGE('',*,*,#2681,.F.);
#2681 = EDGE_CURVE('',#896,#2674,#2682,.T.);
#2682 = LINE('',#2683,#2684);
#2683 = CARTESIAN_POINT('',(-4.762768775266,-4.255085714286,18.4318));
#2684 = VECTOR('',#2685,1.);
#2685 = DIRECTION('',(1.,0.,0.));
#2686 = PLANE('',#2687);
#2687 = AXIS2_PLACEMENT_3D('',#2688,#2689,#2690);
#2688 = CARTESIAN_POINT('',(-4.762768775266,-4.272914285714,
    18.420285714286));
#2689 = DIRECTION('',(0.,-0.542525431476,0.840039377769));
#2690 = DIRECTION('',(0.,0.840039377769,0.542525431476));
#2691 = ADVANCED_FACE('',(#2692),#2710,.T.);
#2692 = FACE_BOUND('',#2693,.T.);
#2693 = EDGE_LOOP('',(#2694,#2695,#2696,#2704));
#2694 = ORIENTED_EDGE('',*,*,#895,.T.);
#2695 = ORIENTED_EDGE('',*,*,#2681,.T.);
#2696 = ORIENTED_EDGE('',*,*,#2697,.T.);
#2697 = EDGE_CURVE('',#2674,#2698,#2700,.T.);
#2698 = VERTEX_POINT('',#2699);
#2699 = CARTESIAN_POINT('',(-4.162768775266,-4.237257142857,
    18.448885714286));
#2700 = LINE('',#2701,#2702);
#2701 = CARTESIAN_POINT('',(-4.162768775266,-4.255085714286,18.4318));
#2702 = VECTOR('',#2703,1.);
#2703 = DIRECTION('',(0.,0.721988205115,0.691905363236));
#2704 = ORIENTED_EDGE('',*,*,#2705,.F.);
#2705 = EDGE_CURVE('',#888,#2698,#2706,.T.);
#2706 = LINE('',#2707,#2708);
#2707 = CARTESIAN_POINT('',(-4.762768775266,-4.237257142857,
    18.448885714286));
#2708 = VECTOR('',#2709,1.);
#2709 = DIRECTION('',(1.,0.,0.));
#2710 = PLANE('',#2711);
#2711 = AXIS2_PLACEMENT_3D('',#2712,#2713,#2714);
#2712 = CARTESIAN_POINT('',(-4.762768775266,-4.255085714286,18.4318));
#2713 = DIRECTION('',(0.,-0.691905363236,0.721988205115));
#2714 = DIRECTION('',(0.,0.721988205115,0.691905363236));
#2715 = ADVANCED_FACE('',(#2716),#2741,.T.);
#2716 = FACE_BOUND('',#2717,.T.);
#2717 = EDGE_LOOP('',(#2718,#2719,#2727,#2735));
#2718 = ORIENTED_EDGE('',*,*,#879,.T.);
#2719 = ORIENTED_EDGE('',*,*,#2720,.T.);
#2720 = EDGE_CURVE('',#880,#2721,#2723,.T.);
#2721 = VERTEX_POINT('',#2722);
#2722 = CARTESIAN_POINT('',(-4.162768775266,-4.213485714286,
    18.483057142857));
#2723 = LINE('',#2724,#2725);
#2724 = CARTESIAN_POINT('',(-4.762768775266,-4.213485714286,
    18.483057142857));
#2725 = VECTOR('',#2726,1.);
#2726 = DIRECTION('',(1.,0.,0.));
#2727 = ORIENTED_EDGE('',*,*,#2728,.T.);
#2728 = EDGE_CURVE('',#2721,#2729,#2731,.T.);
#2729 = VERTEX_POINT('',#2730);
#2730 = CARTESIAN_POINT('',(-4.162768775266,-4.2016,18.5059));
#2731 = LINE('',#2732,#2733);
#2732 = CARTESIAN_POINT('',(-4.162768775266,-4.213485714286,
    18.483057142857));
#2733 = VECTOR('',#2734,1.);
#2734 = DIRECTION('',(0.,0.461579805424,0.887098688549));
#2735 = ORIENTED_EDGE('',*,*,#2736,.F.);
#2736 = EDGE_CURVE('',#872,#2729,#2737,.T.);
#2737 = LINE('',#2738,#2739);
#2738 = CARTESIAN_POINT('',(-4.762768775266,-4.2016,18.5059));
#2739 = VECTOR('',#2740,1.);
#2740 = DIRECTION('',(1.,0.,0.));
#2741 = PLANE('',#2742);
#2742 = AXIS2_PLACEMENT_3D('',#2743,#2744,#2745);
#2743 = CARTESIAN_POINT('',(-4.762768775266,-4.213485714286,
    18.483057142857));
#2744 = DIRECTION('',(0.,-0.887098688549,0.461579805424));
#2745 = DIRECTION('',(0.,0.461579805424,0.887098688549));
#2746 = ADVANCED_FACE('',(#2747),#2772,.T.);
#2747 = FACE_BOUND('',#2748,.T.);
#2748 = EDGE_LOOP('',(#2749,#2750,#2758,#2766));
#2749 = ORIENTED_EDGE('',*,*,#863,.T.);
#2750 = ORIENTED_EDGE('',*,*,#2751,.T.);
#2751 = EDGE_CURVE('',#864,#2752,#2754,.T.);
#2752 = VERTEX_POINT('',#2753);
#2753 = CARTESIAN_POINT('',(-4.162768775266,-4.2016,18.842414285714));
#2754 = LINE('',#2755,#2756);
#2755 = CARTESIAN_POINT('',(-4.762768775266,-4.2016,18.842414285714));
#2756 = VECTOR('',#2757,1.);
#2757 = DIRECTION('',(1.,0.,0.));
#2758 = ORIENTED_EDGE('',*,*,#2759,.T.);
#2759 = EDGE_CURVE('',#2752,#2760,#2762,.T.);
#2760 = VERTEX_POINT('',#2761);
#2761 = CARTESIAN_POINT('',(-4.162768775266,-4.207357142857,
    18.871014285714));
#2762 = LINE('',#2763,#2764);
#2763 = CARTESIAN_POINT('',(-4.162768775266,-4.2016,18.842414285714));
#2764 = VECTOR('',#2765,1.);
#2765 = DIRECTION('',(0.,-0.197340176951,0.980335072596));
#2766 = ORIENTED_EDGE('',*,*,#2767,.F.);
#2767 = EDGE_CURVE('',#856,#2760,#2768,.T.);
#2768 = LINE('',#2769,#2770);
#2769 = CARTESIAN_POINT('',(-4.762768775266,-4.207357142857,
    18.871014285714));
#2770 = VECTOR('',#2771,1.);
#2771 = DIRECTION('',(1.,0.,0.));
#2772 = PLANE('',#2773);
#2773 = AXIS2_PLACEMENT_3D('',#2774,#2775,#2776);
#2774 = CARTESIAN_POINT('',(-4.762768775266,-4.2016,18.842414285714));
#2775 = DIRECTION('',(0.,-0.980335072596,-0.197340176951));
#2776 = DIRECTION('',(0.,-0.197340176951,0.980335072596));
#2777 = ADVANCED_FACE('',(#2778),#2796,.T.);
#2778 = FACE_BOUND('',#2779,.T.);
#2779 = EDGE_LOOP('',(#2780,#2781,#2782,#2790));
#2780 = ORIENTED_EDGE('',*,*,#855,.T.);
#2781 = ORIENTED_EDGE('',*,*,#2767,.T.);
#2782 = ORIENTED_EDGE('',*,*,#2783,.T.);
#2783 = EDGE_CURVE('',#2760,#2784,#2786,.T.);
#2784 = VERTEX_POINT('',#2785);
#2785 = CARTESIAN_POINT('',(-4.162768775266,-4.218685714286,
    18.899614285714));
#2786 = LINE('',#2787,#2788);
#2787 = CARTESIAN_POINT('',(-4.162768775266,-4.207357142857,
    18.871014285714));
#2788 = VECTOR('',#2789,1.);
#2789 = DIRECTION('',(0.,-0.368265914122,0.929720504504));
#2790 = ORIENTED_EDGE('',*,*,#2791,.F.);
#2791 = EDGE_CURVE('',#848,#2784,#2792,.T.);
#2792 = LINE('',#2793,#2794);
#2793 = CARTESIAN_POINT('',(-4.762768775266,-4.218685714286,
    18.899614285714));
#2794 = VECTOR('',#2795,1.);
#2795 = DIRECTION('',(1.,0.,0.));
#2796 = PLANE('',#2797);
#2797 = AXIS2_PLACEMENT_3D('',#2798,#2799,#2800);
#2798 = CARTESIAN_POINT('',(-4.762768775266,-4.207357142857,
    18.871014285714));
#2799 = DIRECTION('',(0.,-0.929720504504,-0.368265914122));
#2800 = DIRECTION('',(0.,-0.368265914122,0.929720504504));
#2801 = ADVANCED_FACE('',(#2802),#2820,.T.);
#2802 = FACE_BOUND('',#2803,.T.);
#2803 = EDGE_LOOP('',(#2804,#2805,#2806,#2814));
#2804 = ORIENTED_EDGE('',*,*,#847,.T.);
#2805 = ORIENTED_EDGE('',*,*,#2791,.T.);
#2806 = ORIENTED_EDGE('',*,*,#2807,.T.);
#2807 = EDGE_CURVE('',#2784,#2808,#2810,.T.);
#2808 = VERTEX_POINT('',#2809);
#2809 = CARTESIAN_POINT('',(-4.162768775266,-4.235771428571,
    18.922457142857));
#2810 = LINE('',#2811,#2812);
#2811 = CARTESIAN_POINT('',(-4.162768775266,-4.218685714286,
    18.899614285714));
#2812 = VECTOR('',#2813,1.);
#2813 = DIRECTION('',(0.,-0.598957825591,0.80078057117));
#2814 = ORIENTED_EDGE('',*,*,#2815,.F.);
#2815 = EDGE_CURVE('',#840,#2808,#2816,.T.);
#2816 = LINE('',#2817,#2818);
#2817 = CARTESIAN_POINT('',(-4.762768775266,-4.235771428571,
    18.922457142857));
#2818 = VECTOR('',#2819,1.);
#2819 = DIRECTION('',(1.,0.,0.));
#2820 = PLANE('',#2821);
#2821 = AXIS2_PLACEMENT_3D('',#2822,#2823,#2824);
#2822 = CARTESIAN_POINT('',(-4.762768775266,-4.218685714286,
    18.899614285714));
#2823 = DIRECTION('',(0.,-0.80078057117,-0.598957825591));
#2824 = DIRECTION('',(0.,-0.598957825591,0.80078057117));
#2825 = ADVANCED_FACE('',(#2826),#2844,.T.);
#2826 = FACE_BOUND('',#2827,.T.);
#2827 = EDGE_LOOP('',(#2828,#2829,#2830,#2838));
#2828 = ORIENTED_EDGE('',*,*,#839,.T.);
#2829 = ORIENTED_EDGE('',*,*,#2815,.T.);
#2830 = ORIENTED_EDGE('',*,*,#2831,.T.);
#2831 = EDGE_CURVE('',#2808,#2832,#2834,.T.);
#2832 = VERTEX_POINT('',#2833);
#2833 = CARTESIAN_POINT('',(-4.162768775266,-4.252857142857,
    18.939542857143));
#2834 = LINE('',#2835,#2836);
#2835 = CARTESIAN_POINT('',(-4.162768775266,-4.235771428571,
    18.922457142857));
#2836 = VECTOR('',#2837,1.);
#2837 = DIRECTION('',(0.,-0.707106781187,0.707106781187));
#2838 = ORIENTED_EDGE('',*,*,#2839,.F.);
#2839 = EDGE_CURVE('',#832,#2832,#2840,.T.);
#2840 = LINE('',#2841,#2842);
#2841 = CARTESIAN_POINT('',(-4.762768775266,-4.252857142857,
    18.939542857143));
#2842 = VECTOR('',#2843,1.);
#2843 = DIRECTION('',(1.,0.,0.));
#2844 = PLANE('',#2845);
#2845 = AXIS2_PLACEMENT_3D('',#2846,#2847,#2848);
#2846 = CARTESIAN_POINT('',(-4.762768775266,-4.235771428571,
    18.922457142857));
#2847 = DIRECTION('',(0.,-0.707106781187,-0.707106781187));
#2848 = DIRECTION('',(0.,-0.707106781187,0.707106781187));
#2849 = ADVANCED_FACE('',(#2850),#2868,.T.);
#2850 = FACE_BOUND('',#2851,.T.);
#2851 = EDGE_LOOP('',(#2852,#2853,#2854,#2862));
#2852 = ORIENTED_EDGE('',*,*,#831,.T.);
#2853 = ORIENTED_EDGE('',*,*,#2839,.T.);
#2854 = ORIENTED_EDGE('',*,*,#2855,.T.);
#2855 = EDGE_CURVE('',#2832,#2856,#2858,.T.);
#2856 = VERTEX_POINT('',#2857);
#2857 = CARTESIAN_POINT('',(-4.162768775266,-4.270128571429,
    18.950871428571));
#2858 = LINE('',#2859,#2860);
#2859 = CARTESIAN_POINT('',(-4.162768775266,-4.252857142857,
    18.939542857143));
#2860 = VECTOR('',#2861,1.);
#2861 = DIRECTION('',(0.,-0.836176771121,0.548460032671));
#2862 = ORIENTED_EDGE('',*,*,#2863,.F.);
#2863 = EDGE_CURVE('',#824,#2856,#2864,.T.);
#2864 = LINE('',#2865,#2866);
#2865 = CARTESIAN_POINT('',(-4.762768775266,-4.270128571429,
    18.950871428571));
#2866 = VECTOR('',#2867,1.);
#2867 = DIRECTION('',(1.,0.,0.));
#2868 = PLANE('',#2869);
#2869 = AXIS2_PLACEMENT_3D('',#2870,#2871,#2872);
#2870 = CARTESIAN_POINT('',(-4.762768775266,-4.252857142857,
    18.939542857143));
#2871 = DIRECTION('',(0.,-0.548460032671,-0.836176771121));
#2872 = DIRECTION('',(0.,-0.836176771121,0.548460032671));
#2873 = ADVANCED_FACE('',(#2874),#2892,.T.);
#2874 = FACE_BOUND('',#2875,.T.);
#2875 = EDGE_LOOP('',(#2876,#2877,#2878,#2886));
#2876 = ORIENTED_EDGE('',*,*,#823,.T.);
#2877 = ORIENTED_EDGE('',*,*,#2863,.T.);
#2878 = ORIENTED_EDGE('',*,*,#2879,.T.);
#2879 = EDGE_CURVE('',#2856,#2880,#2882,.T.);
#2880 = VERTEX_POINT('',#2881);
#2881 = CARTESIAN_POINT('',(-4.162768775266,-4.287214285714,
    18.962385714286));
#2882 = LINE('',#2883,#2884);
#2883 = CARTESIAN_POINT('',(-4.162768775266,-4.270128571429,
    18.950871428571));
#2884 = VECTOR('',#2885,1.);
#2885 = DIRECTION('',(0.,-0.829266427591,0.558853462072));
#2886 = ORIENTED_EDGE('',*,*,#2887,.F.);
#2887 = EDGE_CURVE('',#816,#2880,#2888,.T.);
#2888 = LINE('',#2889,#2890);
#2889 = CARTESIAN_POINT('',(-4.762768775266,-4.287214285714,
    18.962385714286));
#2890 = VECTOR('',#2891,1.);
#2891 = DIRECTION('',(1.,0.,0.));
#2892 = PLANE('',#2893);
#2893 = AXIS2_PLACEMENT_3D('',#2894,#2895,#2896);
#2894 = CARTESIAN_POINT('',(-4.762768775266,-4.270128571429,
    18.950871428571));
#2895 = DIRECTION('',(0.,-0.558853462072,-0.829266427591));
#2896 = DIRECTION('',(0.,-0.829266427591,0.558853462072));
#2897 = ADVANCED_FACE('',(#2898),#2916,.T.);
#2898 = FACE_BOUND('',#2899,.T.);
#2899 = EDGE_LOOP('',(#2900,#2901,#2902,#2910));
#2900 = ORIENTED_EDGE('',*,*,#815,.T.);
#2901 = ORIENTED_EDGE('',*,*,#2887,.T.);
#2902 = ORIENTED_EDGE('',*,*,#2903,.T.);
#2903 = EDGE_CURVE('',#2880,#2904,#2906,.T.);
#2904 = VERTEX_POINT('',#2905);
#2905 = CARTESIAN_POINT('',(-4.162768775266,-4.310057142857,
    18.967957142857));
#2906 = LINE('',#2907,#2908);
#2907 = CARTESIAN_POINT('',(-4.162768775266,-4.287214285714,
    18.962385714286));
#2908 = VECTOR('',#2909,1.);
#2909 = DIRECTION('',(0.,-0.971520338783,0.236956180191));
#2910 = ORIENTED_EDGE('',*,*,#2911,.F.);
#2911 = EDGE_CURVE('',#808,#2904,#2912,.T.);
#2912 = LINE('',#2913,#2914);
#2913 = CARTESIAN_POINT('',(-4.762768775266,-4.310057142857,
    18.967957142857));
#2914 = VECTOR('',#2915,1.);
#2915 = DIRECTION('',(1.,0.,0.));
#2916 = PLANE('',#2917);
#2917 = AXIS2_PLACEMENT_3D('',#2918,#2919,#2920);
#2918 = CARTESIAN_POINT('',(-4.762768775266,-4.287214285714,
    18.962385714286));
#2919 = DIRECTION('',(0.,-0.236956180191,-0.971520338783));
#2920 = DIRECTION('',(0.,-0.971520338783,0.236956180191));
#2921 = ADVANCED_FACE('',(#2922),#2940,.T.);
#2922 = FACE_BOUND('',#2923,.T.);
#2923 = EDGE_LOOP('',(#2924,#2925,#2926,#2934));
#2924 = ORIENTED_EDGE('',*,*,#807,.T.);
#2925 = ORIENTED_EDGE('',*,*,#2911,.T.);
#2926 = ORIENTED_EDGE('',*,*,#2927,.T.);
#2927 = EDGE_CURVE('',#2904,#2928,#2930,.T.);
#2928 = VERTEX_POINT('',#2929);
#2929 = CARTESIAN_POINT('',(-4.162768775266,-4.3329,18.973714285714));
#2930 = LINE('',#2931,#2932);
#2931 = CARTESIAN_POINT('',(-4.162768775266,-4.310057142857,
    18.967957142857));
#2932 = VECTOR('',#2933,1.);
#2933 = DIRECTION('',(0.,-0.969676988372,0.244390135281));
#2934 = ORIENTED_EDGE('',*,*,#2935,.F.);
#2935 = EDGE_CURVE('',#800,#2928,#2936,.T.);
#2936 = LINE('',#2937,#2938);
#2937 = CARTESIAN_POINT('',(-4.762768775266,-4.3329,18.973714285714));
#2938 = VECTOR('',#2939,1.);
#2939 = DIRECTION('',(1.,0.,0.));
#2940 = PLANE('',#2941);
#2941 = AXIS2_PLACEMENT_3D('',#2942,#2943,#2944);
#2942 = CARTESIAN_POINT('',(-4.762768775266,-4.310057142857,
    18.967957142857));
#2943 = DIRECTION('',(0.,-0.244390135281,-0.969676988372));
#2944 = DIRECTION('',(0.,-0.969676988372,0.244390135281));
#2945 = ADVANCED_FACE('',(#2946),#2957,.T.);
#2946 = FACE_BOUND('',#2947,.T.);
#2947 = EDGE_LOOP('',(#2948,#2949,#2950,#2956));
#2948 = ORIENTED_EDGE('',*,*,#799,.T.);
#2949 = ORIENTED_EDGE('',*,*,#2935,.T.);
#2950 = ORIENTED_EDGE('',*,*,#2951,.T.);
#2951 = EDGE_CURVE('',#2928,#2565,#2952,.T.);
#2952 = LINE('',#2953,#2954);
#2953 = CARTESIAN_POINT('',(-4.162768775266,-4.3329,18.973714285714));
#2954 = VECTOR('',#2955,1.);
#2955 = DIRECTION('',(0.,-1.,0.));
#2956 = ORIENTED_EDGE('',*,*,#2572,.T.);
#2957 = PLANE('',#2958);
#2958 = AXIS2_PLACEMENT_3D('',#2959,#2960,#2961);
#2959 = CARTESIAN_POINT('',(-4.762768775266,-4.3329,18.973714285714));
#2960 = DIRECTION('',(0.,0.,-1.));
#2961 = DIRECTION('',(0.,-1.,0.));
#2962 = ADVANCED_FACE('',(#2963),#2981,.T.);
#2963 = FACE_BOUND('',#2964,.T.);
#2964 = EDGE_LOOP('',(#2965,#2966,#2974,#2980));
#2965 = ORIENTED_EDGE('',*,*,#2579,.T.);
#2966 = ORIENTED_EDGE('',*,*,#2967,.T.);
#2967 = EDGE_CURVE('',#2580,#2968,#2970,.T.);
#2968 = VERTEX_POINT('',#2969);
#2969 = CARTESIAN_POINT('',(-4.162768775266,-4.321385714286,
    21.826285714286));
#2970 = LINE('',#2971,#2972);
#2971 = CARTESIAN_POINT('',(-4.162768775266,-4.772114285714,
    21.826285714286));
#2972 = VECTOR('',#2973,1.);
#2973 = DIRECTION('',(0.,1.,0.));
#2974 = ORIENTED_EDGE('',*,*,#2975,.F.);
#2975 = EDGE_CURVE('',#776,#2968,#2976,.T.);
#2976 = LINE('',#2977,#2978);
#2977 = CARTESIAN_POINT('',(-4.762768775266,-4.321385714286,
    21.826285714286));
#2978 = VECTOR('',#2979,1.);
#2979 = DIRECTION('',(1.,0.,0.));
#2980 = ORIENTED_EDGE('',*,*,#783,.T.);
#2981 = PLANE('',#2982);
#2982 = AXIS2_PLACEMENT_3D('',#2983,#2984,#2985);
#2983 = CARTESIAN_POINT('',(-4.762768775266,-4.772114285714,
    21.826285714286));
#2984 = DIRECTION('',(0.,0.,1.));
#2985 = DIRECTION('',(0.,1.,0.));
#2986 = ADVANCED_FACE('',(#2987),#3005,.T.);
#2987 = FACE_BOUND('',#2988,.T.);
#2988 = EDGE_LOOP('',(#2989,#2990,#2991,#2999));
#2989 = ORIENTED_EDGE('',*,*,#775,.T.);
#2990 = ORIENTED_EDGE('',*,*,#2975,.T.);
#2991 = ORIENTED_EDGE('',*,*,#2992,.T.);
#2992 = EDGE_CURVE('',#2968,#2993,#2995,.T.);
#2993 = VERTEX_POINT('',#2994);
#2994 = CARTESIAN_POINT('',(-4.162768775266,-4.287214285714,
    21.832042857143));
#2995 = LINE('',#2996,#2997);
#2996 = CARTESIAN_POINT('',(-4.162768775266,-4.321385714286,
    21.826285714286));
#2997 = VECTOR('',#2998,1.);
#2998 = DIRECTION('',(0.,0.98610270304,0.166136868447));
#2999 = ORIENTED_EDGE('',*,*,#3000,.F.);
#3000 = EDGE_CURVE('',#768,#2993,#3001,.T.);
#3001 = LINE('',#3002,#3003);
#3002 = CARTESIAN_POINT('',(-4.762768775266,-4.287214285714,
    21.832042857143));
#3003 = VECTOR('',#3004,1.);
#3004 = DIRECTION('',(1.,0.,0.));
#3005 = PLANE('',#3006);
#3006 = AXIS2_PLACEMENT_3D('',#3007,#3008,#3009);
#3007 = CARTESIAN_POINT('',(-4.762768775266,-4.321385714286,
    21.826285714286));
#3008 = DIRECTION('',(0.,-0.166136868447,0.98610270304));
#3009 = DIRECTION('',(0.,0.98610270304,0.166136868447));
#3010 = ADVANCED_FACE('',(#3011),#3029,.T.);
#3011 = FACE_BOUND('',#3012,.T.);
#3012 = EDGE_LOOP('',(#3013,#3014,#3015,#3023));
#3013 = ORIENTED_EDGE('',*,*,#767,.T.);
#3014 = ORIENTED_EDGE('',*,*,#3000,.T.);
#3015 = ORIENTED_EDGE('',*,*,#3016,.T.);
#3016 = EDGE_CURVE('',#2993,#3017,#3019,.T.);
#3017 = VERTEX_POINT('',#3018);
#3018 = CARTESIAN_POINT('',(-4.162768775266,-4.247285714286,
    21.843371428571));
#3019 = LINE('',#3020,#3021);
#3020 = CARTESIAN_POINT('',(-4.162768775266,-4.287214285714,
    21.832042857143));
#3021 = VECTOR('',#3022,1.);
#3022 = DIRECTION('',(0.,0.962028866252,0.272947724844));
#3023 = ORIENTED_EDGE('',*,*,#3024,.F.);
#3024 = EDGE_CURVE('',#760,#3017,#3025,.T.);
#3025 = LINE('',#3026,#3027);
#3026 = CARTESIAN_POINT('',(-4.762768775266,-4.247285714286,
    21.843371428571));
#3027 = VECTOR('',#3028,1.);
#3028 = DIRECTION('',(1.,0.,0.));
#3029 = PLANE('',#3030);
#3030 = AXIS2_PLACEMENT_3D('',#3031,#3032,#3033);
#3031 = CARTESIAN_POINT('',(-4.762768775266,-4.287214285714,
    21.832042857143));
#3032 = DIRECTION('',(0.,-0.272947724844,0.962028866252));
#3033 = DIRECTION('',(0.,0.962028866252,0.272947724844));
#3034 = ADVANCED_FACE('',(#3035),#3053,.T.);
#3035 = FACE_BOUND('',#3036,.T.);
#3036 = EDGE_LOOP('',(#3037,#3038,#3039,#3047));
#3037 = ORIENTED_EDGE('',*,*,#759,.T.);
#3038 = ORIENTED_EDGE('',*,*,#3024,.T.);
#3039 = ORIENTED_EDGE('',*,*,#3040,.T.);
#3040 = EDGE_CURVE('',#3017,#3041,#3043,.T.);
#3041 = VERTEX_POINT('',#3042);
#3042 = CARTESIAN_POINT('',(-4.162768775266,-4.218685714286,
    21.854885714286));
#3043 = LINE('',#3044,#3045);
#3044 = CARTESIAN_POINT('',(-4.162768775266,-4.247285714286,
    21.843371428571));
#3045 = VECTOR('',#3046,1.);
#3046 = DIRECTION('',(0.,0.927643517938,0.373466870858));
#3047 = ORIENTED_EDGE('',*,*,#3048,.F.);
#3048 = EDGE_CURVE('',#752,#3041,#3049,.T.);
#3049 = LINE('',#3050,#3051);
#3050 = CARTESIAN_POINT('',(-4.762768775266,-4.218685714286,
    21.854885714286));
#3051 = VECTOR('',#3052,1.);
#3052 = DIRECTION('',(1.,0.,0.));
#3053 = PLANE('',#3054);
#3054 = AXIS2_PLACEMENT_3D('',#3055,#3056,#3057);
#3055 = CARTESIAN_POINT('',(-4.762768775266,-4.247285714286,
    21.843371428571));
#3056 = DIRECTION('',(0.,-0.373466870858,0.927643517938));
#3057 = DIRECTION('',(0.,0.927643517938,0.373466870858));
#3058 = ADVANCED_FACE('',(#3059),#3077,.T.);
#3059 = FACE_BOUND('',#3060,.T.);
#3060 = EDGE_LOOP('',(#3061,#3062,#3063,#3071));
#3061 = ORIENTED_EDGE('',*,*,#751,.T.);
#3062 = ORIENTED_EDGE('',*,*,#3048,.T.);
#3063 = ORIENTED_EDGE('',*,*,#3064,.T.);
#3064 = EDGE_CURVE('',#3041,#3065,#3067,.T.);
#3065 = VERTEX_POINT('',#3066);
#3066 = CARTESIAN_POINT('',(-4.162768775266,-4.184514285714,
    21.871971428571));
#3067 = LINE('',#3068,#3069);
#3068 = CARTESIAN_POINT('',(-4.162768775266,-4.218685714286,
    21.854885714286));
#3069 = VECTOR('',#3070,1.);
#3070 = DIRECTION('',(0.,0.894427191,0.4472135955));
#3071 = ORIENTED_EDGE('',*,*,#3072,.F.);
#3072 = EDGE_CURVE('',#744,#3065,#3073,.T.);
#3073 = LINE('',#3074,#3075);
#3074 = CARTESIAN_POINT('',(-4.762768775266,-4.184514285714,
    21.871971428571));
#3075 = VECTOR('',#3076,1.);
#3076 = DIRECTION('',(1.,0.,0.));
#3077 = PLANE('',#3078);
#3078 = AXIS2_PLACEMENT_3D('',#3079,#3080,#3081);
#3079 = CARTESIAN_POINT('',(-4.762768775266,-4.218685714286,
    21.854885714286));
#3080 = DIRECTION('',(0.,-0.4472135955,0.894427191));
#3081 = DIRECTION('',(0.,0.894427191,0.4472135955));
#3082 = ADVANCED_FACE('',(#3083),#3101,.T.);
#3083 = FACE_BOUND('',#3084,.T.);
#3084 = EDGE_LOOP('',(#3085,#3086,#3087,#3095));
#3085 = ORIENTED_EDGE('',*,*,#743,.T.);
#3086 = ORIENTED_EDGE('',*,*,#3072,.T.);
#3087 = ORIENTED_EDGE('',*,*,#3088,.T.);
#3088 = EDGE_CURVE('',#3065,#3089,#3091,.T.);
#3089 = VERTEX_POINT('',#3090);
#3090 = CARTESIAN_POINT('',(-4.162768775266,-4.167428571429,
    21.889057142857));
#3091 = LINE('',#3092,#3093);
#3092 = CARTESIAN_POINT('',(-4.162768775266,-4.184514285714,
    21.871971428571));
#3093 = VECTOR('',#3094,1.);
#3094 = DIRECTION('',(0.,0.707106781187,0.707106781187));
#3095 = ORIENTED_EDGE('',*,*,#3096,.F.);
#3096 = EDGE_CURVE('',#736,#3089,#3097,.T.);
#3097 = LINE('',#3098,#3099);
#3098 = CARTESIAN_POINT('',(-4.762768775266,-4.167428571429,
    21.889057142857));
#3099 = VECTOR('',#3100,1.);
#3100 = DIRECTION('',(1.,0.,0.));
#3101 = PLANE('',#3102);
#3102 = AXIS2_PLACEMENT_3D('',#3103,#3104,#3105);
#3103 = CARTESIAN_POINT('',(-4.762768775266,-4.184514285714,
    21.871971428571));
#3104 = DIRECTION('',(0.,-0.707106781187,0.707106781187));
#3105 = DIRECTION('',(0.,0.707106781187,0.707106781187));
#3106 = ADVANCED_FACE('',(#3107),#3125,.T.);
#3107 = FACE_BOUND('',#3108,.T.);
#3108 = EDGE_LOOP('',(#3109,#3110,#3111,#3119));
#3109 = ORIENTED_EDGE('',*,*,#735,.T.);
#3110 = ORIENTED_EDGE('',*,*,#3096,.T.);
#3111 = ORIENTED_EDGE('',*,*,#3112,.T.);
#3112 = EDGE_CURVE('',#3089,#3113,#3115,.T.);
#3113 = VERTEX_POINT('',#3114);
#3114 = CARTESIAN_POINT('',(-4.162768775266,-4.144585714286,
    21.906142857143));
#3115 = LINE('',#3116,#3117);
#3116 = CARTESIAN_POINT('',(-4.162768775266,-4.167428571429,
    21.889057142857));
#3117 = VECTOR('',#3118,1.);
#3118 = DIRECTION('',(0.,0.80078057117,0.598957825591));
#3119 = ORIENTED_EDGE('',*,*,#3120,.F.);
#3120 = EDGE_CURVE('',#728,#3113,#3121,.T.);
#3121 = LINE('',#3122,#3123);
#3122 = CARTESIAN_POINT('',(-4.762768775266,-4.144585714286,
    21.906142857143));
#3123 = VECTOR('',#3124,1.);
#3124 = DIRECTION('',(1.,0.,0.));
#3125 = PLANE('',#3126);
#3126 = AXIS2_PLACEMENT_3D('',#3127,#3128,#3129);
#3127 = CARTESIAN_POINT('',(-4.762768775266,-4.167428571429,
    21.889057142857));
#3128 = DIRECTION('',(0.,-0.598957825591,0.80078057117));
#3129 = DIRECTION('',(0.,0.80078057117,0.598957825591));
#3130 = ADVANCED_FACE('',(#3131),#3149,.T.);
#3131 = FACE_BOUND('',#3132,.T.);
#3132 = EDGE_LOOP('',(#3133,#3134,#3135,#3143));
#3133 = ORIENTED_EDGE('',*,*,#727,.T.);
#3134 = ORIENTED_EDGE('',*,*,#3120,.T.);
#3135 = ORIENTED_EDGE('',*,*,#3136,.T.);
#3136 = EDGE_CURVE('',#3113,#3137,#3139,.T.);
#3137 = VERTEX_POINT('',#3138);
#3138 = CARTESIAN_POINT('',(-4.162768775266,-4.1275,21.928985714286));
#3139 = LINE('',#3140,#3141);
#3140 = CARTESIAN_POINT('',(-4.162768775266,-4.144585714286,
    21.906142857143));
#3141 = VECTOR('',#3142,1.);
#3142 = DIRECTION('',(0.,0.598957825591,0.80078057117));
#3143 = ORIENTED_EDGE('',*,*,#3144,.F.);
#3144 = EDGE_CURVE('',#720,#3137,#3145,.T.);
#3145 = LINE('',#3146,#3147);
#3146 = CARTESIAN_POINT('',(-4.762768775266,-4.1275,21.928985714286));
#3147 = VECTOR('',#3148,1.);
#3148 = DIRECTION('',(1.,0.,0.));
#3149 = PLANE('',#3150);
#3150 = AXIS2_PLACEMENT_3D('',#3151,#3152,#3153);
#3151 = CARTESIAN_POINT('',(-4.762768775266,-4.144585714286,
    21.906142857143));
#3152 = DIRECTION('',(0.,-0.80078057117,0.598957825591));
#3153 = DIRECTION('',(0.,0.598957825591,0.80078057117));
#3154 = ADVANCED_FACE('',(#3155),#3173,.T.);
#3155 = FACE_BOUND('',#3156,.T.);
#3156 = EDGE_LOOP('',(#3157,#3158,#3159,#3167));
#3157 = ORIENTED_EDGE('',*,*,#719,.T.);
#3158 = ORIENTED_EDGE('',*,*,#3144,.T.);
#3159 = ORIENTED_EDGE('',*,*,#3160,.T.);
#3160 = EDGE_CURVE('',#3137,#3161,#3163,.T.);
#3161 = VERTEX_POINT('',#3162);
#3162 = CARTESIAN_POINT('',(-4.162768775266,-4.110228571429,
    21.951828571429));
#3163 = LINE('',#3164,#3165);
#3164 = CARTESIAN_POINT('',(-4.162768775266,-4.1275,21.928985714286));
#3165 = VECTOR('',#3166,1.);
#3166 = DIRECTION('',(0.,0.603108274872,0.797659331282));
#3167 = ORIENTED_EDGE('',*,*,#3168,.F.);
#3168 = EDGE_CURVE('',#712,#3161,#3169,.T.);
#3169 = LINE('',#3170,#3171);
#3170 = CARTESIAN_POINT('',(-4.762768775266,-4.110228571429,
    21.951828571429));
#3171 = VECTOR('',#3172,1.);
#3172 = DIRECTION('',(1.,0.,0.));
#3173 = PLANE('',#3174);
#3174 = AXIS2_PLACEMENT_3D('',#3175,#3176,#3177);
#3175 = CARTESIAN_POINT('',(-4.762768775266,-4.1275,21.928985714286));
#3176 = DIRECTION('',(0.,-0.797659331282,0.603108274872));
#3177 = DIRECTION('',(0.,0.603108274872,0.797659331282));
#3178 = ADVANCED_FACE('',(#3179),#3197,.T.);
#3179 = FACE_BOUND('',#3180,.T.);
#3180 = EDGE_LOOP('',(#3181,#3182,#3183,#3191));
#3181 = ORIENTED_EDGE('',*,*,#711,.T.);
#3182 = ORIENTED_EDGE('',*,*,#3168,.T.);
#3183 = ORIENTED_EDGE('',*,*,#3184,.T.);
#3184 = EDGE_CURVE('',#3161,#3185,#3187,.T.);
#3185 = VERTEX_POINT('',#3186);
#3186 = CARTESIAN_POINT('',(-4.162768775266,-4.093142857143,
    21.974671428571));
#3187 = LINE('',#3188,#3189);
#3188 = CARTESIAN_POINT('',(-4.162768775266,-4.110228571429,
    21.951828571429));
#3189 = VECTOR('',#3190,1.);
#3190 = DIRECTION('',(0.,0.598957825591,0.80078057117));
#3191 = ORIENTED_EDGE('',*,*,#3192,.F.);
#3192 = EDGE_CURVE('',#704,#3185,#3193,.T.);
#3193 = LINE('',#3194,#3195);
#3194 = CARTESIAN_POINT('',(-4.762768775266,-4.093142857143,
    21.974671428571));
#3195 = VECTOR('',#3196,1.);
#3196 = DIRECTION('',(1.,0.,0.));
#3197 = PLANE('',#3198);
#3198 = AXIS2_PLACEMENT_3D('',#3199,#3200,#3201);
#3199 = CARTESIAN_POINT('',(-4.762768775266,-4.110228571429,
    21.951828571429));
#3200 = DIRECTION('',(0.,-0.80078057117,0.598957825591));
#3201 = DIRECTION('',(0.,0.598957825591,0.80078057117));
#3202 = ADVANCED_FACE('',(#3203),#3221,.T.);
#3203 = FACE_BOUND('',#3204,.T.);
#3204 = EDGE_LOOP('',(#3205,#3206,#3207,#3215));
#3205 = ORIENTED_EDGE('',*,*,#703,.T.);
#3206 = ORIENTED_EDGE('',*,*,#3192,.T.);
#3207 = ORIENTED_EDGE('',*,*,#3208,.T.);
#3208 = EDGE_CURVE('',#3185,#3209,#3211,.T.);
#3209 = VERTEX_POINT('',#3210);
#3210 = CARTESIAN_POINT('',(-4.162768775266,-4.081814285714,
    22.003085714286));
#3211 = LINE('',#3212,#3213);
#3212 = CARTESIAN_POINT('',(-4.162768775266,-4.093142857143,
    21.974671428571));
#3213 = VECTOR('',#3214,1.);
#3214 = DIRECTION('',(0.,0.370343680353,0.92889480482));
#3215 = ORIENTED_EDGE('',*,*,#3216,.F.);
#3216 = EDGE_CURVE('',#696,#3209,#3217,.T.);
#3217 = LINE('',#3218,#3219);
#3218 = CARTESIAN_POINT('',(-4.762768775266,-4.081814285714,
    22.003085714286));
#3219 = VECTOR('',#3220,1.);
#3220 = DIRECTION('',(1.,0.,0.));
#3221 = PLANE('',#3222);
#3222 = AXIS2_PLACEMENT_3D('',#3223,#3224,#3225);
#3223 = CARTESIAN_POINT('',(-4.762768775266,-4.093142857143,
    21.974671428571));
#3224 = DIRECTION('',(0.,-0.92889480482,0.370343680353));
#3225 = DIRECTION('',(0.,0.370343680353,0.92889480482));
#3226 = ADVANCED_FACE('',(#3227),#3245,.T.);
#3227 = FACE_BOUND('',#3228,.T.);
#3228 = EDGE_LOOP('',(#3229,#3230,#3231,#3239));
#3229 = ORIENTED_EDGE('',*,*,#695,.T.);
#3230 = ORIENTED_EDGE('',*,*,#3216,.T.);
#3231 = ORIENTED_EDGE('',*,*,#3232,.T.);
#3232 = EDGE_CURVE('',#3209,#3233,#3235,.T.);
#3233 = VERTEX_POINT('',#3234);
#3234 = CARTESIAN_POINT('',(-4.162768775266,-4.0703,22.025928571429));
#3235 = LINE('',#3236,#3237);
#3236 = CARTESIAN_POINT('',(-4.162768775266,-4.081814285714,
    22.003085714286));
#3237 = VECTOR('',#3238,1.);
#3238 = DIRECTION('',(0.,0.450115207469,0.892970492237));
#3239 = ORIENTED_EDGE('',*,*,#3240,.F.);
#3240 = EDGE_CURVE('',#688,#3233,#3241,.T.);
#3241 = LINE('',#3242,#3243);
#3242 = CARTESIAN_POINT('',(-4.762768775266,-4.0703,22.025928571429));
#3243 = VECTOR('',#3244,1.);
#3244 = DIRECTION('',(1.,0.,0.));
#3245 = PLANE('',#3246);
#3246 = AXIS2_PLACEMENT_3D('',#3247,#3248,#3249);
#3247 = CARTESIAN_POINT('',(-4.762768775266,-4.081814285714,
    22.003085714286));
#3248 = DIRECTION('',(0.,-0.892970492237,0.450115207469));
#3249 = DIRECTION('',(0.,0.450115207469,0.892970492237));
#3250 = ADVANCED_FACE('',(#3251),#3269,.T.);
#3251 = FACE_BOUND('',#3252,.T.);
#3252 = EDGE_LOOP('',(#3253,#3254,#3255,#3263));
#3253 = ORIENTED_EDGE('',*,*,#687,.T.);
#3254 = ORIENTED_EDGE('',*,*,#3240,.T.);
#3255 = ORIENTED_EDGE('',*,*,#3256,.T.);
#3256 = EDGE_CURVE('',#3233,#3257,#3259,.T.);
#3257 = VERTEX_POINT('',#3258);
#3258 = CARTESIAN_POINT('',(-4.162768775266,-4.064728571429,
    22.054528571429));
#3259 = LINE('',#3260,#3261);
#3260 = CARTESIAN_POINT('',(-4.162768775266,-4.0703,22.025928571429));
#3261 = VECTOR('',#3262,1.);
#3262 = DIRECTION('',(0.,0.191210841639,0.981548987081));
#3263 = ORIENTED_EDGE('',*,*,#3264,.F.);
#3264 = EDGE_CURVE('',#680,#3257,#3265,.T.);
#3265 = LINE('',#3266,#3267);
#3266 = CARTESIAN_POINT('',(-4.762768775266,-4.064728571429,
    22.054528571429));
#3267 = VECTOR('',#3268,1.);
#3268 = DIRECTION('',(1.,0.,0.));
#3269 = PLANE('',#3270);
#3270 = AXIS2_PLACEMENT_3D('',#3271,#3272,#3273);
#3271 = CARTESIAN_POINT('',(-4.762768775266,-4.0703,22.025928571429));
#3272 = DIRECTION('',(0.,-0.981548987081,0.191210841639));
#3273 = DIRECTION('',(0.,0.191210841639,0.981548987081));
#3274 = ADVANCED_FACE('',(#3275),#3293,.T.);
#3275 = FACE_BOUND('',#3276,.T.);
#3276 = EDGE_LOOP('',(#3277,#3278,#3279,#3287));
#3277 = ORIENTED_EDGE('',*,*,#679,.T.);
#3278 = ORIENTED_EDGE('',*,*,#3264,.T.);
#3279 = ORIENTED_EDGE('',*,*,#3280,.T.);
#3280 = EDGE_CURVE('',#3257,#3281,#3283,.T.);
#3281 = VERTEX_POINT('',#3282);
#3282 = CARTESIAN_POINT('',(-4.162768775266,-4.058971428571,
    22.082942857143));
#3283 = LINE('',#3284,#3285);
#3284 = CARTESIAN_POINT('',(-4.162768775266,-4.064728571429,
    22.054528571429));
#3285 = VECTOR('',#3286,1.);
#3286 = DIRECTION('',(0.,0.198579278868,0.980084827963));
#3287 = ORIENTED_EDGE('',*,*,#3288,.F.);
#3288 = EDGE_CURVE('',#672,#3281,#3289,.T.);
#3289 = LINE('',#3290,#3291);
#3290 = CARTESIAN_POINT('',(-4.762768775266,-4.058971428571,
    22.082942857143));
#3291 = VECTOR('',#3292,1.);
#3292 = DIRECTION('',(1.,0.,0.));
#3293 = PLANE('',#3294);
#3294 = AXIS2_PLACEMENT_3D('',#3295,#3296,#3297);
#3295 = CARTESIAN_POINT('',(-4.762768775266,-4.064728571429,
    22.054528571429));
#3296 = DIRECTION('',(0.,-0.980084827963,0.198579278868));
#3297 = DIRECTION('',(0.,0.198579278868,0.980084827963));
#3298 = ADVANCED_FACE('',(#3299),#3324,.T.);
#3299 = FACE_BOUND('',#3300,.T.);
#3300 = EDGE_LOOP('',(#3301,#3302,#3310,#3318));
#3301 = ORIENTED_EDGE('',*,*,#663,.T.);
#3302 = ORIENTED_EDGE('',*,*,#3303,.T.);
#3303 = EDGE_CURVE('',#664,#3304,#3306,.T.);
#3304 = VERTEX_POINT('',#3305);
#3305 = CARTESIAN_POINT('',(-4.162768775266,-4.058971428571,
    22.140142857143));
#3306 = LINE('',#3307,#3308);
#3307 = CARTESIAN_POINT('',(-4.762768775266,-4.058971428571,
    22.140142857143));
#3308 = VECTOR('',#3309,1.);
#3309 = DIRECTION('',(1.,0.,0.));
#3310 = ORIENTED_EDGE('',*,*,#3311,.T.);
#3311 = EDGE_CURVE('',#3304,#3312,#3314,.T.);
#3312 = VERTEX_POINT('',#3313);
#3313 = CARTESIAN_POINT('',(-4.162768775266,-4.064728571429,22.1628));
#3314 = LINE('',#3315,#3316);
#3315 = CARTESIAN_POINT('',(-4.162768775266,-4.058971428571,
    22.140142857143));
#3316 = VECTOR('',#3317,1.);
#3317 = DIRECTION('',(0.,-0.246272303221,0.96920067719));
#3318 = ORIENTED_EDGE('',*,*,#3319,.F.);
#3319 = EDGE_CURVE('',#656,#3312,#3320,.T.);
#3320 = LINE('',#3321,#3322);
#3321 = CARTESIAN_POINT('',(-4.762768775266,-4.064728571429,22.1628));
#3322 = VECTOR('',#3323,1.);
#3323 = DIRECTION('',(1.,0.,0.));
#3324 = PLANE('',#3325);
#3325 = AXIS2_PLACEMENT_3D('',#3326,#3327,#3328);
#3326 = CARTESIAN_POINT('',(-4.762768775266,-4.058971428571,
    22.140142857143));
#3327 = DIRECTION('',(0.,-0.96920067719,-0.246272303221));
#3328 = DIRECTION('',(0.,-0.246272303221,0.96920067719));
#3329 = ADVANCED_FACE('',(#3330),#3348,.T.);
#3330 = FACE_BOUND('',#3331,.T.);
#3331 = EDGE_LOOP('',(#3332,#3333,#3334,#3342));
#3332 = ORIENTED_EDGE('',*,*,#655,.T.);
#3333 = ORIENTED_EDGE('',*,*,#3319,.T.);
#3334 = ORIENTED_EDGE('',*,*,#3335,.T.);
#3335 = EDGE_CURVE('',#3312,#3336,#3338,.T.);
#3336 = VERTEX_POINT('',#3337);
#3337 = CARTESIAN_POINT('',(-4.162768775266,-4.0703,22.1914));
#3338 = LINE('',#3339,#3340);
#3339 = CARTESIAN_POINT('',(-4.162768775266,-4.064728571429,22.1628));
#3340 = VECTOR('',#3341,1.);
#3341 = DIRECTION('',(0.,-0.191210841639,0.981548987081));
#3342 = ORIENTED_EDGE('',*,*,#3343,.F.);
#3343 = EDGE_CURVE('',#648,#3336,#3344,.T.);
#3344 = LINE('',#3345,#3346);
#3345 = CARTESIAN_POINT('',(-4.762768775266,-4.0703,22.1914));
#3346 = VECTOR('',#3347,1.);
#3347 = DIRECTION('',(1.,0.,0.));
#3348 = PLANE('',#3349);
#3349 = AXIS2_PLACEMENT_3D('',#3350,#3351,#3352);
#3350 = CARTESIAN_POINT('',(-4.762768775266,-4.064728571429,22.1628));
#3351 = DIRECTION('',(0.,-0.981548987081,-0.191210841639));
#3352 = DIRECTION('',(0.,-0.191210841639,0.981548987081));
#3353 = ADVANCED_FACE('',(#3354),#3372,.T.);
#3354 = FACE_BOUND('',#3355,.T.);
#3355 = EDGE_LOOP('',(#3356,#3357,#3358,#3366));
#3356 = ORIENTED_EDGE('',*,*,#647,.T.);
#3357 = ORIENTED_EDGE('',*,*,#3343,.T.);
#3358 = ORIENTED_EDGE('',*,*,#3359,.T.);
#3359 = EDGE_CURVE('',#3336,#3360,#3362,.T.);
#3360 = VERTEX_POINT('',#3361);
#3361 = CARTESIAN_POINT('',(-4.162768775266,-4.081814285714,22.22));
#3362 = LINE('',#3363,#3364);
#3363 = CARTESIAN_POINT('',(-4.162768775266,-4.0703,22.1914));
#3364 = VECTOR('',#3365,1.);
#3365 = DIRECTION('',(0.,-0.373466870858,0.927643517938));
#3366 = ORIENTED_EDGE('',*,*,#3367,.F.);
#3367 = EDGE_CURVE('',#640,#3360,#3368,.T.);
#3368 = LINE('',#3369,#3370);
#3369 = CARTESIAN_POINT('',(-4.762768775266,-4.081814285714,22.22));
#3370 = VECTOR('',#3371,1.);
#3371 = DIRECTION('',(1.,0.,0.));
#3372 = PLANE('',#3373);
#3373 = AXIS2_PLACEMENT_3D('',#3374,#3375,#3376);
#3374 = CARTESIAN_POINT('',(-4.762768775266,-4.0703,22.1914));
#3375 = DIRECTION('',(0.,-0.927643517938,-0.373466870858));
#3376 = DIRECTION('',(0.,-0.373466870858,0.927643517938));
#3377 = ADVANCED_FACE('',(#3378),#3396,.T.);
#3378 = FACE_BOUND('',#3379,.T.);
#3379 = EDGE_LOOP('',(#3380,#3381,#3382,#3390));
#3380 = ORIENTED_EDGE('',*,*,#639,.T.);
#3381 = ORIENTED_EDGE('',*,*,#3367,.T.);
#3382 = ORIENTED_EDGE('',*,*,#3383,.T.);
#3383 = EDGE_CURVE('',#3360,#3384,#3386,.T.);
#3384 = VERTEX_POINT('',#3385);
#3385 = CARTESIAN_POINT('',(-4.162768775266,-4.093142857143,
    22.242842857143));
#3386 = LINE('',#3387,#3388);
#3387 = CARTESIAN_POINT('',(-4.162768775266,-4.081814285714,22.22));
#3388 = VECTOR('',#3389,1.);
#3389 = DIRECTION('',(0.,-0.444297794845,0.895879160097));
#3390 = ORIENTED_EDGE('',*,*,#3391,.F.);
#3391 = EDGE_CURVE('',#632,#3384,#3392,.T.);
#3392 = LINE('',#3393,#3394);
#3393 = CARTESIAN_POINT('',(-4.762768775266,-4.093142857143,
    22.242842857143));
#3394 = VECTOR('',#3395,1.);
#3395 = DIRECTION('',(1.,0.,0.));
#3396 = PLANE('',#3397);
#3397 = AXIS2_PLACEMENT_3D('',#3398,#3399,#3400);
#3398 = CARTESIAN_POINT('',(-4.762768775266,-4.081814285714,22.22));
#3399 = DIRECTION('',(0.,-0.895879160097,-0.444297794845));
#3400 = DIRECTION('',(0.,-0.444297794845,0.895879160097));
#3401 = ADVANCED_FACE('',(#3402),#3420,.T.);
#3402 = FACE_BOUND('',#3403,.T.);
#3403 = EDGE_LOOP('',(#3404,#3405,#3406,#3414));
#3404 = ORIENTED_EDGE('',*,*,#631,.T.);
#3405 = ORIENTED_EDGE('',*,*,#3391,.T.);
#3406 = ORIENTED_EDGE('',*,*,#3407,.T.);
#3407 = EDGE_CURVE('',#3384,#3408,#3410,.T.);
#3408 = VERTEX_POINT('',#3409);
#3409 = CARTESIAN_POINT('',(-4.162768775266,-4.104657142857,
    22.271257142857));
#3410 = LINE('',#3411,#3412);
#3411 = CARTESIAN_POINT('',(-4.162768775266,-4.093142857143,
    22.242842857143));
#3412 = VECTOR('',#3413,1.);
#3413 = DIRECTION('',(0.,-0.375564497639,0.926796260304));
#3414 = ORIENTED_EDGE('',*,*,#3415,.F.);
#3415 = EDGE_CURVE('',#624,#3408,#3416,.T.);
#3416 = LINE('',#3417,#3418);
#3417 = CARTESIAN_POINT('',(-4.762768775266,-4.104657142857,
    22.271257142857));
#3418 = VECTOR('',#3419,1.);
#3419 = DIRECTION('',(1.,0.,0.));
#3420 = PLANE('',#3421);
#3421 = AXIS2_PLACEMENT_3D('',#3422,#3423,#3424);
#3422 = CARTESIAN_POINT('',(-4.762768775266,-4.093142857143,
    22.242842857143));
#3423 = DIRECTION('',(0.,-0.926796260304,-0.375564497639));
#3424 = DIRECTION('',(0.,-0.375564497639,0.926796260304));
#3425 = ADVANCED_FACE('',(#3426),#3444,.T.);
#3426 = FACE_BOUND('',#3427,.T.);
#3427 = EDGE_LOOP('',(#3428,#3429,#3430,#3438));
#3428 = ORIENTED_EDGE('',*,*,#623,.T.);
#3429 = ORIENTED_EDGE('',*,*,#3415,.T.);
#3430 = ORIENTED_EDGE('',*,*,#3431,.T.);
#3431 = EDGE_CURVE('',#3408,#3432,#3434,.T.);
#3432 = VERTEX_POINT('',#3433);
#3433 = CARTESIAN_POINT('',(-4.162768775266,-4.121742857143,
    22.288342857143));
#3434 = LINE('',#3435,#3436);
#3435 = CARTESIAN_POINT('',(-4.162768775266,-4.104657142857,
    22.271257142857));
#3436 = VECTOR('',#3437,1.);
#3437 = DIRECTION('',(0.,-0.707106781187,0.707106781187));
#3438 = ORIENTED_EDGE('',*,*,#3439,.F.);
#3439 = EDGE_CURVE('',#616,#3432,#3440,.T.);
#3440 = LINE('',#3441,#3442);
#3441 = CARTESIAN_POINT('',(-4.762768775266,-4.121742857143,
    22.288342857143));
#3442 = VECTOR('',#3443,1.);
#3443 = DIRECTION('',(1.,0.,0.));
#3444 = PLANE('',#3445);
#3445 = AXIS2_PLACEMENT_3D('',#3446,#3447,#3448);
#3446 = CARTESIAN_POINT('',(-4.762768775266,-4.104657142857,
    22.271257142857));
#3447 = DIRECTION('',(0.,-0.707106781187,-0.707106781187));
#3448 = DIRECTION('',(0.,-0.707106781187,0.707106781187));
#3449 = ADVANCED_FACE('',(#3450),#3468,.T.);
#3450 = FACE_BOUND('',#3451,.T.);
#3451 = EDGE_LOOP('',(#3452,#3453,#3454,#3462));
#3452 = ORIENTED_EDGE('',*,*,#615,.T.);
#3453 = ORIENTED_EDGE('',*,*,#3439,.T.);
#3454 = ORIENTED_EDGE('',*,*,#3455,.T.);
#3455 = EDGE_CURVE('',#3432,#3456,#3458,.T.);
#3456 = VERTEX_POINT('',#3457);
#3457 = CARTESIAN_POINT('',(-4.162768775266,-4.144585714286,
    22.316942857143));
#3458 = LINE('',#3459,#3460);
#3459 = CARTESIAN_POINT('',(-4.162768775266,-4.121742857143,
    22.288342857143));
#3460 = VECTOR('',#3461,1.);
#3461 = DIRECTION('',(0.,-0.62407609663,0.781363568139));
#3462 = ORIENTED_EDGE('',*,*,#3463,.F.);
#3463 = EDGE_CURVE('',#608,#3456,#3464,.T.);
#3464 = LINE('',#3465,#3466);
#3465 = CARTESIAN_POINT('',(-4.762768775266,-4.144585714286,
    22.316942857143));
#3466 = VECTOR('',#3467,1.);
#3467 = DIRECTION('',(1.,0.,0.));
#3468 = PLANE('',#3469);
#3469 = AXIS2_PLACEMENT_3D('',#3470,#3471,#3472);
#3470 = CARTESIAN_POINT('',(-4.762768775266,-4.121742857143,
    22.288342857143));
#3471 = DIRECTION('',(0.,-0.781363568139,-0.62407609663));
#3472 = DIRECTION('',(0.,-0.62407609663,0.781363568139));
#3473 = ADVANCED_FACE('',(#3474),#3499,.T.);
#3474 = FACE_BOUND('',#3475,.T.);
#3475 = EDGE_LOOP('',(#3476,#3477,#3485,#3493));
#3476 = ORIENTED_EDGE('',*,*,#599,.T.);
#3477 = ORIENTED_EDGE('',*,*,#3478,.T.);
#3478 = EDGE_CURVE('',#600,#3479,#3481,.T.);
#3479 = VERTEX_POINT('',#3480);
#3480 = CARTESIAN_POINT('',(-4.162768775266,-4.190271428571,
    22.351114285714));
#3481 = LINE('',#3482,#3483);
#3482 = CARTESIAN_POINT('',(-4.762768775266,-4.190271428571,
    22.351114285714));
#3483 = VECTOR('',#3484,1.);
#3484 = DIRECTION('',(1.,0.,0.));
#3485 = ORIENTED_EDGE('',*,*,#3486,.T.);
#3486 = EDGE_CURVE('',#3479,#3487,#3489,.T.);
#3487 = VERTEX_POINT('',#3488);
#3488 = CARTESIAN_POINT('',(-4.162768775266,-4.218685714286,22.3682));
#3489 = LINE('',#3490,#3491);
#3490 = CARTESIAN_POINT('',(-4.162768775266,-4.190271428571,
    22.351114285714));
#3491 = VECTOR('',#3492,1.);
#3492 = DIRECTION('',(0.,-0.856998298068,0.515319238054));
#3493 = ORIENTED_EDGE('',*,*,#3494,.F.);
#3494 = EDGE_CURVE('',#592,#3487,#3495,.T.);
#3495 = LINE('',#3496,#3497);
#3496 = CARTESIAN_POINT('',(-4.762768775266,-4.218685714286,22.3682));
#3497 = VECTOR('',#3498,1.);
#3498 = DIRECTION('',(1.,0.,0.));
#3499 = PLANE('',#3500);
#3500 = AXIS2_PLACEMENT_3D('',#3501,#3502,#3503);
#3501 = CARTESIAN_POINT('',(-4.762768775266,-4.190271428571,
    22.351114285714));
#3502 = DIRECTION('',(0.,-0.515319238054,-0.856998298068));
#3503 = DIRECTION('',(0.,-0.856998298068,0.515319238054));
#3504 = ADVANCED_FACE('',(#3505),#3523,.T.);
#3505 = FACE_BOUND('',#3506,.T.);
#3506 = EDGE_LOOP('',(#3507,#3508,#3509,#3517));
#3507 = ORIENTED_EDGE('',*,*,#591,.T.);
#3508 = ORIENTED_EDGE('',*,*,#3494,.T.);
#3509 = ORIENTED_EDGE('',*,*,#3510,.T.);
#3510 = EDGE_CURVE('',#3487,#3511,#3513,.T.);
#3511 = VERTEX_POINT('',#3512);
#3512 = CARTESIAN_POINT('',(-4.162768775266,-4.241528571429,
    22.379714285714));
#3513 = LINE('',#3514,#3515);
#3514 = CARTESIAN_POINT('',(-4.162768775266,-4.218685714286,22.3682));
#3515 = VECTOR('',#3516,1.);
#3516 = DIRECTION('',(0.,-0.892970492237,0.450115207469));
#3517 = ORIENTED_EDGE('',*,*,#3518,.F.);
#3518 = EDGE_CURVE('',#584,#3511,#3519,.T.);
#3519 = LINE('',#3520,#3521);
#3520 = CARTESIAN_POINT('',(-4.762768775266,-4.241528571429,
    22.379714285714));
#3521 = VECTOR('',#3522,1.);
#3522 = DIRECTION('',(1.,0.,0.));
#3523 = PLANE('',#3524);
#3524 = AXIS2_PLACEMENT_3D('',#3525,#3526,#3527);
#3525 = CARTESIAN_POINT('',(-4.762768775266,-4.218685714286,22.3682));
#3526 = DIRECTION('',(0.,-0.450115207469,-0.892970492237));
#3527 = DIRECTION('',(0.,-0.892970492237,0.450115207469));
#3528 = ADVANCED_FACE('',(#3529),#3547,.T.);
#3529 = FACE_BOUND('',#3530,.T.);
#3530 = EDGE_LOOP('',(#3531,#3532,#3533,#3541));
#3531 = ORIENTED_EDGE('',*,*,#583,.T.);
#3532 = ORIENTED_EDGE('',*,*,#3518,.T.);
#3533 = ORIENTED_EDGE('',*,*,#3534,.T.);
#3534 = EDGE_CURVE('',#3511,#3535,#3537,.T.);
#3535 = VERTEX_POINT('',#3536);
#3536 = CARTESIAN_POINT('',(-4.162768775266,-4.270128571429,
    22.385471428571));
#3537 = LINE('',#3538,#3539);
#3538 = CARTESIAN_POINT('',(-4.162768775266,-4.241528571429,
    22.379714285714));
#3539 = VECTOR('',#3540,1.);
#3540 = DIRECTION('',(0.,-0.980335072596,0.197340176951));
#3541 = ORIENTED_EDGE('',*,*,#3542,.F.);
#3542 = EDGE_CURVE('',#576,#3535,#3543,.T.);
#3543 = LINE('',#3544,#3545);
#3544 = CARTESIAN_POINT('',(-4.762768775266,-4.270128571429,
    22.385471428571));
#3545 = VECTOR('',#3546,1.);
#3546 = DIRECTION('',(1.,0.,0.));
#3547 = PLANE('',#3548);
#3548 = AXIS2_PLACEMENT_3D('',#3549,#3550,#3551);
#3549 = CARTESIAN_POINT('',(-4.762768775266,-4.241528571429,
    22.379714285714));
#3550 = DIRECTION('',(0.,-0.197340176951,-0.980335072596));
#3551 = DIRECTION('',(0.,-0.980335072596,0.197340176951));
#3552 = ADVANCED_FACE('',(#3553),#3571,.T.);
#3553 = FACE_BOUND('',#3554,.T.);
#3554 = EDGE_LOOP('',(#3555,#3556,#3557,#3565));
#3555 = ORIENTED_EDGE('',*,*,#575,.T.);
#3556 = ORIENTED_EDGE('',*,*,#3542,.T.);
#3557 = ORIENTED_EDGE('',*,*,#3558,.T.);
#3558 = EDGE_CURVE('',#3535,#3559,#3561,.T.);
#3559 = VERTEX_POINT('',#3560);
#3560 = CARTESIAN_POINT('',(-4.162768775266,-4.298542857143,
    22.391042857143));
#3561 = LINE('',#3562,#3563);
#3562 = CARTESIAN_POINT('',(-4.162768775266,-4.270128571429,
    22.385471428571));
#3563 = VECTOR('',#3564,1.);
#3564 = DIRECTION('',(0.,-0.981313749677,0.192414460721));
#3565 = ORIENTED_EDGE('',*,*,#3566,.F.);
#3566 = EDGE_CURVE('',#568,#3559,#3567,.T.);
#3567 = LINE('',#3568,#3569);
#3568 = CARTESIAN_POINT('',(-4.762768775266,-4.298542857143,
    22.391042857143));
#3569 = VECTOR('',#3570,1.);
#3570 = DIRECTION('',(1.,0.,0.));
#3571 = PLANE('',#3572);
#3572 = AXIS2_PLACEMENT_3D('',#3573,#3574,#3575);
#3573 = CARTESIAN_POINT('',(-4.762768775266,-4.270128571429,
    22.385471428571));
#3574 = DIRECTION('',(0.,-0.192414460721,-0.981313749677));
#3575 = DIRECTION('',(0.,-0.981313749677,0.192414460721));
#3576 = ADVANCED_FACE('',(#3577),#3595,.T.);
#3577 = FACE_BOUND('',#3578,.T.);
#3578 = EDGE_LOOP('',(#3579,#3580,#3581,#3589));
#3579 = ORIENTED_EDGE('',*,*,#567,.T.);
#3580 = ORIENTED_EDGE('',*,*,#3566,.T.);
#3581 = ORIENTED_EDGE('',*,*,#3582,.T.);
#3582 = EDGE_CURVE('',#3559,#3583,#3585,.T.);
#3583 = VERTEX_POINT('',#3584);
#3584 = CARTESIAN_POINT('',(-4.162768775266,-4.344228571429,22.3968));
#3585 = LINE('',#3586,#3587);
#3586 = CARTESIAN_POINT('',(-4.162768775266,-4.298542857143,
    22.391042857143));
#3587 = VECTOR('',#3588,1.);
#3588 = DIRECTION('',(0.,-0.992153283358,0.125027446277));
#3589 = ORIENTED_EDGE('',*,*,#3590,.F.);
#3590 = EDGE_CURVE('',#560,#3583,#3591,.T.);
#3591 = LINE('',#3592,#3593);
#3592 = CARTESIAN_POINT('',(-4.762768775266,-4.344228571429,22.3968));
#3593 = VECTOR('',#3594,1.);
#3594 = DIRECTION('',(1.,0.,0.));
#3595 = PLANE('',#3596);
#3596 = AXIS2_PLACEMENT_3D('',#3597,#3598,#3599);
#3597 = CARTESIAN_POINT('',(-4.762768775266,-4.298542857143,
    22.391042857143));
#3598 = DIRECTION('',(0.,-0.125027446277,-0.992153283358));
#3599 = DIRECTION('',(0.,-0.992153283358,0.125027446277));
#3600 = ADVANCED_FACE('',(#3601),#3612,.T.);
#3601 = FACE_BOUND('',#3602,.T.);
#3602 = EDGE_LOOP('',(#3603,#3604,#3605,#3611));
#3603 = ORIENTED_EDGE('',*,*,#559,.T.);
#3604 = ORIENTED_EDGE('',*,*,#3590,.T.);
#3605 = ORIENTED_EDGE('',*,*,#3606,.T.);
#3606 = EDGE_CURVE('',#3583,#2588,#3607,.T.);
#3607 = LINE('',#3608,#3609);
#3608 = CARTESIAN_POINT('',(-4.162768775266,-4.344228571429,22.3968));
#3609 = VECTOR('',#3610,1.);
#3610 = DIRECTION('',(0.,-1.,0.));
#3611 = ORIENTED_EDGE('',*,*,#2595,.T.);
#3612 = PLANE('',#3613);
#3613 = AXIS2_PLACEMENT_3D('',#3614,#3615,#3616);
#3614 = CARTESIAN_POINT('',(-4.762768775266,-4.344228571429,22.3968));
#3615 = DIRECTION('',(0.,0.,-1.));
#3616 = DIRECTION('',(0.,-1.,0.));
#3617 = ADVANCED_FACE('',(#3618,#3636),#3680,.T.);
#3618 = FACE_BOUND('',#3619,.T.);
#3619 = EDGE_LOOP('',(#3620,#3621,#3622,#3630));
#3620 = ORIENTED_EDGE('',*,*,#543,.F.);
#3621 = ORIENTED_EDGE('',*,*,#2602,.T.);
#3622 = ORIENTED_EDGE('',*,*,#3623,.T.);
#3623 = EDGE_CURVE('',#2542,#3624,#3626,.T.);
#3624 = VERTEX_POINT('',#3625);
#3625 = CARTESIAN_POINT('',(4.662768775266,4.662768775266,40.8));
#3626 = LINE('',#3627,#3628);
#3627 = CARTESIAN_POINT('',(4.662768775266,-4.662768775266,40.8));
#3628 = VECTOR('',#3629,1.);
#3629 = DIRECTION('',(-0.,1.,0.));
#3630 = ORIENTED_EDGE('',*,*,#3631,.F.);
#3631 = EDGE_CURVE('',#536,#3624,#3632,.T.);
#3632 = LINE('',#3633,#3634);
#3633 = CARTESIAN_POINT('',(-4.662768775266,4.662768775266,40.8));
#3634 = VECTOR('',#3635,1.);
#3635 = DIRECTION('',(1.,0.,-0.));
#3636 = FACE_BOUND('',#3637,.T.);
#3637 = EDGE_LOOP('',(#3638,#3647,#3654,#3661,#3668,#3675));
#3638 = ORIENTED_EDGE('',*,*,#3639,.F.);
#3639 = EDGE_CURVE('',#3640,#3642,#3644,.T.);
#3640 = VERTEX_POINT('',#3641);
#3641 = CARTESIAN_POINT('',(2.585375947005,0.,40.8));
#3642 = VERTEX_POINT('',#3643);
#3643 = CARTESIAN_POINT('',(1.292687973502,2.239001248439,40.8));
#3644 = B_SPLINE_CURVE_WITH_KNOTS('',1,(#3645,#3646),.UNSPECIFIED.,.F.,
  .F.,(2,2),(0.,1.),.PIECEWISE_BEZIER_KNOTS.);
#3645 = CARTESIAN_POINT('',(2.585375947005,0.,40.8));
#3646 = CARTESIAN_POINT('',(1.292687973502,2.239001248439,40.8));
#3647 = ORIENTED_EDGE('',*,*,#3648,.F.);
#3648 = EDGE_CURVE('',#3649,#3640,#3651,.T.);
#3649 = VERTEX_POINT('',#3650);
#3650 = CARTESIAN_POINT('',(1.292687973502,-2.239001248439,40.8));
#3651 = B_SPLINE_CURVE_WITH_KNOTS('',1,(#3652,#3653),.UNSPECIFIED.,.F.,
  .F.,(2,2),(0.,1.),.PIECEWISE_BEZIER_KNOTS.);
#3652 = CARTESIAN_POINT('',(1.292687973502,-2.239001248439,40.8));
#3653 = CARTESIAN_POINT('',(2.585375947005,0.,40.8));
#3654 = ORIENTED_EDGE('',*,*,#3655,.F.);
#3655 = EDGE_CURVE('',#3656,#3649,#3658,.T.);
#3656 = VERTEX_POINT('',#3657);
#3657 = CARTESIAN_POINT('',(-1.292687973502,-2.239001248439,40.8));
#3658 = B_SPLINE_CURVE_WITH_KNOTS('',1,(#3659,#3660),.UNSPECIFIED.,.F.,
  .F.,(2,2),(0.,1.),.PIECEWISE_BEZIER_KNOTS.);
#3659 = CARTESIAN_POINT('',(-1.292687973502,-2.239001248439,40.8));
#3660 = CARTESIAN_POINT('',(1.292687973502,-2.239001248439,40.8));
#3661 = ORIENTED_EDGE('',*,*,#3662,.F.);
#3662 = EDGE_CURVE('',#3663,#3656,#3665,.T.);
#3663 = VERTEX_POINT('',#3664);
#3664 = CARTESIAN_POINT('',(-2.585375947005,-4.438120006055E-16,40.8));
#3665 = B_SPLINE_CURVE_WITH_KNOTS('',1,(#3666,#3667),.UNSPECIFIED.,.F.,
  .F.,(2,2),(0.,1.),.PIECEWISE_BEZIER_KNOTS.);
#3666 = CARTESIAN_POINT('',(-2.585375947005,-8.881784197001E-16,40.8));
#3667 = CARTESIAN_POINT('',(-1.292687973502,-2.239001248439,40.8));
#3668 = ORIENTED_EDGE('',*,*,#3669,.F.);
#3669 = EDGE_CURVE('',#3670,#3663,#3672,.T.);
#3670 = VERTEX_POINT('',#3671);
#3671 = CARTESIAN_POINT('',(-1.292687973502,2.239001248439,40.8));
#3672 = B_SPLINE_CURVE_WITH_KNOTS('',1,(#3673,#3674),.UNSPECIFIED.,.F.,
  .F.,(2,2),(0.,1.),.PIECEWISE_BEZIER_KNOTS.);
#3673 = CARTESIAN_POINT('',(-1.292687973502,2.239001248439,40.8));
#3674 = CARTESIAN_POINT('',(-2.585375947005,-8.881784197001E-16,40.8));
#3675 = ORIENTED_EDGE('',*,*,#3676,.F.);
#3676 = EDGE_CURVE('',#3642,#3670,#3677,.T.);
#3677 = B_SPLINE_CURVE_WITH_KNOTS('',1,(#3678,#3679),.UNSPECIFIED.,.F.,
  .F.,(2,2),(0.,1.),.PIECEWISE_BEZIER_KNOTS.);
#3678 = CARTESIAN_POINT('',(1.292687973502,2.239001248439,40.8));
#3679 = CARTESIAN_POINT('',(-1.292687973502,2.239001248439,40.8));
#3680 = PLANE('',#3681);
#3681 = AXIS2_PLACEMENT_3D('',#3682,#3683,#3684);
#3682 = CARTESIAN_POINT('',(-4.662768775266,-4.662768775266,40.8));
#3683 = DIRECTION('',(0.,0.,1.));
#3684 = DIRECTION('',(1.,0.,-0.));
#3685 = ADVANCED_FACE('',(#3686),#3782,.T.);
#3686 = FACE_BOUND('',#3687,.T.);
#3687 = EDGE_LOOP('',(#3688,#3696,#3702,#3703,#3711,#3719,#3725,#3726,
    #3734,#3742,#3750,#3758,#3766,#3774,#3780,#3781));
#3688 = ORIENTED_EDGE('',*,*,#3689,.F.);
#3689 = EDGE_CURVE('',#3690,#3624,#3692,.T.);
#3690 = VERTEX_POINT('',#3691);
#3691 = CARTESIAN_POINT('',(4.662768775266,4.662768775266,-3.));
#3692 = LINE('',#3693,#3694);
#3693 = CARTESIAN_POINT('',(4.662768775266,4.662768775266,-3.));
#3694 = VECTOR('',#3695,1.);
#3695 = DIRECTION('',(0.,0.,1.));
#3696 = ORIENTED_EDGE('',*,*,#3697,.F.);
#3697 = EDGE_CURVE('',#32,#3690,#3698,.T.);
#3698 = LINE('',#3699,#3700);
#3699 = CARTESIAN_POINT('',(-4.662768775266,4.662768775266,-3.));
#3700 = VECTOR('',#3701,1.);
#3701 = DIRECTION('',(1.,0.,-0.));
#3702 = ORIENTED_EDGE('',*,*,#39,.T.);
#3703 = ORIENTED_EDGE('',*,*,#3704,.T.);
#3704 = EDGE_CURVE('',#40,#3705,#3707,.T.);
#3705 = VERTEX_POINT('',#3706);
#3706 = CARTESIAN_POINT('',(-4.162768775266,4.662768775266,18.4032));
#3707 = LINE('',#3708,#3709);
#3708 = CARTESIAN_POINT('',(-4.712768775266,4.662768775266,18.4032));
#3709 = VECTOR('',#3710,1.);
#3710 = DIRECTION('',(1.,0.,-0.));
#3711 = ORIENTED_EDGE('',*,*,#3712,.T.);
#3712 = EDGE_CURVE('',#3705,#3713,#3715,.T.);
#3713 = VERTEX_POINT('',#3714);
#3714 = CARTESIAN_POINT('',(-4.162768775266,4.662768775266,
    18.973714285714));
#3715 = LINE('',#3716,#3717);
#3716 = CARTESIAN_POINT('',(-4.162768775266,4.662768775266,
    8.681838764167));
#3717 = VECTOR('',#3718,1.);
#3718 = DIRECTION('',(0.,0.,1.));
#3719 = ORIENTED_EDGE('',*,*,#3720,.T.);
#3720 = EDGE_CURVE('',#3713,#192,#3721,.T.);
#3721 = LINE('',#3722,#3723);
#3722 = CARTESIAN_POINT('',(-4.712768775266,4.662768775266,
    18.973714285714));
#3723 = VECTOR('',#3724,1.);
#3724 = DIRECTION('',(-1.,0.,-0.));
#3725 = ORIENTED_EDGE('',*,*,#199,.T.);
#3726 = ORIENTED_EDGE('',*,*,#3727,.T.);
#3727 = EDGE_CURVE('',#200,#3728,#3730,.T.);
#3728 = VERTEX_POINT('',#3729);
#3729 = CARTESIAN_POINT('',(-4.162768775266,4.662768775266,
    20.114742857143));
#3730 = LINE('',#3731,#3732);
#3731 = CARTESIAN_POINT('',(-4.712768775266,4.662768775266,
    20.114742857143));
#3732 = VECTOR('',#3733,1.);
#3733 = DIRECTION('',(1.,0.,-0.));
#3734 = ORIENTED_EDGE('',*,*,#3735,.T.);
#3735 = EDGE_CURVE('',#3728,#3736,#3738,.T.);
#3736 = VERTEX_POINT('',#3737);
#3737 = CARTESIAN_POINT('',(-4.162768775266,4.662768775266,
    20.685257142857));
#3738 = LINE('',#3739,#3740);
#3739 = CARTESIAN_POINT('',(-4.162768775266,4.662768775266,
    8.681838764167));
#3740 = VECTOR('',#3741,1.);
#3741 = DIRECTION('',(0.,0.,1.));
#3742 = ORIENTED_EDGE('',*,*,#3743,.T.);
#3743 = EDGE_CURVE('',#3736,#3744,#3746,.T.);
#3744 = VERTEX_POINT('',#3745);
#3745 = CARTESIAN_POINT('',(-4.662768775266,4.662768775266,
    20.685257142857));
#3746 = LINE('',#3747,#3748);
#3747 = CARTESIAN_POINT('',(-4.712768775266,4.662768775266,
    20.685257142857));
#3748 = VECTOR('',#3749,1.);
#3749 = DIRECTION('',(-1.,0.,-0.));
#3750 = ORIENTED_EDGE('',*,*,#3751,.T.);
#3751 = EDGE_CURVE('',#3744,#3752,#3754,.T.);
#3752 = VERTEX_POINT('',#3753);
#3753 = CARTESIAN_POINT('',(-4.662768775266,4.662768775266,
    21.826285714286));
#3754 = LINE('',#3755,#3756);
#3755 = CARTESIAN_POINT('',(-4.662768775266,4.662768775266,-3.));
#3756 = VECTOR('',#3757,1.);
#3757 = DIRECTION('',(0.,0.,1.));
#3758 = ORIENTED_EDGE('',*,*,#3759,.T.);
#3759 = EDGE_CURVE('',#3752,#3760,#3762,.T.);
#3760 = VERTEX_POINT('',#3761);
#3761 = CARTESIAN_POINT('',(-4.162768775266,4.662768775266,
    21.826285714286));
#3762 = LINE('',#3763,#3764);
#3763 = CARTESIAN_POINT('',(-4.712768775266,4.662768775266,
    21.826285714286));
#3764 = VECTOR('',#3765,1.);
#3765 = DIRECTION('',(1.,0.,-0.));
#3766 = ORIENTED_EDGE('',*,*,#3767,.T.);
#3767 = EDGE_CURVE('',#3760,#3768,#3770,.T.);
#3768 = VERTEX_POINT('',#3769);
#3769 = CARTESIAN_POINT('',(-4.162768775266,4.662768775266,22.3968));
#3770 = LINE('',#3771,#3772);
#3771 = CARTESIAN_POINT('',(-4.162768775266,4.662768775266,
    8.681838764167));
#3772 = VECTOR('',#3773,1.);
#3773 = DIRECTION('',(0.,0.,1.));
#3774 = ORIENTED_EDGE('',*,*,#3775,.T.);
#3775 = EDGE_CURVE('',#3768,#528,#3776,.T.);
#3776 = LINE('',#3777,#3778);
#3777 = CARTESIAN_POINT('',(-4.712768775266,4.662768775266,22.3968));
#3778 = VECTOR('',#3779,1.);
#3779 = DIRECTION('',(-1.,0.,-0.));
#3780 = ORIENTED_EDGE('',*,*,#535,.T.);
#3781 = ORIENTED_EDGE('',*,*,#3631,.T.);
#3782 = PLANE('',#3783);
#3783 = AXIS2_PLACEMENT_3D('',#3784,#3785,#3786);
#3784 = CARTESIAN_POINT('',(-4.662768775266,4.662768775266,-3.));
#3785 = DIRECTION('',(-0.,1.,0.));
#3786 = DIRECTION('',(0.,0.,1.));
#3787 = ADVANCED_FACE('',(#3788),#3813,.T.);
#3788 = FACE_BOUND('',#3789,.T.);
#3789 = EDGE_LOOP('',(#3790,#3791,#3799,#3807));
#3790 = ORIENTED_EDGE('',*,*,#519,.T.);
#3791 = ORIENTED_EDGE('',*,*,#3792,.T.);
#3792 = EDGE_CURVE('',#520,#3793,#3795,.T.);
#3793 = VERTEX_POINT('',#3794);
#3794 = CARTESIAN_POINT('',(-4.162768775266,4.440985714286,22.3968));
#3795 = LINE('',#3796,#3797);
#3796 = CARTESIAN_POINT('',(-4.762768775266,4.440985714286,22.3968));
#3797 = VECTOR('',#3798,1.);
#3798 = DIRECTION('',(1.,0.,0.));
#3799 = ORIENTED_EDGE('',*,*,#3800,.T.);
#3800 = EDGE_CURVE('',#3793,#3801,#3803,.T.);
#3801 = VERTEX_POINT('',#3802);
#3802 = CARTESIAN_POINT('',(-4.162768775266,4.401057142857,
    22.391042857143));
#3803 = LINE('',#3804,#3805);
#3804 = CARTESIAN_POINT('',(-4.162768775266,4.440985714286,22.3968));
#3805 = VECTOR('',#3806,1.);
#3806 = DIRECTION('',(0.,-0.989764512237,-0.142710231997));
#3807 = ORIENTED_EDGE('',*,*,#3808,.F.);
#3808 = EDGE_CURVE('',#512,#3801,#3809,.T.);
#3809 = LINE('',#3810,#3811);
#3810 = CARTESIAN_POINT('',(-4.762768775266,4.401057142857,
    22.391042857143));
#3811 = VECTOR('',#3812,1.);
#3812 = DIRECTION('',(1.,0.,0.));
#3813 = PLANE('',#3814);
#3814 = AXIS2_PLACEMENT_3D('',#3815,#3816,#3817);
#3815 = CARTESIAN_POINT('',(-4.762768775266,4.440985714286,22.3968));
#3816 = DIRECTION('',(0.,0.142710231997,-0.989764512237));
#3817 = DIRECTION('',(0.,-0.989764512237,-0.142710231997));
#3818 = ADVANCED_FACE('',(#3819),#3837,.T.);
#3819 = FACE_BOUND('',#3820,.T.);
#3820 = EDGE_LOOP('',(#3821,#3822,#3823,#3831));
#3821 = ORIENTED_EDGE('',*,*,#511,.T.);
#3822 = ORIENTED_EDGE('',*,*,#3808,.T.);
#3823 = ORIENTED_EDGE('',*,*,#3824,.T.);
#3824 = EDGE_CURVE('',#3801,#3825,#3827,.T.);
#3825 = VERTEX_POINT('',#3826);
#3826 = CARTESIAN_POINT('',(-4.162768775266,4.366885714286,
    22.385471428571));
#3827 = LINE('',#3828,#3829);
#3828 = CARTESIAN_POINT('',(-4.162768775266,4.401057142857,
    22.391042857143));
#3829 = VECTOR('',#3830,1.);
#3830 = DIRECTION('',(0.,-0.986967674481,-0.160918642578));
#3831 = ORIENTED_EDGE('',*,*,#3832,.F.);
#3832 = EDGE_CURVE('',#504,#3825,#3833,.T.);
#3833 = LINE('',#3834,#3835);
#3834 = CARTESIAN_POINT('',(-4.762768775266,4.366885714286,
    22.385471428571));
#3835 = VECTOR('',#3836,1.);
#3836 = DIRECTION('',(1.,0.,0.));
#3837 = PLANE('',#3838);
#3838 = AXIS2_PLACEMENT_3D('',#3839,#3840,#3841);
#3839 = CARTESIAN_POINT('',(-4.762768775266,4.401057142857,
    22.391042857143));
#3840 = DIRECTION('',(0.,0.160918642578,-0.986967674481));
#3841 = DIRECTION('',(0.,-0.986967674481,-0.160918642578));
#3842 = ADVANCED_FACE('',(#3843),#3861,.T.);
#3843 = FACE_BOUND('',#3844,.T.);
#3844 = EDGE_LOOP('',(#3845,#3846,#3847,#3855));
#3845 = ORIENTED_EDGE('',*,*,#503,.T.);
#3846 = ORIENTED_EDGE('',*,*,#3832,.T.);
#3847 = ORIENTED_EDGE('',*,*,#3848,.T.);
#3848 = EDGE_CURVE('',#3825,#3849,#3851,.T.);
#3849 = VERTEX_POINT('',#3850);
#3850 = CARTESIAN_POINT('',(-4.162768775266,4.3212,22.373957142857));
#3851 = LINE('',#3852,#3853);
#3852 = CARTESIAN_POINT('',(-4.162768775266,4.366885714286,
    22.385471428571));
#3853 = VECTOR('',#3854,1.);
#3854 = DIRECTION('',(0.,-0.969676988372,-0.244390135281));
#3855 = ORIENTED_EDGE('',*,*,#3856,.F.);
#3856 = EDGE_CURVE('',#496,#3849,#3857,.T.);
#3857 = LINE('',#3858,#3859);
#3858 = CARTESIAN_POINT('',(-4.762768775266,4.3212,22.373957142857));
#3859 = VECTOR('',#3860,1.);
#3860 = DIRECTION('',(1.,0.,0.));
#3861 = PLANE('',#3862);
#3862 = AXIS2_PLACEMENT_3D('',#3863,#3864,#3865);
#3863 = CARTESIAN_POINT('',(-4.762768775266,4.366885714286,
    22.385471428571));
#3864 = DIRECTION('',(0.,0.244390135281,-0.969676988372));
#3865 = DIRECTION('',(0.,-0.969676988372,-0.244390135281));
#3866 = ADVANCED_FACE('',(#3867),#3885,.T.);
#3867 = FACE_BOUND('',#3868,.T.);
#3868 = EDGE_LOOP('',(#3869,#3870,#3871,#3879));
#3869 = ORIENTED_EDGE('',*,*,#495,.T.);
#3870 = ORIENTED_EDGE('',*,*,#3856,.T.);
#3871 = ORIENTED_EDGE('',*,*,#3872,.T.);
#3872 = EDGE_CURVE('',#3849,#3873,#3875,.T.);
#3873 = VERTEX_POINT('',#3874);
#3874 = CARTESIAN_POINT('',(-4.162768775266,4.281271428571,
    22.356871428571));
#3875 = LINE('',#3876,#3877);
#3876 = CARTESIAN_POINT('',(-4.162768775266,4.3212,22.373957142857));
#3877 = VECTOR('',#3878,1.);
#3878 = DIRECTION('',(0.,-0.919366063816,-0.393403152889));
#3879 = ORIENTED_EDGE('',*,*,#3880,.F.);
#3880 = EDGE_CURVE('',#488,#3873,#3881,.T.);
#3881 = LINE('',#3882,#3883);
#3882 = CARTESIAN_POINT('',(-4.762768775266,4.281271428571,
    22.356871428571));
#3883 = VECTOR('',#3884,1.);
#3884 = DIRECTION('',(1.,0.,0.));
#3885 = PLANE('',#3886);
#3886 = AXIS2_PLACEMENT_3D('',#3887,#3888,#3889);
#3887 = CARTESIAN_POINT('',(-4.762768775266,4.3212,22.373957142857));
#3888 = DIRECTION('',(0.,0.393403152889,-0.919366063816));
#3889 = DIRECTION('',(0.,-0.919366063816,-0.393403152889));
#3890 = ADVANCED_FACE('',(#3891),#3909,.T.);
#3891 = FACE_BOUND('',#3892,.T.);
#3892 = EDGE_LOOP('',(#3893,#3894,#3895,#3903));
#3893 = ORIENTED_EDGE('',*,*,#487,.T.);
#3894 = ORIENTED_EDGE('',*,*,#3880,.T.);
#3895 = ORIENTED_EDGE('',*,*,#3896,.T.);
#3896 = EDGE_CURVE('',#3873,#3897,#3899,.T.);
#3897 = VERTEX_POINT('',#3898);
#3898 = CARTESIAN_POINT('',(-4.162768775266,4.252671428571,
    22.345542857143));
#3899 = LINE('',#3900,#3901);
#3900 = CARTESIAN_POINT('',(-4.162768775266,4.281271428571,
    22.356871428571));
#3901 = VECTOR('',#3902,1.);
#3902 = DIRECTION('',(0.,-0.929720504504,-0.368265914122));
#3903 = ORIENTED_EDGE('',*,*,#3904,.F.);
#3904 = EDGE_CURVE('',#480,#3897,#3905,.T.);
#3905 = LINE('',#3906,#3907);
#3906 = CARTESIAN_POINT('',(-4.762768775266,4.252671428571,
    22.345542857143));
#3907 = VECTOR('',#3908,1.);
#3908 = DIRECTION('',(1.,0.,0.));
#3909 = PLANE('',#3910);
#3910 = AXIS2_PLACEMENT_3D('',#3911,#3912,#3913);
#3911 = CARTESIAN_POINT('',(-4.762768775266,4.281271428571,
    22.356871428571));
#3912 = DIRECTION('',(0.,0.368265914122,-0.929720504504));
#3913 = DIRECTION('',(0.,-0.929720504504,-0.368265914122));
#3914 = ADVANCED_FACE('',(#3915),#3933,.T.);
#3915 = FACE_BOUND('',#3916,.T.);
#3916 = EDGE_LOOP('',(#3917,#3918,#3919,#3927));
#3917 = ORIENTED_EDGE('',*,*,#479,.T.);
#3918 = ORIENTED_EDGE('',*,*,#3904,.T.);
#3919 = ORIENTED_EDGE('',*,*,#3920,.T.);
#3920 = EDGE_CURVE('',#3897,#3921,#3923,.T.);
#3921 = VERTEX_POINT('',#3922);
#3922 = CARTESIAN_POINT('',(-4.162768775266,4.2185,22.328271428571));
#3923 = LINE('',#3924,#3925);
#3924 = CARTESIAN_POINT('',(-4.162768775266,4.252671428571,
    22.345542857143));
#3925 = VECTOR('',#3926,1.);
#3926 = DIRECTION('',(0.,-0.892478602936,-0.451089728658));
#3927 = ORIENTED_EDGE('',*,*,#3928,.F.);
#3928 = EDGE_CURVE('',#472,#3921,#3929,.T.);
#3929 = LINE('',#3930,#3931);
#3930 = CARTESIAN_POINT('',(-4.762768775266,4.2185,22.328271428571));
#3931 = VECTOR('',#3932,1.);
#3932 = DIRECTION('',(1.,0.,0.));
#3933 = PLANE('',#3934);
#3934 = AXIS2_PLACEMENT_3D('',#3935,#3936,#3937);
#3935 = CARTESIAN_POINT('',(-4.762768775266,4.252671428571,
    22.345542857143));
#3936 = DIRECTION('',(0.,0.451089728658,-0.892478602936));
#3937 = DIRECTION('',(0.,-0.892478602936,-0.451089728658));
#3938 = ADVANCED_FACE('',(#3939),#3957,.T.);
#3939 = FACE_BOUND('',#3940,.T.);
#3940 = EDGE_LOOP('',(#3941,#3942,#3943,#3951));
#3941 = ORIENTED_EDGE('',*,*,#471,.T.);
#3942 = ORIENTED_EDGE('',*,*,#3928,.T.);
#3943 = ORIENTED_EDGE('',*,*,#3944,.T.);
#3944 = EDGE_CURVE('',#3921,#3945,#3947,.T.);
#3945 = VERTEX_POINT('',#3946);
#3946 = CARTESIAN_POINT('',(-4.162768775266,4.184514285714,
    22.311185714286));
#3947 = LINE('',#3948,#3949);
#3948 = CARTESIAN_POINT('',(-4.162768775266,4.2185,22.328271428571));
#3949 = VECTOR('',#3950,1.);
#3950 = DIRECTION('',(0.,-0.893448612452,-0.449165422653));
#3951 = ORIENTED_EDGE('',*,*,#3952,.F.);
#3952 = EDGE_CURVE('',#464,#3945,#3953,.T.);
#3953 = LINE('',#3954,#3955);
#3954 = CARTESIAN_POINT('',(-4.762768775266,4.184514285714,
    22.311185714286));
#3955 = VECTOR('',#3956,1.);
#3956 = DIRECTION('',(1.,0.,0.));
#3957 = PLANE('',#3958);
#3958 = AXIS2_PLACEMENT_3D('',#3959,#3960,#3961);
#3959 = CARTESIAN_POINT('',(-4.762768775266,4.2185,22.328271428571));
#3960 = DIRECTION('',(0.,0.449165422653,-0.893448612452));
#3961 = DIRECTION('',(0.,-0.893448612452,-0.449165422653));
#3962 = ADVANCED_FACE('',(#3963),#3981,.T.);
#3963 = FACE_BOUND('',#3964,.T.);
#3964 = EDGE_LOOP('',(#3965,#3966,#3967,#3975));
#3965 = ORIENTED_EDGE('',*,*,#463,.T.);
#3966 = ORIENTED_EDGE('',*,*,#3952,.T.);
#3967 = ORIENTED_EDGE('',*,*,#3968,.T.);
#3968 = EDGE_CURVE('',#3945,#3969,#3971,.T.);
#3969 = VERTEX_POINT('',#3970);
#3970 = CARTESIAN_POINT('',(-4.162768775266,4.150342857143,
    22.288342857143));
#3971 = LINE('',#3972,#3973);
#3972 = CARTESIAN_POINT('',(-4.162768775266,4.184514285714,
    22.311185714286));
#3973 = VECTOR('',#3974,1.);
#3974 = DIRECTION('',(0.,-0.831354528555,-0.555742429414));
#3975 = ORIENTED_EDGE('',*,*,#3976,.F.);
#3976 = EDGE_CURVE('',#456,#3969,#3977,.T.);
#3977 = LINE('',#3978,#3979);
#3978 = CARTESIAN_POINT('',(-4.762768775266,4.150342857143,
    22.288342857143));
#3979 = VECTOR('',#3980,1.);
#3980 = DIRECTION('',(1.,0.,0.));
#3981 = PLANE('',#3982);
#3982 = AXIS2_PLACEMENT_3D('',#3983,#3984,#3985);
#3983 = CARTESIAN_POINT('',(-4.762768775266,4.184514285714,
    22.311185714286));
#3984 = DIRECTION('',(0.,0.555742429414,-0.831354528555));
#3985 = DIRECTION('',(0.,-0.831354528555,-0.555742429414));
#3986 = ADVANCED_FACE('',(#3987),#4005,.T.);
#3987 = FACE_BOUND('',#3988,.T.);
#3988 = EDGE_LOOP('',(#3989,#3990,#3991,#3999));
#3989 = ORIENTED_EDGE('',*,*,#455,.T.);
#3990 = ORIENTED_EDGE('',*,*,#3976,.T.);
#3991 = ORIENTED_EDGE('',*,*,#3992,.T.);
#3992 = EDGE_CURVE('',#3969,#3993,#3995,.T.);
#3993 = VERTEX_POINT('',#3994);
#3994 = CARTESIAN_POINT('',(-4.162768775266,4.1275,22.271257142857));
#3995 = LINE('',#3996,#3997);
#3996 = CARTESIAN_POINT('',(-4.162768775266,4.150342857143,
    22.288342857143));
#3997 = VECTOR('',#3998,1.);
#3998 = DIRECTION('',(0.,-0.80078057117,-0.598957825591));
#3999 = ORIENTED_EDGE('',*,*,#4000,.F.);
#4000 = EDGE_CURVE('',#448,#3993,#4001,.T.);
#4001 = LINE('',#4002,#4003);
#4002 = CARTESIAN_POINT('',(-4.762768775266,4.1275,22.271257142857));
#4003 = VECTOR('',#4004,1.);
#4004 = DIRECTION('',(1.,0.,0.));
#4005 = PLANE('',#4006);
#4006 = AXIS2_PLACEMENT_3D('',#4007,#4008,#4009);
#4007 = CARTESIAN_POINT('',(-4.762768775266,4.150342857143,
    22.288342857143));
#4008 = DIRECTION('',(0.,0.598957825591,-0.80078057117));
#4009 = DIRECTION('',(0.,-0.80078057117,-0.598957825591));
#4010 = ADVANCED_FACE('',(#4011),#4029,.T.);
#4011 = FACE_BOUND('',#4012,.T.);
#4012 = EDGE_LOOP('',(#4013,#4014,#4015,#4023));
#4013 = ORIENTED_EDGE('',*,*,#447,.T.);
#4014 = ORIENTED_EDGE('',*,*,#4000,.T.);
#4015 = ORIENTED_EDGE('',*,*,#4016,.T.);
#4016 = EDGE_CURVE('',#3993,#4017,#4019,.T.);
#4017 = VERTEX_POINT('',#4018);
#4018 = CARTESIAN_POINT('',(-4.162768775266,4.093142857143,
    22.237085714286));
#4019 = LINE('',#4020,#4021);
#4020 = CARTESIAN_POINT('',(-4.162768775266,4.1275,22.271257142857));
#4021 = VECTOR('',#4022,1.);
#4022 = DIRECTION('',(0.,-0.70902045612,-0.705187913114));
#4023 = ORIENTED_EDGE('',*,*,#4024,.F.);
#4024 = EDGE_CURVE('',#440,#4017,#4025,.T.);
#4025 = LINE('',#4026,#4027);
#4026 = CARTESIAN_POINT('',(-4.762768775266,4.093142857143,
    22.237085714286));
#4027 = VECTOR('',#4028,1.);
#4028 = DIRECTION('',(1.,0.,0.));
#4029 = PLANE('',#4030);
#4030 = AXIS2_PLACEMENT_3D('',#4031,#4032,#4033);
#4031 = CARTESIAN_POINT('',(-4.762768775266,4.1275,22.271257142857));
#4032 = DIRECTION('',(0.,0.705187913114,-0.70902045612));
#4033 = DIRECTION('',(0.,-0.70902045612,-0.705187913114));
#4034 = ADVANCED_FACE('',(#4035),#4053,.T.);
#4035 = FACE_BOUND('',#4036,.T.);
#4036 = EDGE_LOOP('',(#4037,#4038,#4039,#4047));
#4037 = ORIENTED_EDGE('',*,*,#439,.T.);
#4038 = ORIENTED_EDGE('',*,*,#4024,.T.);
#4039 = ORIENTED_EDGE('',*,*,#4040,.T.);
#4040 = EDGE_CURVE('',#4017,#4041,#4043,.T.);
#4041 = VERTEX_POINT('',#4042);
#4042 = CARTESIAN_POINT('',(-4.162768775266,4.064728571429,
    22.208485714286));
#4043 = LINE('',#4044,#4045);
#4044 = CARTESIAN_POINT('',(-4.162768775266,4.093142857143,
    22.237085714286));
#4045 = VECTOR('',#4046,1.);
#4046 = DIRECTION('',(0.,-0.704799762748,-0.709406297146));
#4047 = ORIENTED_EDGE('',*,*,#4048,.F.);
#4048 = EDGE_CURVE('',#432,#4041,#4049,.T.);
#4049 = LINE('',#4050,#4051);
#4050 = CARTESIAN_POINT('',(-4.762768775266,4.064728571429,
    22.208485714286));
#4051 = VECTOR('',#4052,1.);
#4052 = DIRECTION('',(1.,0.,0.));
#4053 = PLANE('',#4054);
#4054 = AXIS2_PLACEMENT_3D('',#4055,#4056,#4057);
#4055 = CARTESIAN_POINT('',(-4.762768775266,4.093142857143,
    22.237085714286));
#4056 = DIRECTION('',(0.,0.709406297146,-0.704799762748));
#4057 = DIRECTION('',(0.,-0.704799762748,-0.709406297146));
#4058 = ADVANCED_FACE('',(#4059),#4077,.T.);
#4059 = FACE_BOUND('',#4060,.T.);
#4060 = EDGE_LOOP('',(#4061,#4062,#4063,#4071));
#4061 = ORIENTED_EDGE('',*,*,#431,.T.);
#4062 = ORIENTED_EDGE('',*,*,#4048,.T.);
#4063 = ORIENTED_EDGE('',*,*,#4064,.T.);
#4064 = EDGE_CURVE('',#4041,#4065,#4067,.T.);
#4065 = VERTEX_POINT('',#4066);
#4066 = CARTESIAN_POINT('',(-4.162768775266,4.041885714286,
    22.185642857143));
#4067 = LINE('',#4068,#4069);
#4068 = CARTESIAN_POINT('',(-4.162768775266,4.064728571429,
    22.208485714286));
#4069 = VECTOR('',#4070,1.);
#4070 = DIRECTION('',(0.,-0.707106781187,-0.707106781187));
#4071 = ORIENTED_EDGE('',*,*,#4072,.F.);
#4072 = EDGE_CURVE('',#424,#4065,#4073,.T.);
#4073 = LINE('',#4074,#4075);
#4074 = CARTESIAN_POINT('',(-4.762768775266,4.041885714286,
    22.185642857143));
#4075 = VECTOR('',#4076,1.);
#4076 = DIRECTION('',(1.,0.,0.));
#4077 = PLANE('',#4078);
#4078 = AXIS2_PLACEMENT_3D('',#4079,#4080,#4081);
#4079 = CARTESIAN_POINT('',(-4.762768775266,4.064728571429,
    22.208485714286));
#4080 = DIRECTION('',(0.,0.707106781187,-0.707106781187));
#4081 = DIRECTION('',(0.,-0.707106781187,-0.707106781187));
#4082 = ADVANCED_FACE('',(#4083),#4101,.T.);
#4083 = FACE_BOUND('',#4084,.T.);
#4084 = EDGE_LOOP('',(#4085,#4086,#4087,#4095));
#4085 = ORIENTED_EDGE('',*,*,#423,.T.);
#4086 = ORIENTED_EDGE('',*,*,#4072,.T.);
#4087 = ORIENTED_EDGE('',*,*,#4088,.T.);
#4088 = EDGE_CURVE('',#4065,#4089,#4091,.T.);
#4089 = VERTEX_POINT('',#4090);
#4090 = CARTESIAN_POINT('',(-4.162768775266,4.019042857143,
    22.151471428571));
#4091 = LINE('',#4092,#4093);
#4092 = CARTESIAN_POINT('',(-4.162768775266,4.041885714286,
    22.185642857143));
#4093 = VECTOR('',#4094,1.);
#4094 = DIRECTION('',(0.,-0.555742429414,-0.831354528555));
#4095 = ORIENTED_EDGE('',*,*,#4096,.F.);
#4096 = EDGE_CURVE('',#416,#4089,#4097,.T.);
#4097 = LINE('',#4098,#4099);
#4098 = CARTESIAN_POINT('',(-4.762768775266,4.019042857143,
    22.151471428571));
#4099 = VECTOR('',#4100,1.);
#4100 = DIRECTION('',(1.,0.,0.));
#4101 = PLANE('',#4102);
#4102 = AXIS2_PLACEMENT_3D('',#4103,#4104,#4105);
#4103 = CARTESIAN_POINT('',(-4.762768775266,4.041885714286,
    22.185642857143));
#4104 = DIRECTION('',(0.,0.831354528555,-0.555742429414));
#4105 = DIRECTION('',(0.,-0.555742429414,-0.831354528555));
#4106 = ADVANCED_FACE('',(#4107),#4125,.T.);
#4107 = FACE_BOUND('',#4108,.T.);
#4108 = EDGE_LOOP('',(#4109,#4110,#4111,#4119));
#4109 = ORIENTED_EDGE('',*,*,#415,.T.);
#4110 = ORIENTED_EDGE('',*,*,#4096,.T.);
#4111 = ORIENTED_EDGE('',*,*,#4112,.T.);
#4112 = EDGE_CURVE('',#4089,#4113,#4115,.T.);
#4113 = VERTEX_POINT('',#4114);
#4114 = CARTESIAN_POINT('',(-4.162768775266,3.9962,22.111542857143));
#4115 = LINE('',#4116,#4117);
#4116 = CARTESIAN_POINT('',(-4.162768775266,4.019042857143,
    22.151471428571));
#4117 = VECTOR('',#4118,1.);
#4118 = DIRECTION('',(0.,-0.49657364983,-0.867994591167));
#4119 = ORIENTED_EDGE('',*,*,#4120,.F.);
#4120 = EDGE_CURVE('',#408,#4113,#4121,.T.);
#4121 = LINE('',#4122,#4123);
#4122 = CARTESIAN_POINT('',(-4.762768775266,3.9962,22.111542857143));
#4123 = VECTOR('',#4124,1.);
#4124 = DIRECTION('',(1.,0.,0.));
#4125 = PLANE('',#4126);
#4126 = AXIS2_PLACEMENT_3D('',#4127,#4128,#4129);
#4127 = CARTESIAN_POINT('',(-4.762768775266,4.019042857143,
    22.151471428571));
#4128 = DIRECTION('',(0.,0.867994591167,-0.49657364983));
#4129 = DIRECTION('',(0.,-0.49657364983,-0.867994591167));
#4130 = ADVANCED_FACE('',(#4131),#4149,.T.);
#4131 = FACE_BOUND('',#4132,.T.);
#4132 = EDGE_LOOP('',(#4133,#4134,#4135,#4143));
#4133 = ORIENTED_EDGE('',*,*,#407,.T.);
#4134 = ORIENTED_EDGE('',*,*,#4120,.T.);
#4135 = ORIENTED_EDGE('',*,*,#4136,.T.);
#4136 = EDGE_CURVE('',#4113,#4137,#4139,.T.);
#4137 = VERTEX_POINT('',#4138);
#4138 = CARTESIAN_POINT('',(-4.162768775266,3.979114285714,
    22.082942857143));
#4139 = LINE('',#4140,#4141);
#4140 = CARTESIAN_POINT('',(-4.162768775266,3.9962,22.111542857143));
#4141 = VECTOR('',#4142,1.);
#4142 = DIRECTION('',(0.,-0.512855252126,-0.85847509595));
#4143 = ORIENTED_EDGE('',*,*,#4144,.F.);
#4144 = EDGE_CURVE('',#400,#4137,#4145,.T.);
#4145 = LINE('',#4146,#4147);
#4146 = CARTESIAN_POINT('',(-4.762768775266,3.979114285714,
    22.082942857143));
#4147 = VECTOR('',#4148,1.);
#4148 = DIRECTION('',(1.,0.,0.));
#4149 = PLANE('',#4150);
#4150 = AXIS2_PLACEMENT_3D('',#4151,#4152,#4153);
#4151 = CARTESIAN_POINT('',(-4.762768775266,3.9962,22.111542857143));
#4152 = DIRECTION('',(0.,0.85847509595,-0.512855252126));
#4153 = DIRECTION('',(0.,-0.512855252126,-0.85847509595));
#4154 = ADVANCED_FACE('',(#4155),#4173,.T.);
#4155 = FACE_BOUND('',#4156,.T.);
#4156 = EDGE_LOOP('',(#4157,#4158,#4159,#4167));
#4157 = ORIENTED_EDGE('',*,*,#399,.T.);
#4158 = ORIENTED_EDGE('',*,*,#4144,.T.);
#4159 = ORIENTED_EDGE('',*,*,#4160,.T.);
#4160 = EDGE_CURVE('',#4137,#4161,#4163,.T.);
#4161 = VERTEX_POINT('',#4162);
#4162 = CARTESIAN_POINT('',(-4.162768775266,3.962028571429,
    22.048771428571));
#4163 = LINE('',#4164,#4165);
#4164 = CARTESIAN_POINT('',(-4.162768775266,3.979114285714,
    22.082942857143));
#4165 = VECTOR('',#4166,1.);
#4166 = DIRECTION('',(0.,-0.4472135955,-0.894427191));
#4167 = ORIENTED_EDGE('',*,*,#4168,.F.);
#4168 = EDGE_CURVE('',#392,#4161,#4169,.T.);
#4169 = LINE('',#4170,#4171);
#4170 = CARTESIAN_POINT('',(-4.762768775266,3.962028571429,
    22.048771428571));
#4171 = VECTOR('',#4172,1.);
#4172 = DIRECTION('',(1.,0.,0.));
#4173 = PLANE('',#4174);
#4174 = AXIS2_PLACEMENT_3D('',#4175,#4176,#4177);
#4175 = CARTESIAN_POINT('',(-4.762768775266,3.979114285714,
    22.082942857143));
#4176 = DIRECTION('',(0.,0.894427191,-0.4472135955));
#4177 = DIRECTION('',(0.,-0.4472135955,-0.894427191));
#4178 = ADVANCED_FACE('',(#4179),#4197,.T.);
#4179 = FACE_BOUND('',#4180,.T.);
#4180 = EDGE_LOOP('',(#4181,#4182,#4183,#4191));
#4181 = ORIENTED_EDGE('',*,*,#391,.T.);
#4182 = ORIENTED_EDGE('',*,*,#4168,.T.);
#4183 = ORIENTED_EDGE('',*,*,#4184,.T.);
#4184 = EDGE_CURVE('',#4161,#4185,#4187,.T.);
#4185 = VERTEX_POINT('',#4186);
#4186 = CARTESIAN_POINT('',(-4.162768775266,3.950514285714,22.0146));
#4187 = LINE('',#4188,#4189);
#4188 = CARTESIAN_POINT('',(-4.162768775266,3.962028571429,
    22.048771428571));
#4189 = VECTOR('',#4190,1.);
#4190 = DIRECTION('',(0.,-0.319316245627,-0.947648212829));
#4191 = ORIENTED_EDGE('',*,*,#4192,.F.);
#4192 = EDGE_CURVE('',#384,#4185,#4193,.T.);
#4193 = LINE('',#4194,#4195);
#4194 = CARTESIAN_POINT('',(-4.762768775266,3.950514285714,22.0146));
#4195 = VECTOR('',#4196,1.);
#4196 = DIRECTION('',(1.,0.,0.));
#4197 = PLANE('',#4198);
#4198 = AXIS2_PLACEMENT_3D('',#4199,#4200,#4201);
#4199 = CARTESIAN_POINT('',(-4.762768775266,3.962028571429,
    22.048771428571));
#4200 = DIRECTION('',(0.,0.947648212829,-0.319316245627));
#4201 = DIRECTION('',(0.,-0.319316245627,-0.947648212829));
#4202 = ADVANCED_FACE('',(#4203),#4221,.T.);
#4203 = FACE_BOUND('',#4204,.T.);
#4204 = EDGE_LOOP('',(#4205,#4206,#4207,#4215));
#4205 = ORIENTED_EDGE('',*,*,#383,.T.);
#4206 = ORIENTED_EDGE('',*,*,#4192,.T.);
#4207 = ORIENTED_EDGE('',*,*,#4208,.T.);
#4208 = EDGE_CURVE('',#4185,#4209,#4211,.T.);
#4209 = VERTEX_POINT('',#4210);
#4210 = CARTESIAN_POINT('',(-4.162768775266,3.933428571429,
    21.974671428571));
#4211 = LINE('',#4212,#4213);
#4212 = CARTESIAN_POINT('',(-4.162768775266,3.950514285714,22.0146));
#4213 = VECTOR('',#4214,1.);
#4214 = DIRECTION('',(0.,-0.393403152889,-0.919366063816));
#4215 = ORIENTED_EDGE('',*,*,#4216,.F.);
#4216 = EDGE_CURVE('',#376,#4209,#4217,.T.);
#4217 = LINE('',#4218,#4219);
#4218 = CARTESIAN_POINT('',(-4.762768775266,3.933428571429,
    21.974671428571));
#4219 = VECTOR('',#4220,1.);
#4220 = DIRECTION('',(1.,0.,0.));
#4221 = PLANE('',#4222);
#4222 = AXIS2_PLACEMENT_3D('',#4223,#4224,#4225);
#4223 = CARTESIAN_POINT('',(-4.762768775266,3.950514285714,22.0146));
#4224 = DIRECTION('',(0.,0.919366063816,-0.393403152889));
#4225 = DIRECTION('',(0.,-0.393403152889,-0.919366063816));
#4226 = ADVANCED_FACE('',(#4227),#4245,.T.);
#4227 = FACE_BOUND('',#4228,.T.);
#4228 = EDGE_LOOP('',(#4229,#4230,#4231,#4239));
#4229 = ORIENTED_EDGE('',*,*,#375,.T.);
#4230 = ORIENTED_EDGE('',*,*,#4216,.T.);
#4231 = ORIENTED_EDGE('',*,*,#4232,.T.);
#4232 = EDGE_CURVE('',#4209,#4233,#4235,.T.);
#4233 = VERTEX_POINT('',#4234);
#4234 = CARTESIAN_POINT('',(-4.162768775266,3.927671428571,
    21.940314285714));
#4235 = LINE('',#4236,#4237);
#4236 = CARTESIAN_POINT('',(-4.162768775266,3.933428571429,
    21.974671428571));
#4237 = VECTOR('',#4238,1.);
#4238 = DIRECTION('',(0.,-0.165263423329,-0.986249461804));
#4239 = ORIENTED_EDGE('',*,*,#4240,.F.);
#4240 = EDGE_CURVE('',#368,#4233,#4241,.T.);
#4241 = LINE('',#4242,#4243);
#4242 = CARTESIAN_POINT('',(-4.762768775266,3.927671428571,
    21.940314285714));
#4243 = VECTOR('',#4244,1.);
#4244 = DIRECTION('',(1.,0.,0.));
#4245 = PLANE('',#4246);
#4246 = AXIS2_PLACEMENT_3D('',#4247,#4248,#4249);
#4247 = CARTESIAN_POINT('',(-4.762768775266,3.933428571429,
    21.974671428571));
#4248 = DIRECTION('',(0.,0.986249461804,-0.165263423329));
#4249 = DIRECTION('',(0.,-0.165263423329,-0.986249461804));
#4250 = ADVANCED_FACE('',(#4251),#4269,.T.);
#4251 = FACE_BOUND('',#4252,.T.);
#4252 = EDGE_LOOP('',(#4253,#4254,#4255,#4263));
#4253 = ORIENTED_EDGE('',*,*,#367,.T.);
#4254 = ORIENTED_EDGE('',*,*,#4240,.T.);
#4255 = ORIENTED_EDGE('',*,*,#4256,.T.);
#4256 = EDGE_CURVE('',#4233,#4257,#4259,.T.);
#4257 = VERTEX_POINT('',#4258);
#4258 = CARTESIAN_POINT('',(-4.162768775266,3.9221,21.889057142857));
#4259 = LINE('',#4260,#4261);
#4260 = CARTESIAN_POINT('',(-4.162768775266,3.927671428571,
    21.940314285714));
#4261 = VECTOR('',#4262,1.);
#4262 = DIRECTION('',(0.,-0.108059180768,-0.994144463069));
#4263 = ORIENTED_EDGE('',*,*,#4264,.F.);
#4264 = EDGE_CURVE('',#360,#4257,#4265,.T.);
#4265 = LINE('',#4266,#4267);
#4266 = CARTESIAN_POINT('',(-4.762768775266,3.9221,21.889057142857));
#4267 = VECTOR('',#4268,1.);
#4268 = DIRECTION('',(1.,0.,0.));
#4269 = PLANE('',#4270);
#4270 = AXIS2_PLACEMENT_3D('',#4271,#4272,#4273);
#4271 = CARTESIAN_POINT('',(-4.762768775266,3.927671428571,
    21.940314285714));
#4272 = DIRECTION('',(0.,0.994144463069,-0.108059180768));
#4273 = DIRECTION('',(0.,-0.108059180768,-0.994144463069));
#4274 = ADVANCED_FACE('',(#4275),#4293,.T.);
#4275 = FACE_BOUND('',#4276,.T.);
#4276 = EDGE_LOOP('',(#4277,#4278,#4279,#4287));
#4277 = ORIENTED_EDGE('',*,*,#359,.T.);
#4278 = ORIENTED_EDGE('',*,*,#4264,.T.);
#4279 = ORIENTED_EDGE('',*,*,#4280,.T.);
#4280 = EDGE_CURVE('',#4257,#4281,#4283,.T.);
#4281 = VERTEX_POINT('',#4282);
#4282 = CARTESIAN_POINT('',(-4.162768775266,3.916342857143,
    21.826285714286));
#4283 = LINE('',#4284,#4285);
#4284 = CARTESIAN_POINT('',(-4.162768775266,3.9221,21.889057142857));
#4285 = VECTOR('',#4286,1.);
#4286 = DIRECTION('',(0.,-9.133264387955E-02,-0.995820439719));
#4287 = ORIENTED_EDGE('',*,*,#4288,.F.);
#4288 = EDGE_CURVE('',#352,#4281,#4289,.T.);
#4289 = LINE('',#4290,#4291);
#4290 = CARTESIAN_POINT('',(-4.762768775266,3.916342857143,
    21.826285714286));
#4291 = VECTOR('',#4292,1.);
#4292 = DIRECTION('',(1.,0.,0.));
#4293 = PLANE('',#4294);
#4294 = AXIS2_PLACEMENT_3D('',#4295,#4296,#4297);
#4295 = CARTESIAN_POINT('',(-4.762768775266,3.9221,21.889057142857));
#4296 = DIRECTION('',(0.,0.995820439719,-9.133264387955E-02));
#4297 = DIRECTION('',(0.,-9.133264387955E-02,-0.995820439719));
#4298 = ADVANCED_FACE('',(#4299),#4324,.T.);
#4299 = FACE_BOUND('',#4300,.T.);
#4300 = EDGE_LOOP('',(#4301,#4302,#4310,#4318));
#4301 = ORIENTED_EDGE('',*,*,#343,.T.);
#4302 = ORIENTED_EDGE('',*,*,#4303,.T.);
#4303 = EDGE_CURVE('',#344,#4304,#4306,.T.);
#4304 = VERTEX_POINT('',#4305);
#4305 = CARTESIAN_POINT('',(-4.162768775266,3.916342857143,
    20.599642857143));
#4306 = LINE('',#4307,#4308);
#4307 = CARTESIAN_POINT('',(-4.762768775266,3.916342857143,
    20.599642857143));
#4308 = VECTOR('',#4309,1.);
#4309 = DIRECTION('',(1.,0.,0.));
#4310 = ORIENTED_EDGE('',*,*,#4311,.T.);
#4311 = EDGE_CURVE('',#4304,#4312,#4314,.T.);
#4312 = VERTEX_POINT('',#4313);
#4313 = CARTESIAN_POINT('',(-4.162768775266,3.927857142857,
    20.553957142857));
#4314 = LINE('',#4315,#4316);
#4315 = CARTESIAN_POINT('',(-4.162768775266,3.916342857143,
    20.599642857143));
#4316 = VECTOR('',#4317,1.);
#4317 = DIRECTION('',(-0.,0.244390135281,-0.969676988372));
#4318 = ORIENTED_EDGE('',*,*,#4319,.F.);
#4319 = EDGE_CURVE('',#336,#4312,#4320,.T.);
#4320 = LINE('',#4321,#4322);
#4321 = CARTESIAN_POINT('',(-4.762768775266,3.927857142857,
    20.553957142857));
#4322 = VECTOR('',#4323,1.);
#4323 = DIRECTION('',(1.,0.,0.));
#4324 = PLANE('',#4325);
#4325 = AXIS2_PLACEMENT_3D('',#4326,#4327,#4328);
#4326 = CARTESIAN_POINT('',(-4.762768775266,3.916342857143,
    20.599642857143));
#4327 = DIRECTION('',(-0.,0.969676988372,0.244390135281));
#4328 = DIRECTION('',(0.,0.244390135281,-0.969676988372));
#4329 = ADVANCED_FACE('',(#4330),#4348,.T.);
#4330 = FACE_BOUND('',#4331,.T.);
#4331 = EDGE_LOOP('',(#4332,#4333,#4334,#4342));
#4332 = ORIENTED_EDGE('',*,*,#335,.T.);
#4333 = ORIENTED_EDGE('',*,*,#4319,.T.);
#4334 = ORIENTED_EDGE('',*,*,#4335,.T.);
#4335 = EDGE_CURVE('',#4312,#4336,#4338,.T.);
#4336 = VERTEX_POINT('',#4337);
#4337 = CARTESIAN_POINT('',(-4.162768775266,3.933614285714,
    20.519785714286));
#4338 = LINE('',#4339,#4340);
#4339 = CARTESIAN_POINT('',(-4.162768775266,3.927857142857,
    20.553957142857));
#4340 = VECTOR('',#4341,1.);
#4341 = DIRECTION('',(-0.,0.166136868447,-0.98610270304));
#4342 = ORIENTED_EDGE('',*,*,#4343,.F.);
#4343 = EDGE_CURVE('',#328,#4336,#4344,.T.);
#4344 = LINE('',#4345,#4346);
#4345 = CARTESIAN_POINT('',(-4.762768775266,3.933614285714,
    20.519785714286));
#4346 = VECTOR('',#4347,1.);
#4347 = DIRECTION('',(1.,0.,0.));
#4348 = PLANE('',#4349);
#4349 = AXIS2_PLACEMENT_3D('',#4350,#4351,#4352);
#4350 = CARTESIAN_POINT('',(-4.762768775266,3.927857142857,
    20.553957142857));
#4351 = DIRECTION('',(-0.,0.98610270304,0.166136868447));
#4352 = DIRECTION('',(0.,0.166136868447,-0.98610270304));
#4353 = ADVANCED_FACE('',(#4354),#4372,.T.);
#4354 = FACE_BOUND('',#4355,.T.);
#4355 = EDGE_LOOP('',(#4356,#4357,#4358,#4366));
#4356 = ORIENTED_EDGE('',*,*,#327,.T.);
#4357 = ORIENTED_EDGE('',*,*,#4343,.T.);
#4358 = ORIENTED_EDGE('',*,*,#4359,.T.);
#4359 = EDGE_CURVE('',#4336,#4360,#4362,.T.);
#4360 = VERTEX_POINT('',#4361);
#4361 = CARTESIAN_POINT('',(-4.162768775266,3.950885714286,
    20.479857142857));
#4362 = LINE('',#4363,#4364);
#4363 = CARTESIAN_POINT('',(-4.162768775266,3.933614285714,
    20.519785714286));
#4364 = VECTOR('',#4365,1.);
#4365 = DIRECTION('',(-0.,0.397008348188,-0.917814998499));
#4366 = ORIENTED_EDGE('',*,*,#4367,.F.);
#4367 = EDGE_CURVE('',#320,#4360,#4368,.T.);
#4368 = LINE('',#4369,#4370);
#4369 = CARTESIAN_POINT('',(-4.762768775266,3.950885714286,
    20.479857142857));
#4370 = VECTOR('',#4371,1.);
#4371 = DIRECTION('',(1.,0.,0.));
#4372 = PLANE('',#4373);
#4373 = AXIS2_PLACEMENT_3D('',#4374,#4375,#4376);
#4374 = CARTESIAN_POINT('',(-4.762768775266,3.933614285714,
    20.519785714286));
#4375 = DIRECTION('',(-0.,0.917814998499,0.397008348188));
#4376 = DIRECTION('',(0.,0.397008348188,-0.917814998499));
#4377 = ADVANCED_FACE('',(#4378),#4396,.T.);
#4378 = FACE_BOUND('',#4379,.T.);
#4379 = EDGE_LOOP('',(#4380,#4381,#4382,#4390));
#4380 = ORIENTED_EDGE('',*,*,#319,.T.);
#4381 = ORIENTED_EDGE('',*,*,#4367,.T.);
#4382 = ORIENTED_EDGE('',*,*,#4383,.T.);
#4383 = EDGE_CURVE('',#4360,#4384,#4386,.T.);
#4384 = VERTEX_POINT('',#4385);
#4385 = CARTESIAN_POINT('',(-4.162768775266,3.9624,20.451257142857));
#4386 = LINE('',#4387,#4388);
#4387 = CARTESIAN_POINT('',(-4.162768775266,3.950885714286,
    20.479857142857));
#4388 = VECTOR('',#4389,1.);
#4389 = DIRECTION('',(-0.,0.373466870858,-0.927643517938));
#4390 = ORIENTED_EDGE('',*,*,#4391,.F.);
#4391 = EDGE_CURVE('',#312,#4384,#4392,.T.);
#4392 = LINE('',#4393,#4394);
#4393 = CARTESIAN_POINT('',(-4.762768775266,3.9624,20.451257142857));
#4394 = VECTOR('',#4395,1.);
#4395 = DIRECTION('',(1.,0.,0.));
#4396 = PLANE('',#4397);
#4397 = AXIS2_PLACEMENT_3D('',#4398,#4399,#4400);
#4398 = CARTESIAN_POINT('',(-4.762768775266,3.950885714286,
    20.479857142857));
#4399 = DIRECTION('',(-0.,0.927643517938,0.373466870858));
#4400 = DIRECTION('',(0.,0.373466870858,-0.927643517938));
#4401 = ADVANCED_FACE('',(#4402),#4420,.T.);
#4402 = FACE_BOUND('',#4403,.T.);
#4403 = EDGE_LOOP('',(#4404,#4405,#4406,#4414));
#4404 = ORIENTED_EDGE('',*,*,#311,.T.);
#4405 = ORIENTED_EDGE('',*,*,#4391,.T.);
#4406 = ORIENTED_EDGE('',*,*,#4407,.T.);
#4407 = EDGE_CURVE('',#4384,#4408,#4410,.T.);
#4408 = VERTEX_POINT('',#4409);
#4409 = CARTESIAN_POINT('',(-4.162768775266,3.996942857143,
    20.388671428571));
#4410 = LINE('',#4411,#4412);
#4411 = CARTESIAN_POINT('',(-4.162768775266,3.9624,20.451257142857));
#4412 = VECTOR('',#4413,1.);
#4413 = DIRECTION('',(-0.,0.483214693258,-0.875501890472));
#4414 = ORIENTED_EDGE('',*,*,#4415,.F.);
#4415 = EDGE_CURVE('',#304,#4408,#4416,.T.);
#4416 = LINE('',#4417,#4418);
#4417 = CARTESIAN_POINT('',(-4.762768775266,3.996942857143,
    20.388671428571));
#4418 = VECTOR('',#4419,1.);
#4419 = DIRECTION('',(1.,0.,0.));
#4420 = PLANE('',#4421);
#4421 = AXIS2_PLACEMENT_3D('',#4422,#4423,#4424);
#4422 = CARTESIAN_POINT('',(-4.762768775266,3.9624,20.451257142857));
#4423 = DIRECTION('',(-0.,0.875501890472,0.483214693258));
#4424 = DIRECTION('',(0.,0.483214693258,-0.875501890472));
#4425 = ADVANCED_FACE('',(#4426),#4444,.T.);
#4426 = FACE_BOUND('',#4427,.T.);
#4427 = EDGE_LOOP('',(#4428,#4429,#4430,#4438));
#4428 = ORIENTED_EDGE('',*,*,#303,.T.);
#4429 = ORIENTED_EDGE('',*,*,#4415,.T.);
#4430 = ORIENTED_EDGE('',*,*,#4431,.T.);
#4431 = EDGE_CURVE('',#4408,#4432,#4434,.T.);
#4432 = VERTEX_POINT('',#4433);
#4433 = CARTESIAN_POINT('',(-4.162768775266,4.031485714286,
    20.337228571429));
#4434 = LINE('',#4435,#4436);
#4435 = CARTESIAN_POINT('',(-4.162768775266,3.996942857143,
    20.388671428571));
#4436 = VECTOR('',#4437,1.);
#4437 = DIRECTION('',(-0.,0.55746369916,-0.830201315416));
#4438 = ORIENTED_EDGE('',*,*,#4439,.F.);
#4439 = EDGE_CURVE('',#296,#4432,#4440,.T.);
#4440 = LINE('',#4441,#4442);
#4441 = CARTESIAN_POINT('',(-4.762768775266,4.031485714286,
    20.337228571429));
#4442 = VECTOR('',#4443,1.);
#4443 = DIRECTION('',(1.,0.,0.));
#4444 = PLANE('',#4445);
#4445 = AXIS2_PLACEMENT_3D('',#4446,#4447,#4448);
#4446 = CARTESIAN_POINT('',(-4.762768775266,3.996942857143,
    20.388671428571));
#4447 = DIRECTION('',(-0.,0.830201315416,0.55746369916));
#4448 = DIRECTION('',(0.,0.55746369916,-0.830201315416));
#4449 = ADVANCED_FACE('',(#4450),#4468,.T.);
#4450 = FACE_BOUND('',#4451,.T.);
#4451 = EDGE_LOOP('',(#4452,#4453,#4454,#4462));
#4452 = ORIENTED_EDGE('',*,*,#295,.T.);
#4453 = ORIENTED_EDGE('',*,*,#4439,.T.);
#4454 = ORIENTED_EDGE('',*,*,#4455,.T.);
#4455 = EDGE_CURVE('',#4432,#4456,#4458,.T.);
#4456 = VERTEX_POINT('',#4457);
#4457 = CARTESIAN_POINT('',(-4.162768775266,4.0547,20.303057142857));
#4458 = LINE('',#4459,#4460);
#4459 = CARTESIAN_POINT('',(-4.162768775266,4.031485714286,
    20.337228571429));
#4460 = VECTOR('',#4461,1.);
#4461 = DIRECTION('',(-0.,0.561941076348,-0.827177264384));
#4462 = ORIENTED_EDGE('',*,*,#4463,.F.);
#4463 = EDGE_CURVE('',#288,#4456,#4464,.T.);
#4464 = LINE('',#4465,#4466);
#4465 = CARTESIAN_POINT('',(-4.762768775266,4.0547,20.303057142857));
#4466 = VECTOR('',#4467,1.);
#4467 = DIRECTION('',(1.,0.,0.));
#4468 = PLANE('',#4469);
#4469 = AXIS2_PLACEMENT_3D('',#4470,#4471,#4472);
#4470 = CARTESIAN_POINT('',(-4.762768775266,4.031485714286,
    20.337228571429));
#4471 = DIRECTION('',(-0.,0.827177264384,0.561941076348));
#4472 = DIRECTION('',(0.,0.561941076348,-0.827177264384));
#4473 = ADVANCED_FACE('',(#4474),#4492,.T.);
#4474 = FACE_BOUND('',#4475,.T.);
#4475 = EDGE_LOOP('',(#4476,#4477,#4478,#4486));
#4476 = ORIENTED_EDGE('',*,*,#287,.T.);
#4477 = ORIENTED_EDGE('',*,*,#4463,.T.);
#4478 = ORIENTED_EDGE('',*,*,#4479,.T.);
#4479 = EDGE_CURVE('',#4456,#4480,#4482,.T.);
#4480 = VERTEX_POINT('',#4481);
#4481 = CARTESIAN_POINT('',(-4.162768775266,4.083485714286,
    20.280214285714));
#4482 = LINE('',#4483,#4484);
#4483 = CARTESIAN_POINT('',(-4.162768775266,4.0547,20.303057142857));
#4484 = VECTOR('',#4485,1.);
#4485 = DIRECTION('',(-0.,0.783327962633,-0.621608641315));
#4486 = ORIENTED_EDGE('',*,*,#4487,.F.);
#4487 = EDGE_CURVE('',#280,#4480,#4488,.T.);
#4488 = LINE('',#4489,#4490);
#4489 = CARTESIAN_POINT('',(-4.762768775266,4.083485714286,
    20.280214285714));
#4490 = VECTOR('',#4491,1.);
#4491 = DIRECTION('',(1.,0.,0.));
#4492 = PLANE('',#4493);
#4493 = AXIS2_PLACEMENT_3D('',#4494,#4495,#4496);
#4494 = CARTESIAN_POINT('',(-4.762768775266,4.0547,20.303057142857));
#4495 = DIRECTION('',(-0.,0.621608641315,0.783327962633));
#4496 = DIRECTION('',(0.,0.783327962633,-0.621608641315));
#4497 = ADVANCED_FACE('',(#4498),#4516,.T.);
#4498 = FACE_BOUND('',#4499,.T.);
#4499 = EDGE_LOOP('',(#4500,#4501,#4502,#4510));
#4500 = ORIENTED_EDGE('',*,*,#279,.T.);
#4501 = ORIENTED_EDGE('',*,*,#4487,.T.);
#4502 = ORIENTED_EDGE('',*,*,#4503,.T.);
#4503 = EDGE_CURVE('',#4480,#4504,#4506,.T.);
#4504 = VERTEX_POINT('',#4505);
#4505 = CARTESIAN_POINT('',(-4.162768775266,4.1353,20.234528571429));
#4506 = LINE('',#4507,#4508);
#4507 = CARTESIAN_POINT('',(-4.162768775266,4.083485714286,
    20.280214285714));
#4508 = VECTOR('',#4509,1.);
#4509 = DIRECTION('',(-0.,0.750073176681,-0.661354843955));
#4510 = ORIENTED_EDGE('',*,*,#4511,.F.);
#4511 = EDGE_CURVE('',#272,#4504,#4512,.T.);
#4512 = LINE('',#4513,#4514);
#4513 = CARTESIAN_POINT('',(-4.762768775266,4.1353,20.234528571429));
#4514 = VECTOR('',#4515,1.);
#4515 = DIRECTION('',(1.,0.,0.));
#4516 = PLANE('',#4517);
#4517 = AXIS2_PLACEMENT_3D('',#4518,#4519,#4520);
#4518 = CARTESIAN_POINT('',(-4.762768775266,4.083485714286,
    20.280214285714));
#4519 = DIRECTION('',(-0.,0.661354843955,0.750073176681));
#4520 = DIRECTION('',(0.,0.750073176681,-0.661354843955));
#4521 = ADVANCED_FACE('',(#4522),#4540,.T.);
#4522 = FACE_BOUND('',#4523,.T.);
#4523 = EDGE_LOOP('',(#4524,#4525,#4526,#4534));
#4524 = ORIENTED_EDGE('',*,*,#271,.T.);
#4525 = ORIENTED_EDGE('',*,*,#4511,.T.);
#4526 = ORIENTED_EDGE('',*,*,#4527,.T.);
#4527 = EDGE_CURVE('',#4504,#4528,#4530,.T.);
#4528 = VERTEX_POINT('',#4529);
#4529 = CARTESIAN_POINT('',(-4.162768775266,4.164271428571,
    20.211685714286));
#4530 = LINE('',#4531,#4532);
#4531 = CARTESIAN_POINT('',(-4.162768775266,4.1353,20.234528571429));
#4532 = VECTOR('',#4533,1.);
#4533 = DIRECTION('',(-0.,0.785269165628,-0.619154534437));
#4534 = ORIENTED_EDGE('',*,*,#4535,.F.);
#4535 = EDGE_CURVE('',#264,#4528,#4536,.T.);
#4536 = LINE('',#4537,#4538);
#4537 = CARTESIAN_POINT('',(-4.762768775266,4.164271428571,
    20.211685714286));
#4538 = VECTOR('',#4539,1.);
#4539 = DIRECTION('',(1.,0.,0.));
#4540 = PLANE('',#4541);
#4541 = AXIS2_PLACEMENT_3D('',#4542,#4543,#4544);
#4542 = CARTESIAN_POINT('',(-4.762768775266,4.1353,20.234528571429));
#4543 = DIRECTION('',(-0.,0.619154534437,0.785269165628));
#4544 = DIRECTION('',(0.,0.785269165628,-0.619154534437));
#4545 = ADVANCED_FACE('',(#4546),#4564,.T.);
#4546 = FACE_BOUND('',#4547,.T.);
#4547 = EDGE_LOOP('',(#4548,#4549,#4550,#4558));
#4548 = ORIENTED_EDGE('',*,*,#263,.T.);
#4549 = ORIENTED_EDGE('',*,*,#4535,.T.);
#4550 = ORIENTED_EDGE('',*,*,#4551,.T.);
#4551 = EDGE_CURVE('',#4528,#4552,#4554,.T.);
#4552 = VERTEX_POINT('',#4553);
#4553 = CARTESIAN_POINT('',(-4.162768775266,4.198814285714,20.1946));
#4554 = LINE('',#4555,#4556);
#4555 = CARTESIAN_POINT('',(-4.162768775266,4.164271428571,
    20.211685714286));
#4556 = VECTOR('',#4557,1.);
#4557 = DIRECTION('',(-0.,0.896346509203,-0.443354187348));
#4558 = ORIENTED_EDGE('',*,*,#4559,.F.);
#4559 = EDGE_CURVE('',#256,#4552,#4560,.T.);
#4560 = LINE('',#4561,#4562);
#4561 = CARTESIAN_POINT('',(-4.762768775266,4.198814285714,20.1946));
#4562 = VECTOR('',#4563,1.);
#4563 = DIRECTION('',(1.,0.,0.));
#4564 = PLANE('',#4565);
#4565 = AXIS2_PLACEMENT_3D('',#4566,#4567,#4568);
#4566 = CARTESIAN_POINT('',(-4.762768775266,4.164271428571,
    20.211685714286));
#4567 = DIRECTION('',(-0.,0.443354187348,0.896346509203));
#4568 = DIRECTION('',(0.,0.896346509203,-0.443354187348));
#4569 = ADVANCED_FACE('',(#4570),#4588,.T.);
#4570 = FACE_BOUND('',#4571,.T.);
#4571 = EDGE_LOOP('',(#4572,#4573,#4574,#4582));
#4572 = ORIENTED_EDGE('',*,*,#255,.T.);
#4573 = ORIENTED_EDGE('',*,*,#4559,.T.);
#4574 = ORIENTED_EDGE('',*,*,#4575,.T.);
#4575 = EDGE_CURVE('',#4552,#4576,#4578,.T.);
#4576 = VERTEX_POINT('',#4577);
#4577 = CARTESIAN_POINT('',(-4.162768775266,4.256385714286,20.166));
#4578 = LINE('',#4579,#4580);
#4579 = CARTESIAN_POINT('',(-4.162768775266,4.198814285714,20.1946));
#4580 = VECTOR('',#4581,1.);
#4581 = DIRECTION('',(-0.,0.895579791821,-0.44490092884));
#4582 = ORIENTED_EDGE('',*,*,#4583,.F.);
#4583 = EDGE_CURVE('',#248,#4576,#4584,.T.);
#4584 = LINE('',#4585,#4586);
#4585 = CARTESIAN_POINT('',(-4.762768775266,4.256385714286,20.166));
#4586 = VECTOR('',#4587,1.);
#4587 = DIRECTION('',(1.,0.,0.));
#4588 = PLANE('',#4589);
#4589 = AXIS2_PLACEMENT_3D('',#4590,#4591,#4592);
#4590 = CARTESIAN_POINT('',(-4.762768775266,4.198814285714,20.1946));
#4591 = DIRECTION('',(-0.,0.44490092884,0.895579791821));
#4592 = DIRECTION('',(0.,0.895579791821,-0.44490092884));
#4593 = ADVANCED_FACE('',(#4594),#4612,.T.);
#4594 = FACE_BOUND('',#4595,.T.);
#4595 = EDGE_LOOP('',(#4596,#4597,#4598,#4606));
#4596 = ORIENTED_EDGE('',*,*,#247,.T.);
#4597 = ORIENTED_EDGE('',*,*,#4583,.T.);
#4598 = ORIENTED_EDGE('',*,*,#4599,.T.);
#4599 = EDGE_CURVE('',#4576,#4600,#4602,.T.);
#4600 = VERTEX_POINT('',#4601);
#4601 = CARTESIAN_POINT('',(-4.162768775266,4.291114285714,
    20.148914285714));
#4602 = LINE('',#4603,#4604);
#4603 = CARTESIAN_POINT('',(-4.162768775266,4.256385714286,20.166));
#4604 = VECTOR('',#4605,1.);
#4605 = DIRECTION('',(-0.,0.897287654694,-0.441446332791));
#4606 = ORIENTED_EDGE('',*,*,#4607,.F.);
#4607 = EDGE_CURVE('',#240,#4600,#4608,.T.);
#4608 = LINE('',#4609,#4610);
#4609 = CARTESIAN_POINT('',(-4.762768775266,4.291114285714,
    20.148914285714));
#4610 = VECTOR('',#4611,1.);
#4611 = DIRECTION('',(1.,0.,0.));
#4612 = PLANE('',#4613);
#4613 = AXIS2_PLACEMENT_3D('',#4614,#4615,#4616);
#4614 = CARTESIAN_POINT('',(-4.762768775266,4.256385714286,20.166));
#4615 = DIRECTION('',(-0.,0.441446332791,0.897287654694));
#4616 = DIRECTION('',(0.,0.897287654694,-0.441446332791));
#4617 = ADVANCED_FACE('',(#4618),#4636,.T.);
#4618 = FACE_BOUND('',#4619,.T.);
#4619 = EDGE_LOOP('',(#4620,#4621,#4622,#4630));
#4620 = ORIENTED_EDGE('',*,*,#239,.T.);
#4621 = ORIENTED_EDGE('',*,*,#4607,.T.);
#4622 = ORIENTED_EDGE('',*,*,#4623,.T.);
#4623 = EDGE_CURVE('',#4600,#4624,#4626,.T.);
#4624 = VERTEX_POINT('',#4625);
#4625 = CARTESIAN_POINT('',(-4.162768775266,4.325657142857,
    20.137585714286));
#4626 = LINE('',#4627,#4628);
#4627 = CARTESIAN_POINT('',(-4.162768775266,4.291114285714,
    20.148914285714));
#4628 = VECTOR('',#4629,1.);
#4629 = DIRECTION('',(-0.,0.950204744819,-0.311626287279));
#4630 = ORIENTED_EDGE('',*,*,#4631,.F.);
#4631 = EDGE_CURVE('',#232,#4624,#4632,.T.);
#4632 = LINE('',#4633,#4634);
#4633 = CARTESIAN_POINT('',(-4.762768775266,4.325657142857,
    20.137585714286));
#4634 = VECTOR('',#4635,1.);
#4635 = DIRECTION('',(1.,0.,0.));
#4636 = PLANE('',#4637);
#4637 = AXIS2_PLACEMENT_3D('',#4638,#4639,#4640);
#4638 = CARTESIAN_POINT('',(-4.762768775266,4.291114285714,
    20.148914285714));
#4639 = DIRECTION('',(-0.,0.311626287279,0.950204744819));
#4640 = DIRECTION('',(0.,0.950204744819,-0.311626287279));
#4641 = ADVANCED_FACE('',(#4642),#4660,.T.);
#4642 = FACE_BOUND('',#4643,.T.);
#4643 = EDGE_LOOP('',(#4644,#4645,#4646,#4654));
#4644 = ORIENTED_EDGE('',*,*,#231,.T.);
#4645 = ORIENTED_EDGE('',*,*,#4631,.T.);
#4646 = ORIENTED_EDGE('',*,*,#4647,.T.);
#4647 = EDGE_CURVE('',#4624,#4648,#4650,.T.);
#4648 = VERTEX_POINT('',#4649);
#4649 = CARTESIAN_POINT('',(-4.162768775266,4.365957142857,
    20.126071428571));
#4650 = LINE('',#4651,#4652);
#4651 = CARTESIAN_POINT('',(-4.162768775266,4.325657142857,
    20.137585714286));
#4652 = VECTOR('',#4653,1.);
#4653 = DIRECTION('',(-0.,0.961523947641,-0.274721127897));
#4654 = ORIENTED_EDGE('',*,*,#4655,.F.);
#4655 = EDGE_CURVE('',#224,#4648,#4656,.T.);
#4656 = LINE('',#4657,#4658);
#4657 = CARTESIAN_POINT('',(-4.762768775266,4.365957142857,
    20.126071428571));
#4658 = VECTOR('',#4659,1.);
#4659 = DIRECTION('',(1.,0.,0.));
#4660 = PLANE('',#4661);
#4661 = AXIS2_PLACEMENT_3D('',#4662,#4663,#4664);
#4662 = CARTESIAN_POINT('',(-4.762768775266,4.325657142857,
    20.137585714286));
#4663 = DIRECTION('',(-0.,0.274721127897,0.961523947641));
#4664 = DIRECTION('',(0.,0.961523947641,-0.274721127897));
#4665 = ADVANCED_FACE('',(#4666),#4684,.T.);
#4666 = FACE_BOUND('',#4667,.T.);
#4667 = EDGE_LOOP('',(#4668,#4669,#4670,#4678));
#4668 = ORIENTED_EDGE('',*,*,#223,.T.);
#4669 = ORIENTED_EDGE('',*,*,#4655,.T.);
#4670 = ORIENTED_EDGE('',*,*,#4671,.T.);
#4671 = EDGE_CURVE('',#4648,#4672,#4674,.T.);
#4672 = VERTEX_POINT('',#4673);
#4673 = CARTESIAN_POINT('',(-4.162768775266,4.4005,20.1205));
#4674 = LINE('',#4675,#4676);
#4675 = CARTESIAN_POINT('',(-4.162768775266,4.365957142857,
    20.126071428571));
#4676 = VECTOR('',#4677,1.);
#4677 = DIRECTION('',(-0.,0.987241120713,-0.159232438825));
#4678 = ORIENTED_EDGE('',*,*,#4679,.F.);
#4679 = EDGE_CURVE('',#216,#4672,#4680,.T.);
#4680 = LINE('',#4681,#4682);
#4681 = CARTESIAN_POINT('',(-4.762768775266,4.4005,20.1205));
#4682 = VECTOR('',#4683,1.);
#4683 = DIRECTION('',(1.,0.,0.));
#4684 = PLANE('',#4685);
#4685 = AXIS2_PLACEMENT_3D('',#4686,#4687,#4688);
#4686 = CARTESIAN_POINT('',(-4.762768775266,4.365957142857,
    20.126071428571));
#4687 = DIRECTION('',(-0.,0.159232438825,0.987241120713));
#4688 = DIRECTION('',(0.,0.987241120713,-0.159232438825));
#4689 = ADVANCED_FACE('',(#4690),#4708,.T.);
#4690 = FACE_BOUND('',#4691,.T.);
#4691 = EDGE_LOOP('',(#4692,#4693,#4694,#4702));
#4692 = ORIENTED_EDGE('',*,*,#215,.T.);
#4693 = ORIENTED_EDGE('',*,*,#4679,.T.);
#4694 = ORIENTED_EDGE('',*,*,#4695,.T.);
#4695 = EDGE_CURVE('',#4672,#4696,#4698,.T.);
#4696 = VERTEX_POINT('',#4697);
#4697 = CARTESIAN_POINT('',(-4.162768775266,4.4408,20.114742857143));
#4698 = LINE('',#4699,#4700);
#4699 = CARTESIAN_POINT('',(-4.162768775266,4.4005,20.1205));
#4700 = VECTOR('',#4701,1.);
#4701 = DIRECTION('',(-0.,0.989949493661,-0.141421356237));
#4702 = ORIENTED_EDGE('',*,*,#4703,.F.);
#4703 = EDGE_CURVE('',#208,#4696,#4704,.T.);
#4704 = LINE('',#4705,#4706);
#4705 = CARTESIAN_POINT('',(-4.762768775266,4.4408,20.114742857143));
#4706 = VECTOR('',#4707,1.);
#4707 = DIRECTION('',(1.,0.,0.));
#4708 = PLANE('',#4709);
#4709 = AXIS2_PLACEMENT_3D('',#4710,#4711,#4712);
#4710 = CARTESIAN_POINT('',(-4.762768775266,4.4005,20.1205));
#4711 = DIRECTION('',(-0.,0.141421356237,0.989949493661));
#4712 = DIRECTION('',(0.,0.989949493661,-0.141421356237));
#4713 = ADVANCED_FACE('',(#4714),#4739,.T.);
#4714 = FACE_BOUND('',#4715,.T.);
#4715 = EDGE_LOOP('',(#4716,#4717,#4725,#4733));
#4716 = ORIENTED_EDGE('',*,*,#183,.T.);
#4717 = ORIENTED_EDGE('',*,*,#4718,.T.);
#4718 = EDGE_CURVE('',#184,#4719,#4721,.T.);
#4719 = VERTEX_POINT('',#4720);
#4720 = CARTESIAN_POINT('',(-4.162768775266,4.0326,18.973714285714));
#4721 = LINE('',#4722,#4723);
#4722 = CARTESIAN_POINT('',(-4.762768775266,4.0326,18.973714285714));
#4723 = VECTOR('',#4724,1.);
#4724 = DIRECTION('',(1.,0.,0.));
#4725 = ORIENTED_EDGE('',*,*,#4726,.T.);
#4726 = EDGE_CURVE('',#4719,#4727,#4729,.T.);
#4727 = VERTEX_POINT('',#4728);
#4728 = CARTESIAN_POINT('',(-4.162768775266,4.010314285714,
    18.967957142857));
#4729 = LINE('',#4730,#4731);
#4730 = CARTESIAN_POINT('',(-4.162768775266,4.0326,18.973714285714));
#4731 = VECTOR('',#4732,1.);
#4732 = DIRECTION('',(0.,-0.968214319672,-0.250122032582));
#4733 = ORIENTED_EDGE('',*,*,#4734,.F.);
#4734 = EDGE_CURVE('',#176,#4727,#4735,.T.);
#4735 = LINE('',#4736,#4737);
#4736 = CARTESIAN_POINT('',(-4.762768775266,4.010314285714,
    18.967957142857));
#4737 = VECTOR('',#4738,1.);
#4738 = DIRECTION('',(1.,0.,0.));
#4739 = PLANE('',#4740);
#4740 = AXIS2_PLACEMENT_3D('',#4741,#4742,#4743);
#4741 = CARTESIAN_POINT('',(-4.762768775266,4.0326,18.973714285714));
#4742 = DIRECTION('',(0.,0.250122032582,-0.968214319672));
#4743 = DIRECTION('',(0.,-0.968214319672,-0.250122032582));
#4744 = ADVANCED_FACE('',(#4745),#4763,.T.);
#4745 = FACE_BOUND('',#4746,.T.);
#4746 = EDGE_LOOP('',(#4747,#4748,#4749,#4757));
#4747 = ORIENTED_EDGE('',*,*,#175,.T.);
#4748 = ORIENTED_EDGE('',*,*,#4734,.T.);
#4749 = ORIENTED_EDGE('',*,*,#4750,.T.);
#4750 = EDGE_CURVE('',#4727,#4751,#4753,.T.);
#4751 = VERTEX_POINT('',#4752);
#4752 = CARTESIAN_POINT('',(-4.162768775266,3.982828571429,
    18.950871428571));
#4753 = LINE('',#4754,#4755);
#4754 = CARTESIAN_POINT('',(-4.162768775266,4.010314285714,
    18.967957142857));
#4755 = VECTOR('',#4756,1.);
#4756 = DIRECTION('',(0.,-0.849285325289,-0.527934121126));
#4757 = ORIENTED_EDGE('',*,*,#4758,.F.);
#4758 = EDGE_CURVE('',#168,#4751,#4759,.T.);
#4759 = LINE('',#4760,#4761);
#4760 = CARTESIAN_POINT('',(-4.762768775266,3.982828571429,
    18.950871428571));
#4761 = VECTOR('',#4762,1.);
#4762 = DIRECTION('',(1.,0.,0.));
#4763 = PLANE('',#4764);
#4764 = AXIS2_PLACEMENT_3D('',#4765,#4766,#4767);
#4765 = CARTESIAN_POINT('',(-4.762768775266,4.010314285714,
    18.967957142857));
#4766 = DIRECTION('',(0.,0.527934121126,-0.849285325289));
#4767 = DIRECTION('',(0.,-0.849285325289,-0.527934121126));
#4768 = ADVANCED_FACE('',(#4769),#4787,.T.);
#4769 = FACE_BOUND('',#4770,.T.);
#4770 = EDGE_LOOP('',(#4771,#4772,#4773,#4781));
#4771 = ORIENTED_EDGE('',*,*,#167,.T.);
#4772 = ORIENTED_EDGE('',*,*,#4758,.T.);
#4773 = ORIENTED_EDGE('',*,*,#4774,.T.);
#4774 = EDGE_CURVE('',#4751,#4775,#4777,.T.);
#4775 = VERTEX_POINT('',#4776);
#4776 = CARTESIAN_POINT('',(-4.162768775266,3.966114285714,
    18.939542857143));
#4777 = LINE('',#4778,#4779);
#4778 = CARTESIAN_POINT('',(-4.162768775266,3.982828571429,
    18.950871428571));
#4779 = VECTOR('',#4780,1.);
#4780 = DIRECTION('',(0.,-0.827780898837,-0.561051498101));
#4781 = ORIENTED_EDGE('',*,*,#4782,.F.);
#4782 = EDGE_CURVE('',#160,#4775,#4783,.T.);
#4783 = LINE('',#4784,#4785);
#4784 = CARTESIAN_POINT('',(-4.762768775266,3.966114285714,
    18.939542857143));
#4785 = VECTOR('',#4786,1.);
#4786 = DIRECTION('',(1.,0.,0.));
#4787 = PLANE('',#4788);
#4788 = AXIS2_PLACEMENT_3D('',#4789,#4790,#4791);
#4789 = CARTESIAN_POINT('',(-4.762768775266,3.982828571429,
    18.950871428571));
#4790 = DIRECTION('',(0.,0.561051498101,-0.827780898837));
#4791 = DIRECTION('',(0.,-0.827780898837,-0.561051498101));
#4792 = ADVANCED_FACE('',(#4793),#4811,.T.);
#4793 = FACE_BOUND('',#4794,.T.);
#4794 = EDGE_LOOP('',(#4795,#4796,#4797,#4805));
#4795 = ORIENTED_EDGE('',*,*,#159,.T.);
#4796 = ORIENTED_EDGE('',*,*,#4782,.T.);
#4797 = ORIENTED_EDGE('',*,*,#4798,.T.);
#4798 = EDGE_CURVE('',#4775,#4799,#4801,.T.);
#4799 = VERTEX_POINT('',#4800);
#4800 = CARTESIAN_POINT('',(-4.162768775266,3.9494,18.928028571429));
#4801 = LINE('',#4802,#4803);
#4802 = CARTESIAN_POINT('',(-4.162768775266,3.966114285714,
    18.939542857143));
#4803 = VECTOR('',#4804,1.);
#4804 = DIRECTION('',(0.,-0.82350760101,-0.567305236251));
#4805 = ORIENTED_EDGE('',*,*,#4806,.F.);
#4806 = EDGE_CURVE('',#152,#4799,#4807,.T.);
#4807 = LINE('',#4808,#4809);
#4808 = CARTESIAN_POINT('',(-4.762768775266,3.9494,18.928028571429));
#4809 = VECTOR('',#4810,1.);
#4810 = DIRECTION('',(1.,0.,0.));
#4811 = PLANE('',#4812);
#4812 = AXIS2_PLACEMENT_3D('',#4813,#4814,#4815);
#4813 = CARTESIAN_POINT('',(-4.762768775266,3.966114285714,
    18.939542857143));
#4814 = DIRECTION('',(0.,0.567305236251,-0.82350760101));
#4815 = DIRECTION('',(0.,-0.82350760101,-0.567305236251));
#4816 = ADVANCED_FACE('',(#4817),#4835,.T.);
#4817 = FACE_BOUND('',#4818,.T.);
#4818 = EDGE_LOOP('',(#4819,#4820,#4821,#4829));
#4819 = ORIENTED_EDGE('',*,*,#151,.T.);
#4820 = ORIENTED_EDGE('',*,*,#4806,.T.);
#4821 = ORIENTED_EDGE('',*,*,#4822,.T.);
#4822 = EDGE_CURVE('',#4799,#4823,#4825,.T.);
#4823 = VERTEX_POINT('',#4824);
#4824 = CARTESIAN_POINT('',(-4.162768775266,3.944014285714,
    18.910942857143));
#4825 = LINE('',#4826,#4827);
#4826 = CARTESIAN_POINT('',(-4.162768775266,3.9494,18.928028571429));
#4827 = VECTOR('',#4828,1.);
#4828 = DIRECTION('',(0.,-0.300635186421,-0.953739212094));
#4829 = ORIENTED_EDGE('',*,*,#4830,.F.);
#4830 = EDGE_CURVE('',#144,#4823,#4831,.T.);
#4831 = LINE('',#4832,#4833);
#4832 = CARTESIAN_POINT('',(-4.762768775266,3.944014285714,
    18.910942857143));
#4833 = VECTOR('',#4834,1.);
#4834 = DIRECTION('',(1.,0.,0.));
#4835 = PLANE('',#4836);
#4836 = AXIS2_PLACEMENT_3D('',#4837,#4838,#4839);
#4837 = CARTESIAN_POINT('',(-4.762768775266,3.9494,18.928028571429));
#4838 = DIRECTION('',(0.,0.953739212094,-0.300635186421));
#4839 = DIRECTION('',(0.,-0.300635186421,-0.953739212094));
#4840 = ADVANCED_FACE('',(#4841),#4859,.T.);
#4841 = FACE_BOUND('',#4842,.T.);
#4842 = EDGE_LOOP('',(#4843,#4844,#4845,#4853));
#4843 = ORIENTED_EDGE('',*,*,#143,.T.);
#4844 = ORIENTED_EDGE('',*,*,#4830,.T.);
#4845 = ORIENTED_EDGE('',*,*,#4846,.T.);
#4846 = EDGE_CURVE('',#4823,#4847,#4849,.T.);
#4847 = VERTEX_POINT('',#4848);
#4848 = CARTESIAN_POINT('',(-4.162768775266,3.932871428571,
    18.893857142857));
#4849 = LINE('',#4850,#4851);
#4850 = CARTESIAN_POINT('',(-4.162768775266,3.944014285714,
    18.910942857143));
#4851 = VECTOR('',#4852,1.);
#4852 = DIRECTION('',(0.,-0.546267780547,-0.837610596839));
#4853 = ORIENTED_EDGE('',*,*,#4854,.F.);
#4854 = EDGE_CURVE('',#136,#4847,#4855,.T.);
#4855 = LINE('',#4856,#4857);
#4856 = CARTESIAN_POINT('',(-4.762768775266,3.932871428571,
    18.893857142857));
#4857 = VECTOR('',#4858,1.);
#4858 = DIRECTION('',(1.,0.,0.));
#4859 = PLANE('',#4860);
#4860 = AXIS2_PLACEMENT_3D('',#4861,#4862,#4863);
#4861 = CARTESIAN_POINT('',(-4.762768775266,3.944014285714,
    18.910942857143));
#4862 = DIRECTION('',(0.,0.837610596839,-0.546267780547));
#4863 = DIRECTION('',(0.,-0.546267780547,-0.837610596839));
#4864 = ADVANCED_FACE('',(#4865),#4883,.T.);
#4865 = FACE_BOUND('',#4866,.T.);
#4866 = EDGE_LOOP('',(#4867,#4868,#4869,#4877));
#4867 = ORIENTED_EDGE('',*,*,#135,.T.);
#4868 = ORIENTED_EDGE('',*,*,#4854,.T.);
#4869 = ORIENTED_EDGE('',*,*,#4870,.T.);
#4870 = EDGE_CURVE('',#4847,#4871,#4873,.T.);
#4871 = VERTEX_POINT('',#4872);
#4872 = CARTESIAN_POINT('',(-4.162768775266,3.921914285714,
    18.876771428571));
#4873 = LINE('',#4874,#4875);
#4874 = CARTESIAN_POINT('',(-4.162768775266,3.932871428571,
    18.893857142857));
#4875 = VECTOR('',#4876,1.);
#4876 = DIRECTION('',(0.,-0.539832384882,-0.841772532358));
#4877 = ORIENTED_EDGE('',*,*,#4878,.F.);
#4878 = EDGE_CURVE('',#128,#4871,#4879,.T.);
#4879 = LINE('',#4880,#4881);
#4880 = CARTESIAN_POINT('',(-4.762768775266,3.921914285714,
    18.876771428571));
#4881 = VECTOR('',#4882,1.);
#4882 = DIRECTION('',(1.,0.,0.));
#4883 = PLANE('',#4884);
#4884 = AXIS2_PLACEMENT_3D('',#4885,#4886,#4887);
#4885 = CARTESIAN_POINT('',(-4.762768775266,3.932871428571,
    18.893857142857));
#4886 = DIRECTION('',(0.,0.841772532358,-0.539832384882));
#4887 = DIRECTION('',(0.,-0.539832384882,-0.841772532358));
#4888 = ADVANCED_FACE('',(#4889),#4907,.T.);
#4889 = FACE_BOUND('',#4890,.T.);
#4890 = EDGE_LOOP('',(#4891,#4892,#4893,#4901));
#4891 = ORIENTED_EDGE('',*,*,#127,.T.);
#4892 = ORIENTED_EDGE('',*,*,#4878,.T.);
#4893 = ORIENTED_EDGE('',*,*,#4894,.T.);
#4894 = EDGE_CURVE('',#4871,#4895,#4897,.T.);
#4895 = VERTEX_POINT('',#4896);
#4896 = CARTESIAN_POINT('',(-4.162768775266,3.916342857143,
    18.859685714286));
#4897 = LINE('',#4898,#4899);
#4898 = CARTESIAN_POINT('',(-4.162768775266,3.921914285714,
    18.876771428571));
#4899 = VECTOR('',#4900,1.);
#4900 = DIRECTION('',(0.,-0.310020599831,-0.950729839481));
#4901 = ORIENTED_EDGE('',*,*,#4902,.F.);
#4902 = EDGE_CURVE('',#120,#4895,#4903,.T.);
#4903 = LINE('',#4904,#4905);
#4904 = CARTESIAN_POINT('',(-4.762768775266,3.916342857143,
    18.859685714286));
#4905 = VECTOR('',#4906,1.);
#4906 = DIRECTION('',(1.,0.,0.));
#4907 = PLANE('',#4908);
#4908 = AXIS2_PLACEMENT_3D('',#4909,#4910,#4911);
#4909 = CARTESIAN_POINT('',(-4.762768775266,3.921914285714,
    18.876771428571));
#4910 = DIRECTION('',(0.,0.950729839481,-0.310020599831));
#4911 = DIRECTION('',(0.,-0.310020599831,-0.950729839481));
#4912 = ADVANCED_FACE('',(#4913),#4938,.T.);
#4913 = FACE_BOUND('',#4914,.T.);
#4914 = EDGE_LOOP('',(#4915,#4916,#4924,#4932));
#4915 = ORIENTED_EDGE('',*,*,#111,.T.);
#4916 = ORIENTED_EDGE('',*,*,#4917,.T.);
#4917 = EDGE_CURVE('',#112,#4918,#4920,.T.);
#4918 = VERTEX_POINT('',#4919);
#4919 = CARTESIAN_POINT('',(-4.162768775266,3.916342857143,
    18.522985714286));
#4920 = LINE('',#4921,#4922);
#4921 = CARTESIAN_POINT('',(-4.762768775266,3.916342857143,
    18.522985714286));
#4922 = VECTOR('',#4923,1.);
#4923 = DIRECTION('',(1.,0.,0.));
#4924 = ORIENTED_EDGE('',*,*,#4925,.T.);
#4925 = EDGE_CURVE('',#4918,#4926,#4928,.T.);
#4926 = VERTEX_POINT('',#4927);
#4927 = CARTESIAN_POINT('',(-4.162768775266,3.921914285714,
    18.500142857143));
#4928 = LINE('',#4929,#4930);
#4929 = CARTESIAN_POINT('',(-4.162768775266,3.916342857143,
    18.522985714286));
#4930 = VECTOR('',#4931,1.);
#4931 = DIRECTION('',(-0.,0.236956180191,-0.971520338783));
#4932 = ORIENTED_EDGE('',*,*,#4933,.F.);
#4933 = EDGE_CURVE('',#104,#4926,#4934,.T.);
#4934 = LINE('',#4935,#4936);
#4935 = CARTESIAN_POINT('',(-4.762768775266,3.921914285714,
    18.500142857143));
#4936 = VECTOR('',#4937,1.);
#4937 = DIRECTION('',(1.,0.,0.));
#4938 = PLANE('',#4939);
#4939 = AXIS2_PLACEMENT_3D('',#4940,#4941,#4942);
#4940 = CARTESIAN_POINT('',(-4.762768775266,3.916342857143,
    18.522985714286));
#4941 = DIRECTION('',(-0.,0.971520338783,0.236956180191));
#4942 = DIRECTION('',(0.,0.236956180191,-0.971520338783));
#4943 = ADVANCED_FACE('',(#4944),#4962,.T.);
#4944 = FACE_BOUND('',#4945,.T.);
#4945 = EDGE_LOOP('',(#4946,#4947,#4948,#4956));
#4946 = ORIENTED_EDGE('',*,*,#103,.T.);
#4947 = ORIENTED_EDGE('',*,*,#4933,.T.);
#4948 = ORIENTED_EDGE('',*,*,#4949,.T.);
#4949 = EDGE_CURVE('',#4926,#4950,#4952,.T.);
#4950 = VERTEX_POINT('',#4951);
#4951 = CARTESIAN_POINT('',(-4.162768775266,3.932685714286,
    18.483057142857));
#4952 = LINE('',#4953,#4954);
#4953 = CARTESIAN_POINT('',(-4.162768775266,3.921914285714,
    18.500142857143));
#4954 = VECTOR('',#4955,1.);
#4955 = DIRECTION('',(-0.,0.533300923376,-0.845925602596));
#4956 = ORIENTED_EDGE('',*,*,#4957,.F.);
#4957 = EDGE_CURVE('',#96,#4950,#4958,.T.);
#4958 = LINE('',#4959,#4960);
#4959 = CARTESIAN_POINT('',(-4.762768775266,3.932685714286,
    18.483057142857));
#4960 = VECTOR('',#4961,1.);
#4961 = DIRECTION('',(1.,0.,0.));
#4962 = PLANE('',#4963);
#4963 = AXIS2_PLACEMENT_3D('',#4964,#4965,#4966);
#4964 = CARTESIAN_POINT('',(-4.762768775266,3.921914285714,
    18.500142857143));
#4965 = DIRECTION('',(-0.,0.845925602596,0.533300923376));
#4966 = DIRECTION('',(0.,0.533300923376,-0.845925602596));
#4967 = ADVANCED_FACE('',(#4968),#4986,.T.);
#4968 = FACE_BOUND('',#4969,.T.);
#4969 = EDGE_LOOP('',(#4970,#4971,#4972,#4980));
#4970 = ORIENTED_EDGE('',*,*,#95,.T.);
#4971 = ORIENTED_EDGE('',*,*,#4957,.T.);
#4972 = ORIENTED_EDGE('',*,*,#4973,.T.);
#4973 = EDGE_CURVE('',#4950,#4974,#4976,.T.);
#4974 = VERTEX_POINT('',#4975);
#4975 = CARTESIAN_POINT('',(-4.162768775266,3.943828571429,
    18.465971428571));
#4976 = LINE('',#4977,#4978);
#4977 = CARTESIAN_POINT('',(-4.162768775266,3.932685714286,
    18.483057142857));
#4978 = VECTOR('',#4979,1.);
#4979 = DIRECTION('',(-0.,0.546267780547,-0.837610596839));
#4980 = ORIENTED_EDGE('',*,*,#4981,.F.);
#4981 = EDGE_CURVE('',#88,#4974,#4982,.T.);
#4982 = LINE('',#4983,#4984);
#4983 = CARTESIAN_POINT('',(-4.762768775266,3.943828571429,
    18.465971428571));
#4984 = VECTOR('',#4985,1.);
#4985 = DIRECTION('',(1.,0.,0.));
#4986 = PLANE('',#4987);
#4987 = AXIS2_PLACEMENT_3D('',#4988,#4989,#4990);
#4988 = CARTESIAN_POINT('',(-4.762768775266,3.932685714286,
    18.483057142857));
#4989 = DIRECTION('',(-0.,0.837610596839,0.546267780547));
#4990 = DIRECTION('',(0.,0.546267780547,-0.837610596839));
#4991 = ADVANCED_FACE('',(#4992),#5010,.T.);
#4992 = FACE_BOUND('',#4993,.T.);
#4993 = EDGE_LOOP('',(#4994,#4995,#4996,#5004));
#4994 = ORIENTED_EDGE('',*,*,#87,.T.);
#4995 = ORIENTED_EDGE('',*,*,#4981,.T.);
#4996 = ORIENTED_EDGE('',*,*,#4997,.T.);
#4997 = EDGE_CURVE('',#4974,#4998,#5000,.T.);
#4998 = VERTEX_POINT('',#4999);
#4999 = CARTESIAN_POINT('',(-4.162768775266,3.954785714286,
    18.448885714286));
#5000 = LINE('',#5001,#5002);
#5001 = CARTESIAN_POINT('',(-4.162768775266,3.943828571429,
    18.465971428571));
#5002 = VECTOR('',#5003,1.);
#5003 = DIRECTION('',(-0.,0.539832384882,-0.841772532358));
#5004 = ORIENTED_EDGE('',*,*,#5005,.F.);
#5005 = EDGE_CURVE('',#80,#4998,#5006,.T.);
#5006 = LINE('',#5007,#5008);
#5007 = CARTESIAN_POINT('',(-4.762768775266,3.954785714286,
    18.448885714286));
#5008 = VECTOR('',#5009,1.);
#5009 = DIRECTION('',(1.,0.,0.));
#5010 = PLANE('',#5011);
#5011 = AXIS2_PLACEMENT_3D('',#5012,#5013,#5014);
#5012 = CARTESIAN_POINT('',(-4.762768775266,3.943828571429,
    18.465971428571));
#5013 = DIRECTION('',(-0.,0.841772532358,0.539832384882));
#5014 = DIRECTION('',(0.,0.539832384882,-0.841772532358));
#5015 = ADVANCED_FACE('',(#5016),#5034,.T.);
#5016 = FACE_BOUND('',#5017,.T.);
#5017 = EDGE_LOOP('',(#5018,#5019,#5020,#5028));
#5018 = ORIENTED_EDGE('',*,*,#79,.T.);
#5019 = ORIENTED_EDGE('',*,*,#5005,.T.);
#5020 = ORIENTED_EDGE('',*,*,#5021,.T.);
#5021 = EDGE_CURVE('',#4998,#5022,#5024,.T.);
#5022 = VERTEX_POINT('',#5023);
#5023 = CARTESIAN_POINT('',(-4.162768775266,3.971128571429,18.4318));
#5024 = LINE('',#5025,#5026);
#5025 = CARTESIAN_POINT('',(-4.162768775266,3.954785714286,
    18.448885714286));
#5026 = VECTOR('',#5027,1.);
#5027 = DIRECTION('',(-0.,0.691222645967,-0.722641857148));
#5028 = ORIENTED_EDGE('',*,*,#5029,.F.);
#5029 = EDGE_CURVE('',#72,#5022,#5030,.T.);
#5030 = LINE('',#5031,#5032);
#5031 = CARTESIAN_POINT('',(-4.762768775266,3.971128571429,18.4318));
#5032 = VECTOR('',#5033,1.);
#5033 = DIRECTION('',(1.,0.,0.));
#5034 = PLANE('',#5035);
#5035 = AXIS2_PLACEMENT_3D('',#5036,#5037,#5038);
#5036 = CARTESIAN_POINT('',(-4.762768775266,3.954785714286,
    18.448885714286));
#5037 = DIRECTION('',(-0.,0.722641857148,0.691222645967));
#5038 = DIRECTION('',(0.,0.691222645967,-0.722641857148));
#5039 = ADVANCED_FACE('',(#5040),#5058,.T.);
#5040 = FACE_BOUND('',#5041,.T.);
#5041 = EDGE_LOOP('',(#5042,#5043,#5044,#5052));
#5042 = ORIENTED_EDGE('',*,*,#71,.T.);
#5043 = ORIENTED_EDGE('',*,*,#5029,.T.);
#5044 = ORIENTED_EDGE('',*,*,#5045,.T.);
#5045 = EDGE_CURVE('',#5022,#5046,#5048,.T.);
#5046 = VERTEX_POINT('',#5047);
#5047 = CARTESIAN_POINT('',(-4.162768775266,3.987471428571,
    18.420285714286));
#5048 = LINE('',#5049,#5050);
#5049 = CARTESIAN_POINT('',(-4.162768775266,3.971128571429,18.4318));
#5050 = VECTOR('',#5051,1.);
#5051 = DIRECTION('',(-0.,0.817482433131,-0.575953532433));
#5052 = ORIENTED_EDGE('',*,*,#5053,.F.);
#5053 = EDGE_CURVE('',#64,#5046,#5054,.T.);
#5054 = LINE('',#5055,#5056);
#5055 = CARTESIAN_POINT('',(-4.762768775266,3.987471428571,
    18.420285714286));
#5056 = VECTOR('',#5057,1.);
#5057 = DIRECTION('',(1.,0.,0.));
#5058 = PLANE('',#5059);
#5059 = AXIS2_PLACEMENT_3D('',#5060,#5061,#5062);
#5060 = CARTESIAN_POINT('',(-4.762768775266,3.971128571429,18.4318));
#5061 = DIRECTION('',(-0.,0.575953532433,0.817482433131));
#5062 = DIRECTION('',(0.,0.817482433131,-0.575953532433));
#5063 = ADVANCED_FACE('',(#5064),#5082,.T.);
#5064 = FACE_BOUND('',#5065,.T.);
#5065 = EDGE_LOOP('',(#5066,#5067,#5068,#5076));
#5066 = ORIENTED_EDGE('',*,*,#63,.T.);
#5067 = ORIENTED_EDGE('',*,*,#5053,.T.);
#5068 = ORIENTED_EDGE('',*,*,#5069,.T.);
#5069 = EDGE_CURVE('',#5046,#5070,#5072,.T.);
#5070 = VERTEX_POINT('',#5071);
#5071 = CARTESIAN_POINT('',(-4.162768775266,4.004185714286,
    18.414528571429));
#5072 = LINE('',#5073,#5074);
#5073 = CARTESIAN_POINT('',(-4.162768775266,3.987471428571,
    18.420285714286));
#5074 = VECTOR('',#5075,1.);
#5075 = DIRECTION('',(-0.,0.945484566827,-0.325666906351));
#5076 = ORIENTED_EDGE('',*,*,#5077,.F.);
#5077 = EDGE_CURVE('',#56,#5070,#5078,.T.);
#5078 = LINE('',#5079,#5080);
#5079 = CARTESIAN_POINT('',(-4.762768775266,4.004185714286,
    18.414528571429));
#5080 = VECTOR('',#5081,1.);
#5081 = DIRECTION('',(1.,0.,0.));
#5082 = PLANE('',#5083);
#5083 = AXIS2_PLACEMENT_3D('',#5084,#5085,#5086);
#5084 = CARTESIAN_POINT('',(-4.762768775266,3.987471428571,
    18.420285714286));
#5085 = DIRECTION('',(-0.,0.325666906351,0.945484566827));
#5086 = DIRECTION('',(0.,0.945484566827,-0.325666906351));
#5087 = ADVANCED_FACE('',(#5088),#5106,.T.);
#5088 = FACE_BOUND('',#5089,.T.);
#5089 = EDGE_LOOP('',(#5090,#5091,#5092,#5100));
#5090 = ORIENTED_EDGE('',*,*,#55,.T.);
#5091 = ORIENTED_EDGE('',*,*,#5077,.T.);
#5092 = ORIENTED_EDGE('',*,*,#5093,.T.);
#5093 = EDGE_CURVE('',#5070,#5094,#5096,.T.);
#5094 = VERTEX_POINT('',#5095);
#5095 = CARTESIAN_POINT('',(-4.162768775266,4.025914285714,18.4032));
#5096 = LINE('',#5097,#5098);
#5097 = CARTESIAN_POINT('',(-4.162768775266,4.004185714286,
    18.414528571429));
#5098 = VECTOR('',#5099,1.);
#5099 = DIRECTION('',(-0.,0.886719943005,-0.462306978832));
#5100 = ORIENTED_EDGE('',*,*,#5101,.F.);
#5101 = EDGE_CURVE('',#48,#5094,#5102,.T.);
#5102 = LINE('',#5103,#5104);
#5103 = CARTESIAN_POINT('',(-4.762768775266,4.025914285714,18.4032));
#5104 = VECTOR('',#5105,1.);
#5105 = DIRECTION('',(1.,0.,0.));
#5106 = PLANE('',#5107);
#5107 = AXIS2_PLACEMENT_3D('',#5108,#5109,#5110);
#5108 = CARTESIAN_POINT('',(-4.762768775266,4.004185714286,
    18.414528571429));
#5109 = DIRECTION('',(-0.,0.462306978832,0.886719943005));
#5110 = DIRECTION('',(0.,0.886719943005,-0.462306978832));
#5111 = ADVANCED_FACE('',(#5112,#5123),#5134,.F.);
#5112 = FACE_BOUND('',#5113,.F.);
#5113 = EDGE_LOOP('',(#5114,#5115,#5116,#5122));
#5114 = ORIENTED_EDGE('',*,*,#31,.F.);
#5115 = ORIENTED_EDGE('',*,*,#2549,.T.);
#5116 = ORIENTED_EDGE('',*,*,#5117,.T.);
#5117 = EDGE_CURVE('',#2540,#3690,#5118,.T.);
#5118 = LINE('',#5119,#5120);
#5119 = CARTESIAN_POINT('',(4.662768775266,-4.662768775266,-3.));
#5120 = VECTOR('',#5121,1.);
#5121 = DIRECTION('',(-0.,1.,0.));
#5122 = ORIENTED_EDGE('',*,*,#3697,.F.);
#5123 = FACE_BOUND('',#5124,.F.);
#5124 = EDGE_LOOP('',(#5125));
#5125 = ORIENTED_EDGE('',*,*,#5126,.F.);
#5126 = EDGE_CURVE('',#5127,#5127,#5129,.T.);
#5127 = VERTEX_POINT('',#5128);
#5128 = CARTESIAN_POINT('',(0.5,-1.224646799147E-16,-3.));
#5129 = CIRCLE('',#5130,0.5);
#5130 = AXIS2_PLACEMENT_3D('',#5131,#5132,#5133);
#5131 = CARTESIAN_POINT('',(0.,0.,-3.));
#5132 = DIRECTION('',(0.,0.,1.));
#5133 = DIRECTION('',(1.,0.,-0.));
#5134 = PLANE('',#5135);
#5135 = AXIS2_PLACEMENT_3D('',#5136,#5137,#5138);
#5136 = CARTESIAN_POINT('',(-4.662768775266,-4.662768775266,-3.));
#5137 = DIRECTION('',(0.,0.,1.));
#5138 = DIRECTION('',(1.,0.,-0.));
#5139 = ADVANCED_FACE('',(#5140),#5165,.T.);
#5140 = FACE_BOUND('',#5141,.T.);
#5141 = EDGE_LOOP('',(#5142,#5143,#5151,#5159));
#5142 = ORIENTED_EDGE('',*,*,#935,.T.);
#5143 = ORIENTED_EDGE('',*,*,#5144,.T.);
#5144 = EDGE_CURVE('',#938,#5145,#5147,.T.);
#5145 = VERTEX_POINT('',#5146);
#5146 = CARTESIAN_POINT('',(-4.162768775266,2.490057142857,18.7854));
#5147 = LINE('',#5148,#5149);
#5148 = CARTESIAN_POINT('',(-4.762768775266,2.490057142857,18.7854));
#5149 = VECTOR('',#5150,1.);
#5150 = DIRECTION('',(1.,0.,0.));
#5151 = ORIENTED_EDGE('',*,*,#5152,.T.);
#5152 = EDGE_CURVE('',#5145,#5153,#5155,.T.);
#5153 = VERTEX_POINT('',#5154);
#5154 = CARTESIAN_POINT('',(-4.162768775266,2.501385714286,
    18.745471428571));
#5155 = LINE('',#5156,#5157);
#5156 = CARTESIAN_POINT('',(-4.162768775266,2.490057142857,18.7854));
#5157 = VECTOR('',#5158,1.);
#5158 = DIRECTION('',(-0.,0.272947724844,-0.962028866252));
#5159 = ORIENTED_EDGE('',*,*,#5160,.F.);
#5160 = EDGE_CURVE('',#936,#5153,#5161,.T.);
#5161 = LINE('',#5162,#5163);
#5162 = CARTESIAN_POINT('',(-4.762768775266,2.501385714286,
    18.745471428571));
#5163 = VECTOR('',#5164,1.);
#5164 = DIRECTION('',(1.,0.,0.));
#5165 = PLANE('',#5166);
#5166 = AXIS2_PLACEMENT_3D('',#5167,#5168,#5169);
#5167 = CARTESIAN_POINT('',(-4.762768775266,2.490057142857,18.7854));
#5168 = DIRECTION('',(-0.,0.962028866252,0.272947724844));
#5169 = DIRECTION('',(0.,0.272947724844,-0.962028866252));
#5170 = ADVANCED_FACE('',(#5171),#5189,.T.);
#5171 = FACE_BOUND('',#5172,.T.);
#5172 = EDGE_LOOP('',(#5173,#5174,#5175,#5183));
#5173 = ORIENTED_EDGE('',*,*,#1345,.T.);
#5174 = ORIENTED_EDGE('',*,*,#5160,.T.);
#5175 = ORIENTED_EDGE('',*,*,#5176,.T.);
#5176 = EDGE_CURVE('',#5153,#5177,#5179,.T.);
#5177 = VERTEX_POINT('',#5178);
#5178 = CARTESIAN_POINT('',(-4.162768775266,2.507142857143,
    18.705542857143));
#5179 = LINE('',#5180,#5181);
#5180 = CARTESIAN_POINT('',(-4.162768775266,2.501385714286,
    18.745471428571));
#5181 = VECTOR('',#5182,1.);
#5182 = DIRECTION('',(-0.,0.142710231997,-0.989764512237));
#5183 = ORIENTED_EDGE('',*,*,#5184,.F.);
#5184 = EDGE_CURVE('',#1338,#5177,#5185,.T.);
#5185 = LINE('',#5186,#5187);
#5186 = CARTESIAN_POINT('',(-4.762768775266,2.507142857143,
    18.705542857143));
#5187 = VECTOR('',#5188,1.);
#5188 = DIRECTION('',(1.,0.,0.));
#5189 = PLANE('',#5190);
#5190 = AXIS2_PLACEMENT_3D('',#5191,#5192,#5193);
#5191 = CARTESIAN_POINT('',(-4.762768775266,2.501385714286,
    18.745471428571));
#5192 = DIRECTION('',(-0.,0.989764512237,0.142710231997));
#5193 = DIRECTION('',(0.,0.142710231997,-0.989764512237));
#5194 = ADVANCED_FACE('',(#5195),#5220,.T.);
#5195 = FACE_BOUND('',#5196,.T.);
#5196 = EDGE_LOOP('',(#5197,#5198,#5206,#5214));
#5197 = ORIENTED_EDGE('',*,*,#1329,.T.);
#5198 = ORIENTED_EDGE('',*,*,#5199,.T.);
#5199 = EDGE_CURVE('',#1330,#5200,#5202,.T.);
#5200 = VERTEX_POINT('',#5201);
#5201 = CARTESIAN_POINT('',(-4.162768775266,2.541314285714,
    18.625685714286));
#5202 = LINE('',#5203,#5204);
#5203 = CARTESIAN_POINT('',(-4.762768775266,2.541314285714,
    18.625685714286));
#5204 = VECTOR('',#5205,1.);
#5205 = DIRECTION('',(1.,0.,0.));
#5206 = ORIENTED_EDGE('',*,*,#5207,.T.);
#5207 = EDGE_CURVE('',#5200,#5208,#5210,.T.);
#5208 = VERTEX_POINT('',#5209);
#5209 = CARTESIAN_POINT('',(-4.162768775266,2.564157142857,
    18.591514285714));
#5210 = LINE('',#5211,#5212);
#5211 = CARTESIAN_POINT('',(-4.162768775266,2.541314285714,
    18.625685714286));
#5212 = VECTOR('',#5213,1.);
#5213 = DIRECTION('',(-0.,0.555742429414,-0.831354528555));
#5214 = ORIENTED_EDGE('',*,*,#5215,.F.);
#5215 = EDGE_CURVE('',#1322,#5208,#5216,.T.);
#5216 = LINE('',#5217,#5218);
#5217 = CARTESIAN_POINT('',(-4.762768775266,2.564157142857,
    18.591514285714));
#5218 = VECTOR('',#5219,1.);
#5219 = DIRECTION('',(1.,0.,0.));
#5220 = PLANE('',#5221);
#5221 = AXIS2_PLACEMENT_3D('',#5222,#5223,#5224);
#5222 = CARTESIAN_POINT('',(-4.762768775266,2.541314285714,
    18.625685714286));
#5223 = DIRECTION('',(-0.,0.831354528555,0.555742429414));
#5224 = DIRECTION('',(0.,0.555742429414,-0.831354528555));
#5225 = ADVANCED_FACE('',(#5226),#5244,.T.);
#5226 = FACE_BOUND('',#5227,.T.);
#5227 = EDGE_LOOP('',(#5228,#5229,#5230,#5238));
#5228 = ORIENTED_EDGE('',*,*,#1321,.T.);
#5229 = ORIENTED_EDGE('',*,*,#5215,.T.);
#5230 = ORIENTED_EDGE('',*,*,#5231,.T.);
#5231 = EDGE_CURVE('',#5208,#5232,#5234,.T.);
#5232 = VERTEX_POINT('',#5233);
#5233 = CARTESIAN_POINT('',(-4.162768775266,2.587,18.557157142857));
#5234 = LINE('',#5235,#5236);
#5235 = CARTESIAN_POINT('',(-4.162768775266,2.564157142857,
    18.591514285714));
#5236 = VECTOR('',#5237,1.);
#5237 = DIRECTION('',(-0.,0.553661000345,-0.83274215499));
#5238 = ORIENTED_EDGE('',*,*,#5239,.F.);
#5239 = EDGE_CURVE('',#1314,#5232,#5240,.T.);
#5240 = LINE('',#5241,#5242);
#5241 = CARTESIAN_POINT('',(-4.762768775266,2.587,18.557157142857));
#5242 = VECTOR('',#5243,1.);
#5243 = DIRECTION('',(1.,0.,0.));
#5244 = PLANE('',#5245);
#5245 = AXIS2_PLACEMENT_3D('',#5246,#5247,#5248);
#5246 = CARTESIAN_POINT('',(-4.762768775266,2.564157142857,
    18.591514285714));
#5247 = DIRECTION('',(-0.,0.83274215499,0.553661000345));
#5248 = DIRECTION('',(0.,0.553661000345,-0.83274215499));
#5249 = ADVANCED_FACE('',(#5250),#5268,.T.);
#5250 = FACE_BOUND('',#5251,.T.);
#5251 = EDGE_LOOP('',(#5252,#5253,#5254,#5262));
#5252 = ORIENTED_EDGE('',*,*,#1313,.T.);
#5253 = ORIENTED_EDGE('',*,*,#5239,.T.);
#5254 = ORIENTED_EDGE('',*,*,#5255,.T.);
#5255 = EDGE_CURVE('',#5232,#5256,#5258,.T.);
#5256 = VERTEX_POINT('',#5257);
#5257 = CARTESIAN_POINT('',(-4.162768775266,2.6156,18.528742857143));
#5258 = LINE('',#5259,#5260);
#5259 = CARTESIAN_POINT('',(-4.162768775266,2.587,18.557157142857));
#5260 = VECTOR('',#5261,1.);
#5261 = DIRECTION('',(-0.,0.709406297146,-0.704799762748));
#5262 = ORIENTED_EDGE('',*,*,#5263,.F.);
#5263 = EDGE_CURVE('',#1306,#5256,#5264,.T.);
#5264 = LINE('',#5265,#5266);
#5265 = CARTESIAN_POINT('',(-4.762768775266,2.6156,18.528742857143));
#5266 = VECTOR('',#5267,1.);
#5267 = DIRECTION('',(1.,0.,0.));
#5268 = PLANE('',#5269);
#5269 = AXIS2_PLACEMENT_3D('',#5270,#5271,#5272);
#5270 = CARTESIAN_POINT('',(-4.762768775266,2.587,18.557157142857));
#5271 = DIRECTION('',(-0.,0.704799762748,0.709406297146));
#5272 = DIRECTION('',(0.,0.709406297146,-0.704799762748));
#5273 = ADVANCED_FACE('',(#5274),#5292,.T.);
#5274 = FACE_BOUND('',#5275,.T.);
#5275 = EDGE_LOOP('',(#5276,#5277,#5278,#5286));
#5276 = ORIENTED_EDGE('',*,*,#1305,.T.);
#5277 = ORIENTED_EDGE('',*,*,#5263,.T.);
#5278 = ORIENTED_EDGE('',*,*,#5279,.T.);
#5279 = EDGE_CURVE('',#5256,#5280,#5282,.T.);
#5280 = VERTEX_POINT('',#5281);
#5281 = CARTESIAN_POINT('',(-4.162768775266,2.649771428571,
    18.500142857143));
#5282 = LINE('',#5283,#5284);
#5283 = CARTESIAN_POINT('',(-4.162768775266,2.6156,18.528742857143));
#5284 = VECTOR('',#5285,1.);
#5285 = DIRECTION('',(-0.,0.766853077224,-0.641822684199));
#5286 = ORIENTED_EDGE('',*,*,#5287,.F.);
#5287 = EDGE_CURVE('',#1298,#5280,#5288,.T.);
#5288 = LINE('',#5289,#5290);
#5289 = CARTESIAN_POINT('',(-4.762768775266,2.649771428571,
    18.500142857143));
#5290 = VECTOR('',#5291,1.);
#5291 = DIRECTION('',(1.,0.,0.));
#5292 = PLANE('',#5293);
#5293 = AXIS2_PLACEMENT_3D('',#5294,#5295,#5296);
#5294 = CARTESIAN_POINT('',(-4.762768775266,2.6156,18.528742857143));
#5295 = DIRECTION('',(-0.,0.641822684199,0.766853077224));
#5296 = DIRECTION('',(0.,0.766853077224,-0.641822684199));
#5297 = ADVANCED_FACE('',(#5298),#5316,.T.);
#5298 = FACE_BOUND('',#5299,.T.);
#5299 = EDGE_LOOP('',(#5300,#5301,#5302,#5310));
#5300 = ORIENTED_EDGE('',*,*,#1297,.T.);
#5301 = ORIENTED_EDGE('',*,*,#5287,.T.);
#5302 = ORIENTED_EDGE('',*,*,#5303,.T.);
#5303 = EDGE_CURVE('',#5280,#5304,#5306,.T.);
#5304 = VERTEX_POINT('',#5305);
#5305 = CARTESIAN_POINT('',(-4.162768775266,2.683942857143,
    18.471728571429));
#5306 = LINE('',#5307,#5308);
#5307 = CARTESIAN_POINT('',(-4.162768775266,2.649771428571,
    18.500142857143));
#5308 = VECTOR('',#5309,1.);
#5309 = DIRECTION('',(-0.,0.7689058949,-0.639361966955));
#5310 = ORIENTED_EDGE('',*,*,#5311,.F.);
#5311 = EDGE_CURVE('',#1290,#5304,#5312,.T.);
#5312 = LINE('',#5313,#5314);
#5313 = CARTESIAN_POINT('',(-4.762768775266,2.683942857143,
    18.471728571429));
#5314 = VECTOR('',#5315,1.);
#5315 = DIRECTION('',(1.,0.,0.));
#5316 = PLANE('',#5317);
#5317 = AXIS2_PLACEMENT_3D('',#5318,#5319,#5320);
#5318 = CARTESIAN_POINT('',(-4.762768775266,2.649771428571,
    18.500142857143));
#5319 = DIRECTION('',(-0.,0.639361966955,0.7689058949));
#5320 = DIRECTION('',(0.,0.7689058949,-0.639361966955));
#5321 = ADVANCED_FACE('',(#5322),#5340,.T.);
#5322 = FACE_BOUND('',#5323,.T.);
#5323 = EDGE_LOOP('',(#5324,#5325,#5326,#5334));
#5324 = ORIENTED_EDGE('',*,*,#1289,.T.);
#5325 = ORIENTED_EDGE('',*,*,#5311,.T.);
#5326 = ORIENTED_EDGE('',*,*,#5327,.T.);
#5327 = EDGE_CURVE('',#5304,#5328,#5330,.T.);
#5328 = VERTEX_POINT('',#5329);
#5329 = CARTESIAN_POINT('',(-4.162768775266,2.7183,18.454457142857));
#5330 = LINE('',#5331,#5332);
#5331 = CARTESIAN_POINT('',(-4.162768775266,2.683942857143,
    18.471728571429));
#5332 = VECTOR('',#5333,1.);
#5333 = DIRECTION('',(-0.,0.89345920298,-0.449144356093));
#5334 = ORIENTED_EDGE('',*,*,#5335,.F.);
#5335 = EDGE_CURVE('',#1282,#5328,#5336,.T.);
#5336 = LINE('',#5337,#5338);
#5337 = CARTESIAN_POINT('',(-4.762768775266,2.7183,18.454457142857));
#5338 = VECTOR('',#5339,1.);
#5339 = DIRECTION('',(1.,0.,0.));
#5340 = PLANE('',#5341);
#5341 = AXIS2_PLACEMENT_3D('',#5342,#5343,#5344);
#5342 = CARTESIAN_POINT('',(-4.762768775266,2.683942857143,
    18.471728571429));
#5343 = DIRECTION('',(-0.,0.449144356093,0.89345920298));
#5344 = DIRECTION('',(0.,0.89345920298,-0.449144356093));
#5345 = ADVANCED_FACE('',(#5346),#5371,.T.);
#5346 = FACE_BOUND('',#5347,.T.);
#5347 = EDGE_LOOP('',(#5348,#5349,#5357,#5365));
#5348 = ORIENTED_EDGE('',*,*,#1273,.T.);
#5349 = ORIENTED_EDGE('',*,*,#5350,.T.);
#5350 = EDGE_CURVE('',#1274,#5351,#5353,.T.);
#5351 = VERTEX_POINT('',#5352);
#5352 = CARTESIAN_POINT('',(-4.162768775266,2.798157142857,
    18.420285714286));
#5353 = LINE('',#5354,#5355);
#5354 = CARTESIAN_POINT('',(-4.762768775266,2.798157142857,
    18.420285714286));
#5355 = VECTOR('',#5356,1.);
#5356 = DIRECTION('',(1.,0.,0.));
#5357 = ORIENTED_EDGE('',*,*,#5358,.T.);
#5358 = EDGE_CURVE('',#5351,#5359,#5361,.T.);
#5359 = VERTEX_POINT('',#5360);
#5360 = CARTESIAN_POINT('',(-4.162768775266,2.838085714286,
    18.408957142857));
#5361 = LINE('',#5362,#5363);
#5362 = CARTESIAN_POINT('',(-4.162768775266,2.798157142857,
    18.420285714286));
#5363 = VECTOR('',#5364,1.);
#5364 = DIRECTION('',(-0.,0.962028866252,-0.272947724844));
#5365 = ORIENTED_EDGE('',*,*,#5366,.F.);
#5366 = EDGE_CURVE('',#1266,#5359,#5367,.T.);
#5367 = LINE('',#5368,#5369);
#5368 = CARTESIAN_POINT('',(-4.762768775266,2.838085714286,
    18.408957142857));
#5369 = VECTOR('',#5370,1.);
#5370 = DIRECTION('',(1.,0.,0.));
#5371 = PLANE('',#5372);
#5372 = AXIS2_PLACEMENT_3D('',#5373,#5374,#5375);
#5373 = CARTESIAN_POINT('',(-4.762768775266,2.798157142857,
    18.420285714286));
#5374 = DIRECTION('',(-0.,0.272947724844,0.962028866252));
#5375 = DIRECTION('',(0.,0.962028866252,-0.272947724844));
#5376 = ADVANCED_FACE('',(#5377),#5395,.T.);
#5377 = FACE_BOUND('',#5378,.T.);
#5378 = EDGE_LOOP('',(#5379,#5380,#5381,#5389));
#5379 = ORIENTED_EDGE('',*,*,#1265,.T.);
#5380 = ORIENTED_EDGE('',*,*,#5366,.T.);
#5381 = ORIENTED_EDGE('',*,*,#5382,.T.);
#5382 = EDGE_CURVE('',#5359,#5383,#5385,.T.);
#5383 = VERTEX_POINT('',#5384);
#5384 = CARTESIAN_POINT('',(-4.162768775266,2.878014285714,18.4032));
#5385 = LINE('',#5386,#5387);
#5386 = CARTESIAN_POINT('',(-4.162768775266,2.838085714286,
    18.408957142857));
#5387 = VECTOR('',#5388,1.);
#5388 = DIRECTION('',(-0.,0.989764512237,-0.142710231997));
#5389 = ORIENTED_EDGE('',*,*,#5390,.F.);
#5390 = EDGE_CURVE('',#1258,#5383,#5391,.T.);
#5391 = LINE('',#5392,#5393);
#5392 = CARTESIAN_POINT('',(-4.762768775266,2.878014285714,18.4032));
#5393 = VECTOR('',#5394,1.);
#5394 = DIRECTION('',(1.,0.,0.));
#5395 = PLANE('',#5396);
#5396 = AXIS2_PLACEMENT_3D('',#5397,#5398,#5399);
#5397 = CARTESIAN_POINT('',(-4.762768775266,2.838085714286,
    18.408957142857));
#5398 = DIRECTION('',(-0.,0.142710231997,0.989764512237));
#5399 = DIRECTION('',(0.,0.989764512237,-0.142710231997));
#5400 = ADVANCED_FACE('',(#5401),#5426,.T.);
#5401 = FACE_BOUND('',#5402,.T.);
#5402 = EDGE_LOOP('',(#5403,#5404,#5412,#5420));
#5403 = ORIENTED_EDGE('',*,*,#1249,.T.);
#5404 = ORIENTED_EDGE('',*,*,#5405,.T.);
#5405 = EDGE_CURVE('',#1250,#5406,#5408,.T.);
#5406 = VERTEX_POINT('',#5407);
#5407 = CARTESIAN_POINT('',(-4.162768775266,2.963628571429,18.4032));
#5408 = LINE('',#5409,#5410);
#5409 = CARTESIAN_POINT('',(-4.762768775266,2.963628571429,18.4032));
#5410 = VECTOR('',#5411,1.);
#5411 = DIRECTION('',(1.,0.,0.));
#5412 = ORIENTED_EDGE('',*,*,#5413,.T.);
#5413 = EDGE_CURVE('',#5406,#5414,#5416,.T.);
#5414 = VERTEX_POINT('',#5415);
#5415 = CARTESIAN_POINT('',(-4.162768775266,3.003557142857,
    18.414528571429));
#5416 = LINE('',#5417,#5418);
#5417 = CARTESIAN_POINT('',(-4.162768775266,2.963628571429,18.4032));
#5418 = VECTOR('',#5419,1.);
#5419 = DIRECTION('',(0.,0.962028866252,0.272947724844));
#5420 = ORIENTED_EDGE('',*,*,#5421,.F.);
#5421 = EDGE_CURVE('',#1242,#5414,#5422,.T.);
#5422 = LINE('',#5423,#5424);
#5423 = CARTESIAN_POINT('',(-4.762768775266,3.003557142857,
    18.414528571429));
#5424 = VECTOR('',#5425,1.);
#5425 = DIRECTION('',(1.,0.,0.));
#5426 = PLANE('',#5427);
#5427 = AXIS2_PLACEMENT_3D('',#5428,#5429,#5430);
#5428 = CARTESIAN_POINT('',(-4.762768775266,2.963628571429,18.4032));
#5429 = DIRECTION('',(0.,-0.272947724844,0.962028866252));
#5430 = DIRECTION('',(0.,0.962028866252,0.272947724844));
#5431 = ADVANCED_FACE('',(#5432),#5450,.T.);
#5432 = FACE_BOUND('',#5433,.T.);
#5433 = EDGE_LOOP('',(#5434,#5435,#5436,#5444));
#5434 = ORIENTED_EDGE('',*,*,#1241,.T.);
#5435 = ORIENTED_EDGE('',*,*,#5421,.T.);
#5436 = ORIENTED_EDGE('',*,*,#5437,.T.);
#5437 = EDGE_CURVE('',#5414,#5438,#5440,.T.);
#5438 = VERTEX_POINT('',#5439);
#5439 = CARTESIAN_POINT('',(-4.162768775266,3.043485714286,
    18.420285714286));
#5440 = LINE('',#5441,#5442);
#5441 = CARTESIAN_POINT('',(-4.162768775266,3.003557142857,
    18.414528571429));
#5442 = VECTOR('',#5443,1.);
#5443 = DIRECTION('',(0.,0.989764512237,0.142710231997));
#5444 = ORIENTED_EDGE('',*,*,#5445,.F.);
#5445 = EDGE_CURVE('',#1234,#5438,#5446,.T.);
#5446 = LINE('',#5447,#5448);
#5447 = CARTESIAN_POINT('',(-4.762768775266,3.043485714286,
    18.420285714286));
#5448 = VECTOR('',#5449,1.);
#5449 = DIRECTION('',(1.,0.,0.));
#5450 = PLANE('',#5451);
#5451 = AXIS2_PLACEMENT_3D('',#5452,#5453,#5454);
#5452 = CARTESIAN_POINT('',(-4.762768775266,3.003557142857,
    18.414528571429));
#5453 = DIRECTION('',(0.,-0.142710231997,0.989764512237));
#5454 = DIRECTION('',(0.,0.989764512237,0.142710231997));
#5455 = ADVANCED_FACE('',(#5456),#5481,.T.);
#5456 = FACE_BOUND('',#5457,.T.);
#5457 = EDGE_LOOP('',(#5458,#5459,#5467,#5475));
#5458 = ORIENTED_EDGE('',*,*,#1225,.T.);
#5459 = ORIENTED_EDGE('',*,*,#5460,.T.);
#5460 = EDGE_CURVE('',#1226,#5461,#5463,.T.);
#5461 = VERTEX_POINT('',#5462);
#5462 = CARTESIAN_POINT('',(-4.162768775266,3.123342857143,
    18.454457142857));
#5463 = LINE('',#5464,#5465);
#5464 = CARTESIAN_POINT('',(-4.762768775266,3.123342857143,
    18.454457142857));
#5465 = VECTOR('',#5466,1.);
#5466 = DIRECTION('',(1.,0.,0.));
#5467 = ORIENTED_EDGE('',*,*,#5468,.T.);
#5468 = EDGE_CURVE('',#5461,#5469,#5471,.T.);
#5469 = VERTEX_POINT('',#5470);
#5470 = CARTESIAN_POINT('',(-4.162768775266,3.157514285714,18.4773));
#5471 = LINE('',#5472,#5473);
#5472 = CARTESIAN_POINT('',(-4.162768775266,3.123342857143,
    18.454457142857));
#5473 = VECTOR('',#5474,1.);
#5474 = DIRECTION('',(0.,0.831354528555,0.555742429414));
#5475 = ORIENTED_EDGE('',*,*,#5476,.F.);
#5476 = EDGE_CURVE('',#1218,#5469,#5477,.T.);
#5477 = LINE('',#5478,#5479);
#5478 = CARTESIAN_POINT('',(-4.762768775266,3.157514285714,18.4773));
#5479 = VECTOR('',#5480,1.);
#5480 = DIRECTION('',(1.,0.,0.));
#5481 = PLANE('',#5482);
#5482 = AXIS2_PLACEMENT_3D('',#5483,#5484,#5485);
#5483 = CARTESIAN_POINT('',(-4.762768775266,3.123342857143,
    18.454457142857));
#5484 = DIRECTION('',(0.,-0.555742429414,0.831354528555));
#5485 = DIRECTION('',(0.,0.831354528555,0.555742429414));
#5486 = ADVANCED_FACE('',(#5487),#5505,.T.);
#5487 = FACE_BOUND('',#5488,.T.);
#5488 = EDGE_LOOP('',(#5489,#5490,#5491,#5499));
#5489 = ORIENTED_EDGE('',*,*,#1217,.T.);
#5490 = ORIENTED_EDGE('',*,*,#5476,.T.);
#5491 = ORIENTED_EDGE('',*,*,#5492,.T.);
#5492 = EDGE_CURVE('',#5469,#5493,#5495,.T.);
#5493 = VERTEX_POINT('',#5494);
#5494 = CARTESIAN_POINT('',(-4.162768775266,3.191871428571,
    18.500142857143));
#5495 = LINE('',#5496,#5497);
#5496 = CARTESIAN_POINT('',(-4.162768775266,3.157514285714,18.4773));
#5497 = VECTOR('',#5498,1.);
#5498 = DIRECTION('',(0.,0.83274215499,0.553661000345));
#5499 = ORIENTED_EDGE('',*,*,#5500,.F.);
#5500 = EDGE_CURVE('',#1210,#5493,#5501,.T.);
#5501 = LINE('',#5502,#5503);
#5502 = CARTESIAN_POINT('',(-4.762768775266,3.191871428571,
    18.500142857143));
#5503 = VECTOR('',#5504,1.);
#5504 = DIRECTION('',(1.,0.,0.));
#5505 = PLANE('',#5506);
#5506 = AXIS2_PLACEMENT_3D('',#5507,#5508,#5509);
#5507 = CARTESIAN_POINT('',(-4.762768775266,3.157514285714,18.4773));
#5508 = DIRECTION('',(0.,-0.553661000345,0.83274215499));
#5509 = DIRECTION('',(0.,0.83274215499,0.553661000345));
#5510 = ADVANCED_FACE('',(#5511),#5529,.T.);
#5511 = FACE_BOUND('',#5512,.T.);
#5512 = EDGE_LOOP('',(#5513,#5514,#5515,#5523));
#5513 = ORIENTED_EDGE('',*,*,#1209,.T.);
#5514 = ORIENTED_EDGE('',*,*,#5500,.T.);
#5515 = ORIENTED_EDGE('',*,*,#5516,.T.);
#5516 = EDGE_CURVE('',#5493,#5517,#5519,.T.);
#5517 = VERTEX_POINT('',#5518);
#5518 = CARTESIAN_POINT('',(-4.162768775266,3.220285714286,
    18.528742857143));
#5519 = LINE('',#5520,#5521);
#5520 = CARTESIAN_POINT('',(-4.162768775266,3.191871428571,
    18.500142857143));
#5521 = VECTOR('',#5522,1.);
#5522 = DIRECTION('',(0.,0.704799762748,0.709406297146));
#5523 = ORIENTED_EDGE('',*,*,#5524,.F.);
#5524 = EDGE_CURVE('',#1202,#5517,#5525,.T.);
#5525 = LINE('',#5526,#5527);
#5526 = CARTESIAN_POINT('',(-4.762768775266,3.220285714286,
    18.528742857143));
#5527 = VECTOR('',#5528,1.);
#5528 = DIRECTION('',(1.,0.,0.));
#5529 = PLANE('',#5530);
#5530 = AXIS2_PLACEMENT_3D('',#5531,#5532,#5533);
#5531 = CARTESIAN_POINT('',(-4.762768775266,3.191871428571,
    18.500142857143));
#5532 = DIRECTION('',(0.,-0.709406297146,0.704799762748));
#5533 = DIRECTION('',(0.,0.704799762748,0.709406297146));
#5534 = ADVANCED_FACE('',(#5535),#5553,.T.);
#5535 = FACE_BOUND('',#5536,.T.);
#5536 = EDGE_LOOP('',(#5537,#5538,#5539,#5547));
#5537 = ORIENTED_EDGE('',*,*,#1201,.T.);
#5538 = ORIENTED_EDGE('',*,*,#5524,.T.);
#5539 = ORIENTED_EDGE('',*,*,#5540,.T.);
#5540 = EDGE_CURVE('',#5517,#5541,#5543,.T.);
#5541 = VERTEX_POINT('',#5542);
#5542 = CARTESIAN_POINT('',(-4.162768775266,3.248885714286,
    18.562914285714));
#5543 = LINE('',#5544,#5545);
#5544 = CARTESIAN_POINT('',(-4.162768775266,3.220285714286,
    18.528742857143));
#5545 = VECTOR('',#5546,1.);
#5546 = DIRECTION('',(0.,0.641822684199,0.766853077224));
#5547 = ORIENTED_EDGE('',*,*,#5548,.F.);
#5548 = EDGE_CURVE('',#1194,#5541,#5549,.T.);
#5549 = LINE('',#5550,#5551);
#5550 = CARTESIAN_POINT('',(-4.762768775266,3.248885714286,
    18.562914285714));
#5551 = VECTOR('',#5552,1.);
#5552 = DIRECTION('',(1.,0.,0.));
#5553 = PLANE('',#5554);
#5554 = AXIS2_PLACEMENT_3D('',#5555,#5556,#5557);
#5555 = CARTESIAN_POINT('',(-4.762768775266,3.220285714286,
    18.528742857143));
#5556 = DIRECTION('',(0.,-0.766853077224,0.641822684199));
#5557 = DIRECTION('',(0.,0.641822684199,0.766853077224));
#5558 = ADVANCED_FACE('',(#5559),#5577,.T.);
#5559 = FACE_BOUND('',#5560,.T.);
#5560 = EDGE_LOOP('',(#5561,#5562,#5563,#5571));
#5561 = ORIENTED_EDGE('',*,*,#1193,.T.);
#5562 = ORIENTED_EDGE('',*,*,#5548,.T.);
#5563 = ORIENTED_EDGE('',*,*,#5564,.T.);
#5564 = EDGE_CURVE('',#5541,#5565,#5567,.T.);
#5565 = VERTEX_POINT('',#5566);
#5566 = CARTESIAN_POINT('',(-4.162768775266,3.2773,18.597085714286));
#5567 = LINE('',#5568,#5569);
#5568 = CARTESIAN_POINT('',(-4.162768775266,3.248885714286,
    18.562914285714));
#5569 = VECTOR('',#5570,1.);
#5570 = DIRECTION('',(0.,0.639361966955,0.7689058949));
#5571 = ORIENTED_EDGE('',*,*,#5572,.F.);
#5572 = EDGE_CURVE('',#1186,#5565,#5573,.T.);
#5573 = LINE('',#5574,#5575);
#5574 = CARTESIAN_POINT('',(-4.762768775266,3.2773,18.597085714286));
#5575 = VECTOR('',#5576,1.);
#5576 = DIRECTION('',(1.,0.,0.));
#5577 = PLANE('',#5578);
#5578 = AXIS2_PLACEMENT_3D('',#5579,#5580,#5581);
#5579 = CARTESIAN_POINT('',(-4.762768775266,3.248885714286,
    18.562914285714));
#5580 = DIRECTION('',(0.,-0.7689058949,0.639361966955));
#5581 = DIRECTION('',(0.,0.639361966955,0.7689058949));
#5582 = ADVANCED_FACE('',(#5583),#5601,.T.);
#5583 = FACE_BOUND('',#5584,.T.);
#5584 = EDGE_LOOP('',(#5585,#5586,#5587,#5595));
#5585 = ORIENTED_EDGE('',*,*,#1185,.T.);
#5586 = ORIENTED_EDGE('',*,*,#5572,.T.);
#5587 = ORIENTED_EDGE('',*,*,#5588,.T.);
#5588 = EDGE_CURVE('',#5565,#5589,#5591,.T.);
#5589 = VERTEX_POINT('',#5590);
#5590 = CARTESIAN_POINT('',(-4.162768775266,3.294571428571,
    18.631442857143));
#5591 = LINE('',#5592,#5593);
#5592 = CARTESIAN_POINT('',(-4.162768775266,3.2773,18.597085714286));
#5593 = VECTOR('',#5594,1.);
#5594 = DIRECTION('',(0.,0.449144356093,0.89345920298));
#5595 = ORIENTED_EDGE('',*,*,#5596,.F.);
#5596 = EDGE_CURVE('',#1178,#5589,#5597,.T.);
#5597 = LINE('',#5598,#5599);
#5598 = CARTESIAN_POINT('',(-4.762768775266,3.294571428571,
    18.631442857143));
#5599 = VECTOR('',#5600,1.);
#5600 = DIRECTION('',(1.,0.,0.));
#5601 = PLANE('',#5602);
#5602 = AXIS2_PLACEMENT_3D('',#5603,#5604,#5605);
#5603 = CARTESIAN_POINT('',(-4.762768775266,3.2773,18.597085714286));
#5604 = DIRECTION('',(0.,-0.89345920298,0.449144356093));
#5605 = DIRECTION('',(0.,0.449144356093,0.89345920298));
#5606 = ADVANCED_FACE('',(#5607),#5632,.T.);
#5607 = FACE_BOUND('',#5608,.T.);
#5608 = EDGE_LOOP('',(#5609,#5610,#5618,#5626));
#5609 = ORIENTED_EDGE('',*,*,#1169,.T.);
#5610 = ORIENTED_EDGE('',*,*,#5611,.T.);
#5611 = EDGE_CURVE('',#1170,#5612,#5614,.T.);
#5612 = VERTEX_POINT('',#5613);
#5613 = CARTESIAN_POINT('',(-4.162768775266,3.328742857143,18.7113));
#5614 = LINE('',#5615,#5616);
#5615 = CARTESIAN_POINT('',(-4.762768775266,3.328742857143,18.7113));
#5616 = VECTOR('',#5617,1.);
#5617 = DIRECTION('',(1.,0.,0.));
#5618 = ORIENTED_EDGE('',*,*,#5619,.T.);
#5619 = EDGE_CURVE('',#5612,#5620,#5622,.T.);
#5620 = VERTEX_POINT('',#5621);
#5621 = CARTESIAN_POINT('',(-4.162768775266,3.340071428571,
    18.751228571429));
#5622 = LINE('',#5623,#5624);
#5623 = CARTESIAN_POINT('',(-4.162768775266,3.328742857143,18.7113));
#5624 = VECTOR('',#5625,1.);
#5625 = DIRECTION('',(0.,0.272947724844,0.962028866252));
#5626 = ORIENTED_EDGE('',*,*,#5627,.F.);
#5627 = EDGE_CURVE('',#1162,#5620,#5628,.T.);
#5628 = LINE('',#5629,#5630);
#5629 = CARTESIAN_POINT('',(-4.762768775266,3.340071428571,
    18.751228571429));
#5630 = VECTOR('',#5631,1.);
#5631 = DIRECTION('',(1.,0.,0.));
#5632 = PLANE('',#5633);
#5633 = AXIS2_PLACEMENT_3D('',#5634,#5635,#5636);
#5634 = CARTESIAN_POINT('',(-4.762768775266,3.328742857143,18.7113));
#5635 = DIRECTION('',(0.,-0.962028866252,0.272947724844));
#5636 = DIRECTION('',(0.,0.272947724844,0.962028866252));
#5637 = ADVANCED_FACE('',(#5638),#5656,.T.);
#5638 = FACE_BOUND('',#5639,.T.);
#5639 = EDGE_LOOP('',(#5640,#5641,#5642,#5650));
#5640 = ORIENTED_EDGE('',*,*,#1161,.T.);
#5641 = ORIENTED_EDGE('',*,*,#5627,.T.);
#5642 = ORIENTED_EDGE('',*,*,#5643,.T.);
#5643 = EDGE_CURVE('',#5620,#5644,#5646,.T.);
#5644 = VERTEX_POINT('',#5645);
#5645 = CARTESIAN_POINT('',(-4.162768775266,3.345828571429,
    18.791157142857));
#5646 = LINE('',#5647,#5648);
#5647 = CARTESIAN_POINT('',(-4.162768775266,3.340071428571,
    18.751228571429));
#5648 = VECTOR('',#5649,1.);
#5649 = DIRECTION('',(0.,0.142710231997,0.989764512237));
#5650 = ORIENTED_EDGE('',*,*,#5651,.F.);
#5651 = EDGE_CURVE('',#1154,#5644,#5652,.T.);
#5652 = LINE('',#5653,#5654);
#5653 = CARTESIAN_POINT('',(-4.762768775266,3.345828571429,
    18.791157142857));
#5654 = VECTOR('',#5655,1.);
#5655 = DIRECTION('',(1.,0.,0.));
#5656 = PLANE('',#5657);
#5657 = AXIS2_PLACEMENT_3D('',#5658,#5659,#5660);
#5658 = CARTESIAN_POINT('',(-4.762768775266,3.340071428571,
    18.751228571429));
#5659 = DIRECTION('',(0.,-0.989764512237,0.142710231997));
#5660 = DIRECTION('',(0.,0.142710231997,0.989764512237));
#5661 = ADVANCED_FACE('',(#5662),#5687,.T.);
#5662 = FACE_BOUND('',#5663,.T.);
#5663 = EDGE_LOOP('',(#5664,#5665,#5673,#5681));
#5664 = ORIENTED_EDGE('',*,*,#1145,.T.);
#5665 = ORIENTED_EDGE('',*,*,#5666,.T.);
#5666 = EDGE_CURVE('',#1146,#5667,#5669,.T.);
#5667 = VERTEX_POINT('',#5668);
#5668 = CARTESIAN_POINT('',(-4.162768775266,3.345828571429,
    18.876771428571));
#5669 = LINE('',#5670,#5671);
#5670 = CARTESIAN_POINT('',(-4.762768775266,3.345828571429,
    18.876771428571));
#5671 = VECTOR('',#5672,1.);
#5672 = DIRECTION('',(1.,0.,0.));
#5673 = ORIENTED_EDGE('',*,*,#5674,.T.);
#5674 = EDGE_CURVE('',#5667,#5675,#5677,.T.);
#5675 = VERTEX_POINT('',#5676);
#5676 = CARTESIAN_POINT('',(-4.162768775266,3.3345,18.9167));
#5677 = LINE('',#5678,#5679);
#5678 = CARTESIAN_POINT('',(-4.162768775266,3.345828571429,
    18.876771428571));
#5679 = VECTOR('',#5680,1.);
#5680 = DIRECTION('',(0.,-0.272947724844,0.962028866252));
#5681 = ORIENTED_EDGE('',*,*,#5682,.F.);
#5682 = EDGE_CURVE('',#1138,#5675,#5683,.T.);
#5683 = LINE('',#5684,#5685);
#5684 = CARTESIAN_POINT('',(-4.762768775266,3.3345,18.9167));
#5685 = VECTOR('',#5686,1.);
#5686 = DIRECTION('',(1.,0.,0.));
#5687 = PLANE('',#5688);
#5688 = AXIS2_PLACEMENT_3D('',#5689,#5690,#5691);
#5689 = CARTESIAN_POINT('',(-4.762768775266,3.345828571429,
    18.876771428571));
#5690 = DIRECTION('',(0.,-0.962028866252,-0.272947724844));
#5691 = DIRECTION('',(0.,-0.272947724844,0.962028866252));
#5692 = ADVANCED_FACE('',(#5693),#5711,.T.);
#5693 = FACE_BOUND('',#5694,.T.);
#5694 = EDGE_LOOP('',(#5695,#5696,#5697,#5705));
#5695 = ORIENTED_EDGE('',*,*,#1137,.T.);
#5696 = ORIENTED_EDGE('',*,*,#5682,.T.);
#5697 = ORIENTED_EDGE('',*,*,#5698,.T.);
#5698 = EDGE_CURVE('',#5675,#5699,#5701,.T.);
#5699 = VERTEX_POINT('',#5700);
#5700 = CARTESIAN_POINT('',(-4.162768775266,3.328742857143,
    18.956628571429));
#5701 = LINE('',#5702,#5703);
#5702 = CARTESIAN_POINT('',(-4.162768775266,3.3345,18.9167));
#5703 = VECTOR('',#5704,1.);
#5704 = DIRECTION('',(0.,-0.142710231997,0.989764512237));
#5705 = ORIENTED_EDGE('',*,*,#5706,.F.);
#5706 = EDGE_CURVE('',#1130,#5699,#5707,.T.);
#5707 = LINE('',#5708,#5709);
#5708 = CARTESIAN_POINT('',(-4.762768775266,3.328742857143,
    18.956628571429));
#5709 = VECTOR('',#5710,1.);
#5710 = DIRECTION('',(1.,0.,0.));
#5711 = PLANE('',#5712);
#5712 = AXIS2_PLACEMENT_3D('',#5713,#5714,#5715);
#5713 = CARTESIAN_POINT('',(-4.762768775266,3.3345,18.9167));
#5714 = DIRECTION('',(0.,-0.989764512237,-0.142710231997));
#5715 = DIRECTION('',(0.,-0.142710231997,0.989764512237));
#5716 = ADVANCED_FACE('',(#5717),#5742,.T.);
#5717 = FACE_BOUND('',#5718,.T.);
#5718 = EDGE_LOOP('',(#5719,#5720,#5728,#5736));
#5719 = ORIENTED_EDGE('',*,*,#1121,.T.);
#5720 = ORIENTED_EDGE('',*,*,#5721,.T.);
#5721 = EDGE_CURVE('',#1122,#5722,#5724,.T.);
#5722 = VERTEX_POINT('',#5723);
#5723 = CARTESIAN_POINT('',(-4.162768775266,3.294571428571,
    19.036485714286));
#5724 = LINE('',#5725,#5726);
#5725 = CARTESIAN_POINT('',(-4.762768775266,3.294571428571,
    19.036485714286));
#5726 = VECTOR('',#5727,1.);
#5727 = DIRECTION('',(1.,0.,0.));
#5728 = ORIENTED_EDGE('',*,*,#5729,.T.);
#5729 = EDGE_CURVE('',#5722,#5730,#5732,.T.);
#5730 = VERTEX_POINT('',#5731);
#5731 = CARTESIAN_POINT('',(-4.162768775266,3.271728571429,
    19.070657142857));
#5732 = LINE('',#5733,#5734);
#5733 = CARTESIAN_POINT('',(-4.162768775266,3.294571428571,
    19.036485714286));
#5734 = VECTOR('',#5735,1.);
#5735 = DIRECTION('',(0.,-0.555742429414,0.831354528555));
#5736 = ORIENTED_EDGE('',*,*,#5737,.F.);
#5737 = EDGE_CURVE('',#1114,#5730,#5738,.T.);
#5738 = LINE('',#5739,#5740);
#5739 = CARTESIAN_POINT('',(-4.762768775266,3.271728571429,
    19.070657142857));
#5740 = VECTOR('',#5741,1.);
#5741 = DIRECTION('',(1.,0.,0.));
#5742 = PLANE('',#5743);
#5743 = AXIS2_PLACEMENT_3D('',#5744,#5745,#5746);
#5744 = CARTESIAN_POINT('',(-4.762768775266,3.294571428571,
    19.036485714286));
#5745 = DIRECTION('',(0.,-0.831354528555,-0.555742429414));
#5746 = DIRECTION('',(0.,-0.555742429414,0.831354528555));
#5747 = ADVANCED_FACE('',(#5748),#5766,.T.);
#5748 = FACE_BOUND('',#5749,.T.);
#5749 = EDGE_LOOP('',(#5750,#5751,#5752,#5760));
#5750 = ORIENTED_EDGE('',*,*,#1113,.T.);
#5751 = ORIENTED_EDGE('',*,*,#5737,.T.);
#5752 = ORIENTED_EDGE('',*,*,#5753,.T.);
#5753 = EDGE_CURVE('',#5730,#5754,#5756,.T.);
#5754 = VERTEX_POINT('',#5755);
#5755 = CARTESIAN_POINT('',(-4.162768775266,3.248885714286,
    19.105014285714));
#5756 = LINE('',#5757,#5758);
#5757 = CARTESIAN_POINT('',(-4.162768775266,3.271728571429,
    19.070657142857));
#5758 = VECTOR('',#5759,1.);
#5759 = DIRECTION('',(0.,-0.553661000345,0.83274215499));
#5760 = ORIENTED_EDGE('',*,*,#5761,.F.);
#5761 = EDGE_CURVE('',#1106,#5754,#5762,.T.);
#5762 = LINE('',#5763,#5764);
#5763 = CARTESIAN_POINT('',(-4.762768775266,3.248885714286,
    19.105014285714));
#5764 = VECTOR('',#5765,1.);
#5765 = DIRECTION('',(1.,0.,0.));
#5766 = PLANE('',#5767);
#5767 = AXIS2_PLACEMENT_3D('',#5768,#5769,#5770);
#5768 = CARTESIAN_POINT('',(-4.762768775266,3.271728571429,
    19.070657142857));
#5769 = DIRECTION('',(0.,-0.83274215499,-0.553661000345));
#5770 = DIRECTION('',(0.,-0.553661000345,0.83274215499));
#5771 = ADVANCED_FACE('',(#5772),#5790,.T.);
#5772 = FACE_BOUND('',#5773,.T.);
#5773 = EDGE_LOOP('',(#5774,#5775,#5776,#5784));
#5774 = ORIENTED_EDGE('',*,*,#1105,.T.);
#5775 = ORIENTED_EDGE('',*,*,#5761,.T.);
#5776 = ORIENTED_EDGE('',*,*,#5777,.T.);
#5777 = EDGE_CURVE('',#5754,#5778,#5780,.T.);
#5778 = VERTEX_POINT('',#5779);
#5779 = CARTESIAN_POINT('',(-4.162768775266,3.220285714286,
    19.133428571429));
#5780 = LINE('',#5781,#5782);
#5781 = CARTESIAN_POINT('',(-4.162768775266,3.248885714286,
    19.105014285714));
#5782 = VECTOR('',#5783,1.);
#5783 = DIRECTION('',(0.,-0.709406297146,0.704799762748));
#5784 = ORIENTED_EDGE('',*,*,#5785,.F.);
#5785 = EDGE_CURVE('',#1098,#5778,#5786,.T.);
#5786 = LINE('',#5787,#5788);
#5787 = CARTESIAN_POINT('',(-4.762768775266,3.220285714286,
    19.133428571429));
#5788 = VECTOR('',#5789,1.);
#5789 = DIRECTION('',(1.,0.,0.));
#5790 = PLANE('',#5791);
#5791 = AXIS2_PLACEMENT_3D('',#5792,#5793,#5794);
#5792 = CARTESIAN_POINT('',(-4.762768775266,3.248885714286,
    19.105014285714));
#5793 = DIRECTION('',(0.,-0.704799762748,-0.709406297146));
#5794 = DIRECTION('',(0.,-0.709406297146,0.704799762748));
#5795 = ADVANCED_FACE('',(#5796),#5814,.T.);
#5796 = FACE_BOUND('',#5797,.T.);
#5797 = EDGE_LOOP('',(#5798,#5799,#5800,#5808));
#5798 = ORIENTED_EDGE('',*,*,#1097,.T.);
#5799 = ORIENTED_EDGE('',*,*,#5785,.T.);
#5800 = ORIENTED_EDGE('',*,*,#5801,.T.);
#5801 = EDGE_CURVE('',#5778,#5802,#5804,.T.);
#5802 = VERTEX_POINT('',#5803);
#5803 = CARTESIAN_POINT('',(-4.162768775266,3.186114285714,
    19.162028571429));
#5804 = LINE('',#5805,#5806);
#5805 = CARTESIAN_POINT('',(-4.162768775266,3.220285714286,
    19.133428571429));
#5806 = VECTOR('',#5807,1.);
#5807 = DIRECTION('',(0.,-0.766853077224,0.641822684199));
#5808 = ORIENTED_EDGE('',*,*,#5809,.F.);
#5809 = EDGE_CURVE('',#1090,#5802,#5810,.T.);
#5810 = LINE('',#5811,#5812);
#5811 = CARTESIAN_POINT('',(-4.762768775266,3.186114285714,
    19.162028571429));
#5812 = VECTOR('',#5813,1.);
#5813 = DIRECTION('',(1.,0.,0.));
#5814 = PLANE('',#5815);
#5815 = AXIS2_PLACEMENT_3D('',#5816,#5817,#5818);
#5816 = CARTESIAN_POINT('',(-4.762768775266,3.220285714286,
    19.133428571429));
#5817 = DIRECTION('',(0.,-0.641822684199,-0.766853077224));
#5818 = DIRECTION('',(0.,-0.766853077224,0.641822684199));
#5819 = ADVANCED_FACE('',(#5820),#5838,.T.);
#5820 = FACE_BOUND('',#5821,.T.);
#5821 = EDGE_LOOP('',(#5822,#5823,#5824,#5832));
#5822 = ORIENTED_EDGE('',*,*,#1089,.T.);
#5823 = ORIENTED_EDGE('',*,*,#5809,.T.);
#5824 = ORIENTED_EDGE('',*,*,#5825,.T.);
#5825 = EDGE_CURVE('',#5802,#5826,#5828,.T.);
#5826 = VERTEX_POINT('',#5827);
#5827 = CARTESIAN_POINT('',(-4.162768775266,3.151942857143,
    19.190442857143));
#5828 = LINE('',#5829,#5830);
#5829 = CARTESIAN_POINT('',(-4.162768775266,3.186114285714,
    19.162028571429));
#5830 = VECTOR('',#5831,1.);
#5831 = DIRECTION('',(0.,-0.7689058949,0.639361966955));
#5832 = ORIENTED_EDGE('',*,*,#5833,.F.);
#5833 = EDGE_CURVE('',#1082,#5826,#5834,.T.);
#5834 = LINE('',#5835,#5836);
#5835 = CARTESIAN_POINT('',(-4.762768775266,3.151942857143,
    19.190442857143));
#5836 = VECTOR('',#5837,1.);
#5837 = DIRECTION('',(1.,0.,0.));
#5838 = PLANE('',#5839);
#5839 = AXIS2_PLACEMENT_3D('',#5840,#5841,#5842);
#5840 = CARTESIAN_POINT('',(-4.762768775266,3.186114285714,
    19.162028571429));
#5841 = DIRECTION('',(0.,-0.639361966955,-0.7689058949));
#5842 = DIRECTION('',(0.,-0.7689058949,0.639361966955));
#5843 = ADVANCED_FACE('',(#5844),#5862,.T.);
#5844 = FACE_BOUND('',#5845,.T.);
#5845 = EDGE_LOOP('',(#5846,#5847,#5848,#5856));
#5846 = ORIENTED_EDGE('',*,*,#1081,.T.);
#5847 = ORIENTED_EDGE('',*,*,#5833,.T.);
#5848 = ORIENTED_EDGE('',*,*,#5849,.T.);
#5849 = EDGE_CURVE('',#5826,#5850,#5852,.T.);
#5850 = VERTEX_POINT('',#5851);
#5851 = CARTESIAN_POINT('',(-4.162768775266,3.117585714286,
    19.207714285714));
#5852 = LINE('',#5853,#5854);
#5853 = CARTESIAN_POINT('',(-4.162768775266,3.151942857143,
    19.190442857143));
#5854 = VECTOR('',#5855,1.);
#5855 = DIRECTION('',(0.,-0.89345920298,0.449144356093));
#5856 = ORIENTED_EDGE('',*,*,#5857,.F.);
#5857 = EDGE_CURVE('',#1074,#5850,#5858,.T.);
#5858 = LINE('',#5859,#5860);
#5859 = CARTESIAN_POINT('',(-4.762768775266,3.117585714286,
    19.207714285714));
#5860 = VECTOR('',#5861,1.);
#5861 = DIRECTION('',(1.,0.,0.));
#5862 = PLANE('',#5863);
#5863 = AXIS2_PLACEMENT_3D('',#5864,#5865,#5866);
#5864 = CARTESIAN_POINT('',(-4.762768775266,3.151942857143,
    19.190442857143));
#5865 = DIRECTION('',(0.,-0.449144356093,-0.89345920298));
#5866 = DIRECTION('',(0.,-0.89345920298,0.449144356093));
#5867 = ADVANCED_FACE('',(#5868),#5893,.T.);
#5868 = FACE_BOUND('',#5869,.T.);
#5869 = EDGE_LOOP('',(#5870,#5871,#5879,#5887));
#5870 = ORIENTED_EDGE('',*,*,#1065,.T.);
#5871 = ORIENTED_EDGE('',*,*,#5872,.T.);
#5872 = EDGE_CURVE('',#1066,#5873,#5875,.T.);
#5873 = VERTEX_POINT('',#5874);
#5874 = CARTESIAN_POINT('',(-4.162768775266,3.037728571429,
    19.241885714286));
#5875 = LINE('',#5876,#5877);
#5876 = CARTESIAN_POINT('',(-4.762768775266,3.037728571429,
    19.241885714286));
#5877 = VECTOR('',#5878,1.);
#5878 = DIRECTION('',(1.,0.,0.));
#5879 = ORIENTED_EDGE('',*,*,#5880,.T.);
#5880 = EDGE_CURVE('',#5873,#5881,#5883,.T.);
#5881 = VERTEX_POINT('',#5882);
#5882 = CARTESIAN_POINT('',(-4.162768775266,2.9978,19.253214285714));
#5883 = LINE('',#5884,#5885);
#5884 = CARTESIAN_POINT('',(-4.162768775266,3.037728571429,
    19.241885714286));
#5885 = VECTOR('',#5886,1.);
#5886 = DIRECTION('',(0.,-0.962028866252,0.272947724844));
#5887 = ORIENTED_EDGE('',*,*,#5888,.F.);
#5888 = EDGE_CURVE('',#1058,#5881,#5889,.T.);
#5889 = LINE('',#5890,#5891);
#5890 = CARTESIAN_POINT('',(-4.762768775266,2.9978,19.253214285714));
#5891 = VECTOR('',#5892,1.);
#5892 = DIRECTION('',(1.,0.,0.));
#5893 = PLANE('',#5894);
#5894 = AXIS2_PLACEMENT_3D('',#5895,#5896,#5897);
#5895 = CARTESIAN_POINT('',(-4.762768775266,3.037728571429,
    19.241885714286));
#5896 = DIRECTION('',(0.,-0.272947724844,-0.962028866252));
#5897 = DIRECTION('',(0.,-0.962028866252,0.272947724844));
#5898 = ADVANCED_FACE('',(#5899),#5917,.T.);
#5899 = FACE_BOUND('',#5900,.T.);
#5900 = EDGE_LOOP('',(#5901,#5902,#5903,#5911));
#5901 = ORIENTED_EDGE('',*,*,#1057,.T.);
#5902 = ORIENTED_EDGE('',*,*,#5888,.T.);
#5903 = ORIENTED_EDGE('',*,*,#5904,.T.);
#5904 = EDGE_CURVE('',#5881,#5905,#5907,.T.);
#5905 = VERTEX_POINT('',#5906);
#5906 = CARTESIAN_POINT('',(-4.162768775266,2.957871428571,
    19.258971428571));
#5907 = LINE('',#5908,#5909);
#5908 = CARTESIAN_POINT('',(-4.162768775266,2.9978,19.253214285714));
#5909 = VECTOR('',#5910,1.);
#5910 = DIRECTION('',(0.,-0.989764512237,0.142710231997));
#5911 = ORIENTED_EDGE('',*,*,#5912,.F.);
#5912 = EDGE_CURVE('',#1050,#5905,#5913,.T.);
#5913 = LINE('',#5914,#5915);
#5914 = CARTESIAN_POINT('',(-4.762768775266,2.957871428571,
    19.258971428571));
#5915 = VECTOR('',#5916,1.);
#5916 = DIRECTION('',(1.,0.,0.));
#5917 = PLANE('',#5918);
#5918 = AXIS2_PLACEMENT_3D('',#5919,#5920,#5921);
#5919 = CARTESIAN_POINT('',(-4.762768775266,2.9978,19.253214285714));
#5920 = DIRECTION('',(0.,-0.142710231997,-0.989764512237));
#5921 = DIRECTION('',(0.,-0.989764512237,0.142710231997));
#5922 = ADVANCED_FACE('',(#5923),#5948,.T.);
#5923 = FACE_BOUND('',#5924,.T.);
#5924 = EDGE_LOOP('',(#5925,#5926,#5934,#5942));
#5925 = ORIENTED_EDGE('',*,*,#1041,.T.);
#5926 = ORIENTED_EDGE('',*,*,#5927,.T.);
#5927 = EDGE_CURVE('',#1042,#5928,#5930,.T.);
#5928 = VERTEX_POINT('',#5929);
#5929 = CARTESIAN_POINT('',(-4.162768775266,2.872257142857,
    19.258971428571));
#5930 = LINE('',#5931,#5932);
#5931 = CARTESIAN_POINT('',(-4.762768775266,2.872257142857,
    19.258971428571));
#5932 = VECTOR('',#5933,1.);
#5933 = DIRECTION('',(1.,0.,0.));
#5934 = ORIENTED_EDGE('',*,*,#5935,.T.);
#5935 = EDGE_CURVE('',#5928,#5936,#5938,.T.);
#5936 = VERTEX_POINT('',#5937);
#5937 = CARTESIAN_POINT('',(-4.162768775266,2.832328571429,
    19.247642857143));
#5938 = LINE('',#5939,#5940);
#5939 = CARTESIAN_POINT('',(-4.162768775266,2.872257142857,
    19.258971428571));
#5940 = VECTOR('',#5941,1.);
#5941 = DIRECTION('',(0.,-0.962028866252,-0.272947724844));
#5942 = ORIENTED_EDGE('',*,*,#5943,.F.);
#5943 = EDGE_CURVE('',#1034,#5936,#5944,.T.);
#5944 = LINE('',#5945,#5946);
#5945 = CARTESIAN_POINT('',(-4.762768775266,2.832328571429,
    19.247642857143));
#5946 = VECTOR('',#5947,1.);
#5947 = DIRECTION('',(1.,0.,0.));
#5948 = PLANE('',#5949);
#5949 = AXIS2_PLACEMENT_3D('',#5950,#5951,#5952);
#5950 = CARTESIAN_POINT('',(-4.762768775266,2.872257142857,
    19.258971428571));
#5951 = DIRECTION('',(0.,0.272947724844,-0.962028866252));
#5952 = DIRECTION('',(0.,-0.962028866252,-0.272947724844));
#5953 = ADVANCED_FACE('',(#5954),#5972,.T.);
#5954 = FACE_BOUND('',#5955,.T.);
#5955 = EDGE_LOOP('',(#5956,#5957,#5958,#5966));
#5956 = ORIENTED_EDGE('',*,*,#1033,.T.);
#5957 = ORIENTED_EDGE('',*,*,#5943,.T.);
#5958 = ORIENTED_EDGE('',*,*,#5959,.T.);
#5959 = EDGE_CURVE('',#5936,#5960,#5962,.T.);
#5960 = VERTEX_POINT('',#5961);
#5961 = CARTESIAN_POINT('',(-4.162768775266,2.7924,19.241885714286));
#5962 = LINE('',#5963,#5964);
#5963 = CARTESIAN_POINT('',(-4.162768775266,2.832328571429,
    19.247642857143));
#5964 = VECTOR('',#5965,1.);
#5965 = DIRECTION('',(0.,-0.989764512237,-0.142710231997));
#5966 = ORIENTED_EDGE('',*,*,#5967,.F.);
#5967 = EDGE_CURVE('',#1026,#5960,#5968,.T.);
#5968 = LINE('',#5969,#5970);
#5969 = CARTESIAN_POINT('',(-4.762768775266,2.7924,19.241885714286));
#5970 = VECTOR('',#5971,1.);
#5971 = DIRECTION('',(1.,0.,0.));
#5972 = PLANE('',#5973);
#5973 = AXIS2_PLACEMENT_3D('',#5974,#5975,#5976);
#5974 = CARTESIAN_POINT('',(-4.762768775266,2.832328571429,
    19.247642857143));
#5975 = DIRECTION('',(0.,0.142710231997,-0.989764512237));
#5976 = DIRECTION('',(0.,-0.989764512237,-0.142710231997));
#5977 = ADVANCED_FACE('',(#5978),#6003,.T.);
#5978 = FACE_BOUND('',#5979,.T.);
#5979 = EDGE_LOOP('',(#5980,#5981,#5989,#5997));
#5980 = ORIENTED_EDGE('',*,*,#1017,.T.);
#5981 = ORIENTED_EDGE('',*,*,#5982,.T.);
#5982 = EDGE_CURVE('',#1018,#5983,#5985,.T.);
#5983 = VERTEX_POINT('',#5984);
#5984 = CARTESIAN_POINT('',(-4.162768775266,2.712542857143,
    19.207714285714));
#5985 = LINE('',#5986,#5987);
#5986 = CARTESIAN_POINT('',(-4.762768775266,2.712542857143,
    19.207714285714));
#5987 = VECTOR('',#5988,1.);
#5988 = DIRECTION('',(1.,0.,0.));
#5989 = ORIENTED_EDGE('',*,*,#5990,.T.);
#5990 = EDGE_CURVE('',#5983,#5991,#5993,.T.);
#5991 = VERTEX_POINT('',#5992);
#5992 = CARTESIAN_POINT('',(-4.162768775266,2.678371428571,
    19.184871428571));
#5993 = LINE('',#5994,#5995);
#5994 = CARTESIAN_POINT('',(-4.162768775266,2.712542857143,
    19.207714285714));
#5995 = VECTOR('',#5996,1.);
#5996 = DIRECTION('',(0.,-0.831354528555,-0.555742429414));
#5997 = ORIENTED_EDGE('',*,*,#5998,.F.);
#5998 = EDGE_CURVE('',#1010,#5991,#5999,.T.);
#5999 = LINE('',#6000,#6001);
#6000 = CARTESIAN_POINT('',(-4.762768775266,2.678371428571,
    19.184871428571));
#6001 = VECTOR('',#6002,1.);
#6002 = DIRECTION('',(1.,0.,0.));
#6003 = PLANE('',#6004);
#6004 = AXIS2_PLACEMENT_3D('',#6005,#6006,#6007);
#6005 = CARTESIAN_POINT('',(-4.762768775266,2.712542857143,
    19.207714285714));
#6006 = DIRECTION('',(0.,0.555742429414,-0.831354528555));
#6007 = DIRECTION('',(0.,-0.831354528555,-0.555742429414));
#6008 = ADVANCED_FACE('',(#6009),#6027,.T.);
#6009 = FACE_BOUND('',#6010,.T.);
#6010 = EDGE_LOOP('',(#6011,#6012,#6013,#6021));
#6011 = ORIENTED_EDGE('',*,*,#1009,.T.);
#6012 = ORIENTED_EDGE('',*,*,#5998,.T.);
#6013 = ORIENTED_EDGE('',*,*,#6014,.T.);
#6014 = EDGE_CURVE('',#5991,#6015,#6017,.T.);
#6015 = VERTEX_POINT('',#6016);
#6016 = CARTESIAN_POINT('',(-4.162768775266,2.644014285714,
    19.162028571429));
#6017 = LINE('',#6018,#6019);
#6018 = CARTESIAN_POINT('',(-4.162768775266,2.678371428571,
    19.184871428571));
#6019 = VECTOR('',#6020,1.);
#6020 = DIRECTION('',(0.,-0.83274215499,-0.553661000345));
#6021 = ORIENTED_EDGE('',*,*,#6022,.F.);
#6022 = EDGE_CURVE('',#1002,#6015,#6023,.T.);
#6023 = LINE('',#6024,#6025);
#6024 = CARTESIAN_POINT('',(-4.762768775266,2.644014285714,
    19.162028571429));
#6025 = VECTOR('',#6026,1.);
#6026 = DIRECTION('',(1.,0.,0.));
#6027 = PLANE('',#6028);
#6028 = AXIS2_PLACEMENT_3D('',#6029,#6030,#6031);
#6029 = CARTESIAN_POINT('',(-4.762768775266,2.678371428571,
    19.184871428571));
#6030 = DIRECTION('',(0.,0.553661000345,-0.83274215499));
#6031 = DIRECTION('',(0.,-0.83274215499,-0.553661000345));
#6032 = ADVANCED_FACE('',(#6033),#6051,.T.);
#6033 = FACE_BOUND('',#6034,.T.);
#6034 = EDGE_LOOP('',(#6035,#6036,#6037,#6045));
#6035 = ORIENTED_EDGE('',*,*,#1001,.T.);
#6036 = ORIENTED_EDGE('',*,*,#6022,.T.);
#6037 = ORIENTED_EDGE('',*,*,#6038,.T.);
#6038 = EDGE_CURVE('',#6015,#6039,#6041,.T.);
#6039 = VERTEX_POINT('',#6040);
#6040 = CARTESIAN_POINT('',(-4.162768775266,2.6156,19.133428571429));
#6041 = LINE('',#6042,#6043);
#6042 = CARTESIAN_POINT('',(-4.162768775266,2.644014285714,
    19.162028571429));
#6043 = VECTOR('',#6044,1.);
#6044 = DIRECTION('',(0.,-0.704799762748,-0.709406297146));
#6045 = ORIENTED_EDGE('',*,*,#6046,.F.);
#6046 = EDGE_CURVE('',#994,#6039,#6047,.T.);
#6047 = LINE('',#6048,#6049);
#6048 = CARTESIAN_POINT('',(-4.762768775266,2.6156,19.133428571429));
#6049 = VECTOR('',#6050,1.);
#6050 = DIRECTION('',(1.,0.,0.));
#6051 = PLANE('',#6052);
#6052 = AXIS2_PLACEMENT_3D('',#6053,#6054,#6055);
#6053 = CARTESIAN_POINT('',(-4.762768775266,2.644014285714,
    19.162028571429));
#6054 = DIRECTION('',(0.,0.709406297146,-0.704799762748));
#6055 = DIRECTION('',(0.,-0.704799762748,-0.709406297146));
#6056 = ADVANCED_FACE('',(#6057),#6075,.T.);
#6057 = FACE_BOUND('',#6058,.T.);
#6058 = EDGE_LOOP('',(#6059,#6060,#6061,#6069));
#6059 = ORIENTED_EDGE('',*,*,#993,.T.);
#6060 = ORIENTED_EDGE('',*,*,#6046,.T.);
#6061 = ORIENTED_EDGE('',*,*,#6062,.T.);
#6062 = EDGE_CURVE('',#6039,#6063,#6065,.T.);
#6063 = VERTEX_POINT('',#6064);
#6064 = CARTESIAN_POINT('',(-4.162768775266,2.587,19.099257142857));
#6065 = LINE('',#6066,#6067);
#6066 = CARTESIAN_POINT('',(-4.162768775266,2.6156,19.133428571429));
#6067 = VECTOR('',#6068,1.);
#6068 = DIRECTION('',(0.,-0.641822684199,-0.766853077224));
#6069 = ORIENTED_EDGE('',*,*,#6070,.F.);
#6070 = EDGE_CURVE('',#986,#6063,#6071,.T.);
#6071 = LINE('',#6072,#6073);
#6072 = CARTESIAN_POINT('',(-4.762768775266,2.587,19.099257142857));
#6073 = VECTOR('',#6074,1.);
#6074 = DIRECTION('',(1.,0.,0.));
#6075 = PLANE('',#6076);
#6076 = AXIS2_PLACEMENT_3D('',#6077,#6078,#6079);
#6077 = CARTESIAN_POINT('',(-4.762768775266,2.6156,19.133428571429));
#6078 = DIRECTION('',(0.,0.766853077224,-0.641822684199));
#6079 = DIRECTION('',(0.,-0.641822684199,-0.766853077224));
#6080 = ADVANCED_FACE('',(#6081),#6099,.T.);
#6081 = FACE_BOUND('',#6082,.T.);
#6082 = EDGE_LOOP('',(#6083,#6084,#6085,#6093));
#6083 = ORIENTED_EDGE('',*,*,#985,.T.);
#6084 = ORIENTED_EDGE('',*,*,#6070,.T.);
#6085 = ORIENTED_EDGE('',*,*,#6086,.T.);
#6086 = EDGE_CURVE('',#6063,#6087,#6089,.T.);
#6087 = VERTEX_POINT('',#6088);
#6088 = CARTESIAN_POINT('',(-4.162768775266,2.558585714286,
    19.065085714286));
#6089 = LINE('',#6090,#6091);
#6090 = CARTESIAN_POINT('',(-4.162768775266,2.587,19.099257142857));
#6091 = VECTOR('',#6092,1.);
#6092 = DIRECTION('',(0.,-0.639361966955,-0.7689058949));
#6093 = ORIENTED_EDGE('',*,*,#6094,.F.);
#6094 = EDGE_CURVE('',#978,#6087,#6095,.T.);
#6095 = LINE('',#6096,#6097);
#6096 = CARTESIAN_POINT('',(-4.762768775266,2.558585714286,
    19.065085714286));
#6097 = VECTOR('',#6098,1.);
#6098 = DIRECTION('',(1.,0.,0.));
#6099 = PLANE('',#6100);
#6100 = AXIS2_PLACEMENT_3D('',#6101,#6102,#6103);
#6101 = CARTESIAN_POINT('',(-4.762768775266,2.587,19.099257142857));
#6102 = DIRECTION('',(0.,0.7689058949,-0.639361966955));
#6103 = DIRECTION('',(0.,-0.639361966955,-0.7689058949));
#6104 = ADVANCED_FACE('',(#6105),#6123,.T.);
#6105 = FACE_BOUND('',#6106,.T.);
#6106 = EDGE_LOOP('',(#6107,#6108,#6109,#6117));
#6107 = ORIENTED_EDGE('',*,*,#977,.T.);
#6108 = ORIENTED_EDGE('',*,*,#6094,.T.);
#6109 = ORIENTED_EDGE('',*,*,#6110,.T.);
#6110 = EDGE_CURVE('',#6087,#6111,#6113,.T.);
#6111 = VERTEX_POINT('',#6112);
#6112 = CARTESIAN_POINT('',(-4.162768775266,2.541314285714,
    19.030728571429));
#6113 = LINE('',#6114,#6115);
#6114 = CARTESIAN_POINT('',(-4.162768775266,2.558585714286,
    19.065085714286));
#6115 = VECTOR('',#6116,1.);
#6116 = DIRECTION('',(0.,-0.449144356093,-0.89345920298));
#6117 = ORIENTED_EDGE('',*,*,#6118,.F.);
#6118 = EDGE_CURVE('',#970,#6111,#6119,.T.);
#6119 = LINE('',#6120,#6121);
#6120 = CARTESIAN_POINT('',(-4.762768775266,2.541314285714,
    19.030728571429));
#6121 = VECTOR('',#6122,1.);
#6122 = DIRECTION('',(1.,0.,0.));
#6123 = PLANE('',#6124);
#6124 = AXIS2_PLACEMENT_3D('',#6125,#6126,#6127);
#6125 = CARTESIAN_POINT('',(-4.762768775266,2.558585714286,
    19.065085714286));
#6126 = DIRECTION('',(0.,0.89345920298,-0.449144356093));
#6127 = DIRECTION('',(0.,-0.449144356093,-0.89345920298));
#6128 = ADVANCED_FACE('',(#6129),#6154,.T.);
#6129 = FACE_BOUND('',#6130,.T.);
#6130 = EDGE_LOOP('',(#6131,#6132,#6140,#6148));
#6131 = ORIENTED_EDGE('',*,*,#961,.T.);
#6132 = ORIENTED_EDGE('',*,*,#6133,.T.);
#6133 = EDGE_CURVE('',#962,#6134,#6136,.T.);
#6134 = VERTEX_POINT('',#6135);
#6135 = CARTESIAN_POINT('',(-4.162768775266,2.507142857143,
    18.950871428571));
#6136 = LINE('',#6137,#6138);
#6137 = CARTESIAN_POINT('',(-4.762768775266,2.507142857143,
    18.950871428571));
#6138 = VECTOR('',#6139,1.);
#6139 = DIRECTION('',(1.,0.,0.));
#6140 = ORIENTED_EDGE('',*,*,#6141,.T.);
#6141 = EDGE_CURVE('',#6134,#6142,#6144,.T.);
#6142 = VERTEX_POINT('',#6143);
#6143 = CARTESIAN_POINT('',(-4.162768775266,2.495814285714,
    18.910942857143));
#6144 = LINE('',#6145,#6146);
#6145 = CARTESIAN_POINT('',(-4.162768775266,2.507142857143,
    18.950871428571));
#6146 = VECTOR('',#6147,1.);
#6147 = DIRECTION('',(0.,-0.272947724844,-0.962028866252));
#6148 = ORIENTED_EDGE('',*,*,#6149,.F.);
#6149 = EDGE_CURVE('',#954,#6142,#6150,.T.);
#6150 = LINE('',#6151,#6152);
#6151 = CARTESIAN_POINT('',(-4.762768775266,2.495814285714,
    18.910942857143));
#6152 = VECTOR('',#6153,1.);
#6153 = DIRECTION('',(1.,0.,0.));
#6154 = PLANE('',#6155);
#6155 = AXIS2_PLACEMENT_3D('',#6156,#6157,#6158);
#6156 = CARTESIAN_POINT('',(-4.762768775266,2.507142857143,
    18.950871428571));
#6157 = DIRECTION('',(0.,0.962028866252,-0.272947724844));
#6158 = DIRECTION('',(0.,-0.272947724844,-0.962028866252));
#6159 = ADVANCED_FACE('',(#6160),#6178,.T.);
#6160 = FACE_BOUND('',#6161,.T.);
#6161 = EDGE_LOOP('',(#6162,#6163,#6164,#6172));
#6162 = ORIENTED_EDGE('',*,*,#953,.T.);
#6163 = ORIENTED_EDGE('',*,*,#6149,.T.);
#6164 = ORIENTED_EDGE('',*,*,#6165,.T.);
#6165 = EDGE_CURVE('',#6142,#6166,#6168,.T.);
#6166 = VERTEX_POINT('',#6167);
#6167 = CARTESIAN_POINT('',(-4.162768775266,2.490057142857,
    18.871014285714));
#6168 = LINE('',#6169,#6170);
#6169 = CARTESIAN_POINT('',(-4.162768775266,2.495814285714,
    18.910942857143));
#6170 = VECTOR('',#6171,1.);
#6171 = DIRECTION('',(0.,-0.142710231997,-0.989764512237));
#6172 = ORIENTED_EDGE('',*,*,#6173,.F.);
#6173 = EDGE_CURVE('',#946,#6166,#6174,.T.);
#6174 = LINE('',#6175,#6176);
#6175 = CARTESIAN_POINT('',(-4.762768775266,2.490057142857,
    18.871014285714));
#6176 = VECTOR('',#6177,1.);
#6177 = DIRECTION('',(1.,0.,0.));
#6178 = PLANE('',#6179);
#6179 = AXIS2_PLACEMENT_3D('',#6180,#6181,#6182);
#6180 = CARTESIAN_POINT('',(-4.762768775266,2.495814285714,
    18.910942857143));
#6181 = DIRECTION('',(0.,0.989764512237,-0.142710231997));
#6182 = DIRECTION('',(0.,-0.142710231997,-0.989764512237));
#6183 = ADVANCED_FACE('',(#6184),#6209,.T.);
#6184 = FACE_BOUND('',#6185,.T.);
#6185 = EDGE_LOOP('',(#6186,#6187,#6195,#6203));
#6186 = ORIENTED_EDGE('',*,*,#1353,.T.);
#6187 = ORIENTED_EDGE('',*,*,#6188,.T.);
#6188 = EDGE_CURVE('',#1356,#6189,#6191,.T.);
#6189 = VERTEX_POINT('',#6190);
#6190 = CARTESIAN_POINT('',(-4.162768775266,1.919542857143,
    22.282771428571));
#6191 = LINE('',#6192,#6193);
#6192 = CARTESIAN_POINT('',(-4.762768775266,1.919542857143,
    22.282771428571));
#6193 = VECTOR('',#6194,1.);
#6194 = DIRECTION('',(1.,0.,0.));
#6195 = ORIENTED_EDGE('',*,*,#6196,.T.);
#6196 = EDGE_CURVE('',#6189,#6197,#6199,.T.);
#6197 = VERTEX_POINT('',#6198);
#6198 = CARTESIAN_POINT('',(-4.162768775266,1.908214285714,
    22.305428571429));
#6199 = LINE('',#6200,#6201);
#6200 = CARTESIAN_POINT('',(-4.162768775266,1.919542857143,
    22.282771428571));
#6201 = VECTOR('',#6202,1.);
#6202 = DIRECTION('',(0.,-0.4472135955,0.894427191));
#6203 = ORIENTED_EDGE('',*,*,#6204,.F.);
#6204 = EDGE_CURVE('',#1354,#6197,#6205,.T.);
#6205 = LINE('',#6206,#6207);
#6206 = CARTESIAN_POINT('',(-4.762768775266,1.908214285714,
    22.305428571429));
#6207 = VECTOR('',#6208,1.);
#6208 = DIRECTION('',(1.,0.,0.));
#6209 = PLANE('',#6210);
#6210 = AXIS2_PLACEMENT_3D('',#6211,#6212,#6213);
#6211 = CARTESIAN_POINT('',(-4.762768775266,1.919542857143,
    22.282771428571));
#6212 = DIRECTION('',(0.,-0.894427191,-0.4472135955));
#6213 = DIRECTION('',(0.,-0.4472135955,0.894427191));
#6214 = ADVANCED_FACE('',(#6215),#6233,.T.);
#6215 = FACE_BOUND('',#6216,.T.);
#6216 = EDGE_LOOP('',(#6217,#6218,#6219,#6227));
#6217 = ORIENTED_EDGE('',*,*,#2059,.T.);
#6218 = ORIENTED_EDGE('',*,*,#6204,.T.);
#6219 = ORIENTED_EDGE('',*,*,#6220,.T.);
#6220 = EDGE_CURVE('',#6197,#6221,#6223,.T.);
#6221 = VERTEX_POINT('',#6222);
#6222 = CARTESIAN_POINT('',(-4.162768775266,1.8967,22.328271428571));
#6223 = LINE('',#6224,#6225);
#6224 = CARTESIAN_POINT('',(-4.162768775266,1.908214285714,
    22.305428571429));
#6225 = VECTOR('',#6226,1.);
#6226 = DIRECTION('',(0.,-0.450115207469,0.892970492237));
#6227 = ORIENTED_EDGE('',*,*,#6228,.F.);
#6228 = EDGE_CURVE('',#2052,#6221,#6229,.T.);
#6229 = LINE('',#6230,#6231);
#6230 = CARTESIAN_POINT('',(-4.762768775266,1.8967,22.328271428571));
#6231 = VECTOR('',#6232,1.);
#6232 = DIRECTION('',(1.,0.,0.));
#6233 = PLANE('',#6234);
#6234 = AXIS2_PLACEMENT_3D('',#6235,#6236,#6237);
#6235 = CARTESIAN_POINT('',(-4.762768775266,1.908214285714,
    22.305428571429));
#6236 = DIRECTION('',(0.,-0.892970492237,-0.450115207469));
#6237 = DIRECTION('',(0.,-0.450115207469,0.892970492237));
#6238 = ADVANCED_FACE('',(#6239),#6257,.T.);
#6239 = FACE_BOUND('',#6240,.T.);
#6240 = EDGE_LOOP('',(#6241,#6242,#6243,#6251));
#6241 = ORIENTED_EDGE('',*,*,#2051,.T.);
#6242 = ORIENTED_EDGE('',*,*,#6228,.T.);
#6243 = ORIENTED_EDGE('',*,*,#6244,.T.);
#6244 = EDGE_CURVE('',#6221,#6245,#6247,.T.);
#6245 = VERTEX_POINT('',#6246);
#6246 = CARTESIAN_POINT('',(-4.162768775266,1.885371428571,
    22.351114285714));
#6247 = LINE('',#6248,#6249);
#6248 = CARTESIAN_POINT('',(-4.162768775266,1.8967,22.328271428571));
#6249 = VECTOR('',#6250,1.);
#6250 = DIRECTION('',(0.,-0.444297794845,0.895879160097));
#6251 = ORIENTED_EDGE('',*,*,#6252,.F.);
#6252 = EDGE_CURVE('',#2044,#6245,#6253,.T.);
#6253 = LINE('',#6254,#6255);
#6254 = CARTESIAN_POINT('',(-4.762768775266,1.885371428571,
    22.351114285714));
#6255 = VECTOR('',#6256,1.);
#6256 = DIRECTION('',(1.,0.,0.));
#6257 = PLANE('',#6258);
#6258 = AXIS2_PLACEMENT_3D('',#6259,#6260,#6261);
#6259 = CARTESIAN_POINT('',(-4.762768775266,1.8967,22.328271428571));
#6260 = DIRECTION('',(0.,-0.895879160097,-0.444297794845));
#6261 = DIRECTION('',(0.,-0.444297794845,0.895879160097));
#6262 = ADVANCED_FACE('',(#6263),#6281,.T.);
#6263 = FACE_BOUND('',#6264,.T.);
#6264 = EDGE_LOOP('',(#6265,#6266,#6267,#6275));
#6265 = ORIENTED_EDGE('',*,*,#2043,.T.);
#6266 = ORIENTED_EDGE('',*,*,#6252,.T.);
#6267 = ORIENTED_EDGE('',*,*,#6268,.T.);
#6268 = EDGE_CURVE('',#6245,#6269,#6271,.T.);
#6269 = VERTEX_POINT('',#6270);
#6270 = CARTESIAN_POINT('',(-4.162768775266,1.856771428571,22.3682));
#6271 = LINE('',#6272,#6273);
#6272 = CARTESIAN_POINT('',(-4.162768775266,1.885371428571,
    22.351114285714));
#6273 = VECTOR('',#6274,1.);
#6274 = DIRECTION('',(0.,-0.85847509595,0.512855252126));
#6275 = ORIENTED_EDGE('',*,*,#6276,.F.);
#6276 = EDGE_CURVE('',#2036,#6269,#6277,.T.);
#6277 = LINE('',#6278,#6279);
#6278 = CARTESIAN_POINT('',(-4.762768775266,1.856771428571,22.3682));
#6279 = VECTOR('',#6280,1.);
#6280 = DIRECTION('',(1.,0.,0.));
#6281 = PLANE('',#6282);
#6282 = AXIS2_PLACEMENT_3D('',#6283,#6284,#6285);
#6283 = CARTESIAN_POINT('',(-4.762768775266,1.885371428571,
    22.351114285714));
#6284 = DIRECTION('',(0.,-0.512855252126,-0.85847509595));
#6285 = DIRECTION('',(0.,-0.85847509595,0.512855252126));
#6286 = ADVANCED_FACE('',(#6287),#6305,.T.);
#6287 = FACE_BOUND('',#6288,.T.);
#6288 = EDGE_LOOP('',(#6289,#6290,#6291,#6299));
#6289 = ORIENTED_EDGE('',*,*,#2035,.T.);
#6290 = ORIENTED_EDGE('',*,*,#6276,.T.);
#6291 = ORIENTED_EDGE('',*,*,#6292,.T.);
#6292 = EDGE_CURVE('',#6269,#6293,#6295,.T.);
#6293 = VERTEX_POINT('',#6294);
#6294 = CARTESIAN_POINT('',(-4.162768775266,1.833928571429,
    22.385471428571));
#6295 = LINE('',#6296,#6297);
#6296 = CARTESIAN_POINT('',(-4.162768775266,1.856771428571,22.3682));
#6297 = VECTOR('',#6298,1.);
#6298 = DIRECTION('',(0.,-0.797659331282,0.603108274872));
#6299 = ORIENTED_EDGE('',*,*,#6300,.F.);
#6300 = EDGE_CURVE('',#2028,#6293,#6301,.T.);
#6301 = LINE('',#6302,#6303);
#6302 = CARTESIAN_POINT('',(-4.762768775266,1.833928571429,
    22.385471428571));
#6303 = VECTOR('',#6304,1.);
#6304 = DIRECTION('',(1.,0.,0.));
#6305 = PLANE('',#6306);
#6306 = AXIS2_PLACEMENT_3D('',#6307,#6308,#6309);
#6307 = CARTESIAN_POINT('',(-4.762768775266,1.856771428571,22.3682));
#6308 = DIRECTION('',(0.,-0.603108274872,-0.797659331282));
#6309 = DIRECTION('',(0.,-0.797659331282,0.603108274872));
#6310 = ADVANCED_FACE('',(#6311),#6329,.T.);
#6311 = FACE_BOUND('',#6312,.T.);
#6312 = EDGE_LOOP('',(#6313,#6314,#6315,#6323));
#6313 = ORIENTED_EDGE('',*,*,#2027,.T.);
#6314 = ORIENTED_EDGE('',*,*,#6300,.T.);
#6315 = ORIENTED_EDGE('',*,*,#6316,.T.);
#6316 = EDGE_CURVE('',#6293,#6317,#6319,.T.);
#6317 = VERTEX_POINT('',#6318);
#6318 = CARTESIAN_POINT('',(-4.162768775266,1.805514285714,22.3968));
#6319 = LINE('',#6320,#6321);
#6320 = CARTESIAN_POINT('',(-4.162768775266,1.833928571429,
    22.385471428571));
#6321 = VECTOR('',#6322,1.);
#6322 = DIRECTION('',(0.,-0.92889480482,0.370343680353));
#6323 = ORIENTED_EDGE('',*,*,#6324,.F.);
#6324 = EDGE_CURVE('',#2020,#6317,#6325,.T.);
#6325 = LINE('',#6326,#6327);
#6326 = CARTESIAN_POINT('',(-4.762768775266,1.805514285714,22.3968));
#6327 = VECTOR('',#6328,1.);
#6328 = DIRECTION('',(1.,0.,0.));
#6329 = PLANE('',#6330);
#6330 = AXIS2_PLACEMENT_3D('',#6331,#6332,#6333);
#6331 = CARTESIAN_POINT('',(-4.762768775266,1.833928571429,
    22.385471428571));
#6332 = DIRECTION('',(0.,-0.370343680353,-0.92889480482));
#6333 = DIRECTION('',(0.,-0.92889480482,0.370343680353));
#6334 = ADVANCED_FACE('',(#6335),#6360,.T.);
#6335 = FACE_BOUND('',#6336,.T.);
#6336 = EDGE_LOOP('',(#6337,#6338,#6346,#6354));
#6337 = ORIENTED_EDGE('',*,*,#2011,.T.);
#6338 = ORIENTED_EDGE('',*,*,#6339,.T.);
#6339 = EDGE_CURVE('',#2012,#6340,#6342,.T.);
#6340 = VERTEX_POINT('',#6341);
#6341 = CARTESIAN_POINT('',(-4.162768775266,3.324285714286E-02,22.3968)
  );
#6342 = LINE('',#6343,#6344);
#6343 = CARTESIAN_POINT('',(-4.762768775266,3.324285714286E-02,22.3968)
  );
#6344 = VECTOR('',#6345,1.);
#6345 = DIRECTION('',(1.,0.,0.));
#6346 = ORIENTED_EDGE('',*,*,#6347,.T.);
#6347 = EDGE_CURVE('',#6340,#6348,#6350,.T.);
#6348 = VERTEX_POINT('',#6349);
#6349 = CARTESIAN_POINT('',(-4.162768775266,5.757142857144E-03,
    22.385471428571));
#6350 = LINE('',#6351,#6352);
#6351 = CARTESIAN_POINT('',(-4.162768775266,3.324285714286E-02,22.3968)
  );
#6352 = VECTOR('',#6353,1.);
#6353 = DIRECTION('',(0.,-0.924548670381,-0.381063979008));
#6354 = ORIENTED_EDGE('',*,*,#6355,.F.);
#6355 = EDGE_CURVE('',#2004,#6348,#6356,.T.);
#6356 = LINE('',#6357,#6358);
#6357 = CARTESIAN_POINT('',(-4.762768775266,5.757142857144E-03,
    22.385471428571));
#6358 = VECTOR('',#6359,1.);
#6359 = DIRECTION('',(1.,0.,0.));
#6360 = PLANE('',#6361);
#6361 = AXIS2_PLACEMENT_3D('',#6362,#6363,#6364);
#6362 = CARTESIAN_POINT('',(-4.762768775266,3.324285714286E-02,22.3968)
  );
#6363 = DIRECTION('',(0.,0.381063979008,-0.924548670381));
#6364 = DIRECTION('',(0.,-0.924548670381,-0.381063979008));
#6365 = ADVANCED_FACE('',(#6366),#6384,.T.);
#6366 = FACE_BOUND('',#6367,.T.);
#6367 = EDGE_LOOP('',(#6368,#6369,#6370,#6378));
#6368 = ORIENTED_EDGE('',*,*,#2003,.T.);
#6369 = ORIENTED_EDGE('',*,*,#6355,.T.);
#6370 = ORIENTED_EDGE('',*,*,#6371,.T.);
#6371 = EDGE_CURVE('',#6348,#6372,#6374,.T.);
#6372 = VERTEX_POINT('',#6373);
#6373 = CARTESIAN_POINT('',(-4.162768775266,-1.095714285714E-02,
    22.373957142857));
#6374 = LINE('',#6375,#6376);
#6375 = CARTESIAN_POINT('',(-4.162768775266,5.757142857144E-03,
    22.385471428571));
#6376 = VECTOR('',#6377,1.);
#6377 = DIRECTION('',(0.,-0.82350760101,-0.567305236251));
#6378 = ORIENTED_EDGE('',*,*,#6379,.F.);
#6379 = EDGE_CURVE('',#1996,#6372,#6380,.T.);
#6380 = LINE('',#6381,#6382);
#6381 = CARTESIAN_POINT('',(-4.762768775266,-1.095714285714E-02,
    22.373957142857));
#6382 = VECTOR('',#6383,1.);
#6383 = DIRECTION('',(1.,0.,0.));
#6384 = PLANE('',#6385);
#6385 = AXIS2_PLACEMENT_3D('',#6386,#6387,#6388);
#6386 = CARTESIAN_POINT('',(-4.762768775266,5.757142857144E-03,
    22.385471428571));
#6387 = DIRECTION('',(0.,0.567305236251,-0.82350760101));
#6388 = DIRECTION('',(0.,-0.82350760101,-0.567305236251));
#6389 = ADVANCED_FACE('',(#6390),#6408,.T.);
#6390 = FACE_BOUND('',#6391,.T.);
#6391 = EDGE_LOOP('',(#6392,#6393,#6394,#6402));
#6392 = ORIENTED_EDGE('',*,*,#1995,.T.);
#6393 = ORIENTED_EDGE('',*,*,#6379,.T.);
#6394 = ORIENTED_EDGE('',*,*,#6395,.T.);
#6395 = EDGE_CURVE('',#6372,#6396,#6398,.T.);
#6396 = VERTEX_POINT('',#6397);
#6397 = CARTESIAN_POINT('',(-4.162768775266,-3.305714285714E-02,
    22.362628571429));
#6398 = LINE('',#6399,#6400);
#6399 = CARTESIAN_POINT('',(-4.162768775266,-1.095714285714E-02,
    22.373957142857));
#6400 = VECTOR('',#6401,1.);
#6401 = DIRECTION('',(0.,-0.889895306309,-0.456164820881));
#6402 = ORIENTED_EDGE('',*,*,#6403,.F.);
#6403 = EDGE_CURVE('',#1988,#6396,#6404,.T.);
#6404 = LINE('',#6405,#6406);
#6405 = CARTESIAN_POINT('',(-4.762768775266,-3.305714285714E-02,
    22.362628571429));
#6406 = VECTOR('',#6407,1.);
#6407 = DIRECTION('',(1.,0.,0.));
#6408 = PLANE('',#6409);
#6409 = AXIS2_PLACEMENT_3D('',#6410,#6411,#6412);
#6410 = CARTESIAN_POINT('',(-4.762768775266,-1.095714285714E-02,
    22.373957142857));
#6411 = DIRECTION('',(0.,0.456164820881,-0.889895306309));
#6412 = DIRECTION('',(0.,-0.889895306309,-0.456164820881));
#6413 = ADVANCED_FACE('',(#6414),#6432,.T.);
#6414 = FACE_BOUND('',#6415,.T.);
#6415 = EDGE_LOOP('',(#6416,#6417,#6418,#6426));
#6416 = ORIENTED_EDGE('',*,*,#1987,.T.);
#6417 = ORIENTED_EDGE('',*,*,#6403,.T.);
#6418 = ORIENTED_EDGE('',*,*,#6419,.T.);
#6419 = EDGE_CURVE('',#6396,#6420,#6422,.T.);
#6420 = VERTEX_POINT('',#6421);
#6421 = CARTESIAN_POINT('',(-4.162768775266,-4.958571428571E-02,
    22.339785714286));
#6422 = LINE('',#6423,#6424);
#6423 = CARTESIAN_POINT('',(-4.162768775266,-3.305714285714E-02,
    22.362628571429));
#6424 = VECTOR('',#6425,1.);
#6425 = DIRECTION('',(0.,-0.586211780526,-0.810157853985));
#6426 = ORIENTED_EDGE('',*,*,#6427,.F.);
#6427 = EDGE_CURVE('',#1980,#6420,#6428,.T.);
#6428 = LINE('',#6429,#6430);
#6429 = CARTESIAN_POINT('',(-4.762768775266,-4.958571428571E-02,
    22.339785714286));
#6430 = VECTOR('',#6431,1.);
#6431 = DIRECTION('',(1.,0.,0.));
#6432 = PLANE('',#6433);
#6433 = AXIS2_PLACEMENT_3D('',#6434,#6435,#6436);
#6434 = CARTESIAN_POINT('',(-4.762768775266,-3.305714285714E-02,
    22.362628571429));
#6435 = DIRECTION('',(0.,0.810157853985,-0.586211780526));
#6436 = DIRECTION('',(0.,-0.586211780526,-0.810157853985));
#6437 = ADVANCED_FACE('',(#6438),#6456,.T.);
#6438 = FACE_BOUND('',#6439,.T.);
#6439 = EDGE_LOOP('',(#6440,#6441,#6442,#6450));
#6440 = ORIENTED_EDGE('',*,*,#1979,.T.);
#6441 = ORIENTED_EDGE('',*,*,#6427,.T.);
#6442 = ORIENTED_EDGE('',*,*,#6443,.T.);
#6443 = EDGE_CURVE('',#6420,#6444,#6446,.T.);
#6444 = VERTEX_POINT('',#6445);
#6445 = CARTESIAN_POINT('',(-4.162768775266,-6.072857142857E-02,22.3227)
  );
#6446 = LINE('',#6447,#6448);
#6447 = CARTESIAN_POINT('',(-4.162768775266,-4.958571428571E-02,
    22.339785714286));
#6448 = VECTOR('',#6449,1.);
#6449 = DIRECTION('',(0.,-0.546267780547,-0.837610596839));
#6450 = ORIENTED_EDGE('',*,*,#6451,.F.);
#6451 = EDGE_CURVE('',#1972,#6444,#6452,.T.);
#6452 = LINE('',#6453,#6454);
#6453 = CARTESIAN_POINT('',(-4.762768775266,-6.072857142857E-02,22.3227)
  );
#6454 = VECTOR('',#6455,1.);
#6455 = DIRECTION('',(1.,0.,0.));
#6456 = PLANE('',#6457);
#6457 = AXIS2_PLACEMENT_3D('',#6458,#6459,#6460);
#6458 = CARTESIAN_POINT('',(-4.762768775266,-4.958571428571E-02,
    22.339785714286));
#6459 = DIRECTION('',(0.,0.837610596839,-0.546267780547));
#6460 = DIRECTION('',(0.,-0.546267780547,-0.837610596839));
#6461 = ADVANCED_FACE('',(#6462),#6480,.T.);
#6462 = FACE_BOUND('',#6463,.T.);
#6463 = EDGE_LOOP('',(#6464,#6465,#6466,#6474));
#6464 = ORIENTED_EDGE('',*,*,#1971,.T.);
#6465 = ORIENTED_EDGE('',*,*,#6451,.T.);
#6466 = ORIENTED_EDGE('',*,*,#6467,.T.);
#6467 = EDGE_CURVE('',#6444,#6468,#6470,.T.);
#6468 = VERTEX_POINT('',#6469);
#6469 = CARTESIAN_POINT('',(-4.162768775266,-7.168571428571E-02,22.2941)
  );
#6470 = LINE('',#6471,#6472);
#6471 = CARTESIAN_POINT('',(-4.162768775266,-6.072857142857E-02,22.3227)
  );
#6472 = VECTOR('',#6473,1.);
#6473 = DIRECTION('',(0.,-0.357759776872,-0.933813654886));
#6474 = ORIENTED_EDGE('',*,*,#6475,.F.);
#6475 = EDGE_CURVE('',#1964,#6468,#6476,.T.);
#6476 = LINE('',#6477,#6478);
#6477 = CARTESIAN_POINT('',(-4.762768775266,-7.168571428571E-02,22.2941)
  );
#6478 = VECTOR('',#6479,1.);
#6479 = DIRECTION('',(1.,0.,0.));
#6480 = PLANE('',#6481);
#6481 = AXIS2_PLACEMENT_3D('',#6482,#6483,#6484);
#6482 = CARTESIAN_POINT('',(-4.762768775266,-6.072857142857E-02,22.3227)
  );
#6483 = DIRECTION('',(0.,0.933813654886,-0.357759776872));
#6484 = DIRECTION('',(0.,-0.357759776872,-0.933813654886));
#6485 = ADVANCED_FACE('',(#6486),#6504,.T.);
#6486 = FACE_BOUND('',#6487,.T.);
#6487 = EDGE_LOOP('',(#6488,#6489,#6490,#6498));
#6488 = ORIENTED_EDGE('',*,*,#1963,.T.);
#6489 = ORIENTED_EDGE('',*,*,#6475,.T.);
#6490 = ORIENTED_EDGE('',*,*,#6491,.T.);
#6491 = EDGE_CURVE('',#6468,#6492,#6494,.T.);
#6492 = VERTEX_POINT('',#6493);
#6493 = CARTESIAN_POINT('',(-4.162768775266,-7.725714285714E-02,
    22.271257142857));
#6494 = LINE('',#6495,#6496);
#6495 = CARTESIAN_POINT('',(-4.162768775266,-7.168571428571E-02,22.2941)
  );
#6496 = VECTOR('',#6497,1.);
#6497 = DIRECTION('',(0.,-0.236956180191,-0.971520338783));
#6498 = ORIENTED_EDGE('',*,*,#6499,.F.);
#6499 = EDGE_CURVE('',#1956,#6492,#6500,.T.);
#6500 = LINE('',#6501,#6502);
#6501 = CARTESIAN_POINT('',(-4.762768775266,-7.725714285714E-02,
    22.271257142857));
#6502 = VECTOR('',#6503,1.);
#6503 = DIRECTION('',(1.,0.,0.));
#6504 = PLANE('',#6505);
#6505 = AXIS2_PLACEMENT_3D('',#6506,#6507,#6508);
#6506 = CARTESIAN_POINT('',(-4.762768775266,-7.168571428571E-02,22.2941)
  );
#6507 = DIRECTION('',(0.,0.971520338783,-0.236956180191));
#6508 = DIRECTION('',(0.,-0.236956180191,-0.971520338783));
#6509 = ADVANCED_FACE('',(#6510),#6528,.T.);
#6510 = FACE_BOUND('',#6511,.T.);
#6511 = EDGE_LOOP('',(#6512,#6513,#6514,#6522));
#6512 = ORIENTED_EDGE('',*,*,#1955,.T.);
#6513 = ORIENTED_EDGE('',*,*,#6499,.T.);
#6514 = ORIENTED_EDGE('',*,*,#6515,.T.);
#6515 = EDGE_CURVE('',#6492,#6516,#6518,.T.);
#6516 = VERTEX_POINT('',#6517);
#6517 = CARTESIAN_POINT('',(-4.162768775266,-7.725714285714E-02,
    21.957585714286));
#6518 = LINE('',#6519,#6520);
#6519 = CARTESIAN_POINT('',(-4.162768775266,-7.725714285714E-02,
    22.271257142857));
#6520 = VECTOR('',#6521,1.);
#6521 = DIRECTION('',(0.,0.,-1.));
#6522 = ORIENTED_EDGE('',*,*,#6523,.F.);
#6523 = EDGE_CURVE('',#1948,#6516,#6524,.T.);
#6524 = LINE('',#6525,#6526);
#6525 = CARTESIAN_POINT('',(-4.762768775266,-7.725714285714E-02,
    21.957585714286));
#6526 = VECTOR('',#6527,1.);
#6527 = DIRECTION('',(1.,0.,0.));
#6528 = PLANE('',#6529);
#6529 = AXIS2_PLACEMENT_3D('',#6530,#6531,#6532);
#6530 = CARTESIAN_POINT('',(-4.762768775266,-7.725714285714E-02,
    22.271257142857));
#6531 = DIRECTION('',(-0.,1.,0.));
#6532 = DIRECTION('',(0.,0.,-1.));
#6533 = ADVANCED_FACE('',(#6534),#6552,.T.);
#6534 = FACE_BOUND('',#6535,.T.);
#6535 = EDGE_LOOP('',(#6536,#6537,#6538,#6546));
#6536 = ORIENTED_EDGE('',*,*,#1947,.T.);
#6537 = ORIENTED_EDGE('',*,*,#6523,.T.);
#6538 = ORIENTED_EDGE('',*,*,#6539,.T.);
#6539 = EDGE_CURVE('',#6516,#6540,#6542,.T.);
#6540 = VERTEX_POINT('',#6541);
#6541 = CARTESIAN_POINT('',(-4.162768775266,-7.168571428571E-02,
    21.940314285714));
#6542 = LINE('',#6543,#6544);
#6543 = CARTESIAN_POINT('',(-4.162768775266,-7.725714285714E-02,
    21.957585714286));
#6544 = VECTOR('',#6545,1.);
#6545 = DIRECTION('',(-0.,0.307002779923,-0.951708617761));
#6546 = ORIENTED_EDGE('',*,*,#6547,.F.);
#6547 = EDGE_CURVE('',#1940,#6540,#6548,.T.);
#6548 = LINE('',#6549,#6550);
#6549 = CARTESIAN_POINT('',(-4.762768775266,-7.168571428571E-02,
    21.940314285714));
#6550 = VECTOR('',#6551,1.);
#6551 = DIRECTION('',(1.,0.,0.));
#6552 = PLANE('',#6553);
#6553 = AXIS2_PLACEMENT_3D('',#6554,#6555,#6556);
#6554 = CARTESIAN_POINT('',(-4.762768775266,-7.725714285714E-02,
    21.957585714286));
#6555 = DIRECTION('',(-0.,0.951708617761,0.307002779923));
#6556 = DIRECTION('',(0.,0.307002779923,-0.951708617761));
#6557 = ADVANCED_FACE('',(#6558),#6576,.T.);
#6558 = FACE_BOUND('',#6559,.T.);
#6559 = EDGE_LOOP('',(#6560,#6561,#6562,#6570));
#6560 = ORIENTED_EDGE('',*,*,#1939,.T.);
#6561 = ORIENTED_EDGE('',*,*,#6547,.T.);
#6562 = ORIENTED_EDGE('',*,*,#6563,.T.);
#6563 = EDGE_CURVE('',#6540,#6564,#6566,.T.);
#6564 = VERTEX_POINT('',#6565);
#6565 = CARTESIAN_POINT('',(-4.162768775266,-6.63E-02,21.917657142857));
#6566 = LINE('',#6567,#6568);
#6567 = CARTESIAN_POINT('',(-4.162768775266,-7.168571428571E-02,
    21.940314285714));
#6568 = VECTOR('',#6569,1.);
#6569 = DIRECTION('',(-0.,0.23126114462,-0.972891711851));
#6570 = ORIENTED_EDGE('',*,*,#6571,.F.);
#6571 = EDGE_CURVE('',#1932,#6564,#6572,.T.);
#6572 = LINE('',#6573,#6574);
#6573 = CARTESIAN_POINT('',(-4.762768775266,-6.63E-02,21.917657142857));
#6574 = VECTOR('',#6575,1.);
#6575 = DIRECTION('',(1.,0.,0.));
#6576 = PLANE('',#6577);
#6577 = AXIS2_PLACEMENT_3D('',#6578,#6579,#6580);
#6578 = CARTESIAN_POINT('',(-4.762768775266,-7.168571428571E-02,
    21.940314285714));
#6579 = DIRECTION('',(-0.,0.972891711851,0.23126114462));
#6580 = DIRECTION('',(0.,0.23126114462,-0.972891711851));
#6581 = ADVANCED_FACE('',(#6582),#6600,.T.);
#6582 = FACE_BOUND('',#6583,.T.);
#6583 = EDGE_LOOP('',(#6584,#6585,#6586,#6594));
#6584 = ORIENTED_EDGE('',*,*,#1931,.T.);
#6585 = ORIENTED_EDGE('',*,*,#6571,.T.);
#6586 = ORIENTED_EDGE('',*,*,#6587,.T.);
#6587 = EDGE_CURVE('',#6564,#6588,#6590,.T.);
#6588 = VERTEX_POINT('',#6589);
#6589 = CARTESIAN_POINT('',(-4.162768775266,-6.072857142857E-02,
    21.900385714286));
#6590 = LINE('',#6591,#6592);
#6591 = CARTESIAN_POINT('',(-4.162768775266,-6.63E-02,21.917657142857));
#6592 = VECTOR('',#6593,1.);
#6593 = DIRECTION('',(-0.,0.307002779923,-0.951708617761));
#6594 = ORIENTED_EDGE('',*,*,#6595,.F.);
#6595 = EDGE_CURVE('',#1924,#6588,#6596,.T.);
#6596 = LINE('',#6597,#6598);
#6597 = CARTESIAN_POINT('',(-4.762768775266,-6.072857142857E-02,
    21.900385714286));
#6598 = VECTOR('',#6599,1.);
#6599 = DIRECTION('',(1.,0.,0.));
#6600 = PLANE('',#6601);
#6601 = AXIS2_PLACEMENT_3D('',#6602,#6603,#6604);
#6602 = CARTESIAN_POINT('',(-4.762768775266,-6.63E-02,21.917657142857));
#6603 = DIRECTION('',(-0.,0.951708617761,0.307002779923));
#6604 = DIRECTION('',(0.,0.307002779923,-0.951708617761));
#6605 = ADVANCED_FACE('',(#6606),#6631,.T.);
#6606 = FACE_BOUND('',#6607,.T.);
#6607 = EDGE_LOOP('',(#6608,#6609,#6617,#6625));
#6608 = ORIENTED_EDGE('',*,*,#1915,.T.);
#6609 = ORIENTED_EDGE('',*,*,#6610,.T.);
#6610 = EDGE_CURVE('',#1916,#6611,#6613,.T.);
#6611 = VERTEX_POINT('',#6612);
#6612 = CARTESIAN_POINT('',(-4.162768775266,-3.844285714286E-02,
    21.866214285714));
#6613 = LINE('',#6614,#6615);
#6614 = CARTESIAN_POINT('',(-4.762768775266,-3.844285714286E-02,
    21.866214285714));
#6615 = VECTOR('',#6616,1.);
#6616 = DIRECTION('',(1.,0.,0.));
#6617 = ORIENTED_EDGE('',*,*,#6618,.T.);
#6618 = EDGE_CURVE('',#6611,#6619,#6621,.T.);
#6619 = VERTEX_POINT('',#6620);
#6620 = CARTESIAN_POINT('',(-4.162768775266,-2.191428571428E-02,
    21.854885714286));
#6621 = LINE('',#6622,#6623);
#6622 = CARTESIAN_POINT('',(-4.162768775266,-3.844285714286E-02,
    21.866214285714));
#6623 = VECTOR('',#6624,1.);
#6624 = DIRECTION('',(-0.,0.824852336949,-0.565348230943));
#6625 = ORIENTED_EDGE('',*,*,#6626,.F.);
#6626 = EDGE_CURVE('',#1908,#6619,#6627,.T.);
#6627 = LINE('',#6628,#6629);
#6628 = CARTESIAN_POINT('',(-4.762768775266,-2.191428571428E-02,
    21.854885714286));
#6629 = VECTOR('',#6630,1.);
#6630 = DIRECTION('',(1.,0.,0.));
#6631 = PLANE('',#6632);
#6632 = AXIS2_PLACEMENT_3D('',#6633,#6634,#6635);
#6633 = CARTESIAN_POINT('',(-4.762768775266,-3.844285714286E-02,
    21.866214285714));
#6634 = DIRECTION('',(-0.,0.565348230943,0.824852336949));
#6635 = DIRECTION('',(0.,0.824852336949,-0.565348230943));
#6636 = ADVANCED_FACE('',(#6637),#6655,.T.);
#6637 = FACE_BOUND('',#6638,.T.);
#6638 = EDGE_LOOP('',(#6639,#6640,#6641,#6649));
#6639 = ORIENTED_EDGE('',*,*,#1907,.T.);
#6640 = ORIENTED_EDGE('',*,*,#6626,.T.);
#6641 = ORIENTED_EDGE('',*,*,#6642,.T.);
#6642 = EDGE_CURVE('',#6619,#6643,#6645,.T.);
#6643 = VERTEX_POINT('',#6644);
#6644 = CARTESIAN_POINT('',(-4.162768775266,-5.385714285714E-03,
    21.843371428571));
#6645 = LINE('',#6646,#6647);
#6646 = CARTESIAN_POINT('',(-4.162768775266,-2.191428571428E-02,
    21.854885714286));
#6647 = VECTOR('',#6648,1.);
#6648 = DIRECTION('',(-0.,0.820529200148,-0.571604611339));
#6649 = ORIENTED_EDGE('',*,*,#6650,.F.);
#6650 = EDGE_CURVE('',#1900,#6643,#6651,.T.);
#6651 = LINE('',#6652,#6653);
#6652 = CARTESIAN_POINT('',(-4.762768775266,-5.385714285714E-03,
    21.843371428571));
#6653 = VECTOR('',#6654,1.);
#6654 = DIRECTION('',(1.,0.,0.));
#6655 = PLANE('',#6656);
#6656 = AXIS2_PLACEMENT_3D('',#6657,#6658,#6659);
#6657 = CARTESIAN_POINT('',(-4.762768775266,-2.191428571428E-02,
    21.854885714286));
#6658 = DIRECTION('',(-0.,0.571604611339,0.820529200148));
#6659 = DIRECTION('',(0.,0.820529200148,-0.571604611339));
#6660 = ADVANCED_FACE('',(#6661),#6679,.T.);
#6661 = FACE_BOUND('',#6662,.T.);
#6662 = EDGE_LOOP('',(#6663,#6664,#6665,#6673));
#6663 = ORIENTED_EDGE('',*,*,#1899,.T.);
#6664 = ORIENTED_EDGE('',*,*,#6650,.T.);
#6665 = ORIENTED_EDGE('',*,*,#6666,.T.);
#6666 = EDGE_CURVE('',#6643,#6667,#6669,.T.);
#6667 = VERTEX_POINT('',#6668);
#6668 = CARTESIAN_POINT('',(-4.162768775266,1.132857142857E-02,
    21.837614285714));
#6669 = LINE('',#6670,#6671);
#6670 = CARTESIAN_POINT('',(-4.162768775266,-5.385714285714E-03,
    21.843371428571));
#6671 = VECTOR('',#6672,1.);
#6672 = DIRECTION('',(-0.,0.945484566827,-0.325666906351));
#6673 = ORIENTED_EDGE('',*,*,#6674,.F.);
#6674 = EDGE_CURVE('',#1892,#6667,#6675,.T.);
#6675 = LINE('',#6676,#6677);
#6676 = CARTESIAN_POINT('',(-4.762768775266,1.132857142857E-02,
    21.837614285714));
#6677 = VECTOR('',#6678,1.);
#6678 = DIRECTION('',(1.,0.,0.));
#6679 = PLANE('',#6680);
#6680 = AXIS2_PLACEMENT_3D('',#6681,#6682,#6683);
#6681 = CARTESIAN_POINT('',(-4.762768775266,-5.385714285714E-03,
    21.843371428571));
#6682 = DIRECTION('',(-0.,0.325666906351,0.945484566827));
#6683 = DIRECTION('',(0.,0.945484566827,-0.325666906351));
#6684 = ADVANCED_FACE('',(#6685),#6703,.T.);
#6685 = FACE_BOUND('',#6686,.T.);
#6686 = EDGE_LOOP('',(#6687,#6688,#6689,#6697));
#6687 = ORIENTED_EDGE('',*,*,#1891,.T.);
#6688 = ORIENTED_EDGE('',*,*,#6674,.T.);
#6689 = ORIENTED_EDGE('',*,*,#6690,.T.);
#6690 = EDGE_CURVE('',#6667,#6691,#6693,.T.);
#6691 = VERTEX_POINT('',#6692);
#6692 = CARTESIAN_POINT('',(-4.162768775266,3.9E-02,21.826285714286));
#6693 = LINE('',#6694,#6695);
#6694 = CARTESIAN_POINT('',(-4.162768775266,1.132857142857E-02,
    21.837614285714));
#6695 = VECTOR('',#6696,1.);
#6696 = DIRECTION('',(-0.,0.925447987364,-0.378874679391));
#6697 = ORIENTED_EDGE('',*,*,#6698,.F.);
#6698 = EDGE_CURVE('',#1884,#6691,#6699,.T.);
#6699 = LINE('',#6700,#6701);
#6700 = CARTESIAN_POINT('',(-4.762768775266,3.9E-02,21.826285714286));
#6701 = VECTOR('',#6702,1.);
#6702 = DIRECTION('',(1.,0.,0.));
#6703 = PLANE('',#6704);
#6704 = AXIS2_PLACEMENT_3D('',#6705,#6706,#6707);
#6705 = CARTESIAN_POINT('',(-4.762768775266,1.132857142857E-02,
    21.837614285714));
#6706 = DIRECTION('',(-0.,0.378874679391,0.925447987364));
#6707 = DIRECTION('',(0.,0.925447987364,-0.378874679391));
#6708 = ADVANCED_FACE('',(#6709),#6734,.T.);
#6709 = FACE_BOUND('',#6710,.T.);
#6710 = EDGE_LOOP('',(#6711,#6712,#6720,#6728));
#6711 = ORIENTED_EDGE('',*,*,#1875,.T.);
#6712 = ORIENTED_EDGE('',*,*,#6713,.T.);
#6713 = EDGE_CURVE('',#1876,#6714,#6716,.T.);
#6714 = VERTEX_POINT('',#6715);
#6715 = CARTESIAN_POINT('',(-4.162768775266,1.349028571429,
    21.826285714286));
#6716 = LINE('',#6717,#6718);
#6717 = CARTESIAN_POINT('',(-4.762768775266,1.349028571429,
    21.826285714286));
#6718 = VECTOR('',#6719,1.);
#6719 = DIRECTION('',(1.,0.,0.));
#6720 = ORIENTED_EDGE('',*,*,#6721,.T.);
#6721 = EDGE_CURVE('',#6714,#6722,#6724,.T.);
#6722 = VERTEX_POINT('',#6723);
#6723 = CARTESIAN_POINT('',(-4.162768775266,1.349028571429,
    20.685257142857));
#6724 = LINE('',#6725,#6726);
#6725 = CARTESIAN_POINT('',(-4.162768775266,1.349028571429,
    21.826285714286));
#6726 = VECTOR('',#6727,1.);
#6727 = DIRECTION('',(0.,0.,-1.));
#6728 = ORIENTED_EDGE('',*,*,#6729,.F.);
#6729 = EDGE_CURVE('',#1868,#6722,#6730,.T.);
#6730 = LINE('',#6731,#6732);
#6731 = CARTESIAN_POINT('',(-4.762768775266,1.349028571429,
    20.685257142857));
#6732 = VECTOR('',#6733,1.);
#6733 = DIRECTION('',(1.,0.,0.));
#6734 = PLANE('',#6735);
#6735 = AXIS2_PLACEMENT_3D('',#6736,#6737,#6738);
#6736 = CARTESIAN_POINT('',(-4.762768775266,1.349028571429,
    21.826285714286));
#6737 = DIRECTION('',(-0.,1.,0.));
#6738 = DIRECTION('',(0.,0.,-1.));
#6739 = ADVANCED_FACE('',(#6740),#6758,.T.);
#6740 = FACE_BOUND('',#6741,.T.);
#6741 = EDGE_LOOP('',(#6742,#6743,#6744,#6752));
#6742 = ORIENTED_EDGE('',*,*,#1867,.T.);
#6743 = ORIENTED_EDGE('',*,*,#6729,.T.);
#6744 = ORIENTED_EDGE('',*,*,#6745,.T.);
#6745 = EDGE_CURVE('',#6722,#6746,#6748,.T.);
#6746 = VERTEX_POINT('',#6747);
#6747 = CARTESIAN_POINT('',(-4.162768775266,0.481742857143,
    20.685257142857));
#6748 = LINE('',#6749,#6750);
#6749 = CARTESIAN_POINT('',(-4.162768775266,1.349028571429,
    20.685257142857));
#6750 = VECTOR('',#6751,1.);
#6751 = DIRECTION('',(0.,-1.,0.));
#6752 = ORIENTED_EDGE('',*,*,#6753,.F.);
#6753 = EDGE_CURVE('',#1860,#6746,#6754,.T.);
#6754 = LINE('',#6755,#6756);
#6755 = CARTESIAN_POINT('',(-4.762768775266,0.481742857143,
    20.685257142857));
#6756 = VECTOR('',#6757,1.);
#6757 = DIRECTION('',(1.,0.,0.));
#6758 = PLANE('',#6759);
#6759 = AXIS2_PLACEMENT_3D('',#6760,#6761,#6762);
#6760 = CARTESIAN_POINT('',(-4.762768775266,1.349028571429,
    20.685257142857));
#6761 = DIRECTION('',(0.,0.,-1.));
#6762 = DIRECTION('',(0.,-1.,0.));
#6763 = ADVANCED_FACE('',(#6764),#6782,.T.);
#6764 = FACE_BOUND('',#6765,.T.);
#6765 = EDGE_LOOP('',(#6766,#6767,#6768,#6776));
#6766 = ORIENTED_EDGE('',*,*,#1859,.T.);
#6767 = ORIENTED_EDGE('',*,*,#6753,.T.);
#6768 = ORIENTED_EDGE('',*,*,#6769,.T.);
#6769 = EDGE_CURVE('',#6746,#6770,#6772,.T.);
#6770 = VERTEX_POINT('',#6771);
#6771 = CARTESIAN_POINT('',(-4.162768775266,0.418971428571,20.6795));
#6772 = LINE('',#6773,#6774);
#6773 = CARTESIAN_POINT('',(-4.162768775266,0.481742857143,
    20.685257142857));
#6774 = VECTOR('',#6775,1.);
#6775 = DIRECTION('',(0.,-0.995820439719,-9.133264387955E-02));
#6776 = ORIENTED_EDGE('',*,*,#6777,.F.);
#6777 = EDGE_CURVE('',#1852,#6770,#6778,.T.);
#6778 = LINE('',#6779,#6780);
#6779 = CARTESIAN_POINT('',(-4.762768775266,0.418971428571,20.6795));
#6780 = VECTOR('',#6781,1.);
#6781 = DIRECTION('',(1.,0.,0.));
#6782 = PLANE('',#6783);
#6783 = AXIS2_PLACEMENT_3D('',#6784,#6785,#6786);
#6784 = CARTESIAN_POINT('',(-4.762768775266,0.481742857143,
    20.685257142857));
#6785 = DIRECTION('',(0.,9.133264387955E-02,-0.995820439719));
#6786 = DIRECTION('',(0.,-0.995820439719,-9.133264387955E-02));
#6787 = ADVANCED_FACE('',(#6788),#6806,.T.);
#6788 = FACE_BOUND('',#6789,.T.);
#6789 = EDGE_LOOP('',(#6790,#6791,#6792,#6800));
#6790 = ORIENTED_EDGE('',*,*,#1851,.T.);
#6791 = ORIENTED_EDGE('',*,*,#6777,.T.);
#6792 = ORIENTED_EDGE('',*,*,#6793,.T.);
#6793 = EDGE_CURVE('',#6770,#6794,#6796,.T.);
#6794 = VERTEX_POINT('',#6795);
#6795 = CARTESIAN_POINT('',(-4.162768775266,0.344685714286,
    20.668171428571));
#6796 = LINE('',#6797,#6798);
#6797 = CARTESIAN_POINT('',(-4.162768775266,0.418971428571,20.6795));
#6798 = VECTOR('',#6799,1.);
#6799 = DIRECTION('',(0.,-0.988570842591,-0.150757053495));
#6800 = ORIENTED_EDGE('',*,*,#6801,.F.);
#6801 = EDGE_CURVE('',#1844,#6794,#6802,.T.);
#6802 = LINE('',#6803,#6804);
#6803 = CARTESIAN_POINT('',(-4.762768775266,0.344685714286,
    20.668171428571));
#6804 = VECTOR('',#6805,1.);
#6805 = DIRECTION('',(1.,0.,0.));
#6806 = PLANE('',#6807);
#6807 = AXIS2_PLACEMENT_3D('',#6808,#6809,#6810);
#6808 = CARTESIAN_POINT('',(-4.762768775266,0.418971428571,20.6795));
#6809 = DIRECTION('',(0.,0.150757053495,-0.988570842591));
#6810 = DIRECTION('',(0.,-0.988570842591,-0.150757053495));
#6811 = ADVANCED_FACE('',(#6812),#6830,.T.);
#6812 = FACE_BOUND('',#6813,.T.);
#6813 = EDGE_LOOP('',(#6814,#6815,#6816,#6824));
#6814 = ORIENTED_EDGE('',*,*,#1843,.T.);
#6815 = ORIENTED_EDGE('',*,*,#6801,.T.);
#6816 = ORIENTED_EDGE('',*,*,#6817,.T.);
#6817 = EDGE_CURVE('',#6794,#6818,#6820,.T.);
#6818 = VERTEX_POINT('',#6819);
#6819 = CARTESIAN_POINT('',(-4.162768775266,0.287671428571,
    20.645328571429));
#6820 = LINE('',#6821,#6822);
#6821 = CARTESIAN_POINT('',(-4.162768775266,0.344685714286,
    20.668171428571));
#6822 = VECTOR('',#6823,1.);
#6823 = DIRECTION('',(0.,-0.928268015265,-0.371911940969));
#6824 = ORIENTED_EDGE('',*,*,#6825,.F.);
#6825 = EDGE_CURVE('',#1836,#6818,#6826,.T.);
#6826 = LINE('',#6827,#6828);
#6827 = CARTESIAN_POINT('',(-4.762768775266,0.287671428571,
    20.645328571429));
#6828 = VECTOR('',#6829,1.);
#6829 = DIRECTION('',(1.,0.,0.));
#6830 = PLANE('',#6831);
#6831 = AXIS2_PLACEMENT_3D('',#6832,#6833,#6834);
#6832 = CARTESIAN_POINT('',(-4.762768775266,0.344685714286,
    20.668171428571));
#6833 = DIRECTION('',(0.,0.371911940969,-0.928268015265));
#6834 = DIRECTION('',(0.,-0.928268015265,-0.371911940969));
#6835 = ADVANCED_FACE('',(#6836),#6854,.T.);
#6836 = FACE_BOUND('',#6837,.T.);
#6837 = EDGE_LOOP('',(#6838,#6839,#6840,#6848));
#6838 = ORIENTED_EDGE('',*,*,#1835,.T.);
#6839 = ORIENTED_EDGE('',*,*,#6825,.T.);
#6840 = ORIENTED_EDGE('',*,*,#6841,.T.);
#6841 = EDGE_CURVE('',#6818,#6842,#6844,.T.);
#6842 = VERTEX_POINT('',#6843);
#6843 = CARTESIAN_POINT('',(-4.162768775266,0.2249,20.616728571429));
#6844 = LINE('',#6845,#6846);
#6845 = CARTESIAN_POINT('',(-4.162768775266,0.287671428571,
    20.645328571429));
#6846 = VECTOR('',#6847,1.);
#6847 = DIRECTION('',(0.,-0.909997307704,-0.414614157948));
#6848 = ORIENTED_EDGE('',*,*,#6849,.F.);
#6849 = EDGE_CURVE('',#1828,#6842,#6850,.T.);
#6850 = LINE('',#6851,#6852);
#6851 = CARTESIAN_POINT('',(-4.762768775266,0.2249,20.616728571429));
#6852 = VECTOR('',#6853,1.);
#6853 = DIRECTION('',(1.,0.,0.));
#6854 = PLANE('',#6855);
#6855 = AXIS2_PLACEMENT_3D('',#6856,#6857,#6858);
#6856 = CARTESIAN_POINT('',(-4.762768775266,0.287671428571,
    20.645328571429));
#6857 = DIRECTION('',(0.,0.414614157948,-0.909997307704));
#6858 = DIRECTION('',(0.,-0.909997307704,-0.414614157948));
#6859 = ADVANCED_FACE('',(#6860),#6878,.T.);
#6860 = FACE_BOUND('',#6861,.T.);
#6861 = EDGE_LOOP('',(#6862,#6863,#6864,#6872));
#6862 = ORIENTED_EDGE('',*,*,#1827,.T.);
#6863 = ORIENTED_EDGE('',*,*,#6849,.T.);
#6864 = ORIENTED_EDGE('',*,*,#6865,.T.);
#6865 = EDGE_CURVE('',#6842,#6866,#6868,.T.);
#6866 = VERTEX_POINT('',#6867);
#6867 = CARTESIAN_POINT('',(-4.162768775266,0.168071428571,
    20.582557142857));
#6868 = LINE('',#6869,#6870);
#6869 = CARTESIAN_POINT('',(-4.162768775266,0.2249,20.616728571429));
#6870 = VECTOR('',#6871,1.);
#6871 = DIRECTION('',(0.,-0.856998298068,-0.515319238054));
#6872 = ORIENTED_EDGE('',*,*,#6873,.F.);
#6873 = EDGE_CURVE('',#1820,#6866,#6874,.T.);
#6874 = LINE('',#6875,#6876);
#6875 = CARTESIAN_POINT('',(-4.762768775266,0.168071428571,
    20.582557142857));
#6876 = VECTOR('',#6877,1.);
#6877 = DIRECTION('',(1.,0.,0.));
#6878 = PLANE('',#6879);
#6879 = AXIS2_PLACEMENT_3D('',#6880,#6881,#6882);
#6880 = CARTESIAN_POINT('',(-4.762768775266,0.2249,20.616728571429));
#6881 = DIRECTION('',(0.,0.515319238054,-0.856998298068));
#6882 = DIRECTION('',(0.,-0.856998298068,-0.515319238054));
#6883 = ADVANCED_FACE('',(#6884),#6902,.T.);
#6884 = FACE_BOUND('',#6885,.T.);
#6885 = EDGE_LOOP('',(#6886,#6887,#6888,#6896));
#6886 = ORIENTED_EDGE('',*,*,#1819,.T.);
#6887 = ORIENTED_EDGE('',*,*,#6873,.T.);
#6888 = ORIENTED_EDGE('',*,*,#6889,.T.);
#6889 = EDGE_CURVE('',#6866,#6890,#6892,.T.);
#6890 = VERTEX_POINT('',#6891);
#6891 = CARTESIAN_POINT('',(-4.162768775266,0.111057142857,
    20.542628571429));
#6892 = LINE('',#6893,#6894);
#6893 = CARTESIAN_POINT('',(-4.162768775266,0.168071428571,
    20.582557142857));
#6894 = VECTOR('',#6895,1.);
#6895 = DIRECTION('',(0.,-0.819106553991,-0.573641397746));
#6896 = ORIENTED_EDGE('',*,*,#6897,.F.);
#6897 = EDGE_CURVE('',#1812,#6890,#6898,.T.);
#6898 = LINE('',#6899,#6900);
#6899 = CARTESIAN_POINT('',(-4.762768775266,0.111057142857,
    20.542628571429));
#6900 = VECTOR('',#6901,1.);
#6901 = DIRECTION('',(1.,0.,0.));
#6902 = PLANE('',#6903);
#6903 = AXIS2_PLACEMENT_3D('',#6904,#6905,#6906);
#6904 = CARTESIAN_POINT('',(-4.762768775266,0.168071428571,
    20.582557142857));
#6905 = DIRECTION('',(0.,0.573641397746,-0.819106553991));
#6906 = DIRECTION('',(0.,-0.819106553991,-0.573641397746));
#6907 = ADVANCED_FACE('',(#6908),#6926,.T.);
#6908 = FACE_BOUND('',#6909,.T.);
#6909 = EDGE_LOOP('',(#6910,#6911,#6912,#6920));
#6910 = ORIENTED_EDGE('',*,*,#1811,.T.);
#6911 = ORIENTED_EDGE('',*,*,#6897,.T.);
#6912 = ORIENTED_EDGE('',*,*,#6913,.T.);
#6913 = EDGE_CURVE('',#6890,#6914,#6916,.T.);
#6914 = VERTEX_POINT('',#6915);
#6915 = CARTESIAN_POINT('',(-4.162768775266,6.537142857143E-02,
    20.496942857143));
#6916 = LINE('',#6917,#6918);
#6917 = CARTESIAN_POINT('',(-4.162768775266,0.111057142857,
    20.542628571429));
#6918 = VECTOR('',#6919,1.);
#6919 = DIRECTION('',(0.,-0.707106781187,-0.707106781187));
#6920 = ORIENTED_EDGE('',*,*,#6921,.F.);
#6921 = EDGE_CURVE('',#1804,#6914,#6922,.T.);
#6922 = LINE('',#6923,#6924);
#6923 = CARTESIAN_POINT('',(-4.762768775266,6.537142857143E-02,
    20.496942857143));
#6924 = VECTOR('',#6925,1.);
#6925 = DIRECTION('',(1.,0.,0.));
#6926 = PLANE('',#6927);
#6927 = AXIS2_PLACEMENT_3D('',#6928,#6929,#6930);
#6928 = CARTESIAN_POINT('',(-4.762768775266,0.111057142857,
    20.542628571429));
#6929 = DIRECTION('',(0.,0.707106781187,-0.707106781187));
#6930 = DIRECTION('',(0.,-0.707106781187,-0.707106781187));
#6931 = ADVANCED_FACE('',(#6932),#6950,.T.);
#6932 = FACE_BOUND('',#6933,.T.);
#6933 = EDGE_LOOP('',(#6934,#6935,#6936,#6944));
#6934 = ORIENTED_EDGE('',*,*,#1803,.T.);
#6935 = ORIENTED_EDGE('',*,*,#6921,.T.);
#6936 = ORIENTED_EDGE('',*,*,#6937,.T.);
#6937 = EDGE_CURVE('',#6914,#6938,#6940,.T.);
#6938 = VERTEX_POINT('',#6939);
#6939 = CARTESIAN_POINT('',(-4.162768775266,2.544285714286E-02,
    20.439928571429));
#6940 = LINE('',#6941,#6942);
#6941 = CARTESIAN_POINT('',(-4.162768775266,6.537142857143E-02,
    20.496942857143));
#6942 = VECTOR('',#6943,1.);
#6943 = DIRECTION('',(0.,-0.573641397746,-0.819106553991));
#6944 = ORIENTED_EDGE('',*,*,#6945,.F.);
#6945 = EDGE_CURVE('',#1796,#6938,#6946,.T.);
#6946 = LINE('',#6947,#6948);
#6947 = CARTESIAN_POINT('',(-4.762768775266,2.544285714286E-02,
    20.439928571429));
#6948 = VECTOR('',#6949,1.);
#6949 = DIRECTION('',(1.,0.,0.));
#6950 = PLANE('',#6951);
#6951 = AXIS2_PLACEMENT_3D('',#6952,#6953,#6954);
#6952 = CARTESIAN_POINT('',(-4.762768775266,6.537142857143E-02,
    20.496942857143));
#6953 = DIRECTION('',(0.,0.819106553991,-0.573641397746));
#6954 = DIRECTION('',(0.,-0.573641397746,-0.819106553991));
#6955 = ADVANCED_FACE('',(#6956),#6974,.T.);
#6956 = FACE_BOUND('',#6957,.T.);
#6957 = EDGE_LOOP('',(#6958,#6959,#6960,#6968));
#6958 = ORIENTED_EDGE('',*,*,#1795,.T.);
#6959 = ORIENTED_EDGE('',*,*,#6945,.T.);
#6960 = ORIENTED_EDGE('',*,*,#6961,.T.);
#6961 = EDGE_CURVE('',#6938,#6962,#6964,.T.);
#6962 = VERTEX_POINT('',#6963);
#6963 = CARTESIAN_POINT('',(-4.162768775266,-8.72857142857E-03,
    20.382914285714));
#6964 = LINE('',#6965,#6966);
#6965 = CARTESIAN_POINT('',(-4.162768775266,2.544285714286E-02,
    20.439928571429));
#6966 = VECTOR('',#6967,1.);
#6967 = DIRECTION('',(0.,-0.514084822946,-0.857739351328));
#6968 = ORIENTED_EDGE('',*,*,#6969,.F.);
#6969 = EDGE_CURVE('',#1788,#6962,#6970,.T.);
#6970 = LINE('',#6971,#6972);
#6971 = CARTESIAN_POINT('',(-4.762768775266,-8.72857142857E-03,
    20.382914285714));
#6972 = VECTOR('',#6973,1.);
#6973 = DIRECTION('',(1.,0.,0.));
#6974 = PLANE('',#6975);
#6975 = AXIS2_PLACEMENT_3D('',#6976,#6977,#6978);
#6976 = CARTESIAN_POINT('',(-4.762768775266,2.544285714286E-02,
    20.439928571429));
#6977 = DIRECTION('',(0.,0.857739351328,-0.514084822946));
#6978 = DIRECTION('',(0.,-0.514084822946,-0.857739351328));
#6979 = ADVANCED_FACE('',(#6980),#6998,.T.);
#6980 = FACE_BOUND('',#6981,.T.);
#6981 = EDGE_LOOP('',(#6982,#6983,#6984,#6992));
#6982 = ORIENTED_EDGE('',*,*,#1787,.T.);
#6983 = ORIENTED_EDGE('',*,*,#6969,.T.);
#6984 = ORIENTED_EDGE('',*,*,#6985,.T.);
#6985 = EDGE_CURVE('',#6962,#6986,#6988,.T.);
#6986 = VERTEX_POINT('',#6987);
#6987 = CARTESIAN_POINT('',(-4.162768775266,-3.732857142857E-02,
    20.320142857143));
#6988 = LINE('',#6989,#6990);
#6989 = CARTESIAN_POINT('',(-4.162768775266,-8.72857142857E-03,
    20.382914285714));
#6990 = VECTOR('',#6991,1.);
#6991 = DIRECTION('',(0.,-0.414614157948,-0.909997307704));
#6992 = ORIENTED_EDGE('',*,*,#6993,.F.);
#6993 = EDGE_CURVE('',#1780,#6986,#6994,.T.);
#6994 = LINE('',#6995,#6996);
#6995 = CARTESIAN_POINT('',(-4.762768775266,-3.732857142857E-02,
    20.320142857143));
#6996 = VECTOR('',#6997,1.);
#6997 = DIRECTION('',(1.,0.,0.));
#6998 = PLANE('',#6999);
#6999 = AXIS2_PLACEMENT_3D('',#7000,#7001,#7002);
#7000 = CARTESIAN_POINT('',(-4.762768775266,-8.72857142857E-03,
    20.382914285714));
#7001 = DIRECTION('',(0.,0.909997307704,-0.414614157948));
#7002 = DIRECTION('',(0.,-0.414614157948,-0.909997307704));
#7003 = ADVANCED_FACE('',(#7004),#7022,.T.);
#7004 = FACE_BOUND('',#7005,.T.);
#7005 = EDGE_LOOP('',(#7006,#7007,#7008,#7016));
#7006 = ORIENTED_EDGE('',*,*,#1779,.T.);
#7007 = ORIENTED_EDGE('',*,*,#6993,.T.);
#7008 = ORIENTED_EDGE('',*,*,#7009,.T.);
#7009 = EDGE_CURVE('',#6986,#7010,#7012,.T.);
#7010 = VERTEX_POINT('',#7011);
#7011 = CARTESIAN_POINT('',(-4.162768775266,-5.441428571428E-02,
    20.274457142857));
#7012 = LINE('',#7013,#7014);
#7013 = CARTESIAN_POINT('',(-4.162768775266,-3.732857142857E-02,
    20.320142857143));
#7014 = VECTOR('',#7015,1.);
#7015 = DIRECTION('',(0.,-0.350288784478,-0.9366417498));
#7016 = ORIENTED_EDGE('',*,*,#7017,.F.);
#7017 = EDGE_CURVE('',#1772,#7010,#7018,.T.);
#7018 = LINE('',#7019,#7020);
#7019 = CARTESIAN_POINT('',(-4.762768775266,-5.441428571428E-02,
    20.274457142857));
#7020 = VECTOR('',#7021,1.);
#7021 = DIRECTION('',(1.,0.,0.));
#7022 = PLANE('',#7023);
#7023 = AXIS2_PLACEMENT_3D('',#7024,#7025,#7026);
#7024 = CARTESIAN_POINT('',(-4.762768775266,-3.732857142857E-02,
    20.320142857143));
#7025 = DIRECTION('',(0.,0.9366417498,-0.350288784478));
#7026 = DIRECTION('',(0.,-0.350288784478,-0.9366417498));
#7027 = ADVANCED_FACE('',(#7028),#7046,.T.);
#7028 = FACE_BOUND('',#7029,.T.);
#7029 = EDGE_LOOP('',(#7030,#7031,#7032,#7040));
#7030 = ORIENTED_EDGE('',*,*,#1771,.T.);
#7031 = ORIENTED_EDGE('',*,*,#7017,.T.);
#7032 = ORIENTED_EDGE('',*,*,#7033,.T.);
#7033 = EDGE_CURVE('',#7010,#7034,#7036,.T.);
#7034 = VERTEX_POINT('',#7035);
#7035 = CARTESIAN_POINT('',(-4.162768775266,-6.592857142857E-02,
    20.228771428571));
#7036 = LINE('',#7037,#7038);
#7037 = CARTESIAN_POINT('',(-4.162768775266,-5.441428571428E-02,
    20.274457142857));
#7038 = VECTOR('',#7039,1.);
#7039 = DIRECTION('',(0.,-0.244390135281,-0.969676988372));
#7040 = ORIENTED_EDGE('',*,*,#7041,.F.);
#7041 = EDGE_CURVE('',#1764,#7034,#7042,.T.);
#7042 = LINE('',#7043,#7044);
#7043 = CARTESIAN_POINT('',(-4.762768775266,-6.592857142857E-02,
    20.228771428571));
#7044 = VECTOR('',#7045,1.);
#7045 = DIRECTION('',(1.,0.,0.));
#7046 = PLANE('',#7047);
#7047 = AXIS2_PLACEMENT_3D('',#7048,#7049,#7050);
#7048 = CARTESIAN_POINT('',(-4.762768775266,-5.441428571428E-02,
    20.274457142857));
#7049 = DIRECTION('',(0.,0.969676988372,-0.244390135281));
#7050 = DIRECTION('',(0.,-0.244390135281,-0.969676988372));
#7051 = ADVANCED_FACE('',(#7052),#7070,.T.);
#7052 = FACE_BOUND('',#7053,.T.);
#7053 = EDGE_LOOP('',(#7054,#7055,#7056,#7064));
#7054 = ORIENTED_EDGE('',*,*,#1763,.T.);
#7055 = ORIENTED_EDGE('',*,*,#7041,.T.);
#7056 = ORIENTED_EDGE('',*,*,#7057,.T.);
#7057 = EDGE_CURVE('',#7034,#7058,#7060,.T.);
#7058 = VERTEX_POINT('',#7059);
#7059 = CARTESIAN_POINT('',(-4.162768775266,-7.15E-02,20.177514285714));
#7060 = LINE('',#7061,#7062);
#7061 = CARTESIAN_POINT('',(-4.162768775266,-6.592857142857E-02,
    20.228771428571));
#7062 = VECTOR('',#7063,1.);
#7063 = DIRECTION('',(0.,-0.108059180768,-0.994144463069));
#7064 = ORIENTED_EDGE('',*,*,#7065,.F.);
#7065 = EDGE_CURVE('',#1756,#7058,#7066,.T.);
#7066 = LINE('',#7067,#7068);
#7067 = CARTESIAN_POINT('',(-4.762768775266,-7.15E-02,20.177514285714));
#7068 = VECTOR('',#7069,1.);
#7069 = DIRECTION('',(1.,0.,0.));
#7070 = PLANE('',#7071);
#7071 = AXIS2_PLACEMENT_3D('',#7072,#7073,#7074);
#7072 = CARTESIAN_POINT('',(-4.762768775266,-6.592857142857E-02,
    20.228771428571));
#7073 = DIRECTION('',(0.,0.994144463069,-0.108059180768));
#7074 = DIRECTION('',(0.,-0.108059180768,-0.994144463069));
#7075 = ADVANCED_FACE('',(#7076),#7094,.T.);
#7076 = FACE_BOUND('',#7077,.T.);
#7077 = EDGE_LOOP('',(#7078,#7079,#7080,#7088));
#7078 = ORIENTED_EDGE('',*,*,#1755,.T.);
#7079 = ORIENTED_EDGE('',*,*,#7065,.T.);
#7080 = ORIENTED_EDGE('',*,*,#7081,.T.);
#7081 = EDGE_CURVE('',#7058,#7082,#7084,.T.);
#7082 = VERTEX_POINT('',#7083);
#7083 = CARTESIAN_POINT('',(-4.162768775266,-7.725714285714E-02,
    20.131828571429));
#7084 = LINE('',#7085,#7086);
#7085 = CARTESIAN_POINT('',(-4.162768775266,-7.15E-02,20.177514285714));
#7086 = VECTOR('',#7087,1.);
#7087 = DIRECTION('',(0.,-0.125027446277,-0.992153283358));
#7088 = ORIENTED_EDGE('',*,*,#7089,.F.);
#7089 = EDGE_CURVE('',#1748,#7082,#7090,.T.);
#7090 = LINE('',#7091,#7092);
#7091 = CARTESIAN_POINT('',(-4.762768775266,-7.725714285714E-02,
    20.131828571429));
#7092 = VECTOR('',#7093,1.);
#7093 = DIRECTION('',(1.,0.,0.));
#7094 = PLANE('',#7095);
#7095 = AXIS2_PLACEMENT_3D('',#7096,#7097,#7098);
#7096 = CARTESIAN_POINT('',(-4.762768775266,-7.15E-02,20.177514285714));
#7097 = DIRECTION('',(0.,0.992153283358,-0.125027446277));
#7098 = DIRECTION('',(0.,-0.125027446277,-0.992153283358));
#7099 = ADVANCED_FACE('',(#7100),#7125,.T.);
#7100 = FACE_BOUND('',#7101,.T.);
#7101 = EDGE_LOOP('',(#7102,#7103,#7111,#7119));
#7102 = ORIENTED_EDGE('',*,*,#1739,.T.);
#7103 = ORIENTED_EDGE('',*,*,#7104,.T.);
#7104 = EDGE_CURVE('',#1740,#7105,#7107,.T.);
#7105 = VERTEX_POINT('',#7106);
#7106 = CARTESIAN_POINT('',(-4.162768775266,-7.725714285714E-02,
    18.882342857143));
#7107 = LINE('',#7108,#7109);
#7108 = CARTESIAN_POINT('',(-4.762768775266,-7.725714285714E-02,
    18.882342857143));
#7109 = VECTOR('',#7110,1.);
#7110 = DIRECTION('',(1.,0.,0.));
#7111 = ORIENTED_EDGE('',*,*,#7112,.T.);
#7112 = EDGE_CURVE('',#7105,#7113,#7115,.T.);
#7113 = VERTEX_POINT('',#7114);
#7114 = CARTESIAN_POINT('',(-4.162768775266,-6.574285714286E-02,
    18.836842857143));
#7115 = LINE('',#7116,#7117);
#7116 = CARTESIAN_POINT('',(-4.162768775266,-7.725714285714E-02,
    18.882342857143));
#7117 = VECTOR('',#7118,1.);
#7118 = DIRECTION('',(-0.,0.245327724869,-0.969440203112));
#7119 = ORIENTED_EDGE('',*,*,#7120,.F.);
#7120 = EDGE_CURVE('',#1732,#7113,#7121,.T.);
#7121 = LINE('',#7122,#7123);
#7122 = CARTESIAN_POINT('',(-4.762768775266,-6.574285714286E-02,
    18.836842857143));
#7123 = VECTOR('',#7124,1.);
#7124 = DIRECTION('',(1.,0.,0.));
#7125 = PLANE('',#7126);
#7126 = AXIS2_PLACEMENT_3D('',#7127,#7128,#7129);
#7127 = CARTESIAN_POINT('',(-4.762768775266,-7.725714285714E-02,
    18.882342857143));
#7128 = DIRECTION('',(-0.,0.969440203112,0.245327724869));
#7129 = DIRECTION('',(0.,0.245327724869,-0.969440203112));
#7130 = ADVANCED_FACE('',(#7131),#7149,.T.);
#7131 = FACE_BOUND('',#7132,.T.);
#7132 = EDGE_LOOP('',(#7133,#7134,#7135,#7143));
#7133 = ORIENTED_EDGE('',*,*,#1731,.T.);
#7134 = ORIENTED_EDGE('',*,*,#7120,.T.);
#7135 = ORIENTED_EDGE('',*,*,#7136,.T.);
#7136 = EDGE_CURVE('',#7113,#7137,#7139,.T.);
#7137 = VERTEX_POINT('',#7138);
#7138 = CARTESIAN_POINT('',(-4.162768775266,-4.847142857143E-02,18.7854)
  );
#7139 = LINE('',#7140,#7141);
#7140 = CARTESIAN_POINT('',(-4.162768775266,-6.574285714286E-02,
    18.836842857143));
#7141 = VECTOR('',#7142,1.);
#7142 = DIRECTION('',(-0.,0.318280447487,-0.947996601654));
#7143 = ORIENTED_EDGE('',*,*,#7144,.F.);
#7144 = EDGE_CURVE('',#1724,#7137,#7145,.T.);
#7145 = LINE('',#7146,#7147);
#7146 = CARTESIAN_POINT('',(-4.762768775266,-4.847142857143E-02,18.7854)
  );
#7147 = VECTOR('',#7148,1.);
#7148 = DIRECTION('',(1.,0.,0.));
#7149 = PLANE('',#7150);
#7150 = AXIS2_PLACEMENT_3D('',#7151,#7152,#7153);
#7151 = CARTESIAN_POINT('',(-4.762768775266,-6.574285714286E-02,
    18.836842857143));
#7152 = DIRECTION('',(-0.,0.947996601654,0.318280447487));
#7153 = DIRECTION('',(0.,0.318280447487,-0.947996601654));
#7154 = ADVANCED_FACE('',(#7155),#7173,.T.);
#7155 = FACE_BOUND('',#7156,.T.);
#7156 = EDGE_LOOP('',(#7157,#7158,#7159,#7167));
#7157 = ORIENTED_EDGE('',*,*,#1723,.T.);
#7158 = ORIENTED_EDGE('',*,*,#7144,.T.);
#7159 = ORIENTED_EDGE('',*,*,#7160,.T.);
#7160 = EDGE_CURVE('',#7137,#7161,#7163,.T.);
#7161 = VERTEX_POINT('',#7162);
#7162 = CARTESIAN_POINT('',(-4.162768775266,-3.138571428571E-02,
    18.745471428571));
#7163 = LINE('',#7164,#7165);
#7164 = CARTESIAN_POINT('',(-4.162768775266,-4.847142857143E-02,18.7854)
  );
#7165 = VECTOR('',#7166,1.);
#7166 = DIRECTION('',(-0.,0.393403152889,-0.919366063816));
#7167 = ORIENTED_EDGE('',*,*,#7168,.F.);
#7168 = EDGE_CURVE('',#1716,#7161,#7169,.T.);
#7169 = LINE('',#7170,#7171);
#7170 = CARTESIAN_POINT('',(-4.762768775266,-3.138571428571E-02,
    18.745471428571));
#7171 = VECTOR('',#7172,1.);
#7172 = DIRECTION('',(1.,0.,0.));
#7173 = PLANE('',#7174);
#7174 = AXIS2_PLACEMENT_3D('',#7175,#7176,#7177);
#7175 = CARTESIAN_POINT('',(-4.762768775266,-4.847142857143E-02,18.7854)
  );
#7176 = DIRECTION('',(-0.,0.919366063816,0.393403152889));
#7177 = DIRECTION('',(0.,0.393403152889,-0.919366063816));
#7178 = ADVANCED_FACE('',(#7179),#7197,.T.);
#7179 = FACE_BOUND('',#7180,.T.);
#7180 = EDGE_LOOP('',(#7181,#7182,#7183,#7191));
#7181 = ORIENTED_EDGE('',*,*,#1715,.T.);
#7182 = ORIENTED_EDGE('',*,*,#7168,.T.);
#7183 = ORIENTED_EDGE('',*,*,#7184,.T.);
#7184 = EDGE_CURVE('',#7161,#7185,#7187,.T.);
#7185 = VERTEX_POINT('',#7186);
#7186 = CARTESIAN_POINT('',(-4.162768775266,-1.392857142857E-02,
    18.705542857143));
#7187 = LINE('',#7188,#7189);
#7188 = CARTESIAN_POINT('',(-4.162768775266,-3.138571428571E-02,
    18.745471428571));
#7189 = VECTOR('',#7190,1.);
#7190 = DIRECTION('',(-0.,0.40059526003,-0.916255116025));
#7191 = ORIENTED_EDGE('',*,*,#7192,.F.);
#7192 = EDGE_CURVE('',#1708,#7185,#7193,.T.);
#7193 = LINE('',#7194,#7195);
#7194 = CARTESIAN_POINT('',(-4.762768775266,-1.392857142857E-02,
    18.705542857143));
#7195 = VECTOR('',#7196,1.);
#7196 = DIRECTION('',(1.,0.,0.));
#7197 = PLANE('',#7198);
#7198 = AXIS2_PLACEMENT_3D('',#7199,#7200,#7201);
#7199 = CARTESIAN_POINT('',(-4.762768775266,-3.138571428571E-02,
    18.745471428571));
#7200 = DIRECTION('',(-0.,0.916255116025,0.40059526003));
#7201 = DIRECTION('',(0.,0.40059526003,-0.916255116025));
#7202 = ADVANCED_FACE('',(#7203),#7221,.T.);
#7203 = FACE_BOUND('',#7204,.T.);
#7204 = EDGE_LOOP('',(#7205,#7206,#7207,#7215));
#7205 = ORIENTED_EDGE('',*,*,#1707,.T.);
#7206 = ORIENTED_EDGE('',*,*,#7192,.T.);
#7207 = ORIENTED_EDGE('',*,*,#7208,.T.);
#7208 = EDGE_CURVE('',#7185,#7209,#7211,.T.);
#7209 = VERTEX_POINT('',#7210);
#7210 = CARTESIAN_POINT('',(-4.162768775266,9.285714285715E-03,
    18.659857142857));
#7211 = LINE('',#7212,#7213);
#7212 = CARTESIAN_POINT('',(-4.162768775266,-1.392857142857E-02,
    18.705542857143));
#7213 = VECTOR('',#7214,1.);
#7214 = DIRECTION('',(-0.,0.453002631496,-0.891509178785));
#7215 = ORIENTED_EDGE('',*,*,#7216,.F.);
#7216 = EDGE_CURVE('',#1700,#7209,#7217,.T.);
#7217 = LINE('',#7218,#7219);
#7218 = CARTESIAN_POINT('',(-4.762768775266,9.285714285715E-03,
    18.659857142857));
#7219 = VECTOR('',#7220,1.);
#7220 = DIRECTION('',(1.,0.,0.));
#7221 = PLANE('',#7222);
#7222 = AXIS2_PLACEMENT_3D('',#7223,#7224,#7225);
#7223 = CARTESIAN_POINT('',(-4.762768775266,-1.392857142857E-02,
    18.705542857143));
#7224 = DIRECTION('',(-0.,0.891509178785,0.453002631496));
#7225 = DIRECTION('',(0.,0.453002631496,-0.891509178785));
#7226 = ADVANCED_FACE('',(#7227),#7245,.T.);
#7227 = FACE_BOUND('',#7228,.T.);
#7228 = EDGE_LOOP('',(#7229,#7230,#7231,#7239));
#7229 = ORIENTED_EDGE('',*,*,#1699,.T.);
#7230 = ORIENTED_EDGE('',*,*,#7216,.T.);
#7231 = ORIENTED_EDGE('',*,*,#7232,.T.);
#7232 = EDGE_CURVE('',#7209,#7233,#7235,.T.);
#7233 = VERTEX_POINT('',#7234);
#7234 = CARTESIAN_POINT('',(-4.162768775266,3.788571428572E-02,
    18.625685714286));
#7235 = LINE('',#7236,#7237);
#7236 = CARTESIAN_POINT('',(-4.162768775266,9.285714285715E-03,
    18.659857142857));
#7237 = VECTOR('',#7238,1.);
#7238 = DIRECTION('',(-0.,0.641822684199,-0.766853077224));
#7239 = ORIENTED_EDGE('',*,*,#7240,.F.);
#7240 = EDGE_CURVE('',#1692,#7233,#7241,.T.);
#7241 = LINE('',#7242,#7243);
#7242 = CARTESIAN_POINT('',(-4.762768775266,3.788571428572E-02,
    18.625685714286));
#7243 = VECTOR('',#7244,1.);
#7244 = DIRECTION('',(1.,0.,0.));
#7245 = PLANE('',#7246);
#7246 = AXIS2_PLACEMENT_3D('',#7247,#7248,#7249);
#7247 = CARTESIAN_POINT('',(-4.762768775266,9.285714285715E-03,
    18.659857142857));
#7248 = DIRECTION('',(-0.,0.766853077224,0.641822684199));
#7249 = DIRECTION('',(0.,0.641822684199,-0.766853077224));
#7250 = ADVANCED_FACE('',(#7251),#7269,.T.);
#7251 = FACE_BOUND('',#7252,.T.);
#7252 = EDGE_LOOP('',(#7253,#7254,#7255,#7263));
#7253 = ORIENTED_EDGE('',*,*,#1691,.T.);
#7254 = ORIENTED_EDGE('',*,*,#7240,.T.);
#7255 = ORIENTED_EDGE('',*,*,#7256,.T.);
#7256 = EDGE_CURVE('',#7233,#7257,#7259,.T.);
#7257 = VERTEX_POINT('',#7258);
#7258 = CARTESIAN_POINT('',(-4.162768775266,7.242857142857E-02,18.58));
#7259 = LINE('',#7260,#7261);
#7260 = CARTESIAN_POINT('',(-4.162768775266,3.788571428572E-02,
    18.625685714286));
#7261 = VECTOR('',#7262,1.);
#7262 = DIRECTION('',(-0.,0.603108274872,-0.797659331282));
#7263 = ORIENTED_EDGE('',*,*,#7264,.F.);
#7264 = EDGE_CURVE('',#1684,#7257,#7265,.T.);
#7265 = LINE('',#7266,#7267);
#7266 = CARTESIAN_POINT('',(-4.762768775266,7.242857142857E-02,18.58));
#7267 = VECTOR('',#7268,1.);
#7268 = DIRECTION('',(1.,0.,0.));
#7269 = PLANE('',#7270);
#7270 = AXIS2_PLACEMENT_3D('',#7271,#7272,#7273);
#7271 = CARTESIAN_POINT('',(-4.762768775266,3.788571428572E-02,
    18.625685714286));
#7272 = DIRECTION('',(-0.,0.797659331282,0.603108274872));
#7273 = DIRECTION('',(0.,0.603108274872,-0.797659331282));
#7274 = ADVANCED_FACE('',(#7275),#7293,.T.);
#7275 = FACE_BOUND('',#7276,.T.);
#7276 = EDGE_LOOP('',(#7277,#7278,#7279,#7287));
#7277 = ORIENTED_EDGE('',*,*,#1683,.T.);
#7278 = ORIENTED_EDGE('',*,*,#7264,.T.);
#7279 = ORIENTED_EDGE('',*,*,#7280,.T.);
#7280 = EDGE_CURVE('',#7257,#7281,#7283,.T.);
#7281 = VERTEX_POINT('',#7282);
#7282 = CARTESIAN_POINT('',(-4.162768775266,0.107157142857,
    18.545828571429));
#7283 = LINE('',#7284,#7285);
#7284 = CARTESIAN_POINT('',(-4.162768775266,7.242857142857E-02,18.58));
#7285 = VECTOR('',#7286,1.);
#7286 = DIRECTION('',(-0.,0.712801322013,-0.701366006687));
#7287 = ORIENTED_EDGE('',*,*,#7288,.F.);
#7288 = EDGE_CURVE('',#1676,#7281,#7289,.T.);
#7289 = LINE('',#7290,#7291);
#7290 = CARTESIAN_POINT('',(-4.762768775266,0.107157142857,
    18.545828571429));
#7291 = VECTOR('',#7292,1.);
#7292 = DIRECTION('',(1.,0.,0.));
#7293 = PLANE('',#7294);
#7294 = AXIS2_PLACEMENT_3D('',#7295,#7296,#7297);
#7295 = CARTESIAN_POINT('',(-4.762768775266,7.242857142857E-02,18.58));
#7296 = DIRECTION('',(-0.,0.701366006687,0.712801322013));
#7297 = DIRECTION('',(0.,0.712801322013,-0.701366006687));
#7298 = ADVANCED_FACE('',(#7299),#7317,.T.);
#7299 = FACE_BOUND('',#7300,.T.);
#7300 = EDGE_LOOP('',(#7301,#7302,#7303,#7311));
#7301 = ORIENTED_EDGE('',*,*,#1675,.T.);
#7302 = ORIENTED_EDGE('',*,*,#7288,.T.);
#7303 = ORIENTED_EDGE('',*,*,#7304,.T.);
#7304 = EDGE_CURVE('',#7281,#7305,#7307,.T.);
#7305 = VERTEX_POINT('',#7306);
#7306 = CARTESIAN_POINT('',(-4.162768775266,0.153214285714,
    18.511657142857));
#7307 = LINE('',#7308,#7309);
#7308 = CARTESIAN_POINT('',(-4.162768775266,0.107157142857,
    18.545828571429));
#7309 = VECTOR('',#7310,1.);
#7310 = DIRECTION('',(-0.,0.803098028234,-0.595846924173));
#7311 = ORIENTED_EDGE('',*,*,#7312,.F.);
#7312 = EDGE_CURVE('',#1668,#7305,#7313,.T.);
#7313 = LINE('',#7314,#7315);
#7314 = CARTESIAN_POINT('',(-4.762768775266,0.153214285714,
    18.511657142857));
#7315 = VECTOR('',#7316,1.);
#7316 = DIRECTION('',(1.,0.,0.));
#7317 = PLANE('',#7318);
#7318 = AXIS2_PLACEMENT_3D('',#7319,#7320,#7321);
#7319 = CARTESIAN_POINT('',(-4.762768775266,0.107157142857,
    18.545828571429));
#7320 = DIRECTION('',(-0.,0.595846924173,0.803098028234));
#7321 = DIRECTION('',(0.,0.803098028234,-0.595846924173));
#7322 = ADVANCED_FACE('',(#7323),#7341,.T.);
#7323 = FACE_BOUND('',#7324,.T.);
#7324 = EDGE_LOOP('',(#7325,#7326,#7327,#7335));
#7325 = ORIENTED_EDGE('',*,*,#1667,.T.);
#7326 = ORIENTED_EDGE('',*,*,#7312,.T.);
#7327 = ORIENTED_EDGE('',*,*,#7328,.T.);
#7328 = EDGE_CURVE('',#7305,#7329,#7331,.T.);
#7329 = VERTEX_POINT('',#7330);
#7330 = CARTESIAN_POINT('',(-4.162768775266,0.205028571429,
    18.483057142857));
#7331 = LINE('',#7332,#7333);
#7332 = CARTESIAN_POINT('',(-4.162768775266,0.153214285714,
    18.511657142857));
#7333 = VECTOR('',#7334,1.);
#7334 = DIRECTION('',(-0.,0.875486133048,-0.483243241898));
#7335 = ORIENTED_EDGE('',*,*,#7336,.F.);
#7336 = EDGE_CURVE('',#1660,#7329,#7337,.T.);
#7337 = LINE('',#7338,#7339);
#7338 = CARTESIAN_POINT('',(-4.762768775266,0.205028571429,
    18.483057142857));
#7339 = VECTOR('',#7340,1.);
#7340 = DIRECTION('',(1.,0.,0.));
#7341 = PLANE('',#7342);
#7342 = AXIS2_PLACEMENT_3D('',#7343,#7344,#7345);
#7343 = CARTESIAN_POINT('',(-4.762768775266,0.153214285714,
    18.511657142857));
#7344 = DIRECTION('',(-0.,0.483243241898,0.875486133048));
#7345 = DIRECTION('',(0.,0.875486133048,-0.483243241898));
#7346 = ADVANCED_FACE('',(#7347),#7365,.T.);
#7347 = FACE_BOUND('',#7348,.T.);
#7348 = EDGE_LOOP('',(#7349,#7350,#7351,#7359));
#7349 = ORIENTED_EDGE('',*,*,#1659,.T.);
#7350 = ORIENTED_EDGE('',*,*,#7336,.T.);
#7351 = ORIENTED_EDGE('',*,*,#7352,.T.);
#7352 = EDGE_CURVE('',#7329,#7353,#7355,.T.);
#7353 = VERTEX_POINT('',#7354);
#7354 = CARTESIAN_POINT('',(-4.162768775266,0.245328571429,
    18.460214285714));
#7355 = LINE('',#7356,#7357);
#7356 = CARTESIAN_POINT('',(-4.162768775266,0.205028571429,
    18.483057142857));
#7357 = VECTOR('',#7358,1.);
#7358 = DIRECTION('',(-0.,0.869964859591,-0.493113722256));
#7359 = ORIENTED_EDGE('',*,*,#7360,.F.);
#7360 = EDGE_CURVE('',#1652,#7353,#7361,.T.);
#7361 = LINE('',#7362,#7363);
#7362 = CARTESIAN_POINT('',(-4.762768775266,0.245328571429,
    18.460214285714));
#7363 = VECTOR('',#7364,1.);
#7364 = DIRECTION('',(1.,0.,0.));
#7365 = PLANE('',#7366);
#7366 = AXIS2_PLACEMENT_3D('',#7367,#7368,#7369);
#7367 = CARTESIAN_POINT('',(-4.762768775266,0.205028571429,
    18.483057142857));
#7368 = DIRECTION('',(-0.,0.493113722256,0.869964859591));
#7369 = DIRECTION('',(0.,0.869964859591,-0.493113722256));
#7370 = ADVANCED_FACE('',(#7371),#7389,.T.);
#7371 = FACE_BOUND('',#7372,.T.);
#7372 = EDGE_LOOP('',(#7373,#7374,#7375,#7383));
#7373 = ORIENTED_EDGE('',*,*,#1651,.T.);
#7374 = ORIENTED_EDGE('',*,*,#7360,.T.);
#7375 = ORIENTED_EDGE('',*,*,#7376,.T.);
#7376 = EDGE_CURVE('',#7353,#7377,#7379,.T.);
#7377 = VERTEX_POINT('',#7378);
#7378 = CARTESIAN_POINT('',(-4.162768775266,0.297328571429,
    18.437371428571));
#7379 = LINE('',#7380,#7381);
#7380 = CARTESIAN_POINT('',(-4.162768775266,0.245328571429,
    18.460214285714));
#7381 = VECTOR('',#7382,1.);
#7382 = DIRECTION('',(-0.,0.915555942631,-0.402190646227));
#7383 = ORIENTED_EDGE('',*,*,#7384,.F.);
#7384 = EDGE_CURVE('',#1644,#7377,#7385,.T.);
#7385 = LINE('',#7386,#7387);
#7386 = CARTESIAN_POINT('',(-4.762768775266,0.297328571429,
    18.437371428571));
#7387 = VECTOR('',#7388,1.);
#7388 = DIRECTION('',(1.,0.,0.));
#7389 = PLANE('',#7390);
#7390 = AXIS2_PLACEMENT_3D('',#7391,#7392,#7393);
#7391 = CARTESIAN_POINT('',(-4.762768775266,0.245328571429,
    18.460214285714));
#7392 = DIRECTION('',(-0.,0.402190646227,0.915555942631));
#7393 = DIRECTION('',(0.,0.915555942631,-0.402190646227));
#7394 = ADVANCED_FACE('',(#7395),#7413,.T.);
#7395 = FACE_BOUND('',#7396,.T.);
#7396 = EDGE_LOOP('',(#7397,#7398,#7399,#7407));
#7397 = ORIENTED_EDGE('',*,*,#1643,.T.);
#7398 = ORIENTED_EDGE('',*,*,#7384,.T.);
#7399 = ORIENTED_EDGE('',*,*,#7400,.T.);
#7400 = EDGE_CURVE('',#7377,#7401,#7403,.T.);
#7401 = VERTEX_POINT('',#7402);
#7402 = CARTESIAN_POINT('',(-4.162768775266,0.3549,18.420285714286));
#7403 = LINE('',#7404,#7405);
#7404 = CARTESIAN_POINT('',(-4.162768775266,0.297328571429,
    18.437371428571));
#7405 = VECTOR('',#7406,1.);
#7406 = DIRECTION('',(-0.,0.958673228505,-0.284509474266));
#7407 = ORIENTED_EDGE('',*,*,#7408,.F.);
#7408 = EDGE_CURVE('',#1636,#7401,#7409,.T.);
#7409 = LINE('',#7410,#7411);
#7410 = CARTESIAN_POINT('',(-4.762768775266,0.3549,18.420285714286));
#7411 = VECTOR('',#7412,1.);
#7412 = DIRECTION('',(1.,0.,0.));
#7413 = PLANE('',#7414);
#7414 = AXIS2_PLACEMENT_3D('',#7415,#7416,#7417);
#7415 = CARTESIAN_POINT('',(-4.762768775266,0.297328571429,
    18.437371428571));
#7416 = DIRECTION('',(-0.,0.284509474266,0.958673228505));
#7417 = DIRECTION('',(0.,0.958673228505,-0.284509474266));
#7418 = ADVANCED_FACE('',(#7419),#7437,.T.);
#7419 = FACE_BOUND('',#7420,.T.);
#7420 = EDGE_LOOP('',(#7421,#7422,#7423,#7431));
#7421 = ORIENTED_EDGE('',*,*,#1635,.T.);
#7422 = ORIENTED_EDGE('',*,*,#7408,.T.);
#7423 = ORIENTED_EDGE('',*,*,#7424,.T.);
#7424 = EDGE_CURVE('',#7401,#7425,#7427,.T.);
#7425 = VERTEX_POINT('',#7426);
#7426 = CARTESIAN_POINT('',(-4.162768775266,0.406714285714,
    18.408957142857));
#7427 = LINE('',#7428,#7429);
#7428 = CARTESIAN_POINT('',(-4.162768775266,0.3549,18.420285714286));
#7429 = VECTOR('',#7430,1.);
#7430 = DIRECTION('',(-0.,0.97692285488,-0.213592452142));
#7431 = ORIENTED_EDGE('',*,*,#7432,.F.);
#7432 = EDGE_CURVE('',#1628,#7425,#7433,.T.);
#7433 = LINE('',#7434,#7435);
#7434 = CARTESIAN_POINT('',(-4.762768775266,0.406714285714,
    18.408957142857));
#7435 = VECTOR('',#7436,1.);
#7436 = DIRECTION('',(1.,0.,0.));
#7437 = PLANE('',#7438);
#7438 = AXIS2_PLACEMENT_3D('',#7439,#7440,#7441);
#7439 = CARTESIAN_POINT('',(-4.762768775266,0.3549,18.420285714286));
#7440 = DIRECTION('',(-0.,0.213592452142,0.97692285488));
#7441 = DIRECTION('',(0.,0.97692285488,-0.213592452142));
#7442 = ADVANCED_FACE('',(#7443),#7461,.T.);
#7443 = FACE_BOUND('',#7444,.T.);
#7444 = EDGE_LOOP('',(#7445,#7446,#7447,#7455));
#7445 = ORIENTED_EDGE('',*,*,#1627,.T.);
#7446 = ORIENTED_EDGE('',*,*,#7432,.T.);
#7447 = ORIENTED_EDGE('',*,*,#7448,.T.);
#7448 = EDGE_CURVE('',#7425,#7449,#7451,.T.);
#7449 = VERTEX_POINT('',#7450);
#7450 = CARTESIAN_POINT('',(-4.162768775266,0.458714285714,18.4032));
#7451 = LINE('',#7452,#7453);
#7452 = CARTESIAN_POINT('',(-4.162768775266,0.406714285714,
    18.408957142857));
#7453 = VECTOR('',#7454,1.);
#7454 = DIRECTION('',(-0.,0.993926947812,-0.110041912079));
#7455 = ORIENTED_EDGE('',*,*,#7456,.F.);
#7456 = EDGE_CURVE('',#1620,#7449,#7457,.T.);
#7457 = LINE('',#7458,#7459);
#7458 = CARTESIAN_POINT('',(-4.762768775266,0.458714285714,18.4032));
#7459 = VECTOR('',#7460,1.);
#7460 = DIRECTION('',(1.,0.,0.));
#7461 = PLANE('',#7462);
#7462 = AXIS2_PLACEMENT_3D('',#7463,#7464,#7465);
#7463 = CARTESIAN_POINT('',(-4.762768775266,0.406714285714,
    18.408957142857));
#7464 = DIRECTION('',(-0.,0.110041912079,0.993926947812));
#7465 = DIRECTION('',(0.,0.993926947812,-0.110041912079));
#7466 = ADVANCED_FACE('',(#7467),#7485,.T.);
#7467 = FACE_BOUND('',#7468,.T.);
#7468 = EDGE_LOOP('',(#7469,#7470,#7471,#7479));
#7469 = ORIENTED_EDGE('',*,*,#1619,.T.);
#7470 = ORIENTED_EDGE('',*,*,#7456,.T.);
#7471 = ORIENTED_EDGE('',*,*,#7472,.T.);
#7472 = EDGE_CURVE('',#7449,#7473,#7475,.T.);
#7473 = VERTEX_POINT('',#7474);
#7474 = CARTESIAN_POINT('',(-4.162768775266,1.651371428571,18.4032));
#7475 = LINE('',#7476,#7477);
#7476 = CARTESIAN_POINT('',(-4.162768775266,0.458714285714,18.4032));
#7477 = VECTOR('',#7478,1.);
#7478 = DIRECTION('',(0.,1.,0.));
#7479 = ORIENTED_EDGE('',*,*,#7480,.F.);
#7480 = EDGE_CURVE('',#1612,#7473,#7481,.T.);
#7481 = LINE('',#7482,#7483);
#7482 = CARTESIAN_POINT('',(-4.762768775266,1.651371428571,18.4032));
#7483 = VECTOR('',#7484,1.);
#7484 = DIRECTION('',(1.,0.,0.));
#7485 = PLANE('',#7486);
#7486 = AXIS2_PLACEMENT_3D('',#7487,#7488,#7489);
#7487 = CARTESIAN_POINT('',(-4.762768775266,0.458714285714,18.4032));
#7488 = DIRECTION('',(0.,0.,1.));
#7489 = DIRECTION('',(0.,1.,0.));
#7490 = ADVANCED_FACE('',(#7491),#7509,.T.);
#7491 = FACE_BOUND('',#7492,.T.);
#7492 = EDGE_LOOP('',(#7493,#7494,#7495,#7503));
#7493 = ORIENTED_EDGE('',*,*,#1611,.T.);
#7494 = ORIENTED_EDGE('',*,*,#7480,.T.);
#7495 = ORIENTED_EDGE('',*,*,#7496,.T.);
#7496 = EDGE_CURVE('',#7473,#7497,#7499,.T.);
#7497 = VERTEX_POINT('',#7498);
#7498 = CARTESIAN_POINT('',(-4.162768775266,1.697057142857,
    18.408957142857));
#7499 = LINE('',#7500,#7501);
#7500 = CARTESIAN_POINT('',(-4.162768775266,1.651371428571,18.4032));
#7501 = VECTOR('',#7502,1.);
#7502 = DIRECTION('',(0.,0.992153283358,0.125027446277));
#7503 = ORIENTED_EDGE('',*,*,#7504,.F.);
#7504 = EDGE_CURVE('',#1604,#7497,#7505,.T.);
#7505 = LINE('',#7506,#7507);
#7506 = CARTESIAN_POINT('',(-4.762768775266,1.697057142857,
    18.408957142857));
#7507 = VECTOR('',#7508,1.);
#7508 = DIRECTION('',(1.,0.,0.));
#7509 = PLANE('',#7510);
#7510 = AXIS2_PLACEMENT_3D('',#7511,#7512,#7513);
#7511 = CARTESIAN_POINT('',(-4.762768775266,1.651371428571,18.4032));
#7512 = DIRECTION('',(0.,-0.125027446277,0.992153283358));
#7513 = DIRECTION('',(0.,0.992153283358,0.125027446277));
#7514 = ADVANCED_FACE('',(#7515),#7533,.T.);
#7515 = FACE_BOUND('',#7516,.T.);
#7516 = EDGE_LOOP('',(#7517,#7518,#7519,#7527));
#7517 = ORIENTED_EDGE('',*,*,#1603,.T.);
#7518 = ORIENTED_EDGE('',*,*,#7504,.T.);
#7519 = ORIENTED_EDGE('',*,*,#7520,.T.);
#7520 = EDGE_CURVE('',#7497,#7521,#7523,.T.);
#7521 = VERTEX_POINT('',#7522);
#7522 = CARTESIAN_POINT('',(-4.162768775266,1.742742857143,
    18.426042857143));
#7523 = LINE('',#7524,#7525);
#7524 = CARTESIAN_POINT('',(-4.162768775266,1.697057142857,
    18.408957142857));
#7525 = VECTOR('',#7526,1.);
#7526 = DIRECTION('',(0.,0.9366417498,0.350288784478));
#7527 = ORIENTED_EDGE('',*,*,#7528,.F.);
#7528 = EDGE_CURVE('',#1596,#7521,#7529,.T.);
#7529 = LINE('',#7530,#7531);
#7530 = CARTESIAN_POINT('',(-4.762768775266,1.742742857143,
    18.426042857143));
#7531 = VECTOR('',#7532,1.);
#7532 = DIRECTION('',(1.,0.,0.));
#7533 = PLANE('',#7534);
#7534 = AXIS2_PLACEMENT_3D('',#7535,#7536,#7537);
#7535 = CARTESIAN_POINT('',(-4.762768775266,1.697057142857,
    18.408957142857));
#7536 = DIRECTION('',(0.,-0.350288784478,0.9366417498));
#7537 = DIRECTION('',(0.,0.9366417498,0.350288784478));
#7538 = ADVANCED_FACE('',(#7539),#7557,.T.);
#7539 = FACE_BOUND('',#7540,.T.);
#7540 = EDGE_LOOP('',(#7541,#7542,#7543,#7551));
#7541 = ORIENTED_EDGE('',*,*,#1595,.T.);
#7542 = ORIENTED_EDGE('',*,*,#7528,.T.);
#7543 = ORIENTED_EDGE('',*,*,#7544,.T.);
#7544 = EDGE_CURVE('',#7521,#7545,#7547,.T.);
#7545 = VERTEX_POINT('',#7546);
#7546 = CARTESIAN_POINT('',(-4.162768775266,1.788242857143,
    18.448885714286));
#7547 = LINE('',#7548,#7549);
#7548 = CARTESIAN_POINT('',(-4.162768775266,1.742742857143,
    18.426042857143));
#7549 = VECTOR('',#7550,1.);
#7550 = DIRECTION('',(0.,0.893696452749,0.448672096686));
#7551 = ORIENTED_EDGE('',*,*,#7552,.F.);
#7552 = EDGE_CURVE('',#1588,#7545,#7553,.T.);
#7553 = LINE('',#7554,#7555);
#7554 = CARTESIAN_POINT('',(-4.762768775266,1.788242857143,
    18.448885714286));
#7555 = VECTOR('',#7556,1.);
#7556 = DIRECTION('',(1.,0.,0.));
#7557 = PLANE('',#7558);
#7558 = AXIS2_PLACEMENT_3D('',#7559,#7560,#7561);
#7559 = CARTESIAN_POINT('',(-4.762768775266,1.742742857143,
    18.426042857143));
#7560 = DIRECTION('',(0.,-0.448672096686,0.893696452749));
#7561 = DIRECTION('',(0.,0.893696452749,0.448672096686));
#7562 = ADVANCED_FACE('',(#7563),#7581,.T.);
#7563 = FACE_BOUND('',#7564,.T.);
#7564 = EDGE_LOOP('',(#7565,#7566,#7567,#7575));
#7565 = ORIENTED_EDGE('',*,*,#1587,.T.);
#7566 = ORIENTED_EDGE('',*,*,#7552,.T.);
#7567 = ORIENTED_EDGE('',*,*,#7568,.T.);
#7568 = EDGE_CURVE('',#7545,#7569,#7571,.T.);
#7569 = VERTEX_POINT('',#7570);
#7570 = CARTESIAN_POINT('',(-4.162768775266,1.828171428571,18.4773));
#7571 = LINE('',#7572,#7573);
#7572 = CARTESIAN_POINT('',(-4.162768775266,1.788242857143,
    18.448885714286));
#7573 = VECTOR('',#7574,1.);
#7574 = DIRECTION('',(0.,0.81475641455,0.579803401982));
#7575 = ORIENTED_EDGE('',*,*,#7576,.F.);
#7576 = EDGE_CURVE('',#1580,#7569,#7577,.T.);
#7577 = LINE('',#7578,#7579);
#7578 = CARTESIAN_POINT('',(-4.762768775266,1.828171428571,18.4773));
#7579 = VECTOR('',#7580,1.);
#7580 = DIRECTION('',(1.,0.,0.));
#7581 = PLANE('',#7582);
#7582 = AXIS2_PLACEMENT_3D('',#7583,#7584,#7585);
#7583 = CARTESIAN_POINT('',(-4.762768775266,1.788242857143,
    18.448885714286));
#7584 = DIRECTION('',(0.,-0.579803401982,0.81475641455));
#7585 = DIRECTION('',(0.,0.81475641455,0.579803401982));
#7586 = ADVANCED_FACE('',(#7587),#7612,.T.);
#7587 = FACE_BOUND('',#7588,.T.);
#7588 = EDGE_LOOP('',(#7589,#7590,#7598,#7606));
#7589 = ORIENTED_EDGE('',*,*,#1571,.T.);
#7590 = ORIENTED_EDGE('',*,*,#7591,.T.);
#7591 = EDGE_CURVE('',#1572,#7592,#7594,.T.);
#7592 = VERTEX_POINT('',#7593);
#7593 = CARTESIAN_POINT('',(-4.162768775266,1.873857142857,18.5345));
#7594 = LINE('',#7595,#7596);
#7595 = CARTESIAN_POINT('',(-4.762768775266,1.873857142857,18.5345));
#7596 = VECTOR('',#7597,1.);
#7597 = DIRECTION('',(1.,0.,0.));
#7598 = ORIENTED_EDGE('',*,*,#7599,.T.);
#7599 = EDGE_CURVE('',#7592,#7600,#7602,.T.);
#7600 = VERTEX_POINT('',#7601);
#7601 = CARTESIAN_POINT('',(-4.162768775266,1.890942857143,
    18.568671428571));
#7602 = LINE('',#7603,#7604);
#7603 = CARTESIAN_POINT('',(-4.162768775266,1.873857142857,18.5345));
#7604 = VECTOR('',#7605,1.);
#7605 = DIRECTION('',(0.,0.4472135955,0.894427191));
#7606 = ORIENTED_EDGE('',*,*,#7607,.F.);
#7607 = EDGE_CURVE('',#1564,#7600,#7608,.T.);
#7608 = LINE('',#7609,#7610);
#7609 = CARTESIAN_POINT('',(-4.762768775266,1.890942857143,
    18.568671428571));
#7610 = VECTOR('',#7611,1.);
#7611 = DIRECTION('',(1.,0.,0.));
#7612 = PLANE('',#7613);
#7613 = AXIS2_PLACEMENT_3D('',#7614,#7615,#7616);
#7614 = CARTESIAN_POINT('',(-4.762768775266,1.873857142857,18.5345));
#7615 = DIRECTION('',(0.,-0.894427191,0.4472135955));
#7616 = DIRECTION('',(0.,0.4472135955,0.894427191));
#7617 = ADVANCED_FACE('',(#7618),#7636,.T.);
#7618 = FACE_BOUND('',#7619,.T.);
#7619 = EDGE_LOOP('',(#7620,#7621,#7622,#7630));
#7620 = ORIENTED_EDGE('',*,*,#1563,.T.);
#7621 = ORIENTED_EDGE('',*,*,#7607,.T.);
#7622 = ORIENTED_EDGE('',*,*,#7623,.T.);
#7623 = EDGE_CURVE('',#7600,#7624,#7626,.T.);
#7624 = VERTEX_POINT('',#7625);
#7625 = CARTESIAN_POINT('',(-4.162768775266,1.908214285714,
    18.602842857143));
#7626 = LINE('',#7627,#7628);
#7627 = CARTESIAN_POINT('',(-4.162768775266,1.890942857143,
    18.568671428571));
#7628 = VECTOR('',#7629,1.);
#7629 = DIRECTION('',(0.,0.451089728658,0.892478602936));
#7630 = ORIENTED_EDGE('',*,*,#7631,.F.);
#7631 = EDGE_CURVE('',#1556,#7624,#7632,.T.);
#7632 = LINE('',#7633,#7634);
#7633 = CARTESIAN_POINT('',(-4.762768775266,1.908214285714,
    18.602842857143));
#7634 = VECTOR('',#7635,1.);
#7635 = DIRECTION('',(1.,0.,0.));
#7636 = PLANE('',#7637);
#7637 = AXIS2_PLACEMENT_3D('',#7638,#7639,#7640);
#7638 = CARTESIAN_POINT('',(-4.762768775266,1.890942857143,
    18.568671428571));
#7639 = DIRECTION('',(0.,-0.892478602936,0.451089728658));
#7640 = DIRECTION('',(0.,0.451089728658,0.892478602936));
#7641 = ADVANCED_FACE('',(#7642),#7660,.T.);
#7642 = FACE_BOUND('',#7643,.T.);
#7643 = EDGE_LOOP('',(#7644,#7645,#7646,#7654));
#7644 = ORIENTED_EDGE('',*,*,#1555,.T.);
#7645 = ORIENTED_EDGE('',*,*,#7631,.T.);
#7646 = ORIENTED_EDGE('',*,*,#7647,.T.);
#7647 = EDGE_CURVE('',#7624,#7648,#7650,.T.);
#7648 = VERTEX_POINT('',#7649);
#7649 = CARTESIAN_POINT('',(-4.162768775266,1.913785714286,18.6372));
#7650 = LINE('',#7651,#7652);
#7651 = CARTESIAN_POINT('',(-4.162768775266,1.908214285714,
    18.602842857143));
#7652 = VECTOR('',#7653,1.);
#7653 = DIRECTION('',(0.,0.160071158554,0.987105477748));
#7654 = ORIENTED_EDGE('',*,*,#7655,.F.);
#7655 = EDGE_CURVE('',#1548,#7648,#7656,.T.);
#7656 = LINE('',#7657,#7658);
#7657 = CARTESIAN_POINT('',(-4.762768775266,1.913785714286,18.6372));
#7658 = VECTOR('',#7659,1.);
#7659 = DIRECTION('',(1.,0.,0.));
#7660 = PLANE('',#7661);
#7661 = AXIS2_PLACEMENT_3D('',#7662,#7663,#7664);
#7662 = CARTESIAN_POINT('',(-4.762768775266,1.908214285714,
    18.602842857143));
#7663 = DIRECTION('',(0.,-0.987105477748,0.160071158554));
#7664 = DIRECTION('',(0.,0.160071158554,0.987105477748));
#7665 = ADVANCED_FACE('',(#7666),#7684,.T.);
#7666 = FACE_BOUND('',#7667,.T.);
#7667 = EDGE_LOOP('',(#7668,#7669,#7670,#7678));
#7668 = ORIENTED_EDGE('',*,*,#1547,.T.);
#7669 = ORIENTED_EDGE('',*,*,#7655,.T.);
#7670 = ORIENTED_EDGE('',*,*,#7671,.T.);
#7671 = EDGE_CURVE('',#7648,#7672,#7674,.T.);
#7672 = VERTEX_POINT('',#7673);
#7673 = CARTESIAN_POINT('',(-4.162768775266,1.919542857143,
    18.671371428571));
#7674 = LINE('',#7675,#7676);
#7675 = CARTESIAN_POINT('',(-4.162768775266,1.913785714286,18.6372));
#7676 = VECTOR('',#7677,1.);
#7677 = DIRECTION('',(0.,0.166136868447,0.98610270304));
#7678 = ORIENTED_EDGE('',*,*,#7679,.F.);
#7679 = EDGE_CURVE('',#1540,#7672,#7680,.T.);
#7680 = LINE('',#7681,#7682);
#7681 = CARTESIAN_POINT('',(-4.762768775266,1.919542857143,
    18.671371428571));
#7682 = VECTOR('',#7683,1.);
#7683 = DIRECTION('',(1.,0.,0.));
#7684 = PLANE('',#7685);
#7685 = AXIS2_PLACEMENT_3D('',#7686,#7687,#7688);
#7686 = CARTESIAN_POINT('',(-4.762768775266,1.913785714286,18.6372));
#7687 = DIRECTION('',(0.,-0.98610270304,0.166136868447));
#7688 = DIRECTION('',(0.,0.166136868447,0.98610270304));
#7689 = ADVANCED_FACE('',(#7690),#7708,.T.);
#7690 = FACE_BOUND('',#7691,.T.);
#7691 = EDGE_LOOP('',(#7692,#7693,#7694,#7702));
#7692 = ORIENTED_EDGE('',*,*,#1539,.T.);
#7693 = ORIENTED_EDGE('',*,*,#7679,.T.);
#7694 = ORIENTED_EDGE('',*,*,#7695,.T.);
#7695 = EDGE_CURVE('',#7672,#7696,#7698,.T.);
#7696 = VERTEX_POINT('',#7697);
#7697 = CARTESIAN_POINT('',(-4.162768775266,1.919542857143,
    18.705542857143));
#7698 = LINE('',#7699,#7700);
#7699 = CARTESIAN_POINT('',(-4.162768775266,1.919542857143,
    18.671371428571));
#7700 = VECTOR('',#7701,1.);
#7701 = DIRECTION('',(0.,0.,1.));
#7702 = ORIENTED_EDGE('',*,*,#7703,.F.);
#7703 = EDGE_CURVE('',#1532,#7696,#7704,.T.);
#7704 = LINE('',#7705,#7706);
#7705 = CARTESIAN_POINT('',(-4.762768775266,1.919542857143,
    18.705542857143));
#7706 = VECTOR('',#7707,1.);
#7707 = DIRECTION('',(1.,0.,0.));
#7708 = PLANE('',#7709);
#7709 = AXIS2_PLACEMENT_3D('',#7710,#7711,#7712);
#7710 = CARTESIAN_POINT('',(-4.762768775266,1.919542857143,
    18.671371428571));
#7711 = DIRECTION('',(0.,-1.,0.));
#7712 = DIRECTION('',(0.,0.,1.));
#7713 = ADVANCED_FACE('',(#7714),#7732,.T.);
#7714 = FACE_BOUND('',#7715,.T.);
#7715 = EDGE_LOOP('',(#7716,#7717,#7718,#7726));
#7716 = ORIENTED_EDGE('',*,*,#1531,.T.);
#7717 = ORIENTED_EDGE('',*,*,#7703,.T.);
#7718 = ORIENTED_EDGE('',*,*,#7719,.T.);
#7719 = EDGE_CURVE('',#7696,#7720,#7722,.T.);
#7720 = VERTEX_POINT('',#7721);
#7721 = CARTESIAN_POINT('',(-4.162768775266,1.913785714286,
    18.745471428571));
#7722 = LINE('',#7723,#7724);
#7723 = CARTESIAN_POINT('',(-4.162768775266,1.919542857143,
    18.705542857143));
#7724 = VECTOR('',#7725,1.);
#7725 = DIRECTION('',(0.,-0.142710231997,0.989764512237));
#7726 = ORIENTED_EDGE('',*,*,#7727,.F.);
#7727 = EDGE_CURVE('',#1524,#7720,#7728,.T.);
#7728 = LINE('',#7729,#7730);
#7729 = CARTESIAN_POINT('',(-4.762768775266,1.913785714286,
    18.745471428571));
#7730 = VECTOR('',#7731,1.);
#7731 = DIRECTION('',(1.,0.,0.));
#7732 = PLANE('',#7733);
#7733 = AXIS2_PLACEMENT_3D('',#7734,#7735,#7736);
#7734 = CARTESIAN_POINT('',(-4.762768775266,1.919542857143,
    18.705542857143));
#7735 = DIRECTION('',(0.,-0.989764512237,-0.142710231997));
#7736 = DIRECTION('',(0.,-0.142710231997,0.989764512237));
#7737 = ADVANCED_FACE('',(#7738),#7756,.T.);
#7738 = FACE_BOUND('',#7739,.T.);
#7739 = EDGE_LOOP('',(#7740,#7741,#7742,#7750));
#7740 = ORIENTED_EDGE('',*,*,#1523,.T.);
#7741 = ORIENTED_EDGE('',*,*,#7727,.T.);
#7742 = ORIENTED_EDGE('',*,*,#7743,.T.);
#7743 = EDGE_CURVE('',#7720,#7744,#7746,.T.);
#7744 = VERTEX_POINT('',#7745);
#7745 = CARTESIAN_POINT('',(-4.162768775266,1.902457142857,
    18.779828571429));
#7746 = LINE('',#7747,#7748);
#7747 = CARTESIAN_POINT('',(-4.162768775266,1.913785714286,
    18.745471428571));
#7748 = VECTOR('',#7749,1.);
#7749 = DIRECTION('',(0.,-0.313145974944,0.949705005976));
#7750 = ORIENTED_EDGE('',*,*,#7751,.F.);
#7751 = EDGE_CURVE('',#1516,#7744,#7752,.T.);
#7752 = LINE('',#7753,#7754);
#7753 = CARTESIAN_POINT('',(-4.762768775266,1.902457142857,
    18.779828571429));
#7754 = VECTOR('',#7755,1.);
#7755 = DIRECTION('',(1.,0.,0.));
#7756 = PLANE('',#7757);
#7757 = AXIS2_PLACEMENT_3D('',#7758,#7759,#7760);
#7758 = CARTESIAN_POINT('',(-4.762768775266,1.913785714286,
    18.745471428571));
#7759 = DIRECTION('',(0.,-0.949705005976,-0.313145974944));
#7760 = DIRECTION('',(0.,-0.313145974944,0.949705005976));
#7761 = ADVANCED_FACE('',(#7762),#7780,.T.);
#7762 = FACE_BOUND('',#7763,.T.);
#7763 = EDGE_LOOP('',(#7764,#7765,#7766,#7774));
#7764 = ORIENTED_EDGE('',*,*,#1515,.T.);
#7765 = ORIENTED_EDGE('',*,*,#7751,.T.);
#7766 = ORIENTED_EDGE('',*,*,#7767,.T.);
#7767 = EDGE_CURVE('',#7744,#7768,#7770,.T.);
#7768 = VERTEX_POINT('',#7769);
#7769 = CARTESIAN_POINT('',(-4.162768775266,1.890942857143,18.814));
#7770 = LINE('',#7771,#7772);
#7771 = CARTESIAN_POINT('',(-4.162768775266,1.902457142857,
    18.779828571429));
#7772 = VECTOR('',#7773,1.);
#7773 = DIRECTION('',(0.,-0.319316245627,0.947648212829));
#7774 = ORIENTED_EDGE('',*,*,#7775,.F.);
#7775 = EDGE_CURVE('',#1508,#7768,#7776,.T.);
#7776 = LINE('',#7777,#7778);
#7777 = CARTESIAN_POINT('',(-4.762768775266,1.890942857143,18.814));
#7778 = VECTOR('',#7779,1.);
#7779 = DIRECTION('',(1.,0.,0.));
#7780 = PLANE('',#7781);
#7781 = AXIS2_PLACEMENT_3D('',#7782,#7783,#7784);
#7782 = CARTESIAN_POINT('',(-4.762768775266,1.902457142857,
    18.779828571429));
#7783 = DIRECTION('',(0.,-0.947648212829,-0.319316245627));
#7784 = DIRECTION('',(0.,-0.319316245627,0.947648212829));
#7785 = ADVANCED_FACE('',(#7786),#7804,.T.);
#7786 = FACE_BOUND('',#7787,.T.);
#7787 = EDGE_LOOP('',(#7788,#7789,#7790,#7798));
#7788 = ORIENTED_EDGE('',*,*,#1507,.T.);
#7789 = ORIENTED_EDGE('',*,*,#7775,.T.);
#7790 = ORIENTED_EDGE('',*,*,#7791,.T.);
#7791 = EDGE_CURVE('',#7768,#7792,#7794,.T.);
#7792 = VERTEX_POINT('',#7793);
#7793 = CARTESIAN_POINT('',(-4.162768775266,1.873857142857,
    18.848171428571));
#7794 = LINE('',#7795,#7796);
#7795 = CARTESIAN_POINT('',(-4.162768775266,1.890942857143,18.814));
#7796 = VECTOR('',#7797,1.);
#7797 = DIRECTION('',(0.,-0.4472135955,0.894427191));
#7798 = ORIENTED_EDGE('',*,*,#7799,.F.);
#7799 = EDGE_CURVE('',#1500,#7792,#7800,.T.);
#7800 = LINE('',#7801,#7802);
#7801 = CARTESIAN_POINT('',(-4.762768775266,1.873857142857,
    18.848171428571));
#7802 = VECTOR('',#7803,1.);
#7803 = DIRECTION('',(1.,0.,0.));
#7804 = PLANE('',#7805);
#7805 = AXIS2_PLACEMENT_3D('',#7806,#7807,#7808);
#7806 = CARTESIAN_POINT('',(-4.762768775266,1.890942857143,18.814));
#7807 = DIRECTION('',(0.,-0.894427191,-0.4472135955));
#7808 = DIRECTION('',(0.,-0.4472135955,0.894427191));
#7809 = ADVANCED_FACE('',(#7810),#7828,.T.);
#7810 = FACE_BOUND('',#7811,.T.);
#7811 = EDGE_LOOP('',(#7812,#7813,#7814,#7822));
#7812 = ORIENTED_EDGE('',*,*,#1499,.T.);
#7813 = ORIENTED_EDGE('',*,*,#7799,.T.);
#7814 = ORIENTED_EDGE('',*,*,#7815,.T.);
#7815 = EDGE_CURVE('',#7792,#7816,#7818,.T.);
#7816 = VERTEX_POINT('',#7817);
#7817 = CARTESIAN_POINT('',(-4.162768775266,1.851014285714,
    18.871014285714));
#7818 = LINE('',#7819,#7820);
#7819 = CARTESIAN_POINT('',(-4.162768775266,1.873857142857,
    18.848171428571));
#7820 = VECTOR('',#7821,1.);
#7821 = DIRECTION('',(0.,-0.707106781187,0.707106781187));
#7822 = ORIENTED_EDGE('',*,*,#7823,.F.);
#7823 = EDGE_CURVE('',#1492,#7816,#7824,.T.);
#7824 = LINE('',#7825,#7826);
#7825 = CARTESIAN_POINT('',(-4.762768775266,1.851014285714,
    18.871014285714));
#7826 = VECTOR('',#7827,1.);
#7827 = DIRECTION('',(1.,0.,0.));
#7828 = PLANE('',#7829);
#7829 = AXIS2_PLACEMENT_3D('',#7830,#7831,#7832);
#7830 = CARTESIAN_POINT('',(-4.762768775266,1.873857142857,
    18.848171428571));
#7831 = DIRECTION('',(0.,-0.707106781187,-0.707106781187));
#7832 = DIRECTION('',(0.,-0.707106781187,0.707106781187));
#7833 = ADVANCED_FACE('',(#7834),#7852,.T.);
#7834 = FACE_BOUND('',#7835,.T.);
#7835 = EDGE_LOOP('',(#7836,#7837,#7838,#7846));
#7836 = ORIENTED_EDGE('',*,*,#1491,.T.);
#7837 = ORIENTED_EDGE('',*,*,#7823,.T.);
#7838 = ORIENTED_EDGE('',*,*,#7839,.T.);
#7839 = EDGE_CURVE('',#7816,#7840,#7842,.T.);
#7840 = VERTEX_POINT('',#7841);
#7841 = CARTESIAN_POINT('',(-4.162768775266,1.8226,18.899614285714));
#7842 = LINE('',#7843,#7844);
#7843 = CARTESIAN_POINT('',(-4.162768775266,1.851014285714,
    18.871014285714));
#7844 = VECTOR('',#7845,1.);
#7845 = DIRECTION('',(0.,-0.704799762748,0.709406297146));
#7846 = ORIENTED_EDGE('',*,*,#7847,.F.);
#7847 = EDGE_CURVE('',#1484,#7840,#7848,.T.);
#7848 = LINE('',#7849,#7850);
#7849 = CARTESIAN_POINT('',(-4.762768775266,1.8226,18.899614285714));
#7850 = VECTOR('',#7851,1.);
#7851 = DIRECTION('',(1.,0.,0.));
#7852 = PLANE('',#7853);
#7853 = AXIS2_PLACEMENT_3D('',#7854,#7855,#7856);
#7854 = CARTESIAN_POINT('',(-4.762768775266,1.851014285714,
    18.871014285714));
#7855 = DIRECTION('',(0.,-0.709406297146,-0.704799762748));
#7856 = DIRECTION('',(0.,-0.704799762748,0.709406297146));
#7857 = ADVANCED_FACE('',(#7858),#7876,.T.);
#7858 = FACE_BOUND('',#7859,.T.);
#7859 = EDGE_LOOP('',(#7860,#7861,#7862,#7870));
#7860 = ORIENTED_EDGE('',*,*,#1483,.T.);
#7861 = ORIENTED_EDGE('',*,*,#7847,.T.);
#7862 = ORIENTED_EDGE('',*,*,#7863,.T.);
#7863 = EDGE_CURVE('',#7840,#7864,#7866,.T.);
#7864 = VERTEX_POINT('',#7865);
#7865 = CARTESIAN_POINT('',(-4.162768775266,1.799757142857,
    18.922457142857));
#7866 = LINE('',#7867,#7868);
#7867 = CARTESIAN_POINT('',(-4.162768775266,1.8226,18.899614285714));
#7868 = VECTOR('',#7869,1.);
#7869 = DIRECTION('',(0.,-0.707106781187,0.707106781187));
#7870 = ORIENTED_EDGE('',*,*,#7871,.F.);
#7871 = EDGE_CURVE('',#1476,#7864,#7872,.T.);
#7872 = LINE('',#7873,#7874);
#7873 = CARTESIAN_POINT('',(-4.762768775266,1.799757142857,
    18.922457142857));
#7874 = VECTOR('',#7875,1.);
#7875 = DIRECTION('',(1.,0.,0.));
#7876 = PLANE('',#7877);
#7877 = AXIS2_PLACEMENT_3D('',#7878,#7879,#7880);
#7878 = CARTESIAN_POINT('',(-4.762768775266,1.8226,18.899614285714));
#7879 = DIRECTION('',(0.,-0.707106781187,-0.707106781187));
#7880 = DIRECTION('',(0.,-0.707106781187,0.707106781187));
#7881 = ADVANCED_FACE('',(#7882),#7900,.T.);
#7882 = FACE_BOUND('',#7883,.T.);
#7883 = EDGE_LOOP('',(#7884,#7885,#7886,#7894));
#7884 = ORIENTED_EDGE('',*,*,#1475,.T.);
#7885 = ORIENTED_EDGE('',*,*,#7871,.T.);
#7886 = ORIENTED_EDGE('',*,*,#7887,.T.);
#7887 = EDGE_CURVE('',#7864,#7888,#7890,.T.);
#7888 = VERTEX_POINT('',#7889);
#7889 = CARTESIAN_POINT('',(-4.162768775266,1.765585714286,
    18.945114285714));
#7890 = LINE('',#7891,#7892);
#7891 = CARTESIAN_POINT('',(-4.162768775266,1.799757142857,
    18.922457142857));
#7892 = VECTOR('',#7893,1.);
#7893 = DIRECTION('',(0.,-0.833441382682,0.5526078733));
#7894 = ORIENTED_EDGE('',*,*,#7895,.F.);
#7895 = EDGE_CURVE('',#1468,#7888,#7896,.T.);
#7896 = LINE('',#7897,#7898);
#7897 = CARTESIAN_POINT('',(-4.762768775266,1.765585714286,
    18.945114285714));
#7898 = VECTOR('',#7899,1.);
#7899 = DIRECTION('',(1.,0.,0.));
#7900 = PLANE('',#7901);
#7901 = AXIS2_PLACEMENT_3D('',#7902,#7903,#7904);
#7902 = CARTESIAN_POINT('',(-4.762768775266,1.799757142857,
    18.922457142857));
#7903 = DIRECTION('',(0.,-0.5526078733,-0.833441382682));
#7904 = DIRECTION('',(0.,-0.833441382682,0.5526078733));
#7905 = ADVANCED_FACE('',(#7906),#7924,.T.);
#7906 = FACE_BOUND('',#7907,.T.);
#7907 = EDGE_LOOP('',(#7908,#7909,#7910,#7918));
#7908 = ORIENTED_EDGE('',*,*,#1467,.T.);
#7909 = ORIENTED_EDGE('',*,*,#7895,.T.);
#7910 = ORIENTED_EDGE('',*,*,#7911,.T.);
#7911 = EDGE_CURVE('',#7888,#7912,#7914,.T.);
#7912 = VERTEX_POINT('',#7913);
#7913 = CARTESIAN_POINT('',(-4.162768775266,1.731228571429,
    18.956628571429));
#7914 = LINE('',#7915,#7916);
#7915 = CARTESIAN_POINT('',(-4.162768775266,1.765585714286,
    18.945114285714));
#7916 = VECTOR('',#7917,1.);
#7917 = DIRECTION('',(0.,-0.948169527976,0.317764922889));
#7918 = ORIENTED_EDGE('',*,*,#7919,.F.);
#7919 = EDGE_CURVE('',#1460,#7912,#7920,.T.);
#7920 = LINE('',#7921,#7922);
#7921 = CARTESIAN_POINT('',(-4.762768775266,1.731228571429,
    18.956628571429));
#7922 = VECTOR('',#7923,1.);
#7923 = DIRECTION('',(1.,0.,0.));
#7924 = PLANE('',#7925);
#7925 = AXIS2_PLACEMENT_3D('',#7926,#7927,#7928);
#7926 = CARTESIAN_POINT('',(-4.762768775266,1.765585714286,
    18.945114285714));
#7927 = DIRECTION('',(0.,-0.317764922889,-0.948169527976));
#7928 = DIRECTION('',(0.,-0.948169527976,0.317764922889));
#7929 = ADVANCED_FACE('',(#7930),#7948,.T.);
#7930 = FACE_BOUND('',#7931,.T.);
#7931 = EDGE_LOOP('',(#7932,#7933,#7934,#7942));
#7932 = ORIENTED_EDGE('',*,*,#1459,.T.);
#7933 = ORIENTED_EDGE('',*,*,#7919,.T.);
#7934 = ORIENTED_EDGE('',*,*,#7935,.T.);
#7935 = EDGE_CURVE('',#7912,#7936,#7938,.T.);
#7936 = VERTEX_POINT('',#7937);
#7937 = CARTESIAN_POINT('',(-4.162768775266,1.685542857143,
    18.967957142857));
#7938 = LINE('',#7939,#7940);
#7939 = CARTESIAN_POINT('',(-4.162768775266,1.731228571429,
    18.956628571429));
#7940 = VECTOR('',#7941,1.);
#7941 = DIRECTION('',(0.,-0.970604905537,0.240678452186));
#7942 = ORIENTED_EDGE('',*,*,#7943,.F.);
#7943 = EDGE_CURVE('',#1452,#7936,#7944,.T.);
#7944 = LINE('',#7945,#7946);
#7945 = CARTESIAN_POINT('',(-4.762768775266,1.685542857143,
    18.967957142857));
#7946 = VECTOR('',#7947,1.);
#7947 = DIRECTION('',(1.,0.,0.));
#7948 = PLANE('',#7949);
#7949 = AXIS2_PLACEMENT_3D('',#7950,#7951,#7952);
#7950 = CARTESIAN_POINT('',(-4.762768775266,1.731228571429,
    18.956628571429));
#7951 = DIRECTION('',(0.,-0.240678452186,-0.970604905537));
#7952 = DIRECTION('',(0.,-0.970604905537,0.240678452186));
#7953 = ADVANCED_FACE('',(#7954),#7972,.T.);
#7954 = FACE_BOUND('',#7955,.T.);
#7955 = EDGE_LOOP('',(#7956,#7957,#7958,#7966));
#7956 = ORIENTED_EDGE('',*,*,#1451,.T.);
#7957 = ORIENTED_EDGE('',*,*,#7943,.T.);
#7958 = ORIENTED_EDGE('',*,*,#7959,.T.);
#7959 = EDGE_CURVE('',#7936,#7960,#7962,.T.);
#7960 = VERTEX_POINT('',#7961);
#7961 = CARTESIAN_POINT('',(-4.162768775266,1.640042857143,
    18.973714285714));
#7962 = LINE('',#7963,#7964);
#7963 = CARTESIAN_POINT('',(-4.162768775266,1.685542857143,
    18.967957142857));
#7964 = VECTOR('',#7965,1.);
#7965 = DIRECTION('',(0.,-0.992089857379,0.125529737056));
#7966 = ORIENTED_EDGE('',*,*,#7967,.F.);
#7967 = EDGE_CURVE('',#1444,#7960,#7968,.T.);
#7968 = LINE('',#7969,#7970);
#7969 = CARTESIAN_POINT('',(-4.762768775266,1.640042857143,
    18.973714285714));
#7970 = VECTOR('',#7971,1.);
#7971 = DIRECTION('',(1.,0.,0.));
#7972 = PLANE('',#7973);
#7973 = AXIS2_PLACEMENT_3D('',#7974,#7975,#7976);
#7974 = CARTESIAN_POINT('',(-4.762768775266,1.685542857143,
    18.967957142857));
#7975 = DIRECTION('',(0.,-0.125529737056,-0.992089857379));
#7976 = DIRECTION('',(0.,-0.992089857379,0.125529737056));
#7977 = ADVANCED_FACE('',(#7978),#7996,.T.);
#7978 = FACE_BOUND('',#7979,.T.);
#7979 = EDGE_LOOP('',(#7980,#7981,#7982,#7990));
#7980 = ORIENTED_EDGE('',*,*,#1443,.T.);
#7981 = ORIENTED_EDGE('',*,*,#7967,.T.);
#7982 = ORIENTED_EDGE('',*,*,#7983,.T.);
#7983 = EDGE_CURVE('',#7960,#7984,#7986,.T.);
#7984 = VERTEX_POINT('',#7985);
#7985 = CARTESIAN_POINT('',(-4.162768775266,0.493257142857,
    18.973714285714));
#7986 = LINE('',#7987,#7988);
#7987 = CARTESIAN_POINT('',(-4.162768775266,1.640042857143,
    18.973714285714));
#7988 = VECTOR('',#7989,1.);
#7989 = DIRECTION('',(0.,-1.,0.));
#7990 = ORIENTED_EDGE('',*,*,#7991,.F.);
#7991 = EDGE_CURVE('',#1436,#7984,#7992,.T.);
#7992 = LINE('',#7993,#7994);
#7993 = CARTESIAN_POINT('',(-4.762768775266,0.493257142857,
    18.973714285714));
#7994 = VECTOR('',#7995,1.);
#7995 = DIRECTION('',(1.,0.,0.));
#7996 = PLANE('',#7997);
#7997 = AXIS2_PLACEMENT_3D('',#7998,#7999,#8000);
#7998 = CARTESIAN_POINT('',(-4.762768775266,1.640042857143,
    18.973714285714));
#7999 = DIRECTION('',(0.,0.,-1.));
#8000 = DIRECTION('',(0.,-1.,0.));
#8001 = ADVANCED_FACE('',(#8002),#8020,.T.);
#8002 = FACE_BOUND('',#8003,.T.);
#8003 = EDGE_LOOP('',(#8004,#8005,#8006,#8014));
#8004 = ORIENTED_EDGE('',*,*,#1435,.T.);
#8005 = ORIENTED_EDGE('',*,*,#7991,.T.);
#8006 = ORIENTED_EDGE('',*,*,#8007,.T.);
#8007 = EDGE_CURVE('',#7984,#8008,#8010,.T.);
#8008 = VERTEX_POINT('',#8009);
#8009 = CARTESIAN_POINT('',(-4.162768775266,0.493257142857,
    20.114742857143));
#8010 = LINE('',#8011,#8012);
#8011 = CARTESIAN_POINT('',(-4.162768775266,0.493257142857,
    18.973714285714));
#8012 = VECTOR('',#8013,1.);
#8013 = DIRECTION('',(0.,0.,1.));
#8014 = ORIENTED_EDGE('',*,*,#8015,.F.);
#8015 = EDGE_CURVE('',#1428,#8008,#8016,.T.);
#8016 = LINE('',#8017,#8018);
#8017 = CARTESIAN_POINT('',(-4.762768775266,0.493257142857,
    20.114742857143));
#8018 = VECTOR('',#8019,1.);
#8019 = DIRECTION('',(1.,0.,0.));
#8020 = PLANE('',#8021);
#8021 = AXIS2_PLACEMENT_3D('',#8022,#8023,#8024);
#8022 = CARTESIAN_POINT('',(-4.762768775266,0.493257142857,
    18.973714285714));
#8023 = DIRECTION('',(0.,-1.,0.));
#8024 = DIRECTION('',(0.,0.,1.));
#8025 = ADVANCED_FACE('',(#8026),#8044,.T.);
#8026 = FACE_BOUND('',#8027,.T.);
#8027 = EDGE_LOOP('',(#8028,#8029,#8030,#8038));
#8028 = ORIENTED_EDGE('',*,*,#1427,.T.);
#8029 = ORIENTED_EDGE('',*,*,#8015,.T.);
#8030 = ORIENTED_EDGE('',*,*,#8031,.T.);
#8031 = EDGE_CURVE('',#8008,#8032,#8034,.T.);
#8032 = VERTEX_POINT('',#8033);
#8033 = CARTESIAN_POINT('',(-4.162768775266,1.788242857143,
    20.114742857143));
#8034 = LINE('',#8035,#8036);
#8035 = CARTESIAN_POINT('',(-4.162768775266,0.493257142857,
    20.114742857143));
#8036 = VECTOR('',#8037,1.);
#8037 = DIRECTION('',(0.,1.,0.));
#8038 = ORIENTED_EDGE('',*,*,#8039,.F.);
#8039 = EDGE_CURVE('',#1420,#8032,#8040,.T.);
#8040 = LINE('',#8041,#8042);
#8041 = CARTESIAN_POINT('',(-4.762768775266,1.788242857143,
    20.114742857143));
#8042 = VECTOR('',#8043,1.);
#8043 = DIRECTION('',(1.,0.,0.));
#8044 = PLANE('',#8045);
#8045 = AXIS2_PLACEMENT_3D('',#8046,#8047,#8048);
#8046 = CARTESIAN_POINT('',(-4.762768775266,0.493257142857,
    20.114742857143));
#8047 = DIRECTION('',(0.,0.,1.));
#8048 = DIRECTION('',(0.,1.,0.));
#8049 = ADVANCED_FACE('',(#8050),#8068,.T.);
#8050 = FACE_BOUND('',#8051,.T.);
#8051 = EDGE_LOOP('',(#8052,#8053,#8054,#8062));
#8052 = ORIENTED_EDGE('',*,*,#1419,.T.);
#8053 = ORIENTED_EDGE('',*,*,#8039,.T.);
#8054 = ORIENTED_EDGE('',*,*,#8055,.T.);
#8055 = EDGE_CURVE('',#8032,#8056,#8058,.T.);
#8056 = VERTEX_POINT('',#8057);
#8057 = CARTESIAN_POINT('',(-4.162768775266,1.816842857143,20.1205));
#8058 = LINE('',#8059,#8060);
#8059 = CARTESIAN_POINT('',(-4.162768775266,1.788242857143,
    20.114742857143));
#8060 = VECTOR('',#8061,1.);
#8061 = DIRECTION('',(0.,0.980335072596,0.197340176951));
#8062 = ORIENTED_EDGE('',*,*,#8063,.F.);
#8063 = EDGE_CURVE('',#1412,#8056,#8064,.T.);
#8064 = LINE('',#8065,#8066);
#8065 = CARTESIAN_POINT('',(-4.762768775266,1.816842857143,20.1205));
#8066 = VECTOR('',#8067,1.);
#8067 = DIRECTION('',(1.,0.,0.));
#8068 = PLANE('',#8069);
#8069 = AXIS2_PLACEMENT_3D('',#8070,#8071,#8072);
#8070 = CARTESIAN_POINT('',(-4.762768775266,1.788242857143,
    20.114742857143));
#8071 = DIRECTION('',(0.,-0.197340176951,0.980335072596));
#8072 = DIRECTION('',(0.,0.980335072596,0.197340176951));
#8073 = ADVANCED_FACE('',(#8074),#8092,.T.);
#8074 = FACE_BOUND('',#8075,.T.);
#8075 = EDGE_LOOP('',(#8076,#8077,#8078,#8086));
#8076 = ORIENTED_EDGE('',*,*,#1411,.T.);
#8077 = ORIENTED_EDGE('',*,*,#8063,.T.);
#8078 = ORIENTED_EDGE('',*,*,#8079,.T.);
#8079 = EDGE_CURVE('',#8056,#8080,#8082,.T.);
#8080 = VERTEX_POINT('',#8081);
#8081 = CARTESIAN_POINT('',(-4.162768775266,1.839685714286,
    20.131828571429));
#8082 = LINE('',#8083,#8084);
#8083 = CARTESIAN_POINT('',(-4.162768775266,1.816842857143,20.1205));
#8084 = VECTOR('',#8085,1.);
#8085 = DIRECTION('',(0.,0.895879160097,0.444297794845));
#8086 = ORIENTED_EDGE('',*,*,#8087,.F.);
#8087 = EDGE_CURVE('',#1404,#8080,#8088,.T.);
#8088 = LINE('',#8089,#8090);
#8089 = CARTESIAN_POINT('',(-4.762768775266,1.839685714286,
    20.131828571429));
#8090 = VECTOR('',#8091,1.);
#8091 = DIRECTION('',(1.,0.,0.));
#8092 = PLANE('',#8093);
#8093 = AXIS2_PLACEMENT_3D('',#8094,#8095,#8096);
#8094 = CARTESIAN_POINT('',(-4.762768775266,1.816842857143,20.1205));
#8095 = DIRECTION('',(0.,-0.444297794845,0.895879160097));
#8096 = DIRECTION('',(0.,0.895879160097,0.444297794845));
#8097 = ADVANCED_FACE('',(#8098),#8116,.T.);
#8098 = FACE_BOUND('',#8099,.T.);
#8099 = EDGE_LOOP('',(#8100,#8101,#8102,#8110));
#8100 = ORIENTED_EDGE('',*,*,#1403,.T.);
#8101 = ORIENTED_EDGE('',*,*,#8087,.T.);
#8102 = ORIENTED_EDGE('',*,*,#8103,.T.);
#8103 = EDGE_CURVE('',#8080,#8104,#8106,.T.);
#8104 = VERTEX_POINT('',#8105);
#8105 = CARTESIAN_POINT('',(-4.162768775266,1.862528571429,
    20.143342857143));
#8106 = LINE('',#8107,#8108);
#8107 = CARTESIAN_POINT('',(-4.162768775266,1.839685714286,
    20.131828571429));
#8108 = VECTOR('',#8109,1.);
#8109 = DIRECTION('',(0.,0.892970492237,0.450115207469));
#8110 = ORIENTED_EDGE('',*,*,#8111,.F.);
#8111 = EDGE_CURVE('',#1396,#8104,#8112,.T.);
#8112 = LINE('',#8113,#8114);
#8113 = CARTESIAN_POINT('',(-4.762768775266,1.862528571429,
    20.143342857143));
#8114 = VECTOR('',#8115,1.);
#8115 = DIRECTION('',(1.,0.,0.));
#8116 = PLANE('',#8117);
#8117 = AXIS2_PLACEMENT_3D('',#8118,#8119,#8120);
#8118 = CARTESIAN_POINT('',(-4.762768775266,1.839685714286,
    20.131828571429));
#8119 = DIRECTION('',(0.,-0.450115207469,0.892970492237));
#8120 = DIRECTION('',(0.,0.892970492237,0.450115207469));
#8121 = ADVANCED_FACE('',(#8122),#8140,.T.);
#8122 = FACE_BOUND('',#8123,.T.);
#8123 = EDGE_LOOP('',(#8124,#8125,#8126,#8134));
#8124 = ORIENTED_EDGE('',*,*,#1395,.T.);
#8125 = ORIENTED_EDGE('',*,*,#8111,.T.);
#8126 = ORIENTED_EDGE('',*,*,#8127,.T.);
#8127 = EDGE_CURVE('',#8104,#8128,#8130,.T.);
#8128 = VERTEX_POINT('',#8129);
#8129 = CARTESIAN_POINT('',(-4.162768775266,1.885371428571,
    20.160428571429));
#8130 = LINE('',#8131,#8132);
#8131 = CARTESIAN_POINT('',(-4.162768775266,1.862528571429,
    20.143342857143));
#8132 = VECTOR('',#8133,1.);
#8133 = DIRECTION('',(0.,0.80078057117,0.598957825591));
#8134 = ORIENTED_EDGE('',*,*,#8135,.F.);
#8135 = EDGE_CURVE('',#1388,#8128,#8136,.T.);
#8136 = LINE('',#8137,#8138);
#8137 = CARTESIAN_POINT('',(-4.762768775266,1.885371428571,
    20.160428571429));
#8138 = VECTOR('',#8139,1.);
#8139 = DIRECTION('',(1.,0.,0.));
#8140 = PLANE('',#8141);
#8141 = AXIS2_PLACEMENT_3D('',#8142,#8143,#8144);
#8142 = CARTESIAN_POINT('',(-4.762768775266,1.862528571429,
    20.143342857143));
#8143 = DIRECTION('',(0.,-0.598957825591,0.80078057117));
#8144 = DIRECTION('',(0.,0.80078057117,0.598957825591));
#8145 = ADVANCED_FACE('',(#8146),#8164,.T.);
#8146 = FACE_BOUND('',#8147,.T.);
#8147 = EDGE_LOOP('',(#8148,#8149,#8150,#8158));
#8148 = ORIENTED_EDGE('',*,*,#1387,.T.);
#8149 = ORIENTED_EDGE('',*,*,#8135,.T.);
#8150 = ORIENTED_EDGE('',*,*,#8151,.T.);
#8151 = EDGE_CURVE('',#8128,#8152,#8154,.T.);
#8152 = VERTEX_POINT('',#8153);
#8153 = CARTESIAN_POINT('',(-4.162768775266,1.8967,20.183271428571));
#8154 = LINE('',#8155,#8156);
#8155 = CARTESIAN_POINT('',(-4.162768775266,1.885371428571,
    20.160428571429));
#8156 = VECTOR('',#8157,1.);
#8157 = DIRECTION('',(0.,0.444297794845,0.895879160097));
#8158 = ORIENTED_EDGE('',*,*,#8159,.F.);
#8159 = EDGE_CURVE('',#1380,#8152,#8160,.T.);
#8160 = LINE('',#8161,#8162);
#8161 = CARTESIAN_POINT('',(-4.762768775266,1.8967,20.183271428571));
#8162 = VECTOR('',#8163,1.);
#8163 = DIRECTION('',(1.,0.,0.));
#8164 = PLANE('',#8165);
#8165 = AXIS2_PLACEMENT_3D('',#8166,#8167,#8168);
#8166 = CARTESIAN_POINT('',(-4.762768775266,1.885371428571,
    20.160428571429));
#8167 = DIRECTION('',(0.,-0.895879160097,0.444297794845));
#8168 = DIRECTION('',(0.,0.444297794845,0.895879160097));
#8169 = ADVANCED_FACE('',(#8170),#8188,.T.);
#8170 = FACE_BOUND('',#8171,.T.);
#8171 = EDGE_LOOP('',(#8172,#8173,#8174,#8182));
#8172 = ORIENTED_EDGE('',*,*,#1379,.T.);
#8173 = ORIENTED_EDGE('',*,*,#8159,.T.);
#8174 = ORIENTED_EDGE('',*,*,#8175,.T.);
#8175 = EDGE_CURVE('',#8152,#8176,#8178,.T.);
#8176 = VERTEX_POINT('',#8177);
#8177 = CARTESIAN_POINT('',(-4.162768775266,1.908214285714,
    20.206114285714));
#8178 = LINE('',#8179,#8180);
#8179 = CARTESIAN_POINT('',(-4.162768775266,1.8967,20.183271428571));
#8180 = VECTOR('',#8181,1.);
#8181 = DIRECTION('',(0.,0.450115207469,0.892970492237));
#8182 = ORIENTED_EDGE('',*,*,#8183,.F.);
#8183 = EDGE_CURVE('',#1372,#8176,#8184,.T.);
#8184 = LINE('',#8185,#8186);
#8185 = CARTESIAN_POINT('',(-4.762768775266,1.908214285714,
    20.206114285714));
#8186 = VECTOR('',#8187,1.);
#8187 = DIRECTION('',(1.,0.,0.));
#8188 = PLANE('',#8189);
#8189 = AXIS2_PLACEMENT_3D('',#8190,#8191,#8192);
#8190 = CARTESIAN_POINT('',(-4.762768775266,1.8967,20.183271428571));
#8191 = DIRECTION('',(0.,-0.892970492237,0.450115207469));
#8192 = DIRECTION('',(0.,0.450115207469,0.892970492237));
#8193 = ADVANCED_FACE('',(#8194),#8212,.T.);
#8194 = FACE_BOUND('',#8195,.T.);
#8195 = EDGE_LOOP('',(#8196,#8197,#8198,#8206));
#8196 = ORIENTED_EDGE('',*,*,#1371,.T.);
#8197 = ORIENTED_EDGE('',*,*,#8183,.T.);
#8198 = ORIENTED_EDGE('',*,*,#8199,.T.);
#8199 = EDGE_CURVE('',#8176,#8200,#8202,.T.);
#8200 = VERTEX_POINT('',#8201);
#8201 = CARTESIAN_POINT('',(-4.162768775266,1.919542857143,
    20.228771428571));
#8202 = LINE('',#8203,#8204);
#8203 = CARTESIAN_POINT('',(-4.162768775266,1.908214285714,
    20.206114285714));
#8204 = VECTOR('',#8205,1.);
#8205 = DIRECTION('',(0.,0.4472135955,0.894427191));
#8206 = ORIENTED_EDGE('',*,*,#8207,.F.);
#8207 = EDGE_CURVE('',#1364,#8200,#8208,.T.);
#8208 = LINE('',#8209,#8210);
#8209 = CARTESIAN_POINT('',(-4.762768775266,1.919542857143,
    20.228771428571));
#8210 = VECTOR('',#8211,1.);
#8211 = DIRECTION('',(1.,0.,0.));
#8212 = PLANE('',#8213);
#8213 = AXIS2_PLACEMENT_3D('',#8214,#8215,#8216);
#8214 = CARTESIAN_POINT('',(-4.762768775266,1.908214285714,
    20.206114285714));
#8215 = DIRECTION('',(0.,-0.894427191,0.4472135955));
#8216 = DIRECTION('',(0.,0.4472135955,0.894427191));
#8217 = ADVANCED_FACE('',(#8218),#8243,.T.);
#8218 = FACE_BOUND('',#8219,.T.);
#8219 = EDGE_LOOP('',(#8220,#8221,#8229,#8237));
#8220 = ORIENTED_EDGE('',*,*,#2067,.T.);
#8221 = ORIENTED_EDGE('',*,*,#8222,.T.);
#8222 = EDGE_CURVE('',#2070,#8223,#8225,.T.);
#8223 = VERTEX_POINT('',#8224);
#8224 = CARTESIAN_POINT('',(-4.162768775266,-1.634285714286,
    22.258442857143));
#8225 = LINE('',#8226,#8227);
#8226 = CARTESIAN_POINT('',(-4.762768775266,-1.634285714286,
    22.258442857143));
#8227 = VECTOR('',#8228,1.);
#8228 = DIRECTION('',(1.,0.,0.));
#8229 = ORIENTED_EDGE('',*,*,#8230,.T.);
#8230 = EDGE_CURVE('',#8223,#8231,#8233,.T.);
#8231 = VERTEX_POINT('',#8232);
#8232 = CARTESIAN_POINT('',(-4.162768775266,-1.640042857143,
    22.287414285714));
#8233 = LINE('',#8234,#8235);
#8234 = CARTESIAN_POINT('',(-4.162768775266,-1.634285714286,
    22.258442857143));
#8235 = VECTOR('',#8236,1.);
#8236 = DIRECTION('',(0.,-0.19490688626,0.980821750212));
#8237 = ORIENTED_EDGE('',*,*,#8238,.F.);
#8238 = EDGE_CURVE('',#2068,#8231,#8239,.T.);
#8239 = LINE('',#8240,#8241);
#8240 = CARTESIAN_POINT('',(-4.762768775266,-1.640042857143,
    22.287414285714));
#8241 = VECTOR('',#8242,1.);
#8242 = DIRECTION('',(1.,0.,0.));
#8243 = PLANE('',#8244);
#8244 = AXIS2_PLACEMENT_3D('',#8245,#8246,#8247);
#8245 = CARTESIAN_POINT('',(-4.762768775266,-1.634285714286,
    22.258442857143));
#8246 = DIRECTION('',(0.,-0.980821750212,-0.19490688626));
#8247 = DIRECTION('',(0.,-0.19490688626,0.980821750212));
#8248 = ADVANCED_FACE('',(#8249),#8267,.T.);
#8249 = FACE_BOUND('',#8250,.T.);
#8250 = EDGE_LOOP('',(#8251,#8252,#8253,#8261));
#8251 = ORIENTED_EDGE('',*,*,#2525,.T.);
#8252 = ORIENTED_EDGE('',*,*,#8238,.T.);
#8253 = ORIENTED_EDGE('',*,*,#8254,.T.);
#8254 = EDGE_CURVE('',#8231,#8255,#8257,.T.);
#8255 = VERTEX_POINT('',#8256);
#8256 = CARTESIAN_POINT('',(-4.162768775266,-1.645614285714,
    22.321957142857));
#8257 = LINE('',#8258,#8259);
#8258 = CARTESIAN_POINT('',(-4.162768775266,-1.640042857143,
    22.287414285714));
#8259 = VECTOR('',#8260,1.);
#8260 = DIRECTION('',(0.,-0.159232438825,0.987241120713));
#8261 = ORIENTED_EDGE('',*,*,#8262,.F.);
#8262 = EDGE_CURVE('',#2518,#8255,#8263,.T.);
#8263 = LINE('',#8264,#8265);
#8264 = CARTESIAN_POINT('',(-4.762768775266,-1.645614285714,
    22.321957142857));
#8265 = VECTOR('',#8266,1.);
#8266 = DIRECTION('',(1.,0.,0.));
#8267 = PLANE('',#8268);
#8268 = AXIS2_PLACEMENT_3D('',#8269,#8270,#8271);
#8269 = CARTESIAN_POINT('',(-4.762768775266,-1.640042857143,
    22.287414285714));
#8270 = DIRECTION('',(0.,-0.987241120713,-0.159232438825));
#8271 = DIRECTION('',(0.,-0.159232438825,0.987241120713));
#8272 = ADVANCED_FACE('',(#8273),#8291,.T.);
#8273 = FACE_BOUND('',#8274,.T.);
#8274 = EDGE_LOOP('',(#8275,#8276,#8277,#8285));
#8275 = ORIENTED_EDGE('',*,*,#2517,.T.);
#8276 = ORIENTED_EDGE('',*,*,#8262,.T.);
#8277 = ORIENTED_EDGE('',*,*,#8278,.T.);
#8278 = EDGE_CURVE('',#8255,#8279,#8281,.T.);
#8279 = VERTEX_POINT('',#8280);
#8280 = CARTESIAN_POINT('',(-4.162768775266,-1.657128571429,
    22.333285714286));
#8281 = LINE('',#8282,#8283);
#8282 = CARTESIAN_POINT('',(-4.162768775266,-1.645614285714,
    22.321957142857));
#8283 = VECTOR('',#8284,1.);
#8284 = DIRECTION('',(0.,-0.712832058729,0.70133476746));
#8285 = ORIENTED_EDGE('',*,*,#8286,.F.);
#8286 = EDGE_CURVE('',#2510,#8279,#8287,.T.);
#8287 = LINE('',#8288,#8289);
#8288 = CARTESIAN_POINT('',(-4.762768775266,-1.657128571429,
    22.333285714286));
#8289 = VECTOR('',#8290,1.);
#8290 = DIRECTION('',(1.,0.,0.));
#8291 = PLANE('',#8292);
#8292 = AXIS2_PLACEMENT_3D('',#8293,#8294,#8295);
#8293 = CARTESIAN_POINT('',(-4.762768775266,-1.645614285714,
    22.321957142857));
#8294 = DIRECTION('',(0.,-0.70133476746,-0.712832058729));
#8295 = DIRECTION('',(0.,-0.712832058729,0.70133476746));
#8296 = ADVANCED_FACE('',(#8297),#8315,.T.);
#8297 = FACE_BOUND('',#8298,.T.);
#8298 = EDGE_LOOP('',(#8299,#8300,#8301,#8309));
#8299 = ORIENTED_EDGE('',*,*,#2509,.T.);
#8300 = ORIENTED_EDGE('',*,*,#8286,.T.);
#8301 = ORIENTED_EDGE('',*,*,#8302,.T.);
#8302 = EDGE_CURVE('',#8279,#8303,#8305,.T.);
#8303 = VERTEX_POINT('',#8304);
#8304 = CARTESIAN_POINT('',(-4.162768775266,-1.668457142857,
    22.350742857143));
#8305 = LINE('',#8306,#8307);
#8306 = CARTESIAN_POINT('',(-4.162768775266,-1.657128571429,
    22.333285714286));
#8307 = VECTOR('',#8308,1.);
#8308 = DIRECTION('',(0.,-0.544360855445,0.838851154293));
#8309 = ORIENTED_EDGE('',*,*,#8310,.F.);
#8310 = EDGE_CURVE('',#2502,#8303,#8311,.T.);
#8311 = LINE('',#8312,#8313);
#8312 = CARTESIAN_POINT('',(-4.762768775266,-1.668457142857,
    22.350742857143));
#8313 = VECTOR('',#8314,1.);
#8314 = DIRECTION('',(1.,0.,0.));
#8315 = PLANE('',#8316);
#8316 = AXIS2_PLACEMENT_3D('',#8317,#8318,#8319);
#8317 = CARTESIAN_POINT('',(-4.762768775266,-1.657128571429,
    22.333285714286));
#8318 = DIRECTION('',(0.,-0.838851154293,-0.544360855445));
#8319 = DIRECTION('',(0.,-0.544360855445,0.838851154293));
#8320 = ADVANCED_FACE('',(#8321),#8339,.T.);
#8321 = FACE_BOUND('',#8322,.T.);
#8322 = EDGE_LOOP('',(#8323,#8324,#8325,#8333));
#8323 = ORIENTED_EDGE('',*,*,#2501,.T.);
#8324 = ORIENTED_EDGE('',*,*,#8310,.T.);
#8325 = ORIENTED_EDGE('',*,*,#8326,.T.);
#8326 = EDGE_CURVE('',#8303,#8327,#8329,.T.);
#8327 = VERTEX_POINT('',#8328);
#8328 = CARTESIAN_POINT('',(-4.162768775266,-1.679971428571,
    22.368014285714));
#8329 = LINE('',#8330,#8331);
#8330 = CARTESIAN_POINT('',(-4.162768775266,-1.668457142857,
    22.350742857143));
#8331 = VECTOR('',#8332,1.);
#8332 = DIRECTION('',(0.,-0.554700196225,0.832050294338));
#8333 = ORIENTED_EDGE('',*,*,#8334,.F.);
#8334 = EDGE_CURVE('',#2494,#8327,#8335,.T.);
#8335 = LINE('',#8336,#8337);
#8336 = CARTESIAN_POINT('',(-4.762768775266,-1.679971428571,
    22.368014285714));
#8337 = VECTOR('',#8338,1.);
#8338 = DIRECTION('',(1.,0.,0.));
#8339 = PLANE('',#8340);
#8340 = AXIS2_PLACEMENT_3D('',#8341,#8342,#8343);
#8341 = CARTESIAN_POINT('',(-4.762768775266,-1.668457142857,
    22.350742857143));
#8342 = DIRECTION('',(0.,-0.832050294338,-0.554700196225));
#8343 = DIRECTION('',(0.,-0.554700196225,0.832050294338));
#8344 = ADVANCED_FACE('',(#8345),#8363,.T.);
#8345 = FACE_BOUND('',#8346,.T.);
#8346 = EDGE_LOOP('',(#8347,#8348,#8349,#8357));
#8347 = ORIENTED_EDGE('',*,*,#2493,.T.);
#8348 = ORIENTED_EDGE('',*,*,#8334,.T.);
#8349 = ORIENTED_EDGE('',*,*,#8350,.T.);
#8350 = EDGE_CURVE('',#8327,#8351,#8353,.T.);
#8351 = VERTEX_POINT('',#8352);
#8352 = CARTESIAN_POINT('',(-4.162768775266,-1.697057142857,
    22.379528571429));
#8353 = LINE('',#8354,#8355);
#8354 = CARTESIAN_POINT('',(-4.162768775266,-1.679971428571,
    22.368014285714));
#8355 = VECTOR('',#8356,1.);
#8356 = DIRECTION('',(0.,-0.829266427591,0.558853462072));
#8357 = ORIENTED_EDGE('',*,*,#8358,.F.);
#8358 = EDGE_CURVE('',#2486,#8351,#8359,.T.);
#8359 = LINE('',#8360,#8361);
#8360 = CARTESIAN_POINT('',(-4.762768775266,-1.697057142857,
    22.379528571429));
#8361 = VECTOR('',#8362,1.);
#8362 = DIRECTION('',(1.,0.,0.));
#8363 = PLANE('',#8364);
#8364 = AXIS2_PLACEMENT_3D('',#8365,#8366,#8367);
#8365 = CARTESIAN_POINT('',(-4.762768775266,-1.679971428571,
    22.368014285714));
#8366 = DIRECTION('',(0.,-0.558853462072,-0.829266427591));
#8367 = DIRECTION('',(0.,-0.829266427591,0.558853462072));
#8368 = ADVANCED_FACE('',(#8369),#8387,.T.);
#8369 = FACE_BOUND('',#8370,.T.);
#8370 = EDGE_LOOP('',(#8371,#8372,#8373,#8381));
#8371 = ORIENTED_EDGE('',*,*,#2485,.T.);
#8372 = ORIENTED_EDGE('',*,*,#8358,.T.);
#8373 = ORIENTED_EDGE('',*,*,#8374,.T.);
#8374 = EDGE_CURVE('',#8351,#8375,#8377,.T.);
#8375 = VERTEX_POINT('',#8376);
#8376 = CARTESIAN_POINT('',(-4.162768775266,-1.714142857143,
    22.385285714286));
#8377 = LINE('',#8378,#8379);
#8378 = CARTESIAN_POINT('',(-4.162768775266,-1.697057142857,
    22.379528571429));
#8379 = VECTOR('',#8380,1.);
#8380 = DIRECTION('',(0.,-0.947648212829,0.319316245627));
#8381 = ORIENTED_EDGE('',*,*,#8382,.F.);
#8382 = EDGE_CURVE('',#2478,#8375,#8383,.T.);
#8383 = LINE('',#8384,#8385);
#8384 = CARTESIAN_POINT('',(-4.762768775266,-1.714142857143,
    22.385285714286));
#8385 = VECTOR('',#8386,1.);
#8386 = DIRECTION('',(1.,0.,0.));
#8387 = PLANE('',#8388);
#8388 = AXIS2_PLACEMENT_3D('',#8389,#8390,#8391);
#8389 = CARTESIAN_POINT('',(-4.762768775266,-1.697057142857,
    22.379528571429));
#8390 = DIRECTION('',(0.,-0.319316245627,-0.947648212829));
#8391 = DIRECTION('',(0.,-0.947648212829,0.319316245627));
#8392 = ADVANCED_FACE('',(#8393),#8411,.T.);
#8393 = FACE_BOUND('',#8394,.T.);
#8394 = EDGE_LOOP('',(#8395,#8396,#8397,#8405));
#8395 = ORIENTED_EDGE('',*,*,#2477,.T.);
#8396 = ORIENTED_EDGE('',*,*,#8382,.T.);
#8397 = ORIENTED_EDGE('',*,*,#8398,.T.);
#8398 = EDGE_CURVE('',#8375,#8399,#8401,.T.);
#8399 = VERTEX_POINT('',#8400);
#8400 = CARTESIAN_POINT('',(-4.162768775266,-1.731228571429,22.3968));
#8401 = LINE('',#8402,#8403);
#8402 = CARTESIAN_POINT('',(-4.162768775266,-1.714142857143,
    22.385285714286));
#8403 = VECTOR('',#8404,1.);
#8404 = DIRECTION('',(0.,-0.829266427591,0.558853462072));
#8405 = ORIENTED_EDGE('',*,*,#8406,.F.);
#8406 = EDGE_CURVE('',#2470,#8399,#8407,.T.);
#8407 = LINE('',#8408,#8409);
#8408 = CARTESIAN_POINT('',(-4.762768775266,-1.731228571429,22.3968));
#8409 = VECTOR('',#8410,1.);
#8410 = DIRECTION('',(1.,0.,0.));
#8411 = PLANE('',#8412);
#8412 = AXIS2_PLACEMENT_3D('',#8413,#8414,#8415);
#8413 = CARTESIAN_POINT('',(-4.762768775266,-1.714142857143,
    22.385285714286));
#8414 = DIRECTION('',(0.,-0.558853462072,-0.829266427591));
#8415 = DIRECTION('',(0.,-0.829266427591,0.558853462072));
#8416 = ADVANCED_FACE('',(#8417),#8442,.T.);
#8417 = FACE_BOUND('',#8418,.T.);
#8418 = EDGE_LOOP('',(#8419,#8420,#8428,#8436));
#8419 = ORIENTED_EDGE('',*,*,#2461,.T.);
#8420 = ORIENTED_EDGE('',*,*,#8421,.T.);
#8421 = EDGE_CURVE('',#2462,#8422,#8424,.T.);
#8422 = VERTEX_POINT('',#8423);
#8423 = CARTESIAN_POINT('',(-4.162768775266,-3.345828571429,22.3968));
#8424 = LINE('',#8425,#8426);
#8425 = CARTESIAN_POINT('',(-4.762768775266,-3.345828571429,22.3968));
#8426 = VECTOR('',#8427,1.);
#8427 = DIRECTION('',(1.,0.,0.));
#8428 = ORIENTED_EDGE('',*,*,#8429,.T.);
#8429 = EDGE_CURVE('',#8422,#8430,#8432,.T.);
#8430 = VERTEX_POINT('',#8431);
#8431 = CARTESIAN_POINT('',(-4.162768775266,-3.374428571429,
    22.391228571429));
#8432 = LINE('',#8433,#8434);
#8433 = CARTESIAN_POINT('',(-4.162768775266,-3.345828571429,22.3968));
#8434 = VECTOR('',#8435,1.);
#8435 = DIRECTION('',(0.,-0.981548987081,-0.191210841639));
#8436 = ORIENTED_EDGE('',*,*,#8437,.F.);
#8437 = EDGE_CURVE('',#2454,#8430,#8438,.T.);
#8438 = LINE('',#8439,#8440);
#8439 = CARTESIAN_POINT('',(-4.762768775266,-3.374428571429,
    22.391228571429));
#8440 = VECTOR('',#8441,1.);
#8441 = DIRECTION('',(1.,0.,0.));
#8442 = PLANE('',#8443);
#8443 = AXIS2_PLACEMENT_3D('',#8444,#8445,#8446);
#8444 = CARTESIAN_POINT('',(-4.762768775266,-3.345828571429,22.3968));
#8445 = DIRECTION('',(0.,0.191210841639,-0.981548987081));
#8446 = DIRECTION('',(0.,-0.981548987081,-0.191210841639));
#8447 = ADVANCED_FACE('',(#8448),#8466,.T.);
#8448 = FACE_BOUND('',#8449,.T.);
#8449 = EDGE_LOOP('',(#8450,#8451,#8452,#8460));
#8450 = ORIENTED_EDGE('',*,*,#2453,.T.);
#8451 = ORIENTED_EDGE('',*,*,#8437,.T.);
#8452 = ORIENTED_EDGE('',*,*,#8453,.T.);
#8453 = EDGE_CURVE('',#8430,#8454,#8456,.T.);
#8454 = VERTEX_POINT('',#8455);
#8455 = CARTESIAN_POINT('',(-4.162768775266,-3.4086,22.385842857143));
#8456 = LINE('',#8457,#8458);
#8457 = CARTESIAN_POINT('',(-4.162768775266,-3.374428571429,
    22.391228571429));
#8458 = VECTOR('',#8459,1.);
#8459 = DIRECTION('',(0.,-0.987806455345,-0.155686886984));
#8460 = ORIENTED_EDGE('',*,*,#8461,.F.);
#8461 = EDGE_CURVE('',#2446,#8454,#8462,.T.);
#8462 = LINE('',#8463,#8464);
#8463 = CARTESIAN_POINT('',(-4.762768775266,-3.4086,22.385842857143));
#8464 = VECTOR('',#8465,1.);
#8465 = DIRECTION('',(1.,0.,0.));
#8466 = PLANE('',#8467);
#8467 = AXIS2_PLACEMENT_3D('',#8468,#8469,#8470);
#8468 = CARTESIAN_POINT('',(-4.762768775266,-3.374428571429,
    22.391228571429));
#8469 = DIRECTION('',(0.,0.155686886984,-0.987806455345));
#8470 = DIRECTION('',(0.,-0.987806455345,-0.155686886984));
#8471 = ADVANCED_FACE('',(#8472),#8490,.T.);
#8472 = FACE_BOUND('',#8473,.T.);
#8473 = EDGE_LOOP('',(#8474,#8475,#8476,#8484));
#8474 = ORIENTED_EDGE('',*,*,#2445,.T.);
#8475 = ORIENTED_EDGE('',*,*,#8461,.T.);
#8476 = ORIENTED_EDGE('',*,*,#8477,.T.);
#8477 = EDGE_CURVE('',#8454,#8478,#8480,.T.);
#8478 = VERTEX_POINT('',#8479);
#8479 = CARTESIAN_POINT('',(-4.162768775266,-3.431442857143,
    22.369314285714));
#8480 = LINE('',#8481,#8482);
#8481 = CARTESIAN_POINT('',(-4.162768775266,-3.4086,22.385842857143));
#8482 = VECTOR('',#8483,1.);
#8483 = DIRECTION('',(0.,-0.810157853985,-0.586211780526));
#8484 = ORIENTED_EDGE('',*,*,#8485,.F.);
#8485 = EDGE_CURVE('',#2438,#8478,#8486,.T.);
#8486 = LINE('',#8487,#8488);
#8487 = CARTESIAN_POINT('',(-4.762768775266,-3.431442857143,
    22.369314285714));
#8488 = VECTOR('',#8489,1.);
#8489 = DIRECTION('',(1.,0.,0.));
#8490 = PLANE('',#8491);
#8491 = AXIS2_PLACEMENT_3D('',#8492,#8493,#8494);
#8492 = CARTESIAN_POINT('',(-4.762768775266,-3.4086,22.385842857143));
#8493 = DIRECTION('',(0.,0.586211780526,-0.810157853985));
#8494 = DIRECTION('',(0.,-0.810157853985,-0.586211780526));
#8495 = ADVANCED_FACE('',(#8496),#8514,.T.);
#8496 = FACE_BOUND('',#8497,.T.);
#8497 = EDGE_LOOP('',(#8498,#8499,#8500,#8508));
#8498 = ORIENTED_EDGE('',*,*,#2437,.T.);
#8499 = ORIENTED_EDGE('',*,*,#8485,.T.);
#8500 = ORIENTED_EDGE('',*,*,#8501,.T.);
#8501 = EDGE_CURVE('',#8478,#8502,#8504,.T.);
#8502 = VERTEX_POINT('',#8503);
#8503 = CARTESIAN_POINT('',(-4.162768775266,-3.459857142857,
    22.342014285714));
#8504 = LINE('',#8505,#8506);
#8505 = CARTESIAN_POINT('',(-4.162768775266,-3.431442857143,
    22.369314285714));
#8506 = VECTOR('',#8507,1.);
#8507 = DIRECTION('',(0.,-0.721104710287,-0.692826094198));
#8508 = ORIENTED_EDGE('',*,*,#8509,.F.);
#8509 = EDGE_CURVE('',#2430,#8502,#8510,.T.);
#8510 = LINE('',#8511,#8512);
#8511 = CARTESIAN_POINT('',(-4.762768775266,-3.459857142857,
    22.342014285714));
#8512 = VECTOR('',#8513,1.);
#8513 = DIRECTION('',(1.,0.,0.));
#8514 = PLANE('',#8515);
#8515 = AXIS2_PLACEMENT_3D('',#8516,#8517,#8518);
#8516 = CARTESIAN_POINT('',(-4.762768775266,-3.431442857143,
    22.369314285714));
#8517 = DIRECTION('',(0.,0.692826094198,-0.721104710287));
#8518 = DIRECTION('',(0.,-0.721104710287,-0.692826094198));
#8519 = ADVANCED_FACE('',(#8520),#8538,.T.);
#8520 = FACE_BOUND('',#8521,.T.);
#8521 = EDGE_LOOP('',(#8522,#8523,#8524,#8532));
#8522 = ORIENTED_EDGE('',*,*,#2429,.T.);
#8523 = ORIENTED_EDGE('',*,*,#8509,.T.);
#8524 = ORIENTED_EDGE('',*,*,#8525,.T.);
#8525 = EDGE_CURVE('',#8502,#8526,#8528,.T.);
#8526 = VERTEX_POINT('',#8527);
#8527 = CARTESIAN_POINT('',(-4.162768775266,-3.477128571429,
    22.314528571429));
#8528 = LINE('',#8529,#8530);
#8529 = CARTESIAN_POINT('',(-4.162768775266,-3.459857142857,
    22.342014285714));
#8530 = VECTOR('',#8531,1.);
#8531 = DIRECTION('',(0.,-0.532054374811,-0.846710187871));
#8532 = ORIENTED_EDGE('',*,*,#8533,.F.);
#8533 = EDGE_CURVE('',#2422,#8526,#8534,.T.);
#8534 = LINE('',#8535,#8536);
#8535 = CARTESIAN_POINT('',(-4.762768775266,-3.477128571429,
    22.314528571429));
#8536 = VECTOR('',#8537,1.);
#8537 = DIRECTION('',(1.,0.,0.));
#8538 = PLANE('',#8539);
#8539 = AXIS2_PLACEMENT_3D('',#8540,#8541,#8542);
#8540 = CARTESIAN_POINT('',(-4.762768775266,-3.459857142857,
    22.342014285714));
#8541 = DIRECTION('',(0.,0.846710187871,-0.532054374811));
#8542 = DIRECTION('',(0.,-0.532054374811,-0.846710187871));
#8543 = ADVANCED_FACE('',(#8544),#8562,.T.);
#8544 = FACE_BOUND('',#8545,.T.);
#8545 = EDGE_LOOP('',(#8546,#8547,#8548,#8556));
#8546 = ORIENTED_EDGE('',*,*,#2421,.T.);
#8547 = ORIENTED_EDGE('',*,*,#8533,.T.);
#8548 = ORIENTED_EDGE('',*,*,#8549,.T.);
#8549 = EDGE_CURVE('',#8526,#8550,#8552,.T.);
#8550 = VERTEX_POINT('',#8551);
#8551 = CARTESIAN_POINT('',(-4.162768775266,-3.488457142857,
    22.287228571429));
#8552 = LINE('',#8553,#8554);
#8553 = CARTESIAN_POINT('',(-4.162768775266,-3.477128571429,
    22.314528571429));
#8554 = VECTOR('',#8555,1.);
#8555 = DIRECTION('',(0.,-0.383276542478,-0.923633635153));
#8556 = ORIENTED_EDGE('',*,*,#8557,.F.);
#8557 = EDGE_CURVE('',#2414,#8550,#8558,.T.);
#8558 = LINE('',#8559,#8560);
#8559 = CARTESIAN_POINT('',(-4.762768775266,-3.488457142857,
    22.287228571429));
#8560 = VECTOR('',#8561,1.);
#8561 = DIRECTION('',(1.,0.,0.));
#8562 = PLANE('',#8563);
#8563 = AXIS2_PLACEMENT_3D('',#8564,#8565,#8566);
#8564 = CARTESIAN_POINT('',(-4.762768775266,-3.477128571429,
    22.314528571429));
#8565 = DIRECTION('',(0.,0.923633635153,-0.383276542478));
#8566 = DIRECTION('',(0.,-0.383276542478,-0.923633635153));
#8567 = ADVANCED_FACE('',(#8568),#8593,.T.);
#8568 = FACE_BOUND('',#8569,.T.);
#8569 = EDGE_LOOP('',(#8570,#8571,#8579,#8587));
#8570 = ORIENTED_EDGE('',*,*,#2405,.T.);
#8571 = ORIENTED_EDGE('',*,*,#8572,.T.);
#8572 = EDGE_CURVE('',#2406,#8573,#8575,.T.);
#8573 = VERTEX_POINT('',#8574);
#8574 = CARTESIAN_POINT('',(-4.162768775266,-3.488457142857,
    21.946257142857));
#8575 = LINE('',#8576,#8577);
#8576 = CARTESIAN_POINT('',(-4.762768775266,-3.488457142857,
    21.946257142857));
#8577 = VECTOR('',#8578,1.);
#8578 = DIRECTION('',(1.,0.,0.));
#8579 = ORIENTED_EDGE('',*,*,#8580,.T.);
#8580 = EDGE_CURVE('',#8573,#8581,#8583,.T.);
#8581 = VERTEX_POINT('',#8582);
#8582 = CARTESIAN_POINT('',(-4.162768775266,-3.4827,21.928428571429));
#8583 = LINE('',#8584,#8585);
#8584 = CARTESIAN_POINT('',(-4.162768775266,-3.488457142857,
    21.946257142857));
#8585 = VECTOR('',#8586,1.);
#8586 = DIRECTION('',(-0.,0.307292390957,-0.951615146191));
#8587 = ORIENTED_EDGE('',*,*,#8588,.F.);
#8588 = EDGE_CURVE('',#2398,#8581,#8589,.T.);
#8589 = LINE('',#8590,#8591);
#8590 = CARTESIAN_POINT('',(-4.762768775266,-3.4827,21.928428571429));
#8591 = VECTOR('',#8592,1.);
#8592 = DIRECTION('',(1.,0.,0.));
#8593 = PLANE('',#8594);
#8594 = AXIS2_PLACEMENT_3D('',#8595,#8596,#8597);
#8595 = CARTESIAN_POINT('',(-4.762768775266,-3.488457142857,
    21.946257142857));
#8596 = DIRECTION('',(-0.,0.951615146191,0.307292390957));
#8597 = DIRECTION('',(0.,0.307292390957,-0.951615146191));
#8598 = ADVANCED_FACE('',(#8599),#8617,.T.);
#8599 = FACE_BOUND('',#8600,.T.);
#8600 = EDGE_LOOP('',(#8601,#8602,#8603,#8611));
#8601 = ORIENTED_EDGE('',*,*,#2397,.T.);
#8602 = ORIENTED_EDGE('',*,*,#8588,.T.);
#8603 = ORIENTED_EDGE('',*,*,#8604,.T.);
#8604 = EDGE_CURVE('',#8581,#8605,#8607,.T.);
#8605 = VERTEX_POINT('',#8606);
#8606 = CARTESIAN_POINT('',(-4.162768775266,-3.477128571429,
    21.910414285714));
#8607 = LINE('',#8608,#8609);
#8608 = CARTESIAN_POINT('',(-4.162768775266,-3.4827,21.928428571429));
#8609 = VECTOR('',#8610,1.);
#8610 = DIRECTION('',(-0.,0.295469722922,-0.955352104115));
#8611 = ORIENTED_EDGE('',*,*,#8612,.F.);
#8612 = EDGE_CURVE('',#2390,#8605,#8613,.T.);
#8613 = LINE('',#8614,#8615);
#8614 = CARTESIAN_POINT('',(-4.762768775266,-3.477128571429,
    21.910414285714));
#8615 = VECTOR('',#8616,1.);
#8616 = DIRECTION('',(1.,0.,0.));
#8617 = PLANE('',#8618);
#8618 = AXIS2_PLACEMENT_3D('',#8619,#8620,#8621);
#8619 = CARTESIAN_POINT('',(-4.762768775266,-3.4827,21.928428571429));
#8620 = DIRECTION('',(-0.,0.955352104115,0.295469722922));
#8621 = DIRECTION('',(0.,0.295469722922,-0.955352104115));
#8622 = ADVANCED_FACE('',(#8623),#8641,.T.);
#8623 = FACE_BOUND('',#8624,.T.);
#8624 = EDGE_LOOP('',(#8625,#8626,#8627,#8635));
#8625 = ORIENTED_EDGE('',*,*,#2389,.T.);
#8626 = ORIENTED_EDGE('',*,*,#8612,.T.);
#8627 = ORIENTED_EDGE('',*,*,#8628,.T.);
#8628 = EDGE_CURVE('',#8605,#8629,#8631,.T.);
#8629 = VERTEX_POINT('',#8630);
#8630 = CARTESIAN_POINT('',(-4.162768775266,-3.465614285714,21.8924));
#8631 = LINE('',#8632,#8633);
#8632 = CARTESIAN_POINT('',(-4.162768775266,-3.477128571429,
    21.910414285714));
#8633 = VECTOR('',#8634,1.);
#8634 = DIRECTION('',(-0.,0.538560615351,-0.842586769178));
#8635 = ORIENTED_EDGE('',*,*,#8636,.F.);
#8636 = EDGE_CURVE('',#2382,#8629,#8637,.T.);
#8637 = LINE('',#8638,#8639);
#8638 = CARTESIAN_POINT('',(-4.762768775266,-3.465614285714,21.8924));
#8639 = VECTOR('',#8640,1.);
#8640 = DIRECTION('',(1.,0.,0.));
#8641 = PLANE('',#8642);
#8642 = AXIS2_PLACEMENT_3D('',#8643,#8644,#8645);
#8643 = CARTESIAN_POINT('',(-4.762768775266,-3.477128571429,
    21.910414285714));
#8644 = DIRECTION('',(-0.,0.842586769178,0.538560615351));
#8645 = DIRECTION('',(0.,0.538560615351,-0.842586769178));
#8646 = ADVANCED_FACE('',(#8647),#8665,.T.);
#8647 = FACE_BOUND('',#8648,.T.);
#8648 = EDGE_LOOP('',(#8649,#8650,#8651,#8659));
#8649 = ORIENTED_EDGE('',*,*,#2381,.T.);
#8650 = ORIENTED_EDGE('',*,*,#8636,.T.);
#8651 = ORIENTED_EDGE('',*,*,#8652,.T.);
#8652 = EDGE_CURVE('',#8629,#8653,#8655,.T.);
#8653 = VERTEX_POINT('',#8654);
#8654 = CARTESIAN_POINT('',(-4.162768775266,-3.454285714286,21.8742));
#8655 = LINE('',#8656,#8657);
#8656 = CARTESIAN_POINT('',(-4.162768775266,-3.465614285714,21.8924));
#8657 = VECTOR('',#8658,1.);
#8658 = DIRECTION('',(-0.,0.528440659826,-0.848970240375));
#8659 = ORIENTED_EDGE('',*,*,#8660,.F.);
#8660 = EDGE_CURVE('',#2374,#8653,#8661,.T.);
#8661 = LINE('',#8662,#8663);
#8662 = CARTESIAN_POINT('',(-4.762768775266,-3.454285714286,21.8742));
#8663 = VECTOR('',#8664,1.);
#8664 = DIRECTION('',(1.,0.,0.));
#8665 = PLANE('',#8666);
#8666 = AXIS2_PLACEMENT_3D('',#8667,#8668,#8669);
#8667 = CARTESIAN_POINT('',(-4.762768775266,-3.465614285714,21.8924));
#8668 = DIRECTION('',(-0.,0.848970240375,0.528440659826));
#8669 = DIRECTION('',(0.,0.528440659826,-0.848970240375));
#8670 = ADVANCED_FACE('',(#8671),#8689,.T.);
#8671 = FACE_BOUND('',#8672,.T.);
#8672 = EDGE_LOOP('',(#8673,#8674,#8675,#8683));
#8673 = ORIENTED_EDGE('',*,*,#2373,.T.);
#8674 = ORIENTED_EDGE('',*,*,#8660,.T.);
#8675 = ORIENTED_EDGE('',*,*,#8676,.T.);
#8676 = EDGE_CURVE('',#8653,#8677,#8679,.T.);
#8677 = VERTEX_POINT('',#8678);
#8678 = CARTESIAN_POINT('',(-4.162768775266,-3.442771428571,
    21.856185714286));
#8679 = LINE('',#8680,#8681);
#8680 = CARTESIAN_POINT('',(-4.162768775266,-3.454285714286,21.8742));
#8681 = VECTOR('',#8682,1.);
#8682 = DIRECTION('',(-0.,0.538560615351,-0.842586769178));
#8683 = ORIENTED_EDGE('',*,*,#8684,.F.);
#8684 = EDGE_CURVE('',#2366,#8677,#8685,.T.);
#8685 = LINE('',#8686,#8687);
#8686 = CARTESIAN_POINT('',(-4.762768775266,-3.442771428571,
    21.856185714286));
#8687 = VECTOR('',#8688,1.);
#8688 = DIRECTION('',(1.,0.,0.));
#8689 = PLANE('',#8690);
#8690 = AXIS2_PLACEMENT_3D('',#8691,#8692,#8693);
#8691 = CARTESIAN_POINT('',(-4.762768775266,-3.454285714286,21.8742));
#8692 = DIRECTION('',(-0.,0.842586769178,0.538560615351));
#8693 = DIRECTION('',(0.,0.538560615351,-0.842586769178));
#8694 = ADVANCED_FACE('',(#8695),#8713,.T.);
#8695 = FACE_BOUND('',#8696,.T.);
#8696 = EDGE_LOOP('',(#8697,#8698,#8699,#8707));
#8697 = ORIENTED_EDGE('',*,*,#2365,.T.);
#8698 = ORIENTED_EDGE('',*,*,#8684,.T.);
#8699 = ORIENTED_EDGE('',*,*,#8700,.T.);
#8700 = EDGE_CURVE('',#8677,#8701,#8703,.T.);
#8701 = VERTEX_POINT('',#8702);
#8702 = CARTESIAN_POINT('',(-4.162768775266,-3.425685714286,21.8443));
#8703 = LINE('',#8704,#8705);
#8704 = CARTESIAN_POINT('',(-4.162768775266,-3.442771428571,
    21.856185714286));
#8705 = VECTOR('',#8706,1.);
#8706 = DIRECTION('',(-0.,0.820905201785,-0.571064488199));
#8707 = ORIENTED_EDGE('',*,*,#8708,.F.);
#8708 = EDGE_CURVE('',#2358,#8701,#8709,.T.);
#8709 = LINE('',#8710,#8711);
#8710 = CARTESIAN_POINT('',(-4.762768775266,-3.425685714286,21.8443));
#8711 = VECTOR('',#8712,1.);
#8712 = DIRECTION('',(1.,0.,0.));
#8713 = PLANE('',#8714);
#8714 = AXIS2_PLACEMENT_3D('',#8715,#8716,#8717);
#8715 = CARTESIAN_POINT('',(-4.762768775266,-3.442771428571,
    21.856185714286));
#8716 = DIRECTION('',(-0.,0.571064488199,0.820905201785));
#8717 = DIRECTION('',(0.,0.820905201785,-0.571064488199));
#8718 = ADVANCED_FACE('',(#8719),#8737,.T.);
#8719 = FACE_BOUND('',#8720,.T.);
#8720 = EDGE_LOOP('',(#8721,#8722,#8723,#8731));
#8721 = ORIENTED_EDGE('',*,*,#2357,.T.);
#8722 = ORIENTED_EDGE('',*,*,#8708,.T.);
#8723 = ORIENTED_EDGE('',*,*,#8724,.T.);
#8724 = EDGE_CURVE('',#8701,#8725,#8727,.T.);
#8725 = VERTEX_POINT('',#8726);
#8726 = CARTESIAN_POINT('',(-4.162768775266,-3.4086,21.832228571429));
#8727 = LINE('',#8728,#8729);
#8728 = CARTESIAN_POINT('',(-4.162768775266,-3.425685714286,21.8443));
#8729 = VECTOR('',#8730,1.);
#8730 = DIRECTION('',(-0.,0.816721763686,-0.577031680865));
#8731 = ORIENTED_EDGE('',*,*,#8732,.F.);
#8732 = EDGE_CURVE('',#2350,#8725,#8733,.T.);
#8733 = LINE('',#8734,#8735);
#8734 = CARTESIAN_POINT('',(-4.762768775266,-3.4086,21.832228571429));
#8735 = VECTOR('',#8736,1.);
#8736 = DIRECTION('',(1.,0.,0.));
#8737 = PLANE('',#8738);
#8738 = AXIS2_PLACEMENT_3D('',#8739,#8740,#8741);
#8739 = CARTESIAN_POINT('',(-4.762768775266,-3.425685714286,21.8443));
#8740 = DIRECTION('',(-0.,0.577031680865,0.816721763686));
#8741 = DIRECTION('',(0.,0.816721763686,-0.577031680865));
#8742 = ADVANCED_FACE('',(#8743),#8761,.T.);
#8743 = FACE_BOUND('',#8744,.T.);
#8744 = EDGE_LOOP('',(#8745,#8746,#8747,#8755));
#8745 = ORIENTED_EDGE('',*,*,#2349,.T.);
#8746 = ORIENTED_EDGE('',*,*,#8732,.T.);
#8747 = ORIENTED_EDGE('',*,*,#8748,.T.);
#8748 = EDGE_CURVE('',#8725,#8749,#8751,.T.);
#8749 = VERTEX_POINT('',#8750);
#8750 = CARTESIAN_POINT('',(-4.162768775266,-3.374428571429,
    21.826285714286));
#8751 = LINE('',#8752,#8753);
#8752 = CARTESIAN_POINT('',(-4.162768775266,-3.4086,21.832228571429));
#8753 = VECTOR('',#8754,1.);
#8754 = DIRECTION('',(-0.,0.98521175482,-0.171341174751));
#8755 = ORIENTED_EDGE('',*,*,#8756,.F.);
#8756 = EDGE_CURVE('',#2342,#8749,#8757,.T.);
#8757 = LINE('',#8758,#8759);
#8758 = CARTESIAN_POINT('',(-4.762768775266,-3.374428571429,
    21.826285714286));
#8759 = VECTOR('',#8760,1.);
#8760 = DIRECTION('',(1.,0.,0.));
#8761 = PLANE('',#8762);
#8762 = AXIS2_PLACEMENT_3D('',#8763,#8764,#8765);
#8763 = CARTESIAN_POINT('',(-4.762768775266,-3.4086,21.832228571429));
#8764 = DIRECTION('',(-0.,0.171341174751,0.98521175482));
#8765 = DIRECTION('',(0.,0.98521175482,-0.171341174751));
#8766 = ADVANCED_FACE('',(#8767),#8792,.T.);
#8767 = FACE_BOUND('',#8768,.T.);
#8768 = EDGE_LOOP('',(#8769,#8770,#8778,#8786));
#8769 = ORIENTED_EDGE('',*,*,#2333,.T.);
#8770 = ORIENTED_EDGE('',*,*,#8771,.T.);
#8771 = EDGE_CURVE('',#2334,#8772,#8774,.T.);
#8772 = VERTEX_POINT('',#8773);
#8773 = CARTESIAN_POINT('',(-4.162768775266,-2.2048,21.826285714286));
#8774 = LINE('',#8775,#8776);
#8775 = CARTESIAN_POINT('',(-4.762768775266,-2.2048,21.826285714286));
#8776 = VECTOR('',#8777,1.);
#8777 = DIRECTION('',(1.,0.,0.));
#8778 = ORIENTED_EDGE('',*,*,#8779,.T.);
#8779 = EDGE_CURVE('',#8772,#8780,#8782,.T.);
#8780 = VERTEX_POINT('',#8781);
#8781 = CARTESIAN_POINT('',(-4.162768775266,-2.2048,20.685257142857));
#8782 = LINE('',#8783,#8784);
#8783 = CARTESIAN_POINT('',(-4.162768775266,-2.2048,21.826285714286));
#8784 = VECTOR('',#8785,1.);
#8785 = DIRECTION('',(0.,0.,-1.));
#8786 = ORIENTED_EDGE('',*,*,#8787,.F.);
#8787 = EDGE_CURVE('',#2326,#8780,#8788,.T.);
#8788 = LINE('',#8789,#8790);
#8789 = CARTESIAN_POINT('',(-4.762768775266,-2.2048,20.685257142857));
#8790 = VECTOR('',#8791,1.);
#8791 = DIRECTION('',(1.,0.,0.));
#8792 = PLANE('',#8793);
#8793 = AXIS2_PLACEMENT_3D('',#8794,#8795,#8796);
#8794 = CARTESIAN_POINT('',(-4.762768775266,-2.2048,21.826285714286));
#8795 = DIRECTION('',(-0.,1.,0.));
#8796 = DIRECTION('',(0.,0.,-1.));
#8797 = ADVANCED_FACE('',(#8798),#8816,.T.);
#8798 = FACE_BOUND('',#8799,.T.);
#8799 = EDGE_LOOP('',(#8800,#8801,#8802,#8810));
#8800 = ORIENTED_EDGE('',*,*,#2325,.T.);
#8801 = ORIENTED_EDGE('',*,*,#8787,.T.);
#8802 = ORIENTED_EDGE('',*,*,#8803,.T.);
#8803 = EDGE_CURVE('',#8780,#8804,#8806,.T.);
#8804 = VERTEX_POINT('',#8805);
#8805 = CARTESIAN_POINT('',(-4.162768775266,-3.066328571429,
    20.685257142857));
#8806 = LINE('',#8807,#8808);
#8807 = CARTESIAN_POINT('',(-4.162768775266,-2.2048,20.685257142857));
#8808 = VECTOR('',#8809,1.);
#8809 = DIRECTION('',(0.,-1.,0.));
#8810 = ORIENTED_EDGE('',*,*,#8811,.F.);
#8811 = EDGE_CURVE('',#2318,#8804,#8812,.T.);
#8812 = LINE('',#8813,#8814);
#8813 = CARTESIAN_POINT('',(-4.762768775266,-3.066328571429,
    20.685257142857));
#8814 = VECTOR('',#8815,1.);
#8815 = DIRECTION('',(1.,0.,0.));
#8816 = PLANE('',#8817);
#8817 = AXIS2_PLACEMENT_3D('',#8818,#8819,#8820);
#8818 = CARTESIAN_POINT('',(-4.762768775266,-2.2048,20.685257142857));
#8819 = DIRECTION('',(0.,0.,-1.));
#8820 = DIRECTION('',(0.,-1.,0.));
#8821 = ADVANCED_FACE('',(#8822),#8840,.T.);
#8822 = FACE_BOUND('',#8823,.T.);
#8823 = EDGE_LOOP('',(#8824,#8825,#8826,#8834));
#8824 = ORIENTED_EDGE('',*,*,#2317,.T.);
#8825 = ORIENTED_EDGE('',*,*,#8811,.T.);
#8826 = ORIENTED_EDGE('',*,*,#8827,.T.);
#8827 = EDGE_CURVE('',#8804,#8828,#8830,.T.);
#8828 = VERTEX_POINT('',#8829);
#8829 = CARTESIAN_POINT('',(-4.162768775266,-3.089171428571,20.6795));
#8830 = LINE('',#8831,#8832);
#8831 = CARTESIAN_POINT('',(-4.162768775266,-3.066328571429,
    20.685257142857));
#8832 = VECTOR('',#8833,1.);
#8833 = DIRECTION('',(0.,-0.969676988372,-0.244390135281));
#8834 = ORIENTED_EDGE('',*,*,#8835,.F.);
#8835 = EDGE_CURVE('',#2310,#8828,#8836,.T.);
#8836 = LINE('',#8837,#8838);
#8837 = CARTESIAN_POINT('',(-4.762768775266,-3.089171428571,20.6795));
#8838 = VECTOR('',#8839,1.);
#8839 = DIRECTION('',(1.,0.,0.));
#8840 = PLANE('',#8841);
#8841 = AXIS2_PLACEMENT_3D('',#8842,#8843,#8844);
#8842 = CARTESIAN_POINT('',(-4.762768775266,-3.066328571429,
    20.685257142857));
#8843 = DIRECTION('',(0.,0.244390135281,-0.969676988372));
#8844 = DIRECTION('',(0.,-0.969676988372,-0.244390135281));
#8845 = ADVANCED_FACE('',(#8846),#8864,.T.);
#8846 = FACE_BOUND('',#8847,.T.);
#8847 = EDGE_LOOP('',(#8848,#8849,#8850,#8858));
#8848 = ORIENTED_EDGE('',*,*,#2309,.T.);
#8849 = ORIENTED_EDGE('',*,*,#8835,.T.);
#8850 = ORIENTED_EDGE('',*,*,#8851,.T.);
#8851 = EDGE_CURVE('',#8828,#8852,#8854,.T.);
#8852 = VERTEX_POINT('',#8853);
#8853 = CARTESIAN_POINT('',(-4.162768775266,-3.117585714286,
    20.673928571429));
#8854 = LINE('',#8855,#8856);
#8855 = CARTESIAN_POINT('',(-4.162768775266,-3.089171428571,20.6795));
#8856 = VECTOR('',#8857,1.);
#8857 = DIRECTION('',(0.,-0.981313749677,-0.192414460721));
#8858 = ORIENTED_EDGE('',*,*,#8859,.F.);
#8859 = EDGE_CURVE('',#2302,#8852,#8860,.T.);
#8860 = LINE('',#8861,#8862);
#8861 = CARTESIAN_POINT('',(-4.762768775266,-3.117585714286,
    20.673928571429));
#8862 = VECTOR('',#8863,1.);
#8863 = DIRECTION('',(1.,0.,0.));
#8864 = PLANE('',#8865);
#8865 = AXIS2_PLACEMENT_3D('',#8866,#8867,#8868);
#8866 = CARTESIAN_POINT('',(-4.762768775266,-3.089171428571,20.6795));
#8867 = DIRECTION('',(0.,0.192414460721,-0.981313749677));
#8868 = DIRECTION('',(0.,-0.981313749677,-0.192414460721));
#8869 = ADVANCED_FACE('',(#8870),#8888,.T.);
#8870 = FACE_BOUND('',#8871,.T.);
#8871 = EDGE_LOOP('',(#8872,#8873,#8874,#8882));
#8872 = ORIENTED_EDGE('',*,*,#2301,.T.);
#8873 = ORIENTED_EDGE('',*,*,#8859,.T.);
#8874 = ORIENTED_EDGE('',*,*,#8875,.T.);
#8875 = EDGE_CURVE('',#8852,#8876,#8878,.T.);
#8876 = VERTEX_POINT('',#8877);
#8877 = CARTESIAN_POINT('',(-4.162768775266,-3.146185714286,
    20.656657142857));
#8878 = LINE('',#8879,#8880);
#8879 = CARTESIAN_POINT('',(-4.162768775266,-3.117585714286,
    20.673928571429));
#8880 = VECTOR('',#8881,1.);
#8881 = DIRECTION('',(0.,-0.856018035908,-0.51694595675));
#8882 = ORIENTED_EDGE('',*,*,#8883,.F.);
#8883 = EDGE_CURVE('',#2294,#8876,#8884,.T.);
#8884 = LINE('',#8885,#8886);
#8885 = CARTESIAN_POINT('',(-4.762768775266,-3.146185714286,
    20.656657142857));
#8886 = VECTOR('',#8887,1.);
#8887 = DIRECTION('',(1.,0.,0.));
#8888 = PLANE('',#8889);
#8889 = AXIS2_PLACEMENT_3D('',#8890,#8891,#8892);
#8890 = CARTESIAN_POINT('',(-4.762768775266,-3.117585714286,
    20.673928571429));
#8891 = DIRECTION('',(0.,0.51694595675,-0.856018035908));
#8892 = DIRECTION('',(0.,-0.856018035908,-0.51694595675));
#8893 = ADVANCED_FACE('',(#8894),#8912,.T.);
#8894 = FACE_BOUND('',#8895,.T.);
#8895 = EDGE_LOOP('',(#8896,#8897,#8898,#8906));
#8896 = ORIENTED_EDGE('',*,*,#2293,.T.);
#8897 = ORIENTED_EDGE('',*,*,#8883,.T.);
#8898 = ORIENTED_EDGE('',*,*,#8899,.T.);
#8899 = EDGE_CURVE('',#8876,#8900,#8902,.T.);
#8900 = VERTEX_POINT('',#8901);
#8901 = CARTESIAN_POINT('',(-4.162768775266,-3.169028571429,20.634));
#8902 = LINE('',#8903,#8904);
#8903 = CARTESIAN_POINT('',(-4.162768775266,-3.146185714286,
    20.656657142857));
#8904 = VECTOR('',#8905,1.);
#8905 = DIRECTION('',(0.,-0.709987017244,-0.704214765071));
#8906 = ORIENTED_EDGE('',*,*,#8907,.F.);
#8907 = EDGE_CURVE('',#2286,#8900,#8908,.T.);
#8908 = LINE('',#8909,#8910);
#8909 = CARTESIAN_POINT('',(-4.762768775266,-3.169028571429,20.634));
#8910 = VECTOR('',#8911,1.);
#8911 = DIRECTION('',(1.,0.,0.));
#8912 = PLANE('',#8913);
#8913 = AXIS2_PLACEMENT_3D('',#8914,#8915,#8916);
#8914 = CARTESIAN_POINT('',(-4.762768775266,-3.146185714286,
    20.656657142857));
#8915 = DIRECTION('',(0.,0.704214765071,-0.709987017244));
#8916 = DIRECTION('',(0.,-0.709987017244,-0.704214765071));
#8917 = ADVANCED_FACE('',(#8918),#8936,.T.);
#8918 = FACE_BOUND('',#8919,.T.);
#8919 = EDGE_LOOP('',(#8920,#8921,#8922,#8930));
#8920 = ORIENTED_EDGE('',*,*,#2285,.T.);
#8921 = ORIENTED_EDGE('',*,*,#8907,.T.);
#8922 = ORIENTED_EDGE('',*,*,#8923,.T.);
#8923 = EDGE_CURVE('',#8900,#8924,#8926,.T.);
#8924 = VERTEX_POINT('',#8925);
#8925 = CARTESIAN_POINT('',(-4.162768775266,-3.191871428571,20.6054));
#8926 = LINE('',#8927,#8928);
#8927 = CARTESIAN_POINT('',(-4.162768775266,-3.169028571429,20.634));
#8928 = VECTOR('',#8929,1.);
#8929 = DIRECTION('',(0.,-0.62407609663,-0.781363568139));
#8930 = ORIENTED_EDGE('',*,*,#8931,.F.);
#8931 = EDGE_CURVE('',#2278,#8924,#8932,.T.);
#8932 = LINE('',#8933,#8934);
#8933 = CARTESIAN_POINT('',(-4.762768775266,-3.191871428571,20.6054));
#8934 = VECTOR('',#8935,1.);
#8935 = DIRECTION('',(1.,0.,0.));
#8936 = PLANE('',#8937);
#8937 = AXIS2_PLACEMENT_3D('',#8938,#8939,#8940);
#8938 = CARTESIAN_POINT('',(-4.762768775266,-3.169028571429,20.634));
#8939 = DIRECTION('',(0.,0.781363568139,-0.62407609663));
#8940 = DIRECTION('',(0.,-0.62407609663,-0.781363568139));
#8941 = ADVANCED_FACE('',(#8942),#8960,.T.);
#8942 = FACE_BOUND('',#8943,.T.);
#8943 = EDGE_LOOP('',(#8944,#8945,#8946,#8954));
#8944 = ORIENTED_EDGE('',*,*,#2277,.T.);
#8945 = ORIENTED_EDGE('',*,*,#8931,.T.);
#8946 = ORIENTED_EDGE('',*,*,#8947,.T.);
#8947 = EDGE_CURVE('',#8924,#8948,#8950,.T.);
#8948 = VERTEX_POINT('',#8949);
#8949 = CARTESIAN_POINT('',(-4.162768775266,-3.2032,20.571228571429));
#8950 = LINE('',#8951,#8952);
#8951 = CARTESIAN_POINT('',(-4.162768775266,-3.191871428571,20.6054));
#8952 = VECTOR('',#8953,1.);
#8953 = DIRECTION('',(0.,-0.314679739965,-0.949197904157));
#8954 = ORIENTED_EDGE('',*,*,#8955,.F.);
#8955 = EDGE_CURVE('',#2270,#8948,#8956,.T.);
#8956 = LINE('',#8957,#8958);
#8957 = CARTESIAN_POINT('',(-4.762768775266,-3.2032,20.571228571429));
#8958 = VECTOR('',#8959,1.);
#8959 = DIRECTION('',(1.,0.,0.));
#8960 = PLANE('',#8961);
#8961 = AXIS2_PLACEMENT_3D('',#8962,#8963,#8964);
#8962 = CARTESIAN_POINT('',(-4.762768775266,-3.191871428571,20.6054));
#8963 = DIRECTION('',(0.,0.949197904157,-0.314679739965));
#8964 = DIRECTION('',(0.,-0.314679739965,-0.949197904157));
#8965 = ADVANCED_FACE('',(#8966),#8991,.T.);
#8966 = FACE_BOUND('',#8967,.T.);
#8967 = EDGE_LOOP('',(#8968,#8969,#8977,#8985));
#8968 = ORIENTED_EDGE('',*,*,#2261,.T.);
#8969 = ORIENTED_EDGE('',*,*,#8970,.T.);
#8970 = EDGE_CURVE('',#2262,#8971,#8973,.T.);
#8971 = VERTEX_POINT('',#8972);
#8972 = CARTESIAN_POINT('',(-4.162768775266,-3.2032,20.2336));
#8973 = LINE('',#8974,#8975);
#8974 = CARTESIAN_POINT('',(-4.762768775266,-3.2032,20.2336));
#8975 = VECTOR('',#8976,1.);
#8976 = DIRECTION('',(1.,0.,0.));
#8977 = ORIENTED_EDGE('',*,*,#8978,.T.);
#8978 = EDGE_CURVE('',#8971,#8979,#8981,.T.);
#8979 = VERTEX_POINT('',#8980);
#8980 = CARTESIAN_POINT('',(-4.162768775266,-3.197442857143,
    20.209828571429));
#8981 = LINE('',#8982,#8983);
#8982 = CARTESIAN_POINT('',(-4.162768775266,-3.2032,20.2336));
#8983 = VECTOR('',#8984,1.);
#8984 = DIRECTION('',(-0.,0.23538270084,-0.971902764759));
#8985 = ORIENTED_EDGE('',*,*,#8986,.F.);
#8986 = EDGE_CURVE('',#2254,#8979,#8987,.T.);
#8987 = LINE('',#8988,#8989);
#8988 = CARTESIAN_POINT('',(-4.762768775266,-3.197442857143,
    20.209828571429));
#8989 = VECTOR('',#8990,1.);
#8990 = DIRECTION('',(1.,0.,0.));
#8991 = PLANE('',#8992);
#8992 = AXIS2_PLACEMENT_3D('',#8993,#8994,#8995);
#8993 = CARTESIAN_POINT('',(-4.762768775266,-3.2032,20.2336));
#8994 = DIRECTION('',(-0.,0.971902764759,0.23538270084));
#8995 = DIRECTION('',(0.,0.23538270084,-0.971902764759));
#8996 = ADVANCED_FACE('',(#8997),#9015,.T.);
#8997 = FACE_BOUND('',#8998,.T.);
#8998 = EDGE_LOOP('',(#8999,#9000,#9001,#9009));
#8999 = ORIENTED_EDGE('',*,*,#2253,.T.);
#9000 = ORIENTED_EDGE('',*,*,#8986,.T.);
#9001 = ORIENTED_EDGE('',*,*,#9002,.T.);
#9002 = EDGE_CURVE('',#8979,#9003,#9005,.T.);
#9003 = VERTEX_POINT('',#9004);
#9004 = CARTESIAN_POINT('',(-4.162768775266,-3.186114285714,
    20.185871428571));
#9005 = LINE('',#9006,#9007);
#9006 = CARTESIAN_POINT('',(-4.162768775266,-3.197442857143,
    20.209828571429));
#9007 = VECTOR('',#9008,1.);
#9008 = DIRECTION('',(-0.,0.42748375785,-0.904023028896));
#9009 = ORIENTED_EDGE('',*,*,#9010,.F.);
#9010 = EDGE_CURVE('',#2246,#9003,#9011,.T.);
#9011 = LINE('',#9012,#9013);
#9012 = CARTESIAN_POINT('',(-4.762768775266,-3.186114285714,
    20.185871428571));
#9013 = VECTOR('',#9014,1.);
#9014 = DIRECTION('',(1.,0.,0.));
#9015 = PLANE('',#9016);
#9016 = AXIS2_PLACEMENT_3D('',#9017,#9018,#9019);
#9017 = CARTESIAN_POINT('',(-4.762768775266,-3.197442857143,
    20.209828571429));
#9018 = DIRECTION('',(-0.,0.904023028896,0.42748375785));
#9019 = DIRECTION('',(0.,0.42748375785,-0.904023028896));
#9020 = ADVANCED_FACE('',(#9021),#9039,.T.);
#9021 = FACE_BOUND('',#9022,.T.);
#9022 = EDGE_LOOP('',(#9023,#9024,#9025,#9033));
#9023 = ORIENTED_EDGE('',*,*,#2245,.T.);
#9024 = ORIENTED_EDGE('',*,*,#9010,.T.);
#9025 = ORIENTED_EDGE('',*,*,#9026,.T.);
#9026 = EDGE_CURVE('',#9003,#9027,#9029,.T.);
#9027 = VERTEX_POINT('',#9028);
#9028 = CARTESIAN_POINT('',(-4.162768775266,-3.1746,20.168228571429));
#9029 = LINE('',#9030,#9031);
#9030 = CARTESIAN_POINT('',(-4.162768775266,-3.186114285714,
    20.185871428571));
#9031 = VECTOR('',#9032,1.);
#9032 = DIRECTION('',(-0.,0.546536648242,-0.837435186822));
#9033 = ORIENTED_EDGE('',*,*,#9034,.F.);
#9034 = EDGE_CURVE('',#2238,#9027,#9035,.T.);
#9035 = LINE('',#9036,#9037);
#9036 = CARTESIAN_POINT('',(-4.762768775266,-3.1746,20.168228571429));
#9037 = VECTOR('',#9038,1.);
#9038 = DIRECTION('',(1.,0.,0.));
#9039 = PLANE('',#9040);
#9040 = AXIS2_PLACEMENT_3D('',#9041,#9042,#9043);
#9041 = CARTESIAN_POINT('',(-4.762768775266,-3.186114285714,
    20.185871428571));
#9042 = DIRECTION('',(-0.,0.837435186822,0.546536648242));
#9043 = DIRECTION('',(0.,0.546536648242,-0.837435186822));
#9044 = ADVANCED_FACE('',(#9045),#9063,.T.);
#9045 = FACE_BOUND('',#9046,.T.);
#9046 = EDGE_LOOP('',(#9047,#9048,#9049,#9057));
#9047 = ORIENTED_EDGE('',*,*,#2237,.T.);
#9048 = ORIENTED_EDGE('',*,*,#9034,.T.);
#9049 = ORIENTED_EDGE('',*,*,#9050,.T.);
#9050 = EDGE_CURVE('',#9027,#9051,#9053,.T.);
#9051 = VERTEX_POINT('',#9052);
#9052 = CARTESIAN_POINT('',(-4.162768775266,-3.157514285714,20.1504));
#9053 = LINE('',#9054,#9055);
#9054 = CARTESIAN_POINT('',(-4.162768775266,-3.1746,20.168228571429));
#9055 = VECTOR('',#9056,1.);
#9056 = DIRECTION('',(-0.,0.691905363236,-0.721988205115));
#9057 = ORIENTED_EDGE('',*,*,#9058,.F.);
#9058 = EDGE_CURVE('',#2230,#9051,#9059,.T.);
#9059 = LINE('',#9060,#9061);
#9060 = CARTESIAN_POINT('',(-4.762768775266,-3.157514285714,20.1504));
#9061 = VECTOR('',#9062,1.);
#9062 = DIRECTION('',(1.,0.,0.));
#9063 = PLANE('',#9064);
#9064 = AXIS2_PLACEMENT_3D('',#9065,#9066,#9067);
#9065 = CARTESIAN_POINT('',(-4.762768775266,-3.1746,20.168228571429));
#9066 = DIRECTION('',(-0.,0.721988205115,0.691905363236));
#9067 = DIRECTION('',(0.,0.691905363236,-0.721988205115));
#9068 = ADVANCED_FACE('',(#9069),#9087,.T.);
#9069 = FACE_BOUND('',#9070,.T.);
#9070 = EDGE_LOOP('',(#9071,#9072,#9073,#9081));
#9071 = ORIENTED_EDGE('',*,*,#2229,.T.);
#9072 = ORIENTED_EDGE('',*,*,#9058,.T.);
#9073 = ORIENTED_EDGE('',*,*,#9074,.T.);
#9074 = EDGE_CURVE('',#9051,#9075,#9077,.T.);
#9075 = VERTEX_POINT('',#9076);
#9076 = CARTESIAN_POINT('',(-4.162768775266,-3.140428571429,
    20.138514285714));
#9077 = LINE('',#9078,#9079);
#9078 = CARTESIAN_POINT('',(-4.162768775266,-3.157514285714,20.1504));
#9079 = VECTOR('',#9080,1.);
#9080 = DIRECTION('',(-0.,0.820905201785,-0.571064488199));
#9081 = ORIENTED_EDGE('',*,*,#9082,.F.);
#9082 = EDGE_CURVE('',#2222,#9075,#9083,.T.);
#9083 = LINE('',#9084,#9085);
#9084 = CARTESIAN_POINT('',(-4.762768775266,-3.140428571429,
    20.138514285714));
#9085 = VECTOR('',#9086,1.);
#9086 = DIRECTION('',(1.,0.,0.));
#9087 = PLANE('',#9088);
#9088 = AXIS2_PLACEMENT_3D('',#9089,#9090,#9091);
#9089 = CARTESIAN_POINT('',(-4.762768775266,-3.157514285714,20.1504));
#9090 = DIRECTION('',(-0.,0.571064488199,0.820905201785));
#9091 = DIRECTION('',(0.,0.820905201785,-0.571064488199));
#9092 = ADVANCED_FACE('',(#9093),#9111,.T.);
#9093 = FACE_BOUND('',#9094,.T.);
#9094 = EDGE_LOOP('',(#9095,#9096,#9097,#9105));
#9095 = ORIENTED_EDGE('',*,*,#2221,.T.);
#9096 = ORIENTED_EDGE('',*,*,#9082,.T.);
#9097 = ORIENTED_EDGE('',*,*,#9098,.T.);
#9098 = EDGE_CURVE('',#9075,#9099,#9101,.T.);
#9099 = VERTEX_POINT('',#9100);
#9100 = CARTESIAN_POINT('',(-4.162768775266,-3.123342857143,20.1205));
#9101 = LINE('',#9102,#9103);
#9102 = CARTESIAN_POINT('',(-4.162768775266,-3.140428571429,
    20.138514285714));
#9103 = VECTOR('',#9104,1.);
#9104 = DIRECTION('',(-0.,0.688159484156,-0.725559456121));
#9105 = ORIENTED_EDGE('',*,*,#9106,.F.);
#9106 = EDGE_CURVE('',#2214,#9099,#9107,.T.);
#9107 = LINE('',#9108,#9109);
#9108 = CARTESIAN_POINT('',(-4.762768775266,-3.123342857143,20.1205));
#9109 = VECTOR('',#9110,1.);
#9110 = DIRECTION('',(1.,0.,0.));
#9111 = PLANE('',#9112);
#9112 = AXIS2_PLACEMENT_3D('',#9113,#9114,#9115);
#9113 = CARTESIAN_POINT('',(-4.762768775266,-3.140428571429,
    20.138514285714));
#9114 = DIRECTION('',(-0.,0.725559456121,0.688159484156));
#9115 = DIRECTION('',(0.,0.688159484156,-0.725559456121));
#9116 = ADVANCED_FACE('',(#9117),#9135,.T.);
#9117 = FACE_BOUND('',#9118,.T.);
#9118 = EDGE_LOOP('',(#9119,#9120,#9121,#9129));
#9119 = ORIENTED_EDGE('',*,*,#2213,.T.);
#9120 = ORIENTED_EDGE('',*,*,#9106,.T.);
#9121 = ORIENTED_EDGE('',*,*,#9122,.T.);
#9122 = EDGE_CURVE('',#9099,#9123,#9125,.T.);
#9123 = VERTEX_POINT('',#9124);
#9124 = CARTESIAN_POINT('',(-4.162768775266,-3.1005,20.114742857143));
#9125 = LINE('',#9126,#9127);
#9126 = CARTESIAN_POINT('',(-4.162768775266,-3.123342857143,20.1205));
#9127 = VECTOR('',#9128,1.);
#9128 = DIRECTION('',(-0.,0.969676988372,-0.244390135281));
#9129 = ORIENTED_EDGE('',*,*,#9130,.F.);
#9130 = EDGE_CURVE('',#2206,#9123,#9131,.T.);
#9131 = LINE('',#9132,#9133);
#9132 = CARTESIAN_POINT('',(-4.762768775266,-3.1005,20.114742857143));
#9133 = VECTOR('',#9134,1.);
#9134 = DIRECTION('',(1.,0.,0.));
#9135 = PLANE('',#9136);
#9136 = AXIS2_PLACEMENT_3D('',#9137,#9138,#9139);
#9137 = CARTESIAN_POINT('',(-4.762768775266,-3.123342857143,20.1205));
#9138 = DIRECTION('',(-0.,0.244390135281,0.969676988372));
#9139 = DIRECTION('',(0.,0.969676988372,-0.244390135281));
#9140 = ADVANCED_FACE('',(#9141),#9166,.T.);
#9141 = FACE_BOUND('',#9142,.T.);
#9142 = EDGE_LOOP('',(#9143,#9144,#9152,#9160));
#9143 = ORIENTED_EDGE('',*,*,#2189,.T.);
#9144 = ORIENTED_EDGE('',*,*,#9145,.T.);
#9145 = EDGE_CURVE('',#2190,#9146,#9148,.T.);
#9146 = VERTEX_POINT('',#9147);
#9147 = CARTESIAN_POINT('',(-4.162768775266,-2.2048,18.522057142857));
#9148 = LINE('',#9149,#9150);
#9149 = CARTESIAN_POINT('',(-4.762768775266,-2.2048,18.522057142857));
#9150 = VECTOR('',#9151,1.);
#9151 = DIRECTION('',(1.,0.,0.));
#9152 = ORIENTED_EDGE('',*,*,#9153,.T.);
#9153 = EDGE_CURVE('',#9146,#9154,#9156,.T.);
#9154 = VERTEX_POINT('',#9155);
#9155 = CARTESIAN_POINT('',(-4.162768775266,-2.199042857143,
    18.498285714286));
#9156 = LINE('',#9157,#9158);
#9157 = CARTESIAN_POINT('',(-4.162768775266,-2.2048,18.522057142857));
#9158 = VECTOR('',#9159,1.);
#9159 = DIRECTION('',(-0.,0.23538270084,-0.971902764759));
#9160 = ORIENTED_EDGE('',*,*,#9161,.F.);
#9161 = EDGE_CURVE('',#2182,#9154,#9162,.T.);
#9162 = LINE('',#9163,#9164);
#9163 = CARTESIAN_POINT('',(-4.762768775266,-2.199042857143,
    18.498285714286));
#9164 = VECTOR('',#9165,1.);
#9165 = DIRECTION('',(1.,0.,0.));
#9166 = PLANE('',#9167);
#9167 = AXIS2_PLACEMENT_3D('',#9168,#9169,#9170);
#9168 = CARTESIAN_POINT('',(-4.762768775266,-2.2048,18.522057142857));
#9169 = DIRECTION('',(-0.,0.971902764759,0.23538270084));
#9170 = DIRECTION('',(0.,0.23538270084,-0.971902764759));
#9171 = ADVANCED_FACE('',(#9172),#9190,.T.);
#9172 = FACE_BOUND('',#9173,.T.);
#9173 = EDGE_LOOP('',(#9174,#9175,#9176,#9184));
#9174 = ORIENTED_EDGE('',*,*,#2181,.T.);
#9175 = ORIENTED_EDGE('',*,*,#9161,.T.);
#9176 = ORIENTED_EDGE('',*,*,#9177,.T.);
#9177 = EDGE_CURVE('',#9154,#9178,#9180,.T.);
#9178 = VERTEX_POINT('',#9179);
#9179 = CARTESIAN_POINT('',(-4.162768775266,-2.187714285714,
    18.480457142857));
#9180 = LINE('',#9181,#9182);
#9181 = CARTESIAN_POINT('',(-4.162768775266,-2.199042857143,
    18.498285714286));
#9182 = VECTOR('',#9183,1.);
#9183 = DIRECTION('',(-0.,0.536306481872,-0.844023315733));
#9184 = ORIENTED_EDGE('',*,*,#9185,.F.);
#9185 = EDGE_CURVE('',#2174,#9178,#9186,.T.);
#9186 = LINE('',#9187,#9188);
#9187 = CARTESIAN_POINT('',(-4.762768775266,-2.187714285714,
    18.480457142857));
#9188 = VECTOR('',#9189,1.);
#9189 = DIRECTION('',(1.,0.,0.));
#9190 = PLANE('',#9191);
#9191 = AXIS2_PLACEMENT_3D('',#9192,#9193,#9194);
#9192 = CARTESIAN_POINT('',(-4.762768775266,-2.199042857143,
    18.498285714286));
#9193 = DIRECTION('',(-0.,0.844023315733,0.536306481872));
#9194 = DIRECTION('',(0.,0.536306481872,-0.844023315733));
#9195 = ADVANCED_FACE('',(#9196),#9214,.T.);
#9196 = FACE_BOUND('',#9197,.T.);
#9197 = EDGE_LOOP('',(#9198,#9199,#9200,#9208));
#9198 = ORIENTED_EDGE('',*,*,#2173,.T.);
#9199 = ORIENTED_EDGE('',*,*,#9185,.T.);
#9200 = ORIENTED_EDGE('',*,*,#9201,.T.);
#9201 = EDGE_CURVE('',#9178,#9202,#9204,.T.);
#9202 = VERTEX_POINT('',#9203);
#9203 = CARTESIAN_POINT('',(-4.162768775266,-2.1762,18.462628571429));
#9204 = LINE('',#9205,#9206);
#9205 = CARTESIAN_POINT('',(-4.162768775266,-2.187714285714,
    18.480457142857));
#9206 = VECTOR('',#9207,1.);
#9207 = DIRECTION('',(-0.,0.542525431476,-0.840039377769));
#9208 = ORIENTED_EDGE('',*,*,#9209,.F.);
#9209 = EDGE_CURVE('',#2166,#9202,#9210,.T.);
#9210 = LINE('',#9211,#9212);
#9211 = CARTESIAN_POINT('',(-4.762768775266,-2.1762,18.462628571429));
#9212 = VECTOR('',#9213,1.);
#9213 = DIRECTION('',(1.,0.,0.));
#9214 = PLANE('',#9215);
#9215 = AXIS2_PLACEMENT_3D('',#9216,#9217,#9218);
#9216 = CARTESIAN_POINT('',(-4.762768775266,-2.187714285714,
    18.480457142857));
#9217 = DIRECTION('',(-0.,0.840039377769,0.542525431476));
#9218 = DIRECTION('',(0.,0.542525431476,-0.840039377769));
#9219 = ADVANCED_FACE('',(#9220),#9238,.T.);
#9220 = FACE_BOUND('',#9221,.T.);
#9221 = EDGE_LOOP('',(#9222,#9223,#9224,#9232));
#9222 = ORIENTED_EDGE('',*,*,#2165,.T.);
#9223 = ORIENTED_EDGE('',*,*,#9209,.T.);
#9224 = ORIENTED_EDGE('',*,*,#9225,.T.);
#9225 = EDGE_CURVE('',#9202,#9226,#9228,.T.);
#9226 = VERTEX_POINT('',#9227);
#9227 = CARTESIAN_POINT('',(-4.162768775266,-2.153542857143,
    18.432728571429));
#9228 = LINE('',#9229,#9230);
#9229 = CARTESIAN_POINT('',(-4.162768775266,-2.1762,18.462628571429));
#9230 = VECTOR('',#9231,1.);
#9231 = DIRECTION('',(-0.,0.603952995426,-0.797019936586));
#9232 = ORIENTED_EDGE('',*,*,#9233,.F.);
#9233 = EDGE_CURVE('',#2158,#9226,#9234,.T.);
#9234 = LINE('',#9235,#9236);
#9235 = CARTESIAN_POINT('',(-4.762768775266,-2.153542857143,
    18.432728571429));
#9236 = VECTOR('',#9237,1.);
#9237 = DIRECTION('',(1.,0.,0.));
#9238 = PLANE('',#9239);
#9239 = AXIS2_PLACEMENT_3D('',#9240,#9241,#9242);
#9240 = CARTESIAN_POINT('',(-4.762768775266,-2.1762,18.462628571429));
#9241 = DIRECTION('',(-0.,0.797019936586,0.603952995426));
#9242 = DIRECTION('',(0.,0.603952995426,-0.797019936586));
#9243 = ADVANCED_FACE('',(#9244),#9262,.T.);
#9244 = FACE_BOUND('',#9245,.T.);
#9245 = EDGE_LOOP('',(#9246,#9247,#9248,#9256));
#9246 = ORIENTED_EDGE('',*,*,#2157,.T.);
#9247 = ORIENTED_EDGE('',*,*,#9233,.T.);
#9248 = ORIENTED_EDGE('',*,*,#9249,.T.);
#9249 = EDGE_CURVE('',#9226,#9250,#9252,.T.);
#9250 = VERTEX_POINT('',#9251);
#9251 = CARTESIAN_POINT('',(-4.162768775266,-2.124942857143,
    18.415085714286));
#9252 = LINE('',#9253,#9254);
#9253 = CARTESIAN_POINT('',(-4.162768775266,-2.153542857143,
    18.432728571429));
#9254 = VECTOR('',#9255,1.);
#9255 = DIRECTION('',(-0.,0.851088556054,-0.525022161202));
#9256 = ORIENTED_EDGE('',*,*,#9257,.F.);
#9257 = EDGE_CURVE('',#2150,#9250,#9258,.T.);
#9258 = LINE('',#9259,#9260);
#9259 = CARTESIAN_POINT('',(-4.762768775266,-2.124942857143,
    18.415085714286));
#9260 = VECTOR('',#9261,1.);
#9261 = DIRECTION('',(1.,0.,0.));
#9262 = PLANE('',#9263);
#9263 = AXIS2_PLACEMENT_3D('',#9264,#9265,#9266);
#9264 = CARTESIAN_POINT('',(-4.762768775266,-2.153542857143,
    18.432728571429));
#9265 = DIRECTION('',(-0.,0.525022161202,0.851088556054));
#9266 = DIRECTION('',(0.,0.851088556054,-0.525022161202));
#9267 = ADVANCED_FACE('',(#9268),#9286,.T.);
#9268 = FACE_BOUND('',#9269,.T.);
#9269 = EDGE_LOOP('',(#9270,#9271,#9272,#9280));
#9270 = ORIENTED_EDGE('',*,*,#2149,.T.);
#9271 = ORIENTED_EDGE('',*,*,#9257,.T.);
#9272 = ORIENTED_EDGE('',*,*,#9273,.T.);
#9273 = EDGE_CURVE('',#9250,#9274,#9276,.T.);
#9274 = VERTEX_POINT('',#9275);
#9275 = CARTESIAN_POINT('',(-4.162768775266,-2.090771428571,18.4032));
#9276 = LINE('',#9277,#9278);
#9277 = CARTESIAN_POINT('',(-4.162768775266,-2.124942857143,
    18.415085714286));
#9278 = VECTOR('',#9279,1.);
#9279 = DIRECTION('',(-0.,0.944496796706,-0.328520624941));
#9280 = ORIENTED_EDGE('',*,*,#9281,.F.);
#9281 = EDGE_CURVE('',#2142,#9274,#9282,.T.);
#9282 = LINE('',#9283,#9284);
#9283 = CARTESIAN_POINT('',(-4.762768775266,-2.090771428571,18.4032));
#9284 = VECTOR('',#9285,1.);
#9285 = DIRECTION('',(1.,0.,0.));
#9286 = PLANE('',#9287);
#9287 = AXIS2_PLACEMENT_3D('',#9288,#9289,#9290);
#9288 = CARTESIAN_POINT('',(-4.762768775266,-2.124942857143,
    18.415085714286));
#9289 = DIRECTION('',(-0.,0.328520624941,0.944496796706));
#9290 = DIRECTION('',(0.,0.944496796706,-0.328520624941));
#9291 = ADVANCED_FACE('',(#9292),#9317,.T.);
#9292 = FACE_BOUND('',#9293,.T.);
#9293 = EDGE_LOOP('',(#9294,#9295,#9303,#9311));
#9294 = ORIENTED_EDGE('',*,*,#2133,.T.);
#9295 = ORIENTED_EDGE('',*,*,#9296,.T.);
#9296 = EDGE_CURVE('',#2134,#9297,#9299,.T.);
#9297 = VERTEX_POINT('',#9298);
#9298 = CARTESIAN_POINT('',(-4.162768775266,-1.765585714286,18.4032));
#9299 = LINE('',#9300,#9301);
#9300 = CARTESIAN_POINT('',(-4.762768775266,-1.765585714286,18.4032));
#9301 = VECTOR('',#9302,1.);
#9302 = DIRECTION('',(1.,0.,0.));
#9303 = ORIENTED_EDGE('',*,*,#9304,.T.);
#9304 = EDGE_CURVE('',#9297,#9305,#9307,.T.);
#9305 = VERTEX_POINT('',#9306);
#9306 = CARTESIAN_POINT('',(-4.162768775266,-1.742742857143,
    18.408957142857));
#9307 = LINE('',#9308,#9309);
#9308 = CARTESIAN_POINT('',(-4.162768775266,-1.765585714286,18.4032));
#9309 = VECTOR('',#9310,1.);
#9310 = DIRECTION('',(0.,0.969676988372,0.244390135281));
#9311 = ORIENTED_EDGE('',*,*,#9312,.F.);
#9312 = EDGE_CURVE('',#2126,#9305,#9313,.T.);
#9313 = LINE('',#9314,#9315);
#9314 = CARTESIAN_POINT('',(-4.762768775266,-1.742742857143,
    18.408957142857));
#9315 = VECTOR('',#9316,1.);
#9316 = DIRECTION('',(1.,0.,0.));
#9317 = PLANE('',#9318);
#9318 = AXIS2_PLACEMENT_3D('',#9319,#9320,#9321);
#9319 = CARTESIAN_POINT('',(-4.762768775266,-1.765585714286,18.4032));
#9320 = DIRECTION('',(0.,-0.244390135281,0.969676988372));
#9321 = DIRECTION('',(0.,0.969676988372,0.244390135281));
#9322 = ADVANCED_FACE('',(#9323),#9341,.T.);
#9323 = FACE_BOUND('',#9324,.T.);
#9324 = EDGE_LOOP('',(#9325,#9326,#9327,#9335));
#9325 = ORIENTED_EDGE('',*,*,#2125,.T.);
#9326 = ORIENTED_EDGE('',*,*,#9312,.T.);
#9327 = ORIENTED_EDGE('',*,*,#9328,.T.);
#9328 = EDGE_CURVE('',#9305,#9329,#9331,.T.);
#9329 = VERTEX_POINT('',#9330);
#9330 = CARTESIAN_POINT('',(-4.162768775266,-1.714142857143,
    18.414528571429));
#9331 = LINE('',#9332,#9333);
#9332 = CARTESIAN_POINT('',(-4.162768775266,-1.742742857143,
    18.408957142857));
#9333 = VECTOR('',#9334,1.);
#9334 = DIRECTION('',(0.,0.981548987081,0.191210841639));
#9335 = ORIENTED_EDGE('',*,*,#9336,.F.);
#9336 = EDGE_CURVE('',#2118,#9329,#9337,.T.);
#9337 = LINE('',#9338,#9339);
#9338 = CARTESIAN_POINT('',(-4.762768775266,-1.714142857143,
    18.414528571429));
#9339 = VECTOR('',#9340,1.);
#9340 = DIRECTION('',(1.,0.,0.));
#9341 = PLANE('',#9342);
#9342 = AXIS2_PLACEMENT_3D('',#9343,#9344,#9345);
#9343 = CARTESIAN_POINT('',(-4.762768775266,-1.742742857143,
    18.408957142857));
#9344 = DIRECTION('',(0.,-0.191210841639,0.981548987081));
#9345 = DIRECTION('',(0.,0.981548987081,0.191210841639));
#9346 = ADVANCED_FACE('',(#9347),#9365,.T.);
#9347 = FACE_BOUND('',#9348,.T.);
#9348 = EDGE_LOOP('',(#9349,#9350,#9351,#9359));
#9349 = ORIENTED_EDGE('',*,*,#2117,.T.);
#9350 = ORIENTED_EDGE('',*,*,#9336,.T.);
#9351 = ORIENTED_EDGE('',*,*,#9352,.T.);
#9352 = EDGE_CURVE('',#9329,#9353,#9355,.T.);
#9353 = VERTEX_POINT('',#9354);
#9354 = CARTESIAN_POINT('',(-4.162768775266,-1.6913,18.4318));
#9355 = LINE('',#9356,#9357);
#9356 = CARTESIAN_POINT('',(-4.162768775266,-1.714142857143,
    18.414528571429));
#9357 = VECTOR('',#9358,1.);
#9358 = DIRECTION('',(0.,0.797659331282,0.603108274872));
#9359 = ORIENTED_EDGE('',*,*,#9360,.F.);
#9360 = EDGE_CURVE('',#2110,#9353,#9361,.T.);
#9361 = LINE('',#9362,#9363);
#9362 = CARTESIAN_POINT('',(-4.762768775266,-1.6913,18.4318));
#9363 = VECTOR('',#9364,1.);
#9364 = DIRECTION('',(1.,0.,0.));
#9365 = PLANE('',#9366);
#9366 = AXIS2_PLACEMENT_3D('',#9367,#9368,#9369);
#9367 = CARTESIAN_POINT('',(-4.762768775266,-1.714142857143,
    18.414528571429));
#9368 = DIRECTION('',(0.,-0.603108274872,0.797659331282));
#9369 = DIRECTION('',(0.,0.797659331282,0.603108274872));
#9370 = ADVANCED_FACE('',(#9371),#9389,.T.);
#9371 = FACE_BOUND('',#9372,.T.);
#9372 = EDGE_LOOP('',(#9373,#9374,#9375,#9383));
#9373 = ORIENTED_EDGE('',*,*,#2109,.T.);
#9374 = ORIENTED_EDGE('',*,*,#9360,.T.);
#9375 = ORIENTED_EDGE('',*,*,#9376,.T.);
#9376 = EDGE_CURVE('',#9353,#9377,#9379,.T.);
#9377 = VERTEX_POINT('',#9378);
#9378 = CARTESIAN_POINT('',(-4.162768775266,-1.668457142857,
    18.448885714286));
#9379 = LINE('',#9380,#9381);
#9380 = CARTESIAN_POINT('',(-4.162768775266,-1.6913,18.4318));
#9381 = VECTOR('',#9382,1.);
#9382 = DIRECTION('',(0.,0.80078057117,0.598957825591));
#9383 = ORIENTED_EDGE('',*,*,#9384,.F.);
#9384 = EDGE_CURVE('',#2102,#9377,#9385,.T.);
#9385 = LINE('',#9386,#9387);
#9386 = CARTESIAN_POINT('',(-4.762768775266,-1.668457142857,
    18.448885714286));
#9387 = VECTOR('',#9388,1.);
#9388 = DIRECTION('',(1.,0.,0.));
#9389 = PLANE('',#9390);
#9390 = AXIS2_PLACEMENT_3D('',#9391,#9392,#9393);
#9391 = CARTESIAN_POINT('',(-4.762768775266,-1.6913,18.4318));
#9392 = DIRECTION('',(0.,-0.598957825591,0.80078057117));
#9393 = DIRECTION('',(0.,0.80078057117,0.598957825591));
#9394 = ADVANCED_FACE('',(#9395),#9413,.T.);
#9395 = FACE_BOUND('',#9396,.T.);
#9396 = EDGE_LOOP('',(#9397,#9398,#9399,#9407));
#9397 = ORIENTED_EDGE('',*,*,#2101,.T.);
#9398 = ORIENTED_EDGE('',*,*,#9384,.T.);
#9399 = ORIENTED_EDGE('',*,*,#9400,.T.);
#9400 = EDGE_CURVE('',#9377,#9401,#9403,.T.);
#9401 = VERTEX_POINT('',#9402);
#9402 = CARTESIAN_POINT('',(-4.162768775266,-1.657128571429,
    18.471728571429));
#9403 = LINE('',#9404,#9405);
#9404 = CARTESIAN_POINT('',(-4.162768775266,-1.668457142857,
    18.448885714286));
#9405 = VECTOR('',#9406,1.);
#9406 = DIRECTION('',(0.,0.444297794845,0.895879160097));
#9407 = ORIENTED_EDGE('',*,*,#9408,.F.);
#9408 = EDGE_CURVE('',#2094,#9401,#9409,.T.);
#9409 = LINE('',#9410,#9411);
#9410 = CARTESIAN_POINT('',(-4.762768775266,-1.657128571429,
    18.471728571429));
#9411 = VECTOR('',#9412,1.);
#9412 = DIRECTION('',(1.,0.,0.));
#9413 = PLANE('',#9414);
#9414 = AXIS2_PLACEMENT_3D('',#9415,#9416,#9417);
#9415 = CARTESIAN_POINT('',(-4.762768775266,-1.668457142857,
    18.448885714286));
#9416 = DIRECTION('',(0.,-0.895879160097,0.444297794845));
#9417 = DIRECTION('',(0.,0.444297794845,0.895879160097));
#9418 = ADVANCED_FACE('',(#9419),#9437,.T.);
#9419 = FACE_BOUND('',#9420,.T.);
#9420 = EDGE_LOOP('',(#9421,#9422,#9423,#9431));
#9421 = ORIENTED_EDGE('',*,*,#2093,.T.);
#9422 = ORIENTED_EDGE('',*,*,#9408,.T.);
#9423 = ORIENTED_EDGE('',*,*,#9424,.T.);
#9424 = EDGE_CURVE('',#9401,#9425,#9427,.T.);
#9425 = VERTEX_POINT('',#9426);
#9426 = CARTESIAN_POINT('',(-4.162768775266,-1.645614285714,
    18.494571428571));
#9427 = LINE('',#9428,#9429);
#9428 = CARTESIAN_POINT('',(-4.162768775266,-1.657128571429,
    18.471728571429));
#9429 = VECTOR('',#9430,1.);
#9430 = DIRECTION('',(0.,0.450115207469,0.892970492237));
#9431 = ORIENTED_EDGE('',*,*,#9432,.F.);
#9432 = EDGE_CURVE('',#2086,#9425,#9433,.T.);
#9433 = LINE('',#9434,#9435);
#9434 = CARTESIAN_POINT('',(-4.762768775266,-1.645614285714,
    18.494571428571));
#9435 = VECTOR('',#9436,1.);
#9436 = DIRECTION('',(1.,0.,0.));
#9437 = PLANE('',#9438);
#9438 = AXIS2_PLACEMENT_3D('',#9439,#9440,#9441);
#9439 = CARTESIAN_POINT('',(-4.762768775266,-1.657128571429,
    18.471728571429));
#9440 = DIRECTION('',(0.,-0.892970492237,0.450115207469));
#9441 = DIRECTION('',(0.,0.450115207469,0.892970492237));
#9442 = ADVANCED_FACE('',(#9443),#9461,.T.);
#9443 = FACE_BOUND('',#9444,.T.);
#9444 = EDGE_LOOP('',(#9445,#9446,#9447,#9455));
#9445 = ORIENTED_EDGE('',*,*,#2085,.T.);
#9446 = ORIENTED_EDGE('',*,*,#9432,.T.);
#9447 = ORIENTED_EDGE('',*,*,#9448,.T.);
#9448 = EDGE_CURVE('',#9425,#9449,#9451,.T.);
#9449 = VERTEX_POINT('',#9450);
#9450 = CARTESIAN_POINT('',(-4.162768775266,-1.634285714286,
    18.522985714286));
#9451 = LINE('',#9452,#9453);
#9452 = CARTESIAN_POINT('',(-4.162768775266,-1.645614285714,
    18.494571428571));
#9453 = VECTOR('',#9454,1.);
#9454 = DIRECTION('',(0.,0.370343680353,0.92889480482));
#9455 = ORIENTED_EDGE('',*,*,#9456,.F.);
#9456 = EDGE_CURVE('',#2078,#9449,#9457,.T.);
#9457 = LINE('',#9458,#9459);
#9458 = CARTESIAN_POINT('',(-4.762768775266,-1.634285714286,
    18.522985714286));
#9459 = VECTOR('',#9460,1.);
#9460 = DIRECTION('',(1.,0.,0.));
#9461 = PLANE('',#9462);
#9462 = AXIS2_PLACEMENT_3D('',#9463,#9464,#9465);
#9463 = CARTESIAN_POINT('',(-4.762768775266,-1.645614285714,
    18.494571428571));
#9464 = DIRECTION('',(0.,-0.92889480482,0.370343680353));
#9465 = DIRECTION('',(0.,0.370343680353,0.92889480482));
#9466 = ADVANCED_FACE('',(#9467),#9473,.T.);
#9467 = FACE_BOUND('',#9468,.T.);
#9468 = EDGE_LOOP('',(#9469,#9470,#9471,#9472));
#9469 = ORIENTED_EDGE('',*,*,#2539,.F.);
#9470 = ORIENTED_EDGE('',*,*,#5117,.T.);
#9471 = ORIENTED_EDGE('',*,*,#3689,.T.);
#9472 = ORIENTED_EDGE('',*,*,#3623,.F.);
#9473 = PLANE('',#9474);
#9474 = AXIS2_PLACEMENT_3D('',#9475,#9476,#9477);
#9475 = CARTESIAN_POINT('',(4.662768775266,-4.662768775266,-3.));
#9476 = DIRECTION('',(1.,0.,-0.));
#9477 = DIRECTION('',(0.,0.,1.));
#9478 = ADVANCED_FACE('',(#9479),#9521,.T.);
#9479 = FACE_BOUND('',#9480,.T.);
#9480 = EDGE_LOOP('',(#9481,#9482,#9483,#9484,#9485,#9486,#9487,#9488,
    #9489,#9495,#9496,#9497,#9498,#9499,#9500,#9501,#9502,#9508,#9509,
    #9510,#9511,#9512,#9513,#9514,#9515,#9516,#9517,#9518,#9519,#9520));
#9481 = ORIENTED_EDGE('',*,*,#2967,.F.);
#9482 = ORIENTED_EDGE('',*,*,#2587,.T.);
#9483 = ORIENTED_EDGE('',*,*,#3606,.F.);
#9484 = ORIENTED_EDGE('',*,*,#3582,.F.);
#9485 = ORIENTED_EDGE('',*,*,#3558,.F.);
#9486 = ORIENTED_EDGE('',*,*,#3534,.F.);
#9487 = ORIENTED_EDGE('',*,*,#3510,.F.);
#9488 = ORIENTED_EDGE('',*,*,#3486,.F.);
#9489 = ORIENTED_EDGE('',*,*,#9490,.F.);
#9490 = EDGE_CURVE('',#3456,#3479,#9491,.T.);
#9491 = LINE('',#9492,#9493);
#9492 = CARTESIAN_POINT('',(-4.162768775266,-4.167428571429,
    22.334028571429));
#9493 = VECTOR('',#9494,1.);
#9494 = DIRECTION('',(0.,-0.80078057117,0.598957825591));
#9495 = ORIENTED_EDGE('',*,*,#3455,.F.);
#9496 = ORIENTED_EDGE('',*,*,#3431,.F.);
#9497 = ORIENTED_EDGE('',*,*,#3407,.F.);
#9498 = ORIENTED_EDGE('',*,*,#3383,.F.);
#9499 = ORIENTED_EDGE('',*,*,#3359,.F.);
#9500 = ORIENTED_EDGE('',*,*,#3335,.F.);
#9501 = ORIENTED_EDGE('',*,*,#3311,.F.);
#9502 = ORIENTED_EDGE('',*,*,#9503,.F.);
#9503 = EDGE_CURVE('',#3281,#3304,#9504,.T.);
#9504 = LINE('',#9505,#9506);
#9505 = CARTESIAN_POINT('',(-4.162768775266,-4.058971428571,
    22.111542857143));
#9506 = VECTOR('',#9507,1.);
#9507 = DIRECTION('',(0.,0.,1.));
#9508 = ORIENTED_EDGE('',*,*,#3280,.F.);
#9509 = ORIENTED_EDGE('',*,*,#3256,.F.);
#9510 = ORIENTED_EDGE('',*,*,#3232,.F.);
#9511 = ORIENTED_EDGE('',*,*,#3208,.F.);
#9512 = ORIENTED_EDGE('',*,*,#3184,.F.);
#9513 = ORIENTED_EDGE('',*,*,#3160,.F.);
#9514 = ORIENTED_EDGE('',*,*,#3136,.F.);
#9515 = ORIENTED_EDGE('',*,*,#3112,.F.);
#9516 = ORIENTED_EDGE('',*,*,#3088,.F.);
#9517 = ORIENTED_EDGE('',*,*,#3064,.F.);
#9518 = ORIENTED_EDGE('',*,*,#3040,.F.);
#9519 = ORIENTED_EDGE('',*,*,#3016,.F.);
#9520 = ORIENTED_EDGE('',*,*,#2992,.F.);
#9521 = PLANE('',#9522);
#9522 = AXIS2_PLACEMENT_3D('',#9523,#9524,#9525);
#9523 = CARTESIAN_POINT('',(-4.162768775266,-4.961582549904,
    20.235371698725));
#9524 = DIRECTION('',(-1.,0.,0.));
#9525 = DIRECTION('',(0.,-1.,0.));
#9526 = ADVANCED_FACE('',(#9527),#9562,.T.);
#9527 = FACE_BOUND('',#9528,.T.);
#9528 = EDGE_LOOP('',(#9529,#9530,#9531,#9532,#9533,#9534,#9535,#9536,
    #9537,#9538,#9539,#9545,#9546,#9552,#9553,#9554,#9555,#9556));
#9529 = ORIENTED_EDGE('',*,*,#2564,.T.);
#9530 = ORIENTED_EDGE('',*,*,#2951,.F.);
#9531 = ORIENTED_EDGE('',*,*,#2927,.F.);
#9532 = ORIENTED_EDGE('',*,*,#2903,.F.);
#9533 = ORIENTED_EDGE('',*,*,#2879,.F.);
#9534 = ORIENTED_EDGE('',*,*,#2855,.F.);
#9535 = ORIENTED_EDGE('',*,*,#2831,.F.);
#9536 = ORIENTED_EDGE('',*,*,#2807,.F.);
#9537 = ORIENTED_EDGE('',*,*,#2783,.F.);
#9538 = ORIENTED_EDGE('',*,*,#2759,.F.);
#9539 = ORIENTED_EDGE('',*,*,#9540,.F.);
#9540 = EDGE_CURVE('',#2729,#2752,#9541,.T.);
#9541 = LINE('',#9542,#9543);
#9542 = CARTESIAN_POINT('',(-4.162768775266,-4.2016,18.540071428571));
#9543 = VECTOR('',#9544,1.);
#9544 = DIRECTION('',(0.,0.,1.));
#9545 = ORIENTED_EDGE('',*,*,#2728,.F.);
#9546 = ORIENTED_EDGE('',*,*,#9547,.F.);
#9547 = EDGE_CURVE('',#2698,#2721,#9548,.T.);
#9548 = LINE('',#9549,#9550);
#9549 = CARTESIAN_POINT('',(-4.162768775266,-4.225371428571,
    18.465971428571));
#9550 = VECTOR('',#9551,1.);
#9551 = DIRECTION('',(0.,0.571064488199,0.820905201785));
#9552 = ORIENTED_EDGE('',*,*,#2697,.F.);
#9553 = ORIENTED_EDGE('',*,*,#2673,.F.);
#9554 = ORIENTED_EDGE('',*,*,#2649,.F.);
#9555 = ORIENTED_EDGE('',*,*,#2625,.F.);
#9556 = ORIENTED_EDGE('',*,*,#9557,.F.);
#9557 = EDGE_CURVE('',#2557,#2618,#9558,.T.);
#9558 = LINE('',#9559,#9560);
#9559 = CARTESIAN_POINT('',(-4.162768775266,-4.338471428571,18.4032));
#9560 = VECTOR('',#9561,1.);
#9561 = DIRECTION('',(0.,1.,0.));
#9562 = PLANE('',#9563);
#9563 = AXIS2_PLACEMENT_3D('',#9564,#9565,#9566);
#9564 = CARTESIAN_POINT('',(-4.162768775266,-4.961582549904,
    20.235371698725));
#9565 = DIRECTION('',(-1.,0.,0.));
#9566 = DIRECTION('',(0.,-1.,0.));
#9567 = ADVANCED_FACE('',(#9568),#9591,.T.);
#9568 = FACE_BOUND('',#9569,.T.);
#9569 = EDGE_LOOP('',(#9570,#9577,#9585,#9590));
#9570 = ORIENTED_EDGE('',*,*,#9571,.F.);
#9571 = EDGE_CURVE('',#9572,#3642,#9574,.T.);
#9572 = VERTEX_POINT('',#9573);
#9573 = CARTESIAN_POINT('',(0.831384387633,1.44,40.));
#9574 = B_SPLINE_CURVE_WITH_KNOTS('',1,(#9575,#9576),.UNSPECIFIED.,.F.,
  .F.,(2,2),(0.,1.),.PIECEWISE_BEZIER_KNOTS.);
#9575 = CARTESIAN_POINT('',(0.831384387633,1.44,40.));
#9576 = CARTESIAN_POINT('',(1.293264602985,2.24,40.801));
#9577 = ORIENTED_EDGE('',*,*,#9578,.T.);
#9578 = EDGE_CURVE('',#9572,#9579,#9581,.T.);
#9579 = VERTEX_POINT('',#9580);
#9580 = CARTESIAN_POINT('',(1.662768775266,1.018152229176E-16,40.));
#9581 = LINE('',#9582,#9583);
#9582 = CARTESIAN_POINT('',(0.831384387633,1.44,40.));
#9583 = VECTOR('',#9584,1.);
#9584 = DIRECTION('',(0.5,-0.866025403784,0.));
#9585 = ORIENTED_EDGE('',*,*,#9586,.T.);
#9586 = EDGE_CURVE('',#9579,#3640,#9587,.T.);
#9587 = B_SPLINE_CURVE_WITH_KNOTS('',1,(#9588,#9589),.UNSPECIFIED.,.F.,
  .F.,(2,2),(0.,1.),.PIECEWISE_BEZIER_KNOTS.);
#9588 = CARTESIAN_POINT('',(1.662768775266,0.,40.));
#9589 = CARTESIAN_POINT('',(2.58652920597,0.,40.801));
#9590 = ORIENTED_EDGE('',*,*,#3639,.T.);
#9591 = B_SPLINE_SURFACE_WITH_KNOTS('',1,1,(
    (#9592,#9593)
    ,(#9594,#9595
    )),.UNSPECIFIED.,.F.,.F.,.F.,(2,2),(2,2),(0.,2.58652920597),(0.,1.),
  .PIECEWISE_BEZIER_KNOTS.);
#9592 = CARTESIAN_POINT('',(0.831384387633,1.44,40.));
#9593 = CARTESIAN_POINT('',(1.293264602985,2.24,40.801));
#9594 = CARTESIAN_POINT('',(1.662768775266,0.,40.));
#9595 = CARTESIAN_POINT('',(2.58652920597,0.,40.801));
#9596 = ADVANCED_FACE('',(#9597),#9614,.T.);
#9597 = FACE_BOUND('',#9598,.T.);
#9598 = EDGE_LOOP('',(#9599,#9606,#9612,#9613));
#9599 = ORIENTED_EDGE('',*,*,#9600,.F.);
#9600 = EDGE_CURVE('',#9601,#3670,#9603,.T.);
#9601 = VERTEX_POINT('',#9602);
#9602 = CARTESIAN_POINT('',(-0.831384387633,1.44,40.));
#9603 = B_SPLINE_CURVE_WITH_KNOTS('',1,(#9604,#9605),.UNSPECIFIED.,.F.,
  .F.,(2,2),(0.,1.),.PIECEWISE_BEZIER_KNOTS.);
#9604 = CARTESIAN_POINT('',(-0.831384387633,1.44,40.));
#9605 = CARTESIAN_POINT('',(-1.293264602985,2.24,40.801));
#9606 = ORIENTED_EDGE('',*,*,#9607,.T.);
#9607 = EDGE_CURVE('',#9601,#9572,#9608,.T.);
#9608 = LINE('',#9609,#9610);
#9609 = CARTESIAN_POINT('',(-0.831384387633,1.44,40.));
#9610 = VECTOR('',#9611,1.);
#9611 = DIRECTION('',(1.,-1.335390754433E-16,0.));
#9612 = ORIENTED_EDGE('',*,*,#9571,.T.);
#9613 = ORIENTED_EDGE('',*,*,#3676,.T.);
#9614 = B_SPLINE_SURFACE_WITH_KNOTS('',1,1,(
    (#9615,#9616)
    ,(#9617,#9618
    )),.UNSPECIFIED.,.F.,.F.,.F.,(2,2),(2,2),(0.,2.58652920597),(0.,1.),
  .PIECEWISE_BEZIER_KNOTS.);
#9615 = CARTESIAN_POINT('',(-0.831384387633,1.44,40.));
#9616 = CARTESIAN_POINT('',(-1.293264602985,2.24,40.801));
#9617 = CARTESIAN_POINT('',(0.831384387633,1.44,40.));
#9618 = CARTESIAN_POINT('',(1.293264602985,2.24,40.801));
#9619 = ADVANCED_FACE('',(#9620),#9637,.T.);
#9620 = FACE_BOUND('',#9621,.T.);
#9621 = EDGE_LOOP('',(#9622,#9629,#9635,#9636));
#9622 = ORIENTED_EDGE('',*,*,#9623,.F.);
#9623 = EDGE_CURVE('',#9624,#3663,#9626,.T.);
#9624 = VERTEX_POINT('',#9625);
#9625 = CARTESIAN_POINT('',(-1.662768775266,-3.054456687528E-16,40.));
#9626 = B_SPLINE_CURVE_WITH_KNOTS('',1,(#9627,#9628),.UNSPECIFIED.,.F.,
  .F.,(2,2),(0.,1.),.PIECEWISE_BEZIER_KNOTS.);
#9627 = CARTESIAN_POINT('',(-1.662768775266,-2.22044604925E-16,40.));
#9628 = CARTESIAN_POINT('',(-2.58652920597,-4.440892098501E-16,40.801));
#9629 = ORIENTED_EDGE('',*,*,#9630,.T.);
#9630 = EDGE_CURVE('',#9624,#9601,#9631,.T.);
#9631 = LINE('',#9632,#9633);
#9632 = CARTESIAN_POINT('',(-1.662768775266,-3.054456687528E-16,40.));
#9633 = VECTOR('',#9634,1.);
#9634 = DIRECTION('',(0.5,0.866025403784,0.));
#9635 = ORIENTED_EDGE('',*,*,#9600,.T.);
#9636 = ORIENTED_EDGE('',*,*,#3669,.T.);
#9637 = B_SPLINE_SURFACE_WITH_KNOTS('',1,1,(
    (#9638,#9639)
    ,(#9640,#9641
    )),.UNSPECIFIED.,.F.,.F.,.F.,(2,2),(2,2),(0.,2.58652920597),(0.,1.),
  .PIECEWISE_BEZIER_KNOTS.);
#9638 = CARTESIAN_POINT('',(-1.662768775266,-3.054456687528E-16,40.));
#9639 = CARTESIAN_POINT('',(-2.58652920597,-4.751377069488E-16,40.801));
#9640 = CARTESIAN_POINT('',(-0.831384387633,1.44,40.));
#9641 = CARTESIAN_POINT('',(-1.293264602985,2.24,40.801));
#9642 = ADVANCED_FACE('',(#9643),#9660,.T.);
#9643 = FACE_BOUND('',#9644,.T.);
#9644 = EDGE_LOOP('',(#9645,#9652,#9658,#9659));
#9645 = ORIENTED_EDGE('',*,*,#9646,.F.);
#9646 = EDGE_CURVE('',#9647,#3656,#9649,.T.);
#9647 = VERTEX_POINT('',#9648);
#9648 = CARTESIAN_POINT('',(-0.831384387633,-1.44,40.));
#9649 = B_SPLINE_CURVE_WITH_KNOTS('',1,(#9650,#9651),.UNSPECIFIED.,.F.,
  .F.,(2,2),(0.,1.),.PIECEWISE_BEZIER_KNOTS.);
#9650 = CARTESIAN_POINT('',(-0.831384387633,-1.44,40.));
#9651 = CARTESIAN_POINT('',(-1.293264602985,-2.24,40.801));
#9652 = ORIENTED_EDGE('',*,*,#9653,.T.);
#9653 = EDGE_CURVE('',#9647,#9624,#9654,.T.);
#9654 = LINE('',#9655,#9656);
#9655 = CARTESIAN_POINT('',(-0.831384387633,-1.44,40.));
#9656 = VECTOR('',#9657,1.);
#9657 = DIRECTION('',(-0.5,0.866025403784,0.));
#9658 = ORIENTED_EDGE('',*,*,#9623,.T.);
#9659 = ORIENTED_EDGE('',*,*,#3662,.T.);
#9660 = B_SPLINE_SURFACE_WITH_KNOTS('',1,1,(
    (#9661,#9662)
    ,(#9663,#9664
    )),.UNSPECIFIED.,.F.,.F.,.F.,(2,2),(2,2),(0.,2.58652920597),(0.,1.),
  .PIECEWISE_BEZIER_KNOTS.);
#9661 = CARTESIAN_POINT('',(-0.831384387633,-1.44,40.));
#9662 = CARTESIAN_POINT('',(-1.293264602985,-2.24,40.801));
#9663 = CARTESIAN_POINT('',(-1.662768775266,-2.22044604925E-16,40.));
#9664 = CARTESIAN_POINT('',(-2.58652920597,-4.440892098501E-16,40.801));
#9665 = ADVANCED_FACE('',(#9666),#9683,.T.);
#9666 = FACE_BOUND('',#9667,.T.);
#9667 = EDGE_LOOP('',(#9668,#9675,#9681,#9682));
#9668 = ORIENTED_EDGE('',*,*,#9669,.F.);
#9669 = EDGE_CURVE('',#9670,#3649,#9672,.T.);
#9670 = VERTEX_POINT('',#9671);
#9671 = CARTESIAN_POINT('',(0.831384387633,-1.44,40.));
#9672 = B_SPLINE_CURVE_WITH_KNOTS('',1,(#9673,#9674),.UNSPECIFIED.,.F.,
  .F.,(2,2),(0.,1.),.PIECEWISE_BEZIER_KNOTS.);
#9673 = CARTESIAN_POINT('',(0.831384387633,-1.44,40.));
#9674 = CARTESIAN_POINT('',(1.293264602985,-2.24,40.801));
#9675 = ORIENTED_EDGE('',*,*,#9676,.T.);
#9676 = EDGE_CURVE('',#9670,#9647,#9677,.T.);
#9677 = LINE('',#9678,#9679);
#9678 = CARTESIAN_POINT('',(0.831384387633,-1.44,40.));
#9679 = VECTOR('',#9680,1.);
#9680 = DIRECTION('',(-1.,-4.006172263299E-16,0.));
#9681 = ORIENTED_EDGE('',*,*,#9646,.T.);
#9682 = ORIENTED_EDGE('',*,*,#3655,.T.);
#9683 = B_SPLINE_SURFACE_WITH_KNOTS('',1,1,(
    (#9684,#9685)
    ,(#9686,#9687
    )),.UNSPECIFIED.,.F.,.F.,.F.,(2,2),(2,2),(0.,2.58652920597),(0.,1.),
  .PIECEWISE_BEZIER_KNOTS.);
#9684 = CARTESIAN_POINT('',(0.831384387633,-1.44,40.));
#9685 = CARTESIAN_POINT('',(1.293264602985,-2.24,40.801));
#9686 = CARTESIAN_POINT('',(-0.831384387633,-1.44,40.));
#9687 = CARTESIAN_POINT('',(-1.293264602985,-2.24,40.801));
#9688 = ADVANCED_FACE('',(#9689),#9700,.T.);
#9689 = FACE_BOUND('',#9690,.T.);
#9690 = EDGE_LOOP('',(#9691,#9692,#9698,#9699));
#9691 = ORIENTED_EDGE('',*,*,#9586,.F.);
#9692 = ORIENTED_EDGE('',*,*,#9693,.T.);
#9693 = EDGE_CURVE('',#9579,#9670,#9694,.T.);
#9694 = LINE('',#9695,#9696);
#9695 = CARTESIAN_POINT('',(1.662768775266,1.018152229176E-16,40.));
#9696 = VECTOR('',#9697,1.);
#9697 = DIRECTION('',(-0.5,-0.866025403784,0.));
#9698 = ORIENTED_EDGE('',*,*,#9669,.T.);
#9699 = ORIENTED_EDGE('',*,*,#3648,.T.);
#9700 = B_SPLINE_SURFACE_WITH_KNOTS('',1,1,(
    (#9701,#9702)
    ,(#9703,#9704
    )),.UNSPECIFIED.,.F.,.F.,.F.,(2,2),(2,2),(0.,2.58652920597),(0.,1.),
  .PIECEWISE_BEZIER_KNOTS.);
#9701 = CARTESIAN_POINT('',(1.662768775266,1.018152229176E-16,40.));
#9702 = CARTESIAN_POINT('',(2.58652920597,1.583792356496E-16,40.801));
#9703 = CARTESIAN_POINT('',(0.831384387633,-1.44,40.));
#9704 = CARTESIAN_POINT('',(1.293264602985,-2.24,40.801));
#9705 = ADVANCED_FACE('',(#9706),#9788,.T.);
#9706 = FACE_BOUND('',#9707,.T.);
#9707 = EDGE_LOOP('',(#9708,#9709,#9715,#9716,#9717,#9718,#9719,#9720,
    #9721,#9722,#9723,#9724,#9725,#9726,#9727,#9728,#9729,#9730,#9731,
    #9732,#9738,#9739,#9740,#9741,#9742,#9743,#9744,#9745,#9746,#9747,
    #9748,#9749,#9750,#9751,#9752,#9753,#9754,#9755,#9756,#9757,#9758,
    #9759,#9765,#9766,#9774,#9782));
#9708 = ORIENTED_EDGE('',*,*,#3735,.F.);
#9709 = ORIENTED_EDGE('',*,*,#9710,.F.);
#9710 = EDGE_CURVE('',#4696,#3728,#9711,.T.);
#9711 = LINE('',#9712,#9713);
#9712 = CARTESIAN_POINT('',(-4.162768775266,4.475157142857,
    20.114742857143));
#9713 = VECTOR('',#9714,1.);
#9714 = DIRECTION('',(0.,1.,0.));
#9715 = ORIENTED_EDGE('',*,*,#4695,.F.);
#9716 = ORIENTED_EDGE('',*,*,#4671,.F.);
#9717 = ORIENTED_EDGE('',*,*,#4647,.F.);
#9718 = ORIENTED_EDGE('',*,*,#4623,.F.);
#9719 = ORIENTED_EDGE('',*,*,#4599,.F.);
#9720 = ORIENTED_EDGE('',*,*,#4575,.F.);
#9721 = ORIENTED_EDGE('',*,*,#4551,.F.);
#9722 = ORIENTED_EDGE('',*,*,#4527,.F.);
#9723 = ORIENTED_EDGE('',*,*,#4503,.F.);
#9724 = ORIENTED_EDGE('',*,*,#4479,.F.);
#9725 = ORIENTED_EDGE('',*,*,#4455,.F.);
#9726 = ORIENTED_EDGE('',*,*,#4431,.F.);
#9727 = ORIENTED_EDGE('',*,*,#4407,.F.);
#9728 = ORIENTED_EDGE('',*,*,#4383,.F.);
#9729 = ORIENTED_EDGE('',*,*,#4359,.F.);
#9730 = ORIENTED_EDGE('',*,*,#4335,.F.);
#9731 = ORIENTED_EDGE('',*,*,#4311,.F.);
#9732 = ORIENTED_EDGE('',*,*,#9733,.F.);
#9733 = EDGE_CURVE('',#4281,#4304,#9734,.T.);
#9734 = LINE('',#9735,#9736);
#9735 = CARTESIAN_POINT('',(-4.162768775266,3.916342857143,
    20.639571428571));
#9736 = VECTOR('',#9737,1.);
#9737 = DIRECTION('',(0.,0.,-1.));
#9738 = ORIENTED_EDGE('',*,*,#4280,.F.);
#9739 = ORIENTED_EDGE('',*,*,#4256,.F.);
#9740 = ORIENTED_EDGE('',*,*,#4232,.F.);
#9741 = ORIENTED_EDGE('',*,*,#4208,.F.);
#9742 = ORIENTED_EDGE('',*,*,#4184,.F.);
#9743 = ORIENTED_EDGE('',*,*,#4160,.F.);
#9744 = ORIENTED_EDGE('',*,*,#4136,.F.);
#9745 = ORIENTED_EDGE('',*,*,#4112,.F.);
#9746 = ORIENTED_EDGE('',*,*,#4088,.F.);
#9747 = ORIENTED_EDGE('',*,*,#4064,.F.);
#9748 = ORIENTED_EDGE('',*,*,#4040,.F.);
#9749 = ORIENTED_EDGE('',*,*,#4016,.F.);
#9750 = ORIENTED_EDGE('',*,*,#3992,.F.);
#9751 = ORIENTED_EDGE('',*,*,#3968,.F.);
#9752 = ORIENTED_EDGE('',*,*,#3944,.F.);
#9753 = ORIENTED_EDGE('',*,*,#3920,.F.);
#9754 = ORIENTED_EDGE('',*,*,#3896,.F.);
#9755 = ORIENTED_EDGE('',*,*,#3872,.F.);
#9756 = ORIENTED_EDGE('',*,*,#3848,.F.);
#9757 = ORIENTED_EDGE('',*,*,#3824,.F.);
#9758 = ORIENTED_EDGE('',*,*,#3800,.F.);
#9759 = ORIENTED_EDGE('',*,*,#9760,.F.);
#9760 = EDGE_CURVE('',#3768,#3793,#9761,.T.);
#9761 = LINE('',#9762,#9763);
#9762 = CARTESIAN_POINT('',(-4.162768775266,4.475342857143,22.3968));
#9763 = VECTOR('',#9764,1.);
#9764 = DIRECTION('',(0.,-1.,0.));
#9765 = ORIENTED_EDGE('',*,*,#3767,.F.);
#9766 = ORIENTED_EDGE('',*,*,#9767,.F.);
#9767 = EDGE_CURVE('',#9768,#3760,#9770,.T.);
#9768 = VERTEX_POINT('',#9769);
#9769 = CARTESIAN_POINT('',(-4.162768775266,4.486857142857,
    21.826285714286));
#9770 = LINE('',#9771,#9772);
#9771 = CARTESIAN_POINT('',(-4.162768775266,4.486857142857,
    21.826285714286));
#9772 = VECTOR('',#9773,1.);
#9773 = DIRECTION('',(0.,1.,0.));
#9774 = ORIENTED_EDGE('',*,*,#9775,.F.);
#9775 = EDGE_CURVE('',#9776,#9768,#9778,.T.);
#9776 = VERTEX_POINT('',#9777);
#9777 = CARTESIAN_POINT('',(-4.162768775266,4.486857142857,
    20.685257142857));
#9778 = LINE('',#9779,#9780);
#9779 = CARTESIAN_POINT('',(-4.162768775266,4.486857142857,
    20.685257142857));
#9780 = VECTOR('',#9781,1.);
#9781 = DIRECTION('',(0.,0.,1.));
#9782 = ORIENTED_EDGE('',*,*,#9783,.F.);
#9783 = EDGE_CURVE('',#3736,#9776,#9784,.T.);
#9784 = LINE('',#9785,#9786);
#9785 = CARTESIAN_POINT('',(-4.162768775266,5.342628571429,
    20.685257142857));
#9786 = VECTOR('',#9787,1.);
#9787 = DIRECTION('',(0.,-1.,0.));
#9788 = PLANE('',#9789);
#9789 = AXIS2_PLACEMENT_3D('',#9790,#9791,#9792);
#9790 = CARTESIAN_POINT('',(-4.162768775266,4.918832986725,
    20.363677528333));
#9791 = DIRECTION('',(-1.,0.,0.));
#9792 = DIRECTION('',(0.,-1.,0.));
#9793 = ADVANCED_FACE('',(#9794),#9812,.T.);
#9794 = FACE_BOUND('',#9795,.T.);
#9795 = EDGE_LOOP('',(#9796,#9804,#9810,#9811));
#9796 = ORIENTED_EDGE('',*,*,#9797,.T.);
#9797 = EDGE_CURVE('',#3752,#9798,#9800,.T.);
#9798 = VERTEX_POINT('',#9799);
#9799 = CARTESIAN_POINT('',(-4.662768775266,4.486857142857,
    21.826285714286));
#9800 = LINE('',#9801,#9802);
#9801 = CARTESIAN_POINT('',(-4.662768775266,-8.795581620449E-02,
    21.826285714286));
#9802 = VECTOR('',#9803,1.);
#9803 = DIRECTION('',(0.,-1.,0.));
#9804 = ORIENTED_EDGE('',*,*,#9805,.T.);
#9805 = EDGE_CURVE('',#9798,#9768,#9806,.T.);
#9806 = LINE('',#9807,#9808);
#9807 = CARTESIAN_POINT('',(-4.762768775266,4.486857142857,
    21.826285714286));
#9808 = VECTOR('',#9809,1.);
#9809 = DIRECTION('',(1.,0.,0.));
#9810 = ORIENTED_EDGE('',*,*,#9767,.T.);
#9811 = ORIENTED_EDGE('',*,*,#3759,.F.);
#9812 = PLANE('',#9813);
#9813 = AXIS2_PLACEMENT_3D('',#9814,#9815,#9816);
#9814 = CARTESIAN_POINT('',(-4.762768775266,4.486857142857,
    21.826285714286));
#9815 = DIRECTION('',(0.,0.,1.));
#9816 = DIRECTION('',(0.,1.,0.));
#9817 = ADVANCED_FACE('',(#9818),#9836,.F.);
#9818 = FACE_BOUND('',#9819,.F.);
#9819 = EDGE_LOOP('',(#9820,#9828,#9829,#9830));
#9820 = ORIENTED_EDGE('',*,*,#9821,.T.);
#9821 = EDGE_CURVE('',#9822,#3744,#9824,.T.);
#9822 = VERTEX_POINT('',#9823);
#9823 = CARTESIAN_POINT('',(-4.662768775266,4.486857142857,
    20.685257142857));
#9824 = LINE('',#9825,#9826);
#9825 = CARTESIAN_POINT('',(-4.662768775266,0.339929898081,
    20.685257142857));
#9826 = VECTOR('',#9827,1.);
#9827 = DIRECTION('',(0.,1.,0.));
#9828 = ORIENTED_EDGE('',*,*,#3751,.T.);
#9829 = ORIENTED_EDGE('',*,*,#9797,.T.);
#9830 = ORIENTED_EDGE('',*,*,#9831,.T.);
#9831 = EDGE_CURVE('',#9798,#9822,#9832,.T.);
#9832 = LINE('',#9833,#9834);
#9833 = CARTESIAN_POINT('',(-4.662768775266,4.486857142857,
    8.842628571429));
#9834 = VECTOR('',#9835,1.);
#9835 = DIRECTION('',(0.,-0.,-1.));
#9836 = PLANE('',#9837);
#9837 = AXIS2_PLACEMENT_3D('',#9838,#9839,#9840);
#9838 = CARTESIAN_POINT('',(-4.662768775266,-4.662768775266,-3.));
#9839 = DIRECTION('',(1.,0.,-0.));
#9840 = DIRECTION('',(0.,0.,1.));
#9841 = ADVANCED_FACE('',(#9842),#9853,.T.);
#9842 = FACE_BOUND('',#9843,.T.);
#9843 = EDGE_LOOP('',(#9844,#9845,#9846,#9852));
#9844 = ORIENTED_EDGE('',*,*,#3743,.F.);
#9845 = ORIENTED_EDGE('',*,*,#9783,.T.);
#9846 = ORIENTED_EDGE('',*,*,#9847,.F.);
#9847 = EDGE_CURVE('',#9822,#9776,#9848,.T.);
#9848 = LINE('',#9849,#9850);
#9849 = CARTESIAN_POINT('',(-4.762768775266,4.486857142857,
    20.685257142857));
#9850 = VECTOR('',#9851,1.);
#9851 = DIRECTION('',(1.,0.,0.));
#9852 = ORIENTED_EDGE('',*,*,#9821,.T.);
#9853 = PLANE('',#9854);
#9854 = AXIS2_PLACEMENT_3D('',#9855,#9856,#9857);
#9855 = CARTESIAN_POINT('',(-4.762768775266,5.342628571429,
    20.685257142857));
#9856 = DIRECTION('',(0.,0.,-1.));
#9857 = DIRECTION('',(0.,-1.,0.));
#9858 = ADVANCED_FACE('',(#9859),#9896,.T.);
#9859 = FACE_BOUND('',#9860,.T.);
#9860 = EDGE_LOOP('',(#9861,#9867,#9868,#9874,#9875,#9876,#9877,#9878,
    #9879,#9880,#9881,#9882,#9888,#9889,#9890,#9891,#9892,#9893,#9894,
    #9895));
#9861 = ORIENTED_EDGE('',*,*,#9862,.F.);
#9862 = EDGE_CURVE('',#3713,#4719,#9863,.T.);
#9863 = LINE('',#9864,#9865);
#9864 = CARTESIAN_POINT('',(-4.162768775266,4.0547,18.973714285714));
#9865 = VECTOR('',#9866,1.);
#9866 = DIRECTION('',(0.,-1.,0.));
#9867 = ORIENTED_EDGE('',*,*,#3712,.F.);
#9868 = ORIENTED_EDGE('',*,*,#9869,.F.);
#9869 = EDGE_CURVE('',#5094,#3705,#9870,.T.);
#9870 = LINE('',#9871,#9872);
#9871 = CARTESIAN_POINT('',(-4.162768775266,4.048757142857,18.4032));
#9872 = VECTOR('',#9873,1.);
#9873 = DIRECTION('',(0.,1.,0.));
#9874 = ORIENTED_EDGE('',*,*,#5093,.F.);
#9875 = ORIENTED_EDGE('',*,*,#5069,.F.);
#9876 = ORIENTED_EDGE('',*,*,#5045,.F.);
#9877 = ORIENTED_EDGE('',*,*,#5021,.F.);
#9878 = ORIENTED_EDGE('',*,*,#4997,.F.);
#9879 = ORIENTED_EDGE('',*,*,#4973,.F.);
#9880 = ORIENTED_EDGE('',*,*,#4949,.F.);
#9881 = ORIENTED_EDGE('',*,*,#4925,.F.);
#9882 = ORIENTED_EDGE('',*,*,#9883,.F.);
#9883 = EDGE_CURVE('',#4895,#4918,#9884,.T.);
#9884 = LINE('',#9885,#9886);
#9885 = CARTESIAN_POINT('',(-4.162768775266,3.916342857143,
    18.540071428571));
#9886 = VECTOR('',#9887,1.);
#9887 = DIRECTION('',(0.,0.,-1.));
#9888 = ORIENTED_EDGE('',*,*,#4894,.F.);
#9889 = ORIENTED_EDGE('',*,*,#4870,.F.);
#9890 = ORIENTED_EDGE('',*,*,#4846,.F.);
#9891 = ORIENTED_EDGE('',*,*,#4822,.F.);
#9892 = ORIENTED_EDGE('',*,*,#4798,.F.);
#9893 = ORIENTED_EDGE('',*,*,#4774,.F.);
#9894 = ORIENTED_EDGE('',*,*,#4750,.F.);
#9895 = ORIENTED_EDGE('',*,*,#4726,.F.);
#9896 = PLANE('',#9897);
#9897 = AXIS2_PLACEMENT_3D('',#9898,#9899,#9900);
#9898 = CARTESIAN_POINT('',(-4.162768775266,4.918832986725,
    20.363677528333));
#9899 = DIRECTION('',(-1.,0.,0.));
#9900 = DIRECTION('',(0.,-1.,0.));
#9901 = ADVANCED_FACE('',(#9902),#9921,.F.);
#9902 = FACE_BOUND('',#9903,.F.);
#9903 = EDGE_LOOP('',(#9904,#9912,#9919,#9920));
#9904 = ORIENTED_EDGE('',*,*,#9905,.T.);
#9905 = EDGE_CURVE('',#5127,#9906,#9908,.T.);
#9906 = VERTEX_POINT('',#9907);
#9907 = CARTESIAN_POINT('',(0.5,-1.224646799147E-16,0.));
#9908 = LINE('',#9909,#9910);
#9909 = CARTESIAN_POINT('',(0.5,-1.224646799147E-16,-3.1));
#9910 = VECTOR('',#9911,1.);
#9911 = DIRECTION('',(0.,0.,1.));
#9912 = ORIENTED_EDGE('',*,*,#9913,.F.);
#9913 = EDGE_CURVE('',#9906,#9906,#9914,.T.);
#9914 = CIRCLE('',#9915,0.5);
#9915 = AXIS2_PLACEMENT_3D('',#9916,#9917,#9918);
#9916 = CARTESIAN_POINT('',(0.,0.,0.));
#9917 = DIRECTION('',(0.,0.,1.));
#9918 = DIRECTION('',(1.,0.,-0.));
#9919 = ORIENTED_EDGE('',*,*,#9905,.F.);
#9920 = ORIENTED_EDGE('',*,*,#5126,.T.);
#9921 = CYLINDRICAL_SURFACE('',#9922,0.5);
#9922 = AXIS2_PLACEMENT_3D('',#9923,#9924,#9925);
#9923 = CARTESIAN_POINT('',(0.,0.,-3.1));
#9924 = DIRECTION('',(0.,0.,1.));
#9925 = DIRECTION('',(1.,0.,-0.));
#9926 = ADVANCED_FACE('',(#9927),#10041,.T.);
#9927 = FACE_BOUND('',#9928,.F.);
#9928 = EDGE_LOOP('',(#9929,#9935,#9936,#9937,#9943,#9944,#9945,#9946,
    #9947,#9948,#9949,#9955,#9956,#9957,#9963,#9964,#9965,#9971,#9972,
    #9973,#9974,#9975,#9976,#9977,#9983,#9984,#9985,#9991,#9992,#9993,
    #9999,#10000,#10001,#10002,#10003,#10004,#10005,#10011,#10012,#10013
    ,#10019,#10020,#10021,#10027,#10028,#10029,#10030,#10031,#10032,
    #10033,#10039,#10040));
#9929 = ORIENTED_EDGE('',*,*,#9930,.T.);
#9930 = EDGE_CURVE('',#6166,#5145,#9931,.T.);
#9931 = LINE('',#9932,#9933);
#9932 = CARTESIAN_POINT('',(-4.162768775266,2.490057142857,
    18.831085714286));
#9933 = VECTOR('',#9934,1.);
#9934 = DIRECTION('',(0.,0.,-1.));
#9935 = ORIENTED_EDGE('',*,*,#5152,.T.);
#9936 = ORIENTED_EDGE('',*,*,#5176,.T.);
#9937 = ORIENTED_EDGE('',*,*,#9938,.T.);
#9938 = EDGE_CURVE('',#5177,#5200,#9939,.T.);
#9939 = LINE('',#9940,#9941);
#9940 = CARTESIAN_POINT('',(-4.162768775266,2.524228571429,
    18.665614285714));
#9941 = VECTOR('',#9942,1.);
#9942 = DIRECTION('',(-0.,0.393403152889,-0.919366063816));
#9943 = ORIENTED_EDGE('',*,*,#5207,.T.);
#9944 = ORIENTED_EDGE('',*,*,#5231,.T.);
#9945 = ORIENTED_EDGE('',*,*,#5255,.T.);
#9946 = ORIENTED_EDGE('',*,*,#5279,.T.);
#9947 = ORIENTED_EDGE('',*,*,#5303,.T.);
#9948 = ORIENTED_EDGE('',*,*,#5327,.T.);
#9949 = ORIENTED_EDGE('',*,*,#9950,.T.);
#9950 = EDGE_CURVE('',#5328,#5351,#9951,.T.);
#9951 = LINE('',#9952,#9953);
#9952 = CARTESIAN_POINT('',(-4.162768775266,2.758228571429,
    18.437371428571));
#9953 = VECTOR('',#9954,1.);
#9954 = DIRECTION('',(-0.,0.919366063816,-0.393403152889));
#9955 = ORIENTED_EDGE('',*,*,#5358,.T.);
#9956 = ORIENTED_EDGE('',*,*,#5382,.T.);
#9957 = ORIENTED_EDGE('',*,*,#9958,.T.);
#9958 = EDGE_CURVE('',#5383,#5406,#9959,.T.);
#9959 = LINE('',#9960,#9961);
#9960 = CARTESIAN_POINT('',(-4.162768775266,2.917942857143,18.4032));
#9961 = VECTOR('',#9962,1.);
#9962 = DIRECTION('',(0.,1.,0.));
#9963 = ORIENTED_EDGE('',*,*,#5413,.T.);
#9964 = ORIENTED_EDGE('',*,*,#5437,.T.);
#9965 = ORIENTED_EDGE('',*,*,#9966,.T.);
#9966 = EDGE_CURVE('',#5438,#5461,#9967,.T.);
#9967 = LINE('',#9968,#9969);
#9968 = CARTESIAN_POINT('',(-4.162768775266,3.083414285714,
    18.437371428571));
#9969 = VECTOR('',#9970,1.);
#9970 = DIRECTION('',(0.,0.919366063816,0.393403152889));
#9971 = ORIENTED_EDGE('',*,*,#5468,.T.);
#9972 = ORIENTED_EDGE('',*,*,#5492,.T.);
#9973 = ORIENTED_EDGE('',*,*,#5516,.T.);
#9974 = ORIENTED_EDGE('',*,*,#5540,.T.);
#9975 = ORIENTED_EDGE('',*,*,#5564,.T.);
#9976 = ORIENTED_EDGE('',*,*,#5588,.T.);
#9977 = ORIENTED_EDGE('',*,*,#9978,.T.);
#9978 = EDGE_CURVE('',#5589,#5612,#9979,.T.);
#9979 = LINE('',#9980,#9981);
#9980 = CARTESIAN_POINT('',(-4.162768775266,3.311657142857,
    18.671371428571));
#9981 = VECTOR('',#9982,1.);
#9982 = DIRECTION('',(0.,0.393403152889,0.919366063816));
#9983 = ORIENTED_EDGE('',*,*,#5619,.T.);
#9984 = ORIENTED_EDGE('',*,*,#5643,.T.);
#9985 = ORIENTED_EDGE('',*,*,#9986,.T.);
#9986 = EDGE_CURVE('',#5644,#5667,#9987,.T.);
#9987 = LINE('',#9988,#9989);
#9988 = CARTESIAN_POINT('',(-4.162768775266,3.345828571429,
    18.831085714286));
#9989 = VECTOR('',#9990,1.);
#9990 = DIRECTION('',(0.,0.,1.));
#9991 = ORIENTED_EDGE('',*,*,#5674,.T.);
#9992 = ORIENTED_EDGE('',*,*,#5698,.T.);
#9993 = ORIENTED_EDGE('',*,*,#9994,.T.);
#9994 = EDGE_CURVE('',#5699,#5722,#9995,.T.);
#9995 = LINE('',#9996,#9997);
#9996 = CARTESIAN_POINT('',(-4.162768775266,3.311657142857,
    18.996557142857));
#9997 = VECTOR('',#9998,1.);
#9998 = DIRECTION('',(0.,-0.393403152889,0.919366063816));
#9999 = ORIENTED_EDGE('',*,*,#5729,.T.);
#10000 = ORIENTED_EDGE('',*,*,#5753,.T.);
#10001 = ORIENTED_EDGE('',*,*,#5777,.T.);
#10002 = ORIENTED_EDGE('',*,*,#5801,.T.);
#10003 = ORIENTED_EDGE('',*,*,#5825,.T.);
#10004 = ORIENTED_EDGE('',*,*,#5849,.T.);
#10005 = ORIENTED_EDGE('',*,*,#10006,.T.);
#10006 = EDGE_CURVE('',#5850,#5873,#10007,.T.);
#10007 = LINE('',#10008,#10009);
#10008 = CARTESIAN_POINT('',(-4.162768775266,3.077657142857,19.2248));
#10009 = VECTOR('',#10010,1.);
#10010 = DIRECTION('',(0.,-0.919366063816,0.393403152889));
#10011 = ORIENTED_EDGE('',*,*,#5880,.T.);
#10012 = ORIENTED_EDGE('',*,*,#5904,.T.);
#10013 = ORIENTED_EDGE('',*,*,#10014,.T.);
#10014 = EDGE_CURVE('',#5905,#5928,#10015,.T.);
#10015 = LINE('',#10016,#10017);
#10016 = CARTESIAN_POINT('',(-4.162768775266,2.917942857143,
    19.258971428571));
#10017 = VECTOR('',#10018,1.);
#10018 = DIRECTION('',(0.,-1.,0.));
#10019 = ORIENTED_EDGE('',*,*,#5935,.T.);
#10020 = ORIENTED_EDGE('',*,*,#5959,.T.);
#10021 = ORIENTED_EDGE('',*,*,#10022,.T.);
#10022 = EDGE_CURVE('',#5960,#5983,#10023,.T.);
#10023 = LINE('',#10024,#10025);
#10024 = CARTESIAN_POINT('',(-4.162768775266,2.752471428571,19.2248));
#10025 = VECTOR('',#10026,1.);
#10026 = DIRECTION('',(0.,-0.919366063816,-0.393403152889));
#10027 = ORIENTED_EDGE('',*,*,#5990,.T.);
#10028 = ORIENTED_EDGE('',*,*,#6014,.T.);
#10029 = ORIENTED_EDGE('',*,*,#6038,.T.);
#10030 = ORIENTED_EDGE('',*,*,#6062,.T.);
#10031 = ORIENTED_EDGE('',*,*,#6086,.T.);
#10032 = ORIENTED_EDGE('',*,*,#6110,.T.);
#10033 = ORIENTED_EDGE('',*,*,#10034,.T.);
#10034 = EDGE_CURVE('',#6111,#6134,#10035,.T.);
#10035 = LINE('',#10036,#10037);
#10036 = CARTESIAN_POINT('',(-4.162768775266,2.524228571429,18.9908));
#10037 = VECTOR('',#10038,1.);
#10038 = DIRECTION('',(0.,-0.393403152889,-0.919366063816));
#10039 = ORIENTED_EDGE('',*,*,#6141,.T.);
#10040 = ORIENTED_EDGE('',*,*,#6165,.T.);
#10041 = PLANE('',#10042);
#10042 = AXIS2_PLACEMENT_3D('',#10043,#10044,#10045);
#10043 = CARTESIAN_POINT('',(-4.162768775266,2.917942857143,
    18.831085714286));
#10044 = DIRECTION('',(-1.,0.,0.));
#10045 = DIRECTION('',(0.,-1.,0.));
#10046 = ADVANCED_FACE('',(#10047),#10168,.T.);
#10047 = FACE_BOUND('',#10048,.F.);
#10048 = EDGE_LOOP('',(#10049,#10055,#10056,#10057,#10058,#10059,#10060,
    #10061,#10067,#10068,#10069,#10070,#10071,#10072,#10073,#10074,
    #10075,#10076,#10077,#10078,#10084,#10085,#10086,#10087,#10088,
    #10094,#10095,#10096,#10097,#10098,#10099,#10100,#10101,#10102,
    #10103,#10104,#10105,#10106,#10107,#10108,#10109,#10110,#10116,
    #10117,#10118,#10119,#10120,#10121,#10122,#10123,#10124,#10125,
    #10126,#10127,#10128,#10129,#10130,#10131,#10132,#10133,#10134,
    #10135,#10136,#10142,#10143,#10144,#10145,#10146,#10147,#10148,
    #10149,#10150,#10151,#10152,#10153,#10154,#10155,#10156,#10157,
    #10158,#10159,#10160,#10161,#10162,#10163,#10164,#10165,#10166,
    #10167));
#10049 = ORIENTED_EDGE('',*,*,#10050,.T.);
#10050 = EDGE_CURVE('',#8200,#6189,#10051,.T.);
#10051 = LINE('',#10052,#10053);
#10052 = CARTESIAN_POINT('',(-4.162768775266,1.919542857143,
    22.259928571429));
#10053 = VECTOR('',#10054,1.);
#10054 = DIRECTION('',(0.,0.,1.));
#10055 = ORIENTED_EDGE('',*,*,#6196,.T.);
#10056 = ORIENTED_EDGE('',*,*,#6220,.T.);
#10057 = ORIENTED_EDGE('',*,*,#6244,.T.);
#10058 = ORIENTED_EDGE('',*,*,#6268,.T.);
#10059 = ORIENTED_EDGE('',*,*,#6292,.T.);
#10060 = ORIENTED_EDGE('',*,*,#6316,.T.);
#10061 = ORIENTED_EDGE('',*,*,#10062,.T.);
#10062 = EDGE_CURVE('',#6317,#6340,#10063,.T.);
#10063 = LINE('',#10064,#10065);
#10064 = CARTESIAN_POINT('',(-4.162768775266,5.534285714286E-02,22.3968)
  );
#10065 = VECTOR('',#10066,1.);
#10066 = DIRECTION('',(0.,-1.,0.));
#10067 = ORIENTED_EDGE('',*,*,#6347,.T.);
#10068 = ORIENTED_EDGE('',*,*,#6371,.T.);
#10069 = ORIENTED_EDGE('',*,*,#6395,.T.);
#10070 = ORIENTED_EDGE('',*,*,#6419,.T.);
#10071 = ORIENTED_EDGE('',*,*,#6443,.T.);
#10072 = ORIENTED_EDGE('',*,*,#6467,.T.);
#10073 = ORIENTED_EDGE('',*,*,#6491,.T.);
#10074 = ORIENTED_EDGE('',*,*,#6515,.T.);
#10075 = ORIENTED_EDGE('',*,*,#6539,.T.);
#10076 = ORIENTED_EDGE('',*,*,#6563,.T.);
#10077 = ORIENTED_EDGE('',*,*,#6587,.T.);
#10078 = ORIENTED_EDGE('',*,*,#10079,.T.);
#10079 = EDGE_CURVE('',#6588,#6611,#10080,.T.);
#10080 = LINE('',#10081,#10082);
#10081 = CARTESIAN_POINT('',(-4.162768775266,-4.958571428571E-02,21.8833
    ));
#10082 = VECTOR('',#10083,1.);
#10083 = DIRECTION('',(-0.,0.546267780547,-0.837610596839));
#10084 = ORIENTED_EDGE('',*,*,#6618,.T.);
#10085 = ORIENTED_EDGE('',*,*,#6642,.T.);
#10086 = ORIENTED_EDGE('',*,*,#6666,.T.);
#10087 = ORIENTED_EDGE('',*,*,#6690,.T.);
#10088 = ORIENTED_EDGE('',*,*,#10089,.T.);
#10089 = EDGE_CURVE('',#6691,#6714,#10090,.T.);
#10090 = LINE('',#10091,#10092);
#10091 = CARTESIAN_POINT('',(-4.162768775266,6.11E-02,21.826285714286));
#10092 = VECTOR('',#10093,1.);
#10093 = DIRECTION('',(0.,1.,0.));
#10094 = ORIENTED_EDGE('',*,*,#6721,.T.);
#10095 = ORIENTED_EDGE('',*,*,#6745,.T.);
#10096 = ORIENTED_EDGE('',*,*,#6769,.T.);
#10097 = ORIENTED_EDGE('',*,*,#6793,.T.);
#10098 = ORIENTED_EDGE('',*,*,#6817,.T.);
#10099 = ORIENTED_EDGE('',*,*,#6841,.T.);
#10100 = ORIENTED_EDGE('',*,*,#6865,.T.);
#10101 = ORIENTED_EDGE('',*,*,#6889,.T.);
#10102 = ORIENTED_EDGE('',*,*,#6913,.T.);
#10103 = ORIENTED_EDGE('',*,*,#6937,.T.);
#10104 = ORIENTED_EDGE('',*,*,#6961,.T.);
#10105 = ORIENTED_EDGE('',*,*,#6985,.T.);
#10106 = ORIENTED_EDGE('',*,*,#7009,.T.);
#10107 = ORIENTED_EDGE('',*,*,#7033,.T.);
#10108 = ORIENTED_EDGE('',*,*,#7057,.T.);
#10109 = ORIENTED_EDGE('',*,*,#7081,.T.);
#10110 = ORIENTED_EDGE('',*,*,#10111,.T.);
#10111 = EDGE_CURVE('',#7082,#7105,#10112,.T.);
#10112 = LINE('',#10113,#10114);
#10113 = CARTESIAN_POINT('',(-4.162768775266,-7.725714285714E-02,
    18.928028571429));
#10114 = VECTOR('',#10115,1.);
#10115 = DIRECTION('',(0.,0.,-1.));
#10116 = ORIENTED_EDGE('',*,*,#7112,.T.);
#10117 = ORIENTED_EDGE('',*,*,#7136,.T.);
#10118 = ORIENTED_EDGE('',*,*,#7160,.T.);
#10119 = ORIENTED_EDGE('',*,*,#7184,.T.);
#10120 = ORIENTED_EDGE('',*,*,#7208,.T.);
#10121 = ORIENTED_EDGE('',*,*,#7232,.T.);
#10122 = ORIENTED_EDGE('',*,*,#7256,.T.);
#10123 = ORIENTED_EDGE('',*,*,#7280,.T.);
#10124 = ORIENTED_EDGE('',*,*,#7304,.T.);
#10125 = ORIENTED_EDGE('',*,*,#7328,.T.);
#10126 = ORIENTED_EDGE('',*,*,#7352,.T.);
#10127 = ORIENTED_EDGE('',*,*,#7376,.T.);
#10128 = ORIENTED_EDGE('',*,*,#7400,.T.);
#10129 = ORIENTED_EDGE('',*,*,#7424,.T.);
#10130 = ORIENTED_EDGE('',*,*,#7448,.T.);
#10131 = ORIENTED_EDGE('',*,*,#7472,.T.);
#10132 = ORIENTED_EDGE('',*,*,#7496,.T.);
#10133 = ORIENTED_EDGE('',*,*,#7520,.T.);
#10134 = ORIENTED_EDGE('',*,*,#7544,.T.);
#10135 = ORIENTED_EDGE('',*,*,#7568,.T.);
#10136 = ORIENTED_EDGE('',*,*,#10137,.T.);
#10137 = EDGE_CURVE('',#7569,#7592,#10138,.T.);
#10138 = LINE('',#10139,#10140);
#10139 = CARTESIAN_POINT('',(-4.162768775266,1.851014285714,18.5059));
#10140 = VECTOR('',#10141,1.);
#10141 = DIRECTION('',(0.,0.62407609663,0.781363568139));
#10142 = ORIENTED_EDGE('',*,*,#7599,.T.);
#10143 = ORIENTED_EDGE('',*,*,#7623,.T.);
#10144 = ORIENTED_EDGE('',*,*,#7647,.T.);
#10145 = ORIENTED_EDGE('',*,*,#7671,.T.);
#10146 = ORIENTED_EDGE('',*,*,#7695,.T.);
#10147 = ORIENTED_EDGE('',*,*,#7719,.T.);
#10148 = ORIENTED_EDGE('',*,*,#7743,.T.);
#10149 = ORIENTED_EDGE('',*,*,#7767,.T.);
#10150 = ORIENTED_EDGE('',*,*,#7791,.T.);
#10151 = ORIENTED_EDGE('',*,*,#7815,.T.);
#10152 = ORIENTED_EDGE('',*,*,#7839,.T.);
#10153 = ORIENTED_EDGE('',*,*,#7863,.T.);
#10154 = ORIENTED_EDGE('',*,*,#7887,.T.);
#10155 = ORIENTED_EDGE('',*,*,#7911,.T.);
#10156 = ORIENTED_EDGE('',*,*,#7935,.T.);
#10157 = ORIENTED_EDGE('',*,*,#7959,.T.);
#10158 = ORIENTED_EDGE('',*,*,#7983,.T.);
#10159 = ORIENTED_EDGE('',*,*,#8007,.T.);
#10160 = ORIENTED_EDGE('',*,*,#8031,.T.);
#10161 = ORIENTED_EDGE('',*,*,#8055,.T.);
#10162 = ORIENTED_EDGE('',*,*,#8079,.T.);
#10163 = ORIENTED_EDGE('',*,*,#8103,.T.);
#10164 = ORIENTED_EDGE('',*,*,#8127,.T.);
#10165 = ORIENTED_EDGE('',*,*,#8151,.T.);
#10166 = ORIENTED_EDGE('',*,*,#8175,.T.);
#10167 = ORIENTED_EDGE('',*,*,#8199,.T.);
#10168 = PLANE('',#10169);
#10169 = AXIS2_PLACEMENT_3D('',#10170,#10171,#10172);
#10170 = CARTESIAN_POINT('',(-4.162768775266,0.937429065606,
    20.431450263547));
#10171 = DIRECTION('',(-1.,0.,0.));
#10172 = DIRECTION('',(0.,-1.,0.));
#10173 = ADVANCED_FACE('',(#10174),#10276,.T.);
#10174 = FACE_BOUND('',#10175,.F.);
#10175 = EDGE_LOOP('',(#10176,#10182,#10183,#10184,#10185,#10186,#10187,
    #10188,#10189,#10190,#10196,#10197,#10198,#10199,#10200,#10201,
    #10202,#10208,#10209,#10210,#10211,#10212,#10213,#10214,#10215,
    #10216,#10222,#10223,#10224,#10225,#10226,#10227,#10228,#10229,
    #10230,#10236,#10237,#10238,#10239,#10240,#10241,#10242,#10243,
    #10251,#10257,#10258,#10259,#10260,#10261,#10262,#10263,#10269,
    #10270,#10271,#10272,#10273,#10274,#10275));
#10176 = ORIENTED_EDGE('',*,*,#10177,.T.);
#10177 = EDGE_CURVE('',#9449,#8223,#10178,.T.);
#10178 = LINE('',#10179,#10180);
#10179 = CARTESIAN_POINT('',(-4.162768775266,-1.634285714286,
    18.545828571429));
#10180 = VECTOR('',#10181,1.);
#10181 = DIRECTION('',(0.,0.,1.));
#10182 = ORIENTED_EDGE('',*,*,#8230,.T.);
#10183 = ORIENTED_EDGE('',*,*,#8254,.T.);
#10184 = ORIENTED_EDGE('',*,*,#8278,.T.);
#10185 = ORIENTED_EDGE('',*,*,#8302,.T.);
#10186 = ORIENTED_EDGE('',*,*,#8326,.T.);
#10187 = ORIENTED_EDGE('',*,*,#8350,.T.);
#10188 = ORIENTED_EDGE('',*,*,#8374,.T.);
#10189 = ORIENTED_EDGE('',*,*,#8398,.T.);
#10190 = ORIENTED_EDGE('',*,*,#10191,.T.);
#10191 = EDGE_CURVE('',#8399,#8422,#10192,.T.);
#10192 = LINE('',#10193,#10194);
#10193 = CARTESIAN_POINT('',(-4.162768775266,-1.771157142857,22.3968));
#10194 = VECTOR('',#10195,1.);
#10195 = DIRECTION('',(0.,-1.,0.));
#10196 = ORIENTED_EDGE('',*,*,#8429,.T.);
#10197 = ORIENTED_EDGE('',*,*,#8453,.T.);
#10198 = ORIENTED_EDGE('',*,*,#8477,.T.);
#10199 = ORIENTED_EDGE('',*,*,#8501,.T.);
#10200 = ORIENTED_EDGE('',*,*,#8525,.T.);
#10201 = ORIENTED_EDGE('',*,*,#8549,.T.);
#10202 = ORIENTED_EDGE('',*,*,#10203,.T.);
#10203 = EDGE_CURVE('',#8550,#8573,#10204,.T.);
#10204 = LINE('',#10205,#10206);
#10205 = CARTESIAN_POINT('',(-4.162768775266,-3.488457142857,21.9704));
#10206 = VECTOR('',#10207,1.);
#10207 = DIRECTION('',(0.,0.,-1.));
#10208 = ORIENTED_EDGE('',*,*,#8580,.T.);
#10209 = ORIENTED_EDGE('',*,*,#8604,.T.);
#10210 = ORIENTED_EDGE('',*,*,#8628,.T.);
#10211 = ORIENTED_EDGE('',*,*,#8652,.T.);
#10212 = ORIENTED_EDGE('',*,*,#8676,.T.);
#10213 = ORIENTED_EDGE('',*,*,#8700,.T.);
#10214 = ORIENTED_EDGE('',*,*,#8724,.T.);
#10215 = ORIENTED_EDGE('',*,*,#8748,.T.);
#10216 = ORIENTED_EDGE('',*,*,#10217,.T.);
#10217 = EDGE_CURVE('',#8749,#8772,#10218,.T.);
#10218 = LINE('',#10219,#10220);
#10219 = CARTESIAN_POINT('',(-4.162768775266,-3.345828571429,
    21.826285714286));
#10220 = VECTOR('',#10221,1.);
#10221 = DIRECTION('',(0.,1.,0.));
#10222 = ORIENTED_EDGE('',*,*,#8779,.T.);
#10223 = ORIENTED_EDGE('',*,*,#8803,.T.);
#10224 = ORIENTED_EDGE('',*,*,#8827,.T.);
#10225 = ORIENTED_EDGE('',*,*,#8851,.T.);
#10226 = ORIENTED_EDGE('',*,*,#8875,.T.);
#10227 = ORIENTED_EDGE('',*,*,#8899,.T.);
#10228 = ORIENTED_EDGE('',*,*,#8923,.T.);
#10229 = ORIENTED_EDGE('',*,*,#8947,.T.);
#10230 = ORIENTED_EDGE('',*,*,#10231,.T.);
#10231 = EDGE_CURVE('',#8948,#8971,#10232,.T.);
#10232 = LINE('',#10233,#10234);
#10233 = CARTESIAN_POINT('',(-4.162768775266,-3.2032,20.257371428571));
#10234 = VECTOR('',#10235,1.);
#10235 = DIRECTION('',(0.,0.,-1.));
#10236 = ORIENTED_EDGE('',*,*,#8978,.T.);
#10237 = ORIENTED_EDGE('',*,*,#9002,.T.);
#10238 = ORIENTED_EDGE('',*,*,#9026,.T.);
#10239 = ORIENTED_EDGE('',*,*,#9050,.T.);
#10240 = ORIENTED_EDGE('',*,*,#9074,.T.);
#10241 = ORIENTED_EDGE('',*,*,#9098,.T.);
#10242 = ORIENTED_EDGE('',*,*,#9122,.T.);
#10243 = ORIENTED_EDGE('',*,*,#10244,.T.);
#10244 = EDGE_CURVE('',#9123,#10245,#10247,.T.);
#10245 = VERTEX_POINT('',#10246);
#10246 = CARTESIAN_POINT('',(-4.162768775266,-2.2048,20.114742857143));
#10247 = LINE('',#10248,#10249);
#10248 = CARTESIAN_POINT('',(-4.162768775266,-3.077657142857,
    20.114742857143));
#10249 = VECTOR('',#10250,1.);
#10250 = DIRECTION('',(0.,1.,0.));
#10251 = ORIENTED_EDGE('',*,*,#10252,.T.);
#10252 = EDGE_CURVE('',#10245,#9146,#10253,.T.);
#10253 = LINE('',#10254,#10255);
#10254 = CARTESIAN_POINT('',(-4.162768775266,-2.2048,18.545828571429));
#10255 = VECTOR('',#10256,1.);
#10256 = DIRECTION('',(0.,0.,-1.));
#10257 = ORIENTED_EDGE('',*,*,#9153,.T.);
#10258 = ORIENTED_EDGE('',*,*,#9177,.T.);
#10259 = ORIENTED_EDGE('',*,*,#9201,.T.);
#10260 = ORIENTED_EDGE('',*,*,#9225,.T.);
#10261 = ORIENTED_EDGE('',*,*,#9249,.T.);
#10262 = ORIENTED_EDGE('',*,*,#9273,.T.);
#10263 = ORIENTED_EDGE('',*,*,#10264,.T.);
#10264 = EDGE_CURVE('',#9274,#9297,#10265,.T.);
#10265 = LINE('',#10266,#10267);
#10266 = CARTESIAN_POINT('',(-4.162768775266,-2.062171428571,18.4032));
#10267 = VECTOR('',#10268,1.);
#10268 = DIRECTION('',(0.,1.,0.));
#10269 = ORIENTED_EDGE('',*,*,#9304,.T.);
#10270 = ORIENTED_EDGE('',*,*,#9328,.T.);
#10271 = ORIENTED_EDGE('',*,*,#9352,.T.);
#10272 = ORIENTED_EDGE('',*,*,#9376,.T.);
#10273 = ORIENTED_EDGE('',*,*,#9400,.T.);
#10274 = ORIENTED_EDGE('',*,*,#9424,.T.);
#10275 = ORIENTED_EDGE('',*,*,#9448,.T.);
#10276 = PLANE('',#10277);
#10277 = AXIS2_PLACEMENT_3D('',#10278,#10279,#10280);
#10278 = CARTESIAN_POINT('',(-4.162768775266,-2.290607304171,
    20.725467409186));
#10279 = DIRECTION('',(-1.,0.,0.));
#10280 = DIRECTION('',(0.,-1.,0.));
#10281 = ADVANCED_FACE('',(#10282),#10307,.F.);
#10282 = FACE_BOUND('',#10283,.F.);
#10283 = EDGE_LOOP('',(#10284,#10294,#10300,#10301));
#10284 = ORIENTED_EDGE('',*,*,#10285,.F.);
#10285 = EDGE_CURVE('',#10286,#10288,#10290,.T.);
#10286 = VERTEX_POINT('',#10287);
#10287 = CARTESIAN_POINT('',(0.831384387633,1.44,0.));
#10288 = VERTEX_POINT('',#10289);
#10289 = CARTESIAN_POINT('',(1.662768775266,1.018152229176E-16,0.));
#10290 = LINE('',#10291,#10292);
#10291 = CARTESIAN_POINT('',(0.831384387633,1.44,0.));
#10292 = VECTOR('',#10293,1.);
#10293 = DIRECTION('',(0.5,-0.866025403784,0.));
#10294 = ORIENTED_EDGE('',*,*,#10295,.T.);
#10295 = EDGE_CURVE('',#10286,#9572,#10296,.T.);
#10296 = LINE('',#10297,#10298);
#10297 = CARTESIAN_POINT('',(0.831384387633,1.44,0.));
#10298 = VECTOR('',#10299,1.);
#10299 = DIRECTION('',(0.,0.,1.));
#10300 = ORIENTED_EDGE('',*,*,#9578,.T.);
#10301 = ORIENTED_EDGE('',*,*,#10302,.F.);
#10302 = EDGE_CURVE('',#10288,#9579,#10303,.T.);
#10303 = LINE('',#10304,#10305);
#10304 = CARTESIAN_POINT('',(1.662768775266,1.018152229176E-16,0.));
#10305 = VECTOR('',#10306,1.);
#10306 = DIRECTION('',(0.,0.,1.));
#10307 = PLANE('',#10308);
#10308 = AXIS2_PLACEMENT_3D('',#10309,#10310,#10311);
#10309 = CARTESIAN_POINT('',(0.831384387633,1.44,0.));
#10310 = DIRECTION('',(0.866025403784,0.5,-0.));
#10311 = DIRECTION('',(0.5,-0.866025403784,0.));
#10312 = ADVANCED_FACE('',(#10313),#10331,.F.);
#10313 = FACE_BOUND('',#10314,.F.);
#10314 = EDGE_LOOP('',(#10315,#10323,#10329,#10330));
#10315 = ORIENTED_EDGE('',*,*,#10316,.F.);
#10316 = EDGE_CURVE('',#10317,#10286,#10319,.T.);
#10317 = VERTEX_POINT('',#10318);
#10318 = CARTESIAN_POINT('',(-0.831384387633,1.44,0.));
#10319 = LINE('',#10320,#10321);
#10320 = CARTESIAN_POINT('',(-0.831384387633,1.44,0.));
#10321 = VECTOR('',#10322,1.);
#10322 = DIRECTION('',(1.,-1.335390754433E-16,0.));
#10323 = ORIENTED_EDGE('',*,*,#10324,.T.);
#10324 = EDGE_CURVE('',#10317,#9601,#10325,.T.);
#10325 = LINE('',#10326,#10327);
#10326 = CARTESIAN_POINT('',(-0.831384387633,1.44,0.));
#10327 = VECTOR('',#10328,1.);
#10328 = DIRECTION('',(0.,0.,1.));
#10329 = ORIENTED_EDGE('',*,*,#9607,.T.);
#10330 = ORIENTED_EDGE('',*,*,#10295,.F.);
#10331 = PLANE('',#10332);
#10332 = AXIS2_PLACEMENT_3D('',#10333,#10334,#10335);
#10333 = CARTESIAN_POINT('',(-0.831384387633,1.44,0.));
#10334 = DIRECTION('',(1.335390754433E-16,1.,-0.));
#10335 = DIRECTION('',(1.,-1.335390754433E-16,0.));
#10336 = ADVANCED_FACE('',(#10337),#10355,.F.);
#10337 = FACE_BOUND('',#10338,.F.);
#10338 = EDGE_LOOP('',(#10339,#10347,#10353,#10354));
#10339 = ORIENTED_EDGE('',*,*,#10340,.F.);
#10340 = EDGE_CURVE('',#10341,#10317,#10343,.T.);
#10341 = VERTEX_POINT('',#10342);
#10342 = CARTESIAN_POINT('',(-1.662768775266,-3.054456687528E-16,0.));
#10343 = LINE('',#10344,#10345);
#10344 = CARTESIAN_POINT('',(-1.662768775266,-3.054456687528E-16,0.));
#10345 = VECTOR('',#10346,1.);
#10346 = DIRECTION('',(0.5,0.866025403784,0.));
#10347 = ORIENTED_EDGE('',*,*,#10348,.T.);
#10348 = EDGE_CURVE('',#10341,#9624,#10349,.T.);
#10349 = LINE('',#10350,#10351);
#10350 = CARTESIAN_POINT('',(-1.662768775266,-3.054456687528E-16,0.));
#10351 = VECTOR('',#10352,1.);
#10352 = DIRECTION('',(0.,0.,1.));
#10353 = ORIENTED_EDGE('',*,*,#9630,.T.);
#10354 = ORIENTED_EDGE('',*,*,#10324,.F.);
#10355 = PLANE('',#10356);
#10356 = AXIS2_PLACEMENT_3D('',#10357,#10358,#10359);
#10357 = CARTESIAN_POINT('',(-1.662768775266,-3.054456687528E-16,0.));
#10358 = DIRECTION('',(-0.866025403784,0.5,0.));
#10359 = DIRECTION('',(0.5,0.866025403784,0.));
#10360 = ADVANCED_FACE('',(#10361),#10379,.F.);
#10361 = FACE_BOUND('',#10362,.F.);
#10362 = EDGE_LOOP('',(#10363,#10371,#10377,#10378));
#10363 = ORIENTED_EDGE('',*,*,#10364,.F.);
#10364 = EDGE_CURVE('',#10365,#10341,#10367,.T.);
#10365 = VERTEX_POINT('',#10366);
#10366 = CARTESIAN_POINT('',(-0.831384387633,-1.44,0.));
#10367 = LINE('',#10368,#10369);
#10368 = CARTESIAN_POINT('',(-0.831384387633,-1.44,0.));
#10369 = VECTOR('',#10370,1.);
#10370 = DIRECTION('',(-0.5,0.866025403784,0.));
#10371 = ORIENTED_EDGE('',*,*,#10372,.T.);
#10372 = EDGE_CURVE('',#10365,#9647,#10373,.T.);
#10373 = LINE('',#10374,#10375);
#10374 = CARTESIAN_POINT('',(-0.831384387633,-1.44,0.));
#10375 = VECTOR('',#10376,1.);
#10376 = DIRECTION('',(0.,0.,1.));
#10377 = ORIENTED_EDGE('',*,*,#9653,.T.);
#10378 = ORIENTED_EDGE('',*,*,#10348,.F.);
#10379 = PLANE('',#10380);
#10380 = AXIS2_PLACEMENT_3D('',#10381,#10382,#10383);
#10381 = CARTESIAN_POINT('',(-0.831384387633,-1.44,0.));
#10382 = DIRECTION('',(-0.866025403784,-0.5,0.));
#10383 = DIRECTION('',(-0.5,0.866025403784,0.));
#10384 = ADVANCED_FACE('',(#10385),#10403,.F.);
#10385 = FACE_BOUND('',#10386,.F.);
#10386 = EDGE_LOOP('',(#10387,#10395,#10401,#10402));
#10387 = ORIENTED_EDGE('',*,*,#10388,.F.);
#10388 = EDGE_CURVE('',#10389,#10365,#10391,.T.);
#10389 = VERTEX_POINT('',#10390);
#10390 = CARTESIAN_POINT('',(0.831384387633,-1.44,0.));
#10391 = LINE('',#10392,#10393);
#10392 = CARTESIAN_POINT('',(0.831384387633,-1.44,0.));
#10393 = VECTOR('',#10394,1.);
#10394 = DIRECTION('',(-1.,-4.006172263299E-16,0.));
#10395 = ORIENTED_EDGE('',*,*,#10396,.T.);
#10396 = EDGE_CURVE('',#10389,#9670,#10397,.T.);
#10397 = LINE('',#10398,#10399);
#10398 = CARTESIAN_POINT('',(0.831384387633,-1.44,0.));
#10399 = VECTOR('',#10400,1.);
#10400 = DIRECTION('',(0.,0.,1.));
#10401 = ORIENTED_EDGE('',*,*,#9676,.T.);
#10402 = ORIENTED_EDGE('',*,*,#10372,.F.);
#10403 = PLANE('',#10404);
#10404 = AXIS2_PLACEMENT_3D('',#10405,#10406,#10407);
#10405 = CARTESIAN_POINT('',(0.831384387633,-1.44,0.));
#10406 = DIRECTION('',(4.006172263299E-16,-1.,0.));
#10407 = DIRECTION('',(-1.,-4.006172263299E-16,0.));
#10408 = ADVANCED_FACE('',(#10409),#10420,.F.);
#10409 = FACE_BOUND('',#10410,.F.);
#10410 = EDGE_LOOP('',(#10411,#10417,#10418,#10419));
#10411 = ORIENTED_EDGE('',*,*,#10412,.F.);
#10412 = EDGE_CURVE('',#10288,#10389,#10413,.T.);
#10413 = LINE('',#10414,#10415);
#10414 = CARTESIAN_POINT('',(1.662768775266,1.018152229176E-16,0.));
#10415 = VECTOR('',#10416,1.);
#10416 = DIRECTION('',(-0.5,-0.866025403784,0.));
#10417 = ORIENTED_EDGE('',*,*,#10302,.T.);
#10418 = ORIENTED_EDGE('',*,*,#9693,.T.);
#10419 = ORIENTED_EDGE('',*,*,#10396,.F.);
#10420 = PLANE('',#10421);
#10421 = AXIS2_PLACEMENT_3D('',#10422,#10423,#10424);
#10422 = CARTESIAN_POINT('',(1.662768775266,1.018152229176E-16,0.));
#10423 = DIRECTION('',(0.866025403784,-0.5,0.));
#10424 = DIRECTION('',(-0.5,-0.866025403784,0.));
#10425 = ADVANCED_FACE('',(#10426),#10432,.T.);
#10426 = FACE_BOUND('',#10427,.T.);
#10427 = EDGE_LOOP('',(#10428,#10429,#10430,#10431));
#10428 = ORIENTED_EDGE('',*,*,#9831,.T.);
#10429 = ORIENTED_EDGE('',*,*,#9847,.T.);
#10430 = ORIENTED_EDGE('',*,*,#9775,.T.);
#10431 = ORIENTED_EDGE('',*,*,#9805,.F.);
#10432 = PLANE('',#10433);
#10433 = AXIS2_PLACEMENT_3D('',#10434,#10435,#10436);
#10434 = CARTESIAN_POINT('',(-4.762768775266,4.486857142857,
    20.685257142857));
#10435 = DIRECTION('',(0.,-1.,0.));
#10436 = DIRECTION('',(0.,0.,1.));
#10437 = ADVANCED_FACE('',(#10438,#10446),#10449,.F.);
#10438 = FACE_BOUND('',#10439,.F.);
#10439 = EDGE_LOOP('',(#10440,#10441,#10442,#10443,#10444,#10445));
#10440 = ORIENTED_EDGE('',*,*,#10285,.T.);
#10441 = ORIENTED_EDGE('',*,*,#10412,.T.);
#10442 = ORIENTED_EDGE('',*,*,#10388,.T.);
#10443 = ORIENTED_EDGE('',*,*,#10364,.T.);
#10444 = ORIENTED_EDGE('',*,*,#10340,.T.);
#10445 = ORIENTED_EDGE('',*,*,#10316,.T.);
#10446 = FACE_BOUND('',#10447,.F.);
#10447 = EDGE_LOOP('',(#10448));
#10448 = ORIENTED_EDGE('',*,*,#9913,.T.);
#10449 = PLANE('',#10450);
#10450 = AXIS2_PLACEMENT_3D('',#10451,#10452,#10453);
#10451 = CARTESIAN_POINT('',(5.564128143471E-17,-2.225651257388E-17,0.)
  );
#10452 = DIRECTION('',(-0.,-0.,-1.));
#10453 = DIRECTION('',(-1.,0.,0.));
#10454 = ADVANCED_FACE('',(#10455),#10461,.T.);
#10455 = FACE_BOUND('',#10456,.T.);
#10456 = EDGE_LOOP('',(#10457,#10458,#10459,#10460));
#10457 = ORIENTED_EDGE('',*,*,#2556,.T.);
#10458 = ORIENTED_EDGE('',*,*,#9557,.T.);
#10459 = ORIENTED_EDGE('',*,*,#2617,.F.);
#10460 = ORIENTED_EDGE('',*,*,#927,.T.);
#10461 = PLANE('',#10462);
#10462 = AXIS2_PLACEMENT_3D('',#10463,#10464,#10465);
#10463 = CARTESIAN_POINT('',(-4.412768775266,-4.488734387633,18.4032));
#10464 = DIRECTION('',(0.,0.,1.));
#10465 = DIRECTION('',(1.,0.,-0.));
#10466 = ADVANCED_FACE('',(#10467),#10473,.T.);
#10467 = FACE_BOUND('',#10468,.T.);
#10468 = EDGE_LOOP('',(#10469,#10470,#10471,#10472));
#10469 = ORIENTED_EDGE('',*,*,#47,.T.);
#10470 = ORIENTED_EDGE('',*,*,#5101,.T.);
#10471 = ORIENTED_EDGE('',*,*,#9869,.T.);
#10472 = ORIENTED_EDGE('',*,*,#3704,.F.);
#10473 = PLANE('',#10474);
#10474 = AXIS2_PLACEMENT_3D('',#10475,#10476,#10477);
#10475 = CARTESIAN_POINT('',(-4.412768775266,4.34434153049,18.4032));
#10476 = DIRECTION('',(0.,0.,1.));
#10477 = DIRECTION('',(1.,0.,-0.));
#10478 = ADVANCED_FACE('',(#10479),#10485,.T.);
#10479 = FACE_BOUND('',#10480,.T.);
#10480 = EDGE_LOOP('',(#10481,#10482,#10483,#10484));
#10481 = ORIENTED_EDGE('',*,*,#1257,.T.);
#10482 = ORIENTED_EDGE('',*,*,#5390,.T.);
#10483 = ORIENTED_EDGE('',*,*,#9958,.T.);
#10484 = ORIENTED_EDGE('',*,*,#5405,.F.);
#10485 = PLANE('',#10486);
#10486 = AXIS2_PLACEMENT_3D('',#10487,#10488,#10489);
#10487 = CARTESIAN_POINT('',(-4.412768775266,2.920821428571,18.4032));
#10488 = DIRECTION('',(0.,0.,1.));
#10489 = DIRECTION('',(1.,0.,-0.));
#10490 = ADVANCED_FACE('',(#10491),#10497,.T.);
#10491 = FACE_BOUND('',#10492,.T.);
#10492 = EDGE_LOOP('',(#10493,#10494,#10495,#10496));
#10493 = ORIENTED_EDGE('',*,*,#2141,.T.);
#10494 = ORIENTED_EDGE('',*,*,#9281,.T.);
#10495 = ORIENTED_EDGE('',*,*,#10264,.T.);
#10496 = ORIENTED_EDGE('',*,*,#9296,.F.);
#10497 = PLANE('',#10498);
#10498 = AXIS2_PLACEMENT_3D('',#10499,#10500,#10501);
#10499 = CARTESIAN_POINT('',(-4.412768775266,-1.928178571429,18.4032));
#10500 = DIRECTION('',(0.,0.,1.));
#10501 = DIRECTION('',(1.,0.,-0.));
#10502 = ADVANCED_FACE('',(#10503),#10509,.T.);
#10503 = FACE_BOUND('',#10504,.T.);
#10504 = EDGE_LOOP('',(#10505,#10506,#10507,#10508));
#10505 = ORIENTED_EDGE('',*,*,#887,.T.);
#10506 = ORIENTED_EDGE('',*,*,#2705,.T.);
#10507 = ORIENTED_EDGE('',*,*,#9547,.T.);
#10508 = ORIENTED_EDGE('',*,*,#2720,.F.);
#10509 = PLANE('',#10510);
#10510 = AXIS2_PLACEMENT_3D('',#10511,#10512,#10513);
#10511 = CARTESIAN_POINT('',(-4.412768775266,-4.225371428571,
    18.465971428571));
#10512 = DIRECTION('',(-0.,-0.820905201786,0.571064488199));
#10513 = DIRECTION('',(0.,-0.571064488199,-0.820905201786));
#10514 = ADVANCED_FACE('',(#10515),#10521,.T.);
#10515 = FACE_BOUND('',#10516,.T.);
#10516 = EDGE_LOOP('',(#10517,#10518,#10519,#10520));
#10517 = ORIENTED_EDGE('',*,*,#871,.T.);
#10518 = ORIENTED_EDGE('',*,*,#2736,.T.);
#10519 = ORIENTED_EDGE('',*,*,#9540,.T.);
#10520 = ORIENTED_EDGE('',*,*,#2751,.F.);
#10521 = PLANE('',#10522);
#10522 = AXIS2_PLACEMENT_3D('',#10523,#10524,#10525);
#10523 = CARTESIAN_POINT('',(-4.412768775266,-4.2016,18.674157142857));
#10524 = DIRECTION('',(-0.,-1.,-0.));
#10525 = DIRECTION('',(0.,0.,-1.));
#10526 = ADVANCED_FACE('',(#10527),#10533,.T.);
#10527 = FACE_BOUND('',#10528,.T.);
#10528 = EDGE_LOOP('',(#10529,#10530,#10531,#10532));
#10529 = ORIENTED_EDGE('',*,*,#3720,.F.);
#10530 = ORIENTED_EDGE('',*,*,#9862,.T.);
#10531 = ORIENTED_EDGE('',*,*,#4718,.F.);
#10532 = ORIENTED_EDGE('',*,*,#191,.T.);
#10533 = PLANE('',#10534);
#10534 = AXIS2_PLACEMENT_3D('',#10535,#10536,#10537);
#10535 = CARTESIAN_POINT('',(-4.412768775266,4.347684387633,
    18.973714285714));
#10536 = DIRECTION('',(-0.,-0.,-1.));
#10537 = DIRECTION('',(-1.,0.,0.));
#10538 = ADVANCED_FACE('',(#10539),#10545,.T.);
#10539 = FACE_BOUND('',#10540,.T.);
#10540 = EDGE_LOOP('',(#10541,#10542,#10543,#10544));
#10541 = ORIENTED_EDGE('',*,*,#1883,.T.);
#10542 = ORIENTED_EDGE('',*,*,#6698,.T.);
#10543 = ORIENTED_EDGE('',*,*,#10089,.T.);
#10544 = ORIENTED_EDGE('',*,*,#6713,.F.);
#10545 = PLANE('',#10546);
#10546 = AXIS2_PLACEMENT_3D('',#10547,#10548,#10549);
#10547 = CARTESIAN_POINT('',(-4.412768775266,0.694014285714,
    21.826285714286));
#10548 = DIRECTION('',(0.,0.,1.));
#10549 = DIRECTION('',(1.,0.,-0.));
#10550 = ADVANCED_FACE('',(#10551),#10557,.T.);
#10551 = FACE_BOUND('',#10552,.T.);
#10552 = EDGE_LOOP('',(#10553,#10554,#10555,#10556));
#10553 = ORIENTED_EDGE('',*,*,#2341,.T.);
#10554 = ORIENTED_EDGE('',*,*,#8756,.T.);
#10555 = ORIENTED_EDGE('',*,*,#10217,.T.);
#10556 = ORIENTED_EDGE('',*,*,#8771,.F.);
#10557 = PLANE('',#10558);
#10558 = AXIS2_PLACEMENT_3D('',#10559,#10560,#10561);
#10559 = CARTESIAN_POINT('',(-4.412768775266,-2.789614285714,
    21.826285714286));
#10560 = DIRECTION('',(0.,0.,1.));
#10561 = DIRECTION('',(1.,0.,-0.));
#10562 = ADVANCED_FACE('',(#10563),#10569,.T.);
#10563 = FACE_BOUND('',#10564,.T.);
#10564 = EDGE_LOOP('',(#10565,#10566,#10567,#10568));
#10565 = ORIENTED_EDGE('',*,*,#671,.T.);
#10566 = ORIENTED_EDGE('',*,*,#3288,.T.);
#10567 = ORIENTED_EDGE('',*,*,#9503,.T.);
#10568 = ORIENTED_EDGE('',*,*,#3303,.F.);
#10569 = PLANE('',#10570);
#10570 = AXIS2_PLACEMENT_3D('',#10571,#10572,#10573);
#10571 = CARTESIAN_POINT('',(-4.412768775266,-4.058971428571,
    22.111542857143));
#10572 = DIRECTION('',(-0.,-1.,-0.));
#10573 = DIRECTION('',(0.,0.,-1.));
#10574 = ADVANCED_FACE('',(#10575),#10581,.T.);
#10575 = FACE_BOUND('',#10576,.T.);
#10576 = EDGE_LOOP('',(#10577,#10578,#10579,#10580));
#10577 = ORIENTED_EDGE('',*,*,#607,.T.);
#10578 = ORIENTED_EDGE('',*,*,#3463,.T.);
#10579 = ORIENTED_EDGE('',*,*,#9490,.T.);
#10580 = ORIENTED_EDGE('',*,*,#3478,.F.);
#10581 = PLANE('',#10582);
#10582 = AXIS2_PLACEMENT_3D('',#10583,#10584,#10585);
#10583 = CARTESIAN_POINT('',(-4.412768775266,-4.167428571429,
    22.334028571429));
#10584 = DIRECTION('',(-3.836338713084E-16,-0.598957825591,
    -0.80078057117));
#10585 = DIRECTION('',(0.,-0.80078057117,0.598957825591));
#10586 = ADVANCED_FACE('',(#10587),#10593,.T.);
#10587 = FACE_BOUND('',#10588,.T.);
#10588 = EDGE_LOOP('',(#10589,#10590,#10591,#10592));
#10589 = ORIENTED_EDGE('',*,*,#3775,.F.);
#10590 = ORIENTED_EDGE('',*,*,#9760,.T.);
#10591 = ORIENTED_EDGE('',*,*,#3792,.F.);
#10592 = ORIENTED_EDGE('',*,*,#527,.T.);
#10593 = PLANE('',#10594);
#10594 = AXIS2_PLACEMENT_3D('',#10595,#10596,#10597);
#10595 = CARTESIAN_POINT('',(-4.412768775266,4.551877244776,22.3968));
#10596 = DIRECTION('',(-0.,-0.,-1.));
#10597 = DIRECTION('',(-1.,0.,0.));
#10598 = ADVANCED_FACE('',(#10599),#10605,.T.);
#10599 = FACE_BOUND('',#10600,.T.);
#10600 = EDGE_LOOP('',(#10601,#10602,#10603,#10604));
#10601 = ORIENTED_EDGE('',*,*,#2019,.T.);
#10602 = ORIENTED_EDGE('',*,*,#6324,.T.);
#10603 = ORIENTED_EDGE('',*,*,#10062,.T.);
#10604 = ORIENTED_EDGE('',*,*,#6339,.F.);
#10605 = PLANE('',#10606);
#10606 = AXIS2_PLACEMENT_3D('',#10607,#10608,#10609);
#10607 = CARTESIAN_POINT('',(-4.412768775266,0.919378571429,22.3968));
#10608 = DIRECTION('',(-0.,-0.,-1.));
#10609 = DIRECTION('',(-1.,0.,0.));
#10610 = ADVANCED_FACE('',(#10611),#10617,.T.);
#10611 = FACE_BOUND('',#10612,.T.);
#10612 = EDGE_LOOP('',(#10613,#10614,#10615,#10616));
#10613 = ORIENTED_EDGE('',*,*,#2469,.T.);
#10614 = ORIENTED_EDGE('',*,*,#8406,.T.);
#10615 = ORIENTED_EDGE('',*,*,#10191,.T.);
#10616 = ORIENTED_EDGE('',*,*,#8421,.F.);
#10617 = PLANE('',#10618);
#10618 = AXIS2_PLACEMENT_3D('',#10619,#10620,#10621);
#10619 = CARTESIAN_POINT('',(-4.412768775266,-2.538528571429,22.3968));
#10620 = DIRECTION('',(-0.,-0.,-1.));
#10621 = DIRECTION('',(-1.,0.,0.));
#10622 = ADVANCED_FACE('',(#10623),#10629,.T.);
#10623 = FACE_BOUND('',#10624,.T.);
#10624 = EDGE_LOOP('',(#10625,#10626,#10627,#10628));
#10625 = ORIENTED_EDGE('',*,*,#351,.T.);
#10626 = ORIENTED_EDGE('',*,*,#4288,.T.);
#10627 = ORIENTED_EDGE('',*,*,#9733,.T.);
#10628 = ORIENTED_EDGE('',*,*,#4303,.F.);
#10629 = PLANE('',#10630);
#10630 = AXIS2_PLACEMENT_3D('',#10631,#10632,#10633);
#10631 = CARTESIAN_POINT('',(-4.412768775266,3.916342857143,
    21.212964285714));
#10632 = DIRECTION('',(6.309803500397E-16,1.,0.));
#10633 = DIRECTION('',(1.,-6.309803500397E-16,0.));
#10634 = ADVANCED_FACE('',(#10635),#10641,.T.);
#10635 = FACE_BOUND('',#10636,.T.);
#10636 = EDGE_LOOP('',(#10637,#10638,#10639,#10640));
#10637 = ORIENTED_EDGE('',*,*,#119,.T.);
#10638 = ORIENTED_EDGE('',*,*,#4902,.T.);
#10639 = ORIENTED_EDGE('',*,*,#9883,.T.);
#10640 = ORIENTED_EDGE('',*,*,#4917,.F.);
#10641 = PLANE('',#10642);
#10642 = AXIS2_PLACEMENT_3D('',#10643,#10644,#10645);
#10643 = CARTESIAN_POINT('',(-4.412768775266,3.916342857143,
    18.691335714286));
#10644 = DIRECTION('',(3.574156494718E-16,1.,0.));
#10645 = DIRECTION('',(1.,-3.574156494718E-16,0.));
#10646 = ADVANCED_FACE('',(#10647),#10653,.T.);
#10647 = FACE_BOUND('',#10648,.T.);
#10648 = EDGE_LOOP('',(#10649,#10650,#10651,#10652));
#10649 = ORIENTED_EDGE('',*,*,#207,.T.);
#10650 = ORIENTED_EDGE('',*,*,#4703,.T.);
#10651 = ORIENTED_EDGE('',*,*,#9710,.T.);
#10652 = ORIENTED_EDGE('',*,*,#3727,.F.);
#10653 = PLANE('',#10654);
#10654 = AXIS2_PLACEMENT_3D('',#10655,#10656,#10657);
#10655 = CARTESIAN_POINT('',(-4.412768775266,4.551784387633,
    20.114742857143));
#10656 = DIRECTION('',(0.,0.,1.));
#10657 = DIRECTION('',(1.,0.,-0.));
#10658 = ADVANCED_FACE('',(#10659),#10670,.T.);
#10659 = FACE_BOUND('',#10660,.T.);
#10660 = EDGE_LOOP('',(#10661,#10662,#10663,#10664));
#10661 = ORIENTED_EDGE('',*,*,#2205,.T.);
#10662 = ORIENTED_EDGE('',*,*,#9130,.T.);
#10663 = ORIENTED_EDGE('',*,*,#10244,.T.);
#10664 = ORIENTED_EDGE('',*,*,#10665,.F.);
#10665 = EDGE_CURVE('',#2198,#10245,#10666,.T.);
#10666 = LINE('',#10667,#10668);
#10667 = CARTESIAN_POINT('',(-4.762768775266,-2.2048,20.114742857143));
#10668 = VECTOR('',#10669,1.);
#10669 = DIRECTION('',(1.,0.,0.));
#10670 = PLANE('',#10671);
#10671 = AXIS2_PLACEMENT_3D('',#10672,#10673,#10674);
#10672 = CARTESIAN_POINT('',(-4.412768775266,-2.65265,20.114742857143));
#10673 = DIRECTION('',(0.,0.,1.));
#10674 = DIRECTION('',(1.,0.,-0.));
#10675 = ADVANCED_FACE('',(#10676),#10682,.T.);
#10676 = FACE_BOUND('',#10677,.T.);
#10677 = EDGE_LOOP('',(#10678,#10679,#10680,#10681));
#10678 = ORIENTED_EDGE('',*,*,#1337,.T.);
#10679 = ORIENTED_EDGE('',*,*,#5184,.T.);
#10680 = ORIENTED_EDGE('',*,*,#9938,.T.);
#10681 = ORIENTED_EDGE('',*,*,#5199,.F.);
#10682 = PLANE('',#10683);
#10683 = AXIS2_PLACEMENT_3D('',#10684,#10685,#10686);
#10684 = CARTESIAN_POINT('',(-4.412768775266,2.524228571429,
    18.665614285714));
#10685 = DIRECTION('',(1.813383596492E-16,0.919366063816,0.393403152889)
  );
#10686 = DIRECTION('',(0.,-0.393403152889,0.919366063816));
#10687 = ADVANCED_FACE('',(#10688),#10694,.T.);
#10688 = FACE_BOUND('',#10689,.T.);
#10689 = EDGE_LOOP('',(#10690,#10691,#10692,#10693));
#10690 = ORIENTED_EDGE('',*,*,#1281,.T.);
#10691 = ORIENTED_EDGE('',*,*,#5335,.T.);
#10692 = ORIENTED_EDGE('',*,*,#9950,.T.);
#10693 = ORIENTED_EDGE('',*,*,#5350,.F.);
#10694 = PLANE('',#10695);
#10695 = AXIS2_PLACEMENT_3D('',#10696,#10697,#10698);
#10696 = CARTESIAN_POINT('',(-4.412768775266,2.758228571429,
    18.437371428571));
#10697 = DIRECTION('',(-2.795690292504E-16,0.393403152889,0.919366063816
    ));
#10698 = DIRECTION('',(0.,0.919366063816,-0.393403152889));
#10699 = ADVANCED_FACE('',(#10700),#10706,.T.);
#10700 = FACE_BOUND('',#10701,.T.);
#10701 = EDGE_LOOP('',(#10702,#10703,#10704,#10705));
#10702 = ORIENTED_EDGE('',*,*,#1233,.T.);
#10703 = ORIENTED_EDGE('',*,*,#5445,.T.);
#10704 = ORIENTED_EDGE('',*,*,#9966,.T.);
#10705 = ORIENTED_EDGE('',*,*,#5460,.F.);
#10706 = PLANE('',#10707);
#10707 = AXIS2_PLACEMENT_3D('',#10708,#10709,#10710);
#10708 = CARTESIAN_POINT('',(-4.412768775266,3.083414285714,
    18.437371428571));
#10709 = DIRECTION('',(0.,-0.393403152889,0.919366063816));
#10710 = DIRECTION('',(0.,0.919366063816,0.393403152889));
#10711 = ADVANCED_FACE('',(#10712),#10718,.T.);
#10712 = FACE_BOUND('',#10713,.T.);
#10713 = EDGE_LOOP('',(#10714,#10715,#10716,#10717));
#10714 = ORIENTED_EDGE('',*,*,#1177,.T.);
#10715 = ORIENTED_EDGE('',*,*,#5596,.T.);
#10716 = ORIENTED_EDGE('',*,*,#9978,.T.);
#10717 = ORIENTED_EDGE('',*,*,#5611,.F.);
#10718 = PLANE('',#10719);
#10719 = AXIS2_PLACEMENT_3D('',#10720,#10721,#10722);
#10720 = CARTESIAN_POINT('',(-4.412768775266,3.311657142857,
    18.671371428571));
#10721 = DIRECTION('',(-0.,-0.919366063816,0.393403152889));
#10722 = DIRECTION('',(0.,-0.393403152889,-0.919366063816));
#10723 = ADVANCED_FACE('',(#10724),#10730,.T.);
#10724 = FACE_BOUND('',#10725,.T.);
#10725 = EDGE_LOOP('',(#10726,#10727,#10728,#10729));
#10726 = ORIENTED_EDGE('',*,*,#1153,.T.);
#10727 = ORIENTED_EDGE('',*,*,#5651,.T.);
#10728 = ORIENTED_EDGE('',*,*,#9986,.T.);
#10729 = ORIENTED_EDGE('',*,*,#5666,.F.);
#10730 = PLANE('',#10731);
#10731 = AXIS2_PLACEMENT_3D('',#10732,#10733,#10734);
#10732 = CARTESIAN_POINT('',(-4.412768775266,3.345828571429,
    18.833964285714));
#10733 = DIRECTION('',(-0.,-1.,-0.));
#10734 = DIRECTION('',(0.,0.,-1.));
#10735 = ADVANCED_FACE('',(#10736),#10742,.T.);
#10736 = FACE_BOUND('',#10737,.T.);
#10737 = EDGE_LOOP('',(#10738,#10739,#10740,#10741));
#10738 = ORIENTED_EDGE('',*,*,#1129,.T.);
#10739 = ORIENTED_EDGE('',*,*,#5706,.T.);
#10740 = ORIENTED_EDGE('',*,*,#9994,.T.);
#10741 = ORIENTED_EDGE('',*,*,#5721,.F.);
#10742 = PLANE('',#10743);
#10743 = AXIS2_PLACEMENT_3D('',#10744,#10745,#10746);
#10744 = CARTESIAN_POINT('',(-4.412768775266,3.311657142857,
    18.996557142857));
#10745 = DIRECTION('',(-0.,-0.919366063816,-0.393403152889));
#10746 = DIRECTION('',(0.,0.393403152889,-0.919366063816));
#10747 = ADVANCED_FACE('',(#10748),#10754,.T.);
#10748 = FACE_BOUND('',#10749,.T.);
#10749 = EDGE_LOOP('',(#10750,#10751,#10752,#10753));
#10750 = ORIENTED_EDGE('',*,*,#1073,.T.);
#10751 = ORIENTED_EDGE('',*,*,#5857,.T.);
#10752 = ORIENTED_EDGE('',*,*,#10006,.T.);
#10753 = ORIENTED_EDGE('',*,*,#5872,.F.);
#10754 = PLANE('',#10755);
#10755 = AXIS2_PLACEMENT_3D('',#10756,#10757,#10758);
#10756 = CARTESIAN_POINT('',(-4.412768775266,3.077657142857,19.2248));
#10757 = DIRECTION('',(-2.684185801364E-16,-0.393403152889,
    -0.919366063816));
#10758 = DIRECTION('',(1.232595164408E-32,-0.919366063816,0.393403152889
    ));
#10759 = ADVANCED_FACE('',(#10760),#10766,.T.);
#10760 = FACE_BOUND('',#10761,.T.);
#10761 = EDGE_LOOP('',(#10762,#10763,#10764,#10765));
#10762 = ORIENTED_EDGE('',*,*,#1049,.T.);
#10763 = ORIENTED_EDGE('',*,*,#5912,.T.);
#10764 = ORIENTED_EDGE('',*,*,#10014,.T.);
#10765 = ORIENTED_EDGE('',*,*,#5927,.F.);
#10766 = PLANE('',#10767);
#10767 = AXIS2_PLACEMENT_3D('',#10768,#10769,#10770);
#10768 = CARTESIAN_POINT('',(-4.412768775266,2.915064285714,
    19.258971428571));
#10769 = DIRECTION('',(-0.,-0.,-1.));
#10770 = DIRECTION('',(-1.,0.,0.));
#10771 = ADVANCED_FACE('',(#10772),#10778,.T.);
#10772 = FACE_BOUND('',#10773,.T.);
#10773 = EDGE_LOOP('',(#10774,#10775,#10776,#10777));
#10774 = ORIENTED_EDGE('',*,*,#1025,.T.);
#10775 = ORIENTED_EDGE('',*,*,#5967,.T.);
#10776 = ORIENTED_EDGE('',*,*,#10022,.T.);
#10777 = ORIENTED_EDGE('',*,*,#5982,.F.);
#10778 = PLANE('',#10779);
#10779 = AXIS2_PLACEMENT_3D('',#10780,#10781,#10782);
#10780 = CARTESIAN_POINT('',(-4.412768775266,2.752471428571,19.2248));
#10781 = DIRECTION('',(-2.413680240043E-16,0.393403152889,
    -0.919366063816));
#10782 = DIRECTION('',(0.,-0.919366063816,-0.393403152889));
#10783 = ADVANCED_FACE('',(#10784),#10790,.T.);
#10784 = FACE_BOUND('',#10785,.T.);
#10785 = EDGE_LOOP('',(#10786,#10787,#10788,#10789));
#10786 = ORIENTED_EDGE('',*,*,#969,.T.);
#10787 = ORIENTED_EDGE('',*,*,#6118,.T.);
#10788 = ORIENTED_EDGE('',*,*,#10034,.T.);
#10789 = ORIENTED_EDGE('',*,*,#6133,.F.);
#10790 = PLANE('',#10791);
#10791 = AXIS2_PLACEMENT_3D('',#10792,#10793,#10794);
#10792 = CARTESIAN_POINT('',(-4.412768775266,2.524228571429,18.9908));
#10793 = DIRECTION('',(0.,0.919366063816,-0.393403152889));
#10794 = DIRECTION('',(0.,0.393403152889,0.919366063816));
#10795 = ADVANCED_FACE('',(#10796),#10802,.T.);
#10796 = FACE_BOUND('',#10797,.T.);
#10797 = EDGE_LOOP('',(#10798,#10799,#10800,#10801));
#10798 = ORIENTED_EDGE('',*,*,#945,.T.);
#10799 = ORIENTED_EDGE('',*,*,#6173,.T.);
#10800 = ORIENTED_EDGE('',*,*,#9930,.T.);
#10801 = ORIENTED_EDGE('',*,*,#5144,.F.);
#10802 = PLANE('',#10803);
#10803 = AXIS2_PLACEMENT_3D('',#10804,#10805,#10806);
#10804 = CARTESIAN_POINT('',(-4.412768775266,2.490057142857,
    18.828207142857));
#10805 = DIRECTION('',(0.,1.,0.));
#10806 = DIRECTION('',(0.,-0.,1.));
#10807 = ADVANCED_FACE('',(#10808),#10814,.T.);
#10808 = FACE_BOUND('',#10809,.T.);
#10809 = EDGE_LOOP('',(#10810,#10811,#10812,#10813));
#10810 = ORIENTED_EDGE('',*,*,#1363,.T.);
#10811 = ORIENTED_EDGE('',*,*,#8207,.T.);
#10812 = ORIENTED_EDGE('',*,*,#10050,.T.);
#10813 = ORIENTED_EDGE('',*,*,#6188,.F.);
#10814 = PLANE('',#10815);
#10815 = AXIS2_PLACEMENT_3D('',#10816,#10817,#10818);
#10816 = CARTESIAN_POINT('',(-4.412768775266,1.919542857143,
    21.255771428571));
#10817 = DIRECTION('',(-0.,-1.,-0.));
#10818 = DIRECTION('',(0.,0.,-1.));
#10819 = ADVANCED_FACE('',(#10820),#10826,.T.);
#10820 = FACE_BOUND('',#10821,.T.);
#10821 = EDGE_LOOP('',(#10822,#10823,#10824,#10825));
#10822 = ORIENTED_EDGE('',*,*,#1747,.T.);
#10823 = ORIENTED_EDGE('',*,*,#7089,.T.);
#10824 = ORIENTED_EDGE('',*,*,#10111,.T.);
#10825 = ORIENTED_EDGE('',*,*,#7104,.F.);
#10826 = PLANE('',#10827);
#10827 = AXIS2_PLACEMENT_3D('',#10828,#10829,#10830);
#10828 = CARTESIAN_POINT('',(-4.412768775266,-7.725714285714E-02,
    19.507085714286));
#10829 = DIRECTION('',(0.,1.,0.));
#10830 = DIRECTION('',(0.,-0.,1.));
#10831 = ADVANCED_FACE('',(#10832),#10838,.T.);
#10832 = FACE_BOUND('',#10833,.T.);
#10833 = EDGE_LOOP('',(#10834,#10835,#10836,#10837));
#10834 = ORIENTED_EDGE('',*,*,#1923,.T.);
#10835 = ORIENTED_EDGE('',*,*,#6595,.T.);
#10836 = ORIENTED_EDGE('',*,*,#10079,.T.);
#10837 = ORIENTED_EDGE('',*,*,#6610,.F.);
#10838 = PLANE('',#10839);
#10839 = AXIS2_PLACEMENT_3D('',#10840,#10841,#10842);
#10840 = CARTESIAN_POINT('',(-4.412768775266,-4.958571428571E-02,21.8833
    ));
#10841 = DIRECTION('',(3.323919249238E-16,0.837610596839,0.546267780547)
  );
#10842 = DIRECTION('',(0.,-0.546267780547,0.837610596839));
#10843 = ADVANCED_FACE('',(#10844),#10850,.T.);
#10844 = FACE_BOUND('',#10845,.T.);
#10845 = EDGE_LOOP('',(#10846,#10847,#10848,#10849));
#10846 = ORIENTED_EDGE('',*,*,#1579,.T.);
#10847 = ORIENTED_EDGE('',*,*,#7576,.T.);
#10848 = ORIENTED_EDGE('',*,*,#10137,.T.);
#10849 = ORIENTED_EDGE('',*,*,#7591,.F.);
#10850 = PLANE('',#10851);
#10851 = AXIS2_PLACEMENT_3D('',#10852,#10853,#10854);
#10852 = CARTESIAN_POINT('',(-4.412768775266,1.851014285714,18.5059));
#10853 = DIRECTION('',(2.023721054421E-16,-0.781363568139,0.62407609663)
  );
#10854 = DIRECTION('',(0.,-0.62407609663,-0.781363568139));
#10855 = ADVANCED_FACE('',(#10856),#10862,.T.);
#10856 = FACE_BOUND('',#10857,.T.);
#10857 = EDGE_LOOP('',(#10858,#10859,#10860,#10861));
#10858 = ORIENTED_EDGE('',*,*,#2413,.T.);
#10859 = ORIENTED_EDGE('',*,*,#8557,.T.);
#10860 = ORIENTED_EDGE('',*,*,#10203,.T.);
#10861 = ORIENTED_EDGE('',*,*,#8572,.F.);
#10862 = PLANE('',#10863);
#10863 = AXIS2_PLACEMENT_3D('',#10864,#10865,#10866);
#10864 = CARTESIAN_POINT('',(-4.412768775266,-3.488457142857,
    22.116742857143));
#10865 = DIRECTION('',(0.,1.,0.));
#10866 = DIRECTION('',(0.,-0.,1.));
#10867 = ADVANCED_FACE('',(#10868),#10874,.T.);
#10868 = FACE_BOUND('',#10869,.T.);
#10869 = EDGE_LOOP('',(#10870,#10871,#10872,#10873));
#10870 = ORIENTED_EDGE('',*,*,#2197,.T.);
#10871 = ORIENTED_EDGE('',*,*,#10665,.T.);
#10872 = ORIENTED_EDGE('',*,*,#10252,.T.);
#10873 = ORIENTED_EDGE('',*,*,#9145,.F.);
#10874 = PLANE('',#10875);
#10875 = AXIS2_PLACEMENT_3D('',#10876,#10877,#10878);
#10876 = CARTESIAN_POINT('',(-4.412768775266,-2.2048,19.3184));
#10877 = DIRECTION('',(0.,1.,0.));
#10878 = DIRECTION('',(0.,-0.,1.));
#10879 = ADVANCED_FACE('',(#10880),#10886,.T.);
#10880 = FACE_BOUND('',#10881,.T.);
#10881 = EDGE_LOOP('',(#10882,#10883,#10884,#10885));
#10882 = ORIENTED_EDGE('',*,*,#2269,.T.);
#10883 = ORIENTED_EDGE('',*,*,#8955,.T.);
#10884 = ORIENTED_EDGE('',*,*,#10231,.T.);
#10885 = ORIENTED_EDGE('',*,*,#8970,.F.);
#10886 = PLANE('',#10887);
#10887 = AXIS2_PLACEMENT_3D('',#10888,#10889,#10890);
#10888 = CARTESIAN_POINT('',(-4.412768775266,-3.2032,20.402414285714));
#10889 = DIRECTION('',(0.,1.,0.));
#10890 = DIRECTION('',(0.,-0.,1.));
#10891 = ADVANCED_FACE('',(#10892),#10898,.T.);
#10892 = FACE_BOUND('',#10893,.T.);
#10893 = EDGE_LOOP('',(#10894,#10895,#10896,#10897));
#10894 = ORIENTED_EDGE('',*,*,#2077,.T.);
#10895 = ORIENTED_EDGE('',*,*,#9456,.T.);
#10896 = ORIENTED_EDGE('',*,*,#10177,.T.);
#10897 = ORIENTED_EDGE('',*,*,#8222,.F.);
#10898 = PLANE('',#10899);
#10899 = AXIS2_PLACEMENT_3D('',#10900,#10901,#10902);
#10900 = CARTESIAN_POINT('',(-4.412768775266,-1.634285714286,
    20.390714285714));
#10901 = DIRECTION('',(-0.,-1.,-0.));
#10902 = DIRECTION('',(0.,0.,-1.));
#10903 = ( GEOMETRIC_REPRESENTATION_CONTEXT(3) 
GLOBAL_UNCERTAINTY_ASSIGNED_CONTEXT((#10907)) 
GLOBAL_UNIT_ASSIGNED_CONTEXT((#10904,#10905,#10906)) 
REPRESENTATION_CONTEXT('Context #1',
  '3D Context with UNIT and UNCERTAINTY') );
#10904 = ( LENGTH_UNIT() NAMED_UNIT(*) SI_UNIT(.MILLI.,.METRE.) );
#10905 = ( NAMED_UNIT(*) PLANE_ANGLE_UNIT() SI_UNIT($,.RADIAN.) );
#10906 = ( NAMED_UNIT(*) SI_UNIT($,.STERADIAN.) SOLID_ANGLE_UNIT() );
#10907 = UNCERTAINTY_MEASURE_WITH_UNIT(LENGTH_MEASURE(2.E-07),#10904,
  'distance_accuracy_value','confusion accuracy');
#10908 = PRODUCT_RELATED_PRODUCT_CATEGORY('part',$,(#7));
ENDSEC;
END-ISO-10303-21;
