ISO-10303-21;
HEADER;
FILE_DESCRIPTION(('FreeCAD Model'),'2;1');
FILE_NAME('Open CASCADE Shape Model','2026-10-09T16:54:40',('FreeCAD'),(
    'FreeCAD'),'Open CASCADE STEP processor 7.8','FreeCAD','Unknown');
FILE_SCHEMA(('AUTOMOTIVE_DESIGN { 1 0 10303 214 1 1 1 1 }'));
ENDSEC;
DATA;
#1 = APPLICATION_PROTOCOL_DEFINITION('international standard',
  'automotive_design',2000,#2);
#2 = APPLICATION_CONTEXT(
  'core data for automotive mechanical design processes');
#3 = SHAPE_DEFINITION_REPRESENTATION(#4,#10);
#4 = PRODUCT_DEFINITION_SHAPE('','',#5);
#5 = PRODUCT_DEFINITION('design','',#6,#9);
#6 = PRODUCT_DEFINITION_FORMATION('','',#7);
#7 = PRODUCT('Open CASCADE STEP translator 7.8 3',
  'Open CASCADE STEP translator 7.8 3','',(#8));
#8 = PRODUCT_CONTEXT('',#2,'mechanical');
#9 = PRODUCT_DEFINITION_CONTEXT('part definition',#2,'design');
#10 = ADVANCED_BREP_SHAPE_REPRESENTATION('',(#11,#15),#12002);
#11 = AXIS2_PLACEMENT_3D('',#12,#13,#14);
#12 = CARTESIAN_POINT('',(0.,0.,0.));
#13 = DIRECTION('',(0.,0.,1.));
#14 = DIRECTION('',(1.,0.,-0.));
#15 = MANIFOLD_SOLID_BREP('',#16);
#16 = CLOSED_SHELL('',(#17,#2799,#2853,#2877,#2901,#2925,#2956,#2980,
    #3004,#3028,#3052,#3076,#3100,#3124,#3148,#3172,#3203,#3227,#3251,
    #3275,#3299,#3323,#3347,#3371,#3395,#3419,#3443,#3467,#3491,#3522,
    #3553,#3577,#3601,#3625,#3649,#3673,#3697,#3721,#3745,#3769,#3793,
    #3817,#3841,#3865,#3889,#3913,#3937,#3968,#3992,#4016,#4040,#4064,
    #4088,#4112,#4136,#4160,#4184,#4208,#4232,#4256,#4280,#4311,#4335,
    #4359,#4383,#4414,#4438,#4462,#4479,#4547,#4594,#4625,#4649,#4673,
    #4697,#4721,#4745,#4769,#4793,#4824,#4848,#4872,#4896,#4920,#4944,
    #4975,#4999,#5023,#5047,#5071,#5095,#5119,#5143,#5167,#5198,#5222,
    #5246,#5270,#5294,#5318,#5342,#5366,#5390,#5418,#5449,#5473,#5497,
    #5521,#5545,#5569,#5600,#5624,#5648,#5672,#5696,#5720,#5744,#5768,
    #5792,#5816,#5840,#5871,#5895,#5919,#5943,#5974,#5998,#6022,#6046,
    #6070,#6094,#6118,#6142,#6166,#6190,#6214,#6238,#6262,#6286,#6310,
    #6334,#6365,#6389,#6413,#6437,#6461,#6485,#6509,#6533,#6557,#6581,
    #6605,#6629,#6653,#6677,#6701,#6725,#6749,#6773,#6797,#6821,#6852,
    #6876,#6900,#6924,#6948,#6972,#6996,#7020,#7044,#7068,#7092,#7116,
    #7140,#7164,#7188,#7212,#7236,#7260,#7284,#7308,#7332,#7356,#7380,
    #7404,#7428,#7452,#7483,#7507,#7531,#7555,#7579,#7603,#7627,#7651,
    #7682,#7706,#7730,#7754,#7778,#7802,#7833,#7857,#7881,#7905,#7929,
    #7953,#7977,#8001,#8032,#8056,#8080,#8104,#8128,#8152,#8176,#8200,
    #8231,#8255,#8279,#8303,#8327,#8351,#8375,#8406,#8430,#8454,#8478,
    #8502,#8526,#8557,#8581,#8605,#8629,#8653,#8677,#8701,#8732,#8756,
    #8780,#8804,#8828,#8852,#8876,#8900,#8924,#8948,#8972,#8996,#9020,
    #9051,#9075,#9099,#9123,#9147,#9171,#9195,#9226,#9250,#9274,#9298,
    #9322,#9346,#9370,#9394,#9418,#9442,#9466,#9490,#9514,#9538,#9562,
    #9586,#9610,#9634,#9658,#9682,#9706,#9730,#9754,#9778,#9802,#9826,
    #9850,#9874,#9898,#9922,#9946,#9970,#9994,#10018,#10042,#10066,
    #10090,#10114,#10138,#10162,#10186,#10210,#10241,#10265,#10289,
    #10313,#10344,#10375,#10399,#10423,#10447,#10471,#10495,#10519,
    #10543,#10567,#10591,#10608,#10620,#10771,#10800,#10823,#10846,
    #10869,#10892,#10909,#10980,#11005,#11132,#11240,#11356,#11387,
    #11411,#11435,#11452,#11483,#11507,#11531,#11555,#11579,#11596,
    #11613,#11625,#11637,#11649,#11661,#11673,#11685,#11697,#11709,
    #11721,#11738,#11750,#11762,#11774,#11786,#11798,#11810,#11822,
    #11834,#11846,#11858,#11870,#11882,#11894,#11906,#11918,#11930,
    #11942,#11954,#11966,#11978,#11990));
#17 = ADVANCED_FACE('',(#18,#948,#1662,#2128),#2794,.F.);
#18 = FACE_BOUND('',#19,.F.);
#19 = EDGE_LOOP('',(#20,#30,#38,#46,#54,#62,#70,#78,#86,#94,#102,#110,
    #118,#126,#134,#142,#150,#158,#166,#174,#182,#190,#198,#206,#214,
    #222,#230,#238,#246,#254,#262,#270,#278,#286,#294,#302,#310,#318,
    #326,#334,#342,#350,#358,#366,#374,#382,#390,#398,#406,#414,#422,
    #430,#438,#446,#454,#462,#470,#478,#486,#494,#502,#510,#518,#526,
    #534,#542,#550,#558,#566,#574,#582,#590,#598,#606,#614,#622,#630,
    #638,#646,#654,#662,#670,#678,#686,#694,#702,#710,#718,#726,#734,
    #742,#750,#758,#766,#774,#782,#790,#798,#806,#814,#822,#830,#838,
    #846,#854,#862,#870,#878,#886,#894,#902,#910,#918,#926,#934,#942));
#20 = ORIENTED_EDGE('',*,*,#21,.F.);
#21 = EDGE_CURVE('',#22,#24,#26,.T.);
#22 = VERTEX_POINT('',#23);
#23 = CARTESIAN_POINT('',(-6.10614444824,-6.10614444824,-3.));
#24 = VERTEX_POINT('',#25);
#25 = CARTESIAN_POINT('',(-6.10614444824,-6.10614444824,18.432353563185)
  );
#26 = LINE('',#27,#28);
#27 = CARTESIAN_POINT('',(-6.10614444824,-6.10614444824,-3.));
#28 = VECTOR('',#29,1.);
#29 = DIRECTION('',(0.,0.,1.));
#30 = ORIENTED_EDGE('',*,*,#31,.T.);
#31 = EDGE_CURVE('',#22,#32,#34,.T.);
#32 = VERTEX_POINT('',#33);
#33 = CARTESIAN_POINT('',(-6.10614444824,6.10614444824,-3.));
#34 = LINE('',#35,#36);
#35 = CARTESIAN_POINT('',(-6.10614444824,-6.10614444824,-3.));
#36 = VECTOR('',#37,1.);
#37 = DIRECTION('',(-0.,1.,0.));
#38 = ORIENTED_EDGE('',*,*,#39,.T.);
#39 = EDGE_CURVE('',#32,#40,#42,.T.);
#40 = VERTEX_POINT('',#41);
#41 = CARTESIAN_POINT('',(-6.10614444824,6.10614444824,21.826285714286)
  );
#42 = LINE('',#43,#44);
#43 = CARTESIAN_POINT('',(-6.10614444824,6.10614444824,-3.));
#44 = VECTOR('',#45,1.);
#45 = DIRECTION('',(0.,0.,1.));
#46 = ORIENTED_EDGE('',*,*,#47,.T.);
#47 = EDGE_CURVE('',#40,#48,#50,.T.);
#48 = VERTEX_POINT('',#49);
#49 = CARTESIAN_POINT('',(-6.10614444824,5.770514285714,21.826285714286)
  );
#50 = LINE('',#51,#52);
#51 = CARTESIAN_POINT('',(-6.10614444824,-0.167815081263,21.826285714286
    ));
#52 = VECTOR('',#53,1.);
#53 = DIRECTION('',(0.,-1.,0.));
#54 = ORIENTED_EDGE('',*,*,#55,.T.);
#55 = EDGE_CURVE('',#48,#56,#58,.T.);
#56 = VERTEX_POINT('',#57);
#57 = CARTESIAN_POINT('',(-6.10614444824,5.770514285714,18.5059));
#58 = LINE('',#59,#60);
#59 = CARTESIAN_POINT('',(-6.10614444824,5.770514285714,7.75295));
#60 = VECTOR('',#61,1.);
#61 = DIRECTION('',(0.,-0.,-1.));
#62 = ORIENTED_EDGE('',*,*,#63,.T.);
#63 = EDGE_CURVE('',#56,#64,#66,.T.);
#64 = VERTEX_POINT('',#65);
#65 = CARTESIAN_POINT('',(-6.10614444824,5.764757142857,18.488814285714)
  );
#66 = LINE('',#67,#68);
#67 = CARTESIAN_POINT('',(-6.10614444824,1.908309674852,7.043873412924)
  );
#68 = VECTOR('',#69,1.);
#69 = DIRECTION('',(0.,-0.319316245627,-0.947648212829));
#70 = ORIENTED_EDGE('',*,*,#71,.T.);
#71 = EDGE_CURVE('',#64,#72,#74,.T.);
#72 = VERTEX_POINT('',#73);
#73 = CARTESIAN_POINT('',(-6.10614444824,5.752685714286,18.471728571429)
  );
#74 = LINE('',#75,#76);
#75 = CARTESIAN_POINT('',(-6.10614444824,-1.281142573752,8.516156225283)
  );
#76 = VECTOR('',#77,1.);
#77 = DIRECTION('',(0.,-0.577031680865,-0.816721763686));
#78 = ORIENTED_EDGE('',*,*,#79,.T.);
#79 = EDGE_CURVE('',#72,#80,#82,.T.);
#80 = VERTEX_POINT('',#81);
#81 = CARTESIAN_POINT('',(-6.10614444824,5.740985714286,18.454457142857)
  );
#82 = LINE('',#83,#84);
#83 = CARTESIAN_POINT('',(-6.10614444824,-1.103320991019,8.35095676836)
  );
#84 = VECTOR('',#85,1.);
#85 = DIRECTION('',(0.,-0.56084814517,-0.827918690488));
#86 = ORIENTED_EDGE('',*,*,#87,.T.);
#87 = EDGE_CURVE('',#80,#88,#90,.T.);
#88 = VERTEX_POINT('',#89);
#89 = CARTESIAN_POINT('',(-6.10614444824,5.723157142857,18.437371428571)
  );
#90 = LINE('',#91,#92);
#91 = CARTESIAN_POINT('',(-6.10614444824,-2.714447719153,10.351333435811
    ));
#92 = VECTOR('',#93,1.);
#93 = DIRECTION('',(0.,-0.721988205115,-0.691905363236));
#94 = ORIENTED_EDGE('',*,*,#95,.T.);
#95 = EDGE_CURVE('',#88,#96,#98,.T.);
#96 = VERTEX_POINT('',#97);
#97 = CARTESIAN_POINT('',(-6.10614444824,5.705142857143,18.426042857143)
  );
#98 = LINE('',#99,#100);
#99 = CARTESIAN_POINT('',(-6.10614444824,-3.354655232806,12.728644058309
    ));
#100 = VECTOR('',#101,1.);
#101 = DIRECTION('',(0.,-0.846524186767,-0.532350261781));
#102 = ORIENTED_EDGE('',*,*,#103,.T.);
#103 = EDGE_CURVE('',#96,#104,#106,.T.);
#104 = VERTEX_POINT('',#105);
#105 = CARTESIAN_POINT('',(-6.10614444824,5.687314285714,18.414528571429
    ));
#106 = LINE('',#107,#108);
#107 = CARTESIAN_POINT('',(-6.10614444824,-3.35356587314,12.575626802169
    ));
#108 = VECTOR('',#109,1.);
#109 = DIRECTION('',(0.,-0.840039377769,-0.542525431476));
#110 = ORIENTED_EDGE('',*,*,#111,.T.);
#111 = EDGE_CURVE('',#104,#112,#114,.T.);
#112 = VERTEX_POINT('',#113);
#113 = CARTESIAN_POINT('',(-6.10614444824,5.669485714286,18.408957142857
    ));
#114 = LINE('',#115,#116);
#115 = CARTESIAN_POINT('',(-6.10614444824,-2.742040785777,
    15.780355111588));
#116 = VECTOR('',#117,1.);
#117 = DIRECTION('',(0.,-0.954479978035,-0.298274993136));
#118 = ORIENTED_EDGE('',*,*,#119,.T.);
#119 = EDGE_CURVE('',#112,#120,#122,.T.);
#120 = VERTEX_POINT('',#121);
#121 = CARTESIAN_POINT('',(-6.10614444824,5.651657142857,18.4032));
#122 = LINE('',#123,#124);
#123 = CARTESIAN_POINT('',(-6.10614444824,-2.8015128809,15.673530513162)
  );
#124 = VECTOR('',#125,1.);
#125 = DIRECTION('',(0.,-0.951615146191,-0.307292390957));
#126 = ORIENTED_EDGE('',*,*,#127,.T.);
#127 = EDGE_CURVE('',#120,#128,#130,.T.);
#128 = VERTEX_POINT('',#129);
#129 = CARTESIAN_POINT('',(-6.10614444824,5.325542857143,18.4032));
#130 = LINE('',#131,#132);
#131 = CARTESIAN_POINT('',(-6.10614444824,-0.390300795549,18.4032));
#132 = VECTOR('',#133,1.);
#133 = DIRECTION('',(0.,-1.,0.));
#134 = ORIENTED_EDGE('',*,*,#135,.T.);
#135 = EDGE_CURVE('',#128,#136,#138,.T.);
#136 = VERTEX_POINT('',#137);
#137 = CARTESIAN_POINT('',(-6.10614444824,5.3027,18.408957142857));
#138 = LINE('',#139,#140);
#139 = CARTESIAN_POINT('',(-6.10614444824,2.475725044384,19.121446765817
    ));
#140 = VECTOR('',#141,1.);
#141 = DIRECTION('',(0.,-0.969676988372,0.244390135281));
#142 = ORIENTED_EDGE('',*,*,#143,.T.);
#143 = EDGE_CURVE('',#136,#144,#146,.T.);
#144 = VERTEX_POINT('',#145);
#145 = CARTESIAN_POINT('',(-6.10614444824,5.279857142857,18.420285714286
    ));
#146 = LINE('',#147,#148);
#147 = CARTESIAN_POINT('',(-6.10614444824,4.97369230579,18.572123560311)
  );
#148 = VECTOR('',#149,1.);
#149 = DIRECTION('',(0.,-0.895879160097,0.444297794845));
#150 = ORIENTED_EDGE('',*,*,#151,.T.);
#151 = EDGE_CURVE('',#144,#152,#154,.T.);
#152 = VERTEX_POINT('',#153);
#153 = CARTESIAN_POINT('',(-6.10614444824,5.257014285714,18.4318));
#154 = LINE('',#155,#156);
#155 = CARTESIAN_POINT('',(-6.10614444824,5.033688462545,18.544370740134
    ));
#156 = VECTOR('',#157,1.);
#157 = DIRECTION('',(0.,-0.892970492237,0.450115207469));
#158 = ORIENTED_EDGE('',*,*,#159,.T.);
#159 = EDGE_CURVE('',#152,#160,#162,.T.);
#160 = VERTEX_POINT('',#161);
#161 = CARTESIAN_POINT('',(-6.10614444824,5.234171428571,18.448885714286
    ));
#162 = LINE('',#163,#164);
#163 = CARTESIAN_POINT('',(-6.10614444824,6.74199052412,17.321086065582)
  );
#164 = VECTOR('',#165,1.);
#165 = DIRECTION('',(0.,-0.80078057117,0.598957825591));
#166 = ORIENTED_EDGE('',*,*,#167,.T.);
#167 = EDGE_CURVE('',#160,#168,#170,.T.);
#168 = VERTEX_POINT('',#169);
#169 = CARTESIAN_POINT('',(-6.10614444824,5.222842857143,18.471728571429
    ));
#170 = LINE('',#171,#172);
#171 = CARTESIAN_POINT('',(-6.10614444824,8.37794147009,12.109808417454)
  );
#172 = VECTOR('',#173,1.);
#173 = DIRECTION('',(0.,-0.444297794845,0.895879160097));
#174 = ORIENTED_EDGE('',*,*,#175,.T.);
#175 = EDGE_CURVE('',#168,#176,#178,.T.);
#176 = VERTEX_POINT('',#177);
#177 = CARTESIAN_POINT('',(-6.10614444824,5.211328571429,18.488814285714
    ));
#178 = LINE('',#179,#180);
#179 = CARTESIAN_POINT('',(-6.10614444824,8.423378880094,13.722546085759
    ));
#180 = VECTOR('',#181,1.);
#181 = DIRECTION('',(0.,-0.558853462072,0.829266427591));
#182 = ORIENTED_EDGE('',*,*,#183,.T.);
#183 = EDGE_CURVE('',#176,#184,#186,.T.);
#184 = VERTEX_POINT('',#185);
#185 = CARTESIAN_POINT('',(-6.10614444824,5.205757142857,18.517228571429
    ));
#186 = LINE('',#187,#188);
#187 = CARTESIAN_POINT('',(-6.10614444824,7.027785356911,9.224884679754)
  );
#188 = VECTOR('',#189,1.);
#189 = DIRECTION('',(0.,-0.192414460721,0.981313749677));
#190 = ORIENTED_EDGE('',*,*,#191,.T.);
#191 = EDGE_CURVE('',#184,#192,#194,.T.);
#192 = VERTEX_POINT('',#193);
#193 = CARTESIAN_POINT('',(-6.10614444824,5.2,18.540071428571));
#194 = LINE('',#195,#196);
#195 = CARTESIAN_POINT('',(-6.10614444824,7.414639140534,9.752954838711)
  );
#196 = VECTOR('',#197,1.);
#197 = DIRECTION('',(0.,-0.244390135281,0.969676988372));
#198 = ORIENTED_EDGE('',*,*,#199,.T.);
#199 = EDGE_CURVE('',#192,#200,#202,.T.);
#200 = VERTEX_POINT('',#201);
#201 = CARTESIAN_POINT('',(-6.10614444824,5.2,21.826285714286));
#202 = LINE('',#203,#204);
#203 = CARTESIAN_POINT('',(-6.10614444824,5.2,9.413142857143));
#204 = VECTOR('',#205,1.);
#205 = DIRECTION('',(0.,0.,1.));
#206 = ORIENTED_EDGE('',*,*,#207,.T.);
#207 = EDGE_CURVE('',#200,#208,#210,.T.);
#208 = VERTEX_POINT('',#209);
#209 = CARTESIAN_POINT('',(-6.10614444824,4.5838,21.826285714286));
#210 = LINE('',#211,#212);
#211 = CARTESIAN_POINT('',(-6.10614444824,-0.76117222412,21.826285714286
    ));
#212 = VECTOR('',#213,1.);
#213 = DIRECTION('',(0.,-1.,0.));
#214 = ORIENTED_EDGE('',*,*,#215,.T.);
#215 = EDGE_CURVE('',#208,#216,#218,.T.);
#216 = VERTEX_POINT('',#217);
#217 = CARTESIAN_POINT('',(-6.10614444824,4.566714285714,21.838357142857
    ));
#218 = LINE('',#219,#220);
#219 = CARTESIAN_POINT('',(-6.10614444824,6.859972201629,20.21812057183)
  );
#220 = VECTOR('',#221,1.);
#221 = DIRECTION('',(0.,-0.816721763686,0.577031680865));
#222 = ORIENTED_EDGE('',*,*,#223,.T.);
#223 = EDGE_CURVE('',#216,#224,#226,.T.);
#224 = VERTEX_POINT('',#225);
#225 = CARTESIAN_POINT('',(-6.10614444824,4.549628571429,21.8443));
#226 = LINE('',#227,#228);
#227 = CARTESIAN_POINT('',(-6.10614444824,3.651186136855,22.156801716374
    ));
#228 = VECTOR('',#229,1.);
#229 = DIRECTION('',(0.,-0.944496796706,0.328520624941));
#230 = ORIENTED_EDGE('',*,*,#231,.T.);
#231 = EDGE_CURVE('',#224,#232,#234,.T.);
#232 = VERTEX_POINT('',#233);
#233 = CARTESIAN_POINT('',(-6.10614444824,4.526785714286,21.868628571429
    ));
#234 = LINE('',#235,#236);
#235 = CARTESIAN_POINT('',(-6.10614444824,8.240669451396,17.913191420523
    ));
#236 = VECTOR('',#237,1.);
#237 = DIRECTION('',(0.,-0.68449627479,0.729016357703));
#238 = ORIENTED_EDGE('',*,*,#239,.T.);
#239 = EDGE_CURVE('',#232,#240,#242,.T.);
#240 = VERTEX_POINT('',#241);
#241 = CARTESIAN_POINT('',(-6.10614444824,4.5097,21.892771428571));
#242 = LINE('',#243,#244);
#243 = CARTESIAN_POINT('',(-6.10614444824,8.607339151471,16.102629149319
    ));
#244 = VECTOR('',#245,1.);
#245 = DIRECTION('',(0.,-0.577668857514,0.816271211705));
#246 = ORIENTED_EDGE('',*,*,#247,.T.);
#247 = EDGE_CURVE('',#240,#248,#250,.T.);
#248 = VERTEX_POINT('',#249);
#249 = CARTESIAN_POINT('',(-6.10614444824,4.492614285714,21.922857142857
    ));
#250 = LINE('',#251,#252);
#251 = CARTESIAN_POINT('',(-6.10614444824,8.551366863405,14.775923256055
    ));
#252 = VECTOR('',#253,1.);
#253 = DIRECTION('',(0.,-0.493824955141,0.869561334053));
#254 = ORIENTED_EDGE('',*,*,#255,.T.);
#255 = EDGE_CURVE('',#248,#256,#258,.T.);
#256 = VERTEX_POINT('',#257);
#257 = CARTESIAN_POINT('',(-6.10614444824,4.486857142857,21.953128571429
    ));
#258 = LINE('',#259,#260);
#259 = CARTESIAN_POINT('',(-6.10614444824,6.591983988887,10.88423580037)
  );
#260 = VECTOR('',#261,1.);
#261 = DIRECTION('',(0.,-0.186835151334,0.982391279596));
#262 = ORIENTED_EDGE('',*,*,#263,.T.);
#263 = EDGE_CURVE('',#256,#264,#266,.T.);
#264 = VERTEX_POINT('',#265);
#265 = CARTESIAN_POINT('',(-6.10614444824,4.486857142857,22.287228571429
    ));
#266 = LINE('',#267,#268);
#267 = CARTESIAN_POINT('',(-6.10614444824,4.486857142857,9.643614285714)
  );
#268 = VECTOR('',#269,1.);
#269 = DIRECTION('',(0.,0.,1.));
#270 = ORIENTED_EDGE('',*,*,#271,.T.);
#271 = EDGE_CURVE('',#264,#272,#274,.T.);
#272 = VERTEX_POINT('',#273);
#273 = CARTESIAN_POINT('',(-6.10614444824,4.498185714286,22.308957142857
    ));
#274 = LINE('',#275,#276);
#275 = CARTESIAN_POINT('',(-6.10614444824,-1.822570737849,
    10.185539029746));
#276 = VECTOR('',#277,1.);
#277 = DIRECTION('',(0.,0.462306978832,0.886719943005));
#278 = ORIENTED_EDGE('',*,*,#279,.T.);
#279 = EDGE_CURVE('',#272,#280,#282,.T.);
#280 = VERTEX_POINT('',#281);
#281 = CARTESIAN_POINT('',(-6.10614444824,4.503942857143,22.325671428571
    ));
#282 = LINE('',#283,#284);
#283 = CARTESIAN_POINT('',(-6.10614444824,4.224342075684E-02,
    9.372350484225));
#284 = VECTOR('',#285,1.);
#285 = DIRECTION('',(0.,0.325666906351,0.945484566827));
#286 = ORIENTED_EDGE('',*,*,#287,.T.);
#287 = EDGE_CURVE('',#280,#288,#290,.T.);
#288 = VERTEX_POINT('',#289);
#289 = CARTESIAN_POINT('',(-6.10614444824,4.515457142857,22.342014285714
    ));
#290 = LINE('',#291,#292);
#291 = CARTESIAN_POINT('',(-6.10614444824,-3.212169128244,
    11.373770546087));
#292 = VECTOR('',#293,1.);
#293 = DIRECTION('',(0.,0.575953532433,0.817482433131));
#294 = ORIENTED_EDGE('',*,*,#295,.T.);
#295 = EDGE_CURVE('',#288,#296,#298,.T.);
#296 = VERTEX_POINT('',#297);
#297 = CARTESIAN_POINT('',(-6.10614444824,4.532542857143,22.358357142857
    ));
#298 = LINE('',#299,#300);
#299 = CARTESIAN_POINT('',(-6.10614444824,-4.578609314048,
    13.643342022587));
#300 = VECTOR('',#301,1.);
#301 = DIRECTION('',(0.,0.722641857148,0.691222645967));
#302 = ORIENTED_EDGE('',*,*,#303,.T.);
#303 = EDGE_CURVE('',#296,#304,#306,.T.);
#304 = VERTEX_POINT('',#305);
#305 = CARTESIAN_POINT('',(-6.10614444824,4.549628571429,22.369314285714
    ));
#306 = LINE('',#307,#308);
#307 = CARTESIAN_POINT('',(-6.10614444824,-4.989722654245,16.25168686925
    ));
#308 = VECTOR('',#309,1.);
#309 = DIRECTION('',(0.,0.841772532358,0.539832384882));
#310 = ORIENTED_EDGE('',*,*,#311,.T.);
#311 = EDGE_CURVE('',#304,#312,#314,.T.);
#312 = VERTEX_POINT('',#313);
#313 = CARTESIAN_POINT('',(-6.10614444824,4.566714285714,22.380457142857
    ));
#314 = LINE('',#315,#316);
#315 = CARTESIAN_POINT('',(-6.10614444824,-4.983816208018,
    16.151850299119));
#316 = VECTOR('',#317,1.);
#317 = DIRECTION('',(0.,0.837610596839,0.546267780547));
#318 = ORIENTED_EDGE('',*,*,#319,.T.);
#319 = EDGE_CURVE('',#312,#320,#322,.T.);
#320 = VERTEX_POINT('',#321);
#321 = CARTESIAN_POINT('',(-6.10614444824,4.5838,22.391228571429));
#322 = LINE('',#323,#324);
#323 = CARTESIAN_POINT('',(-6.10614444824,-4.968418695766,
    16.369177654532));
#324 = VECTOR('',#325,1.);
#325 = DIRECTION('',(0.,0.845925602596,0.533300923376));
#326 = ORIENTED_EDGE('',*,*,#327,.T.);
#327 = EDGE_CURVE('',#320,#328,#330,.T.);
#328 = VERTEX_POINT('',#329);
#329 = CARTESIAN_POINT('',(-6.10614444824,4.606642857143,22.3968));
#330 = LINE('',#331,#332);
#331 = CARTESIAN_POINT('',(-6.10614444824,-3.372268838632,20.45072397664
    ));
#332 = VECTOR('',#333,1.);
#333 = DIRECTION('',(0.,0.971520338783,0.236956180191));
#334 = ORIENTED_EDGE('',*,*,#335,.T.);
#335 = EDGE_CURVE('',#328,#336,#338,.T.);
#336 = VERTEX_POINT('',#337);
#337 = CARTESIAN_POINT('',(-6.10614444824,6.10614444824,22.3968));
#338 = LINE('',#339,#340);
#339 = CARTESIAN_POINT('',(-6.10614444824,0.120320633023,22.3968));
#340 = VECTOR('',#341,1.);
#341 = DIRECTION('',(0.,1.,0.));
#342 = ORIENTED_EDGE('',*,*,#343,.T.);
#343 = EDGE_CURVE('',#336,#344,#346,.T.);
#344 = VERTEX_POINT('',#345);
#345 = CARTESIAN_POINT('',(-6.10614444824,6.10614444824,40.8));
#346 = LINE('',#347,#348);
#347 = CARTESIAN_POINT('',(-6.10614444824,6.10614444824,-3.));
#348 = VECTOR('',#349,1.);
#349 = DIRECTION('',(0.,0.,1.));
#350 = ORIENTED_EDGE('',*,*,#351,.F.);
#351 = EDGE_CURVE('',#352,#344,#354,.T.);
#352 = VERTEX_POINT('',#353);
#353 = CARTESIAN_POINT('',(-6.10614444824,-6.10614444824,40.8));
#354 = LINE('',#355,#356);
#355 = CARTESIAN_POINT('',(-6.10614444824,-6.10614444824,40.8));
#356 = VECTOR('',#357,1.);
#357 = DIRECTION('',(-0.,1.,0.));
#358 = ORIENTED_EDGE('',*,*,#359,.F.);
#359 = EDGE_CURVE('',#360,#352,#362,.T.);
#360 = VERTEX_POINT('',#361);
#361 = CARTESIAN_POINT('',(-6.10614444824,-6.10614444824,22.361482267106
    ));
#362 = LINE('',#363,#364);
#363 = CARTESIAN_POINT('',(-6.10614444824,-6.10614444824,-3.));
#364 = VECTOR('',#365,1.);
#365 = DIRECTION('',(0.,0.,1.));
#366 = ORIENTED_EDGE('',*,*,#367,.T.);
#367 = EDGE_CURVE('',#360,#368,#370,.T.);
#368 = VERTEX_POINT('',#369);
#369 = CARTESIAN_POINT('',(-6.10614444824,-6.089942857143,22.3682));
#370 = LINE('',#371,#372);
#371 = CARTESIAN_POINT('',(-6.10614444824,-10.58457998268,
    20.504569972336));
#372 = VECTOR('',#373,1.);
#373 = DIRECTION('',(0.,0.923742113572,0.3830150227));
#374 = ORIENTED_EDGE('',*,*,#375,.T.);
#375 = EDGE_CURVE('',#368,#376,#378,.T.);
#376 = VERTEX_POINT('',#377);
#377 = CARTESIAN_POINT('',(-6.10614444824,-6.027171428571,
    22.385471428571));
#378 = LINE('',#379,#380);
#379 = CARTESIAN_POINT('',(-6.10614444824,-9.310471138664,
    21.482078313073));
#380 = VECTOR('',#381,1.);
#381 = DIRECTION('',(0.,0.964168918516,0.26528908113));
#382 = ORIENTED_EDGE('',*,*,#383,.T.);
#383 = EDGE_CURVE('',#376,#384,#386,.T.);
#384 = VERTEX_POINT('',#385);
#385 = CARTESIAN_POINT('',(-6.10614444824,-5.975914285714,
    22.391042857143));
#386 = LINE('',#387,#388);
#387 = CARTESIAN_POINT('',(-6.10614444824,-7.404103655412,
    22.235804882176));
#388 = VECTOR('',#389,1.);
#389 = DIRECTION('',(0.,0.994144463069,0.108059180768));
#390 = ORIENTED_EDGE('',*,*,#391,.T.);
#391 = EDGE_CURVE('',#384,#392,#394,.T.);
#392 = VERTEX_POINT('',#393);
#393 = CARTESIAN_POINT('',(-6.10614444824,-5.913142857143,22.3968));
#394 = LINE('',#395,#396);
#395 = CARTESIAN_POINT('',(-6.10614444824,-7.163769757769,
    22.282097532783));
#396 = VECTOR('',#397,1.);
#397 = DIRECTION('',(0.,0.995820439719,9.133264387955E-02));
#398 = ORIENTED_EDGE('',*,*,#399,.T.);
#399 = EDGE_CURVE('',#392,#400,#402,.T.);
#400 = VERTEX_POINT('',#401);
#401 = CARTESIAN_POINT('',(-6.10614444824,-4.971757142857,22.3968));
#402 = LINE('',#403,#404);
#403 = CARTESIAN_POINT('',(-6.10614444824,-5.538950795549,22.3968));
#404 = VECTOR('',#405,1.);
#405 = DIRECTION('',(0.,1.,0.));
#406 = ORIENTED_EDGE('',*,*,#407,.T.);
#407 = EDGE_CURVE('',#400,#408,#410,.T.);
#408 = VERTEX_POINT('',#409);
#409 = CARTESIAN_POINT('',(-6.10614444824,-4.926071428571,
    22.385285714286));
#410 = LINE('',#411,#412);
#411 = CARTESIAN_POINT('',(-6.10614444824,-2.472971064556,
    21.767024646932));
#412 = VECTOR('',#413,1.);
#413 = DIRECTION('',(-0.,0.969676988372,-0.244390135281));
#414 = ORIENTED_EDGE('',*,*,#415,.T.);
#415 = EDGE_CURVE('',#408,#416,#418,.T.);
#416 = VERTEX_POINT('',#417);
#417 = CARTESIAN_POINT('',(-6.10614444824,-4.8919,22.379528571429));
#418 = LINE('',#419,#420);
#419 = CARTESIAN_POINT('',(-6.10614444824,-3.403325870526,
    22.128736190919));
#420 = VECTOR('',#421,1.);
#421 = DIRECTION('',(-0.,0.98610270304,-0.166136868447));
#422 = ORIENTED_EDGE('',*,*,#423,.T.);
#423 = EDGE_CURVE('',#416,#424,#426,.T.);
#424 = VERTEX_POINT('',#425);
#425 = CARTESIAN_POINT('',(-6.10614444824,-4.851971428571,
    22.362257142857));
#426 = LINE('',#427,#428);
#427 = CARTESIAN_POINT('',(-6.10614444824,-0.759466929745,
    20.592011010806));
#428 = VECTOR('',#429,1.);
#429 = DIRECTION('',(-0.,0.917814998499,-0.397008348188));
#430 = ORIENTED_EDGE('',*,*,#431,.T.);
#431 = EDGE_CURVE('',#424,#432,#434,.T.);
#432 = VERTEX_POINT('',#433);
#433 = CARTESIAN_POINT('',(-6.10614444824,-4.823371428571,
    22.350742857143));
#434 = LINE('',#435,#436);
#435 = CARTESIAN_POINT('',(-6.10614444824,-0.983991024625,
    20.805018278931));
#436 = VECTOR('',#437,1.);
#437 = DIRECTION('',(-0.,0.927643517938,-0.373466870858));
#438 = ORIENTED_EDGE('',*,*,#439,.T.);
#439 = EDGE_CURVE('',#432,#440,#442,.T.);
#440 = VERTEX_POINT('',#441);
#441 = CARTESIAN_POINT('',(-6.10614444824,-4.755028571429,22.3162));
#442 = LINE('',#443,#444);
#443 = CARTESIAN_POINT('',(-6.10614444824,-0.197124380455,
    20.012476686084));
#444 = VECTOR('',#445,1.);
#445 = DIRECTION('',(-0.,0.892478602936,-0.451089728658));
#446 = ORIENTED_EDGE('',*,*,#447,.T.);
#447 = EDGE_CURVE('',#440,#448,#450,.T.);
#448 = VERTEX_POINT('',#449);
#449 = CARTESIAN_POINT('',(-6.10614444824,-4.720857142857,
    22.292985714286));
#450 = LINE('',#451,#452);
#451 = CARTESIAN_POINT('',(-6.10614444824,0.683625228331,18.621462364294
    ));
#452 = VECTOR('',#453,1.);
#453 = DIRECTION('',(-0.,0.827177264384,-0.561941076348));
#454 = ORIENTED_EDGE('',*,*,#455,.T.);
#455 = EDGE_CURVE('',#448,#456,#458,.T.);
#456 = VERTEX_POINT('',#457);
#457 = CARTESIAN_POINT('',(-6.10614444824,-4.6865,22.264385714286));
#458 = LINE('',#459,#460);
#459 = CARTESIAN_POINT('',(-6.10614444824,1.105555865095,17.44289056172)
  );
#460 = VECTOR('',#461,1.);
#461 = DIRECTION('',(-0.,0.768561694488,-0.639775680817));
#462 = ORIENTED_EDGE('',*,*,#463,.T.);
#463 = EDGE_CURVE('',#456,#464,#466,.T.);
#464 = VERTEX_POINT('',#465);
#465 = CARTESIAN_POINT('',(-6.10614444824,-4.663657142857,
    22.241357142857));
#466 = LINE('',#467,#468);
#467 = CARTESIAN_POINT('',(-6.10614444824,1.28877342098,16.240532834598)
  );
#468 = VECTOR('',#469,1.);
#469 = DIRECTION('',(-0.,0.704238229127,-0.709963743185));
#470 = ORIENTED_EDGE('',*,*,#471,.T.);
#471 = EDGE_CURVE('',#464,#472,#474,.T.);
#472 = VERTEX_POINT('',#473);
#473 = CARTESIAN_POINT('',(-6.10614444824,-4.635242857143,
    22.212385714286));
#474 = LINE('',#475,#476);
#475 = CARTESIAN_POINT('',(-6.10614444824,1.306079657074,16.154566680182
    ));
#476 = VECTOR('',#477,1.);
#477 = DIRECTION('',(-0.,0.700208666892,-0.713938248596));
#478 = ORIENTED_EDGE('',*,*,#479,.T.);
#479 = EDGE_CURVE('',#472,#480,#482,.T.);
#480 = VERTEX_POINT('',#481);
#481 = CARTESIAN_POINT('',(-6.10614444824,-4.6124,22.189357142857));
#482 = LINE('',#483,#484);
#483 = CARTESIAN_POINT('',(-6.10614444824,1.314320461981,16.214451961674
    ));
#484 = VECTOR('',#485,1.);
#485 = DIRECTION('',(-0.,0.704238229127,-0.709963743185));
#486 = ORIENTED_EDGE('',*,*,#487,.T.);
#487 = EDGE_CURVE('',#480,#488,#490,.T.);
#488 = VERTEX_POINT('',#489);
#489 = CARTESIAN_POINT('',(-6.10614444824,-4.589557142857,
    22.154814285714));
#490 = LINE('',#491,#492);
#491 = CARTESIAN_POINT('',(-6.10614444824,0.966474952522,13.753009653678
    ));
#492 = VECTOR('',#493,1.);
#493 = DIRECTION('',(-0.,0.551591691077,-0.834114264555));
#494 = ORIENTED_EDGE('',*,*,#495,.T.);
#495 = EDGE_CURVE('',#488,#496,#498,.T.);
#496 = VERTEX_POINT('',#497);
#497 = CARTESIAN_POINT('',(-6.10614444824,-4.572471428571,
    22.125842857143));
#498 = LINE('',#499,#500);
#499 = CARTESIAN_POINT('',(-6.10614444824,0.726691502027,13.140305713955
    ));
#500 = VECTOR('',#501,1.);
#501 = DIRECTION('',(-0.,0.507985019944,-0.861365903384));
#502 = ORIENTED_EDGE('',*,*,#503,.T.);
#503 = EDGE_CURVE('',#496,#504,#506,.T.);
#504 = VERTEX_POINT('',#505);
#505 = CARTESIAN_POINT('',(-6.10614444824,-4.549628571429,22.0913));
#506 = LINE('',#507,#508);
#507 = CARTESIAN_POINT('',(-6.10614444824,0.985718162606,13.720775670485
    ));
#508 = VECTOR('',#509,1.);
#509 = DIRECTION('',(-0.,0.551591691077,-0.834114264555));
#510 = ORIENTED_EDGE('',*,*,#511,.T.);
#511 = EDGE_CURVE('',#504,#512,#514,.T.);
#512 = VERTEX_POINT('',#513);
#513 = CARTESIAN_POINT('',(-6.10614444824,-4.538114285714,
    22.056942857143));
#514 = LINE('',#515,#516);
#515 = CARTESIAN_POINT('',(-6.10614444824,-0.842513841433,
    11.029747983078));
#516 = VECTOR('',#517,1.);
#517 = DIRECTION('',(-0.,0.317764922889,-0.948169527976));
#518 = ORIENTED_EDGE('',*,*,#519,.T.);
#519 = EDGE_CURVE('',#512,#520,#522,.T.);
#520 = VERTEX_POINT('',#521);
#521 = CARTESIAN_POINT('',(-6.10614444824,-4.521028571429,
    22.016457142857));
#522 = LINE('',#523,#524);
#523 = CARTESIAN_POINT('',(-6.10614444824,-0.160150850526,
    11.683072978109));
#524 = VECTOR('',#525,1.);
#525 = DIRECTION('',(-0.,0.388812617902,-0.921316855463));
#526 = ORIENTED_EDGE('',*,*,#527,.T.);
#527 = EDGE_CURVE('',#520,#528,#530,.T.);
#528 = VERTEX_POINT('',#529);
#529 = CARTESIAN_POINT('',(-6.10614444824,-4.503942857143,
    21.976157142857));
#530 = LINE('',#531,#532);
#531 = CARTESIAN_POINT('',(-6.10614444824,-0.13817532944,11.678640256862
    ));
#532 = VECTOR('',#533,1.);
#533 = DIRECTION('',(-0.,0.390331920952,-0.920674204855));
#534 = ORIENTED_EDGE('',*,*,#535,.T.);
#535 = EDGE_CURVE('',#528,#536,#538,.T.);
#536 = VERTEX_POINT('',#537);
#537 = CARTESIAN_POINT('',(-6.10614444824,-4.498185714286,
    21.941428571429));
#538 = LINE('',#539,#540);
#539 = CARTESIAN_POINT('',(-6.10614444824,-2.507645593422,9.933976874608
    ));
#540 = VECTOR('',#541,1.);
#541 = DIRECTION('',(-0.,0.163543423693,-0.986536136473));
#542 = ORIENTED_EDGE('',*,*,#543,.T.);
#543 = EDGE_CURVE('',#536,#544,#546,.T.);
#544 = VERTEX_POINT('',#545);
#545 = CARTESIAN_POINT('',(-6.10614444824,-4.492614285714,
    21.889614285714));
#546 = LINE('',#547,#548);
#547 = CARTESIAN_POINT('',(-6.10614444824,-3.178979112011,9.672807170273
    ));
#548 = VECTOR('',#549,1.);
#549 = DIRECTION('',(-0.,0.106910606117,-0.994268636888));
#550 = ORIENTED_EDGE('',*,*,#551,.T.);
#551 = EDGE_CURVE('',#544,#552,#554,.T.);
#552 = VERTEX_POINT('',#553);
#553 = CARTESIAN_POINT('',(-6.10614444824,-4.486857142857,
    21.826285714286));
#554 = LINE('',#555,#556);
#555 = CARTESIAN_POINT('',(-6.10614444824,-3.374275767645,9.587890586952
    ));
#556 = VECTOR('',#557,1.);
#557 = DIRECTION('',(-0.,9.053574604252E-02,-0.995893206468));
#558 = ORIENTED_EDGE('',*,*,#559,.T.);
#559 = EDGE_CURVE('',#552,#560,#562,.T.);
#560 = VERTEX_POINT('',#561);
#561 = CARTESIAN_POINT('',(-6.10614444824,-4.486857142857,
    20.599642857143));
#562 = LINE('',#563,#564);
#563 = CARTESIAN_POINT('',(-6.10614444824,-4.486857142857,8.799821428571
    ));
#564 = VECTOR('',#565,1.);
#565 = DIRECTION('',(0.,-0.,-1.));
#566 = ORIENTED_EDGE('',*,*,#567,.T.);
#567 = EDGE_CURVE('',#560,#568,#570,.T.);
#568 = VERTEX_POINT('',#569);
#569 = CARTESIAN_POINT('',(-6.10614444824,-4.498371428571,
    20.553957142857));
#570 = LINE('',#571,#572);
#571 = CARTESIAN_POINT('',(-6.10614444824,-7.337287166844,9.289872116807
    ));
#572 = VECTOR('',#573,1.);
#573 = DIRECTION('',(0.,-0.244390135281,-0.969676988372));
#574 = ORIENTED_EDGE('',*,*,#575,.T.);
#575 = EDGE_CURVE('',#568,#576,#578,.T.);
#576 = VERTEX_POINT('',#577);
#577 = CARTESIAN_POINT('',(-6.10614444824,-4.504128571429,
    20.519785714286));
#578 = LINE('',#579,#580);
#579 = CARTESIAN_POINT('',(-6.10614444824,-6.452837463233,8.95325551777)
  );
#580 = VECTOR('',#581,1.);
#581 = DIRECTION('',(0.,-0.166136868447,-0.98610270304));
#582 = ORIENTED_EDGE('',*,*,#583,.T.);
#583 = EDGE_CURVE('',#576,#584,#586,.T.);
#584 = VERTEX_POINT('',#585);
#585 = CARTESIAN_POINT('',(-6.10614444824,-4.5214,20.479857142857));
#586 = LINE('',#587,#588);
#587 = CARTESIAN_POINT('',(-6.10614444824,-8.924087960639,
    10.301600029551));
#588 = VECTOR('',#589,1.);
#589 = DIRECTION('',(0.,-0.397008348188,-0.917814998499));
#590 = ORIENTED_EDGE('',*,*,#591,.T.);
#591 = EDGE_CURVE('',#584,#592,#594,.T.);
#592 = VERTEX_POINT('',#593);
#593 = CARTESIAN_POINT('',(-6.10614444824,-4.532914285714,
    20.451257142857));
#594 = LINE('',#595,#596);
#595 = CARTESIAN_POINT('',(-6.10614444824,-8.704904487905,
    10.088571801932));
#596 = VECTOR('',#597,1.);
#597 = DIRECTION('',(0.,-0.373466870858,-0.927643517938));
#598 = ORIENTED_EDGE('',*,*,#599,.T.);
#599 = EDGE_CURVE('',#592,#600,#602,.T.);
#600 = VERTEX_POINT('',#601);
#601 = CARTESIAN_POINT('',(-6.10614444824,-4.567457142857,
    20.388671428571));
#602 = LINE('',#603,#604);
#603 = CARTESIAN_POINT('',(-6.10614444824,-9.694447756372,
    11.099446499784));
#604 = VECTOR('',#605,1.);
#605 = DIRECTION('',(0.,-0.483214693258,-0.875501890472));
#606 = ORIENTED_EDGE('',*,*,#607,.T.);
#607 = EDGE_CURVE('',#600,#608,#610,.T.);
#608 = VERTEX_POINT('',#609);
#609 = CARTESIAN_POINT('',(-6.10614444824,-4.584728571429,
    20.360071428571));
#610 = LINE('',#611,#612);
#611 = CARTESIAN_POINT('',(-6.10614444824,-9.95660666379,11.464703404661
    ));
#612 = VECTOR('',#613,1.);
#613 = DIRECTION('',(0.,-0.51694595675,-0.856018035908));
#614 = ORIENTED_EDGE('',*,*,#615,.T.);
#615 = EDGE_CURVE('',#608,#616,#618,.T.);
#616 = VERTEX_POINT('',#617);
#617 = CARTESIAN_POINT('',(-6.10614444824,-4.607942857143,20.3259));
#618 = LINE('',#619,#620);
#619 = CARTESIAN_POINT('',(-6.10614444824,-10.26572159909,
    11.997649691849));
#620 = VECTOR('',#621,1.);
#621 = DIRECTION('',(0.,-0.561941076348,-0.827177264384));
#622 = ORIENTED_EDGE('',*,*,#623,.T.);
#623 = EDGE_CURVE('',#616,#624,#626,.T.);
#624 = VERTEX_POINT('',#625);
#625 = CARTESIAN_POINT('',(-6.10614444824,-4.654,20.280214285714));
#626 = LINE('',#627,#628);
#627 = CARTESIAN_POINT('',(-6.10614444824,-10.83983840881,
    14.144261670518));
#628 = VECTOR('',#629,1.);
#629 = DIRECTION('',(0.,-0.709963743185,-0.704238229127));
#630 = ORIENTED_EDGE('',*,*,#631,.T.);
#631 = EDGE_CURVE('',#624,#632,#634,.T.);
#632 = VERTEX_POINT('',#633);
#633 = CARTESIAN_POINT('',(-6.10614444824,-4.682785714286,
    20.251614285714));
#634 = LINE('',#635,#636);
#635 = CARTESIAN_POINT('',(-6.10614444824,-10.8537103554,14.120502061635
    ));
#636 = VECTOR('',#637,1.);
#637 = DIRECTION('',(0.,-0.709391437826,-0.704814718872));
#638 = ORIENTED_EDGE('',*,*,#639,.T.);
#639 = EDGE_CURVE('',#632,#640,#642,.T.);
#640 = VERTEX_POINT('',#641);
#641 = CARTESIAN_POINT('',(-6.10614444824,-4.705814285714,
    20.228771428571));
#642 = LINE('',#643,#644);
#643 = CARTESIAN_POINT('',(-6.10614444824,-10.86573394491,14.11852854082
    ));
#644 = VECTOR('',#645,1.);
#645 = DIRECTION('',(0.,-0.709963743185,-0.704238229127));
#646 = ORIENTED_EDGE('',*,*,#647,.T.);
#647 = EDGE_CURVE('',#640,#648,#650,.T.);
#648 = VERTEX_POINT('',#649);
#649 = CARTESIAN_POINT('',(-6.10614444824,-4.769328571429,20.1946));
#650 = LINE('',#651,#652);
#651 = CARTESIAN_POINT('',(-6.10614444824,-10.12653955477,
    17.312357833523));
#652 = VECTOR('',#653,1.);
#653 = DIRECTION('',(0.,-0.880636410784,-0.473792688843));
#654 = ORIENTED_EDGE('',*,*,#655,.T.);
#655 = EDGE_CURVE('',#648,#656,#658,.T.);
#656 = VERTEX_POINT('',#657);
#657 = CARTESIAN_POINT('',(-6.10614444824,-4.798114285714,
    20.177514285714));
#658 = LINE('',#659,#660);
#659 = CARTESIAN_POINT('',(-6.10614444824,-10.36825769377,
    16.871364649962));
#660 = VECTOR('',#661,1.);
#661 = DIRECTION('',(0.,-0.859930843223,-0.51041056501));
#662 = ORIENTED_EDGE('',*,*,#663,.T.);
#663 = EDGE_CURVE('',#656,#664,#666,.T.);
#664 = VERTEX_POINT('',#665);
#665 = CARTESIAN_POINT('',(-6.10614444824,-4.832657142857,
    20.160428571429));
#666 = LINE('',#667,#668);
#667 = CARTESIAN_POINT('',(-6.10614444824,-9.946205918186,
    17.631146381481));
#668 = VECTOR('',#669,1.);
#669 = DIRECTION('',(0.,-0.896346509203,-0.443354187348));
#670 = ORIENTED_EDGE('',*,*,#671,.T.);
#671 = EDGE_CURVE('',#664,#672,#674,.T.);
#672 = VERTEX_POINT('',#673);
#673 = CARTESIAN_POINT('',(-6.10614444824,-4.896171428571,
    20.137585714286));
#674 = LINE('',#675,#676);
#675 = CARTESIAN_POINT('',(-6.10614444824,-9.11603533101,18.619915363409
    ));
#676 = VECTOR('',#677,1.);
#677 = DIRECTION('',(0.,-0.940992591523,-0.338427160109));
#678 = ORIENTED_EDGE('',*,*,#679,.T.);
#679 = EDGE_CURVE('',#672,#680,#682,.T.);
#680 = VERTEX_POINT('',#681);
#681 = CARTESIAN_POINT('',(-6.10614444824,-4.936471428571,
    20.126071428571));
#682 = LINE('',#683,#684);
#683 = CARTESIAN_POINT('',(-6.10614444824,-8.531556126343,
    19.098904372065));
#684 = VECTOR('',#685,1.);
#685 = DIRECTION('',(0.,-0.961523947641,-0.274721127897));
#686 = ORIENTED_EDGE('',*,*,#687,.T.);
#687 = EDGE_CURVE('',#680,#688,#690,.T.);
#688 = VERTEX_POINT('',#689);
#689 = CARTESIAN_POINT('',(-6.10614444824,-4.971014285714,20.1205));
#690 = LINE('',#691,#692);
#691 = CARTESIAN_POINT('',(-6.10614444824,-7.341469451124,
    19.738168521708));
#692 = VECTOR('',#693,1.);
#693 = DIRECTION('',(0.,-0.987241120713,-0.159232438825));
#694 = ORIENTED_EDGE('',*,*,#695,.T.);
#695 = EDGE_CURVE('',#688,#696,#698,.T.);
#696 = VERTEX_POINT('',#697);
#697 = CARTESIAN_POINT('',(-6.10614444824,-5.011314285714,
    20.114742857143));
#698 = LINE('',#699,#700);
#699 = CARTESIAN_POINT('',(-6.10614444824,-7.165813065352,
    19.806957317195));
#700 = VECTOR('',#701,1.);
#701 = DIRECTION('',(0.,-0.989949493661,-0.141421356237));
#702 = ORIENTED_EDGE('',*,*,#703,.T.);
#703 = EDGE_CURVE('',#696,#704,#706,.T.);
#704 = VERTEX_POINT('',#705);
#705 = CARTESIAN_POINT('',(-6.10614444824,-5.913142857143,
    20.114742857143));
#706 = LINE('',#707,#708);
#707 = CARTESIAN_POINT('',(-6.10614444824,-6.009643652692,
    20.114742857143));
#708 = VECTOR('',#709,1.);
#709 = DIRECTION('',(0.,-1.,0.));
#710 = ORIENTED_EDGE('',*,*,#711,.T.);
#711 = EDGE_CURVE('',#704,#712,#714,.T.);
#712 = VERTEX_POINT('',#713);
#713 = CARTESIAN_POINT('',(-6.10614444824,-5.913142857143,
    18.973714285714));
#714 = LINE('',#715,#716);
#715 = CARTESIAN_POINT('',(-6.10614444824,-5.913142857143,7.986857142857
    ));
#716 = VECTOR('',#717,1.);
#717 = DIRECTION('',(0.,-0.,-1.));
#718 = ORIENTED_EDGE('',*,*,#719,.T.);
#719 = EDGE_CURVE('',#712,#720,#722,.T.);
#720 = VERTEX_POINT('',#721);
#721 = CARTESIAN_POINT('',(-6.10614444824,-4.737942857143,
    18.973714285714));
#722 = LINE('',#723,#724);
#723 = CARTESIAN_POINT('',(-6.10614444824,-5.422043652692,
    18.973714285714));
#724 = VECTOR('',#725,1.);
#725 = DIRECTION('',(0.,1.,0.));
#726 = ORIENTED_EDGE('',*,*,#727,.T.);
#727 = EDGE_CURVE('',#720,#728,#730,.T.);
#728 = VERTEX_POINT('',#729);
#729 = CARTESIAN_POINT('',(-6.10614444824,-4.703585714286,
    18.962385714286));
#730 = LINE('',#731,#732);
#731 = CARTESIAN_POINT('',(-6.10614444824,-2.070331219528,18.09412342142
    ));
#732 = VECTOR('',#733,1.);
#733 = DIRECTION('',(-0.,0.949705005976,-0.313145974944));
#734 = ORIENTED_EDGE('',*,*,#735,.T.);
#735 = EDGE_CURVE('',#728,#736,#738,.T.);
#736 = VERTEX_POINT('',#737);
#737 = CARTESIAN_POINT('',(-6.10614444824,-4.675171428571,
    18.956628571429));
#738 = LINE('',#739,#740);
#739 = CARTESIAN_POINT('',(-6.10614444824,-3.225794286658,18.66296392176
    ));
#740 = VECTOR('',#741,1.);
#741 = DIRECTION('',(-0.,0.980084827963,-0.198579278868));
#742 = ORIENTED_EDGE('',*,*,#743,.T.);
#743 = EDGE_CURVE('',#736,#744,#746,.T.);
#744 = VERTEX_POINT('',#745);
#745 = CARTESIAN_POINT('',(-6.10614444824,-4.646571428571,
    18.945114285714));
#746 = LINE('',#747,#748);
#747 = CARTESIAN_POINT('',(-6.10614444824,-1.473191213304,
    17.667519653594));
#748 = VECTOR('',#749,1.);
#749 = DIRECTION('',(-0.,0.927643517938,-0.373466870858));
#750 = ORIENTED_EDGE('',*,*,#751,.T.);
#751 = EDGE_CURVE('',#744,#752,#754,.T.);
#752 = VERTEX_POINT('',#753);
#753 = CARTESIAN_POINT('',(-6.10614444824,-4.623728571429,
    18.933785714286));
#754 = LINE('',#755,#756);
#755 = CARTESIAN_POINT('',(-6.10614444824,-0.853391053816,
    17.063943530754));
#756 = VECTOR('',#757,1.);
#757 = DIRECTION('',(-0.,0.895879160097,-0.444297794845));
#758 = ORIENTED_EDGE('',*,*,#759,.T.);
#759 = EDGE_CURVE('',#752,#760,#762,.T.);
#760 = VERTEX_POINT('',#761);
#761 = CARTESIAN_POINT('',(-6.10614444824,-4.595314285714,18.9167));
#762 = LINE('',#763,#764);
#763 = CARTESIAN_POINT('',(-6.10614444824,-0.310614917512,
    16.340279464872));
#764 = VECTOR('',#765,1.);
#765 = DIRECTION('',(-0.,0.856998298068,-0.515319238054));
#766 = ORIENTED_EDGE('',*,*,#767,.T.);
#767 = EDGE_CURVE('',#760,#768,#770,.T.);
#768 = VERTEX_POINT('',#769);
#769 = CARTESIAN_POINT('',(-6.10614444824,-4.578228571429,
    18.893857142857));
#770 = LINE('',#771,#772);
#771 = CARTESIAN_POINT('',(-6.10614444824,0.398217989993,12.240564457478
    ));
#772 = VECTOR('',#773,1.);
#773 = DIRECTION('',(-0.,0.598957825591,-0.80078057117));
#774 = ORIENTED_EDGE('',*,*,#775,.T.);
#775 = EDGE_CURVE('',#768,#776,#778,.T.);
#776 = VERTEX_POINT('',#777);
#777 = CARTESIAN_POINT('',(-6.10614444824,-4.555385714286,
    18.876771428571));
#778 = LINE('',#779,#780);
#779 = CARTESIAN_POINT('',(-6.10614444824,0.193822029531,15.324518481977
    ));
#780 = VECTOR('',#781,1.);
#781 = DIRECTION('',(-0.,0.80078057117,-0.598957825591));
#782 = ORIENTED_EDGE('',*,*,#783,.T.);
#783 = EDGE_CURVE('',#776,#784,#786,.T.);
#784 = VERTEX_POINT('',#785);
#785 = CARTESIAN_POINT('',(-6.10614444824,-4.538114285714,
    18.853928571429));
#786 = LINE('',#787,#788);
#787 = CARTESIAN_POINT('',(-6.10614444824,0.433397112488,12.278703818968
    ));
#788 = VECTOR('',#789,1.);
#789 = DIRECTION('',(-0.,0.603108274872,-0.797659331282));
#790 = ORIENTED_EDGE('',*,*,#791,.T.);
#791 = EDGE_CURVE('',#784,#792,#794,.T.);
#792 = VERTEX_POINT('',#793);
#793 = CARTESIAN_POINT('',(-6.10614444824,-4.526785714286,
    18.831085714286));
#794 = LINE('',#795,#796);
#795 = CARTESIAN_POINT('',(-6.10614444824,-0.337877431388,
    10.384598520902));
#796 = VECTOR('',#797,1.);
#797 = DIRECTION('',(-0.,0.444297794845,-0.895879160097));
#798 = ORIENTED_EDGE('',*,*,#799,.T.);
#799 = EDGE_CURVE('',#792,#800,#802,.T.);
#800 = VERTEX_POINT('',#801);
#801 = CARTESIAN_POINT('',(-6.10614444824,-4.5097,18.808242857143));
#802 = LINE('',#803,#804);
#803 = CARTESIAN_POINT('',(-6.10614444824,0.433922480429,12.198834540917
    ));
#804 = VECTOR('',#805,1.);
#805 = DIRECTION('',(-0.,0.598957825591,-0.80078057117));
#806 = ORIENTED_EDGE('',*,*,#807,.T.);
#807 = EDGE_CURVE('',#800,#808,#810,.T.);
#808 = VERTEX_POINT('',#809);
#809 = CARTESIAN_POINT('',(-6.10614444824,-4.503942857143,
    18.779828571429));
#810 = LINE('',#811,#812);
#811 = CARTESIAN_POINT('',(-6.10614444824,-2.416088708902,8.475258097855
    ));
#812 = VECTOR('',#813,1.);
#813 = DIRECTION('',(-0.,0.198579278868,-0.980084827963));
#814 = ORIENTED_EDGE('',*,*,#815,.T.);
#815 = EDGE_CURVE('',#808,#816,#818,.T.);
#816 = VERTEX_POINT('',#817);
#817 = CARTESIAN_POINT('',(-6.10614444824,-4.492614285714,
    18.751228571429));
#818 = LINE('',#819,#820);
#819 = CARTESIAN_POINT('',(-6.10614444824,-0.878387229818,9.626786495888
    ));
#820 = VECTOR('',#821,1.);
#821 = DIRECTION('',(-0.,0.368265914122,-0.929720504504));
#822 = ORIENTED_EDGE('',*,*,#823,.T.);
#823 = EDGE_CURVE('',#816,#824,#826,.T.);
#824 = VERTEX_POINT('',#825);
#825 = CARTESIAN_POINT('',(-6.10614444824,-4.486857142857,
    18.722628571429));
#826 = LINE('',#827,#828);
#827 = CARTESIAN_POINT('',(-6.10614444824,-2.417162818192,8.440921281156
    ));
#828 = VECTOR('',#829,1.);
#829 = DIRECTION('',(-0.,0.197340176951,-0.980335072596));
#830 = ORIENTED_EDGE('',*,*,#831,.T.);
#831 = EDGE_CURVE('',#824,#832,#834,.T.);
#832 = VERTEX_POINT('',#833);
#833 = CARTESIAN_POINT('',(-6.10614444824,-4.486857142857,
    18.659857142857));
#834 = LINE('',#835,#836);
#835 = CARTESIAN_POINT('',(-6.10614444824,-4.486857142857,7.829928571429
    ));
#836 = VECTOR('',#837,1.);
#837 = DIRECTION('',(0.,-0.,-1.));
#838 = ORIENTED_EDGE('',*,*,#839,.T.);
#839 = EDGE_CURVE('',#832,#840,#842,.T.);
#840 = VERTEX_POINT('',#841);
#841 = CARTESIAN_POINT('',(-6.10614444824,-4.492614285714,18.6372));
#842 = LINE('',#843,#844);
#843 = CARTESIAN_POINT('',(-6.10614444824,-7.123806866534,8.282184036773
    ));
#844 = VECTOR('',#845,1.);
#845 = DIRECTION('',(0.,-0.246272303221,-0.96920067719));
#846 = ORIENTED_EDGE('',*,*,#847,.T.);
#847 = EDGE_CURVE('',#840,#848,#850,.T.);
#848 = VERTEX_POINT('',#849);
#849 = CARTESIAN_POINT('',(-6.10614444824,-4.498185714286,18.6086));
#850 = LINE('',#851,#852);
#851 = CARTESIAN_POINT('',(-6.10614444824,-6.555361836738,8.04842923808)
  );
#852 = VECTOR('',#853,1.);
#853 = DIRECTION('',(0.,-0.191210841639,-0.981548987081));
#854 = ORIENTED_EDGE('',*,*,#855,.T.);
#855 = EDGE_CURVE('',#848,#856,#858,.T.);
#856 = VERTEX_POINT('',#857);
#857 = CARTESIAN_POINT('',(-6.10614444824,-4.515457142857,
    18.568671428571));
#858 = LINE('',#859,#860);
#859 = CARTESIAN_POINT('',(-6.10614444824,-8.570414314911,9.194308073824
    ));
#860 = VECTOR('',#861,1.);
#861 = DIRECTION('',(0.,-0.397008348188,-0.917814998499));
#862 = ORIENTED_EDGE('',*,*,#863,.T.);
#863 = EDGE_CURVE('',#856,#864,#866,.T.);
#864 = VERTEX_POINT('',#865);
#865 = CARTESIAN_POINT('',(-6.10614444824,-4.532542857143,
    18.528742857143));
#866 = LINE('',#867,#868);
#867 = CARTESIAN_POINT('',(-6.10614444824,-8.547586993819,9.145759276868
    ));
#868 = VECTOR('',#869,1.);
#869 = DIRECTION('',(0.,-0.393403152889,-0.919366063816));
#870 = ORIENTED_EDGE('',*,*,#871,.T.);
#871 = EDGE_CURVE('',#864,#872,#874,.T.);
#872 = VERTEX_POINT('',#873);
#873 = CARTESIAN_POINT('',(-6.10614444824,-4.560957142857,
    18.500142857143));
#874 = LINE('',#875,#876);
#875 = CARTESIAN_POINT('',(-6.10614444824,-10.31965905937,
    12.703802366008));
#876 = VECTOR('',#877,1.);
#877 = DIRECTION('',(0.,-0.704799762748,-0.709406297146));
#878 = ORIENTED_EDGE('',*,*,#879,.T.);
#879 = EDGE_CURVE('',#872,#880,#882,.T.);
#880 = VERTEX_POINT('',#881);
#881 = CARTESIAN_POINT('',(-6.10614444824,-4.589557142857,
    18.471728571429));
#882 = LINE('',#883,#884);
#883 = CARTESIAN_POINT('',(-6.10614444824,-10.33899218937,
    12.759627518718));
#884 = VECTOR('',#885,1.);
#885 = DIRECTION('',(0.,-0.709406297146,-0.704799762748));
#886 = ORIENTED_EDGE('',*,*,#887,.T.);
#887 = EDGE_CURVE('',#880,#888,#890,.T.);
#888 = VERTEX_POINT('',#889);
#889 = CARTESIAN_POINT('',(-6.10614444824,-4.618157142857,
    18.448885714286));
#890 = LINE('',#891,#892);
#891 = CARTESIAN_POINT('',(-6.10614444824,-10.30195042557,
    13.909232637828));
#892 = VECTOR('',#893,1.);
#893 = DIRECTION('',(0.,-0.781363568139,-0.62407609663));
#894 = ORIENTED_EDGE('',*,*,#895,.T.);
#895 = EDGE_CURVE('',#888,#896,#898,.T.);
#896 = VERTEX_POINT('',#897);
#897 = CARTESIAN_POINT('',(-6.10614444824,-4.652328571429,
    18.426042857143));
#898 = LINE('',#899,#900);
#899 = CARTESIAN_POINT('',(-6.10614444824,-10.10435054007,14.78148469332
    ));
#900 = VECTOR('',#901,1.);
#901 = DIRECTION('',(0.,-0.831354528555,-0.555742429414));
#902 = ORIENTED_EDGE('',*,*,#903,.T.);
#903 = EDGE_CURVE('',#896,#904,#906,.T.);
#904 = VERTEX_POINT('',#905);
#905 = CARTESIAN_POINT('',(-6.10614444824,-4.692257142857,
    18.414528571429));
#906 = LINE('',#907,#908);
#907 = CARTESIAN_POINT('',(-6.10614444824,-8.19554866604,17.404277062418
    ));
#908 = VECTOR('',#909,1.);
#909 = DIRECTION('',(0.,-0.960846474829,-0.27708130902));
#910 = ORIENTED_EDGE('',*,*,#911,.T.);
#911 = EDGE_CURVE('',#904,#912,#914,.T.);
#912 = VERTEX_POINT('',#913);
#913 = CARTESIAN_POINT('',(-6.10614444824,-4.737942857143,18.4032));
#914 = LINE('',#915,#916);
#915 = CARTESIAN_POINT('',(-6.10614444824,-7.882349559564,
    17.623489394928));
#916 = VECTOR('',#917,1.);
#917 = DIRECTION('',(0.,-0.970604905537,-0.240678452186));
#918 = ORIENTED_EDGE('',*,*,#919,.T.);
#919 = EDGE_CURVE('',#912,#920,#922,.T.);
#920 = VERTEX_POINT('',#921);
#921 = CARTESIAN_POINT('',(-6.10614444824,-5.998757142857,18.4032));
#922 = LINE('',#923,#924);
#923 = CARTESIAN_POINT('',(-6.10614444824,-6.052450795549,18.4032));
#924 = VECTOR('',#925,1.);
#925 = DIRECTION('',(0.,-1.,0.));
#926 = ORIENTED_EDGE('',*,*,#927,.T.);
#927 = EDGE_CURVE('',#920,#928,#930,.T.);
#928 = VERTEX_POINT('',#929);
#929 = CARTESIAN_POINT('',(-6.10614444824,-6.044442857143,
    18.414714285714));
#930 = LINE('',#931,#932);
#931 = CARTESIAN_POINT('',(-6.10614444824,-3.536027002584,
    17.782511915866));
#932 = VECTOR('',#933,1.);
#933 = DIRECTION('',(0.,-0.969676988372,0.244390135281));
#934 = ORIENTED_EDGE('',*,*,#935,.T.);
#935 = EDGE_CURVE('',#928,#936,#938,.T.);
#936 = VERTEX_POINT('',#937);
#937 = CARTESIAN_POINT('',(-6.10614444824,-6.089942857143,
    18.426228571429));
#938 = LINE('',#939,#940);
#939 = CARTESIAN_POINT('',(-6.10614444824,-3.549650136931,
    17.783378985089));
#940 = VECTOR('',#941,1.);
#941 = DIRECTION('',(0.,-0.969440203112,0.245327724869));
#942 = ORIENTED_EDGE('',*,*,#943,.T.);
#943 = EDGE_CURVE('',#936,#24,#944,.T.);
#944 = LINE('',#945,#946);
#945 = CARTESIAN_POINT('',(-6.10614444824,-2.576251327166,17.09788177351
    ));
#946 = VECTOR('',#947,1.);
#947 = DIRECTION('',(0.,-0.93538826358,0.353622392329));
#948 = FACE_BOUND('',#949,.F.);
#949 = EDGE_LOOP('',(#950,#960,#968,#976,#984,#992,#1000,#1008,#1016,
    #1024,#1032,#1040,#1048,#1056,#1064,#1072,#1080,#1088,#1096,#1104,
    #1112,#1120,#1128,#1136,#1144,#1152,#1160,#1168,#1176,#1184,#1192,
    #1200,#1208,#1216,#1224,#1232,#1240,#1248,#1256,#1264,#1272,#1280,
    #1288,#1296,#1304,#1312,#1320,#1328,#1336,#1344,#1352,#1360,#1368,
    #1376,#1384,#1392,#1400,#1408,#1416,#1424,#1432,#1440,#1448,#1456,
    #1464,#1472,#1480,#1488,#1496,#1504,#1512,#1520,#1528,#1536,#1544,
    #1552,#1560,#1568,#1576,#1584,#1592,#1600,#1608,#1616,#1624,#1632,
    #1640,#1648,#1656));
#950 = ORIENTED_EDGE('',*,*,#951,.T.);
#951 = EDGE_CURVE('',#952,#954,#956,.T.);
#952 = VERTEX_POINT('',#953);
#953 = CARTESIAN_POINT('',(-6.10614444824,3.905014285714,22.305428571429
    ));
#954 = VERTEX_POINT('',#955);
#955 = CARTESIAN_POINT('',(-6.10614444824,3.916342857143,22.282771428571
    ));
#956 = LINE('',#957,#958);
#957 = CARTESIAN_POINT('',(-6.10614444824,7.970648412319,14.174160318219
    ));
#958 = VECTOR('',#959,1.);
#959 = DIRECTION('',(-0.,0.4472135955,-0.894427191));
#960 = ORIENTED_EDGE('',*,*,#961,.T.);
#961 = EDGE_CURVE('',#954,#962,#964,.T.);
#962 = VERTEX_POINT('',#963);
#963 = CARTESIAN_POINT('',(-6.10614444824,3.916342857143,20.228771428571
    ));
#964 = LINE('',#965,#966);
#965 = CARTESIAN_POINT('',(-6.10614444824,3.916342857143,8.614385714286)
  );
#966 = VECTOR('',#967,1.);
#967 = DIRECTION('',(0.,-0.,-1.));
#968 = ORIENTED_EDGE('',*,*,#969,.T.);
#969 = EDGE_CURVE('',#962,#970,#972,.T.);
#970 = VERTEX_POINT('',#971);
#971 = CARTESIAN_POINT('',(-6.10614444824,3.905014285714,20.206114285714
    ));
#972 = LINE('',#973,#974);
#973 = CARTESIAN_POINT('',(-6.10614444824,-1.737324444824,8.921436824638
    ));
#974 = VECTOR('',#975,1.);
#975 = DIRECTION('',(0.,-0.4472135955,-0.894427191));
#976 = ORIENTED_EDGE('',*,*,#977,.T.);
#977 = EDGE_CURVE('',#970,#978,#980,.T.);
#978 = VERTEX_POINT('',#979);
#979 = CARTESIAN_POINT('',(-6.10614444824,3.8935,20.183271428571));
#980 = LINE('',#981,#982);
#981 = CARTESIAN_POINT('',(-6.10614444824,-1.778619885451,8.930517462274
    ));
#982 = VECTOR('',#983,1.);
#983 = DIRECTION('',(0.,-0.450115207469,-0.892970492237));
#984 = ORIENTED_EDGE('',*,*,#985,.T.);
#985 = EDGE_CURVE('',#978,#986,#988,.T.);
#986 = VERTEX_POINT('',#987);
#987 = CARTESIAN_POINT('',(-6.10614444824,3.882171428571,20.160428571429
    ));
#988 = LINE('',#989,#990);
#989 = CARTESIAN_POINT('',(-6.10614444824,-1.713033318088,8.878294410133
    ));
#990 = VECTOR('',#991,1.);
#991 = DIRECTION('',(0.,-0.444297794845,-0.895879160097));
#992 = ORIENTED_EDGE('',*,*,#993,.T.);
#993 = EDGE_CURVE('',#986,#994,#996,.T.);
#994 = VERTEX_POINT('',#995);
#995 = CARTESIAN_POINT('',(-6.10614444824,3.859328571429,20.143342857143
    ));
#996 = LINE('',#997,#998);
#997 = CARTESIAN_POINT('',(-6.10614444824,-4.886013459809,
    13.602111419144));
#998 = VECTOR('',#999,1.);
#999 = DIRECTION('',(0.,-0.80078057117,-0.598957825591));
#1000 = ORIENTED_EDGE('',*,*,#1001,.T.);
#1001 = EDGE_CURVE('',#994,#1002,#1004,.T.);
#1002 = VERTEX_POINT('',#1003);
#1003 = CARTESIAN_POINT('',(-6.10614444824,3.836485714286,
    20.131828571429));
#1004 = LINE('',#1005,#1006);
#1005 = CARTESIAN_POINT('',(-6.10614444824,-4.776421480532,
    15.790363156154));
#1006 = VECTOR('',#1007,1.);
#1007 = DIRECTION('',(0.,-0.892970492237,-0.450115207469));
#1008 = ORIENTED_EDGE('',*,*,#1009,.T.);
#1009 = EDGE_CURVE('',#1002,#1010,#1012,.T.);
#1010 = VERTEX_POINT('',#1011);
#1011 = CARTESIAN_POINT('',(-6.10614444824,3.813642857143,20.1205));
#1012 = LINE('',#1013,#1014);
#1013 = CARTESIAN_POINT('',(-6.10614444824,-4.768573950367,
    15.864278656438));
#1014 = VECTOR('',#1015,1.);
#1015 = DIRECTION('',(0.,-0.895879160097,-0.444297794845));
#1016 = ORIENTED_EDGE('',*,*,#1017,.T.);
#1017 = EDGE_CURVE('',#1010,#1018,#1020,.T.);
#1018 = VERTEX_POINT('',#1019);
#1019 = CARTESIAN_POINT('',(-6.10614444824,3.785042857143,
    20.114742857143));
#1020 = LINE('',#1021,#1022);
#1021 = CARTESIAN_POINT('',(-6.10614444824,-3.203837082365,
    18.707890401787));
#1022 = VECTOR('',#1023,1.);
#1023 = DIRECTION('',(0.,-0.980335072596,-0.197340176951));
#1024 = ORIENTED_EDGE('',*,*,#1025,.T.);
#1025 = EDGE_CURVE('',#1018,#1026,#1028,.T.);
#1026 = VERTEX_POINT('',#1027);
#1027 = CARTESIAN_POINT('',(-6.10614444824,2.490057142857,
    20.114742857143));
#1028 = LINE('',#1029,#1030);
#1029 = CARTESIAN_POINT('',(-6.10614444824,-1.808043652692,
    20.114742857143));
#1030 = VECTOR('',#1031,1.);
#1031 = DIRECTION('',(0.,-1.,0.));
#1032 = ORIENTED_EDGE('',*,*,#1033,.T.);
#1033 = EDGE_CURVE('',#1026,#1034,#1036,.T.);
#1034 = VERTEX_POINT('',#1035);
#1035 = CARTESIAN_POINT('',(-6.10614444824,2.490057142857,
    18.973714285714));
#1036 = LINE('',#1037,#1038);
#1037 = CARTESIAN_POINT('',(-6.10614444824,2.490057142857,7.986857142857
    ));
#1038 = VECTOR('',#1039,1.);
#1039 = DIRECTION('',(0.,-0.,-1.));
#1040 = ORIENTED_EDGE('',*,*,#1041,.T.);
#1041 = EDGE_CURVE('',#1034,#1042,#1044,.T.);
#1042 = VERTEX_POINT('',#1043);
#1043 = CARTESIAN_POINT('',(-6.10614444824,3.636842857143,
    18.973714285714));
#1044 = LINE('',#1045,#1046);
#1045 = CARTESIAN_POINT('',(-6.10614444824,-1.234650795549,
    18.973714285714));
#1046 = VECTOR('',#1047,1.);
#1047 = DIRECTION('',(0.,1.,0.));
#1048 = ORIENTED_EDGE('',*,*,#1049,.T.);
#1049 = EDGE_CURVE('',#1042,#1050,#1052,.T.);
#1050 = VERTEX_POINT('',#1051);
#1051 = CARTESIAN_POINT('',(-6.10614444824,3.682342857143,
    18.967957142857));
#1052 = LINE('',#1053,#1054);
#1053 = CARTESIAN_POINT('',(-6.10614444824,0.233130611663,19.40438808004
    ));
#1054 = VECTOR('',#1055,1.);
#1055 = DIRECTION('',(-0.,0.992089857379,-0.125529737056));
#1056 = ORIENTED_EDGE('',*,*,#1057,.T.);
#1057 = EDGE_CURVE('',#1050,#1058,#1060,.T.);
#1058 = VERTEX_POINT('',#1059);
#1059 = CARTESIAN_POINT('',(-6.10614444824,3.728028571429,
    18.956628571429));
#1060 = LINE('',#1061,#1062);
#1061 = CARTESIAN_POINT('',(-6.10614444824,1.660344478807,19.46934698464
    ));
#1062 = VECTOR('',#1063,1.);
#1063 = DIRECTION('',(-0.,0.970604905537,-0.240678452186));
#1064 = ORIENTED_EDGE('',*,*,#1065,.T.);
#1065 = EDGE_CURVE('',#1058,#1066,#1068,.T.);
#1066 = VERTEX_POINT('',#1067);
#1067 = CARTESIAN_POINT('',(-6.10614444824,3.762385714286,
    18.945114285714));
#1068 = LINE('',#1069,#1070);
#1069 = CARTESIAN_POINT('',(-6.10614444824,2.63233260079,19.323834788615
    ));
#1070 = VECTOR('',#1071,1.);
#1071 = DIRECTION('',(-0.,0.948169527976,-0.317764922889));
#1072 = ORIENTED_EDGE('',*,*,#1073,.T.);
#1073 = EDGE_CURVE('',#1066,#1074,#1076,.T.);
#1074 = VERTEX_POINT('',#1075);
#1075 = CARTESIAN_POINT('',(-6.10614444824,3.796557142857,
    18.922457142857));
#1076 = LINE('',#1077,#1078);
#1077 = CARTESIAN_POINT('',(-6.10614444824,5.405599540012,
    17.855592075178));
#1078 = VECTOR('',#1079,1.);
#1079 = DIRECTION('',(-0.,0.833441382682,-0.5526078733));
#1080 = ORIENTED_EDGE('',*,*,#1081,.T.);
#1081 = EDGE_CURVE('',#1074,#1082,#1084,.T.);
#1082 = VERTEX_POINT('',#1083);
#1083 = CARTESIAN_POINT('',(-6.10614444824,3.8194,18.899614285714));
#1084 = LINE('',#1085,#1086);
#1085 = CARTESIAN_POINT('',(-6.10614444824,6.812917459369,
    15.906096826346));
#1086 = VECTOR('',#1087,1.);
#1087 = DIRECTION('',(-0.,0.707106781187,-0.707106781187));
#1088 = ORIENTED_EDGE('',*,*,#1089,.T.);
#1089 = EDGE_CURVE('',#1082,#1090,#1092,.T.);
#1090 = VERTEX_POINT('',#1091);
#1091 = CARTESIAN_POINT('',(-6.10614444824,3.847814285714,
    18.871014285714));
#1092 = LINE('',#1093,#1094);
#1093 = CARTESIAN_POINT('',(-6.10614444824,6.843173634222,
    15.856077425125));
#1094 = VECTOR('',#1095,1.);
#1095 = DIRECTION('',(-0.,0.704799762748,-0.709406297146));
#1096 = ORIENTED_EDGE('',*,*,#1097,.T.);
#1097 = EDGE_CURVE('',#1090,#1098,#1100,.T.);
#1098 = VERTEX_POINT('',#1099);
#1099 = CARTESIAN_POINT('',(-6.10614444824,3.870657142857,
    18.848171428571));
#1100 = LINE('',#1101,#1102);
#1101 = CARTESIAN_POINT('',(-6.10614444824,6.838499602226,
    15.880328969203));
#1102 = VECTOR('',#1103,1.);
#1103 = DIRECTION('',(-0.,0.707106781187,-0.707106781187));
#1104 = ORIENTED_EDGE('',*,*,#1105,.T.);
#1105 = EDGE_CURVE('',#1098,#1106,#1108,.T.);
#1106 = VERTEX_POINT('',#1107);
#1107 = CARTESIAN_POINT('',(-6.10614444824,3.887742857143,18.814));
#1108 = LINE('',#1109,#1110);
#1109 = CARTESIAN_POINT('',(-6.10614444824,7.251154126605,
    12.087177461077));
#1110 = VECTOR('',#1111,1.);
#1111 = DIRECTION('',(-0.,0.4472135955,-0.894427191));
#1112 = ORIENTED_EDGE('',*,*,#1113,.T.);
#1113 = EDGE_CURVE('',#1106,#1114,#1116,.T.);
#1114 = VERTEX_POINT('',#1115);
#1115 = CARTESIAN_POINT('',(-6.10614444824,3.899257142857,
    18.779828571429));
#1116 = LINE('',#1117,#1118);
#1117 = CARTESIAN_POINT('',(-6.10614444824,6.684449724113,
    10.514095749637));
#1118 = VECTOR('',#1119,1.);
#1119 = DIRECTION('',(-0.,0.319316245627,-0.947648212829));
#1120 = ORIENTED_EDGE('',*,*,#1121,.T.);
#1121 = EDGE_CURVE('',#1114,#1122,#1124,.T.);
#1122 = VERTEX_POINT('',#1123);
#1123 = CARTESIAN_POINT('',(-6.10614444824,3.910585714286,
    18.745471428571));
#1124 = LINE('',#1125,#1126);
#1125 = CARTESIAN_POINT('',(-6.10614444824,6.652974795304,
    10.428389789416));
#1126 = VECTOR('',#1127,1.);
#1127 = DIRECTION('',(-0.,0.313145974944,-0.949705005976));
#1128 = ORIENTED_EDGE('',*,*,#1129,.T.);
#1129 = EDGE_CURVE('',#1122,#1130,#1132,.T.);
#1130 = VERTEX_POINT('',#1131);
#1131 = CARTESIAN_POINT('',(-6.10614444824,3.916342857143,
    18.705542857143));
#1132 = LINE('',#1133,#1134);
#1133 = CARTESIAN_POINT('',(-6.10614444824,5.347231604254,8.781637030403
    ));
#1134 = VECTOR('',#1135,1.);
#1135 = DIRECTION('',(-0.,0.142710231997,-0.989764512237));
#1136 = ORIENTED_EDGE('',*,*,#1137,.T.);
#1137 = EDGE_CURVE('',#1130,#1138,#1140,.T.);
#1138 = VERTEX_POINT('',#1139);
#1139 = CARTESIAN_POINT('',(-6.10614444824,3.916342857143,
    18.671371428571));
#1140 = LINE('',#1141,#1142);
#1141 = CARTESIAN_POINT('',(-6.10614444824,3.916342857143,7.835685714286
    ));
#1142 = VECTOR('',#1143,1.);
#1143 = DIRECTION('',(0.,-0.,-1.));
#1144 = ORIENTED_EDGE('',*,*,#1145,.T.);
#1145 = EDGE_CURVE('',#1138,#1146,#1148,.T.);
#1146 = VERTEX_POINT('',#1147);
#1147 = CARTESIAN_POINT('',(-6.10614444824,3.910585714286,18.6372));
#1148 = LINE('',#1149,#1150);
#1149 = CARTESIAN_POINT('',(-6.10614444824,1.99995776693,7.296698635048)
  );
#1150 = VECTOR('',#1151,1.);
#1151 = DIRECTION('',(0.,-0.166136868447,-0.98610270304));
#1152 = ORIENTED_EDGE('',*,*,#1153,.T.);
#1153 = EDGE_CURVE('',#1146,#1154,#1156,.T.);
#1154 = VERTEX_POINT('',#1155);
#1155 = CARTESIAN_POINT('',(-6.10614444824,3.905014285714,
    18.602842857143));
#1156 = LINE('',#1157,#1158);
#1157 = CARTESIAN_POINT('',(-6.10614444824,2.070055983683,7.287266661283
    ));
#1158 = VECTOR('',#1159,1.);
#1159 = DIRECTION('',(0.,-0.160071158554,-0.987105477748));
#1160 = ORIENTED_EDGE('',*,*,#1161,.T.);
#1161 = EDGE_CURVE('',#1154,#1162,#1164,.T.);
#1162 = VERTEX_POINT('',#1163);
#1163 = CARTESIAN_POINT('',(-6.10614444824,3.887742857143,
    18.568671428571));
#1164 = LINE('',#1165,#1166);
#1165 = CARTESIAN_POINT('',(-6.10614444824,-1.47068834848,7.967044097017
    ));
#1166 = VECTOR('',#1167,1.);
#1167 = DIRECTION('',(0.,-0.451089728658,-0.892478602936));
#1168 = ORIENTED_EDGE('',*,*,#1169,.T.);
#1169 = EDGE_CURVE('',#1162,#1170,#1172,.T.);
#1170 = VERTEX_POINT('',#1171);
#1171 = CARTESIAN_POINT('',(-6.10614444824,3.870657142857,18.5345));
#1172 = LINE('',#1173,#1174);
#1173 = CARTESIAN_POINT('',(-6.10614444824,-1.433923016253,
    7.925339681781));
#1174 = VECTOR('',#1175,1.);
#1175 = DIRECTION('',(0.,-0.4472135955,-0.894427191));
#1176 = ORIENTED_EDGE('',*,*,#1177,.T.);
#1177 = EDGE_CURVE('',#1170,#1178,#1180,.T.);
#1178 = VERTEX_POINT('',#1179);
#1179 = CARTESIAN_POINT('',(-6.10614444824,3.824971428571,18.4773));
#1180 = LINE('',#1181,#1182);
#1181 = CARTESIAN_POINT('',(-6.10614444824,-3.345460656643,
    9.499685844529));
#1182 = VECTOR('',#1183,1.);
#1183 = DIRECTION('',(0.,-0.62407609663,-0.781363568139));
#1184 = ORIENTED_EDGE('',*,*,#1185,.T.);
#1185 = EDGE_CURVE('',#1178,#1186,#1188,.T.);
#1186 = VERTEX_POINT('',#1187);
#1187 = CARTESIAN_POINT('',(-6.10614444824,3.785042857143,
    18.448885714286));
#1188 = LINE('',#1189,#1190);
#1189 = CARTESIAN_POINT('',(-6.10614444824,-4.564191918705,
    12.507337245892));
#1190 = VECTOR('',#1191,1.);
#1191 = DIRECTION('',(0.,-0.81475641455,-0.579803401982));
#1192 = ORIENTED_EDGE('',*,*,#1193,.T.);
#1193 = EDGE_CURVE('',#1186,#1194,#1196,.T.);
#1194 = VERTEX_POINT('',#1195);
#1195 = CARTESIAN_POINT('',(-6.10614444824,3.739542857143,
    18.426042857143));
#1196 = LINE('',#1197,#1198);
#1197 = CARTESIAN_POINT('',(-6.10614444824,-4.487971194043,
    14.295494986548));
#1198 = VECTOR('',#1199,1.);
#1199 = DIRECTION('',(0.,-0.893696452749,-0.448672096686));
#1200 = ORIENTED_EDGE('',*,*,#1201,.T.);
#1201 = EDGE_CURVE('',#1194,#1202,#1204,.T.);
#1202 = VERTEX_POINT('',#1203);
#1203 = CARTESIAN_POINT('',(-6.10614444824,3.693857142857,
    18.408957142857));
#1204 = LINE('',#1205,#1206);
#1205 = CARTESIAN_POINT('',(-6.10614444824,-4.116989583324,
    15.487827472903));
#1206 = VECTOR('',#1207,1.);
#1207 = DIRECTION('',(0.,-0.9366417498,-0.350288784478));
#1208 = ORIENTED_EDGE('',*,*,#1209,.T.);
#1209 = EDGE_CURVE('',#1202,#1210,#1212,.T.);
#1210 = VERTEX_POINT('',#1211);
#1211 = CARTESIAN_POINT('',(-6.10614444824,3.648171428571,18.4032));
#1212 = LINE('',#1213,#1214);
#1213 = CARTESIAN_POINT('',(-6.10614444824,-2.480242309909,
    17.630920219948));
#1214 = VECTOR('',#1215,1.);
#1215 = DIRECTION('',(0.,-0.992153283358,-0.125027446277));
#1216 = ORIENTED_EDGE('',*,*,#1217,.T.);
#1217 = EDGE_CURVE('',#1210,#1218,#1220,.T.);
#1218 = VERTEX_POINT('',#1219);
#1219 = CARTESIAN_POINT('',(-6.10614444824,2.455514285714,18.4032));
#1220 = LINE('',#1221,#1222);
#1221 = CARTESIAN_POINT('',(-6.10614444824,-1.825315081263,18.4032));
#1222 = VECTOR('',#1223,1.);
#1223 = DIRECTION('',(0.,-1.,0.));
#1224 = ORIENTED_EDGE('',*,*,#1225,.T.);
#1225 = EDGE_CURVE('',#1218,#1226,#1228,.T.);
#1226 = VERTEX_POINT('',#1227);
#1227 = CARTESIAN_POINT('',(-6.10614444824,2.403514285714,
    18.408957142857));
#1228 = LINE('',#1229,#1230);
#1229 = CARTESIAN_POINT('',(-6.10614444824,-0.629004815242,
    18.744700329034));
#1230 = VECTOR('',#1231,1.);
#1231 = DIRECTION('',(0.,-0.993926947812,0.110041912079));
#1232 = ORIENTED_EDGE('',*,*,#1233,.T.);
#1233 = EDGE_CURVE('',#1226,#1234,#1236,.T.);
#1234 = VERTEX_POINT('',#1235);
#1235 = CARTESIAN_POINT('',(-6.10614444824,2.3517,18.420285714286));
#1236 = LINE('',#1237,#1238);
#1237 = CARTESIAN_POINT('',(-6.10614444824,0.550522815012,
    18.814091478746));
#1238 = VECTOR('',#1239,1.);
#1239 = DIRECTION('',(0.,-0.97692285488,0.213592452142));
#1240 = ORIENTED_EDGE('',*,*,#1241,.T.);
#1241 = EDGE_CURVE('',#1234,#1242,#1244,.T.);
#1242 = VERTEX_POINT('',#1243);
#1243 = CARTESIAN_POINT('',(-6.10614444824,2.294128571429,
    18.437371428571));
#1244 = LINE('',#1245,#1246);
#1245 = CARTESIAN_POINT('',(-6.10614444824,1.357513655935,
    18.715334564782));
#1246 = VECTOR('',#1247,1.);
#1247 = DIRECTION('',(0.,-0.958673228505,0.284509474266));
#1248 = ORIENTED_EDGE('',*,*,#1249,.T.);
#1249 = EDGE_CURVE('',#1242,#1250,#1252,.T.);
#1250 = VERTEX_POINT('',#1251);
#1251 = CARTESIAN_POINT('',(-6.10614444824,2.242128571429,
    18.460214285714));
#1252 = LINE('',#1253,#1254);
#1253 = CARTESIAN_POINT('',(-6.10614444824,2.694315461366,
    18.261575044777));
#1254 = VECTOR('',#1255,1.);
#1255 = DIRECTION('',(0.,-0.915555942631,0.402190646227));
#1256 = ORIENTED_EDGE('',*,*,#1257,.T.);
#1257 = EDGE_CURVE('',#1250,#1258,#1260,.T.);
#1258 = VERTEX_POINT('',#1259);
#1259 = CARTESIAN_POINT('',(-6.10614444824,2.201828571429,
    18.483057142857));
#1260 = LINE('',#1261,#1262);
#1261 = CARTESIAN_POINT('',(-6.10614444824,3.66595580693,17.653160138403
    ));
#1262 = VECTOR('',#1263,1.);
#1263 = DIRECTION('',(0.,-0.869964859591,0.493113722256));
#1264 = ORIENTED_EDGE('',*,*,#1265,.T.);
#1265 = EDGE_CURVE('',#1258,#1266,#1268,.T.);
#1266 = VERTEX_POINT('',#1267);
#1267 = CARTESIAN_POINT('',(-6.10614444824,2.150014285714,
    18.511657142857));
#1268 = LINE('',#1269,#1270);
#1269 = CARTESIAN_POINT('',(-6.10614444824,3.536438701512,
    17.746390619442));
#1270 = VECTOR('',#1271,1.);
#1271 = DIRECTION('',(0.,-0.875486133048,0.483243241898));
#1272 = ORIENTED_EDGE('',*,*,#1273,.T.);
#1273 = EDGE_CURVE('',#1266,#1274,#1276,.T.);
#1274 = VERTEX_POINT('',#1275);
#1275 = CARTESIAN_POINT('',(-6.10614444824,2.103957142857,
    18.545828571429));
#1276 = LINE('',#1277,#1278);
#1277 = CARTESIAN_POINT('',(-6.10614444824,4.611429673858,
    16.685445725847));
#1278 = VECTOR('',#1279,1.);
#1279 = DIRECTION('',(0.,-0.803098028234,0.595846924173));
#1280 = ORIENTED_EDGE('',*,*,#1281,.T.);
#1281 = EDGE_CURVE('',#1274,#1282,#1284,.T.);
#1282 = VERTEX_POINT('',#1283);
#1283 = CARTESIAN_POINT('',(-6.10614444824,2.069228571429,18.58));
#1284 = LINE('',#1285,#1286);
#1285 = CARTESIAN_POINT('',(-6.10614444824,5.386627923955,
    15.315820957942));
#1286 = VECTOR('',#1287,1.);
#1287 = DIRECTION('',(0.,-0.712801322013,0.701366006687));
#1288 = ORIENTED_EDGE('',*,*,#1289,.T.);
#1289 = EDGE_CURVE('',#1282,#1290,#1292,.T.);
#1290 = VERTEX_POINT('',#1291);
#1291 = CARTESIAN_POINT('',(-6.10614444824,2.034685714286,
    18.625685714286));
#1292 = LINE('',#1293,#1294);
#1293 = CARTESIAN_POINT('',(-6.10614444824,5.755902360135,
    13.704076602033));
#1294 = VECTOR('',#1295,1.);
#1295 = DIRECTION('',(0.,-0.603108274872,0.797659331282));
#1296 = ORIENTED_EDGE('',*,*,#1297,.T.);
#1297 = EDGE_CURVE('',#1290,#1298,#1300,.T.);
#1298 = VERTEX_POINT('',#1299);
#1299 = CARTESIAN_POINT('',(-6.10614444824,2.006085714286,
    18.659857142857));
#1300 = LINE('',#1301,#1302);
#1301 = CARTESIAN_POINT('',(-6.10614444824,5.665538759738,
    14.287523634005));
#1302 = VECTOR('',#1303,1.);
#1303 = DIRECTION('',(0.,-0.641822684199,0.766853077224));
#1304 = ORIENTED_EDGE('',*,*,#1305,.T.);
#1305 = EDGE_CURVE('',#1298,#1306,#1308,.T.);
#1306 = VERTEX_POINT('',#1307);
#1307 = CARTESIAN_POINT('',(-6.10614444824,1.982871428571,
    18.705542857143));
#1308 = LINE('',#1309,#1310);
#1309 = CARTESIAN_POINT('',(-6.10614444824,5.535849257743,
    11.713282489332));
#1310 = VECTOR('',#1311,1.);
#1311 = DIRECTION('',(0.,-0.453002631496,0.891509178785));
#1312 = ORIENTED_EDGE('',*,*,#1313,.T.);
#1313 = EDGE_CURVE('',#1306,#1314,#1316,.T.);
#1314 = VERTEX_POINT('',#1315);
#1315 = CARTESIAN_POINT('',(-6.10614444824,1.965414285714,
    18.745471428571));
#1316 = LINE('',#1317,#1318);
#1317 = CARTESIAN_POINT('',(-6.10614444824,5.308576275128,
    11.098877516615));
#1318 = VECTOR('',#1319,1.);
#1319 = DIRECTION('',(0.,-0.40059526003,0.916255116025));
#1320 = ORIENTED_EDGE('',*,*,#1321,.T.);
#1321 = EDGE_CURVE('',#1314,#1322,#1324,.T.);
#1322 = VERTEX_POINT('',#1323);
#1323 = CARTESIAN_POINT('',(-6.10614444824,1.948328571429,18.7854));
#1324 = LINE('',#1325,#1326);
#1325 = CARTESIAN_POINT('',(-6.10614444824,5.264737285809,
    11.035097026176));
#1326 = VECTOR('',#1327,1.);
#1327 = DIRECTION('',(0.,-0.393403152889,0.919366063816));
#1328 = ORIENTED_EDGE('',*,*,#1329,.T.);
#1329 = EDGE_CURVE('',#1322,#1330,#1332,.T.);
#1330 = VERTEX_POINT('',#1331);
#1331 = CARTESIAN_POINT('',(-6.10614444824,1.931057142857,
    18.836842857143));
#1332 = LINE('',#1333,#1334);
#1333 = CARTESIAN_POINT('',(-6.10614444824,4.818365069264,
    10.237011721502));
#1334 = VECTOR('',#1335,1.);
#1335 = DIRECTION('',(0.,-0.318280447487,0.947996601654));
#1336 = ORIENTED_EDGE('',*,*,#1337,.T.);
#1337 = EDGE_CURVE('',#1330,#1338,#1340,.T.);
#1338 = VERTEX_POINT('',#1339);
#1339 = CARTESIAN_POINT('',(-6.10614444824,1.919542857143,
    18.882342857143));
#1340 = LINE('',#1341,#1342);
#1341 = CARTESIAN_POINT('',(-6.10614444824,4.280172004289,9.554050259551
    ));
#1342 = VECTOR('',#1343,1.);
#1343 = DIRECTION('',(0.,-0.245327724869,0.969440203112));
#1344 = ORIENTED_EDGE('',*,*,#1345,.T.);
#1345 = EDGE_CURVE('',#1338,#1346,#1348,.T.);
#1346 = VERTEX_POINT('',#1347);
#1347 = CARTESIAN_POINT('',(-6.10614444824,1.919542857143,
    20.131828571429));
#1348 = LINE('',#1349,#1350);
#1349 = CARTESIAN_POINT('',(-6.10614444824,1.919542857143,8.565914285714
    ));
#1350 = VECTOR('',#1351,1.);
#1351 = DIRECTION('',(0.,0.,1.));
#1352 = ORIENTED_EDGE('',*,*,#1353,.T.);
#1353 = EDGE_CURVE('',#1346,#1354,#1356,.T.);
#1354 = VERTEX_POINT('',#1355);
#1355 = CARTESIAN_POINT('',(-6.10614444824,1.9253,20.177514285714));
#1356 = LINE('',#1357,#1358);
#1357 = CARTESIAN_POINT('',(-6.10614444824,0.424983279457,8.271775148504
    ));
#1358 = VECTOR('',#1359,1.);
#1359 = DIRECTION('',(0.,0.125027446277,0.992153283358));
#1360 = ORIENTED_EDGE('',*,*,#1361,.T.);
#1361 = EDGE_CURVE('',#1354,#1362,#1364,.T.);
#1362 = VERTEX_POINT('',#1363);
#1363 = CARTESIAN_POINT('',(-6.10614444824,1.930871428571,
    20.228771428571));
#1364 = LINE('',#1365,#1366);
#1365 = CARTESIAN_POINT('',(-6.10614444824,0.636256102674,8.318310430317
    ));
#1366 = VECTOR('',#1367,1.);
#1367 = DIRECTION('',(0.,0.108059180768,0.994144463069));
#1368 = ORIENTED_EDGE('',*,*,#1369,.T.);
#1369 = EDGE_CURVE('',#1362,#1370,#1372,.T.);
#1370 = VERTEX_POINT('',#1371);
#1371 = CARTESIAN_POINT('',(-6.10614444824,1.942385714286,
    20.274457142857));
#1372 = LINE('',#1373,#1374);
#1373 = CARTESIAN_POINT('',(-6.10614444824,-1.055754204046,
    8.378611660446));
#1374 = VECTOR('',#1375,1.);
#1375 = DIRECTION('',(0.,0.244390135281,0.969676988372));
#1376 = ORIENTED_EDGE('',*,*,#1377,.T.);
#1377 = EDGE_CURVE('',#1370,#1378,#1380,.T.);
#1378 = VERTEX_POINT('',#1379);
#1379 = CARTESIAN_POINT('',(-6.10614444824,1.959471428571,
    20.320142857143));
#1380 = LINE('',#1381,#1382);
#1381 = CARTESIAN_POINT('',(-6.10614444824,-2.360975410543,
    8.767643700381));
#1382 = VECTOR('',#1383,1.);
#1383 = DIRECTION('',(0.,0.350288784478,0.9366417498));
#1384 = ORIENTED_EDGE('',*,*,#1385,.T.);
#1385 = EDGE_CURVE('',#1378,#1386,#1388,.T.);
#1386 = VERTEX_POINT('',#1387);
#1387 = CARTESIAN_POINT('',(-6.10614444824,1.988071428571,
    20.382914285714));
#1388 = LINE('',#1389,#1390);
#1389 = CARTESIAN_POINT('',(-6.10614444824,-3.11880693521,9.174311123649
    ));
#1390 = VECTOR('',#1391,1.);
#1391 = DIRECTION('',(0.,0.414614157948,0.909997307704));
#1392 = ORIENTED_EDGE('',*,*,#1393,.T.);
#1393 = EDGE_CURVE('',#1386,#1394,#1396,.T.);
#1394 = VERTEX_POINT('',#1395);
#1395 = CARTESIAN_POINT('',(-6.10614444824,2.022242857143,
    20.439928571429));
#1396 = LINE('',#1397,#1398);
#1397 = CARTESIAN_POINT('',(-6.10614444824,-4.219782691251,
    10.025244640142));
#1398 = VECTOR('',#1399,1.);
#1399 = DIRECTION('',(0.,0.514084822946,0.857739351328));
#1400 = ORIENTED_EDGE('',*,*,#1401,.T.);
#1401 = EDGE_CURVE('',#1394,#1402,#1404,.T.);
#1402 = VERTEX_POINT('',#1403);
#1403 = CARTESIAN_POINT('',(-6.10614444824,2.062171428571,
    20.496942857143));
#1404 = LINE('',#1405,#1406);
#1405 = CARTESIAN_POINT('',(-6.10614444824,-4.802074320433,
    10.695438462053));
#1406 = VECTOR('',#1407,1.);
#1407 = DIRECTION('',(0.,0.573641397746,0.819106553991));
#1408 = ORIENTED_EDGE('',*,*,#1409,.T.);
#1409 = EDGE_CURVE('',#1402,#1410,#1412,.T.);
#1410 = VERTEX_POINT('',#1411);
#1411 = CARTESIAN_POINT('',(-6.10614444824,2.107857142857,
    20.542628571429));
#1412 = LINE('',#1413,#1414);
#1413 = CARTESIAN_POINT('',(-6.10614444824,-5.831300397774,
    12.603471030797));
#1414 = VECTOR('',#1415,1.);
#1415 = DIRECTION('',(0.,0.707106781187,0.707106781187));
#1416 = ORIENTED_EDGE('',*,*,#1417,.T.);
#1417 = EDGE_CURVE('',#1410,#1418,#1420,.T.);
#1418 = VERTEX_POINT('',#1419);
#1419 = CARTESIAN_POINT('',(-6.10614444824,2.164871428571,
    20.582557142857));
#1420 = LINE('',#1421,#1422);
#1421 = CARTESIAN_POINT('',(-6.10614444824,-6.15019634051,14.75930121337
    ));
#1422 = VECTOR('',#1423,1.);
#1423 = DIRECTION('',(0.,0.819106553991,0.573641397746));
#1424 = ORIENTED_EDGE('',*,*,#1425,.T.);
#1425 = EDGE_CURVE('',#1418,#1426,#1428,.T.);
#1426 = VERTEX_POINT('',#1427);
#1427 = CARTESIAN_POINT('',(-6.10614444824,2.2217,20.616728571429));
#1428 = LINE('',#1429,#1430);
#1429 = CARTESIAN_POINT('',(-6.10614444824,-6.051377245008,
    15.642067744365));
#1430 = VECTOR('',#1431,1.);
#1431 = DIRECTION('',(0.,0.856998298068,0.515319238054));
#1432 = ORIENTED_EDGE('',*,*,#1433,.T.);
#1433 = EDGE_CURVE('',#1426,#1434,#1436,.T.);
#1434 = VERTEX_POINT('',#1435);
#1435 = CARTESIAN_POINT('',(-6.10614444824,2.284471428571,
    20.645328571429));
#1436 = LINE('',#1437,#1438);
#1437 = CARTESIAN_POINT('',(-6.10614444824,-5.650307358869,
    17.030074330997));
#1438 = VECTOR('',#1439,1.);
#1439 = DIRECTION('',(0.,0.909997307704,0.414614157948));
#1440 = ORIENTED_EDGE('',*,*,#1441,.T.);
#1441 = EDGE_CURVE('',#1434,#1442,#1444,.T.);
#1442 = VERTEX_POINT('',#1443);
#1443 = CARTESIAN_POINT('',(-6.10614444824,2.341485714286,
    20.668171428571));
#1444 = LINE('',#1445,#1446);
#1445 = CARTESIAN_POINT('',(-6.10614444824,-5.383625900949,
    17.573094136474));
#1446 = VECTOR('',#1447,1.);
#1447 = DIRECTION('',(0.,0.928268015265,0.371911940969));
#1448 = ORIENTED_EDGE('',*,*,#1449,.T.);
#1449 = EDGE_CURVE('',#1442,#1450,#1452,.T.);
#1450 = VERTEX_POINT('',#1451);
#1451 = CARTESIAN_POINT('',(-6.10614444824,2.415771428571,20.6795));
#1452 = LINE('',#1453,#1454);
#1453 = CARTESIAN_POINT('',(-6.10614444824,-3.51287040812,
    19.775382119905));
#1454 = VECTOR('',#1455,1.);
#1455 = DIRECTION('',(0.,0.988570842591,0.150757053495));
#1456 = ORIENTED_EDGE('',*,*,#1457,.T.);
#1457 = EDGE_CURVE('',#1450,#1458,#1460,.T.);
#1458 = VERTEX_POINT('',#1459);
#1459 = CARTESIAN_POINT('',(-6.10614444824,2.478542857143,
    20.685257142857));
#1460 = LINE('',#1461,#1462);
#1461 = CARTESIAN_POINT('',(-6.10614444824,-2.855093447093,
    20.196077481818));
#1462 = VECTOR('',#1463,1.);
#1463 = DIRECTION('',(0.,0.995820439719,9.133264387955E-02));
#1464 = ORIENTED_EDGE('',*,*,#1465,.T.);
#1465 = EDGE_CURVE('',#1458,#1466,#1468,.T.);
#1466 = VERTEX_POINT('',#1467);
#1467 = CARTESIAN_POINT('',(-6.10614444824,3.345828571429,
    20.685257142857));
#1468 = LINE('',#1469,#1470);
#1469 = CARTESIAN_POINT('',(-6.10614444824,-1.380157938406,
    20.685257142857));
#1470 = VECTOR('',#1471,1.);
#1471 = DIRECTION('',(0.,1.,0.));
#1472 = ORIENTED_EDGE('',*,*,#1473,.T.);
#1473 = EDGE_CURVE('',#1466,#1474,#1476,.T.);
#1474 = VERTEX_POINT('',#1475);
#1475 = CARTESIAN_POINT('',(-6.10614444824,3.345828571429,
    21.826285714286));
#1476 = LINE('',#1477,#1478);
#1477 = CARTESIAN_POINT('',(-6.10614444824,3.345828571429,9.413142857143
    ));
#1478 = VECTOR('',#1479,1.);
#1479 = DIRECTION('',(0.,0.,1.));
#1480 = ORIENTED_EDGE('',*,*,#1481,.T.);
#1481 = EDGE_CURVE('',#1474,#1482,#1484,.T.);
#1482 = VERTEX_POINT('',#1483);
#1483 = CARTESIAN_POINT('',(-6.10614444824,2.0358,21.826285714286));
#1484 = LINE('',#1485,#1486);
#1485 = CARTESIAN_POINT('',(-6.10614444824,-2.03517222412,
    21.826285714286));
#1486 = VECTOR('',#1487,1.);
#1487 = DIRECTION('',(0.,-1.,0.));
#1488 = ORIENTED_EDGE('',*,*,#1489,.T.);
#1489 = EDGE_CURVE('',#1482,#1490,#1492,.T.);
#1490 = VERTEX_POINT('',#1491);
#1491 = CARTESIAN_POINT('',(-6.10614444824,2.008128571429,
    21.837614285714));
#1492 = LINE('',#1493,#1494);
#1493 = CARTESIAN_POINT('',(-6.10614444824,2.887769435042,
    21.477492858329));
#1494 = VECTOR('',#1495,1.);
#1495 = DIRECTION('',(0.,-0.925447987364,0.378874679391));
#1496 = ORIENTED_EDGE('',*,*,#1497,.T.);
#1497 = EDGE_CURVE('',#1490,#1498,#1500,.T.);
#1498 = VERTEX_POINT('',#1499);
#1499 = CARTESIAN_POINT('',(-6.10614444824,1.991414285714,
    21.843371428571));
#1500 = LINE('',#1501,#1502);
#1501 = CARTESIAN_POINT('',(-6.10614444824,2.196843076172,
    21.772612622969));
#1502 = VECTOR('',#1503,1.);
#1503 = DIRECTION('',(0.,-0.945484566827,0.325666906351));
#1504 = ORIENTED_EDGE('',*,*,#1505,.T.);
#1505 = EDGE_CURVE('',#1498,#1506,#1508,.T.);
#1506 = VERTEX_POINT('',#1507);
#1507 = CARTESIAN_POINT('',(-6.10614444824,1.974885714286,
    21.854885714286));
#1508 = LINE('',#1509,#1510);
#1509 = CARTESIAN_POINT('',(-6.10614444824,5.083233332393,
    19.689519957852));
#1510 = VECTOR('',#1511,1.);
#1511 = DIRECTION('',(0.,-0.820529200148,0.571604611339));
#1512 = ORIENTED_EDGE('',*,*,#1513,.T.);
#1513 = EDGE_CURVE('',#1506,#1514,#1516,.T.);
#1514 = VERTEX_POINT('',#1515);
#1515 = CARTESIAN_POINT('',(-6.10614444824,1.958357142857,
    21.866214285714));
#1516 = LINE('',#1517,#1518);
#1517 = CARTESIAN_POINT('',(-6.10614444824,5.012804843169,
    19.772716423703));
#1518 = VECTOR('',#1519,1.);
#1519 = DIRECTION('',(0.,-0.824852336949,0.565348230943));
#1520 = ORIENTED_EDGE('',*,*,#1521,.T.);
#1521 = EDGE_CURVE('',#1514,#1522,#1524,.T.);
#1522 = VERTEX_POINT('',#1523);
#1523 = CARTESIAN_POINT('',(-6.10614444824,1.936071428571,
    21.900385714286));
#1524 = LINE('',#1525,#1526);
#1525 = CARTESIAN_POINT('',(-6.10614444824,6.432844969119,
    15.005332952113));
#1526 = VECTOR('',#1527,1.);
#1527 = DIRECTION('',(0.,-0.546267780547,0.837610596839));
#1528 = ORIENTED_EDGE('',*,*,#1529,.T.);
#1529 = EDGE_CURVE('',#1522,#1530,#1532,.T.);
#1530 = VERTEX_POINT('',#1531);
#1531 = CARTESIAN_POINT('',(-6.10614444824,1.9305,21.917657142857));
#1532 = LINE('',#1533,#1534);
#1533 = CARTESIAN_POINT('',(-6.10614444824,5.191955829153,
    11.807144072484));
#1534 = VECTOR('',#1535,1.);
#1535 = DIRECTION('',(0.,-0.307002779923,0.951708617761));
#1536 = ORIENTED_EDGE('',*,*,#1537,.T.);
#1537 = EDGE_CURVE('',#1530,#1538,#1540,.T.);
#1538 = VERTEX_POINT('',#1539);
#1539 = CARTESIAN_POINT('',(-6.10614444824,1.925114285714,
    21.940314285714));
#1540 = LINE('',#1541,#1542);
#1541 = CARTESIAN_POINT('',(-6.10614444824,4.516037762586,
    11.040567245083));
#1542 = VECTOR('',#1543,1.);
#1543 = DIRECTION('',(0.,-0.23126114462,0.972891711851));
#1544 = ORIENTED_EDGE('',*,*,#1545,.T.);
#1545 = EDGE_CURVE('',#1538,#1546,#1548,.T.);
#1546 = VERTEX_POINT('',#1547);
#1547 = CARTESIAN_POINT('',(-6.10614444824,1.919542857143,
    21.957585714286));
#1548 = LINE('',#1549,#1550);
#1549 = CARTESIAN_POINT('',(-6.10614444824,5.187348154452,
    11.827389292627));
#1550 = VECTOR('',#1551,1.);
#1551 = DIRECTION('',(0.,-0.307002779923,0.951708617761));
#1552 = ORIENTED_EDGE('',*,*,#1553,.T.);
#1553 = EDGE_CURVE('',#1546,#1554,#1556,.T.);
#1554 = VERTEX_POINT('',#1555);
#1555 = CARTESIAN_POINT('',(-6.10614444824,1.919542857143,
    22.271257142857));
#1556 = LINE('',#1557,#1558);
#1557 = CARTESIAN_POINT('',(-6.10614444824,1.919542857143,9.635628571429
    ));
#1558 = VECTOR('',#1559,1.);
#1559 = DIRECTION('',(0.,0.,1.));
#1560 = ORIENTED_EDGE('',*,*,#1561,.T.);
#1561 = EDGE_CURVE('',#1554,#1562,#1564,.T.);
#1562 = VERTEX_POINT('',#1563);
#1563 = CARTESIAN_POINT('',(-6.10614444824,1.925114285714,22.2941));
#1564 = LINE('',#1565,#1566);
#1565 = CARTESIAN_POINT('',(-6.10614444824,-1.211805106031,
    9.432730493846));
#1566 = VECTOR('',#1567,1.);
#1567 = DIRECTION('',(0.,0.236956180191,0.971520338783));
#1568 = ORIENTED_EDGE('',*,*,#1569,.T.);
#1569 = EDGE_CURVE('',#1562,#1570,#1572,.T.);
#1570 = VERTEX_POINT('',#1571);
#1571 = CARTESIAN_POINT('',(-6.10614444824,1.936071428571,22.3227));
#1572 = LINE('',#1573,#1574);
#1573 = CARTESIAN_POINT('',(-6.10614444824,-2.808514475521,
    9.938526623217));
#1574 = VECTOR('',#1575,1.);
#1575 = DIRECTION('',(0.,0.357759776872,0.933813654886));
#1576 = ORIENTED_EDGE('',*,*,#1577,.T.);
#1577 = EDGE_CURVE('',#1570,#1578,#1580,.T.);
#1578 = VERTEX_POINT('',#1579);
#1579 = CARTESIAN_POINT('',(-6.10614444824,1.947214285714,
    22.339785714286));
#1580 = LINE('',#1581,#1582);
#1581 = CARTESIAN_POINT('',(-6.10614444824,-5.05161315896,
    11.608250299119));
#1582 = VECTOR('',#1583,1.);
#1583 = DIRECTION('',(0.,0.546267780547,0.837610596839));
#1584 = ORIENTED_EDGE('',*,*,#1585,.T.);
#1585 = EDGE_CURVE('',#1578,#1586,#1588,.T.);
#1586 = VERTEX_POINT('',#1587);
#1587 = CARTESIAN_POINT('',(-6.10614444824,1.963742857143,
    22.362628571429));
#1588 = LINE('',#1589,#1590);
#1589 = CARTESIAN_POINT('',(-6.10614444824,-5.445503830869,
    12.12288314867));
#1590 = VECTOR('',#1591,1.);
#1591 = DIRECTION('',(0.,0.586211780526,0.810157853985));
#1592 = ORIENTED_EDGE('',*,*,#1593,.T.);
#1593 = EDGE_CURVE('',#1586,#1594,#1596,.T.);
#1594 = VERTEX_POINT('',#1595);
#1595 = CARTESIAN_POINT('',(-6.10614444824,1.985842857143,
    22.373957142857));
#1596 = LINE('',#1597,#1598);
#1597 = CARTESIAN_POINT('',(-6.10614444824,-6.36837331363,
    18.091543811621));
#1598 = VECTOR('',#1599,1.);
#1599 = DIRECTION('',(0.,0.889895306309,0.456164820881));
#1600 = ORIENTED_EDGE('',*,*,#1601,.T.);
#1601 = EDGE_CURVE('',#1594,#1602,#1604,.T.);
#1602 = VERTEX_POINT('',#1603);
#1603 = CARTESIAN_POINT('',(-6.10614444824,2.002557142857,
    22.385471428571));
#1604 = LINE('',#1605,#1606);
#1605 = CARTESIAN_POINT('',(-6.10614444824,-6.676755208923,
    16.406389586234));
#1606 = VECTOR('',#1607,1.);
#1607 = DIRECTION('',(0.,0.82350760101,0.567305236251));
#1608 = ORIENTED_EDGE('',*,*,#1609,.T.);
#1609 = EDGE_CURVE('',#1602,#1610,#1612,.T.);
#1610 = VERTEX_POINT('',#1611);
#1611 = CARTESIAN_POINT('',(-6.10614444824,2.030042857143,22.3968));
#1612 = LINE('',#1613,#1614);
#1613 = CARTESIAN_POINT('',(-6.10614444824,-5.921125086996,
    19.119629428429));
#1614 = VECTOR('',#1615,1.);
#1615 = DIRECTION('',(0.,0.924548670381,0.381063979008));
#1616 = ORIENTED_EDGE('',*,*,#1617,.T.);
#1617 = EDGE_CURVE('',#1610,#1618,#1620,.T.);
#1618 = VERTEX_POINT('',#1619);
#1619 = CARTESIAN_POINT('',(-6.10614444824,3.802314285714,22.3968));
#1620 = LINE('',#1621,#1622);
#1621 = CARTESIAN_POINT('',(-6.10614444824,-1.151915081263,22.3968));
#1622 = VECTOR('',#1623,1.);
#1623 = DIRECTION('',(0.,1.,0.));
#1624 = ORIENTED_EDGE('',*,*,#1625,.T.);
#1625 = EDGE_CURVE('',#1618,#1626,#1628,.T.);
#1626 = VERTEX_POINT('',#1627);
#1627 = CARTESIAN_POINT('',(-6.10614444824,3.830728571429,
    22.385471428571));
#1628 = LINE('',#1629,#1630);
#1629 = CARTESIAN_POINT('',(-6.10614444824,3.91016727997,22.353799786604
    ));
#1630 = VECTOR('',#1631,1.);
#1631 = DIRECTION('',(-0.,0.92889480482,-0.370343680353));
#1632 = ORIENTED_EDGE('',*,*,#1633,.T.);
#1633 = EDGE_CURVE('',#1626,#1634,#1636,.T.);
#1634 = VERTEX_POINT('',#1635);
#1635 = CARTESIAN_POINT('',(-6.10614444824,3.853571428571,22.3682));
#1636 = LINE('',#1637,#1638);
#1637 = CARTESIAN_POINT('',(-6.10614444824,6.787087668367,
    20.150175526008));
#1638 = VECTOR('',#1639,1.);
#1639 = DIRECTION('',(-0.,0.797659331282,-0.603108274872));
#1640 = ORIENTED_EDGE('',*,*,#1641,.T.);
#1641 = EDGE_CURVE('',#1634,#1642,#1644,.T.);
#1642 = VERTEX_POINT('',#1643);
#1643 = CARTESIAN_POINT('',(-6.10614444824,3.882171428571,
    22.351114285714));
#1644 = LINE('',#1645,#1646);
#1645 = CARTESIAN_POINT('',(-6.10614444824,5.782290879559,
    21.215977990319));
#1646 = VECTOR('',#1647,1.);
#1647 = DIRECTION('',(-0.,0.85847509595,-0.512855252126));
#1648 = ORIENTED_EDGE('',*,*,#1649,.T.);
#1649 = EDGE_CURVE('',#1642,#1650,#1652,.T.);
#1650 = VERTEX_POINT('',#1651);
#1651 = CARTESIAN_POINT('',(-6.10614444824,3.8935,22.328271428571));
#1652 = LINE('',#1653,#1654);
#1653 = CARTESIAN_POINT('',(-6.10614444824,7.947328741026,
    14.154157737651));
#1654 = VECTOR('',#1655,1.);
#1655 = DIRECTION('',(-0.,0.444297794845,-0.895879160097));
#1656 = ORIENTED_EDGE('',*,*,#1657,.T.);
#1657 = EDGE_CURVE('',#1650,#952,#1658,.T.);
#1658 = LINE('',#1659,#1660);
#1659 = CARTESIAN_POINT('',(-6.10614444824,7.976492283722,
    14.228141575381));
#1660 = VECTOR('',#1661,1.);
#1661 = DIRECTION('',(-0.,0.450115207469,-0.892970492237));
#1662 = FACE_BOUND('',#1663,.F.);
#1663 = EDGE_LOOP('',(#1664,#1674,#1682,#1690,#1698,#1706,#1714,#1722,
    #1730,#1738,#1746,#1754,#1762,#1770,#1778,#1786,#1794,#1802,#1810,
    #1818,#1826,#1834,#1842,#1850,#1858,#1866,#1874,#1882,#1890,#1898,
    #1906,#1914,#1922,#1930,#1938,#1946,#1954,#1962,#1970,#1978,#1986,
    #1994,#2002,#2010,#2018,#2026,#2034,#2042,#2050,#2058,#2066,#2074,
    #2082,#2090,#2098,#2106,#2114,#2122));
#1664 = ORIENTED_EDGE('',*,*,#1665,.T.);
#1665 = EDGE_CURVE('',#1666,#1668,#1670,.T.);
#1666 = VERTEX_POINT('',#1667);
#1667 = CARTESIAN_POINT('',(-6.10614444824,0.356757142857,
    22.287414285714));
#1668 = VERTEX_POINT('',#1669);
#1669 = CARTESIAN_POINT('',(-6.10614444824,0.362514285714,
    22.258442857143));
#1670 = LINE('',#1671,#1672);
#1671 = CARTESIAN_POINT('',(-6.10614444824,2.653960872539,
    10.727292291186));
#1672 = VECTOR('',#1673,1.);
#1673 = DIRECTION('',(-0.,0.19490688626,-0.980821750212));
#1674 = ORIENTED_EDGE('',*,*,#1675,.T.);
#1675 = EDGE_CURVE('',#1668,#1676,#1678,.T.);
#1676 = VERTEX_POINT('',#1677);
#1677 = CARTESIAN_POINT('',(-6.10614444824,0.362514285714,
    18.522985714286));
#1678 = LINE('',#1679,#1680);
#1679 = CARTESIAN_POINT('',(-6.10614444824,0.362514285714,7.761492857143
    ));
#1680 = VECTOR('',#1681,1.);
#1681 = DIRECTION('',(0.,-0.,-1.));
#1682 = ORIENTED_EDGE('',*,*,#1683,.T.);
#1683 = EDGE_CURVE('',#1676,#1684,#1686,.T.);
#1684 = VERTEX_POINT('',#1685);
#1685 = CARTESIAN_POINT('',(-6.10614444824,0.351185714286,
    18.494571428571));
#1686 = LINE('',#1687,#1688);
#1687 = CARTESIAN_POINT('',(-6.10614444824,-3.788817246968,
    8.110629574936));
#1688 = VECTOR('',#1689,1.);
#1689 = DIRECTION('',(0.,-0.370343680353,-0.92889480482));
#1690 = ORIENTED_EDGE('',*,*,#1691,.T.);
#1691 = EDGE_CURVE('',#1684,#1692,#1694,.T.);
#1692 = VERTEX_POINT('',#1693);
#1693 = CARTESIAN_POINT('',(-6.10614444824,0.339671428571,
    18.471728571429));
#1694 = LINE('',#1695,#1696);
#1695 = CARTESIAN_POINT('',(-6.10614444824,-4.628470623718,
    8.615575790274));
#1696 = VECTOR('',#1697,1.);
#1697 = DIRECTION('',(0.,-0.450115207469,-0.892970492237));
#1698 = ORIENTED_EDGE('',*,*,#1699,.T.);
#1699 = EDGE_CURVE('',#1692,#1700,#1702,.T.);
#1700 = VERTEX_POINT('',#1701);
#1701 = CARTESIAN_POINT('',(-6.10614444824,0.328342857143,
    18.448885714286));
#1702 = LINE('',#1703,#1704);
#1703 = CARTESIAN_POINT('',(-6.10614444824,-4.575469258974,
    8.560871119492));
#1704 = VECTOR('',#1705,1.);
#1705 = DIRECTION('',(0.,-0.444297794845,-0.895879160097));
#1706 = ORIENTED_EDGE('',*,*,#1707,.T.);
#1707 = EDGE_CURVE('',#1700,#1708,#1710,.T.);
#1708 = VERTEX_POINT('',#1709);
#1709 = CARTESIAN_POINT('',(-6.10614444824,0.3055,18.4318));
#1710 = LINE('',#1711,#1712);
#1711 = CARTESIAN_POINT('',(-6.10614444824,-6.889939699433,
    13.049845102863));
#1712 = VECTOR('',#1713,1.);
#1713 = DIRECTION('',(0.,-0.80078057117,-0.598957825591));
#1714 = ORIENTED_EDGE('',*,*,#1715,.T.);
#1715 = EDGE_CURVE('',#1708,#1716,#1718,.T.);
#1716 = VERTEX_POINT('',#1717);
#1717 = CARTESIAN_POINT('',(-6.10614444824,0.282657142857,
    18.414528571429));
#1718 = LINE('',#1719,#1720);
#1719 = CARTESIAN_POINT('',(-6.10614444824,-6.900810171473,
    12.983126455716));
#1720 = VECTOR('',#1721,1.);
#1721 = DIRECTION('',(0.,-0.797659331282,-0.603108274872));
#1722 = ORIENTED_EDGE('',*,*,#1723,.T.);
#1723 = EDGE_CURVE('',#1716,#1724,#1726,.T.);
#1724 = VERTEX_POINT('',#1725);
#1725 = CARTESIAN_POINT('',(-6.10614444824,0.254057142857,
    18.408957142857));
#1726 = LINE('',#1727,#1728);
#1727 = CARTESIAN_POINT('',(-6.10614444824,-4.818820719803,
    17.420734182599));
#1728 = VECTOR('',#1729,1.);
#1729 = DIRECTION('',(0.,-0.981548987081,-0.191210841639));
#1730 = ORIENTED_EDGE('',*,*,#1731,.T.);
#1731 = EDGE_CURVE('',#1724,#1732,#1734,.T.);
#1732 = VERTEX_POINT('',#1733);
#1733 = CARTESIAN_POINT('',(-6.10614444824,0.231214285714,18.4032));
#1734 = LINE('',#1735,#1736);
#1735 = CARTESIAN_POINT('',(-6.10614444824,-5.284270546044,
    17.013118457036));
#1736 = VECTOR('',#1737,1.);
#1737 = DIRECTION('',(0.,-0.969676988372,-0.244390135281));
#1738 = ORIENTED_EDGE('',*,*,#1739,.T.);
#1739 = EDGE_CURVE('',#1732,#1740,#1742,.T.);
#1740 = VERTEX_POINT('',#1741);
#1741 = CARTESIAN_POINT('',(-6.10614444824,-9.397142857143E-02,18.4032)
  );
#1742 = LINE('',#1743,#1744);
#1743 = CARTESIAN_POINT('',(-6.10614444824,-3.100057938406,18.4032));
#1744 = VECTOR('',#1745,1.);
#1745 = DIRECTION('',(0.,-1.,0.));
#1746 = ORIENTED_EDGE('',*,*,#1747,.T.);
#1747 = EDGE_CURVE('',#1740,#1748,#1750,.T.);
#1748 = VERTEX_POINT('',#1749);
#1749 = CARTESIAN_POINT('',(-6.10614444824,-0.128142857143,
    18.415085714286));
#1750 = LINE('',#1751,#1752);
#1751 = CARTESIAN_POINT('',(-6.10614444824,0.527854554103,
    18.186912701678));
#1752 = VECTOR('',#1753,1.);
#1753 = DIRECTION('',(0.,-0.944496796706,0.328520624941));
#1754 = ORIENTED_EDGE('',*,*,#1755,.T.);
#1755 = EDGE_CURVE('',#1748,#1756,#1758,.T.);
#1756 = VERTEX_POINT('',#1757);
#1757 = CARTESIAN_POINT('',(-6.10614444824,-0.156742857143,
    18.432728571429));
#1758 = LINE('',#1759,#1760);
#1759 = CARTESIAN_POINT('',(-6.10614444824,2.477031475735,
    16.807997651796));
#1760 = VECTOR('',#1761,1.);
#1761 = DIRECTION('',(0.,-0.851088556054,0.525022161202));
#1762 = ORIENTED_EDGE('',*,*,#1763,.T.);
#1763 = EDGE_CURVE('',#1756,#1764,#1766,.T.);
#1764 = VERTEX_POINT('',#1765);
#1765 = CARTESIAN_POINT('',(-6.10614444824,-0.1794,18.462628571429));
#1766 = LINE('',#1767,#1768);
#1767 = CARTESIAN_POINT('',(-6.10614444824,3.905335768072,
    13.072116615202));
#1768 = VECTOR('',#1769,1.);
#1769 = DIRECTION('',(0.,-0.603952995426,0.797019936586));
#1770 = ORIENTED_EDGE('',*,*,#1771,.T.);
#1771 = EDGE_CURVE('',#1764,#1772,#1774,.T.);
#1772 = VERTEX_POINT('',#1773);
#1773 = CARTESIAN_POINT('',(-6.10614444824,-0.190914285714,
    18.480457142857));
#1774 = LINE('',#1775,#1776);
#1775 = CARTESIAN_POINT('',(-6.10614444824,3.833340544666,
    12.249352889365));
#1776 = VECTOR('',#1777,1.);
#1777 = DIRECTION('',(0.,-0.542525431476,0.840039377769));
#1778 = ORIENTED_EDGE('',*,*,#1779,.T.);
#1779 = EDGE_CURVE('',#1772,#1780,#1782,.T.);
#1780 = VERTEX_POINT('',#1781);
#1781 = CARTESIAN_POINT('',(-6.10614444824,-0.202242857143,
    18.498285714286));
#1782 = LINE('',#1783,#1784);
#1783 = CARTESIAN_POINT('',(-6.10614444824,3.814358492567,
    12.177077032776));
#1784 = VECTOR('',#1785,1.);
#1785 = DIRECTION('',(0.,-0.536306481872,0.844023315733));
#1786 = ORIENTED_EDGE('',*,*,#1787,.T.);
#1787 = EDGE_CURVE('',#1780,#1788,#1790,.T.);
#1788 = VERTEX_POINT('',#1789);
#1789 = CARTESIAN_POINT('',(-6.10614444824,-0.208,18.522057142857));
#1790 = LINE('',#1791,#1792);
#1791 = CARTESIAN_POINT('',(-6.10614444824,2.09039740352,9.031900121873)
  );
#1792 = VECTOR('',#1793,1.);
#1793 = DIRECTION('',(0.,-0.23538270084,0.971902764759));
#1794 = ORIENTED_EDGE('',*,*,#1795,.T.);
#1795 = EDGE_CURVE('',#1788,#1796,#1798,.T.);
#1796 = VERTEX_POINT('',#1797);
#1797 = CARTESIAN_POINT('',(-6.10614444824,-0.208,20.114742857143));
#1798 = LINE('',#1799,#1800);
#1799 = CARTESIAN_POINT('',(-6.10614444824,-0.208,8.557371428571));
#1800 = VECTOR('',#1801,1.);
#1801 = DIRECTION('',(0.,0.,1.));
#1802 = ORIENTED_EDGE('',*,*,#1803,.T.);
#1803 = EDGE_CURVE('',#1796,#1804,#1806,.T.);
#1804 = VERTEX_POINT('',#1805);
#1805 = CARTESIAN_POINT('',(-6.10614444824,-1.1037,20.114742857143));
#1806 = LINE('',#1807,#1808);
#1807 = CARTESIAN_POINT('',(-6.10614444824,-3.60492222412,
    20.114742857143));
#1808 = VECTOR('',#1809,1.);
#1809 = DIRECTION('',(0.,-1.,0.));
#1810 = ORIENTED_EDGE('',*,*,#1811,.T.);
#1811 = EDGE_CURVE('',#1804,#1812,#1814,.T.);
#1812 = VERTEX_POINT('',#1813);
#1813 = CARTESIAN_POINT('',(-6.10614444824,-1.126542857143,20.1205));
#1814 = LINE('',#1815,#1816);
#1815 = CARTESIAN_POINT('',(-6.10614444824,-0.728094316798,
    20.020078010157));
#1816 = VECTOR('',#1817,1.);
#1817 = DIRECTION('',(0.,-0.969676988372,0.244390135281));
#1818 = ORIENTED_EDGE('',*,*,#1819,.T.);
#1819 = EDGE_CURVE('',#1812,#1820,#1822,.T.);
#1820 = VERTEX_POINT('',#1821);
#1821 = CARTESIAN_POINT('',(-6.10614444824,-1.143628571429,
    20.138514285714));
#1822 = LINE('',#1823,#1824);
#1823 = CARTESIAN_POINT('',(-6.10614444824,3.457875571815,
    15.286928395555));
#1824 = VECTOR('',#1825,1.);
#1825 = DIRECTION('',(0.,-0.688159484156,0.725559456121));
#1826 = ORIENTED_EDGE('',*,*,#1827,.T.);
#1827 = EDGE_CURVE('',#1820,#1828,#1830,.T.);
#1828 = VERTEX_POINT('',#1829);
#1829 = CARTESIAN_POINT('',(-6.10614444824,-1.160714285714,20.1504));
#1830 = LINE('',#1831,#1832);
#1831 = CARTESIAN_POINT('',(-6.10614444824,2.599295041689,
    17.534741337458));
#1832 = VECTOR('',#1833,1.);
#1833 = DIRECTION('',(0.,-0.820905201785,0.571064488199));
#1834 = ORIENTED_EDGE('',*,*,#1835,.T.);
#1835 = EDGE_CURVE('',#1828,#1836,#1838,.T.);
#1836 = VERTEX_POINT('',#1837);
#1837 = CARTESIAN_POINT('',(-6.10614444824,-1.1778,20.168228571429));
#1838 = LINE('',#1839,#1840);
#1839 = CARTESIAN_POINT('',(-6.10614444824,3.429334822764,
    15.360783538979));
#1840 = VECTOR('',#1841,1.);
#1841 = DIRECTION('',(0.,-0.691905363236,0.721988205115));
#1842 = ORIENTED_EDGE('',*,*,#1843,.T.);
#1843 = EDGE_CURVE('',#1836,#1844,#1846,.T.);
#1844 = VERTEX_POINT('',#1845);
#1845 = CARTESIAN_POINT('',(-6.10614444824,-1.189314285714,
    20.185871428571));
#1846 = LINE('',#1847,#1848);
#1847 = CARTESIAN_POINT('',(-6.10614444824,3.38231084326,13.180961956756
    ));
#1848 = VECTOR('',#1849,1.);
#1849 = DIRECTION('',(0.,-0.546536648242,0.837435186822));
#1850 = ORIENTED_EDGE('',*,*,#1851,.T.);
#1851 = EDGE_CURVE('',#1844,#1852,#1854,.T.);
#1852 = VERTEX_POINT('',#1853);
#1853 = CARTESIAN_POINT('',(-6.10614444824,-1.200642857143,
    20.209828571429));
#1854 = LINE('',#1855,#1856);
#1855 = CARTESIAN_POINT('',(-6.10614444824,2.83591469143,11.673501952315
    ));
#1856 = VECTOR('',#1857,1.);
#1857 = DIRECTION('',(0.,-0.42748375785,0.904023028896));
#1858 = ORIENTED_EDGE('',*,*,#1859,.T.);
#1859 = EDGE_CURVE('',#1852,#1860,#1862,.T.);
#1860 = VERTEX_POINT('',#1861);
#1861 = CARTESIAN_POINT('',(-6.10614444824,-1.2064,20.2336));
#1862 = LINE('',#1863,#1864);
#1863 = CARTESIAN_POINT('',(-6.10614444824,1.315429645006,9.820884046429
    ));
#1864 = VECTOR('',#1865,1.);
#1865 = DIRECTION('',(0.,-0.23538270084,0.971902764759));
#1866 = ORIENTED_EDGE('',*,*,#1867,.T.);
#1867 = EDGE_CURVE('',#1860,#1868,#1870,.T.);
#1868 = VERTEX_POINT('',#1869);
#1869 = CARTESIAN_POINT('',(-6.10614444824,-1.2064,20.571228571429));
#1870 = LINE('',#1871,#1872);
#1871 = CARTESIAN_POINT('',(-6.10614444824,-1.2064,8.785614285714));
#1872 = VECTOR('',#1873,1.);
#1873 = DIRECTION('',(0.,0.,1.));
#1874 = ORIENTED_EDGE('',*,*,#1875,.T.);
#1875 = EDGE_CURVE('',#1868,#1876,#1878,.T.);
#1876 = VERTEX_POINT('',#1877);
#1877 = CARTESIAN_POINT('',(-6.10614444824,-1.195071428571,20.6054));
#1878 = LINE('',#1879,#1880);
#1879 = CARTESIAN_POINT('',(-6.10614444824,-4.963614850162,
    9.237990334876));
#1880 = VECTOR('',#1881,1.);
#1881 = DIRECTION('',(0.,0.314679739965,0.949197904157));
#1882 = ORIENTED_EDGE('',*,*,#1883,.T.);
#1883 = EDGE_CURVE('',#1876,#1884,#1886,.T.);
#1884 = VERTEX_POINT('',#1885);
#1885 = CARTESIAN_POINT('',(-6.10614444824,-1.172228571429,20.634));
#1886 = LINE('',#1887,#1888);
#1887 = CARTESIAN_POINT('',(-6.10614444824,-7.895364641712,
    12.216415001434));
#1888 = VECTOR('',#1889,1.);
#1889 = DIRECTION('',(0.,0.62407609663,0.781363568139));
#1890 = ORIENTED_EDGE('',*,*,#1891,.T.);
#1891 = EDGE_CURVE('',#1884,#1892,#1894,.T.);
#1892 = VERTEX_POINT('',#1893);
#1893 = CARTESIAN_POINT('',(-6.10614444824,-1.149385714286,
    20.656657142857));
#1894 = LINE('',#1895,#1896);
#1895 = CARTESIAN_POINT('',(-6.10614444824,-8.312658295696,
    13.551622549914));
#1896 = VECTOR('',#1897,1.);
#1897 = DIRECTION('',(0.,0.709987017244,0.704214765071));
#1898 = ORIENTED_EDGE('',*,*,#1899,.T.);
#1899 = EDGE_CURVE('',#1892,#1900,#1902,.T.);
#1900 = VERTEX_POINT('',#1901);
#1901 = CARTESIAN_POINT('',(-6.10614444824,-1.120785714286,
    20.673928571429));
#1902 = LINE('',#1903,#1904);
#1903 = CARTESIAN_POINT('',(-6.10614444824,-8.185373582886,
    16.407651481949));
#1904 = VECTOR('',#1905,1.);
#1905 = DIRECTION('',(0.,0.856018035908,0.51694595675));
#1906 = ORIENTED_EDGE('',*,*,#1907,.T.);
#1907 = EDGE_CURVE('',#1900,#1908,#1910,.T.);
#1908 = VERTEX_POINT('',#1909);
#1909 = CARTESIAN_POINT('',(-6.10614444824,-1.092371428571,20.6795));
#1910 = LINE('',#1911,#1912);
#1911 = CARTESIAN_POINT('',(-6.10614444824,-5.742013898797,
    19.767805397995));
#1912 = VECTOR('',#1913,1.);
#1913 = DIRECTION('',(0.,0.981313749677,0.192414460721));
#1914 = ORIENTED_EDGE('',*,*,#1915,.T.);
#1915 = EDGE_CURVE('',#1908,#1916,#1918,.T.);
#1916 = VERTEX_POINT('',#1917);
#1917 = CARTESIAN_POINT('',(-6.10614444824,-1.069528571429,
    20.685257142857));
#1918 = LINE('',#1919,#1920);
#1919 = CARTESIAN_POINT('',(-6.10614444824,-6.243886777954,
    19.381150603001));
#1920 = VECTOR('',#1921,1.);
#1921 = DIRECTION('',(0.,0.969676988372,0.244390135281));
#1922 = ORIENTED_EDGE('',*,*,#1923,.T.);
#1923 = EDGE_CURVE('',#1916,#1924,#1926,.T.);
#1924 = VERTEX_POINT('',#1925);
#1925 = CARTESIAN_POINT('',(-6.10614444824,-0.208,20.685257142857));
#1926 = LINE('',#1927,#1928);
#1927 = CARTESIAN_POINT('',(-6.10614444824,-3.15707222412,
    20.685257142857));
#1928 = VECTOR('',#1929,1.);
#1929 = DIRECTION('',(0.,1.,0.));
#1930 = ORIENTED_EDGE('',*,*,#1931,.T.);
#1931 = EDGE_CURVE('',#1924,#1932,#1934,.T.);
#1932 = VERTEX_POINT('',#1933);
#1933 = CARTESIAN_POINT('',(-6.10614444824,-0.208,21.826285714286));
#1934 = LINE('',#1935,#1936);
#1935 = CARTESIAN_POINT('',(-6.10614444824,-0.208,9.413142857143));
#1936 = VECTOR('',#1937,1.);
#1937 = DIRECTION('',(0.,0.,1.));
#1938 = ORIENTED_EDGE('',*,*,#1939,.T.);
#1939 = EDGE_CURVE('',#1932,#1940,#1942,.T.);
#1940 = VERTEX_POINT('',#1941);
#1941 = CARTESIAN_POINT('',(-6.10614444824,-1.377628571429,
    21.826285714286));
#1942 = LINE('',#1943,#1944);
#1943 = CARTESIAN_POINT('',(-6.10614444824,-3.741886509834,
    21.826285714286));
#1944 = VECTOR('',#1945,1.);
#1945 = DIRECTION('',(0.,-1.,0.));
#1946 = ORIENTED_EDGE('',*,*,#1947,.T.);
#1947 = EDGE_CURVE('',#1940,#1948,#1950,.T.);
#1948 = VERTEX_POINT('',#1949);
#1949 = CARTESIAN_POINT('',(-6.10614444824,-1.4118,21.832228571429));
#1950 = LINE('',#1951,#1952);
#1951 = CARTESIAN_POINT('',(-6.10614444824,-1.594133196833,
    21.863938692617));
#1952 = VECTOR('',#1953,1.);
#1953 = DIRECTION('',(0.,-0.98521175482,0.171341174751));
#1954 = ORIENTED_EDGE('',*,*,#1955,.T.);
#1955 = EDGE_CURVE('',#1948,#1956,#1958,.T.);
#1956 = VERTEX_POINT('',#1957);
#1957 = CARTESIAN_POINT('',(-6.10614444824,-1.428885714286,21.8443));
#1958 = LINE('',#1959,#1960);
#1959 = CARTESIAN_POINT('',(-6.10614444824,2.865408401713,
    18.810287852827));
#1960 = VECTOR('',#1961,1.);
#1961 = DIRECTION('',(0.,-0.816721763686,0.577031680865));
#1962 = ORIENTED_EDGE('',*,*,#1963,.T.);
#1963 = EDGE_CURVE('',#1956,#1964,#1966,.T.);
#1964 = VERTEX_POINT('',#1965);
#1965 = CARTESIAN_POINT('',(-6.10614444824,-1.445971428571,
    21.856185714286));
#1966 = LINE('',#1967,#1968);
#1967 = CARTESIAN_POINT('',(-6.10614444824,2.809980683182,
    18.895523375675));
#1968 = VECTOR('',#1969,1.);
#1969 = DIRECTION('',(0.,-0.820905201785,0.571064488199));
#1970 = ORIENTED_EDGE('',*,*,#1971,.T.);
#1971 = EDGE_CURVE('',#1964,#1972,#1974,.T.);
#1972 = VERTEX_POINT('',#1973);
#1973 = CARTESIAN_POINT('',(-6.10614444824,-1.457485714286,21.8742));
#1974 = LINE('',#1975,#1976);
#1975 = CARTESIAN_POINT('',(-6.10614444824,3.512105873531,
    14.099193806157));
#1976 = VECTOR('',#1977,1.);
#1977 = DIRECTION('',(0.,-0.538560615351,0.842586769178));
#1978 = ORIENTED_EDGE('',*,*,#1979,.T.);
#1979 = EDGE_CURVE('',#1972,#1980,#1982,.T.);
#1980 = VERTEX_POINT('',#1981);
#1981 = CARTESIAN_POINT('',(-6.10614444824,-1.468814285714,21.8924));
#1982 = LINE('',#1983,#1984);
#1983 = CARTESIAN_POINT('',(-6.10614444824,3.467443187653,
    13.962019141147));
#1984 = VECTOR('',#1985,1.);
#1985 = DIRECTION('',(0.,-0.528440659826,0.848970240375));
#1986 = ORIENTED_EDGE('',*,*,#1987,.T.);
#1987 = EDGE_CURVE('',#1980,#1988,#1990,.T.);
#1988 = VERTEX_POINT('',#1989);
#1989 = CARTESIAN_POINT('',(-6.10614444824,-1.480328571429,
    21.910414285714));
#1990 = LINE('',#1991,#1992);
#1991 = CARTESIAN_POINT('',(-6.10614444824,3.500792506208,14.11737001909
    ));
#1992 = VECTOR('',#1993,1.);
#1993 = DIRECTION('',(0.,-0.538560615351,0.842586769178));
#1994 = ORIENTED_EDGE('',*,*,#1995,.T.);
#1995 = EDGE_CURVE('',#1988,#1996,#1998,.T.);
#1996 = VERTEX_POINT('',#1997);
#1997 = CARTESIAN_POINT('',(-6.10614444824,-1.4859,21.928428571429));
#1998 = LINE('',#1999,#2000);
#1999 = CARTESIAN_POINT('',(-6.10614444824,1.830789646883,
    11.204465379839));
#2000 = VECTOR('',#2001,1.);
#2001 = DIRECTION('',(0.,-0.295469722922,0.955352104115));
#2002 = ORIENTED_EDGE('',*,*,#2003,.T.);
#2003 = EDGE_CURVE('',#1996,#2004,#2006,.T.);
#2004 = VERTEX_POINT('',#2005);
#2005 = CARTESIAN_POINT('',(-6.10614444824,-1.491657142857,
    21.946257142857));
#2006 = LINE('',#2007,#2008);
#2007 = CARTESIAN_POINT('',(-6.10614444824,1.937916354081,
    11.325642442663));
#2008 = VECTOR('',#2009,1.);
#2009 = DIRECTION('',(0.,-0.307292390957,0.951615146191));
#2010 = ORIENTED_EDGE('',*,*,#2011,.T.);
#2011 = EDGE_CURVE('',#2004,#2012,#2014,.T.);
#2012 = VERTEX_POINT('',#2013);
#2013 = CARTESIAN_POINT('',(-6.10614444824,-1.491657142857,
    22.287228571429));
#2014 = LINE('',#2015,#2016);
#2015 = CARTESIAN_POINT('',(-6.10614444824,-1.491657142857,
    9.643614285714));
#2016 = VECTOR('',#2017,1.);
#2017 = DIRECTION('',(0.,0.,1.));
#2018 = ORIENTED_EDGE('',*,*,#2019,.T.);
#2019 = EDGE_CURVE('',#2012,#2020,#2022,.T.);
#2020 = VERTEX_POINT('',#2021);
#2021 = CARTESIAN_POINT('',(-6.10614444824,-1.480328571429,
    22.314528571429));
#2022 = LINE('',#2023,#2024);
#2023 = CARTESIAN_POINT('',(-6.10614444824,-6.300858349905,
    10.697842056084));
#2024 = VECTOR('',#2025,1.);
#2025 = DIRECTION('',(0.,0.383276542478,0.923633635153));
#2026 = ORIENTED_EDGE('',*,*,#2027,.T.);
#2027 = EDGE_CURVE('',#2020,#2028,#2030,.T.);
#2028 = VERTEX_POINT('',#2029);
#2029 = CARTESIAN_POINT('',(-6.10614444824,-1.463057142857,
    22.342014285714));
#2030 = LINE('',#2031,#2032);
#2031 = CARTESIAN_POINT('',(-6.10614444824,-7.828480288421,
    12.212093580946));
#2032 = VECTOR('',#2033,1.);
#2033 = DIRECTION('',(0.,0.532054374811,0.846710187871));
#2034 = ORIENTED_EDGE('',*,*,#2035,.T.);
#2035 = EDGE_CURVE('',#2028,#2036,#2038,.T.);
#2036 = VERTEX_POINT('',#2037);
#2037 = CARTESIAN_POINT('',(-6.10614444824,-1.434642857143,
    22.369314285714));
#2038 = LINE('',#2039,#2040);
#2039 = CARTESIAN_POINT('',(-6.10614444824,-8.986471329598,
    15.113635949434));
#2040 = VECTOR('',#2041,1.);
#2041 = DIRECTION('',(0.,0.721104710287,0.692826094198));
#2042 = ORIENTED_EDGE('',*,*,#2043,.T.);
#2043 = EDGE_CURVE('',#2036,#2044,#2046,.T.);
#2044 = VERTEX_POINT('',#2045);
#2045 = CARTESIAN_POINT('',(-6.10614444824,-1.4118,22.385842857143));
#2046 = LINE('',#2047,#2048);
#2047 = CARTESIAN_POINT('',(-6.10614444824,-8.98055398947,
    16.909264767201));
#2048 = VECTOR('',#2049,1.);
#2049 = DIRECTION('',(0.,0.810157853985,0.586211780526));
#2050 = ORIENTED_EDGE('',*,*,#2051,.T.);
#2051 = EDGE_CURVE('',#2044,#2052,#2054,.T.);
#2052 = VERTEX_POINT('',#2053);
#2053 = CARTESIAN_POINT('',(-6.10614444824,-1.377628571429,
    22.391228571429));
#2054 = LINE('',#2055,#2056);
#2055 = CARTESIAN_POINT('',(-6.10614444824,-5.637020293803,
    21.719911397793));
#2056 = VECTOR('',#2057,1.);
#2057 = DIRECTION('',(0.,0.987806455345,0.155686886984));
#2058 = ORIENTED_EDGE('',*,*,#2059,.T.);
#2059 = EDGE_CURVE('',#2052,#2060,#2062,.T.);
#2060 = VERTEX_POINT('',#2061);
#2061 = CARTESIAN_POINT('',(-6.10614444824,-1.349028571429,22.3968));
#2062 = LINE('',#2063,#2064);
#2063 = CARTESIAN_POINT('',(-6.10614444824,-6.023894027523,
    21.486111924137));
#2064 = VECTOR('',#2065,1.);
#2065 = DIRECTION('',(0.,0.981548987081,0.191210841639));
#2066 = ORIENTED_EDGE('',*,*,#2067,.T.);
#2067 = EDGE_CURVE('',#2060,#2068,#2070,.T.);
#2068 = VERTEX_POINT('',#2069);
#2069 = CARTESIAN_POINT('',(-6.10614444824,0.265571428571,22.3968));
#2070 = LINE('',#2071,#2072);
#2071 = CARTESIAN_POINT('',(-6.10614444824,-2.920286509834,22.3968));
#2072 = VECTOR('',#2073,1.);
#2073 = DIRECTION('',(0.,1.,0.));
#2074 = ORIENTED_EDGE('',*,*,#2075,.T.);
#2075 = EDGE_CURVE('',#2068,#2076,#2078,.T.);
#2076 = VERTEX_POINT('',#2077);
#2077 = CARTESIAN_POINT('',(-6.10614444824,0.282657142857,
    22.385285714286));
#2078 = LINE('',#2079,#2080);
#2079 = CARTESIAN_POINT('',(-6.10614444824,3.968180909807,
    19.901563175689));
#2080 = VECTOR('',#2081,1.);
#2081 = DIRECTION('',(-0.,0.829266427591,-0.558853462072));
#2082 = ORIENTED_EDGE('',*,*,#2083,.T.);
#2083 = EDGE_CURVE('',#2076,#2084,#2086,.T.);
#2084 = VERTEX_POINT('',#2085);
#2085 = CARTESIAN_POINT('',(-6.10614444824,0.299742857143,
    22.379528571429));
#2086 = LINE('',#2087,#2088);
#2087 = CARTESIAN_POINT('',(-6.10614444824,1.263296455708,
    22.054852902347));
#2088 = VECTOR('',#2089,1.);
#2089 = DIRECTION('',(-0.,0.947648212829,-0.319316245627));
#2090 = ORIENTED_EDGE('',*,*,#2091,.T.);
#2091 = EDGE_CURVE('',#2084,#2092,#2094,.T.);
#2092 = VERTEX_POINT('',#2093);
#2093 = CARTESIAN_POINT('',(-6.10614444824,0.316828571429,
    22.368014285714));
#2094 = LINE('',#2095,#2096);
#2095 = CARTESIAN_POINT('',(-6.10614444824,3.98660066467,19.894907005486
    ));
#2096 = VECTOR('',#2097,1.);
#2097 = DIRECTION('',(-0.,0.829266427591,-0.558853462072));
#2098 = ORIENTED_EDGE('',*,*,#2099,.T.);
#2099 = EDGE_CURVE('',#2092,#2100,#2102,.T.);
#2100 = VERTEX_POINT('',#2101);
#2101 = CARTESIAN_POINT('',(-6.10614444824,0.328342857143,
    22.350742857143));
#2102 = LINE('',#2103,#2104);
#2103 = CARTESIAN_POINT('',(-6.10614444824,5.188593161809,
    15.060367400143));
#2104 = VECTOR('',#2105,1.);
#2105 = DIRECTION('',(-0.,0.554700196225,-0.832050294338));
#2106 = ORIENTED_EDGE('',*,*,#2107,.T.);
#2107 = EDGE_CURVE('',#2100,#2108,#2110,.T.);
#2108 = VERTEX_POINT('',#2109);
#2109 = CARTESIAN_POINT('',(-6.10614444824,0.339671428571,
    22.333285714286));
#2110 = LINE('',#2111,#2112);
#2111 = CARTESIAN_POINT('',(-6.10614444824,5.168698242623,
    14.891834558206));
#2112 = VECTOR('',#2113,1.);
#2113 = DIRECTION('',(-0.,0.544360855445,-0.838851154293));
#2114 = ORIENTED_EDGE('',*,*,#2115,.T.);
#2115 = EDGE_CURVE('',#2108,#2116,#2118,.T.);
#2116 = VERTEX_POINT('',#2117);
#2117 = CARTESIAN_POINT('',(-6.10614444824,0.351185714286,
    22.321957142857));
#2118 = LINE('',#2119,#2120);
#2119 = CARTESIAN_POINT('',(-6.10614444824,5.040258071823,
    17.708514984635));
#2120 = VECTOR('',#2121,1.);
#2121 = DIRECTION('',(-0.,0.712832058729,-0.70133476746));
#2122 = ORIENTED_EDGE('',*,*,#2123,.T.);
#2123 = EDGE_CURVE('',#2116,#1666,#2124,.T.);
#2124 = LINE('',#2125,#2126);
#2125 = CARTESIAN_POINT('',(-6.10614444824,2.262424827699,
    10.472274639694));
#2126 = VECTOR('',#2127,1.);
#2127 = DIRECTION('',(-0.,0.159232438825,-0.987241120713));
#2128 = FACE_BOUND('',#2129,.F.);
#2129 = EDGE_LOOP('',(#2130,#2140,#2148,#2156,#2164,#2172,#2180,#2188,
    #2196,#2204,#2212,#2220,#2228,#2236,#2244,#2252,#2260,#2268,#2276,
    #2284,#2292,#2300,#2308,#2316,#2324,#2332,#2340,#2348,#2356,#2364,
    #2372,#2380,#2388,#2396,#2404,#2412,#2420,#2428,#2436,#2444,#2452,
    #2460,#2468,#2476,#2484,#2492,#2500,#2508,#2516,#2524,#2532,#2540,
    #2548,#2556,#2564,#2572,#2580,#2588,#2596,#2604,#2612,#2620,#2628,
    #2636,#2644,#2652,#2660,#2668,#2676,#2684,#2692,#2700,#2708,#2716,
    #2724,#2732,#2740,#2748,#2756,#2764,#2772,#2780,#2788));
#2130 = ORIENTED_EDGE('',*,*,#2131,.T.);
#2131 = EDGE_CURVE('',#2132,#2134,#2136,.T.);
#2132 = VERTEX_POINT('',#2133);
#2133 = CARTESIAN_POINT('',(-6.10614444824,-2.290414285714,
    21.832042857143));
#2134 = VERTEX_POINT('',#2135);
#2135 = CARTESIAN_POINT('',(-6.10614444824,-2.324585714286,
    21.826285714286));
#2136 = LINE('',#2137,#2138);
#2137 = CARTESIAN_POINT('',(-6.10614444824,-6.196797366798,
    21.173902229352));
#2138 = VECTOR('',#2139,1.);
#2139 = DIRECTION('',(0.,-0.98610270304,-0.166136868447));
#2140 = ORIENTED_EDGE('',*,*,#2141,.T.);
#2141 = EDGE_CURVE('',#2134,#2142,#2144,.T.);
#2142 = VERTEX_POINT('',#2143);
#2143 = CARTESIAN_POINT('',(-6.10614444824,-2.775314285714,
    21.826285714286));
#2144 = LINE('',#2145,#2146);
#2145 = CARTESIAN_POINT('',(-6.10614444824,-4.440729366977,
    21.826285714286));
#2146 = VECTOR('',#2147,1.);
#2147 = DIRECTION('',(0.,-1.,0.));
#2148 = ORIENTED_EDGE('',*,*,#2149,.T.);
#2149 = EDGE_CURVE('',#2142,#2150,#2152,.T.);
#2150 = VERTEX_POINT('',#2151);
#2151 = CARTESIAN_POINT('',(-6.10614444824,-2.775314285714,
    18.973714285714));
#2152 = LINE('',#2153,#2154);
#2153 = CARTESIAN_POINT('',(-6.10614444824,-2.775314285714,
    7.986857142857));
#2154 = VECTOR('',#2155,1.);
#2155 = DIRECTION('',(0.,-0.,-1.));
#2156 = ORIENTED_EDGE('',*,*,#2157,.T.);
#2157 = EDGE_CURVE('',#2150,#2158,#2160,.T.);
#2158 = VERTEX_POINT('',#2159);
#2159 = CARTESIAN_POINT('',(-6.10614444824,-2.3361,18.973714285714));
#2160 = LINE('',#2161,#2162);
#2161 = CARTESIAN_POINT('',(-6.10614444824,-4.22112222412,
    18.973714285714));
#2162 = VECTOR('',#2163,1.);
#2163 = DIRECTION('',(0.,1.,0.));
#2164 = ORIENTED_EDGE('',*,*,#2165,.T.);
#2165 = EDGE_CURVE('',#2158,#2166,#2168,.T.);
#2166 = VERTEX_POINT('',#2167);
#2167 = CARTESIAN_POINT('',(-6.10614444824,-2.313257142857,
    18.967957142857));
#2168 = LINE('',#2169,#2170);
#2169 = CARTESIAN_POINT('',(-6.10614444824,-1.493455137184,18.7613403772
    ));
#2170 = VECTOR('',#2171,1.);
#2171 = DIRECTION('',(-0.,0.969676988372,-0.244390135281));
#2172 = ORIENTED_EDGE('',*,*,#2173,.T.);
#2173 = EDGE_CURVE('',#2166,#2174,#2176,.T.);
#2174 = VERTEX_POINT('',#2175);
#2175 = CARTESIAN_POINT('',(-6.10614444824,-2.290414285714,
    18.962385714286));
#2176 = LINE('',#2177,#2178);
#2177 = CARTESIAN_POINT('',(-6.10614444824,-1.563200434044,
    18.785016482171));
#2178 = VECTOR('',#2179,1.);
#2179 = DIRECTION('',(-0.,0.971520338783,-0.236956180191));
#2180 = ORIENTED_EDGE('',*,*,#2181,.T.);
#2181 = EDGE_CURVE('',#2174,#2182,#2184,.T.);
#2182 = VERTEX_POINT('',#2183);
#2183 = CARTESIAN_POINT('',(-6.10614444824,-2.273328571429,
    18.950871428571));
#2184 = LINE('',#2185,#2186);
#2185 = CARTESIAN_POINT('',(-6.10614444824,1.495229157172,
    16.411191220167));
#2186 = VECTOR('',#2187,1.);
#2187 = DIRECTION('',(-0.,0.829266427591,-0.558853462072));
#2188 = ORIENTED_EDGE('',*,*,#2189,.T.);
#2189 = EDGE_CURVE('',#2182,#2190,#2192,.T.);
#2190 = VERTEX_POINT('',#2191);
#2191 = CARTESIAN_POINT('',(-6.10614444824,-2.256057142857,
    18.939542857143));
#2192 = LINE('',#2193,#2194);
#2193 = CARTESIAN_POINT('',(-6.10614444824,1.428810339936,
    16.522586766278));
#2194 = VECTOR('',#2195,1.);
#2195 = DIRECTION('',(-0.,0.836176771121,-0.548460032671));
#2196 = ORIENTED_EDGE('',*,*,#2197,.T.);
#2197 = EDGE_CURVE('',#2190,#2198,#2200,.T.);
#2198 = VERTEX_POINT('',#2199);
#2199 = CARTESIAN_POINT('',(-6.10614444824,-2.238971428571,
    18.922457142857));
#2200 = LINE('',#2201,#2202);
#2201 = CARTESIAN_POINT('',(-6.10614444824,2.274849602226,14.40863611206
    ));
#2202 = VECTOR('',#2203,1.);
#2203 = DIRECTION('',(-0.,0.707106781187,-0.707106781187));
#2204 = ORIENTED_EDGE('',*,*,#2205,.T.);
#2205 = EDGE_CURVE('',#2198,#2206,#2208,.T.);
#2206 = VERTEX_POINT('',#2207);
#2207 = CARTESIAN_POINT('',(-6.10614444824,-2.221885714286,
    18.899614285714));
#2208 = LINE('',#2209,#2210);
#2209 = CARTESIAN_POINT('',(-6.10614444824,2.333271945464,
    12.809566544962));
#2210 = VECTOR('',#2211,1.);
#2211 = DIRECTION('',(-0.,0.598957825591,-0.80078057117));
#2212 = ORIENTED_EDGE('',*,*,#2213,.T.);
#2213 = EDGE_CURVE('',#2206,#2214,#2216,.T.);
#2214 = VERTEX_POINT('',#2215);
#2215 = CARTESIAN_POINT('',(-6.10614444824,-2.210557142857,
    18.871014285714));
#2216 = LINE('',#2217,#2218);
#2217 = CARTESIAN_POINT('',(-6.10614444824,1.269430243458,
    10.085472359607));
#2218 = VECTOR('',#2219,1.);
#2219 = DIRECTION('',(-0.,0.368265914122,-0.929720504504));
#2220 = ORIENTED_EDGE('',*,*,#2221,.T.);
#2221 = EDGE_CURVE('',#2214,#2222,#2224,.T.);
#2222 = VERTEX_POINT('',#2223);
#2223 = CARTESIAN_POINT('',(-6.10614444824,-2.2048,18.842414285714));
#2224 = LINE('',#2225,#2226);
#2225 = CARTESIAN_POINT('',(-6.10614444824,-0.167954074943,
    8.723889367691));
#2226 = VECTOR('',#2227,1.);
#2227 = DIRECTION('',(-0.,0.197340176951,-0.980335072596));
#2228 = ORIENTED_EDGE('',*,*,#2229,.T.);
#2229 = EDGE_CURVE('',#2222,#2230,#2232,.T.);
#2230 = VERTEX_POINT('',#2231);
#2231 = CARTESIAN_POINT('',(-6.10614444824,-2.2048,18.5059));
#2232 = LINE('',#2233,#2234);
#2233 = CARTESIAN_POINT('',(-6.10614444824,-2.2048,7.75295));
#2234 = VECTOR('',#2235,1.);
#2235 = DIRECTION('',(0.,-0.,-1.));
#2236 = ORIENTED_EDGE('',*,*,#2237,.T.);
#2237 = EDGE_CURVE('',#2230,#2238,#2240,.T.);
#2238 = VERTEX_POINT('',#2239);
#2239 = CARTESIAN_POINT('',(-6.10614444824,-2.216685714286,
    18.483057142857));
#2240 = LINE('',#2241,#2242);
#2241 = CARTESIAN_POINT('',(-6.10614444824,-7.029321573918,
    9.233772600127));
#2242 = VECTOR('',#2243,1.);
#2243 = DIRECTION('',(0.,-0.461579805424,-0.887098688549));
#2244 = ORIENTED_EDGE('',*,*,#2245,.T.);
#2245 = EDGE_CURVE('',#2238,#2246,#2248,.T.);
#2246 = VERTEX_POINT('',#2247);
#2247 = CARTESIAN_POINT('',(-6.10614444824,-2.240457142857,
    18.448885714286));
#2248 = LINE('',#2249,#2250);
#2249 = CARTESIAN_POINT('',(-6.10614444824,-7.898295291287,
    10.315743375917));
#2250 = VECTOR('',#2251,1.);
#2251 = DIRECTION('',(0.,-0.571064488199,-0.820905201785));
#2252 = ORIENTED_EDGE('',*,*,#2253,.T.);
#2253 = EDGE_CURVE('',#2246,#2254,#2256,.T.);
#2254 = VERTEX_POINT('',#2255);
#2255 = CARTESIAN_POINT('',(-6.10614444824,-2.258285714286,18.4318));
#2256 = LINE('',#2257,#2258);
#2257 = CARTESIAN_POINT('',(-6.10614444824,-8.614267719153,
    12.340650578668));
#2258 = VECTOR('',#2259,1.);
#2259 = DIRECTION('',(0.,-0.721988205115,-0.691905363236));
#2260 = ORIENTED_EDGE('',*,*,#2261,.T.);
#2261 = EDGE_CURVE('',#2254,#2262,#2264,.T.);
#2262 = VERTEX_POINT('',#2263);
#2263 = CARTESIAN_POINT('',(-6.10614444824,-2.276114285714,
    18.420285714286));
#2264 = LINE('',#2265,#2266);
#2265 = CARTESIAN_POINT('',(-6.10614444824,-8.508545317463,
    14.395174006282));
#2266 = VECTOR('',#2267,1.);
#2267 = DIRECTION('',(0.,-0.840039377769,-0.542525431476));
#2268 = ORIENTED_EDGE('',*,*,#2269,.T.);
#2269 = EDGE_CURVE('',#2262,#2270,#2272,.T.);
#2270 = VERTEX_POINT('',#2271);
#2271 = CARTESIAN_POINT('',(-6.10614444824,-2.294128571429,
    18.414528571429));
#2272 = LINE('',#2273,#2274);
#2273 = CARTESIAN_POINT('',(-6.10614444824,-7.128301416135,
    16.869586734461));
#2274 = VECTOR('',#2275,1.);
#2275 = DIRECTION('',(0.,-0.952538100641,-0.304419392988));
#2276 = ORIENTED_EDGE('',*,*,#2277,.T.);
#2277 = EDGE_CURVE('',#2270,#2278,#2280,.T.);
#2278 = VERTEX_POINT('',#2279);
#2279 = CARTESIAN_POINT('',(-6.10614444824,-2.3179,18.4032));
#2280 = LINE('',#2281,#2282);
#2281 = CARTESIAN_POINT('',(-6.10614444824,-8.017546422282,
    15.686962251881));
#2282 = VECTOR('',#2283,1.);
#2283 = DIRECTION('',(0.,-0.902730115416,-0.430207320628));
#2284 = ORIENTED_EDGE('',*,*,#2285,.T.);
#2285 = EDGE_CURVE('',#2278,#2286,#2288,.T.);
#2286 = VERTEX_POINT('',#2287);
#2287 = CARTESIAN_POINT('',(-6.10614444824,-3.813642857143,18.4032));
#2288 = LINE('',#2289,#2290);
#2289 = CARTESIAN_POINT('',(-6.10614444824,-4.959893652692,18.4032));
#2290 = VECTOR('',#2291,1.);
#2291 = DIRECTION('',(0.,-1.,0.));
#2292 = ORIENTED_EDGE('',*,*,#2293,.T.);
#2293 = EDGE_CURVE('',#2286,#2294,#2296,.T.);
#2294 = VERTEX_POINT('',#2295);
#2295 = CARTESIAN_POINT('',(-6.10614444824,-3.836485714286,
    18.408957142857));
#2296 = LINE('',#2297,#2298);
#2297 = CARTESIAN_POINT('',(-6.10614444824,-2.366793775202,
    18.038546979348));
#2298 = VECTOR('',#2299,1.);
#2299 = DIRECTION('',(0.,-0.969676988372,0.244390135281));
#2300 = ORIENTED_EDGE('',*,*,#2301,.T.);
#2301 = EDGE_CURVE('',#2294,#2302,#2304,.T.);
#2302 = VERTEX_POINT('',#2303);
#2303 = CARTESIAN_POINT('',(-6.10614444824,-3.853571428571,
    18.421028571429));
#2304 = LINE('',#2305,#2306);
#2305 = CARTESIAN_POINT('',(-6.10614444824,0.442747147308,15.38558609934
    ));
#2306 = VECTOR('',#2307,1.);
#2307 = DIRECTION('',(0.,-0.816721763686,0.577031680865));
#2308 = ORIENTED_EDGE('',*,*,#2309,.T.);
#2309 = EDGE_CURVE('',#2302,#2310,#2312,.T.);
#2310 = VERTEX_POINT('',#2311);
#2311 = CARTESIAN_POINT('',(-6.10614444824,-3.870657142857,
    18.432914285714));
#2312 = LINE('',#2313,#2314);
#2313 = CARTESIAN_POINT('',(-6.10614444824,0.399877680452,
    15.462107452108));
#2314 = VECTOR('',#2315,1.);
#2315 = DIRECTION('',(0.,-0.820905201785,0.571064488199));
#2316 = ORIENTED_EDGE('',*,*,#2317,.T.);
#2317 = EDGE_CURVE('',#2310,#2318,#2320,.T.);
#2318 = VERTEX_POINT('',#2319);
#2319 = CARTESIAN_POINT('',(-6.10614444824,-3.882171428571,
    18.450928571429));
#2320 = LINE('',#2321,#2322);
#2321 = CARTESIAN_POINT('',(-6.10614444824,0.662344233579,
    11.340960519354));
#2322 = VECTOR('',#2323,1.);
#2323 = DIRECTION('',(0.,-0.538560615351,0.842586769178));
#2324 = ORIENTED_EDGE('',*,*,#2325,.T.);
#2325 = EDGE_CURVE('',#2318,#2326,#2328,.T.);
#2326 = VERTEX_POINT('',#2327);
#2327 = CARTESIAN_POINT('',(-6.10614444824,-3.8935,18.468942857143));
#2328 = LINE('',#2329,#2330);
#2329 = CARTESIAN_POINT('',(-6.10614444824,0.630433164273,
    11.275147497561));
#2330 = VECTOR('',#2331,1.);
#2331 = DIRECTION('',(0.,-0.532350261781,0.846524186767));
#2332 = ORIENTED_EDGE('',*,*,#2333,.T.);
#2333 = EDGE_CURVE('',#2326,#2334,#2336,.T.);
#2334 = VERTEX_POINT('',#2335);
#2335 = CARTESIAN_POINT('',(-6.10614444824,-3.905014285714,
    18.486957142857));
#2336 = LINE('',#2337,#2338);
#2337 = CARTESIAN_POINT('',(-6.10614444824,0.650988729165,
    11.359016942159));
#2338 = VECTOR('',#2339,1.);
#2339 = DIRECTION('',(0.,-0.538560615351,0.842586769178));
#2340 = ORIENTED_EDGE('',*,*,#2341,.T.);
#2341 = EDGE_CURVE('',#2334,#2342,#2344,.T.);
#2342 = VERTEX_POINT('',#2343);
#2343 = CARTESIAN_POINT('',(-6.10614444824,-3.910585714286,
    18.504785714286));
#2344 = LINE('',#2345,#2346);
#2345 = CARTESIAN_POINT('',(-6.10614444824,-0.947073456645,
    9.021546489836));
#2346 = VECTOR('',#2347,1.);
#2347 = DIRECTION('',(0.,-0.298274993136,0.954479978035));
#2348 = ORIENTED_EDGE('',*,*,#2349,.T.);
#2349 = EDGE_CURVE('',#2342,#2350,#2352,.T.);
#2350 = VERTEX_POINT('',#2351);
#2351 = CARTESIAN_POINT('',(-6.10614444824,-3.916342857143,
    18.528742857143));
#2352 = LINE('',#2353,#2354);
#2353 = CARTESIAN_POINT('',(-6.10614444824,-1.530561600562,
    8.600814402339));
#2354 = VECTOR('',#2355,1.);
#2355 = DIRECTION('',(0.,-0.233658016401,0.972318842444));
#2356 = ORIENTED_EDGE('',*,*,#2357,.T.);
#2357 = EDGE_CURVE('',#2350,#2358,#2360,.T.);
#2358 = VERTEX_POINT('',#2359);
#2359 = CARTESIAN_POINT('',(-6.10614444824,-3.916342857143,
    18.842414285714));
#2360 = LINE('',#2361,#2362);
#2361 = CARTESIAN_POINT('',(-6.10614444824,-3.916342857143,
    7.921207142857));
#2362 = VECTOR('',#2363,1.);
#2363 = DIRECTION('',(0.,0.,1.));
#2364 = ORIENTED_EDGE('',*,*,#2365,.T.);
#2365 = EDGE_CURVE('',#2358,#2366,#2368,.T.);
#2366 = VERTEX_POINT('',#2367);
#2367 = CARTESIAN_POINT('',(-6.10614444824,-3.910585714286,
    18.859685714286));
#2368 = LINE('',#2369,#2370);
#2369 = CARTESIAN_POINT('',(-6.10614444824,-7.299316508126,
    8.693493332764));
#2370 = VECTOR('',#2371,1.);
#2371 = DIRECTION('',(0.,0.316227766017,0.948683298051));
#2372 = ORIENTED_EDGE('',*,*,#2373,.T.);
#2373 = EDGE_CURVE('',#2366,#2374,#2376,.T.);
#2374 = VERTEX_POINT('',#2375);
#2375 = CARTESIAN_POINT('',(-6.10614444824,-3.905014285714,18.8881));
#2376 = LINE('',#2377,#2378);
#2377 = CARTESIAN_POINT('',(-6.10614444824,-6.012204958845,
    8.141427567033));
#2378 = VECTOR('',#2379,1.);
#2379 = DIRECTION('',(0.,0.192414460721,0.981313749677));
#2380 = ORIENTED_EDGE('',*,*,#2381,.T.);
#2381 = EDGE_CURVE('',#2374,#2382,#2384,.T.);
#2382 = VERTEX_POINT('',#2383);
#2383 = CARTESIAN_POINT('',(-6.10614444824,-3.8935,18.905185714286));
#2384 = LINE('',#2385,#2386);
#2385 = CARTESIAN_POINT('',(-6.10614444824,-9.314875713898,
    10.860563687211));
#2386 = VECTOR('',#2387,1.);
#2387 = DIRECTION('',(0.,0.558853462072,0.829266427591));
#2388 = ORIENTED_EDGE('',*,*,#2389,.T.);
#2389 = EDGE_CURVE('',#2382,#2390,#2392,.T.);
#2390 = VERTEX_POINT('',#2391);
#2391 = CARTESIAN_POINT('',(-6.10614444824,-3.882171428571,
    18.922457142857));
#2392 = LINE('',#2393,#2394);
#2393 = CARTESIAN_POINT('',(-6.10614444824,-9.24359030398,
    10.748490660676));
#2394 = VECTOR('',#2395,1.);
#2395 = DIRECTION('',(0.,0.548460032671,0.836176771121));
#2396 = ORIENTED_EDGE('',*,*,#2397,.T.);
#2397 = EDGE_CURVE('',#2390,#2398,#2400,.T.);
#2398 = VERTEX_POINT('',#2399);
#2399 = CARTESIAN_POINT('',(-6.10614444824,-3.865085714286,
    18.939542857143));
#2400 = LINE('',#2401,#2402);
#2401 = CARTESIAN_POINT('',(-6.10614444824,-9.91023611206,
    12.894392459369));
#2402 = VECTOR('',#2403,1.);
#2403 = DIRECTION('',(0.,0.707106781187,0.707106781187));
#2404 = ORIENTED_EDGE('',*,*,#2405,.T.);
#2405 = EDGE_CURVE('',#2398,#2406,#2408,.T.);
#2406 = VERTEX_POINT('',#2407);
#2407 = CARTESIAN_POINT('',(-6.10614444824,-3.842242857143,
    18.956628571429));
#2408 = LINE('',#2409,#2410);
#2409 = CARTESIAN_POINT('',(-6.10614444824,-9.833676250225,
    14.475231236765));
#2410 = VECTOR('',#2411,1.);
#2411 = DIRECTION('',(0.,0.80078057117,0.598957825591));
#2412 = ORIENTED_EDGE('',*,*,#2413,.T.);
#2413 = EDGE_CURVE('',#2406,#2414,#2416,.T.);
#2414 = VERTEX_POINT('',#2415);
#2415 = CARTESIAN_POINT('',(-6.10614444824,-3.813642857143,
    18.967957142857));
#2416 = LINE('',#2417,#2418);
#2417 = CARTESIAN_POINT('',(-6.10614444824,-8.565181967367,
    17.085853988807));
#2418 = VECTOR('',#2419,1.);
#2419 = DIRECTION('',(0.,0.929720504504,0.368265914122));
#2420 = ORIENTED_EDGE('',*,*,#2421,.T.);
#2421 = EDGE_CURVE('',#2414,#2422,#2424,.T.);
#2422 = VERTEX_POINT('',#2423);
#2423 = CARTESIAN_POINT('',(-6.10614444824,-3.785042857143,
    18.973714285714));
#2424 = LINE('',#2425,#2426);
#2425 = CARTESIAN_POINT('',(-6.10614444824,-7.025910007414,
    18.321331937283));
#2426 = VECTOR('',#2427,1.);
#2427 = DIRECTION('',(0.,0.980335072596,0.197340176951));
#2428 = ORIENTED_EDGE('',*,*,#2429,.T.);
#2429 = EDGE_CURVE('',#2422,#2430,#2432,.T.);
#2430 = VERTEX_POINT('',#2431);
#2431 = CARTESIAN_POINT('',(-6.10614444824,-3.345828571429,
    18.973714285714));
#2432 = LINE('',#2433,#2434);
#2433 = CARTESIAN_POINT('',(-6.10614444824,-4.725986509834,
    18.973714285714));
#2434 = VECTOR('',#2435,1.);
#2435 = DIRECTION('',(0.,1.,0.));
#2436 = ORIENTED_EDGE('',*,*,#2437,.T.);
#2437 = EDGE_CURVE('',#2430,#2438,#2440,.T.);
#2438 = VERTEX_POINT('',#2439);
#2439 = CARTESIAN_POINT('',(-6.10614444824,-3.345828571429,
    21.837614285714));
#2440 = LINE('',#2441,#2442);
#2441 = CARTESIAN_POINT('',(-6.10614444824,-3.345828571429,
    9.418807142857));
#2442 = VECTOR('',#2443,1.);
#2443 = DIRECTION('',(0.,0.,1.));
#2444 = ORIENTED_EDGE('',*,*,#2445,.T.);
#2445 = EDGE_CURVE('',#2438,#2446,#2448,.T.);
#2446 = VERTEX_POINT('',#2447);
#2447 = CARTESIAN_POINT('',(-6.10614444824,-3.340071428571,
    21.900385714286));
#2448 = LINE('',#2449,#2450);
#2449 = CARTESIAN_POINT('',(-6.10614444824,-4.48396465233,9.428259597177
    ));
#2450 = VECTOR('',#2451,1.);
#2451 = DIRECTION('',(0.,9.133264387955E-02,0.995820439719));
#2452 = ORIENTED_EDGE('',*,*,#2453,.T.);
#2453 = EDGE_CURVE('',#2446,#2454,#2456,.T.);
#2454 = VERTEX_POINT('',#2455);
#2455 = CARTESIAN_POINT('',(-6.10614444824,-3.3345,21.946071428571));
#2456 = LINE('',#2457,#2458);
#2457 = CARTESIAN_POINT('',(-6.10614444824,-4.85361950588,9.489291480354
    ));
#2458 = VECTOR('',#2459,1.);
#2459 = DIRECTION('',(0.,0.121054375311,0.992645877551));
#2460 = ORIENTED_EDGE('',*,*,#2461,.T.);
#2461 = EDGE_CURVE('',#2454,#2462,#2464,.T.);
#2462 = VERTEX_POINT('',#2463);
#2463 = CARTESIAN_POINT('',(-6.10614444824,-3.317228571429,
    22.003085714286));
#2464 = LINE('',#2465,#2466);
#2465 = CARTESIAN_POINT('',(-6.10614444824,-6.903228462812,
    10.165430158859));
#2466 = VECTOR('',#2467,1.);
#2467 = DIRECTION('',(0.,0.289920871686,0.957050619435));
#2468 = ORIENTED_EDGE('',*,*,#2469,.T.);
#2469 = EDGE_CURVE('',#2462,#2470,#2472,.T.);
#2470 = VERTEX_POINT('',#2471);
#2471 = CARTESIAN_POINT('',(-6.10614444824,-3.294571428571,
    22.054528571429));
#2472 = LINE('',#2473,#2474);
#2473 = CARTESIAN_POINT('',(-6.10614444824,-8.143993406716,
    11.043955719411));
#2474 = VECTOR('',#2475,1.);
#2475 = DIRECTION('',(0.,0.403070745111,0.915168822915));
#2476 = ORIENTED_EDGE('',*,*,#2477,.T.);
#2477 = EDGE_CURVE('',#2470,#2478,#2480,.T.);
#2478 = VERTEX_POINT('',#2479);
#2479 = CARTESIAN_POINT('',(-6.10614444824,-3.283057142857,22.0887));
#2480 = LINE('',#2481,#2482);
#2481 = CARTESIAN_POINT('',(-6.10614444824,-7.222895832537,
    10.396275501594));
#2482 = VECTOR('',#2483,1.);
#2483 = DIRECTION('',(0.,0.319316245627,0.947648212829));
#2484 = ORIENTED_EDGE('',*,*,#2485,.T.);
#2485 = EDGE_CURVE('',#2478,#2486,#2488,.T.);
#2486 = VERTEX_POINT('',#2487);
#2487 = CARTESIAN_POINT('',(-6.10614444824,-3.260214285714,
    22.122871428571));
#2488 = LINE('',#2489,#2490);
#2489 = CARTESIAN_POINT('',(-6.10614444824,-9.503318333895,
    12.783593828041));
#2490 = VECTOR('',#2491,1.);
#2491 = DIRECTION('',(0.,0.555742429414,0.831354528555));
#2492 = ORIENTED_EDGE('',*,*,#2493,.T.);
#2493 = EDGE_CURVE('',#2486,#2494,#2496,.T.);
#2494 = VERTEX_POINT('',#2495);
#2495 = CARTESIAN_POINT('',(-6.10614444824,-3.226042857143,
    22.174314285714));
#2496 = LINE('',#2497,#2498);
#2497 = CARTESIAN_POINT('',(-6.10614444824,-9.468269063149,
    12.77704983428));
#2498 = VECTOR('',#2499,1.);
#2499 = DIRECTION('',(0.,0.553311519375,0.832974406886));
#2500 = ORIENTED_EDGE('',*,*,#2501,.T.);
#2501 = EDGE_CURVE('',#2494,#2502,#2504,.T.);
#2502 = VERTEX_POINT('',#2503);
#2503 = CARTESIAN_POINT('',(-6.10614444824,-3.180357142857,
    22.225571428571));
#2504 = LINE('',#2505,#2506);
#2505 = CARTESIAN_POINT('',(-6.10614444824,-10.09287704997,
    14.470061288881));
#2506 = VECTOR('',#2507,1.);
#2507 = DIRECTION('',(0.,0.665370524754,0.746513271676));
#2508 = ORIENTED_EDGE('',*,*,#2509,.T.);
#2509 = EDGE_CURVE('',#2502,#2510,#2512,.T.);
#2510 = VERTEX_POINT('',#2511);
#2511 = CARTESIAN_POINT('',(-6.10614444824,-3.134671428571,
    22.271257142857));
#2512 = LINE('',#2513,#2514);
#2513 = CARTESIAN_POINT('',(-6.10614444824,-10.1953539692,
    15.210574602226));
#2514 = VECTOR('',#2515,1.);
#2515 = DIRECTION('',(0.,0.707106781187,0.707106781187));
#2516 = ORIENTED_EDGE('',*,*,#2517,.T.);
#2517 = EDGE_CURVE('',#2510,#2518,#2520,.T.);
#2518 = VERTEX_POINT('',#2519);
#2519 = CARTESIAN_POINT('',(-6.10614444824,-3.077657142857,
    22.311185714286));
#2520 = LINE('',#2521,#2522);
#2521 = CARTESIAN_POINT('',(-6.10614444824,-10.04014384187,
    17.435177113994));
#2522 = VECTOR('',#2523,1.);
#2523 = DIRECTION('',(0.,0.819106553991,0.573641397746));
#2524 = ORIENTED_EDGE('',*,*,#2525,.T.);
#2525 = EDGE_CURVE('',#2518,#2526,#2528,.T.);
#2526 = VERTEX_POINT('',#2527);
#2527 = CARTESIAN_POINT('',(-6.10614444824,-3.043485714286,
    22.328271428571));
#2528 = LINE('',#2529,#2530);
#2529 = CARTESIAN_POINT('',(-6.10614444824,-9.334203493582,
    19.182912538923));
#2530 = VECTOR('',#2531,1.);
#2531 = DIRECTION('',(0.,0.894427191,0.4472135955));
#2532 = ORIENTED_EDGE('',*,*,#2533,.T.);
#2533 = EDGE_CURVE('',#2526,#2534,#2536,.T.);
#2534 = VERTEX_POINT('',#2535);
#2535 = CARTESIAN_POINT('',(-6.10614444824,-3.009314285714,
    22.345542857143));
#2536 = LINE('',#2537,#2538);
#2537 = CARTESIAN_POINT('',(-6.10614444824,-9.344559684537,
    19.143489476216));
#2538 = VECTOR('',#2539,1.);
#2539 = DIRECTION('',(0.,0.892478602936,0.451089728658));
#2540 = ORIENTED_EDGE('',*,*,#2541,.T.);
#2541 = EDGE_CURVE('',#2534,#2542,#2544,.T.);
#2542 = VERTEX_POINT('',#2543);
#2543 = CARTESIAN_POINT('',(-6.10614444824,-2.952114285714,22.3682));
#2544 = LINE('',#2545,#2546);
#2545 = CARTESIAN_POINT('',(-6.10614444824,-8.658092529226,
    20.108039786661));
#2546 = VECTOR('',#2547,1.);
#2547 = DIRECTION('',(0.,0.929720504504,0.368265914122));
#2548 = ORIENTED_EDGE('',*,*,#2549,.T.);
#2549 = EDGE_CURVE('',#2542,#2550,#2552,.T.);
#2550 = VERTEX_POINT('',#2551);
#2551 = CARTESIAN_POINT('',(-6.10614444824,-2.912185714286,
    22.379714285714));
#2552 = LINE('',#2553,#2554);
#2553 = CARTESIAN_POINT('',(-6.10614444824,-7.765012152857,
    20.980294568545));
#2554 = VECTOR('',#2555,1.);
#2555 = DIRECTION('',(0.,0.960846474829,0.27708130902));
#2556 = ORIENTED_EDGE('',*,*,#2557,.T.);
#2557 = EDGE_CURVE('',#2550,#2558,#2560,.T.);
#2558 = VERTEX_POINT('',#2559);
#2559 = CARTESIAN_POINT('',(-6.10614444824,-2.878014285714,
    22.385471428571));
#2560 = LINE('',#2561,#2562);
#2561 = CARTESIAN_POINT('',(-6.10614444824,-6.526954513348,
    21.770704325003));
#2562 = VECTOR('',#2563,1.);
#2563 = DIRECTION('',(0.,0.98610270304,0.166136868447));
#2564 = ORIENTED_EDGE('',*,*,#2565,.T.);
#2565 = EDGE_CURVE('',#2558,#2566,#2568,.T.);
#2566 = VERTEX_POINT('',#2567);
#2567 = CARTESIAN_POINT('',(-6.10614444824,-2.832328571429,
    22.391042857143));
#2568 = LINE('',#2569,#2570);
#2569 = CARTESIAN_POINT('',(-6.10614444824,-5.970795240431,
    22.00830301946));
#2570 = VECTOR('',#2571,1.);
#2571 = DIRECTION('',(0.,0.992645877551,0.121054375311));
#2572 = ORIENTED_EDGE('',*,*,#2573,.T.);
#2573 = EDGE_CURVE('',#2566,#2574,#2576,.T.);
#2574 = VERTEX_POINT('',#2575);
#2575 = CARTESIAN_POINT('',(-6.10614444824,-2.775314285714,22.3968));
#2576 = LINE('',#2577,#2578);
#2577 = CARTESIAN_POINT('',(-6.10614444824,-5.69322604702,
    22.102157444298));
#2578 = VECTOR('',#2579,1.);
#2579 = DIRECTION('',(0.,0.994940461748,0.100466300698));
#2580 = ORIENTED_EDGE('',*,*,#2581,.T.);
#2581 = EDGE_CURVE('',#2574,#2582,#2584,.T.);
#2582 = VERTEX_POINT('',#2583);
#2583 = CARTESIAN_POINT('',(-6.10614444824,-2.347428571429,22.3968));
#2584 = LINE('',#2585,#2586);
#2585 = CARTESIAN_POINT('',(-6.10614444824,-4.226786509834,22.3968));
#2586 = VECTOR('',#2587,1.);
#2587 = DIRECTION('',(0.,1.,0.));
#2588 = ORIENTED_EDGE('',*,*,#2589,.T.);
#2589 = EDGE_CURVE('',#2582,#2590,#2592,.T.);
#2590 = VERTEX_POINT('',#2591);
#2591 = CARTESIAN_POINT('',(-6.10614444824,-2.301742857143,
    22.391042857143));
#2592 = LINE('',#2593,#2594);
#2593 = CARTESIAN_POINT('',(-6.10614444824,-2.599375092436,
    22.428549358338));
#2594 = VECTOR('',#2595,1.);
#2595 = DIRECTION('',(-0.,0.992153283358,-0.125027446277));
#2596 = ORIENTED_EDGE('',*,*,#2597,.T.);
#2597 = EDGE_CURVE('',#2590,#2598,#2600,.T.);
#2598 = VERTEX_POINT('',#2599);
#2599 = CARTESIAN_POINT('',(-6.10614444824,-2.273328571429,
    22.385471428571));
#2600 = LINE('',#2601,#2602);
#2601 = CARTESIAN_POINT('',(-6.10614444824,-1.722155610861,
    22.277398299048));
#2602 = VECTOR('',#2603,1.);
#2603 = DIRECTION('',(-0.,0.981313749677,-0.192414460721));
#2604 = ORIENTED_EDGE('',*,*,#2605,.T.);
#2605 = EDGE_CURVE('',#2598,#2606,#2608,.T.);
#2606 = VERTEX_POINT('',#2607);
#2607 = CARTESIAN_POINT('',(-6.10614444824,-2.244728571429,
    22.379714285714));
#2608 = LINE('',#2609,#2610);
#2609 = CARTESIAN_POINT('',(-6.10614444824,-1.645275293771,
    22.259045119432));
#2610 = VECTOR('',#2611,1.);
#2611 = DIRECTION('',(-0.,0.980335072596,-0.197340176951));
#2612 = ORIENTED_EDGE('',*,*,#2613,.T.);
#2613 = EDGE_CURVE('',#2606,#2614,#2616,.T.);
#2614 = VERTEX_POINT('',#2615);
#2615 = CARTESIAN_POINT('',(-6.10614444824,-2.221885714286,22.3682));
#2616 = LINE('',#2617,#2618);
#2617 = CARTESIAN_POINT('',(-6.10614444824,1.327709574124,
    20.578973106655));
#2618 = VECTOR('',#2619,1.);
#2619 = DIRECTION('',(-0.,0.892970492237,-0.450115207469));
#2620 = ORIENTED_EDGE('',*,*,#2621,.T.);
#2621 = EDGE_CURVE('',#2614,#2622,#2624,.T.);
#2622 = VERTEX_POINT('',#2623);
#2623 = CARTESIAN_POINT('',(-6.10614444824,-2.193471428571,
    22.351114285714));
#2624 = LINE('',#2625,#2626);
#2625 = CARTESIAN_POINT('',(-6.10614444824,1.967582158607,
    19.849042847672));
#2626 = VECTOR('',#2627,1.);
#2627 = DIRECTION('',(-0.,0.856998298068,-0.515319238054));
#2628 = ORIENTED_EDGE('',*,*,#2629,.T.);
#2629 = EDGE_CURVE('',#2622,#2630,#2632,.T.);
#2630 = VERTEX_POINT('',#2631);
#2631 = CARTESIAN_POINT('',(-6.10614444824,-2.147785714286,
    22.316942857143));
#2632 = LINE('',#2633,#2634);
#2633 = CARTESIAN_POINT('',(-6.10614444824,2.654497083269,18.72499149637
    ));
#2634 = VECTOR('',#2635,1.);
#2635 = DIRECTION('',(-0.,0.80078057117,-0.598957825591));
#2636 = ORIENTED_EDGE('',*,*,#2637,.T.);
#2637 = EDGE_CURVE('',#2630,#2638,#2640,.T.);
#2638 = VERTEX_POINT('',#2639);
#2639 = CARTESIAN_POINT('',(-6.10614444824,-2.124942857143,
    22.288342857143));
#2640 = LINE('',#2641,#2642);
#2641 = CARTESIAN_POINT('',(-6.10614444824,3.265457342732,
    15.539386509332));
#2642 = VECTOR('',#2643,1.);
#2643 = DIRECTION('',(-0.,0.62407609663,-0.781363568139));
#2644 = ORIENTED_EDGE('',*,*,#2645,.T.);
#2645 = EDGE_CURVE('',#2638,#2646,#2648,.T.);
#2646 = VERTEX_POINT('',#2647);
#2647 = CARTESIAN_POINT('',(-6.10614444824,-2.107857142857,
    22.271257142857));
#2648 = LINE('',#2649,#2650);
#2649 = CARTESIAN_POINT('',(-6.10614444824,3.210385316511,
    16.953014683489));
#2650 = VECTOR('',#2651,1.);
#2651 = DIRECTION('',(-0.,0.707106781187,-0.707106781187));
#2652 = ORIENTED_EDGE('',*,*,#2653,.T.);
#2653 = EDGE_CURVE('',#2646,#2654,#2656,.T.);
#2654 = VERTEX_POINT('',#2655);
#2655 = CARTESIAN_POINT('',(-6.10614444824,-2.096342857143,
    22.242842857143));
#2656 = LINE('',#2657,#2658);
#2657 = CARTESIAN_POINT('',(-6.10614444824,2.014029029011,
    12.099505783248));
#2658 = VECTOR('',#2659,1.);
#2659 = DIRECTION('',(-0.,0.375564497639,-0.926796260304));
#2660 = ORIENTED_EDGE('',*,*,#2661,.T.);
#2661 = EDGE_CURVE('',#2654,#2662,#2664,.T.);
#2662 = VERTEX_POINT('',#2663);
#2663 = CARTESIAN_POINT('',(-6.10614444824,-2.085014285714,22.22));
#2664 = LINE('',#2665,#2666);
#2665 = CARTESIAN_POINT('',(-6.10614444824,2.537347376494,
    12.899500254892));
#2666 = VECTOR('',#2667,1.);
#2667 = DIRECTION('',(-0.,0.444297794845,-0.895879160097));
#2668 = ORIENTED_EDGE('',*,*,#2669,.T.);
#2669 = EDGE_CURVE('',#2662,#2670,#2672,.T.);
#2670 = VERTEX_POINT('',#2671);
#2671 = CARTESIAN_POINT('',(-6.10614444824,-2.0735,22.1914));
#2672 = LINE('',#2673,#2674);
#2673 = CARTESIAN_POINT('',(-6.10614444824,2.008974636084,
    12.051059774887));
#2674 = VECTOR('',#2675,1.);
#2675 = DIRECTION('',(-0.,0.373466870858,-0.927643517938));
#2676 = ORIENTED_EDGE('',*,*,#2677,.T.);
#2677 = EDGE_CURVE('',#2670,#2678,#2680,.T.);
#2678 = VERTEX_POINT('',#2679);
#2679 = CARTESIAN_POINT('',(-6.10614444824,-2.067928571429,22.1628));
#2680 = LINE('',#2681,#2682);
#2681 = CARTESIAN_POINT('',(-6.10614444824,0.219562119806,
    10.420347784995));
#2682 = VECTOR('',#2683,1.);
#2683 = DIRECTION('',(-0.,0.191210841639,-0.981548987081));
#2684 = ORIENTED_EDGE('',*,*,#2685,.T.);
#2685 = EDGE_CURVE('',#2678,#2686,#2688,.T.);
#2686 = VERTEX_POINT('',#2687);
#2687 = CARTESIAN_POINT('',(-6.10614444824,-2.062171428571,
    22.140142857143));
#2688 = LINE('',#2689,#2690);
#2689 = CARTESIAN_POINT('',(-6.10614444824,0.815511190987,
    10.815069322106));
#2690 = VECTOR('',#2691,1.);
#2691 = DIRECTION('',(-0.,0.246272303221,-0.96920067719));
#2692 = ORIENTED_EDGE('',*,*,#2693,.T.);
#2693 = EDGE_CURVE('',#2686,#2694,#2696,.T.);
#2694 = VERTEX_POINT('',#2695);
#2695 = CARTESIAN_POINT('',(-6.10614444824,-2.062171428571,
    22.082942857143));
#2696 = LINE('',#2697,#2698);
#2697 = CARTESIAN_POINT('',(-6.10614444824,-2.062171428571,
    9.541471428571));
#2698 = VECTOR('',#2699,1.);
#2699 = DIRECTION('',(0.,-0.,-1.));
#2700 = ORIENTED_EDGE('',*,*,#2701,.T.);
#2701 = EDGE_CURVE('',#2694,#2702,#2704,.T.);
#2702 = VERTEX_POINT('',#2703);
#2703 = CARTESIAN_POINT('',(-6.10614444824,-2.067928571429,
    22.054528571429));
#2704 = LINE('',#2705,#2706);
#2705 = CARTESIAN_POINT('',(-6.10614444824,-4.585662557311,
    9.628293092719));
#2706 = VECTOR('',#2707,1.);
#2707 = DIRECTION('',(0.,-0.198579278868,-0.980084827963));
#2708 = ORIENTED_EDGE('',*,*,#2709,.T.);
#2709 = EDGE_CURVE('',#2702,#2710,#2712,.T.);
#2710 = VERTEX_POINT('',#2711);
#2711 = CARTESIAN_POINT('',(-6.10614444824,-2.0735,22.025928571429));
#2712 = LINE('',#2713,#2714);
#2713 = CARTESIAN_POINT('',(-6.10614444824,-4.495688210989,
    9.592029088351));
#2714 = VECTOR('',#2715,1.);
#2715 = DIRECTION('',(0.,-0.191210841639,-0.981548987081));
#2716 = ORIENTED_EDGE('',*,*,#2717,.T.);
#2717 = EDGE_CURVE('',#2710,#2718,#2720,.T.);
#2718 = VERTEX_POINT('',#2719);
#2719 = CARTESIAN_POINT('',(-6.10614444824,-2.085014285714,
    22.003085714286));
#2720 = LINE('',#2721,#2722);
#2721 = CARTESIAN_POINT('',(-6.10614444824,-7.517227325347,
    11.22627597437));
#2722 = VECTOR('',#2723,1.);
#2723 = DIRECTION('',(0.,-0.450115207469,-0.892970492237));
#2724 = ORIENTED_EDGE('',*,*,#2725,.T.);
#2725 = EDGE_CURVE('',#2718,#2726,#2728,.T.);
#2726 = VERTEX_POINT('',#2727);
#2727 = CARTESIAN_POINT('',(-6.10614444824,-2.096342857143,
    21.974671428571));
#2728 = LINE('',#2729,#2730);
#2729 = CARTESIAN_POINT('',(-6.10614444824,-6.667096269663,
    10.510322705366));
#2730 = VECTOR('',#2731,1.);
#2731 = DIRECTION('',(0.,-0.370343680353,-0.92889480482));
#2732 = ORIENTED_EDGE('',*,*,#2733,.T.);
#2733 = EDGE_CURVE('',#2726,#2734,#2736,.T.);
#2734 = VERTEX_POINT('',#2735);
#2735 = CARTESIAN_POINT('',(-6.10614444824,-2.113428571429,
    21.951828571429));
#2736 = LINE('',#2737,#2738);
#2737 = CARTESIAN_POINT('',(-6.10614444824,-8.81349298239,
    12.994133761122));
#2738 = VECTOR('',#2739,1.);
#2739 = DIRECTION('',(0.,-0.598957825591,-0.80078057117));
#2740 = ORIENTED_EDGE('',*,*,#2741,.T.);
#2741 = EDGE_CURVE('',#2734,#2742,#2744,.T.);
#2742 = VERTEX_POINT('',#2743);
#2743 = CARTESIAN_POINT('',(-6.10614444824,-2.1307,21.928985714286));
#2744 = LINE('',#2745,#2746);
#2745 = CARTESIAN_POINT('',(-6.10614444824,-8.850068462834,
    13.042079037634));
#2746 = VECTOR('',#2747,1.);
#2747 = DIRECTION('',(0.,-0.603108274872,-0.797659331282));
#2748 = ORIENTED_EDGE('',*,*,#2749,.T.);
#2749 = EDGE_CURVE('',#2742,#2750,#2752,.T.);
#2750 = VERTEX_POINT('',#2751);
#2751 = CARTESIAN_POINT('',(-6.10614444824,-2.147785714286,
    21.906142857143));
#2752 = LINE('',#2753,#2754);
#2753 = CARTESIAN_POINT('',(-6.10614444824,-8.830731098417,
    12.971335441402));
#2754 = VECTOR('',#2755,1.);
#2755 = DIRECTION('',(0.,-0.598957825591,-0.80078057117));
#2756 = ORIENTED_EDGE('',*,*,#2757,.T.);
#2757 = EDGE_CURVE('',#2750,#2758,#2760,.T.);
#2758 = VERTEX_POINT('',#2759);
#2759 = CARTESIAN_POINT('',(-6.10614444824,-2.170628571429,
    21.889057142857));
#2760 = LINE('',#2761,#2762);
#2761 = CARTESIAN_POINT('',(-6.10614444824,-9.40126881067,
    16.480773386676));
#2762 = VECTOR('',#2763,1.);
#2763 = DIRECTION('',(0.,-0.80078057117,-0.598957825591));
#2764 = ORIENTED_EDGE('',*,*,#2765,.T.);
#2765 = EDGE_CURVE('',#2758,#2766,#2768,.T.);
#2766 = VERTEX_POINT('',#2767);
#2767 = CARTESIAN_POINT('',(-6.10614444824,-2.187714285714,
    21.871971428571));
#2768 = LINE('',#2769,#2770);
#2769 = CARTESIAN_POINT('',(-6.10614444824,-9.385314683489,
    14.674371030797));
#2770 = VECTOR('',#2771,1.);
#2771 = DIRECTION('',(0.,-0.707106781187,-0.707106781187));
#2772 = ORIENTED_EDGE('',*,*,#2773,.T.);
#2773 = EDGE_CURVE('',#2766,#2774,#2776,.T.);
#2774 = VERTEX_POINT('',#2775);
#2775 = CARTESIAN_POINT('',(-6.10614444824,-2.221885714286,
    21.854885714286));
#2776 = LINE('',#2777,#2778);
#2777 = CARTESIAN_POINT('',(-6.10614444824,-8.746566350725,
    18.592545396066));
#2778 = VECTOR('',#2779,1.);
#2779 = DIRECTION('',(0.,-0.894427191,-0.4472135955));
#2780 = ORIENTED_EDGE('',*,*,#2781,.T.);
#2781 = EDGE_CURVE('',#2774,#2782,#2784,.T.);
#2782 = VERTEX_POINT('',#2783);
#2783 = CARTESIAN_POINT('',(-6.10614444824,-2.250485714286,
    21.843371428571));
#2784 = LINE('',#2785,#2786);
#2785 = CARTESIAN_POINT('',(-6.10614444824,-8.212846253735,
    19.44294056204));
#2786 = VECTOR('',#2787,1.);
#2787 = DIRECTION('',(0.,-0.927643517938,-0.373466870858));
#2788 = ORIENTED_EDGE('',*,*,#2789,.T.);
#2789 = EDGE_CURVE('',#2782,#2132,#2790,.T.);
#2790 = LINE('',#2791,#2792);
#2791 = CARTESIAN_POINT('',(-6.10614444824,-7.316386023533,
    20.406069480366));
#2792 = VECTOR('',#2793,1.);
#2793 = DIRECTION('',(0.,-0.962028866252,-0.272947724844));
#2794 = PLANE('',#2795);
#2795 = AXIS2_PLACEMENT_3D('',#2796,#2797,#2798);
#2796 = CARTESIAN_POINT('',(-6.10614444824,-6.10614444824,-3.));
#2797 = DIRECTION('',(1.,0.,-0.));
#2798 = DIRECTION('',(0.,0.,1.));
#2799 = ADVANCED_FACE('',(#2800),#2848,.F.);
#2800 = FACE_BOUND('',#2801,.F.);
#2801 = EDGE_LOOP('',(#2802,#2812,#2818,#2819,#2827,#2835,#2841,#2842));
#2802 = ORIENTED_EDGE('',*,*,#2803,.F.);
#2803 = EDGE_CURVE('',#2804,#2806,#2808,.T.);
#2804 = VERTEX_POINT('',#2805);
#2805 = CARTESIAN_POINT('',(6.10614444824,-6.10614444824,-3.));
#2806 = VERTEX_POINT('',#2807);
#2807 = CARTESIAN_POINT('',(6.10614444824,-6.10614444824,40.8));
#2808 = LINE('',#2809,#2810);
#2809 = CARTESIAN_POINT('',(6.10614444824,-6.10614444824,-3.));
#2810 = VECTOR('',#2811,1.);
#2811 = DIRECTION('',(0.,0.,1.));
#2812 = ORIENTED_EDGE('',*,*,#2813,.F.);
#2813 = EDGE_CURVE('',#22,#2804,#2814,.T.);
#2814 = LINE('',#2815,#2816);
#2815 = CARTESIAN_POINT('',(-6.10614444824,-6.10614444824,-3.));
#2816 = VECTOR('',#2817,1.);
#2817 = DIRECTION('',(1.,0.,-0.));
#2818 = ORIENTED_EDGE('',*,*,#21,.T.);
#2819 = ORIENTED_EDGE('',*,*,#2820,.T.);
#2820 = EDGE_CURVE('',#24,#2821,#2823,.T.);
#2821 = VERTEX_POINT('',#2822);
#2822 = CARTESIAN_POINT('',(-5.60614444824,-6.10614444824,
    18.432353563185));
#2823 = LINE('',#2824,#2825);
#2824 = CARTESIAN_POINT('',(-6.15614444824,-6.10614444824,
    18.432353563185));
#2825 = VECTOR('',#2826,1.);
#2826 = DIRECTION('',(1.,0.,0.));
#2827 = ORIENTED_EDGE('',*,*,#2828,.T.);
#2828 = EDGE_CURVE('',#2821,#2829,#2831,.T.);
#2829 = VERTEX_POINT('',#2830);
#2830 = CARTESIAN_POINT('',(-5.60614444824,-6.10614444824,
    22.361482267106));
#2831 = LINE('',#2832,#2833);
#2832 = CARTESIAN_POINT('',(-5.60614444824,-6.10614444824,8.727360430581
    ));
#2833 = VECTOR('',#2834,1.);
#2834 = DIRECTION('',(0.,0.,1.));
#2835 = ORIENTED_EDGE('',*,*,#2836,.T.);
#2836 = EDGE_CURVE('',#2829,#360,#2837,.T.);
#2837 = LINE('',#2838,#2839);
#2838 = CARTESIAN_POINT('',(-6.15614444824,-6.10614444824,
    22.361482267106));
#2839 = VECTOR('',#2840,1.);
#2840 = DIRECTION('',(-1.,0.,-0.));
#2841 = ORIENTED_EDGE('',*,*,#359,.T.);
#2842 = ORIENTED_EDGE('',*,*,#2843,.T.);
#2843 = EDGE_CURVE('',#352,#2806,#2844,.T.);
#2844 = LINE('',#2845,#2846);
#2845 = CARTESIAN_POINT('',(-6.10614444824,-6.10614444824,40.8));
#2846 = VECTOR('',#2847,1.);
#2847 = DIRECTION('',(1.,0.,-0.));
#2848 = PLANE('',#2849);
#2849 = AXIS2_PLACEMENT_3D('',#2850,#2851,#2852);
#2850 = CARTESIAN_POINT('',(-6.10614444824,-6.10614444824,-3.));
#2851 = DIRECTION('',(-0.,1.,0.));
#2852 = DIRECTION('',(0.,0.,1.));
#2853 = ADVANCED_FACE('',(#2854),#2872,.T.);
#2854 = FACE_BOUND('',#2855,.T.);
#2855 = EDGE_LOOP('',(#2856,#2857,#2865,#2871));
#2856 = ORIENTED_EDGE('',*,*,#2820,.T.);
#2857 = ORIENTED_EDGE('',*,*,#2858,.T.);
#2858 = EDGE_CURVE('',#2821,#2859,#2861,.T.);
#2859 = VERTEX_POINT('',#2860);
#2860 = CARTESIAN_POINT('',(-5.60614444824,-6.089942857143,
    18.426228571429));
#2861 = LINE('',#2862,#2863);
#2862 = CARTESIAN_POINT('',(-5.60614444824,-6.135628571429,18.4435));
#2863 = VECTOR('',#2864,1.);
#2864 = DIRECTION('',(-0.,0.93538826358,-0.353622392329));
#2865 = ORIENTED_EDGE('',*,*,#2866,.F.);
#2866 = EDGE_CURVE('',#936,#2859,#2867,.T.);
#2867 = LINE('',#2868,#2869);
#2868 = CARTESIAN_POINT('',(-6.20614444824,-6.089942857143,
    18.426228571429));
#2869 = VECTOR('',#2870,1.);
#2870 = DIRECTION('',(1.,0.,0.));
#2871 = ORIENTED_EDGE('',*,*,#943,.T.);
#2872 = PLANE('',#2873);
#2873 = AXIS2_PLACEMENT_3D('',#2874,#2875,#2876);
#2874 = CARTESIAN_POINT('',(-6.20614444824,-6.135628571429,18.4435));
#2875 = DIRECTION('',(-0.,0.353622392329,0.93538826358));
#2876 = DIRECTION('',(0.,0.93538826358,-0.353622392329));
#2877 = ADVANCED_FACE('',(#2878),#2896,.T.);
#2878 = FACE_BOUND('',#2879,.T.);
#2879 = EDGE_LOOP('',(#2880,#2881,#2882,#2890));
#2880 = ORIENTED_EDGE('',*,*,#935,.T.);
#2881 = ORIENTED_EDGE('',*,*,#2866,.T.);
#2882 = ORIENTED_EDGE('',*,*,#2883,.T.);
#2883 = EDGE_CURVE('',#2859,#2884,#2886,.T.);
#2884 = VERTEX_POINT('',#2885);
#2885 = CARTESIAN_POINT('',(-5.60614444824,-6.044442857143,
    18.414714285714));
#2886 = LINE('',#2887,#2888);
#2887 = CARTESIAN_POINT('',(-5.60614444824,-6.089942857143,
    18.426228571429));
#2888 = VECTOR('',#2889,1.);
#2889 = DIRECTION('',(-0.,0.969440203112,-0.245327724869));
#2890 = ORIENTED_EDGE('',*,*,#2891,.F.);
#2891 = EDGE_CURVE('',#928,#2884,#2892,.T.);
#2892 = LINE('',#2893,#2894);
#2893 = CARTESIAN_POINT('',(-6.20614444824,-6.044442857143,
    18.414714285714));
#2894 = VECTOR('',#2895,1.);
#2895 = DIRECTION('',(1.,0.,0.));
#2896 = PLANE('',#2897);
#2897 = AXIS2_PLACEMENT_3D('',#2898,#2899,#2900);
#2898 = CARTESIAN_POINT('',(-6.20614444824,-6.089942857143,
    18.426228571429));
#2899 = DIRECTION('',(-0.,0.245327724869,0.969440203112));
#2900 = DIRECTION('',(0.,0.969440203112,-0.245327724869));
#2901 = ADVANCED_FACE('',(#2902),#2920,.T.);
#2902 = FACE_BOUND('',#2903,.T.);
#2903 = EDGE_LOOP('',(#2904,#2905,#2906,#2914));
#2904 = ORIENTED_EDGE('',*,*,#927,.T.);
#2905 = ORIENTED_EDGE('',*,*,#2891,.T.);
#2906 = ORIENTED_EDGE('',*,*,#2907,.T.);
#2907 = EDGE_CURVE('',#2884,#2908,#2910,.T.);
#2908 = VERTEX_POINT('',#2909);
#2909 = CARTESIAN_POINT('',(-5.60614444824,-5.998757142857,18.4032));
#2910 = LINE('',#2911,#2912);
#2911 = CARTESIAN_POINT('',(-5.60614444824,-6.044442857143,
    18.414714285714));
#2912 = VECTOR('',#2913,1.);
#2913 = DIRECTION('',(-0.,0.969676988372,-0.244390135281));
#2914 = ORIENTED_EDGE('',*,*,#2915,.F.);
#2915 = EDGE_CURVE('',#920,#2908,#2916,.T.);
#2916 = LINE('',#2917,#2918);
#2917 = CARTESIAN_POINT('',(-6.20614444824,-5.998757142857,18.4032));
#2918 = VECTOR('',#2919,1.);
#2919 = DIRECTION('',(1.,0.,0.));
#2920 = PLANE('',#2921);
#2921 = AXIS2_PLACEMENT_3D('',#2922,#2923,#2924);
#2922 = CARTESIAN_POINT('',(-6.20614444824,-6.044442857143,
    18.414714285714));
#2923 = DIRECTION('',(-0.,0.244390135281,0.969676988372));
#2924 = DIRECTION('',(0.,0.969676988372,-0.244390135281));
#2925 = ADVANCED_FACE('',(#2926),#2951,.T.);
#2926 = FACE_BOUND('',#2927,.T.);
#2927 = EDGE_LOOP('',(#2928,#2929,#2937,#2945));
#2928 = ORIENTED_EDGE('',*,*,#911,.T.);
#2929 = ORIENTED_EDGE('',*,*,#2930,.T.);
#2930 = EDGE_CURVE('',#912,#2931,#2933,.T.);
#2931 = VERTEX_POINT('',#2932);
#2932 = CARTESIAN_POINT('',(-5.60614444824,-4.737942857143,18.4032));
#2933 = LINE('',#2934,#2935);
#2934 = CARTESIAN_POINT('',(-6.20614444824,-4.737942857143,18.4032));
#2935 = VECTOR('',#2936,1.);
#2936 = DIRECTION('',(1.,0.,0.));
#2937 = ORIENTED_EDGE('',*,*,#2938,.T.);
#2938 = EDGE_CURVE('',#2931,#2939,#2941,.T.);
#2939 = VERTEX_POINT('',#2940);
#2940 = CARTESIAN_POINT('',(-5.60614444824,-4.692257142857,
    18.414528571429));
#2941 = LINE('',#2942,#2943);
#2942 = CARTESIAN_POINT('',(-5.60614444824,-4.737942857143,18.4032));
#2943 = VECTOR('',#2944,1.);
#2944 = DIRECTION('',(0.,0.970604905537,0.240678452186));
#2945 = ORIENTED_EDGE('',*,*,#2946,.F.);
#2946 = EDGE_CURVE('',#904,#2939,#2947,.T.);
#2947 = LINE('',#2948,#2949);
#2948 = CARTESIAN_POINT('',(-6.20614444824,-4.692257142857,
    18.414528571429));
#2949 = VECTOR('',#2950,1.);
#2950 = DIRECTION('',(1.,0.,0.));
#2951 = PLANE('',#2952);
#2952 = AXIS2_PLACEMENT_3D('',#2953,#2954,#2955);
#2953 = CARTESIAN_POINT('',(-6.20614444824,-4.737942857143,18.4032));
#2954 = DIRECTION('',(0.,-0.240678452186,0.970604905537));
#2955 = DIRECTION('',(0.,0.970604905537,0.240678452186));
#2956 = ADVANCED_FACE('',(#2957),#2975,.T.);
#2957 = FACE_BOUND('',#2958,.T.);
#2958 = EDGE_LOOP('',(#2959,#2960,#2961,#2969));
#2959 = ORIENTED_EDGE('',*,*,#903,.T.);
#2960 = ORIENTED_EDGE('',*,*,#2946,.T.);
#2961 = ORIENTED_EDGE('',*,*,#2962,.T.);
#2962 = EDGE_CURVE('',#2939,#2963,#2965,.T.);
#2963 = VERTEX_POINT('',#2964);
#2964 = CARTESIAN_POINT('',(-5.60614444824,-4.652328571429,
    18.426042857143));
#2965 = LINE('',#2966,#2967);
#2966 = CARTESIAN_POINT('',(-5.60614444824,-4.692257142857,
    18.414528571429));
#2967 = VECTOR('',#2968,1.);
#2968 = DIRECTION('',(0.,0.960846474829,0.27708130902));
#2969 = ORIENTED_EDGE('',*,*,#2970,.F.);
#2970 = EDGE_CURVE('',#896,#2963,#2971,.T.);
#2971 = LINE('',#2972,#2973);
#2972 = CARTESIAN_POINT('',(-6.20614444824,-4.652328571429,
    18.426042857143));
#2973 = VECTOR('',#2974,1.);
#2974 = DIRECTION('',(1.,0.,0.));
#2975 = PLANE('',#2976);
#2976 = AXIS2_PLACEMENT_3D('',#2977,#2978,#2979);
#2977 = CARTESIAN_POINT('',(-6.20614444824,-4.692257142857,
    18.414528571429));
#2978 = DIRECTION('',(0.,-0.27708130902,0.960846474829));
#2979 = DIRECTION('',(0.,0.960846474829,0.27708130902));
#2980 = ADVANCED_FACE('',(#2981),#2999,.T.);
#2981 = FACE_BOUND('',#2982,.T.);
#2982 = EDGE_LOOP('',(#2983,#2984,#2985,#2993));
#2983 = ORIENTED_EDGE('',*,*,#895,.T.);
#2984 = ORIENTED_EDGE('',*,*,#2970,.T.);
#2985 = ORIENTED_EDGE('',*,*,#2986,.T.);
#2986 = EDGE_CURVE('',#2963,#2987,#2989,.T.);
#2987 = VERTEX_POINT('',#2988);
#2988 = CARTESIAN_POINT('',(-5.60614444824,-4.618157142857,
    18.448885714286));
#2989 = LINE('',#2990,#2991);
#2990 = CARTESIAN_POINT('',(-5.60614444824,-4.652328571429,
    18.426042857143));
#2991 = VECTOR('',#2992,1.);
#2992 = DIRECTION('',(0.,0.831354528555,0.555742429414));
#2993 = ORIENTED_EDGE('',*,*,#2994,.F.);
#2994 = EDGE_CURVE('',#888,#2987,#2995,.T.);
#2995 = LINE('',#2996,#2997);
#2996 = CARTESIAN_POINT('',(-6.20614444824,-4.618157142857,
    18.448885714286));
#2997 = VECTOR('',#2998,1.);
#2998 = DIRECTION('',(1.,0.,0.));
#2999 = PLANE('',#3000);
#3000 = AXIS2_PLACEMENT_3D('',#3001,#3002,#3003);
#3001 = CARTESIAN_POINT('',(-6.20614444824,-4.652328571429,
    18.426042857143));
#3002 = DIRECTION('',(0.,-0.555742429414,0.831354528555));
#3003 = DIRECTION('',(0.,0.831354528555,0.555742429414));
#3004 = ADVANCED_FACE('',(#3005),#3023,.T.);
#3005 = FACE_BOUND('',#3006,.T.);
#3006 = EDGE_LOOP('',(#3007,#3008,#3009,#3017));
#3007 = ORIENTED_EDGE('',*,*,#887,.T.);
#3008 = ORIENTED_EDGE('',*,*,#2994,.T.);
#3009 = ORIENTED_EDGE('',*,*,#3010,.T.);
#3010 = EDGE_CURVE('',#2987,#3011,#3013,.T.);
#3011 = VERTEX_POINT('',#3012);
#3012 = CARTESIAN_POINT('',(-5.60614444824,-4.589557142857,
    18.471728571429));
#3013 = LINE('',#3014,#3015);
#3014 = CARTESIAN_POINT('',(-5.60614444824,-4.618157142857,
    18.448885714286));
#3015 = VECTOR('',#3016,1.);
#3016 = DIRECTION('',(0.,0.781363568139,0.62407609663));
#3017 = ORIENTED_EDGE('',*,*,#3018,.F.);
#3018 = EDGE_CURVE('',#880,#3011,#3019,.T.);
#3019 = LINE('',#3020,#3021);
#3020 = CARTESIAN_POINT('',(-6.20614444824,-4.589557142857,
    18.471728571429));
#3021 = VECTOR('',#3022,1.);
#3022 = DIRECTION('',(1.,0.,0.));
#3023 = PLANE('',#3024);
#3024 = AXIS2_PLACEMENT_3D('',#3025,#3026,#3027);
#3025 = CARTESIAN_POINT('',(-6.20614444824,-4.618157142857,
    18.448885714286));
#3026 = DIRECTION('',(0.,-0.62407609663,0.781363568139));
#3027 = DIRECTION('',(0.,0.781363568139,0.62407609663));
#3028 = ADVANCED_FACE('',(#3029),#3047,.T.);
#3029 = FACE_BOUND('',#3030,.T.);
#3030 = EDGE_LOOP('',(#3031,#3032,#3033,#3041));
#3031 = ORIENTED_EDGE('',*,*,#879,.T.);
#3032 = ORIENTED_EDGE('',*,*,#3018,.T.);
#3033 = ORIENTED_EDGE('',*,*,#3034,.T.);
#3034 = EDGE_CURVE('',#3011,#3035,#3037,.T.);
#3035 = VERTEX_POINT('',#3036);
#3036 = CARTESIAN_POINT('',(-5.60614444824,-4.560957142857,
    18.500142857143));
#3037 = LINE('',#3038,#3039);
#3038 = CARTESIAN_POINT('',(-5.60614444824,-4.589557142857,
    18.471728571429));
#3039 = VECTOR('',#3040,1.);
#3040 = DIRECTION('',(0.,0.709406297146,0.704799762748));
#3041 = ORIENTED_EDGE('',*,*,#3042,.F.);
#3042 = EDGE_CURVE('',#872,#3035,#3043,.T.);
#3043 = LINE('',#3044,#3045);
#3044 = CARTESIAN_POINT('',(-6.20614444824,-4.560957142857,
    18.500142857143));
#3045 = VECTOR('',#3046,1.);
#3046 = DIRECTION('',(1.,0.,0.));
#3047 = PLANE('',#3048);
#3048 = AXIS2_PLACEMENT_3D('',#3049,#3050,#3051);
#3049 = CARTESIAN_POINT('',(-6.20614444824,-4.589557142857,
    18.471728571429));
#3050 = DIRECTION('',(0.,-0.704799762748,0.709406297146));
#3051 = DIRECTION('',(0.,0.709406297146,0.704799762748));
#3052 = ADVANCED_FACE('',(#3053),#3071,.T.);
#3053 = FACE_BOUND('',#3054,.T.);
#3054 = EDGE_LOOP('',(#3055,#3056,#3057,#3065));
#3055 = ORIENTED_EDGE('',*,*,#871,.T.);
#3056 = ORIENTED_EDGE('',*,*,#3042,.T.);
#3057 = ORIENTED_EDGE('',*,*,#3058,.T.);
#3058 = EDGE_CURVE('',#3035,#3059,#3061,.T.);
#3059 = VERTEX_POINT('',#3060);
#3060 = CARTESIAN_POINT('',(-5.60614444824,-4.532542857143,
    18.528742857143));
#3061 = LINE('',#3062,#3063);
#3062 = CARTESIAN_POINT('',(-5.60614444824,-4.560957142857,
    18.500142857143));
#3063 = VECTOR('',#3064,1.);
#3064 = DIRECTION('',(0.,0.704799762748,0.709406297146));
#3065 = ORIENTED_EDGE('',*,*,#3066,.F.);
#3066 = EDGE_CURVE('',#864,#3059,#3067,.T.);
#3067 = LINE('',#3068,#3069);
#3068 = CARTESIAN_POINT('',(-6.20614444824,-4.532542857143,
    18.528742857143));
#3069 = VECTOR('',#3070,1.);
#3070 = DIRECTION('',(1.,0.,0.));
#3071 = PLANE('',#3072);
#3072 = AXIS2_PLACEMENT_3D('',#3073,#3074,#3075);
#3073 = CARTESIAN_POINT('',(-6.20614444824,-4.560957142857,
    18.500142857143));
#3074 = DIRECTION('',(0.,-0.709406297146,0.704799762748));
#3075 = DIRECTION('',(0.,0.704799762748,0.709406297146));
#3076 = ADVANCED_FACE('',(#3077),#3095,.T.);
#3077 = FACE_BOUND('',#3078,.T.);
#3078 = EDGE_LOOP('',(#3079,#3080,#3081,#3089));
#3079 = ORIENTED_EDGE('',*,*,#863,.T.);
#3080 = ORIENTED_EDGE('',*,*,#3066,.T.);
#3081 = ORIENTED_EDGE('',*,*,#3082,.T.);
#3082 = EDGE_CURVE('',#3059,#3083,#3085,.T.);
#3083 = VERTEX_POINT('',#3084);
#3084 = CARTESIAN_POINT('',(-5.60614444824,-4.515457142857,
    18.568671428571));
#3085 = LINE('',#3086,#3087);
#3086 = CARTESIAN_POINT('',(-5.60614444824,-4.532542857143,
    18.528742857143));
#3087 = VECTOR('',#3088,1.);
#3088 = DIRECTION('',(0.,0.393403152889,0.919366063816));
#3089 = ORIENTED_EDGE('',*,*,#3090,.F.);
#3090 = EDGE_CURVE('',#856,#3083,#3091,.T.);
#3091 = LINE('',#3092,#3093);
#3092 = CARTESIAN_POINT('',(-6.20614444824,-4.515457142857,
    18.568671428571));
#3093 = VECTOR('',#3094,1.);
#3094 = DIRECTION('',(1.,0.,0.));
#3095 = PLANE('',#3096);
#3096 = AXIS2_PLACEMENT_3D('',#3097,#3098,#3099);
#3097 = CARTESIAN_POINT('',(-6.20614444824,-4.532542857143,
    18.528742857143));
#3098 = DIRECTION('',(0.,-0.919366063816,0.393403152889));
#3099 = DIRECTION('',(0.,0.393403152889,0.919366063816));
#3100 = ADVANCED_FACE('',(#3101),#3119,.T.);
#3101 = FACE_BOUND('',#3102,.T.);
#3102 = EDGE_LOOP('',(#3103,#3104,#3105,#3113));
#3103 = ORIENTED_EDGE('',*,*,#855,.T.);
#3104 = ORIENTED_EDGE('',*,*,#3090,.T.);
#3105 = ORIENTED_EDGE('',*,*,#3106,.T.);
#3106 = EDGE_CURVE('',#3083,#3107,#3109,.T.);
#3107 = VERTEX_POINT('',#3108);
#3108 = CARTESIAN_POINT('',(-5.60614444824,-4.498185714286,18.6086));
#3109 = LINE('',#3110,#3111);
#3110 = CARTESIAN_POINT('',(-5.60614444824,-4.515457142857,
    18.568671428571));
#3111 = VECTOR('',#3112,1.);
#3112 = DIRECTION('',(0.,0.397008348188,0.917814998499));
#3113 = ORIENTED_EDGE('',*,*,#3114,.F.);
#3114 = EDGE_CURVE('',#848,#3107,#3115,.T.);
#3115 = LINE('',#3116,#3117);
#3116 = CARTESIAN_POINT('',(-6.20614444824,-4.498185714286,18.6086));
#3117 = VECTOR('',#3118,1.);
#3118 = DIRECTION('',(1.,0.,0.));
#3119 = PLANE('',#3120);
#3120 = AXIS2_PLACEMENT_3D('',#3121,#3122,#3123);
#3121 = CARTESIAN_POINT('',(-6.20614444824,-4.515457142857,
    18.568671428571));
#3122 = DIRECTION('',(0.,-0.917814998499,0.397008348188));
#3123 = DIRECTION('',(0.,0.397008348188,0.917814998499));
#3124 = ADVANCED_FACE('',(#3125),#3143,.T.);
#3125 = FACE_BOUND('',#3126,.T.);
#3126 = EDGE_LOOP('',(#3127,#3128,#3129,#3137));
#3127 = ORIENTED_EDGE('',*,*,#847,.T.);
#3128 = ORIENTED_EDGE('',*,*,#3114,.T.);
#3129 = ORIENTED_EDGE('',*,*,#3130,.T.);
#3130 = EDGE_CURVE('',#3107,#3131,#3133,.T.);
#3131 = VERTEX_POINT('',#3132);
#3132 = CARTESIAN_POINT('',(-5.60614444824,-4.492614285714,18.6372));
#3133 = LINE('',#3134,#3135);
#3134 = CARTESIAN_POINT('',(-5.60614444824,-4.498185714286,18.6086));
#3135 = VECTOR('',#3136,1.);
#3136 = DIRECTION('',(0.,0.191210841639,0.981548987081));
#3137 = ORIENTED_EDGE('',*,*,#3138,.F.);
#3138 = EDGE_CURVE('',#840,#3131,#3139,.T.);
#3139 = LINE('',#3140,#3141);
#3140 = CARTESIAN_POINT('',(-6.20614444824,-4.492614285714,18.6372));
#3141 = VECTOR('',#3142,1.);
#3142 = DIRECTION('',(1.,0.,0.));
#3143 = PLANE('',#3144);
#3144 = AXIS2_PLACEMENT_3D('',#3145,#3146,#3147);
#3145 = CARTESIAN_POINT('',(-6.20614444824,-4.498185714286,18.6086));
#3146 = DIRECTION('',(0.,-0.981548987081,0.191210841639));
#3147 = DIRECTION('',(0.,0.191210841639,0.981548987081));
#3148 = ADVANCED_FACE('',(#3149),#3167,.T.);
#3149 = FACE_BOUND('',#3150,.T.);
#3150 = EDGE_LOOP('',(#3151,#3152,#3153,#3161));
#3151 = ORIENTED_EDGE('',*,*,#839,.T.);
#3152 = ORIENTED_EDGE('',*,*,#3138,.T.);
#3153 = ORIENTED_EDGE('',*,*,#3154,.T.);
#3154 = EDGE_CURVE('',#3131,#3155,#3157,.T.);
#3155 = VERTEX_POINT('',#3156);
#3156 = CARTESIAN_POINT('',(-5.60614444824,-4.486857142857,
    18.659857142857));
#3157 = LINE('',#3158,#3159);
#3158 = CARTESIAN_POINT('',(-5.60614444824,-4.492614285714,18.6372));
#3159 = VECTOR('',#3160,1.);
#3160 = DIRECTION('',(0.,0.246272303221,0.96920067719));
#3161 = ORIENTED_EDGE('',*,*,#3162,.F.);
#3162 = EDGE_CURVE('',#832,#3155,#3163,.T.);
#3163 = LINE('',#3164,#3165);
#3164 = CARTESIAN_POINT('',(-6.20614444824,-4.486857142857,
    18.659857142857));
#3165 = VECTOR('',#3166,1.);
#3166 = DIRECTION('',(1.,0.,0.));
#3167 = PLANE('',#3168);
#3168 = AXIS2_PLACEMENT_3D('',#3169,#3170,#3171);
#3169 = CARTESIAN_POINT('',(-6.20614444824,-4.492614285714,18.6372));
#3170 = DIRECTION('',(0.,-0.96920067719,0.246272303221));
#3171 = DIRECTION('',(0.,0.246272303221,0.96920067719));
#3172 = ADVANCED_FACE('',(#3173),#3198,.T.);
#3173 = FACE_BOUND('',#3174,.T.);
#3174 = EDGE_LOOP('',(#3175,#3176,#3184,#3192));
#3175 = ORIENTED_EDGE('',*,*,#823,.T.);
#3176 = ORIENTED_EDGE('',*,*,#3177,.T.);
#3177 = EDGE_CURVE('',#824,#3178,#3180,.T.);
#3178 = VERTEX_POINT('',#3179);
#3179 = CARTESIAN_POINT('',(-5.60614444824,-4.486857142857,
    18.722628571429));
#3180 = LINE('',#3181,#3182);
#3181 = CARTESIAN_POINT('',(-6.20614444824,-4.486857142857,
    18.722628571429));
#3182 = VECTOR('',#3183,1.);
#3183 = DIRECTION('',(1.,0.,0.));
#3184 = ORIENTED_EDGE('',*,*,#3185,.T.);
#3185 = EDGE_CURVE('',#3178,#3186,#3188,.T.);
#3186 = VERTEX_POINT('',#3187);
#3187 = CARTESIAN_POINT('',(-5.60614444824,-4.492614285714,
    18.751228571429));
#3188 = LINE('',#3189,#3190);
#3189 = CARTESIAN_POINT('',(-5.60614444824,-4.486857142857,
    18.722628571429));
#3190 = VECTOR('',#3191,1.);
#3191 = DIRECTION('',(0.,-0.197340176951,0.980335072596));
#3192 = ORIENTED_EDGE('',*,*,#3193,.F.);
#3193 = EDGE_CURVE('',#816,#3186,#3194,.T.);
#3194 = LINE('',#3195,#3196);
#3195 = CARTESIAN_POINT('',(-6.20614444824,-4.492614285714,
    18.751228571429));
#3196 = VECTOR('',#3197,1.);
#3197 = DIRECTION('',(1.,0.,0.));
#3198 = PLANE('',#3199);
#3199 = AXIS2_PLACEMENT_3D('',#3200,#3201,#3202);
#3200 = CARTESIAN_POINT('',(-6.20614444824,-4.486857142857,
    18.722628571429));
#3201 = DIRECTION('',(0.,-0.980335072596,-0.197340176951));
#3202 = DIRECTION('',(0.,-0.197340176951,0.980335072596));
#3203 = ADVANCED_FACE('',(#3204),#3222,.T.);
#3204 = FACE_BOUND('',#3205,.T.);
#3205 = EDGE_LOOP('',(#3206,#3207,#3208,#3216));
#3206 = ORIENTED_EDGE('',*,*,#815,.T.);
#3207 = ORIENTED_EDGE('',*,*,#3193,.T.);
#3208 = ORIENTED_EDGE('',*,*,#3209,.T.);
#3209 = EDGE_CURVE('',#3186,#3210,#3212,.T.);
#3210 = VERTEX_POINT('',#3211);
#3211 = CARTESIAN_POINT('',(-5.60614444824,-4.503942857143,
    18.779828571429));
#3212 = LINE('',#3213,#3214);
#3213 = CARTESIAN_POINT('',(-5.60614444824,-4.492614285714,
    18.751228571429));
#3214 = VECTOR('',#3215,1.);
#3215 = DIRECTION('',(0.,-0.368265914122,0.929720504504));
#3216 = ORIENTED_EDGE('',*,*,#3217,.F.);
#3217 = EDGE_CURVE('',#808,#3210,#3218,.T.);
#3218 = LINE('',#3219,#3220);
#3219 = CARTESIAN_POINT('',(-6.20614444824,-4.503942857143,
    18.779828571429));
#3220 = VECTOR('',#3221,1.);
#3221 = DIRECTION('',(1.,0.,0.));
#3222 = PLANE('',#3223);
#3223 = AXIS2_PLACEMENT_3D('',#3224,#3225,#3226);
#3224 = CARTESIAN_POINT('',(-6.20614444824,-4.492614285714,
    18.751228571429));
#3225 = DIRECTION('',(0.,-0.929720504504,-0.368265914122));
#3226 = DIRECTION('',(0.,-0.368265914122,0.929720504504));
#3227 = ADVANCED_FACE('',(#3228),#3246,.T.);
#3228 = FACE_BOUND('',#3229,.T.);
#3229 = EDGE_LOOP('',(#3230,#3231,#3232,#3240));
#3230 = ORIENTED_EDGE('',*,*,#807,.T.);
#3231 = ORIENTED_EDGE('',*,*,#3217,.T.);
#3232 = ORIENTED_EDGE('',*,*,#3233,.T.);
#3233 = EDGE_CURVE('',#3210,#3234,#3236,.T.);
#3234 = VERTEX_POINT('',#3235);
#3235 = CARTESIAN_POINT('',(-5.60614444824,-4.5097,18.808242857143));
#3236 = LINE('',#3237,#3238);
#3237 = CARTESIAN_POINT('',(-5.60614444824,-4.503942857143,
    18.779828571429));
#3238 = VECTOR('',#3239,1.);
#3239 = DIRECTION('',(0.,-0.198579278868,0.980084827963));
#3240 = ORIENTED_EDGE('',*,*,#3241,.F.);
#3241 = EDGE_CURVE('',#800,#3234,#3242,.T.);
#3242 = LINE('',#3243,#3244);
#3243 = CARTESIAN_POINT('',(-6.20614444824,-4.5097,18.808242857143));
#3244 = VECTOR('',#3245,1.);
#3245 = DIRECTION('',(1.,0.,0.));
#3246 = PLANE('',#3247);
#3247 = AXIS2_PLACEMENT_3D('',#3248,#3249,#3250);
#3248 = CARTESIAN_POINT('',(-6.20614444824,-4.503942857143,
    18.779828571429));
#3249 = DIRECTION('',(0.,-0.980084827963,-0.198579278868));
#3250 = DIRECTION('',(0.,-0.198579278868,0.980084827963));
#3251 = ADVANCED_FACE('',(#3252),#3270,.T.);
#3252 = FACE_BOUND('',#3253,.T.);
#3253 = EDGE_LOOP('',(#3254,#3255,#3256,#3264));
#3254 = ORIENTED_EDGE('',*,*,#799,.T.);
#3255 = ORIENTED_EDGE('',*,*,#3241,.T.);
#3256 = ORIENTED_EDGE('',*,*,#3257,.T.);
#3257 = EDGE_CURVE('',#3234,#3258,#3260,.T.);
#3258 = VERTEX_POINT('',#3259);
#3259 = CARTESIAN_POINT('',(-5.60614444824,-4.526785714286,
    18.831085714286));
#3260 = LINE('',#3261,#3262);
#3261 = CARTESIAN_POINT('',(-5.60614444824,-4.5097,18.808242857143));
#3262 = VECTOR('',#3263,1.);
#3263 = DIRECTION('',(0.,-0.598957825591,0.80078057117));
#3264 = ORIENTED_EDGE('',*,*,#3265,.F.);
#3265 = EDGE_CURVE('',#792,#3258,#3266,.T.);
#3266 = LINE('',#3267,#3268);
#3267 = CARTESIAN_POINT('',(-6.20614444824,-4.526785714286,
    18.831085714286));
#3268 = VECTOR('',#3269,1.);
#3269 = DIRECTION('',(1.,0.,0.));
#3270 = PLANE('',#3271);
#3271 = AXIS2_PLACEMENT_3D('',#3272,#3273,#3274);
#3272 = CARTESIAN_POINT('',(-6.20614444824,-4.5097,18.808242857143));
#3273 = DIRECTION('',(0.,-0.80078057117,-0.598957825591));
#3274 = DIRECTION('',(0.,-0.598957825591,0.80078057117));
#3275 = ADVANCED_FACE('',(#3276),#3294,.T.);
#3276 = FACE_BOUND('',#3277,.T.);
#3277 = EDGE_LOOP('',(#3278,#3279,#3280,#3288));
#3278 = ORIENTED_EDGE('',*,*,#791,.T.);
#3279 = ORIENTED_EDGE('',*,*,#3265,.T.);
#3280 = ORIENTED_EDGE('',*,*,#3281,.T.);
#3281 = EDGE_CURVE('',#3258,#3282,#3284,.T.);
#3282 = VERTEX_POINT('',#3283);
#3283 = CARTESIAN_POINT('',(-5.60614444824,-4.538114285714,
    18.853928571429));
#3284 = LINE('',#3285,#3286);
#3285 = CARTESIAN_POINT('',(-5.60614444824,-4.526785714286,
    18.831085714286));
#3286 = VECTOR('',#3287,1.);
#3287 = DIRECTION('',(0.,-0.444297794845,0.895879160097));
#3288 = ORIENTED_EDGE('',*,*,#3289,.F.);
#3289 = EDGE_CURVE('',#784,#3282,#3290,.T.);
#3290 = LINE('',#3291,#3292);
#3291 = CARTESIAN_POINT('',(-6.20614444824,-4.538114285714,
    18.853928571429));
#3292 = VECTOR('',#3293,1.);
#3293 = DIRECTION('',(1.,0.,0.));
#3294 = PLANE('',#3295);
#3295 = AXIS2_PLACEMENT_3D('',#3296,#3297,#3298);
#3296 = CARTESIAN_POINT('',(-6.20614444824,-4.526785714286,
    18.831085714286));
#3297 = DIRECTION('',(0.,-0.895879160097,-0.444297794845));
#3298 = DIRECTION('',(0.,-0.444297794845,0.895879160097));
#3299 = ADVANCED_FACE('',(#3300),#3318,.T.);
#3300 = FACE_BOUND('',#3301,.T.);
#3301 = EDGE_LOOP('',(#3302,#3303,#3304,#3312));
#3302 = ORIENTED_EDGE('',*,*,#783,.T.);
#3303 = ORIENTED_EDGE('',*,*,#3289,.T.);
#3304 = ORIENTED_EDGE('',*,*,#3305,.T.);
#3305 = EDGE_CURVE('',#3282,#3306,#3308,.T.);
#3306 = VERTEX_POINT('',#3307);
#3307 = CARTESIAN_POINT('',(-5.60614444824,-4.555385714286,
    18.876771428571));
#3308 = LINE('',#3309,#3310);
#3309 = CARTESIAN_POINT('',(-5.60614444824,-4.538114285714,
    18.853928571429));
#3310 = VECTOR('',#3311,1.);
#3311 = DIRECTION('',(0.,-0.603108274872,0.797659331282));
#3312 = ORIENTED_EDGE('',*,*,#3313,.F.);
#3313 = EDGE_CURVE('',#776,#3306,#3314,.T.);
#3314 = LINE('',#3315,#3316);
#3315 = CARTESIAN_POINT('',(-6.20614444824,-4.555385714286,
    18.876771428571));
#3316 = VECTOR('',#3317,1.);
#3317 = DIRECTION('',(1.,0.,0.));
#3318 = PLANE('',#3319);
#3319 = AXIS2_PLACEMENT_3D('',#3320,#3321,#3322);
#3320 = CARTESIAN_POINT('',(-6.20614444824,-4.538114285714,
    18.853928571429));
#3321 = DIRECTION('',(0.,-0.797659331282,-0.603108274872));
#3322 = DIRECTION('',(0.,-0.603108274872,0.797659331282));
#3323 = ADVANCED_FACE('',(#3324),#3342,.T.);
#3324 = FACE_BOUND('',#3325,.T.);
#3325 = EDGE_LOOP('',(#3326,#3327,#3328,#3336));
#3326 = ORIENTED_EDGE('',*,*,#775,.T.);
#3327 = ORIENTED_EDGE('',*,*,#3313,.T.);
#3328 = ORIENTED_EDGE('',*,*,#3329,.T.);
#3329 = EDGE_CURVE('',#3306,#3330,#3332,.T.);
#3330 = VERTEX_POINT('',#3331);
#3331 = CARTESIAN_POINT('',(-5.60614444824,-4.578228571429,
    18.893857142857));
#3332 = LINE('',#3333,#3334);
#3333 = CARTESIAN_POINT('',(-5.60614444824,-4.555385714286,
    18.876771428571));
#3334 = VECTOR('',#3335,1.);
#3335 = DIRECTION('',(0.,-0.80078057117,0.598957825591));
#3336 = ORIENTED_EDGE('',*,*,#3337,.F.);
#3337 = EDGE_CURVE('',#768,#3330,#3338,.T.);
#3338 = LINE('',#3339,#3340);
#3339 = CARTESIAN_POINT('',(-6.20614444824,-4.578228571429,
    18.893857142857));
#3340 = VECTOR('',#3341,1.);
#3341 = DIRECTION('',(1.,0.,0.));
#3342 = PLANE('',#3343);
#3343 = AXIS2_PLACEMENT_3D('',#3344,#3345,#3346);
#3344 = CARTESIAN_POINT('',(-6.20614444824,-4.555385714286,
    18.876771428571));
#3345 = DIRECTION('',(0.,-0.598957825591,-0.80078057117));
#3346 = DIRECTION('',(0.,-0.80078057117,0.598957825591));
#3347 = ADVANCED_FACE('',(#3348),#3366,.T.);
#3348 = FACE_BOUND('',#3349,.T.);
#3349 = EDGE_LOOP('',(#3350,#3351,#3352,#3360));
#3350 = ORIENTED_EDGE('',*,*,#767,.T.);
#3351 = ORIENTED_EDGE('',*,*,#3337,.T.);
#3352 = ORIENTED_EDGE('',*,*,#3353,.T.);
#3353 = EDGE_CURVE('',#3330,#3354,#3356,.T.);
#3354 = VERTEX_POINT('',#3355);
#3355 = CARTESIAN_POINT('',(-5.60614444824,-4.595314285714,18.9167));
#3356 = LINE('',#3357,#3358);
#3357 = CARTESIAN_POINT('',(-5.60614444824,-4.578228571429,
    18.893857142857));
#3358 = VECTOR('',#3359,1.);
#3359 = DIRECTION('',(0.,-0.598957825591,0.80078057117));
#3360 = ORIENTED_EDGE('',*,*,#3361,.F.);
#3361 = EDGE_CURVE('',#760,#3354,#3362,.T.);
#3362 = LINE('',#3363,#3364);
#3363 = CARTESIAN_POINT('',(-6.20614444824,-4.595314285714,18.9167));
#3364 = VECTOR('',#3365,1.);
#3365 = DIRECTION('',(1.,0.,0.));
#3366 = PLANE('',#3367);
#3367 = AXIS2_PLACEMENT_3D('',#3368,#3369,#3370);
#3368 = CARTESIAN_POINT('',(-6.20614444824,-4.578228571429,
    18.893857142857));
#3369 = DIRECTION('',(0.,-0.80078057117,-0.598957825591));
#3370 = DIRECTION('',(0.,-0.598957825591,0.80078057117));
#3371 = ADVANCED_FACE('',(#3372),#3390,.T.);
#3372 = FACE_BOUND('',#3373,.T.);
#3373 = EDGE_LOOP('',(#3374,#3375,#3376,#3384));
#3374 = ORIENTED_EDGE('',*,*,#759,.T.);
#3375 = ORIENTED_EDGE('',*,*,#3361,.T.);
#3376 = ORIENTED_EDGE('',*,*,#3377,.T.);
#3377 = EDGE_CURVE('',#3354,#3378,#3380,.T.);
#3378 = VERTEX_POINT('',#3379);
#3379 = CARTESIAN_POINT('',(-5.60614444824,-4.623728571429,
    18.933785714286));
#3380 = LINE('',#3381,#3382);
#3381 = CARTESIAN_POINT('',(-5.60614444824,-4.595314285714,18.9167));
#3382 = VECTOR('',#3383,1.);
#3383 = DIRECTION('',(0.,-0.856998298068,0.515319238054));
#3384 = ORIENTED_EDGE('',*,*,#3385,.F.);
#3385 = EDGE_CURVE('',#752,#3378,#3386,.T.);
#3386 = LINE('',#3387,#3388);
#3387 = CARTESIAN_POINT('',(-6.20614444824,-4.623728571429,
    18.933785714286));
#3388 = VECTOR('',#3389,1.);
#3389 = DIRECTION('',(1.,0.,0.));
#3390 = PLANE('',#3391);
#3391 = AXIS2_PLACEMENT_3D('',#3392,#3393,#3394);
#3392 = CARTESIAN_POINT('',(-6.20614444824,-4.595314285714,18.9167));
#3393 = DIRECTION('',(0.,-0.515319238054,-0.856998298068));
#3394 = DIRECTION('',(0.,-0.856998298068,0.515319238054));
#3395 = ADVANCED_FACE('',(#3396),#3414,.T.);
#3396 = FACE_BOUND('',#3397,.T.);
#3397 = EDGE_LOOP('',(#3398,#3399,#3400,#3408));
#3398 = ORIENTED_EDGE('',*,*,#751,.T.);
#3399 = ORIENTED_EDGE('',*,*,#3385,.T.);
#3400 = ORIENTED_EDGE('',*,*,#3401,.T.);
#3401 = EDGE_CURVE('',#3378,#3402,#3404,.T.);
#3402 = VERTEX_POINT('',#3403);
#3403 = CARTESIAN_POINT('',(-5.60614444824,-4.646571428571,
    18.945114285714));
#3404 = LINE('',#3405,#3406);
#3405 = CARTESIAN_POINT('',(-5.60614444824,-4.623728571429,
    18.933785714286));
#3406 = VECTOR('',#3407,1.);
#3407 = DIRECTION('',(0.,-0.895879160097,0.444297794845));
#3408 = ORIENTED_EDGE('',*,*,#3409,.F.);
#3409 = EDGE_CURVE('',#744,#3402,#3410,.T.);
#3410 = LINE('',#3411,#3412);
#3411 = CARTESIAN_POINT('',(-6.20614444824,-4.646571428571,
    18.945114285714));
#3412 = VECTOR('',#3413,1.);
#3413 = DIRECTION('',(1.,0.,0.));
#3414 = PLANE('',#3415);
#3415 = AXIS2_PLACEMENT_3D('',#3416,#3417,#3418);
#3416 = CARTESIAN_POINT('',(-6.20614444824,-4.623728571429,
    18.933785714286));
#3417 = DIRECTION('',(0.,-0.444297794845,-0.895879160097));
#3418 = DIRECTION('',(0.,-0.895879160097,0.444297794845));
#3419 = ADVANCED_FACE('',(#3420),#3438,.T.);
#3420 = FACE_BOUND('',#3421,.T.);
#3421 = EDGE_LOOP('',(#3422,#3423,#3424,#3432));
#3422 = ORIENTED_EDGE('',*,*,#743,.T.);
#3423 = ORIENTED_EDGE('',*,*,#3409,.T.);
#3424 = ORIENTED_EDGE('',*,*,#3425,.T.);
#3425 = EDGE_CURVE('',#3402,#3426,#3428,.T.);
#3426 = VERTEX_POINT('',#3427);
#3427 = CARTESIAN_POINT('',(-5.60614444824,-4.675171428571,
    18.956628571429));
#3428 = LINE('',#3429,#3430);
#3429 = CARTESIAN_POINT('',(-5.60614444824,-4.646571428571,
    18.945114285714));
#3430 = VECTOR('',#3431,1.);
#3431 = DIRECTION('',(0.,-0.927643517938,0.373466870858));
#3432 = ORIENTED_EDGE('',*,*,#3433,.F.);
#3433 = EDGE_CURVE('',#736,#3426,#3434,.T.);
#3434 = LINE('',#3435,#3436);
#3435 = CARTESIAN_POINT('',(-6.20614444824,-4.675171428571,
    18.956628571429));
#3436 = VECTOR('',#3437,1.);
#3437 = DIRECTION('',(1.,0.,0.));
#3438 = PLANE('',#3439);
#3439 = AXIS2_PLACEMENT_3D('',#3440,#3441,#3442);
#3440 = CARTESIAN_POINT('',(-6.20614444824,-4.646571428571,
    18.945114285714));
#3441 = DIRECTION('',(0.,-0.373466870858,-0.927643517938));
#3442 = DIRECTION('',(0.,-0.927643517938,0.373466870858));
#3443 = ADVANCED_FACE('',(#3444),#3462,.T.);
#3444 = FACE_BOUND('',#3445,.T.);
#3445 = EDGE_LOOP('',(#3446,#3447,#3448,#3456));
#3446 = ORIENTED_EDGE('',*,*,#735,.T.);
#3447 = ORIENTED_EDGE('',*,*,#3433,.T.);
#3448 = ORIENTED_EDGE('',*,*,#3449,.T.);
#3449 = EDGE_CURVE('',#3426,#3450,#3452,.T.);
#3450 = VERTEX_POINT('',#3451);
#3451 = CARTESIAN_POINT('',(-5.60614444824,-4.703585714286,
    18.962385714286));
#3452 = LINE('',#3453,#3454);
#3453 = CARTESIAN_POINT('',(-5.60614444824,-4.675171428571,
    18.956628571429));
#3454 = VECTOR('',#3455,1.);
#3455 = DIRECTION('',(0.,-0.980084827963,0.198579278868));
#3456 = ORIENTED_EDGE('',*,*,#3457,.F.);
#3457 = EDGE_CURVE('',#728,#3450,#3458,.T.);
#3458 = LINE('',#3459,#3460);
#3459 = CARTESIAN_POINT('',(-6.20614444824,-4.703585714286,
    18.962385714286));
#3460 = VECTOR('',#3461,1.);
#3461 = DIRECTION('',(1.,0.,0.));
#3462 = PLANE('',#3463);
#3463 = AXIS2_PLACEMENT_3D('',#3464,#3465,#3466);
#3464 = CARTESIAN_POINT('',(-6.20614444824,-4.675171428571,
    18.956628571429));
#3465 = DIRECTION('',(0.,-0.198579278868,-0.980084827963));
#3466 = DIRECTION('',(0.,-0.980084827963,0.198579278868));
#3467 = ADVANCED_FACE('',(#3468),#3486,.T.);
#3468 = FACE_BOUND('',#3469,.T.);
#3469 = EDGE_LOOP('',(#3470,#3471,#3472,#3480));
#3470 = ORIENTED_EDGE('',*,*,#727,.T.);
#3471 = ORIENTED_EDGE('',*,*,#3457,.T.);
#3472 = ORIENTED_EDGE('',*,*,#3473,.T.);
#3473 = EDGE_CURVE('',#3450,#3474,#3476,.T.);
#3474 = VERTEX_POINT('',#3475);
#3475 = CARTESIAN_POINT('',(-5.60614444824,-4.737942857143,
    18.973714285714));
#3476 = LINE('',#3477,#3478);
#3477 = CARTESIAN_POINT('',(-5.60614444824,-4.703585714286,
    18.962385714286));
#3478 = VECTOR('',#3479,1.);
#3479 = DIRECTION('',(0.,-0.949705005976,0.313145974944));
#3480 = ORIENTED_EDGE('',*,*,#3481,.F.);
#3481 = EDGE_CURVE('',#720,#3474,#3482,.T.);
#3482 = LINE('',#3483,#3484);
#3483 = CARTESIAN_POINT('',(-6.20614444824,-4.737942857143,
    18.973714285714));
#3484 = VECTOR('',#3485,1.);
#3485 = DIRECTION('',(1.,0.,0.));
#3486 = PLANE('',#3487);
#3487 = AXIS2_PLACEMENT_3D('',#3488,#3489,#3490);
#3488 = CARTESIAN_POINT('',(-6.20614444824,-4.703585714286,
    18.962385714286));
#3489 = DIRECTION('',(0.,-0.313145974944,-0.949705005976));
#3490 = DIRECTION('',(0.,-0.949705005976,0.313145974944));
#3491 = ADVANCED_FACE('',(#3492),#3517,.T.);
#3492 = FACE_BOUND('',#3493,.T.);
#3493 = EDGE_LOOP('',(#3494,#3495,#3503,#3511));
#3494 = ORIENTED_EDGE('',*,*,#711,.T.);
#3495 = ORIENTED_EDGE('',*,*,#3496,.T.);
#3496 = EDGE_CURVE('',#712,#3497,#3499,.T.);
#3497 = VERTEX_POINT('',#3498);
#3498 = CARTESIAN_POINT('',(-5.60614444824,-5.913142857143,
    18.973714285714));
#3499 = LINE('',#3500,#3501);
#3500 = CARTESIAN_POINT('',(-6.20614444824,-5.913142857143,
    18.973714285714));
#3501 = VECTOR('',#3502,1.);
#3502 = DIRECTION('',(1.,0.,0.));
#3503 = ORIENTED_EDGE('',*,*,#3504,.T.);
#3504 = EDGE_CURVE('',#3497,#3505,#3507,.T.);
#3505 = VERTEX_POINT('',#3506);
#3506 = CARTESIAN_POINT('',(-5.60614444824,-5.913142857143,
    20.114742857143));
#3507 = LINE('',#3508,#3509);
#3508 = CARTESIAN_POINT('',(-5.60614444824,-5.913142857143,
    18.973714285714));
#3509 = VECTOR('',#3510,1.);
#3510 = DIRECTION('',(0.,0.,1.));
#3511 = ORIENTED_EDGE('',*,*,#3512,.F.);
#3512 = EDGE_CURVE('',#704,#3505,#3513,.T.);
#3513 = LINE('',#3514,#3515);
#3514 = CARTESIAN_POINT('',(-6.20614444824,-5.913142857143,
    20.114742857143));
#3515 = VECTOR('',#3516,1.);
#3516 = DIRECTION('',(1.,0.,0.));
#3517 = PLANE('',#3518);
#3518 = AXIS2_PLACEMENT_3D('',#3519,#3520,#3521);
#3519 = CARTESIAN_POINT('',(-6.20614444824,-5.913142857143,
    18.973714285714));
#3520 = DIRECTION('',(0.,-1.,0.));
#3521 = DIRECTION('',(0.,0.,1.));
#3522 = ADVANCED_FACE('',(#3523),#3548,.T.);
#3523 = FACE_BOUND('',#3524,.T.);
#3524 = EDGE_LOOP('',(#3525,#3526,#3534,#3542));
#3525 = ORIENTED_EDGE('',*,*,#695,.T.);
#3526 = ORIENTED_EDGE('',*,*,#3527,.T.);
#3527 = EDGE_CURVE('',#696,#3528,#3530,.T.);
#3528 = VERTEX_POINT('',#3529);
#3529 = CARTESIAN_POINT('',(-5.60614444824,-5.011314285714,
    20.114742857143));
#3530 = LINE('',#3531,#3532);
#3531 = CARTESIAN_POINT('',(-6.20614444824,-5.011314285714,
    20.114742857143));
#3532 = VECTOR('',#3533,1.);
#3533 = DIRECTION('',(1.,0.,0.));
#3534 = ORIENTED_EDGE('',*,*,#3535,.T.);
#3535 = EDGE_CURVE('',#3528,#3536,#3538,.T.);
#3536 = VERTEX_POINT('',#3537);
#3537 = CARTESIAN_POINT('',(-5.60614444824,-4.971014285714,20.1205));
#3538 = LINE('',#3539,#3540);
#3539 = CARTESIAN_POINT('',(-5.60614444824,-5.011314285714,
    20.114742857143));
#3540 = VECTOR('',#3541,1.);
#3541 = DIRECTION('',(0.,0.989949493661,0.141421356237));
#3542 = ORIENTED_EDGE('',*,*,#3543,.F.);
#3543 = EDGE_CURVE('',#688,#3536,#3544,.T.);
#3544 = LINE('',#3545,#3546);
#3545 = CARTESIAN_POINT('',(-6.20614444824,-4.971014285714,20.1205));
#3546 = VECTOR('',#3547,1.);
#3547 = DIRECTION('',(1.,0.,0.));
#3548 = PLANE('',#3549);
#3549 = AXIS2_PLACEMENT_3D('',#3550,#3551,#3552);
#3550 = CARTESIAN_POINT('',(-6.20614444824,-5.011314285714,
    20.114742857143));
#3551 = DIRECTION('',(0.,-0.141421356237,0.989949493661));
#3552 = DIRECTION('',(0.,0.989949493661,0.141421356237));
#3553 = ADVANCED_FACE('',(#3554),#3572,.T.);
#3554 = FACE_BOUND('',#3555,.T.);
#3555 = EDGE_LOOP('',(#3556,#3557,#3558,#3566));
#3556 = ORIENTED_EDGE('',*,*,#687,.T.);
#3557 = ORIENTED_EDGE('',*,*,#3543,.T.);
#3558 = ORIENTED_EDGE('',*,*,#3559,.T.);
#3559 = EDGE_CURVE('',#3536,#3560,#3562,.T.);
#3560 = VERTEX_POINT('',#3561);
#3561 = CARTESIAN_POINT('',(-5.60614444824,-4.936471428571,
    20.126071428571));
#3562 = LINE('',#3563,#3564);
#3563 = CARTESIAN_POINT('',(-5.60614444824,-4.971014285714,20.1205));
#3564 = VECTOR('',#3565,1.);
#3565 = DIRECTION('',(0.,0.987241120713,0.159232438825));
#3566 = ORIENTED_EDGE('',*,*,#3567,.F.);
#3567 = EDGE_CURVE('',#680,#3560,#3568,.T.);
#3568 = LINE('',#3569,#3570);
#3569 = CARTESIAN_POINT('',(-6.20614444824,-4.936471428571,
    20.126071428571));
#3570 = VECTOR('',#3571,1.);
#3571 = DIRECTION('',(1.,0.,0.));
#3572 = PLANE('',#3573);
#3573 = AXIS2_PLACEMENT_3D('',#3574,#3575,#3576);
#3574 = CARTESIAN_POINT('',(-6.20614444824,-4.971014285714,20.1205));
#3575 = DIRECTION('',(0.,-0.159232438825,0.987241120713));
#3576 = DIRECTION('',(0.,0.987241120713,0.159232438825));
#3577 = ADVANCED_FACE('',(#3578),#3596,.T.);
#3578 = FACE_BOUND('',#3579,.T.);
#3579 = EDGE_LOOP('',(#3580,#3581,#3582,#3590));
#3580 = ORIENTED_EDGE('',*,*,#679,.T.);
#3581 = ORIENTED_EDGE('',*,*,#3567,.T.);
#3582 = ORIENTED_EDGE('',*,*,#3583,.T.);
#3583 = EDGE_CURVE('',#3560,#3584,#3586,.T.);
#3584 = VERTEX_POINT('',#3585);
#3585 = CARTESIAN_POINT('',(-5.60614444824,-4.896171428571,
    20.137585714286));
#3586 = LINE('',#3587,#3588);
#3587 = CARTESIAN_POINT('',(-5.60614444824,-4.936471428571,
    20.126071428571));
#3588 = VECTOR('',#3589,1.);
#3589 = DIRECTION('',(0.,0.961523947641,0.274721127897));
#3590 = ORIENTED_EDGE('',*,*,#3591,.F.);
#3591 = EDGE_CURVE('',#672,#3584,#3592,.T.);
#3592 = LINE('',#3593,#3594);
#3593 = CARTESIAN_POINT('',(-6.20614444824,-4.896171428571,
    20.137585714286));
#3594 = VECTOR('',#3595,1.);
#3595 = DIRECTION('',(1.,0.,0.));
#3596 = PLANE('',#3597);
#3597 = AXIS2_PLACEMENT_3D('',#3598,#3599,#3600);
#3598 = CARTESIAN_POINT('',(-6.20614444824,-4.936471428571,
    20.126071428571));
#3599 = DIRECTION('',(0.,-0.274721127897,0.961523947641));
#3600 = DIRECTION('',(0.,0.961523947641,0.274721127897));
#3601 = ADVANCED_FACE('',(#3602),#3620,.T.);
#3602 = FACE_BOUND('',#3603,.T.);
#3603 = EDGE_LOOP('',(#3604,#3605,#3606,#3614));
#3604 = ORIENTED_EDGE('',*,*,#671,.T.);
#3605 = ORIENTED_EDGE('',*,*,#3591,.T.);
#3606 = ORIENTED_EDGE('',*,*,#3607,.T.);
#3607 = EDGE_CURVE('',#3584,#3608,#3610,.T.);
#3608 = VERTEX_POINT('',#3609);
#3609 = CARTESIAN_POINT('',(-5.60614444824,-4.832657142857,
    20.160428571429));
#3610 = LINE('',#3611,#3612);
#3611 = CARTESIAN_POINT('',(-5.60614444824,-4.896171428571,
    20.137585714286));
#3612 = VECTOR('',#3613,1.);
#3613 = DIRECTION('',(0.,0.940992591523,0.338427160109));
#3614 = ORIENTED_EDGE('',*,*,#3615,.F.);
#3615 = EDGE_CURVE('',#664,#3608,#3616,.T.);
#3616 = LINE('',#3617,#3618);
#3617 = CARTESIAN_POINT('',(-6.20614444824,-4.832657142857,
    20.160428571429));
#3618 = VECTOR('',#3619,1.);
#3619 = DIRECTION('',(1.,0.,0.));
#3620 = PLANE('',#3621);
#3621 = AXIS2_PLACEMENT_3D('',#3622,#3623,#3624);
#3622 = CARTESIAN_POINT('',(-6.20614444824,-4.896171428571,
    20.137585714286));
#3623 = DIRECTION('',(0.,-0.338427160109,0.940992591523));
#3624 = DIRECTION('',(0.,0.940992591523,0.338427160109));
#3625 = ADVANCED_FACE('',(#3626),#3644,.T.);
#3626 = FACE_BOUND('',#3627,.T.);
#3627 = EDGE_LOOP('',(#3628,#3629,#3630,#3638));
#3628 = ORIENTED_EDGE('',*,*,#663,.T.);
#3629 = ORIENTED_EDGE('',*,*,#3615,.T.);
#3630 = ORIENTED_EDGE('',*,*,#3631,.T.);
#3631 = EDGE_CURVE('',#3608,#3632,#3634,.T.);
#3632 = VERTEX_POINT('',#3633);
#3633 = CARTESIAN_POINT('',(-5.60614444824,-4.798114285714,
    20.177514285714));
#3634 = LINE('',#3635,#3636);
#3635 = CARTESIAN_POINT('',(-5.60614444824,-4.832657142857,
    20.160428571429));
#3636 = VECTOR('',#3637,1.);
#3637 = DIRECTION('',(0.,0.896346509203,0.443354187348));
#3638 = ORIENTED_EDGE('',*,*,#3639,.F.);
#3639 = EDGE_CURVE('',#656,#3632,#3640,.T.);
#3640 = LINE('',#3641,#3642);
#3641 = CARTESIAN_POINT('',(-6.20614444824,-4.798114285714,
    20.177514285714));
#3642 = VECTOR('',#3643,1.);
#3643 = DIRECTION('',(1.,0.,0.));
#3644 = PLANE('',#3645);
#3645 = AXIS2_PLACEMENT_3D('',#3646,#3647,#3648);
#3646 = CARTESIAN_POINT('',(-6.20614444824,-4.832657142857,
    20.160428571429));
#3647 = DIRECTION('',(0.,-0.443354187348,0.896346509203));
#3648 = DIRECTION('',(0.,0.896346509203,0.443354187348));
#3649 = ADVANCED_FACE('',(#3650),#3668,.T.);
#3650 = FACE_BOUND('',#3651,.T.);
#3651 = EDGE_LOOP('',(#3652,#3653,#3654,#3662));
#3652 = ORIENTED_EDGE('',*,*,#655,.T.);
#3653 = ORIENTED_EDGE('',*,*,#3639,.T.);
#3654 = ORIENTED_EDGE('',*,*,#3655,.T.);
#3655 = EDGE_CURVE('',#3632,#3656,#3658,.T.);
#3656 = VERTEX_POINT('',#3657);
#3657 = CARTESIAN_POINT('',(-5.60614444824,-4.769328571429,20.1946));
#3658 = LINE('',#3659,#3660);
#3659 = CARTESIAN_POINT('',(-5.60614444824,-4.798114285714,
    20.177514285714));
#3660 = VECTOR('',#3661,1.);
#3661 = DIRECTION('',(0.,0.859930843223,0.51041056501));
#3662 = ORIENTED_EDGE('',*,*,#3663,.F.);
#3663 = EDGE_CURVE('',#648,#3656,#3664,.T.);
#3664 = LINE('',#3665,#3666);
#3665 = CARTESIAN_POINT('',(-6.20614444824,-4.769328571429,20.1946));
#3666 = VECTOR('',#3667,1.);
#3667 = DIRECTION('',(1.,0.,0.));
#3668 = PLANE('',#3669);
#3669 = AXIS2_PLACEMENT_3D('',#3670,#3671,#3672);
#3670 = CARTESIAN_POINT('',(-6.20614444824,-4.798114285714,
    20.177514285714));
#3671 = DIRECTION('',(0.,-0.51041056501,0.859930843223));
#3672 = DIRECTION('',(0.,0.859930843223,0.51041056501));
#3673 = ADVANCED_FACE('',(#3674),#3692,.T.);
#3674 = FACE_BOUND('',#3675,.T.);
#3675 = EDGE_LOOP('',(#3676,#3677,#3678,#3686));
#3676 = ORIENTED_EDGE('',*,*,#647,.T.);
#3677 = ORIENTED_EDGE('',*,*,#3663,.T.);
#3678 = ORIENTED_EDGE('',*,*,#3679,.T.);
#3679 = EDGE_CURVE('',#3656,#3680,#3682,.T.);
#3680 = VERTEX_POINT('',#3681);
#3681 = CARTESIAN_POINT('',(-5.60614444824,-4.705814285714,
    20.228771428571));
#3682 = LINE('',#3683,#3684);
#3683 = CARTESIAN_POINT('',(-5.60614444824,-4.769328571429,20.1946));
#3684 = VECTOR('',#3685,1.);
#3685 = DIRECTION('',(0.,0.880636410784,0.473792688843));
#3686 = ORIENTED_EDGE('',*,*,#3687,.F.);
#3687 = EDGE_CURVE('',#640,#3680,#3688,.T.);
#3688 = LINE('',#3689,#3690);
#3689 = CARTESIAN_POINT('',(-6.20614444824,-4.705814285714,
    20.228771428571));
#3690 = VECTOR('',#3691,1.);
#3691 = DIRECTION('',(1.,0.,0.));
#3692 = PLANE('',#3693);
#3693 = AXIS2_PLACEMENT_3D('',#3694,#3695,#3696);
#3694 = CARTESIAN_POINT('',(-6.20614444824,-4.769328571429,20.1946));
#3695 = DIRECTION('',(0.,-0.473792688843,0.880636410784));
#3696 = DIRECTION('',(0.,0.880636410784,0.473792688843));
#3697 = ADVANCED_FACE('',(#3698),#3716,.T.);
#3698 = FACE_BOUND('',#3699,.T.);
#3699 = EDGE_LOOP('',(#3700,#3701,#3702,#3710));
#3700 = ORIENTED_EDGE('',*,*,#639,.T.);
#3701 = ORIENTED_EDGE('',*,*,#3687,.T.);
#3702 = ORIENTED_EDGE('',*,*,#3703,.T.);
#3703 = EDGE_CURVE('',#3680,#3704,#3706,.T.);
#3704 = VERTEX_POINT('',#3705);
#3705 = CARTESIAN_POINT('',(-5.60614444824,-4.682785714286,
    20.251614285714));
#3706 = LINE('',#3707,#3708);
#3707 = CARTESIAN_POINT('',(-5.60614444824,-4.705814285714,
    20.228771428571));
#3708 = VECTOR('',#3709,1.);
#3709 = DIRECTION('',(0.,0.709963743185,0.704238229127));
#3710 = ORIENTED_EDGE('',*,*,#3711,.F.);
#3711 = EDGE_CURVE('',#632,#3704,#3712,.T.);
#3712 = LINE('',#3713,#3714);
#3713 = CARTESIAN_POINT('',(-6.20614444824,-4.682785714286,
    20.251614285714));
#3714 = VECTOR('',#3715,1.);
#3715 = DIRECTION('',(1.,0.,0.));
#3716 = PLANE('',#3717);
#3717 = AXIS2_PLACEMENT_3D('',#3718,#3719,#3720);
#3718 = CARTESIAN_POINT('',(-6.20614444824,-4.705814285714,
    20.228771428571));
#3719 = DIRECTION('',(0.,-0.704238229127,0.709963743185));
#3720 = DIRECTION('',(0.,0.709963743185,0.704238229127));
#3721 = ADVANCED_FACE('',(#3722),#3740,.T.);
#3722 = FACE_BOUND('',#3723,.T.);
#3723 = EDGE_LOOP('',(#3724,#3725,#3726,#3734));
#3724 = ORIENTED_EDGE('',*,*,#631,.T.);
#3725 = ORIENTED_EDGE('',*,*,#3711,.T.);
#3726 = ORIENTED_EDGE('',*,*,#3727,.T.);
#3727 = EDGE_CURVE('',#3704,#3728,#3730,.T.);
#3728 = VERTEX_POINT('',#3729);
#3729 = CARTESIAN_POINT('',(-5.60614444824,-4.654,20.280214285714));
#3730 = LINE('',#3731,#3732);
#3731 = CARTESIAN_POINT('',(-5.60614444824,-4.682785714286,
    20.251614285714));
#3732 = VECTOR('',#3733,1.);
#3733 = DIRECTION('',(0.,0.709391437826,0.704814718872));
#3734 = ORIENTED_EDGE('',*,*,#3735,.F.);
#3735 = EDGE_CURVE('',#624,#3728,#3736,.T.);
#3736 = LINE('',#3737,#3738);
#3737 = CARTESIAN_POINT('',(-6.20614444824,-4.654,20.280214285714));
#3738 = VECTOR('',#3739,1.);
#3739 = DIRECTION('',(1.,0.,0.));
#3740 = PLANE('',#3741);
#3741 = AXIS2_PLACEMENT_3D('',#3742,#3743,#3744);
#3742 = CARTESIAN_POINT('',(-6.20614444824,-4.682785714286,
    20.251614285714));
#3743 = DIRECTION('',(0.,-0.704814718872,0.709391437826));
#3744 = DIRECTION('',(0.,0.709391437826,0.704814718872));
#3745 = ADVANCED_FACE('',(#3746),#3764,.T.);
#3746 = FACE_BOUND('',#3747,.T.);
#3747 = EDGE_LOOP('',(#3748,#3749,#3750,#3758));
#3748 = ORIENTED_EDGE('',*,*,#623,.T.);
#3749 = ORIENTED_EDGE('',*,*,#3735,.T.);
#3750 = ORIENTED_EDGE('',*,*,#3751,.T.);
#3751 = EDGE_CURVE('',#3728,#3752,#3754,.T.);
#3752 = VERTEX_POINT('',#3753);
#3753 = CARTESIAN_POINT('',(-5.60614444824,-4.607942857143,20.3259));
#3754 = LINE('',#3755,#3756);
#3755 = CARTESIAN_POINT('',(-5.60614444824,-4.654,20.280214285714));
#3756 = VECTOR('',#3757,1.);
#3757 = DIRECTION('',(0.,0.709963743185,0.704238229127));
#3758 = ORIENTED_EDGE('',*,*,#3759,.F.);
#3759 = EDGE_CURVE('',#616,#3752,#3760,.T.);
#3760 = LINE('',#3761,#3762);
#3761 = CARTESIAN_POINT('',(-6.20614444824,-4.607942857143,20.3259));
#3762 = VECTOR('',#3763,1.);
#3763 = DIRECTION('',(1.,0.,0.));
#3764 = PLANE('',#3765);
#3765 = AXIS2_PLACEMENT_3D('',#3766,#3767,#3768);
#3766 = CARTESIAN_POINT('',(-6.20614444824,-4.654,20.280214285714));
#3767 = DIRECTION('',(0.,-0.704238229127,0.709963743185));
#3768 = DIRECTION('',(0.,0.709963743185,0.704238229127));
#3769 = ADVANCED_FACE('',(#3770),#3788,.T.);
#3770 = FACE_BOUND('',#3771,.T.);
#3771 = EDGE_LOOP('',(#3772,#3773,#3774,#3782));
#3772 = ORIENTED_EDGE('',*,*,#615,.T.);
#3773 = ORIENTED_EDGE('',*,*,#3759,.T.);
#3774 = ORIENTED_EDGE('',*,*,#3775,.T.);
#3775 = EDGE_CURVE('',#3752,#3776,#3778,.T.);
#3776 = VERTEX_POINT('',#3777);
#3777 = CARTESIAN_POINT('',(-5.60614444824,-4.584728571429,
    20.360071428571));
#3778 = LINE('',#3779,#3780);
#3779 = CARTESIAN_POINT('',(-5.60614444824,-4.607942857143,20.3259));
#3780 = VECTOR('',#3781,1.);
#3781 = DIRECTION('',(0.,0.561941076348,0.827177264384));
#3782 = ORIENTED_EDGE('',*,*,#3783,.F.);
#3783 = EDGE_CURVE('',#608,#3776,#3784,.T.);
#3784 = LINE('',#3785,#3786);
#3785 = CARTESIAN_POINT('',(-6.20614444824,-4.584728571429,
    20.360071428571));
#3786 = VECTOR('',#3787,1.);
#3787 = DIRECTION('',(1.,0.,0.));
#3788 = PLANE('',#3789);
#3789 = AXIS2_PLACEMENT_3D('',#3790,#3791,#3792);
#3790 = CARTESIAN_POINT('',(-6.20614444824,-4.607942857143,20.3259));
#3791 = DIRECTION('',(0.,-0.827177264384,0.561941076348));
#3792 = DIRECTION('',(0.,0.561941076348,0.827177264384));
#3793 = ADVANCED_FACE('',(#3794),#3812,.T.);
#3794 = FACE_BOUND('',#3795,.T.);
#3795 = EDGE_LOOP('',(#3796,#3797,#3798,#3806));
#3796 = ORIENTED_EDGE('',*,*,#607,.T.);
#3797 = ORIENTED_EDGE('',*,*,#3783,.T.);
#3798 = ORIENTED_EDGE('',*,*,#3799,.T.);
#3799 = EDGE_CURVE('',#3776,#3800,#3802,.T.);
#3800 = VERTEX_POINT('',#3801);
#3801 = CARTESIAN_POINT('',(-5.60614444824,-4.567457142857,
    20.388671428571));
#3802 = LINE('',#3803,#3804);
#3803 = CARTESIAN_POINT('',(-5.60614444824,-4.584728571429,
    20.360071428571));
#3804 = VECTOR('',#3805,1.);
#3805 = DIRECTION('',(0.,0.51694595675,0.856018035908));
#3806 = ORIENTED_EDGE('',*,*,#3807,.F.);
#3807 = EDGE_CURVE('',#600,#3800,#3808,.T.);
#3808 = LINE('',#3809,#3810);
#3809 = CARTESIAN_POINT('',(-6.20614444824,-4.567457142857,
    20.388671428571));
#3810 = VECTOR('',#3811,1.);
#3811 = DIRECTION('',(1.,0.,0.));
#3812 = PLANE('',#3813);
#3813 = AXIS2_PLACEMENT_3D('',#3814,#3815,#3816);
#3814 = CARTESIAN_POINT('',(-6.20614444824,-4.584728571429,
    20.360071428571));
#3815 = DIRECTION('',(0.,-0.856018035908,0.51694595675));
#3816 = DIRECTION('',(0.,0.51694595675,0.856018035908));
#3817 = ADVANCED_FACE('',(#3818),#3836,.T.);
#3818 = FACE_BOUND('',#3819,.T.);
#3819 = EDGE_LOOP('',(#3820,#3821,#3822,#3830));
#3820 = ORIENTED_EDGE('',*,*,#599,.T.);
#3821 = ORIENTED_EDGE('',*,*,#3807,.T.);
#3822 = ORIENTED_EDGE('',*,*,#3823,.T.);
#3823 = EDGE_CURVE('',#3800,#3824,#3826,.T.);
#3824 = VERTEX_POINT('',#3825);
#3825 = CARTESIAN_POINT('',(-5.60614444824,-4.532914285714,
    20.451257142857));
#3826 = LINE('',#3827,#3828);
#3827 = CARTESIAN_POINT('',(-5.60614444824,-4.567457142857,
    20.388671428571));
#3828 = VECTOR('',#3829,1.);
#3829 = DIRECTION('',(0.,0.483214693258,0.875501890472));
#3830 = ORIENTED_EDGE('',*,*,#3831,.F.);
#3831 = EDGE_CURVE('',#592,#3824,#3832,.T.);
#3832 = LINE('',#3833,#3834);
#3833 = CARTESIAN_POINT('',(-6.20614444824,-4.532914285714,
    20.451257142857));
#3834 = VECTOR('',#3835,1.);
#3835 = DIRECTION('',(1.,0.,0.));
#3836 = PLANE('',#3837);
#3837 = AXIS2_PLACEMENT_3D('',#3838,#3839,#3840);
#3838 = CARTESIAN_POINT('',(-6.20614444824,-4.567457142857,
    20.388671428571));
#3839 = DIRECTION('',(0.,-0.875501890472,0.483214693258));
#3840 = DIRECTION('',(0.,0.483214693258,0.875501890472));
#3841 = ADVANCED_FACE('',(#3842),#3860,.T.);
#3842 = FACE_BOUND('',#3843,.T.);
#3843 = EDGE_LOOP('',(#3844,#3845,#3846,#3854));
#3844 = ORIENTED_EDGE('',*,*,#591,.T.);
#3845 = ORIENTED_EDGE('',*,*,#3831,.T.);
#3846 = ORIENTED_EDGE('',*,*,#3847,.T.);
#3847 = EDGE_CURVE('',#3824,#3848,#3850,.T.);
#3848 = VERTEX_POINT('',#3849);
#3849 = CARTESIAN_POINT('',(-5.60614444824,-4.5214,20.479857142857));
#3850 = LINE('',#3851,#3852);
#3851 = CARTESIAN_POINT('',(-5.60614444824,-4.532914285714,
    20.451257142857));
#3852 = VECTOR('',#3853,1.);
#3853 = DIRECTION('',(0.,0.373466870858,0.927643517938));
#3854 = ORIENTED_EDGE('',*,*,#3855,.F.);
#3855 = EDGE_CURVE('',#584,#3848,#3856,.T.);
#3856 = LINE('',#3857,#3858);
#3857 = CARTESIAN_POINT('',(-6.20614444824,-4.5214,20.479857142857));
#3858 = VECTOR('',#3859,1.);
#3859 = DIRECTION('',(1.,0.,0.));
#3860 = PLANE('',#3861);
#3861 = AXIS2_PLACEMENT_3D('',#3862,#3863,#3864);
#3862 = CARTESIAN_POINT('',(-6.20614444824,-4.532914285714,
    20.451257142857));
#3863 = DIRECTION('',(0.,-0.927643517938,0.373466870858));
#3864 = DIRECTION('',(0.,0.373466870858,0.927643517938));
#3865 = ADVANCED_FACE('',(#3866),#3884,.T.);
#3866 = FACE_BOUND('',#3867,.T.);
#3867 = EDGE_LOOP('',(#3868,#3869,#3870,#3878));
#3868 = ORIENTED_EDGE('',*,*,#583,.T.);
#3869 = ORIENTED_EDGE('',*,*,#3855,.T.);
#3870 = ORIENTED_EDGE('',*,*,#3871,.T.);
#3871 = EDGE_CURVE('',#3848,#3872,#3874,.T.);
#3872 = VERTEX_POINT('',#3873);
#3873 = CARTESIAN_POINT('',(-5.60614444824,-4.504128571429,
    20.519785714286));
#3874 = LINE('',#3875,#3876);
#3875 = CARTESIAN_POINT('',(-5.60614444824,-4.5214,20.479857142857));
#3876 = VECTOR('',#3877,1.);
#3877 = DIRECTION('',(0.,0.397008348188,0.917814998499));
#3878 = ORIENTED_EDGE('',*,*,#3879,.F.);
#3879 = EDGE_CURVE('',#576,#3872,#3880,.T.);
#3880 = LINE('',#3881,#3882);
#3881 = CARTESIAN_POINT('',(-6.20614444824,-4.504128571429,
    20.519785714286));
#3882 = VECTOR('',#3883,1.);
#3883 = DIRECTION('',(1.,0.,0.));
#3884 = PLANE('',#3885);
#3885 = AXIS2_PLACEMENT_3D('',#3886,#3887,#3888);
#3886 = CARTESIAN_POINT('',(-6.20614444824,-4.5214,20.479857142857));
#3887 = DIRECTION('',(0.,-0.917814998499,0.397008348188));
#3888 = DIRECTION('',(0.,0.397008348188,0.917814998499));
#3889 = ADVANCED_FACE('',(#3890),#3908,.T.);
#3890 = FACE_BOUND('',#3891,.T.);
#3891 = EDGE_LOOP('',(#3892,#3893,#3894,#3902));
#3892 = ORIENTED_EDGE('',*,*,#575,.T.);
#3893 = ORIENTED_EDGE('',*,*,#3879,.T.);
#3894 = ORIENTED_EDGE('',*,*,#3895,.T.);
#3895 = EDGE_CURVE('',#3872,#3896,#3898,.T.);
#3896 = VERTEX_POINT('',#3897);
#3897 = CARTESIAN_POINT('',(-5.60614444824,-4.498371428571,
    20.553957142857));
#3898 = LINE('',#3899,#3900);
#3899 = CARTESIAN_POINT('',(-5.60614444824,-4.504128571429,
    20.519785714286));
#3900 = VECTOR('',#3901,1.);
#3901 = DIRECTION('',(0.,0.166136868447,0.98610270304));
#3902 = ORIENTED_EDGE('',*,*,#3903,.F.);
#3903 = EDGE_CURVE('',#568,#3896,#3904,.T.);
#3904 = LINE('',#3905,#3906);
#3905 = CARTESIAN_POINT('',(-6.20614444824,-4.498371428571,
    20.553957142857));
#3906 = VECTOR('',#3907,1.);
#3907 = DIRECTION('',(1.,0.,0.));
#3908 = PLANE('',#3909);
#3909 = AXIS2_PLACEMENT_3D('',#3910,#3911,#3912);
#3910 = CARTESIAN_POINT('',(-6.20614444824,-4.504128571429,
    20.519785714286));
#3911 = DIRECTION('',(0.,-0.98610270304,0.166136868447));
#3912 = DIRECTION('',(0.,0.166136868447,0.98610270304));
#3913 = ADVANCED_FACE('',(#3914),#3932,.T.);
#3914 = FACE_BOUND('',#3915,.T.);
#3915 = EDGE_LOOP('',(#3916,#3917,#3918,#3926));
#3916 = ORIENTED_EDGE('',*,*,#567,.T.);
#3917 = ORIENTED_EDGE('',*,*,#3903,.T.);
#3918 = ORIENTED_EDGE('',*,*,#3919,.T.);
#3919 = EDGE_CURVE('',#3896,#3920,#3922,.T.);
#3920 = VERTEX_POINT('',#3921);
#3921 = CARTESIAN_POINT('',(-5.60614444824,-4.486857142857,
    20.599642857143));
#3922 = LINE('',#3923,#3924);
#3923 = CARTESIAN_POINT('',(-5.60614444824,-4.498371428571,
    20.553957142857));
#3924 = VECTOR('',#3925,1.);
#3925 = DIRECTION('',(0.,0.244390135281,0.969676988372));
#3926 = ORIENTED_EDGE('',*,*,#3927,.F.);
#3927 = EDGE_CURVE('',#560,#3920,#3928,.T.);
#3928 = LINE('',#3929,#3930);
#3929 = CARTESIAN_POINT('',(-6.20614444824,-4.486857142857,
    20.599642857143));
#3930 = VECTOR('',#3931,1.);
#3931 = DIRECTION('',(1.,0.,0.));
#3932 = PLANE('',#3933);
#3933 = AXIS2_PLACEMENT_3D('',#3934,#3935,#3936);
#3934 = CARTESIAN_POINT('',(-6.20614444824,-4.498371428571,
    20.553957142857));
#3935 = DIRECTION('',(0.,-0.969676988372,0.244390135281));
#3936 = DIRECTION('',(0.,0.244390135281,0.969676988372));
#3937 = ADVANCED_FACE('',(#3938),#3963,.T.);
#3938 = FACE_BOUND('',#3939,.T.);
#3939 = EDGE_LOOP('',(#3940,#3941,#3949,#3957));
#3940 = ORIENTED_EDGE('',*,*,#551,.T.);
#3941 = ORIENTED_EDGE('',*,*,#3942,.T.);
#3942 = EDGE_CURVE('',#552,#3943,#3945,.T.);
#3943 = VERTEX_POINT('',#3944);
#3944 = CARTESIAN_POINT('',(-5.60614444824,-4.486857142857,
    21.826285714286));
#3945 = LINE('',#3946,#3947);
#3946 = CARTESIAN_POINT('',(-6.20614444824,-4.486857142857,
    21.826285714286));
#3947 = VECTOR('',#3948,1.);
#3948 = DIRECTION('',(1.,0.,0.));
#3949 = ORIENTED_EDGE('',*,*,#3950,.T.);
#3950 = EDGE_CURVE('',#3943,#3951,#3953,.T.);
#3951 = VERTEX_POINT('',#3952);
#3952 = CARTESIAN_POINT('',(-5.60614444824,-4.492614285714,
    21.889614285714));
#3953 = LINE('',#3954,#3955);
#3954 = CARTESIAN_POINT('',(-5.60614444824,-4.486857142857,
    21.826285714286));
#3955 = VECTOR('',#3956,1.);
#3956 = DIRECTION('',(0.,-9.053574604252E-02,0.995893206468));
#3957 = ORIENTED_EDGE('',*,*,#3958,.F.);
#3958 = EDGE_CURVE('',#544,#3951,#3959,.T.);
#3959 = LINE('',#3960,#3961);
#3960 = CARTESIAN_POINT('',(-6.20614444824,-4.492614285714,
    21.889614285714));
#3961 = VECTOR('',#3962,1.);
#3962 = DIRECTION('',(1.,0.,0.));
#3963 = PLANE('',#3964);
#3964 = AXIS2_PLACEMENT_3D('',#3965,#3966,#3967);
#3965 = CARTESIAN_POINT('',(-6.20614444824,-4.486857142857,
    21.826285714286));
#3966 = DIRECTION('',(0.,-0.995893206468,-9.053574604252E-02));
#3967 = DIRECTION('',(0.,-9.053574604252E-02,0.995893206468));
#3968 = ADVANCED_FACE('',(#3969),#3987,.T.);
#3969 = FACE_BOUND('',#3970,.T.);
#3970 = EDGE_LOOP('',(#3971,#3972,#3973,#3981));
#3971 = ORIENTED_EDGE('',*,*,#543,.T.);
#3972 = ORIENTED_EDGE('',*,*,#3958,.T.);
#3973 = ORIENTED_EDGE('',*,*,#3974,.T.);
#3974 = EDGE_CURVE('',#3951,#3975,#3977,.T.);
#3975 = VERTEX_POINT('',#3976);
#3976 = CARTESIAN_POINT('',(-5.60614444824,-4.498185714286,
    21.941428571429));
#3977 = LINE('',#3978,#3979);
#3978 = CARTESIAN_POINT('',(-5.60614444824,-4.492614285714,
    21.889614285714));
#3979 = VECTOR('',#3980,1.);
#3980 = DIRECTION('',(0.,-0.106910606117,0.994268636888));
#3981 = ORIENTED_EDGE('',*,*,#3982,.F.);
#3982 = EDGE_CURVE('',#536,#3975,#3983,.T.);
#3983 = LINE('',#3984,#3985);
#3984 = CARTESIAN_POINT('',(-6.20614444824,-4.498185714286,
    21.941428571429));
#3985 = VECTOR('',#3986,1.);
#3986 = DIRECTION('',(1.,0.,0.));
#3987 = PLANE('',#3988);
#3988 = AXIS2_PLACEMENT_3D('',#3989,#3990,#3991);
#3989 = CARTESIAN_POINT('',(-6.20614444824,-4.492614285714,
    21.889614285714));
#3990 = DIRECTION('',(0.,-0.994268636888,-0.106910606117));
#3991 = DIRECTION('',(0.,-0.106910606117,0.994268636888));
#3992 = ADVANCED_FACE('',(#3993),#4011,.T.);
#3993 = FACE_BOUND('',#3994,.T.);
#3994 = EDGE_LOOP('',(#3995,#3996,#3997,#4005));
#3995 = ORIENTED_EDGE('',*,*,#535,.T.);
#3996 = ORIENTED_EDGE('',*,*,#3982,.T.);
#3997 = ORIENTED_EDGE('',*,*,#3998,.T.);
#3998 = EDGE_CURVE('',#3975,#3999,#4001,.T.);
#3999 = VERTEX_POINT('',#4000);
#4000 = CARTESIAN_POINT('',(-5.60614444824,-4.503942857143,
    21.976157142857));
#4001 = LINE('',#4002,#4003);
#4002 = CARTESIAN_POINT('',(-5.60614444824,-4.498185714286,
    21.941428571429));
#4003 = VECTOR('',#4004,1.);
#4004 = DIRECTION('',(0.,-0.163543423693,0.986536136473));
#4005 = ORIENTED_EDGE('',*,*,#4006,.F.);
#4006 = EDGE_CURVE('',#528,#3999,#4007,.T.);
#4007 = LINE('',#4008,#4009);
#4008 = CARTESIAN_POINT('',(-6.20614444824,-4.503942857143,
    21.976157142857));
#4009 = VECTOR('',#4010,1.);
#4010 = DIRECTION('',(1.,0.,0.));
#4011 = PLANE('',#4012);
#4012 = AXIS2_PLACEMENT_3D('',#4013,#4014,#4015);
#4013 = CARTESIAN_POINT('',(-6.20614444824,-4.498185714286,
    21.941428571429));
#4014 = DIRECTION('',(0.,-0.986536136473,-0.163543423693));
#4015 = DIRECTION('',(0.,-0.163543423693,0.986536136473));
#4016 = ADVANCED_FACE('',(#4017),#4035,.T.);
#4017 = FACE_BOUND('',#4018,.T.);
#4018 = EDGE_LOOP('',(#4019,#4020,#4021,#4029));
#4019 = ORIENTED_EDGE('',*,*,#527,.T.);
#4020 = ORIENTED_EDGE('',*,*,#4006,.T.);
#4021 = ORIENTED_EDGE('',*,*,#4022,.T.);
#4022 = EDGE_CURVE('',#3999,#4023,#4025,.T.);
#4023 = VERTEX_POINT('',#4024);
#4024 = CARTESIAN_POINT('',(-5.60614444824,-4.521028571429,
    22.016457142857));
#4025 = LINE('',#4026,#4027);
#4026 = CARTESIAN_POINT('',(-5.60614444824,-4.503942857143,
    21.976157142857));
#4027 = VECTOR('',#4028,1.);
#4028 = DIRECTION('',(0.,-0.390331920952,0.920674204855));
#4029 = ORIENTED_EDGE('',*,*,#4030,.F.);
#4030 = EDGE_CURVE('',#520,#4023,#4031,.T.);
#4031 = LINE('',#4032,#4033);
#4032 = CARTESIAN_POINT('',(-6.20614444824,-4.521028571429,
    22.016457142857));
#4033 = VECTOR('',#4034,1.);
#4034 = DIRECTION('',(1.,0.,0.));
#4035 = PLANE('',#4036);
#4036 = AXIS2_PLACEMENT_3D('',#4037,#4038,#4039);
#4037 = CARTESIAN_POINT('',(-6.20614444824,-4.503942857143,
    21.976157142857));
#4038 = DIRECTION('',(0.,-0.920674204855,-0.390331920952));
#4039 = DIRECTION('',(0.,-0.390331920952,0.920674204855));
#4040 = ADVANCED_FACE('',(#4041),#4059,.T.);
#4041 = FACE_BOUND('',#4042,.T.);
#4042 = EDGE_LOOP('',(#4043,#4044,#4045,#4053));
#4043 = ORIENTED_EDGE('',*,*,#519,.T.);
#4044 = ORIENTED_EDGE('',*,*,#4030,.T.);
#4045 = ORIENTED_EDGE('',*,*,#4046,.T.);
#4046 = EDGE_CURVE('',#4023,#4047,#4049,.T.);
#4047 = VERTEX_POINT('',#4048);
#4048 = CARTESIAN_POINT('',(-5.60614444824,-4.538114285714,
    22.056942857143));
#4049 = LINE('',#4050,#4051);
#4050 = CARTESIAN_POINT('',(-5.60614444824,-4.521028571429,
    22.016457142857));
#4051 = VECTOR('',#4052,1.);
#4052 = DIRECTION('',(0.,-0.388812617902,0.921316855463));
#4053 = ORIENTED_EDGE('',*,*,#4054,.F.);
#4054 = EDGE_CURVE('',#512,#4047,#4055,.T.);
#4055 = LINE('',#4056,#4057);
#4056 = CARTESIAN_POINT('',(-6.20614444824,-4.538114285714,
    22.056942857143));
#4057 = VECTOR('',#4058,1.);
#4058 = DIRECTION('',(1.,0.,0.));
#4059 = PLANE('',#4060);
#4060 = AXIS2_PLACEMENT_3D('',#4061,#4062,#4063);
#4061 = CARTESIAN_POINT('',(-6.20614444824,-4.521028571429,
    22.016457142857));
#4062 = DIRECTION('',(0.,-0.921316855463,-0.388812617902));
#4063 = DIRECTION('',(0.,-0.388812617902,0.921316855463));
#4064 = ADVANCED_FACE('',(#4065),#4083,.T.);
#4065 = FACE_BOUND('',#4066,.T.);
#4066 = EDGE_LOOP('',(#4067,#4068,#4069,#4077));
#4067 = ORIENTED_EDGE('',*,*,#511,.T.);
#4068 = ORIENTED_EDGE('',*,*,#4054,.T.);
#4069 = ORIENTED_EDGE('',*,*,#4070,.T.);
#4070 = EDGE_CURVE('',#4047,#4071,#4073,.T.);
#4071 = VERTEX_POINT('',#4072);
#4072 = CARTESIAN_POINT('',(-5.60614444824,-4.549628571429,22.0913));
#4073 = LINE('',#4074,#4075);
#4074 = CARTESIAN_POINT('',(-5.60614444824,-4.538114285714,
    22.056942857143));
#4075 = VECTOR('',#4076,1.);
#4076 = DIRECTION('',(0.,-0.317764922889,0.948169527976));
#4077 = ORIENTED_EDGE('',*,*,#4078,.F.);
#4078 = EDGE_CURVE('',#504,#4071,#4079,.T.);
#4079 = LINE('',#4080,#4081);
#4080 = CARTESIAN_POINT('',(-6.20614444824,-4.549628571429,22.0913));
#4081 = VECTOR('',#4082,1.);
#4082 = DIRECTION('',(1.,0.,0.));
#4083 = PLANE('',#4084);
#4084 = AXIS2_PLACEMENT_3D('',#4085,#4086,#4087);
#4085 = CARTESIAN_POINT('',(-6.20614444824,-4.538114285714,
    22.056942857143));
#4086 = DIRECTION('',(0.,-0.948169527976,-0.317764922889));
#4087 = DIRECTION('',(0.,-0.317764922889,0.948169527976));
#4088 = ADVANCED_FACE('',(#4089),#4107,.T.);
#4089 = FACE_BOUND('',#4090,.T.);
#4090 = EDGE_LOOP('',(#4091,#4092,#4093,#4101));
#4091 = ORIENTED_EDGE('',*,*,#503,.T.);
#4092 = ORIENTED_EDGE('',*,*,#4078,.T.);
#4093 = ORIENTED_EDGE('',*,*,#4094,.T.);
#4094 = EDGE_CURVE('',#4071,#4095,#4097,.T.);
#4095 = VERTEX_POINT('',#4096);
#4096 = CARTESIAN_POINT('',(-5.60614444824,-4.572471428571,
    22.125842857143));
#4097 = LINE('',#4098,#4099);
#4098 = CARTESIAN_POINT('',(-5.60614444824,-4.549628571429,22.0913));
#4099 = VECTOR('',#4100,1.);
#4100 = DIRECTION('',(0.,-0.551591691077,0.834114264555));
#4101 = ORIENTED_EDGE('',*,*,#4102,.F.);
#4102 = EDGE_CURVE('',#496,#4095,#4103,.T.);
#4103 = LINE('',#4104,#4105);
#4104 = CARTESIAN_POINT('',(-6.20614444824,-4.572471428571,
    22.125842857143));
#4105 = VECTOR('',#4106,1.);
#4106 = DIRECTION('',(1.,0.,0.));
#4107 = PLANE('',#4108);
#4108 = AXIS2_PLACEMENT_3D('',#4109,#4110,#4111);
#4109 = CARTESIAN_POINT('',(-6.20614444824,-4.549628571429,22.0913));
#4110 = DIRECTION('',(0.,-0.834114264555,-0.551591691077));
#4111 = DIRECTION('',(0.,-0.551591691077,0.834114264555));
#4112 = ADVANCED_FACE('',(#4113),#4131,.T.);
#4113 = FACE_BOUND('',#4114,.T.);
#4114 = EDGE_LOOP('',(#4115,#4116,#4117,#4125));
#4115 = ORIENTED_EDGE('',*,*,#495,.T.);
#4116 = ORIENTED_EDGE('',*,*,#4102,.T.);
#4117 = ORIENTED_EDGE('',*,*,#4118,.T.);
#4118 = EDGE_CURVE('',#4095,#4119,#4121,.T.);
#4119 = VERTEX_POINT('',#4120);
#4120 = CARTESIAN_POINT('',(-5.60614444824,-4.589557142857,
    22.154814285714));
#4121 = LINE('',#4122,#4123);
#4122 = CARTESIAN_POINT('',(-5.60614444824,-4.572471428571,
    22.125842857143));
#4123 = VECTOR('',#4124,1.);
#4124 = DIRECTION('',(0.,-0.507985019944,0.861365903384));
#4125 = ORIENTED_EDGE('',*,*,#4126,.F.);
#4126 = EDGE_CURVE('',#488,#4119,#4127,.T.);
#4127 = LINE('',#4128,#4129);
#4128 = CARTESIAN_POINT('',(-6.20614444824,-4.589557142857,
    22.154814285714));
#4129 = VECTOR('',#4130,1.);
#4130 = DIRECTION('',(1.,0.,0.));
#4131 = PLANE('',#4132);
#4132 = AXIS2_PLACEMENT_3D('',#4133,#4134,#4135);
#4133 = CARTESIAN_POINT('',(-6.20614444824,-4.572471428571,
    22.125842857143));
#4134 = DIRECTION('',(0.,-0.861365903384,-0.507985019944));
#4135 = DIRECTION('',(0.,-0.507985019944,0.861365903384));
#4136 = ADVANCED_FACE('',(#4137),#4155,.T.);
#4137 = FACE_BOUND('',#4138,.T.);
#4138 = EDGE_LOOP('',(#4139,#4140,#4141,#4149));
#4139 = ORIENTED_EDGE('',*,*,#487,.T.);
#4140 = ORIENTED_EDGE('',*,*,#4126,.T.);
#4141 = ORIENTED_EDGE('',*,*,#4142,.T.);
#4142 = EDGE_CURVE('',#4119,#4143,#4145,.T.);
#4143 = VERTEX_POINT('',#4144);
#4144 = CARTESIAN_POINT('',(-5.60614444824,-4.6124,22.189357142857));
#4145 = LINE('',#4146,#4147);
#4146 = CARTESIAN_POINT('',(-5.60614444824,-4.589557142857,
    22.154814285714));
#4147 = VECTOR('',#4148,1.);
#4148 = DIRECTION('',(0.,-0.551591691077,0.834114264555));
#4149 = ORIENTED_EDGE('',*,*,#4150,.F.);
#4150 = EDGE_CURVE('',#480,#4143,#4151,.T.);
#4151 = LINE('',#4152,#4153);
#4152 = CARTESIAN_POINT('',(-6.20614444824,-4.6124,22.189357142857));
#4153 = VECTOR('',#4154,1.);
#4154 = DIRECTION('',(1.,0.,0.));
#4155 = PLANE('',#4156);
#4156 = AXIS2_PLACEMENT_3D('',#4157,#4158,#4159);
#4157 = CARTESIAN_POINT('',(-6.20614444824,-4.589557142857,
    22.154814285714));
#4158 = DIRECTION('',(0.,-0.834114264555,-0.551591691077));
#4159 = DIRECTION('',(0.,-0.551591691077,0.834114264555));
#4160 = ADVANCED_FACE('',(#4161),#4179,.T.);
#4161 = FACE_BOUND('',#4162,.T.);
#4162 = EDGE_LOOP('',(#4163,#4164,#4165,#4173));
#4163 = ORIENTED_EDGE('',*,*,#479,.T.);
#4164 = ORIENTED_EDGE('',*,*,#4150,.T.);
#4165 = ORIENTED_EDGE('',*,*,#4166,.T.);
#4166 = EDGE_CURVE('',#4143,#4167,#4169,.T.);
#4167 = VERTEX_POINT('',#4168);
#4168 = CARTESIAN_POINT('',(-5.60614444824,-4.635242857143,
    22.212385714286));
#4169 = LINE('',#4170,#4171);
#4170 = CARTESIAN_POINT('',(-5.60614444824,-4.6124,22.189357142857));
#4171 = VECTOR('',#4172,1.);
#4172 = DIRECTION('',(0.,-0.704238229127,0.709963743185));
#4173 = ORIENTED_EDGE('',*,*,#4174,.F.);
#4174 = EDGE_CURVE('',#472,#4167,#4175,.T.);
#4175 = LINE('',#4176,#4177);
#4176 = CARTESIAN_POINT('',(-6.20614444824,-4.635242857143,
    22.212385714286));
#4177 = VECTOR('',#4178,1.);
#4178 = DIRECTION('',(1.,0.,0.));
#4179 = PLANE('',#4180);
#4180 = AXIS2_PLACEMENT_3D('',#4181,#4182,#4183);
#4181 = CARTESIAN_POINT('',(-6.20614444824,-4.6124,22.189357142857));
#4182 = DIRECTION('',(0.,-0.709963743185,-0.704238229127));
#4183 = DIRECTION('',(0.,-0.704238229127,0.709963743185));
#4184 = ADVANCED_FACE('',(#4185),#4203,.T.);
#4185 = FACE_BOUND('',#4186,.T.);
#4186 = EDGE_LOOP('',(#4187,#4188,#4189,#4197));
#4187 = ORIENTED_EDGE('',*,*,#471,.T.);
#4188 = ORIENTED_EDGE('',*,*,#4174,.T.);
#4189 = ORIENTED_EDGE('',*,*,#4190,.T.);
#4190 = EDGE_CURVE('',#4167,#4191,#4193,.T.);
#4191 = VERTEX_POINT('',#4192);
#4192 = CARTESIAN_POINT('',(-5.60614444824,-4.663657142857,
    22.241357142857));
#4193 = LINE('',#4194,#4195);
#4194 = CARTESIAN_POINT('',(-5.60614444824,-4.635242857143,
    22.212385714286));
#4195 = VECTOR('',#4196,1.);
#4196 = DIRECTION('',(0.,-0.700208666892,0.713938248596));
#4197 = ORIENTED_EDGE('',*,*,#4198,.F.);
#4198 = EDGE_CURVE('',#464,#4191,#4199,.T.);
#4199 = LINE('',#4200,#4201);
#4200 = CARTESIAN_POINT('',(-6.20614444824,-4.663657142857,
    22.241357142857));
#4201 = VECTOR('',#4202,1.);
#4202 = DIRECTION('',(1.,0.,0.));
#4203 = PLANE('',#4204);
#4204 = AXIS2_PLACEMENT_3D('',#4205,#4206,#4207);
#4205 = CARTESIAN_POINT('',(-6.20614444824,-4.635242857143,
    22.212385714286));
#4206 = DIRECTION('',(0.,-0.713938248596,-0.700208666892));
#4207 = DIRECTION('',(0.,-0.700208666892,0.713938248596));
#4208 = ADVANCED_FACE('',(#4209),#4227,.T.);
#4209 = FACE_BOUND('',#4210,.T.);
#4210 = EDGE_LOOP('',(#4211,#4212,#4213,#4221));
#4211 = ORIENTED_EDGE('',*,*,#463,.T.);
#4212 = ORIENTED_EDGE('',*,*,#4198,.T.);
#4213 = ORIENTED_EDGE('',*,*,#4214,.T.);
#4214 = EDGE_CURVE('',#4191,#4215,#4217,.T.);
#4215 = VERTEX_POINT('',#4216);
#4216 = CARTESIAN_POINT('',(-5.60614444824,-4.6865,22.264385714286));
#4217 = LINE('',#4218,#4219);
#4218 = CARTESIAN_POINT('',(-5.60614444824,-4.663657142857,
    22.241357142857));
#4219 = VECTOR('',#4220,1.);
#4220 = DIRECTION('',(0.,-0.704238229127,0.709963743185));
#4221 = ORIENTED_EDGE('',*,*,#4222,.F.);
#4222 = EDGE_CURVE('',#456,#4215,#4223,.T.);
#4223 = LINE('',#4224,#4225);
#4224 = CARTESIAN_POINT('',(-6.20614444824,-4.6865,22.264385714286));
#4225 = VECTOR('',#4226,1.);
#4226 = DIRECTION('',(1.,0.,0.));
#4227 = PLANE('',#4228);
#4228 = AXIS2_PLACEMENT_3D('',#4229,#4230,#4231);
#4229 = CARTESIAN_POINT('',(-6.20614444824,-4.663657142857,
    22.241357142857));
#4230 = DIRECTION('',(0.,-0.709963743185,-0.704238229127));
#4231 = DIRECTION('',(0.,-0.704238229127,0.709963743185));
#4232 = ADVANCED_FACE('',(#4233),#4251,.T.);
#4233 = FACE_BOUND('',#4234,.T.);
#4234 = EDGE_LOOP('',(#4235,#4236,#4237,#4245));
#4235 = ORIENTED_EDGE('',*,*,#455,.T.);
#4236 = ORIENTED_EDGE('',*,*,#4222,.T.);
#4237 = ORIENTED_EDGE('',*,*,#4238,.T.);
#4238 = EDGE_CURVE('',#4215,#4239,#4241,.T.);
#4239 = VERTEX_POINT('',#4240);
#4240 = CARTESIAN_POINT('',(-5.60614444824,-4.720857142857,
    22.292985714286));
#4241 = LINE('',#4242,#4243);
#4242 = CARTESIAN_POINT('',(-5.60614444824,-4.6865,22.264385714286));
#4243 = VECTOR('',#4244,1.);
#4244 = DIRECTION('',(0.,-0.768561694488,0.639775680817));
#4245 = ORIENTED_EDGE('',*,*,#4246,.F.);
#4246 = EDGE_CURVE('',#448,#4239,#4247,.T.);
#4247 = LINE('',#4248,#4249);
#4248 = CARTESIAN_POINT('',(-6.20614444824,-4.720857142857,
    22.292985714286));
#4249 = VECTOR('',#4250,1.);
#4250 = DIRECTION('',(1.,0.,0.));
#4251 = PLANE('',#4252);
#4252 = AXIS2_PLACEMENT_3D('',#4253,#4254,#4255);
#4253 = CARTESIAN_POINT('',(-6.20614444824,-4.6865,22.264385714286));
#4254 = DIRECTION('',(0.,-0.639775680817,-0.768561694488));
#4255 = DIRECTION('',(0.,-0.768561694488,0.639775680817));
#4256 = ADVANCED_FACE('',(#4257),#4275,.T.);
#4257 = FACE_BOUND('',#4258,.T.);
#4258 = EDGE_LOOP('',(#4259,#4260,#4261,#4269));
#4259 = ORIENTED_EDGE('',*,*,#447,.T.);
#4260 = ORIENTED_EDGE('',*,*,#4246,.T.);
#4261 = ORIENTED_EDGE('',*,*,#4262,.T.);
#4262 = EDGE_CURVE('',#4239,#4263,#4265,.T.);
#4263 = VERTEX_POINT('',#4264);
#4264 = CARTESIAN_POINT('',(-5.60614444824,-4.755028571429,22.3162));
#4265 = LINE('',#4266,#4267);
#4266 = CARTESIAN_POINT('',(-5.60614444824,-4.720857142857,
    22.292985714286));
#4267 = VECTOR('',#4268,1.);
#4268 = DIRECTION('',(0.,-0.827177264384,0.561941076348));
#4269 = ORIENTED_EDGE('',*,*,#4270,.F.);
#4270 = EDGE_CURVE('',#440,#4263,#4271,.T.);
#4271 = LINE('',#4272,#4273);
#4272 = CARTESIAN_POINT('',(-6.20614444824,-4.755028571429,22.3162));
#4273 = VECTOR('',#4274,1.);
#4274 = DIRECTION('',(1.,0.,0.));
#4275 = PLANE('',#4276);
#4276 = AXIS2_PLACEMENT_3D('',#4277,#4278,#4279);
#4277 = CARTESIAN_POINT('',(-6.20614444824,-4.720857142857,
    22.292985714286));
#4278 = DIRECTION('',(0.,-0.561941076348,-0.827177264384));
#4279 = DIRECTION('',(0.,-0.827177264384,0.561941076348));
#4280 = ADVANCED_FACE('',(#4281),#4306,.T.);
#4281 = FACE_BOUND('',#4282,.T.);
#4282 = EDGE_LOOP('',(#4283,#4284,#4292,#4300));
#4283 = ORIENTED_EDGE('',*,*,#431,.T.);
#4284 = ORIENTED_EDGE('',*,*,#4285,.T.);
#4285 = EDGE_CURVE('',#432,#4286,#4288,.T.);
#4286 = VERTEX_POINT('',#4287);
#4287 = CARTESIAN_POINT('',(-5.60614444824,-4.823371428571,
    22.350742857143));
#4288 = LINE('',#4289,#4290);
#4289 = CARTESIAN_POINT('',(-6.20614444824,-4.823371428571,
    22.350742857143));
#4290 = VECTOR('',#4291,1.);
#4291 = DIRECTION('',(1.,0.,0.));
#4292 = ORIENTED_EDGE('',*,*,#4293,.T.);
#4293 = EDGE_CURVE('',#4286,#4294,#4296,.T.);
#4294 = VERTEX_POINT('',#4295);
#4295 = CARTESIAN_POINT('',(-5.60614444824,-4.851971428571,
    22.362257142857));
#4296 = LINE('',#4297,#4298);
#4297 = CARTESIAN_POINT('',(-5.60614444824,-4.823371428571,
    22.350742857143));
#4298 = VECTOR('',#4299,1.);
#4299 = DIRECTION('',(0.,-0.927643517938,0.373466870858));
#4300 = ORIENTED_EDGE('',*,*,#4301,.F.);
#4301 = EDGE_CURVE('',#424,#4294,#4302,.T.);
#4302 = LINE('',#4303,#4304);
#4303 = CARTESIAN_POINT('',(-6.20614444824,-4.851971428571,
    22.362257142857));
#4304 = VECTOR('',#4305,1.);
#4305 = DIRECTION('',(1.,0.,0.));
#4306 = PLANE('',#4307);
#4307 = AXIS2_PLACEMENT_3D('',#4308,#4309,#4310);
#4308 = CARTESIAN_POINT('',(-6.20614444824,-4.823371428571,
    22.350742857143));
#4309 = DIRECTION('',(0.,-0.373466870858,-0.927643517938));
#4310 = DIRECTION('',(0.,-0.927643517938,0.373466870858));
#4311 = ADVANCED_FACE('',(#4312),#4330,.T.);
#4312 = FACE_BOUND('',#4313,.T.);
#4313 = EDGE_LOOP('',(#4314,#4315,#4316,#4324));
#4314 = ORIENTED_EDGE('',*,*,#423,.T.);
#4315 = ORIENTED_EDGE('',*,*,#4301,.T.);
#4316 = ORIENTED_EDGE('',*,*,#4317,.T.);
#4317 = EDGE_CURVE('',#4294,#4318,#4320,.T.);
#4318 = VERTEX_POINT('',#4319);
#4319 = CARTESIAN_POINT('',(-5.60614444824,-4.8919,22.379528571429));
#4320 = LINE('',#4321,#4322);
#4321 = CARTESIAN_POINT('',(-5.60614444824,-4.851971428571,
    22.362257142857));
#4322 = VECTOR('',#4323,1.);
#4323 = DIRECTION('',(0.,-0.917814998499,0.397008348188));
#4324 = ORIENTED_EDGE('',*,*,#4325,.F.);
#4325 = EDGE_CURVE('',#416,#4318,#4326,.T.);
#4326 = LINE('',#4327,#4328);
#4327 = CARTESIAN_POINT('',(-6.20614444824,-4.8919,22.379528571429));
#4328 = VECTOR('',#4329,1.);
#4329 = DIRECTION('',(1.,0.,0.));
#4330 = PLANE('',#4331);
#4331 = AXIS2_PLACEMENT_3D('',#4332,#4333,#4334);
#4332 = CARTESIAN_POINT('',(-6.20614444824,-4.851971428571,
    22.362257142857));
#4333 = DIRECTION('',(0.,-0.397008348188,-0.917814998499));
#4334 = DIRECTION('',(0.,-0.917814998499,0.397008348188));
#4335 = ADVANCED_FACE('',(#4336),#4354,.T.);
#4336 = FACE_BOUND('',#4337,.T.);
#4337 = EDGE_LOOP('',(#4338,#4339,#4340,#4348));
#4338 = ORIENTED_EDGE('',*,*,#415,.T.);
#4339 = ORIENTED_EDGE('',*,*,#4325,.T.);
#4340 = ORIENTED_EDGE('',*,*,#4341,.T.);
#4341 = EDGE_CURVE('',#4318,#4342,#4344,.T.);
#4342 = VERTEX_POINT('',#4343);
#4343 = CARTESIAN_POINT('',(-5.60614444824,-4.926071428571,
    22.385285714286));
#4344 = LINE('',#4345,#4346);
#4345 = CARTESIAN_POINT('',(-5.60614444824,-4.8919,22.379528571429));
#4346 = VECTOR('',#4347,1.);
#4347 = DIRECTION('',(0.,-0.98610270304,0.166136868447));
#4348 = ORIENTED_EDGE('',*,*,#4349,.F.);
#4349 = EDGE_CURVE('',#408,#4342,#4350,.T.);
#4350 = LINE('',#4351,#4352);
#4351 = CARTESIAN_POINT('',(-6.20614444824,-4.926071428571,
    22.385285714286));
#4352 = VECTOR('',#4353,1.);
#4353 = DIRECTION('',(1.,0.,0.));
#4354 = PLANE('',#4355);
#4355 = AXIS2_PLACEMENT_3D('',#4356,#4357,#4358);
#4356 = CARTESIAN_POINT('',(-6.20614444824,-4.8919,22.379528571429));
#4357 = DIRECTION('',(0.,-0.166136868447,-0.98610270304));
#4358 = DIRECTION('',(0.,-0.98610270304,0.166136868447));
#4359 = ADVANCED_FACE('',(#4360),#4378,.T.);
#4360 = FACE_BOUND('',#4361,.T.);
#4361 = EDGE_LOOP('',(#4362,#4363,#4364,#4372));
#4362 = ORIENTED_EDGE('',*,*,#407,.T.);
#4363 = ORIENTED_EDGE('',*,*,#4349,.T.);
#4364 = ORIENTED_EDGE('',*,*,#4365,.T.);
#4365 = EDGE_CURVE('',#4342,#4366,#4368,.T.);
#4366 = VERTEX_POINT('',#4367);
#4367 = CARTESIAN_POINT('',(-5.60614444824,-4.971757142857,22.3968));
#4368 = LINE('',#4369,#4370);
#4369 = CARTESIAN_POINT('',(-5.60614444824,-4.926071428571,
    22.385285714286));
#4370 = VECTOR('',#4371,1.);
#4371 = DIRECTION('',(0.,-0.969676988372,0.244390135281));
#4372 = ORIENTED_EDGE('',*,*,#4373,.F.);
#4373 = EDGE_CURVE('',#400,#4366,#4374,.T.);
#4374 = LINE('',#4375,#4376);
#4375 = CARTESIAN_POINT('',(-6.20614444824,-4.971757142857,22.3968));
#4376 = VECTOR('',#4377,1.);
#4377 = DIRECTION('',(1.,0.,0.));
#4378 = PLANE('',#4379);
#4379 = AXIS2_PLACEMENT_3D('',#4380,#4381,#4382);
#4380 = CARTESIAN_POINT('',(-6.20614444824,-4.926071428571,
    22.385285714286));
#4381 = DIRECTION('',(0.,-0.244390135281,-0.969676988372));
#4382 = DIRECTION('',(0.,-0.969676988372,0.244390135281));
#4383 = ADVANCED_FACE('',(#4384),#4409,.T.);
#4384 = FACE_BOUND('',#4385,.T.);
#4385 = EDGE_LOOP('',(#4386,#4387,#4395,#4403));
#4386 = ORIENTED_EDGE('',*,*,#391,.T.);
#4387 = ORIENTED_EDGE('',*,*,#4388,.T.);
#4388 = EDGE_CURVE('',#392,#4389,#4391,.T.);
#4389 = VERTEX_POINT('',#4390);
#4390 = CARTESIAN_POINT('',(-5.60614444824,-5.913142857143,22.3968));
#4391 = LINE('',#4392,#4393);
#4392 = CARTESIAN_POINT('',(-6.20614444824,-5.913142857143,22.3968));
#4393 = VECTOR('',#4394,1.);
#4394 = DIRECTION('',(1.,0.,0.));
#4395 = ORIENTED_EDGE('',*,*,#4396,.T.);
#4396 = EDGE_CURVE('',#4389,#4397,#4399,.T.);
#4397 = VERTEX_POINT('',#4398);
#4398 = CARTESIAN_POINT('',(-5.60614444824,-5.975914285714,
    22.391042857143));
#4399 = LINE('',#4400,#4401);
#4400 = CARTESIAN_POINT('',(-5.60614444824,-5.913142857143,22.3968));
#4401 = VECTOR('',#4402,1.);
#4402 = DIRECTION('',(0.,-0.995820439719,-9.133264387955E-02));
#4403 = ORIENTED_EDGE('',*,*,#4404,.F.);
#4404 = EDGE_CURVE('',#384,#4397,#4405,.T.);
#4405 = LINE('',#4406,#4407);
#4406 = CARTESIAN_POINT('',(-6.20614444824,-5.975914285714,
    22.391042857143));
#4407 = VECTOR('',#4408,1.);
#4408 = DIRECTION('',(1.,0.,0.));
#4409 = PLANE('',#4410);
#4410 = AXIS2_PLACEMENT_3D('',#4411,#4412,#4413);
#4411 = CARTESIAN_POINT('',(-6.20614444824,-5.913142857143,22.3968));
#4412 = DIRECTION('',(0.,9.133264387955E-02,-0.995820439719));
#4413 = DIRECTION('',(0.,-0.995820439719,-9.133264387955E-02));
#4414 = ADVANCED_FACE('',(#4415),#4433,.T.);
#4415 = FACE_BOUND('',#4416,.T.);
#4416 = EDGE_LOOP('',(#4417,#4418,#4419,#4427));
#4417 = ORIENTED_EDGE('',*,*,#383,.T.);
#4418 = ORIENTED_EDGE('',*,*,#4404,.T.);
#4419 = ORIENTED_EDGE('',*,*,#4420,.T.);
#4420 = EDGE_CURVE('',#4397,#4421,#4423,.T.);
#4421 = VERTEX_POINT('',#4422);
#4422 = CARTESIAN_POINT('',(-5.60614444824,-6.027171428571,
    22.385471428571));
#4423 = LINE('',#4424,#4425);
#4424 = CARTESIAN_POINT('',(-5.60614444824,-5.975914285714,
    22.391042857143));
#4425 = VECTOR('',#4426,1.);
#4426 = DIRECTION('',(0.,-0.994144463069,-0.108059180768));
#4427 = ORIENTED_EDGE('',*,*,#4428,.F.);
#4428 = EDGE_CURVE('',#376,#4421,#4429,.T.);
#4429 = LINE('',#4430,#4431);
#4430 = CARTESIAN_POINT('',(-6.20614444824,-6.027171428571,
    22.385471428571));
#4431 = VECTOR('',#4432,1.);
#4432 = DIRECTION('',(1.,0.,0.));
#4433 = PLANE('',#4434);
#4434 = AXIS2_PLACEMENT_3D('',#4435,#4436,#4437);
#4435 = CARTESIAN_POINT('',(-6.20614444824,-5.975914285714,
    22.391042857143));
#4436 = DIRECTION('',(0.,0.108059180768,-0.994144463069));
#4437 = DIRECTION('',(0.,-0.994144463069,-0.108059180768));
#4438 = ADVANCED_FACE('',(#4439),#4457,.T.);
#4439 = FACE_BOUND('',#4440,.T.);
#4440 = EDGE_LOOP('',(#4441,#4442,#4443,#4451));
#4441 = ORIENTED_EDGE('',*,*,#375,.T.);
#4442 = ORIENTED_EDGE('',*,*,#4428,.T.);
#4443 = ORIENTED_EDGE('',*,*,#4444,.T.);
#4444 = EDGE_CURVE('',#4421,#4445,#4447,.T.);
#4445 = VERTEX_POINT('',#4446);
#4446 = CARTESIAN_POINT('',(-5.60614444824,-6.089942857143,22.3682));
#4447 = LINE('',#4448,#4449);
#4448 = CARTESIAN_POINT('',(-5.60614444824,-6.027171428571,
    22.385471428571));
#4449 = VECTOR('',#4450,1.);
#4450 = DIRECTION('',(0.,-0.964168918516,-0.26528908113));
#4451 = ORIENTED_EDGE('',*,*,#4452,.F.);
#4452 = EDGE_CURVE('',#368,#4445,#4453,.T.);
#4453 = LINE('',#4454,#4455);
#4454 = CARTESIAN_POINT('',(-6.20614444824,-6.089942857143,22.3682));
#4455 = VECTOR('',#4456,1.);
#4456 = DIRECTION('',(1.,0.,0.));
#4457 = PLANE('',#4458);
#4458 = AXIS2_PLACEMENT_3D('',#4459,#4460,#4461);
#4459 = CARTESIAN_POINT('',(-6.20614444824,-6.027171428571,
    22.385471428571));
#4460 = DIRECTION('',(0.,0.26528908113,-0.964168918516));
#4461 = DIRECTION('',(0.,-0.964168918516,-0.26528908113));
#4462 = ADVANCED_FACE('',(#4463),#4474,.T.);
#4463 = FACE_BOUND('',#4464,.T.);
#4464 = EDGE_LOOP('',(#4465,#4466,#4467,#4473));
#4465 = ORIENTED_EDGE('',*,*,#367,.T.);
#4466 = ORIENTED_EDGE('',*,*,#4452,.T.);
#4467 = ORIENTED_EDGE('',*,*,#4468,.T.);
#4468 = EDGE_CURVE('',#4445,#2829,#4469,.T.);
#4469 = LINE('',#4470,#4471);
#4470 = CARTESIAN_POINT('',(-5.60614444824,-6.089942857143,22.3682));
#4471 = VECTOR('',#4472,1.);
#4472 = DIRECTION('',(0.,-0.923742113572,-0.3830150227));
#4473 = ORIENTED_EDGE('',*,*,#2836,.T.);
#4474 = PLANE('',#4475);
#4475 = AXIS2_PLACEMENT_3D('',#4476,#4477,#4478);
#4476 = CARTESIAN_POINT('',(-6.20614444824,-6.089942857143,22.3682));
#4477 = DIRECTION('',(0.,0.3830150227,-0.923742113572));
#4478 = DIRECTION('',(0.,-0.923742113572,-0.3830150227));
#4479 = ADVANCED_FACE('',(#4480,#4498),#4542,.T.);
#4480 = FACE_BOUND('',#4481,.T.);
#4481 = EDGE_LOOP('',(#4482,#4483,#4484,#4492));
#4482 = ORIENTED_EDGE('',*,*,#351,.F.);
#4483 = ORIENTED_EDGE('',*,*,#2843,.T.);
#4484 = ORIENTED_EDGE('',*,*,#4485,.T.);
#4485 = EDGE_CURVE('',#2806,#4486,#4488,.T.);
#4486 = VERTEX_POINT('',#4487);
#4487 = CARTESIAN_POINT('',(6.10614444824,6.10614444824,40.8));
#4488 = LINE('',#4489,#4490);
#4489 = CARTESIAN_POINT('',(6.10614444824,-6.10614444824,40.8));
#4490 = VECTOR('',#4491,1.);
#4491 = DIRECTION('',(-0.,1.,0.));
#4492 = ORIENTED_EDGE('',*,*,#4493,.F.);
#4493 = EDGE_CURVE('',#344,#4486,#4494,.T.);
#4494 = LINE('',#4495,#4496);
#4495 = CARTESIAN_POINT('',(-6.10614444824,6.10614444824,40.8));
#4496 = VECTOR('',#4497,1.);
#4497 = DIRECTION('',(1.,0.,-0.));
#4498 = FACE_BOUND('',#4499,.T.);
#4499 = EDGE_LOOP('',(#4500,#4509,#4516,#4523,#4530,#4537));
#4500 = ORIENTED_EDGE('',*,*,#4501,.F.);
#4501 = EDGE_CURVE('',#4502,#4504,#4506,.T.);
#4502 = VERTEX_POINT('',#4503);
#4503 = CARTESIAN_POINT('',(4.028751619979,4.435347913609E-16,40.8));
#4504 = VERTEX_POINT('',#4505);
#4505 = CARTESIAN_POINT('',(2.014375809989,3.489001248439,40.8));
#4506 = B_SPLINE_CURVE_WITH_KNOTS('',1,(#4507,#4508),.UNSPECIFIED.,.F.,
  .F.,(2,2),(0.,1.),.PIECEWISE_BEZIER_KNOTS.);
#4507 = CARTESIAN_POINT('',(4.028751619979,0.,40.8));
#4508 = CARTESIAN_POINT('',(2.014375809989,3.489001248439,40.8));
#4509 = ORIENTED_EDGE('',*,*,#4510,.F.);
#4510 = EDGE_CURVE('',#4511,#4502,#4513,.T.);
#4511 = VERTEX_POINT('',#4512);
#4512 = CARTESIAN_POINT('',(2.014375809989,-3.489001248439,40.8));
#4513 = B_SPLINE_CURVE_WITH_KNOTS('',1,(#4514,#4515),.UNSPECIFIED.,.F.,
  .F.,(2,2),(0.,1.),.PIECEWISE_BEZIER_KNOTS.);
#4514 = CARTESIAN_POINT('',(2.014375809989,-3.489001248439,40.8));
#4515 = CARTESIAN_POINT('',(4.028751619979,0.,40.8));
#4516 = ORIENTED_EDGE('',*,*,#4517,.F.);
#4517 = EDGE_CURVE('',#4518,#4511,#4520,.T.);
#4518 = VERTEX_POINT('',#4519);
#4519 = CARTESIAN_POINT('',(-2.014375809989,-3.489001248439,40.8));
#4520 = B_SPLINE_CURVE_WITH_KNOTS('',1,(#4521,#4522),.UNSPECIFIED.,.F.,
  .F.,(2,2),(0.,1.),.PIECEWISE_BEZIER_KNOTS.);
#4521 = CARTESIAN_POINT('',(-2.014375809989,-3.489001248439,40.8));
#4522 = CARTESIAN_POINT('',(2.014375809989,-3.489001248439,40.8));
#4523 = ORIENTED_EDGE('',*,*,#4524,.F.);
#4524 = EDGE_CURVE('',#4525,#4518,#4527,.T.);
#4525 = VERTEX_POINT('',#4526);
#4526 = CARTESIAN_POINT('',(-4.028751619979,-8.876240012109E-16,40.8));
#4527 = B_SPLINE_CURVE_WITH_KNOTS('',1,(#4528,#4529),.UNSPECIFIED.,.F.,
  .F.,(2,2),(0.,1.),.PIECEWISE_BEZIER_KNOTS.);
#4528 = CARTESIAN_POINT('',(-4.028751619979,-8.881784197001E-16,40.8));
#4529 = CARTESIAN_POINT('',(-2.014375809989,-3.489001248439,40.8));
#4530 = ORIENTED_EDGE('',*,*,#4531,.F.);
#4531 = EDGE_CURVE('',#4532,#4525,#4534,.T.);
#4532 = VERTEX_POINT('',#4533);
#4533 = CARTESIAN_POINT('',(-2.014375809989,3.489001248439,40.8));
#4534 = B_SPLINE_CURVE_WITH_KNOTS('',1,(#4535,#4536),.UNSPECIFIED.,.F.,
  .F.,(2,2),(0.,1.),.PIECEWISE_BEZIER_KNOTS.);
#4535 = CARTESIAN_POINT('',(-2.014375809989,3.489001248439,40.8));
#4536 = CARTESIAN_POINT('',(-4.028751619979,-8.881784197001E-16,40.8));
#4537 = ORIENTED_EDGE('',*,*,#4538,.F.);
#4538 = EDGE_CURVE('',#4504,#4532,#4539,.T.);
#4539 = B_SPLINE_CURVE_WITH_KNOTS('',1,(#4540,#4541),.UNSPECIFIED.,.F.,
  .F.,(2,2),(0.,1.),.PIECEWISE_BEZIER_KNOTS.);
#4540 = CARTESIAN_POINT('',(2.014375809989,3.489001248439,40.8));
#4541 = CARTESIAN_POINT('',(-2.014375809989,3.489001248439,40.8));
#4542 = PLANE('',#4543);
#4543 = AXIS2_PLACEMENT_3D('',#4544,#4545,#4546);
#4544 = CARTESIAN_POINT('',(-6.10614444824,-6.10614444824,40.8));
#4545 = DIRECTION('',(0.,0.,1.));
#4546 = DIRECTION('',(1.,0.,-0.));
#4547 = ADVANCED_FACE('',(#4548),#4589,.T.);
#4548 = FACE_BOUND('',#4549,.T.);
#4549 = EDGE_LOOP('',(#4550,#4558,#4564,#4565,#4573,#4581,#4587,#4588));
#4550 = ORIENTED_EDGE('',*,*,#4551,.F.);
#4551 = EDGE_CURVE('',#4552,#4486,#4554,.T.);
#4552 = VERTEX_POINT('',#4553);
#4553 = CARTESIAN_POINT('',(6.10614444824,6.10614444824,-3.));
#4554 = LINE('',#4555,#4556);
#4555 = CARTESIAN_POINT('',(6.10614444824,6.10614444824,-3.));
#4556 = VECTOR('',#4557,1.);
#4557 = DIRECTION('',(0.,0.,1.));
#4558 = ORIENTED_EDGE('',*,*,#4559,.F.);
#4559 = EDGE_CURVE('',#32,#4552,#4560,.T.);
#4560 = LINE('',#4561,#4562);
#4561 = CARTESIAN_POINT('',(-6.10614444824,6.10614444824,-3.));
#4562 = VECTOR('',#4563,1.);
#4563 = DIRECTION('',(1.,0.,-0.));
#4564 = ORIENTED_EDGE('',*,*,#39,.T.);
#4565 = ORIENTED_EDGE('',*,*,#4566,.T.);
#4566 = EDGE_CURVE('',#40,#4567,#4569,.T.);
#4567 = VERTEX_POINT('',#4568);
#4568 = CARTESIAN_POINT('',(-5.60614444824,6.10614444824,21.826285714286
    ));
#4569 = LINE('',#4570,#4571);
#4570 = CARTESIAN_POINT('',(-6.15614444824,6.10614444824,21.826285714286
    ));
#4571 = VECTOR('',#4572,1.);
#4572 = DIRECTION('',(1.,0.,-0.));
#4573 = ORIENTED_EDGE('',*,*,#4574,.T.);
#4574 = EDGE_CURVE('',#4567,#4575,#4577,.T.);
#4575 = VERTEX_POINT('',#4576);
#4576 = CARTESIAN_POINT('',(-5.60614444824,6.10614444824,22.3968));
#4577 = LINE('',#4578,#4579);
#4578 = CARTESIAN_POINT('',(-5.60614444824,6.10614444824,8.903221744688)
  );
#4579 = VECTOR('',#4580,1.);
#4580 = DIRECTION('',(0.,0.,1.));
#4581 = ORIENTED_EDGE('',*,*,#4582,.T.);
#4582 = EDGE_CURVE('',#4575,#336,#4583,.T.);
#4583 = LINE('',#4584,#4585);
#4584 = CARTESIAN_POINT('',(-6.15614444824,6.10614444824,22.3968));
#4585 = VECTOR('',#4586,1.);
#4586 = DIRECTION('',(-1.,0.,-0.));
#4587 = ORIENTED_EDGE('',*,*,#343,.T.);
#4588 = ORIENTED_EDGE('',*,*,#4493,.T.);
#4589 = PLANE('',#4590);
#4590 = AXIS2_PLACEMENT_3D('',#4591,#4592,#4593);
#4591 = CARTESIAN_POINT('',(-6.10614444824,6.10614444824,-3.));
#4592 = DIRECTION('',(-0.,1.,0.));
#4593 = DIRECTION('',(0.,0.,1.));
#4594 = ADVANCED_FACE('',(#4595),#4620,.T.);
#4595 = FACE_BOUND('',#4596,.T.);
#4596 = EDGE_LOOP('',(#4597,#4598,#4606,#4614));
#4597 = ORIENTED_EDGE('',*,*,#327,.T.);
#4598 = ORIENTED_EDGE('',*,*,#4599,.T.);
#4599 = EDGE_CURVE('',#328,#4600,#4602,.T.);
#4600 = VERTEX_POINT('',#4601);
#4601 = CARTESIAN_POINT('',(-5.60614444824,4.606642857143,22.3968));
#4602 = LINE('',#4603,#4604);
#4603 = CARTESIAN_POINT('',(-6.20614444824,4.606642857143,22.3968));
#4604 = VECTOR('',#4605,1.);
#4605 = DIRECTION('',(1.,0.,0.));
#4606 = ORIENTED_EDGE('',*,*,#4607,.T.);
#4607 = EDGE_CURVE('',#4600,#4608,#4610,.T.);
#4608 = VERTEX_POINT('',#4609);
#4609 = CARTESIAN_POINT('',(-5.60614444824,4.5838,22.391228571429));
#4610 = LINE('',#4611,#4612);
#4611 = CARTESIAN_POINT('',(-5.60614444824,4.606642857143,22.3968));
#4612 = VECTOR('',#4613,1.);
#4613 = DIRECTION('',(0.,-0.971520338783,-0.236956180191));
#4614 = ORIENTED_EDGE('',*,*,#4615,.F.);
#4615 = EDGE_CURVE('',#320,#4608,#4616,.T.);
#4616 = LINE('',#4617,#4618);
#4617 = CARTESIAN_POINT('',(-6.20614444824,4.5838,22.391228571429));
#4618 = VECTOR('',#4619,1.);
#4619 = DIRECTION('',(1.,0.,0.));
#4620 = PLANE('',#4621);
#4621 = AXIS2_PLACEMENT_3D('',#4622,#4623,#4624);
#4622 = CARTESIAN_POINT('',(-6.20614444824,4.606642857143,22.3968));
#4623 = DIRECTION('',(0.,0.236956180191,-0.971520338783));
#4624 = DIRECTION('',(0.,-0.971520338783,-0.236956180191));
#4625 = ADVANCED_FACE('',(#4626),#4644,.T.);
#4626 = FACE_BOUND('',#4627,.T.);
#4627 = EDGE_LOOP('',(#4628,#4629,#4630,#4638));
#4628 = ORIENTED_EDGE('',*,*,#319,.T.);
#4629 = ORIENTED_EDGE('',*,*,#4615,.T.);
#4630 = ORIENTED_EDGE('',*,*,#4631,.T.);
#4631 = EDGE_CURVE('',#4608,#4632,#4634,.T.);
#4632 = VERTEX_POINT('',#4633);
#4633 = CARTESIAN_POINT('',(-5.60614444824,4.566714285714,
    22.380457142857));
#4634 = LINE('',#4635,#4636);
#4635 = CARTESIAN_POINT('',(-5.60614444824,4.5838,22.391228571429));
#4636 = VECTOR('',#4637,1.);
#4637 = DIRECTION('',(0.,-0.845925602596,-0.533300923376));
#4638 = ORIENTED_EDGE('',*,*,#4639,.F.);
#4639 = EDGE_CURVE('',#312,#4632,#4640,.T.);
#4640 = LINE('',#4641,#4642);
#4641 = CARTESIAN_POINT('',(-6.20614444824,4.566714285714,
    22.380457142857));
#4642 = VECTOR('',#4643,1.);
#4643 = DIRECTION('',(1.,0.,0.));
#4644 = PLANE('',#4645);
#4645 = AXIS2_PLACEMENT_3D('',#4646,#4647,#4648);
#4646 = CARTESIAN_POINT('',(-6.20614444824,4.5838,22.391228571429));
#4647 = DIRECTION('',(0.,0.533300923376,-0.845925602596));
#4648 = DIRECTION('',(0.,-0.845925602596,-0.533300923376));
#4649 = ADVANCED_FACE('',(#4650),#4668,.T.);
#4650 = FACE_BOUND('',#4651,.T.);
#4651 = EDGE_LOOP('',(#4652,#4653,#4654,#4662));
#4652 = ORIENTED_EDGE('',*,*,#311,.T.);
#4653 = ORIENTED_EDGE('',*,*,#4639,.T.);
#4654 = ORIENTED_EDGE('',*,*,#4655,.T.);
#4655 = EDGE_CURVE('',#4632,#4656,#4658,.T.);
#4656 = VERTEX_POINT('',#4657);
#4657 = CARTESIAN_POINT('',(-5.60614444824,4.549628571429,
    22.369314285714));
#4658 = LINE('',#4659,#4660);
#4659 = CARTESIAN_POINT('',(-5.60614444824,4.566714285714,
    22.380457142857));
#4660 = VECTOR('',#4661,1.);
#4661 = DIRECTION('',(0.,-0.837610596839,-0.546267780547));
#4662 = ORIENTED_EDGE('',*,*,#4663,.F.);
#4663 = EDGE_CURVE('',#304,#4656,#4664,.T.);
#4664 = LINE('',#4665,#4666);
#4665 = CARTESIAN_POINT('',(-6.20614444824,4.549628571429,
    22.369314285714));
#4666 = VECTOR('',#4667,1.);
#4667 = DIRECTION('',(1.,0.,0.));
#4668 = PLANE('',#4669);
#4669 = AXIS2_PLACEMENT_3D('',#4670,#4671,#4672);
#4670 = CARTESIAN_POINT('',(-6.20614444824,4.566714285714,
    22.380457142857));
#4671 = DIRECTION('',(0.,0.546267780547,-0.837610596839));
#4672 = DIRECTION('',(0.,-0.837610596839,-0.546267780547));
#4673 = ADVANCED_FACE('',(#4674),#4692,.T.);
#4674 = FACE_BOUND('',#4675,.T.);
#4675 = EDGE_LOOP('',(#4676,#4677,#4678,#4686));
#4676 = ORIENTED_EDGE('',*,*,#303,.T.);
#4677 = ORIENTED_EDGE('',*,*,#4663,.T.);
#4678 = ORIENTED_EDGE('',*,*,#4679,.T.);
#4679 = EDGE_CURVE('',#4656,#4680,#4682,.T.);
#4680 = VERTEX_POINT('',#4681);
#4681 = CARTESIAN_POINT('',(-5.60614444824,4.532542857143,
    22.358357142857));
#4682 = LINE('',#4683,#4684);
#4683 = CARTESIAN_POINT('',(-5.60614444824,4.549628571429,
    22.369314285714));
#4684 = VECTOR('',#4685,1.);
#4685 = DIRECTION('',(0.,-0.841772532358,-0.539832384882));
#4686 = ORIENTED_EDGE('',*,*,#4687,.F.);
#4687 = EDGE_CURVE('',#296,#4680,#4688,.T.);
#4688 = LINE('',#4689,#4690);
#4689 = CARTESIAN_POINT('',(-6.20614444824,4.532542857143,
    22.358357142857));
#4690 = VECTOR('',#4691,1.);
#4691 = DIRECTION('',(1.,0.,0.));
#4692 = PLANE('',#4693);
#4693 = AXIS2_PLACEMENT_3D('',#4694,#4695,#4696);
#4694 = CARTESIAN_POINT('',(-6.20614444824,4.549628571429,
    22.369314285714));
#4695 = DIRECTION('',(0.,0.539832384882,-0.841772532358));
#4696 = DIRECTION('',(0.,-0.841772532358,-0.539832384882));
#4697 = ADVANCED_FACE('',(#4698),#4716,.T.);
#4698 = FACE_BOUND('',#4699,.T.);
#4699 = EDGE_LOOP('',(#4700,#4701,#4702,#4710));
#4700 = ORIENTED_EDGE('',*,*,#295,.T.);
#4701 = ORIENTED_EDGE('',*,*,#4687,.T.);
#4702 = ORIENTED_EDGE('',*,*,#4703,.T.);
#4703 = EDGE_CURVE('',#4680,#4704,#4706,.T.);
#4704 = VERTEX_POINT('',#4705);
#4705 = CARTESIAN_POINT('',(-5.60614444824,4.515457142857,
    22.342014285714));
#4706 = LINE('',#4707,#4708);
#4707 = CARTESIAN_POINT('',(-5.60614444824,4.532542857143,
    22.358357142857));
#4708 = VECTOR('',#4709,1.);
#4709 = DIRECTION('',(0.,-0.722641857148,-0.691222645967));
#4710 = ORIENTED_EDGE('',*,*,#4711,.F.);
#4711 = EDGE_CURVE('',#288,#4704,#4712,.T.);
#4712 = LINE('',#4713,#4714);
#4713 = CARTESIAN_POINT('',(-6.20614444824,4.515457142857,
    22.342014285714));
#4714 = VECTOR('',#4715,1.);
#4715 = DIRECTION('',(1.,0.,0.));
#4716 = PLANE('',#4717);
#4717 = AXIS2_PLACEMENT_3D('',#4718,#4719,#4720);
#4718 = CARTESIAN_POINT('',(-6.20614444824,4.532542857143,
    22.358357142857));
#4719 = DIRECTION('',(0.,0.691222645967,-0.722641857148));
#4720 = DIRECTION('',(0.,-0.722641857148,-0.691222645967));
#4721 = ADVANCED_FACE('',(#4722),#4740,.T.);
#4722 = FACE_BOUND('',#4723,.T.);
#4723 = EDGE_LOOP('',(#4724,#4725,#4726,#4734));
#4724 = ORIENTED_EDGE('',*,*,#287,.T.);
#4725 = ORIENTED_EDGE('',*,*,#4711,.T.);
#4726 = ORIENTED_EDGE('',*,*,#4727,.T.);
#4727 = EDGE_CURVE('',#4704,#4728,#4730,.T.);
#4728 = VERTEX_POINT('',#4729);
#4729 = CARTESIAN_POINT('',(-5.60614444824,4.503942857143,
    22.325671428571));
#4730 = LINE('',#4731,#4732);
#4731 = CARTESIAN_POINT('',(-5.60614444824,4.515457142857,
    22.342014285714));
#4732 = VECTOR('',#4733,1.);
#4733 = DIRECTION('',(0.,-0.575953532433,-0.817482433131));
#4734 = ORIENTED_EDGE('',*,*,#4735,.F.);
#4735 = EDGE_CURVE('',#280,#4728,#4736,.T.);
#4736 = LINE('',#4737,#4738);
#4737 = CARTESIAN_POINT('',(-6.20614444824,4.503942857143,
    22.325671428571));
#4738 = VECTOR('',#4739,1.);
#4739 = DIRECTION('',(1.,0.,0.));
#4740 = PLANE('',#4741);
#4741 = AXIS2_PLACEMENT_3D('',#4742,#4743,#4744);
#4742 = CARTESIAN_POINT('',(-6.20614444824,4.515457142857,
    22.342014285714));
#4743 = DIRECTION('',(0.,0.817482433131,-0.575953532433));
#4744 = DIRECTION('',(0.,-0.575953532433,-0.817482433131));
#4745 = ADVANCED_FACE('',(#4746),#4764,.T.);
#4746 = FACE_BOUND('',#4747,.T.);
#4747 = EDGE_LOOP('',(#4748,#4749,#4750,#4758));
#4748 = ORIENTED_EDGE('',*,*,#279,.T.);
#4749 = ORIENTED_EDGE('',*,*,#4735,.T.);
#4750 = ORIENTED_EDGE('',*,*,#4751,.T.);
#4751 = EDGE_CURVE('',#4728,#4752,#4754,.T.);
#4752 = VERTEX_POINT('',#4753);
#4753 = CARTESIAN_POINT('',(-5.60614444824,4.498185714286,
    22.308957142857));
#4754 = LINE('',#4755,#4756);
#4755 = CARTESIAN_POINT('',(-5.60614444824,4.503942857143,
    22.325671428571));
#4756 = VECTOR('',#4757,1.);
#4757 = DIRECTION('',(0.,-0.325666906351,-0.945484566827));
#4758 = ORIENTED_EDGE('',*,*,#4759,.F.);
#4759 = EDGE_CURVE('',#272,#4752,#4760,.T.);
#4760 = LINE('',#4761,#4762);
#4761 = CARTESIAN_POINT('',(-6.20614444824,4.498185714286,
    22.308957142857));
#4762 = VECTOR('',#4763,1.);
#4763 = DIRECTION('',(1.,0.,0.));
#4764 = PLANE('',#4765);
#4765 = AXIS2_PLACEMENT_3D('',#4766,#4767,#4768);
#4766 = CARTESIAN_POINT('',(-6.20614444824,4.503942857143,
    22.325671428571));
#4767 = DIRECTION('',(0.,0.945484566827,-0.325666906351));
#4768 = DIRECTION('',(0.,-0.325666906351,-0.945484566827));
#4769 = ADVANCED_FACE('',(#4770),#4788,.T.);
#4770 = FACE_BOUND('',#4771,.T.);
#4771 = EDGE_LOOP('',(#4772,#4773,#4774,#4782));
#4772 = ORIENTED_EDGE('',*,*,#271,.T.);
#4773 = ORIENTED_EDGE('',*,*,#4759,.T.);
#4774 = ORIENTED_EDGE('',*,*,#4775,.T.);
#4775 = EDGE_CURVE('',#4752,#4776,#4778,.T.);
#4776 = VERTEX_POINT('',#4777);
#4777 = CARTESIAN_POINT('',(-5.60614444824,4.486857142857,
    22.287228571429));
#4778 = LINE('',#4779,#4780);
#4779 = CARTESIAN_POINT('',(-5.60614444824,4.498185714286,
    22.308957142857));
#4780 = VECTOR('',#4781,1.);
#4781 = DIRECTION('',(0.,-0.462306978832,-0.886719943005));
#4782 = ORIENTED_EDGE('',*,*,#4783,.F.);
#4783 = EDGE_CURVE('',#264,#4776,#4784,.T.);
#4784 = LINE('',#4785,#4786);
#4785 = CARTESIAN_POINT('',(-6.20614444824,4.486857142857,
    22.287228571429));
#4786 = VECTOR('',#4787,1.);
#4787 = DIRECTION('',(1.,0.,0.));
#4788 = PLANE('',#4789);
#4789 = AXIS2_PLACEMENT_3D('',#4790,#4791,#4792);
#4790 = CARTESIAN_POINT('',(-6.20614444824,4.498185714286,
    22.308957142857));
#4791 = DIRECTION('',(0.,0.886719943005,-0.462306978832));
#4792 = DIRECTION('',(0.,-0.462306978832,-0.886719943005));
#4793 = ADVANCED_FACE('',(#4794),#4819,.T.);
#4794 = FACE_BOUND('',#4795,.T.);
#4795 = EDGE_LOOP('',(#4796,#4797,#4805,#4813));
#4796 = ORIENTED_EDGE('',*,*,#255,.T.);
#4797 = ORIENTED_EDGE('',*,*,#4798,.T.);
#4798 = EDGE_CURVE('',#256,#4799,#4801,.T.);
#4799 = VERTEX_POINT('',#4800);
#4800 = CARTESIAN_POINT('',(-5.60614444824,4.486857142857,
    21.953128571429));
#4801 = LINE('',#4802,#4803);
#4802 = CARTESIAN_POINT('',(-6.20614444824,4.486857142857,
    21.953128571429));
#4803 = VECTOR('',#4804,1.);
#4804 = DIRECTION('',(1.,0.,0.));
#4805 = ORIENTED_EDGE('',*,*,#4806,.T.);
#4806 = EDGE_CURVE('',#4799,#4807,#4809,.T.);
#4807 = VERTEX_POINT('',#4808);
#4808 = CARTESIAN_POINT('',(-5.60614444824,4.492614285714,
    21.922857142857));
#4809 = LINE('',#4810,#4811);
#4810 = CARTESIAN_POINT('',(-5.60614444824,4.486857142857,
    21.953128571429));
#4811 = VECTOR('',#4812,1.);
#4812 = DIRECTION('',(-0.,0.186835151334,-0.982391279596));
#4813 = ORIENTED_EDGE('',*,*,#4814,.F.);
#4814 = EDGE_CURVE('',#248,#4807,#4815,.T.);
#4815 = LINE('',#4816,#4817);
#4816 = CARTESIAN_POINT('',(-6.20614444824,4.492614285714,
    21.922857142857));
#4817 = VECTOR('',#4818,1.);
#4818 = DIRECTION('',(1.,0.,0.));
#4819 = PLANE('',#4820);
#4820 = AXIS2_PLACEMENT_3D('',#4821,#4822,#4823);
#4821 = CARTESIAN_POINT('',(-6.20614444824,4.486857142857,
    21.953128571429));
#4822 = DIRECTION('',(-0.,0.982391279596,0.186835151334));
#4823 = DIRECTION('',(0.,0.186835151334,-0.982391279596));
#4824 = ADVANCED_FACE('',(#4825),#4843,.T.);
#4825 = FACE_BOUND('',#4826,.T.);
#4826 = EDGE_LOOP('',(#4827,#4828,#4829,#4837));
#4827 = ORIENTED_EDGE('',*,*,#247,.T.);
#4828 = ORIENTED_EDGE('',*,*,#4814,.T.);
#4829 = ORIENTED_EDGE('',*,*,#4830,.T.);
#4830 = EDGE_CURVE('',#4807,#4831,#4833,.T.);
#4831 = VERTEX_POINT('',#4832);
#4832 = CARTESIAN_POINT('',(-5.60614444824,4.5097,21.892771428571));
#4833 = LINE('',#4834,#4835);
#4834 = CARTESIAN_POINT('',(-5.60614444824,4.492614285714,
    21.922857142857));
#4835 = VECTOR('',#4836,1.);
#4836 = DIRECTION('',(-0.,0.493824955141,-0.869561334053));
#4837 = ORIENTED_EDGE('',*,*,#4838,.F.);
#4838 = EDGE_CURVE('',#240,#4831,#4839,.T.);
#4839 = LINE('',#4840,#4841);
#4840 = CARTESIAN_POINT('',(-6.20614444824,4.5097,21.892771428571));
#4841 = VECTOR('',#4842,1.);
#4842 = DIRECTION('',(1.,0.,0.));
#4843 = PLANE('',#4844);
#4844 = AXIS2_PLACEMENT_3D('',#4845,#4846,#4847);
#4845 = CARTESIAN_POINT('',(-6.20614444824,4.492614285714,
    21.922857142857));
#4846 = DIRECTION('',(-0.,0.869561334053,0.493824955141));
#4847 = DIRECTION('',(0.,0.493824955141,-0.869561334053));
#4848 = ADVANCED_FACE('',(#4849),#4867,.T.);
#4849 = FACE_BOUND('',#4850,.T.);
#4850 = EDGE_LOOP('',(#4851,#4852,#4853,#4861));
#4851 = ORIENTED_EDGE('',*,*,#239,.T.);
#4852 = ORIENTED_EDGE('',*,*,#4838,.T.);
#4853 = ORIENTED_EDGE('',*,*,#4854,.T.);
#4854 = EDGE_CURVE('',#4831,#4855,#4857,.T.);
#4855 = VERTEX_POINT('',#4856);
#4856 = CARTESIAN_POINT('',(-5.60614444824,4.526785714286,
    21.868628571429));
#4857 = LINE('',#4858,#4859);
#4858 = CARTESIAN_POINT('',(-5.60614444824,4.5097,21.892771428571));
#4859 = VECTOR('',#4860,1.);
#4860 = DIRECTION('',(-0.,0.577668857514,-0.816271211705));
#4861 = ORIENTED_EDGE('',*,*,#4862,.F.);
#4862 = EDGE_CURVE('',#232,#4855,#4863,.T.);
#4863 = LINE('',#4864,#4865);
#4864 = CARTESIAN_POINT('',(-6.20614444824,4.526785714286,
    21.868628571429));
#4865 = VECTOR('',#4866,1.);
#4866 = DIRECTION('',(1.,0.,0.));
#4867 = PLANE('',#4868);
#4868 = AXIS2_PLACEMENT_3D('',#4869,#4870,#4871);
#4869 = CARTESIAN_POINT('',(-6.20614444824,4.5097,21.892771428571));
#4870 = DIRECTION('',(-0.,0.816271211705,0.577668857514));
#4871 = DIRECTION('',(0.,0.577668857514,-0.816271211705));
#4872 = ADVANCED_FACE('',(#4873),#4891,.T.);
#4873 = FACE_BOUND('',#4874,.T.);
#4874 = EDGE_LOOP('',(#4875,#4876,#4877,#4885));
#4875 = ORIENTED_EDGE('',*,*,#231,.T.);
#4876 = ORIENTED_EDGE('',*,*,#4862,.T.);
#4877 = ORIENTED_EDGE('',*,*,#4878,.T.);
#4878 = EDGE_CURVE('',#4855,#4879,#4881,.T.);
#4879 = VERTEX_POINT('',#4880);
#4880 = CARTESIAN_POINT('',(-5.60614444824,4.549628571429,21.8443));
#4881 = LINE('',#4882,#4883);
#4882 = CARTESIAN_POINT('',(-5.60614444824,4.526785714286,
    21.868628571429));
#4883 = VECTOR('',#4884,1.);
#4884 = DIRECTION('',(-0.,0.68449627479,-0.729016357703));
#4885 = ORIENTED_EDGE('',*,*,#4886,.F.);
#4886 = EDGE_CURVE('',#224,#4879,#4887,.T.);
#4887 = LINE('',#4888,#4889);
#4888 = CARTESIAN_POINT('',(-6.20614444824,4.549628571429,21.8443));
#4889 = VECTOR('',#4890,1.);
#4890 = DIRECTION('',(1.,0.,0.));
#4891 = PLANE('',#4892);
#4892 = AXIS2_PLACEMENT_3D('',#4893,#4894,#4895);
#4893 = CARTESIAN_POINT('',(-6.20614444824,4.526785714286,
    21.868628571429));
#4894 = DIRECTION('',(-0.,0.729016357703,0.68449627479));
#4895 = DIRECTION('',(0.,0.68449627479,-0.729016357703));
#4896 = ADVANCED_FACE('',(#4897),#4915,.T.);
#4897 = FACE_BOUND('',#4898,.T.);
#4898 = EDGE_LOOP('',(#4899,#4900,#4901,#4909));
#4899 = ORIENTED_EDGE('',*,*,#223,.T.);
#4900 = ORIENTED_EDGE('',*,*,#4886,.T.);
#4901 = ORIENTED_EDGE('',*,*,#4902,.T.);
#4902 = EDGE_CURVE('',#4879,#4903,#4905,.T.);
#4903 = VERTEX_POINT('',#4904);
#4904 = CARTESIAN_POINT('',(-5.60614444824,4.566714285714,
    21.838357142857));
#4905 = LINE('',#4906,#4907);
#4906 = CARTESIAN_POINT('',(-5.60614444824,4.549628571429,21.8443));
#4907 = VECTOR('',#4908,1.);
#4908 = DIRECTION('',(-0.,0.944496796706,-0.328520624941));
#4909 = ORIENTED_EDGE('',*,*,#4910,.F.);
#4910 = EDGE_CURVE('',#216,#4903,#4911,.T.);
#4911 = LINE('',#4912,#4913);
#4912 = CARTESIAN_POINT('',(-6.20614444824,4.566714285714,
    21.838357142857));
#4913 = VECTOR('',#4914,1.);
#4914 = DIRECTION('',(1.,0.,0.));
#4915 = PLANE('',#4916);
#4916 = AXIS2_PLACEMENT_3D('',#4917,#4918,#4919);
#4917 = CARTESIAN_POINT('',(-6.20614444824,4.549628571429,21.8443));
#4918 = DIRECTION('',(-0.,0.328520624941,0.944496796706));
#4919 = DIRECTION('',(0.,0.944496796706,-0.328520624941));
#4920 = ADVANCED_FACE('',(#4921),#4939,.T.);
#4921 = FACE_BOUND('',#4922,.T.);
#4922 = EDGE_LOOP('',(#4923,#4924,#4925,#4933));
#4923 = ORIENTED_EDGE('',*,*,#215,.T.);
#4924 = ORIENTED_EDGE('',*,*,#4910,.T.);
#4925 = ORIENTED_EDGE('',*,*,#4926,.T.);
#4926 = EDGE_CURVE('',#4903,#4927,#4929,.T.);
#4927 = VERTEX_POINT('',#4928);
#4928 = CARTESIAN_POINT('',(-5.60614444824,4.5838,21.826285714286));
#4929 = LINE('',#4930,#4931);
#4930 = CARTESIAN_POINT('',(-5.60614444824,4.566714285714,
    21.838357142857));
#4931 = VECTOR('',#4932,1.);
#4932 = DIRECTION('',(-0.,0.816721763686,-0.577031680865));
#4933 = ORIENTED_EDGE('',*,*,#4934,.F.);
#4934 = EDGE_CURVE('',#208,#4927,#4935,.T.);
#4935 = LINE('',#4936,#4937);
#4936 = CARTESIAN_POINT('',(-6.20614444824,4.5838,21.826285714286));
#4937 = VECTOR('',#4938,1.);
#4938 = DIRECTION('',(1.,0.,0.));
#4939 = PLANE('',#4940);
#4940 = AXIS2_PLACEMENT_3D('',#4941,#4942,#4943);
#4941 = CARTESIAN_POINT('',(-6.20614444824,4.566714285714,
    21.838357142857));
#4942 = DIRECTION('',(-0.,0.577031680865,0.816721763686));
#4943 = DIRECTION('',(0.,0.816721763686,-0.577031680865));
#4944 = ADVANCED_FACE('',(#4945),#4970,.T.);
#4945 = FACE_BOUND('',#4946,.T.);
#4946 = EDGE_LOOP('',(#4947,#4948,#4956,#4964));
#4947 = ORIENTED_EDGE('',*,*,#199,.T.);
#4948 = ORIENTED_EDGE('',*,*,#4949,.T.);
#4949 = EDGE_CURVE('',#200,#4950,#4952,.T.);
#4950 = VERTEX_POINT('',#4951);
#4951 = CARTESIAN_POINT('',(-5.60614444824,5.2,21.826285714286));
#4952 = LINE('',#4953,#4954);
#4953 = CARTESIAN_POINT('',(-6.20614444824,5.2,21.826285714286));
#4954 = VECTOR('',#4955,1.);
#4955 = DIRECTION('',(1.,0.,0.));
#4956 = ORIENTED_EDGE('',*,*,#4957,.T.);
#4957 = EDGE_CURVE('',#4950,#4958,#4960,.T.);
#4958 = VERTEX_POINT('',#4959);
#4959 = CARTESIAN_POINT('',(-5.60614444824,5.2,18.540071428571));
#4960 = LINE('',#4961,#4962);
#4961 = CARTESIAN_POINT('',(-5.60614444824,5.2,21.826285714286));
#4962 = VECTOR('',#4963,1.);
#4963 = DIRECTION('',(0.,-0.,-1.));
#4964 = ORIENTED_EDGE('',*,*,#4965,.F.);
#4965 = EDGE_CURVE('',#192,#4958,#4966,.T.);
#4966 = LINE('',#4967,#4968);
#4967 = CARTESIAN_POINT('',(-6.20614444824,5.2,18.540071428571));
#4968 = VECTOR('',#4969,1.);
#4969 = DIRECTION('',(1.,0.,0.));
#4970 = PLANE('',#4971);
#4971 = AXIS2_PLACEMENT_3D('',#4972,#4973,#4974);
#4972 = CARTESIAN_POINT('',(-6.20614444824,5.2,21.826285714286));
#4973 = DIRECTION('',(0.,1.,-0.));
#4974 = DIRECTION('',(0.,-0.,-1.));
#4975 = ADVANCED_FACE('',(#4976),#4994,.T.);
#4976 = FACE_BOUND('',#4977,.T.);
#4977 = EDGE_LOOP('',(#4978,#4979,#4980,#4988));
#4978 = ORIENTED_EDGE('',*,*,#191,.T.);
#4979 = ORIENTED_EDGE('',*,*,#4965,.T.);
#4980 = ORIENTED_EDGE('',*,*,#4981,.T.);
#4981 = EDGE_CURVE('',#4958,#4982,#4984,.T.);
#4982 = VERTEX_POINT('',#4983);
#4983 = CARTESIAN_POINT('',(-5.60614444824,5.205757142857,
    18.517228571429));
#4984 = LINE('',#4985,#4986);
#4985 = CARTESIAN_POINT('',(-5.60614444824,5.2,18.540071428571));
#4986 = VECTOR('',#4987,1.);
#4987 = DIRECTION('',(-0.,0.244390135281,-0.969676988372));
#4988 = ORIENTED_EDGE('',*,*,#4989,.F.);
#4989 = EDGE_CURVE('',#184,#4982,#4990,.T.);
#4990 = LINE('',#4991,#4992);
#4991 = CARTESIAN_POINT('',(-6.20614444824,5.205757142857,
    18.517228571429));
#4992 = VECTOR('',#4993,1.);
#4993 = DIRECTION('',(1.,0.,0.));
#4994 = PLANE('',#4995);
#4995 = AXIS2_PLACEMENT_3D('',#4996,#4997,#4998);
#4996 = CARTESIAN_POINT('',(-6.20614444824,5.2,18.540071428571));
#4997 = DIRECTION('',(-0.,0.969676988372,0.244390135281));
#4998 = DIRECTION('',(0.,0.244390135281,-0.969676988372));
#4999 = ADVANCED_FACE('',(#5000),#5018,.T.);
#5000 = FACE_BOUND('',#5001,.T.);
#5001 = EDGE_LOOP('',(#5002,#5003,#5004,#5012));
#5002 = ORIENTED_EDGE('',*,*,#183,.T.);
#5003 = ORIENTED_EDGE('',*,*,#4989,.T.);
#5004 = ORIENTED_EDGE('',*,*,#5005,.T.);
#5005 = EDGE_CURVE('',#4982,#5006,#5008,.T.);
#5006 = VERTEX_POINT('',#5007);
#5007 = CARTESIAN_POINT('',(-5.60614444824,5.211328571429,
    18.488814285714));
#5008 = LINE('',#5009,#5010);
#5009 = CARTESIAN_POINT('',(-5.60614444824,5.205757142857,
    18.517228571429));
#5010 = VECTOR('',#5011,1.);
#5011 = DIRECTION('',(-0.,0.192414460721,-0.981313749677));
#5012 = ORIENTED_EDGE('',*,*,#5013,.F.);
#5013 = EDGE_CURVE('',#176,#5006,#5014,.T.);
#5014 = LINE('',#5015,#5016);
#5015 = CARTESIAN_POINT('',(-6.20614444824,5.211328571429,
    18.488814285714));
#5016 = VECTOR('',#5017,1.);
#5017 = DIRECTION('',(1.,0.,0.));
#5018 = PLANE('',#5019);
#5019 = AXIS2_PLACEMENT_3D('',#5020,#5021,#5022);
#5020 = CARTESIAN_POINT('',(-6.20614444824,5.205757142857,
    18.517228571429));
#5021 = DIRECTION('',(-0.,0.981313749677,0.192414460721));
#5022 = DIRECTION('',(0.,0.192414460721,-0.981313749677));
#5023 = ADVANCED_FACE('',(#5024),#5042,.T.);
#5024 = FACE_BOUND('',#5025,.T.);
#5025 = EDGE_LOOP('',(#5026,#5027,#5028,#5036));
#5026 = ORIENTED_EDGE('',*,*,#175,.T.);
#5027 = ORIENTED_EDGE('',*,*,#5013,.T.);
#5028 = ORIENTED_EDGE('',*,*,#5029,.T.);
#5029 = EDGE_CURVE('',#5006,#5030,#5032,.T.);
#5030 = VERTEX_POINT('',#5031);
#5031 = CARTESIAN_POINT('',(-5.60614444824,5.222842857143,
    18.471728571429));
#5032 = LINE('',#5033,#5034);
#5033 = CARTESIAN_POINT('',(-5.60614444824,5.211328571429,
    18.488814285714));
#5034 = VECTOR('',#5035,1.);
#5035 = DIRECTION('',(-0.,0.558853462072,-0.829266427591));
#5036 = ORIENTED_EDGE('',*,*,#5037,.F.);
#5037 = EDGE_CURVE('',#168,#5030,#5038,.T.);
#5038 = LINE('',#5039,#5040);
#5039 = CARTESIAN_POINT('',(-6.20614444824,5.222842857143,
    18.471728571429));
#5040 = VECTOR('',#5041,1.);
#5041 = DIRECTION('',(1.,0.,0.));
#5042 = PLANE('',#5043);
#5043 = AXIS2_PLACEMENT_3D('',#5044,#5045,#5046);
#5044 = CARTESIAN_POINT('',(-6.20614444824,5.211328571429,
    18.488814285714));
#5045 = DIRECTION('',(-0.,0.829266427591,0.558853462072));
#5046 = DIRECTION('',(0.,0.558853462072,-0.829266427591));
#5047 = ADVANCED_FACE('',(#5048),#5066,.T.);
#5048 = FACE_BOUND('',#5049,.T.);
#5049 = EDGE_LOOP('',(#5050,#5051,#5052,#5060));
#5050 = ORIENTED_EDGE('',*,*,#167,.T.);
#5051 = ORIENTED_EDGE('',*,*,#5037,.T.);
#5052 = ORIENTED_EDGE('',*,*,#5053,.T.);
#5053 = EDGE_CURVE('',#5030,#5054,#5056,.T.);
#5054 = VERTEX_POINT('',#5055);
#5055 = CARTESIAN_POINT('',(-5.60614444824,5.234171428571,
    18.448885714286));
#5056 = LINE('',#5057,#5058);
#5057 = CARTESIAN_POINT('',(-5.60614444824,5.222842857143,
    18.471728571429));
#5058 = VECTOR('',#5059,1.);
#5059 = DIRECTION('',(-0.,0.444297794845,-0.895879160097));
#5060 = ORIENTED_EDGE('',*,*,#5061,.F.);
#5061 = EDGE_CURVE('',#160,#5054,#5062,.T.);
#5062 = LINE('',#5063,#5064);
#5063 = CARTESIAN_POINT('',(-6.20614444824,5.234171428571,
    18.448885714286));
#5064 = VECTOR('',#5065,1.);
#5065 = DIRECTION('',(1.,0.,0.));
#5066 = PLANE('',#5067);
#5067 = AXIS2_PLACEMENT_3D('',#5068,#5069,#5070);
#5068 = CARTESIAN_POINT('',(-6.20614444824,5.222842857143,
    18.471728571429));
#5069 = DIRECTION('',(-0.,0.895879160097,0.444297794845));
#5070 = DIRECTION('',(0.,0.444297794845,-0.895879160097));
#5071 = ADVANCED_FACE('',(#5072),#5090,.T.);
#5072 = FACE_BOUND('',#5073,.T.);
#5073 = EDGE_LOOP('',(#5074,#5075,#5076,#5084));
#5074 = ORIENTED_EDGE('',*,*,#159,.T.);
#5075 = ORIENTED_EDGE('',*,*,#5061,.T.);
#5076 = ORIENTED_EDGE('',*,*,#5077,.T.);
#5077 = EDGE_CURVE('',#5054,#5078,#5080,.T.);
#5078 = VERTEX_POINT('',#5079);
#5079 = CARTESIAN_POINT('',(-5.60614444824,5.257014285714,18.4318));
#5080 = LINE('',#5081,#5082);
#5081 = CARTESIAN_POINT('',(-5.60614444824,5.234171428571,
    18.448885714286));
#5082 = VECTOR('',#5083,1.);
#5083 = DIRECTION('',(-0.,0.80078057117,-0.598957825591));
#5084 = ORIENTED_EDGE('',*,*,#5085,.F.);
#5085 = EDGE_CURVE('',#152,#5078,#5086,.T.);
#5086 = LINE('',#5087,#5088);
#5087 = CARTESIAN_POINT('',(-6.20614444824,5.257014285714,18.4318));
#5088 = VECTOR('',#5089,1.);
#5089 = DIRECTION('',(1.,0.,0.));
#5090 = PLANE('',#5091);
#5091 = AXIS2_PLACEMENT_3D('',#5092,#5093,#5094);
#5092 = CARTESIAN_POINT('',(-6.20614444824,5.234171428571,
    18.448885714286));
#5093 = DIRECTION('',(-0.,0.598957825591,0.80078057117));
#5094 = DIRECTION('',(0.,0.80078057117,-0.598957825591));
#5095 = ADVANCED_FACE('',(#5096),#5114,.T.);
#5096 = FACE_BOUND('',#5097,.T.);
#5097 = EDGE_LOOP('',(#5098,#5099,#5100,#5108));
#5098 = ORIENTED_EDGE('',*,*,#151,.T.);
#5099 = ORIENTED_EDGE('',*,*,#5085,.T.);
#5100 = ORIENTED_EDGE('',*,*,#5101,.T.);
#5101 = EDGE_CURVE('',#5078,#5102,#5104,.T.);
#5102 = VERTEX_POINT('',#5103);
#5103 = CARTESIAN_POINT('',(-5.60614444824,5.279857142857,
    18.420285714286));
#5104 = LINE('',#5105,#5106);
#5105 = CARTESIAN_POINT('',(-5.60614444824,5.257014285714,18.4318));
#5106 = VECTOR('',#5107,1.);
#5107 = DIRECTION('',(-0.,0.892970492237,-0.450115207469));
#5108 = ORIENTED_EDGE('',*,*,#5109,.F.);
#5109 = EDGE_CURVE('',#144,#5102,#5110,.T.);
#5110 = LINE('',#5111,#5112);
#5111 = CARTESIAN_POINT('',(-6.20614444824,5.279857142857,
    18.420285714286));
#5112 = VECTOR('',#5113,1.);
#5113 = DIRECTION('',(1.,0.,0.));
#5114 = PLANE('',#5115);
#5115 = AXIS2_PLACEMENT_3D('',#5116,#5117,#5118);
#5116 = CARTESIAN_POINT('',(-6.20614444824,5.257014285714,18.4318));
#5117 = DIRECTION('',(-0.,0.450115207469,0.892970492237));
#5118 = DIRECTION('',(0.,0.892970492237,-0.450115207469));
#5119 = ADVANCED_FACE('',(#5120),#5138,.T.);
#5120 = FACE_BOUND('',#5121,.T.);
#5121 = EDGE_LOOP('',(#5122,#5123,#5124,#5132));
#5122 = ORIENTED_EDGE('',*,*,#143,.T.);
#5123 = ORIENTED_EDGE('',*,*,#5109,.T.);
#5124 = ORIENTED_EDGE('',*,*,#5125,.T.);
#5125 = EDGE_CURVE('',#5102,#5126,#5128,.T.);
#5126 = VERTEX_POINT('',#5127);
#5127 = CARTESIAN_POINT('',(-5.60614444824,5.3027,18.408957142857));
#5128 = LINE('',#5129,#5130);
#5129 = CARTESIAN_POINT('',(-5.60614444824,5.279857142857,
    18.420285714286));
#5130 = VECTOR('',#5131,1.);
#5131 = DIRECTION('',(-0.,0.895879160097,-0.444297794845));
#5132 = ORIENTED_EDGE('',*,*,#5133,.F.);
#5133 = EDGE_CURVE('',#136,#5126,#5134,.T.);
#5134 = LINE('',#5135,#5136);
#5135 = CARTESIAN_POINT('',(-6.20614444824,5.3027,18.408957142857));
#5136 = VECTOR('',#5137,1.);
#5137 = DIRECTION('',(1.,0.,0.));
#5138 = PLANE('',#5139);
#5139 = AXIS2_PLACEMENT_3D('',#5140,#5141,#5142);
#5140 = CARTESIAN_POINT('',(-6.20614444824,5.279857142857,
    18.420285714286));
#5141 = DIRECTION('',(-0.,0.444297794845,0.895879160097));
#5142 = DIRECTION('',(0.,0.895879160097,-0.444297794845));
#5143 = ADVANCED_FACE('',(#5144),#5162,.T.);
#5144 = FACE_BOUND('',#5145,.T.);
#5145 = EDGE_LOOP('',(#5146,#5147,#5148,#5156));
#5146 = ORIENTED_EDGE('',*,*,#135,.T.);
#5147 = ORIENTED_EDGE('',*,*,#5133,.T.);
#5148 = ORIENTED_EDGE('',*,*,#5149,.T.);
#5149 = EDGE_CURVE('',#5126,#5150,#5152,.T.);
#5150 = VERTEX_POINT('',#5151);
#5151 = CARTESIAN_POINT('',(-5.60614444824,5.325542857143,18.4032));
#5152 = LINE('',#5153,#5154);
#5153 = CARTESIAN_POINT('',(-5.60614444824,5.3027,18.408957142857));
#5154 = VECTOR('',#5155,1.);
#5155 = DIRECTION('',(-0.,0.969676988372,-0.244390135281));
#5156 = ORIENTED_EDGE('',*,*,#5157,.F.);
#5157 = EDGE_CURVE('',#128,#5150,#5158,.T.);
#5158 = LINE('',#5159,#5160);
#5159 = CARTESIAN_POINT('',(-6.20614444824,5.325542857143,18.4032));
#5160 = VECTOR('',#5161,1.);
#5161 = DIRECTION('',(1.,0.,0.));
#5162 = PLANE('',#5163);
#5163 = AXIS2_PLACEMENT_3D('',#5164,#5165,#5166);
#5164 = CARTESIAN_POINT('',(-6.20614444824,5.3027,18.408957142857));
#5165 = DIRECTION('',(-0.,0.244390135281,0.969676988372));
#5166 = DIRECTION('',(0.,0.969676988372,-0.244390135281));
#5167 = ADVANCED_FACE('',(#5168),#5193,.T.);
#5168 = FACE_BOUND('',#5169,.T.);
#5169 = EDGE_LOOP('',(#5170,#5171,#5179,#5187));
#5170 = ORIENTED_EDGE('',*,*,#119,.T.);
#5171 = ORIENTED_EDGE('',*,*,#5172,.T.);
#5172 = EDGE_CURVE('',#120,#5173,#5175,.T.);
#5173 = VERTEX_POINT('',#5174);
#5174 = CARTESIAN_POINT('',(-5.60614444824,5.651657142857,18.4032));
#5175 = LINE('',#5176,#5177);
#5176 = CARTESIAN_POINT('',(-6.20614444824,5.651657142857,18.4032));
#5177 = VECTOR('',#5178,1.);
#5178 = DIRECTION('',(1.,0.,0.));
#5179 = ORIENTED_EDGE('',*,*,#5180,.T.);
#5180 = EDGE_CURVE('',#5173,#5181,#5183,.T.);
#5181 = VERTEX_POINT('',#5182);
#5182 = CARTESIAN_POINT('',(-5.60614444824,5.669485714286,
    18.408957142857));
#5183 = LINE('',#5184,#5185);
#5184 = CARTESIAN_POINT('',(-5.60614444824,5.651657142857,18.4032));
#5185 = VECTOR('',#5186,1.);
#5186 = DIRECTION('',(0.,0.951615146191,0.307292390957));
#5187 = ORIENTED_EDGE('',*,*,#5188,.F.);
#5188 = EDGE_CURVE('',#112,#5181,#5189,.T.);
#5189 = LINE('',#5190,#5191);
#5190 = CARTESIAN_POINT('',(-6.20614444824,5.669485714286,
    18.408957142857));
#5191 = VECTOR('',#5192,1.);
#5192 = DIRECTION('',(1.,0.,0.));
#5193 = PLANE('',#5194);
#5194 = AXIS2_PLACEMENT_3D('',#5195,#5196,#5197);
#5195 = CARTESIAN_POINT('',(-6.20614444824,5.651657142857,18.4032));
#5196 = DIRECTION('',(0.,-0.307292390957,0.951615146191));
#5197 = DIRECTION('',(0.,0.951615146191,0.307292390957));
#5198 = ADVANCED_FACE('',(#5199),#5217,.T.);
#5199 = FACE_BOUND('',#5200,.T.);
#5200 = EDGE_LOOP('',(#5201,#5202,#5203,#5211));
#5201 = ORIENTED_EDGE('',*,*,#111,.T.);
#5202 = ORIENTED_EDGE('',*,*,#5188,.T.);
#5203 = ORIENTED_EDGE('',*,*,#5204,.T.);
#5204 = EDGE_CURVE('',#5181,#5205,#5207,.T.);
#5205 = VERTEX_POINT('',#5206);
#5206 = CARTESIAN_POINT('',(-5.60614444824,5.687314285714,
    18.414528571429));
#5207 = LINE('',#5208,#5209);
#5208 = CARTESIAN_POINT('',(-5.60614444824,5.669485714286,
    18.408957142857));
#5209 = VECTOR('',#5210,1.);
#5210 = DIRECTION('',(0.,0.954479978035,0.298274993136));
#5211 = ORIENTED_EDGE('',*,*,#5212,.F.);
#5212 = EDGE_CURVE('',#104,#5205,#5213,.T.);
#5213 = LINE('',#5214,#5215);
#5214 = CARTESIAN_POINT('',(-6.20614444824,5.687314285714,
    18.414528571429));
#5215 = VECTOR('',#5216,1.);
#5216 = DIRECTION('',(1.,0.,0.));
#5217 = PLANE('',#5218);
#5218 = AXIS2_PLACEMENT_3D('',#5219,#5220,#5221);
#5219 = CARTESIAN_POINT('',(-6.20614444824,5.669485714286,
    18.408957142857));
#5220 = DIRECTION('',(0.,-0.298274993136,0.954479978035));
#5221 = DIRECTION('',(0.,0.954479978035,0.298274993136));
#5222 = ADVANCED_FACE('',(#5223),#5241,.T.);
#5223 = FACE_BOUND('',#5224,.T.);
#5224 = EDGE_LOOP('',(#5225,#5226,#5227,#5235));
#5225 = ORIENTED_EDGE('',*,*,#103,.T.);
#5226 = ORIENTED_EDGE('',*,*,#5212,.T.);
#5227 = ORIENTED_EDGE('',*,*,#5228,.T.);
#5228 = EDGE_CURVE('',#5205,#5229,#5231,.T.);
#5229 = VERTEX_POINT('',#5230);
#5230 = CARTESIAN_POINT('',(-5.60614444824,5.705142857143,
    18.426042857143));
#5231 = LINE('',#5232,#5233);
#5232 = CARTESIAN_POINT('',(-5.60614444824,5.687314285714,
    18.414528571429));
#5233 = VECTOR('',#5234,1.);
#5234 = DIRECTION('',(0.,0.840039377769,0.542525431476));
#5235 = ORIENTED_EDGE('',*,*,#5236,.F.);
#5236 = EDGE_CURVE('',#96,#5229,#5237,.T.);
#5237 = LINE('',#5238,#5239);
#5238 = CARTESIAN_POINT('',(-6.20614444824,5.705142857143,
    18.426042857143));
#5239 = VECTOR('',#5240,1.);
#5240 = DIRECTION('',(1.,0.,0.));
#5241 = PLANE('',#5242);
#5242 = AXIS2_PLACEMENT_3D('',#5243,#5244,#5245);
#5243 = CARTESIAN_POINT('',(-6.20614444824,5.687314285714,
    18.414528571429));
#5244 = DIRECTION('',(0.,-0.542525431476,0.840039377769));
#5245 = DIRECTION('',(0.,0.840039377769,0.542525431476));
#5246 = ADVANCED_FACE('',(#5247),#5265,.T.);
#5247 = FACE_BOUND('',#5248,.T.);
#5248 = EDGE_LOOP('',(#5249,#5250,#5251,#5259));
#5249 = ORIENTED_EDGE('',*,*,#95,.T.);
#5250 = ORIENTED_EDGE('',*,*,#5236,.T.);
#5251 = ORIENTED_EDGE('',*,*,#5252,.T.);
#5252 = EDGE_CURVE('',#5229,#5253,#5255,.T.);
#5253 = VERTEX_POINT('',#5254);
#5254 = CARTESIAN_POINT('',(-5.60614444824,5.723157142857,
    18.437371428571));
#5255 = LINE('',#5256,#5257);
#5256 = CARTESIAN_POINT('',(-5.60614444824,5.705142857143,
    18.426042857143));
#5257 = VECTOR('',#5258,1.);
#5258 = DIRECTION('',(0.,0.846524186767,0.532350261781));
#5259 = ORIENTED_EDGE('',*,*,#5260,.F.);
#5260 = EDGE_CURVE('',#88,#5253,#5261,.T.);
#5261 = LINE('',#5262,#5263);
#5262 = CARTESIAN_POINT('',(-6.20614444824,5.723157142857,
    18.437371428571));
#5263 = VECTOR('',#5264,1.);
#5264 = DIRECTION('',(1.,0.,0.));
#5265 = PLANE('',#5266);
#5266 = AXIS2_PLACEMENT_3D('',#5267,#5268,#5269);
#5267 = CARTESIAN_POINT('',(-6.20614444824,5.705142857143,
    18.426042857143));
#5268 = DIRECTION('',(0.,-0.532350261781,0.846524186767));
#5269 = DIRECTION('',(0.,0.846524186767,0.532350261781));
#5270 = ADVANCED_FACE('',(#5271),#5289,.T.);
#5271 = FACE_BOUND('',#5272,.T.);
#5272 = EDGE_LOOP('',(#5273,#5274,#5275,#5283));
#5273 = ORIENTED_EDGE('',*,*,#87,.T.);
#5274 = ORIENTED_EDGE('',*,*,#5260,.T.);
#5275 = ORIENTED_EDGE('',*,*,#5276,.T.);
#5276 = EDGE_CURVE('',#5253,#5277,#5279,.T.);
#5277 = VERTEX_POINT('',#5278);
#5278 = CARTESIAN_POINT('',(-5.60614444824,5.740985714286,
    18.454457142857));
#5279 = LINE('',#5280,#5281);
#5280 = CARTESIAN_POINT('',(-5.60614444824,5.723157142857,
    18.437371428571));
#5281 = VECTOR('',#5282,1.);
#5282 = DIRECTION('',(0.,0.721988205115,0.691905363236));
#5283 = ORIENTED_EDGE('',*,*,#5284,.F.);
#5284 = EDGE_CURVE('',#80,#5277,#5285,.T.);
#5285 = LINE('',#5286,#5287);
#5286 = CARTESIAN_POINT('',(-6.20614444824,5.740985714286,
    18.454457142857));
#5287 = VECTOR('',#5288,1.);
#5288 = DIRECTION('',(1.,0.,0.));
#5289 = PLANE('',#5290);
#5290 = AXIS2_PLACEMENT_3D('',#5291,#5292,#5293);
#5291 = CARTESIAN_POINT('',(-6.20614444824,5.723157142857,
    18.437371428571));
#5292 = DIRECTION('',(0.,-0.691905363236,0.721988205115));
#5293 = DIRECTION('',(0.,0.721988205115,0.691905363236));
#5294 = ADVANCED_FACE('',(#5295),#5313,.T.);
#5295 = FACE_BOUND('',#5296,.T.);
#5296 = EDGE_LOOP('',(#5297,#5298,#5299,#5307));
#5297 = ORIENTED_EDGE('',*,*,#79,.T.);
#5298 = ORIENTED_EDGE('',*,*,#5284,.T.);
#5299 = ORIENTED_EDGE('',*,*,#5300,.T.);
#5300 = EDGE_CURVE('',#5277,#5301,#5303,.T.);
#5301 = VERTEX_POINT('',#5302);
#5302 = CARTESIAN_POINT('',(-5.60614444824,5.752685714286,
    18.471728571429));
#5303 = LINE('',#5304,#5305);
#5304 = CARTESIAN_POINT('',(-5.60614444824,5.740985714286,
    18.454457142857));
#5305 = VECTOR('',#5306,1.);
#5306 = DIRECTION('',(0.,0.56084814517,0.827918690488));
#5307 = ORIENTED_EDGE('',*,*,#5308,.F.);
#5308 = EDGE_CURVE('',#72,#5301,#5309,.T.);
#5309 = LINE('',#5310,#5311);
#5310 = CARTESIAN_POINT('',(-6.20614444824,5.752685714286,
    18.471728571429));
#5311 = VECTOR('',#5312,1.);
#5312 = DIRECTION('',(1.,0.,0.));
#5313 = PLANE('',#5314);
#5314 = AXIS2_PLACEMENT_3D('',#5315,#5316,#5317);
#5315 = CARTESIAN_POINT('',(-6.20614444824,5.740985714286,
    18.454457142857));
#5316 = DIRECTION('',(0.,-0.827918690488,0.56084814517));
#5317 = DIRECTION('',(0.,0.56084814517,0.827918690488));
#5318 = ADVANCED_FACE('',(#5319),#5337,.T.);
#5319 = FACE_BOUND('',#5320,.T.);
#5320 = EDGE_LOOP('',(#5321,#5322,#5323,#5331));
#5321 = ORIENTED_EDGE('',*,*,#71,.T.);
#5322 = ORIENTED_EDGE('',*,*,#5308,.T.);
#5323 = ORIENTED_EDGE('',*,*,#5324,.T.);
#5324 = EDGE_CURVE('',#5301,#5325,#5327,.T.);
#5325 = VERTEX_POINT('',#5326);
#5326 = CARTESIAN_POINT('',(-5.60614444824,5.764757142857,
    18.488814285714));
#5327 = LINE('',#5328,#5329);
#5328 = CARTESIAN_POINT('',(-5.60614444824,5.752685714286,
    18.471728571429));
#5329 = VECTOR('',#5330,1.);
#5330 = DIRECTION('',(0.,0.577031680865,0.816721763686));
#5331 = ORIENTED_EDGE('',*,*,#5332,.F.);
#5332 = EDGE_CURVE('',#64,#5325,#5333,.T.);
#5333 = LINE('',#5334,#5335);
#5334 = CARTESIAN_POINT('',(-6.20614444824,5.764757142857,
    18.488814285714));
#5335 = VECTOR('',#5336,1.);
#5336 = DIRECTION('',(1.,0.,0.));
#5337 = PLANE('',#5338);
#5338 = AXIS2_PLACEMENT_3D('',#5339,#5340,#5341);
#5339 = CARTESIAN_POINT('',(-6.20614444824,5.752685714286,
    18.471728571429));
#5340 = DIRECTION('',(0.,-0.816721763686,0.577031680865));
#5341 = DIRECTION('',(0.,0.577031680865,0.816721763686));
#5342 = ADVANCED_FACE('',(#5343),#5361,.T.);
#5343 = FACE_BOUND('',#5344,.T.);
#5344 = EDGE_LOOP('',(#5345,#5346,#5347,#5355));
#5345 = ORIENTED_EDGE('',*,*,#63,.T.);
#5346 = ORIENTED_EDGE('',*,*,#5332,.T.);
#5347 = ORIENTED_EDGE('',*,*,#5348,.T.);
#5348 = EDGE_CURVE('',#5325,#5349,#5351,.T.);
#5349 = VERTEX_POINT('',#5350);
#5350 = CARTESIAN_POINT('',(-5.60614444824,5.770514285714,18.5059));
#5351 = LINE('',#5352,#5353);
#5352 = CARTESIAN_POINT('',(-5.60614444824,5.764757142857,
    18.488814285714));
#5353 = VECTOR('',#5354,1.);
#5354 = DIRECTION('',(0.,0.319316245627,0.947648212829));
#5355 = ORIENTED_EDGE('',*,*,#5356,.F.);
#5356 = EDGE_CURVE('',#56,#5349,#5357,.T.);
#5357 = LINE('',#5358,#5359);
#5358 = CARTESIAN_POINT('',(-6.20614444824,5.770514285714,18.5059));
#5359 = VECTOR('',#5360,1.);
#5360 = DIRECTION('',(1.,0.,0.));
#5361 = PLANE('',#5362);
#5362 = AXIS2_PLACEMENT_3D('',#5363,#5364,#5365);
#5363 = CARTESIAN_POINT('',(-6.20614444824,5.764757142857,
    18.488814285714));
#5364 = DIRECTION('',(0.,-0.947648212829,0.319316245627));
#5365 = DIRECTION('',(0.,0.319316245627,0.947648212829));
#5366 = ADVANCED_FACE('',(#5367),#5385,.T.);
#5367 = FACE_BOUND('',#5368,.T.);
#5368 = EDGE_LOOP('',(#5369,#5370,#5378,#5384));
#5369 = ORIENTED_EDGE('',*,*,#47,.T.);
#5370 = ORIENTED_EDGE('',*,*,#5371,.T.);
#5371 = EDGE_CURVE('',#48,#5372,#5374,.T.);
#5372 = VERTEX_POINT('',#5373);
#5373 = CARTESIAN_POINT('',(-5.60614444824,5.770514285714,
    21.826285714286));
#5374 = LINE('',#5375,#5376);
#5375 = CARTESIAN_POINT('',(-6.20614444824,5.770514285714,
    21.826285714286));
#5376 = VECTOR('',#5377,1.);
#5377 = DIRECTION('',(1.,0.,0.));
#5378 = ORIENTED_EDGE('',*,*,#5379,.T.);
#5379 = EDGE_CURVE('',#5372,#4567,#5380,.T.);
#5380 = LINE('',#5381,#5382);
#5381 = CARTESIAN_POINT('',(-5.60614444824,5.770514285714,
    21.826285714286));
#5382 = VECTOR('',#5383,1.);
#5383 = DIRECTION('',(0.,1.,0.));
#5384 = ORIENTED_EDGE('',*,*,#4566,.F.);
#5385 = PLANE('',#5386);
#5386 = AXIS2_PLACEMENT_3D('',#5387,#5388,#5389);
#5387 = CARTESIAN_POINT('',(-6.20614444824,5.770514285714,
    21.826285714286));
#5388 = DIRECTION('',(0.,0.,1.));
#5389 = DIRECTION('',(0.,1.,0.));
#5390 = ADVANCED_FACE('',(#5391,#5402),#5413,.F.);
#5391 = FACE_BOUND('',#5392,.F.);
#5392 = EDGE_LOOP('',(#5393,#5394,#5395,#5401));
#5393 = ORIENTED_EDGE('',*,*,#31,.F.);
#5394 = ORIENTED_EDGE('',*,*,#2813,.T.);
#5395 = ORIENTED_EDGE('',*,*,#5396,.T.);
#5396 = EDGE_CURVE('',#2804,#4552,#5397,.T.);
#5397 = LINE('',#5398,#5399);
#5398 = CARTESIAN_POINT('',(6.10614444824,-6.10614444824,-3.));
#5399 = VECTOR('',#5400,1.);
#5400 = DIRECTION('',(-0.,1.,0.));
#5401 = ORIENTED_EDGE('',*,*,#4559,.F.);
#5402 = FACE_BOUND('',#5403,.F.);
#5403 = EDGE_LOOP('',(#5404));
#5404 = ORIENTED_EDGE('',*,*,#5405,.F.);
#5405 = EDGE_CURVE('',#5406,#5406,#5408,.T.);
#5406 = VERTEX_POINT('',#5407);
#5407 = CARTESIAN_POINT('',(0.5,-1.224646799147E-16,-3.));
#5408 = CIRCLE('',#5409,0.5);
#5409 = AXIS2_PLACEMENT_3D('',#5410,#5411,#5412);
#5410 = CARTESIAN_POINT('',(0.,0.,-3.));
#5411 = DIRECTION('',(0.,0.,1.));
#5412 = DIRECTION('',(1.,0.,-0.));
#5413 = PLANE('',#5414);
#5414 = AXIS2_PLACEMENT_3D('',#5415,#5416,#5417);
#5415 = CARTESIAN_POINT('',(-6.10614444824,-6.10614444824,-3.));
#5416 = DIRECTION('',(0.,0.,1.));
#5417 = DIRECTION('',(1.,0.,-0.));
#5418 = ADVANCED_FACE('',(#5419),#5444,.T.);
#5419 = FACE_BOUND('',#5420,.T.);
#5420 = EDGE_LOOP('',(#5421,#5422,#5430,#5438));
#5421 = ORIENTED_EDGE('',*,*,#951,.T.);
#5422 = ORIENTED_EDGE('',*,*,#5423,.T.);
#5423 = EDGE_CURVE('',#954,#5424,#5426,.T.);
#5424 = VERTEX_POINT('',#5425);
#5425 = CARTESIAN_POINT('',(-5.60614444824,3.916342857143,
    22.282771428571));
#5426 = LINE('',#5427,#5428);
#5427 = CARTESIAN_POINT('',(-6.20614444824,3.916342857143,
    22.282771428571));
#5428 = VECTOR('',#5429,1.);
#5429 = DIRECTION('',(1.,0.,0.));
#5430 = ORIENTED_EDGE('',*,*,#5431,.T.);
#5431 = EDGE_CURVE('',#5424,#5432,#5434,.T.);
#5432 = VERTEX_POINT('',#5433);
#5433 = CARTESIAN_POINT('',(-5.60614444824,3.905014285714,
    22.305428571429));
#5434 = LINE('',#5435,#5436);
#5435 = CARTESIAN_POINT('',(-5.60614444824,3.916342857143,
    22.282771428571));
#5436 = VECTOR('',#5437,1.);
#5437 = DIRECTION('',(0.,-0.4472135955,0.894427191));
#5438 = ORIENTED_EDGE('',*,*,#5439,.F.);
#5439 = EDGE_CURVE('',#952,#5432,#5440,.T.);
#5440 = LINE('',#5441,#5442);
#5441 = CARTESIAN_POINT('',(-6.20614444824,3.905014285714,
    22.305428571429));
#5442 = VECTOR('',#5443,1.);
#5443 = DIRECTION('',(1.,0.,0.));
#5444 = PLANE('',#5445);
#5445 = AXIS2_PLACEMENT_3D('',#5446,#5447,#5448);
#5446 = CARTESIAN_POINT('',(-6.20614444824,3.916342857143,
    22.282771428571));
#5447 = DIRECTION('',(0.,-0.894427191,-0.4472135955));
#5448 = DIRECTION('',(0.,-0.4472135955,0.894427191));
#5449 = ADVANCED_FACE('',(#5450),#5468,.T.);
#5450 = FACE_BOUND('',#5451,.T.);
#5451 = EDGE_LOOP('',(#5452,#5453,#5454,#5462));
#5452 = ORIENTED_EDGE('',*,*,#1657,.T.);
#5453 = ORIENTED_EDGE('',*,*,#5439,.T.);
#5454 = ORIENTED_EDGE('',*,*,#5455,.T.);
#5455 = EDGE_CURVE('',#5432,#5456,#5458,.T.);
#5456 = VERTEX_POINT('',#5457);
#5457 = CARTESIAN_POINT('',(-5.60614444824,3.8935,22.328271428571));
#5458 = LINE('',#5459,#5460);
#5459 = CARTESIAN_POINT('',(-5.60614444824,3.905014285714,
    22.305428571429));
#5460 = VECTOR('',#5461,1.);
#5461 = DIRECTION('',(0.,-0.450115207469,0.892970492237));
#5462 = ORIENTED_EDGE('',*,*,#5463,.F.);
#5463 = EDGE_CURVE('',#1650,#5456,#5464,.T.);
#5464 = LINE('',#5465,#5466);
#5465 = CARTESIAN_POINT('',(-6.20614444824,3.8935,22.328271428571));
#5466 = VECTOR('',#5467,1.);
#5467 = DIRECTION('',(1.,0.,0.));
#5468 = PLANE('',#5469);
#5469 = AXIS2_PLACEMENT_3D('',#5470,#5471,#5472);
#5470 = CARTESIAN_POINT('',(-6.20614444824,3.905014285714,
    22.305428571429));
#5471 = DIRECTION('',(0.,-0.892970492237,-0.450115207469));
#5472 = DIRECTION('',(0.,-0.450115207469,0.892970492237));
#5473 = ADVANCED_FACE('',(#5474),#5492,.T.);
#5474 = FACE_BOUND('',#5475,.T.);
#5475 = EDGE_LOOP('',(#5476,#5477,#5478,#5486));
#5476 = ORIENTED_EDGE('',*,*,#1649,.T.);
#5477 = ORIENTED_EDGE('',*,*,#5463,.T.);
#5478 = ORIENTED_EDGE('',*,*,#5479,.T.);
#5479 = EDGE_CURVE('',#5456,#5480,#5482,.T.);
#5480 = VERTEX_POINT('',#5481);
#5481 = CARTESIAN_POINT('',(-5.60614444824,3.882171428571,
    22.351114285714));
#5482 = LINE('',#5483,#5484);
#5483 = CARTESIAN_POINT('',(-5.60614444824,3.8935,22.328271428571));
#5484 = VECTOR('',#5485,1.);
#5485 = DIRECTION('',(0.,-0.444297794845,0.895879160097));
#5486 = ORIENTED_EDGE('',*,*,#5487,.F.);
#5487 = EDGE_CURVE('',#1642,#5480,#5488,.T.);
#5488 = LINE('',#5489,#5490);
#5489 = CARTESIAN_POINT('',(-6.20614444824,3.882171428571,
    22.351114285714));
#5490 = VECTOR('',#5491,1.);
#5491 = DIRECTION('',(1.,0.,0.));
#5492 = PLANE('',#5493);
#5493 = AXIS2_PLACEMENT_3D('',#5494,#5495,#5496);
#5494 = CARTESIAN_POINT('',(-6.20614444824,3.8935,22.328271428571));
#5495 = DIRECTION('',(0.,-0.895879160097,-0.444297794845));
#5496 = DIRECTION('',(0.,-0.444297794845,0.895879160097));
#5497 = ADVANCED_FACE('',(#5498),#5516,.T.);
#5498 = FACE_BOUND('',#5499,.T.);
#5499 = EDGE_LOOP('',(#5500,#5501,#5502,#5510));
#5500 = ORIENTED_EDGE('',*,*,#1641,.T.);
#5501 = ORIENTED_EDGE('',*,*,#5487,.T.);
#5502 = ORIENTED_EDGE('',*,*,#5503,.T.);
#5503 = EDGE_CURVE('',#5480,#5504,#5506,.T.);
#5504 = VERTEX_POINT('',#5505);
#5505 = CARTESIAN_POINT('',(-5.60614444824,3.853571428571,22.3682));
#5506 = LINE('',#5507,#5508);
#5507 = CARTESIAN_POINT('',(-5.60614444824,3.882171428571,
    22.351114285714));
#5508 = VECTOR('',#5509,1.);
#5509 = DIRECTION('',(0.,-0.85847509595,0.512855252126));
#5510 = ORIENTED_EDGE('',*,*,#5511,.F.);
#5511 = EDGE_CURVE('',#1634,#5504,#5512,.T.);
#5512 = LINE('',#5513,#5514);
#5513 = CARTESIAN_POINT('',(-6.20614444824,3.853571428571,22.3682));
#5514 = VECTOR('',#5515,1.);
#5515 = DIRECTION('',(1.,0.,0.));
#5516 = PLANE('',#5517);
#5517 = AXIS2_PLACEMENT_3D('',#5518,#5519,#5520);
#5518 = CARTESIAN_POINT('',(-6.20614444824,3.882171428571,
    22.351114285714));
#5519 = DIRECTION('',(0.,-0.512855252126,-0.85847509595));
#5520 = DIRECTION('',(0.,-0.85847509595,0.512855252126));
#5521 = ADVANCED_FACE('',(#5522),#5540,.T.);
#5522 = FACE_BOUND('',#5523,.T.);
#5523 = EDGE_LOOP('',(#5524,#5525,#5526,#5534));
#5524 = ORIENTED_EDGE('',*,*,#1633,.T.);
#5525 = ORIENTED_EDGE('',*,*,#5511,.T.);
#5526 = ORIENTED_EDGE('',*,*,#5527,.T.);
#5527 = EDGE_CURVE('',#5504,#5528,#5530,.T.);
#5528 = VERTEX_POINT('',#5529);
#5529 = CARTESIAN_POINT('',(-5.60614444824,3.830728571429,
    22.385471428571));
#5530 = LINE('',#5531,#5532);
#5531 = CARTESIAN_POINT('',(-5.60614444824,3.853571428571,22.3682));
#5532 = VECTOR('',#5533,1.);
#5533 = DIRECTION('',(0.,-0.797659331282,0.603108274872));
#5534 = ORIENTED_EDGE('',*,*,#5535,.F.);
#5535 = EDGE_CURVE('',#1626,#5528,#5536,.T.);
#5536 = LINE('',#5537,#5538);
#5537 = CARTESIAN_POINT('',(-6.20614444824,3.830728571429,
    22.385471428571));
#5538 = VECTOR('',#5539,1.);
#5539 = DIRECTION('',(1.,0.,0.));
#5540 = PLANE('',#5541);
#5541 = AXIS2_PLACEMENT_3D('',#5542,#5543,#5544);
#5542 = CARTESIAN_POINT('',(-6.20614444824,3.853571428571,22.3682));
#5543 = DIRECTION('',(0.,-0.603108274872,-0.797659331282));
#5544 = DIRECTION('',(0.,-0.797659331282,0.603108274872));
#5545 = ADVANCED_FACE('',(#5546),#5564,.T.);
#5546 = FACE_BOUND('',#5547,.T.);
#5547 = EDGE_LOOP('',(#5548,#5549,#5550,#5558));
#5548 = ORIENTED_EDGE('',*,*,#1625,.T.);
#5549 = ORIENTED_EDGE('',*,*,#5535,.T.);
#5550 = ORIENTED_EDGE('',*,*,#5551,.T.);
#5551 = EDGE_CURVE('',#5528,#5552,#5554,.T.);
#5552 = VERTEX_POINT('',#5553);
#5553 = CARTESIAN_POINT('',(-5.60614444824,3.802314285714,22.3968));
#5554 = LINE('',#5555,#5556);
#5555 = CARTESIAN_POINT('',(-5.60614444824,3.830728571429,
    22.385471428571));
#5556 = VECTOR('',#5557,1.);
#5557 = DIRECTION('',(0.,-0.92889480482,0.370343680353));
#5558 = ORIENTED_EDGE('',*,*,#5559,.F.);
#5559 = EDGE_CURVE('',#1618,#5552,#5560,.T.);
#5560 = LINE('',#5561,#5562);
#5561 = CARTESIAN_POINT('',(-6.20614444824,3.802314285714,22.3968));
#5562 = VECTOR('',#5563,1.);
#5563 = DIRECTION('',(1.,0.,0.));
#5564 = PLANE('',#5565);
#5565 = AXIS2_PLACEMENT_3D('',#5566,#5567,#5568);
#5566 = CARTESIAN_POINT('',(-6.20614444824,3.830728571429,
    22.385471428571));
#5567 = DIRECTION('',(0.,-0.370343680353,-0.92889480482));
#5568 = DIRECTION('',(0.,-0.92889480482,0.370343680353));
#5569 = ADVANCED_FACE('',(#5570),#5595,.T.);
#5570 = FACE_BOUND('',#5571,.T.);
#5571 = EDGE_LOOP('',(#5572,#5573,#5581,#5589));
#5572 = ORIENTED_EDGE('',*,*,#1609,.T.);
#5573 = ORIENTED_EDGE('',*,*,#5574,.T.);
#5574 = EDGE_CURVE('',#1610,#5575,#5577,.T.);
#5575 = VERTEX_POINT('',#5576);
#5576 = CARTESIAN_POINT('',(-5.60614444824,2.030042857143,22.3968));
#5577 = LINE('',#5578,#5579);
#5578 = CARTESIAN_POINT('',(-6.20614444824,2.030042857143,22.3968));
#5579 = VECTOR('',#5580,1.);
#5580 = DIRECTION('',(1.,0.,0.));
#5581 = ORIENTED_EDGE('',*,*,#5582,.T.);
#5582 = EDGE_CURVE('',#5575,#5583,#5585,.T.);
#5583 = VERTEX_POINT('',#5584);
#5584 = CARTESIAN_POINT('',(-5.60614444824,2.002557142857,
    22.385471428571));
#5585 = LINE('',#5586,#5587);
#5586 = CARTESIAN_POINT('',(-5.60614444824,2.030042857143,22.3968));
#5587 = VECTOR('',#5588,1.);
#5588 = DIRECTION('',(0.,-0.924548670381,-0.381063979008));
#5589 = ORIENTED_EDGE('',*,*,#5590,.F.);
#5590 = EDGE_CURVE('',#1602,#5583,#5591,.T.);
#5591 = LINE('',#5592,#5593);
#5592 = CARTESIAN_POINT('',(-6.20614444824,2.002557142857,
    22.385471428571));
#5593 = VECTOR('',#5594,1.);
#5594 = DIRECTION('',(1.,0.,0.));
#5595 = PLANE('',#5596);
#5596 = AXIS2_PLACEMENT_3D('',#5597,#5598,#5599);
#5597 = CARTESIAN_POINT('',(-6.20614444824,2.030042857143,22.3968));
#5598 = DIRECTION('',(0.,0.381063979008,-0.924548670381));
#5599 = DIRECTION('',(0.,-0.924548670381,-0.381063979008));
#5600 = ADVANCED_FACE('',(#5601),#5619,.T.);
#5601 = FACE_BOUND('',#5602,.T.);
#5602 = EDGE_LOOP('',(#5603,#5604,#5605,#5613));
#5603 = ORIENTED_EDGE('',*,*,#1601,.T.);
#5604 = ORIENTED_EDGE('',*,*,#5590,.T.);
#5605 = ORIENTED_EDGE('',*,*,#5606,.T.);
#5606 = EDGE_CURVE('',#5583,#5607,#5609,.T.);
#5607 = VERTEX_POINT('',#5608);
#5608 = CARTESIAN_POINT('',(-5.60614444824,1.985842857143,
    22.373957142857));
#5609 = LINE('',#5610,#5611);
#5610 = CARTESIAN_POINT('',(-5.60614444824,2.002557142857,
    22.385471428571));
#5611 = VECTOR('',#5612,1.);
#5612 = DIRECTION('',(0.,-0.82350760101,-0.567305236251));
#5613 = ORIENTED_EDGE('',*,*,#5614,.F.);
#5614 = EDGE_CURVE('',#1594,#5607,#5615,.T.);
#5615 = LINE('',#5616,#5617);
#5616 = CARTESIAN_POINT('',(-6.20614444824,1.985842857143,
    22.373957142857));
#5617 = VECTOR('',#5618,1.);
#5618 = DIRECTION('',(1.,0.,0.));
#5619 = PLANE('',#5620);
#5620 = AXIS2_PLACEMENT_3D('',#5621,#5622,#5623);
#5621 = CARTESIAN_POINT('',(-6.20614444824,2.002557142857,
    22.385471428571));
#5622 = DIRECTION('',(0.,0.567305236251,-0.82350760101));
#5623 = DIRECTION('',(0.,-0.82350760101,-0.567305236251));
#5624 = ADVANCED_FACE('',(#5625),#5643,.T.);
#5625 = FACE_BOUND('',#5626,.T.);
#5626 = EDGE_LOOP('',(#5627,#5628,#5629,#5637));
#5627 = ORIENTED_EDGE('',*,*,#1593,.T.);
#5628 = ORIENTED_EDGE('',*,*,#5614,.T.);
#5629 = ORIENTED_EDGE('',*,*,#5630,.T.);
#5630 = EDGE_CURVE('',#5607,#5631,#5633,.T.);
#5631 = VERTEX_POINT('',#5632);
#5632 = CARTESIAN_POINT('',(-5.60614444824,1.963742857143,
    22.362628571429));
#5633 = LINE('',#5634,#5635);
#5634 = CARTESIAN_POINT('',(-5.60614444824,1.985842857143,
    22.373957142857));
#5635 = VECTOR('',#5636,1.);
#5636 = DIRECTION('',(0.,-0.889895306309,-0.456164820881));
#5637 = ORIENTED_EDGE('',*,*,#5638,.F.);
#5638 = EDGE_CURVE('',#1586,#5631,#5639,.T.);
#5639 = LINE('',#5640,#5641);
#5640 = CARTESIAN_POINT('',(-6.20614444824,1.963742857143,
    22.362628571429));
#5641 = VECTOR('',#5642,1.);
#5642 = DIRECTION('',(1.,0.,0.));
#5643 = PLANE('',#5644);
#5644 = AXIS2_PLACEMENT_3D('',#5645,#5646,#5647);
#5645 = CARTESIAN_POINT('',(-6.20614444824,1.985842857143,
    22.373957142857));
#5646 = DIRECTION('',(0.,0.456164820881,-0.889895306309));
#5647 = DIRECTION('',(0.,-0.889895306309,-0.456164820881));
#5648 = ADVANCED_FACE('',(#5649),#5667,.T.);
#5649 = FACE_BOUND('',#5650,.T.);
#5650 = EDGE_LOOP('',(#5651,#5652,#5653,#5661));
#5651 = ORIENTED_EDGE('',*,*,#1585,.T.);
#5652 = ORIENTED_EDGE('',*,*,#5638,.T.);
#5653 = ORIENTED_EDGE('',*,*,#5654,.T.);
#5654 = EDGE_CURVE('',#5631,#5655,#5657,.T.);
#5655 = VERTEX_POINT('',#5656);
#5656 = CARTESIAN_POINT('',(-5.60614444824,1.947214285714,
    22.339785714286));
#5657 = LINE('',#5658,#5659);
#5658 = CARTESIAN_POINT('',(-5.60614444824,1.963742857143,
    22.362628571429));
#5659 = VECTOR('',#5660,1.);
#5660 = DIRECTION('',(0.,-0.586211780526,-0.810157853985));
#5661 = ORIENTED_EDGE('',*,*,#5662,.F.);
#5662 = EDGE_CURVE('',#1578,#5655,#5663,.T.);
#5663 = LINE('',#5664,#5665);
#5664 = CARTESIAN_POINT('',(-6.20614444824,1.947214285714,
    22.339785714286));
#5665 = VECTOR('',#5666,1.);
#5666 = DIRECTION('',(1.,0.,0.));
#5667 = PLANE('',#5668);
#5668 = AXIS2_PLACEMENT_3D('',#5669,#5670,#5671);
#5669 = CARTESIAN_POINT('',(-6.20614444824,1.963742857143,
    22.362628571429));
#5670 = DIRECTION('',(0.,0.810157853985,-0.586211780526));
#5671 = DIRECTION('',(0.,-0.586211780526,-0.810157853985));
#5672 = ADVANCED_FACE('',(#5673),#5691,.T.);
#5673 = FACE_BOUND('',#5674,.T.);
#5674 = EDGE_LOOP('',(#5675,#5676,#5677,#5685));
#5675 = ORIENTED_EDGE('',*,*,#1577,.T.);
#5676 = ORIENTED_EDGE('',*,*,#5662,.T.);
#5677 = ORIENTED_EDGE('',*,*,#5678,.T.);
#5678 = EDGE_CURVE('',#5655,#5679,#5681,.T.);
#5679 = VERTEX_POINT('',#5680);
#5680 = CARTESIAN_POINT('',(-5.60614444824,1.936071428571,22.3227));
#5681 = LINE('',#5682,#5683);
#5682 = CARTESIAN_POINT('',(-5.60614444824,1.947214285714,
    22.339785714286));
#5683 = VECTOR('',#5684,1.);
#5684 = DIRECTION('',(0.,-0.546267780547,-0.837610596839));
#5685 = ORIENTED_EDGE('',*,*,#5686,.F.);
#5686 = EDGE_CURVE('',#1570,#5679,#5687,.T.);
#5687 = LINE('',#5688,#5689);
#5688 = CARTESIAN_POINT('',(-6.20614444824,1.936071428571,22.3227));
#5689 = VECTOR('',#5690,1.);
#5690 = DIRECTION('',(1.,0.,0.));
#5691 = PLANE('',#5692);
#5692 = AXIS2_PLACEMENT_3D('',#5693,#5694,#5695);
#5693 = CARTESIAN_POINT('',(-6.20614444824,1.947214285714,
    22.339785714286));
#5694 = DIRECTION('',(0.,0.837610596839,-0.546267780547));
#5695 = DIRECTION('',(0.,-0.546267780547,-0.837610596839));
#5696 = ADVANCED_FACE('',(#5697),#5715,.T.);
#5697 = FACE_BOUND('',#5698,.T.);
#5698 = EDGE_LOOP('',(#5699,#5700,#5701,#5709));
#5699 = ORIENTED_EDGE('',*,*,#1569,.T.);
#5700 = ORIENTED_EDGE('',*,*,#5686,.T.);
#5701 = ORIENTED_EDGE('',*,*,#5702,.T.);
#5702 = EDGE_CURVE('',#5679,#5703,#5705,.T.);
#5703 = VERTEX_POINT('',#5704);
#5704 = CARTESIAN_POINT('',(-5.60614444824,1.925114285714,22.2941));
#5705 = LINE('',#5706,#5707);
#5706 = CARTESIAN_POINT('',(-5.60614444824,1.936071428571,22.3227));
#5707 = VECTOR('',#5708,1.);
#5708 = DIRECTION('',(0.,-0.357759776872,-0.933813654886));
#5709 = ORIENTED_EDGE('',*,*,#5710,.F.);
#5710 = EDGE_CURVE('',#1562,#5703,#5711,.T.);
#5711 = LINE('',#5712,#5713);
#5712 = CARTESIAN_POINT('',(-6.20614444824,1.925114285714,22.2941));
#5713 = VECTOR('',#5714,1.);
#5714 = DIRECTION('',(1.,0.,0.));
#5715 = PLANE('',#5716);
#5716 = AXIS2_PLACEMENT_3D('',#5717,#5718,#5719);
#5717 = CARTESIAN_POINT('',(-6.20614444824,1.936071428571,22.3227));
#5718 = DIRECTION('',(0.,0.933813654886,-0.357759776872));
#5719 = DIRECTION('',(0.,-0.357759776872,-0.933813654886));
#5720 = ADVANCED_FACE('',(#5721),#5739,.T.);
#5721 = FACE_BOUND('',#5722,.T.);
#5722 = EDGE_LOOP('',(#5723,#5724,#5725,#5733));
#5723 = ORIENTED_EDGE('',*,*,#1561,.T.);
#5724 = ORIENTED_EDGE('',*,*,#5710,.T.);
#5725 = ORIENTED_EDGE('',*,*,#5726,.T.);
#5726 = EDGE_CURVE('',#5703,#5727,#5729,.T.);
#5727 = VERTEX_POINT('',#5728);
#5728 = CARTESIAN_POINT('',(-5.60614444824,1.919542857143,
    22.271257142857));
#5729 = LINE('',#5730,#5731);
#5730 = CARTESIAN_POINT('',(-5.60614444824,1.925114285714,22.2941));
#5731 = VECTOR('',#5732,1.);
#5732 = DIRECTION('',(0.,-0.236956180191,-0.971520338783));
#5733 = ORIENTED_EDGE('',*,*,#5734,.F.);
#5734 = EDGE_CURVE('',#1554,#5727,#5735,.T.);
#5735 = LINE('',#5736,#5737);
#5736 = CARTESIAN_POINT('',(-6.20614444824,1.919542857143,
    22.271257142857));
#5737 = VECTOR('',#5738,1.);
#5738 = DIRECTION('',(1.,0.,0.));
#5739 = PLANE('',#5740);
#5740 = AXIS2_PLACEMENT_3D('',#5741,#5742,#5743);
#5741 = CARTESIAN_POINT('',(-6.20614444824,1.925114285714,22.2941));
#5742 = DIRECTION('',(0.,0.971520338783,-0.236956180191));
#5743 = DIRECTION('',(0.,-0.236956180191,-0.971520338783));
#5744 = ADVANCED_FACE('',(#5745),#5763,.T.);
#5745 = FACE_BOUND('',#5746,.T.);
#5746 = EDGE_LOOP('',(#5747,#5748,#5749,#5757));
#5747 = ORIENTED_EDGE('',*,*,#1553,.T.);
#5748 = ORIENTED_EDGE('',*,*,#5734,.T.);
#5749 = ORIENTED_EDGE('',*,*,#5750,.T.);
#5750 = EDGE_CURVE('',#5727,#5751,#5753,.T.);
#5751 = VERTEX_POINT('',#5752);
#5752 = CARTESIAN_POINT('',(-5.60614444824,1.919542857143,
    21.957585714286));
#5753 = LINE('',#5754,#5755);
#5754 = CARTESIAN_POINT('',(-5.60614444824,1.919542857143,
    22.271257142857));
#5755 = VECTOR('',#5756,1.);
#5756 = DIRECTION('',(0.,0.,-1.));
#5757 = ORIENTED_EDGE('',*,*,#5758,.F.);
#5758 = EDGE_CURVE('',#1546,#5751,#5759,.T.);
#5759 = LINE('',#5760,#5761);
#5760 = CARTESIAN_POINT('',(-6.20614444824,1.919542857143,
    21.957585714286));
#5761 = VECTOR('',#5762,1.);
#5762 = DIRECTION('',(1.,0.,0.));
#5763 = PLANE('',#5764);
#5764 = AXIS2_PLACEMENT_3D('',#5765,#5766,#5767);
#5765 = CARTESIAN_POINT('',(-6.20614444824,1.919542857143,
    22.271257142857));
#5766 = DIRECTION('',(-0.,1.,0.));
#5767 = DIRECTION('',(0.,0.,-1.));
#5768 = ADVANCED_FACE('',(#5769),#5787,.T.);
#5769 = FACE_BOUND('',#5770,.T.);
#5770 = EDGE_LOOP('',(#5771,#5772,#5773,#5781));
#5771 = ORIENTED_EDGE('',*,*,#1545,.T.);
#5772 = ORIENTED_EDGE('',*,*,#5758,.T.);
#5773 = ORIENTED_EDGE('',*,*,#5774,.T.);
#5774 = EDGE_CURVE('',#5751,#5775,#5777,.T.);
#5775 = VERTEX_POINT('',#5776);
#5776 = CARTESIAN_POINT('',(-5.60614444824,1.925114285714,
    21.940314285714));
#5777 = LINE('',#5778,#5779);
#5778 = CARTESIAN_POINT('',(-5.60614444824,1.919542857143,
    21.957585714286));
#5779 = VECTOR('',#5780,1.);
#5780 = DIRECTION('',(-0.,0.307002779923,-0.951708617761));
#5781 = ORIENTED_EDGE('',*,*,#5782,.F.);
#5782 = EDGE_CURVE('',#1538,#5775,#5783,.T.);
#5783 = LINE('',#5784,#5785);
#5784 = CARTESIAN_POINT('',(-6.20614444824,1.925114285714,
    21.940314285714));
#5785 = VECTOR('',#5786,1.);
#5786 = DIRECTION('',(1.,0.,0.));
#5787 = PLANE('',#5788);
#5788 = AXIS2_PLACEMENT_3D('',#5789,#5790,#5791);
#5789 = CARTESIAN_POINT('',(-6.20614444824,1.919542857143,
    21.957585714286));
#5790 = DIRECTION('',(-0.,0.951708617761,0.307002779923));
#5791 = DIRECTION('',(0.,0.307002779923,-0.951708617761));
#5792 = ADVANCED_FACE('',(#5793),#5811,.T.);
#5793 = FACE_BOUND('',#5794,.T.);
#5794 = EDGE_LOOP('',(#5795,#5796,#5797,#5805));
#5795 = ORIENTED_EDGE('',*,*,#1537,.T.);
#5796 = ORIENTED_EDGE('',*,*,#5782,.T.);
#5797 = ORIENTED_EDGE('',*,*,#5798,.T.);
#5798 = EDGE_CURVE('',#5775,#5799,#5801,.T.);
#5799 = VERTEX_POINT('',#5800);
#5800 = CARTESIAN_POINT('',(-5.60614444824,1.9305,21.917657142857));
#5801 = LINE('',#5802,#5803);
#5802 = CARTESIAN_POINT('',(-5.60614444824,1.925114285714,
    21.940314285714));
#5803 = VECTOR('',#5804,1.);
#5804 = DIRECTION('',(-0.,0.23126114462,-0.972891711851));
#5805 = ORIENTED_EDGE('',*,*,#5806,.F.);
#5806 = EDGE_CURVE('',#1530,#5799,#5807,.T.);
#5807 = LINE('',#5808,#5809);
#5808 = CARTESIAN_POINT('',(-6.20614444824,1.9305,21.917657142857));
#5809 = VECTOR('',#5810,1.);
#5810 = DIRECTION('',(1.,0.,0.));
#5811 = PLANE('',#5812);
#5812 = AXIS2_PLACEMENT_3D('',#5813,#5814,#5815);
#5813 = CARTESIAN_POINT('',(-6.20614444824,1.925114285714,
    21.940314285714));
#5814 = DIRECTION('',(-0.,0.972891711851,0.23126114462));
#5815 = DIRECTION('',(0.,0.23126114462,-0.972891711851));
#5816 = ADVANCED_FACE('',(#5817),#5835,.T.);
#5817 = FACE_BOUND('',#5818,.T.);
#5818 = EDGE_LOOP('',(#5819,#5820,#5821,#5829));
#5819 = ORIENTED_EDGE('',*,*,#1529,.T.);
#5820 = ORIENTED_EDGE('',*,*,#5806,.T.);
#5821 = ORIENTED_EDGE('',*,*,#5822,.T.);
#5822 = EDGE_CURVE('',#5799,#5823,#5825,.T.);
#5823 = VERTEX_POINT('',#5824);
#5824 = CARTESIAN_POINT('',(-5.60614444824,1.936071428571,
    21.900385714286));
#5825 = LINE('',#5826,#5827);
#5826 = CARTESIAN_POINT('',(-5.60614444824,1.9305,21.917657142857));
#5827 = VECTOR('',#5828,1.);
#5828 = DIRECTION('',(-0.,0.307002779923,-0.951708617761));
#5829 = ORIENTED_EDGE('',*,*,#5830,.F.);
#5830 = EDGE_CURVE('',#1522,#5823,#5831,.T.);
#5831 = LINE('',#5832,#5833);
#5832 = CARTESIAN_POINT('',(-6.20614444824,1.936071428571,
    21.900385714286));
#5833 = VECTOR('',#5834,1.);
#5834 = DIRECTION('',(1.,0.,0.));
#5835 = PLANE('',#5836);
#5836 = AXIS2_PLACEMENT_3D('',#5837,#5838,#5839);
#5837 = CARTESIAN_POINT('',(-6.20614444824,1.9305,21.917657142857));
#5838 = DIRECTION('',(-0.,0.951708617761,0.307002779923));
#5839 = DIRECTION('',(0.,0.307002779923,-0.951708617761));
#5840 = ADVANCED_FACE('',(#5841),#5866,.T.);
#5841 = FACE_BOUND('',#5842,.T.);
#5842 = EDGE_LOOP('',(#5843,#5844,#5852,#5860));
#5843 = ORIENTED_EDGE('',*,*,#1513,.T.);
#5844 = ORIENTED_EDGE('',*,*,#5845,.T.);
#5845 = EDGE_CURVE('',#1514,#5846,#5848,.T.);
#5846 = VERTEX_POINT('',#5847);
#5847 = CARTESIAN_POINT('',(-5.60614444824,1.958357142857,
    21.866214285714));
#5848 = LINE('',#5849,#5850);
#5849 = CARTESIAN_POINT('',(-6.20614444824,1.958357142857,
    21.866214285714));
#5850 = VECTOR('',#5851,1.);
#5851 = DIRECTION('',(1.,0.,0.));
#5852 = ORIENTED_EDGE('',*,*,#5853,.T.);
#5853 = EDGE_CURVE('',#5846,#5854,#5856,.T.);
#5854 = VERTEX_POINT('',#5855);
#5855 = CARTESIAN_POINT('',(-5.60614444824,1.974885714286,
    21.854885714286));
#5856 = LINE('',#5857,#5858);
#5857 = CARTESIAN_POINT('',(-5.60614444824,1.958357142857,
    21.866214285714));
#5858 = VECTOR('',#5859,1.);
#5859 = DIRECTION('',(-0.,0.824852336949,-0.565348230943));
#5860 = ORIENTED_EDGE('',*,*,#5861,.F.);
#5861 = EDGE_CURVE('',#1506,#5854,#5862,.T.);
#5862 = LINE('',#5863,#5864);
#5863 = CARTESIAN_POINT('',(-6.20614444824,1.974885714286,
    21.854885714286));
#5864 = VECTOR('',#5865,1.);
#5865 = DIRECTION('',(1.,0.,0.));
#5866 = PLANE('',#5867);
#5867 = AXIS2_PLACEMENT_3D('',#5868,#5869,#5870);
#5868 = CARTESIAN_POINT('',(-6.20614444824,1.958357142857,
    21.866214285714));
#5869 = DIRECTION('',(-0.,0.565348230943,0.824852336949));
#5870 = DIRECTION('',(0.,0.824852336949,-0.565348230943));
#5871 = ADVANCED_FACE('',(#5872),#5890,.T.);
#5872 = FACE_BOUND('',#5873,.T.);
#5873 = EDGE_LOOP('',(#5874,#5875,#5876,#5884));
#5874 = ORIENTED_EDGE('',*,*,#1505,.T.);
#5875 = ORIENTED_EDGE('',*,*,#5861,.T.);
#5876 = ORIENTED_EDGE('',*,*,#5877,.T.);
#5877 = EDGE_CURVE('',#5854,#5878,#5880,.T.);
#5878 = VERTEX_POINT('',#5879);
#5879 = CARTESIAN_POINT('',(-5.60614444824,1.991414285714,
    21.843371428571));
#5880 = LINE('',#5881,#5882);
#5881 = CARTESIAN_POINT('',(-5.60614444824,1.974885714286,
    21.854885714286));
#5882 = VECTOR('',#5883,1.);
#5883 = DIRECTION('',(-0.,0.820529200148,-0.571604611339));
#5884 = ORIENTED_EDGE('',*,*,#5885,.F.);
#5885 = EDGE_CURVE('',#1498,#5878,#5886,.T.);
#5886 = LINE('',#5887,#5888);
#5887 = CARTESIAN_POINT('',(-6.20614444824,1.991414285714,
    21.843371428571));
#5888 = VECTOR('',#5889,1.);
#5889 = DIRECTION('',(1.,0.,0.));
#5890 = PLANE('',#5891);
#5891 = AXIS2_PLACEMENT_3D('',#5892,#5893,#5894);
#5892 = CARTESIAN_POINT('',(-6.20614444824,1.974885714286,
    21.854885714286));
#5893 = DIRECTION('',(-0.,0.571604611339,0.820529200148));
#5894 = DIRECTION('',(0.,0.820529200148,-0.571604611339));
#5895 = ADVANCED_FACE('',(#5896),#5914,.T.);
#5896 = FACE_BOUND('',#5897,.T.);
#5897 = EDGE_LOOP('',(#5898,#5899,#5900,#5908));
#5898 = ORIENTED_EDGE('',*,*,#1497,.T.);
#5899 = ORIENTED_EDGE('',*,*,#5885,.T.);
#5900 = ORIENTED_EDGE('',*,*,#5901,.T.);
#5901 = EDGE_CURVE('',#5878,#5902,#5904,.T.);
#5902 = VERTEX_POINT('',#5903);
#5903 = CARTESIAN_POINT('',(-5.60614444824,2.008128571429,
    21.837614285714));
#5904 = LINE('',#5905,#5906);
#5905 = CARTESIAN_POINT('',(-5.60614444824,1.991414285714,
    21.843371428571));
#5906 = VECTOR('',#5907,1.);
#5907 = DIRECTION('',(-0.,0.945484566827,-0.325666906351));
#5908 = ORIENTED_EDGE('',*,*,#5909,.F.);
#5909 = EDGE_CURVE('',#1490,#5902,#5910,.T.);
#5910 = LINE('',#5911,#5912);
#5911 = CARTESIAN_POINT('',(-6.20614444824,2.008128571429,
    21.837614285714));
#5912 = VECTOR('',#5913,1.);
#5913 = DIRECTION('',(1.,0.,0.));
#5914 = PLANE('',#5915);
#5915 = AXIS2_PLACEMENT_3D('',#5916,#5917,#5918);
#5916 = CARTESIAN_POINT('',(-6.20614444824,1.991414285714,
    21.843371428571));
#5917 = DIRECTION('',(-0.,0.325666906351,0.945484566827));
#5918 = DIRECTION('',(0.,0.945484566827,-0.325666906351));
#5919 = ADVANCED_FACE('',(#5920),#5938,.T.);
#5920 = FACE_BOUND('',#5921,.T.);
#5921 = EDGE_LOOP('',(#5922,#5923,#5924,#5932));
#5922 = ORIENTED_EDGE('',*,*,#1489,.T.);
#5923 = ORIENTED_EDGE('',*,*,#5909,.T.);
#5924 = ORIENTED_EDGE('',*,*,#5925,.T.);
#5925 = EDGE_CURVE('',#5902,#5926,#5928,.T.);
#5926 = VERTEX_POINT('',#5927);
#5927 = CARTESIAN_POINT('',(-5.60614444824,2.0358,21.826285714286));
#5928 = LINE('',#5929,#5930);
#5929 = CARTESIAN_POINT('',(-5.60614444824,2.008128571429,
    21.837614285714));
#5930 = VECTOR('',#5931,1.);
#5931 = DIRECTION('',(-0.,0.925447987364,-0.378874679391));
#5932 = ORIENTED_EDGE('',*,*,#5933,.F.);
#5933 = EDGE_CURVE('',#1482,#5926,#5934,.T.);
#5934 = LINE('',#5935,#5936);
#5935 = CARTESIAN_POINT('',(-6.20614444824,2.0358,21.826285714286));
#5936 = VECTOR('',#5937,1.);
#5937 = DIRECTION('',(1.,0.,0.));
#5938 = PLANE('',#5939);
#5939 = AXIS2_PLACEMENT_3D('',#5940,#5941,#5942);
#5940 = CARTESIAN_POINT('',(-6.20614444824,2.008128571429,
    21.837614285714));
#5941 = DIRECTION('',(-0.,0.378874679391,0.925447987364));
#5942 = DIRECTION('',(0.,0.925447987364,-0.378874679391));
#5943 = ADVANCED_FACE('',(#5944),#5969,.T.);
#5944 = FACE_BOUND('',#5945,.T.);
#5945 = EDGE_LOOP('',(#5946,#5947,#5955,#5963));
#5946 = ORIENTED_EDGE('',*,*,#1473,.T.);
#5947 = ORIENTED_EDGE('',*,*,#5948,.T.);
#5948 = EDGE_CURVE('',#1474,#5949,#5951,.T.);
#5949 = VERTEX_POINT('',#5950);
#5950 = CARTESIAN_POINT('',(-5.60614444824,3.345828571429,
    21.826285714286));
#5951 = LINE('',#5952,#5953);
#5952 = CARTESIAN_POINT('',(-6.20614444824,3.345828571429,
    21.826285714286));
#5953 = VECTOR('',#5954,1.);
#5954 = DIRECTION('',(1.,0.,0.));
#5955 = ORIENTED_EDGE('',*,*,#5956,.T.);
#5956 = EDGE_CURVE('',#5949,#5957,#5959,.T.);
#5957 = VERTEX_POINT('',#5958);
#5958 = CARTESIAN_POINT('',(-5.60614444824,3.345828571429,
    20.685257142857));
#5959 = LINE('',#5960,#5961);
#5960 = CARTESIAN_POINT('',(-5.60614444824,3.345828571429,
    21.826285714286));
#5961 = VECTOR('',#5962,1.);
#5962 = DIRECTION('',(0.,0.,-1.));
#5963 = ORIENTED_EDGE('',*,*,#5964,.F.);
#5964 = EDGE_CURVE('',#1466,#5957,#5965,.T.);
#5965 = LINE('',#5966,#5967);
#5966 = CARTESIAN_POINT('',(-6.20614444824,3.345828571429,
    20.685257142857));
#5967 = VECTOR('',#5968,1.);
#5968 = DIRECTION('',(1.,0.,0.));
#5969 = PLANE('',#5970);
#5970 = AXIS2_PLACEMENT_3D('',#5971,#5972,#5973);
#5971 = CARTESIAN_POINT('',(-6.20614444824,3.345828571429,
    21.826285714286));
#5972 = DIRECTION('',(-0.,1.,0.));
#5973 = DIRECTION('',(0.,0.,-1.));
#5974 = ADVANCED_FACE('',(#5975),#5993,.T.);
#5975 = FACE_BOUND('',#5976,.T.);
#5976 = EDGE_LOOP('',(#5977,#5978,#5979,#5987));
#5977 = ORIENTED_EDGE('',*,*,#1465,.T.);
#5978 = ORIENTED_EDGE('',*,*,#5964,.T.);
#5979 = ORIENTED_EDGE('',*,*,#5980,.T.);
#5980 = EDGE_CURVE('',#5957,#5981,#5983,.T.);
#5981 = VERTEX_POINT('',#5982);
#5982 = CARTESIAN_POINT('',(-5.60614444824,2.478542857143,
    20.685257142857));
#5983 = LINE('',#5984,#5985);
#5984 = CARTESIAN_POINT('',(-5.60614444824,3.345828571429,
    20.685257142857));
#5985 = VECTOR('',#5986,1.);
#5986 = DIRECTION('',(0.,-1.,0.));
#5987 = ORIENTED_EDGE('',*,*,#5988,.F.);
#5988 = EDGE_CURVE('',#1458,#5981,#5989,.T.);
#5989 = LINE('',#5990,#5991);
#5990 = CARTESIAN_POINT('',(-6.20614444824,2.478542857143,
    20.685257142857));
#5991 = VECTOR('',#5992,1.);
#5992 = DIRECTION('',(1.,0.,0.));
#5993 = PLANE('',#5994);
#5994 = AXIS2_PLACEMENT_3D('',#5995,#5996,#5997);
#5995 = CARTESIAN_POINT('',(-6.20614444824,3.345828571429,
    20.685257142857));
#5996 = DIRECTION('',(0.,0.,-1.));
#5997 = DIRECTION('',(0.,-1.,0.));
#5998 = ADVANCED_FACE('',(#5999),#6017,.T.);
#5999 = FACE_BOUND('',#6000,.T.);
#6000 = EDGE_LOOP('',(#6001,#6002,#6003,#6011));
#6001 = ORIENTED_EDGE('',*,*,#1457,.T.);
#6002 = ORIENTED_EDGE('',*,*,#5988,.T.);
#6003 = ORIENTED_EDGE('',*,*,#6004,.T.);
#6004 = EDGE_CURVE('',#5981,#6005,#6007,.T.);
#6005 = VERTEX_POINT('',#6006);
#6006 = CARTESIAN_POINT('',(-5.60614444824,2.415771428571,20.6795));
#6007 = LINE('',#6008,#6009);
#6008 = CARTESIAN_POINT('',(-5.60614444824,2.478542857143,
    20.685257142857));
#6009 = VECTOR('',#6010,1.);
#6010 = DIRECTION('',(0.,-0.995820439719,-9.133264387955E-02));
#6011 = ORIENTED_EDGE('',*,*,#6012,.F.);
#6012 = EDGE_CURVE('',#1450,#6005,#6013,.T.);
#6013 = LINE('',#6014,#6015);
#6014 = CARTESIAN_POINT('',(-6.20614444824,2.415771428571,20.6795));
#6015 = VECTOR('',#6016,1.);
#6016 = DIRECTION('',(1.,0.,0.));
#6017 = PLANE('',#6018);
#6018 = AXIS2_PLACEMENT_3D('',#6019,#6020,#6021);
#6019 = CARTESIAN_POINT('',(-6.20614444824,2.478542857143,
    20.685257142857));
#6020 = DIRECTION('',(0.,9.133264387955E-02,-0.995820439719));
#6021 = DIRECTION('',(0.,-0.995820439719,-9.133264387955E-02));
#6022 = ADVANCED_FACE('',(#6023),#6041,.T.);
#6023 = FACE_BOUND('',#6024,.T.);
#6024 = EDGE_LOOP('',(#6025,#6026,#6027,#6035));
#6025 = ORIENTED_EDGE('',*,*,#1449,.T.);
#6026 = ORIENTED_EDGE('',*,*,#6012,.T.);
#6027 = ORIENTED_EDGE('',*,*,#6028,.T.);
#6028 = EDGE_CURVE('',#6005,#6029,#6031,.T.);
#6029 = VERTEX_POINT('',#6030);
#6030 = CARTESIAN_POINT('',(-5.60614444824,2.341485714286,
    20.668171428571));
#6031 = LINE('',#6032,#6033);
#6032 = CARTESIAN_POINT('',(-5.60614444824,2.415771428571,20.6795));
#6033 = VECTOR('',#6034,1.);
#6034 = DIRECTION('',(0.,-0.988570842591,-0.150757053495));
#6035 = ORIENTED_EDGE('',*,*,#6036,.F.);
#6036 = EDGE_CURVE('',#1442,#6029,#6037,.T.);
#6037 = LINE('',#6038,#6039);
#6038 = CARTESIAN_POINT('',(-6.20614444824,2.341485714286,
    20.668171428571));
#6039 = VECTOR('',#6040,1.);
#6040 = DIRECTION('',(1.,0.,0.));
#6041 = PLANE('',#6042);
#6042 = AXIS2_PLACEMENT_3D('',#6043,#6044,#6045);
#6043 = CARTESIAN_POINT('',(-6.20614444824,2.415771428571,20.6795));
#6044 = DIRECTION('',(0.,0.150757053495,-0.988570842591));
#6045 = DIRECTION('',(0.,-0.988570842591,-0.150757053495));
#6046 = ADVANCED_FACE('',(#6047),#6065,.T.);
#6047 = FACE_BOUND('',#6048,.T.);
#6048 = EDGE_LOOP('',(#6049,#6050,#6051,#6059));
#6049 = ORIENTED_EDGE('',*,*,#1441,.T.);
#6050 = ORIENTED_EDGE('',*,*,#6036,.T.);
#6051 = ORIENTED_EDGE('',*,*,#6052,.T.);
#6052 = EDGE_CURVE('',#6029,#6053,#6055,.T.);
#6053 = VERTEX_POINT('',#6054);
#6054 = CARTESIAN_POINT('',(-5.60614444824,2.284471428571,
    20.645328571429));
#6055 = LINE('',#6056,#6057);
#6056 = CARTESIAN_POINT('',(-5.60614444824,2.341485714286,
    20.668171428571));
#6057 = VECTOR('',#6058,1.);
#6058 = DIRECTION('',(0.,-0.928268015265,-0.371911940969));
#6059 = ORIENTED_EDGE('',*,*,#6060,.F.);
#6060 = EDGE_CURVE('',#1434,#6053,#6061,.T.);
#6061 = LINE('',#6062,#6063);
#6062 = CARTESIAN_POINT('',(-6.20614444824,2.284471428571,
    20.645328571429));
#6063 = VECTOR('',#6064,1.);
#6064 = DIRECTION('',(1.,0.,0.));
#6065 = PLANE('',#6066);
#6066 = AXIS2_PLACEMENT_3D('',#6067,#6068,#6069);
#6067 = CARTESIAN_POINT('',(-6.20614444824,2.341485714286,
    20.668171428571));
#6068 = DIRECTION('',(0.,0.371911940969,-0.928268015265));
#6069 = DIRECTION('',(0.,-0.928268015265,-0.371911940969));
#6070 = ADVANCED_FACE('',(#6071),#6089,.T.);
#6071 = FACE_BOUND('',#6072,.T.);
#6072 = EDGE_LOOP('',(#6073,#6074,#6075,#6083));
#6073 = ORIENTED_EDGE('',*,*,#1433,.T.);
#6074 = ORIENTED_EDGE('',*,*,#6060,.T.);
#6075 = ORIENTED_EDGE('',*,*,#6076,.T.);
#6076 = EDGE_CURVE('',#6053,#6077,#6079,.T.);
#6077 = VERTEX_POINT('',#6078);
#6078 = CARTESIAN_POINT('',(-5.60614444824,2.2217,20.616728571429));
#6079 = LINE('',#6080,#6081);
#6080 = CARTESIAN_POINT('',(-5.60614444824,2.284471428571,
    20.645328571429));
#6081 = VECTOR('',#6082,1.);
#6082 = DIRECTION('',(0.,-0.909997307704,-0.414614157948));
#6083 = ORIENTED_EDGE('',*,*,#6084,.F.);
#6084 = EDGE_CURVE('',#1426,#6077,#6085,.T.);
#6085 = LINE('',#6086,#6087);
#6086 = CARTESIAN_POINT('',(-6.20614444824,2.2217,20.616728571429));
#6087 = VECTOR('',#6088,1.);
#6088 = DIRECTION('',(1.,0.,0.));
#6089 = PLANE('',#6090);
#6090 = AXIS2_PLACEMENT_3D('',#6091,#6092,#6093);
#6091 = CARTESIAN_POINT('',(-6.20614444824,2.284471428571,
    20.645328571429));
#6092 = DIRECTION('',(0.,0.414614157948,-0.909997307704));
#6093 = DIRECTION('',(0.,-0.909997307704,-0.414614157948));
#6094 = ADVANCED_FACE('',(#6095),#6113,.T.);
#6095 = FACE_BOUND('',#6096,.T.);
#6096 = EDGE_LOOP('',(#6097,#6098,#6099,#6107));
#6097 = ORIENTED_EDGE('',*,*,#1425,.T.);
#6098 = ORIENTED_EDGE('',*,*,#6084,.T.);
#6099 = ORIENTED_EDGE('',*,*,#6100,.T.);
#6100 = EDGE_CURVE('',#6077,#6101,#6103,.T.);
#6101 = VERTEX_POINT('',#6102);
#6102 = CARTESIAN_POINT('',(-5.60614444824,2.164871428571,
    20.582557142857));
#6103 = LINE('',#6104,#6105);
#6104 = CARTESIAN_POINT('',(-5.60614444824,2.2217,20.616728571429));
#6105 = VECTOR('',#6106,1.);
#6106 = DIRECTION('',(0.,-0.856998298068,-0.515319238054));
#6107 = ORIENTED_EDGE('',*,*,#6108,.F.);
#6108 = EDGE_CURVE('',#1418,#6101,#6109,.T.);
#6109 = LINE('',#6110,#6111);
#6110 = CARTESIAN_POINT('',(-6.20614444824,2.164871428571,
    20.582557142857));
#6111 = VECTOR('',#6112,1.);
#6112 = DIRECTION('',(1.,0.,0.));
#6113 = PLANE('',#6114);
#6114 = AXIS2_PLACEMENT_3D('',#6115,#6116,#6117);
#6115 = CARTESIAN_POINT('',(-6.20614444824,2.2217,20.616728571429));
#6116 = DIRECTION('',(0.,0.515319238054,-0.856998298068));
#6117 = DIRECTION('',(0.,-0.856998298068,-0.515319238054));
#6118 = ADVANCED_FACE('',(#6119),#6137,.T.);
#6119 = FACE_BOUND('',#6120,.T.);
#6120 = EDGE_LOOP('',(#6121,#6122,#6123,#6131));
#6121 = ORIENTED_EDGE('',*,*,#1417,.T.);
#6122 = ORIENTED_EDGE('',*,*,#6108,.T.);
#6123 = ORIENTED_EDGE('',*,*,#6124,.T.);
#6124 = EDGE_CURVE('',#6101,#6125,#6127,.T.);
#6125 = VERTEX_POINT('',#6126);
#6126 = CARTESIAN_POINT('',(-5.60614444824,2.107857142857,
    20.542628571429));
#6127 = LINE('',#6128,#6129);
#6128 = CARTESIAN_POINT('',(-5.60614444824,2.164871428571,
    20.582557142857));
#6129 = VECTOR('',#6130,1.);
#6130 = DIRECTION('',(0.,-0.819106553991,-0.573641397746));
#6131 = ORIENTED_EDGE('',*,*,#6132,.F.);
#6132 = EDGE_CURVE('',#1410,#6125,#6133,.T.);
#6133 = LINE('',#6134,#6135);
#6134 = CARTESIAN_POINT('',(-6.20614444824,2.107857142857,
    20.542628571429));
#6135 = VECTOR('',#6136,1.);
#6136 = DIRECTION('',(1.,0.,0.));
#6137 = PLANE('',#6138);
#6138 = AXIS2_PLACEMENT_3D('',#6139,#6140,#6141);
#6139 = CARTESIAN_POINT('',(-6.20614444824,2.164871428571,
    20.582557142857));
#6140 = DIRECTION('',(0.,0.573641397746,-0.819106553991));
#6141 = DIRECTION('',(0.,-0.819106553991,-0.573641397746));
#6142 = ADVANCED_FACE('',(#6143),#6161,.T.);
#6143 = FACE_BOUND('',#6144,.T.);
#6144 = EDGE_LOOP('',(#6145,#6146,#6147,#6155));
#6145 = ORIENTED_EDGE('',*,*,#1409,.T.);
#6146 = ORIENTED_EDGE('',*,*,#6132,.T.);
#6147 = ORIENTED_EDGE('',*,*,#6148,.T.);
#6148 = EDGE_CURVE('',#6125,#6149,#6151,.T.);
#6149 = VERTEX_POINT('',#6150);
#6150 = CARTESIAN_POINT('',(-5.60614444824,2.062171428571,
    20.496942857143));
#6151 = LINE('',#6152,#6153);
#6152 = CARTESIAN_POINT('',(-5.60614444824,2.107857142857,
    20.542628571429));
#6153 = VECTOR('',#6154,1.);
#6154 = DIRECTION('',(0.,-0.707106781187,-0.707106781187));
#6155 = ORIENTED_EDGE('',*,*,#6156,.F.);
#6156 = EDGE_CURVE('',#1402,#6149,#6157,.T.);
#6157 = LINE('',#6158,#6159);
#6158 = CARTESIAN_POINT('',(-6.20614444824,2.062171428571,
    20.496942857143));
#6159 = VECTOR('',#6160,1.);
#6160 = DIRECTION('',(1.,0.,0.));
#6161 = PLANE('',#6162);
#6162 = AXIS2_PLACEMENT_3D('',#6163,#6164,#6165);
#6163 = CARTESIAN_POINT('',(-6.20614444824,2.107857142857,
    20.542628571429));
#6164 = DIRECTION('',(0.,0.707106781187,-0.707106781187));
#6165 = DIRECTION('',(0.,-0.707106781187,-0.707106781187));
#6166 = ADVANCED_FACE('',(#6167),#6185,.T.);
#6167 = FACE_BOUND('',#6168,.T.);
#6168 = EDGE_LOOP('',(#6169,#6170,#6171,#6179));
#6169 = ORIENTED_EDGE('',*,*,#1401,.T.);
#6170 = ORIENTED_EDGE('',*,*,#6156,.T.);
#6171 = ORIENTED_EDGE('',*,*,#6172,.T.);
#6172 = EDGE_CURVE('',#6149,#6173,#6175,.T.);
#6173 = VERTEX_POINT('',#6174);
#6174 = CARTESIAN_POINT('',(-5.60614444824,2.022242857143,
    20.439928571429));
#6175 = LINE('',#6176,#6177);
#6176 = CARTESIAN_POINT('',(-5.60614444824,2.062171428571,
    20.496942857143));
#6177 = VECTOR('',#6178,1.);
#6178 = DIRECTION('',(0.,-0.573641397746,-0.819106553991));
#6179 = ORIENTED_EDGE('',*,*,#6180,.F.);
#6180 = EDGE_CURVE('',#1394,#6173,#6181,.T.);
#6181 = LINE('',#6182,#6183);
#6182 = CARTESIAN_POINT('',(-6.20614444824,2.022242857143,
    20.439928571429));
#6183 = VECTOR('',#6184,1.);
#6184 = DIRECTION('',(1.,0.,0.));
#6185 = PLANE('',#6186);
#6186 = AXIS2_PLACEMENT_3D('',#6187,#6188,#6189);
#6187 = CARTESIAN_POINT('',(-6.20614444824,2.062171428571,
    20.496942857143));
#6188 = DIRECTION('',(0.,0.819106553991,-0.573641397746));
#6189 = DIRECTION('',(0.,-0.573641397746,-0.819106553991));
#6190 = ADVANCED_FACE('',(#6191),#6209,.T.);
#6191 = FACE_BOUND('',#6192,.T.);
#6192 = EDGE_LOOP('',(#6193,#6194,#6195,#6203));
#6193 = ORIENTED_EDGE('',*,*,#1393,.T.);
#6194 = ORIENTED_EDGE('',*,*,#6180,.T.);
#6195 = ORIENTED_EDGE('',*,*,#6196,.T.);
#6196 = EDGE_CURVE('',#6173,#6197,#6199,.T.);
#6197 = VERTEX_POINT('',#6198);
#6198 = CARTESIAN_POINT('',(-5.60614444824,1.988071428571,
    20.382914285714));
#6199 = LINE('',#6200,#6201);
#6200 = CARTESIAN_POINT('',(-5.60614444824,2.022242857143,
    20.439928571429));
#6201 = VECTOR('',#6202,1.);
#6202 = DIRECTION('',(0.,-0.514084822946,-0.857739351328));
#6203 = ORIENTED_EDGE('',*,*,#6204,.F.);
#6204 = EDGE_CURVE('',#1386,#6197,#6205,.T.);
#6205 = LINE('',#6206,#6207);
#6206 = CARTESIAN_POINT('',(-6.20614444824,1.988071428571,
    20.382914285714));
#6207 = VECTOR('',#6208,1.);
#6208 = DIRECTION('',(1.,0.,0.));
#6209 = PLANE('',#6210);
#6210 = AXIS2_PLACEMENT_3D('',#6211,#6212,#6213);
#6211 = CARTESIAN_POINT('',(-6.20614444824,2.022242857143,
    20.439928571429));
#6212 = DIRECTION('',(0.,0.857739351328,-0.514084822946));
#6213 = DIRECTION('',(0.,-0.514084822946,-0.857739351328));
#6214 = ADVANCED_FACE('',(#6215),#6233,.T.);
#6215 = FACE_BOUND('',#6216,.T.);
#6216 = EDGE_LOOP('',(#6217,#6218,#6219,#6227));
#6217 = ORIENTED_EDGE('',*,*,#1385,.T.);
#6218 = ORIENTED_EDGE('',*,*,#6204,.T.);
#6219 = ORIENTED_EDGE('',*,*,#6220,.T.);
#6220 = EDGE_CURVE('',#6197,#6221,#6223,.T.);
#6221 = VERTEX_POINT('',#6222);
#6222 = CARTESIAN_POINT('',(-5.60614444824,1.959471428571,
    20.320142857143));
#6223 = LINE('',#6224,#6225);
#6224 = CARTESIAN_POINT('',(-5.60614444824,1.988071428571,
    20.382914285714));
#6225 = VECTOR('',#6226,1.);
#6226 = DIRECTION('',(0.,-0.414614157948,-0.909997307704));
#6227 = ORIENTED_EDGE('',*,*,#6228,.F.);
#6228 = EDGE_CURVE('',#1378,#6221,#6229,.T.);
#6229 = LINE('',#6230,#6231);
#6230 = CARTESIAN_POINT('',(-6.20614444824,1.959471428571,
    20.320142857143));
#6231 = VECTOR('',#6232,1.);
#6232 = DIRECTION('',(1.,0.,0.));
#6233 = PLANE('',#6234);
#6234 = AXIS2_PLACEMENT_3D('',#6235,#6236,#6237);
#6235 = CARTESIAN_POINT('',(-6.20614444824,1.988071428571,
    20.382914285714));
#6236 = DIRECTION('',(0.,0.909997307704,-0.414614157948));
#6237 = DIRECTION('',(0.,-0.414614157948,-0.909997307704));
#6238 = ADVANCED_FACE('',(#6239),#6257,.T.);
#6239 = FACE_BOUND('',#6240,.T.);
#6240 = EDGE_LOOP('',(#6241,#6242,#6243,#6251));
#6241 = ORIENTED_EDGE('',*,*,#1377,.T.);
#6242 = ORIENTED_EDGE('',*,*,#6228,.T.);
#6243 = ORIENTED_EDGE('',*,*,#6244,.T.);
#6244 = EDGE_CURVE('',#6221,#6245,#6247,.T.);
#6245 = VERTEX_POINT('',#6246);
#6246 = CARTESIAN_POINT('',(-5.60614444824,1.942385714286,
    20.274457142857));
#6247 = LINE('',#6248,#6249);
#6248 = CARTESIAN_POINT('',(-5.60614444824,1.959471428571,
    20.320142857143));
#6249 = VECTOR('',#6250,1.);
#6250 = DIRECTION('',(0.,-0.350288784478,-0.9366417498));
#6251 = ORIENTED_EDGE('',*,*,#6252,.F.);
#6252 = EDGE_CURVE('',#1370,#6245,#6253,.T.);
#6253 = LINE('',#6254,#6255);
#6254 = CARTESIAN_POINT('',(-6.20614444824,1.942385714286,
    20.274457142857));
#6255 = VECTOR('',#6256,1.);
#6256 = DIRECTION('',(1.,0.,0.));
#6257 = PLANE('',#6258);
#6258 = AXIS2_PLACEMENT_3D('',#6259,#6260,#6261);
#6259 = CARTESIAN_POINT('',(-6.20614444824,1.959471428571,
    20.320142857143));
#6260 = DIRECTION('',(0.,0.9366417498,-0.350288784478));
#6261 = DIRECTION('',(0.,-0.350288784478,-0.9366417498));
#6262 = ADVANCED_FACE('',(#6263),#6281,.T.);
#6263 = FACE_BOUND('',#6264,.T.);
#6264 = EDGE_LOOP('',(#6265,#6266,#6267,#6275));
#6265 = ORIENTED_EDGE('',*,*,#1369,.T.);
#6266 = ORIENTED_EDGE('',*,*,#6252,.T.);
#6267 = ORIENTED_EDGE('',*,*,#6268,.T.);
#6268 = EDGE_CURVE('',#6245,#6269,#6271,.T.);
#6269 = VERTEX_POINT('',#6270);
#6270 = CARTESIAN_POINT('',(-5.60614444824,1.930871428571,
    20.228771428571));
#6271 = LINE('',#6272,#6273);
#6272 = CARTESIAN_POINT('',(-5.60614444824,1.942385714286,
    20.274457142857));
#6273 = VECTOR('',#6274,1.);
#6274 = DIRECTION('',(0.,-0.244390135281,-0.969676988372));
#6275 = ORIENTED_EDGE('',*,*,#6276,.F.);
#6276 = EDGE_CURVE('',#1362,#6269,#6277,.T.);
#6277 = LINE('',#6278,#6279);
#6278 = CARTESIAN_POINT('',(-6.20614444824,1.930871428571,
    20.228771428571));
#6279 = VECTOR('',#6280,1.);
#6280 = DIRECTION('',(1.,0.,0.));
#6281 = PLANE('',#6282);
#6282 = AXIS2_PLACEMENT_3D('',#6283,#6284,#6285);
#6283 = CARTESIAN_POINT('',(-6.20614444824,1.942385714286,
    20.274457142857));
#6284 = DIRECTION('',(0.,0.969676988372,-0.244390135281));
#6285 = DIRECTION('',(0.,-0.244390135281,-0.969676988372));
#6286 = ADVANCED_FACE('',(#6287),#6305,.T.);
#6287 = FACE_BOUND('',#6288,.T.);
#6288 = EDGE_LOOP('',(#6289,#6290,#6291,#6299));
#6289 = ORIENTED_EDGE('',*,*,#1361,.T.);
#6290 = ORIENTED_EDGE('',*,*,#6276,.T.);
#6291 = ORIENTED_EDGE('',*,*,#6292,.T.);
#6292 = EDGE_CURVE('',#6269,#6293,#6295,.T.);
#6293 = VERTEX_POINT('',#6294);
#6294 = CARTESIAN_POINT('',(-5.60614444824,1.9253,20.177514285714));
#6295 = LINE('',#6296,#6297);
#6296 = CARTESIAN_POINT('',(-5.60614444824,1.930871428571,
    20.228771428571));
#6297 = VECTOR('',#6298,1.);
#6298 = DIRECTION('',(0.,-0.108059180768,-0.994144463069));
#6299 = ORIENTED_EDGE('',*,*,#6300,.F.);
#6300 = EDGE_CURVE('',#1354,#6293,#6301,.T.);
#6301 = LINE('',#6302,#6303);
#6302 = CARTESIAN_POINT('',(-6.20614444824,1.9253,20.177514285714));
#6303 = VECTOR('',#6304,1.);
#6304 = DIRECTION('',(1.,0.,0.));
#6305 = PLANE('',#6306);
#6306 = AXIS2_PLACEMENT_3D('',#6307,#6308,#6309);
#6307 = CARTESIAN_POINT('',(-6.20614444824,1.930871428571,
    20.228771428571));
#6308 = DIRECTION('',(0.,0.994144463069,-0.108059180768));
#6309 = DIRECTION('',(0.,-0.108059180768,-0.994144463069));
#6310 = ADVANCED_FACE('',(#6311),#6329,.T.);
#6311 = FACE_BOUND('',#6312,.T.);
#6312 = EDGE_LOOP('',(#6313,#6314,#6315,#6323));
#6313 = ORIENTED_EDGE('',*,*,#1353,.T.);
#6314 = ORIENTED_EDGE('',*,*,#6300,.T.);
#6315 = ORIENTED_EDGE('',*,*,#6316,.T.);
#6316 = EDGE_CURVE('',#6293,#6317,#6319,.T.);
#6317 = VERTEX_POINT('',#6318);
#6318 = CARTESIAN_POINT('',(-5.60614444824,1.919542857143,
    20.131828571429));
#6319 = LINE('',#6320,#6321);
#6320 = CARTESIAN_POINT('',(-5.60614444824,1.9253,20.177514285714));
#6321 = VECTOR('',#6322,1.);
#6322 = DIRECTION('',(0.,-0.125027446277,-0.992153283358));
#6323 = ORIENTED_EDGE('',*,*,#6324,.F.);
#6324 = EDGE_CURVE('',#1346,#6317,#6325,.T.);
#6325 = LINE('',#6326,#6327);
#6326 = CARTESIAN_POINT('',(-6.20614444824,1.919542857143,
    20.131828571429));
#6327 = VECTOR('',#6328,1.);
#6328 = DIRECTION('',(1.,0.,0.));
#6329 = PLANE('',#6330);
#6330 = AXIS2_PLACEMENT_3D('',#6331,#6332,#6333);
#6331 = CARTESIAN_POINT('',(-6.20614444824,1.9253,20.177514285714));
#6332 = DIRECTION('',(0.,0.992153283358,-0.125027446277));
#6333 = DIRECTION('',(0.,-0.125027446277,-0.992153283358));
#6334 = ADVANCED_FACE('',(#6335),#6360,.T.);
#6335 = FACE_BOUND('',#6336,.T.);
#6336 = EDGE_LOOP('',(#6337,#6338,#6346,#6354));
#6337 = ORIENTED_EDGE('',*,*,#1337,.T.);
#6338 = ORIENTED_EDGE('',*,*,#6339,.T.);
#6339 = EDGE_CURVE('',#1338,#6340,#6342,.T.);
#6340 = VERTEX_POINT('',#6341);
#6341 = CARTESIAN_POINT('',(-5.60614444824,1.919542857143,
    18.882342857143));
#6342 = LINE('',#6343,#6344);
#6343 = CARTESIAN_POINT('',(-6.20614444824,1.919542857143,
    18.882342857143));
#6344 = VECTOR('',#6345,1.);
#6345 = DIRECTION('',(1.,0.,0.));
#6346 = ORIENTED_EDGE('',*,*,#6347,.T.);
#6347 = EDGE_CURVE('',#6340,#6348,#6350,.T.);
#6348 = VERTEX_POINT('',#6349);
#6349 = CARTESIAN_POINT('',(-5.60614444824,1.931057142857,
    18.836842857143));
#6350 = LINE('',#6351,#6352);
#6351 = CARTESIAN_POINT('',(-5.60614444824,1.919542857143,
    18.882342857143));
#6352 = VECTOR('',#6353,1.);
#6353 = DIRECTION('',(-0.,0.245327724869,-0.969440203112));
#6354 = ORIENTED_EDGE('',*,*,#6355,.F.);
#6355 = EDGE_CURVE('',#1330,#6348,#6356,.T.);
#6356 = LINE('',#6357,#6358);
#6357 = CARTESIAN_POINT('',(-6.20614444824,1.931057142857,
    18.836842857143));
#6358 = VECTOR('',#6359,1.);
#6359 = DIRECTION('',(1.,0.,0.));
#6360 = PLANE('',#6361);
#6361 = AXIS2_PLACEMENT_3D('',#6362,#6363,#6364);
#6362 = CARTESIAN_POINT('',(-6.20614444824,1.919542857143,
    18.882342857143));
#6363 = DIRECTION('',(-0.,0.969440203112,0.245327724869));
#6364 = DIRECTION('',(0.,0.245327724869,-0.969440203112));
#6365 = ADVANCED_FACE('',(#6366),#6384,.T.);
#6366 = FACE_BOUND('',#6367,.T.);
#6367 = EDGE_LOOP('',(#6368,#6369,#6370,#6378));
#6368 = ORIENTED_EDGE('',*,*,#1329,.T.);
#6369 = ORIENTED_EDGE('',*,*,#6355,.T.);
#6370 = ORIENTED_EDGE('',*,*,#6371,.T.);
#6371 = EDGE_CURVE('',#6348,#6372,#6374,.T.);
#6372 = VERTEX_POINT('',#6373);
#6373 = CARTESIAN_POINT('',(-5.60614444824,1.948328571429,18.7854));
#6374 = LINE('',#6375,#6376);
#6375 = CARTESIAN_POINT('',(-5.60614444824,1.931057142857,
    18.836842857143));
#6376 = VECTOR('',#6377,1.);
#6377 = DIRECTION('',(-0.,0.318280447487,-0.947996601654));
#6378 = ORIENTED_EDGE('',*,*,#6379,.F.);
#6379 = EDGE_CURVE('',#1322,#6372,#6380,.T.);
#6380 = LINE('',#6381,#6382);
#6381 = CARTESIAN_POINT('',(-6.20614444824,1.948328571429,18.7854));
#6382 = VECTOR('',#6383,1.);
#6383 = DIRECTION('',(1.,0.,0.));
#6384 = PLANE('',#6385);
#6385 = AXIS2_PLACEMENT_3D('',#6386,#6387,#6388);
#6386 = CARTESIAN_POINT('',(-6.20614444824,1.931057142857,
    18.836842857143));
#6387 = DIRECTION('',(-0.,0.947996601654,0.318280447487));
#6388 = DIRECTION('',(0.,0.318280447487,-0.947996601654));
#6389 = ADVANCED_FACE('',(#6390),#6408,.T.);
#6390 = FACE_BOUND('',#6391,.T.);
#6391 = EDGE_LOOP('',(#6392,#6393,#6394,#6402));
#6392 = ORIENTED_EDGE('',*,*,#1321,.T.);
#6393 = ORIENTED_EDGE('',*,*,#6379,.T.);
#6394 = ORIENTED_EDGE('',*,*,#6395,.T.);
#6395 = EDGE_CURVE('',#6372,#6396,#6398,.T.);
#6396 = VERTEX_POINT('',#6397);
#6397 = CARTESIAN_POINT('',(-5.60614444824,1.965414285714,
    18.745471428571));
#6398 = LINE('',#6399,#6400);
#6399 = CARTESIAN_POINT('',(-5.60614444824,1.948328571429,18.7854));
#6400 = VECTOR('',#6401,1.);
#6401 = DIRECTION('',(-0.,0.393403152889,-0.919366063816));
#6402 = ORIENTED_EDGE('',*,*,#6403,.F.);
#6403 = EDGE_CURVE('',#1314,#6396,#6404,.T.);
#6404 = LINE('',#6405,#6406);
#6405 = CARTESIAN_POINT('',(-6.20614444824,1.965414285714,
    18.745471428571));
#6406 = VECTOR('',#6407,1.);
#6407 = DIRECTION('',(1.,0.,0.));
#6408 = PLANE('',#6409);
#6409 = AXIS2_PLACEMENT_3D('',#6410,#6411,#6412);
#6410 = CARTESIAN_POINT('',(-6.20614444824,1.948328571429,18.7854));
#6411 = DIRECTION('',(-0.,0.919366063816,0.393403152889));
#6412 = DIRECTION('',(0.,0.393403152889,-0.919366063816));
#6413 = ADVANCED_FACE('',(#6414),#6432,.T.);
#6414 = FACE_BOUND('',#6415,.T.);
#6415 = EDGE_LOOP('',(#6416,#6417,#6418,#6426));
#6416 = ORIENTED_EDGE('',*,*,#1313,.T.);
#6417 = ORIENTED_EDGE('',*,*,#6403,.T.);
#6418 = ORIENTED_EDGE('',*,*,#6419,.T.);
#6419 = EDGE_CURVE('',#6396,#6420,#6422,.T.);
#6420 = VERTEX_POINT('',#6421);
#6421 = CARTESIAN_POINT('',(-5.60614444824,1.982871428571,
    18.705542857143));
#6422 = LINE('',#6423,#6424);
#6423 = CARTESIAN_POINT('',(-5.60614444824,1.965414285714,
    18.745471428571));
#6424 = VECTOR('',#6425,1.);
#6425 = DIRECTION('',(-0.,0.40059526003,-0.916255116025));
#6426 = ORIENTED_EDGE('',*,*,#6427,.F.);
#6427 = EDGE_CURVE('',#1306,#6420,#6428,.T.);
#6428 = LINE('',#6429,#6430);
#6429 = CARTESIAN_POINT('',(-6.20614444824,1.982871428571,
    18.705542857143));
#6430 = VECTOR('',#6431,1.);
#6431 = DIRECTION('',(1.,0.,0.));
#6432 = PLANE('',#6433);
#6433 = AXIS2_PLACEMENT_3D('',#6434,#6435,#6436);
#6434 = CARTESIAN_POINT('',(-6.20614444824,1.965414285714,
    18.745471428571));
#6435 = DIRECTION('',(-0.,0.916255116025,0.40059526003));
#6436 = DIRECTION('',(0.,0.40059526003,-0.916255116025));
#6437 = ADVANCED_FACE('',(#6438),#6456,.T.);
#6438 = FACE_BOUND('',#6439,.T.);
#6439 = EDGE_LOOP('',(#6440,#6441,#6442,#6450));
#6440 = ORIENTED_EDGE('',*,*,#1305,.T.);
#6441 = ORIENTED_EDGE('',*,*,#6427,.T.);
#6442 = ORIENTED_EDGE('',*,*,#6443,.T.);
#6443 = EDGE_CURVE('',#6420,#6444,#6446,.T.);
#6444 = VERTEX_POINT('',#6445);
#6445 = CARTESIAN_POINT('',(-5.60614444824,2.006085714286,
    18.659857142857));
#6446 = LINE('',#6447,#6448);
#6447 = CARTESIAN_POINT('',(-5.60614444824,1.982871428571,
    18.705542857143));
#6448 = VECTOR('',#6449,1.);
#6449 = DIRECTION('',(-0.,0.453002631496,-0.891509178785));
#6450 = ORIENTED_EDGE('',*,*,#6451,.F.);
#6451 = EDGE_CURVE('',#1298,#6444,#6452,.T.);
#6452 = LINE('',#6453,#6454);
#6453 = CARTESIAN_POINT('',(-6.20614444824,2.006085714286,
    18.659857142857));
#6454 = VECTOR('',#6455,1.);
#6455 = DIRECTION('',(1.,0.,0.));
#6456 = PLANE('',#6457);
#6457 = AXIS2_PLACEMENT_3D('',#6458,#6459,#6460);
#6458 = CARTESIAN_POINT('',(-6.20614444824,1.982871428571,
    18.705542857143));
#6459 = DIRECTION('',(-0.,0.891509178785,0.453002631496));
#6460 = DIRECTION('',(0.,0.453002631496,-0.891509178785));
#6461 = ADVANCED_FACE('',(#6462),#6480,.T.);
#6462 = FACE_BOUND('',#6463,.T.);
#6463 = EDGE_LOOP('',(#6464,#6465,#6466,#6474));
#6464 = ORIENTED_EDGE('',*,*,#1297,.T.);
#6465 = ORIENTED_EDGE('',*,*,#6451,.T.);
#6466 = ORIENTED_EDGE('',*,*,#6467,.T.);
#6467 = EDGE_CURVE('',#6444,#6468,#6470,.T.);
#6468 = VERTEX_POINT('',#6469);
#6469 = CARTESIAN_POINT('',(-5.60614444824,2.034685714286,
    18.625685714286));
#6470 = LINE('',#6471,#6472);
#6471 = CARTESIAN_POINT('',(-5.60614444824,2.006085714286,
    18.659857142857));
#6472 = VECTOR('',#6473,1.);
#6473 = DIRECTION('',(-0.,0.641822684199,-0.766853077224));
#6474 = ORIENTED_EDGE('',*,*,#6475,.F.);
#6475 = EDGE_CURVE('',#1290,#6468,#6476,.T.);
#6476 = LINE('',#6477,#6478);
#6477 = CARTESIAN_POINT('',(-6.20614444824,2.034685714286,
    18.625685714286));
#6478 = VECTOR('',#6479,1.);
#6479 = DIRECTION('',(1.,0.,0.));
#6480 = PLANE('',#6481);
#6481 = AXIS2_PLACEMENT_3D('',#6482,#6483,#6484);
#6482 = CARTESIAN_POINT('',(-6.20614444824,2.006085714286,
    18.659857142857));
#6483 = DIRECTION('',(-0.,0.766853077224,0.641822684199));
#6484 = DIRECTION('',(0.,0.641822684199,-0.766853077224));
#6485 = ADVANCED_FACE('',(#6486),#6504,.T.);
#6486 = FACE_BOUND('',#6487,.T.);
#6487 = EDGE_LOOP('',(#6488,#6489,#6490,#6498));
#6488 = ORIENTED_EDGE('',*,*,#1289,.T.);
#6489 = ORIENTED_EDGE('',*,*,#6475,.T.);
#6490 = ORIENTED_EDGE('',*,*,#6491,.T.);
#6491 = EDGE_CURVE('',#6468,#6492,#6494,.T.);
#6492 = VERTEX_POINT('',#6493);
#6493 = CARTESIAN_POINT('',(-5.60614444824,2.069228571429,18.58));
#6494 = LINE('',#6495,#6496);
#6495 = CARTESIAN_POINT('',(-5.60614444824,2.034685714286,
    18.625685714286));
#6496 = VECTOR('',#6497,1.);
#6497 = DIRECTION('',(-0.,0.603108274872,-0.797659331282));
#6498 = ORIENTED_EDGE('',*,*,#6499,.F.);
#6499 = EDGE_CURVE('',#1282,#6492,#6500,.T.);
#6500 = LINE('',#6501,#6502);
#6501 = CARTESIAN_POINT('',(-6.20614444824,2.069228571429,18.58));
#6502 = VECTOR('',#6503,1.);
#6503 = DIRECTION('',(1.,0.,0.));
#6504 = PLANE('',#6505);
#6505 = AXIS2_PLACEMENT_3D('',#6506,#6507,#6508);
#6506 = CARTESIAN_POINT('',(-6.20614444824,2.034685714286,
    18.625685714286));
#6507 = DIRECTION('',(-0.,0.797659331282,0.603108274872));
#6508 = DIRECTION('',(0.,0.603108274872,-0.797659331282));
#6509 = ADVANCED_FACE('',(#6510),#6528,.T.);
#6510 = FACE_BOUND('',#6511,.T.);
#6511 = EDGE_LOOP('',(#6512,#6513,#6514,#6522));
#6512 = ORIENTED_EDGE('',*,*,#1281,.T.);
#6513 = ORIENTED_EDGE('',*,*,#6499,.T.);
#6514 = ORIENTED_EDGE('',*,*,#6515,.T.);
#6515 = EDGE_CURVE('',#6492,#6516,#6518,.T.);
#6516 = VERTEX_POINT('',#6517);
#6517 = CARTESIAN_POINT('',(-5.60614444824,2.103957142857,
    18.545828571429));
#6518 = LINE('',#6519,#6520);
#6519 = CARTESIAN_POINT('',(-5.60614444824,2.069228571429,18.58));
#6520 = VECTOR('',#6521,1.);
#6521 = DIRECTION('',(-0.,0.712801322013,-0.701366006687));
#6522 = ORIENTED_EDGE('',*,*,#6523,.F.);
#6523 = EDGE_CURVE('',#1274,#6516,#6524,.T.);
#6524 = LINE('',#6525,#6526);
#6525 = CARTESIAN_POINT('',(-6.20614444824,2.103957142857,
    18.545828571429));
#6526 = VECTOR('',#6527,1.);
#6527 = DIRECTION('',(1.,0.,0.));
#6528 = PLANE('',#6529);
#6529 = AXIS2_PLACEMENT_3D('',#6530,#6531,#6532);
#6530 = CARTESIAN_POINT('',(-6.20614444824,2.069228571429,18.58));
#6531 = DIRECTION('',(-0.,0.701366006687,0.712801322013));
#6532 = DIRECTION('',(0.,0.712801322013,-0.701366006687));
#6533 = ADVANCED_FACE('',(#6534),#6552,.T.);
#6534 = FACE_BOUND('',#6535,.T.);
#6535 = EDGE_LOOP('',(#6536,#6537,#6538,#6546));
#6536 = ORIENTED_EDGE('',*,*,#1273,.T.);
#6537 = ORIENTED_EDGE('',*,*,#6523,.T.);
#6538 = ORIENTED_EDGE('',*,*,#6539,.T.);
#6539 = EDGE_CURVE('',#6516,#6540,#6542,.T.);
#6540 = VERTEX_POINT('',#6541);
#6541 = CARTESIAN_POINT('',(-5.60614444824,2.150014285714,
    18.511657142857));
#6542 = LINE('',#6543,#6544);
#6543 = CARTESIAN_POINT('',(-5.60614444824,2.103957142857,
    18.545828571429));
#6544 = VECTOR('',#6545,1.);
#6545 = DIRECTION('',(-0.,0.803098028234,-0.595846924173));
#6546 = ORIENTED_EDGE('',*,*,#6547,.F.);
#6547 = EDGE_CURVE('',#1266,#6540,#6548,.T.);
#6548 = LINE('',#6549,#6550);
#6549 = CARTESIAN_POINT('',(-6.20614444824,2.150014285714,
    18.511657142857));
#6550 = VECTOR('',#6551,1.);
#6551 = DIRECTION('',(1.,0.,0.));
#6552 = PLANE('',#6553);
#6553 = AXIS2_PLACEMENT_3D('',#6554,#6555,#6556);
#6554 = CARTESIAN_POINT('',(-6.20614444824,2.103957142857,
    18.545828571429));
#6555 = DIRECTION('',(-0.,0.595846924173,0.803098028234));
#6556 = DIRECTION('',(0.,0.803098028234,-0.595846924173));
#6557 = ADVANCED_FACE('',(#6558),#6576,.T.);
#6558 = FACE_BOUND('',#6559,.T.);
#6559 = EDGE_LOOP('',(#6560,#6561,#6562,#6570));
#6560 = ORIENTED_EDGE('',*,*,#1265,.T.);
#6561 = ORIENTED_EDGE('',*,*,#6547,.T.);
#6562 = ORIENTED_EDGE('',*,*,#6563,.T.);
#6563 = EDGE_CURVE('',#6540,#6564,#6566,.T.);
#6564 = VERTEX_POINT('',#6565);
#6565 = CARTESIAN_POINT('',(-5.60614444824,2.201828571429,
    18.483057142857));
#6566 = LINE('',#6567,#6568);
#6567 = CARTESIAN_POINT('',(-5.60614444824,2.150014285714,
    18.511657142857));
#6568 = VECTOR('',#6569,1.);
#6569 = DIRECTION('',(-0.,0.875486133048,-0.483243241898));
#6570 = ORIENTED_EDGE('',*,*,#6571,.F.);
#6571 = EDGE_CURVE('',#1258,#6564,#6572,.T.);
#6572 = LINE('',#6573,#6574);
#6573 = CARTESIAN_POINT('',(-6.20614444824,2.201828571429,
    18.483057142857));
#6574 = VECTOR('',#6575,1.);
#6575 = DIRECTION('',(1.,0.,0.));
#6576 = PLANE('',#6577);
#6577 = AXIS2_PLACEMENT_3D('',#6578,#6579,#6580);
#6578 = CARTESIAN_POINT('',(-6.20614444824,2.150014285714,
    18.511657142857));
#6579 = DIRECTION('',(-0.,0.483243241898,0.875486133048));
#6580 = DIRECTION('',(0.,0.875486133048,-0.483243241898));
#6581 = ADVANCED_FACE('',(#6582),#6600,.T.);
#6582 = FACE_BOUND('',#6583,.T.);
#6583 = EDGE_LOOP('',(#6584,#6585,#6586,#6594));
#6584 = ORIENTED_EDGE('',*,*,#1257,.T.);
#6585 = ORIENTED_EDGE('',*,*,#6571,.T.);
#6586 = ORIENTED_EDGE('',*,*,#6587,.T.);
#6587 = EDGE_CURVE('',#6564,#6588,#6590,.T.);
#6588 = VERTEX_POINT('',#6589);
#6589 = CARTESIAN_POINT('',(-5.60614444824,2.242128571429,
    18.460214285714));
#6590 = LINE('',#6591,#6592);
#6591 = CARTESIAN_POINT('',(-5.60614444824,2.201828571429,
    18.483057142857));
#6592 = VECTOR('',#6593,1.);
#6593 = DIRECTION('',(-0.,0.869964859591,-0.493113722256));
#6594 = ORIENTED_EDGE('',*,*,#6595,.F.);
#6595 = EDGE_CURVE('',#1250,#6588,#6596,.T.);
#6596 = LINE('',#6597,#6598);
#6597 = CARTESIAN_POINT('',(-6.20614444824,2.242128571429,
    18.460214285714));
#6598 = VECTOR('',#6599,1.);
#6599 = DIRECTION('',(1.,0.,0.));
#6600 = PLANE('',#6601);
#6601 = AXIS2_PLACEMENT_3D('',#6602,#6603,#6604);
#6602 = CARTESIAN_POINT('',(-6.20614444824,2.201828571429,
    18.483057142857));
#6603 = DIRECTION('',(-0.,0.493113722256,0.869964859591));
#6604 = DIRECTION('',(0.,0.869964859591,-0.493113722256));
#6605 = ADVANCED_FACE('',(#6606),#6624,.T.);
#6606 = FACE_BOUND('',#6607,.T.);
#6607 = EDGE_LOOP('',(#6608,#6609,#6610,#6618));
#6608 = ORIENTED_EDGE('',*,*,#1249,.T.);
#6609 = ORIENTED_EDGE('',*,*,#6595,.T.);
#6610 = ORIENTED_EDGE('',*,*,#6611,.T.);
#6611 = EDGE_CURVE('',#6588,#6612,#6614,.T.);
#6612 = VERTEX_POINT('',#6613);
#6613 = CARTESIAN_POINT('',(-5.60614444824,2.294128571429,
    18.437371428571));
#6614 = LINE('',#6615,#6616);
#6615 = CARTESIAN_POINT('',(-5.60614444824,2.242128571429,
    18.460214285714));
#6616 = VECTOR('',#6617,1.);
#6617 = DIRECTION('',(-0.,0.915555942631,-0.402190646227));
#6618 = ORIENTED_EDGE('',*,*,#6619,.F.);
#6619 = EDGE_CURVE('',#1242,#6612,#6620,.T.);
#6620 = LINE('',#6621,#6622);
#6621 = CARTESIAN_POINT('',(-6.20614444824,2.294128571429,
    18.437371428571));
#6622 = VECTOR('',#6623,1.);
#6623 = DIRECTION('',(1.,0.,0.));
#6624 = PLANE('',#6625);
#6625 = AXIS2_PLACEMENT_3D('',#6626,#6627,#6628);
#6626 = CARTESIAN_POINT('',(-6.20614444824,2.242128571429,
    18.460214285714));
#6627 = DIRECTION('',(-0.,0.402190646227,0.915555942631));
#6628 = DIRECTION('',(0.,0.915555942631,-0.402190646227));
#6629 = ADVANCED_FACE('',(#6630),#6648,.T.);
#6630 = FACE_BOUND('',#6631,.T.);
#6631 = EDGE_LOOP('',(#6632,#6633,#6634,#6642));
#6632 = ORIENTED_EDGE('',*,*,#1241,.T.);
#6633 = ORIENTED_EDGE('',*,*,#6619,.T.);
#6634 = ORIENTED_EDGE('',*,*,#6635,.T.);
#6635 = EDGE_CURVE('',#6612,#6636,#6638,.T.);
#6636 = VERTEX_POINT('',#6637);
#6637 = CARTESIAN_POINT('',(-5.60614444824,2.3517,18.420285714286));
#6638 = LINE('',#6639,#6640);
#6639 = CARTESIAN_POINT('',(-5.60614444824,2.294128571429,
    18.437371428571));
#6640 = VECTOR('',#6641,1.);
#6641 = DIRECTION('',(-0.,0.958673228505,-0.284509474266));
#6642 = ORIENTED_EDGE('',*,*,#6643,.F.);
#6643 = EDGE_CURVE('',#1234,#6636,#6644,.T.);
#6644 = LINE('',#6645,#6646);
#6645 = CARTESIAN_POINT('',(-6.20614444824,2.3517,18.420285714286));
#6646 = VECTOR('',#6647,1.);
#6647 = DIRECTION('',(1.,0.,0.));
#6648 = PLANE('',#6649);
#6649 = AXIS2_PLACEMENT_3D('',#6650,#6651,#6652);
#6650 = CARTESIAN_POINT('',(-6.20614444824,2.294128571429,
    18.437371428571));
#6651 = DIRECTION('',(-0.,0.284509474266,0.958673228505));
#6652 = DIRECTION('',(0.,0.958673228505,-0.284509474266));
#6653 = ADVANCED_FACE('',(#6654),#6672,.T.);
#6654 = FACE_BOUND('',#6655,.T.);
#6655 = EDGE_LOOP('',(#6656,#6657,#6658,#6666));
#6656 = ORIENTED_EDGE('',*,*,#1233,.T.);
#6657 = ORIENTED_EDGE('',*,*,#6643,.T.);
#6658 = ORIENTED_EDGE('',*,*,#6659,.T.);
#6659 = EDGE_CURVE('',#6636,#6660,#6662,.T.);
#6660 = VERTEX_POINT('',#6661);
#6661 = CARTESIAN_POINT('',(-5.60614444824,2.403514285714,
    18.408957142857));
#6662 = LINE('',#6663,#6664);
#6663 = CARTESIAN_POINT('',(-5.60614444824,2.3517,18.420285714286));
#6664 = VECTOR('',#6665,1.);
#6665 = DIRECTION('',(-0.,0.97692285488,-0.213592452142));
#6666 = ORIENTED_EDGE('',*,*,#6667,.F.);
#6667 = EDGE_CURVE('',#1226,#6660,#6668,.T.);
#6668 = LINE('',#6669,#6670);
#6669 = CARTESIAN_POINT('',(-6.20614444824,2.403514285714,
    18.408957142857));
#6670 = VECTOR('',#6671,1.);
#6671 = DIRECTION('',(1.,0.,0.));
#6672 = PLANE('',#6673);
#6673 = AXIS2_PLACEMENT_3D('',#6674,#6675,#6676);
#6674 = CARTESIAN_POINT('',(-6.20614444824,2.3517,18.420285714286));
#6675 = DIRECTION('',(-0.,0.213592452142,0.97692285488));
#6676 = DIRECTION('',(0.,0.97692285488,-0.213592452142));
#6677 = ADVANCED_FACE('',(#6678),#6696,.T.);
#6678 = FACE_BOUND('',#6679,.T.);
#6679 = EDGE_LOOP('',(#6680,#6681,#6682,#6690));
#6680 = ORIENTED_EDGE('',*,*,#1225,.T.);
#6681 = ORIENTED_EDGE('',*,*,#6667,.T.);
#6682 = ORIENTED_EDGE('',*,*,#6683,.T.);
#6683 = EDGE_CURVE('',#6660,#6684,#6686,.T.);
#6684 = VERTEX_POINT('',#6685);
#6685 = CARTESIAN_POINT('',(-5.60614444824,2.455514285714,18.4032));
#6686 = LINE('',#6687,#6688);
#6687 = CARTESIAN_POINT('',(-5.60614444824,2.403514285714,
    18.408957142857));
#6688 = VECTOR('',#6689,1.);
#6689 = DIRECTION('',(-0.,0.993926947812,-0.110041912079));
#6690 = ORIENTED_EDGE('',*,*,#6691,.F.);
#6691 = EDGE_CURVE('',#1218,#6684,#6692,.T.);
#6692 = LINE('',#6693,#6694);
#6693 = CARTESIAN_POINT('',(-6.20614444824,2.455514285714,18.4032));
#6694 = VECTOR('',#6695,1.);
#6695 = DIRECTION('',(1.,0.,0.));
#6696 = PLANE('',#6697);
#6697 = AXIS2_PLACEMENT_3D('',#6698,#6699,#6700);
#6698 = CARTESIAN_POINT('',(-6.20614444824,2.403514285714,
    18.408957142857));
#6699 = DIRECTION('',(-0.,0.110041912079,0.993926947812));
#6700 = DIRECTION('',(0.,0.993926947812,-0.110041912079));
#6701 = ADVANCED_FACE('',(#6702),#6720,.T.);
#6702 = FACE_BOUND('',#6703,.T.);
#6703 = EDGE_LOOP('',(#6704,#6705,#6706,#6714));
#6704 = ORIENTED_EDGE('',*,*,#1217,.T.);
#6705 = ORIENTED_EDGE('',*,*,#6691,.T.);
#6706 = ORIENTED_EDGE('',*,*,#6707,.T.);
#6707 = EDGE_CURVE('',#6684,#6708,#6710,.T.);
#6708 = VERTEX_POINT('',#6709);
#6709 = CARTESIAN_POINT('',(-5.60614444824,3.648171428571,18.4032));
#6710 = LINE('',#6711,#6712);
#6711 = CARTESIAN_POINT('',(-5.60614444824,2.455514285714,18.4032));
#6712 = VECTOR('',#6713,1.);
#6713 = DIRECTION('',(0.,1.,0.));
#6714 = ORIENTED_EDGE('',*,*,#6715,.F.);
#6715 = EDGE_CURVE('',#1210,#6708,#6716,.T.);
#6716 = LINE('',#6717,#6718);
#6717 = CARTESIAN_POINT('',(-6.20614444824,3.648171428571,18.4032));
#6718 = VECTOR('',#6719,1.);
#6719 = DIRECTION('',(1.,0.,0.));
#6720 = PLANE('',#6721);
#6721 = AXIS2_PLACEMENT_3D('',#6722,#6723,#6724);
#6722 = CARTESIAN_POINT('',(-6.20614444824,2.455514285714,18.4032));
#6723 = DIRECTION('',(0.,0.,1.));
#6724 = DIRECTION('',(0.,1.,0.));
#6725 = ADVANCED_FACE('',(#6726),#6744,.T.);
#6726 = FACE_BOUND('',#6727,.T.);
#6727 = EDGE_LOOP('',(#6728,#6729,#6730,#6738));
#6728 = ORIENTED_EDGE('',*,*,#1209,.T.);
#6729 = ORIENTED_EDGE('',*,*,#6715,.T.);
#6730 = ORIENTED_EDGE('',*,*,#6731,.T.);
#6731 = EDGE_CURVE('',#6708,#6732,#6734,.T.);
#6732 = VERTEX_POINT('',#6733);
#6733 = CARTESIAN_POINT('',(-5.60614444824,3.693857142857,
    18.408957142857));
#6734 = LINE('',#6735,#6736);
#6735 = CARTESIAN_POINT('',(-5.60614444824,3.648171428571,18.4032));
#6736 = VECTOR('',#6737,1.);
#6737 = DIRECTION('',(0.,0.992153283358,0.125027446277));
#6738 = ORIENTED_EDGE('',*,*,#6739,.F.);
#6739 = EDGE_CURVE('',#1202,#6732,#6740,.T.);
#6740 = LINE('',#6741,#6742);
#6741 = CARTESIAN_POINT('',(-6.20614444824,3.693857142857,
    18.408957142857));
#6742 = VECTOR('',#6743,1.);
#6743 = DIRECTION('',(1.,0.,0.));
#6744 = PLANE('',#6745);
#6745 = AXIS2_PLACEMENT_3D('',#6746,#6747,#6748);
#6746 = CARTESIAN_POINT('',(-6.20614444824,3.648171428571,18.4032));
#6747 = DIRECTION('',(0.,-0.125027446277,0.992153283358));
#6748 = DIRECTION('',(0.,0.992153283358,0.125027446277));
#6749 = ADVANCED_FACE('',(#6750),#6768,.T.);
#6750 = FACE_BOUND('',#6751,.T.);
#6751 = EDGE_LOOP('',(#6752,#6753,#6754,#6762));
#6752 = ORIENTED_EDGE('',*,*,#1201,.T.);
#6753 = ORIENTED_EDGE('',*,*,#6739,.T.);
#6754 = ORIENTED_EDGE('',*,*,#6755,.T.);
#6755 = EDGE_CURVE('',#6732,#6756,#6758,.T.);
#6756 = VERTEX_POINT('',#6757);
#6757 = CARTESIAN_POINT('',(-5.60614444824,3.739542857143,
    18.426042857143));
#6758 = LINE('',#6759,#6760);
#6759 = CARTESIAN_POINT('',(-5.60614444824,3.693857142857,
    18.408957142857));
#6760 = VECTOR('',#6761,1.);
#6761 = DIRECTION('',(0.,0.9366417498,0.350288784478));
#6762 = ORIENTED_EDGE('',*,*,#6763,.F.);
#6763 = EDGE_CURVE('',#1194,#6756,#6764,.T.);
#6764 = LINE('',#6765,#6766);
#6765 = CARTESIAN_POINT('',(-6.20614444824,3.739542857143,
    18.426042857143));
#6766 = VECTOR('',#6767,1.);
#6767 = DIRECTION('',(1.,0.,0.));
#6768 = PLANE('',#6769);
#6769 = AXIS2_PLACEMENT_3D('',#6770,#6771,#6772);
#6770 = CARTESIAN_POINT('',(-6.20614444824,3.693857142857,
    18.408957142857));
#6771 = DIRECTION('',(0.,-0.350288784478,0.9366417498));
#6772 = DIRECTION('',(0.,0.9366417498,0.350288784478));
#6773 = ADVANCED_FACE('',(#6774),#6792,.T.);
#6774 = FACE_BOUND('',#6775,.T.);
#6775 = EDGE_LOOP('',(#6776,#6777,#6778,#6786));
#6776 = ORIENTED_EDGE('',*,*,#1193,.T.);
#6777 = ORIENTED_EDGE('',*,*,#6763,.T.);
#6778 = ORIENTED_EDGE('',*,*,#6779,.T.);
#6779 = EDGE_CURVE('',#6756,#6780,#6782,.T.);
#6780 = VERTEX_POINT('',#6781);
#6781 = CARTESIAN_POINT('',(-5.60614444824,3.785042857143,
    18.448885714286));
#6782 = LINE('',#6783,#6784);
#6783 = CARTESIAN_POINT('',(-5.60614444824,3.739542857143,
    18.426042857143));
#6784 = VECTOR('',#6785,1.);
#6785 = DIRECTION('',(0.,0.893696452749,0.448672096686));
#6786 = ORIENTED_EDGE('',*,*,#6787,.F.);
#6787 = EDGE_CURVE('',#1186,#6780,#6788,.T.);
#6788 = LINE('',#6789,#6790);
#6789 = CARTESIAN_POINT('',(-6.20614444824,3.785042857143,
    18.448885714286));
#6790 = VECTOR('',#6791,1.);
#6791 = DIRECTION('',(1.,0.,0.));
#6792 = PLANE('',#6793);
#6793 = AXIS2_PLACEMENT_3D('',#6794,#6795,#6796);
#6794 = CARTESIAN_POINT('',(-6.20614444824,3.739542857143,
    18.426042857143));
#6795 = DIRECTION('',(0.,-0.448672096686,0.893696452749));
#6796 = DIRECTION('',(0.,0.893696452749,0.448672096686));
#6797 = ADVANCED_FACE('',(#6798),#6816,.T.);
#6798 = FACE_BOUND('',#6799,.T.);
#6799 = EDGE_LOOP('',(#6800,#6801,#6802,#6810));
#6800 = ORIENTED_EDGE('',*,*,#1185,.T.);
#6801 = ORIENTED_EDGE('',*,*,#6787,.T.);
#6802 = ORIENTED_EDGE('',*,*,#6803,.T.);
#6803 = EDGE_CURVE('',#6780,#6804,#6806,.T.);
#6804 = VERTEX_POINT('',#6805);
#6805 = CARTESIAN_POINT('',(-5.60614444824,3.824971428571,18.4773));
#6806 = LINE('',#6807,#6808);
#6807 = CARTESIAN_POINT('',(-5.60614444824,3.785042857143,
    18.448885714286));
#6808 = VECTOR('',#6809,1.);
#6809 = DIRECTION('',(0.,0.81475641455,0.579803401982));
#6810 = ORIENTED_EDGE('',*,*,#6811,.F.);
#6811 = EDGE_CURVE('',#1178,#6804,#6812,.T.);
#6812 = LINE('',#6813,#6814);
#6813 = CARTESIAN_POINT('',(-6.20614444824,3.824971428571,18.4773));
#6814 = VECTOR('',#6815,1.);
#6815 = DIRECTION('',(1.,0.,0.));
#6816 = PLANE('',#6817);
#6817 = AXIS2_PLACEMENT_3D('',#6818,#6819,#6820);
#6818 = CARTESIAN_POINT('',(-6.20614444824,3.785042857143,
    18.448885714286));
#6819 = DIRECTION('',(0.,-0.579803401982,0.81475641455));
#6820 = DIRECTION('',(0.,0.81475641455,0.579803401982));
#6821 = ADVANCED_FACE('',(#6822),#6847,.T.);
#6822 = FACE_BOUND('',#6823,.T.);
#6823 = EDGE_LOOP('',(#6824,#6825,#6833,#6841));
#6824 = ORIENTED_EDGE('',*,*,#1169,.T.);
#6825 = ORIENTED_EDGE('',*,*,#6826,.T.);
#6826 = EDGE_CURVE('',#1170,#6827,#6829,.T.);
#6827 = VERTEX_POINT('',#6828);
#6828 = CARTESIAN_POINT('',(-5.60614444824,3.870657142857,18.5345));
#6829 = LINE('',#6830,#6831);
#6830 = CARTESIAN_POINT('',(-6.20614444824,3.870657142857,18.5345));
#6831 = VECTOR('',#6832,1.);
#6832 = DIRECTION('',(1.,0.,0.));
#6833 = ORIENTED_EDGE('',*,*,#6834,.T.);
#6834 = EDGE_CURVE('',#6827,#6835,#6837,.T.);
#6835 = VERTEX_POINT('',#6836);
#6836 = CARTESIAN_POINT('',(-5.60614444824,3.887742857143,
    18.568671428571));
#6837 = LINE('',#6838,#6839);
#6838 = CARTESIAN_POINT('',(-5.60614444824,3.870657142857,18.5345));
#6839 = VECTOR('',#6840,1.);
#6840 = DIRECTION('',(0.,0.4472135955,0.894427191));
#6841 = ORIENTED_EDGE('',*,*,#6842,.F.);
#6842 = EDGE_CURVE('',#1162,#6835,#6843,.T.);
#6843 = LINE('',#6844,#6845);
#6844 = CARTESIAN_POINT('',(-6.20614444824,3.887742857143,
    18.568671428571));
#6845 = VECTOR('',#6846,1.);
#6846 = DIRECTION('',(1.,0.,0.));
#6847 = PLANE('',#6848);
#6848 = AXIS2_PLACEMENT_3D('',#6849,#6850,#6851);
#6849 = CARTESIAN_POINT('',(-6.20614444824,3.870657142857,18.5345));
#6850 = DIRECTION('',(0.,-0.894427191,0.4472135955));
#6851 = DIRECTION('',(0.,0.4472135955,0.894427191));
#6852 = ADVANCED_FACE('',(#6853),#6871,.T.);
#6853 = FACE_BOUND('',#6854,.T.);
#6854 = EDGE_LOOP('',(#6855,#6856,#6857,#6865));
#6855 = ORIENTED_EDGE('',*,*,#1161,.T.);
#6856 = ORIENTED_EDGE('',*,*,#6842,.T.);
#6857 = ORIENTED_EDGE('',*,*,#6858,.T.);
#6858 = EDGE_CURVE('',#6835,#6859,#6861,.T.);
#6859 = VERTEX_POINT('',#6860);
#6860 = CARTESIAN_POINT('',(-5.60614444824,3.905014285714,
    18.602842857143));
#6861 = LINE('',#6862,#6863);
#6862 = CARTESIAN_POINT('',(-5.60614444824,3.887742857143,
    18.568671428571));
#6863 = VECTOR('',#6864,1.);
#6864 = DIRECTION('',(0.,0.451089728658,0.892478602936));
#6865 = ORIENTED_EDGE('',*,*,#6866,.F.);
#6866 = EDGE_CURVE('',#1154,#6859,#6867,.T.);
#6867 = LINE('',#6868,#6869);
#6868 = CARTESIAN_POINT('',(-6.20614444824,3.905014285714,
    18.602842857143));
#6869 = VECTOR('',#6870,1.);
#6870 = DIRECTION('',(1.,0.,0.));
#6871 = PLANE('',#6872);
#6872 = AXIS2_PLACEMENT_3D('',#6873,#6874,#6875);
#6873 = CARTESIAN_POINT('',(-6.20614444824,3.887742857143,
    18.568671428571));
#6874 = DIRECTION('',(0.,-0.892478602936,0.451089728658));
#6875 = DIRECTION('',(0.,0.451089728658,0.892478602936));
#6876 = ADVANCED_FACE('',(#6877),#6895,.T.);
#6877 = FACE_BOUND('',#6878,.T.);
#6878 = EDGE_LOOP('',(#6879,#6880,#6881,#6889));
#6879 = ORIENTED_EDGE('',*,*,#1153,.T.);
#6880 = ORIENTED_EDGE('',*,*,#6866,.T.);
#6881 = ORIENTED_EDGE('',*,*,#6882,.T.);
#6882 = EDGE_CURVE('',#6859,#6883,#6885,.T.);
#6883 = VERTEX_POINT('',#6884);
#6884 = CARTESIAN_POINT('',(-5.60614444824,3.910585714286,18.6372));
#6885 = LINE('',#6886,#6887);
#6886 = CARTESIAN_POINT('',(-5.60614444824,3.905014285714,
    18.602842857143));
#6887 = VECTOR('',#6888,1.);
#6888 = DIRECTION('',(0.,0.160071158554,0.987105477748));
#6889 = ORIENTED_EDGE('',*,*,#6890,.F.);
#6890 = EDGE_CURVE('',#1146,#6883,#6891,.T.);
#6891 = LINE('',#6892,#6893);
#6892 = CARTESIAN_POINT('',(-6.20614444824,3.910585714286,18.6372));
#6893 = VECTOR('',#6894,1.);
#6894 = DIRECTION('',(1.,0.,0.));
#6895 = PLANE('',#6896);
#6896 = AXIS2_PLACEMENT_3D('',#6897,#6898,#6899);
#6897 = CARTESIAN_POINT('',(-6.20614444824,3.905014285714,
    18.602842857143));
#6898 = DIRECTION('',(0.,-0.987105477748,0.160071158554));
#6899 = DIRECTION('',(0.,0.160071158554,0.987105477748));
#6900 = ADVANCED_FACE('',(#6901),#6919,.T.);
#6901 = FACE_BOUND('',#6902,.T.);
#6902 = EDGE_LOOP('',(#6903,#6904,#6905,#6913));
#6903 = ORIENTED_EDGE('',*,*,#1145,.T.);
#6904 = ORIENTED_EDGE('',*,*,#6890,.T.);
#6905 = ORIENTED_EDGE('',*,*,#6906,.T.);
#6906 = EDGE_CURVE('',#6883,#6907,#6909,.T.);
#6907 = VERTEX_POINT('',#6908);
#6908 = CARTESIAN_POINT('',(-5.60614444824,3.916342857143,
    18.671371428571));
#6909 = LINE('',#6910,#6911);
#6910 = CARTESIAN_POINT('',(-5.60614444824,3.910585714286,18.6372));
#6911 = VECTOR('',#6912,1.);
#6912 = DIRECTION('',(0.,0.166136868447,0.98610270304));
#6913 = ORIENTED_EDGE('',*,*,#6914,.F.);
#6914 = EDGE_CURVE('',#1138,#6907,#6915,.T.);
#6915 = LINE('',#6916,#6917);
#6916 = CARTESIAN_POINT('',(-6.20614444824,3.916342857143,
    18.671371428571));
#6917 = VECTOR('',#6918,1.);
#6918 = DIRECTION('',(1.,0.,0.));
#6919 = PLANE('',#6920);
#6920 = AXIS2_PLACEMENT_3D('',#6921,#6922,#6923);
#6921 = CARTESIAN_POINT('',(-6.20614444824,3.910585714286,18.6372));
#6922 = DIRECTION('',(0.,-0.98610270304,0.166136868447));
#6923 = DIRECTION('',(0.,0.166136868447,0.98610270304));
#6924 = ADVANCED_FACE('',(#6925),#6943,.T.);
#6925 = FACE_BOUND('',#6926,.T.);
#6926 = EDGE_LOOP('',(#6927,#6928,#6929,#6937));
#6927 = ORIENTED_EDGE('',*,*,#1137,.T.);
#6928 = ORIENTED_EDGE('',*,*,#6914,.T.);
#6929 = ORIENTED_EDGE('',*,*,#6930,.T.);
#6930 = EDGE_CURVE('',#6907,#6931,#6933,.T.);
#6931 = VERTEX_POINT('',#6932);
#6932 = CARTESIAN_POINT('',(-5.60614444824,3.916342857143,
    18.705542857143));
#6933 = LINE('',#6934,#6935);
#6934 = CARTESIAN_POINT('',(-5.60614444824,3.916342857143,
    18.671371428571));
#6935 = VECTOR('',#6936,1.);
#6936 = DIRECTION('',(0.,0.,1.));
#6937 = ORIENTED_EDGE('',*,*,#6938,.F.);
#6938 = EDGE_CURVE('',#1130,#6931,#6939,.T.);
#6939 = LINE('',#6940,#6941);
#6940 = CARTESIAN_POINT('',(-6.20614444824,3.916342857143,
    18.705542857143));
#6941 = VECTOR('',#6942,1.);
#6942 = DIRECTION('',(1.,0.,0.));
#6943 = PLANE('',#6944);
#6944 = AXIS2_PLACEMENT_3D('',#6945,#6946,#6947);
#6945 = CARTESIAN_POINT('',(-6.20614444824,3.916342857143,
    18.671371428571));
#6946 = DIRECTION('',(0.,-1.,0.));
#6947 = DIRECTION('',(0.,0.,1.));
#6948 = ADVANCED_FACE('',(#6949),#6967,.T.);
#6949 = FACE_BOUND('',#6950,.T.);
#6950 = EDGE_LOOP('',(#6951,#6952,#6953,#6961));
#6951 = ORIENTED_EDGE('',*,*,#1129,.T.);
#6952 = ORIENTED_EDGE('',*,*,#6938,.T.);
#6953 = ORIENTED_EDGE('',*,*,#6954,.T.);
#6954 = EDGE_CURVE('',#6931,#6955,#6957,.T.);
#6955 = VERTEX_POINT('',#6956);
#6956 = CARTESIAN_POINT('',(-5.60614444824,3.910585714286,
    18.745471428571));
#6957 = LINE('',#6958,#6959);
#6958 = CARTESIAN_POINT('',(-5.60614444824,3.916342857143,
    18.705542857143));
#6959 = VECTOR('',#6960,1.);
#6960 = DIRECTION('',(0.,-0.142710231997,0.989764512237));
#6961 = ORIENTED_EDGE('',*,*,#6962,.F.);
#6962 = EDGE_CURVE('',#1122,#6955,#6963,.T.);
#6963 = LINE('',#6964,#6965);
#6964 = CARTESIAN_POINT('',(-6.20614444824,3.910585714286,
    18.745471428571));
#6965 = VECTOR('',#6966,1.);
#6966 = DIRECTION('',(1.,0.,0.));
#6967 = PLANE('',#6968);
#6968 = AXIS2_PLACEMENT_3D('',#6969,#6970,#6971);
#6969 = CARTESIAN_POINT('',(-6.20614444824,3.916342857143,
    18.705542857143));
#6970 = DIRECTION('',(0.,-0.989764512237,-0.142710231997));
#6971 = DIRECTION('',(0.,-0.142710231997,0.989764512237));
#6972 = ADVANCED_FACE('',(#6973),#6991,.T.);
#6973 = FACE_BOUND('',#6974,.T.);
#6974 = EDGE_LOOP('',(#6975,#6976,#6977,#6985));
#6975 = ORIENTED_EDGE('',*,*,#1121,.T.);
#6976 = ORIENTED_EDGE('',*,*,#6962,.T.);
#6977 = ORIENTED_EDGE('',*,*,#6978,.T.);
#6978 = EDGE_CURVE('',#6955,#6979,#6981,.T.);
#6979 = VERTEX_POINT('',#6980);
#6980 = CARTESIAN_POINT('',(-5.60614444824,3.899257142857,
    18.779828571429));
#6981 = LINE('',#6982,#6983);
#6982 = CARTESIAN_POINT('',(-5.60614444824,3.910585714286,
    18.745471428571));
#6983 = VECTOR('',#6984,1.);
#6984 = DIRECTION('',(0.,-0.313145974944,0.949705005976));
#6985 = ORIENTED_EDGE('',*,*,#6986,.F.);
#6986 = EDGE_CURVE('',#1114,#6979,#6987,.T.);
#6987 = LINE('',#6988,#6989);
#6988 = CARTESIAN_POINT('',(-6.20614444824,3.899257142857,
    18.779828571429));
#6989 = VECTOR('',#6990,1.);
#6990 = DIRECTION('',(1.,0.,0.));
#6991 = PLANE('',#6992);
#6992 = AXIS2_PLACEMENT_3D('',#6993,#6994,#6995);
#6993 = CARTESIAN_POINT('',(-6.20614444824,3.910585714286,
    18.745471428571));
#6994 = DIRECTION('',(0.,-0.949705005976,-0.313145974944));
#6995 = DIRECTION('',(0.,-0.313145974944,0.949705005976));
#6996 = ADVANCED_FACE('',(#6997),#7015,.T.);
#6997 = FACE_BOUND('',#6998,.T.);
#6998 = EDGE_LOOP('',(#6999,#7000,#7001,#7009));
#6999 = ORIENTED_EDGE('',*,*,#1113,.T.);
#7000 = ORIENTED_EDGE('',*,*,#6986,.T.);
#7001 = ORIENTED_EDGE('',*,*,#7002,.T.);
#7002 = EDGE_CURVE('',#6979,#7003,#7005,.T.);
#7003 = VERTEX_POINT('',#7004);
#7004 = CARTESIAN_POINT('',(-5.60614444824,3.887742857143,18.814));
#7005 = LINE('',#7006,#7007);
#7006 = CARTESIAN_POINT('',(-5.60614444824,3.899257142857,
    18.779828571429));
#7007 = VECTOR('',#7008,1.);
#7008 = DIRECTION('',(0.,-0.319316245627,0.947648212829));
#7009 = ORIENTED_EDGE('',*,*,#7010,.F.);
#7010 = EDGE_CURVE('',#1106,#7003,#7011,.T.);
#7011 = LINE('',#7012,#7013);
#7012 = CARTESIAN_POINT('',(-6.20614444824,3.887742857143,18.814));
#7013 = VECTOR('',#7014,1.);
#7014 = DIRECTION('',(1.,0.,0.));
#7015 = PLANE('',#7016);
#7016 = AXIS2_PLACEMENT_3D('',#7017,#7018,#7019);
#7017 = CARTESIAN_POINT('',(-6.20614444824,3.899257142857,
    18.779828571429));
#7018 = DIRECTION('',(0.,-0.947648212829,-0.319316245627));
#7019 = DIRECTION('',(0.,-0.319316245627,0.947648212829));
#7020 = ADVANCED_FACE('',(#7021),#7039,.T.);
#7021 = FACE_BOUND('',#7022,.T.);
#7022 = EDGE_LOOP('',(#7023,#7024,#7025,#7033));
#7023 = ORIENTED_EDGE('',*,*,#1105,.T.);
#7024 = ORIENTED_EDGE('',*,*,#7010,.T.);
#7025 = ORIENTED_EDGE('',*,*,#7026,.T.);
#7026 = EDGE_CURVE('',#7003,#7027,#7029,.T.);
#7027 = VERTEX_POINT('',#7028);
#7028 = CARTESIAN_POINT('',(-5.60614444824,3.870657142857,
    18.848171428571));
#7029 = LINE('',#7030,#7031);
#7030 = CARTESIAN_POINT('',(-5.60614444824,3.887742857143,18.814));
#7031 = VECTOR('',#7032,1.);
#7032 = DIRECTION('',(0.,-0.4472135955,0.894427191));
#7033 = ORIENTED_EDGE('',*,*,#7034,.F.);
#7034 = EDGE_CURVE('',#1098,#7027,#7035,.T.);
#7035 = LINE('',#7036,#7037);
#7036 = CARTESIAN_POINT('',(-6.20614444824,3.870657142857,
    18.848171428571));
#7037 = VECTOR('',#7038,1.);
#7038 = DIRECTION('',(1.,0.,0.));
#7039 = PLANE('',#7040);
#7040 = AXIS2_PLACEMENT_3D('',#7041,#7042,#7043);
#7041 = CARTESIAN_POINT('',(-6.20614444824,3.887742857143,18.814));
#7042 = DIRECTION('',(0.,-0.894427191,-0.4472135955));
#7043 = DIRECTION('',(0.,-0.4472135955,0.894427191));
#7044 = ADVANCED_FACE('',(#7045),#7063,.T.);
#7045 = FACE_BOUND('',#7046,.T.);
#7046 = EDGE_LOOP('',(#7047,#7048,#7049,#7057));
#7047 = ORIENTED_EDGE('',*,*,#1097,.T.);
#7048 = ORIENTED_EDGE('',*,*,#7034,.T.);
#7049 = ORIENTED_EDGE('',*,*,#7050,.T.);
#7050 = EDGE_CURVE('',#7027,#7051,#7053,.T.);
#7051 = VERTEX_POINT('',#7052);
#7052 = CARTESIAN_POINT('',(-5.60614444824,3.847814285714,
    18.871014285714));
#7053 = LINE('',#7054,#7055);
#7054 = CARTESIAN_POINT('',(-5.60614444824,3.870657142857,
    18.848171428571));
#7055 = VECTOR('',#7056,1.);
#7056 = DIRECTION('',(0.,-0.707106781187,0.707106781187));
#7057 = ORIENTED_EDGE('',*,*,#7058,.F.);
#7058 = EDGE_CURVE('',#1090,#7051,#7059,.T.);
#7059 = LINE('',#7060,#7061);
#7060 = CARTESIAN_POINT('',(-6.20614444824,3.847814285714,
    18.871014285714));
#7061 = VECTOR('',#7062,1.);
#7062 = DIRECTION('',(1.,0.,0.));
#7063 = PLANE('',#7064);
#7064 = AXIS2_PLACEMENT_3D('',#7065,#7066,#7067);
#7065 = CARTESIAN_POINT('',(-6.20614444824,3.870657142857,
    18.848171428571));
#7066 = DIRECTION('',(0.,-0.707106781187,-0.707106781187));
#7067 = DIRECTION('',(0.,-0.707106781187,0.707106781187));
#7068 = ADVANCED_FACE('',(#7069),#7087,.T.);
#7069 = FACE_BOUND('',#7070,.T.);
#7070 = EDGE_LOOP('',(#7071,#7072,#7073,#7081));
#7071 = ORIENTED_EDGE('',*,*,#1089,.T.);
#7072 = ORIENTED_EDGE('',*,*,#7058,.T.);
#7073 = ORIENTED_EDGE('',*,*,#7074,.T.);
#7074 = EDGE_CURVE('',#7051,#7075,#7077,.T.);
#7075 = VERTEX_POINT('',#7076);
#7076 = CARTESIAN_POINT('',(-5.60614444824,3.8194,18.899614285714));
#7077 = LINE('',#7078,#7079);
#7078 = CARTESIAN_POINT('',(-5.60614444824,3.847814285714,
    18.871014285714));
#7079 = VECTOR('',#7080,1.);
#7080 = DIRECTION('',(0.,-0.704799762748,0.709406297146));
#7081 = ORIENTED_EDGE('',*,*,#7082,.F.);
#7082 = EDGE_CURVE('',#1082,#7075,#7083,.T.);
#7083 = LINE('',#7084,#7085);
#7084 = CARTESIAN_POINT('',(-6.20614444824,3.8194,18.899614285714));
#7085 = VECTOR('',#7086,1.);
#7086 = DIRECTION('',(1.,0.,0.));
#7087 = PLANE('',#7088);
#7088 = AXIS2_PLACEMENT_3D('',#7089,#7090,#7091);
#7089 = CARTESIAN_POINT('',(-6.20614444824,3.847814285714,
    18.871014285714));
#7090 = DIRECTION('',(0.,-0.709406297146,-0.704799762748));
#7091 = DIRECTION('',(0.,-0.704799762748,0.709406297146));
#7092 = ADVANCED_FACE('',(#7093),#7111,.T.);
#7093 = FACE_BOUND('',#7094,.T.);
#7094 = EDGE_LOOP('',(#7095,#7096,#7097,#7105));
#7095 = ORIENTED_EDGE('',*,*,#1081,.T.);
#7096 = ORIENTED_EDGE('',*,*,#7082,.T.);
#7097 = ORIENTED_EDGE('',*,*,#7098,.T.);
#7098 = EDGE_CURVE('',#7075,#7099,#7101,.T.);
#7099 = VERTEX_POINT('',#7100);
#7100 = CARTESIAN_POINT('',(-5.60614444824,3.796557142857,
    18.922457142857));
#7101 = LINE('',#7102,#7103);
#7102 = CARTESIAN_POINT('',(-5.60614444824,3.8194,18.899614285714));
#7103 = VECTOR('',#7104,1.);
#7104 = DIRECTION('',(0.,-0.707106781187,0.707106781187));
#7105 = ORIENTED_EDGE('',*,*,#7106,.F.);
#7106 = EDGE_CURVE('',#1074,#7099,#7107,.T.);
#7107 = LINE('',#7108,#7109);
#7108 = CARTESIAN_POINT('',(-6.20614444824,3.796557142857,
    18.922457142857));
#7109 = VECTOR('',#7110,1.);
#7110 = DIRECTION('',(1.,0.,0.));
#7111 = PLANE('',#7112);
#7112 = AXIS2_PLACEMENT_3D('',#7113,#7114,#7115);
#7113 = CARTESIAN_POINT('',(-6.20614444824,3.8194,18.899614285714));
#7114 = DIRECTION('',(0.,-0.707106781187,-0.707106781187));
#7115 = DIRECTION('',(0.,-0.707106781187,0.707106781187));
#7116 = ADVANCED_FACE('',(#7117),#7135,.T.);
#7117 = FACE_BOUND('',#7118,.T.);
#7118 = EDGE_LOOP('',(#7119,#7120,#7121,#7129));
#7119 = ORIENTED_EDGE('',*,*,#1073,.T.);
#7120 = ORIENTED_EDGE('',*,*,#7106,.T.);
#7121 = ORIENTED_EDGE('',*,*,#7122,.T.);
#7122 = EDGE_CURVE('',#7099,#7123,#7125,.T.);
#7123 = VERTEX_POINT('',#7124);
#7124 = CARTESIAN_POINT('',(-5.60614444824,3.762385714286,
    18.945114285714));
#7125 = LINE('',#7126,#7127);
#7126 = CARTESIAN_POINT('',(-5.60614444824,3.796557142857,
    18.922457142857));
#7127 = VECTOR('',#7128,1.);
#7128 = DIRECTION('',(0.,-0.833441382682,0.5526078733));
#7129 = ORIENTED_EDGE('',*,*,#7130,.F.);
#7130 = EDGE_CURVE('',#1066,#7123,#7131,.T.);
#7131 = LINE('',#7132,#7133);
#7132 = CARTESIAN_POINT('',(-6.20614444824,3.762385714286,
    18.945114285714));
#7133 = VECTOR('',#7134,1.);
#7134 = DIRECTION('',(1.,0.,0.));
#7135 = PLANE('',#7136);
#7136 = AXIS2_PLACEMENT_3D('',#7137,#7138,#7139);
#7137 = CARTESIAN_POINT('',(-6.20614444824,3.796557142857,
    18.922457142857));
#7138 = DIRECTION('',(0.,-0.5526078733,-0.833441382682));
#7139 = DIRECTION('',(0.,-0.833441382682,0.5526078733));
#7140 = ADVANCED_FACE('',(#7141),#7159,.T.);
#7141 = FACE_BOUND('',#7142,.T.);
#7142 = EDGE_LOOP('',(#7143,#7144,#7145,#7153));
#7143 = ORIENTED_EDGE('',*,*,#1065,.T.);
#7144 = ORIENTED_EDGE('',*,*,#7130,.T.);
#7145 = ORIENTED_EDGE('',*,*,#7146,.T.);
#7146 = EDGE_CURVE('',#7123,#7147,#7149,.T.);
#7147 = VERTEX_POINT('',#7148);
#7148 = CARTESIAN_POINT('',(-5.60614444824,3.728028571429,
    18.956628571429));
#7149 = LINE('',#7150,#7151);
#7150 = CARTESIAN_POINT('',(-5.60614444824,3.762385714286,
    18.945114285714));
#7151 = VECTOR('',#7152,1.);
#7152 = DIRECTION('',(0.,-0.948169527976,0.317764922889));
#7153 = ORIENTED_EDGE('',*,*,#7154,.F.);
#7154 = EDGE_CURVE('',#1058,#7147,#7155,.T.);
#7155 = LINE('',#7156,#7157);
#7156 = CARTESIAN_POINT('',(-6.20614444824,3.728028571429,
    18.956628571429));
#7157 = VECTOR('',#7158,1.);
#7158 = DIRECTION('',(1.,0.,0.));
#7159 = PLANE('',#7160);
#7160 = AXIS2_PLACEMENT_3D('',#7161,#7162,#7163);
#7161 = CARTESIAN_POINT('',(-6.20614444824,3.762385714286,
    18.945114285714));
#7162 = DIRECTION('',(0.,-0.317764922889,-0.948169527976));
#7163 = DIRECTION('',(0.,-0.948169527976,0.317764922889));
#7164 = ADVANCED_FACE('',(#7165),#7183,.T.);
#7165 = FACE_BOUND('',#7166,.T.);
#7166 = EDGE_LOOP('',(#7167,#7168,#7169,#7177));
#7167 = ORIENTED_EDGE('',*,*,#1057,.T.);
#7168 = ORIENTED_EDGE('',*,*,#7154,.T.);
#7169 = ORIENTED_EDGE('',*,*,#7170,.T.);
#7170 = EDGE_CURVE('',#7147,#7171,#7173,.T.);
#7171 = VERTEX_POINT('',#7172);
#7172 = CARTESIAN_POINT('',(-5.60614444824,3.682342857143,
    18.967957142857));
#7173 = LINE('',#7174,#7175);
#7174 = CARTESIAN_POINT('',(-5.60614444824,3.728028571429,
    18.956628571429));
#7175 = VECTOR('',#7176,1.);
#7176 = DIRECTION('',(0.,-0.970604905537,0.240678452186));
#7177 = ORIENTED_EDGE('',*,*,#7178,.F.);
#7178 = EDGE_CURVE('',#1050,#7171,#7179,.T.);
#7179 = LINE('',#7180,#7181);
#7180 = CARTESIAN_POINT('',(-6.20614444824,3.682342857143,
    18.967957142857));
#7181 = VECTOR('',#7182,1.);
#7182 = DIRECTION('',(1.,0.,0.));
#7183 = PLANE('',#7184);
#7184 = AXIS2_PLACEMENT_3D('',#7185,#7186,#7187);
#7185 = CARTESIAN_POINT('',(-6.20614444824,3.728028571429,
    18.956628571429));
#7186 = DIRECTION('',(0.,-0.240678452186,-0.970604905537));
#7187 = DIRECTION('',(0.,-0.970604905537,0.240678452186));
#7188 = ADVANCED_FACE('',(#7189),#7207,.T.);
#7189 = FACE_BOUND('',#7190,.T.);
#7190 = EDGE_LOOP('',(#7191,#7192,#7193,#7201));
#7191 = ORIENTED_EDGE('',*,*,#1049,.T.);
#7192 = ORIENTED_EDGE('',*,*,#7178,.T.);
#7193 = ORIENTED_EDGE('',*,*,#7194,.T.);
#7194 = EDGE_CURVE('',#7171,#7195,#7197,.T.);
#7195 = VERTEX_POINT('',#7196);
#7196 = CARTESIAN_POINT('',(-5.60614444824,3.636842857143,
    18.973714285714));
#7197 = LINE('',#7198,#7199);
#7198 = CARTESIAN_POINT('',(-5.60614444824,3.682342857143,
    18.967957142857));
#7199 = VECTOR('',#7200,1.);
#7200 = DIRECTION('',(0.,-0.992089857379,0.125529737056));
#7201 = ORIENTED_EDGE('',*,*,#7202,.F.);
#7202 = EDGE_CURVE('',#1042,#7195,#7203,.T.);
#7203 = LINE('',#7204,#7205);
#7204 = CARTESIAN_POINT('',(-6.20614444824,3.636842857143,
    18.973714285714));
#7205 = VECTOR('',#7206,1.);
#7206 = DIRECTION('',(1.,0.,0.));
#7207 = PLANE('',#7208);
#7208 = AXIS2_PLACEMENT_3D('',#7209,#7210,#7211);
#7209 = CARTESIAN_POINT('',(-6.20614444824,3.682342857143,
    18.967957142857));
#7210 = DIRECTION('',(0.,-0.125529737056,-0.992089857379));
#7211 = DIRECTION('',(0.,-0.992089857379,0.125529737056));
#7212 = ADVANCED_FACE('',(#7213),#7231,.T.);
#7213 = FACE_BOUND('',#7214,.T.);
#7214 = EDGE_LOOP('',(#7215,#7216,#7217,#7225));
#7215 = ORIENTED_EDGE('',*,*,#1041,.T.);
#7216 = ORIENTED_EDGE('',*,*,#7202,.T.);
#7217 = ORIENTED_EDGE('',*,*,#7218,.T.);
#7218 = EDGE_CURVE('',#7195,#7219,#7221,.T.);
#7219 = VERTEX_POINT('',#7220);
#7220 = CARTESIAN_POINT('',(-5.60614444824,2.490057142857,
    18.973714285714));
#7221 = LINE('',#7222,#7223);
#7222 = CARTESIAN_POINT('',(-5.60614444824,3.636842857143,
    18.973714285714));
#7223 = VECTOR('',#7224,1.);
#7224 = DIRECTION('',(0.,-1.,0.));
#7225 = ORIENTED_EDGE('',*,*,#7226,.F.);
#7226 = EDGE_CURVE('',#1034,#7219,#7227,.T.);
#7227 = LINE('',#7228,#7229);
#7228 = CARTESIAN_POINT('',(-6.20614444824,2.490057142857,
    18.973714285714));
#7229 = VECTOR('',#7230,1.);
#7230 = DIRECTION('',(1.,0.,0.));
#7231 = PLANE('',#7232);
#7232 = AXIS2_PLACEMENT_3D('',#7233,#7234,#7235);
#7233 = CARTESIAN_POINT('',(-6.20614444824,3.636842857143,
    18.973714285714));
#7234 = DIRECTION('',(0.,0.,-1.));
#7235 = DIRECTION('',(0.,-1.,0.));
#7236 = ADVANCED_FACE('',(#7237),#7255,.T.);
#7237 = FACE_BOUND('',#7238,.T.);
#7238 = EDGE_LOOP('',(#7239,#7240,#7241,#7249));
#7239 = ORIENTED_EDGE('',*,*,#1033,.T.);
#7240 = ORIENTED_EDGE('',*,*,#7226,.T.);
#7241 = ORIENTED_EDGE('',*,*,#7242,.T.);
#7242 = EDGE_CURVE('',#7219,#7243,#7245,.T.);
#7243 = VERTEX_POINT('',#7244);
#7244 = CARTESIAN_POINT('',(-5.60614444824,2.490057142857,
    20.114742857143));
#7245 = LINE('',#7246,#7247);
#7246 = CARTESIAN_POINT('',(-5.60614444824,2.490057142857,
    18.973714285714));
#7247 = VECTOR('',#7248,1.);
#7248 = DIRECTION('',(0.,0.,1.));
#7249 = ORIENTED_EDGE('',*,*,#7250,.F.);
#7250 = EDGE_CURVE('',#1026,#7243,#7251,.T.);
#7251 = LINE('',#7252,#7253);
#7252 = CARTESIAN_POINT('',(-6.20614444824,2.490057142857,
    20.114742857143));
#7253 = VECTOR('',#7254,1.);
#7254 = DIRECTION('',(1.,0.,0.));
#7255 = PLANE('',#7256);
#7256 = AXIS2_PLACEMENT_3D('',#7257,#7258,#7259);
#7257 = CARTESIAN_POINT('',(-6.20614444824,2.490057142857,
    18.973714285714));
#7258 = DIRECTION('',(0.,-1.,0.));
#7259 = DIRECTION('',(0.,0.,1.));
#7260 = ADVANCED_FACE('',(#7261),#7279,.T.);
#7261 = FACE_BOUND('',#7262,.T.);
#7262 = EDGE_LOOP('',(#7263,#7264,#7265,#7273));
#7263 = ORIENTED_EDGE('',*,*,#1025,.T.);
#7264 = ORIENTED_EDGE('',*,*,#7250,.T.);
#7265 = ORIENTED_EDGE('',*,*,#7266,.T.);
#7266 = EDGE_CURVE('',#7243,#7267,#7269,.T.);
#7267 = VERTEX_POINT('',#7268);
#7268 = CARTESIAN_POINT('',(-5.60614444824,3.785042857143,
    20.114742857143));
#7269 = LINE('',#7270,#7271);
#7270 = CARTESIAN_POINT('',(-5.60614444824,2.490057142857,
    20.114742857143));
#7271 = VECTOR('',#7272,1.);
#7272 = DIRECTION('',(0.,1.,0.));
#7273 = ORIENTED_EDGE('',*,*,#7274,.F.);
#7274 = EDGE_CURVE('',#1018,#7267,#7275,.T.);
#7275 = LINE('',#7276,#7277);
#7276 = CARTESIAN_POINT('',(-6.20614444824,3.785042857143,
    20.114742857143));
#7277 = VECTOR('',#7278,1.);
#7278 = DIRECTION('',(1.,0.,0.));
#7279 = PLANE('',#7280);
#7280 = AXIS2_PLACEMENT_3D('',#7281,#7282,#7283);
#7281 = CARTESIAN_POINT('',(-6.20614444824,2.490057142857,
    20.114742857143));
#7282 = DIRECTION('',(0.,0.,1.));
#7283 = DIRECTION('',(0.,1.,0.));
#7284 = ADVANCED_FACE('',(#7285),#7303,.T.);
#7285 = FACE_BOUND('',#7286,.T.);
#7286 = EDGE_LOOP('',(#7287,#7288,#7289,#7297));
#7287 = ORIENTED_EDGE('',*,*,#1017,.T.);
#7288 = ORIENTED_EDGE('',*,*,#7274,.T.);
#7289 = ORIENTED_EDGE('',*,*,#7290,.T.);
#7290 = EDGE_CURVE('',#7267,#7291,#7293,.T.);
#7291 = VERTEX_POINT('',#7292);
#7292 = CARTESIAN_POINT('',(-5.60614444824,3.813642857143,20.1205));
#7293 = LINE('',#7294,#7295);
#7294 = CARTESIAN_POINT('',(-5.60614444824,3.785042857143,
    20.114742857143));
#7295 = VECTOR('',#7296,1.);
#7296 = DIRECTION('',(0.,0.980335072596,0.197340176951));
#7297 = ORIENTED_EDGE('',*,*,#7298,.F.);
#7298 = EDGE_CURVE('',#1010,#7291,#7299,.T.);
#7299 = LINE('',#7300,#7301);
#7300 = CARTESIAN_POINT('',(-6.20614444824,3.813642857143,20.1205));
#7301 = VECTOR('',#7302,1.);
#7302 = DIRECTION('',(1.,0.,0.));
#7303 = PLANE('',#7304);
#7304 = AXIS2_PLACEMENT_3D('',#7305,#7306,#7307);
#7305 = CARTESIAN_POINT('',(-6.20614444824,3.785042857143,
    20.114742857143));
#7306 = DIRECTION('',(0.,-0.197340176951,0.980335072596));
#7307 = DIRECTION('',(0.,0.980335072596,0.197340176951));
#7308 = ADVANCED_FACE('',(#7309),#7327,.T.);
#7309 = FACE_BOUND('',#7310,.T.);
#7310 = EDGE_LOOP('',(#7311,#7312,#7313,#7321));
#7311 = ORIENTED_EDGE('',*,*,#1009,.T.);
#7312 = ORIENTED_EDGE('',*,*,#7298,.T.);
#7313 = ORIENTED_EDGE('',*,*,#7314,.T.);
#7314 = EDGE_CURVE('',#7291,#7315,#7317,.T.);
#7315 = VERTEX_POINT('',#7316);
#7316 = CARTESIAN_POINT('',(-5.60614444824,3.836485714286,
    20.131828571429));
#7317 = LINE('',#7318,#7319);
#7318 = CARTESIAN_POINT('',(-5.60614444824,3.813642857143,20.1205));
#7319 = VECTOR('',#7320,1.);
#7320 = DIRECTION('',(0.,0.895879160097,0.444297794845));
#7321 = ORIENTED_EDGE('',*,*,#7322,.F.);
#7322 = EDGE_CURVE('',#1002,#7315,#7323,.T.);
#7323 = LINE('',#7324,#7325);
#7324 = CARTESIAN_POINT('',(-6.20614444824,3.836485714286,
    20.131828571429));
#7325 = VECTOR('',#7326,1.);
#7326 = DIRECTION('',(1.,0.,0.));
#7327 = PLANE('',#7328);
#7328 = AXIS2_PLACEMENT_3D('',#7329,#7330,#7331);
#7329 = CARTESIAN_POINT('',(-6.20614444824,3.813642857143,20.1205));
#7330 = DIRECTION('',(0.,-0.444297794845,0.895879160097));
#7331 = DIRECTION('',(0.,0.895879160097,0.444297794845));
#7332 = ADVANCED_FACE('',(#7333),#7351,.T.);
#7333 = FACE_BOUND('',#7334,.T.);
#7334 = EDGE_LOOP('',(#7335,#7336,#7337,#7345));
#7335 = ORIENTED_EDGE('',*,*,#1001,.T.);
#7336 = ORIENTED_EDGE('',*,*,#7322,.T.);
#7337 = ORIENTED_EDGE('',*,*,#7338,.T.);
#7338 = EDGE_CURVE('',#7315,#7339,#7341,.T.);
#7339 = VERTEX_POINT('',#7340);
#7340 = CARTESIAN_POINT('',(-5.60614444824,3.859328571429,
    20.143342857143));
#7341 = LINE('',#7342,#7343);
#7342 = CARTESIAN_POINT('',(-5.60614444824,3.836485714286,
    20.131828571429));
#7343 = VECTOR('',#7344,1.);
#7344 = DIRECTION('',(0.,0.892970492237,0.450115207469));
#7345 = ORIENTED_EDGE('',*,*,#7346,.F.);
#7346 = EDGE_CURVE('',#994,#7339,#7347,.T.);
#7347 = LINE('',#7348,#7349);
#7348 = CARTESIAN_POINT('',(-6.20614444824,3.859328571429,
    20.143342857143));
#7349 = VECTOR('',#7350,1.);
#7350 = DIRECTION('',(1.,0.,0.));
#7351 = PLANE('',#7352);
#7352 = AXIS2_PLACEMENT_3D('',#7353,#7354,#7355);
#7353 = CARTESIAN_POINT('',(-6.20614444824,3.836485714286,
    20.131828571429));
#7354 = DIRECTION('',(0.,-0.450115207469,0.892970492237));
#7355 = DIRECTION('',(0.,0.892970492237,0.450115207469));
#7356 = ADVANCED_FACE('',(#7357),#7375,.T.);
#7357 = FACE_BOUND('',#7358,.T.);
#7358 = EDGE_LOOP('',(#7359,#7360,#7361,#7369));
#7359 = ORIENTED_EDGE('',*,*,#993,.T.);
#7360 = ORIENTED_EDGE('',*,*,#7346,.T.);
#7361 = ORIENTED_EDGE('',*,*,#7362,.T.);
#7362 = EDGE_CURVE('',#7339,#7363,#7365,.T.);
#7363 = VERTEX_POINT('',#7364);
#7364 = CARTESIAN_POINT('',(-5.60614444824,3.882171428571,
    20.160428571429));
#7365 = LINE('',#7366,#7367);
#7366 = CARTESIAN_POINT('',(-5.60614444824,3.859328571429,
    20.143342857143));
#7367 = VECTOR('',#7368,1.);
#7368 = DIRECTION('',(0.,0.80078057117,0.598957825591));
#7369 = ORIENTED_EDGE('',*,*,#7370,.F.);
#7370 = EDGE_CURVE('',#986,#7363,#7371,.T.);
#7371 = LINE('',#7372,#7373);
#7372 = CARTESIAN_POINT('',(-6.20614444824,3.882171428571,
    20.160428571429));
#7373 = VECTOR('',#7374,1.);
#7374 = DIRECTION('',(1.,0.,0.));
#7375 = PLANE('',#7376);
#7376 = AXIS2_PLACEMENT_3D('',#7377,#7378,#7379);
#7377 = CARTESIAN_POINT('',(-6.20614444824,3.859328571429,
    20.143342857143));
#7378 = DIRECTION('',(0.,-0.598957825591,0.80078057117));
#7379 = DIRECTION('',(0.,0.80078057117,0.598957825591));
#7380 = ADVANCED_FACE('',(#7381),#7399,.T.);
#7381 = FACE_BOUND('',#7382,.T.);
#7382 = EDGE_LOOP('',(#7383,#7384,#7385,#7393));
#7383 = ORIENTED_EDGE('',*,*,#985,.T.);
#7384 = ORIENTED_EDGE('',*,*,#7370,.T.);
#7385 = ORIENTED_EDGE('',*,*,#7386,.T.);
#7386 = EDGE_CURVE('',#7363,#7387,#7389,.T.);
#7387 = VERTEX_POINT('',#7388);
#7388 = CARTESIAN_POINT('',(-5.60614444824,3.8935,20.183271428571));
#7389 = LINE('',#7390,#7391);
#7390 = CARTESIAN_POINT('',(-5.60614444824,3.882171428571,
    20.160428571429));
#7391 = VECTOR('',#7392,1.);
#7392 = DIRECTION('',(0.,0.444297794845,0.895879160097));
#7393 = ORIENTED_EDGE('',*,*,#7394,.F.);
#7394 = EDGE_CURVE('',#978,#7387,#7395,.T.);
#7395 = LINE('',#7396,#7397);
#7396 = CARTESIAN_POINT('',(-6.20614444824,3.8935,20.183271428571));
#7397 = VECTOR('',#7398,1.);
#7398 = DIRECTION('',(1.,0.,0.));
#7399 = PLANE('',#7400);
#7400 = AXIS2_PLACEMENT_3D('',#7401,#7402,#7403);
#7401 = CARTESIAN_POINT('',(-6.20614444824,3.882171428571,
    20.160428571429));
#7402 = DIRECTION('',(0.,-0.895879160097,0.444297794845));
#7403 = DIRECTION('',(0.,0.444297794845,0.895879160097));
#7404 = ADVANCED_FACE('',(#7405),#7423,.T.);
#7405 = FACE_BOUND('',#7406,.T.);
#7406 = EDGE_LOOP('',(#7407,#7408,#7409,#7417));
#7407 = ORIENTED_EDGE('',*,*,#977,.T.);
#7408 = ORIENTED_EDGE('',*,*,#7394,.T.);
#7409 = ORIENTED_EDGE('',*,*,#7410,.T.);
#7410 = EDGE_CURVE('',#7387,#7411,#7413,.T.);
#7411 = VERTEX_POINT('',#7412);
#7412 = CARTESIAN_POINT('',(-5.60614444824,3.905014285714,
    20.206114285714));
#7413 = LINE('',#7414,#7415);
#7414 = CARTESIAN_POINT('',(-5.60614444824,3.8935,20.183271428571));
#7415 = VECTOR('',#7416,1.);
#7416 = DIRECTION('',(0.,0.450115207469,0.892970492237));
#7417 = ORIENTED_EDGE('',*,*,#7418,.F.);
#7418 = EDGE_CURVE('',#970,#7411,#7419,.T.);
#7419 = LINE('',#7420,#7421);
#7420 = CARTESIAN_POINT('',(-6.20614444824,3.905014285714,
    20.206114285714));
#7421 = VECTOR('',#7422,1.);
#7422 = DIRECTION('',(1.,0.,0.));
#7423 = PLANE('',#7424);
#7424 = AXIS2_PLACEMENT_3D('',#7425,#7426,#7427);
#7425 = CARTESIAN_POINT('',(-6.20614444824,3.8935,20.183271428571));
#7426 = DIRECTION('',(0.,-0.892970492237,0.450115207469));
#7427 = DIRECTION('',(0.,0.450115207469,0.892970492237));
#7428 = ADVANCED_FACE('',(#7429),#7447,.T.);
#7429 = FACE_BOUND('',#7430,.T.);
#7430 = EDGE_LOOP('',(#7431,#7432,#7433,#7441));
#7431 = ORIENTED_EDGE('',*,*,#969,.T.);
#7432 = ORIENTED_EDGE('',*,*,#7418,.T.);
#7433 = ORIENTED_EDGE('',*,*,#7434,.T.);
#7434 = EDGE_CURVE('',#7411,#7435,#7437,.T.);
#7435 = VERTEX_POINT('',#7436);
#7436 = CARTESIAN_POINT('',(-5.60614444824,3.916342857143,
    20.228771428571));
#7437 = LINE('',#7438,#7439);
#7438 = CARTESIAN_POINT('',(-5.60614444824,3.905014285714,
    20.206114285714));
#7439 = VECTOR('',#7440,1.);
#7440 = DIRECTION('',(0.,0.4472135955,0.894427191));
#7441 = ORIENTED_EDGE('',*,*,#7442,.F.);
#7442 = EDGE_CURVE('',#962,#7435,#7443,.T.);
#7443 = LINE('',#7444,#7445);
#7444 = CARTESIAN_POINT('',(-6.20614444824,3.916342857143,
    20.228771428571));
#7445 = VECTOR('',#7446,1.);
#7446 = DIRECTION('',(1.,0.,0.));
#7447 = PLANE('',#7448);
#7448 = AXIS2_PLACEMENT_3D('',#7449,#7450,#7451);
#7449 = CARTESIAN_POINT('',(-6.20614444824,3.905014285714,
    20.206114285714));
#7450 = DIRECTION('',(0.,-0.894427191,0.4472135955));
#7451 = DIRECTION('',(0.,0.4472135955,0.894427191));
#7452 = ADVANCED_FACE('',(#7453),#7478,.T.);
#7453 = FACE_BOUND('',#7454,.T.);
#7454 = EDGE_LOOP('',(#7455,#7456,#7464,#7472));
#7455 = ORIENTED_EDGE('',*,*,#1665,.T.);
#7456 = ORIENTED_EDGE('',*,*,#7457,.T.);
#7457 = EDGE_CURVE('',#1668,#7458,#7460,.T.);
#7458 = VERTEX_POINT('',#7459);
#7459 = CARTESIAN_POINT('',(-5.60614444824,0.362514285714,
    22.258442857143));
#7460 = LINE('',#7461,#7462);
#7461 = CARTESIAN_POINT('',(-6.20614444824,0.362514285714,
    22.258442857143));
#7462 = VECTOR('',#7463,1.);
#7463 = DIRECTION('',(1.,0.,0.));
#7464 = ORIENTED_EDGE('',*,*,#7465,.T.);
#7465 = EDGE_CURVE('',#7458,#7466,#7468,.T.);
#7466 = VERTEX_POINT('',#7467);
#7467 = CARTESIAN_POINT('',(-5.60614444824,0.356757142857,
    22.287414285714));
#7468 = LINE('',#7469,#7470);
#7469 = CARTESIAN_POINT('',(-5.60614444824,0.362514285714,
    22.258442857143));
#7470 = VECTOR('',#7471,1.);
#7471 = DIRECTION('',(0.,-0.19490688626,0.980821750212));
#7472 = ORIENTED_EDGE('',*,*,#7473,.F.);
#7473 = EDGE_CURVE('',#1666,#7466,#7474,.T.);
#7474 = LINE('',#7475,#7476);
#7475 = CARTESIAN_POINT('',(-6.20614444824,0.356757142857,
    22.287414285714));
#7476 = VECTOR('',#7477,1.);
#7477 = DIRECTION('',(1.,0.,0.));
#7478 = PLANE('',#7479);
#7479 = AXIS2_PLACEMENT_3D('',#7480,#7481,#7482);
#7480 = CARTESIAN_POINT('',(-6.20614444824,0.362514285714,
    22.258442857143));
#7481 = DIRECTION('',(0.,-0.980821750212,-0.19490688626));
#7482 = DIRECTION('',(0.,-0.19490688626,0.980821750212));
#7483 = ADVANCED_FACE('',(#7484),#7502,.T.);
#7484 = FACE_BOUND('',#7485,.T.);
#7485 = EDGE_LOOP('',(#7486,#7487,#7488,#7496));
#7486 = ORIENTED_EDGE('',*,*,#2123,.T.);
#7487 = ORIENTED_EDGE('',*,*,#7473,.T.);
#7488 = ORIENTED_EDGE('',*,*,#7489,.T.);
#7489 = EDGE_CURVE('',#7466,#7490,#7492,.T.);
#7490 = VERTEX_POINT('',#7491);
#7491 = CARTESIAN_POINT('',(-5.60614444824,0.351185714286,
    22.321957142857));
#7492 = LINE('',#7493,#7494);
#7493 = CARTESIAN_POINT('',(-5.60614444824,0.356757142857,
    22.287414285714));
#7494 = VECTOR('',#7495,1.);
#7495 = DIRECTION('',(0.,-0.159232438825,0.987241120713));
#7496 = ORIENTED_EDGE('',*,*,#7497,.F.);
#7497 = EDGE_CURVE('',#2116,#7490,#7498,.T.);
#7498 = LINE('',#7499,#7500);
#7499 = CARTESIAN_POINT('',(-6.20614444824,0.351185714286,
    22.321957142857));
#7500 = VECTOR('',#7501,1.);
#7501 = DIRECTION('',(1.,0.,0.));
#7502 = PLANE('',#7503);
#7503 = AXIS2_PLACEMENT_3D('',#7504,#7505,#7506);
#7504 = CARTESIAN_POINT('',(-6.20614444824,0.356757142857,
    22.287414285714));
#7505 = DIRECTION('',(0.,-0.987241120713,-0.159232438825));
#7506 = DIRECTION('',(0.,-0.159232438825,0.987241120713));
#7507 = ADVANCED_FACE('',(#7508),#7526,.T.);
#7508 = FACE_BOUND('',#7509,.T.);
#7509 = EDGE_LOOP('',(#7510,#7511,#7512,#7520));
#7510 = ORIENTED_EDGE('',*,*,#2115,.T.);
#7511 = ORIENTED_EDGE('',*,*,#7497,.T.);
#7512 = ORIENTED_EDGE('',*,*,#7513,.T.);
#7513 = EDGE_CURVE('',#7490,#7514,#7516,.T.);
#7514 = VERTEX_POINT('',#7515);
#7515 = CARTESIAN_POINT('',(-5.60614444824,0.339671428571,
    22.333285714286));
#7516 = LINE('',#7517,#7518);
#7517 = CARTESIAN_POINT('',(-5.60614444824,0.351185714286,
    22.321957142857));
#7518 = VECTOR('',#7519,1.);
#7519 = DIRECTION('',(0.,-0.712832058729,0.70133476746));
#7520 = ORIENTED_EDGE('',*,*,#7521,.F.);
#7521 = EDGE_CURVE('',#2108,#7514,#7522,.T.);
#7522 = LINE('',#7523,#7524);
#7523 = CARTESIAN_POINT('',(-6.20614444824,0.339671428571,
    22.333285714286));
#7524 = VECTOR('',#7525,1.);
#7525 = DIRECTION('',(1.,0.,0.));
#7526 = PLANE('',#7527);
#7527 = AXIS2_PLACEMENT_3D('',#7528,#7529,#7530);
#7528 = CARTESIAN_POINT('',(-6.20614444824,0.351185714286,
    22.321957142857));
#7529 = DIRECTION('',(0.,-0.70133476746,-0.712832058729));
#7530 = DIRECTION('',(0.,-0.712832058729,0.70133476746));
#7531 = ADVANCED_FACE('',(#7532),#7550,.T.);
#7532 = FACE_BOUND('',#7533,.T.);
#7533 = EDGE_LOOP('',(#7534,#7535,#7536,#7544));
#7534 = ORIENTED_EDGE('',*,*,#2107,.T.);
#7535 = ORIENTED_EDGE('',*,*,#7521,.T.);
#7536 = ORIENTED_EDGE('',*,*,#7537,.T.);
#7537 = EDGE_CURVE('',#7514,#7538,#7540,.T.);
#7538 = VERTEX_POINT('',#7539);
#7539 = CARTESIAN_POINT('',(-5.60614444824,0.328342857143,
    22.350742857143));
#7540 = LINE('',#7541,#7542);
#7541 = CARTESIAN_POINT('',(-5.60614444824,0.339671428571,
    22.333285714286));
#7542 = VECTOR('',#7543,1.);
#7543 = DIRECTION('',(0.,-0.544360855445,0.838851154293));
#7544 = ORIENTED_EDGE('',*,*,#7545,.F.);
#7545 = EDGE_CURVE('',#2100,#7538,#7546,.T.);
#7546 = LINE('',#7547,#7548);
#7547 = CARTESIAN_POINT('',(-6.20614444824,0.328342857143,
    22.350742857143));
#7548 = VECTOR('',#7549,1.);
#7549 = DIRECTION('',(1.,0.,0.));
#7550 = PLANE('',#7551);
#7551 = AXIS2_PLACEMENT_3D('',#7552,#7553,#7554);
#7552 = CARTESIAN_POINT('',(-6.20614444824,0.339671428571,
    22.333285714286));
#7553 = DIRECTION('',(0.,-0.838851154293,-0.544360855445));
#7554 = DIRECTION('',(0.,-0.544360855445,0.838851154293));
#7555 = ADVANCED_FACE('',(#7556),#7574,.T.);
#7556 = FACE_BOUND('',#7557,.T.);
#7557 = EDGE_LOOP('',(#7558,#7559,#7560,#7568));
#7558 = ORIENTED_EDGE('',*,*,#2099,.T.);
#7559 = ORIENTED_EDGE('',*,*,#7545,.T.);
#7560 = ORIENTED_EDGE('',*,*,#7561,.T.);
#7561 = EDGE_CURVE('',#7538,#7562,#7564,.T.);
#7562 = VERTEX_POINT('',#7563);
#7563 = CARTESIAN_POINT('',(-5.60614444824,0.316828571429,
    22.368014285714));
#7564 = LINE('',#7565,#7566);
#7565 = CARTESIAN_POINT('',(-5.60614444824,0.328342857143,
    22.350742857143));
#7566 = VECTOR('',#7567,1.);
#7567 = DIRECTION('',(0.,-0.554700196225,0.832050294338));
#7568 = ORIENTED_EDGE('',*,*,#7569,.F.);
#7569 = EDGE_CURVE('',#2092,#7562,#7570,.T.);
#7570 = LINE('',#7571,#7572);
#7571 = CARTESIAN_POINT('',(-6.20614444824,0.316828571429,
    22.368014285714));
#7572 = VECTOR('',#7573,1.);
#7573 = DIRECTION('',(1.,0.,0.));
#7574 = PLANE('',#7575);
#7575 = AXIS2_PLACEMENT_3D('',#7576,#7577,#7578);
#7576 = CARTESIAN_POINT('',(-6.20614444824,0.328342857143,
    22.350742857143));
#7577 = DIRECTION('',(0.,-0.832050294338,-0.554700196225));
#7578 = DIRECTION('',(0.,-0.554700196225,0.832050294338));
#7579 = ADVANCED_FACE('',(#7580),#7598,.T.);
#7580 = FACE_BOUND('',#7581,.T.);
#7581 = EDGE_LOOP('',(#7582,#7583,#7584,#7592));
#7582 = ORIENTED_EDGE('',*,*,#2091,.T.);
#7583 = ORIENTED_EDGE('',*,*,#7569,.T.);
#7584 = ORIENTED_EDGE('',*,*,#7585,.T.);
#7585 = EDGE_CURVE('',#7562,#7586,#7588,.T.);
#7586 = VERTEX_POINT('',#7587);
#7587 = CARTESIAN_POINT('',(-5.60614444824,0.299742857143,
    22.379528571429));
#7588 = LINE('',#7589,#7590);
#7589 = CARTESIAN_POINT('',(-5.60614444824,0.316828571429,
    22.368014285714));
#7590 = VECTOR('',#7591,1.);
#7591 = DIRECTION('',(0.,-0.829266427591,0.558853462072));
#7592 = ORIENTED_EDGE('',*,*,#7593,.F.);
#7593 = EDGE_CURVE('',#2084,#7586,#7594,.T.);
#7594 = LINE('',#7595,#7596);
#7595 = CARTESIAN_POINT('',(-6.20614444824,0.299742857143,
    22.379528571429));
#7596 = VECTOR('',#7597,1.);
#7597 = DIRECTION('',(1.,0.,0.));
#7598 = PLANE('',#7599);
#7599 = AXIS2_PLACEMENT_3D('',#7600,#7601,#7602);
#7600 = CARTESIAN_POINT('',(-6.20614444824,0.316828571429,
    22.368014285714));
#7601 = DIRECTION('',(0.,-0.558853462072,-0.829266427591));
#7602 = DIRECTION('',(0.,-0.829266427591,0.558853462072));
#7603 = ADVANCED_FACE('',(#7604),#7622,.T.);
#7604 = FACE_BOUND('',#7605,.T.);
#7605 = EDGE_LOOP('',(#7606,#7607,#7608,#7616));
#7606 = ORIENTED_EDGE('',*,*,#2083,.T.);
#7607 = ORIENTED_EDGE('',*,*,#7593,.T.);
#7608 = ORIENTED_EDGE('',*,*,#7609,.T.);
#7609 = EDGE_CURVE('',#7586,#7610,#7612,.T.);
#7610 = VERTEX_POINT('',#7611);
#7611 = CARTESIAN_POINT('',(-5.60614444824,0.282657142857,
    22.385285714286));
#7612 = LINE('',#7613,#7614);
#7613 = CARTESIAN_POINT('',(-5.60614444824,0.299742857143,
    22.379528571429));
#7614 = VECTOR('',#7615,1.);
#7615 = DIRECTION('',(0.,-0.947648212829,0.319316245627));
#7616 = ORIENTED_EDGE('',*,*,#7617,.F.);
#7617 = EDGE_CURVE('',#2076,#7610,#7618,.T.);
#7618 = LINE('',#7619,#7620);
#7619 = CARTESIAN_POINT('',(-6.20614444824,0.282657142857,
    22.385285714286));
#7620 = VECTOR('',#7621,1.);
#7621 = DIRECTION('',(1.,0.,0.));
#7622 = PLANE('',#7623);
#7623 = AXIS2_PLACEMENT_3D('',#7624,#7625,#7626);
#7624 = CARTESIAN_POINT('',(-6.20614444824,0.299742857143,
    22.379528571429));
#7625 = DIRECTION('',(0.,-0.319316245627,-0.947648212829));
#7626 = DIRECTION('',(0.,-0.947648212829,0.319316245627));
#7627 = ADVANCED_FACE('',(#7628),#7646,.T.);
#7628 = FACE_BOUND('',#7629,.T.);
#7629 = EDGE_LOOP('',(#7630,#7631,#7632,#7640));
#7630 = ORIENTED_EDGE('',*,*,#2075,.T.);
#7631 = ORIENTED_EDGE('',*,*,#7617,.T.);
#7632 = ORIENTED_EDGE('',*,*,#7633,.T.);
#7633 = EDGE_CURVE('',#7610,#7634,#7636,.T.);
#7634 = VERTEX_POINT('',#7635);
#7635 = CARTESIAN_POINT('',(-5.60614444824,0.265571428571,22.3968));
#7636 = LINE('',#7637,#7638);
#7637 = CARTESIAN_POINT('',(-5.60614444824,0.282657142857,
    22.385285714286));
#7638 = VECTOR('',#7639,1.);
#7639 = DIRECTION('',(0.,-0.829266427591,0.558853462072));
#7640 = ORIENTED_EDGE('',*,*,#7641,.F.);
#7641 = EDGE_CURVE('',#2068,#7634,#7642,.T.);
#7642 = LINE('',#7643,#7644);
#7643 = CARTESIAN_POINT('',(-6.20614444824,0.265571428571,22.3968));
#7644 = VECTOR('',#7645,1.);
#7645 = DIRECTION('',(1.,0.,0.));
#7646 = PLANE('',#7647);
#7647 = AXIS2_PLACEMENT_3D('',#7648,#7649,#7650);
#7648 = CARTESIAN_POINT('',(-6.20614444824,0.282657142857,
    22.385285714286));
#7649 = DIRECTION('',(0.,-0.558853462072,-0.829266427591));
#7650 = DIRECTION('',(0.,-0.829266427591,0.558853462072));
#7651 = ADVANCED_FACE('',(#7652),#7677,.T.);
#7652 = FACE_BOUND('',#7653,.T.);
#7653 = EDGE_LOOP('',(#7654,#7655,#7663,#7671));
#7654 = ORIENTED_EDGE('',*,*,#2059,.T.);
#7655 = ORIENTED_EDGE('',*,*,#7656,.T.);
#7656 = EDGE_CURVE('',#2060,#7657,#7659,.T.);
#7657 = VERTEX_POINT('',#7658);
#7658 = CARTESIAN_POINT('',(-5.60614444824,-1.349028571429,22.3968));
#7659 = LINE('',#7660,#7661);
#7660 = CARTESIAN_POINT('',(-6.20614444824,-1.349028571429,22.3968));
#7661 = VECTOR('',#7662,1.);
#7662 = DIRECTION('',(1.,0.,0.));
#7663 = ORIENTED_EDGE('',*,*,#7664,.T.);
#7664 = EDGE_CURVE('',#7657,#7665,#7667,.T.);
#7665 = VERTEX_POINT('',#7666);
#7666 = CARTESIAN_POINT('',(-5.60614444824,-1.377628571429,
    22.391228571429));
#7667 = LINE('',#7668,#7669);
#7668 = CARTESIAN_POINT('',(-5.60614444824,-1.349028571429,22.3968));
#7669 = VECTOR('',#7670,1.);
#7670 = DIRECTION('',(0.,-0.981548987081,-0.191210841639));
#7671 = ORIENTED_EDGE('',*,*,#7672,.F.);
#7672 = EDGE_CURVE('',#2052,#7665,#7673,.T.);
#7673 = LINE('',#7674,#7675);
#7674 = CARTESIAN_POINT('',(-6.20614444824,-1.377628571429,
    22.391228571429));
#7675 = VECTOR('',#7676,1.);
#7676 = DIRECTION('',(1.,0.,0.));
#7677 = PLANE('',#7678);
#7678 = AXIS2_PLACEMENT_3D('',#7679,#7680,#7681);
#7679 = CARTESIAN_POINT('',(-6.20614444824,-1.349028571429,22.3968));
#7680 = DIRECTION('',(0.,0.191210841639,-0.981548987081));
#7681 = DIRECTION('',(0.,-0.981548987081,-0.191210841639));
#7682 = ADVANCED_FACE('',(#7683),#7701,.T.);
#7683 = FACE_BOUND('',#7684,.T.);
#7684 = EDGE_LOOP('',(#7685,#7686,#7687,#7695));
#7685 = ORIENTED_EDGE('',*,*,#2051,.T.);
#7686 = ORIENTED_EDGE('',*,*,#7672,.T.);
#7687 = ORIENTED_EDGE('',*,*,#7688,.T.);
#7688 = EDGE_CURVE('',#7665,#7689,#7691,.T.);
#7689 = VERTEX_POINT('',#7690);
#7690 = CARTESIAN_POINT('',(-5.60614444824,-1.4118,22.385842857143));
#7691 = LINE('',#7692,#7693);
#7692 = CARTESIAN_POINT('',(-5.60614444824,-1.377628571429,
    22.391228571429));
#7693 = VECTOR('',#7694,1.);
#7694 = DIRECTION('',(0.,-0.987806455345,-0.155686886984));
#7695 = ORIENTED_EDGE('',*,*,#7696,.F.);
#7696 = EDGE_CURVE('',#2044,#7689,#7697,.T.);
#7697 = LINE('',#7698,#7699);
#7698 = CARTESIAN_POINT('',(-6.20614444824,-1.4118,22.385842857143));
#7699 = VECTOR('',#7700,1.);
#7700 = DIRECTION('',(1.,0.,0.));
#7701 = PLANE('',#7702);
#7702 = AXIS2_PLACEMENT_3D('',#7703,#7704,#7705);
#7703 = CARTESIAN_POINT('',(-6.20614444824,-1.377628571429,
    22.391228571429));
#7704 = DIRECTION('',(0.,0.155686886984,-0.987806455345));
#7705 = DIRECTION('',(0.,-0.987806455345,-0.155686886984));
#7706 = ADVANCED_FACE('',(#7707),#7725,.T.);
#7707 = FACE_BOUND('',#7708,.T.);
#7708 = EDGE_LOOP('',(#7709,#7710,#7711,#7719));
#7709 = ORIENTED_EDGE('',*,*,#2043,.T.);
#7710 = ORIENTED_EDGE('',*,*,#7696,.T.);
#7711 = ORIENTED_EDGE('',*,*,#7712,.T.);
#7712 = EDGE_CURVE('',#7689,#7713,#7715,.T.);
#7713 = VERTEX_POINT('',#7714);
#7714 = CARTESIAN_POINT('',(-5.60614444824,-1.434642857143,
    22.369314285714));
#7715 = LINE('',#7716,#7717);
#7716 = CARTESIAN_POINT('',(-5.60614444824,-1.4118,22.385842857143));
#7717 = VECTOR('',#7718,1.);
#7718 = DIRECTION('',(0.,-0.810157853985,-0.586211780526));
#7719 = ORIENTED_EDGE('',*,*,#7720,.F.);
#7720 = EDGE_CURVE('',#2036,#7713,#7721,.T.);
#7721 = LINE('',#7722,#7723);
#7722 = CARTESIAN_POINT('',(-6.20614444824,-1.434642857143,
    22.369314285714));
#7723 = VECTOR('',#7724,1.);
#7724 = DIRECTION('',(1.,0.,0.));
#7725 = PLANE('',#7726);
#7726 = AXIS2_PLACEMENT_3D('',#7727,#7728,#7729);
#7727 = CARTESIAN_POINT('',(-6.20614444824,-1.4118,22.385842857143));
#7728 = DIRECTION('',(0.,0.586211780526,-0.810157853985));
#7729 = DIRECTION('',(0.,-0.810157853985,-0.586211780526));
#7730 = ADVANCED_FACE('',(#7731),#7749,.T.);
#7731 = FACE_BOUND('',#7732,.T.);
#7732 = EDGE_LOOP('',(#7733,#7734,#7735,#7743));
#7733 = ORIENTED_EDGE('',*,*,#2035,.T.);
#7734 = ORIENTED_EDGE('',*,*,#7720,.T.);
#7735 = ORIENTED_EDGE('',*,*,#7736,.T.);
#7736 = EDGE_CURVE('',#7713,#7737,#7739,.T.);
#7737 = VERTEX_POINT('',#7738);
#7738 = CARTESIAN_POINT('',(-5.60614444824,-1.463057142857,
    22.342014285714));
#7739 = LINE('',#7740,#7741);
#7740 = CARTESIAN_POINT('',(-5.60614444824,-1.434642857143,
    22.369314285714));
#7741 = VECTOR('',#7742,1.);
#7742 = DIRECTION('',(0.,-0.721104710287,-0.692826094198));
#7743 = ORIENTED_EDGE('',*,*,#7744,.F.);
#7744 = EDGE_CURVE('',#2028,#7737,#7745,.T.);
#7745 = LINE('',#7746,#7747);
#7746 = CARTESIAN_POINT('',(-6.20614444824,-1.463057142857,
    22.342014285714));
#7747 = VECTOR('',#7748,1.);
#7748 = DIRECTION('',(1.,0.,0.));
#7749 = PLANE('',#7750);
#7750 = AXIS2_PLACEMENT_3D('',#7751,#7752,#7753);
#7751 = CARTESIAN_POINT('',(-6.20614444824,-1.434642857143,
    22.369314285714));
#7752 = DIRECTION('',(0.,0.692826094198,-0.721104710287));
#7753 = DIRECTION('',(0.,-0.721104710287,-0.692826094198));
#7754 = ADVANCED_FACE('',(#7755),#7773,.T.);
#7755 = FACE_BOUND('',#7756,.T.);
#7756 = EDGE_LOOP('',(#7757,#7758,#7759,#7767));
#7757 = ORIENTED_EDGE('',*,*,#2027,.T.);
#7758 = ORIENTED_EDGE('',*,*,#7744,.T.);
#7759 = ORIENTED_EDGE('',*,*,#7760,.T.);
#7760 = EDGE_CURVE('',#7737,#7761,#7763,.T.);
#7761 = VERTEX_POINT('',#7762);
#7762 = CARTESIAN_POINT('',(-5.60614444824,-1.480328571429,
    22.314528571429));
#7763 = LINE('',#7764,#7765);
#7764 = CARTESIAN_POINT('',(-5.60614444824,-1.463057142857,
    22.342014285714));
#7765 = VECTOR('',#7766,1.);
#7766 = DIRECTION('',(0.,-0.532054374811,-0.846710187871));
#7767 = ORIENTED_EDGE('',*,*,#7768,.F.);
#7768 = EDGE_CURVE('',#2020,#7761,#7769,.T.);
#7769 = LINE('',#7770,#7771);
#7770 = CARTESIAN_POINT('',(-6.20614444824,-1.480328571429,
    22.314528571429));
#7771 = VECTOR('',#7772,1.);
#7772 = DIRECTION('',(1.,0.,0.));
#7773 = PLANE('',#7774);
#7774 = AXIS2_PLACEMENT_3D('',#7775,#7776,#7777);
#7775 = CARTESIAN_POINT('',(-6.20614444824,-1.463057142857,
    22.342014285714));
#7776 = DIRECTION('',(0.,0.846710187871,-0.532054374811));
#7777 = DIRECTION('',(0.,-0.532054374811,-0.846710187871));
#7778 = ADVANCED_FACE('',(#7779),#7797,.T.);
#7779 = FACE_BOUND('',#7780,.T.);
#7780 = EDGE_LOOP('',(#7781,#7782,#7783,#7791));
#7781 = ORIENTED_EDGE('',*,*,#2019,.T.);
#7782 = ORIENTED_EDGE('',*,*,#7768,.T.);
#7783 = ORIENTED_EDGE('',*,*,#7784,.T.);
#7784 = EDGE_CURVE('',#7761,#7785,#7787,.T.);
#7785 = VERTEX_POINT('',#7786);
#7786 = CARTESIAN_POINT('',(-5.60614444824,-1.491657142857,
    22.287228571429));
#7787 = LINE('',#7788,#7789);
#7788 = CARTESIAN_POINT('',(-5.60614444824,-1.480328571429,
    22.314528571429));
#7789 = VECTOR('',#7790,1.);
#7790 = DIRECTION('',(0.,-0.383276542478,-0.923633635153));
#7791 = ORIENTED_EDGE('',*,*,#7792,.F.);
#7792 = EDGE_CURVE('',#2012,#7785,#7793,.T.);
#7793 = LINE('',#7794,#7795);
#7794 = CARTESIAN_POINT('',(-6.20614444824,-1.491657142857,
    22.287228571429));
#7795 = VECTOR('',#7796,1.);
#7796 = DIRECTION('',(1.,0.,0.));
#7797 = PLANE('',#7798);
#7798 = AXIS2_PLACEMENT_3D('',#7799,#7800,#7801);
#7799 = CARTESIAN_POINT('',(-6.20614444824,-1.480328571429,
    22.314528571429));
#7800 = DIRECTION('',(0.,0.923633635153,-0.383276542478));
#7801 = DIRECTION('',(0.,-0.383276542478,-0.923633635153));
#7802 = ADVANCED_FACE('',(#7803),#7828,.T.);
#7803 = FACE_BOUND('',#7804,.T.);
#7804 = EDGE_LOOP('',(#7805,#7806,#7814,#7822));
#7805 = ORIENTED_EDGE('',*,*,#2003,.T.);
#7806 = ORIENTED_EDGE('',*,*,#7807,.T.);
#7807 = EDGE_CURVE('',#2004,#7808,#7810,.T.);
#7808 = VERTEX_POINT('',#7809);
#7809 = CARTESIAN_POINT('',(-5.60614444824,-1.491657142857,
    21.946257142857));
#7810 = LINE('',#7811,#7812);
#7811 = CARTESIAN_POINT('',(-6.20614444824,-1.491657142857,
    21.946257142857));
#7812 = VECTOR('',#7813,1.);
#7813 = DIRECTION('',(1.,0.,0.));
#7814 = ORIENTED_EDGE('',*,*,#7815,.T.);
#7815 = EDGE_CURVE('',#7808,#7816,#7818,.T.);
#7816 = VERTEX_POINT('',#7817);
#7817 = CARTESIAN_POINT('',(-5.60614444824,-1.4859,21.928428571429));
#7818 = LINE('',#7819,#7820);
#7819 = CARTESIAN_POINT('',(-5.60614444824,-1.491657142857,
    21.946257142857));
#7820 = VECTOR('',#7821,1.);
#7821 = DIRECTION('',(-0.,0.307292390957,-0.951615146191));
#7822 = ORIENTED_EDGE('',*,*,#7823,.F.);
#7823 = EDGE_CURVE('',#1996,#7816,#7824,.T.);
#7824 = LINE('',#7825,#7826);
#7825 = CARTESIAN_POINT('',(-6.20614444824,-1.4859,21.928428571429));
#7826 = VECTOR('',#7827,1.);
#7827 = DIRECTION('',(1.,0.,0.));
#7828 = PLANE('',#7829);
#7829 = AXIS2_PLACEMENT_3D('',#7830,#7831,#7832);
#7830 = CARTESIAN_POINT('',(-6.20614444824,-1.491657142857,
    21.946257142857));
#7831 = DIRECTION('',(-0.,0.951615146191,0.307292390957));
#7832 = DIRECTION('',(0.,0.307292390957,-0.951615146191));
#7833 = ADVANCED_FACE('',(#7834),#7852,.T.);
#7834 = FACE_BOUND('',#7835,.T.);
#7835 = EDGE_LOOP('',(#7836,#7837,#7838,#7846));
#7836 = ORIENTED_EDGE('',*,*,#1995,.T.);
#7837 = ORIENTED_EDGE('',*,*,#7823,.T.);
#7838 = ORIENTED_EDGE('',*,*,#7839,.T.);
#7839 = EDGE_CURVE('',#7816,#7840,#7842,.T.);
#7840 = VERTEX_POINT('',#7841);
#7841 = CARTESIAN_POINT('',(-5.60614444824,-1.480328571429,
    21.910414285714));
#7842 = LINE('',#7843,#7844);
#7843 = CARTESIAN_POINT('',(-5.60614444824,-1.4859,21.928428571429));
#7844 = VECTOR('',#7845,1.);
#7845 = DIRECTION('',(-0.,0.295469722922,-0.955352104115));
#7846 = ORIENTED_EDGE('',*,*,#7847,.F.);
#7847 = EDGE_CURVE('',#1988,#7840,#7848,.T.);
#7848 = LINE('',#7849,#7850);
#7849 = CARTESIAN_POINT('',(-6.20614444824,-1.480328571429,
    21.910414285714));
#7850 = VECTOR('',#7851,1.);
#7851 = DIRECTION('',(1.,0.,0.));
#7852 = PLANE('',#7853);
#7853 = AXIS2_PLACEMENT_3D('',#7854,#7855,#7856);
#7854 = CARTESIAN_POINT('',(-6.20614444824,-1.4859,21.928428571429));
#7855 = DIRECTION('',(-0.,0.955352104115,0.295469722922));
#7856 = DIRECTION('',(0.,0.295469722922,-0.955352104115));
#7857 = ADVANCED_FACE('',(#7858),#7876,.T.);
#7858 = FACE_BOUND('',#7859,.T.);
#7859 = EDGE_LOOP('',(#7860,#7861,#7862,#7870));
#7860 = ORIENTED_EDGE('',*,*,#1987,.T.);
#7861 = ORIENTED_EDGE('',*,*,#7847,.T.);
#7862 = ORIENTED_EDGE('',*,*,#7863,.T.);
#7863 = EDGE_CURVE('',#7840,#7864,#7866,.T.);
#7864 = VERTEX_POINT('',#7865);
#7865 = CARTESIAN_POINT('',(-5.60614444824,-1.468814285714,21.8924));
#7866 = LINE('',#7867,#7868);
#7867 = CARTESIAN_POINT('',(-5.60614444824,-1.480328571429,
    21.910414285714));
#7868 = VECTOR('',#7869,1.);
#7869 = DIRECTION('',(-0.,0.538560615351,-0.842586769178));
#7870 = ORIENTED_EDGE('',*,*,#7871,.F.);
#7871 = EDGE_CURVE('',#1980,#7864,#7872,.T.);
#7872 = LINE('',#7873,#7874);
#7873 = CARTESIAN_POINT('',(-6.20614444824,-1.468814285714,21.8924));
#7874 = VECTOR('',#7875,1.);
#7875 = DIRECTION('',(1.,0.,0.));
#7876 = PLANE('',#7877);
#7877 = AXIS2_PLACEMENT_3D('',#7878,#7879,#7880);
#7878 = CARTESIAN_POINT('',(-6.20614444824,-1.480328571429,
    21.910414285714));
#7879 = DIRECTION('',(-0.,0.842586769178,0.538560615351));
#7880 = DIRECTION('',(0.,0.538560615351,-0.842586769178));
#7881 = ADVANCED_FACE('',(#7882),#7900,.T.);
#7882 = FACE_BOUND('',#7883,.T.);
#7883 = EDGE_LOOP('',(#7884,#7885,#7886,#7894));
#7884 = ORIENTED_EDGE('',*,*,#1979,.T.);
#7885 = ORIENTED_EDGE('',*,*,#7871,.T.);
#7886 = ORIENTED_EDGE('',*,*,#7887,.T.);
#7887 = EDGE_CURVE('',#7864,#7888,#7890,.T.);
#7888 = VERTEX_POINT('',#7889);
#7889 = CARTESIAN_POINT('',(-5.60614444824,-1.457485714286,21.8742));
#7890 = LINE('',#7891,#7892);
#7891 = CARTESIAN_POINT('',(-5.60614444824,-1.468814285714,21.8924));
#7892 = VECTOR('',#7893,1.);
#7893 = DIRECTION('',(-0.,0.528440659826,-0.848970240375));
#7894 = ORIENTED_EDGE('',*,*,#7895,.F.);
#7895 = EDGE_CURVE('',#1972,#7888,#7896,.T.);
#7896 = LINE('',#7897,#7898);
#7897 = CARTESIAN_POINT('',(-6.20614444824,-1.457485714286,21.8742));
#7898 = VECTOR('',#7899,1.);
#7899 = DIRECTION('',(1.,0.,0.));
#7900 = PLANE('',#7901);
#7901 = AXIS2_PLACEMENT_3D('',#7902,#7903,#7904);
#7902 = CARTESIAN_POINT('',(-6.20614444824,-1.468814285714,21.8924));
#7903 = DIRECTION('',(-0.,0.848970240375,0.528440659826));
#7904 = DIRECTION('',(0.,0.528440659826,-0.848970240375));
#7905 = ADVANCED_FACE('',(#7906),#7924,.T.);
#7906 = FACE_BOUND('',#7907,.T.);
#7907 = EDGE_LOOP('',(#7908,#7909,#7910,#7918));
#7908 = ORIENTED_EDGE('',*,*,#1971,.T.);
#7909 = ORIENTED_EDGE('',*,*,#7895,.T.);
#7910 = ORIENTED_EDGE('',*,*,#7911,.T.);
#7911 = EDGE_CURVE('',#7888,#7912,#7914,.T.);
#7912 = VERTEX_POINT('',#7913);
#7913 = CARTESIAN_POINT('',(-5.60614444824,-1.445971428571,
    21.856185714286));
#7914 = LINE('',#7915,#7916);
#7915 = CARTESIAN_POINT('',(-5.60614444824,-1.457485714286,21.8742));
#7916 = VECTOR('',#7917,1.);
#7917 = DIRECTION('',(-0.,0.538560615351,-0.842586769178));
#7918 = ORIENTED_EDGE('',*,*,#7919,.F.);
#7919 = EDGE_CURVE('',#1964,#7912,#7920,.T.);
#7920 = LINE('',#7921,#7922);
#7921 = CARTESIAN_POINT('',(-6.20614444824,-1.445971428571,
    21.856185714286));
#7922 = VECTOR('',#7923,1.);
#7923 = DIRECTION('',(1.,0.,0.));
#7924 = PLANE('',#7925);
#7925 = AXIS2_PLACEMENT_3D('',#7926,#7927,#7928);
#7926 = CARTESIAN_POINT('',(-6.20614444824,-1.457485714286,21.8742));
#7927 = DIRECTION('',(-0.,0.842586769178,0.538560615351));
#7928 = DIRECTION('',(0.,0.538560615351,-0.842586769178));
#7929 = ADVANCED_FACE('',(#7930),#7948,.T.);
#7930 = FACE_BOUND('',#7931,.T.);
#7931 = EDGE_LOOP('',(#7932,#7933,#7934,#7942));
#7932 = ORIENTED_EDGE('',*,*,#1963,.T.);
#7933 = ORIENTED_EDGE('',*,*,#7919,.T.);
#7934 = ORIENTED_EDGE('',*,*,#7935,.T.);
#7935 = EDGE_CURVE('',#7912,#7936,#7938,.T.);
#7936 = VERTEX_POINT('',#7937);
#7937 = CARTESIAN_POINT('',(-5.60614444824,-1.428885714286,21.8443));
#7938 = LINE('',#7939,#7940);
#7939 = CARTESIAN_POINT('',(-5.60614444824,-1.445971428571,
    21.856185714286));
#7940 = VECTOR('',#7941,1.);
#7941 = DIRECTION('',(-0.,0.820905201785,-0.571064488199));
#7942 = ORIENTED_EDGE('',*,*,#7943,.F.);
#7943 = EDGE_CURVE('',#1956,#7936,#7944,.T.);
#7944 = LINE('',#7945,#7946);
#7945 = CARTESIAN_POINT('',(-6.20614444824,-1.428885714286,21.8443));
#7946 = VECTOR('',#7947,1.);
#7947 = DIRECTION('',(1.,0.,0.));
#7948 = PLANE('',#7949);
#7949 = AXIS2_PLACEMENT_3D('',#7950,#7951,#7952);
#7950 = CARTESIAN_POINT('',(-6.20614444824,-1.445971428571,
    21.856185714286));
#7951 = DIRECTION('',(-0.,0.571064488199,0.820905201785));
#7952 = DIRECTION('',(0.,0.820905201785,-0.571064488199));
#7953 = ADVANCED_FACE('',(#7954),#7972,.T.);
#7954 = FACE_BOUND('',#7955,.T.);
#7955 = EDGE_LOOP('',(#7956,#7957,#7958,#7966));
#7956 = ORIENTED_EDGE('',*,*,#1955,.T.);
#7957 = ORIENTED_EDGE('',*,*,#7943,.T.);
#7958 = ORIENTED_EDGE('',*,*,#7959,.T.);
#7959 = EDGE_CURVE('',#7936,#7960,#7962,.T.);
#7960 = VERTEX_POINT('',#7961);
#7961 = CARTESIAN_POINT('',(-5.60614444824,-1.4118,21.832228571429));
#7962 = LINE('',#7963,#7964);
#7963 = CARTESIAN_POINT('',(-5.60614444824,-1.428885714286,21.8443));
#7964 = VECTOR('',#7965,1.);
#7965 = DIRECTION('',(-0.,0.816721763686,-0.577031680865));
#7966 = ORIENTED_EDGE('',*,*,#7967,.F.);
#7967 = EDGE_CURVE('',#1948,#7960,#7968,.T.);
#7968 = LINE('',#7969,#7970);
#7969 = CARTESIAN_POINT('',(-6.20614444824,-1.4118,21.832228571429));
#7970 = VECTOR('',#7971,1.);
#7971 = DIRECTION('',(1.,0.,0.));
#7972 = PLANE('',#7973);
#7973 = AXIS2_PLACEMENT_3D('',#7974,#7975,#7976);
#7974 = CARTESIAN_POINT('',(-6.20614444824,-1.428885714286,21.8443));
#7975 = DIRECTION('',(-0.,0.577031680865,0.816721763686));
#7976 = DIRECTION('',(0.,0.816721763686,-0.577031680865));
#7977 = ADVANCED_FACE('',(#7978),#7996,.T.);
#7978 = FACE_BOUND('',#7979,.T.);
#7979 = EDGE_LOOP('',(#7980,#7981,#7982,#7990));
#7980 = ORIENTED_EDGE('',*,*,#1947,.T.);
#7981 = ORIENTED_EDGE('',*,*,#7967,.T.);
#7982 = ORIENTED_EDGE('',*,*,#7983,.T.);
#7983 = EDGE_CURVE('',#7960,#7984,#7986,.T.);
#7984 = VERTEX_POINT('',#7985);
#7985 = CARTESIAN_POINT('',(-5.60614444824,-1.377628571429,
    21.826285714286));
#7986 = LINE('',#7987,#7988);
#7987 = CARTESIAN_POINT('',(-5.60614444824,-1.4118,21.832228571429));
#7988 = VECTOR('',#7989,1.);
#7989 = DIRECTION('',(-0.,0.98521175482,-0.171341174751));
#7990 = ORIENTED_EDGE('',*,*,#7991,.F.);
#7991 = EDGE_CURVE('',#1940,#7984,#7992,.T.);
#7992 = LINE('',#7993,#7994);
#7993 = CARTESIAN_POINT('',(-6.20614444824,-1.377628571429,
    21.826285714286));
#7994 = VECTOR('',#7995,1.);
#7995 = DIRECTION('',(1.,0.,0.));
#7996 = PLANE('',#7997);
#7997 = AXIS2_PLACEMENT_3D('',#7998,#7999,#8000);
#7998 = CARTESIAN_POINT('',(-6.20614444824,-1.4118,21.832228571429));
#7999 = DIRECTION('',(-0.,0.171341174751,0.98521175482));
#8000 = DIRECTION('',(0.,0.98521175482,-0.171341174751));
#8001 = ADVANCED_FACE('',(#8002),#8027,.T.);
#8002 = FACE_BOUND('',#8003,.T.);
#8003 = EDGE_LOOP('',(#8004,#8005,#8013,#8021));
#8004 = ORIENTED_EDGE('',*,*,#1931,.T.);
#8005 = ORIENTED_EDGE('',*,*,#8006,.T.);
#8006 = EDGE_CURVE('',#1932,#8007,#8009,.T.);
#8007 = VERTEX_POINT('',#8008);
#8008 = CARTESIAN_POINT('',(-5.60614444824,-0.208,21.826285714286));
#8009 = LINE('',#8010,#8011);
#8010 = CARTESIAN_POINT('',(-6.20614444824,-0.208,21.826285714286));
#8011 = VECTOR('',#8012,1.);
#8012 = DIRECTION('',(1.,0.,0.));
#8013 = ORIENTED_EDGE('',*,*,#8014,.T.);
#8014 = EDGE_CURVE('',#8007,#8015,#8017,.T.);
#8015 = VERTEX_POINT('',#8016);
#8016 = CARTESIAN_POINT('',(-5.60614444824,-0.208,20.685257142857));
#8017 = LINE('',#8018,#8019);
#8018 = CARTESIAN_POINT('',(-5.60614444824,-0.208,21.826285714286));
#8019 = VECTOR('',#8020,1.);
#8020 = DIRECTION('',(0.,0.,-1.));
#8021 = ORIENTED_EDGE('',*,*,#8022,.F.);
#8022 = EDGE_CURVE('',#1924,#8015,#8023,.T.);
#8023 = LINE('',#8024,#8025);
#8024 = CARTESIAN_POINT('',(-6.20614444824,-0.208,20.685257142857));
#8025 = VECTOR('',#8026,1.);
#8026 = DIRECTION('',(1.,0.,0.));
#8027 = PLANE('',#8028);
#8028 = AXIS2_PLACEMENT_3D('',#8029,#8030,#8031);
#8029 = CARTESIAN_POINT('',(-6.20614444824,-0.208,21.826285714286));
#8030 = DIRECTION('',(-0.,1.,0.));
#8031 = DIRECTION('',(0.,0.,-1.));
#8032 = ADVANCED_FACE('',(#8033),#8051,.T.);
#8033 = FACE_BOUND('',#8034,.T.);
#8034 = EDGE_LOOP('',(#8035,#8036,#8037,#8045));
#8035 = ORIENTED_EDGE('',*,*,#1923,.T.);
#8036 = ORIENTED_EDGE('',*,*,#8022,.T.);
#8037 = ORIENTED_EDGE('',*,*,#8038,.T.);
#8038 = EDGE_CURVE('',#8015,#8039,#8041,.T.);
#8039 = VERTEX_POINT('',#8040);
#8040 = CARTESIAN_POINT('',(-5.60614444824,-1.069528571429,
    20.685257142857));
#8041 = LINE('',#8042,#8043);
#8042 = CARTESIAN_POINT('',(-5.60614444824,-0.208,20.685257142857));
#8043 = VECTOR('',#8044,1.);
#8044 = DIRECTION('',(0.,-1.,0.));
#8045 = ORIENTED_EDGE('',*,*,#8046,.F.);
#8046 = EDGE_CURVE('',#1916,#8039,#8047,.T.);
#8047 = LINE('',#8048,#8049);
#8048 = CARTESIAN_POINT('',(-6.20614444824,-1.069528571429,
    20.685257142857));
#8049 = VECTOR('',#8050,1.);
#8050 = DIRECTION('',(1.,0.,0.));
#8051 = PLANE('',#8052);
#8052 = AXIS2_PLACEMENT_3D('',#8053,#8054,#8055);
#8053 = CARTESIAN_POINT('',(-6.20614444824,-0.208,20.685257142857));
#8054 = DIRECTION('',(0.,0.,-1.));
#8055 = DIRECTION('',(0.,-1.,0.));
#8056 = ADVANCED_FACE('',(#8057),#8075,.T.);
#8057 = FACE_BOUND('',#8058,.T.);
#8058 = EDGE_LOOP('',(#8059,#8060,#8061,#8069));
#8059 = ORIENTED_EDGE('',*,*,#1915,.T.);
#8060 = ORIENTED_EDGE('',*,*,#8046,.T.);
#8061 = ORIENTED_EDGE('',*,*,#8062,.T.);
#8062 = EDGE_CURVE('',#8039,#8063,#8065,.T.);
#8063 = VERTEX_POINT('',#8064);
#8064 = CARTESIAN_POINT('',(-5.60614444824,-1.092371428571,20.6795));
#8065 = LINE('',#8066,#8067);
#8066 = CARTESIAN_POINT('',(-5.60614444824,-1.069528571429,
    20.685257142857));
#8067 = VECTOR('',#8068,1.);
#8068 = DIRECTION('',(0.,-0.969676988372,-0.244390135281));
#8069 = ORIENTED_EDGE('',*,*,#8070,.F.);
#8070 = EDGE_CURVE('',#1908,#8063,#8071,.T.);
#8071 = LINE('',#8072,#8073);
#8072 = CARTESIAN_POINT('',(-6.20614444824,-1.092371428571,20.6795));
#8073 = VECTOR('',#8074,1.);
#8074 = DIRECTION('',(1.,0.,0.));
#8075 = PLANE('',#8076);
#8076 = AXIS2_PLACEMENT_3D('',#8077,#8078,#8079);
#8077 = CARTESIAN_POINT('',(-6.20614444824,-1.069528571429,
    20.685257142857));
#8078 = DIRECTION('',(0.,0.244390135281,-0.969676988372));
#8079 = DIRECTION('',(0.,-0.969676988372,-0.244390135281));
#8080 = ADVANCED_FACE('',(#8081),#8099,.T.);
#8081 = FACE_BOUND('',#8082,.T.);
#8082 = EDGE_LOOP('',(#8083,#8084,#8085,#8093));
#8083 = ORIENTED_EDGE('',*,*,#1907,.T.);
#8084 = ORIENTED_EDGE('',*,*,#8070,.T.);
#8085 = ORIENTED_EDGE('',*,*,#8086,.T.);
#8086 = EDGE_CURVE('',#8063,#8087,#8089,.T.);
#8087 = VERTEX_POINT('',#8088);
#8088 = CARTESIAN_POINT('',(-5.60614444824,-1.120785714286,
    20.673928571429));
#8089 = LINE('',#8090,#8091);
#8090 = CARTESIAN_POINT('',(-5.60614444824,-1.092371428571,20.6795));
#8091 = VECTOR('',#8092,1.);
#8092 = DIRECTION('',(0.,-0.981313749677,-0.192414460721));
#8093 = ORIENTED_EDGE('',*,*,#8094,.F.);
#8094 = EDGE_CURVE('',#1900,#8087,#8095,.T.);
#8095 = LINE('',#8096,#8097);
#8096 = CARTESIAN_POINT('',(-6.20614444824,-1.120785714286,
    20.673928571429));
#8097 = VECTOR('',#8098,1.);
#8098 = DIRECTION('',(1.,0.,0.));
#8099 = PLANE('',#8100);
#8100 = AXIS2_PLACEMENT_3D('',#8101,#8102,#8103);
#8101 = CARTESIAN_POINT('',(-6.20614444824,-1.092371428571,20.6795));
#8102 = DIRECTION('',(0.,0.192414460721,-0.981313749677));
#8103 = DIRECTION('',(0.,-0.981313749677,-0.192414460721));
#8104 = ADVANCED_FACE('',(#8105),#8123,.T.);
#8105 = FACE_BOUND('',#8106,.T.);
#8106 = EDGE_LOOP('',(#8107,#8108,#8109,#8117));
#8107 = ORIENTED_EDGE('',*,*,#1899,.T.);
#8108 = ORIENTED_EDGE('',*,*,#8094,.T.);
#8109 = ORIENTED_EDGE('',*,*,#8110,.T.);
#8110 = EDGE_CURVE('',#8087,#8111,#8113,.T.);
#8111 = VERTEX_POINT('',#8112);
#8112 = CARTESIAN_POINT('',(-5.60614444824,-1.149385714286,
    20.656657142857));
#8113 = LINE('',#8114,#8115);
#8114 = CARTESIAN_POINT('',(-5.60614444824,-1.120785714286,
    20.673928571429));
#8115 = VECTOR('',#8116,1.);
#8116 = DIRECTION('',(0.,-0.856018035908,-0.51694595675));
#8117 = ORIENTED_EDGE('',*,*,#8118,.F.);
#8118 = EDGE_CURVE('',#1892,#8111,#8119,.T.);
#8119 = LINE('',#8120,#8121);
#8120 = CARTESIAN_POINT('',(-6.20614444824,-1.149385714286,
    20.656657142857));
#8121 = VECTOR('',#8122,1.);
#8122 = DIRECTION('',(1.,0.,0.));
#8123 = PLANE('',#8124);
#8124 = AXIS2_PLACEMENT_3D('',#8125,#8126,#8127);
#8125 = CARTESIAN_POINT('',(-6.20614444824,-1.120785714286,
    20.673928571429));
#8126 = DIRECTION('',(0.,0.51694595675,-0.856018035908));
#8127 = DIRECTION('',(0.,-0.856018035908,-0.51694595675));
#8128 = ADVANCED_FACE('',(#8129),#8147,.T.);
#8129 = FACE_BOUND('',#8130,.T.);
#8130 = EDGE_LOOP('',(#8131,#8132,#8133,#8141));
#8131 = ORIENTED_EDGE('',*,*,#1891,.T.);
#8132 = ORIENTED_EDGE('',*,*,#8118,.T.);
#8133 = ORIENTED_EDGE('',*,*,#8134,.T.);
#8134 = EDGE_CURVE('',#8111,#8135,#8137,.T.);
#8135 = VERTEX_POINT('',#8136);
#8136 = CARTESIAN_POINT('',(-5.60614444824,-1.172228571429,20.634));
#8137 = LINE('',#8138,#8139);
#8138 = CARTESIAN_POINT('',(-5.60614444824,-1.149385714286,
    20.656657142857));
#8139 = VECTOR('',#8140,1.);
#8140 = DIRECTION('',(0.,-0.709987017244,-0.704214765071));
#8141 = ORIENTED_EDGE('',*,*,#8142,.F.);
#8142 = EDGE_CURVE('',#1884,#8135,#8143,.T.);
#8143 = LINE('',#8144,#8145);
#8144 = CARTESIAN_POINT('',(-6.20614444824,-1.172228571429,20.634));
#8145 = VECTOR('',#8146,1.);
#8146 = DIRECTION('',(1.,0.,0.));
#8147 = PLANE('',#8148);
#8148 = AXIS2_PLACEMENT_3D('',#8149,#8150,#8151);
#8149 = CARTESIAN_POINT('',(-6.20614444824,-1.149385714286,
    20.656657142857));
#8150 = DIRECTION('',(0.,0.704214765071,-0.709987017244));
#8151 = DIRECTION('',(0.,-0.709987017244,-0.704214765071));
#8152 = ADVANCED_FACE('',(#8153),#8171,.T.);
#8153 = FACE_BOUND('',#8154,.T.);
#8154 = EDGE_LOOP('',(#8155,#8156,#8157,#8165));
#8155 = ORIENTED_EDGE('',*,*,#1883,.T.);
#8156 = ORIENTED_EDGE('',*,*,#8142,.T.);
#8157 = ORIENTED_EDGE('',*,*,#8158,.T.);
#8158 = EDGE_CURVE('',#8135,#8159,#8161,.T.);
#8159 = VERTEX_POINT('',#8160);
#8160 = CARTESIAN_POINT('',(-5.60614444824,-1.195071428571,20.6054));
#8161 = LINE('',#8162,#8163);
#8162 = CARTESIAN_POINT('',(-5.60614444824,-1.172228571429,20.634));
#8163 = VECTOR('',#8164,1.);
#8164 = DIRECTION('',(0.,-0.62407609663,-0.781363568139));
#8165 = ORIENTED_EDGE('',*,*,#8166,.F.);
#8166 = EDGE_CURVE('',#1876,#8159,#8167,.T.);
#8167 = LINE('',#8168,#8169);
#8168 = CARTESIAN_POINT('',(-6.20614444824,-1.195071428571,20.6054));
#8169 = VECTOR('',#8170,1.);
#8170 = DIRECTION('',(1.,0.,0.));
#8171 = PLANE('',#8172);
#8172 = AXIS2_PLACEMENT_3D('',#8173,#8174,#8175);
#8173 = CARTESIAN_POINT('',(-6.20614444824,-1.172228571429,20.634));
#8174 = DIRECTION('',(0.,0.781363568139,-0.62407609663));
#8175 = DIRECTION('',(0.,-0.62407609663,-0.781363568139));
#8176 = ADVANCED_FACE('',(#8177),#8195,.T.);
#8177 = FACE_BOUND('',#8178,.T.);
#8178 = EDGE_LOOP('',(#8179,#8180,#8181,#8189));
#8179 = ORIENTED_EDGE('',*,*,#1875,.T.);
#8180 = ORIENTED_EDGE('',*,*,#8166,.T.);
#8181 = ORIENTED_EDGE('',*,*,#8182,.T.);
#8182 = EDGE_CURVE('',#8159,#8183,#8185,.T.);
#8183 = VERTEX_POINT('',#8184);
#8184 = CARTESIAN_POINT('',(-5.60614444824,-1.2064,20.571228571429));
#8185 = LINE('',#8186,#8187);
#8186 = CARTESIAN_POINT('',(-5.60614444824,-1.195071428571,20.6054));
#8187 = VECTOR('',#8188,1.);
#8188 = DIRECTION('',(0.,-0.314679739965,-0.949197904157));
#8189 = ORIENTED_EDGE('',*,*,#8190,.F.);
#8190 = EDGE_CURVE('',#1868,#8183,#8191,.T.);
#8191 = LINE('',#8192,#8193);
#8192 = CARTESIAN_POINT('',(-6.20614444824,-1.2064,20.571228571429));
#8193 = VECTOR('',#8194,1.);
#8194 = DIRECTION('',(1.,0.,0.));
#8195 = PLANE('',#8196);
#8196 = AXIS2_PLACEMENT_3D('',#8197,#8198,#8199);
#8197 = CARTESIAN_POINT('',(-6.20614444824,-1.195071428571,20.6054));
#8198 = DIRECTION('',(0.,0.949197904157,-0.314679739965));
#8199 = DIRECTION('',(0.,-0.314679739965,-0.949197904157));
#8200 = ADVANCED_FACE('',(#8201),#8226,.T.);
#8201 = FACE_BOUND('',#8202,.T.);
#8202 = EDGE_LOOP('',(#8203,#8204,#8212,#8220));
#8203 = ORIENTED_EDGE('',*,*,#1859,.T.);
#8204 = ORIENTED_EDGE('',*,*,#8205,.T.);
#8205 = EDGE_CURVE('',#1860,#8206,#8208,.T.);
#8206 = VERTEX_POINT('',#8207);
#8207 = CARTESIAN_POINT('',(-5.60614444824,-1.2064,20.2336));
#8208 = LINE('',#8209,#8210);
#8209 = CARTESIAN_POINT('',(-6.20614444824,-1.2064,20.2336));
#8210 = VECTOR('',#8211,1.);
#8211 = DIRECTION('',(1.,0.,0.));
#8212 = ORIENTED_EDGE('',*,*,#8213,.T.);
#8213 = EDGE_CURVE('',#8206,#8214,#8216,.T.);
#8214 = VERTEX_POINT('',#8215);
#8215 = CARTESIAN_POINT('',(-5.60614444824,-1.200642857143,
    20.209828571429));
#8216 = LINE('',#8217,#8218);
#8217 = CARTESIAN_POINT('',(-5.60614444824,-1.2064,20.2336));
#8218 = VECTOR('',#8219,1.);
#8219 = DIRECTION('',(-0.,0.23538270084,-0.971902764759));
#8220 = ORIENTED_EDGE('',*,*,#8221,.F.);
#8221 = EDGE_CURVE('',#1852,#8214,#8222,.T.);
#8222 = LINE('',#8223,#8224);
#8223 = CARTESIAN_POINT('',(-6.20614444824,-1.200642857143,
    20.209828571429));
#8224 = VECTOR('',#8225,1.);
#8225 = DIRECTION('',(1.,0.,0.));
#8226 = PLANE('',#8227);
#8227 = AXIS2_PLACEMENT_3D('',#8228,#8229,#8230);
#8228 = CARTESIAN_POINT('',(-6.20614444824,-1.2064,20.2336));
#8229 = DIRECTION('',(-0.,0.971902764759,0.23538270084));
#8230 = DIRECTION('',(0.,0.23538270084,-0.971902764759));
#8231 = ADVANCED_FACE('',(#8232),#8250,.T.);
#8232 = FACE_BOUND('',#8233,.T.);
#8233 = EDGE_LOOP('',(#8234,#8235,#8236,#8244));
#8234 = ORIENTED_EDGE('',*,*,#1851,.T.);
#8235 = ORIENTED_EDGE('',*,*,#8221,.T.);
#8236 = ORIENTED_EDGE('',*,*,#8237,.T.);
#8237 = EDGE_CURVE('',#8214,#8238,#8240,.T.);
#8238 = VERTEX_POINT('',#8239);
#8239 = CARTESIAN_POINT('',(-5.60614444824,-1.189314285714,
    20.185871428571));
#8240 = LINE('',#8241,#8242);
#8241 = CARTESIAN_POINT('',(-5.60614444824,-1.200642857143,
    20.209828571429));
#8242 = VECTOR('',#8243,1.);
#8243 = DIRECTION('',(-0.,0.42748375785,-0.904023028896));
#8244 = ORIENTED_EDGE('',*,*,#8245,.F.);
#8245 = EDGE_CURVE('',#1844,#8238,#8246,.T.);
#8246 = LINE('',#8247,#8248);
#8247 = CARTESIAN_POINT('',(-6.20614444824,-1.189314285714,
    20.185871428571));
#8248 = VECTOR('',#8249,1.);
#8249 = DIRECTION('',(1.,0.,0.));
#8250 = PLANE('',#8251);
#8251 = AXIS2_PLACEMENT_3D('',#8252,#8253,#8254);
#8252 = CARTESIAN_POINT('',(-6.20614444824,-1.200642857143,
    20.209828571429));
#8253 = DIRECTION('',(-0.,0.904023028896,0.42748375785));
#8254 = DIRECTION('',(0.,0.42748375785,-0.904023028896));
#8255 = ADVANCED_FACE('',(#8256),#8274,.T.);
#8256 = FACE_BOUND('',#8257,.T.);
#8257 = EDGE_LOOP('',(#8258,#8259,#8260,#8268));
#8258 = ORIENTED_EDGE('',*,*,#1843,.T.);
#8259 = ORIENTED_EDGE('',*,*,#8245,.T.);
#8260 = ORIENTED_EDGE('',*,*,#8261,.T.);
#8261 = EDGE_CURVE('',#8238,#8262,#8264,.T.);
#8262 = VERTEX_POINT('',#8263);
#8263 = CARTESIAN_POINT('',(-5.60614444824,-1.1778,20.168228571429));
#8264 = LINE('',#8265,#8266);
#8265 = CARTESIAN_POINT('',(-5.60614444824,-1.189314285714,
    20.185871428571));
#8266 = VECTOR('',#8267,1.);
#8267 = DIRECTION('',(-0.,0.546536648242,-0.837435186822));
#8268 = ORIENTED_EDGE('',*,*,#8269,.F.);
#8269 = EDGE_CURVE('',#1836,#8262,#8270,.T.);
#8270 = LINE('',#8271,#8272);
#8271 = CARTESIAN_POINT('',(-6.20614444824,-1.1778,20.168228571429));
#8272 = VECTOR('',#8273,1.);
#8273 = DIRECTION('',(1.,0.,0.));
#8274 = PLANE('',#8275);
#8275 = AXIS2_PLACEMENT_3D('',#8276,#8277,#8278);
#8276 = CARTESIAN_POINT('',(-6.20614444824,-1.189314285714,
    20.185871428571));
#8277 = DIRECTION('',(-0.,0.837435186822,0.546536648242));
#8278 = DIRECTION('',(0.,0.546536648242,-0.837435186822));
#8279 = ADVANCED_FACE('',(#8280),#8298,.T.);
#8280 = FACE_BOUND('',#8281,.T.);
#8281 = EDGE_LOOP('',(#8282,#8283,#8284,#8292));
#8282 = ORIENTED_EDGE('',*,*,#1835,.T.);
#8283 = ORIENTED_EDGE('',*,*,#8269,.T.);
#8284 = ORIENTED_EDGE('',*,*,#8285,.T.);
#8285 = EDGE_CURVE('',#8262,#8286,#8288,.T.);
#8286 = VERTEX_POINT('',#8287);
#8287 = CARTESIAN_POINT('',(-5.60614444824,-1.160714285714,20.1504));
#8288 = LINE('',#8289,#8290);
#8289 = CARTESIAN_POINT('',(-5.60614444824,-1.1778,20.168228571429));
#8290 = VECTOR('',#8291,1.);
#8291 = DIRECTION('',(-0.,0.691905363236,-0.721988205115));
#8292 = ORIENTED_EDGE('',*,*,#8293,.F.);
#8293 = EDGE_CURVE('',#1828,#8286,#8294,.T.);
#8294 = LINE('',#8295,#8296);
#8295 = CARTESIAN_POINT('',(-6.20614444824,-1.160714285714,20.1504));
#8296 = VECTOR('',#8297,1.);
#8297 = DIRECTION('',(1.,0.,0.));
#8298 = PLANE('',#8299);
#8299 = AXIS2_PLACEMENT_3D('',#8300,#8301,#8302);
#8300 = CARTESIAN_POINT('',(-6.20614444824,-1.1778,20.168228571429));
#8301 = DIRECTION('',(-0.,0.721988205115,0.691905363236));
#8302 = DIRECTION('',(0.,0.691905363236,-0.721988205115));
#8303 = ADVANCED_FACE('',(#8304),#8322,.T.);
#8304 = FACE_BOUND('',#8305,.T.);
#8305 = EDGE_LOOP('',(#8306,#8307,#8308,#8316));
#8306 = ORIENTED_EDGE('',*,*,#1827,.T.);
#8307 = ORIENTED_EDGE('',*,*,#8293,.T.);
#8308 = ORIENTED_EDGE('',*,*,#8309,.T.);
#8309 = EDGE_CURVE('',#8286,#8310,#8312,.T.);
#8310 = VERTEX_POINT('',#8311);
#8311 = CARTESIAN_POINT('',(-5.60614444824,-1.143628571429,
    20.138514285714));
#8312 = LINE('',#8313,#8314);
#8313 = CARTESIAN_POINT('',(-5.60614444824,-1.160714285714,20.1504));
#8314 = VECTOR('',#8315,1.);
#8315 = DIRECTION('',(-0.,0.820905201785,-0.571064488199));
#8316 = ORIENTED_EDGE('',*,*,#8317,.F.);
#8317 = EDGE_CURVE('',#1820,#8310,#8318,.T.);
#8318 = LINE('',#8319,#8320);
#8319 = CARTESIAN_POINT('',(-6.20614444824,-1.143628571429,
    20.138514285714));
#8320 = VECTOR('',#8321,1.);
#8321 = DIRECTION('',(1.,0.,0.));
#8322 = PLANE('',#8323);
#8323 = AXIS2_PLACEMENT_3D('',#8324,#8325,#8326);
#8324 = CARTESIAN_POINT('',(-6.20614444824,-1.160714285714,20.1504));
#8325 = DIRECTION('',(-0.,0.571064488199,0.820905201785));
#8326 = DIRECTION('',(0.,0.820905201785,-0.571064488199));
#8327 = ADVANCED_FACE('',(#8328),#8346,.T.);
#8328 = FACE_BOUND('',#8329,.T.);
#8329 = EDGE_LOOP('',(#8330,#8331,#8332,#8340));
#8330 = ORIENTED_EDGE('',*,*,#1819,.T.);
#8331 = ORIENTED_EDGE('',*,*,#8317,.T.);
#8332 = ORIENTED_EDGE('',*,*,#8333,.T.);
#8333 = EDGE_CURVE('',#8310,#8334,#8336,.T.);
#8334 = VERTEX_POINT('',#8335);
#8335 = CARTESIAN_POINT('',(-5.60614444824,-1.126542857143,20.1205));
#8336 = LINE('',#8337,#8338);
#8337 = CARTESIAN_POINT('',(-5.60614444824,-1.143628571429,
    20.138514285714));
#8338 = VECTOR('',#8339,1.);
#8339 = DIRECTION('',(-0.,0.688159484156,-0.725559456121));
#8340 = ORIENTED_EDGE('',*,*,#8341,.F.);
#8341 = EDGE_CURVE('',#1812,#8334,#8342,.T.);
#8342 = LINE('',#8343,#8344);
#8343 = CARTESIAN_POINT('',(-6.20614444824,-1.126542857143,20.1205));
#8344 = VECTOR('',#8345,1.);
#8345 = DIRECTION('',(1.,0.,0.));
#8346 = PLANE('',#8347);
#8347 = AXIS2_PLACEMENT_3D('',#8348,#8349,#8350);
#8348 = CARTESIAN_POINT('',(-6.20614444824,-1.143628571429,
    20.138514285714));
#8349 = DIRECTION('',(-0.,0.725559456121,0.688159484156));
#8350 = DIRECTION('',(0.,0.688159484156,-0.725559456121));
#8351 = ADVANCED_FACE('',(#8352),#8370,.T.);
#8352 = FACE_BOUND('',#8353,.T.);
#8353 = EDGE_LOOP('',(#8354,#8355,#8356,#8364));
#8354 = ORIENTED_EDGE('',*,*,#1811,.T.);
#8355 = ORIENTED_EDGE('',*,*,#8341,.T.);
#8356 = ORIENTED_EDGE('',*,*,#8357,.T.);
#8357 = EDGE_CURVE('',#8334,#8358,#8360,.T.);
#8358 = VERTEX_POINT('',#8359);
#8359 = CARTESIAN_POINT('',(-5.60614444824,-1.1037,20.114742857143));
#8360 = LINE('',#8361,#8362);
#8361 = CARTESIAN_POINT('',(-5.60614444824,-1.126542857143,20.1205));
#8362 = VECTOR('',#8363,1.);
#8363 = DIRECTION('',(-0.,0.969676988372,-0.244390135281));
#8364 = ORIENTED_EDGE('',*,*,#8365,.F.);
#8365 = EDGE_CURVE('',#1804,#8358,#8366,.T.);
#8366 = LINE('',#8367,#8368);
#8367 = CARTESIAN_POINT('',(-6.20614444824,-1.1037,20.114742857143));
#8368 = VECTOR('',#8369,1.);
#8369 = DIRECTION('',(1.,0.,0.));
#8370 = PLANE('',#8371);
#8371 = AXIS2_PLACEMENT_3D('',#8372,#8373,#8374);
#8372 = CARTESIAN_POINT('',(-6.20614444824,-1.126542857143,20.1205));
#8373 = DIRECTION('',(-0.,0.244390135281,0.969676988372));
#8374 = DIRECTION('',(0.,0.969676988372,-0.244390135281));
#8375 = ADVANCED_FACE('',(#8376),#8401,.T.);
#8376 = FACE_BOUND('',#8377,.T.);
#8377 = EDGE_LOOP('',(#8378,#8379,#8387,#8395));
#8378 = ORIENTED_EDGE('',*,*,#1787,.T.);
#8379 = ORIENTED_EDGE('',*,*,#8380,.T.);
#8380 = EDGE_CURVE('',#1788,#8381,#8383,.T.);
#8381 = VERTEX_POINT('',#8382);
#8382 = CARTESIAN_POINT('',(-5.60614444824,-0.208,18.522057142857));
#8383 = LINE('',#8384,#8385);
#8384 = CARTESIAN_POINT('',(-6.20614444824,-0.208,18.522057142857));
#8385 = VECTOR('',#8386,1.);
#8386 = DIRECTION('',(1.,0.,0.));
#8387 = ORIENTED_EDGE('',*,*,#8388,.T.);
#8388 = EDGE_CURVE('',#8381,#8389,#8391,.T.);
#8389 = VERTEX_POINT('',#8390);
#8390 = CARTESIAN_POINT('',(-5.60614444824,-0.202242857143,
    18.498285714286));
#8391 = LINE('',#8392,#8393);
#8392 = CARTESIAN_POINT('',(-5.60614444824,-0.208,18.522057142857));
#8393 = VECTOR('',#8394,1.);
#8394 = DIRECTION('',(-0.,0.23538270084,-0.971902764759));
#8395 = ORIENTED_EDGE('',*,*,#8396,.F.);
#8396 = EDGE_CURVE('',#1780,#8389,#8397,.T.);
#8397 = LINE('',#8398,#8399);
#8398 = CARTESIAN_POINT('',(-6.20614444824,-0.202242857143,
    18.498285714286));
#8399 = VECTOR('',#8400,1.);
#8400 = DIRECTION('',(1.,0.,0.));
#8401 = PLANE('',#8402);
#8402 = AXIS2_PLACEMENT_3D('',#8403,#8404,#8405);
#8403 = CARTESIAN_POINT('',(-6.20614444824,-0.208,18.522057142857));
#8404 = DIRECTION('',(-0.,0.971902764759,0.23538270084));
#8405 = DIRECTION('',(0.,0.23538270084,-0.971902764759));
#8406 = ADVANCED_FACE('',(#8407),#8425,.T.);
#8407 = FACE_BOUND('',#8408,.T.);
#8408 = EDGE_LOOP('',(#8409,#8410,#8411,#8419));
#8409 = ORIENTED_EDGE('',*,*,#1779,.T.);
#8410 = ORIENTED_EDGE('',*,*,#8396,.T.);
#8411 = ORIENTED_EDGE('',*,*,#8412,.T.);
#8412 = EDGE_CURVE('',#8389,#8413,#8415,.T.);
#8413 = VERTEX_POINT('',#8414);
#8414 = CARTESIAN_POINT('',(-5.60614444824,-0.190914285714,
    18.480457142857));
#8415 = LINE('',#8416,#8417);
#8416 = CARTESIAN_POINT('',(-5.60614444824,-0.202242857143,
    18.498285714286));
#8417 = VECTOR('',#8418,1.);
#8418 = DIRECTION('',(-0.,0.536306481872,-0.844023315733));
#8419 = ORIENTED_EDGE('',*,*,#8420,.F.);
#8420 = EDGE_CURVE('',#1772,#8413,#8421,.T.);
#8421 = LINE('',#8422,#8423);
#8422 = CARTESIAN_POINT('',(-6.20614444824,-0.190914285714,
    18.480457142857));
#8423 = VECTOR('',#8424,1.);
#8424 = DIRECTION('',(1.,0.,0.));
#8425 = PLANE('',#8426);
#8426 = AXIS2_PLACEMENT_3D('',#8427,#8428,#8429);
#8427 = CARTESIAN_POINT('',(-6.20614444824,-0.202242857143,
    18.498285714286));
#8428 = DIRECTION('',(-0.,0.844023315733,0.536306481872));
#8429 = DIRECTION('',(0.,0.536306481872,-0.844023315733));
#8430 = ADVANCED_FACE('',(#8431),#8449,.T.);
#8431 = FACE_BOUND('',#8432,.T.);
#8432 = EDGE_LOOP('',(#8433,#8434,#8435,#8443));
#8433 = ORIENTED_EDGE('',*,*,#1771,.T.);
#8434 = ORIENTED_EDGE('',*,*,#8420,.T.);
#8435 = ORIENTED_EDGE('',*,*,#8436,.T.);
#8436 = EDGE_CURVE('',#8413,#8437,#8439,.T.);
#8437 = VERTEX_POINT('',#8438);
#8438 = CARTESIAN_POINT('',(-5.60614444824,-0.1794,18.462628571429));
#8439 = LINE('',#8440,#8441);
#8440 = CARTESIAN_POINT('',(-5.60614444824,-0.190914285714,
    18.480457142857));
#8441 = VECTOR('',#8442,1.);
#8442 = DIRECTION('',(-0.,0.542525431476,-0.840039377769));
#8443 = ORIENTED_EDGE('',*,*,#8444,.F.);
#8444 = EDGE_CURVE('',#1764,#8437,#8445,.T.);
#8445 = LINE('',#8446,#8447);
#8446 = CARTESIAN_POINT('',(-6.20614444824,-0.1794,18.462628571429));
#8447 = VECTOR('',#8448,1.);
#8448 = DIRECTION('',(1.,0.,0.));
#8449 = PLANE('',#8450);
#8450 = AXIS2_PLACEMENT_3D('',#8451,#8452,#8453);
#8451 = CARTESIAN_POINT('',(-6.20614444824,-0.190914285714,
    18.480457142857));
#8452 = DIRECTION('',(-0.,0.840039377769,0.542525431476));
#8453 = DIRECTION('',(0.,0.542525431476,-0.840039377769));
#8454 = ADVANCED_FACE('',(#8455),#8473,.T.);
#8455 = FACE_BOUND('',#8456,.T.);
#8456 = EDGE_LOOP('',(#8457,#8458,#8459,#8467));
#8457 = ORIENTED_EDGE('',*,*,#1763,.T.);
#8458 = ORIENTED_EDGE('',*,*,#8444,.T.);
#8459 = ORIENTED_EDGE('',*,*,#8460,.T.);
#8460 = EDGE_CURVE('',#8437,#8461,#8463,.T.);
#8461 = VERTEX_POINT('',#8462);
#8462 = CARTESIAN_POINT('',(-5.60614444824,-0.156742857143,
    18.432728571429));
#8463 = LINE('',#8464,#8465);
#8464 = CARTESIAN_POINT('',(-5.60614444824,-0.1794,18.462628571429));
#8465 = VECTOR('',#8466,1.);
#8466 = DIRECTION('',(-0.,0.603952995426,-0.797019936586));
#8467 = ORIENTED_EDGE('',*,*,#8468,.F.);
#8468 = EDGE_CURVE('',#1756,#8461,#8469,.T.);
#8469 = LINE('',#8470,#8471);
#8470 = CARTESIAN_POINT('',(-6.20614444824,-0.156742857143,
    18.432728571429));
#8471 = VECTOR('',#8472,1.);
#8472 = DIRECTION('',(1.,0.,0.));
#8473 = PLANE('',#8474);
#8474 = AXIS2_PLACEMENT_3D('',#8475,#8476,#8477);
#8475 = CARTESIAN_POINT('',(-6.20614444824,-0.1794,18.462628571429));
#8476 = DIRECTION('',(-0.,0.797019936586,0.603952995426));
#8477 = DIRECTION('',(0.,0.603952995426,-0.797019936586));
#8478 = ADVANCED_FACE('',(#8479),#8497,.T.);
#8479 = FACE_BOUND('',#8480,.T.);
#8480 = EDGE_LOOP('',(#8481,#8482,#8483,#8491));
#8481 = ORIENTED_EDGE('',*,*,#1755,.T.);
#8482 = ORIENTED_EDGE('',*,*,#8468,.T.);
#8483 = ORIENTED_EDGE('',*,*,#8484,.T.);
#8484 = EDGE_CURVE('',#8461,#8485,#8487,.T.);
#8485 = VERTEX_POINT('',#8486);
#8486 = CARTESIAN_POINT('',(-5.60614444824,-0.128142857143,
    18.415085714286));
#8487 = LINE('',#8488,#8489);
#8488 = CARTESIAN_POINT('',(-5.60614444824,-0.156742857143,
    18.432728571429));
#8489 = VECTOR('',#8490,1.);
#8490 = DIRECTION('',(-0.,0.851088556054,-0.525022161202));
#8491 = ORIENTED_EDGE('',*,*,#8492,.F.);
#8492 = EDGE_CURVE('',#1748,#8485,#8493,.T.);
#8493 = LINE('',#8494,#8495);
#8494 = CARTESIAN_POINT('',(-6.20614444824,-0.128142857143,
    18.415085714286));
#8495 = VECTOR('',#8496,1.);
#8496 = DIRECTION('',(1.,0.,0.));
#8497 = PLANE('',#8498);
#8498 = AXIS2_PLACEMENT_3D('',#8499,#8500,#8501);
#8499 = CARTESIAN_POINT('',(-6.20614444824,-0.156742857143,
    18.432728571429));
#8500 = DIRECTION('',(-0.,0.525022161202,0.851088556054));
#8501 = DIRECTION('',(0.,0.851088556054,-0.525022161202));
#8502 = ADVANCED_FACE('',(#8503),#8521,.T.);
#8503 = FACE_BOUND('',#8504,.T.);
#8504 = EDGE_LOOP('',(#8505,#8506,#8507,#8515));
#8505 = ORIENTED_EDGE('',*,*,#1747,.T.);
#8506 = ORIENTED_EDGE('',*,*,#8492,.T.);
#8507 = ORIENTED_EDGE('',*,*,#8508,.T.);
#8508 = EDGE_CURVE('',#8485,#8509,#8511,.T.);
#8509 = VERTEX_POINT('',#8510);
#8510 = CARTESIAN_POINT('',(-5.60614444824,-9.397142857143E-02,18.4032)
  );
#8511 = LINE('',#8512,#8513);
#8512 = CARTESIAN_POINT('',(-5.60614444824,-0.128142857143,
    18.415085714286));
#8513 = VECTOR('',#8514,1.);
#8514 = DIRECTION('',(-0.,0.944496796706,-0.328520624941));
#8515 = ORIENTED_EDGE('',*,*,#8516,.F.);
#8516 = EDGE_CURVE('',#1740,#8509,#8517,.T.);
#8517 = LINE('',#8518,#8519);
#8518 = CARTESIAN_POINT('',(-6.20614444824,-9.397142857143E-02,18.4032)
  );
#8519 = VECTOR('',#8520,1.);
#8520 = DIRECTION('',(1.,0.,0.));
#8521 = PLANE('',#8522);
#8522 = AXIS2_PLACEMENT_3D('',#8523,#8524,#8525);
#8523 = CARTESIAN_POINT('',(-6.20614444824,-0.128142857143,
    18.415085714286));
#8524 = DIRECTION('',(-0.,0.328520624941,0.944496796706));
#8525 = DIRECTION('',(0.,0.944496796706,-0.328520624941));
#8526 = ADVANCED_FACE('',(#8527),#8552,.T.);
#8527 = FACE_BOUND('',#8528,.T.);
#8528 = EDGE_LOOP('',(#8529,#8530,#8538,#8546));
#8529 = ORIENTED_EDGE('',*,*,#1731,.T.);
#8530 = ORIENTED_EDGE('',*,*,#8531,.T.);
#8531 = EDGE_CURVE('',#1732,#8532,#8534,.T.);
#8532 = VERTEX_POINT('',#8533);
#8533 = CARTESIAN_POINT('',(-5.60614444824,0.231214285714,18.4032));
#8534 = LINE('',#8535,#8536);
#8535 = CARTESIAN_POINT('',(-6.20614444824,0.231214285714,18.4032));
#8536 = VECTOR('',#8537,1.);
#8537 = DIRECTION('',(1.,0.,0.));
#8538 = ORIENTED_EDGE('',*,*,#8539,.T.);
#8539 = EDGE_CURVE('',#8532,#8540,#8542,.T.);
#8540 = VERTEX_POINT('',#8541);
#8541 = CARTESIAN_POINT('',(-5.60614444824,0.254057142857,
    18.408957142857));
#8542 = LINE('',#8543,#8544);
#8543 = CARTESIAN_POINT('',(-5.60614444824,0.231214285714,18.4032));
#8544 = VECTOR('',#8545,1.);
#8545 = DIRECTION('',(0.,0.969676988372,0.244390135281));
#8546 = ORIENTED_EDGE('',*,*,#8547,.F.);
#8547 = EDGE_CURVE('',#1724,#8540,#8548,.T.);
#8548 = LINE('',#8549,#8550);
#8549 = CARTESIAN_POINT('',(-6.20614444824,0.254057142857,
    18.408957142857));
#8550 = VECTOR('',#8551,1.);
#8551 = DIRECTION('',(1.,0.,0.));
#8552 = PLANE('',#8553);
#8553 = AXIS2_PLACEMENT_3D('',#8554,#8555,#8556);
#8554 = CARTESIAN_POINT('',(-6.20614444824,0.231214285714,18.4032));
#8555 = DIRECTION('',(0.,-0.244390135281,0.969676988372));
#8556 = DIRECTION('',(0.,0.969676988372,0.244390135281));
#8557 = ADVANCED_FACE('',(#8558),#8576,.T.);
#8558 = FACE_BOUND('',#8559,.T.);
#8559 = EDGE_LOOP('',(#8560,#8561,#8562,#8570));
#8560 = ORIENTED_EDGE('',*,*,#1723,.T.);
#8561 = ORIENTED_EDGE('',*,*,#8547,.T.);
#8562 = ORIENTED_EDGE('',*,*,#8563,.T.);
#8563 = EDGE_CURVE('',#8540,#8564,#8566,.T.);
#8564 = VERTEX_POINT('',#8565);
#8565 = CARTESIAN_POINT('',(-5.60614444824,0.282657142857,
    18.414528571429));
#8566 = LINE('',#8567,#8568);
#8567 = CARTESIAN_POINT('',(-5.60614444824,0.254057142857,
    18.408957142857));
#8568 = VECTOR('',#8569,1.);
#8569 = DIRECTION('',(0.,0.981548987081,0.191210841639));
#8570 = ORIENTED_EDGE('',*,*,#8571,.F.);
#8571 = EDGE_CURVE('',#1716,#8564,#8572,.T.);
#8572 = LINE('',#8573,#8574);
#8573 = CARTESIAN_POINT('',(-6.20614444824,0.282657142857,
    18.414528571429));
#8574 = VECTOR('',#8575,1.);
#8575 = DIRECTION('',(1.,0.,0.));
#8576 = PLANE('',#8577);
#8577 = AXIS2_PLACEMENT_3D('',#8578,#8579,#8580);
#8578 = CARTESIAN_POINT('',(-6.20614444824,0.254057142857,
    18.408957142857));
#8579 = DIRECTION('',(0.,-0.191210841639,0.981548987081));
#8580 = DIRECTION('',(0.,0.981548987081,0.191210841639));
#8581 = ADVANCED_FACE('',(#8582),#8600,.T.);
#8582 = FACE_BOUND('',#8583,.T.);
#8583 = EDGE_LOOP('',(#8584,#8585,#8586,#8594));
#8584 = ORIENTED_EDGE('',*,*,#1715,.T.);
#8585 = ORIENTED_EDGE('',*,*,#8571,.T.);
#8586 = ORIENTED_EDGE('',*,*,#8587,.T.);
#8587 = EDGE_CURVE('',#8564,#8588,#8590,.T.);
#8588 = VERTEX_POINT('',#8589);
#8589 = CARTESIAN_POINT('',(-5.60614444824,0.3055,18.4318));
#8590 = LINE('',#8591,#8592);
#8591 = CARTESIAN_POINT('',(-5.60614444824,0.282657142857,
    18.414528571429));
#8592 = VECTOR('',#8593,1.);
#8593 = DIRECTION('',(0.,0.797659331282,0.603108274872));
#8594 = ORIENTED_EDGE('',*,*,#8595,.F.);
#8595 = EDGE_CURVE('',#1708,#8588,#8596,.T.);
#8596 = LINE('',#8597,#8598);
#8597 = CARTESIAN_POINT('',(-6.20614444824,0.3055,18.4318));
#8598 = VECTOR('',#8599,1.);
#8599 = DIRECTION('',(1.,0.,0.));
#8600 = PLANE('',#8601);
#8601 = AXIS2_PLACEMENT_3D('',#8602,#8603,#8604);
#8602 = CARTESIAN_POINT('',(-6.20614444824,0.282657142857,
    18.414528571429));
#8603 = DIRECTION('',(0.,-0.603108274872,0.797659331282));
#8604 = DIRECTION('',(0.,0.797659331282,0.603108274872));
#8605 = ADVANCED_FACE('',(#8606),#8624,.T.);
#8606 = FACE_BOUND('',#8607,.T.);
#8607 = EDGE_LOOP('',(#8608,#8609,#8610,#8618));
#8608 = ORIENTED_EDGE('',*,*,#1707,.T.);
#8609 = ORIENTED_EDGE('',*,*,#8595,.T.);
#8610 = ORIENTED_EDGE('',*,*,#8611,.T.);
#8611 = EDGE_CURVE('',#8588,#8612,#8614,.T.);
#8612 = VERTEX_POINT('',#8613);
#8613 = CARTESIAN_POINT('',(-5.60614444824,0.328342857143,
    18.448885714286));
#8614 = LINE('',#8615,#8616);
#8615 = CARTESIAN_POINT('',(-5.60614444824,0.3055,18.4318));
#8616 = VECTOR('',#8617,1.);
#8617 = DIRECTION('',(0.,0.80078057117,0.598957825591));
#8618 = ORIENTED_EDGE('',*,*,#8619,.F.);
#8619 = EDGE_CURVE('',#1700,#8612,#8620,.T.);
#8620 = LINE('',#8621,#8622);
#8621 = CARTESIAN_POINT('',(-6.20614444824,0.328342857143,
    18.448885714286));
#8622 = VECTOR('',#8623,1.);
#8623 = DIRECTION('',(1.,0.,0.));
#8624 = PLANE('',#8625);
#8625 = AXIS2_PLACEMENT_3D('',#8626,#8627,#8628);
#8626 = CARTESIAN_POINT('',(-6.20614444824,0.3055,18.4318));
#8627 = DIRECTION('',(0.,-0.598957825591,0.80078057117));
#8628 = DIRECTION('',(0.,0.80078057117,0.598957825591));
#8629 = ADVANCED_FACE('',(#8630),#8648,.T.);
#8630 = FACE_BOUND('',#8631,.T.);
#8631 = EDGE_LOOP('',(#8632,#8633,#8634,#8642));
#8632 = ORIENTED_EDGE('',*,*,#1699,.T.);
#8633 = ORIENTED_EDGE('',*,*,#8619,.T.);
#8634 = ORIENTED_EDGE('',*,*,#8635,.T.);
#8635 = EDGE_CURVE('',#8612,#8636,#8638,.T.);
#8636 = VERTEX_POINT('',#8637);
#8637 = CARTESIAN_POINT('',(-5.60614444824,0.339671428571,
    18.471728571429));
#8638 = LINE('',#8639,#8640);
#8639 = CARTESIAN_POINT('',(-5.60614444824,0.328342857143,
    18.448885714286));
#8640 = VECTOR('',#8641,1.);
#8641 = DIRECTION('',(0.,0.444297794845,0.895879160097));
#8642 = ORIENTED_EDGE('',*,*,#8643,.F.);
#8643 = EDGE_CURVE('',#1692,#8636,#8644,.T.);
#8644 = LINE('',#8645,#8646);
#8645 = CARTESIAN_POINT('',(-6.20614444824,0.339671428571,
    18.471728571429));
#8646 = VECTOR('',#8647,1.);
#8647 = DIRECTION('',(1.,0.,0.));
#8648 = PLANE('',#8649);
#8649 = AXIS2_PLACEMENT_3D('',#8650,#8651,#8652);
#8650 = CARTESIAN_POINT('',(-6.20614444824,0.328342857143,
    18.448885714286));
#8651 = DIRECTION('',(0.,-0.895879160097,0.444297794845));
#8652 = DIRECTION('',(0.,0.444297794845,0.895879160097));
#8653 = ADVANCED_FACE('',(#8654),#8672,.T.);
#8654 = FACE_BOUND('',#8655,.T.);
#8655 = EDGE_LOOP('',(#8656,#8657,#8658,#8666));
#8656 = ORIENTED_EDGE('',*,*,#1691,.T.);
#8657 = ORIENTED_EDGE('',*,*,#8643,.T.);
#8658 = ORIENTED_EDGE('',*,*,#8659,.T.);
#8659 = EDGE_CURVE('',#8636,#8660,#8662,.T.);
#8660 = VERTEX_POINT('',#8661);
#8661 = CARTESIAN_POINT('',(-5.60614444824,0.351185714286,
    18.494571428571));
#8662 = LINE('',#8663,#8664);
#8663 = CARTESIAN_POINT('',(-5.60614444824,0.339671428571,
    18.471728571429));
#8664 = VECTOR('',#8665,1.);
#8665 = DIRECTION('',(0.,0.450115207469,0.892970492237));
#8666 = ORIENTED_EDGE('',*,*,#8667,.F.);
#8667 = EDGE_CURVE('',#1684,#8660,#8668,.T.);
#8668 = LINE('',#8669,#8670);
#8669 = CARTESIAN_POINT('',(-6.20614444824,0.351185714286,
    18.494571428571));
#8670 = VECTOR('',#8671,1.);
#8671 = DIRECTION('',(1.,0.,0.));
#8672 = PLANE('',#8673);
#8673 = AXIS2_PLACEMENT_3D('',#8674,#8675,#8676);
#8674 = CARTESIAN_POINT('',(-6.20614444824,0.339671428571,
    18.471728571429));
#8675 = DIRECTION('',(0.,-0.892970492237,0.450115207469));
#8676 = DIRECTION('',(0.,0.450115207469,0.892970492237));
#8677 = ADVANCED_FACE('',(#8678),#8696,.T.);
#8678 = FACE_BOUND('',#8679,.T.);
#8679 = EDGE_LOOP('',(#8680,#8681,#8682,#8690));
#8680 = ORIENTED_EDGE('',*,*,#1683,.T.);
#8681 = ORIENTED_EDGE('',*,*,#8667,.T.);
#8682 = ORIENTED_EDGE('',*,*,#8683,.T.);
#8683 = EDGE_CURVE('',#8660,#8684,#8686,.T.);
#8684 = VERTEX_POINT('',#8685);
#8685 = CARTESIAN_POINT('',(-5.60614444824,0.362514285714,
    18.522985714286));
#8686 = LINE('',#8687,#8688);
#8687 = CARTESIAN_POINT('',(-5.60614444824,0.351185714286,
    18.494571428571));
#8688 = VECTOR('',#8689,1.);
#8689 = DIRECTION('',(0.,0.370343680353,0.92889480482));
#8690 = ORIENTED_EDGE('',*,*,#8691,.F.);
#8691 = EDGE_CURVE('',#1676,#8684,#8692,.T.);
#8692 = LINE('',#8693,#8694);
#8693 = CARTESIAN_POINT('',(-6.20614444824,0.362514285714,
    18.522985714286));
#8694 = VECTOR('',#8695,1.);
#8695 = DIRECTION('',(1.,0.,0.));
#8696 = PLANE('',#8697);
#8697 = AXIS2_PLACEMENT_3D('',#8698,#8699,#8700);
#8698 = CARTESIAN_POINT('',(-6.20614444824,0.351185714286,
    18.494571428571));
#8699 = DIRECTION('',(0.,-0.92889480482,0.370343680353));
#8700 = DIRECTION('',(0.,0.370343680353,0.92889480482));
#8701 = ADVANCED_FACE('',(#8702),#8727,.T.);
#8702 = FACE_BOUND('',#8703,.T.);
#8703 = EDGE_LOOP('',(#8704,#8705,#8713,#8721));
#8704 = ORIENTED_EDGE('',*,*,#2131,.T.);
#8705 = ORIENTED_EDGE('',*,*,#8706,.T.);
#8706 = EDGE_CURVE('',#2134,#8707,#8709,.T.);
#8707 = VERTEX_POINT('',#8708);
#8708 = CARTESIAN_POINT('',(-5.60614444824,-2.324585714286,
    21.826285714286));
#8709 = LINE('',#8710,#8711);
#8710 = CARTESIAN_POINT('',(-6.20614444824,-2.324585714286,
    21.826285714286));
#8711 = VECTOR('',#8712,1.);
#8712 = DIRECTION('',(1.,0.,0.));
#8713 = ORIENTED_EDGE('',*,*,#8714,.T.);
#8714 = EDGE_CURVE('',#8707,#8715,#8717,.T.);
#8715 = VERTEX_POINT('',#8716);
#8716 = CARTESIAN_POINT('',(-5.60614444824,-2.290414285714,
    21.832042857143));
#8717 = LINE('',#8718,#8719);
#8718 = CARTESIAN_POINT('',(-5.60614444824,-2.324585714286,
    21.826285714286));
#8719 = VECTOR('',#8720,1.);
#8720 = DIRECTION('',(0.,0.98610270304,0.166136868447));
#8721 = ORIENTED_EDGE('',*,*,#8722,.F.);
#8722 = EDGE_CURVE('',#2132,#8715,#8723,.T.);
#8723 = LINE('',#8724,#8725);
#8724 = CARTESIAN_POINT('',(-6.20614444824,-2.290414285714,
    21.832042857143));
#8725 = VECTOR('',#8726,1.);
#8726 = DIRECTION('',(1.,0.,0.));
#8727 = PLANE('',#8728);
#8728 = AXIS2_PLACEMENT_3D('',#8729,#8730,#8731);
#8729 = CARTESIAN_POINT('',(-6.20614444824,-2.324585714286,
    21.826285714286));
#8730 = DIRECTION('',(0.,-0.166136868447,0.98610270304));
#8731 = DIRECTION('',(0.,0.98610270304,0.166136868447));
#8732 = ADVANCED_FACE('',(#8733),#8751,.T.);
#8733 = FACE_BOUND('',#8734,.T.);
#8734 = EDGE_LOOP('',(#8735,#8736,#8737,#8745));
#8735 = ORIENTED_EDGE('',*,*,#2789,.T.);
#8736 = ORIENTED_EDGE('',*,*,#8722,.T.);
#8737 = ORIENTED_EDGE('',*,*,#8738,.T.);
#8738 = EDGE_CURVE('',#8715,#8739,#8741,.T.);
#8739 = VERTEX_POINT('',#8740);
#8740 = CARTESIAN_POINT('',(-5.60614444824,-2.250485714286,
    21.843371428571));
#8741 = LINE('',#8742,#8743);
#8742 = CARTESIAN_POINT('',(-5.60614444824,-2.290414285714,
    21.832042857143));
#8743 = VECTOR('',#8744,1.);
#8744 = DIRECTION('',(0.,0.962028866252,0.272947724844));
#8745 = ORIENTED_EDGE('',*,*,#8746,.F.);
#8746 = EDGE_CURVE('',#2782,#8739,#8747,.T.);
#8747 = LINE('',#8748,#8749);
#8748 = CARTESIAN_POINT('',(-6.20614444824,-2.250485714286,
    21.843371428571));
#8749 = VECTOR('',#8750,1.);
#8750 = DIRECTION('',(1.,0.,0.));
#8751 = PLANE('',#8752);
#8752 = AXIS2_PLACEMENT_3D('',#8753,#8754,#8755);
#8753 = CARTESIAN_POINT('',(-6.20614444824,-2.290414285714,
    21.832042857143));
#8754 = DIRECTION('',(0.,-0.272947724844,0.962028866252));
#8755 = DIRECTION('',(0.,0.962028866252,0.272947724844));
#8756 = ADVANCED_FACE('',(#8757),#8775,.T.);
#8757 = FACE_BOUND('',#8758,.T.);
#8758 = EDGE_LOOP('',(#8759,#8760,#8761,#8769));
#8759 = ORIENTED_EDGE('',*,*,#2781,.T.);
#8760 = ORIENTED_EDGE('',*,*,#8746,.T.);
#8761 = ORIENTED_EDGE('',*,*,#8762,.T.);
#8762 = EDGE_CURVE('',#8739,#8763,#8765,.T.);
#8763 = VERTEX_POINT('',#8764);
#8764 = CARTESIAN_POINT('',(-5.60614444824,-2.221885714286,
    21.854885714286));
#8765 = LINE('',#8766,#8767);
#8766 = CARTESIAN_POINT('',(-5.60614444824,-2.250485714286,
    21.843371428571));
#8767 = VECTOR('',#8768,1.);
#8768 = DIRECTION('',(0.,0.927643517938,0.373466870858));
#8769 = ORIENTED_EDGE('',*,*,#8770,.F.);
#8770 = EDGE_CURVE('',#2774,#8763,#8771,.T.);
#8771 = LINE('',#8772,#8773);
#8772 = CARTESIAN_POINT('',(-6.20614444824,-2.221885714286,
    21.854885714286));
#8773 = VECTOR('',#8774,1.);
#8774 = DIRECTION('',(1.,0.,0.));
#8775 = PLANE('',#8776);
#8776 = AXIS2_PLACEMENT_3D('',#8777,#8778,#8779);
#8777 = CARTESIAN_POINT('',(-6.20614444824,-2.250485714286,
    21.843371428571));
#8778 = DIRECTION('',(0.,-0.373466870858,0.927643517938));
#8779 = DIRECTION('',(0.,0.927643517938,0.373466870858));
#8780 = ADVANCED_FACE('',(#8781),#8799,.T.);
#8781 = FACE_BOUND('',#8782,.T.);
#8782 = EDGE_LOOP('',(#8783,#8784,#8785,#8793));
#8783 = ORIENTED_EDGE('',*,*,#2773,.T.);
#8784 = ORIENTED_EDGE('',*,*,#8770,.T.);
#8785 = ORIENTED_EDGE('',*,*,#8786,.T.);
#8786 = EDGE_CURVE('',#8763,#8787,#8789,.T.);
#8787 = VERTEX_POINT('',#8788);
#8788 = CARTESIAN_POINT('',(-5.60614444824,-2.187714285714,
    21.871971428571));
#8789 = LINE('',#8790,#8791);
#8790 = CARTESIAN_POINT('',(-5.60614444824,-2.221885714286,
    21.854885714286));
#8791 = VECTOR('',#8792,1.);
#8792 = DIRECTION('',(0.,0.894427191,0.4472135955));
#8793 = ORIENTED_EDGE('',*,*,#8794,.F.);
#8794 = EDGE_CURVE('',#2766,#8787,#8795,.T.);
#8795 = LINE('',#8796,#8797);
#8796 = CARTESIAN_POINT('',(-6.20614444824,-2.187714285714,
    21.871971428571));
#8797 = VECTOR('',#8798,1.);
#8798 = DIRECTION('',(1.,0.,0.));
#8799 = PLANE('',#8800);
#8800 = AXIS2_PLACEMENT_3D('',#8801,#8802,#8803);
#8801 = CARTESIAN_POINT('',(-6.20614444824,-2.221885714286,
    21.854885714286));
#8802 = DIRECTION('',(0.,-0.4472135955,0.894427191));
#8803 = DIRECTION('',(0.,0.894427191,0.4472135955));
#8804 = ADVANCED_FACE('',(#8805),#8823,.T.);
#8805 = FACE_BOUND('',#8806,.T.);
#8806 = EDGE_LOOP('',(#8807,#8808,#8809,#8817));
#8807 = ORIENTED_EDGE('',*,*,#2765,.T.);
#8808 = ORIENTED_EDGE('',*,*,#8794,.T.);
#8809 = ORIENTED_EDGE('',*,*,#8810,.T.);
#8810 = EDGE_CURVE('',#8787,#8811,#8813,.T.);
#8811 = VERTEX_POINT('',#8812);
#8812 = CARTESIAN_POINT('',(-5.60614444824,-2.170628571429,
    21.889057142857));
#8813 = LINE('',#8814,#8815);
#8814 = CARTESIAN_POINT('',(-5.60614444824,-2.187714285714,
    21.871971428571));
#8815 = VECTOR('',#8816,1.);
#8816 = DIRECTION('',(0.,0.707106781187,0.707106781187));
#8817 = ORIENTED_EDGE('',*,*,#8818,.F.);
#8818 = EDGE_CURVE('',#2758,#8811,#8819,.T.);
#8819 = LINE('',#8820,#8821);
#8820 = CARTESIAN_POINT('',(-6.20614444824,-2.170628571429,
    21.889057142857));
#8821 = VECTOR('',#8822,1.);
#8822 = DIRECTION('',(1.,0.,0.));
#8823 = PLANE('',#8824);
#8824 = AXIS2_PLACEMENT_3D('',#8825,#8826,#8827);
#8825 = CARTESIAN_POINT('',(-6.20614444824,-2.187714285714,
    21.871971428571));
#8826 = DIRECTION('',(0.,-0.707106781187,0.707106781187));
#8827 = DIRECTION('',(0.,0.707106781187,0.707106781187));
#8828 = ADVANCED_FACE('',(#8829),#8847,.T.);
#8829 = FACE_BOUND('',#8830,.T.);
#8830 = EDGE_LOOP('',(#8831,#8832,#8833,#8841));
#8831 = ORIENTED_EDGE('',*,*,#2757,.T.);
#8832 = ORIENTED_EDGE('',*,*,#8818,.T.);
#8833 = ORIENTED_EDGE('',*,*,#8834,.T.);
#8834 = EDGE_CURVE('',#8811,#8835,#8837,.T.);
#8835 = VERTEX_POINT('',#8836);
#8836 = CARTESIAN_POINT('',(-5.60614444824,-2.147785714286,
    21.906142857143));
#8837 = LINE('',#8838,#8839);
#8838 = CARTESIAN_POINT('',(-5.60614444824,-2.170628571429,
    21.889057142857));
#8839 = VECTOR('',#8840,1.);
#8840 = DIRECTION('',(0.,0.80078057117,0.598957825591));
#8841 = ORIENTED_EDGE('',*,*,#8842,.F.);
#8842 = EDGE_CURVE('',#2750,#8835,#8843,.T.);
#8843 = LINE('',#8844,#8845);
#8844 = CARTESIAN_POINT('',(-6.20614444824,-2.147785714286,
    21.906142857143));
#8845 = VECTOR('',#8846,1.);
#8846 = DIRECTION('',(1.,0.,0.));
#8847 = PLANE('',#8848);
#8848 = AXIS2_PLACEMENT_3D('',#8849,#8850,#8851);
#8849 = CARTESIAN_POINT('',(-6.20614444824,-2.170628571429,
    21.889057142857));
#8850 = DIRECTION('',(0.,-0.598957825591,0.80078057117));
#8851 = DIRECTION('',(0.,0.80078057117,0.598957825591));
#8852 = ADVANCED_FACE('',(#8853),#8871,.T.);
#8853 = FACE_BOUND('',#8854,.T.);
#8854 = EDGE_LOOP('',(#8855,#8856,#8857,#8865));
#8855 = ORIENTED_EDGE('',*,*,#2749,.T.);
#8856 = ORIENTED_EDGE('',*,*,#8842,.T.);
#8857 = ORIENTED_EDGE('',*,*,#8858,.T.);
#8858 = EDGE_CURVE('',#8835,#8859,#8861,.T.);
#8859 = VERTEX_POINT('',#8860);
#8860 = CARTESIAN_POINT('',(-5.60614444824,-2.1307,21.928985714286));
#8861 = LINE('',#8862,#8863);
#8862 = CARTESIAN_POINT('',(-5.60614444824,-2.147785714286,
    21.906142857143));
#8863 = VECTOR('',#8864,1.);
#8864 = DIRECTION('',(0.,0.598957825591,0.80078057117));
#8865 = ORIENTED_EDGE('',*,*,#8866,.F.);
#8866 = EDGE_CURVE('',#2742,#8859,#8867,.T.);
#8867 = LINE('',#8868,#8869);
#8868 = CARTESIAN_POINT('',(-6.20614444824,-2.1307,21.928985714286));
#8869 = VECTOR('',#8870,1.);
#8870 = DIRECTION('',(1.,0.,0.));
#8871 = PLANE('',#8872);
#8872 = AXIS2_PLACEMENT_3D('',#8873,#8874,#8875);
#8873 = CARTESIAN_POINT('',(-6.20614444824,-2.147785714286,
    21.906142857143));
#8874 = DIRECTION('',(0.,-0.80078057117,0.598957825591));
#8875 = DIRECTION('',(0.,0.598957825591,0.80078057117));
#8876 = ADVANCED_FACE('',(#8877),#8895,.T.);
#8877 = FACE_BOUND('',#8878,.T.);
#8878 = EDGE_LOOP('',(#8879,#8880,#8881,#8889));
#8879 = ORIENTED_EDGE('',*,*,#2741,.T.);
#8880 = ORIENTED_EDGE('',*,*,#8866,.T.);
#8881 = ORIENTED_EDGE('',*,*,#8882,.T.);
#8882 = EDGE_CURVE('',#8859,#8883,#8885,.T.);
#8883 = VERTEX_POINT('',#8884);
#8884 = CARTESIAN_POINT('',(-5.60614444824,-2.113428571429,
    21.951828571429));
#8885 = LINE('',#8886,#8887);
#8886 = CARTESIAN_POINT('',(-5.60614444824,-2.1307,21.928985714286));
#8887 = VECTOR('',#8888,1.);
#8888 = DIRECTION('',(0.,0.603108274872,0.797659331282));
#8889 = ORIENTED_EDGE('',*,*,#8890,.F.);
#8890 = EDGE_CURVE('',#2734,#8883,#8891,.T.);
#8891 = LINE('',#8892,#8893);
#8892 = CARTESIAN_POINT('',(-6.20614444824,-2.113428571429,
    21.951828571429));
#8893 = VECTOR('',#8894,1.);
#8894 = DIRECTION('',(1.,0.,0.));
#8895 = PLANE('',#8896);
#8896 = AXIS2_PLACEMENT_3D('',#8897,#8898,#8899);
#8897 = CARTESIAN_POINT('',(-6.20614444824,-2.1307,21.928985714286));
#8898 = DIRECTION('',(0.,-0.797659331282,0.603108274872));
#8899 = DIRECTION('',(0.,0.603108274872,0.797659331282));
#8900 = ADVANCED_FACE('',(#8901),#8919,.T.);
#8901 = FACE_BOUND('',#8902,.T.);
#8902 = EDGE_LOOP('',(#8903,#8904,#8905,#8913));
#8903 = ORIENTED_EDGE('',*,*,#2733,.T.);
#8904 = ORIENTED_EDGE('',*,*,#8890,.T.);
#8905 = ORIENTED_EDGE('',*,*,#8906,.T.);
#8906 = EDGE_CURVE('',#8883,#8907,#8909,.T.);
#8907 = VERTEX_POINT('',#8908);
#8908 = CARTESIAN_POINT('',(-5.60614444824,-2.096342857143,
    21.974671428571));
#8909 = LINE('',#8910,#8911);
#8910 = CARTESIAN_POINT('',(-5.60614444824,-2.113428571429,
    21.951828571429));
#8911 = VECTOR('',#8912,1.);
#8912 = DIRECTION('',(0.,0.598957825591,0.80078057117));
#8913 = ORIENTED_EDGE('',*,*,#8914,.F.);
#8914 = EDGE_CURVE('',#2726,#8907,#8915,.T.);
#8915 = LINE('',#8916,#8917);
#8916 = CARTESIAN_POINT('',(-6.20614444824,-2.096342857143,
    21.974671428571));
#8917 = VECTOR('',#8918,1.);
#8918 = DIRECTION('',(1.,0.,0.));
#8919 = PLANE('',#8920);
#8920 = AXIS2_PLACEMENT_3D('',#8921,#8922,#8923);
#8921 = CARTESIAN_POINT('',(-6.20614444824,-2.113428571429,
    21.951828571429));
#8922 = DIRECTION('',(0.,-0.80078057117,0.598957825591));
#8923 = DIRECTION('',(0.,0.598957825591,0.80078057117));
#8924 = ADVANCED_FACE('',(#8925),#8943,.T.);
#8925 = FACE_BOUND('',#8926,.T.);
#8926 = EDGE_LOOP('',(#8927,#8928,#8929,#8937));
#8927 = ORIENTED_EDGE('',*,*,#2725,.T.);
#8928 = ORIENTED_EDGE('',*,*,#8914,.T.);
#8929 = ORIENTED_EDGE('',*,*,#8930,.T.);
#8930 = EDGE_CURVE('',#8907,#8931,#8933,.T.);
#8931 = VERTEX_POINT('',#8932);
#8932 = CARTESIAN_POINT('',(-5.60614444824,-2.085014285714,
    22.003085714286));
#8933 = LINE('',#8934,#8935);
#8934 = CARTESIAN_POINT('',(-5.60614444824,-2.096342857143,
    21.974671428571));
#8935 = VECTOR('',#8936,1.);
#8936 = DIRECTION('',(0.,0.370343680353,0.92889480482));
#8937 = ORIENTED_EDGE('',*,*,#8938,.F.);
#8938 = EDGE_CURVE('',#2718,#8931,#8939,.T.);
#8939 = LINE('',#8940,#8941);
#8940 = CARTESIAN_POINT('',(-6.20614444824,-2.085014285714,
    22.003085714286));
#8941 = VECTOR('',#8942,1.);
#8942 = DIRECTION('',(1.,0.,0.));
#8943 = PLANE('',#8944);
#8944 = AXIS2_PLACEMENT_3D('',#8945,#8946,#8947);
#8945 = CARTESIAN_POINT('',(-6.20614444824,-2.096342857143,
    21.974671428571));
#8946 = DIRECTION('',(0.,-0.92889480482,0.370343680353));
#8947 = DIRECTION('',(0.,0.370343680353,0.92889480482));
#8948 = ADVANCED_FACE('',(#8949),#8967,.T.);
#8949 = FACE_BOUND('',#8950,.T.);
#8950 = EDGE_LOOP('',(#8951,#8952,#8953,#8961));
#8951 = ORIENTED_EDGE('',*,*,#2717,.T.);
#8952 = ORIENTED_EDGE('',*,*,#8938,.T.);
#8953 = ORIENTED_EDGE('',*,*,#8954,.T.);
#8954 = EDGE_CURVE('',#8931,#8955,#8957,.T.);
#8955 = VERTEX_POINT('',#8956);
#8956 = CARTESIAN_POINT('',(-5.60614444824,-2.0735,22.025928571429));
#8957 = LINE('',#8958,#8959);
#8958 = CARTESIAN_POINT('',(-5.60614444824,-2.085014285714,
    22.003085714286));
#8959 = VECTOR('',#8960,1.);
#8960 = DIRECTION('',(0.,0.450115207469,0.892970492237));
#8961 = ORIENTED_EDGE('',*,*,#8962,.F.);
#8962 = EDGE_CURVE('',#2710,#8955,#8963,.T.);
#8963 = LINE('',#8964,#8965);
#8964 = CARTESIAN_POINT('',(-6.20614444824,-2.0735,22.025928571429));
#8965 = VECTOR('',#8966,1.);
#8966 = DIRECTION('',(1.,0.,0.));
#8967 = PLANE('',#8968);
#8968 = AXIS2_PLACEMENT_3D('',#8969,#8970,#8971);
#8969 = CARTESIAN_POINT('',(-6.20614444824,-2.085014285714,
    22.003085714286));
#8970 = DIRECTION('',(0.,-0.892970492237,0.450115207469));
#8971 = DIRECTION('',(0.,0.450115207469,0.892970492237));
#8972 = ADVANCED_FACE('',(#8973),#8991,.T.);
#8973 = FACE_BOUND('',#8974,.T.);
#8974 = EDGE_LOOP('',(#8975,#8976,#8977,#8985));
#8975 = ORIENTED_EDGE('',*,*,#2709,.T.);
#8976 = ORIENTED_EDGE('',*,*,#8962,.T.);
#8977 = ORIENTED_EDGE('',*,*,#8978,.T.);
#8978 = EDGE_CURVE('',#8955,#8979,#8981,.T.);
#8979 = VERTEX_POINT('',#8980);
#8980 = CARTESIAN_POINT('',(-5.60614444824,-2.067928571429,
    22.054528571429));
#8981 = LINE('',#8982,#8983);
#8982 = CARTESIAN_POINT('',(-5.60614444824,-2.0735,22.025928571429));
#8983 = VECTOR('',#8984,1.);
#8984 = DIRECTION('',(0.,0.191210841639,0.981548987081));
#8985 = ORIENTED_EDGE('',*,*,#8986,.F.);
#8986 = EDGE_CURVE('',#2702,#8979,#8987,.T.);
#8987 = LINE('',#8988,#8989);
#8988 = CARTESIAN_POINT('',(-6.20614444824,-2.067928571429,
    22.054528571429));
#8989 = VECTOR('',#8990,1.);
#8990 = DIRECTION('',(1.,0.,0.));
#8991 = PLANE('',#8992);
#8992 = AXIS2_PLACEMENT_3D('',#8993,#8994,#8995);
#8993 = CARTESIAN_POINT('',(-6.20614444824,-2.0735,22.025928571429));
#8994 = DIRECTION('',(0.,-0.981548987081,0.191210841639));
#8995 = DIRECTION('',(0.,0.191210841639,0.981548987081));
#8996 = ADVANCED_FACE('',(#8997),#9015,.T.);
#8997 = FACE_BOUND('',#8998,.T.);
#8998 = EDGE_LOOP('',(#8999,#9000,#9001,#9009));
#8999 = ORIENTED_EDGE('',*,*,#2701,.T.);
#9000 = ORIENTED_EDGE('',*,*,#8986,.T.);
#9001 = ORIENTED_EDGE('',*,*,#9002,.T.);
#9002 = EDGE_CURVE('',#8979,#9003,#9005,.T.);
#9003 = VERTEX_POINT('',#9004);
#9004 = CARTESIAN_POINT('',(-5.60614444824,-2.062171428571,
    22.082942857143));
#9005 = LINE('',#9006,#9007);
#9006 = CARTESIAN_POINT('',(-5.60614444824,-2.067928571429,
    22.054528571429));
#9007 = VECTOR('',#9008,1.);
#9008 = DIRECTION('',(0.,0.198579278868,0.980084827963));
#9009 = ORIENTED_EDGE('',*,*,#9010,.F.);
#9010 = EDGE_CURVE('',#2694,#9003,#9011,.T.);
#9011 = LINE('',#9012,#9013);
#9012 = CARTESIAN_POINT('',(-6.20614444824,-2.062171428571,
    22.082942857143));
#9013 = VECTOR('',#9014,1.);
#9014 = DIRECTION('',(1.,0.,0.));
#9015 = PLANE('',#9016);
#9016 = AXIS2_PLACEMENT_3D('',#9017,#9018,#9019);
#9017 = CARTESIAN_POINT('',(-6.20614444824,-2.067928571429,
    22.054528571429));
#9018 = DIRECTION('',(0.,-0.980084827963,0.198579278868));
#9019 = DIRECTION('',(0.,0.198579278868,0.980084827963));
#9020 = ADVANCED_FACE('',(#9021),#9046,.T.);
#9021 = FACE_BOUND('',#9022,.T.);
#9022 = EDGE_LOOP('',(#9023,#9024,#9032,#9040));
#9023 = ORIENTED_EDGE('',*,*,#2685,.T.);
#9024 = ORIENTED_EDGE('',*,*,#9025,.T.);
#9025 = EDGE_CURVE('',#2686,#9026,#9028,.T.);
#9026 = VERTEX_POINT('',#9027);
#9027 = CARTESIAN_POINT('',(-5.60614444824,-2.062171428571,
    22.140142857143));
#9028 = LINE('',#9029,#9030);
#9029 = CARTESIAN_POINT('',(-6.20614444824,-2.062171428571,
    22.140142857143));
#9030 = VECTOR('',#9031,1.);
#9031 = DIRECTION('',(1.,0.,0.));
#9032 = ORIENTED_EDGE('',*,*,#9033,.T.);
#9033 = EDGE_CURVE('',#9026,#9034,#9036,.T.);
#9034 = VERTEX_POINT('',#9035);
#9035 = CARTESIAN_POINT('',(-5.60614444824,-2.067928571429,22.1628));
#9036 = LINE('',#9037,#9038);
#9037 = CARTESIAN_POINT('',(-5.60614444824,-2.062171428571,
    22.140142857143));
#9038 = VECTOR('',#9039,1.);
#9039 = DIRECTION('',(0.,-0.246272303221,0.96920067719));
#9040 = ORIENTED_EDGE('',*,*,#9041,.F.);
#9041 = EDGE_CURVE('',#2678,#9034,#9042,.T.);
#9042 = LINE('',#9043,#9044);
#9043 = CARTESIAN_POINT('',(-6.20614444824,-2.067928571429,22.1628));
#9044 = VECTOR('',#9045,1.);
#9045 = DIRECTION('',(1.,0.,0.));
#9046 = PLANE('',#9047);
#9047 = AXIS2_PLACEMENT_3D('',#9048,#9049,#9050);
#9048 = CARTESIAN_POINT('',(-6.20614444824,-2.062171428571,
    22.140142857143));
#9049 = DIRECTION('',(0.,-0.96920067719,-0.246272303221));
#9050 = DIRECTION('',(0.,-0.246272303221,0.96920067719));
#9051 = ADVANCED_FACE('',(#9052),#9070,.T.);
#9052 = FACE_BOUND('',#9053,.T.);
#9053 = EDGE_LOOP('',(#9054,#9055,#9056,#9064));
#9054 = ORIENTED_EDGE('',*,*,#2677,.T.);
#9055 = ORIENTED_EDGE('',*,*,#9041,.T.);
#9056 = ORIENTED_EDGE('',*,*,#9057,.T.);
#9057 = EDGE_CURVE('',#9034,#9058,#9060,.T.);
#9058 = VERTEX_POINT('',#9059);
#9059 = CARTESIAN_POINT('',(-5.60614444824,-2.0735,22.1914));
#9060 = LINE('',#9061,#9062);
#9061 = CARTESIAN_POINT('',(-5.60614444824,-2.067928571429,22.1628));
#9062 = VECTOR('',#9063,1.);
#9063 = DIRECTION('',(0.,-0.191210841639,0.981548987081));
#9064 = ORIENTED_EDGE('',*,*,#9065,.F.);
#9065 = EDGE_CURVE('',#2670,#9058,#9066,.T.);
#9066 = LINE('',#9067,#9068);
#9067 = CARTESIAN_POINT('',(-6.20614444824,-2.0735,22.1914));
#9068 = VECTOR('',#9069,1.);
#9069 = DIRECTION('',(1.,0.,0.));
#9070 = PLANE('',#9071);
#9071 = AXIS2_PLACEMENT_3D('',#9072,#9073,#9074);
#9072 = CARTESIAN_POINT('',(-6.20614444824,-2.067928571429,22.1628));
#9073 = DIRECTION('',(0.,-0.981548987081,-0.191210841639));
#9074 = DIRECTION('',(0.,-0.191210841639,0.981548987081));
#9075 = ADVANCED_FACE('',(#9076),#9094,.T.);
#9076 = FACE_BOUND('',#9077,.T.);
#9077 = EDGE_LOOP('',(#9078,#9079,#9080,#9088));
#9078 = ORIENTED_EDGE('',*,*,#2669,.T.);
#9079 = ORIENTED_EDGE('',*,*,#9065,.T.);
#9080 = ORIENTED_EDGE('',*,*,#9081,.T.);
#9081 = EDGE_CURVE('',#9058,#9082,#9084,.T.);
#9082 = VERTEX_POINT('',#9083);
#9083 = CARTESIAN_POINT('',(-5.60614444824,-2.085014285714,22.22));
#9084 = LINE('',#9085,#9086);
#9085 = CARTESIAN_POINT('',(-5.60614444824,-2.0735,22.1914));
#9086 = VECTOR('',#9087,1.);
#9087 = DIRECTION('',(0.,-0.373466870858,0.927643517938));
#9088 = ORIENTED_EDGE('',*,*,#9089,.F.);
#9089 = EDGE_CURVE('',#2662,#9082,#9090,.T.);
#9090 = LINE('',#9091,#9092);
#9091 = CARTESIAN_POINT('',(-6.20614444824,-2.085014285714,22.22));
#9092 = VECTOR('',#9093,1.);
#9093 = DIRECTION('',(1.,0.,0.));
#9094 = PLANE('',#9095);
#9095 = AXIS2_PLACEMENT_3D('',#9096,#9097,#9098);
#9096 = CARTESIAN_POINT('',(-6.20614444824,-2.0735,22.1914));
#9097 = DIRECTION('',(0.,-0.927643517938,-0.373466870858));
#9098 = DIRECTION('',(0.,-0.373466870858,0.927643517938));
#9099 = ADVANCED_FACE('',(#9100),#9118,.T.);
#9100 = FACE_BOUND('',#9101,.T.);
#9101 = EDGE_LOOP('',(#9102,#9103,#9104,#9112));
#9102 = ORIENTED_EDGE('',*,*,#2661,.T.);
#9103 = ORIENTED_EDGE('',*,*,#9089,.T.);
#9104 = ORIENTED_EDGE('',*,*,#9105,.T.);
#9105 = EDGE_CURVE('',#9082,#9106,#9108,.T.);
#9106 = VERTEX_POINT('',#9107);
#9107 = CARTESIAN_POINT('',(-5.60614444824,-2.096342857143,
    22.242842857143));
#9108 = LINE('',#9109,#9110);
#9109 = CARTESIAN_POINT('',(-5.60614444824,-2.085014285714,22.22));
#9110 = VECTOR('',#9111,1.);
#9111 = DIRECTION('',(0.,-0.444297794845,0.895879160097));
#9112 = ORIENTED_EDGE('',*,*,#9113,.F.);
#9113 = EDGE_CURVE('',#2654,#9106,#9114,.T.);
#9114 = LINE('',#9115,#9116);
#9115 = CARTESIAN_POINT('',(-6.20614444824,-2.096342857143,
    22.242842857143));
#9116 = VECTOR('',#9117,1.);
#9117 = DIRECTION('',(1.,0.,0.));
#9118 = PLANE('',#9119);
#9119 = AXIS2_PLACEMENT_3D('',#9120,#9121,#9122);
#9120 = CARTESIAN_POINT('',(-6.20614444824,-2.085014285714,22.22));
#9121 = DIRECTION('',(0.,-0.895879160097,-0.444297794845));
#9122 = DIRECTION('',(0.,-0.444297794845,0.895879160097));
#9123 = ADVANCED_FACE('',(#9124),#9142,.T.);
#9124 = FACE_BOUND('',#9125,.T.);
#9125 = EDGE_LOOP('',(#9126,#9127,#9128,#9136));
#9126 = ORIENTED_EDGE('',*,*,#2653,.T.);
#9127 = ORIENTED_EDGE('',*,*,#9113,.T.);
#9128 = ORIENTED_EDGE('',*,*,#9129,.T.);
#9129 = EDGE_CURVE('',#9106,#9130,#9132,.T.);
#9130 = VERTEX_POINT('',#9131);
#9131 = CARTESIAN_POINT('',(-5.60614444824,-2.107857142857,
    22.271257142857));
#9132 = LINE('',#9133,#9134);
#9133 = CARTESIAN_POINT('',(-5.60614444824,-2.096342857143,
    22.242842857143));
#9134 = VECTOR('',#9135,1.);
#9135 = DIRECTION('',(0.,-0.375564497639,0.926796260304));
#9136 = ORIENTED_EDGE('',*,*,#9137,.F.);
#9137 = EDGE_CURVE('',#2646,#9130,#9138,.T.);
#9138 = LINE('',#9139,#9140);
#9139 = CARTESIAN_POINT('',(-6.20614444824,-2.107857142857,
    22.271257142857));
#9140 = VECTOR('',#9141,1.);
#9141 = DIRECTION('',(1.,0.,0.));
#9142 = PLANE('',#9143);
#9143 = AXIS2_PLACEMENT_3D('',#9144,#9145,#9146);
#9144 = CARTESIAN_POINT('',(-6.20614444824,-2.096342857143,
    22.242842857143));
#9145 = DIRECTION('',(0.,-0.926796260304,-0.375564497639));
#9146 = DIRECTION('',(0.,-0.375564497639,0.926796260304));
#9147 = ADVANCED_FACE('',(#9148),#9166,.T.);
#9148 = FACE_BOUND('',#9149,.T.);
#9149 = EDGE_LOOP('',(#9150,#9151,#9152,#9160));
#9150 = ORIENTED_EDGE('',*,*,#2645,.T.);
#9151 = ORIENTED_EDGE('',*,*,#9137,.T.);
#9152 = ORIENTED_EDGE('',*,*,#9153,.T.);
#9153 = EDGE_CURVE('',#9130,#9154,#9156,.T.);
#9154 = VERTEX_POINT('',#9155);
#9155 = CARTESIAN_POINT('',(-5.60614444824,-2.124942857143,
    22.288342857143));
#9156 = LINE('',#9157,#9158);
#9157 = CARTESIAN_POINT('',(-5.60614444824,-2.107857142857,
    22.271257142857));
#9158 = VECTOR('',#9159,1.);
#9159 = DIRECTION('',(0.,-0.707106781187,0.707106781187));
#9160 = ORIENTED_EDGE('',*,*,#9161,.F.);
#9161 = EDGE_CURVE('',#2638,#9154,#9162,.T.);
#9162 = LINE('',#9163,#9164);
#9163 = CARTESIAN_POINT('',(-6.20614444824,-2.124942857143,
    22.288342857143));
#9164 = VECTOR('',#9165,1.);
#9165 = DIRECTION('',(1.,0.,0.));
#9166 = PLANE('',#9167);
#9167 = AXIS2_PLACEMENT_3D('',#9168,#9169,#9170);
#9168 = CARTESIAN_POINT('',(-6.20614444824,-2.107857142857,
    22.271257142857));
#9169 = DIRECTION('',(0.,-0.707106781187,-0.707106781187));
#9170 = DIRECTION('',(0.,-0.707106781187,0.707106781187));
#9171 = ADVANCED_FACE('',(#9172),#9190,.T.);
#9172 = FACE_BOUND('',#9173,.T.);
#9173 = EDGE_LOOP('',(#9174,#9175,#9176,#9184));
#9174 = ORIENTED_EDGE('',*,*,#2637,.T.);
#9175 = ORIENTED_EDGE('',*,*,#9161,.T.);
#9176 = ORIENTED_EDGE('',*,*,#9177,.T.);
#9177 = EDGE_CURVE('',#9154,#9178,#9180,.T.);
#9178 = VERTEX_POINT('',#9179);
#9179 = CARTESIAN_POINT('',(-5.60614444824,-2.147785714286,
    22.316942857143));
#9180 = LINE('',#9181,#9182);
#9181 = CARTESIAN_POINT('',(-5.60614444824,-2.124942857143,
    22.288342857143));
#9182 = VECTOR('',#9183,1.);
#9183 = DIRECTION('',(0.,-0.62407609663,0.781363568139));
#9184 = ORIENTED_EDGE('',*,*,#9185,.F.);
#9185 = EDGE_CURVE('',#2630,#9178,#9186,.T.);
#9186 = LINE('',#9187,#9188);
#9187 = CARTESIAN_POINT('',(-6.20614444824,-2.147785714286,
    22.316942857143));
#9188 = VECTOR('',#9189,1.);
#9189 = DIRECTION('',(1.,0.,0.));
#9190 = PLANE('',#9191);
#9191 = AXIS2_PLACEMENT_3D('',#9192,#9193,#9194);
#9192 = CARTESIAN_POINT('',(-6.20614444824,-2.124942857143,
    22.288342857143));
#9193 = DIRECTION('',(0.,-0.781363568139,-0.62407609663));
#9194 = DIRECTION('',(0.,-0.62407609663,0.781363568139));
#9195 = ADVANCED_FACE('',(#9196),#9221,.T.);
#9196 = FACE_BOUND('',#9197,.T.);
#9197 = EDGE_LOOP('',(#9198,#9199,#9207,#9215));
#9198 = ORIENTED_EDGE('',*,*,#2621,.T.);
#9199 = ORIENTED_EDGE('',*,*,#9200,.T.);
#9200 = EDGE_CURVE('',#2622,#9201,#9203,.T.);
#9201 = VERTEX_POINT('',#9202);
#9202 = CARTESIAN_POINT('',(-5.60614444824,-2.193471428571,
    22.351114285714));
#9203 = LINE('',#9204,#9205);
#9204 = CARTESIAN_POINT('',(-6.20614444824,-2.193471428571,
    22.351114285714));
#9205 = VECTOR('',#9206,1.);
#9206 = DIRECTION('',(1.,0.,0.));
#9207 = ORIENTED_EDGE('',*,*,#9208,.T.);
#9208 = EDGE_CURVE('',#9201,#9209,#9211,.T.);
#9209 = VERTEX_POINT('',#9210);
#9210 = CARTESIAN_POINT('',(-5.60614444824,-2.221885714286,22.3682));
#9211 = LINE('',#9212,#9213);
#9212 = CARTESIAN_POINT('',(-5.60614444824,-2.193471428571,
    22.351114285714));
#9213 = VECTOR('',#9214,1.);
#9214 = DIRECTION('',(0.,-0.856998298068,0.515319238054));
#9215 = ORIENTED_EDGE('',*,*,#9216,.F.);
#9216 = EDGE_CURVE('',#2614,#9209,#9217,.T.);
#9217 = LINE('',#9218,#9219);
#9218 = CARTESIAN_POINT('',(-6.20614444824,-2.221885714286,22.3682));
#9219 = VECTOR('',#9220,1.);
#9220 = DIRECTION('',(1.,0.,0.));
#9221 = PLANE('',#9222);
#9222 = AXIS2_PLACEMENT_3D('',#9223,#9224,#9225);
#9223 = CARTESIAN_POINT('',(-6.20614444824,-2.193471428571,
    22.351114285714));
#9224 = DIRECTION('',(0.,-0.515319238054,-0.856998298068));
#9225 = DIRECTION('',(0.,-0.856998298068,0.515319238054));
#9226 = ADVANCED_FACE('',(#9227),#9245,.T.);
#9227 = FACE_BOUND('',#9228,.T.);
#9228 = EDGE_LOOP('',(#9229,#9230,#9231,#9239));
#9229 = ORIENTED_EDGE('',*,*,#2613,.T.);
#9230 = ORIENTED_EDGE('',*,*,#9216,.T.);
#9231 = ORIENTED_EDGE('',*,*,#9232,.T.);
#9232 = EDGE_CURVE('',#9209,#9233,#9235,.T.);
#9233 = VERTEX_POINT('',#9234);
#9234 = CARTESIAN_POINT('',(-5.60614444824,-2.244728571429,
    22.379714285714));
#9235 = LINE('',#9236,#9237);
#9236 = CARTESIAN_POINT('',(-5.60614444824,-2.221885714286,22.3682));
#9237 = VECTOR('',#9238,1.);
#9238 = DIRECTION('',(0.,-0.892970492237,0.450115207469));
#9239 = ORIENTED_EDGE('',*,*,#9240,.F.);
#9240 = EDGE_CURVE('',#2606,#9233,#9241,.T.);
#9241 = LINE('',#9242,#9243);
#9242 = CARTESIAN_POINT('',(-6.20614444824,-2.244728571429,
    22.379714285714));
#9243 = VECTOR('',#9244,1.);
#9244 = DIRECTION('',(1.,0.,0.));
#9245 = PLANE('',#9246);
#9246 = AXIS2_PLACEMENT_3D('',#9247,#9248,#9249);
#9247 = CARTESIAN_POINT('',(-6.20614444824,-2.221885714286,22.3682));
#9248 = DIRECTION('',(0.,-0.450115207469,-0.892970492237));
#9249 = DIRECTION('',(0.,-0.892970492237,0.450115207469));
#9250 = ADVANCED_FACE('',(#9251),#9269,.T.);
#9251 = FACE_BOUND('',#9252,.T.);
#9252 = EDGE_LOOP('',(#9253,#9254,#9255,#9263));
#9253 = ORIENTED_EDGE('',*,*,#2605,.T.);
#9254 = ORIENTED_EDGE('',*,*,#9240,.T.);
#9255 = ORIENTED_EDGE('',*,*,#9256,.T.);
#9256 = EDGE_CURVE('',#9233,#9257,#9259,.T.);
#9257 = VERTEX_POINT('',#9258);
#9258 = CARTESIAN_POINT('',(-5.60614444824,-2.273328571429,
    22.385471428571));
#9259 = LINE('',#9260,#9261);
#9260 = CARTESIAN_POINT('',(-5.60614444824,-2.244728571429,
    22.379714285714));
#9261 = VECTOR('',#9262,1.);
#9262 = DIRECTION('',(0.,-0.980335072596,0.197340176951));
#9263 = ORIENTED_EDGE('',*,*,#9264,.F.);
#9264 = EDGE_CURVE('',#2598,#9257,#9265,.T.);
#9265 = LINE('',#9266,#9267);
#9266 = CARTESIAN_POINT('',(-6.20614444824,-2.273328571429,
    22.385471428571));
#9267 = VECTOR('',#9268,1.);
#9268 = DIRECTION('',(1.,0.,0.));
#9269 = PLANE('',#9270);
#9270 = AXIS2_PLACEMENT_3D('',#9271,#9272,#9273);
#9271 = CARTESIAN_POINT('',(-6.20614444824,-2.244728571429,
    22.379714285714));
#9272 = DIRECTION('',(0.,-0.197340176951,-0.980335072596));
#9273 = DIRECTION('',(0.,-0.980335072596,0.197340176951));
#9274 = ADVANCED_FACE('',(#9275),#9293,.T.);
#9275 = FACE_BOUND('',#9276,.T.);
#9276 = EDGE_LOOP('',(#9277,#9278,#9279,#9287));
#9277 = ORIENTED_EDGE('',*,*,#2597,.T.);
#9278 = ORIENTED_EDGE('',*,*,#9264,.T.);
#9279 = ORIENTED_EDGE('',*,*,#9280,.T.);
#9280 = EDGE_CURVE('',#9257,#9281,#9283,.T.);
#9281 = VERTEX_POINT('',#9282);
#9282 = CARTESIAN_POINT('',(-5.60614444824,-2.301742857143,
    22.391042857143));
#9283 = LINE('',#9284,#9285);
#9284 = CARTESIAN_POINT('',(-5.60614444824,-2.273328571429,
    22.385471428571));
#9285 = VECTOR('',#9286,1.);
#9286 = DIRECTION('',(0.,-0.981313749677,0.192414460721));
#9287 = ORIENTED_EDGE('',*,*,#9288,.F.);
#9288 = EDGE_CURVE('',#2590,#9281,#9289,.T.);
#9289 = LINE('',#9290,#9291);
#9290 = CARTESIAN_POINT('',(-6.20614444824,-2.301742857143,
    22.391042857143));
#9291 = VECTOR('',#9292,1.);
#9292 = DIRECTION('',(1.,0.,0.));
#9293 = PLANE('',#9294);
#9294 = AXIS2_PLACEMENT_3D('',#9295,#9296,#9297);
#9295 = CARTESIAN_POINT('',(-6.20614444824,-2.273328571429,
    22.385471428571));
#9296 = DIRECTION('',(0.,-0.192414460721,-0.981313749677));
#9297 = DIRECTION('',(0.,-0.981313749677,0.192414460721));
#9298 = ADVANCED_FACE('',(#9299),#9317,.T.);
#9299 = FACE_BOUND('',#9300,.T.);
#9300 = EDGE_LOOP('',(#9301,#9302,#9303,#9311));
#9301 = ORIENTED_EDGE('',*,*,#2589,.T.);
#9302 = ORIENTED_EDGE('',*,*,#9288,.T.);
#9303 = ORIENTED_EDGE('',*,*,#9304,.T.);
#9304 = EDGE_CURVE('',#9281,#9305,#9307,.T.);
#9305 = VERTEX_POINT('',#9306);
#9306 = CARTESIAN_POINT('',(-5.60614444824,-2.347428571429,22.3968));
#9307 = LINE('',#9308,#9309);
#9308 = CARTESIAN_POINT('',(-5.60614444824,-2.301742857143,
    22.391042857143));
#9309 = VECTOR('',#9310,1.);
#9310 = DIRECTION('',(0.,-0.992153283358,0.125027446277));
#9311 = ORIENTED_EDGE('',*,*,#9312,.F.);
#9312 = EDGE_CURVE('',#2582,#9305,#9313,.T.);
#9313 = LINE('',#9314,#9315);
#9314 = CARTESIAN_POINT('',(-6.20614444824,-2.347428571429,22.3968));
#9315 = VECTOR('',#9316,1.);
#9316 = DIRECTION('',(1.,0.,0.));
#9317 = PLANE('',#9318);
#9318 = AXIS2_PLACEMENT_3D('',#9319,#9320,#9321);
#9319 = CARTESIAN_POINT('',(-6.20614444824,-2.301742857143,
    22.391042857143));
#9320 = DIRECTION('',(0.,-0.125027446277,-0.992153283358));
#9321 = DIRECTION('',(0.,-0.992153283358,0.125027446277));
#9322 = ADVANCED_FACE('',(#9323),#9341,.T.);
#9323 = FACE_BOUND('',#9324,.T.);
#9324 = EDGE_LOOP('',(#9325,#9326,#9327,#9335));
#9325 = ORIENTED_EDGE('',*,*,#2581,.T.);
#9326 = ORIENTED_EDGE('',*,*,#9312,.T.);
#9327 = ORIENTED_EDGE('',*,*,#9328,.T.);
#9328 = EDGE_CURVE('',#9305,#9329,#9331,.T.);
#9329 = VERTEX_POINT('',#9330);
#9330 = CARTESIAN_POINT('',(-5.60614444824,-2.775314285714,22.3968));
#9331 = LINE('',#9332,#9333);
#9332 = CARTESIAN_POINT('',(-5.60614444824,-2.347428571429,22.3968));
#9333 = VECTOR('',#9334,1.);
#9334 = DIRECTION('',(0.,-1.,0.));
#9335 = ORIENTED_EDGE('',*,*,#9336,.F.);
#9336 = EDGE_CURVE('',#2574,#9329,#9337,.T.);
#9337 = LINE('',#9338,#9339);
#9338 = CARTESIAN_POINT('',(-6.20614444824,-2.775314285714,22.3968));
#9339 = VECTOR('',#9340,1.);
#9340 = DIRECTION('',(1.,0.,0.));
#9341 = PLANE('',#9342);
#9342 = AXIS2_PLACEMENT_3D('',#9343,#9344,#9345);
#9343 = CARTESIAN_POINT('',(-6.20614444824,-2.347428571429,22.3968));
#9344 = DIRECTION('',(0.,0.,-1.));
#9345 = DIRECTION('',(0.,-1.,0.));
#9346 = ADVANCED_FACE('',(#9347),#9365,.T.);
#9347 = FACE_BOUND('',#9348,.T.);
#9348 = EDGE_LOOP('',(#9349,#9350,#9351,#9359));
#9349 = ORIENTED_EDGE('',*,*,#2573,.T.);
#9350 = ORIENTED_EDGE('',*,*,#9336,.T.);
#9351 = ORIENTED_EDGE('',*,*,#9352,.T.);
#9352 = EDGE_CURVE('',#9329,#9353,#9355,.T.);
#9353 = VERTEX_POINT('',#9354);
#9354 = CARTESIAN_POINT('',(-5.60614444824,-2.832328571429,
    22.391042857143));
#9355 = LINE('',#9356,#9357);
#9356 = CARTESIAN_POINT('',(-5.60614444824,-2.775314285714,22.3968));
#9357 = VECTOR('',#9358,1.);
#9358 = DIRECTION('',(0.,-0.994940461748,-0.100466300698));
#9359 = ORIENTED_EDGE('',*,*,#9360,.F.);
#9360 = EDGE_CURVE('',#2566,#9353,#9361,.T.);
#9361 = LINE('',#9362,#9363);
#9362 = CARTESIAN_POINT('',(-6.20614444824,-2.832328571429,
    22.391042857143));
#9363 = VECTOR('',#9364,1.);
#9364 = DIRECTION('',(1.,0.,0.));
#9365 = PLANE('',#9366);
#9366 = AXIS2_PLACEMENT_3D('',#9367,#9368,#9369);
#9367 = CARTESIAN_POINT('',(-6.20614444824,-2.775314285714,22.3968));
#9368 = DIRECTION('',(0.,0.100466300698,-0.994940461748));
#9369 = DIRECTION('',(0.,-0.994940461748,-0.100466300698));
#9370 = ADVANCED_FACE('',(#9371),#9389,.T.);
#9371 = FACE_BOUND('',#9372,.T.);
#9372 = EDGE_LOOP('',(#9373,#9374,#9375,#9383));
#9373 = ORIENTED_EDGE('',*,*,#2565,.T.);
#9374 = ORIENTED_EDGE('',*,*,#9360,.T.);
#9375 = ORIENTED_EDGE('',*,*,#9376,.T.);
#9376 = EDGE_CURVE('',#9353,#9377,#9379,.T.);
#9377 = VERTEX_POINT('',#9378);
#9378 = CARTESIAN_POINT('',(-5.60614444824,-2.878014285714,
    22.385471428571));
#9379 = LINE('',#9380,#9381);
#9380 = CARTESIAN_POINT('',(-5.60614444824,-2.832328571429,
    22.391042857143));
#9381 = VECTOR('',#9382,1.);
#9382 = DIRECTION('',(0.,-0.992645877551,-0.121054375311));
#9383 = ORIENTED_EDGE('',*,*,#9384,.F.);
#9384 = EDGE_CURVE('',#2558,#9377,#9385,.T.);
#9385 = LINE('',#9386,#9387);
#9386 = CARTESIAN_POINT('',(-6.20614444824,-2.878014285714,
    22.385471428571));
#9387 = VECTOR('',#9388,1.);
#9388 = DIRECTION('',(1.,0.,0.));
#9389 = PLANE('',#9390);
#9390 = AXIS2_PLACEMENT_3D('',#9391,#9392,#9393);
#9391 = CARTESIAN_POINT('',(-6.20614444824,-2.832328571429,
    22.391042857143));
#9392 = DIRECTION('',(0.,0.121054375311,-0.992645877551));
#9393 = DIRECTION('',(0.,-0.992645877551,-0.121054375311));
#9394 = ADVANCED_FACE('',(#9395),#9413,.T.);
#9395 = FACE_BOUND('',#9396,.T.);
#9396 = EDGE_LOOP('',(#9397,#9398,#9399,#9407));
#9397 = ORIENTED_EDGE('',*,*,#2557,.T.);
#9398 = ORIENTED_EDGE('',*,*,#9384,.T.);
#9399 = ORIENTED_EDGE('',*,*,#9400,.T.);
#9400 = EDGE_CURVE('',#9377,#9401,#9403,.T.);
#9401 = VERTEX_POINT('',#9402);
#9402 = CARTESIAN_POINT('',(-5.60614444824,-2.912185714286,
    22.379714285714));
#9403 = LINE('',#9404,#9405);
#9404 = CARTESIAN_POINT('',(-5.60614444824,-2.878014285714,
    22.385471428571));
#9405 = VECTOR('',#9406,1.);
#9406 = DIRECTION('',(0.,-0.98610270304,-0.166136868447));
#9407 = ORIENTED_EDGE('',*,*,#9408,.F.);
#9408 = EDGE_CURVE('',#2550,#9401,#9409,.T.);
#9409 = LINE('',#9410,#9411);
#9410 = CARTESIAN_POINT('',(-6.20614444824,-2.912185714286,
    22.379714285714));
#9411 = VECTOR('',#9412,1.);
#9412 = DIRECTION('',(1.,0.,0.));
#9413 = PLANE('',#9414);
#9414 = AXIS2_PLACEMENT_3D('',#9415,#9416,#9417);
#9415 = CARTESIAN_POINT('',(-6.20614444824,-2.878014285714,
    22.385471428571));
#9416 = DIRECTION('',(0.,0.166136868447,-0.98610270304));
#9417 = DIRECTION('',(0.,-0.98610270304,-0.166136868447));
#9418 = ADVANCED_FACE('',(#9419),#9437,.T.);
#9419 = FACE_BOUND('',#9420,.T.);
#9420 = EDGE_LOOP('',(#9421,#9422,#9423,#9431));
#9421 = ORIENTED_EDGE('',*,*,#2549,.T.);
#9422 = ORIENTED_EDGE('',*,*,#9408,.T.);
#9423 = ORIENTED_EDGE('',*,*,#9424,.T.);
#9424 = EDGE_CURVE('',#9401,#9425,#9427,.T.);
#9425 = VERTEX_POINT('',#9426);
#9426 = CARTESIAN_POINT('',(-5.60614444824,-2.952114285714,22.3682));
#9427 = LINE('',#9428,#9429);
#9428 = CARTESIAN_POINT('',(-5.60614444824,-2.912185714286,
    22.379714285714));
#9429 = VECTOR('',#9430,1.);
#9430 = DIRECTION('',(0.,-0.960846474829,-0.27708130902));
#9431 = ORIENTED_EDGE('',*,*,#9432,.F.);
#9432 = EDGE_CURVE('',#2542,#9425,#9433,.T.);
#9433 = LINE('',#9434,#9435);
#9434 = CARTESIAN_POINT('',(-6.20614444824,-2.952114285714,22.3682));
#9435 = VECTOR('',#9436,1.);
#9436 = DIRECTION('',(1.,0.,0.));
#9437 = PLANE('',#9438);
#9438 = AXIS2_PLACEMENT_3D('',#9439,#9440,#9441);
#9439 = CARTESIAN_POINT('',(-6.20614444824,-2.912185714286,
    22.379714285714));
#9440 = DIRECTION('',(0.,0.27708130902,-0.960846474829));
#9441 = DIRECTION('',(0.,-0.960846474829,-0.27708130902));
#9442 = ADVANCED_FACE('',(#9443),#9461,.T.);
#9443 = FACE_BOUND('',#9444,.T.);
#9444 = EDGE_LOOP('',(#9445,#9446,#9447,#9455));
#9445 = ORIENTED_EDGE('',*,*,#2541,.T.);
#9446 = ORIENTED_EDGE('',*,*,#9432,.T.);
#9447 = ORIENTED_EDGE('',*,*,#9448,.T.);
#9448 = EDGE_CURVE('',#9425,#9449,#9451,.T.);
#9449 = VERTEX_POINT('',#9450);
#9450 = CARTESIAN_POINT('',(-5.60614444824,-3.009314285714,
    22.345542857143));
#9451 = LINE('',#9452,#9453);
#9452 = CARTESIAN_POINT('',(-5.60614444824,-2.952114285714,22.3682));
#9453 = VECTOR('',#9454,1.);
#9454 = DIRECTION('',(0.,-0.929720504504,-0.368265914122));
#9455 = ORIENTED_EDGE('',*,*,#9456,.F.);
#9456 = EDGE_CURVE('',#2534,#9449,#9457,.T.);
#9457 = LINE('',#9458,#9459);
#9458 = CARTESIAN_POINT('',(-6.20614444824,-3.009314285714,
    22.345542857143));
#9459 = VECTOR('',#9460,1.);
#9460 = DIRECTION('',(1.,0.,0.));
#9461 = PLANE('',#9462);
#9462 = AXIS2_PLACEMENT_3D('',#9463,#9464,#9465);
#9463 = CARTESIAN_POINT('',(-6.20614444824,-2.952114285714,22.3682));
#9464 = DIRECTION('',(0.,0.368265914122,-0.929720504504));
#9465 = DIRECTION('',(0.,-0.929720504504,-0.368265914122));
#9466 = ADVANCED_FACE('',(#9467),#9485,.T.);
#9467 = FACE_BOUND('',#9468,.T.);
#9468 = EDGE_LOOP('',(#9469,#9470,#9471,#9479));
#9469 = ORIENTED_EDGE('',*,*,#2533,.T.);
#9470 = ORIENTED_EDGE('',*,*,#9456,.T.);
#9471 = ORIENTED_EDGE('',*,*,#9472,.T.);
#9472 = EDGE_CURVE('',#9449,#9473,#9475,.T.);
#9473 = VERTEX_POINT('',#9474);
#9474 = CARTESIAN_POINT('',(-5.60614444824,-3.043485714286,
    22.328271428571));
#9475 = LINE('',#9476,#9477);
#9476 = CARTESIAN_POINT('',(-5.60614444824,-3.009314285714,
    22.345542857143));
#9477 = VECTOR('',#9478,1.);
#9478 = DIRECTION('',(0.,-0.892478602936,-0.451089728658));
#9479 = ORIENTED_EDGE('',*,*,#9480,.F.);
#9480 = EDGE_CURVE('',#2526,#9473,#9481,.T.);
#9481 = LINE('',#9482,#9483);
#9482 = CARTESIAN_POINT('',(-6.20614444824,-3.043485714286,
    22.328271428571));
#9483 = VECTOR('',#9484,1.);
#9484 = DIRECTION('',(1.,0.,0.));
#9485 = PLANE('',#9486);
#9486 = AXIS2_PLACEMENT_3D('',#9487,#9488,#9489);
#9487 = CARTESIAN_POINT('',(-6.20614444824,-3.009314285714,
    22.345542857143));
#9488 = DIRECTION('',(0.,0.451089728658,-0.892478602936));
#9489 = DIRECTION('',(0.,-0.892478602936,-0.451089728658));
#9490 = ADVANCED_FACE('',(#9491),#9509,.T.);
#9491 = FACE_BOUND('',#9492,.T.);
#9492 = EDGE_LOOP('',(#9493,#9494,#9495,#9503));
#9493 = ORIENTED_EDGE('',*,*,#2525,.T.);
#9494 = ORIENTED_EDGE('',*,*,#9480,.T.);
#9495 = ORIENTED_EDGE('',*,*,#9496,.T.);
#9496 = EDGE_CURVE('',#9473,#9497,#9499,.T.);
#9497 = VERTEX_POINT('',#9498);
#9498 = CARTESIAN_POINT('',(-5.60614444824,-3.077657142857,
    22.311185714286));
#9499 = LINE('',#9500,#9501);
#9500 = CARTESIAN_POINT('',(-5.60614444824,-3.043485714286,
    22.328271428571));
#9501 = VECTOR('',#9502,1.);
#9502 = DIRECTION('',(0.,-0.894427191,-0.4472135955));
#9503 = ORIENTED_EDGE('',*,*,#9504,.F.);
#9504 = EDGE_CURVE('',#2518,#9497,#9505,.T.);
#9505 = LINE('',#9506,#9507);
#9506 = CARTESIAN_POINT('',(-6.20614444824,-3.077657142857,
    22.311185714286));
#9507 = VECTOR('',#9508,1.);
#9508 = DIRECTION('',(1.,0.,0.));
#9509 = PLANE('',#9510);
#9510 = AXIS2_PLACEMENT_3D('',#9511,#9512,#9513);
#9511 = CARTESIAN_POINT('',(-6.20614444824,-3.043485714286,
    22.328271428571));
#9512 = DIRECTION('',(0.,0.4472135955,-0.894427191));
#9513 = DIRECTION('',(0.,-0.894427191,-0.4472135955));
#9514 = ADVANCED_FACE('',(#9515),#9533,.T.);
#9515 = FACE_BOUND('',#9516,.T.);
#9516 = EDGE_LOOP('',(#9517,#9518,#9519,#9527));
#9517 = ORIENTED_EDGE('',*,*,#2517,.T.);
#9518 = ORIENTED_EDGE('',*,*,#9504,.T.);
#9519 = ORIENTED_EDGE('',*,*,#9520,.T.);
#9520 = EDGE_CURVE('',#9497,#9521,#9523,.T.);
#9521 = VERTEX_POINT('',#9522);
#9522 = CARTESIAN_POINT('',(-5.60614444824,-3.134671428571,
    22.271257142857));
#9523 = LINE('',#9524,#9525);
#9524 = CARTESIAN_POINT('',(-5.60614444824,-3.077657142857,
    22.311185714286));
#9525 = VECTOR('',#9526,1.);
#9526 = DIRECTION('',(0.,-0.819106553991,-0.573641397746));
#9527 = ORIENTED_EDGE('',*,*,#9528,.F.);
#9528 = EDGE_CURVE('',#2510,#9521,#9529,.T.);
#9529 = LINE('',#9530,#9531);
#9530 = CARTESIAN_POINT('',(-6.20614444824,-3.134671428571,
    22.271257142857));
#9531 = VECTOR('',#9532,1.);
#9532 = DIRECTION('',(1.,0.,0.));
#9533 = PLANE('',#9534);
#9534 = AXIS2_PLACEMENT_3D('',#9535,#9536,#9537);
#9535 = CARTESIAN_POINT('',(-6.20614444824,-3.077657142857,
    22.311185714286));
#9536 = DIRECTION('',(0.,0.573641397746,-0.819106553991));
#9537 = DIRECTION('',(0.,-0.819106553991,-0.573641397746));
#9538 = ADVANCED_FACE('',(#9539),#9557,.T.);
#9539 = FACE_BOUND('',#9540,.T.);
#9540 = EDGE_LOOP('',(#9541,#9542,#9543,#9551));
#9541 = ORIENTED_EDGE('',*,*,#2509,.T.);
#9542 = ORIENTED_EDGE('',*,*,#9528,.T.);
#9543 = ORIENTED_EDGE('',*,*,#9544,.T.);
#9544 = EDGE_CURVE('',#9521,#9545,#9547,.T.);
#9545 = VERTEX_POINT('',#9546);
#9546 = CARTESIAN_POINT('',(-5.60614444824,-3.180357142857,
    22.225571428571));
#9547 = LINE('',#9548,#9549);
#9548 = CARTESIAN_POINT('',(-5.60614444824,-3.134671428571,
    22.271257142857));
#9549 = VECTOR('',#9550,1.);
#9550 = DIRECTION('',(0.,-0.707106781187,-0.707106781187));
#9551 = ORIENTED_EDGE('',*,*,#9552,.F.);
#9552 = EDGE_CURVE('',#2502,#9545,#9553,.T.);
#9553 = LINE('',#9554,#9555);
#9554 = CARTESIAN_POINT('',(-6.20614444824,-3.180357142857,
    22.225571428571));
#9555 = VECTOR('',#9556,1.);
#9556 = DIRECTION('',(1.,0.,0.));
#9557 = PLANE('',#9558);
#9558 = AXIS2_PLACEMENT_3D('',#9559,#9560,#9561);
#9559 = CARTESIAN_POINT('',(-6.20614444824,-3.134671428571,
    22.271257142857));
#9560 = DIRECTION('',(0.,0.707106781187,-0.707106781187));
#9561 = DIRECTION('',(0.,-0.707106781187,-0.707106781187));
#9562 = ADVANCED_FACE('',(#9563),#9581,.T.);
#9563 = FACE_BOUND('',#9564,.T.);
#9564 = EDGE_LOOP('',(#9565,#9566,#9567,#9575));
#9565 = ORIENTED_EDGE('',*,*,#2501,.T.);
#9566 = ORIENTED_EDGE('',*,*,#9552,.T.);
#9567 = ORIENTED_EDGE('',*,*,#9568,.T.);
#9568 = EDGE_CURVE('',#9545,#9569,#9571,.T.);
#9569 = VERTEX_POINT('',#9570);
#9570 = CARTESIAN_POINT('',(-5.60614444824,-3.226042857143,
    22.174314285714));
#9571 = LINE('',#9572,#9573);
#9572 = CARTESIAN_POINT('',(-5.60614444824,-3.180357142857,
    22.225571428571));
#9573 = VECTOR('',#9574,1.);
#9574 = DIRECTION('',(0.,-0.665370524754,-0.746513271676));
#9575 = ORIENTED_EDGE('',*,*,#9576,.F.);
#9576 = EDGE_CURVE('',#2494,#9569,#9577,.T.);
#9577 = LINE('',#9578,#9579);
#9578 = CARTESIAN_POINT('',(-6.20614444824,-3.226042857143,
    22.174314285714));
#9579 = VECTOR('',#9580,1.);
#9580 = DIRECTION('',(1.,0.,0.));
#9581 = PLANE('',#9582);
#9582 = AXIS2_PLACEMENT_3D('',#9583,#9584,#9585);
#9583 = CARTESIAN_POINT('',(-6.20614444824,-3.180357142857,
    22.225571428571));
#9584 = DIRECTION('',(0.,0.746513271676,-0.665370524754));
#9585 = DIRECTION('',(0.,-0.665370524754,-0.746513271676));
#9586 = ADVANCED_FACE('',(#9587),#9605,.T.);
#9587 = FACE_BOUND('',#9588,.T.);
#9588 = EDGE_LOOP('',(#9589,#9590,#9591,#9599));
#9589 = ORIENTED_EDGE('',*,*,#2493,.T.);
#9590 = ORIENTED_EDGE('',*,*,#9576,.T.);
#9591 = ORIENTED_EDGE('',*,*,#9592,.T.);
#9592 = EDGE_CURVE('',#9569,#9593,#9595,.T.);
#9593 = VERTEX_POINT('',#9594);
#9594 = CARTESIAN_POINT('',(-5.60614444824,-3.260214285714,
    22.122871428571));
#9595 = LINE('',#9596,#9597);
#9596 = CARTESIAN_POINT('',(-5.60614444824,-3.226042857143,
    22.174314285714));
#9597 = VECTOR('',#9598,1.);
#9598 = DIRECTION('',(0.,-0.553311519375,-0.832974406886));
#9599 = ORIENTED_EDGE('',*,*,#9600,.F.);
#9600 = EDGE_CURVE('',#2486,#9593,#9601,.T.);
#9601 = LINE('',#9602,#9603);
#9602 = CARTESIAN_POINT('',(-6.20614444824,-3.260214285714,
    22.122871428571));
#9603 = VECTOR('',#9604,1.);
#9604 = DIRECTION('',(1.,0.,0.));
#9605 = PLANE('',#9606);
#9606 = AXIS2_PLACEMENT_3D('',#9607,#9608,#9609);
#9607 = CARTESIAN_POINT('',(-6.20614444824,-3.226042857143,
    22.174314285714));
#9608 = DIRECTION('',(0.,0.832974406886,-0.553311519375));
#9609 = DIRECTION('',(0.,-0.553311519375,-0.832974406886));
#9610 = ADVANCED_FACE('',(#9611),#9629,.T.);
#9611 = FACE_BOUND('',#9612,.T.);
#9612 = EDGE_LOOP('',(#9613,#9614,#9615,#9623));
#9613 = ORIENTED_EDGE('',*,*,#2485,.T.);
#9614 = ORIENTED_EDGE('',*,*,#9600,.T.);
#9615 = ORIENTED_EDGE('',*,*,#9616,.T.);
#9616 = EDGE_CURVE('',#9593,#9617,#9619,.T.);
#9617 = VERTEX_POINT('',#9618);
#9618 = CARTESIAN_POINT('',(-5.60614444824,-3.283057142857,22.0887));
#9619 = LINE('',#9620,#9621);
#9620 = CARTESIAN_POINT('',(-5.60614444824,-3.260214285714,
    22.122871428571));
#9621 = VECTOR('',#9622,1.);
#9622 = DIRECTION('',(0.,-0.555742429414,-0.831354528555));
#9623 = ORIENTED_EDGE('',*,*,#9624,.F.);
#9624 = EDGE_CURVE('',#2478,#9617,#9625,.T.);
#9625 = LINE('',#9626,#9627);
#9626 = CARTESIAN_POINT('',(-6.20614444824,-3.283057142857,22.0887));
#9627 = VECTOR('',#9628,1.);
#9628 = DIRECTION('',(1.,0.,0.));
#9629 = PLANE('',#9630);
#9630 = AXIS2_PLACEMENT_3D('',#9631,#9632,#9633);
#9631 = CARTESIAN_POINT('',(-6.20614444824,-3.260214285714,
    22.122871428571));
#9632 = DIRECTION('',(0.,0.831354528555,-0.555742429414));
#9633 = DIRECTION('',(0.,-0.555742429414,-0.831354528555));
#9634 = ADVANCED_FACE('',(#9635),#9653,.T.);
#9635 = FACE_BOUND('',#9636,.T.);
#9636 = EDGE_LOOP('',(#9637,#9638,#9639,#9647));
#9637 = ORIENTED_EDGE('',*,*,#2477,.T.);
#9638 = ORIENTED_EDGE('',*,*,#9624,.T.);
#9639 = ORIENTED_EDGE('',*,*,#9640,.T.);
#9640 = EDGE_CURVE('',#9617,#9641,#9643,.T.);
#9641 = VERTEX_POINT('',#9642);
#9642 = CARTESIAN_POINT('',(-5.60614444824,-3.294571428571,
    22.054528571429));
#9643 = LINE('',#9644,#9645);
#9644 = CARTESIAN_POINT('',(-5.60614444824,-3.283057142857,22.0887));
#9645 = VECTOR('',#9646,1.);
#9646 = DIRECTION('',(0.,-0.319316245627,-0.947648212829));
#9647 = ORIENTED_EDGE('',*,*,#9648,.F.);
#9648 = EDGE_CURVE('',#2470,#9641,#9649,.T.);
#9649 = LINE('',#9650,#9651);
#9650 = CARTESIAN_POINT('',(-6.20614444824,-3.294571428571,
    22.054528571429));
#9651 = VECTOR('',#9652,1.);
#9652 = DIRECTION('',(1.,0.,0.));
#9653 = PLANE('',#9654);
#9654 = AXIS2_PLACEMENT_3D('',#9655,#9656,#9657);
#9655 = CARTESIAN_POINT('',(-6.20614444824,-3.283057142857,22.0887));
#9656 = DIRECTION('',(0.,0.947648212829,-0.319316245627));
#9657 = DIRECTION('',(0.,-0.319316245627,-0.947648212829));
#9658 = ADVANCED_FACE('',(#9659),#9677,.T.);
#9659 = FACE_BOUND('',#9660,.T.);
#9660 = EDGE_LOOP('',(#9661,#9662,#9663,#9671));
#9661 = ORIENTED_EDGE('',*,*,#2469,.T.);
#9662 = ORIENTED_EDGE('',*,*,#9648,.T.);
#9663 = ORIENTED_EDGE('',*,*,#9664,.T.);
#9664 = EDGE_CURVE('',#9641,#9665,#9667,.T.);
#9665 = VERTEX_POINT('',#9666);
#9666 = CARTESIAN_POINT('',(-5.60614444824,-3.317228571429,
    22.003085714286));
#9667 = LINE('',#9668,#9669);
#9668 = CARTESIAN_POINT('',(-5.60614444824,-3.294571428571,
    22.054528571429));
#9669 = VECTOR('',#9670,1.);
#9670 = DIRECTION('',(0.,-0.403070745111,-0.915168822915));
#9671 = ORIENTED_EDGE('',*,*,#9672,.F.);
#9672 = EDGE_CURVE('',#2462,#9665,#9673,.T.);
#9673 = LINE('',#9674,#9675);
#9674 = CARTESIAN_POINT('',(-6.20614444824,-3.317228571429,
    22.003085714286));
#9675 = VECTOR('',#9676,1.);
#9676 = DIRECTION('',(1.,0.,0.));
#9677 = PLANE('',#9678);
#9678 = AXIS2_PLACEMENT_3D('',#9679,#9680,#9681);
#9679 = CARTESIAN_POINT('',(-6.20614444824,-3.294571428571,
    22.054528571429));
#9680 = DIRECTION('',(0.,0.915168822915,-0.403070745111));
#9681 = DIRECTION('',(0.,-0.403070745111,-0.915168822915));
#9682 = ADVANCED_FACE('',(#9683),#9701,.T.);
#9683 = FACE_BOUND('',#9684,.T.);
#9684 = EDGE_LOOP('',(#9685,#9686,#9687,#9695));
#9685 = ORIENTED_EDGE('',*,*,#2461,.T.);
#9686 = ORIENTED_EDGE('',*,*,#9672,.T.);
#9687 = ORIENTED_EDGE('',*,*,#9688,.T.);
#9688 = EDGE_CURVE('',#9665,#9689,#9691,.T.);
#9689 = VERTEX_POINT('',#9690);
#9690 = CARTESIAN_POINT('',(-5.60614444824,-3.3345,21.946071428571));
#9691 = LINE('',#9692,#9693);
#9692 = CARTESIAN_POINT('',(-5.60614444824,-3.317228571429,
    22.003085714286));
#9693 = VECTOR('',#9694,1.);
#9694 = DIRECTION('',(0.,-0.289920871686,-0.957050619435));
#9695 = ORIENTED_EDGE('',*,*,#9696,.F.);
#9696 = EDGE_CURVE('',#2454,#9689,#9697,.T.);
#9697 = LINE('',#9698,#9699);
#9698 = CARTESIAN_POINT('',(-6.20614444824,-3.3345,21.946071428571));
#9699 = VECTOR('',#9700,1.);
#9700 = DIRECTION('',(1.,0.,0.));
#9701 = PLANE('',#9702);
#9702 = AXIS2_PLACEMENT_3D('',#9703,#9704,#9705);
#9703 = CARTESIAN_POINT('',(-6.20614444824,-3.317228571429,
    22.003085714286));
#9704 = DIRECTION('',(0.,0.957050619435,-0.289920871686));
#9705 = DIRECTION('',(0.,-0.289920871686,-0.957050619435));
#9706 = ADVANCED_FACE('',(#9707),#9725,.T.);
#9707 = FACE_BOUND('',#9708,.T.);
#9708 = EDGE_LOOP('',(#9709,#9710,#9711,#9719));
#9709 = ORIENTED_EDGE('',*,*,#2453,.T.);
#9710 = ORIENTED_EDGE('',*,*,#9696,.T.);
#9711 = ORIENTED_EDGE('',*,*,#9712,.T.);
#9712 = EDGE_CURVE('',#9689,#9713,#9715,.T.);
#9713 = VERTEX_POINT('',#9714);
#9714 = CARTESIAN_POINT('',(-5.60614444824,-3.340071428571,
    21.900385714286));
#9715 = LINE('',#9716,#9717);
#9716 = CARTESIAN_POINT('',(-5.60614444824,-3.3345,21.946071428571));
#9717 = VECTOR('',#9718,1.);
#9718 = DIRECTION('',(0.,-0.121054375311,-0.992645877551));
#9719 = ORIENTED_EDGE('',*,*,#9720,.F.);
#9720 = EDGE_CURVE('',#2446,#9713,#9721,.T.);
#9721 = LINE('',#9722,#9723);
#9722 = CARTESIAN_POINT('',(-6.20614444824,-3.340071428571,
    21.900385714286));
#9723 = VECTOR('',#9724,1.);
#9724 = DIRECTION('',(1.,0.,0.));
#9725 = PLANE('',#9726);
#9726 = AXIS2_PLACEMENT_3D('',#9727,#9728,#9729);
#9727 = CARTESIAN_POINT('',(-6.20614444824,-3.3345,21.946071428571));
#9728 = DIRECTION('',(0.,0.992645877551,-0.121054375311));
#9729 = DIRECTION('',(0.,-0.121054375311,-0.992645877551));
#9730 = ADVANCED_FACE('',(#9731),#9749,.T.);
#9731 = FACE_BOUND('',#9732,.T.);
#9732 = EDGE_LOOP('',(#9733,#9734,#9735,#9743));
#9733 = ORIENTED_EDGE('',*,*,#2445,.T.);
#9734 = ORIENTED_EDGE('',*,*,#9720,.T.);
#9735 = ORIENTED_EDGE('',*,*,#9736,.T.);
#9736 = EDGE_CURVE('',#9713,#9737,#9739,.T.);
#9737 = VERTEX_POINT('',#9738);
#9738 = CARTESIAN_POINT('',(-5.60614444824,-3.345828571429,
    21.837614285714));
#9739 = LINE('',#9740,#9741);
#9740 = CARTESIAN_POINT('',(-5.60614444824,-3.340071428571,
    21.900385714286));
#9741 = VECTOR('',#9742,1.);
#9742 = DIRECTION('',(0.,-9.133264387955E-02,-0.995820439719));
#9743 = ORIENTED_EDGE('',*,*,#9744,.F.);
#9744 = EDGE_CURVE('',#2438,#9737,#9745,.T.);
#9745 = LINE('',#9746,#9747);
#9746 = CARTESIAN_POINT('',(-6.20614444824,-3.345828571429,
    21.837614285714));
#9747 = VECTOR('',#9748,1.);
#9748 = DIRECTION('',(1.,0.,0.));
#9749 = PLANE('',#9750);
#9750 = AXIS2_PLACEMENT_3D('',#9751,#9752,#9753);
#9751 = CARTESIAN_POINT('',(-6.20614444824,-3.340071428571,
    21.900385714286));
#9752 = DIRECTION('',(0.,0.995820439719,-9.133264387955E-02));
#9753 = DIRECTION('',(0.,-9.133264387955E-02,-0.995820439719));
#9754 = ADVANCED_FACE('',(#9755),#9773,.T.);
#9755 = FACE_BOUND('',#9756,.T.);
#9756 = EDGE_LOOP('',(#9757,#9758,#9759,#9767));
#9757 = ORIENTED_EDGE('',*,*,#2437,.T.);
#9758 = ORIENTED_EDGE('',*,*,#9744,.T.);
#9759 = ORIENTED_EDGE('',*,*,#9760,.T.);
#9760 = EDGE_CURVE('',#9737,#9761,#9763,.T.);
#9761 = VERTEX_POINT('',#9762);
#9762 = CARTESIAN_POINT('',(-5.60614444824,-3.345828571429,
    18.973714285714));
#9763 = LINE('',#9764,#9765);
#9764 = CARTESIAN_POINT('',(-5.60614444824,-3.345828571429,
    21.837614285714));
#9765 = VECTOR('',#9766,1.);
#9766 = DIRECTION('',(0.,0.,-1.));
#9767 = ORIENTED_EDGE('',*,*,#9768,.F.);
#9768 = EDGE_CURVE('',#2430,#9761,#9769,.T.);
#9769 = LINE('',#9770,#9771);
#9770 = CARTESIAN_POINT('',(-6.20614444824,-3.345828571429,
    18.973714285714));
#9771 = VECTOR('',#9772,1.);
#9772 = DIRECTION('',(1.,0.,0.));
#9773 = PLANE('',#9774);
#9774 = AXIS2_PLACEMENT_3D('',#9775,#9776,#9777);
#9775 = CARTESIAN_POINT('',(-6.20614444824,-3.345828571429,
    21.837614285714));
#9776 = DIRECTION('',(-0.,1.,0.));
#9777 = DIRECTION('',(0.,0.,-1.));
#9778 = ADVANCED_FACE('',(#9779),#9797,.T.);
#9779 = FACE_BOUND('',#9780,.T.);
#9780 = EDGE_LOOP('',(#9781,#9782,#9783,#9791));
#9781 = ORIENTED_EDGE('',*,*,#2429,.T.);
#9782 = ORIENTED_EDGE('',*,*,#9768,.T.);
#9783 = ORIENTED_EDGE('',*,*,#9784,.T.);
#9784 = EDGE_CURVE('',#9761,#9785,#9787,.T.);
#9785 = VERTEX_POINT('',#9786);
#9786 = CARTESIAN_POINT('',(-5.60614444824,-3.785042857143,
    18.973714285714));
#9787 = LINE('',#9788,#9789);
#9788 = CARTESIAN_POINT('',(-5.60614444824,-3.345828571429,
    18.973714285714));
#9789 = VECTOR('',#9790,1.);
#9790 = DIRECTION('',(0.,-1.,0.));
#9791 = ORIENTED_EDGE('',*,*,#9792,.F.);
#9792 = EDGE_CURVE('',#2422,#9785,#9793,.T.);
#9793 = LINE('',#9794,#9795);
#9794 = CARTESIAN_POINT('',(-6.20614444824,-3.785042857143,
    18.973714285714));
#9795 = VECTOR('',#9796,1.);
#9796 = DIRECTION('',(1.,0.,0.));
#9797 = PLANE('',#9798);
#9798 = AXIS2_PLACEMENT_3D('',#9799,#9800,#9801);
#9799 = CARTESIAN_POINT('',(-6.20614444824,-3.345828571429,
    18.973714285714));
#9800 = DIRECTION('',(0.,0.,-1.));
#9801 = DIRECTION('',(0.,-1.,0.));
#9802 = ADVANCED_FACE('',(#9803),#9821,.T.);
#9803 = FACE_BOUND('',#9804,.T.);
#9804 = EDGE_LOOP('',(#9805,#9806,#9807,#9815));
#9805 = ORIENTED_EDGE('',*,*,#2421,.T.);
#9806 = ORIENTED_EDGE('',*,*,#9792,.T.);
#9807 = ORIENTED_EDGE('',*,*,#9808,.T.);
#9808 = EDGE_CURVE('',#9785,#9809,#9811,.T.);
#9809 = VERTEX_POINT('',#9810);
#9810 = CARTESIAN_POINT('',(-5.60614444824,-3.813642857143,
    18.967957142857));
#9811 = LINE('',#9812,#9813);
#9812 = CARTESIAN_POINT('',(-5.60614444824,-3.785042857143,
    18.973714285714));
#9813 = VECTOR('',#9814,1.);
#9814 = DIRECTION('',(0.,-0.980335072596,-0.197340176951));
#9815 = ORIENTED_EDGE('',*,*,#9816,.F.);
#9816 = EDGE_CURVE('',#2414,#9809,#9817,.T.);
#9817 = LINE('',#9818,#9819);
#9818 = CARTESIAN_POINT('',(-6.20614444824,-3.813642857143,
    18.967957142857));
#9819 = VECTOR('',#9820,1.);
#9820 = DIRECTION('',(1.,0.,0.));
#9821 = PLANE('',#9822);
#9822 = AXIS2_PLACEMENT_3D('',#9823,#9824,#9825);
#9823 = CARTESIAN_POINT('',(-6.20614444824,-3.785042857143,
    18.973714285714));
#9824 = DIRECTION('',(0.,0.197340176951,-0.980335072596));
#9825 = DIRECTION('',(0.,-0.980335072596,-0.197340176951));
#9826 = ADVANCED_FACE('',(#9827),#9845,.T.);
#9827 = FACE_BOUND('',#9828,.T.);
#9828 = EDGE_LOOP('',(#9829,#9830,#9831,#9839));
#9829 = ORIENTED_EDGE('',*,*,#2413,.T.);
#9830 = ORIENTED_EDGE('',*,*,#9816,.T.);
#9831 = ORIENTED_EDGE('',*,*,#9832,.T.);
#9832 = EDGE_CURVE('',#9809,#9833,#9835,.T.);
#9833 = VERTEX_POINT('',#9834);
#9834 = CARTESIAN_POINT('',(-5.60614444824,-3.842242857143,
    18.956628571429));
#9835 = LINE('',#9836,#9837);
#9836 = CARTESIAN_POINT('',(-5.60614444824,-3.813642857143,
    18.967957142857));
#9837 = VECTOR('',#9838,1.);
#9838 = DIRECTION('',(0.,-0.929720504504,-0.368265914122));
#9839 = ORIENTED_EDGE('',*,*,#9840,.F.);
#9840 = EDGE_CURVE('',#2406,#9833,#9841,.T.);
#9841 = LINE('',#9842,#9843);
#9842 = CARTESIAN_POINT('',(-6.20614444824,-3.842242857143,
    18.956628571429));
#9843 = VECTOR('',#9844,1.);
#9844 = DIRECTION('',(1.,0.,0.));
#9845 = PLANE('',#9846);
#9846 = AXIS2_PLACEMENT_3D('',#9847,#9848,#9849);
#9847 = CARTESIAN_POINT('',(-6.20614444824,-3.813642857143,
    18.967957142857));
#9848 = DIRECTION('',(0.,0.368265914122,-0.929720504504));
#9849 = DIRECTION('',(0.,-0.929720504504,-0.368265914122));
#9850 = ADVANCED_FACE('',(#9851),#9869,.T.);
#9851 = FACE_BOUND('',#9852,.T.);
#9852 = EDGE_LOOP('',(#9853,#9854,#9855,#9863));
#9853 = ORIENTED_EDGE('',*,*,#2405,.T.);
#9854 = ORIENTED_EDGE('',*,*,#9840,.T.);
#9855 = ORIENTED_EDGE('',*,*,#9856,.T.);
#9856 = EDGE_CURVE('',#9833,#9857,#9859,.T.);
#9857 = VERTEX_POINT('',#9858);
#9858 = CARTESIAN_POINT('',(-5.60614444824,-3.865085714286,
    18.939542857143));
#9859 = LINE('',#9860,#9861);
#9860 = CARTESIAN_POINT('',(-5.60614444824,-3.842242857143,
    18.956628571429));
#9861 = VECTOR('',#9862,1.);
#9862 = DIRECTION('',(0.,-0.80078057117,-0.598957825591));
#9863 = ORIENTED_EDGE('',*,*,#9864,.F.);
#9864 = EDGE_CURVE('',#2398,#9857,#9865,.T.);
#9865 = LINE('',#9866,#9867);
#9866 = CARTESIAN_POINT('',(-6.20614444824,-3.865085714286,
    18.939542857143));
#9867 = VECTOR('',#9868,1.);
#9868 = DIRECTION('',(1.,0.,0.));
#9869 = PLANE('',#9870);
#9870 = AXIS2_PLACEMENT_3D('',#9871,#9872,#9873);
#9871 = CARTESIAN_POINT('',(-6.20614444824,-3.842242857143,
    18.956628571429));
#9872 = DIRECTION('',(0.,0.598957825591,-0.80078057117));
#9873 = DIRECTION('',(0.,-0.80078057117,-0.598957825591));
#9874 = ADVANCED_FACE('',(#9875),#9893,.T.);
#9875 = FACE_BOUND('',#9876,.T.);
#9876 = EDGE_LOOP('',(#9877,#9878,#9879,#9887));
#9877 = ORIENTED_EDGE('',*,*,#2397,.T.);
#9878 = ORIENTED_EDGE('',*,*,#9864,.T.);
#9879 = ORIENTED_EDGE('',*,*,#9880,.T.);
#9880 = EDGE_CURVE('',#9857,#9881,#9883,.T.);
#9881 = VERTEX_POINT('',#9882);
#9882 = CARTESIAN_POINT('',(-5.60614444824,-3.882171428571,
    18.922457142857));
#9883 = LINE('',#9884,#9885);
#9884 = CARTESIAN_POINT('',(-5.60614444824,-3.865085714286,
    18.939542857143));
#9885 = VECTOR('',#9886,1.);
#9886 = DIRECTION('',(0.,-0.707106781187,-0.707106781187));
#9887 = ORIENTED_EDGE('',*,*,#9888,.F.);
#9888 = EDGE_CURVE('',#2390,#9881,#9889,.T.);
#9889 = LINE('',#9890,#9891);
#9890 = CARTESIAN_POINT('',(-6.20614444824,-3.882171428571,
    18.922457142857));
#9891 = VECTOR('',#9892,1.);
#9892 = DIRECTION('',(1.,0.,0.));
#9893 = PLANE('',#9894);
#9894 = AXIS2_PLACEMENT_3D('',#9895,#9896,#9897);
#9895 = CARTESIAN_POINT('',(-6.20614444824,-3.865085714286,
    18.939542857143));
#9896 = DIRECTION('',(0.,0.707106781187,-0.707106781187));
#9897 = DIRECTION('',(0.,-0.707106781187,-0.707106781187));
#9898 = ADVANCED_FACE('',(#9899),#9917,.T.);
#9899 = FACE_BOUND('',#9900,.T.);
#9900 = EDGE_LOOP('',(#9901,#9902,#9903,#9911));
#9901 = ORIENTED_EDGE('',*,*,#2389,.T.);
#9902 = ORIENTED_EDGE('',*,*,#9888,.T.);
#9903 = ORIENTED_EDGE('',*,*,#9904,.T.);
#9904 = EDGE_CURVE('',#9881,#9905,#9907,.T.);
#9905 = VERTEX_POINT('',#9906);
#9906 = CARTESIAN_POINT('',(-5.60614444824,-3.8935,18.905185714286));
#9907 = LINE('',#9908,#9909);
#9908 = CARTESIAN_POINT('',(-5.60614444824,-3.882171428571,
    18.922457142857));
#9909 = VECTOR('',#9910,1.);
#9910 = DIRECTION('',(0.,-0.548460032671,-0.836176771121));
#9911 = ORIENTED_EDGE('',*,*,#9912,.F.);
#9912 = EDGE_CURVE('',#2382,#9905,#9913,.T.);
#9913 = LINE('',#9914,#9915);
#9914 = CARTESIAN_POINT('',(-6.20614444824,-3.8935,18.905185714286));
#9915 = VECTOR('',#9916,1.);
#9916 = DIRECTION('',(1.,0.,0.));
#9917 = PLANE('',#9918);
#9918 = AXIS2_PLACEMENT_3D('',#9919,#9920,#9921);
#9919 = CARTESIAN_POINT('',(-6.20614444824,-3.882171428571,
    18.922457142857));
#9920 = DIRECTION('',(0.,0.836176771121,-0.548460032671));
#9921 = DIRECTION('',(0.,-0.548460032671,-0.836176771121));
#9922 = ADVANCED_FACE('',(#9923),#9941,.T.);
#9923 = FACE_BOUND('',#9924,.T.);
#9924 = EDGE_LOOP('',(#9925,#9926,#9927,#9935));
#9925 = ORIENTED_EDGE('',*,*,#2381,.T.);
#9926 = ORIENTED_EDGE('',*,*,#9912,.T.);
#9927 = ORIENTED_EDGE('',*,*,#9928,.T.);
#9928 = EDGE_CURVE('',#9905,#9929,#9931,.T.);
#9929 = VERTEX_POINT('',#9930);
#9930 = CARTESIAN_POINT('',(-5.60614444824,-3.905014285714,18.8881));
#9931 = LINE('',#9932,#9933);
#9932 = CARTESIAN_POINT('',(-5.60614444824,-3.8935,18.905185714286));
#9933 = VECTOR('',#9934,1.);
#9934 = DIRECTION('',(0.,-0.558853462072,-0.829266427591));
#9935 = ORIENTED_EDGE('',*,*,#9936,.F.);
#9936 = EDGE_CURVE('',#2374,#9929,#9937,.T.);
#9937 = LINE('',#9938,#9939);
#9938 = CARTESIAN_POINT('',(-6.20614444824,-3.905014285714,18.8881));
#9939 = VECTOR('',#9940,1.);
#9940 = DIRECTION('',(1.,0.,0.));
#9941 = PLANE('',#9942);
#9942 = AXIS2_PLACEMENT_3D('',#9943,#9944,#9945);
#9943 = CARTESIAN_POINT('',(-6.20614444824,-3.8935,18.905185714286));
#9944 = DIRECTION('',(0.,0.829266427591,-0.558853462072));
#9945 = DIRECTION('',(0.,-0.558853462072,-0.829266427591));
#9946 = ADVANCED_FACE('',(#9947),#9965,.T.);
#9947 = FACE_BOUND('',#9948,.T.);
#9948 = EDGE_LOOP('',(#9949,#9950,#9951,#9959));
#9949 = ORIENTED_EDGE('',*,*,#2373,.T.);
#9950 = ORIENTED_EDGE('',*,*,#9936,.T.);
#9951 = ORIENTED_EDGE('',*,*,#9952,.T.);
#9952 = EDGE_CURVE('',#9929,#9953,#9955,.T.);
#9953 = VERTEX_POINT('',#9954);
#9954 = CARTESIAN_POINT('',(-5.60614444824,-3.910585714286,
    18.859685714286));
#9955 = LINE('',#9956,#9957);
#9956 = CARTESIAN_POINT('',(-5.60614444824,-3.905014285714,18.8881));
#9957 = VECTOR('',#9958,1.);
#9958 = DIRECTION('',(0.,-0.192414460721,-0.981313749677));
#9959 = ORIENTED_EDGE('',*,*,#9960,.F.);
#9960 = EDGE_CURVE('',#2366,#9953,#9961,.T.);
#9961 = LINE('',#9962,#9963);
#9962 = CARTESIAN_POINT('',(-6.20614444824,-3.910585714286,
    18.859685714286));
#9963 = VECTOR('',#9964,1.);
#9964 = DIRECTION('',(1.,0.,0.));
#9965 = PLANE('',#9966);
#9966 = AXIS2_PLACEMENT_3D('',#9967,#9968,#9969);
#9967 = CARTESIAN_POINT('',(-6.20614444824,-3.905014285714,18.8881));
#9968 = DIRECTION('',(0.,0.981313749677,-0.192414460721));
#9969 = DIRECTION('',(0.,-0.192414460721,-0.981313749677));
#9970 = ADVANCED_FACE('',(#9971),#9989,.T.);
#9971 = FACE_BOUND('',#9972,.T.);
#9972 = EDGE_LOOP('',(#9973,#9974,#9975,#9983));
#9973 = ORIENTED_EDGE('',*,*,#2365,.T.);
#9974 = ORIENTED_EDGE('',*,*,#9960,.T.);
#9975 = ORIENTED_EDGE('',*,*,#9976,.T.);
#9976 = EDGE_CURVE('',#9953,#9977,#9979,.T.);
#9977 = VERTEX_POINT('',#9978);
#9978 = CARTESIAN_POINT('',(-5.60614444824,-3.916342857143,
    18.842414285714));
#9979 = LINE('',#9980,#9981);
#9980 = CARTESIAN_POINT('',(-5.60614444824,-3.910585714286,
    18.859685714286));
#9981 = VECTOR('',#9982,1.);
#9982 = DIRECTION('',(0.,-0.316227766017,-0.948683298051));
#9983 = ORIENTED_EDGE('',*,*,#9984,.F.);
#9984 = EDGE_CURVE('',#2358,#9977,#9985,.T.);
#9985 = LINE('',#9986,#9987);
#9986 = CARTESIAN_POINT('',(-6.20614444824,-3.916342857143,
    18.842414285714));
#9987 = VECTOR('',#9988,1.);
#9988 = DIRECTION('',(1.,0.,0.));
#9989 = PLANE('',#9990);
#9990 = AXIS2_PLACEMENT_3D('',#9991,#9992,#9993);
#9991 = CARTESIAN_POINT('',(-6.20614444824,-3.910585714286,
    18.859685714286));
#9992 = DIRECTION('',(0.,0.948683298051,-0.316227766017));
#9993 = DIRECTION('',(0.,-0.316227766017,-0.948683298051));
#9994 = ADVANCED_FACE('',(#9995),#10013,.T.);
#9995 = FACE_BOUND('',#9996,.T.);
#9996 = EDGE_LOOP('',(#9997,#9998,#9999,#10007));
#9997 = ORIENTED_EDGE('',*,*,#2357,.T.);
#9998 = ORIENTED_EDGE('',*,*,#9984,.T.);
#9999 = ORIENTED_EDGE('',*,*,#10000,.T.);
#10000 = EDGE_CURVE('',#9977,#10001,#10003,.T.);
#10001 = VERTEX_POINT('',#10002);
#10002 = CARTESIAN_POINT('',(-5.60614444824,-3.916342857143,
    18.528742857143));
#10003 = LINE('',#10004,#10005);
#10004 = CARTESIAN_POINT('',(-5.60614444824,-3.916342857143,
    18.842414285714));
#10005 = VECTOR('',#10006,1.);
#10006 = DIRECTION('',(0.,0.,-1.));
#10007 = ORIENTED_EDGE('',*,*,#10008,.F.);
#10008 = EDGE_CURVE('',#2350,#10001,#10009,.T.);
#10009 = LINE('',#10010,#10011);
#10010 = CARTESIAN_POINT('',(-6.20614444824,-3.916342857143,
    18.528742857143));
#10011 = VECTOR('',#10012,1.);
#10012 = DIRECTION('',(1.,0.,0.));
#10013 = PLANE('',#10014);
#10014 = AXIS2_PLACEMENT_3D('',#10015,#10016,#10017);
#10015 = CARTESIAN_POINT('',(-6.20614444824,-3.916342857143,
    18.842414285714));
#10016 = DIRECTION('',(-0.,1.,0.));
#10017 = DIRECTION('',(0.,0.,-1.));
#10018 = ADVANCED_FACE('',(#10019),#10037,.T.);
#10019 = FACE_BOUND('',#10020,.T.);
#10020 = EDGE_LOOP('',(#10021,#10022,#10023,#10031));
#10021 = ORIENTED_EDGE('',*,*,#2349,.T.);
#10022 = ORIENTED_EDGE('',*,*,#10008,.T.);
#10023 = ORIENTED_EDGE('',*,*,#10024,.T.);
#10024 = EDGE_CURVE('',#10001,#10025,#10027,.T.);
#10025 = VERTEX_POINT('',#10026);
#10026 = CARTESIAN_POINT('',(-5.60614444824,-3.910585714286,
    18.504785714286));
#10027 = LINE('',#10028,#10029);
#10028 = CARTESIAN_POINT('',(-5.60614444824,-3.916342857143,
    18.528742857143));
#10029 = VECTOR('',#10030,1.);
#10030 = DIRECTION('',(-0.,0.233658016401,-0.972318842444));
#10031 = ORIENTED_EDGE('',*,*,#10032,.F.);
#10032 = EDGE_CURVE('',#2342,#10025,#10033,.T.);
#10033 = LINE('',#10034,#10035);
#10034 = CARTESIAN_POINT('',(-6.20614444824,-3.910585714286,
    18.504785714286));
#10035 = VECTOR('',#10036,1.);
#10036 = DIRECTION('',(1.,0.,0.));
#10037 = PLANE('',#10038);
#10038 = AXIS2_PLACEMENT_3D('',#10039,#10040,#10041);
#10039 = CARTESIAN_POINT('',(-6.20614444824,-3.916342857143,
    18.528742857143));
#10040 = DIRECTION('',(-0.,0.972318842444,0.233658016401));
#10041 = DIRECTION('',(0.,0.233658016401,-0.972318842444));
#10042 = ADVANCED_FACE('',(#10043),#10061,.T.);
#10043 = FACE_BOUND('',#10044,.T.);
#10044 = EDGE_LOOP('',(#10045,#10046,#10047,#10055));
#10045 = ORIENTED_EDGE('',*,*,#2341,.T.);
#10046 = ORIENTED_EDGE('',*,*,#10032,.T.);
#10047 = ORIENTED_EDGE('',*,*,#10048,.T.);
#10048 = EDGE_CURVE('',#10025,#10049,#10051,.T.);
#10049 = VERTEX_POINT('',#10050);
#10050 = CARTESIAN_POINT('',(-5.60614444824,-3.905014285714,
    18.486957142857));
#10051 = LINE('',#10052,#10053);
#10052 = CARTESIAN_POINT('',(-5.60614444824,-3.910585714286,
    18.504785714286));
#10053 = VECTOR('',#10054,1.);
#10054 = DIRECTION('',(-0.,0.298274993136,-0.954479978035));
#10055 = ORIENTED_EDGE('',*,*,#10056,.F.);
#10056 = EDGE_CURVE('',#2334,#10049,#10057,.T.);
#10057 = LINE('',#10058,#10059);
#10058 = CARTESIAN_POINT('',(-6.20614444824,-3.905014285714,
    18.486957142857));
#10059 = VECTOR('',#10060,1.);
#10060 = DIRECTION('',(1.,0.,0.));
#10061 = PLANE('',#10062);
#10062 = AXIS2_PLACEMENT_3D('',#10063,#10064,#10065);
#10063 = CARTESIAN_POINT('',(-6.20614444824,-3.910585714286,
    18.504785714286));
#10064 = DIRECTION('',(-0.,0.954479978035,0.298274993136));
#10065 = DIRECTION('',(0.,0.298274993136,-0.954479978035));
#10066 = ADVANCED_FACE('',(#10067),#10085,.T.);
#10067 = FACE_BOUND('',#10068,.T.);
#10068 = EDGE_LOOP('',(#10069,#10070,#10071,#10079));
#10069 = ORIENTED_EDGE('',*,*,#2333,.T.);
#10070 = ORIENTED_EDGE('',*,*,#10056,.T.);
#10071 = ORIENTED_EDGE('',*,*,#10072,.T.);
#10072 = EDGE_CURVE('',#10049,#10073,#10075,.T.);
#10073 = VERTEX_POINT('',#10074);
#10074 = CARTESIAN_POINT('',(-5.60614444824,-3.8935,18.468942857143));
#10075 = LINE('',#10076,#10077);
#10076 = CARTESIAN_POINT('',(-5.60614444824,-3.905014285714,
    18.486957142857));
#10077 = VECTOR('',#10078,1.);
#10078 = DIRECTION('',(-0.,0.538560615351,-0.842586769178));
#10079 = ORIENTED_EDGE('',*,*,#10080,.F.);
#10080 = EDGE_CURVE('',#2326,#10073,#10081,.T.);
#10081 = LINE('',#10082,#10083);
#10082 = CARTESIAN_POINT('',(-6.20614444824,-3.8935,18.468942857143));
#10083 = VECTOR('',#10084,1.);
#10084 = DIRECTION('',(1.,0.,0.));
#10085 = PLANE('',#10086);
#10086 = AXIS2_PLACEMENT_3D('',#10087,#10088,#10089);
#10087 = CARTESIAN_POINT('',(-6.20614444824,-3.905014285714,
    18.486957142857));
#10088 = DIRECTION('',(-0.,0.842586769178,0.538560615351));
#10089 = DIRECTION('',(0.,0.538560615351,-0.842586769178));
#10090 = ADVANCED_FACE('',(#10091),#10109,.T.);
#10091 = FACE_BOUND('',#10092,.T.);
#10092 = EDGE_LOOP('',(#10093,#10094,#10095,#10103));
#10093 = ORIENTED_EDGE('',*,*,#2325,.T.);
#10094 = ORIENTED_EDGE('',*,*,#10080,.T.);
#10095 = ORIENTED_EDGE('',*,*,#10096,.T.);
#10096 = EDGE_CURVE('',#10073,#10097,#10099,.T.);
#10097 = VERTEX_POINT('',#10098);
#10098 = CARTESIAN_POINT('',(-5.60614444824,-3.882171428571,
    18.450928571429));
#10099 = LINE('',#10100,#10101);
#10100 = CARTESIAN_POINT('',(-5.60614444824,-3.8935,18.468942857143));
#10101 = VECTOR('',#10102,1.);
#10102 = DIRECTION('',(-0.,0.532350261781,-0.846524186767));
#10103 = ORIENTED_EDGE('',*,*,#10104,.F.);
#10104 = EDGE_CURVE('',#2318,#10097,#10105,.T.);
#10105 = LINE('',#10106,#10107);
#10106 = CARTESIAN_POINT('',(-6.20614444824,-3.882171428571,
    18.450928571429));
#10107 = VECTOR('',#10108,1.);
#10108 = DIRECTION('',(1.,0.,0.));
#10109 = PLANE('',#10110);
#10110 = AXIS2_PLACEMENT_3D('',#10111,#10112,#10113);
#10111 = CARTESIAN_POINT('',(-6.20614444824,-3.8935,18.468942857143));
#10112 = DIRECTION('',(-0.,0.846524186767,0.532350261781));
#10113 = DIRECTION('',(0.,0.532350261781,-0.846524186767));
#10114 = ADVANCED_FACE('',(#10115),#10133,.T.);
#10115 = FACE_BOUND('',#10116,.T.);
#10116 = EDGE_LOOP('',(#10117,#10118,#10119,#10127));
#10117 = ORIENTED_EDGE('',*,*,#2317,.T.);
#10118 = ORIENTED_EDGE('',*,*,#10104,.T.);
#10119 = ORIENTED_EDGE('',*,*,#10120,.T.);
#10120 = EDGE_CURVE('',#10097,#10121,#10123,.T.);
#10121 = VERTEX_POINT('',#10122);
#10122 = CARTESIAN_POINT('',(-5.60614444824,-3.870657142857,
    18.432914285714));
#10123 = LINE('',#10124,#10125);
#10124 = CARTESIAN_POINT('',(-5.60614444824,-3.882171428571,
    18.450928571429));
#10125 = VECTOR('',#10126,1.);
#10126 = DIRECTION('',(-0.,0.538560615351,-0.842586769178));
#10127 = ORIENTED_EDGE('',*,*,#10128,.F.);
#10128 = EDGE_CURVE('',#2310,#10121,#10129,.T.);
#10129 = LINE('',#10130,#10131);
#10130 = CARTESIAN_POINT('',(-6.20614444824,-3.870657142857,
    18.432914285714));
#10131 = VECTOR('',#10132,1.);
#10132 = DIRECTION('',(1.,0.,0.));
#10133 = PLANE('',#10134);
#10134 = AXIS2_PLACEMENT_3D('',#10135,#10136,#10137);
#10135 = CARTESIAN_POINT('',(-6.20614444824,-3.882171428571,
    18.450928571429));
#10136 = DIRECTION('',(-0.,0.842586769178,0.538560615351));
#10137 = DIRECTION('',(0.,0.538560615351,-0.842586769178));
#10138 = ADVANCED_FACE('',(#10139),#10157,.T.);
#10139 = FACE_BOUND('',#10140,.T.);
#10140 = EDGE_LOOP('',(#10141,#10142,#10143,#10151));
#10141 = ORIENTED_EDGE('',*,*,#2309,.T.);
#10142 = ORIENTED_EDGE('',*,*,#10128,.T.);
#10143 = ORIENTED_EDGE('',*,*,#10144,.T.);
#10144 = EDGE_CURVE('',#10121,#10145,#10147,.T.);
#10145 = VERTEX_POINT('',#10146);
#10146 = CARTESIAN_POINT('',(-5.60614444824,-3.853571428571,
    18.421028571429));
#10147 = LINE('',#10148,#10149);
#10148 = CARTESIAN_POINT('',(-5.60614444824,-3.870657142857,
    18.432914285714));
#10149 = VECTOR('',#10150,1.);
#10150 = DIRECTION('',(-0.,0.820905201785,-0.571064488199));
#10151 = ORIENTED_EDGE('',*,*,#10152,.F.);
#10152 = EDGE_CURVE('',#2302,#10145,#10153,.T.);
#10153 = LINE('',#10154,#10155);
#10154 = CARTESIAN_POINT('',(-6.20614444824,-3.853571428571,
    18.421028571429));
#10155 = VECTOR('',#10156,1.);
#10156 = DIRECTION('',(1.,0.,0.));
#10157 = PLANE('',#10158);
#10158 = AXIS2_PLACEMENT_3D('',#10159,#10160,#10161);
#10159 = CARTESIAN_POINT('',(-6.20614444824,-3.870657142857,
    18.432914285714));
#10160 = DIRECTION('',(-0.,0.571064488199,0.820905201785));
#10161 = DIRECTION('',(0.,0.820905201785,-0.571064488199));
#10162 = ADVANCED_FACE('',(#10163),#10181,.T.);
#10163 = FACE_BOUND('',#10164,.T.);
#10164 = EDGE_LOOP('',(#10165,#10166,#10167,#10175));
#10165 = ORIENTED_EDGE('',*,*,#2301,.T.);
#10166 = ORIENTED_EDGE('',*,*,#10152,.T.);
#10167 = ORIENTED_EDGE('',*,*,#10168,.T.);
#10168 = EDGE_CURVE('',#10145,#10169,#10171,.T.);
#10169 = VERTEX_POINT('',#10170);
#10170 = CARTESIAN_POINT('',(-5.60614444824,-3.836485714286,
    18.408957142857));
#10171 = LINE('',#10172,#10173);
#10172 = CARTESIAN_POINT('',(-5.60614444824,-3.853571428571,
    18.421028571429));
#10173 = VECTOR('',#10174,1.);
#10174 = DIRECTION('',(-0.,0.816721763686,-0.577031680865));
#10175 = ORIENTED_EDGE('',*,*,#10176,.F.);
#10176 = EDGE_CURVE('',#2294,#10169,#10177,.T.);
#10177 = LINE('',#10178,#10179);
#10178 = CARTESIAN_POINT('',(-6.20614444824,-3.836485714286,
    18.408957142857));
#10179 = VECTOR('',#10180,1.);
#10180 = DIRECTION('',(1.,0.,0.));
#10181 = PLANE('',#10182);
#10182 = AXIS2_PLACEMENT_3D('',#10183,#10184,#10185);
#10183 = CARTESIAN_POINT('',(-6.20614444824,-3.853571428571,
    18.421028571429));
#10184 = DIRECTION('',(-0.,0.577031680865,0.816721763686));
#10185 = DIRECTION('',(0.,0.816721763686,-0.577031680865));
#10186 = ADVANCED_FACE('',(#10187),#10205,.T.);
#10187 = FACE_BOUND('',#10188,.T.);
#10188 = EDGE_LOOP('',(#10189,#10190,#10191,#10199));
#10189 = ORIENTED_EDGE('',*,*,#2293,.T.);
#10190 = ORIENTED_EDGE('',*,*,#10176,.T.);
#10191 = ORIENTED_EDGE('',*,*,#10192,.T.);
#10192 = EDGE_CURVE('',#10169,#10193,#10195,.T.);
#10193 = VERTEX_POINT('',#10194);
#10194 = CARTESIAN_POINT('',(-5.60614444824,-3.813642857143,18.4032));
#10195 = LINE('',#10196,#10197);
#10196 = CARTESIAN_POINT('',(-5.60614444824,-3.836485714286,
    18.408957142857));
#10197 = VECTOR('',#10198,1.);
#10198 = DIRECTION('',(-0.,0.969676988372,-0.244390135281));
#10199 = ORIENTED_EDGE('',*,*,#10200,.F.);
#10200 = EDGE_CURVE('',#2286,#10193,#10201,.T.);
#10201 = LINE('',#10202,#10203);
#10202 = CARTESIAN_POINT('',(-6.20614444824,-3.813642857143,18.4032));
#10203 = VECTOR('',#10204,1.);
#10204 = DIRECTION('',(1.,0.,0.));
#10205 = PLANE('',#10206);
#10206 = AXIS2_PLACEMENT_3D('',#10207,#10208,#10209);
#10207 = CARTESIAN_POINT('',(-6.20614444824,-3.836485714286,
    18.408957142857));
#10208 = DIRECTION('',(-0.,0.244390135281,0.969676988372));
#10209 = DIRECTION('',(0.,0.969676988372,-0.244390135281));
#10210 = ADVANCED_FACE('',(#10211),#10236,.T.);
#10211 = FACE_BOUND('',#10212,.T.);
#10212 = EDGE_LOOP('',(#10213,#10214,#10222,#10230));
#10213 = ORIENTED_EDGE('',*,*,#2277,.T.);
#10214 = ORIENTED_EDGE('',*,*,#10215,.T.);
#10215 = EDGE_CURVE('',#2278,#10216,#10218,.T.);
#10216 = VERTEX_POINT('',#10217);
#10217 = CARTESIAN_POINT('',(-5.60614444824,-2.3179,18.4032));
#10218 = LINE('',#10219,#10220);
#10219 = CARTESIAN_POINT('',(-6.20614444824,-2.3179,18.4032));
#10220 = VECTOR('',#10221,1.);
#10221 = DIRECTION('',(1.,0.,0.));
#10222 = ORIENTED_EDGE('',*,*,#10223,.T.);
#10223 = EDGE_CURVE('',#10216,#10224,#10226,.T.);
#10224 = VERTEX_POINT('',#10225);
#10225 = CARTESIAN_POINT('',(-5.60614444824,-2.294128571429,
    18.414528571429));
#10226 = LINE('',#10227,#10228);
#10227 = CARTESIAN_POINT('',(-5.60614444824,-2.3179,18.4032));
#10228 = VECTOR('',#10229,1.);
#10229 = DIRECTION('',(0.,0.902730115416,0.430207320628));
#10230 = ORIENTED_EDGE('',*,*,#10231,.F.);
#10231 = EDGE_CURVE('',#2270,#10224,#10232,.T.);
#10232 = LINE('',#10233,#10234);
#10233 = CARTESIAN_POINT('',(-6.20614444824,-2.294128571429,
    18.414528571429));
#10234 = VECTOR('',#10235,1.);
#10235 = DIRECTION('',(1.,0.,0.));
#10236 = PLANE('',#10237);
#10237 = AXIS2_PLACEMENT_3D('',#10238,#10239,#10240);
#10238 = CARTESIAN_POINT('',(-6.20614444824,-2.3179,18.4032));
#10239 = DIRECTION('',(0.,-0.430207320628,0.902730115416));
#10240 = DIRECTION('',(0.,0.902730115416,0.430207320628));
#10241 = ADVANCED_FACE('',(#10242),#10260,.T.);
#10242 = FACE_BOUND('',#10243,.T.);
#10243 = EDGE_LOOP('',(#10244,#10245,#10246,#10254));
#10244 = ORIENTED_EDGE('',*,*,#2269,.T.);
#10245 = ORIENTED_EDGE('',*,*,#10231,.T.);
#10246 = ORIENTED_EDGE('',*,*,#10247,.T.);
#10247 = EDGE_CURVE('',#10224,#10248,#10250,.T.);
#10248 = VERTEX_POINT('',#10249);
#10249 = CARTESIAN_POINT('',(-5.60614444824,-2.276114285714,
    18.420285714286));
#10250 = LINE('',#10251,#10252);
#10251 = CARTESIAN_POINT('',(-5.60614444824,-2.294128571429,
    18.414528571429));
#10252 = VECTOR('',#10253,1.);
#10253 = DIRECTION('',(0.,0.952538100641,0.304419392988));
#10254 = ORIENTED_EDGE('',*,*,#10255,.F.);
#10255 = EDGE_CURVE('',#2262,#10248,#10256,.T.);
#10256 = LINE('',#10257,#10258);
#10257 = CARTESIAN_POINT('',(-6.20614444824,-2.276114285714,
    18.420285714286));
#10258 = VECTOR('',#10259,1.);
#10259 = DIRECTION('',(1.,0.,0.));
#10260 = PLANE('',#10261);
#10261 = AXIS2_PLACEMENT_3D('',#10262,#10263,#10264);
#10262 = CARTESIAN_POINT('',(-6.20614444824,-2.294128571429,
    18.414528571429));
#10263 = DIRECTION('',(0.,-0.304419392988,0.952538100641));
#10264 = DIRECTION('',(0.,0.952538100641,0.304419392988));
#10265 = ADVANCED_FACE('',(#10266),#10284,.T.);
#10266 = FACE_BOUND('',#10267,.T.);
#10267 = EDGE_LOOP('',(#10268,#10269,#10270,#10278));
#10268 = ORIENTED_EDGE('',*,*,#2261,.T.);
#10269 = ORIENTED_EDGE('',*,*,#10255,.T.);
#10270 = ORIENTED_EDGE('',*,*,#10271,.T.);
#10271 = EDGE_CURVE('',#10248,#10272,#10274,.T.);
#10272 = VERTEX_POINT('',#10273);
#10273 = CARTESIAN_POINT('',(-5.60614444824,-2.258285714286,18.4318));
#10274 = LINE('',#10275,#10276);
#10275 = CARTESIAN_POINT('',(-5.60614444824,-2.276114285714,
    18.420285714286));
#10276 = VECTOR('',#10277,1.);
#10277 = DIRECTION('',(0.,0.840039377769,0.542525431476));
#10278 = ORIENTED_EDGE('',*,*,#10279,.F.);
#10279 = EDGE_CURVE('',#2254,#10272,#10280,.T.);
#10280 = LINE('',#10281,#10282);
#10281 = CARTESIAN_POINT('',(-6.20614444824,-2.258285714286,18.4318));
#10282 = VECTOR('',#10283,1.);
#10283 = DIRECTION('',(1.,0.,0.));
#10284 = PLANE('',#10285);
#10285 = AXIS2_PLACEMENT_3D('',#10286,#10287,#10288);
#10286 = CARTESIAN_POINT('',(-6.20614444824,-2.276114285714,
    18.420285714286));
#10287 = DIRECTION('',(0.,-0.542525431476,0.840039377769));
#10288 = DIRECTION('',(0.,0.840039377769,0.542525431476));
#10289 = ADVANCED_FACE('',(#10290),#10308,.T.);
#10290 = FACE_BOUND('',#10291,.T.);
#10291 = EDGE_LOOP('',(#10292,#10293,#10294,#10302));
#10292 = ORIENTED_EDGE('',*,*,#2253,.T.);
#10293 = ORIENTED_EDGE('',*,*,#10279,.T.);
#10294 = ORIENTED_EDGE('',*,*,#10295,.T.);
#10295 = EDGE_CURVE('',#10272,#10296,#10298,.T.);
#10296 = VERTEX_POINT('',#10297);
#10297 = CARTESIAN_POINT('',(-5.60614444824,-2.240457142857,
    18.448885714286));
#10298 = LINE('',#10299,#10300);
#10299 = CARTESIAN_POINT('',(-5.60614444824,-2.258285714286,18.4318));
#10300 = VECTOR('',#10301,1.);
#10301 = DIRECTION('',(0.,0.721988205115,0.691905363236));
#10302 = ORIENTED_EDGE('',*,*,#10303,.F.);
#10303 = EDGE_CURVE('',#2246,#10296,#10304,.T.);
#10304 = LINE('',#10305,#10306);
#10305 = CARTESIAN_POINT('',(-6.20614444824,-2.240457142857,
    18.448885714286));
#10306 = VECTOR('',#10307,1.);
#10307 = DIRECTION('',(1.,0.,0.));
#10308 = PLANE('',#10309);
#10309 = AXIS2_PLACEMENT_3D('',#10310,#10311,#10312);
#10310 = CARTESIAN_POINT('',(-6.20614444824,-2.258285714286,18.4318));
#10311 = DIRECTION('',(0.,-0.691905363236,0.721988205115));
#10312 = DIRECTION('',(0.,0.721988205115,0.691905363236));
#10313 = ADVANCED_FACE('',(#10314),#10339,.T.);
#10314 = FACE_BOUND('',#10315,.T.);
#10315 = EDGE_LOOP('',(#10316,#10317,#10325,#10333));
#10316 = ORIENTED_EDGE('',*,*,#2237,.T.);
#10317 = ORIENTED_EDGE('',*,*,#10318,.T.);
#10318 = EDGE_CURVE('',#2238,#10319,#10321,.T.);
#10319 = VERTEX_POINT('',#10320);
#10320 = CARTESIAN_POINT('',(-5.60614444824,-2.216685714286,
    18.483057142857));
#10321 = LINE('',#10322,#10323);
#10322 = CARTESIAN_POINT('',(-6.20614444824,-2.216685714286,
    18.483057142857));
#10323 = VECTOR('',#10324,1.);
#10324 = DIRECTION('',(1.,0.,0.));
#10325 = ORIENTED_EDGE('',*,*,#10326,.T.);
#10326 = EDGE_CURVE('',#10319,#10327,#10329,.T.);
#10327 = VERTEX_POINT('',#10328);
#10328 = CARTESIAN_POINT('',(-5.60614444824,-2.2048,18.5059));
#10329 = LINE('',#10330,#10331);
#10330 = CARTESIAN_POINT('',(-5.60614444824,-2.216685714286,
    18.483057142857));
#10331 = VECTOR('',#10332,1.);
#10332 = DIRECTION('',(0.,0.461579805424,0.887098688549));
#10333 = ORIENTED_EDGE('',*,*,#10334,.F.);
#10334 = EDGE_CURVE('',#2230,#10327,#10335,.T.);
#10335 = LINE('',#10336,#10337);
#10336 = CARTESIAN_POINT('',(-6.20614444824,-2.2048,18.5059));
#10337 = VECTOR('',#10338,1.);
#10338 = DIRECTION('',(1.,0.,0.));
#10339 = PLANE('',#10340);
#10340 = AXIS2_PLACEMENT_3D('',#10341,#10342,#10343);
#10341 = CARTESIAN_POINT('',(-6.20614444824,-2.216685714286,
    18.483057142857));
#10342 = DIRECTION('',(0.,-0.887098688549,0.461579805424));
#10343 = DIRECTION('',(0.,0.461579805424,0.887098688549));
#10344 = ADVANCED_FACE('',(#10345),#10370,.T.);
#10345 = FACE_BOUND('',#10346,.T.);
#10346 = EDGE_LOOP('',(#10347,#10348,#10356,#10364));
#10347 = ORIENTED_EDGE('',*,*,#2221,.T.);
#10348 = ORIENTED_EDGE('',*,*,#10349,.T.);
#10349 = EDGE_CURVE('',#2222,#10350,#10352,.T.);
#10350 = VERTEX_POINT('',#10351);
#10351 = CARTESIAN_POINT('',(-5.60614444824,-2.2048,18.842414285714));
#10352 = LINE('',#10353,#10354);
#10353 = CARTESIAN_POINT('',(-6.20614444824,-2.2048,18.842414285714));
#10354 = VECTOR('',#10355,1.);
#10355 = DIRECTION('',(1.,0.,0.));
#10356 = ORIENTED_EDGE('',*,*,#10357,.T.);
#10357 = EDGE_CURVE('',#10350,#10358,#10360,.T.);
#10358 = VERTEX_POINT('',#10359);
#10359 = CARTESIAN_POINT('',(-5.60614444824,-2.210557142857,
    18.871014285714));
#10360 = LINE('',#10361,#10362);
#10361 = CARTESIAN_POINT('',(-5.60614444824,-2.2048,18.842414285714));
#10362 = VECTOR('',#10363,1.);
#10363 = DIRECTION('',(0.,-0.197340176951,0.980335072596));
#10364 = ORIENTED_EDGE('',*,*,#10365,.F.);
#10365 = EDGE_CURVE('',#2214,#10358,#10366,.T.);
#10366 = LINE('',#10367,#10368);
#10367 = CARTESIAN_POINT('',(-6.20614444824,-2.210557142857,
    18.871014285714));
#10368 = VECTOR('',#10369,1.);
#10369 = DIRECTION('',(1.,0.,0.));
#10370 = PLANE('',#10371);
#10371 = AXIS2_PLACEMENT_3D('',#10372,#10373,#10374);
#10372 = CARTESIAN_POINT('',(-6.20614444824,-2.2048,18.842414285714));
#10373 = DIRECTION('',(0.,-0.980335072596,-0.197340176951));
#10374 = DIRECTION('',(0.,-0.197340176951,0.980335072596));
#10375 = ADVANCED_FACE('',(#10376),#10394,.T.);
#10376 = FACE_BOUND('',#10377,.T.);
#10377 = EDGE_LOOP('',(#10378,#10379,#10380,#10388));
#10378 = ORIENTED_EDGE('',*,*,#2213,.T.);
#10379 = ORIENTED_EDGE('',*,*,#10365,.T.);
#10380 = ORIENTED_EDGE('',*,*,#10381,.T.);
#10381 = EDGE_CURVE('',#10358,#10382,#10384,.T.);
#10382 = VERTEX_POINT('',#10383);
#10383 = CARTESIAN_POINT('',(-5.60614444824,-2.221885714286,
    18.899614285714));
#10384 = LINE('',#10385,#10386);
#10385 = CARTESIAN_POINT('',(-5.60614444824,-2.210557142857,
    18.871014285714));
#10386 = VECTOR('',#10387,1.);
#10387 = DIRECTION('',(0.,-0.368265914122,0.929720504504));
#10388 = ORIENTED_EDGE('',*,*,#10389,.F.);
#10389 = EDGE_CURVE('',#2206,#10382,#10390,.T.);
#10390 = LINE('',#10391,#10392);
#10391 = CARTESIAN_POINT('',(-6.20614444824,-2.221885714286,
    18.899614285714));
#10392 = VECTOR('',#10393,1.);
#10393 = DIRECTION('',(1.,0.,0.));
#10394 = PLANE('',#10395);
#10395 = AXIS2_PLACEMENT_3D('',#10396,#10397,#10398);
#10396 = CARTESIAN_POINT('',(-6.20614444824,-2.210557142857,
    18.871014285714));
#10397 = DIRECTION('',(0.,-0.929720504504,-0.368265914122));
#10398 = DIRECTION('',(0.,-0.368265914122,0.929720504504));
#10399 = ADVANCED_FACE('',(#10400),#10418,.T.);
#10400 = FACE_BOUND('',#10401,.T.);
#10401 = EDGE_LOOP('',(#10402,#10403,#10404,#10412));
#10402 = ORIENTED_EDGE('',*,*,#2205,.T.);
#10403 = ORIENTED_EDGE('',*,*,#10389,.T.);
#10404 = ORIENTED_EDGE('',*,*,#10405,.T.);
#10405 = EDGE_CURVE('',#10382,#10406,#10408,.T.);
#10406 = VERTEX_POINT('',#10407);
#10407 = CARTESIAN_POINT('',(-5.60614444824,-2.238971428571,
    18.922457142857));
#10408 = LINE('',#10409,#10410);
#10409 = CARTESIAN_POINT('',(-5.60614444824,-2.221885714286,
    18.899614285714));
#10410 = VECTOR('',#10411,1.);
#10411 = DIRECTION('',(0.,-0.598957825591,0.80078057117));
#10412 = ORIENTED_EDGE('',*,*,#10413,.F.);
#10413 = EDGE_CURVE('',#2198,#10406,#10414,.T.);
#10414 = LINE('',#10415,#10416);
#10415 = CARTESIAN_POINT('',(-6.20614444824,-2.238971428571,
    18.922457142857));
#10416 = VECTOR('',#10417,1.);
#10417 = DIRECTION('',(1.,0.,0.));
#10418 = PLANE('',#10419);
#10419 = AXIS2_PLACEMENT_3D('',#10420,#10421,#10422);
#10420 = CARTESIAN_POINT('',(-6.20614444824,-2.221885714286,
    18.899614285714));
#10421 = DIRECTION('',(0.,-0.80078057117,-0.598957825591));
#10422 = DIRECTION('',(0.,-0.598957825591,0.80078057117));
#10423 = ADVANCED_FACE('',(#10424),#10442,.T.);
#10424 = FACE_BOUND('',#10425,.T.);
#10425 = EDGE_LOOP('',(#10426,#10427,#10428,#10436));
#10426 = ORIENTED_EDGE('',*,*,#2197,.T.);
#10427 = ORIENTED_EDGE('',*,*,#10413,.T.);
#10428 = ORIENTED_EDGE('',*,*,#10429,.T.);
#10429 = EDGE_CURVE('',#10406,#10430,#10432,.T.);
#10430 = VERTEX_POINT('',#10431);
#10431 = CARTESIAN_POINT('',(-5.60614444824,-2.256057142857,
    18.939542857143));
#10432 = LINE('',#10433,#10434);
#10433 = CARTESIAN_POINT('',(-5.60614444824,-2.238971428571,
    18.922457142857));
#10434 = VECTOR('',#10435,1.);
#10435 = DIRECTION('',(0.,-0.707106781187,0.707106781187));
#10436 = ORIENTED_EDGE('',*,*,#10437,.F.);
#10437 = EDGE_CURVE('',#2190,#10430,#10438,.T.);
#10438 = LINE('',#10439,#10440);
#10439 = CARTESIAN_POINT('',(-6.20614444824,-2.256057142857,
    18.939542857143));
#10440 = VECTOR('',#10441,1.);
#10441 = DIRECTION('',(1.,0.,0.));
#10442 = PLANE('',#10443);
#10443 = AXIS2_PLACEMENT_3D('',#10444,#10445,#10446);
#10444 = CARTESIAN_POINT('',(-6.20614444824,-2.238971428571,
    18.922457142857));
#10445 = DIRECTION('',(0.,-0.707106781187,-0.707106781187));
#10446 = DIRECTION('',(0.,-0.707106781187,0.707106781187));
#10447 = ADVANCED_FACE('',(#10448),#10466,.T.);
#10448 = FACE_BOUND('',#10449,.T.);
#10449 = EDGE_LOOP('',(#10450,#10451,#10452,#10460));
#10450 = ORIENTED_EDGE('',*,*,#2189,.T.);
#10451 = ORIENTED_EDGE('',*,*,#10437,.T.);
#10452 = ORIENTED_EDGE('',*,*,#10453,.T.);
#10453 = EDGE_CURVE('',#10430,#10454,#10456,.T.);
#10454 = VERTEX_POINT('',#10455);
#10455 = CARTESIAN_POINT('',(-5.60614444824,-2.273328571429,
    18.950871428571));
#10456 = LINE('',#10457,#10458);
#10457 = CARTESIAN_POINT('',(-5.60614444824,-2.256057142857,
    18.939542857143));
#10458 = VECTOR('',#10459,1.);
#10459 = DIRECTION('',(0.,-0.836176771121,0.548460032671));
#10460 = ORIENTED_EDGE('',*,*,#10461,.F.);
#10461 = EDGE_CURVE('',#2182,#10454,#10462,.T.);
#10462 = LINE('',#10463,#10464);
#10463 = CARTESIAN_POINT('',(-6.20614444824,-2.273328571429,
    18.950871428571));
#10464 = VECTOR('',#10465,1.);
#10465 = DIRECTION('',(1.,0.,0.));
#10466 = PLANE('',#10467);
#10467 = AXIS2_PLACEMENT_3D('',#10468,#10469,#10470);
#10468 = CARTESIAN_POINT('',(-6.20614444824,-2.256057142857,
    18.939542857143));
#10469 = DIRECTION('',(0.,-0.548460032671,-0.836176771121));
#10470 = DIRECTION('',(0.,-0.836176771121,0.548460032671));
#10471 = ADVANCED_FACE('',(#10472),#10490,.T.);
#10472 = FACE_BOUND('',#10473,.T.);
#10473 = EDGE_LOOP('',(#10474,#10475,#10476,#10484));
#10474 = ORIENTED_EDGE('',*,*,#2181,.T.);
#10475 = ORIENTED_EDGE('',*,*,#10461,.T.);
#10476 = ORIENTED_EDGE('',*,*,#10477,.T.);
#10477 = EDGE_CURVE('',#10454,#10478,#10480,.T.);
#10478 = VERTEX_POINT('',#10479);
#10479 = CARTESIAN_POINT('',(-5.60614444824,-2.290414285714,
    18.962385714286));
#10480 = LINE('',#10481,#10482);
#10481 = CARTESIAN_POINT('',(-5.60614444824,-2.273328571429,
    18.950871428571));
#10482 = VECTOR('',#10483,1.);
#10483 = DIRECTION('',(0.,-0.829266427591,0.558853462072));
#10484 = ORIENTED_EDGE('',*,*,#10485,.F.);
#10485 = EDGE_CURVE('',#2174,#10478,#10486,.T.);
#10486 = LINE('',#10487,#10488);
#10487 = CARTESIAN_POINT('',(-6.20614444824,-2.290414285714,
    18.962385714286));
#10488 = VECTOR('',#10489,1.);
#10489 = DIRECTION('',(1.,0.,0.));
#10490 = PLANE('',#10491);
#10491 = AXIS2_PLACEMENT_3D('',#10492,#10493,#10494);
#10492 = CARTESIAN_POINT('',(-6.20614444824,-2.273328571429,
    18.950871428571));
#10493 = DIRECTION('',(0.,-0.558853462072,-0.829266427591));
#10494 = DIRECTION('',(0.,-0.829266427591,0.558853462072));
#10495 = ADVANCED_FACE('',(#10496),#10514,.T.);
#10496 = FACE_BOUND('',#10497,.T.);
#10497 = EDGE_LOOP('',(#10498,#10499,#10500,#10508));
#10498 = ORIENTED_EDGE('',*,*,#2173,.T.);
#10499 = ORIENTED_EDGE('',*,*,#10485,.T.);
#10500 = ORIENTED_EDGE('',*,*,#10501,.T.);
#10501 = EDGE_CURVE('',#10478,#10502,#10504,.T.);
#10502 = VERTEX_POINT('',#10503);
#10503 = CARTESIAN_POINT('',(-5.60614444824,-2.313257142857,
    18.967957142857));
#10504 = LINE('',#10505,#10506);
#10505 = CARTESIAN_POINT('',(-5.60614444824,-2.290414285714,
    18.962385714286));
#10506 = VECTOR('',#10507,1.);
#10507 = DIRECTION('',(0.,-0.971520338783,0.236956180191));
#10508 = ORIENTED_EDGE('',*,*,#10509,.F.);
#10509 = EDGE_CURVE('',#2166,#10502,#10510,.T.);
#10510 = LINE('',#10511,#10512);
#10511 = CARTESIAN_POINT('',(-6.20614444824,-2.313257142857,
    18.967957142857));
#10512 = VECTOR('',#10513,1.);
#10513 = DIRECTION('',(1.,0.,0.));
#10514 = PLANE('',#10515);
#10515 = AXIS2_PLACEMENT_3D('',#10516,#10517,#10518);
#10516 = CARTESIAN_POINT('',(-6.20614444824,-2.290414285714,
    18.962385714286));
#10517 = DIRECTION('',(0.,-0.236956180191,-0.971520338783));
#10518 = DIRECTION('',(0.,-0.971520338783,0.236956180191));
#10519 = ADVANCED_FACE('',(#10520),#10538,.T.);
#10520 = FACE_BOUND('',#10521,.T.);
#10521 = EDGE_LOOP('',(#10522,#10523,#10524,#10532));
#10522 = ORIENTED_EDGE('',*,*,#2165,.T.);
#10523 = ORIENTED_EDGE('',*,*,#10509,.T.);
#10524 = ORIENTED_EDGE('',*,*,#10525,.T.);
#10525 = EDGE_CURVE('',#10502,#10526,#10528,.T.);
#10526 = VERTEX_POINT('',#10527);
#10527 = CARTESIAN_POINT('',(-5.60614444824,-2.3361,18.973714285714));
#10528 = LINE('',#10529,#10530);
#10529 = CARTESIAN_POINT('',(-5.60614444824,-2.313257142857,
    18.967957142857));
#10530 = VECTOR('',#10531,1.);
#10531 = DIRECTION('',(0.,-0.969676988372,0.244390135281));
#10532 = ORIENTED_EDGE('',*,*,#10533,.F.);
#10533 = EDGE_CURVE('',#2158,#10526,#10534,.T.);
#10534 = LINE('',#10535,#10536);
#10535 = CARTESIAN_POINT('',(-6.20614444824,-2.3361,18.973714285714));
#10536 = VECTOR('',#10537,1.);
#10537 = DIRECTION('',(1.,0.,0.));
#10538 = PLANE('',#10539);
#10539 = AXIS2_PLACEMENT_3D('',#10540,#10541,#10542);
#10540 = CARTESIAN_POINT('',(-6.20614444824,-2.313257142857,
    18.967957142857));
#10541 = DIRECTION('',(0.,-0.244390135281,-0.969676988372));
#10542 = DIRECTION('',(0.,-0.969676988372,0.244390135281));
#10543 = ADVANCED_FACE('',(#10544),#10562,.T.);
#10544 = FACE_BOUND('',#10545,.T.);
#10545 = EDGE_LOOP('',(#10546,#10547,#10548,#10556));
#10546 = ORIENTED_EDGE('',*,*,#2157,.T.);
#10547 = ORIENTED_EDGE('',*,*,#10533,.T.);
#10548 = ORIENTED_EDGE('',*,*,#10549,.T.);
#10549 = EDGE_CURVE('',#10526,#10550,#10552,.T.);
#10550 = VERTEX_POINT('',#10551);
#10551 = CARTESIAN_POINT('',(-5.60614444824,-2.775314285714,
    18.973714285714));
#10552 = LINE('',#10553,#10554);
#10553 = CARTESIAN_POINT('',(-5.60614444824,-2.3361,18.973714285714));
#10554 = VECTOR('',#10555,1.);
#10555 = DIRECTION('',(0.,-1.,0.));
#10556 = ORIENTED_EDGE('',*,*,#10557,.F.);
#10557 = EDGE_CURVE('',#2150,#10550,#10558,.T.);
#10558 = LINE('',#10559,#10560);
#10559 = CARTESIAN_POINT('',(-6.20614444824,-2.775314285714,
    18.973714285714));
#10560 = VECTOR('',#10561,1.);
#10561 = DIRECTION('',(1.,0.,0.));
#10562 = PLANE('',#10563);
#10563 = AXIS2_PLACEMENT_3D('',#10564,#10565,#10566);
#10564 = CARTESIAN_POINT('',(-6.20614444824,-2.3361,18.973714285714));
#10565 = DIRECTION('',(0.,0.,-1.));
#10566 = DIRECTION('',(0.,-1.,0.));
#10567 = ADVANCED_FACE('',(#10568),#10586,.T.);
#10568 = FACE_BOUND('',#10569,.T.);
#10569 = EDGE_LOOP('',(#10570,#10571,#10572,#10580));
#10570 = ORIENTED_EDGE('',*,*,#2149,.T.);
#10571 = ORIENTED_EDGE('',*,*,#10557,.T.);
#10572 = ORIENTED_EDGE('',*,*,#10573,.T.);
#10573 = EDGE_CURVE('',#10550,#10574,#10576,.T.);
#10574 = VERTEX_POINT('',#10575);
#10575 = CARTESIAN_POINT('',(-5.60614444824,-2.775314285714,
    21.826285714286));
#10576 = LINE('',#10577,#10578);
#10577 = CARTESIAN_POINT('',(-5.60614444824,-2.775314285714,
    18.973714285714));
#10578 = VECTOR('',#10579,1.);
#10579 = DIRECTION('',(0.,0.,1.));
#10580 = ORIENTED_EDGE('',*,*,#10581,.F.);
#10581 = EDGE_CURVE('',#2142,#10574,#10582,.T.);
#10582 = LINE('',#10583,#10584);
#10583 = CARTESIAN_POINT('',(-6.20614444824,-2.775314285714,
    21.826285714286));
#10584 = VECTOR('',#10585,1.);
#10585 = DIRECTION('',(1.,0.,0.));
#10586 = PLANE('',#10587);
#10587 = AXIS2_PLACEMENT_3D('',#10588,#10589,#10590);
#10588 = CARTESIAN_POINT('',(-6.20614444824,-2.775314285714,
    18.973714285714));
#10589 = DIRECTION('',(0.,-1.,0.));
#10590 = DIRECTION('',(0.,0.,1.));
#10591 = ADVANCED_FACE('',(#10592),#10603,.T.);
#10592 = FACE_BOUND('',#10593,.T.);
#10593 = EDGE_LOOP('',(#10594,#10595,#10596,#10602));
#10594 = ORIENTED_EDGE('',*,*,#2141,.T.);
#10595 = ORIENTED_EDGE('',*,*,#10581,.T.);
#10596 = ORIENTED_EDGE('',*,*,#10597,.T.);
#10597 = EDGE_CURVE('',#10574,#8707,#10598,.T.);
#10598 = LINE('',#10599,#10600);
#10599 = CARTESIAN_POINT('',(-5.60614444824,-2.775314285714,
    21.826285714286));
#10600 = VECTOR('',#10601,1.);
#10601 = DIRECTION('',(0.,1.,0.));
#10602 = ORIENTED_EDGE('',*,*,#8706,.F.);
#10603 = PLANE('',#10604);
#10604 = AXIS2_PLACEMENT_3D('',#10605,#10606,#10607);
#10605 = CARTESIAN_POINT('',(-6.20614444824,-2.775314285714,
    21.826285714286));
#10606 = DIRECTION('',(0.,0.,1.));
#10607 = DIRECTION('',(0.,1.,0.));
#10608 = ADVANCED_FACE('',(#10609),#10615,.T.);
#10609 = FACE_BOUND('',#10610,.T.);
#10610 = EDGE_LOOP('',(#10611,#10612,#10613,#10614));
#10611 = ORIENTED_EDGE('',*,*,#2803,.F.);
#10612 = ORIENTED_EDGE('',*,*,#5396,.T.);
#10613 = ORIENTED_EDGE('',*,*,#4551,.T.);
#10614 = ORIENTED_EDGE('',*,*,#4485,.F.);
#10615 = PLANE('',#10616);
#10616 = AXIS2_PLACEMENT_3D('',#10617,#10618,#10619);
#10617 = CARTESIAN_POINT('',(6.10614444824,-6.10614444824,-3.));
#10618 = DIRECTION('',(1.,0.,-0.));
#10619 = DIRECTION('',(0.,0.,1.));
#10620 = ADVANCED_FACE('',(#10621,#10732),#10766,.T.);
#10621 = FACE_BOUND('',#10622,.T.);
#10622 = EDGE_LOOP('',(#10623,#10624,#10630,#10631,#10632,#10633,#10634,
    #10635,#10636,#10637,#10638,#10639,#10640,#10641,#10642,#10643,
    #10649,#10650,#10651,#10652,#10653,#10654,#10655,#10656,#10657,
    #10658,#10659,#10665,#10666,#10667,#10668,#10669,#10670,#10671,
    #10672,#10673,#10679,#10680,#10681,#10682,#10683,#10689,#10690,
    #10691,#10692,#10693,#10694,#10695,#10696,#10697,#10698,#10699,
    #10700,#10701,#10702,#10703,#10709,#10710,#10711,#10712,#10713,
    #10714,#10715,#10716,#10717,#10718,#10719,#10720,#10721,#10722,
    #10723,#10724,#10725,#10726));
#10623 = ORIENTED_EDGE('',*,*,#3504,.F.);
#10624 = ORIENTED_EDGE('',*,*,#10625,.F.);
#10625 = EDGE_CURVE('',#3474,#3497,#10626,.T.);
#10626 = LINE('',#10627,#10628);
#10627 = CARTESIAN_POINT('',(-5.60614444824,-4.772114285714,
    18.973714285714));
#10628 = VECTOR('',#10629,1.);
#10629 = DIRECTION('',(0.,-1.,0.));
#10630 = ORIENTED_EDGE('',*,*,#3473,.F.);
#10631 = ORIENTED_EDGE('',*,*,#3449,.F.);
#10632 = ORIENTED_EDGE('',*,*,#3425,.F.);
#10633 = ORIENTED_EDGE('',*,*,#3401,.F.);
#10634 = ORIENTED_EDGE('',*,*,#3377,.F.);
#10635 = ORIENTED_EDGE('',*,*,#3353,.F.);
#10636 = ORIENTED_EDGE('',*,*,#3329,.F.);
#10637 = ORIENTED_EDGE('',*,*,#3305,.F.);
#10638 = ORIENTED_EDGE('',*,*,#3281,.F.);
#10639 = ORIENTED_EDGE('',*,*,#3257,.F.);
#10640 = ORIENTED_EDGE('',*,*,#3233,.F.);
#10641 = ORIENTED_EDGE('',*,*,#3209,.F.);
#10642 = ORIENTED_EDGE('',*,*,#3185,.F.);
#10643 = ORIENTED_EDGE('',*,*,#10644,.F.);
#10644 = EDGE_CURVE('',#3155,#3178,#10645,.T.);
#10645 = LINE('',#10646,#10647);
#10646 = CARTESIAN_POINT('',(-5.60614444824,-4.486857142857,
    18.694214285714));
#10647 = VECTOR('',#10648,1.);
#10648 = DIRECTION('',(0.,0.,1.));
#10649 = ORIENTED_EDGE('',*,*,#3154,.F.);
#10650 = ORIENTED_EDGE('',*,*,#3130,.F.);
#10651 = ORIENTED_EDGE('',*,*,#3106,.F.);
#10652 = ORIENTED_EDGE('',*,*,#3082,.F.);
#10653 = ORIENTED_EDGE('',*,*,#3058,.F.);
#10654 = ORIENTED_EDGE('',*,*,#3034,.F.);
#10655 = ORIENTED_EDGE('',*,*,#3010,.F.);
#10656 = ORIENTED_EDGE('',*,*,#2986,.F.);
#10657 = ORIENTED_EDGE('',*,*,#2962,.F.);
#10658 = ORIENTED_EDGE('',*,*,#2938,.F.);
#10659 = ORIENTED_EDGE('',*,*,#10660,.F.);
#10660 = EDGE_CURVE('',#2908,#2931,#10661,.T.);
#10661 = LINE('',#10662,#10663);
#10662 = CARTESIAN_POINT('',(-5.60614444824,-4.772114285714,18.4032));
#10663 = VECTOR('',#10664,1.);
#10664 = DIRECTION('',(0.,1.,0.));
#10665 = ORIENTED_EDGE('',*,*,#2907,.F.);
#10666 = ORIENTED_EDGE('',*,*,#2883,.F.);
#10667 = ORIENTED_EDGE('',*,*,#2858,.F.);
#10668 = ORIENTED_EDGE('',*,*,#2828,.T.);
#10669 = ORIENTED_EDGE('',*,*,#4468,.F.);
#10670 = ORIENTED_EDGE('',*,*,#4444,.F.);
#10671 = ORIENTED_EDGE('',*,*,#4420,.F.);
#10672 = ORIENTED_EDGE('',*,*,#4396,.F.);
#10673 = ORIENTED_EDGE('',*,*,#10674,.F.);
#10674 = EDGE_CURVE('',#4366,#4389,#10675,.T.);
#10675 = LINE('',#10676,#10677);
#10676 = CARTESIAN_POINT('',(-5.60614444824,-5.057371428571,22.3968));
#10677 = VECTOR('',#10678,1.);
#10678 = DIRECTION('',(0.,-1.,0.));
#10679 = ORIENTED_EDGE('',*,*,#4365,.F.);
#10680 = ORIENTED_EDGE('',*,*,#4341,.F.);
#10681 = ORIENTED_EDGE('',*,*,#4317,.F.);
#10682 = ORIENTED_EDGE('',*,*,#4293,.F.);
#10683 = ORIENTED_EDGE('',*,*,#10684,.F.);
#10684 = EDGE_CURVE('',#4263,#4286,#10685,.T.);
#10685 = LINE('',#10686,#10687);
#10686 = CARTESIAN_POINT('',(-5.60614444824,-4.7892,22.333471428571));
#10687 = VECTOR('',#10688,1.);
#10688 = DIRECTION('',(0.,-0.892478602936,0.451089728658));
#10689 = ORIENTED_EDGE('',*,*,#4262,.F.);
#10690 = ORIENTED_EDGE('',*,*,#4238,.F.);
#10691 = ORIENTED_EDGE('',*,*,#4214,.F.);
#10692 = ORIENTED_EDGE('',*,*,#4190,.F.);
#10693 = ORIENTED_EDGE('',*,*,#4166,.F.);
#10694 = ORIENTED_EDGE('',*,*,#4142,.F.);
#10695 = ORIENTED_EDGE('',*,*,#4118,.F.);
#10696 = ORIENTED_EDGE('',*,*,#4094,.F.);
#10697 = ORIENTED_EDGE('',*,*,#4070,.F.);
#10698 = ORIENTED_EDGE('',*,*,#4046,.F.);
#10699 = ORIENTED_EDGE('',*,*,#4022,.F.);
#10700 = ORIENTED_EDGE('',*,*,#3998,.F.);
#10701 = ORIENTED_EDGE('',*,*,#3974,.F.);
#10702 = ORIENTED_EDGE('',*,*,#3950,.F.);
#10703 = ORIENTED_EDGE('',*,*,#10704,.F.);
#10704 = EDGE_CURVE('',#3920,#3943,#10705,.T.);
#10705 = LINE('',#10706,#10707);
#10706 = CARTESIAN_POINT('',(-5.60614444824,-4.486857142857,
    20.685257142857));
#10707 = VECTOR('',#10708,1.);
#10708 = DIRECTION('',(0.,0.,1.));
#10709 = ORIENTED_EDGE('',*,*,#3919,.F.);
#10710 = ORIENTED_EDGE('',*,*,#3895,.F.);
#10711 = ORIENTED_EDGE('',*,*,#3871,.F.);
#10712 = ORIENTED_EDGE('',*,*,#3847,.F.);
#10713 = ORIENTED_EDGE('',*,*,#3823,.F.);
#10714 = ORIENTED_EDGE('',*,*,#3799,.F.);
#10715 = ORIENTED_EDGE('',*,*,#3775,.F.);
#10716 = ORIENTED_EDGE('',*,*,#3751,.F.);
#10717 = ORIENTED_EDGE('',*,*,#3727,.F.);
#10718 = ORIENTED_EDGE('',*,*,#3703,.F.);
#10719 = ORIENTED_EDGE('',*,*,#3679,.F.);
#10720 = ORIENTED_EDGE('',*,*,#3655,.F.);
#10721 = ORIENTED_EDGE('',*,*,#3631,.F.);
#10722 = ORIENTED_EDGE('',*,*,#3607,.F.);
#10723 = ORIENTED_EDGE('',*,*,#3583,.F.);
#10724 = ORIENTED_EDGE('',*,*,#3559,.F.);
#10725 = ORIENTED_EDGE('',*,*,#3535,.F.);
#10726 = ORIENTED_EDGE('',*,*,#10727,.F.);
#10727 = EDGE_CURVE('',#3505,#3528,#10728,.T.);
#10728 = LINE('',#10729,#10730);
#10729 = CARTESIAN_POINT('',(-5.60614444824,-5.046042857143,
    20.114742857143));
#10730 = VECTOR('',#10731,1.);
#10731 = DIRECTION('',(0.,1.,0.));
#10732 = FACE_BOUND('',#10733,.T.);
#10733 = EDGE_LOOP('',(#10734,#10744,#10752,#10760));
#10734 = ORIENTED_EDGE('',*,*,#10735,.F.);
#10735 = EDGE_CURVE('',#10736,#10738,#10740,.T.);
#10736 = VERTEX_POINT('',#10737);
#10737 = CARTESIAN_POINT('',(-5.60614444824,-5.057371428571,
    20.685257142857));
#10738 = VERTEX_POINT('',#10739);
#10739 = CARTESIAN_POINT('',(-5.60614444824,-5.913142857143,
    20.685257142857));
#10740 = LINE('',#10741,#10742);
#10741 = CARTESIAN_POINT('',(-5.60614444824,-5.057371428571,
    20.685257142857));
#10742 = VECTOR('',#10743,1.);
#10743 = DIRECTION('',(0.,-1.,0.));
#10744 = ORIENTED_EDGE('',*,*,#10745,.F.);
#10745 = EDGE_CURVE('',#10746,#10736,#10748,.T.);
#10746 = VERTEX_POINT('',#10747);
#10747 = CARTESIAN_POINT('',(-5.60614444824,-5.057371428571,
    21.826285714286));
#10748 = LINE('',#10749,#10750);
#10749 = CARTESIAN_POINT('',(-5.60614444824,-5.057371428571,
    21.826285714286));
#10750 = VECTOR('',#10751,1.);
#10751 = DIRECTION('',(0.,0.,-1.));
#10752 = ORIENTED_EDGE('',*,*,#10753,.F.);
#10753 = EDGE_CURVE('',#10754,#10746,#10756,.T.);
#10754 = VERTEX_POINT('',#10755);
#10755 = CARTESIAN_POINT('',(-5.60614444824,-5.913142857143,
    21.826285714286));
#10756 = LINE('',#10757,#10758);
#10757 = CARTESIAN_POINT('',(-5.60614444824,-5.913142857143,
    21.826285714286));
#10758 = VECTOR('',#10759,1.);
#10759 = DIRECTION('',(0.,1.,0.));
#10760 = ORIENTED_EDGE('',*,*,#10761,.F.);
#10761 = EDGE_CURVE('',#10738,#10754,#10762,.T.);
#10762 = LINE('',#10763,#10764);
#10763 = CARTESIAN_POINT('',(-5.60614444824,-5.913142857143,
    20.685257142857));
#10764 = VECTOR('',#10765,1.);
#10765 = DIRECTION('',(0.,0.,1.));
#10766 = PLANE('',#10767);
#10767 = AXIS2_PLACEMENT_3D('',#10768,#10769,#10770);
#10768 = CARTESIAN_POINT('',(-5.60614444824,-5.545367114,20.454720861161
    ));
#10769 = DIRECTION('',(-1.,0.,0.));
#10770 = DIRECTION('',(0.,-1.,0.));
#10771 = ADVANCED_FACE('',(#10772),#10795,.T.);
#10772 = FACE_BOUND('',#10773,.T.);
#10773 = EDGE_LOOP('',(#10774,#10781,#10789,#10794));
#10774 = ORIENTED_EDGE('',*,*,#10775,.F.);
#10775 = EDGE_CURVE('',#10776,#4504,#10778,.T.);
#10776 = VERTEX_POINT('',#10777);
#10777 = CARTESIAN_POINT('',(1.55307222412,2.69,40.));
#10778 = B_SPLINE_CURVE_WITH_KNOTS('',1,(#10779,#10780),.UNSPECIFIED.,
  .F.,.F.,(2,2),(0.,1.),.PIECEWISE_BEZIER_KNOTS.);
#10779 = CARTESIAN_POINT('',(1.55307222412,2.69,40.));
#10780 = CARTESIAN_POINT('',(2.014952439472,3.49,40.801));
#10781 = ORIENTED_EDGE('',*,*,#10782,.T.);
#10782 = EDGE_CURVE('',#10776,#10783,#10785,.T.);
#10783 = VERTEX_POINT('',#10784);
#10784 = CARTESIAN_POINT('',(3.10614444824,1.901964928113E-16,40.));
#10785 = LINE('',#10786,#10787);
#10786 = CARTESIAN_POINT('',(1.55307222412,2.69,40.));
#10787 = VECTOR('',#10788,1.);
#10788 = DIRECTION('',(0.5,-0.866025403784,0.));
#10789 = ORIENTED_EDGE('',*,*,#10790,.T.);
#10790 = EDGE_CURVE('',#10783,#4502,#10791,.T.);
#10791 = B_SPLINE_CURVE_WITH_KNOTS('',1,(#10792,#10793),.UNSPECIFIED.,
  .F.,.F.,(2,2),(0.,1.),.PIECEWISE_BEZIER_KNOTS.);
#10792 = CARTESIAN_POINT('',(3.10614444824,0.,40.));
#10793 = CARTESIAN_POINT('',(4.029904878944,4.440892098501E-16,40.801));
#10794 = ORIENTED_EDGE('',*,*,#4501,.T.);
#10795 = B_SPLINE_SURFACE_WITH_KNOTS('',1,1,(
    (#10796,#10797)
    ,(#10798,#10799
    )),.UNSPECIFIED.,.F.,.F.,.F.,(2,2),(2,2),(0.,4.029904878944),(0.,1.)
  ,.PIECEWISE_BEZIER_KNOTS.);
#10796 = CARTESIAN_POINT('',(1.55307222412,2.69,40.));
#10797 = CARTESIAN_POINT('',(2.014952439472,3.49,40.801));
#10798 = CARTESIAN_POINT('',(3.10614444824,0.,40.));
#10799 = CARTESIAN_POINT('',(4.029904878944,4.440892098501E-16,40.801));
#10800 = ADVANCED_FACE('',(#10801),#10818,.T.);
#10801 = FACE_BOUND('',#10802,.T.);
#10802 = EDGE_LOOP('',(#10803,#10810,#10816,#10817));
#10803 = ORIENTED_EDGE('',*,*,#10804,.F.);
#10804 = EDGE_CURVE('',#10805,#4532,#10807,.T.);
#10805 = VERTEX_POINT('',#10806);
#10806 = CARTESIAN_POINT('',(-1.55307222412,2.69,40.));
#10807 = B_SPLINE_CURVE_WITH_KNOTS('',1,(#10808,#10809),.UNSPECIFIED.,
  .F.,.F.,(2,2),(0.,1.),.PIECEWISE_BEZIER_KNOTS.);
#10808 = CARTESIAN_POINT('',(-1.55307222412,2.69,40.));
#10809 = CARTESIAN_POINT('',(-2.014952439472,3.49,40.801));
#10810 = ORIENTED_EDGE('',*,*,#10811,.T.);
#10811 = EDGE_CURVE('',#10805,#10776,#10812,.T.);
#10812 = LINE('',#10813,#10814);
#10813 = CARTESIAN_POINT('',(-1.55307222412,2.69,40.));
#10814 = VECTOR('',#10815,1.);
#10815 = DIRECTION('',(1.,-1.429712034486E-16,0.));
#10816 = ORIENTED_EDGE('',*,*,#10775,.T.);
#10817 = ORIENTED_EDGE('',*,*,#4538,.T.);
#10818 = B_SPLINE_SURFACE_WITH_KNOTS('',1,1,(
    (#10819,#10820)
    ,(#10821,#10822
    )),.UNSPECIFIED.,.F.,.F.,.F.,(2,2),(2,2),(0.,4.029904878944),(0.,1.)
  ,.PIECEWISE_BEZIER_KNOTS.);
#10819 = CARTESIAN_POINT('',(-1.55307222412,2.69,40.));
#10820 = CARTESIAN_POINT('',(-2.014952439472,3.49,40.801));
#10821 = CARTESIAN_POINT('',(1.55307222412,2.69,40.));
#10822 = CARTESIAN_POINT('',(2.014952439472,3.49,40.801));
#10823 = ADVANCED_FACE('',(#10824),#10841,.T.);
#10824 = FACE_BOUND('',#10825,.T.);
#10825 = EDGE_LOOP('',(#10826,#10833,#10839,#10840));
#10826 = ORIENTED_EDGE('',*,*,#10827,.F.);
#10827 = EDGE_CURVE('',#10828,#4525,#10830,.T.);
#10828 = VERTEX_POINT('',#10829);
#10829 = CARTESIAN_POINT('',(-3.10614444824,-5.70589478434E-16,40.));
#10830 = B_SPLINE_CURVE_WITH_KNOTS('',1,(#10831,#10832),.UNSPECIFIED.,
  .F.,.F.,(2,2),(0.,1.),.PIECEWISE_BEZIER_KNOTS.);
#10831 = CARTESIAN_POINT('',(-3.10614444824,-4.440892098501E-16,40.));
#10832 = CARTESIAN_POINT('',(-4.029904878944,-8.881784197001E-16,40.801)
  );
#10833 = ORIENTED_EDGE('',*,*,#10834,.T.);
#10834 = EDGE_CURVE('',#10828,#10805,#10835,.T.);
#10835 = LINE('',#10836,#10837);
#10836 = CARTESIAN_POINT('',(-3.10614444824,-5.70589478434E-16,40.));
#10837 = VECTOR('',#10838,1.);
#10838 = DIRECTION('',(0.5,0.866025403784,0.));
#10839 = ORIENTED_EDGE('',*,*,#10804,.T.);
#10840 = ORIENTED_EDGE('',*,*,#4531,.T.);
#10841 = B_SPLINE_SURFACE_WITH_KNOTS('',1,1,(
    (#10842,#10843)
    ,(#10844,#10845
    )),.UNSPECIFIED.,.F.,.F.,.F.,(2,2),(2,2),(0.,4.029904878944),(0.,1.)
  ,.PIECEWISE_BEZIER_KNOTS.);
#10842 = CARTESIAN_POINT('',(-3.10614444824,-5.70589478434E-16,40.));
#10843 = CARTESIAN_POINT('',(-4.029904878944,-7.4028151663E-16,40.801));
#10844 = CARTESIAN_POINT('',(-1.55307222412,2.69,40.));
#10845 = CARTESIAN_POINT('',(-2.014952439472,3.49,40.801));
#10846 = ADVANCED_FACE('',(#10847),#10864,.T.);
#10847 = FACE_BOUND('',#10848,.T.);
#10848 = EDGE_LOOP('',(#10849,#10856,#10862,#10863));
#10849 = ORIENTED_EDGE('',*,*,#10850,.F.);
#10850 = EDGE_CURVE('',#10851,#4518,#10853,.T.);
#10851 = VERTEX_POINT('',#10852);
#10852 = CARTESIAN_POINT('',(-1.55307222412,-2.69,40.));
#10853 = B_SPLINE_CURVE_WITH_KNOTS('',1,(#10854,#10855),.UNSPECIFIED.,
  .F.,.F.,(2,2),(0.,1.),.PIECEWISE_BEZIER_KNOTS.);
#10854 = CARTESIAN_POINT('',(-1.55307222412,-2.69,40.));
#10855 = CARTESIAN_POINT('',(-2.014952439472,-3.49,40.801));
#10856 = ORIENTED_EDGE('',*,*,#10857,.T.);
#10857 = EDGE_CURVE('',#10851,#10828,#10858,.T.);
#10858 = LINE('',#10859,#10860);
#10859 = CARTESIAN_POINT('',(-1.55307222412,-2.69,40.));
#10860 = VECTOR('',#10861,1.);
#10861 = DIRECTION('',(-0.5,0.866025403784,0.));
#10862 = ORIENTED_EDGE('',*,*,#10827,.T.);
#10863 = ORIENTED_EDGE('',*,*,#4524,.T.);
#10864 = B_SPLINE_SURFACE_WITH_KNOTS('',1,1,(
    (#10865,#10866)
    ,(#10867,#10868
    )),.UNSPECIFIED.,.F.,.F.,.F.,(2,2),(2,2),(0.,4.029904878944),(0.,1.)
  ,.PIECEWISE_BEZIER_KNOTS.);
#10865 = CARTESIAN_POINT('',(-1.55307222412,-2.69,40.));
#10866 = CARTESIAN_POINT('',(-2.014952439472,-3.49,40.801));
#10867 = CARTESIAN_POINT('',(-3.10614444824,-4.440892098501E-16,40.));
#10868 = CARTESIAN_POINT('',(-4.029904878944,-8.881784197001E-16,40.801)
  );
#10869 = ADVANCED_FACE('',(#10870),#10887,.T.);
#10870 = FACE_BOUND('',#10871,.T.);
#10871 = EDGE_LOOP('',(#10872,#10879,#10885,#10886));
#10872 = ORIENTED_EDGE('',*,*,#10873,.F.);
#10873 = EDGE_CURVE('',#10874,#4511,#10876,.T.);
#10874 = VERTEX_POINT('',#10875);
#10875 = CARTESIAN_POINT('',(1.55307222412,-2.69,40.));
#10876 = B_SPLINE_CURVE_WITH_KNOTS('',1,(#10877,#10878),.UNSPECIFIED.,
  .F.,.F.,(2,2),(0.,1.),.PIECEWISE_BEZIER_KNOTS.);
#10877 = CARTESIAN_POINT('',(1.55307222412,-2.69,40.));
#10878 = CARTESIAN_POINT('',(2.014952439472,-3.49,40.801));
#10879 = ORIENTED_EDGE('',*,*,#10880,.T.);
#10880 = EDGE_CURVE('',#10874,#10851,#10881,.T.);
#10881 = LINE('',#10882,#10883);
#10882 = CARTESIAN_POINT('',(1.55307222412,-2.69,40.));
#10883 = VECTOR('',#10884,1.);
#10884 = DIRECTION('',(-1.,-4.289136103458E-16,0.));
#10885 = ORIENTED_EDGE('',*,*,#10850,.T.);
#10886 = ORIENTED_EDGE('',*,*,#4517,.T.);
#10887 = B_SPLINE_SURFACE_WITH_KNOTS('',1,1,(
    (#10888,#10889)
    ,(#10890,#10891
    )),.UNSPECIFIED.,.F.,.F.,.F.,(2,2),(2,2),(0.,4.029904878944),(0.,1.)
  ,.PIECEWISE_BEZIER_KNOTS.);
#10888 = CARTESIAN_POINT('',(1.55307222412,-2.69,40.));
#10889 = CARTESIAN_POINT('',(2.014952439472,-3.49,40.801));
#10890 = CARTESIAN_POINT('',(-1.55307222412,-2.69,40.));
#10891 = CARTESIAN_POINT('',(-2.014952439472,-3.49,40.801));
#10892 = ADVANCED_FACE('',(#10893),#10904,.T.);
#10893 = FACE_BOUND('',#10894,.T.);
#10894 = EDGE_LOOP('',(#10895,#10896,#10902,#10903));
#10895 = ORIENTED_EDGE('',*,*,#10790,.F.);
#10896 = ORIENTED_EDGE('',*,*,#10897,.T.);
#10897 = EDGE_CURVE('',#10783,#10874,#10898,.T.);
#10898 = LINE('',#10899,#10900);
#10899 = CARTESIAN_POINT('',(3.10614444824,1.901964928113E-16,40.));
#10900 = VECTOR('',#10901,1.);
#10901 = DIRECTION('',(-0.5,-0.866025403784,0.));
#10902 = ORIENTED_EDGE('',*,*,#10873,.T.);
#10903 = ORIENTED_EDGE('',*,*,#4510,.T.);
#10904 = B_SPLINE_SURFACE_WITH_KNOTS('',1,1,(
    (#10905,#10906)
    ,(#10907,#10908
    )),.UNSPECIFIED.,.F.,.F.,.F.,(2,2),(2,2),(0.,4.029904878944),(0.,1.)
  ,.PIECEWISE_BEZIER_KNOTS.);
#10905 = CARTESIAN_POINT('',(3.10614444824,1.901964928113E-16,40.));
#10906 = CARTESIAN_POINT('',(4.029904878944,2.467605055433E-16,40.801));
#10907 = CARTESIAN_POINT('',(1.55307222412,-2.69,40.));
#10908 = CARTESIAN_POINT('',(2.014952439472,-3.49,40.801));
#10909 = ADVANCED_FACE('',(#10910),#10975,.T.);
#10910 = FACE_BOUND('',#10911,.T.);
#10911 = EDGE_LOOP('',(#10912,#10913,#10919,#10920,#10921,#10922,#10923,
    #10924,#10925,#10926,#10927,#10933,#10934,#10935,#10936,#10937,
    #10938,#10939,#10940,#10941,#10942,#10948,#10949,#10950,#10951,
    #10952,#10953,#10954,#10960,#10961,#10962,#10963,#10964,#10965,
    #10966,#10967,#10968,#10974));
#10912 = ORIENTED_EDGE('',*,*,#5379,.F.);
#10913 = ORIENTED_EDGE('',*,*,#10914,.F.);
#10914 = EDGE_CURVE('',#5349,#5372,#10915,.T.);
#10915 = LINE('',#10916,#10917);
#10916 = CARTESIAN_POINT('',(-5.60614444824,5.770514285714,
    18.528742857143));
#10917 = VECTOR('',#10918,1.);
#10918 = DIRECTION('',(0.,0.,1.));
#10919 = ORIENTED_EDGE('',*,*,#5348,.F.);
#10920 = ORIENTED_EDGE('',*,*,#5324,.F.);
#10921 = ORIENTED_EDGE('',*,*,#5300,.F.);
#10922 = ORIENTED_EDGE('',*,*,#5276,.F.);
#10923 = ORIENTED_EDGE('',*,*,#5252,.F.);
#10924 = ORIENTED_EDGE('',*,*,#5228,.F.);
#10925 = ORIENTED_EDGE('',*,*,#5204,.F.);
#10926 = ORIENTED_EDGE('',*,*,#5180,.F.);
#10927 = ORIENTED_EDGE('',*,*,#10928,.F.);
#10928 = EDGE_CURVE('',#5150,#5173,#10929,.T.);
#10929 = LINE('',#10930,#10931);
#10930 = CARTESIAN_POINT('',(-5.60614444824,5.627885714286,18.4032));
#10931 = VECTOR('',#10932,1.);
#10932 = DIRECTION('',(0.,1.,0.));
#10933 = ORIENTED_EDGE('',*,*,#5149,.F.);
#10934 = ORIENTED_EDGE('',*,*,#5125,.F.);
#10935 = ORIENTED_EDGE('',*,*,#5101,.F.);
#10936 = ORIENTED_EDGE('',*,*,#5077,.F.);
#10937 = ORIENTED_EDGE('',*,*,#5053,.F.);
#10938 = ORIENTED_EDGE('',*,*,#5029,.F.);
#10939 = ORIENTED_EDGE('',*,*,#5005,.F.);
#10940 = ORIENTED_EDGE('',*,*,#4981,.F.);
#10941 = ORIENTED_EDGE('',*,*,#4957,.F.);
#10942 = ORIENTED_EDGE('',*,*,#10943,.F.);
#10943 = EDGE_CURVE('',#4927,#4950,#10944,.T.);
#10944 = LINE('',#10945,#10946);
#10945 = CARTESIAN_POINT('',(-5.60614444824,4.623728571429,
    21.826285714286));
#10946 = VECTOR('',#10947,1.);
#10947 = DIRECTION('',(0.,1.,0.));
#10948 = ORIENTED_EDGE('',*,*,#4926,.F.);
#10949 = ORIENTED_EDGE('',*,*,#4902,.F.);
#10950 = ORIENTED_EDGE('',*,*,#4878,.F.);
#10951 = ORIENTED_EDGE('',*,*,#4854,.F.);
#10952 = ORIENTED_EDGE('',*,*,#4830,.F.);
#10953 = ORIENTED_EDGE('',*,*,#4806,.F.);
#10954 = ORIENTED_EDGE('',*,*,#10955,.F.);
#10955 = EDGE_CURVE('',#4776,#4799,#10956,.T.);
#10956 = LINE('',#10957,#10958);
#10957 = CARTESIAN_POINT('',(-5.60614444824,4.486857142857,22.2642));
#10958 = VECTOR('',#10959,1.);
#10959 = DIRECTION('',(0.,-0.,-1.));
#10960 = ORIENTED_EDGE('',*,*,#4775,.F.);
#10961 = ORIENTED_EDGE('',*,*,#4751,.F.);
#10962 = ORIENTED_EDGE('',*,*,#4727,.F.);
#10963 = ORIENTED_EDGE('',*,*,#4703,.F.);
#10964 = ORIENTED_EDGE('',*,*,#4679,.F.);
#10965 = ORIENTED_EDGE('',*,*,#4655,.F.);
#10966 = ORIENTED_EDGE('',*,*,#4631,.F.);
#10967 = ORIENTED_EDGE('',*,*,#4607,.F.);
#10968 = ORIENTED_EDGE('',*,*,#10969,.F.);
#10969 = EDGE_CURVE('',#4575,#4600,#10970,.T.);
#10970 = LINE('',#10971,#10972);
#10971 = CARTESIAN_POINT('',(-5.60614444824,4.623728571429,22.3968));
#10972 = VECTOR('',#10973,1.);
#10973 = DIRECTION('',(0.,-1.,0.));
#10974 = ORIENTED_EDGE('',*,*,#4574,.F.);
#10975 = PLANE('',#10976);
#10976 = AXIS2_PLACEMENT_3D('',#10977,#10978,#10979);
#10977 = CARTESIAN_POINT('',(-5.60614444824,5.485643511463,
    20.806443489376));
#10978 = DIRECTION('',(-1.,0.,0.));
#10979 = DIRECTION('',(0.,-1.,0.));
#10980 = ADVANCED_FACE('',(#10981),#11000,.F.);
#10981 = FACE_BOUND('',#10982,.F.);
#10982 = EDGE_LOOP('',(#10983,#10991,#10998,#10999));
#10983 = ORIENTED_EDGE('',*,*,#10984,.T.);
#10984 = EDGE_CURVE('',#5406,#10985,#10987,.T.);
#10985 = VERTEX_POINT('',#10986);
#10986 = CARTESIAN_POINT('',(0.5,-1.224646799147E-16,0.));
#10987 = LINE('',#10988,#10989);
#10988 = CARTESIAN_POINT('',(0.5,-1.224646799147E-16,-3.1));
#10989 = VECTOR('',#10990,1.);
#10990 = DIRECTION('',(0.,0.,1.));
#10991 = ORIENTED_EDGE('',*,*,#10992,.F.);
#10992 = EDGE_CURVE('',#10985,#10985,#10993,.T.);
#10993 = CIRCLE('',#10994,0.5);
#10994 = AXIS2_PLACEMENT_3D('',#10995,#10996,#10997);
#10995 = CARTESIAN_POINT('',(0.,0.,0.));
#10996 = DIRECTION('',(0.,0.,1.));
#10997 = DIRECTION('',(1.,0.,-0.));
#10998 = ORIENTED_EDGE('',*,*,#10984,.F.);
#10999 = ORIENTED_EDGE('',*,*,#5405,.T.);
#11000 = CYLINDRICAL_SURFACE('',#11001,0.5);
#11001 = AXIS2_PLACEMENT_3D('',#11002,#11003,#11004);
#11002 = CARTESIAN_POINT('',(0.,0.,-3.1));
#11003 = DIRECTION('',(0.,0.,1.));
#11004 = DIRECTION('',(1.,0.,-0.));
#11005 = ADVANCED_FACE('',(#11006),#11127,.T.);
#11006 = FACE_BOUND('',#11007,.F.);
#11007 = EDGE_LOOP('',(#11008,#11014,#11015,#11016,#11017,#11018,#11019,
    #11020,#11026,#11027,#11028,#11029,#11030,#11031,#11032,#11033,
    #11034,#11035,#11036,#11037,#11043,#11044,#11045,#11046,#11047,
    #11053,#11054,#11055,#11056,#11057,#11058,#11059,#11060,#11061,
    #11062,#11063,#11064,#11065,#11066,#11067,#11068,#11069,#11075,
    #11076,#11077,#11078,#11079,#11080,#11081,#11082,#11083,#11084,
    #11085,#11086,#11087,#11088,#11089,#11090,#11091,#11092,#11093,
    #11094,#11095,#11101,#11102,#11103,#11104,#11105,#11106,#11107,
    #11108,#11109,#11110,#11111,#11112,#11113,#11114,#11115,#11116,
    #11117,#11118,#11119,#11120,#11121,#11122,#11123,#11124,#11125,
    #11126));
#11008 = ORIENTED_EDGE('',*,*,#11009,.T.);
#11009 = EDGE_CURVE('',#7435,#5424,#11010,.T.);
#11010 = LINE('',#11011,#11012);
#11011 = CARTESIAN_POINT('',(-5.60614444824,3.916342857143,
    22.259928571429));
#11012 = VECTOR('',#11013,1.);
#11013 = DIRECTION('',(0.,0.,1.));
#11014 = ORIENTED_EDGE('',*,*,#5431,.T.);
#11015 = ORIENTED_EDGE('',*,*,#5455,.T.);
#11016 = ORIENTED_EDGE('',*,*,#5479,.T.);
#11017 = ORIENTED_EDGE('',*,*,#5503,.T.);
#11018 = ORIENTED_EDGE('',*,*,#5527,.T.);
#11019 = ORIENTED_EDGE('',*,*,#5551,.T.);
#11020 = ORIENTED_EDGE('',*,*,#11021,.T.);
#11021 = EDGE_CURVE('',#5552,#5575,#11022,.T.);
#11022 = LINE('',#11023,#11024);
#11023 = CARTESIAN_POINT('',(-5.60614444824,2.052142857143,22.3968));
#11024 = VECTOR('',#11025,1.);
#11025 = DIRECTION('',(0.,-1.,0.));
#11026 = ORIENTED_EDGE('',*,*,#5582,.T.);
#11027 = ORIENTED_EDGE('',*,*,#5606,.T.);
#11028 = ORIENTED_EDGE('',*,*,#5630,.T.);
#11029 = ORIENTED_EDGE('',*,*,#5654,.T.);
#11030 = ORIENTED_EDGE('',*,*,#5678,.T.);
#11031 = ORIENTED_EDGE('',*,*,#5702,.T.);
#11032 = ORIENTED_EDGE('',*,*,#5726,.T.);
#11033 = ORIENTED_EDGE('',*,*,#5750,.T.);
#11034 = ORIENTED_EDGE('',*,*,#5774,.T.);
#11035 = ORIENTED_EDGE('',*,*,#5798,.T.);
#11036 = ORIENTED_EDGE('',*,*,#5822,.T.);
#11037 = ORIENTED_EDGE('',*,*,#11038,.T.);
#11038 = EDGE_CURVE('',#5823,#5846,#11039,.T.);
#11039 = LINE('',#11040,#11041);
#11040 = CARTESIAN_POINT('',(-5.60614444824,1.947214285714,21.8833));
#11041 = VECTOR('',#11042,1.);
#11042 = DIRECTION('',(-0.,0.546267780547,-0.837610596839));
#11043 = ORIENTED_EDGE('',*,*,#5853,.T.);
#11044 = ORIENTED_EDGE('',*,*,#5877,.T.);
#11045 = ORIENTED_EDGE('',*,*,#5901,.T.);
#11046 = ORIENTED_EDGE('',*,*,#5925,.T.);
#11047 = ORIENTED_EDGE('',*,*,#11048,.T.);
#11048 = EDGE_CURVE('',#5926,#5949,#11049,.T.);
#11049 = LINE('',#11050,#11051);
#11050 = CARTESIAN_POINT('',(-5.60614444824,2.0579,21.826285714286));
#11051 = VECTOR('',#11052,1.);
#11052 = DIRECTION('',(0.,1.,0.));
#11053 = ORIENTED_EDGE('',*,*,#5956,.T.);
#11054 = ORIENTED_EDGE('',*,*,#5980,.T.);
#11055 = ORIENTED_EDGE('',*,*,#6004,.T.);
#11056 = ORIENTED_EDGE('',*,*,#6028,.T.);
#11057 = ORIENTED_EDGE('',*,*,#6052,.T.);
#11058 = ORIENTED_EDGE('',*,*,#6076,.T.);
#11059 = ORIENTED_EDGE('',*,*,#6100,.T.);
#11060 = ORIENTED_EDGE('',*,*,#6124,.T.);
#11061 = ORIENTED_EDGE('',*,*,#6148,.T.);
#11062 = ORIENTED_EDGE('',*,*,#6172,.T.);
#11063 = ORIENTED_EDGE('',*,*,#6196,.T.);
#11064 = ORIENTED_EDGE('',*,*,#6220,.T.);
#11065 = ORIENTED_EDGE('',*,*,#6244,.T.);
#11066 = ORIENTED_EDGE('',*,*,#6268,.T.);
#11067 = ORIENTED_EDGE('',*,*,#6292,.T.);
#11068 = ORIENTED_EDGE('',*,*,#6316,.T.);
#11069 = ORIENTED_EDGE('',*,*,#11070,.T.);
#11070 = EDGE_CURVE('',#6317,#6340,#11071,.T.);
#11071 = LINE('',#11072,#11073);
#11072 = CARTESIAN_POINT('',(-5.60614444824,1.919542857143,
    18.928028571429));
#11073 = VECTOR('',#11074,1.);
#11074 = DIRECTION('',(0.,0.,-1.));
#11075 = ORIENTED_EDGE('',*,*,#6347,.T.);
#11076 = ORIENTED_EDGE('',*,*,#6371,.T.);
#11077 = ORIENTED_EDGE('',*,*,#6395,.T.);
#11078 = ORIENTED_EDGE('',*,*,#6419,.T.);
#11079 = ORIENTED_EDGE('',*,*,#6443,.T.);
#11080 = ORIENTED_EDGE('',*,*,#6467,.T.);
#11081 = ORIENTED_EDGE('',*,*,#6491,.T.);
#11082 = ORIENTED_EDGE('',*,*,#6515,.T.);
#11083 = ORIENTED_EDGE('',*,*,#6539,.T.);
#11084 = ORIENTED_EDGE('',*,*,#6563,.T.);
#11085 = ORIENTED_EDGE('',*,*,#6587,.T.);
#11086 = ORIENTED_EDGE('',*,*,#6611,.T.);
#11087 = ORIENTED_EDGE('',*,*,#6635,.T.);
#11088 = ORIENTED_EDGE('',*,*,#6659,.T.);
#11089 = ORIENTED_EDGE('',*,*,#6683,.T.);
#11090 = ORIENTED_EDGE('',*,*,#6707,.T.);
#11091 = ORIENTED_EDGE('',*,*,#6731,.T.);
#11092 = ORIENTED_EDGE('',*,*,#6755,.T.);
#11093 = ORIENTED_EDGE('',*,*,#6779,.T.);
#11094 = ORIENTED_EDGE('',*,*,#6803,.T.);
#11095 = ORIENTED_EDGE('',*,*,#11096,.T.);
#11096 = EDGE_CURVE('',#6804,#6827,#11097,.T.);
#11097 = LINE('',#11098,#11099);
#11098 = CARTESIAN_POINT('',(-5.60614444824,3.847814285714,18.5059));
#11099 = VECTOR('',#11100,1.);
#11100 = DIRECTION('',(0.,0.62407609663,0.781363568139));
#11101 = ORIENTED_EDGE('',*,*,#6834,.T.);
#11102 = ORIENTED_EDGE('',*,*,#6858,.T.);
#11103 = ORIENTED_EDGE('',*,*,#6882,.T.);
#11104 = ORIENTED_EDGE('',*,*,#6906,.T.);
#11105 = ORIENTED_EDGE('',*,*,#6930,.T.);
#11106 = ORIENTED_EDGE('',*,*,#6954,.T.);
#11107 = ORIENTED_EDGE('',*,*,#6978,.T.);
#11108 = ORIENTED_EDGE('',*,*,#7002,.T.);
#11109 = ORIENTED_EDGE('',*,*,#7026,.T.);
#11110 = ORIENTED_EDGE('',*,*,#7050,.T.);
#11111 = ORIENTED_EDGE('',*,*,#7074,.T.);
#11112 = ORIENTED_EDGE('',*,*,#7098,.T.);
#11113 = ORIENTED_EDGE('',*,*,#7122,.T.);
#11114 = ORIENTED_EDGE('',*,*,#7146,.T.);
#11115 = ORIENTED_EDGE('',*,*,#7170,.T.);
#11116 = ORIENTED_EDGE('',*,*,#7194,.T.);
#11117 = ORIENTED_EDGE('',*,*,#7218,.T.);
#11118 = ORIENTED_EDGE('',*,*,#7242,.T.);
#11119 = ORIENTED_EDGE('',*,*,#7266,.T.);
#11120 = ORIENTED_EDGE('',*,*,#7290,.T.);
#11121 = ORIENTED_EDGE('',*,*,#7314,.T.);
#11122 = ORIENTED_EDGE('',*,*,#7338,.T.);
#11123 = ORIENTED_EDGE('',*,*,#7362,.T.);
#11124 = ORIENTED_EDGE('',*,*,#7386,.T.);
#11125 = ORIENTED_EDGE('',*,*,#7410,.T.);
#11126 = ORIENTED_EDGE('',*,*,#7434,.T.);
#11127 = PLANE('',#11128);
#11128 = AXIS2_PLACEMENT_3D('',#11129,#11130,#11131);
#11129 = CARTESIAN_POINT('',(-5.60614444824,2.934229065606,
    20.431450263547));
#11130 = DIRECTION('',(-1.,0.,0.));
#11131 = DIRECTION('',(0.,-1.,0.));
#11132 = ADVANCED_FACE('',(#11133),#11235,.T.);
#11133 = FACE_BOUND('',#11134,.F.);
#11134 = EDGE_LOOP('',(#11135,#11141,#11142,#11143,#11144,#11145,#11146,
    #11147,#11148,#11149,#11155,#11156,#11157,#11158,#11159,#11160,
    #11161,#11167,#11168,#11169,#11170,#11171,#11172,#11173,#11174,
    #11175,#11181,#11182,#11183,#11184,#11185,#11186,#11187,#11188,
    #11189,#11195,#11196,#11197,#11198,#11199,#11200,#11201,#11202,
    #11210,#11216,#11217,#11218,#11219,#11220,#11221,#11222,#11228,
    #11229,#11230,#11231,#11232,#11233,#11234));
#11135 = ORIENTED_EDGE('',*,*,#11136,.T.);
#11136 = EDGE_CURVE('',#8684,#7458,#11137,.T.);
#11137 = LINE('',#11138,#11139);
#11138 = CARTESIAN_POINT('',(-5.60614444824,0.362514285714,
    18.545828571429));
#11139 = VECTOR('',#11140,1.);
#11140 = DIRECTION('',(0.,0.,1.));
#11141 = ORIENTED_EDGE('',*,*,#7465,.T.);
#11142 = ORIENTED_EDGE('',*,*,#7489,.T.);
#11143 = ORIENTED_EDGE('',*,*,#7513,.T.);
#11144 = ORIENTED_EDGE('',*,*,#7537,.T.);
#11145 = ORIENTED_EDGE('',*,*,#7561,.T.);
#11146 = ORIENTED_EDGE('',*,*,#7585,.T.);
#11147 = ORIENTED_EDGE('',*,*,#7609,.T.);
#11148 = ORIENTED_EDGE('',*,*,#7633,.T.);
#11149 = ORIENTED_EDGE('',*,*,#11150,.T.);
#11150 = EDGE_CURVE('',#7634,#7657,#11151,.T.);
#11151 = LINE('',#11152,#11153);
#11152 = CARTESIAN_POINT('',(-5.60614444824,0.225642857143,22.3968));
#11153 = VECTOR('',#11154,1.);
#11154 = DIRECTION('',(0.,-1.,0.));
#11155 = ORIENTED_EDGE('',*,*,#7664,.T.);
#11156 = ORIENTED_EDGE('',*,*,#7688,.T.);
#11157 = ORIENTED_EDGE('',*,*,#7712,.T.);
#11158 = ORIENTED_EDGE('',*,*,#7736,.T.);
#11159 = ORIENTED_EDGE('',*,*,#7760,.T.);
#11160 = ORIENTED_EDGE('',*,*,#7784,.T.);
#11161 = ORIENTED_EDGE('',*,*,#11162,.T.);
#11162 = EDGE_CURVE('',#7785,#7808,#11163,.T.);
#11163 = LINE('',#11164,#11165);
#11164 = CARTESIAN_POINT('',(-5.60614444824,-1.491657142857,21.9704));
#11165 = VECTOR('',#11166,1.);
#11166 = DIRECTION('',(0.,0.,-1.));
#11167 = ORIENTED_EDGE('',*,*,#7815,.T.);
#11168 = ORIENTED_EDGE('',*,*,#7839,.T.);
#11169 = ORIENTED_EDGE('',*,*,#7863,.T.);
#11170 = ORIENTED_EDGE('',*,*,#7887,.T.);
#11171 = ORIENTED_EDGE('',*,*,#7911,.T.);
#11172 = ORIENTED_EDGE('',*,*,#7935,.T.);
#11173 = ORIENTED_EDGE('',*,*,#7959,.T.);
#11174 = ORIENTED_EDGE('',*,*,#7983,.T.);
#11175 = ORIENTED_EDGE('',*,*,#11176,.T.);
#11176 = EDGE_CURVE('',#7984,#8007,#11177,.T.);
#11177 = LINE('',#11178,#11179);
#11178 = CARTESIAN_POINT('',(-5.60614444824,-1.349028571429,
    21.826285714286));
#11179 = VECTOR('',#11180,1.);
#11180 = DIRECTION('',(0.,1.,0.));
#11181 = ORIENTED_EDGE('',*,*,#8014,.T.);
#11182 = ORIENTED_EDGE('',*,*,#8038,.T.);
#11183 = ORIENTED_EDGE('',*,*,#8062,.T.);
#11184 = ORIENTED_EDGE('',*,*,#8086,.T.);
#11185 = ORIENTED_EDGE('',*,*,#8110,.T.);
#11186 = ORIENTED_EDGE('',*,*,#8134,.T.);
#11187 = ORIENTED_EDGE('',*,*,#8158,.T.);
#11188 = ORIENTED_EDGE('',*,*,#8182,.T.);
#11189 = ORIENTED_EDGE('',*,*,#11190,.T.);
#11190 = EDGE_CURVE('',#8183,#8206,#11191,.T.);
#11191 = LINE('',#11192,#11193);
#11192 = CARTESIAN_POINT('',(-5.60614444824,-1.2064,20.257371428571));
#11193 = VECTOR('',#11194,1.);
#11194 = DIRECTION('',(0.,0.,-1.));
#11195 = ORIENTED_EDGE('',*,*,#8213,.T.);
#11196 = ORIENTED_EDGE('',*,*,#8237,.T.);
#11197 = ORIENTED_EDGE('',*,*,#8261,.T.);
#11198 = ORIENTED_EDGE('',*,*,#8285,.T.);
#11199 = ORIENTED_EDGE('',*,*,#8309,.T.);
#11200 = ORIENTED_EDGE('',*,*,#8333,.T.);
#11201 = ORIENTED_EDGE('',*,*,#8357,.T.);
#11202 = ORIENTED_EDGE('',*,*,#11203,.T.);
#11203 = EDGE_CURVE('',#8358,#11204,#11206,.T.);
#11204 = VERTEX_POINT('',#11205);
#11205 = CARTESIAN_POINT('',(-5.60614444824,-0.208,20.114742857143));
#11206 = LINE('',#11207,#11208);
#11207 = CARTESIAN_POINT('',(-5.60614444824,-1.080857142857,
    20.114742857143));
#11208 = VECTOR('',#11209,1.);
#11209 = DIRECTION('',(0.,1.,0.));
#11210 = ORIENTED_EDGE('',*,*,#11211,.T.);
#11211 = EDGE_CURVE('',#11204,#8381,#11212,.T.);
#11212 = LINE('',#11213,#11214);
#11213 = CARTESIAN_POINT('',(-5.60614444824,-0.208,18.545828571429));
#11214 = VECTOR('',#11215,1.);
#11215 = DIRECTION('',(0.,0.,-1.));
#11216 = ORIENTED_EDGE('',*,*,#8388,.T.);
#11217 = ORIENTED_EDGE('',*,*,#8412,.T.);
#11218 = ORIENTED_EDGE('',*,*,#8436,.T.);
#11219 = ORIENTED_EDGE('',*,*,#8460,.T.);
#11220 = ORIENTED_EDGE('',*,*,#8484,.T.);
#11221 = ORIENTED_EDGE('',*,*,#8508,.T.);
#11222 = ORIENTED_EDGE('',*,*,#11223,.T.);
#11223 = EDGE_CURVE('',#8509,#8532,#11224,.T.);
#11224 = LINE('',#11225,#11226);
#11225 = CARTESIAN_POINT('',(-5.60614444824,-6.537142857143E-02,18.4032)
  );
#11226 = VECTOR('',#11227,1.);
#11227 = DIRECTION('',(0.,1.,0.));
#11228 = ORIENTED_EDGE('',*,*,#8539,.T.);
#11229 = ORIENTED_EDGE('',*,*,#8563,.T.);
#11230 = ORIENTED_EDGE('',*,*,#8587,.T.);
#11231 = ORIENTED_EDGE('',*,*,#8611,.T.);
#11232 = ORIENTED_EDGE('',*,*,#8635,.T.);
#11233 = ORIENTED_EDGE('',*,*,#8659,.T.);
#11234 = ORIENTED_EDGE('',*,*,#8683,.T.);
#11235 = PLANE('',#11236);
#11236 = AXIS2_PLACEMENT_3D('',#11237,#11238,#11239);
#11237 = CARTESIAN_POINT('',(-5.60614444824,-0.293807304171,
    20.725467409186));
#11238 = DIRECTION('',(-1.,0.,0.));
#11239 = DIRECTION('',(0.,-1.,0.));
#11240 = ADVANCED_FACE('',(#11241),#11351,.T.);
#11241 = FACE_BOUND('',#11242,.F.);
#11242 = EDGE_LOOP('',(#11243,#11244,#11245,#11246,#11247,#11248,#11249,
    #11250,#11251,#11252,#11253,#11254,#11255,#11256,#11257,#11263,
    #11264,#11265,#11266,#11267,#11268,#11269,#11270,#11276,#11277,
    #11278,#11279,#11280,#11281,#11282,#11283,#11284,#11285,#11286,
    #11287,#11288,#11289,#11290,#11291,#11292,#11293,#11294,#11295,
    #11296,#11297,#11298,#11299,#11300,#11301,#11302,#11303,#11304,
    #11305,#11306,#11307,#11308,#11309,#11310,#11311,#11312,#11313,
    #11314,#11315,#11316,#11317,#11318,#11324,#11325,#11326,#11327,
    #11328,#11334,#11335,#11341,#11342,#11343,#11344,#11345,#11346,
    #11347,#11348,#11349,#11350));
#11243 = ORIENTED_EDGE('',*,*,#10597,.T.);
#11244 = ORIENTED_EDGE('',*,*,#8714,.T.);
#11245 = ORIENTED_EDGE('',*,*,#8738,.T.);
#11246 = ORIENTED_EDGE('',*,*,#8762,.T.);
#11247 = ORIENTED_EDGE('',*,*,#8786,.T.);
#11248 = ORIENTED_EDGE('',*,*,#8810,.T.);
#11249 = ORIENTED_EDGE('',*,*,#8834,.T.);
#11250 = ORIENTED_EDGE('',*,*,#8858,.T.);
#11251 = ORIENTED_EDGE('',*,*,#8882,.T.);
#11252 = ORIENTED_EDGE('',*,*,#8906,.T.);
#11253 = ORIENTED_EDGE('',*,*,#8930,.T.);
#11254 = ORIENTED_EDGE('',*,*,#8954,.T.);
#11255 = ORIENTED_EDGE('',*,*,#8978,.T.);
#11256 = ORIENTED_EDGE('',*,*,#9002,.T.);
#11257 = ORIENTED_EDGE('',*,*,#11258,.T.);
#11258 = EDGE_CURVE('',#9003,#9026,#11259,.T.);
#11259 = LINE('',#11260,#11261);
#11260 = CARTESIAN_POINT('',(-5.60614444824,-2.062171428571,
    22.111542857143));
#11261 = VECTOR('',#11262,1.);
#11262 = DIRECTION('',(0.,0.,1.));
#11263 = ORIENTED_EDGE('',*,*,#9033,.T.);
#11264 = ORIENTED_EDGE('',*,*,#9057,.T.);
#11265 = ORIENTED_EDGE('',*,*,#9081,.T.);
#11266 = ORIENTED_EDGE('',*,*,#9105,.T.);
#11267 = ORIENTED_EDGE('',*,*,#9129,.T.);
#11268 = ORIENTED_EDGE('',*,*,#9153,.T.);
#11269 = ORIENTED_EDGE('',*,*,#9177,.T.);
#11270 = ORIENTED_EDGE('',*,*,#11271,.T.);
#11271 = EDGE_CURVE('',#9178,#9201,#11272,.T.);
#11272 = LINE('',#11273,#11274);
#11273 = CARTESIAN_POINT('',(-5.60614444824,-2.170628571429,
    22.334028571429));
#11274 = VECTOR('',#11275,1.);
#11275 = DIRECTION('',(0.,-0.80078057117,0.598957825591));
#11276 = ORIENTED_EDGE('',*,*,#9208,.T.);
#11277 = ORIENTED_EDGE('',*,*,#9232,.T.);
#11278 = ORIENTED_EDGE('',*,*,#9256,.T.);
#11279 = ORIENTED_EDGE('',*,*,#9280,.T.);
#11280 = ORIENTED_EDGE('',*,*,#9304,.T.);
#11281 = ORIENTED_EDGE('',*,*,#9328,.T.);
#11282 = ORIENTED_EDGE('',*,*,#9352,.T.);
#11283 = ORIENTED_EDGE('',*,*,#9376,.T.);
#11284 = ORIENTED_EDGE('',*,*,#9400,.T.);
#11285 = ORIENTED_EDGE('',*,*,#9424,.T.);
#11286 = ORIENTED_EDGE('',*,*,#9448,.T.);
#11287 = ORIENTED_EDGE('',*,*,#9472,.T.);
#11288 = ORIENTED_EDGE('',*,*,#9496,.T.);
#11289 = ORIENTED_EDGE('',*,*,#9520,.T.);
#11290 = ORIENTED_EDGE('',*,*,#9544,.T.);
#11291 = ORIENTED_EDGE('',*,*,#9568,.T.);
#11292 = ORIENTED_EDGE('',*,*,#9592,.T.);
#11293 = ORIENTED_EDGE('',*,*,#9616,.T.);
#11294 = ORIENTED_EDGE('',*,*,#9640,.T.);
#11295 = ORIENTED_EDGE('',*,*,#9664,.T.);
#11296 = ORIENTED_EDGE('',*,*,#9688,.T.);
#11297 = ORIENTED_EDGE('',*,*,#9712,.T.);
#11298 = ORIENTED_EDGE('',*,*,#9736,.T.);
#11299 = ORIENTED_EDGE('',*,*,#9760,.T.);
#11300 = ORIENTED_EDGE('',*,*,#9784,.T.);
#11301 = ORIENTED_EDGE('',*,*,#9808,.T.);
#11302 = ORIENTED_EDGE('',*,*,#9832,.T.);
#11303 = ORIENTED_EDGE('',*,*,#9856,.T.);
#11304 = ORIENTED_EDGE('',*,*,#9880,.T.);
#11305 = ORIENTED_EDGE('',*,*,#9904,.T.);
#11306 = ORIENTED_EDGE('',*,*,#9928,.T.);
#11307 = ORIENTED_EDGE('',*,*,#9952,.T.);
#11308 = ORIENTED_EDGE('',*,*,#9976,.T.);
#11309 = ORIENTED_EDGE('',*,*,#10000,.T.);
#11310 = ORIENTED_EDGE('',*,*,#10024,.T.);
#11311 = ORIENTED_EDGE('',*,*,#10048,.T.);
#11312 = ORIENTED_EDGE('',*,*,#10072,.T.);
#11313 = ORIENTED_EDGE('',*,*,#10096,.T.);
#11314 = ORIENTED_EDGE('',*,*,#10120,.T.);
#11315 = ORIENTED_EDGE('',*,*,#10144,.T.);
#11316 = ORIENTED_EDGE('',*,*,#10168,.T.);
#11317 = ORIENTED_EDGE('',*,*,#10192,.T.);
#11318 = ORIENTED_EDGE('',*,*,#11319,.T.);
#11319 = EDGE_CURVE('',#10193,#10216,#11320,.T.);
#11320 = LINE('',#11321,#11322);
#11321 = CARTESIAN_POINT('',(-5.60614444824,-2.341671428571,18.4032));
#11322 = VECTOR('',#11323,1.);
#11323 = DIRECTION('',(0.,1.,0.));
#11324 = ORIENTED_EDGE('',*,*,#10223,.T.);
#11325 = ORIENTED_EDGE('',*,*,#10247,.T.);
#11326 = ORIENTED_EDGE('',*,*,#10271,.T.);
#11327 = ORIENTED_EDGE('',*,*,#10295,.T.);
#11328 = ORIENTED_EDGE('',*,*,#11329,.T.);
#11329 = EDGE_CURVE('',#10296,#10319,#11330,.T.);
#11330 = LINE('',#11331,#11332);
#11331 = CARTESIAN_POINT('',(-5.60614444824,-2.228571428571,
    18.465971428571));
#11332 = VECTOR('',#11333,1.);
#11333 = DIRECTION('',(0.,0.571064488199,0.820905201785));
#11334 = ORIENTED_EDGE('',*,*,#10326,.T.);
#11335 = ORIENTED_EDGE('',*,*,#11336,.T.);
#11336 = EDGE_CURVE('',#10327,#10350,#11337,.T.);
#11337 = LINE('',#11338,#11339);
#11338 = CARTESIAN_POINT('',(-5.60614444824,-2.2048,18.540071428571));
#11339 = VECTOR('',#11340,1.);
#11340 = DIRECTION('',(0.,0.,1.));
#11341 = ORIENTED_EDGE('',*,*,#10357,.T.);
#11342 = ORIENTED_EDGE('',*,*,#10381,.T.);
#11343 = ORIENTED_EDGE('',*,*,#10405,.T.);
#11344 = ORIENTED_EDGE('',*,*,#10429,.T.);
#11345 = ORIENTED_EDGE('',*,*,#10453,.T.);
#11346 = ORIENTED_EDGE('',*,*,#10477,.T.);
#11347 = ORIENTED_EDGE('',*,*,#10501,.T.);
#11348 = ORIENTED_EDGE('',*,*,#10525,.T.);
#11349 = ORIENTED_EDGE('',*,*,#10549,.T.);
#11350 = ORIENTED_EDGE('',*,*,#10573,.T.);
#11351 = PLANE('',#11352);
#11352 = AXIS2_PLACEMENT_3D('',#11353,#11354,#11355);
#11353 = CARTESIAN_POINT('',(-5.60614444824,-2.964782549904,
    20.235371698725));
#11354 = DIRECTION('',(-1.,0.,0.));
#11355 = DIRECTION('',(0.,-1.,0.));
#11356 = ADVANCED_FACE('',(#11357),#11382,.T.);
#11357 = FACE_BOUND('',#11358,.T.);
#11358 = EDGE_LOOP('',(#11359,#11369,#11375,#11376));
#11359 = ORIENTED_EDGE('',*,*,#11360,.T.);
#11360 = EDGE_CURVE('',#11361,#11363,#11365,.T.);
#11361 = VERTEX_POINT('',#11362);
#11362 = CARTESIAN_POINT('',(-6.10614444824,-5.913142857143,
    20.685257142857));
#11363 = VERTEX_POINT('',#11364);
#11364 = CARTESIAN_POINT('',(-6.10614444824,-5.057371428571,
    20.685257142857));
#11365 = LINE('',#11366,#11367);
#11366 = CARTESIAN_POINT('',(-6.10614444824,-5.581757938406,
    20.685257142857));
#11367 = VECTOR('',#11368,1.);
#11368 = DIRECTION('',(0.,1.,0.));
#11369 = ORIENTED_EDGE('',*,*,#11370,.T.);
#11370 = EDGE_CURVE('',#11363,#10736,#11371,.T.);
#11371 = LINE('',#11372,#11373);
#11372 = CARTESIAN_POINT('',(-6.20614444824,-5.057371428571,
    20.685257142857));
#11373 = VECTOR('',#11374,1.);
#11374 = DIRECTION('',(1.,0.,0.));
#11375 = ORIENTED_EDGE('',*,*,#10735,.T.);
#11376 = ORIENTED_EDGE('',*,*,#11377,.F.);
#11377 = EDGE_CURVE('',#11361,#10738,#11378,.T.);
#11378 = LINE('',#11379,#11380);
#11379 = CARTESIAN_POINT('',(-6.20614444824,-5.913142857143,
    20.685257142857));
#11380 = VECTOR('',#11381,1.);
#11381 = DIRECTION('',(1.,0.,0.));
#11382 = PLANE('',#11383);
#11383 = AXIS2_PLACEMENT_3D('',#11384,#11385,#11386);
#11384 = CARTESIAN_POINT('',(-6.20614444824,-5.057371428571,
    20.685257142857));
#11385 = DIRECTION('',(0.,0.,-1.));
#11386 = DIRECTION('',(0.,-1.,0.));
#11387 = ADVANCED_FACE('',(#11388),#11406,.T.);
#11388 = FACE_BOUND('',#11389,.T.);
#11389 = EDGE_LOOP('',(#11390,#11398,#11404,#11405));
#11390 = ORIENTED_EDGE('',*,*,#11391,.T.);
#11391 = EDGE_CURVE('',#11363,#11392,#11394,.T.);
#11392 = VERTEX_POINT('',#11393);
#11393 = CARTESIAN_POINT('',(-6.10614444824,-5.057371428571,
    21.826285714286));
#11394 = LINE('',#11395,#11396);
#11395 = CARTESIAN_POINT('',(-6.10614444824,-5.057371428571,
    9.413142857143));
#11396 = VECTOR('',#11397,1.);
#11397 = DIRECTION('',(0.,0.,1.));
#11398 = ORIENTED_EDGE('',*,*,#11399,.T.);
#11399 = EDGE_CURVE('',#11392,#10746,#11400,.T.);
#11400 = LINE('',#11401,#11402);
#11401 = CARTESIAN_POINT('',(-6.20614444824,-5.057371428571,
    21.826285714286));
#11402 = VECTOR('',#11403,1.);
#11403 = DIRECTION('',(1.,0.,0.));
#11404 = ORIENTED_EDGE('',*,*,#10745,.T.);
#11405 = ORIENTED_EDGE('',*,*,#11370,.F.);
#11406 = PLANE('',#11407);
#11407 = AXIS2_PLACEMENT_3D('',#11408,#11409,#11410);
#11408 = CARTESIAN_POINT('',(-6.20614444824,-5.057371428571,
    21.826285714286));
#11409 = DIRECTION('',(-0.,1.,0.));
#11410 = DIRECTION('',(0.,0.,-1.));
#11411 = ADVANCED_FACE('',(#11412),#11430,.T.);
#11412 = FACE_BOUND('',#11413,.T.);
#11413 = EDGE_LOOP('',(#11414,#11422,#11423,#11424));
#11414 = ORIENTED_EDGE('',*,*,#11415,.T.);
#11415 = EDGE_CURVE('',#11416,#11361,#11418,.T.);
#11416 = VERTEX_POINT('',#11417);
#11417 = CARTESIAN_POINT('',(-6.10614444824,-5.913142857143,
    21.826285714286));
#11418 = LINE('',#11419,#11420);
#11419 = CARTESIAN_POINT('',(-6.10614444824,-5.913142857143,
    8.842628571429));
#11420 = VECTOR('',#11421,1.);
#11421 = DIRECTION('',(0.,-0.,-1.));
#11422 = ORIENTED_EDGE('',*,*,#11377,.T.);
#11423 = ORIENTED_EDGE('',*,*,#10761,.T.);
#11424 = ORIENTED_EDGE('',*,*,#11425,.F.);
#11425 = EDGE_CURVE('',#11416,#10754,#11426,.T.);
#11426 = LINE('',#11427,#11428);
#11427 = CARTESIAN_POINT('',(-6.20614444824,-5.913142857143,
    21.826285714286));
#11428 = VECTOR('',#11429,1.);
#11429 = DIRECTION('',(1.,0.,0.));
#11430 = PLANE('',#11431);
#11431 = AXIS2_PLACEMENT_3D('',#11432,#11433,#11434);
#11432 = CARTESIAN_POINT('',(-6.20614444824,-5.913142857143,
    20.685257142857));
#11433 = DIRECTION('',(0.,-1.,0.));
#11434 = DIRECTION('',(0.,0.,1.));
#11435 = ADVANCED_FACE('',(#11436),#11447,.T.);
#11436 = FACE_BOUND('',#11437,.T.);
#11437 = EDGE_LOOP('',(#11438,#11444,#11445,#11446));
#11438 = ORIENTED_EDGE('',*,*,#11439,.T.);
#11439 = EDGE_CURVE('',#11392,#11416,#11440,.T.);
#11440 = LINE('',#11441,#11442);
#11441 = CARTESIAN_POINT('',(-6.10614444824,-6.009643652692,
    21.826285714286));
#11442 = VECTOR('',#11443,1.);
#11443 = DIRECTION('',(0.,-1.,0.));
#11444 = ORIENTED_EDGE('',*,*,#11425,.T.);
#11445 = ORIENTED_EDGE('',*,*,#10753,.T.);
#11446 = ORIENTED_EDGE('',*,*,#11399,.F.);
#11447 = PLANE('',#11448);
#11448 = AXIS2_PLACEMENT_3D('',#11449,#11450,#11451);
#11449 = CARTESIAN_POINT('',(-6.20614444824,-5.913142857143,
    21.826285714286));
#11450 = DIRECTION('',(0.,0.,1.));
#11451 = DIRECTION('',(0.,1.,0.));
#11452 = ADVANCED_FACE('',(#11453),#11478,.F.);
#11453 = FACE_BOUND('',#11454,.F.);
#11454 = EDGE_LOOP('',(#11455,#11465,#11471,#11472));
#11455 = ORIENTED_EDGE('',*,*,#11456,.F.);
#11456 = EDGE_CURVE('',#11457,#11459,#11461,.T.);
#11457 = VERTEX_POINT('',#11458);
#11458 = CARTESIAN_POINT('',(1.55307222412,2.69,0.));
#11459 = VERTEX_POINT('',#11460);
#11460 = CARTESIAN_POINT('',(3.10614444824,1.901964928113E-16,0.));
#11461 = LINE('',#11462,#11463);
#11462 = CARTESIAN_POINT('',(1.55307222412,2.69,0.));
#11463 = VECTOR('',#11464,1.);
#11464 = DIRECTION('',(0.5,-0.866025403784,0.));
#11465 = ORIENTED_EDGE('',*,*,#11466,.T.);
#11466 = EDGE_CURVE('',#11457,#10776,#11467,.T.);
#11467 = LINE('',#11468,#11469);
#11468 = CARTESIAN_POINT('',(1.55307222412,2.69,0.));
#11469 = VECTOR('',#11470,1.);
#11470 = DIRECTION('',(0.,0.,1.));
#11471 = ORIENTED_EDGE('',*,*,#10782,.T.);
#11472 = ORIENTED_EDGE('',*,*,#11473,.F.);
#11473 = EDGE_CURVE('',#11459,#10783,#11474,.T.);
#11474 = LINE('',#11475,#11476);
#11475 = CARTESIAN_POINT('',(3.10614444824,1.901964928113E-16,0.));
#11476 = VECTOR('',#11477,1.);
#11477 = DIRECTION('',(0.,0.,1.));
#11478 = PLANE('',#11479);
#11479 = AXIS2_PLACEMENT_3D('',#11480,#11481,#11482);
#11480 = CARTESIAN_POINT('',(1.55307222412,2.69,0.));
#11481 = DIRECTION('',(0.866025403784,0.5,-0.));
#11482 = DIRECTION('',(0.5,-0.866025403784,0.));
#11483 = ADVANCED_FACE('',(#11484),#11502,.F.);
#11484 = FACE_BOUND('',#11485,.F.);
#11485 = EDGE_LOOP('',(#11486,#11494,#11500,#11501));
#11486 = ORIENTED_EDGE('',*,*,#11487,.F.);
#11487 = EDGE_CURVE('',#11488,#11457,#11490,.T.);
#11488 = VERTEX_POINT('',#11489);
#11489 = CARTESIAN_POINT('',(-1.55307222412,2.69,0.));
#11490 = LINE('',#11491,#11492);
#11491 = CARTESIAN_POINT('',(-1.55307222412,2.69,0.));
#11492 = VECTOR('',#11493,1.);
#11493 = DIRECTION('',(1.,-1.429712034486E-16,0.));
#11494 = ORIENTED_EDGE('',*,*,#11495,.T.);
#11495 = EDGE_CURVE('',#11488,#10805,#11496,.T.);
#11496 = LINE('',#11497,#11498);
#11497 = CARTESIAN_POINT('',(-1.55307222412,2.69,0.));
#11498 = VECTOR('',#11499,1.);
#11499 = DIRECTION('',(0.,0.,1.));
#11500 = ORIENTED_EDGE('',*,*,#10811,.T.);
#11501 = ORIENTED_EDGE('',*,*,#11466,.F.);
#11502 = PLANE('',#11503);
#11503 = AXIS2_PLACEMENT_3D('',#11504,#11505,#11506);
#11504 = CARTESIAN_POINT('',(-1.55307222412,2.69,0.));
#11505 = DIRECTION('',(1.429712034486E-16,1.,-0.));
#11506 = DIRECTION('',(1.,-1.429712034486E-16,0.));
#11507 = ADVANCED_FACE('',(#11508),#11526,.F.);
#11508 = FACE_BOUND('',#11509,.F.);
#11509 = EDGE_LOOP('',(#11510,#11518,#11524,#11525));
#11510 = ORIENTED_EDGE('',*,*,#11511,.F.);
#11511 = EDGE_CURVE('',#11512,#11488,#11514,.T.);
#11512 = VERTEX_POINT('',#11513);
#11513 = CARTESIAN_POINT('',(-3.10614444824,-5.70589478434E-16,0.));
#11514 = LINE('',#11515,#11516);
#11515 = CARTESIAN_POINT('',(-3.10614444824,-5.70589478434E-16,0.));
#11516 = VECTOR('',#11517,1.);
#11517 = DIRECTION('',(0.5,0.866025403784,0.));
#11518 = ORIENTED_EDGE('',*,*,#11519,.T.);
#11519 = EDGE_CURVE('',#11512,#10828,#11520,.T.);
#11520 = LINE('',#11521,#11522);
#11521 = CARTESIAN_POINT('',(-3.10614444824,-5.70589478434E-16,0.));
#11522 = VECTOR('',#11523,1.);
#11523 = DIRECTION('',(0.,0.,1.));
#11524 = ORIENTED_EDGE('',*,*,#10834,.T.);
#11525 = ORIENTED_EDGE('',*,*,#11495,.F.);
#11526 = PLANE('',#11527);
#11527 = AXIS2_PLACEMENT_3D('',#11528,#11529,#11530);
#11528 = CARTESIAN_POINT('',(-3.10614444824,-5.70589478434E-16,0.));
#11529 = DIRECTION('',(-0.866025403784,0.5,0.));
#11530 = DIRECTION('',(0.5,0.866025403784,0.));
#11531 = ADVANCED_FACE('',(#11532),#11550,.F.);
#11532 = FACE_BOUND('',#11533,.F.);
#11533 = EDGE_LOOP('',(#11534,#11542,#11548,#11549));
#11534 = ORIENTED_EDGE('',*,*,#11535,.F.);
#11535 = EDGE_CURVE('',#11536,#11512,#11538,.T.);
#11536 = VERTEX_POINT('',#11537);
#11537 = CARTESIAN_POINT('',(-1.55307222412,-2.69,0.));
#11538 = LINE('',#11539,#11540);
#11539 = CARTESIAN_POINT('',(-1.55307222412,-2.69,0.));
#11540 = VECTOR('',#11541,1.);
#11541 = DIRECTION('',(-0.5,0.866025403784,0.));
#11542 = ORIENTED_EDGE('',*,*,#11543,.T.);
#11543 = EDGE_CURVE('',#11536,#10851,#11544,.T.);
#11544 = LINE('',#11545,#11546);
#11545 = CARTESIAN_POINT('',(-1.55307222412,-2.69,0.));
#11546 = VECTOR('',#11547,1.);
#11547 = DIRECTION('',(0.,0.,1.));
#11548 = ORIENTED_EDGE('',*,*,#10857,.T.);
#11549 = ORIENTED_EDGE('',*,*,#11519,.F.);
#11550 = PLANE('',#11551);
#11551 = AXIS2_PLACEMENT_3D('',#11552,#11553,#11554);
#11552 = CARTESIAN_POINT('',(-1.55307222412,-2.69,0.));
#11553 = DIRECTION('',(-0.866025403784,-0.5,0.));
#11554 = DIRECTION('',(-0.5,0.866025403784,0.));
#11555 = ADVANCED_FACE('',(#11556),#11574,.F.);
#11556 = FACE_BOUND('',#11557,.F.);
#11557 = EDGE_LOOP('',(#11558,#11566,#11572,#11573));
#11558 = ORIENTED_EDGE('',*,*,#11559,.F.);
#11559 = EDGE_CURVE('',#11560,#11536,#11562,.T.);
#11560 = VERTEX_POINT('',#11561);
#11561 = CARTESIAN_POINT('',(1.55307222412,-2.69,0.));
#11562 = LINE('',#11563,#11564);
#11563 = CARTESIAN_POINT('',(1.55307222412,-2.69,0.));
#11564 = VECTOR('',#11565,1.);
#11565 = DIRECTION('',(-1.,-4.289136103458E-16,0.));
#11566 = ORIENTED_EDGE('',*,*,#11567,.T.);
#11567 = EDGE_CURVE('',#11560,#10874,#11568,.T.);
#11568 = LINE('',#11569,#11570);
#11569 = CARTESIAN_POINT('',(1.55307222412,-2.69,0.));
#11570 = VECTOR('',#11571,1.);
#11571 = DIRECTION('',(0.,0.,1.));
#11572 = ORIENTED_EDGE('',*,*,#10880,.T.);
#11573 = ORIENTED_EDGE('',*,*,#11543,.F.);
#11574 = PLANE('',#11575);
#11575 = AXIS2_PLACEMENT_3D('',#11576,#11577,#11578);
#11576 = CARTESIAN_POINT('',(1.55307222412,-2.69,0.));
#11577 = DIRECTION('',(4.289136103458E-16,-1.,0.));
#11578 = DIRECTION('',(-1.,-4.289136103458E-16,0.));
#11579 = ADVANCED_FACE('',(#11580),#11591,.F.);
#11580 = FACE_BOUND('',#11581,.F.);
#11581 = EDGE_LOOP('',(#11582,#11588,#11589,#11590));
#11582 = ORIENTED_EDGE('',*,*,#11583,.F.);
#11583 = EDGE_CURVE('',#11459,#11560,#11584,.T.);
#11584 = LINE('',#11585,#11586);
#11585 = CARTESIAN_POINT('',(3.10614444824,1.901964928113E-16,0.));
#11586 = VECTOR('',#11587,1.);
#11587 = DIRECTION('',(-0.5,-0.866025403784,0.));
#11588 = ORIENTED_EDGE('',*,*,#11473,.T.);
#11589 = ORIENTED_EDGE('',*,*,#10897,.T.);
#11590 = ORIENTED_EDGE('',*,*,#11567,.F.);
#11591 = PLANE('',#11592);
#11592 = AXIS2_PLACEMENT_3D('',#11593,#11594,#11595);
#11593 = CARTESIAN_POINT('',(3.10614444824,1.901964928113E-16,0.));
#11594 = DIRECTION('',(0.866025403784,-0.5,0.));
#11595 = DIRECTION('',(-0.5,-0.866025403784,0.));
#11596 = ADVANCED_FACE('',(#11597,#11605),#11608,.F.);
#11597 = FACE_BOUND('',#11598,.F.);
#11598 = EDGE_LOOP('',(#11599,#11600,#11601,#11602,#11603,#11604));
#11599 = ORIENTED_EDGE('',*,*,#11456,.T.);
#11600 = ORIENTED_EDGE('',*,*,#11583,.T.);
#11601 = ORIENTED_EDGE('',*,*,#11559,.T.);
#11602 = ORIENTED_EDGE('',*,*,#11535,.T.);
#11603 = ORIENTED_EDGE('',*,*,#11511,.T.);
#11604 = ORIENTED_EDGE('',*,*,#11487,.T.);
#11605 = FACE_BOUND('',#11606,.F.);
#11606 = EDGE_LOOP('',(#11607));
#11607 = ORIENTED_EDGE('',*,*,#10992,.T.);
#11608 = PLANE('',#11609);
#11609 = AXIS2_PLACEMENT_3D('',#11610,#11611,#11612);
#11610 = CARTESIAN_POINT('',(9.531413563239E-17,2.38285339081E-16,0.));
#11611 = DIRECTION('',(-0.,-0.,-1.));
#11612 = DIRECTION('',(-1.,0.,0.));
#11613 = ADVANCED_FACE('',(#11614),#11620,.F.);
#11614 = FACE_BOUND('',#11615,.F.);
#11615 = EDGE_LOOP('',(#11616,#11617,#11618,#11619));
#11616 = ORIENTED_EDGE('',*,*,#11415,.T.);
#11617 = ORIENTED_EDGE('',*,*,#11360,.T.);
#11618 = ORIENTED_EDGE('',*,*,#11391,.T.);
#11619 = ORIENTED_EDGE('',*,*,#11439,.T.);
#11620 = PLANE('',#11621);
#11621 = AXIS2_PLACEMENT_3D('',#11622,#11623,#11624);
#11622 = CARTESIAN_POINT('',(-6.10614444824,-6.10614444824,-3.));
#11623 = DIRECTION('',(1.,0.,-0.));
#11624 = DIRECTION('',(0.,0.,1.));
#11625 = ADVANCED_FACE('',(#11626),#11632,.T.);
#11626 = FACE_BOUND('',#11627,.T.);
#11627 = EDGE_LOOP('',(#11628,#11629,#11630,#11631));
#11628 = ORIENTED_EDGE('',*,*,#919,.T.);
#11629 = ORIENTED_EDGE('',*,*,#2915,.T.);
#11630 = ORIENTED_EDGE('',*,*,#10660,.T.);
#11631 = ORIENTED_EDGE('',*,*,#2930,.F.);
#11632 = PLANE('',#11633);
#11633 = AXIS2_PLACEMENT_3D('',#11634,#11635,#11636);
#11634 = CARTESIAN_POINT('',(-5.85614444824,-5.36835,18.4032));
#11635 = DIRECTION('',(0.,0.,1.));
#11636 = DIRECTION('',(1.,0.,-0.));
#11637 = ADVANCED_FACE('',(#11638),#11644,.T.);
#11638 = FACE_BOUND('',#11639,.T.);
#11639 = EDGE_LOOP('',(#11640,#11641,#11642,#11643));
#11640 = ORIENTED_EDGE('',*,*,#127,.T.);
#11641 = ORIENTED_EDGE('',*,*,#5157,.T.);
#11642 = ORIENTED_EDGE('',*,*,#10928,.T.);
#11643 = ORIENTED_EDGE('',*,*,#5172,.F.);
#11644 = PLANE('',#11645);
#11645 = AXIS2_PLACEMENT_3D('',#11646,#11647,#11648);
#11646 = CARTESIAN_POINT('',(-5.85614444824,5.4886,18.4032));
#11647 = DIRECTION('',(0.,0.,1.));
#11648 = DIRECTION('',(1.,0.,-0.));
#11649 = ADVANCED_FACE('',(#11650),#11656,.T.);
#11650 = FACE_BOUND('',#11651,.T.);
#11651 = EDGE_LOOP('',(#11652,#11653,#11654,#11655));
#11652 = ORIENTED_EDGE('',*,*,#1739,.T.);
#11653 = ORIENTED_EDGE('',*,*,#8516,.T.);
#11654 = ORIENTED_EDGE('',*,*,#11223,.T.);
#11655 = ORIENTED_EDGE('',*,*,#8531,.F.);
#11656 = PLANE('',#11657);
#11657 = AXIS2_PLACEMENT_3D('',#11658,#11659,#11660);
#11658 = CARTESIAN_POINT('',(-5.85614444824,6.862142857143E-02,18.4032)
  );
#11659 = DIRECTION('',(0.,0.,1.));
#11660 = DIRECTION('',(1.,0.,-0.));
#11661 = ADVANCED_FACE('',(#11662),#11668,.T.);
#11662 = FACE_BOUND('',#11663,.T.);
#11663 = EDGE_LOOP('',(#11664,#11665,#11666,#11667));
#11664 = ORIENTED_EDGE('',*,*,#2285,.T.);
#11665 = ORIENTED_EDGE('',*,*,#10200,.T.);
#11666 = ORIENTED_EDGE('',*,*,#11319,.T.);
#11667 = ORIENTED_EDGE('',*,*,#10215,.F.);
#11668 = PLANE('',#11669);
#11669 = AXIS2_PLACEMENT_3D('',#11670,#11671,#11672);
#11670 = CARTESIAN_POINT('',(-5.85614444824,-3.065771428571,18.4032));
#11671 = DIRECTION('',(0.,0.,1.));
#11672 = DIRECTION('',(1.,0.,-0.));
#11673 = ADVANCED_FACE('',(#11674),#11680,.T.);
#11674 = FACE_BOUND('',#11675,.T.);
#11675 = EDGE_LOOP('',(#11676,#11677,#11678,#11679));
#11676 = ORIENTED_EDGE('',*,*,#831,.T.);
#11677 = ORIENTED_EDGE('',*,*,#3162,.T.);
#11678 = ORIENTED_EDGE('',*,*,#10644,.T.);
#11679 = ORIENTED_EDGE('',*,*,#3177,.F.);
#11680 = PLANE('',#11681);
#11681 = AXIS2_PLACEMENT_3D('',#11682,#11683,#11684);
#11682 = CARTESIAN_POINT('',(-5.85614444824,-4.486857142857,
    18.691242857143));
#11683 = DIRECTION('',(-0.,-1.,-0.));
#11684 = DIRECTION('',(0.,0.,-1.));
#11685 = ADVANCED_FACE('',(#11686),#11692,.T.);
#11686 = FACE_BOUND('',#11687,.T.);
#11687 = EDGE_LOOP('',(#11688,#11689,#11690,#11691));
#11688 = ORIENTED_EDGE('',*,*,#559,.T.);
#11689 = ORIENTED_EDGE('',*,*,#3927,.T.);
#11690 = ORIENTED_EDGE('',*,*,#10704,.T.);
#11691 = ORIENTED_EDGE('',*,*,#3942,.F.);
#11692 = PLANE('',#11693);
#11693 = AXIS2_PLACEMENT_3D('',#11694,#11695,#11696);
#11694 = CARTESIAN_POINT('',(-5.85614444824,-4.486857142857,
    21.212964285714));
#11695 = DIRECTION('',(-0.,-1.,-0.));
#11696 = DIRECTION('',(0.,0.,-1.));
#11697 = ADVANCED_FACE('',(#11698),#11704,.T.);
#11698 = FACE_BOUND('',#11699,.T.);
#11699 = EDGE_LOOP('',(#11700,#11701,#11702,#11703));
#11700 = ORIENTED_EDGE('',*,*,#719,.T.);
#11701 = ORIENTED_EDGE('',*,*,#3481,.T.);
#11702 = ORIENTED_EDGE('',*,*,#10625,.T.);
#11703 = ORIENTED_EDGE('',*,*,#3496,.F.);
#11704 = PLANE('',#11705);
#11705 = AXIS2_PLACEMENT_3D('',#11706,#11707,#11708);
#11706 = CARTESIAN_POINT('',(-5.85614444824,-5.325542857143,
    18.973714285714));
#11707 = DIRECTION('',(-0.,-0.,-1.));
#11708 = DIRECTION('',(-1.,0.,0.));
#11709 = ADVANCED_FACE('',(#11710),#11716,.T.);
#11710 = FACE_BOUND('',#11711,.T.);
#11711 = EDGE_LOOP('',(#11712,#11713,#11714,#11715));
#11712 = ORIENTED_EDGE('',*,*,#703,.T.);
#11713 = ORIENTED_EDGE('',*,*,#3512,.T.);
#11714 = ORIENTED_EDGE('',*,*,#10727,.T.);
#11715 = ORIENTED_EDGE('',*,*,#3527,.F.);
#11716 = PLANE('',#11717);
#11717 = AXIS2_PLACEMENT_3D('',#11718,#11719,#11720);
#11718 = CARTESIAN_POINT('',(-5.85614444824,-5.462228571429,
    20.114742857143));
#11719 = DIRECTION('',(0.,0.,1.));
#11720 = DIRECTION('',(1.,0.,-0.));
#11721 = ADVANCED_FACE('',(#11722),#11733,.T.);
#11722 = FACE_BOUND('',#11723,.T.);
#11723 = EDGE_LOOP('',(#11724,#11725,#11726,#11727));
#11724 = ORIENTED_EDGE('',*,*,#1803,.T.);
#11725 = ORIENTED_EDGE('',*,*,#8365,.T.);
#11726 = ORIENTED_EDGE('',*,*,#11203,.T.);
#11727 = ORIENTED_EDGE('',*,*,#11728,.F.);
#11728 = EDGE_CURVE('',#1796,#11204,#11729,.T.);
#11729 = LINE('',#11730,#11731);
#11730 = CARTESIAN_POINT('',(-6.20614444824,-0.208,20.114742857143));
#11731 = VECTOR('',#11732,1.);
#11732 = DIRECTION('',(1.,0.,0.));
#11733 = PLANE('',#11734);
#11734 = AXIS2_PLACEMENT_3D('',#11735,#11736,#11737);
#11735 = CARTESIAN_POINT('',(-5.85614444824,-0.65585,20.114742857143));
#11736 = DIRECTION('',(0.,0.,1.));
#11737 = DIRECTION('',(1.,0.,-0.));
#11738 = ADVANCED_FACE('',(#11739),#11745,.T.);
#11739 = FACE_BOUND('',#11740,.T.);
#11740 = EDGE_LOOP('',(#11741,#11742,#11743,#11744));
#11741 = ORIENTED_EDGE('',*,*,#439,.T.);
#11742 = ORIENTED_EDGE('',*,*,#4270,.T.);
#11743 = ORIENTED_EDGE('',*,*,#10684,.T.);
#11744 = ORIENTED_EDGE('',*,*,#4285,.F.);
#11745 = PLANE('',#11746);
#11746 = AXIS2_PLACEMENT_3D('',#11747,#11748,#11749);
#11747 = CARTESIAN_POINT('',(-5.85614444824,-4.7892,22.333471428571));
#11748 = DIRECTION('',(-0.,-0.451089728658,-0.892478602936));
#11749 = DIRECTION('',(0.,-0.892478602936,0.451089728658));
#11750 = ADVANCED_FACE('',(#11751),#11757,.T.);
#11751 = FACE_BOUND('',#11752,.T.);
#11752 = EDGE_LOOP('',(#11753,#11754,#11755,#11756));
#11753 = ORIENTED_EDGE('',*,*,#399,.T.);
#11754 = ORIENTED_EDGE('',*,*,#4373,.T.);
#11755 = ORIENTED_EDGE('',*,*,#10674,.T.);
#11756 = ORIENTED_EDGE('',*,*,#4388,.F.);
#11757 = PLANE('',#11758);
#11758 = AXIS2_PLACEMENT_3D('',#11759,#11760,#11761);
#11759 = CARTESIAN_POINT('',(-5.85614444824,-5.44245,22.3968));
#11760 = DIRECTION('',(-0.,-0.,-1.));
#11761 = DIRECTION('',(-1.,0.,0.));
#11762 = ADVANCED_FACE('',(#11763),#11769,.T.);
#11763 = FACE_BOUND('',#11764,.T.);
#11764 = EDGE_LOOP('',(#11765,#11766,#11767,#11768));
#11765 = ORIENTED_EDGE('',*,*,#4582,.F.);
#11766 = ORIENTED_EDGE('',*,*,#10969,.T.);
#11767 = ORIENTED_EDGE('',*,*,#4599,.F.);
#11768 = ORIENTED_EDGE('',*,*,#335,.T.);
#11769 = PLANE('',#11770);
#11770 = AXIS2_PLACEMENT_3D('',#11771,#11772,#11773);
#11771 = CARTESIAN_POINT('',(-5.85614444824,5.356393652692,22.3968));
#11772 = DIRECTION('',(-0.,-0.,-1.));
#11773 = DIRECTION('',(-1.,0.,0.));
#11774 = ADVANCED_FACE('',(#11775),#11781,.T.);
#11775 = FACE_BOUND('',#11776,.T.);
#11776 = EDGE_LOOP('',(#11777,#11778,#11779,#11780));
#11777 = ORIENTED_EDGE('',*,*,#1617,.T.);
#11778 = ORIENTED_EDGE('',*,*,#5559,.T.);
#11779 = ORIENTED_EDGE('',*,*,#11021,.T.);
#11780 = ORIENTED_EDGE('',*,*,#5574,.F.);
#11781 = PLANE('',#11782);
#11782 = AXIS2_PLACEMENT_3D('',#11783,#11784,#11785);
#11783 = CARTESIAN_POINT('',(-5.85614444824,2.916178571429,22.3968));
#11784 = DIRECTION('',(-0.,-0.,-1.));
#11785 = DIRECTION('',(-1.,0.,0.));
#11786 = ADVANCED_FACE('',(#11787),#11793,.T.);
#11787 = FACE_BOUND('',#11788,.T.);
#11788 = EDGE_LOOP('',(#11789,#11790,#11791,#11792));
#11789 = ORIENTED_EDGE('',*,*,#2067,.T.);
#11790 = ORIENTED_EDGE('',*,*,#7641,.T.);
#11791 = ORIENTED_EDGE('',*,*,#11150,.T.);
#11792 = ORIENTED_EDGE('',*,*,#7656,.F.);
#11793 = PLANE('',#11794);
#11794 = AXIS2_PLACEMENT_3D('',#11795,#11796,#11797);
#11795 = CARTESIAN_POINT('',(-5.85614444824,-0.541728571429,22.3968));
#11796 = DIRECTION('',(-0.,-0.,-1.));
#11797 = DIRECTION('',(-1.,0.,0.));
#11798 = ADVANCED_FACE('',(#11799),#11805,.T.);
#11799 = FACE_BOUND('',#11800,.T.);
#11800 = EDGE_LOOP('',(#11801,#11802,#11803,#11804));
#11801 = ORIENTED_EDGE('',*,*,#263,.T.);
#11802 = ORIENTED_EDGE('',*,*,#4783,.T.);
#11803 = ORIENTED_EDGE('',*,*,#10955,.T.);
#11804 = ORIENTED_EDGE('',*,*,#4798,.F.);
#11805 = PLANE('',#11806);
#11806 = AXIS2_PLACEMENT_3D('',#11807,#11808,#11809);
#11807 = CARTESIAN_POINT('',(-5.85614444824,4.486857142857,
    22.120178571429));
#11808 = DIRECTION('',(7.115223834596E-16,1.,0.));
#11809 = DIRECTION('',(1.,-7.115223834596E-16,0.));
#11810 = ADVANCED_FACE('',(#11811),#11817,.T.);
#11811 = FACE_BOUND('',#11812,.T.);
#11812 = EDGE_LOOP('',(#11813,#11814,#11815,#11816));
#11813 = ORIENTED_EDGE('',*,*,#207,.T.);
#11814 = ORIENTED_EDGE('',*,*,#4934,.T.);
#11815 = ORIENTED_EDGE('',*,*,#10943,.T.);
#11816 = ORIENTED_EDGE('',*,*,#4949,.F.);
#11817 = PLANE('',#11818);
#11818 = AXIS2_PLACEMENT_3D('',#11819,#11820,#11821);
#11819 = CARTESIAN_POINT('',(-5.85614444824,4.8919,21.826285714286));
#11820 = DIRECTION('',(0.,0.,1.));
#11821 = DIRECTION('',(1.,0.,-0.));
#11822 = ADVANCED_FACE('',(#11823),#11829,.T.);
#11823 = FACE_BOUND('',#11824,.T.);
#11824 = EDGE_LOOP('',(#11825,#11826,#11827,#11828));
#11825 = ORIENTED_EDGE('',*,*,#1481,.T.);
#11826 = ORIENTED_EDGE('',*,*,#5933,.T.);
#11827 = ORIENTED_EDGE('',*,*,#11048,.T.);
#11828 = ORIENTED_EDGE('',*,*,#5948,.F.);
#11829 = PLANE('',#11830);
#11830 = AXIS2_PLACEMENT_3D('',#11831,#11832,#11833);
#11831 = CARTESIAN_POINT('',(-5.85614444824,2.690814285714,
    21.826285714286));
#11832 = DIRECTION('',(0.,0.,1.));
#11833 = DIRECTION('',(1.,0.,-0.));
#11834 = ADVANCED_FACE('',(#11835),#11841,.T.);
#11835 = FACE_BOUND('',#11836,.T.);
#11836 = EDGE_LOOP('',(#11837,#11838,#11839,#11840));
#11837 = ORIENTED_EDGE('',*,*,#1939,.T.);
#11838 = ORIENTED_EDGE('',*,*,#7991,.T.);
#11839 = ORIENTED_EDGE('',*,*,#11176,.T.);
#11840 = ORIENTED_EDGE('',*,*,#8006,.F.);
#11841 = PLANE('',#11842);
#11842 = AXIS2_PLACEMENT_3D('',#11843,#11844,#11845);
#11843 = CARTESIAN_POINT('',(-5.85614444824,-0.792814285714,
    21.826285714286));
#11844 = DIRECTION('',(0.,0.,1.));
#11845 = DIRECTION('',(1.,0.,-0.));
#11846 = ADVANCED_FACE('',(#11847),#11853,.T.);
#11847 = FACE_BOUND('',#11848,.T.);
#11848 = EDGE_LOOP('',(#11849,#11850,#11851,#11852));
#11849 = ORIENTED_EDGE('',*,*,#55,.T.);
#11850 = ORIENTED_EDGE('',*,*,#5356,.T.);
#11851 = ORIENTED_EDGE('',*,*,#10914,.T.);
#11852 = ORIENTED_EDGE('',*,*,#5371,.F.);
#11853 = PLANE('',#11854);
#11854 = AXIS2_PLACEMENT_3D('',#11855,#11856,#11857);
#11855 = CARTESIAN_POINT('',(-5.85614444824,5.770514285714,
    20.166092857143));
#11856 = DIRECTION('',(1.543872874135E-15,-1.,-0.));
#11857 = DIRECTION('',(-1.,-1.543872874135E-15,0.));
#11858 = ADVANCED_FACE('',(#11859),#11865,.T.);
#11859 = FACE_BOUND('',#11860,.T.);
#11860 = EDGE_LOOP('',(#11861,#11862,#11863,#11864));
#11861 = ORIENTED_EDGE('',*,*,#961,.T.);
#11862 = ORIENTED_EDGE('',*,*,#7442,.T.);
#11863 = ORIENTED_EDGE('',*,*,#11009,.T.);
#11864 = ORIENTED_EDGE('',*,*,#5423,.F.);
#11865 = PLANE('',#11866);
#11866 = AXIS2_PLACEMENT_3D('',#11867,#11868,#11869);
#11867 = CARTESIAN_POINT('',(-5.85614444824,3.916342857143,
    21.255771428571));
#11868 = DIRECTION('',(-7.142985411371E-16,-1.,-0.));
#11869 = DIRECTION('',(-1.,7.142985411371E-16,0.));
#11870 = ADVANCED_FACE('',(#11871),#11877,.T.);
#11871 = FACE_BOUND('',#11872,.T.);
#11872 = EDGE_LOOP('',(#11873,#11874,#11875,#11876));
#11873 = ORIENTED_EDGE('',*,*,#1345,.T.);
#11874 = ORIENTED_EDGE('',*,*,#6324,.T.);
#11875 = ORIENTED_EDGE('',*,*,#11070,.T.);
#11876 = ORIENTED_EDGE('',*,*,#6339,.F.);
#11877 = PLANE('',#11878);
#11878 = AXIS2_PLACEMENT_3D('',#11879,#11880,#11881);
#11879 = CARTESIAN_POINT('',(-5.85614444824,1.919542857143,
    19.507085714286));
#11880 = DIRECTION('',(6.343385590921E-16,1.,0.));
#11881 = DIRECTION('',(1.,-6.343385590921E-16,0.));
#11882 = ADVANCED_FACE('',(#11883),#11889,.T.);
#11883 = FACE_BOUND('',#11884,.T.);
#11884 = EDGE_LOOP('',(#11885,#11886,#11887,#11888));
#11885 = ORIENTED_EDGE('',*,*,#1521,.T.);
#11886 = ORIENTED_EDGE('',*,*,#5830,.T.);
#11887 = ORIENTED_EDGE('',*,*,#11038,.T.);
#11888 = ORIENTED_EDGE('',*,*,#5845,.F.);
#11889 = PLANE('',#11890);
#11890 = AXIS2_PLACEMENT_3D('',#11891,#11892,#11893);
#11891 = CARTESIAN_POINT('',(-5.85614444824,1.947214285714,21.8833));
#11892 = DIRECTION('',(0.,0.837610596839,0.546267780547));
#11893 = DIRECTION('',(0.,-0.546267780547,0.837610596839));
#11894 = ADVANCED_FACE('',(#11895),#11901,.T.);
#11895 = FACE_BOUND('',#11896,.T.);
#11896 = EDGE_LOOP('',(#11897,#11898,#11899,#11900));
#11897 = ORIENTED_EDGE('',*,*,#1177,.T.);
#11898 = ORIENTED_EDGE('',*,*,#6811,.T.);
#11899 = ORIENTED_EDGE('',*,*,#11096,.T.);
#11900 = ORIENTED_EDGE('',*,*,#6826,.F.);
#11901 = PLANE('',#11902);
#11902 = AXIS2_PLACEMENT_3D('',#11903,#11904,#11905);
#11903 = CARTESIAN_POINT('',(-5.85614444824,3.847814285714,18.5059));
#11904 = DIRECTION('',(2.11019337096E-16,-0.781363568139,0.62407609663)
  );
#11905 = DIRECTION('',(0.,-0.62407609663,-0.781363568139));
#11906 = ADVANCED_FACE('',(#11907),#11913,.T.);
#11907 = FACE_BOUND('',#11908,.T.);
#11908 = EDGE_LOOP('',(#11909,#11910,#11911,#11912));
#11909 = ORIENTED_EDGE('',*,*,#2011,.T.);
#11910 = ORIENTED_EDGE('',*,*,#7792,.T.);
#11911 = ORIENTED_EDGE('',*,*,#11162,.T.);
#11912 = ORIENTED_EDGE('',*,*,#7807,.F.);
#11913 = PLANE('',#11914);
#11914 = AXIS2_PLACEMENT_3D('',#11915,#11916,#11917);
#11915 = CARTESIAN_POINT('',(-5.85614444824,-1.491657142857,
    22.116742857143));
#11916 = DIRECTION('',(0.,1.,0.));
#11917 = DIRECTION('',(0.,-0.,1.));
#11918 = ADVANCED_FACE('',(#11919),#11925,.T.);
#11919 = FACE_BOUND('',#11920,.T.);
#11920 = EDGE_LOOP('',(#11921,#11922,#11923,#11924));
#11921 = ORIENTED_EDGE('',*,*,#1795,.T.);
#11922 = ORIENTED_EDGE('',*,*,#11728,.T.);
#11923 = ORIENTED_EDGE('',*,*,#11211,.T.);
#11924 = ORIENTED_EDGE('',*,*,#8380,.F.);
#11925 = PLANE('',#11926);
#11926 = AXIS2_PLACEMENT_3D('',#11927,#11928,#11929);
#11927 = CARTESIAN_POINT('',(-5.85614444824,-0.208,19.3184));
#11928 = DIRECTION('',(0.,1.,0.));
#11929 = DIRECTION('',(0.,-0.,1.));
#11930 = ADVANCED_FACE('',(#11931),#11937,.T.);
#11931 = FACE_BOUND('',#11932,.T.);
#11932 = EDGE_LOOP('',(#11933,#11934,#11935,#11936));
#11933 = ORIENTED_EDGE('',*,*,#1867,.T.);
#11934 = ORIENTED_EDGE('',*,*,#8190,.T.);
#11935 = ORIENTED_EDGE('',*,*,#11190,.T.);
#11936 = ORIENTED_EDGE('',*,*,#8205,.F.);
#11937 = PLANE('',#11938);
#11938 = AXIS2_PLACEMENT_3D('',#11939,#11940,#11941);
#11939 = CARTESIAN_POINT('',(-5.85614444824,-1.2064,20.402414285714));
#11940 = DIRECTION('',(0.,1.,0.));
#11941 = DIRECTION('',(0.,-0.,1.));
#11942 = ADVANCED_FACE('',(#11943),#11949,.T.);
#11943 = FACE_BOUND('',#11944,.T.);
#11944 = EDGE_LOOP('',(#11945,#11946,#11947,#11948));
#11945 = ORIENTED_EDGE('',*,*,#1675,.T.);
#11946 = ORIENTED_EDGE('',*,*,#8691,.T.);
#11947 = ORIENTED_EDGE('',*,*,#11136,.T.);
#11948 = ORIENTED_EDGE('',*,*,#7457,.F.);
#11949 = PLANE('',#11950);
#11950 = AXIS2_PLACEMENT_3D('',#11951,#11952,#11953);
#11951 = CARTESIAN_POINT('',(-5.85614444824,0.362514285714,
    20.390714285714));
#11952 = DIRECTION('',(-0.,-1.,-0.));
#11953 = DIRECTION('',(0.,0.,-1.));
#11954 = ADVANCED_FACE('',(#11955),#11961,.T.);
#11955 = FACE_BOUND('',#11956,.T.);
#11956 = EDGE_LOOP('',(#11957,#11958,#11959,#11960));
#11957 = ORIENTED_EDGE('',*,*,#2693,.T.);
#11958 = ORIENTED_EDGE('',*,*,#9010,.T.);
#11959 = ORIENTED_EDGE('',*,*,#11258,.T.);
#11960 = ORIENTED_EDGE('',*,*,#9025,.F.);
#11961 = PLANE('',#11962);
#11962 = AXIS2_PLACEMENT_3D('',#11963,#11964,#11965);
#11963 = CARTESIAN_POINT('',(-5.85614444824,-2.062171428571,
    22.111542857143));
#11964 = DIRECTION('',(-0.,-1.,-0.));
#11965 = DIRECTION('',(0.,0.,-1.));
#11966 = ADVANCED_FACE('',(#11967),#11973,.T.);
#11967 = FACE_BOUND('',#11968,.T.);
#11968 = EDGE_LOOP('',(#11969,#11970,#11971,#11972));
#11969 = ORIENTED_EDGE('',*,*,#2629,.T.);
#11970 = ORIENTED_EDGE('',*,*,#9185,.T.);
#11971 = ORIENTED_EDGE('',*,*,#11271,.T.);
#11972 = ORIENTED_EDGE('',*,*,#9200,.F.);
#11973 = PLANE('',#11974);
#11974 = AXIS2_PLACEMENT_3D('',#11975,#11976,#11977);
#11975 = CARTESIAN_POINT('',(-5.85614444824,-2.170628571429,
    22.334028571429));
#11976 = DIRECTION('',(-7.031382823372E-16,-0.598957825591,
    -0.80078057117));
#11977 = DIRECTION('',(0.,-0.80078057117,0.598957825591));
#11978 = ADVANCED_FACE('',(#11979),#11985,.T.);
#11979 = FACE_BOUND('',#11980,.T.);
#11980 = EDGE_LOOP('',(#11981,#11982,#11983,#11984));
#11981 = ORIENTED_EDGE('',*,*,#2245,.T.);
#11982 = ORIENTED_EDGE('',*,*,#10303,.T.);
#11983 = ORIENTED_EDGE('',*,*,#11329,.T.);
#11984 = ORIENTED_EDGE('',*,*,#10318,.F.);
#11985 = PLANE('',#11986);
#11986 = AXIS2_PLACEMENT_3D('',#11987,#11988,#11989);
#11987 = CARTESIAN_POINT('',(-5.85614444824,-2.228571428571,
    18.465971428571));
#11988 = DIRECTION('',(-0.,-0.820905201786,0.571064488199));
#11989 = DIRECTION('',(0.,-0.571064488199,-0.820905201786));
#11990 = ADVANCED_FACE('',(#11991),#11997,.T.);
#11991 = FACE_BOUND('',#11992,.T.);
#11992 = EDGE_LOOP('',(#11993,#11994,#11995,#11996));
#11993 = ORIENTED_EDGE('',*,*,#2229,.T.);
#11994 = ORIENTED_EDGE('',*,*,#10334,.T.);
#11995 = ORIENTED_EDGE('',*,*,#11336,.T.);
#11996 = ORIENTED_EDGE('',*,*,#10349,.F.);
#11997 = PLANE('',#11998);
#11998 = AXIS2_PLACEMENT_3D('',#11999,#12000,#12001);
#11999 = CARTESIAN_POINT('',(-5.85614444824,-2.2048,18.674157142857));
#12000 = DIRECTION('',(-0.,-1.,-0.));
#12001 = DIRECTION('',(0.,0.,-1.));
#12002 = ( GEOMETRIC_REPRESENTATION_CONTEXT(3) 
GLOBAL_UNCERTAINTY_ASSIGNED_CONTEXT((#12006)) 
GLOBAL_UNIT_ASSIGNED_CONTEXT((#12003,#12004,#12005)) 
REPRESENTATION_CONTEXT('Context #1',
  '3D Context with UNIT and UNCERTAINTY') );
#12003 = ( LENGTH_UNIT() NAMED_UNIT(*) SI_UNIT(.MILLI.,.METRE.) );
#12004 = ( NAMED_UNIT(*) PLANE_ANGLE_UNIT() SI_UNIT($,.RADIAN.) );
#12005 = ( NAMED_UNIT(*) SI_UNIT($,.STERADIAN.) SOLID_ANGLE_UNIT() );
#12006 = UNCERTAINTY_MEASURE_WITH_UNIT(LENGTH_MEASURE(2.E-07),#12003,
  'distance_accuracy_value','confusion accuracy');
#12007 = PRODUCT_RELATED_PRODUCT_CATEGORY('part',$,(#7));
ENDSEC;
END-ISO-10303-21;
