ISO-10303-21;
HEADER;
FILE_DESCRIPTION(('FreeCAD Model'),'2;1');
FILE_NAME('Open CASCADE Shape Model','2026-10-09T08:18:34',('FreeCAD'),(
    'FreeCAD'),'Open CASCADE STEP processor 7.8','FreeCAD','Unknown');
FILE_SCHEMA(('AUTOMOTIVE_DESIGN { 1 0 10303 214 1 1 1 1 }'));
ENDSEC;
DATA;
#1 = APPLICATION_PROTOCOL_DEFINITION('international standard',
  'automotive_design',2000,#2);
#2 = APPLICATION_CONTEXT(
  'core data for automotive mechanical design processes');
#3 = SHAPE_DEFINITION_REPRESENTATION(#4,#10);
#4 = PRODUCT_DEFINITION_SHAPE('','',#5);
#5 = PRODUCT_DEFINITION('design','',#6,#9);
#6 = PRODUCT_DEFINITION_FORMATION('','',#7);
#7 = PRODUCT('Open CASCADE STEP translator 7.8 1',
  'Open CASCADE STEP translator 7.8 1','',(#8));
#8 = PRODUCT_CONTEXT('',#2,'mechanical');
#9 = PRODUCT_DEFINITION_CONTEXT('part definition',#2,'design');
#10 = ADVANCED_BREP_SHAPE_REPRESENTATION('',(#11,#15),#8884);
#11 = AXIS2_PLACEMENT_3D('',#12,#13,#14);
#12 = CARTESIAN_POINT('',(0.,0.,0.));
#13 = DIRECTION('',(0.,0.,1.));
#14 = DIRECTION('',(1.,0.,-0.));
#15 = MANIFOLD_SOLID_BREP('',#16);
#16 = CLOSED_SHELL('',(#17,#2087,#2118,#2186,#2210,#2227,#2258,#2282,
    #2306,#2330,#2354,#2378,#2402,#2426,#2457,#2481,#2505,#2529,#2553,
    #2577,#2601,#2625,#2656,#2680,#2704,#2728,#2752,#2776,#2800,#2824,
    #2848,#2872,#2896,#2920,#2944,#2968,#2992,#3016,#3040,#3071,#3095,
    #3119,#3143,#3167,#3191,#3215,#3239,#3263,#3294,#3318,#3342,#3366,
    #3390,#3414,#3438,#3462,#3486,#3510,#3534,#3558,#3589,#3613,#3637,
    #3668,#3692,#3716,#3740,#3764,#3788,#3819,#3843,#3867,#3891,#3915,
    #3939,#3963,#3987,#4011,#4035,#4059,#4083,#4107,#4131,#4155,#4179,
    #4203,#4227,#4251,#4275,#4299,#4330,#4354,#4378,#4402,#4426,#4450,
    #4474,#4498,#4522,#4546,#4570,#4594,#4618,#4642,#4666,#4690,#4714,
    #4745,#4776,#4800,#4824,#4848,#4872,#4896,#4920,#4944,#4975,#4999,
    #5023,#5047,#5071,#5095,#5126,#5150,#5174,#5198,#5222,#5246,#5270,
    #5294,#5325,#5349,#5373,#5397,#5421,#5445,#5469,#5493,#5524,#5548,
    #5572,#5596,#5620,#5644,#5668,#5699,#5723,#5747,#5771,#5795,#5819,
    #5850,#5874,#5898,#5922,#5946,#5970,#5994,#6025,#6049,#6073,#6097,
    #6121,#6145,#6169,#6193,#6217,#6241,#6265,#6289,#6313,#6344,#6368,
    #6392,#6416,#6440,#6464,#6488,#6519,#6543,#6567,#6591,#6615,#6639,
    #6663,#6687,#6711,#6735,#6759,#6783,#6807,#6831,#6855,#6879,#6903,
    #6927,#6951,#6975,#6999,#7023,#7047,#7071,#7095,#7119,#7143,#7167,
    #7191,#7215,#7239,#7263,#7287,#7311,#7335,#7359,#7383,#7407,#7431,
    #7455,#7479,#7503,#7534,#7558,#7582,#7606,#7637,#7668,#7692,#7716,
    #7740,#7764,#7788,#7812,#7836,#7860,#7884,#7901,#7913,#7942,#7965,
    #7988,#8011,#8034,#8051,#8221,#8329,#8445,#8476,#8500,#8524,#8548,
    #8572,#8589,#8603,#8615,#8627,#8639,#8651,#8663,#8675,#8687,#8699,
    #8711,#8723,#8735,#8747,#8759,#8771,#8788,#8800,#8812,#8824,#8836,
    #8848,#8860,#8872));
#17 = ADVANCED_FACE('',(#18,#52,#950,#1416),#2082,.F.);
#18 = FACE_BOUND('',#19,.F.);
#19 = EDGE_LOOP('',(#20,#30,#38,#46));
#20 = ORIENTED_EDGE('',*,*,#21,.F.);
#21 = EDGE_CURVE('',#22,#24,#26,.T.);
#22 = VERTEX_POINT('',#23);
#23 = CARTESIAN_POINT('',(-4.270170592217,-4.270170592217,-3.));
#24 = VERTEX_POINT('',#25);
#25 = CARTESIAN_POINT('',(-4.270170592217,-4.270170592217,40.8));
#26 = LINE('',#27,#28);
#27 = CARTESIAN_POINT('',(-4.270170592217,-4.270170592217,-3.));
#28 = VECTOR('',#29,1.);
#29 = DIRECTION('',(0.,0.,1.));
#30 = ORIENTED_EDGE('',*,*,#31,.T.);
#31 = EDGE_CURVE('',#22,#32,#34,.T.);
#32 = VERTEX_POINT('',#33);
#33 = CARTESIAN_POINT('',(-4.270170592217,4.270170592217,-3.));
#34 = LINE('',#35,#36);
#35 = CARTESIAN_POINT('',(-4.270170592217,-4.270170592217,-3.));
#36 = VECTOR('',#37,1.);
#37 = DIRECTION('',(-0.,1.,0.));
#38 = ORIENTED_EDGE('',*,*,#39,.T.);
#39 = EDGE_CURVE('',#32,#40,#42,.T.);
#40 = VERTEX_POINT('',#41);
#41 = CARTESIAN_POINT('',(-4.270170592217,4.270170592217,40.8));
#42 = LINE('',#43,#44);
#43 = CARTESIAN_POINT('',(-4.270170592217,4.270170592217,-3.));
#44 = VECTOR('',#45,1.);
#45 = DIRECTION('',(0.,0.,1.));
#46 = ORIENTED_EDGE('',*,*,#47,.F.);
#47 = EDGE_CURVE('',#24,#40,#48,.T.);
#48 = LINE('',#49,#50);
#49 = CARTESIAN_POINT('',(-4.270170592217,-4.270170592217,40.8));
#50 = VECTOR('',#51,1.);
#51 = DIRECTION('',(-0.,1.,0.));
#52 = FACE_BOUND('',#53,.F.);
#53 = EDGE_LOOP('',(#54,#64,#72,#80,#88,#96,#104,#112,#120,#128,#136,
    #144,#152,#160,#168,#176,#184,#192,#200,#208,#216,#224,#232,#240,
    #248,#256,#264,#272,#280,#288,#296,#304,#312,#320,#328,#336,#344,
    #352,#360,#368,#376,#384,#392,#400,#408,#416,#424,#432,#440,#448,
    #456,#464,#472,#480,#488,#496,#504,#512,#520,#528,#536,#544,#552,
    #560,#568,#576,#584,#592,#600,#608,#616,#624,#632,#640,#648,#656,
    #664,#672,#680,#688,#696,#704,#712,#720,#728,#736,#744,#752,#760,
    #768,#776,#784,#792,#800,#808,#816,#824,#832,#840,#848,#856,#864,
    #872,#880,#888,#896,#904,#912,#920,#928,#936,#944));
#54 = ORIENTED_EDGE('',*,*,#55,.T.);
#55 = EDGE_CURVE('',#56,#58,#60,.T.);
#56 = VERTEX_POINT('',#57);
#57 = CARTESIAN_POINT('',(-4.270170592217,2.084828571429,18.967957142857
    ));
#58 = VERTEX_POINT('',#59);
#59 = CARTESIAN_POINT('',(-4.270170592217,2.107114285714,18.973714285714
    ));
#60 = LINE('',#61,#62);
#61 = CARTESIAN_POINT('',(-4.270170592217,-3.542749635419,
    17.514166106088));
#62 = VECTOR('',#63,1.);
#63 = DIRECTION('',(0.,0.968214319672,0.250122032582));
#64 = ORIENTED_EDGE('',*,*,#65,.T.);
#65 = EDGE_CURVE('',#58,#66,#68,.T.);
#66 = VERTEX_POINT('',#67);
#67 = CARTESIAN_POINT('',(-4.270170592217,3.417142857143,18.973714285714
    ));
#68 = LINE('',#69,#70);
#69 = CARTESIAN_POINT('',(-4.270170592217,-0.426513867537,
    18.973714285714));
#70 = VECTOR('',#71,1.);
#71 = DIRECTION('',(0.,1.,0.));
#72 = ORIENTED_EDGE('',*,*,#73,.T.);
#73 = EDGE_CURVE('',#66,#74,#76,.T.);
#74 = VERTEX_POINT('',#75);
#75 = CARTESIAN_POINT('',(-4.270170592217,3.417142857143,20.114742857143
    ));
#76 = LINE('',#77,#78);
#77 = CARTESIAN_POINT('',(-4.270170592217,3.417142857143,8.557371428571)
  );
#78 = VECTOR('',#79,1.);
#79 = DIRECTION('',(0.,0.,1.));
#80 = ORIENTED_EDGE('',*,*,#81,.T.);
#81 = EDGE_CURVE('',#74,#82,#84,.T.);
#82 = VERTEX_POINT('',#83);
#83 = CARTESIAN_POINT('',(-4.270170592217,2.515314285714,20.114742857143
    ));
#84 = LINE('',#85,#86);
#85 = CARTESIAN_POINT('',(-4.270170592217,-0.877428153251,
    20.114742857143));
#86 = VECTOR('',#87,1.);
#87 = DIRECTION('',(0.,-1.,0.));
#88 = ORIENTED_EDGE('',*,*,#89,.T.);
#89 = EDGE_CURVE('',#82,#90,#92,.T.);
#90 = VERTEX_POINT('',#91);
#91 = CARTESIAN_POINT('',(-4.270170592217,2.475014285714,20.1205));
#92 = LINE('',#93,#94);
#93 = CARTESIAN_POINT('',(-4.270170592217,0.788308695528,20.361457941455
    ));
#94 = VECTOR('',#95,1.);
#95 = DIRECTION('',(0.,-0.989949493661,0.141421356237));
#96 = ORIENTED_EDGE('',*,*,#97,.T.);
#97 = EDGE_CURVE('',#90,#98,#100,.T.);
#98 = VERTEX_POINT('',#99);
#99 = CARTESIAN_POINT('',(-4.270170592217,2.440471428571,20.126071428571
    ));
#100 = LINE('',#101,#102);
#101 = CARTESIAN_POINT('',(-4.270170592217,0.987943076366,
    20.360350195056));
#102 = VECTOR('',#103,1.);
#103 = DIRECTION('',(0.,-0.987241120713,0.159232438825));
#104 = ORIENTED_EDGE('',*,*,#105,.T.);
#105 = EDGE_CURVE('',#98,#106,#108,.T.);
#106 = VERTEX_POINT('',#107);
#107 = CARTESIAN_POINT('',(-4.270170592217,2.400171428571,
    20.137585714286));
#108 = LINE('',#109,#110);
#109 = CARTESIAN_POINT('',(-4.270170592217,2.372618984999,
    20.145457841021));
#110 = VECTOR('',#111,1.);
#111 = DIRECTION('',(0.,-0.961523947641,0.274721127897));
#112 = ORIENTED_EDGE('',*,*,#113,.T.);
#113 = EDGE_CURVE('',#106,#114,#116,.T.);
#114 = VERTEX_POINT('',#115);
#115 = CARTESIAN_POINT('',(-4.270170592217,2.365628571429,
    20.148914285714));
#116 = LINE('',#117,#118);
#117 = CARTESIAN_POINT('',(-4.270170592217,2.797231693022,
    20.007367025407));
#118 = VECTOR('',#119,1.);
#119 = DIRECTION('',(0.,-0.950204744819,0.311626287279));
#120 = ORIENTED_EDGE('',*,*,#121,.T.);
#121 = EDGE_CURVE('',#114,#122,#124,.T.);
#122 = VERTEX_POINT('',#123);
#123 = CARTESIAN_POINT('',(-4.270170592217,2.3309,20.166));
#124 = LINE('',#125,#126);
#125 = CARTESIAN_POINT('',(-4.270170592217,4.261632697036,
    19.216120812153));
#126 = VECTOR('',#127,1.);
#127 = DIRECTION('',(0.,-0.897287654694,0.441446332791));
#128 = ORIENTED_EDGE('',*,*,#129,.T.);
#129 = EDGE_CURVE('',#122,#130,#132,.T.);
#130 = VERTEX_POINT('',#131);
#131 = CARTESIAN_POINT('',(-4.270170592217,2.273328571429,20.1946));
#132 = LINE('',#133,#134);
#133 = CARTESIAN_POINT('',(-4.270170592217,4.270056614318,
    19.202677036758));
#134 = VECTOR('',#135,1.);
#135 = DIRECTION('',(0.,-0.895579791821,0.44490092884));
#136 = ORIENTED_EDGE('',*,*,#137,.T.);
#137 = EDGE_CURVE('',#130,#138,#140,.T.);
#138 = VERTEX_POINT('',#139);
#139 = CARTESIAN_POINT('',(-4.270170592217,2.238785714286,
    20.211685714286));
#140 = LINE('',#141,#142);
#141 = CARTESIAN_POINT('',(-4.270170592217,4.236167432389,
    19.223733466622));
#142 = VECTOR('',#143,1.);
#143 = DIRECTION('',(0.,-0.896346509203,0.443354187348));
#144 = ORIENTED_EDGE('',*,*,#145,.T.);
#145 = EDGE_CURVE('',#138,#146,#148,.T.);
#146 = VERTEX_POINT('',#147);
#147 = CARTESIAN_POINT('',(-4.270170592217,2.209814285714,
    20.234528571429));
#148 = LINE('',#149,#150);
#149 = CARTESIAN_POINT('',(-4.270170592217,5.860228858617,
    17.356317081255));
#150 = VECTOR('',#151,1.);
#151 = DIRECTION('',(0.,-0.785269165628,0.619154534437));
#152 = ORIENTED_EDGE('',*,*,#153,.T.);
#153 = EDGE_CURVE('',#146,#154,#156,.T.);
#154 = VERTEX_POINT('',#155);
#155 = CARTESIAN_POINT('',(-4.270170592217,2.158,20.280214285714));
#156 = LINE('',#157,#158);
#157 = CARTESIAN_POINT('',(-4.270170592217,6.123968473648,
    16.783338857337));
#158 = VECTOR('',#159,1.);
#159 = DIRECTION('',(0.,-0.750073176681,0.661354843955));
#160 = ORIENTED_EDGE('',*,*,#161,.T.);
#161 = EDGE_CURVE('',#154,#162,#164,.T.);
#162 = VERTEX_POINT('',#163);
#163 = CARTESIAN_POINT('',(-4.270170592217,2.129214285714,
    20.303057142857));
#164 = LINE('',#165,#166);
#165 = CARTESIAN_POINT('',(-4.270170592217,5.839276638683,17.35894314663
    ));
#166 = VECTOR('',#167,1.);
#167 = DIRECTION('',(0.,-0.783327962633,0.621608641315));
#168 = ORIENTED_EDGE('',*,*,#169,.T.);
#169 = EDGE_CURVE('',#162,#170,#172,.T.);
#170 = VERTEX_POINT('',#171);
#171 = CARTESIAN_POINT('',(-4.270170592217,2.106,20.337228571429));
#172 = LINE('',#173,#174);
#173 = CARTESIAN_POINT('',(-4.270170592217,6.523135785852,
    13.835204694655));
#174 = VECTOR('',#175,1.);
#175 = DIRECTION('',(0.,-0.561941076348,0.827177264384));
#176 = ORIENTED_EDGE('',*,*,#177,.T.);
#177 = EDGE_CURVE('',#170,#178,#180,.T.);
#178 = VERTEX_POINT('',#179);
#179 = CARTESIAN_POINT('',(-4.270170592217,2.071457142857,
    20.388671428571));
#180 = LINE('',#181,#182);
#181 = CARTESIAN_POINT('',(-4.270170592217,6.498298266685,
    13.796010185022));
#182 = VECTOR('',#183,1.);
#183 = DIRECTION('',(0.,-0.55746369916,0.830201315416));
#184 = ORIENTED_EDGE('',*,*,#185,.T.);
#185 = EDGE_CURVE('',#178,#186,#188,.T.);
#186 = VERTEX_POINT('',#187);
#187 = CARTESIAN_POINT('',(-4.270170592217,2.036914285714,
    20.451257142857));
#188 = LINE('',#189,#190);
#189 = CARTESIAN_POINT('',(-4.270170592217,6.261163574655,
    12.797644183863));
#190 = VECTOR('',#191,1.);
#191 = DIRECTION('',(0.,-0.483214693258,0.875501890472));
#192 = ORIENTED_EDGE('',*,*,#193,.T.);
#193 = EDGE_CURVE('',#186,#194,#196,.T.);
#194 = VERTEX_POINT('',#195);
#195 = CARTESIAN_POINT('',(-4.270170592217,2.0254,20.479857142857));
#196 = LINE('',#197,#198);
#197 = CARTESIAN_POINT('',(-4.270170592217,5.653584010223,
    11.467916214238));
#198 = VECTOR('',#199,1.);
#199 = DIRECTION('',(0.,-0.373466870858,0.927643517938));
#200 = ORIENTED_EDGE('',*,*,#201,.T.);
#201 = EDGE_CURVE('',#194,#202,#204,.T.);
#202 = VERTEX_POINT('',#203);
#203 = CARTESIAN_POINT('',(-4.270170592217,2.008128571429,
    20.519785714286));
#204 = LINE('',#205,#206);
#205 = CARTESIAN_POINT('',(-4.270170592217,5.798421842292,
    11.757279765514));
#206 = VECTOR('',#207,1.);
#207 = DIRECTION('',(0.,-0.397008348188,0.917814998499));
#208 = ORIENTED_EDGE('',*,*,#209,.T.);
#209 = EDGE_CURVE('',#202,#210,#212,.T.);
#210 = VERTEX_POINT('',#211);
#211 = CARTESIAN_POINT('',(-4.270170592217,2.002371428571,
    20.553957142857));
#212 = LINE('',#213,#214);
#213 = CARTESIAN_POINT('',(-4.270170592217,3.84520479533,9.615849417579)
  );
#214 = VECTOR('',#215,1.);
#215 = DIRECTION('',(0.,-0.166136868447,0.98610270304));
#216 = ORIENTED_EDGE('',*,*,#217,.T.);
#217 = EDGE_CURVE('',#210,#218,#220,.T.);
#218 = VERTEX_POINT('',#219);
#219 = CARTESIAN_POINT('',(-4.270170592217,1.990857142857,
    20.599642857143));
#220 = LINE('',#221,#222);
#221 = CARTESIAN_POINT('',(-4.270170592217,4.600198055252,
    10.246451495058));
#222 = VECTOR('',#223,1.);
#223 = DIRECTION('',(0.,-0.244390135281,0.969676988372));
#224 = ORIENTED_EDGE('',*,*,#225,.T.);
#225 = EDGE_CURVE('',#218,#226,#228,.T.);
#226 = VERTEX_POINT('',#227);
#227 = CARTESIAN_POINT('',(-4.270170592217,1.990857142857,
    21.826285714286));
#228 = LINE('',#229,#230);
#229 = CARTESIAN_POINT('',(-4.270170592217,1.990857142857,9.413142857143
    ));
#230 = VECTOR('',#231,1.);
#231 = DIRECTION('',(0.,0.,1.));
#232 = ORIENTED_EDGE('',*,*,#233,.T.);
#233 = EDGE_CURVE('',#226,#234,#236,.T.);
#234 = VERTEX_POINT('',#235);
#235 = CARTESIAN_POINT('',(-4.270170592217,1.996614285714,
    21.889057142857));
#236 = LINE('',#237,#238);
#237 = CARTESIAN_POINT('',(-4.270170592217,0.838635374163,9.263351591104
    ));
#238 = VECTOR('',#239,1.);
#239 = DIRECTION('',(0.,9.133264387955E-02,0.995820439719));
#240 = ORIENTED_EDGE('',*,*,#241,.T.);
#241 = EDGE_CURVE('',#234,#242,#244,.T.);
#242 = VERTEX_POINT('',#243);
#243 = CARTESIAN_POINT('',(-4.270170592217,2.002185714286,
    21.940314285714));
#244 = LINE('',#245,#246);
#245 = CARTESIAN_POINT('',(-4.270170592217,0.625940690144,9.278860063606
    ));
#246 = VECTOR('',#247,1.);
#247 = DIRECTION('',(0.,0.108059180768,0.994144463069));
#248 = ORIENTED_EDGE('',*,*,#249,.T.);
#249 = EDGE_CURVE('',#242,#250,#252,.T.);
#250 = VERTEX_POINT('',#251);
#251 = CARTESIAN_POINT('',(-4.270170592217,2.007942857143,
    21.974671428571));
#252 = LINE('',#253,#254);
#253 = CARTESIAN_POINT('',(-4.270170592217,-0.113113922083,
    9.316751939642));
#254 = VECTOR('',#255,1.);
#255 = DIRECTION('',(0.,0.165263423329,0.986249461804));
#256 = ORIENTED_EDGE('',*,*,#257,.T.);
#257 = EDGE_CURVE('',#250,#258,#260,.T.);
#258 = VERTEX_POINT('',#259);
#259 = CARTESIAN_POINT('',(-4.270170592217,2.025028571429,22.0146));
#260 = LINE('',#261,#262);
#261 = CARTESIAN_POINT('',(-4.270170592217,-2.985772080632,
    10.304576737032));
#262 = VECTOR('',#263,1.);
#263 = DIRECTION('',(0.,0.393403152889,0.919366063816));
#264 = ORIENTED_EDGE('',*,*,#265,.T.);
#265 = EDGE_CURVE('',#258,#266,#268,.T.);
#266 = VERTEX_POINT('',#267);
#267 = CARTESIAN_POINT('',(-4.270170592217,2.036542857143,
    22.048771428571));
#268 = LINE('',#269,#270);
#269 = CARTESIAN_POINT('',(-4.270170592217,-2.074854900901,
    9.847203888571));
#270 = VECTOR('',#271,1.);
#271 = DIRECTION('',(0.,0.319316245627,0.947648212829));
#272 = ORIENTED_EDGE('',*,*,#273,.T.);
#273 = EDGE_CURVE('',#266,#274,#276,.T.);
#274 = VERTEX_POINT('',#275);
#275 = CARTESIAN_POINT('',(-4.270170592217,2.053628571429,
    22.082942857143));
#276 = LINE('',#277,#278);
#277 = CARTESIAN_POINT('',(-4.270170592217,-3.595339916365,
    10.785005881557));
#278 = VECTOR('',#279,1.);
#279 = DIRECTION('',(0.,0.4472135955,0.894427191));
#280 = ORIENTED_EDGE('',*,*,#281,.T.);
#281 = EDGE_CURVE('',#274,#282,#284,.T.);
#282 = VERTEX_POINT('',#283);
#283 = CARTESIAN_POINT('',(-4.270170592217,2.070714285714,
    22.111542857143));
#284 = LINE('',#285,#286);
#285 = CARTESIAN_POINT('',(-4.270170592217,-4.29115005249,
    11.462335160584));
#286 = VECTOR('',#287,1.);
#287 = DIRECTION('',(0.,0.512855252126,0.85847509595));
#288 = ORIENTED_EDGE('',*,*,#289,.T.);
#289 = EDGE_CURVE('',#282,#290,#292,.T.);
#290 = VERTEX_POINT('',#291);
#291 = CARTESIAN_POINT('',(-4.270170592217,2.093557142857,
    22.151471428571));
#292 = LINE('',#293,#294);
#293 = CARTESIAN_POINT('',(-4.270170592217,-4.111478379134,
    11.305271125904));
#294 = VECTOR('',#295,1.);
#295 = DIRECTION('',(0.,0.49657364983,0.867994591167));
#296 = ORIENTED_EDGE('',*,*,#297,.T.);
#297 = EDGE_CURVE('',#290,#298,#300,.T.);
#298 = VERTEX_POINT('',#299);
#299 = CARTESIAN_POINT('',(-4.270170592217,2.1164,22.185642857143));
#300 = LINE('',#301,#302);
#301 = CARTESIAN_POINT('',(-4.270170592217,-4.687967618991,
    12.006751459628));
#302 = VECTOR('',#303,1.);
#303 = DIRECTION('',(0.,0.555742429414,0.831354528555));
#304 = ORIENTED_EDGE('',*,*,#305,.T.);
#305 = EDGE_CURVE('',#298,#306,#308,.T.);
#306 = VERTEX_POINT('',#307);
#307 = CARTESIAN_POINT('',(-4.270170592217,2.139242857143,
    22.208485714286));
#308 = LINE('',#309,#310);
#309 = CARTESIAN_POINT('',(-4.270170592217,-5.765231933769,
    14.304010923374));
#310 = VECTOR('',#311,1.);
#311 = DIRECTION('',(0.,0.707106781187,0.707106781187));
#312 = ORIENTED_EDGE('',*,*,#313,.T.);
#313 = EDGE_CURVE('',#306,#314,#316,.T.);
#314 = VERTEX_POINT('',#315);
#315 = CARTESIAN_POINT('',(-4.270170592217,2.167657142857,
    22.237085714286));
#316 = LINE('',#317,#318);
#317 = CARTESIAN_POINT('',(-4.270170592217,-5.740452385529,
    14.277289195518));
#318 = VECTOR('',#319,1.);
#319 = DIRECTION('',(0.,0.704799762748,0.709406297146));
#320 = ORIENTED_EDGE('',*,*,#321,.T.);
#321 = EDGE_CURVE('',#314,#322,#324,.T.);
#322 = VERTEX_POINT('',#323);
#323 = CARTESIAN_POINT('',(-4.270170592217,2.202014285714,
    22.271257142857));
#324 = LINE('',#325,#326);
#325 = CARTESIAN_POINT('',(-4.270170592217,-5.742523254789,
    14.369663048518));
#326 = VECTOR('',#327,1.);
#327 = DIRECTION('',(0.,0.70902045612,0.705187913114));
#328 = ORIENTED_EDGE('',*,*,#329,.T.);
#329 = EDGE_CURVE('',#322,#330,#332,.T.);
#330 = VERTEX_POINT('',#331);
#331 = CARTESIAN_POINT('',(-4.270170592217,2.224857142857,
    22.288342857143));
#332 = LINE('',#333,#334);
#333 = CARTESIAN_POINT('',(-4.270170592217,-5.92218143586,
    16.194622944606));
#334 = VECTOR('',#335,1.);
#335 = DIRECTION('',(0.,0.80078057117,0.598957825591));
#336 = ORIENTED_EDGE('',*,*,#337,.T.);
#337 = EDGE_CURVE('',#330,#338,#340,.T.);
#338 = VERTEX_POINT('',#339);
#339 = CARTESIAN_POINT('',(-4.270170592217,2.259028571429,
    22.311185714286));
#340 = LINE('',#341,#342);
#341 = CARTESIAN_POINT('',(-4.270170592217,-5.844424750712,
    16.894203330464));
#342 = VECTOR('',#343,1.);
#343 = DIRECTION('',(0.,0.831354528555,0.555742429414));
#344 = ORIENTED_EDGE('',*,*,#345,.T.);
#345 = EDGE_CURVE('',#338,#346,#348,.T.);
#346 = VERTEX_POINT('',#347);
#347 = CARTESIAN_POINT('',(-4.270170592217,2.293014285714,
    22.328271428571));
#348 = LINE('',#349,#350);
#349 = CARTESIAN_POINT('',(-4.270170592217,-5.40871474616,
    18.456363937137));
#350 = VECTOR('',#351,1.);
#351 = DIRECTION('',(0.,0.893448612452,0.449165422653));
#352 = ORIENTED_EDGE('',*,*,#353,.T.);
#353 = EDGE_CURVE('',#346,#354,#356,.T.);
#354 = VERTEX_POINT('',#355);
#355 = CARTESIAN_POINT('',(-4.270170592217,2.327185714286,
    22.345542857143));
#356 = LINE('',#357,#358);
#357 = CARTESIAN_POINT('',(-4.270170592217,-5.40217582535,
    18.438854687653));
#358 = VECTOR('',#359,1.);
#359 = DIRECTION('',(0.,0.892478602936,0.451089728658));
#360 = ORIENTED_EDGE('',*,*,#361,.T.);
#361 = EDGE_CURVE('',#354,#362,#364,.T.);
#362 = VERTEX_POINT('',#363);
#363 = CARTESIAN_POINT('',(-4.270170592217,2.355785714286,
    22.356871428571));
#364 = LINE('',#365,#366);
#365 = CARTESIAN_POINT('',(-4.270170592217,-4.848785302316,
    19.503112779138));
#366 = VECTOR('',#367,1.);
#367 = DIRECTION('',(0.,0.929720504504,0.368265914122));
#368 = ORIENTED_EDGE('',*,*,#369,.T.);
#369 = EDGE_CURVE('',#362,#370,#372,.T.);
#370 = VERTEX_POINT('',#371);
#371 = CARTESIAN_POINT('',(-4.270170592217,2.395714285714,
    22.373957142857));
#372 = LINE('',#373,#374);
#373 = CARTESIAN_POINT('',(-4.270170592217,-5.010047391845,
    19.204980052925));
#374 = VECTOR('',#375,1.);
#375 = DIRECTION('',(0.,0.919366063816,0.393403152889));
#376 = ORIENTED_EDGE('',*,*,#377,.T.);
#377 = EDGE_CURVE('',#370,#378,#380,.T.);
#378 = VERTEX_POINT('',#379);
#379 = CARTESIAN_POINT('',(-4.270170592217,2.4414,22.385471428571));
#380 = LINE('',#381,#382);
#381 = CARTESIAN_POINT('',(-4.270170592217,-3.721873898285,
    20.832125974532));
#382 = VECTOR('',#383,1.);
#383 = DIRECTION('',(0.,0.969676988372,0.244390135281));
#384 = ORIENTED_EDGE('',*,*,#385,.T.);
#385 = EDGE_CURVE('',#378,#386,#388,.T.);
#386 = VERTEX_POINT('',#387);
#387 = CARTESIAN_POINT('',(-4.270170592217,2.475571428571,
    22.391042857143));
#388 = LINE('',#389,#390);
#389 = CARTESIAN_POINT('',(-4.270170592217,-2.826281466285,
    21.526610319938));
#390 = VECTOR('',#391,1.);
#391 = DIRECTION('',(0.,0.986967674481,0.160918642578));
#392 = ORIENTED_EDGE('',*,*,#393,.T.);
#393 = EDGE_CURVE('',#386,#394,#396,.T.);
#394 = VERTEX_POINT('',#395);
#395 = CARTESIAN_POINT('',(-4.270170592217,2.5155,22.3968));
#396 = LINE('',#397,#398);
#397 = CARTESIAN_POINT('',(-4.270170592217,-2.60187904384,
    21.658945347167));
#398 = VECTOR('',#399,1.);
#399 = DIRECTION('',(0.,0.989764512237,0.142710231997));
#400 = ORIENTED_EDGE('',*,*,#401,.T.);
#401 = EDGE_CURVE('',#394,#402,#404,.T.);
#402 = VERTEX_POINT('',#403);
#403 = CARTESIAN_POINT('',(-4.270170592217,3.731,22.3968));
#404 = LINE('',#405,#406);
#405 = CARTESIAN_POINT('',(-4.270170592217,-0.269585296109,22.3968));
#406 = VECTOR('',#407,1.);
#407 = DIRECTION('',(0.,1.,0.));
#408 = ORIENTED_EDGE('',*,*,#409,.T.);
#409 = EDGE_CURVE('',#402,#410,#412,.T.);
#410 = VERTEX_POINT('',#411);
#411 = CARTESIAN_POINT('',(-4.270170592217,3.765171428571,
    22.391042857143));
#412 = LINE('',#413,#414);
#413 = CARTESIAN_POINT('',(-4.270170592217,1.938276075746,
    22.698835008978));
#414 = VECTOR('',#415,1.);
#415 = DIRECTION('',(-0.,0.98610270304,-0.166136868447));
#416 = ORIENTED_EDGE('',*,*,#417,.T.);
#417 = EDGE_CURVE('',#410,#418,#420,.T.);
#418 = VERTEX_POINT('',#419);
#419 = CARTESIAN_POINT('',(-4.270170592217,3.8051,22.379714285714));
#420 = LINE('',#421,#422);
#421 = CARTESIAN_POINT('',(-4.270170592217,3.400418641452,
    22.494530857209));
#422 = VECTOR('',#423,1.);
#423 = DIRECTION('',(-0.,0.962028866252,-0.272947724844));
#424 = ORIENTED_EDGE('',*,*,#425,.T.);
#425 = EDGE_CURVE('',#418,#426,#428,.T.);
#426 = VERTEX_POINT('',#427);
#427 = CARTESIAN_POINT('',(-4.270170592217,3.839271428571,
    22.362628571429));
#428 = LINE('',#429,#430);
#429 = CARTESIAN_POINT('',(-4.270170592217,5.668020334542,
    21.448254118443));
#430 = VECTOR('',#431,1.);
#431 = DIRECTION('',(-0.,0.894427191,-0.4472135955));
#432 = ORIENTED_EDGE('',*,*,#433,.T.);
#433 = EDGE_CURVE('',#426,#434,#436,.T.);
#434 = VERTEX_POINT('',#435);
#435 = CARTESIAN_POINT('',(-4.270170592217,3.873628571429,
    22.339785714286));
#436 = LINE('',#437,#438);
#437 = CARTESIAN_POINT('',(-4.270170592217,6.891472085154,
    20.333327594349));
#438 = VECTOR('',#439,1.);
#439 = DIRECTION('',(-0.,0.83274215499,-0.553661000345));
#440 = ORIENTED_EDGE('',*,*,#441,.T.);
#441 = EDGE_CURVE('',#434,#442,#444,.T.);
#442 = VERTEX_POINT('',#443);
#443 = CARTESIAN_POINT('',(-4.270170592217,3.902042857143,
    22.316942857143));
#444 = LINE('',#445,#446);
#445 = CARTESIAN_POINT('',(-4.270170592217,7.601459056641,
    19.342902383037));
#446 = VECTOR('',#447,1.);
#447 = DIRECTION('',(-0.,0.779375670806,-0.626556911825));
#448 = ORIENTED_EDGE('',*,*,#449,.T.);
#449 = EDGE_CURVE('',#442,#450,#452,.T.);
#450 = VERTEX_POINT('',#451);
#451 = CARTESIAN_POINT('',(-4.270170592217,3.930642857143,
    22.288342857143));
#452 = LINE('',#453,#454);
#453 = CARTESIAN_POINT('',(-4.270170592217,8.202525209089,
    18.016460505197));
#454 = VECTOR('',#455,1.);
#455 = DIRECTION('',(-0.,0.707106781187,-0.707106781187));
#456 = ORIENTED_EDGE('',*,*,#457,.T.);
#457 = EDGE_CURVE('',#450,#458,#460,.T.);
#458 = VERTEX_POINT('',#459);
#459 = CARTESIAN_POINT('',(-4.270170592217,3.964814285714,22.22));
#460 = LINE('',#461,#462);
#461 = CARTESIAN_POINT('',(-4.270170592217,8.185315797921,
    13.778996975586));
#462 = VECTOR('',#463,1.);
#463 = DIRECTION('',(-0.,0.4472135955,-0.894427191));
#464 = ORIENTED_EDGE('',*,*,#465,.T.);
#465 = EDGE_CURVE('',#458,#466,#468,.T.);
#466 = VERTEX_POINT('',#467);
#467 = CARTESIAN_POINT('',(-4.270170592217,3.976328571429,22.1914));
#468 = LINE('',#469,#470);
#469 = CARTESIAN_POINT('',(-4.270170592217,7.764934239334,
    12.780992373267));
#470 = VECTOR('',#471,1.);
#471 = DIRECTION('',(-0.,0.373466870858,-0.927643517938));
#472 = ORIENTED_EDGE('',*,*,#473,.T.);
#473 = EDGE_CURVE('',#466,#474,#476,.T.);
#474 = VERTEX_POINT('',#475);
#475 = CARTESIAN_POINT('',(-4.270170592217,3.9819,22.1628));
#476 = LINE('',#477,#478);
#477 = CARTESIAN_POINT('',(-4.270170592217,6.192358085534,
    10.815781827593));
#478 = VECTOR('',#479,1.);
#479 = DIRECTION('',(-0.,0.191210841639,-0.981548987081));
#480 = ORIENTED_EDGE('',*,*,#481,.T.);
#481 = EDGE_CURVE('',#474,#482,#484,.T.);
#482 = VERTEX_POINT('',#483);
#483 = CARTESIAN_POINT('',(-4.270170592217,3.987657142857,
    22.134385714286));
#484 = LINE('',#485,#486);
#485 = CARTESIAN_POINT('',(-4.270170592217,6.270722776617,
    10.866352102504));
#486 = VECTOR('',#487,1.);
#487 = DIRECTION('',(-0.,0.198579278868,-0.980084827963));
#488 = ORIENTED_EDGE('',*,*,#489,.T.);
#489 = EDGE_CURVE('',#482,#490,#492,.T.);
#490 = VERTEX_POINT('',#491);
#491 = CARTESIAN_POINT('',(-4.270170592217,3.987657142857,
    22.077371428571));
#492 = LINE('',#493,#494);
#493 = CARTESIAN_POINT('',(-4.270170592217,3.987657142857,9.538685714286
    ));
#494 = VECTOR('',#495,1.);
#495 = DIRECTION('',(0.,-0.,-1.));
#496 = ORIENTED_EDGE('',*,*,#497,.T.);
#497 = EDGE_CURVE('',#490,#498,#500,.T.);
#498 = VERTEX_POINT('',#499);
#499 = CARTESIAN_POINT('',(-4.270170592217,3.9819,22.043014285714));
#500 = LINE('',#501,#502);
#501 = CARTESIAN_POINT('',(-4.270170592217,1.828317228902,9.190988071099
    ));
#502 = VECTOR('',#503,1.);
#503 = DIRECTION('',(0.,-0.165263423329,-0.986249461804));
#504 = ORIENTED_EDGE('',*,*,#505,.T.);
#505 = EDGE_CURVE('',#498,#506,#508,.T.);
#506 = VERTEX_POINT('',#507);
#507 = CARTESIAN_POINT('',(-4.270170592217,3.970571428571,22.0146));
#508 = LINE('',#509,#510);
#509 = CARTESIAN_POINT('',(-4.270170592217,-0.89719604027,9.805281594544
    ));
#510 = VECTOR('',#511,1.);
#511 = DIRECTION('',(0.,-0.370343680353,-0.92889480482));
#512 = ORIENTED_EDGE('',*,*,#513,.T.);
#513 = EDGE_CURVE('',#506,#514,#516,.T.);
#514 = VERTEX_POINT('',#515);
#515 = CARTESIAN_POINT('',(-4.270170592217,3.959057142857,21.986));
#516 = LINE('',#517,#518);
#517 = CARTESIAN_POINT('',(-4.270170592217,-0.942965342876,
    9.810008664469));
#518 = VECTOR('',#519,1.);
#519 = DIRECTION('',(0.,-0.373466870858,-0.927643517938));
#520 = ORIENTED_EDGE('',*,*,#521,.T.);
#521 = EDGE_CURVE('',#514,#522,#524,.T.);
#522 = VERTEX_POINT('',#523);
#523 = CARTESIAN_POINT('',(-4.270170592217,3.941971428571,
    21.963157142857));
#524 = LINE('',#525,#526);
#525 = CARTESIAN_POINT('',(-4.270170592217,-3.517670335777,
    11.989940436174));
#526 = VECTOR('',#527,1.);
#527 = DIRECTION('',(0.,-0.598957825591,-0.80078057117));
#528 = ORIENTED_EDGE('',*,*,#529,.T.);
#529 = EDGE_CURVE('',#522,#530,#532,.T.);
#530 = VERTEX_POINT('',#531);
#531 = CARTESIAN_POINT('',(-4.270170592217,3.924885714286,
    21.934742857143));
#532 = LINE('',#533,#534);
#533 = CARTESIAN_POINT('',(-4.270170592217,-2.669165630667,
    10.968548772601));
#534 = VECTOR('',#535,1.);
#535 = DIRECTION('',(0.,-0.515319238054,-0.856998298068));
#536 = ORIENTED_EDGE('',*,*,#537,.T.);
#537 = EDGE_CURVE('',#530,#538,#540,.T.);
#538 = VERTEX_POINT('',#539);
#539 = CARTESIAN_POINT('',(-4.270170592217,3.9078,21.9119));
#540 = LINE('',#541,#542);
#541 = CARTESIAN_POINT('',(-4.270170592217,-3.533419927362,
    11.963312488418));
#542 = VECTOR('',#543,1.);
#543 = DIRECTION('',(0.,-0.598957825591,-0.80078057117));
#544 = ORIENTED_EDGE('',*,*,#545,.T.);
#545 = EDGE_CURVE('',#538,#546,#548,.T.);
#546 = VERTEX_POINT('',#547);
#547 = CARTESIAN_POINT('',(-4.270170592217,3.884957142857,
    21.894814285714));
#548 = LINE('',#549,#550);
#549 = CARTESIAN_POINT('',(-4.270170592217,-4.699975802531,
    15.473563627375));
#550 = VECTOR('',#551,1.);
#551 = DIRECTION('',(0.,-0.80078057117,-0.598957825591));
#552 = ORIENTED_EDGE('',*,*,#553,.T.);
#553 = EDGE_CURVE('',#546,#554,#556,.T.);
#554 = VERTEX_POINT('',#555);
#555 = CARTESIAN_POINT('',(-4.270170592217,3.862114285714,
    21.871971428571));
#556 = LINE('',#557,#558);
#557 = CARTESIAN_POINT('',(-4.270170592217,-4.388949790911,
    13.620907351946));
#558 = VECTOR('',#559,1.);
#559 = DIRECTION('',(0.,-0.707106781187,-0.707106781187));
#560 = ORIENTED_EDGE('',*,*,#561,.T.);
#561 = EDGE_CURVE('',#554,#562,#564,.T.);
#562 = VERTEX_POINT('',#563);
#563 = CARTESIAN_POINT('',(-4.270170592217,3.8337,21.860457142857));
#564 = LINE('',#565,#566);
#565 = CARTESIAN_POINT('',(-4.270170592217,-3.973326807147,
    18.696825364798));
#566 = VECTOR('',#567,1.);
#567 = DIRECTION('',(0.,-0.926796260304,-0.375564497639));
#568 = ORIENTED_EDGE('',*,*,#569,.T.);
#569 = EDGE_CURVE('',#562,#570,#572,.T.);
#570 = VERTEX_POINT('',#571);
#571 = CARTESIAN_POINT('',(-4.270170592217,3.8051,21.843371428571));
#572 = LINE('',#573,#574);
#573 = CARTESIAN_POINT('',(-4.270170592217,-4.639492973353,
    16.798549652282));
#574 = VECTOR('',#575,1.);
#575 = DIRECTION('',(0.,-0.85847509595,-0.512855252126));
#576 = ORIENTED_EDGE('',*,*,#577,.T.);
#577 = EDGE_CURVE('',#570,#578,#580,.T.);
#578 = VERTEX_POINT('',#579);
#579 = CARTESIAN_POINT('',(-4.270170592217,3.782257142857,
    21.837614285714));
#580 = LINE('',#581,#582);
#581 = CARTESIAN_POINT('',(-4.270170592217,-2.946487495905,
    20.141751815782));
#582 = VECTOR('',#583,1.);
#583 = DIRECTION('',(0.,-0.969676988372,-0.244390135281));
#584 = ORIENTED_EDGE('',*,*,#585,.T.);
#585 = EDGE_CURVE('',#578,#586,#588,.T.);
#586 = VERTEX_POINT('',#587);
#587 = CARTESIAN_POINT('',(-4.270170592217,3.742328571429,
    21.826285714286));
#588 = LINE('',#589,#590);
#589 = CARTESIAN_POINT('',(-4.270170592217,-3.224941189737,
    19.849525456467));
#590 = VECTOR('',#591,1.);
#591 = DIRECTION('',(0.,-0.962028866252,-0.272947724844));
#592 = ORIENTED_EDGE('',*,*,#593,.T.);
#593 = EDGE_CURVE('',#586,#594,#596,.T.);
#594 = VERTEX_POINT('',#595);
#595 = CARTESIAN_POINT('',(-4.270170592217,2.561371428571,
    21.826285714286));
#596 = LINE('',#597,#598);
#597 = CARTESIAN_POINT('',(-4.270170592217,-0.854399581823,
    21.826285714286));
#598 = VECTOR('',#599,1.);
#599 = DIRECTION('',(0.,-1.,0.));
#600 = ORIENTED_EDGE('',*,*,#601,.T.);
#601 = EDGE_CURVE('',#594,#602,#604,.T.);
#602 = VERTEX_POINT('',#603);
#603 = CARTESIAN_POINT('',(-4.270170592217,2.561371428571,
    20.685257142857));
#604 = LINE('',#605,#606);
#605 = CARTESIAN_POINT('',(-4.270170592217,2.561371428571,8.842628571429
    ));
#606 = VECTOR('',#607,1.);
#607 = DIRECTION('',(0.,-0.,-1.));
#608 = ORIENTED_EDGE('',*,*,#609,.T.);
#609 = EDGE_CURVE('',#602,#610,#612,.T.);
#610 = VERTEX_POINT('',#611);
#611 = CARTESIAN_POINT('',(-4.270170592217,3.417142857143,
    20.685257142857));
#612 = LINE('',#613,#614);
#613 = CARTESIAN_POINT('',(-4.270170592217,-0.426513867537,
    20.685257142857));
#614 = VECTOR('',#615,1.);
#615 = DIRECTION('',(0.,1.,0.));
#616 = ORIENTED_EDGE('',*,*,#617,.T.);
#617 = EDGE_CURVE('',#610,#618,#620,.T.);
#618 = VERTEX_POINT('',#619);
#619 = CARTESIAN_POINT('',(-4.270170592217,3.474157142857,20.6795));
#620 = LINE('',#621,#622);
#621 = CARTESIAN_POINT('',(-4.270170592217,0.824554458249,
    20.947049456752));
#622 = VECTOR('',#623,1.);
#623 = DIRECTION('',(-0.,0.994940461748,-0.100466300698));
#624 = ORIENTED_EDGE('',*,*,#625,.T.);
#625 = EDGE_CURVE('',#618,#626,#628,.T.);
#626 = VERTEX_POINT('',#627);
#627 = CARTESIAN_POINT('',(-4.270170592217,3.5256,20.673928571429));
#628 = LINE('',#629,#630);
#629 = CARTESIAN_POINT('',(-4.270170592217,0.940024149856,
    20.953954836787));
#630 = VECTOR('',#631,1.);
#631 = DIRECTION('',(-0.,0.994186297691,-0.107673606248));
#632 = ORIENTED_EDGE('',*,*,#633,.T.);
#633 = EDGE_CURVE('',#626,#634,#636,.T.);
#634 = VERTEX_POINT('',#635);
#635 = CARTESIAN_POINT('',(-4.270170592217,3.582614285714,
    20.662414285714));
#636 = LINE('',#637,#638);
#637 = CARTESIAN_POINT('',(-4.270170592217,2.105818141005,
    20.960659761193));
#638 = VECTOR('',#639,1.);
#639 = DIRECTION('',(-0.,0.980210537667,-0.197957828454));
#640 = ORIENTED_EDGE('',*,*,#641,.T.);
#641 = EDGE_CURVE('',#634,#642,#644,.T.);
#642 = VERTEX_POINT('',#643);
#643 = CARTESIAN_POINT('',(-4.270170592217,3.639628571429,
    20.639571428571));
#644 = LINE('',#645,#646);
#645 = CARTESIAN_POINT('',(-4.270170592217,4.312356155311,
    20.370042136006));
#646 = VECTOR('',#647,1.);
#647 = DIRECTION('',(-0.,0.928268015265,-0.371911940969));
#648 = ORIENTED_EDGE('',*,*,#649,.T.);
#649 = EDGE_CURVE('',#642,#650,#652,.T.);
#650 = VERTEX_POINT('',#651);
#651 = CARTESIAN_POINT('',(-4.270170592217,3.685314285714,
    20.616728571429));
#652 = LINE('',#653,#654);
#653 = CARTESIAN_POINT('',(-4.270170592217,5.226466048827,
    19.846152689872));
#654 = VECTOR('',#655,1.);
#655 = DIRECTION('',(-0.,0.894427191,-0.4472135955));
#656 = ORIENTED_EDGE('',*,*,#657,.T.);
#657 = EDGE_CURVE('',#650,#658,#660,.T.);
#658 = VERTEX_POINT('',#659);
#659 = CARTESIAN_POINT('',(-4.270170592217,3.736571428571,
    20.588314285714));
#660 = LINE('',#661,#662);
#661 = CARTESIAN_POINT('',(-4.270170592217,5.675446537682,
    19.513503083925));
#662 = VECTOR('',#663,1.);
#663 = DIRECTION('',(-0.,0.874605327038,-0.484835561728));
#664 = ORIENTED_EDGE('',*,*,#665,.T.);
#665 = EDGE_CURVE('',#658,#666,#668,.T.);
#666 = VERTEX_POINT('',#667);
#667 = CARTESIAN_POINT('',(-4.270170592217,3.7765,20.559714285714));
#668 = LINE('',#669,#670);
#669 = CARTESIAN_POINT('',(-4.270170592217,6.693993257708,18.46997492903
    ));
#670 = VECTOR('',#671,1.);
#671 = DIRECTION('',(-0.,0.812966296417,-0.58231074255));
#672 = ORIENTED_EDGE('',*,*,#673,.T.);
#673 = EDGE_CURVE('',#666,#674,#676,.T.);
#674 = VERTEX_POINT('',#675);
#675 = CARTESIAN_POINT('',(-4.270170592217,3.862114285714,20.4741));
#676 = LINE('',#677,#678);
#677 = CARTESIAN_POINT('',(-4.270170592217,7.697568066231,
    16.638646219483));
#678 = VECTOR('',#679,1.);
#679 = DIRECTION('',(-0.,0.707106781187,-0.707106781187));
#680 = ORIENTED_EDGE('',*,*,#681,.T.);
#681 = EDGE_CURVE('',#674,#682,#684,.T.);
#682 = VERTEX_POINT('',#683);
#683 = CARTESIAN_POINT('',(-4.270170592217,3.896285714286,20.4286));
#684 = LINE('',#685,#686);
#685 = CARTESIAN_POINT('',(-4.270170592217,8.048764614633,
    14.899484072907));
#686 = VECTOR('',#687,1.);
#687 = DIRECTION('',(-0.,0.600522065279,-0.799608184746));
#688 = ORIENTED_EDGE('',*,*,#689,.T.);
#689 = EDGE_CURVE('',#682,#690,#692,.T.);
#690 = VERTEX_POINT('',#691);
#691 = CARTESIAN_POINT('',(-4.270170592217,3.913557142857,20.4));
#692 = LINE('',#693,#694);
#693 = CARTESIAN_POINT('',(-4.270170592217,7.997501817959,13.6373389251)
  );
#694 = VECTOR('',#695,1.);
#695 = DIRECTION('',(-0.,0.51694595675,-0.856018035908));
#696 = ORIENTED_EDGE('',*,*,#697,.T.);
#697 = EDGE_CURVE('',#690,#698,#700,.T.);
#698 = VERTEX_POINT('',#699);
#699 = CARTESIAN_POINT('',(-4.270170592217,3.930642857143,
    20.360071428571));
#700 = LINE('',#701,#702);
#701 = CARTESIAN_POINT('',(-4.270170592217,7.520492075649,
    11.970749885323));
#702 = VECTOR('',#703,1.);
#703 = DIRECTION('',(-0.,0.393403152889,-0.919366063816));
#704 = ORIENTED_EDGE('',*,*,#705,.T.);
#705 = EDGE_CURVE('',#698,#706,#708,.T.);
#706 = VERTEX_POINT('',#707);
#707 = CARTESIAN_POINT('',(-4.270170592217,3.947728571429,
    20.331471428571));
#708 = LINE('',#709,#710);
#709 = CARTESIAN_POINT('',(-4.270170592217,8.00310440547,13.543124923763
    ));
#710 = VECTOR('',#711,1.);
#711 = DIRECTION('',(-0.,0.512855252126,-0.85847509595));
#712 = ORIENTED_EDGE('',*,*,#713,.T.);
#713 = EDGE_CURVE('',#706,#714,#716,.T.);
#714 = VERTEX_POINT('',#715);
#715 = CARTESIAN_POINT('',(-4.270170592217,3.959057142857,
    20.291542857143));
#716 = LINE('',#717,#718);
#717 = CARTESIAN_POINT('',(-4.270170592217,6.710504988222,10.59381684479
    ));
#718 = VECTOR('',#719,1.);
#719 = DIRECTION('',(-0.,0.272947724844,-0.962028866252));
#720 = ORIENTED_EDGE('',*,*,#721,.T.);
#721 = EDGE_CURVE('',#714,#722,#724,.T.);
#722 = VERTEX_POINT('',#723);
#723 = CARTESIAN_POINT('',(-4.270170592217,3.970571428571,
    20.263128571429));
#724 = LINE('',#725,#726);
#725 = CARTESIAN_POINT('',(-4.270170592217,7.438017678538,
    11.706366051351));
#726 = VECTOR('',#727,1.);
#727 = DIRECTION('',(-0.,0.375564497639,-0.926796260304));
#728 = ORIENTED_EDGE('',*,*,#729,.T.);
#729 = EDGE_CURVE('',#722,#730,#732,.T.);
#730 = VERTEX_POINT('',#731);
#731 = CARTESIAN_POINT('',(-4.270170592217,3.976328571429,
    20.217442857143));
#732 = LINE('',#733,#734);
#733 = CARTESIAN_POINT('',(-4.270170592217,5.351894502853,9.301661594875
    ));
#734 = VECTOR('',#735,1.);
#735 = DIRECTION('',(-0.,0.125027446277,-0.992153283358));
#736 = ORIENTED_EDGE('',*,*,#737,.T.);
#737 = EDGE_CURVE('',#730,#738,#740,.T.);
#738 = VERTEX_POINT('',#739);
#739 = CARTESIAN_POINT('',(-4.270170592217,3.9819,20.177514285714));
#740 = LINE('',#741,#742);
#741 = CARTESIAN_POINT('',(-4.270170592217,5.489253884455,9.374811447122
    ));
#742 = VECTOR('',#743,1.);
#743 = DIRECTION('',(-0.,0.138196031911,-0.990404895365));
#744 = ORIENTED_EDGE('',*,*,#745,.T.);
#745 = EDGE_CURVE('',#738,#746,#748,.T.);
#746 = VERTEX_POINT('',#747);
#747 = CARTESIAN_POINT('',(-4.270170592217,3.987657142857,
    20.143342857143));
#748 = LINE('',#749,#750);
#749 = CARTESIAN_POINT('',(-4.270170592217,5.769457056746,9.567498206964
    ));
#750 = VECTOR('',#751,1.);
#751 = DIRECTION('',(-0.,0.166136868447,-0.98610270304));
#752 = ORIENTED_EDGE('',*,*,#753,.T.);
#753 = EDGE_CURVE('',#746,#754,#756,.T.);
#754 = VERTEX_POINT('',#755);
#755 = CARTESIAN_POINT('',(-4.270170592217,3.987657142857,18.5345));
#756 = LINE('',#757,#758);
#757 = CARTESIAN_POINT('',(-4.270170592217,3.987657142857,7.76725));
#758 = VECTOR('',#759,1.);
#759 = DIRECTION('',(0.,-0.,-1.));
#760 = ORIENTED_EDGE('',*,*,#761,.T.);
#761 = EDGE_CURVE('',#754,#762,#764,.T.);
#762 = VERTEX_POINT('',#763);
#763 = CARTESIAN_POINT('',(-4.270170592217,3.9819,18.5059));
#764 = LINE('',#765,#766);
#765 = CARTESIAN_POINT('',(-4.270170592217,1.740958912365,7.373482984008
    ));
#766 = VECTOR('',#767,1.);
#767 = DIRECTION('',(0.,-0.197340176951,-0.980335072596));
#768 = ORIENTED_EDGE('',*,*,#769,.T.);
#769 = EDGE_CURVE('',#762,#770,#772,.T.);
#770 = VERTEX_POINT('',#771);
#771 = CARTESIAN_POINT('',(-4.270170592217,3.970571428571,
    18.483057142857));
#772 = LINE('',#773,#774);
#773 = CARTESIAN_POINT('',(-4.270170592217,-1.118319255837,8.22185133659
    ));
#774 = VECTOR('',#775,1.);
#775 = DIRECTION('',(0.,-0.444297794845,-0.895879160097));
#776 = ORIENTED_EDGE('',*,*,#777,.T.);
#777 = EDGE_CURVE('',#770,#778,#780,.T.);
#778 = VERTEX_POINT('',#779);
#779 = CARTESIAN_POINT('',(-4.270170592217,3.959057142857,
    18.460214285714));
#780 = LINE('',#781,#782);
#781 = CARTESIAN_POINT('',(-4.270170592217,-1.187433806294,
    8.250240305947));
#782 = VECTOR('',#783,1.);
#783 = DIRECTION('',(0.,-0.450115207469,-0.892970492237));
#784 = ORIENTED_EDGE('',*,*,#785,.T.);
#785 = EDGE_CURVE('',#778,#786,#788,.T.);
#786 = VERTEX_POINT('',#787);
#787 = CARTESIAN_POINT('',(-4.270170592217,3.941971428571,
    18.443128571429));
#788 = LINE('',#789,#790);
#789 = CARTESIAN_POINT('',(-4.270170592217,-3.471846219483,
    11.029310923374));
#790 = VECTOR('',#791,1.);
#791 = DIRECTION('',(0.,-0.707106781187,-0.707106781187));
#792 = ORIENTED_EDGE('',*,*,#793,.T.);
#793 = EDGE_CURVE('',#786,#794,#796,.T.);
#794 = VERTEX_POINT('',#795);
#795 = CARTESIAN_POINT('',(-4.270170592217,3.919128571429,
    18.426042857143));
#796 = LINE('',#797,#798);
#797 = CARTESIAN_POINT('',(-4.270170592217,-3.844890587183,
    12.61880901493));
#798 = VECTOR('',#799,1.);
#799 = DIRECTION('',(0.,-0.80078057117,-0.598957825591));
#800 = ORIENTED_EDGE('',*,*,#801,.T.);
#801 = EDGE_CURVE('',#794,#802,#804,.T.);
#802 = VERTEX_POINT('',#803);
#803 = CARTESIAN_POINT('',(-4.270170592217,3.902042857143,
    18.414528571429));
#804 = LINE('',#805,#806);
#805 = CARTESIAN_POINT('',(-4.270170592217,-3.870060068061,
    13.176807034878));
#806 = VECTOR('',#807,1.);
#807 = DIRECTION('',(0.,-0.829266427591,-0.558853462072));
#808 = ORIENTED_EDGE('',*,*,#809,.T.);
#809 = EDGE_CURVE('',#802,#810,#812,.T.);
#810 = VERTEX_POINT('',#811);
#811 = CARTESIAN_POINT('',(-4.270170592217,3.873628571429,18.4032));
#812 = LINE('',#813,#814);
#813 = CARTESIAN_POINT('',(-4.270170592217,-3.321252744859,
    15.534652547101));
#814 = VECTOR('',#815,1.);
#815 = DIRECTION('',(0.,-0.92889480482,-0.370343680353));
#816 = ORIENTED_EDGE('',*,*,#817,.T.);
#817 = EDGE_CURVE('',#810,#818,#820,.T.);
#818 = VERTEX_POINT('',#819);
#819 = CARTESIAN_POINT('',(-4.270170592217,2.100428571429,18.4032));
#820 = LINE('',#821,#822);
#821 = CARTESIAN_POINT('',(-4.270170592217,-1.084871010394,18.4032));
#822 = VECTOR('',#823,1.);
#823 = DIRECTION('',(0.,-1.,0.));
#824 = ORIENTED_EDGE('',*,*,#825,.T.);
#825 = EDGE_CURVE('',#818,#826,#828,.T.);
#826 = VERTEX_POINT('',#827);
#827 = CARTESIAN_POINT('',(-4.270170592217,2.0787,18.414528571429));
#828 = LINE('',#829,#830);
#829 = CARTESIAN_POINT('',(-4.270170592217,3.972031443924,
    17.427407049383));
#830 = VECTOR('',#831,1.);
#831 = DIRECTION('',(0.,-0.886719943005,0.462306978832));
#832 = ORIENTED_EDGE('',*,*,#833,.T.);
#833 = EDGE_CURVE('',#826,#834,#836,.T.);
#834 = VERTEX_POINT('',#835);
#835 = CARTESIAN_POINT('',(-4.270170592217,2.061985714286,
    18.420285714286));
#836 = LINE('',#837,#838);
#837 = CARTESIAN_POINT('',(-4.270170592217,2.529491015035,
    18.259256110694));
#838 = VECTOR('',#839,1.);
#839 = DIRECTION('',(0.,-0.945484566827,0.325666906351));
#840 = ORIENTED_EDGE('',*,*,#841,.T.);
#841 = EDGE_CURVE('',#834,#842,#844,.T.);
#842 = VERTEX_POINT('',#843);
#843 = CARTESIAN_POINT('',(-4.270170592217,2.045642857143,18.4318));
#844 = LINE('',#845,#846);
#845 = CARTESIAN_POINT('',(-4.270170592217,4.980672260325,
    16.363938375031));
#846 = VECTOR('',#847,1.);
#847 = DIRECTION('',(0.,-0.817482433131,0.575953532433));
#848 = ORIENTED_EDGE('',*,*,#849,.T.);
#849 = EDGE_CURVE('',#842,#850,#852,.T.);
#850 = VERTEX_POINT('',#851);
#851 = CARTESIAN_POINT('',(-4.270170592217,2.0293,18.448885714286));
#852 = LINE('',#853,#854);
#853 = CARTESIAN_POINT('',(-4.270170592217,5.881319943137,
    14.421773955552));
#854 = VECTOR('',#855,1.);
#855 = DIRECTION('',(0.,-0.691222645967,0.722641857148));
#856 = ORIENTED_EDGE('',*,*,#857,.T.);
#857 = EDGE_CURVE('',#850,#858,#860,.T.);
#858 = VERTEX_POINT('',#859);
#859 = CARTESIAN_POINT('',(-4.270170592217,2.018342857143,
    18.465971428571));
#860 = LINE('',#861,#862);
#861 = CARTESIAN_POINT('',(-4.270170592217,5.979287921901,
    12.289582514034));
#862 = VECTOR('',#863,1.);
#863 = DIRECTION('',(0.,-0.539832384882,0.841772532358));
#864 = ORIENTED_EDGE('',*,*,#865,.T.);
#865 = EDGE_CURVE('',#858,#866,#868,.T.);
#866 = VERTEX_POINT('',#867);
#867 = CARTESIAN_POINT('',(-4.270170592217,2.0072,18.483057142857));
#868 = LINE('',#869,#870);
#869 = CARTESIAN_POINT('',(-4.270170592217,5.985480060369,
    12.383027716958));
#870 = VECTOR('',#871,1.);
#871 = DIRECTION('',(0.,-0.546267780547,0.837610596839));
#872 = ORIENTED_EDGE('',*,*,#873,.T.);
#873 = EDGE_CURVE('',#866,#874,#876,.T.);
#874 = VERTEX_POINT('',#875);
#875 = CARTESIAN_POINT('',(-4.270170592217,1.996428571429,
    18.500142857143));
#876 = LINE('',#877,#878);
#877 = CARTESIAN_POINT('',(-4.270170592217,5.954998181642,
    12.221032440942));
#878 = VECTOR('',#879,1.);
#879 = DIRECTION('',(0.,-0.533300923376,0.845925602596));
#880 = ORIENTED_EDGE('',*,*,#881,.T.);
#881 = EDGE_CURVE('',#874,#882,#884,.T.);
#882 = VERTEX_POINT('',#883);
#883 = CARTESIAN_POINT('',(-4.270170592217,1.990857142857,
    18.522985714286));
#884 = LINE('',#885,#886);
#885 = CARTESIAN_POINT('',(-4.270170592217,4.292463366706,9.086400196505
    ));
#886 = VECTOR('',#887,1.);
#887 = DIRECTION('',(0.,-0.236956180191,0.971520338783));
#888 = ORIENTED_EDGE('',*,*,#889,.T.);
#889 = EDGE_CURVE('',#882,#890,#892,.T.);
#890 = VERTEX_POINT('',#891);
#891 = CARTESIAN_POINT('',(-4.270170592217,1.990857142857,
    18.859685714286));
#892 = LINE('',#893,#894);
#893 = CARTESIAN_POINT('',(-4.270170592217,1.990857142857,7.929842857143
    ));
#894 = VECTOR('',#895,1.);
#895 = DIRECTION('',(0.,0.,1.));
#896 = ORIENTED_EDGE('',*,*,#897,.T.);
#897 = EDGE_CURVE('',#890,#898,#900,.T.);
#898 = VERTEX_POINT('',#899);
#899 = CARTESIAN_POINT('',(-4.270170592217,1.996428571429,
    18.876771428571));
#900 = LINE('',#901,#902);
#901 = CARTESIAN_POINT('',(-4.270170592217,-1.528765170035,
    8.066177288082));
#902 = VECTOR('',#903,1.);
#903 = DIRECTION('',(0.,0.310020599831,0.950729839481));
#904 = ORIENTED_EDGE('',*,*,#905,.T.);
#905 = EDGE_CURVE('',#898,#906,#908,.T.);
#906 = VERTEX_POINT('',#907);
#907 = CARTESIAN_POINT('',(-4.270170592217,2.007385714286,
    18.893857142857));
#908 = LINE('',#909,#910);
#909 = CARTESIAN_POINT('',(-4.270170592217,-3.881774188367,
    9.710760345501));
#910 = VECTOR('',#911,1.);
#911 = DIRECTION('',(0.,0.539832384882,0.841772532358));
#912 = ORIENTED_EDGE('',*,*,#913,.T.);
#913 = EDGE_CURVE('',#906,#914,#916,.T.);
#914 = VERTEX_POINT('',#915);
#915 = CARTESIAN_POINT('',(-4.270170592217,2.018528571429,
    18.910942857143));
#916 = LINE('',#917,#918);
#917 = CARTESIAN_POINT('',(-4.270170592217,-3.932554052931,
    9.785949499791));
#918 = VECTOR('',#919,1.);
#919 = DIRECTION('',(0.,0.546267780547,0.837610596839));
#920 = ORIENTED_EDGE('',*,*,#921,.T.);
#921 = EDGE_CURVE('',#914,#922,#924,.T.);
#922 = VERTEX_POINT('',#923);
#923 = CARTESIAN_POINT('',(-4.270170592217,2.023914285714,
    18.928028571429));
#924 = LINE('',#925,#926);
#925 = CARTESIAN_POINT('',(-4.270170592217,-1.404205306489,
    8.052614692713));
#926 = VECTOR('',#927,1.);
#927 = DIRECTION('',(0.,0.300635186421,0.953739212094));
#928 = ORIENTED_EDGE('',*,*,#929,.T.);
#929 = EDGE_CURVE('',#922,#930,#932,.T.);
#930 = VERTEX_POINT('',#931);
#931 = CARTESIAN_POINT('',(-4.270170592217,2.040628571429,
    18.939542857143));
#932 = LINE('',#933,#934);
#933 = CARTESIAN_POINT('',(-4.270170592217,-5.224111983176,
    13.934943808415));
#934 = VECTOR('',#935,1.);
#935 = DIRECTION('',(0.,0.82350760101,0.567305236251));
#936 = ORIENTED_EDGE('',*,*,#937,.T.);
#937 = EDGE_CURVE('',#930,#938,#940,.T.);
#938 = VERTEX_POINT('',#939);
#939 = CARTESIAN_POINT('',(-4.270170592217,2.057342857143,
    18.950871428571));
#940 = LINE('',#941,#942);
#941 = CARTESIAN_POINT('',(-4.270170592217,-5.207826886647,
    14.026700824447));
#942 = VECTOR('',#943,1.);
#943 = DIRECTION('',(0.,0.827780898837,0.561051498101));
#944 = ORIENTED_EDGE('',*,*,#945,.T.);
#945 = EDGE_CURVE('',#938,#56,#946,.T.);
#946 = LINE('',#947,#948);
#947 = CARTESIAN_POINT('',(-4.270170592217,-5.131906250385,
    14.481878740108));
#948 = VECTOR('',#949,1.);
#949 = DIRECTION('',(0.,0.849285325289,0.527934121126));
#950 = FACE_BOUND('',#951,.F.);
#951 = EDGE_LOOP('',(#952,#962,#970,#978,#986,#994,#1002,#1010,#1018,
    #1026,#1034,#1042,#1050,#1058,#1066,#1074,#1082,#1090,#1098,#1106,
    #1114,#1122,#1130,#1138,#1146,#1154,#1162,#1170,#1178,#1186,#1194,
    #1202,#1210,#1218,#1226,#1234,#1242,#1250,#1258,#1266,#1274,#1282,
    #1290,#1298,#1306,#1314,#1322,#1330,#1338,#1346,#1354,#1362,#1370,
    #1378,#1386,#1394,#1402,#1410));
#952 = ORIENTED_EDGE('',*,*,#953,.T.);
#953 = EDGE_CURVE('',#954,#956,#958,.T.);
#954 = VERTEX_POINT('',#955);
#955 = CARTESIAN_POINT('',(-4.270170592217,0.428071428571,
    22.287414285714));
#956 = VERTEX_POINT('',#957);
#957 = CARTESIAN_POINT('',(-4.270170592217,0.433828571429,
    22.258442857143));
#958 = LINE('',#959,#960);
#959 = CARTESIAN_POINT('',(-4.270170592217,2.758793714744,
    10.558618264977));
#960 = VECTOR('',#961,1.);
#961 = DIRECTION('',(-0.,0.19490688626,-0.980821750212));
#962 = ORIENTED_EDGE('',*,*,#963,.T.);
#963 = EDGE_CURVE('',#956,#964,#966,.T.);
#964 = VERTEX_POINT('',#965);
#965 = CARTESIAN_POINT('',(-4.270170592217,0.433828571429,
    18.522985714286));
#966 = LINE('',#967,#968);
#967 = CARTESIAN_POINT('',(-4.270170592217,0.433828571429,7.761492857143
    ));
#968 = VECTOR('',#969,1.);
#969 = DIRECTION('',(0.,-0.,-1.));
#970 = ORIENTED_EDGE('',*,*,#971,.T.);
#971 = EDGE_CURVE('',#964,#972,#974,.T.);
#972 = VERTEX_POINT('',#973);
#973 = CARTESIAN_POINT('',(-4.270170592217,0.4225,18.494571428571));
#974 = LINE('',#975,#976);
#975 = CARTESIAN_POINT('',(-4.270170592217,-3.596487512283,8.41416012727
    ));
#976 = VECTOR('',#977,1.);
#977 = DIRECTION('',(0.,-0.370343680353,-0.92889480482));
#978 = ORIENTED_EDGE('',*,*,#979,.T.);
#979 = EDGE_CURVE('',#972,#980,#982,.T.);
#980 = VERTEX_POINT('',#981);
#981 = CARTESIAN_POINT('',(-4.270170592217,0.410985714286,
    18.471728571429));
#982 = LINE('',#983,#984);
#983 = CARTESIAN_POINT('',(-4.270170592217,-4.378393058916,
    8.970219069754));
#984 = VECTOR('',#985,1.);
#985 = DIRECTION('',(0.,-0.450115207469,-0.892970492237));
#986 = ORIENTED_EDGE('',*,*,#987,.T.);
#987 = EDGE_CURVE('',#980,#988,#990,.T.);
#988 = VERTEX_POINT('',#989);
#989 = CARTESIAN_POINT('',(-4.270170592217,0.399657142857,
    18.448885714286));
#990 = LINE('',#991,#992);
#991 = CARTESIAN_POINT('',(-4.270170592217,-4.329982605591,
    8.912071139546));
#992 = VECTOR('',#993,1.);
#993 = DIRECTION('',(0.,-0.444297794845,-0.895879160097));
#994 = ORIENTED_EDGE('',*,*,#995,.T.);
#995 = EDGE_CURVE('',#988,#996,#998,.T.);
#996 = VERTEX_POINT('',#997);
#997 = CARTESIAN_POINT('',(-4.270170592217,0.376814285714,18.4318));
#998 = LINE('',#999,#1000);
#999 = CARTESIAN_POINT('',(-4.270170592217,-6.252831859715,
    13.473040281468));
#1000 = VECTOR('',#1001,1.);
#1001 = DIRECTION('',(0.,-0.80078057117,-0.598957825591));
#1002 = ORIENTED_EDGE('',*,*,#1003,.T.);
#1003 = EDGE_CURVE('',#996,#1004,#1006,.T.);
#1004 = VERTEX_POINT('',#1005);
#1005 = CARTESIAN_POINT('',(-4.270170592217,0.353971428571,
    18.414528571429));
#1006 = LINE('',#1007,#1008);
#1007 = CARTESIAN_POINT('',(-4.270170592217,-6.268104375977,
    13.407593207014));
#1008 = VECTOR('',#1009,1.);
#1009 = DIRECTION('',(0.,-0.797659331282,-0.603108274872));
#1010 = ORIENTED_EDGE('',*,*,#1011,.T.);
#1011 = EDGE_CURVE('',#1004,#1012,#1014,.T.);
#1012 = VERTEX_POINT('',#1013);
#1013 = CARTESIAN_POINT('',(-4.270170592217,0.325371428571,
    18.408957142857));
#1014 = LINE('',#1015,#1016);
#1015 = CARTESIAN_POINT('',(-4.270170592217,-3.897436025219,
    17.586332314197));
#1016 = VECTOR('',#1017,1.);
#1017 = DIRECTION('',(0.,-0.981548987081,-0.191210841639));
#1018 = ORIENTED_EDGE('',*,*,#1019,.T.);
#1019 = EDGE_CURVE('',#1012,#1020,#1022,.T.);
#1020 = VERTEX_POINT('',#1021);
#1021 = CARTESIAN_POINT('',(-4.270170592217,0.302528571429,18.4032));
#1022 = LINE('',#1023,#1024);
#1023 = CARTESIAN_POINT('',(-4.270170592217,-4.383324978814,
    17.222212519858));
#1024 = VECTOR('',#1025,1.);
#1025 = DIRECTION('',(0.,-0.969676988372,-0.244390135281));
#1026 = ORIENTED_EDGE('',*,*,#1027,.T.);
#1027 = EDGE_CURVE('',#1020,#1028,#1030,.T.);
#1028 = VERTEX_POINT('',#1029);
#1029 = CARTESIAN_POINT('',(-4.270170592217,-2.265714285714E-02,18.4032)
  );
#1030 = LINE('',#1031,#1032);
#1031 = CARTESIAN_POINT('',(-4.270170592217,-2.146413867537,18.4032));
#1032 = VECTOR('',#1033,1.);
#1033 = DIRECTION('',(0.,-1.,0.));
#1034 = ORIENTED_EDGE('',*,*,#1035,.T.);
#1035 = EDGE_CURVE('',#1028,#1036,#1038,.T.);
#1036 = VERTEX_POINT('',#1037);
#1037 = CARTESIAN_POINT('',(-4.270170592217,-5.682857142857E-02,
    18.415085714286));
#1038 = LINE('',#1039,#1040);
#1039 = CARTESIAN_POINT('',(-4.270170592217,1.386272476153,
    17.913137523823));
#1040 = VECTOR('',#1041,1.);
#1041 = DIRECTION('',(0.,-0.944496796706,0.328520624941));
#1042 = ORIENTED_EDGE('',*,*,#1043,.T.);
#1043 = EDGE_CURVE('',#1036,#1044,#1046,.T.);
#1044 = VERTEX_POINT('',#1045);
#1045 = CARTESIAN_POINT('',(-4.270170592217,-8.542857142857E-02,
    18.432728571429));
#1046 = LINE('',#1047,#1048);
#1047 = CARTESIAN_POINT('',(-4.270170592217,3.187462867974,
    16.41373709907));
#1048 = VECTOR('',#1049,1.);
#1049 = DIRECTION('',(0.,-0.851088556054,0.525022161202));
#1050 = ORIENTED_EDGE('',*,*,#1051,.T.);
#1051 = EDGE_CURVE('',#1044,#1052,#1054,.T.);
#1052 = VERTEX_POINT('',#1053);
#1053 = CARTESIAN_POINT('',(-4.270170592217,-0.108085714286,
    18.462628571429));
#1054 = LINE('',#1055,#1056);
#1055 = CARTESIAN_POINT('',(-4.270170592217,4.298487978606,
    12.647396075072));
#1056 = VECTOR('',#1057,1.);
#1057 = DIRECTION('',(0.,-0.603952995426,0.797019936586));
#1058 = ORIENTED_EDGE('',*,*,#1059,.T.);
#1059 = EDGE_CURVE('',#1052,#1060,#1062,.T.);
#1060 = VERTEX_POINT('',#1061);
#1061 = CARTESIAN_POINT('',(-4.270170592217,-0.1196,18.480457142857));
#1062 = LINE('',#1063,#1064);
#1063 = CARTESIAN_POINT('',(-4.270170592217,4.164354347542,
    11.847237507953));
#1064 = VECTOR('',#1065,1.);
#1065 = DIRECTION('',(0.,-0.542525431476,0.840039377769));
#1066 = ORIENTED_EDGE('',*,*,#1067,.T.);
#1067 = EDGE_CURVE('',#1060,#1068,#1070,.T.);
#1068 = VERTEX_POINT('',#1069);
#1069 = CARTESIAN_POINT('',(-4.270170592217,-0.130928571429,
    18.498285714286));
#1070 = LINE('',#1071,#1072);
#1071 = CARTESIAN_POINT('',(-4.270170592217,4.139452567302,
    11.777685889399));
#1072 = VECTOR('',#1073,1.);
#1073 = DIRECTION('',(0.,-0.536306481872,0.844023315733));
#1074 = ORIENTED_EDGE('',*,*,#1075,.T.);
#1075 = EDGE_CURVE('',#1068,#1076,#1078,.T.);
#1076 = VERTEX_POINT('',#1077);
#1077 = CARTESIAN_POINT('',(-4.270170592217,-0.136685714286,
    18.522057142857));
#1078 = LINE('',#1079,#1080);
#1079 = CARTESIAN_POINT('',(-4.270170592217,2.21059718497,8.830050333029
    ));
#1080 = VECTOR('',#1081,1.);
#1081 = DIRECTION('',(0.,-0.23538270084,0.971902764759));
#1082 = ORIENTED_EDGE('',*,*,#1083,.T.);
#1083 = EDGE_CURVE('',#1076,#1084,#1086,.T.);
#1084 = VERTEX_POINT('',#1085);
#1085 = CARTESIAN_POINT('',(-4.270170592217,-0.136685714286,
    20.114742857143));
#1086 = LINE('',#1087,#1088);
#1087 = CARTESIAN_POINT('',(-4.270170592217,-0.136685714286,
    8.557371428571));
#1088 = VECTOR('',#1089,1.);
#1089 = DIRECTION('',(0.,0.,1.));
#1090 = ORIENTED_EDGE('',*,*,#1091,.T.);
#1091 = EDGE_CURVE('',#1084,#1092,#1094,.T.);
#1092 = VERTEX_POINT('',#1093);
#1093 = CARTESIAN_POINT('',(-4.270170592217,-1.032385714286,
    20.114742857143));
#1094 = LINE('',#1095,#1096);
#1095 = CARTESIAN_POINT('',(-4.270170592217,-2.651278153251,
    20.114742857143));
#1096 = VECTOR('',#1097,1.);
#1097 = DIRECTION('',(0.,-1.,0.));
#1098 = ORIENTED_EDGE('',*,*,#1099,.T.);
#1099 = EDGE_CURVE('',#1092,#1100,#1102,.T.);
#1100 = VERTEX_POINT('',#1101);
#1101 = CARTESIAN_POINT('',(-4.270170592217,-1.055228571429,20.1205));
#1102 = LINE('',#1103,#1104);
#1103 = CARTESIAN_POINT('',(-4.270170592217,0.172851250432,
    19.810983947336));
#1104 = VECTOR('',#1105,1.);
#1105 = DIRECTION('',(0.,-0.969676988372,0.244390135281));
#1106 = ORIENTED_EDGE('',*,*,#1107,.T.);
#1107 = EDGE_CURVE('',#1100,#1108,#1110,.T.);
#1108 = VERTEX_POINT('',#1109);
#1109 = CARTESIAN_POINT('',(-4.270170592217,-1.072314285714,
    20.138514285714));
#1110 = LINE('',#1111,#1112);
#1111 = CARTESIAN_POINT('',(-4.270170592217,3.947029017242,
    14.846380585858));
#1112 = VECTOR('',#1113,1.);
#1113 = DIRECTION('',(0.,-0.688159484156,0.725559456121));
#1114 = ORIENTED_EDGE('',*,*,#1115,.T.);
#1115 = EDGE_CURVE('',#1108,#1116,#1118,.T.);
#1116 = VERTEX_POINT('',#1117);
#1117 = CARTESIAN_POINT('',(-4.270170592217,-1.0894,20.1504));
#1118 = LINE('',#1119,#1120);
#1119 = CARTESIAN_POINT('',(-4.270170592217,3.265198443769,
    17.121114126074));
#1120 = VECTOR('',#1121,1.);
#1121 = DIRECTION('',(0.,-0.820905201785,0.571064488199));
#1122 = ORIENTED_EDGE('',*,*,#1123,.T.);
#1123 = EDGE_CURVE('',#1116,#1124,#1126,.T.);
#1124 = VERTEX_POINT('',#1125);
#1125 = CARTESIAN_POINT('',(-4.270170592217,-1.106485714286,
    20.168228571429));
#1126 = LINE('',#1127,#1128);
#1127 = CARTESIAN_POINT('',(-4.270170592217,3.923049521462,
    14.920017890648));
#1128 = VECTOR('',#1129,1.);
#1129 = DIRECTION('',(0.,-0.691905363236,0.721988205115));
#1130 = ORIENTED_EDGE('',*,*,#1131,.T.);
#1131 = EDGE_CURVE('',#1124,#1132,#1134,.T.);
#1132 = VERTEX_POINT('',#1133);
#1133 = CARTESIAN_POINT('',(-4.270170592217,-1.118,20.185871428571));
#1134 = LINE('',#1135,#1136);
#1135 = CARTESIAN_POINT('',(-4.270170592217,3.717179072104,
    12.777129301961));
#1136 = VECTOR('',#1137,1.);
#1137 = DIRECTION('',(0.,-0.546536648242,0.837435186822));
#1138 = ORIENTED_EDGE('',*,*,#1139,.T.);
#1139 = EDGE_CURVE('',#1132,#1140,#1142,.T.);
#1140 = VERTEX_POINT('',#1141);
#1141 = CARTESIAN_POINT('',(-4.270170592217,-1.129328571429,
    20.209828571429));
#1142 = LINE('',#1143,#1144);
#1143 = CARTESIAN_POINT('',(-4.270170592217,3.068468007228,
    11.33252105263));
#1144 = VECTOR('',#1145,1.);
#1145 = DIRECTION('',(0.,-0.42748375785,0.904023028896));
#1146 = ORIENTED_EDGE('',*,*,#1147,.T.);
#1147 = EDGE_CURVE('',#1140,#1148,#1150,.T.);
#1148 = VERTEX_POINT('',#1149);
#1149 = CARTESIAN_POINT('',(-4.270170592217,-1.135085714286,20.2336));
#1150 = LINE('',#1151,#1152);
#1151 = CARTESIAN_POINT('',(-4.270170592217,1.435629426455,
    9.619034257585));
#1152 = VECTOR('',#1153,1.);
#1153 = DIRECTION('',(0.,-0.23538270084,0.971902764759));
#1154 = ORIENTED_EDGE('',*,*,#1155,.T.);
#1155 = EDGE_CURVE('',#1148,#1156,#1158,.T.);
#1156 = VERTEX_POINT('',#1157);
#1157 = CARTESIAN_POINT('',(-4.270170592217,-1.135085714286,
    20.571228571429));
#1158 = LINE('',#1159,#1160);
#1159 = CARTESIAN_POINT('',(-4.270170592217,-1.135085714286,
    8.785614285714));
#1160 = VECTOR('',#1161,1.);
#1161 = DIRECTION('',(0.,0.,1.));
#1162 = ORIENTED_EDGE('',*,*,#1163,.T.);
#1163 = EDGE_CURVE('',#1156,#1164,#1166,.T.);
#1164 = VERTEX_POINT('',#1165);
#1165 = CARTESIAN_POINT('',(-4.270170592217,-1.123757142857,20.6054));
#1166 = LINE('',#1167,#1168);
#1167 = CARTESIAN_POINT('',(-4.270170592217,-4.804929323248,
    9.501536373904));
#1168 = VECTOR('',#1169,1.);
#1169 = DIRECTION('',(0.,0.314679739965,0.949197904157));
#1170 = ORIENTED_EDGE('',*,*,#1171,.T.);
#1171 = EDGE_CURVE('',#1164,#1172,#1174,.T.);
#1172 = VERTEX_POINT('',#1173);
#1173 = CARTESIAN_POINT('',(-4.270170592217,-1.100914285714,20.634));
#1174 = LINE('',#1175,#1176);
#1175 = CARTESIAN_POINT('',(-4.270170592217,-7.480408514844,
    12.646665761903));
#1176 = VECTOR('',#1177,1.);
#1177 = DIRECTION('',(0.,0.62407609663,0.781363568139));
#1178 = ORIENTED_EDGE('',*,*,#1179,.T.);
#1179 = EDGE_CURVE('',#1172,#1180,#1182,.T.);
#1180 = VERTEX_POINT('',#1181);
#1181 = CARTESIAN_POINT('',(-4.270170592217,-1.078071428571,
    20.656657142857));
#1182 = LINE('',#1183,#1184);
#1183 = CARTESIAN_POINT('',(-4.270170592217,-7.796577831339,
    13.992772743364));
#1184 = VECTOR('',#1185,1.);
#1185 = DIRECTION('',(0.,0.709987017244,0.704214765071));
#1186 = ORIENTED_EDGE('',*,*,#1187,.T.);
#1187 = EDGE_CURVE('',#1180,#1188,#1190,.T.);
#1188 = VERTEX_POINT('',#1189);
#1189 = CARTESIAN_POINT('',(-4.270170592217,-1.049471428571,
    20.673928571429));
#1190 = LINE('',#1191,#1192);
#1191 = CARTESIAN_POINT('',(-4.270170592217,-7.467517255314,
    16.798095702032));
#1192 = VECTOR('',#1193,1.);
#1193 = DIRECTION('',(0.,0.856018035908,0.51694595675));
#1194 = ORIENTED_EDGE('',*,*,#1195,.T.);
#1195 = EDGE_CURVE('',#1188,#1196,#1198,.T.);
#1196 = VERTEX_POINT('',#1197);
#1197 = CARTESIAN_POINT('',(-4.270170592217,-1.021057142857,20.6795));
#1198 = LINE('',#1199,#1200);
#1199 = CARTESIAN_POINT('',(-4.270170592217,-4.821036610052,
    19.934405986825));
#1200 = VECTOR('',#1201,1.);
#1201 = DIRECTION('',(0.,0.981313749677,0.192414460721));
#1202 = ORIENTED_EDGE('',*,*,#1203,.T.);
#1203 = EDGE_CURVE('',#1196,#1204,#1206,.T.);
#1204 = VERTEX_POINT('',#1205);
#1205 = CARTESIAN_POINT('',(-4.270170592217,-0.998214285714,
    20.685257142857));
#1206 = LINE('',#1207,#1208);
#1207 = CARTESIAN_POINT('',(-4.270170592217,-5.342941210723,
    19.590244665822));
#1208 = VECTOR('',#1209,1.);
#1209 = DIRECTION('',(0.,0.969676988372,0.244390135281));
#1210 = ORIENTED_EDGE('',*,*,#1211,.T.);
#1211 = EDGE_CURVE('',#1204,#1212,#1214,.T.);
#1212 = VERTEX_POINT('',#1213);
#1213 = CARTESIAN_POINT('',(-4.270170592217,-0.136685714286,
    20.685257142857));
#1214 = LINE('',#1215,#1216);
#1215 = CARTESIAN_POINT('',(-4.270170592217,-2.203428153251,
    20.685257142857));
#1216 = VECTOR('',#1217,1.);
#1217 = DIRECTION('',(0.,1.,0.));
#1218 = ORIENTED_EDGE('',*,*,#1219,.T.);
#1219 = EDGE_CURVE('',#1212,#1220,#1222,.T.);
#1220 = VERTEX_POINT('',#1221);
#1221 = CARTESIAN_POINT('',(-4.270170592217,-0.136685714286,
    21.826285714286));
#1222 = LINE('',#1223,#1224);
#1223 = CARTESIAN_POINT('',(-4.270170592217,-0.136685714286,
    9.413142857143));
#1224 = VECTOR('',#1225,1.);
#1225 = DIRECTION('',(0.,0.,1.));
#1226 = ORIENTED_EDGE('',*,*,#1227,.T.);
#1227 = EDGE_CURVE('',#1220,#1228,#1230,.T.);
#1228 = VERTEX_POINT('',#1229);
#1229 = CARTESIAN_POINT('',(-4.270170592217,-1.306314285714,
    21.826285714286));
#1230 = LINE('',#1231,#1232);
#1231 = CARTESIAN_POINT('',(-4.270170592217,-2.788242438966,
    21.826285714286));
#1232 = VECTOR('',#1233,1.);
#1233 = DIRECTION('',(0.,-1.,0.));
#1234 = ORIENTED_EDGE('',*,*,#1235,.T.);
#1235 = EDGE_CURVE('',#1228,#1236,#1238,.T.);
#1236 = VERTEX_POINT('',#1237);
#1237 = CARTESIAN_POINT('',(-4.270170592217,-1.340485714286,
    21.832228571429));
#1238 = LINE('',#1239,#1240);
#1239 = CARTESIAN_POINT('',(-4.270170592217,-0.666392385712,
    21.714994949068));
#1240 = VECTOR('',#1241,1.);
#1241 = DIRECTION('',(0.,-0.98521175482,0.171341174751));
#1242 = ORIENTED_EDGE('',*,*,#1243,.T.);
#1243 = EDGE_CURVE('',#1236,#1244,#1246,.T.);
#1244 = VERTEX_POINT('',#1245);
#1245 = CARTESIAN_POINT('',(-4.270170592217,-1.357571428571,21.8443));
#1246 = LINE('',#1247,#1248);
#1247 = CARTESIAN_POINT('',(-4.270170592217,3.525267040926,
    18.394468472638));
#1248 = VECTOR('',#1249,1.);
#1249 = DIRECTION('',(0.,-0.816721763686,0.577031680865));
#1250 = ORIENTED_EDGE('',*,*,#1251,.T.);
#1251 = EDGE_CURVE('',#1244,#1252,#1254,.T.);
#1252 = VERTEX_POINT('',#1253);
#1253 = CARTESIAN_POINT('',(-4.270170592217,-1.374657142857,
    21.856185714286));
#1254 = LINE('',#1255,#1256);
#1255 = CARTESIAN_POINT('',(-4.270170592217,3.475884085261,
    18.48189616429));
#1256 = VECTOR('',#1257,1.);
#1257 = DIRECTION('',(0.,-0.820905201785,0.571064488199));
#1258 = ORIENTED_EDGE('',*,*,#1259,.T.);
#1259 = EDGE_CURVE('',#1252,#1260,#1262,.T.);
#1260 = VERTEX_POINT('',#1261);
#1261 = CARTESIAN_POINT('',(-4.270170592217,-1.386171428571,21.8742));
#1262 = LINE('',#1263,#1264);
#1263 = CARTESIAN_POINT('',(-4.270170592217,3.839337739728,
    13.69880662379));
#1264 = VECTOR('',#1265,1.);
#1265 = DIRECTION('',(0.,-0.538560615351,0.842586769178));
#1266 = ORIENTED_EDGE('',*,*,#1267,.T.);
#1267 = EDGE_CURVE('',#1260,#1268,#1270,.T.);
#1268 = VERTEX_POINT('',#1269);
#1269 = CARTESIAN_POINT('',(-4.270170592217,-1.3975,21.8924));
#1270 = LINE('',#1271,#1272);
#1271 = CARTESIAN_POINT('',(-4.270170592217,3.785147652021,
    13.566179181999));
#1272 = VECTOR('',#1273,1.);
#1273 = DIRECTION('',(0.,-0.528440659826,0.848970240375));
#1274 = ORIENTED_EDGE('',*,*,#1275,.T.);
#1275 = EDGE_CURVE('',#1268,#1276,#1278,.T.);
#1276 = VERTEX_POINT('',#1277);
#1277 = CARTESIAN_POINT('',(-4.270170592217,-1.409014285714,
    21.910414285714));
#1278 = LINE('',#1279,#1280);
#1279 = CARTESIAN_POINT('',(-4.270170592217,3.828024372404,
    13.716982836722));
#1280 = VECTOR('',#1281,1.);
#1281 = DIRECTION('',(0.,-0.538560615351,0.842586769178));
#1282 = ORIENTED_EDGE('',*,*,#1283,.T.);
#1283 = EDGE_CURVE('',#1276,#1284,#1286,.T.);
#1284 = VERTEX_POINT('',#1285);
#1285 = CARTESIAN_POINT('',(-4.270170592217,-1.414585714286,
    21.928428571429));
#1286 = LINE('',#1287,#1288);
#1287 = CARTESIAN_POINT('',(-4.270170592217,1.979133402637,
    10.955403426711));
#1288 = VECTOR('',#1289,1.);
#1289 = DIRECTION('',(0.,-0.295469722922,0.955352104115));
#1290 = ORIENTED_EDGE('',*,*,#1291,.T.);
#1291 = EDGE_CURVE('',#1284,#1292,#1294,.T.);
#1292 = VERTEX_POINT('',#1293);
#1293 = CARTESIAN_POINT('',(-4.270170592217,-1.420342857143,
    21.946257142857));
#1294 = LINE('',#1295,#1296);
#1295 = CARTESIAN_POINT('',(-4.270170592217,2.092547818092,
    11.067627955032));
#1296 = VECTOR('',#1297,1.);
#1297 = DIRECTION('',(0.,-0.307292390957,0.951615146191));
#1298 = ORIENTED_EDGE('',*,*,#1299,.T.);
#1299 = EDGE_CURVE('',#1292,#1300,#1302,.T.);
#1300 = VERTEX_POINT('',#1301);
#1301 = CARTESIAN_POINT('',(-4.270170592217,-1.420342857143,
    22.287228571429));
#1302 = LINE('',#1303,#1304);
#1303 = CARTESIAN_POINT('',(-4.270170592217,-1.420342857143,
    9.643614285714));
#1304 = VECTOR('',#1305,1.);
#1305 = DIRECTION('',(0.,0.,1.));
#1306 = ORIENTED_EDGE('',*,*,#1307,.T.);
#1307 = EDGE_CURVE('',#1300,#1308,#1310,.T.);
#1308 = VERTEX_POINT('',#1309);
#1309 = CARTESIAN_POINT('',(-4.270170592217,-1.409014285714,
    22.314528571429));
#1310 = LINE('',#1311,#1312);
#1311 = CARTESIAN_POINT('',(-4.270170592217,-6.099929017584,
    11.010193070039));
#1312 = VECTOR('',#1313,1.);
#1313 = DIRECTION('',(0.,0.383276542478,0.923633635153));
#1314 = ORIENTED_EDGE('',*,*,#1315,.T.);
#1315 = EDGE_CURVE('',#1308,#1316,#1318,.T.);
#1316 = VERTEX_POINT('',#1317);
#1317 = CARTESIAN_POINT('',(-4.270170592217,-1.391742857143,
    22.342014285714));
#1318 = LINE('',#1319,#1320);
#1319 = CARTESIAN_POINT('',(-4.270170592217,-7.507394447972,
    12.609579496007));
#1320 = VECTOR('',#1321,1.);
#1321 = DIRECTION('',(0.,0.532054374811,0.846710187871));
#1322 = ORIENTED_EDGE('',*,*,#1323,.T.);
#1323 = EDGE_CURVE('',#1316,#1324,#1326,.T.);
#1324 = VERTEX_POINT('',#1325);
#1325 = CARTESIAN_POINT('',(-4.270170592217,-1.363328571429,
    22.369314285714));
#1326 = LINE('',#1327,#1328);
#1327 = CARTESIAN_POINT('',(-4.270170592217,-8.45635261142,
    15.554448051213));
#1328 = VECTOR('',#1329,1.);
#1329 = DIRECTION('',(0.,0.721104710287,0.692826094198));
#1330 = ORIENTED_EDGE('',*,*,#1331,.T.);
#1331 = EDGE_CURVE('',#1324,#1332,#1334,.T.);
#1332 = VERTEX_POINT('',#1333);
#1333 = CARTESIAN_POINT('',(-4.270170592217,-1.340485714286,
    22.385842857143));
#1334 = LINE('',#1335,#1336);
#1335 = CARTESIAN_POINT('',(-4.270170592217,-8.330117477309,
    17.328304426988));
#1336 = VECTOR('',#1337,1.);
#1337 = DIRECTION('',(0.,0.810157853985,0.586211780526));
#1338 = ORIENTED_EDGE('',*,*,#1339,.T.);
#1339 = EDGE_CURVE('',#1332,#1340,#1342,.T.);
#1340 = VERTEX_POINT('',#1341);
#1341 = CARTESIAN_POINT('',(-4.270170592217,-1.306314285714,
    22.391228571429));
#1342 = LINE('',#1343,#1344);
#1343 = CARTESIAN_POINT('',(-4.270170592217,-4.70476249118,
    21.855603582524));
#1344 = VECTOR('',#1345,1.);
#1345 = DIRECTION('',(0.,0.987806455345,0.155686886984));
#1346 = ORIENTED_EDGE('',*,*,#1347,.T.);
#1347 = EDGE_CURVE('',#1340,#1348,#1350,.T.);
#1348 = VERTEX_POINT('',#1349);
#1349 = CARTESIAN_POINT('',(-4.270170592217,-1.277714285714,22.3968));
#1350 = LINE('',#1351,#1352);
#1351 = CARTESIAN_POINT('',(-4.270170592217,-5.10250933294,
    21.651710055735));
#1352 = VECTOR('',#1353,1.);
#1353 = DIRECTION('',(0.,0.981548987081,0.191210841639));
#1354 = ORIENTED_EDGE('',*,*,#1355,.T.);
#1355 = EDGE_CURVE('',#1348,#1356,#1358,.T.);
#1356 = VERTEX_POINT('',#1357);
#1357 = CARTESIAN_POINT('',(-4.270170592217,0.336885714286,22.3968));
#1358 = LINE('',#1359,#1360);
#1359 = CARTESIAN_POINT('',(-4.270170592217,-1.966642438966,22.3968));
#1360 = VECTOR('',#1361,1.);
#1361 = DIRECTION('',(0.,1.,0.));
#1362 = ORIENTED_EDGE('',*,*,#1363,.T.);
#1363 = EDGE_CURVE('',#1356,#1364,#1366,.T.);
#1364 = VERTEX_POINT('',#1365);
#1365 = CARTESIAN_POINT('',(-4.270170592217,0.353971428571,
    22.385285714286));
#1366 = LINE('',#1367,#1368);
#1367 = CARTESIAN_POINT('',(-4.270170592217,4.646258219696,
    19.492657659397));
#1368 = VECTOR('',#1369,1.);
#1369 = DIRECTION('',(-0.,0.829266427591,-0.558853462072));
#1370 = ORIENTED_EDGE('',*,*,#1371,.T.);
#1371 = EDGE_CURVE('',#1364,#1372,#1374,.T.);
#1372 = VERTEX_POINT('',#1373);
#1373 = CARTESIAN_POINT('',(-4.270170592217,0.371057142857,
    22.379528571429));
#1374 = LINE('',#1375,#1376);
#1375 = CARTESIAN_POINT('',(-4.270170592217,2.126975654053,
    21.787860377439));
#1376 = VECTOR('',#1377,1.);
#1377 = DIRECTION('',(-0.,0.947648212829,-0.319316245627));
#1378 = ORIENTED_EDGE('',*,*,#1379,.T.);
#1379 = EDGE_CURVE('',#1372,#1380,#1382,.T.);
#1380 = VERTEX_POINT('',#1381);
#1381 = CARTESIAN_POINT('',(-4.270170592217,0.388142857143,
    22.368014285714));
#1382 = LINE('',#1383,#1384);
#1383 = CARTESIAN_POINT('',(-4.270170592217,4.66467797456,
    19.486001489194));
#1384 = VECTOR('',#1385,1.);
#1385 = DIRECTION('',(-0.,0.829266427591,-0.558853462072));
#1386 = ORIENTED_EDGE('',*,*,#1387,.T.);
#1387 = EDGE_CURVE('',#1380,#1388,#1390,.T.);
#1388 = VERTEX_POINT('',#1389);
#1389 = CARTESIAN_POINT('',(-4.270170592217,0.399657142857,
    22.350742857143));
#1390 = LINE('',#1391,#1392);
#1391 = CARTESIAN_POINT('',(-4.270170592217,5.531393535263,
    14.653138268534));
#1392 = VECTOR('',#1393,1.);
#1393 = DIRECTION('',(-0.,0.554700196225,-0.832050294338));
#1394 = ORIENTED_EDGE('',*,*,#1395,.T.);
#1395 = EDGE_CURVE('',#1388,#1396,#1398,.T.);
#1396 = VERTEX_POINT('',#1397);
#1397 = CARTESIAN_POINT('',(-4.270170592217,0.410985714286,
    22.333285714286));
#1398 = LINE('',#1399,#1400);
#1399 = CARTESIAN_POINT('',(-4.270170592217,5.501472202667,
    14.488929486288));
#1400 = VECTOR('',#1401,1.);
#1401 = DIRECTION('',(-0.,0.544360855445,-0.838851154293));
#1402 = ORIENTED_EDGE('',*,*,#1403,.T.);
#1403 = EDGE_CURVE('',#1396,#1404,#1406,.T.);
#1404 = VERTEX_POINT('',#1405);
#1405 = CARTESIAN_POINT('',(-4.270170592217,0.4225,22.321957142857));
#1406 = LINE('',#1407,#1408);
#1407 = CARTESIAN_POINT('',(-4.270170592217,5.559910188883,
    17.267408408633));
#1408 = VECTOR('',#1409,1.);
#1409 = DIRECTION('',(-0.,0.712832058729,-0.70133476746));
#1410 = ORIENTED_EDGE('',*,*,#1411,.T.);
#1411 = EDGE_CURVE('',#1404,#954,#1412,.T.);
#1412 = LINE('',#1413,#1414);
#1413 = CARTESIAN_POINT('',(-4.270170592217,2.35611055827,
    10.333571681582));
#1414 = VECTOR('',#1415,1.);
#1415 = DIRECTION('',(-0.,0.159232438825,-0.987241120713));
#1416 = FACE_BOUND('',#1417,.F.);
#1417 = EDGE_LOOP('',(#1418,#1428,#1436,#1444,#1452,#1460,#1468,#1476,
    #1484,#1492,#1500,#1508,#1516,#1524,#1532,#1540,#1548,#1556,#1564,
    #1572,#1580,#1588,#1596,#1604,#1612,#1620,#1628,#1636,#1644,#1652,
    #1660,#1668,#1676,#1684,#1692,#1700,#1708,#1716,#1724,#1732,#1740,
    #1748,#1756,#1764,#1772,#1780,#1788,#1796,#1804,#1812,#1820,#1828,
    #1836,#1844,#1852,#1860,#1868,#1876,#1884,#1892,#1900,#1908,#1916,
    #1924,#1932,#1940,#1948,#1956,#1964,#1972,#1980,#1988,#1996,#2004,
    #2012,#2020,#2028,#2036,#2044,#2052,#2060,#2068,#2076));
#1418 = ORIENTED_EDGE('',*,*,#1419,.T.);
#1419 = EDGE_CURVE('',#1420,#1422,#1424,.T.);
#1420 = VERTEX_POINT('',#1421);
#1421 = CARTESIAN_POINT('',(-4.270170592217,-2.2191,21.832042857143));
#1422 = VERTEX_POINT('',#1423);
#1423 = CARTESIAN_POINT('',(-4.270170592217,-2.253271428571,
    21.826285714286));
#1424 = LINE('',#1425,#1426);
#1425 = CARTESIAN_POINT('',(-4.270170592217,-5.267506885369,
    21.318452566673));
#1426 = VECTOR('',#1427,1.);
#1427 = DIRECTION('',(0.,-0.98610270304,-0.166136868447));
#1428 = ORIENTED_EDGE('',*,*,#1429,.T.);
#1429 = EDGE_CURVE('',#1422,#1430,#1432,.T.);
#1430 = VERTEX_POINT('',#1431);
#1431 = CARTESIAN_POINT('',(-4.270170592217,-2.704,21.826285714286));
#1432 = LINE('',#1433,#1434);
#1433 = CARTESIAN_POINT('',(-4.270170592217,-3.487085296109,
    21.826285714286));
#1434 = VECTOR('',#1435,1.);
#1435 = DIRECTION('',(0.,-1.,0.));
#1436 = ORIENTED_EDGE('',*,*,#1437,.T.);
#1437 = EDGE_CURVE('',#1430,#1438,#1440,.T.);
#1438 = VERTEX_POINT('',#1439);
#1439 = CARTESIAN_POINT('',(-4.270170592217,-2.704,18.973714285714));
#1440 = LINE('',#1441,#1442);
#1441 = CARTESIAN_POINT('',(-4.270170592217,-2.704,7.986857142857));
#1442 = VECTOR('',#1443,1.);
#1443 = DIRECTION('',(0.,-0.,-1.));
#1444 = ORIENTED_EDGE('',*,*,#1445,.T.);
#1445 = EDGE_CURVE('',#1438,#1446,#1448,.T.);
#1446 = VERTEX_POINT('',#1447);
#1447 = CARTESIAN_POINT('',(-4.270170592217,-2.264785714286,
    18.973714285714));
#1448 = LINE('',#1449,#1450);
#1449 = CARTESIAN_POINT('',(-4.270170592217,-3.267478153251,
    18.973714285714));
#1450 = VECTOR('',#1451,1.);
#1451 = DIRECTION('',(0.,1.,0.));
#1452 = ORIENTED_EDGE('',*,*,#1453,.T.);
#1453 = EDGE_CURVE('',#1446,#1454,#1456,.T.);
#1454 = VERTEX_POINT('',#1455);
#1455 = CARTESIAN_POINT('',(-4.270170592217,-2.241942857143,
    18.967957142857));
#1456 = LINE('',#1457,#1458);
#1457 = CARTESIAN_POINT('',(-4.270170592217,-0.592509569953,
    18.552246314378));
#1458 = VECTOR('',#1459,1.);
#1459 = DIRECTION('',(-0.,0.969676988372,-0.244390135281));
#1460 = ORIENTED_EDGE('',*,*,#1461,.T.);
#1461 = EDGE_CURVE('',#1454,#1462,#1464,.T.);
#1462 = VERTEX_POINT('',#1463);
#1463 = CARTESIAN_POINT('',(-4.270170592217,-2.2191,18.962385714286));
#1464 = LINE('',#1465,#1466);
#1465 = CARTESIAN_POINT('',(-4.270170592217,-0.659097620062,
    18.581897328935));
#1466 = VECTOR('',#1467,1.);
#1467 = DIRECTION('',(-0.,0.971520338783,-0.236956180191));
#1468 = ORIENTED_EDGE('',*,*,#1469,.T.);
#1469 = EDGE_CURVE('',#1462,#1470,#1472,.T.);
#1470 = VERTEX_POINT('',#1471);
#1471 = CARTESIAN_POINT('',(-4.270170592217,-2.202014285714,
    18.950871428571));
#1472 = LINE('',#1473,#1474);
#1473 = CARTESIAN_POINT('',(-4.270170592217,2.173306467062,
    16.002285703875));
#1474 = VECTOR('',#1475,1.);
#1475 = DIRECTION('',(-0.,0.829266427591,-0.558853462072));
#1476 = ORIENTED_EDGE('',*,*,#1477,.T.);
#1477 = EDGE_CURVE('',#1470,#1478,#1480,.T.);
#1478 = VERTEX_POINT('',#1479);
#1479 = CARTESIAN_POINT('',(-4.270170592217,-2.184742857143,
    18.939542857143));
#1480 = LINE('',#1481,#1482);
#1481 = CARTESIAN_POINT('',(-4.270170592217,2.117042193298,
    16.117941910079));
#1482 = VECTOR('',#1483,1.);
#1483 = DIRECTION('',(-0.,0.836176771121,-0.548460032671));
#1484 = ORIENTED_EDGE('',*,*,#1485,.T.);
#1485 = EDGE_CURVE('',#1478,#1486,#1488,.T.);
#1486 = VERTEX_POINT('',#1487);
#1487 = CARTESIAN_POINT('',(-4.270170592217,-2.167657142857,
    18.922457142857));
#1488 = LINE('',#1489,#1490);
#1489 = CARTESIAN_POINT('',(-4.270170592217,2.787328780517,
    13.967471219483));
#1490 = VECTOR('',#1491,1.);
#1491 = DIRECTION('',(-0.,0.707106781187,-0.707106781187));
#1492 = ORIENTED_EDGE('',*,*,#1493,.T.);
#1493 = EDGE_CURVE('',#1486,#1494,#1496,.T.);
#1494 = VERTEX_POINT('',#1495);
#1495 = CARTESIAN_POINT('',(-4.270170592217,-2.150571428571,
    18.899614285714));
#1496 = LINE('',#1497,#1498);
#1497 = CARTESIAN_POINT('',(-4.270170592217,2.721122462329,
    12.386371366358));
#1498 = VECTOR('',#1499,1.);
#1499 = DIRECTION('',(-0.,0.598957825591,-0.80078057117));
#1500 = ORIENTED_EDGE('',*,*,#1501,.T.);
#1501 = EDGE_CURVE('',#1494,#1502,#1504,.T.);
#1502 = VERTEX_POINT('',#1503);
#1503 = CARTESIAN_POINT('',(-4.270170592217,-2.139242857143,
    18.871014285714));
#1504 = LINE('',#1505,#1506);
#1505 = CARTESIAN_POINT('',(-4.270170592217,1.460405903614,
    9.783376430688));
#1506 = VECTOR('',#1507,1.);
#1507 = DIRECTION('',(-0.,0.368265914122,-0.929720504504));
#1508 = ORIENTED_EDGE('',*,*,#1509,.T.);
#1509 = EDGE_CURVE('',#1502,#1510,#1512,.T.);
#1510 = VERTEX_POINT('',#1511);
#1511 = CARTESIAN_POINT('',(-4.270170592217,-2.133485714286,
    18.842414285714));
#1512 = LINE('',#1513,#1514);
#1513 = CARTESIAN_POINT('',(-4.270170592217,-6.227909208067E-02,
    8.553194291534));
#1514 = VECTOR('',#1515,1.);
#1515 = DIRECTION('',(-0.,0.197340176951,-0.980335072596));
#1516 = ORIENTED_EDGE('',*,*,#1517,.T.);
#1517 = EDGE_CURVE('',#1510,#1518,#1520,.T.);
#1518 = VERTEX_POINT('',#1519);
#1519 = CARTESIAN_POINT('',(-4.270170592217,-2.133485714286,18.5059));
#1520 = LINE('',#1521,#1522);
#1521 = CARTESIAN_POINT('',(-4.270170592217,-2.133485714286,7.75295));
#1522 = VECTOR('',#1523,1.);
#1523 = DIRECTION('',(0.,-0.,-1.));
#1524 = ORIENTED_EDGE('',*,*,#1525,.T.);
#1525 = EDGE_CURVE('',#1518,#1526,#1528,.T.);
#1526 = VERTEX_POINT('',#1527);
#1527 = CARTESIAN_POINT('',(-4.270170592217,-2.145371428571,
    18.483057142857));
#1528 = LINE('',#1529,#1530);
#1529 = CARTESIAN_POINT('',(-4.270170592217,-6.770021706929,
    9.595057389138));
#1530 = VECTOR('',#1531,1.);
#1531 = DIRECTION('',(0.,-0.461579805424,-0.887098688549));
#1532 = ORIENTED_EDGE('',*,*,#1533,.T.);
#1533 = EDGE_CURVE('',#1526,#1534,#1536,.T.);
#1534 = VERTEX_POINT('',#1535);
#1535 = CARTESIAN_POINT('',(-4.270170592217,-2.169142857143,
    18.448885714286));
#1536 = LINE('',#1537,#1538);
#1537 = CARTESIAN_POINT('',(-4.270170592217,-7.539240336784,
    10.729370587302));
#1538 = VECTOR('',#1539,1.);
#1539 = DIRECTION('',(0.,-0.571064488199,-0.820905201785));
#1540 = ORIENTED_EDGE('',*,*,#1541,.T.);
#1541 = EDGE_CURVE('',#1534,#1542,#1544,.T.);
#1542 = VERTEX_POINT('',#1543);
#1543 = CARTESIAN_POINT('',(-4.270170592217,-2.186971428571,18.4318));
#1544 = LINE('',#1545,#1546);
#1545 = CARTESIAN_POINT('',(-4.270170592217,-8.083024061268,
    12.781416226999));
#1546 = VECTOR('',#1547,1.);
#1547 = DIRECTION('',(0.,-0.721988205115,-0.691905363236));
#1548 = ORIENTED_EDGE('',*,*,#1549,.T.);
#1549 = EDGE_CURVE('',#1542,#1550,#1552,.T.);
#1550 = VERTEX_POINT('',#1551);
#1551 = CARTESIAN_POINT('',(-4.270170592217,-2.2048,18.420285714286));
#1552 = LINE('',#1553,#1554);
#1553 = CARTESIAN_POINT('',(-4.270170592217,-7.814600763756,
    14.797289387693));
#1554 = VECTOR('',#1555,1.);
#1555 = DIRECTION('',(0.,-0.840039377769,-0.542525431476));
#1556 = ORIENTED_EDGE('',*,*,#1557,.T.);
#1557 = EDGE_CURVE('',#1550,#1558,#1560,.T.);
#1558 = VERTEX_POINT('',#1559);
#1559 = CARTESIAN_POINT('',(-4.270170592217,-2.222814285714,
    18.414528571429));
#1560 = LINE('',#1561,#1562);
#1561 = CARTESIAN_POINT('',(-4.270170592217,-6.256423875983,
    17.125436846704));
#1562 = VECTOR('',#1563,1.);
#1563 = DIRECTION('',(0.,-0.952538100641,-0.304419392988));
#1564 = ORIENTED_EDGE('',*,*,#1565,.T.);
#1565 = EDGE_CURVE('',#1558,#1566,#1568,.T.);
#1566 = VERTEX_POINT('',#1567);
#1567 = CARTESIAN_POINT('',(-4.270170592217,-2.246585714286,18.4032));
#1568 = LINE('',#1569,#1570);
#1569 = CARTESIAN_POINT('',(-4.270170592217,-7.227202482255,
    16.029624821515));
#1570 = VECTOR('',#1571,1.);
#1571 = DIRECTION('',(0.,-0.902730115416,-0.430207320628));
#1572 = ORIENTED_EDGE('',*,*,#1573,.T.);
#1573 = EDGE_CURVE('',#1566,#1574,#1576,.T.);
#1574 = VERTEX_POINT('',#1575);
#1575 = CARTESIAN_POINT('',(-4.270170592217,-3.742328571429,18.4032));
#1576 = LINE('',#1577,#1578);
#1577 = CARTESIAN_POINT('',(-4.270170592217,-4.006249581823,18.4032));
#1578 = VECTOR('',#1579,1.);
#1579 = DIRECTION('',(0.,-1.,0.));
#1580 = ORIENTED_EDGE('',*,*,#1581,.T.);
#1581 = EDGE_CURVE('',#1574,#1582,#1584,.T.);
#1582 = VERTEX_POINT('',#1583);
#1583 = CARTESIAN_POINT('',(-4.270170592217,-3.765171428571,
    18.408957142857));
#1584 = LINE('',#1585,#1586);
#1585 = CARTESIAN_POINT('',(-4.270170592217,-1.465848207971,
    17.829452916527));
#1586 = VECTOR('',#1587,1.);
#1587 = DIRECTION('',(0.,-0.969676988372,0.244390135281));
#1588 = ORIENTED_EDGE('',*,*,#1589,.T.);
#1589 = EDGE_CURVE('',#1582,#1590,#1592,.T.);
#1590 = VERTEX_POINT('',#1591);
#1591 = CARTESIAN_POINT('',(-4.270170592217,-3.782257142857,
    18.421028571429));
#1592 = LINE('',#1593,#1594);
#1593 = CARTESIAN_POINT('',(-4.270170592217,1.102605786521,
    14.969766719151));
#1594 = VECTOR('',#1595,1.);
#1595 = DIRECTION('',(0.,-0.816721763686,0.577031680865));
#1596 = ORIENTED_EDGE('',*,*,#1597,.T.);
#1597 = EDGE_CURVE('',#1590,#1598,#1600,.T.);
#1598 = VERTEX_POINT('',#1599);
#1599 = CARTESIAN_POINT('',(-4.270170592217,-3.799342857143,
    18.432914285714));
#1600 = LINE('',#1601,#1602);
#1601 = CARTESIAN_POINT('',(-4.270170592217,1.065781082531,
    15.048480240724));
#1602 = VECTOR('',#1603,1.);
#1603 = DIRECTION('',(0.,-0.820905201785,0.571064488199));
#1604 = ORIENTED_EDGE('',*,*,#1605,.T.);
#1605 = EDGE_CURVE('',#1598,#1606,#1608,.T.);
#1606 = VERTEX_POINT('',#1607);
#1607 = CARTESIAN_POINT('',(-4.270170592217,-3.810857142857,
    18.450928571429));
#1608 = LINE('',#1609,#1610);
#1609 = CARTESIAN_POINT('',(-4.270170592217,0.989576099776,
    10.940573336987));
#1610 = VECTOR('',#1611,1.);
#1611 = DIRECTION('',(0.,-0.538560615351,0.842586769178));
#1612 = ORIENTED_EDGE('',*,*,#1613,.T.);
#1613 = EDGE_CURVE('',#1606,#1614,#1616,.T.);
#1614 = VERTEX_POINT('',#1615);
#1615 = CARTESIAN_POINT('',(-4.270170592217,-3.822185714286,
    18.468942857143));
#1616 = LINE('',#1617,#1618);
#1617 = CARTESIAN_POINT('',(-4.270170592217,0.95179688872,
    10.877527898265));
#1618 = VECTOR('',#1619,1.);
#1619 = DIRECTION('',(0.,-0.532350261781,0.846524186767));
#1620 = ORIENTED_EDGE('',*,*,#1621,.T.);
#1621 = EDGE_CURVE('',#1614,#1622,#1624,.T.);
#1622 = VERTEX_POINT('',#1623);
#1623 = CARTESIAN_POINT('',(-4.270170592217,-3.8337,18.486957142857));
#1624 = LINE('',#1625,#1626);
#1625 = CARTESIAN_POINT('',(-4.270170592217,0.978220595362,
    10.958629759791));
#1626 = VECTOR('',#1627,1.);
#1627 = DIRECTION('',(0.,-0.538560615351,0.842586769178));
#1628 = ORIENTED_EDGE('',*,*,#1629,.T.);
#1629 = EDGE_CURVE('',#1622,#1630,#1632,.T.);
#1630 = VERTEX_POINT('',#1631);
#1631 = CARTESIAN_POINT('',(-4.270170592217,-3.839271428571,
    18.504785714286));
#1632 = LINE('',#1633,#1634);
#1633 = CARTESIAN_POINT('',(-4.270170592217,-0.797260079725,
    8.770349397977));
#1634 = VECTOR('',#1635,1.);
#1635 = DIRECTION('',(0.,-0.298274993136,0.954479978035));
#1636 = ORIENTED_EDGE('',*,*,#1637,.T.);
#1637 = EDGE_CURVE('',#1630,#1638,#1640,.T.);
#1638 = VERTEX_POINT('',#1639);
#1639 = CARTESIAN_POINT('',(-4.270170592217,-3.845028571429,
    18.528742857143));
#1640 = LINE('',#1641,#1642);
#1641 = CARTESIAN_POINT('',(-4.270170592217,-1.411075577344,
    8.400357817245));
#1642 = VECTOR('',#1643,1.);
#1643 = DIRECTION('',(0.,-0.233658016401,0.972318842444));
#1644 = ORIENTED_EDGE('',*,*,#1645,.T.);
#1645 = EDGE_CURVE('',#1638,#1646,#1648,.T.);
#1646 = VERTEX_POINT('',#1647);
#1647 = CARTESIAN_POINT('',(-4.270170592217,-3.845028571429,
    18.842414285714));
#1648 = LINE('',#1649,#1650);
#1649 = CARTESIAN_POINT('',(-4.270170592217,-3.845028571429,
    7.921207142857));
#1650 = VECTOR('',#1651,1.);
#1651 = DIRECTION('',(0.,0.,1.));
#1652 = ORIENTED_EDGE('',*,*,#1653,.T.);
#1653 = EDGE_CURVE('',#1646,#1654,#1656,.T.);
#1654 = VERTEX_POINT('',#1655);
#1655 = CARTESIAN_POINT('',(-4.270170592217,-3.839271428571,
    18.859685714286));
#1656 = LINE('',#1657,#1658);
#1657 = CARTESIAN_POINT('',(-4.270170592217,-7.139769243897,
    8.95819226831));
#1658 = VECTOR('',#1659,1.);
#1659 = DIRECTION('',(0.,0.316227766017,0.948683298051));
#1660 = ORIENTED_EDGE('',*,*,#1661,.T.);
#1661 = EDGE_CURVE('',#1654,#1662,#1664,.T.);
#1662 = VERTEX_POINT('',#1663);
#1663 = CARTESIAN_POINT('',(-4.270170592217,-3.8337,18.8881));
#1664 = LINE('',#1665,#1666);
#1665 = CARTESIAN_POINT('',(-4.270170592217,-5.908223891007,
    8.308028155863));
#1666 = VECTOR('',#1667,1.);
#1667 = DIRECTION('',(0.,0.192414460721,0.981313749677));
#1668 = ORIENTED_EDGE('',*,*,#1669,.T.);
#1669 = EDGE_CURVE('',#1662,#1670,#1672,.T.);
#1670 = VERTEX_POINT('',#1671);
#1671 = CARTESIAN_POINT('',(-4.270170592217,-3.822185714286,
    18.905185714286));
#1672 = LINE('',#1673,#1674);
#1673 = CARTESIAN_POINT('',(-4.270170592217,-8.967994667205,
    11.269469203503));
#1674 = VECTOR('',#1675,1.);
#1675 = DIRECTION('',(0.,0.558853462072,0.829266427591));
#1676 = ORIENTED_EDGE('',*,*,#1677,.T.);
#1677 = EDGE_CURVE('',#1670,#1678,#1680,.T.);
#1678 = VERTEX_POINT('',#1679);
#1679 = CARTESIAN_POINT('',(-4.270170592217,-3.810857142857,
    18.922457142857));
#1680 = LINE('',#1681,#1682);
#1681 = CARTESIAN_POINT('',(-4.270170592217,-8.906863800759,
    11.153135516875));
#1682 = VECTOR('',#1683,1.);
#1683 = DIRECTION('',(0.,0.548460032671,0.836176771121));
#1684 = ORIENTED_EDGE('',*,*,#1685,.T.);
#1685 = EDGE_CURVE('',#1678,#1686,#1688,.T.);
#1686 = VERTEX_POINT('',#1687);
#1687 = CARTESIAN_POINT('',(-4.270170592217,-3.793771428571,
    18.939542857143));
#1688 = LINE('',#1689,#1690);
#1689 = CARTESIAN_POINT('',(-4.270170592217,-9.397756933769,
    13.335557351946));
#1690 = VECTOR('',#1691,1.);
#1691 = DIRECTION('',(0.,0.707106781187,0.707106781187));
#1692 = ORIENTED_EDGE('',*,*,#1693,.T.);
#1693 = EDGE_CURVE('',#1686,#1694,#1696,.T.);
#1694 = VERTEX_POINT('',#1695);
#1695 = CARTESIAN_POINT('',(-4.270170592217,-3.770928571429,
    18.956628571429));
#1696 = LINE('',#1697,#1698);
#1697 = CARTESIAN_POINT('',(-4.270170592217,-9.196568410508,
    14.898426415369));
#1698 = VECTOR('',#1699,1.);
#1699 = DIRECTION('',(0.,0.80078057117,0.598957825591));
#1700 = ORIENTED_EDGE('',*,*,#1701,.T.);
#1701 = EDGE_CURVE('',#1694,#1702,#1704,.T.);
#1702 = VERTEX_POINT('',#1703);
#1703 = CARTESIAN_POINT('',(-4.270170592217,-3.742328571429,
    18.967957142857));
#1704 = LINE('',#1705,#1706);
#1705 = CARTESIAN_POINT('',(-4.270170592217,-7.731199270941,
    17.387949917726));
#1706 = VECTOR('',#1707,1.);
#1707 = DIRECTION('',(0.,0.929720504504,0.368265914122));
#1708 = ORIENTED_EDGE('',*,*,#1709,.T.);
#1709 = EDGE_CURVE('',#1702,#1710,#1712,.T.);
#1710 = VERTEX_POINT('',#1711);
#1711 = CARTESIAN_POINT('',(-4.270170592217,-3.713728571429,
    18.973714285714));
#1712 = LINE('',#1713,#1714);
#1713 = CARTESIAN_POINT('',(-4.270170592217,-6.106626633693,
    18.49202701344));
#1714 = VECTOR('',#1715,1.);
#1715 = DIRECTION('',(0.,0.980335072596,0.197340176951));
#1716 = ORIENTED_EDGE('',*,*,#1717,.T.);
#1717 = EDGE_CURVE('',#1710,#1718,#1720,.T.);
#1718 = VERTEX_POINT('',#1719);
#1719 = CARTESIAN_POINT('',(-4.270170592217,-3.274514285714,
    18.973714285714));
#1720 = LINE('',#1721,#1722);
#1721 = CARTESIAN_POINT('',(-4.270170592217,-3.772342438966,
    18.973714285714));
#1722 = VECTOR('',#1723,1.);
#1723 = DIRECTION('',(0.,1.,0.));
#1724 = ORIENTED_EDGE('',*,*,#1725,.T.);
#1725 = EDGE_CURVE('',#1718,#1726,#1728,.T.);
#1726 = VERTEX_POINT('',#1727);
#1727 = CARTESIAN_POINT('',(-4.270170592217,-3.274514285714,
    21.837614285714));
#1728 = LINE('',#1729,#1730);
#1729 = CARTESIAN_POINT('',(-4.270170592217,-3.274514285714,
    9.418807142857));
#1730 = VECTOR('',#1731,1.);
#1731 = DIRECTION('',(0.,0.,1.));
#1732 = ORIENTED_EDGE('',*,*,#1733,.T.);
#1733 = EDGE_CURVE('',#1726,#1734,#1736,.T.);
#1734 = VERTEX_POINT('',#1735);
#1735 = CARTESIAN_POINT('',(-4.270170592217,-3.268757142857,
    21.900385714286));
#1736 = LINE('',#1737,#1738);
#1737 = CARTESIAN_POINT('',(-4.270170592217,-4.405290278742,
    9.508508297224));
#1738 = VECTOR('',#1739,1.);
#1739 = DIRECTION('',(0.,9.133264387955E-02,0.995820439719));
#1740 = ORIENTED_EDGE('',*,*,#1741,.T.);
#1741 = EDGE_CURVE('',#1734,#1742,#1744,.T.);
#1742 = VERTEX_POINT('',#1743);
#1743 = CARTESIAN_POINT('',(-4.270170592217,-3.263185714286,
    21.946071428571));
#1744 = LINE('',#1745,#1746);
#1745 = CARTESIAN_POINT('',(-4.270170592217,-4.769375416749,
    9.595315868371));
#1746 = VECTOR('',#1747,1.);
#1747 = DIRECTION('',(0.,0.121054375311,0.992645877551));
#1748 = ORIENTED_EDGE('',*,*,#1749,.T.);
#1749 = EDGE_CURVE('',#1742,#1750,#1752,.T.);
#1750 = VERTEX_POINT('',#1751);
#1751 = CARTESIAN_POINT('',(-4.270170592217,-3.245914285714,
    22.003085714286));
#1752 = LINE('',#1753,#1754);
#1753 = CARTESIAN_POINT('',(-4.270170592217,-6.757750730657,
    10.410249277753));
#1754 = VECTOR('',#1755,1.);
#1755 = DIRECTION('',(0.,0.289920871686,0.957050619435));
#1756 = ORIENTED_EDGE('',*,*,#1757,.T.);
#1757 = EDGE_CURVE('',#1750,#1758,#1760,.T.);
#1758 = VERTEX_POINT('',#1759);
#1759 = CARTESIAN_POINT('',(-4.270170592217,-3.223257142857,
    22.054528571429));
#1760 = LINE('',#1761,#1762);
#1761 = CARTESIAN_POINT('',(-4.270170592217,-7.929330507571,
    11.369427571217));
#1762 = VECTOR('',#1763,1.);
#1763 = DIRECTION('',(0.,0.403070745111,0.915168822915));
#1764 = ORIENTED_EDGE('',*,*,#1765,.T.);
#1765 = EDGE_CURVE('',#1758,#1766,#1768,.T.);
#1766 = VERTEX_POINT('',#1767);
#1767 = CARTESIAN_POINT('',(-4.270170592217,-3.211742857143,22.0887));
#1768 = LINE('',#1769,#1770);
#1769 = CARTESIAN_POINT('',(-4.270170592217,-7.0616166743,
    10.663268026502));
#1770 = VECTOR('',#1771,1.);
#1771 = DIRECTION('',(0.,0.319316245627,0.947648212829));
#1772 = ORIENTED_EDGE('',*,*,#1773,.T.);
#1773 = EDGE_CURVE('',#1766,#1774,#1776,.T.);
#1774 = VERTEX_POINT('',#1775);
#1775 = CARTESIAN_POINT('',(-4.270170592217,-3.1889,22.122871428571));
#1776 = LINE('',#1777,#1778);
#1777 = CARTESIAN_POINT('',(-4.270170592217,-9.159496804747,
    13.191246940169));
#1778 = VECTOR('',#1779,1.);
#1779 = DIRECTION('',(0.,0.555742429414,0.831354528555));
#1780 = ORIENTED_EDGE('',*,*,#1781,.T.);
#1781 = EDGE_CURVE('',#1774,#1782,#1784,.T.);
#1782 = VERTEX_POINT('',#1783);
#1783 = CARTESIAN_POINT('',(-4.270170592217,-3.154728571429,
    22.174314285714));
#1784 = LINE('',#1785,#1786);
#1785 = CARTESIAN_POINT('',(-4.270170592217,-9.126826304259,
    13.183710633573));
#1786 = VECTOR('',#1787,1.);
#1787 = DIRECTION('',(0.,0.553311519375,0.832974406886));
#1788 = ORIENTED_EDGE('',*,*,#1789,.T.);
#1789 = EDGE_CURVE('',#1782,#1790,#1792,.T.);
#1790 = VERTEX_POINT('',#1791);
#1791 = CARTESIAN_POINT('',(-4.270170592217,-3.109042857143,
    22.225571428571));
#1792 = LINE('',#1793,#1794);
#1793 = CARTESIAN_POINT('',(-4.270170592217,-9.630939543599,
    14.90832148767));
#1794 = VECTOR('',#1795,1.);
#1795 = DIRECTION('',(0.,0.665370524754,0.746513271676));
#1796 = ORIENTED_EDGE('',*,*,#1797,.T.);
#1797 = EDGE_CURVE('',#1790,#1798,#1800,.T.);
#1798 = VERTEX_POINT('',#1799);
#1799 = CARTESIAN_POINT('',(-4.270170592217,-3.063357142857,
    22.271257142857));
#1800 = LINE('',#1801,#1802);
#1801 = CARTESIAN_POINT('',(-4.270170592217,-9.682874790911,
    15.651739494803));
#1802 = VECTOR('',#1803,1.);
#1803 = DIRECTION('',(0.,0.707106781187,0.707106781187));
#1804 = ORIENTED_EDGE('',*,*,#1805,.T.);
#1805 = EDGE_CURVE('',#1798,#1806,#1808,.T.);
#1806 = VERTEX_POINT('',#1807);
#1807 = CARTESIAN_POINT('',(-4.270170592217,-3.006342857143,
    22.311185714286));
#1808 = LINE('',#1809,#1810);
#1809 = CARTESIAN_POINT('',(-4.270170592217,-9.376843139311,
    17.849760435243));
#1810 = VECTOR('',#1811,1.);
#1811 = DIRECTION('',(0.,0.819106553991,0.573641397746));
#1812 = ORIENTED_EDGE('',*,*,#1813,.T.);
#1813 = EDGE_CURVE('',#1806,#1814,#1816,.T.);
#1814 = VERTEX_POINT('',#1815);
#1815 = CARTESIAN_POINT('',(-4.270170592217,-2.972171428571,
    22.328271428571));
#1816 = LINE('',#1817,#1818);
#1817 = CARTESIAN_POINT('',(-4.270170592217,-8.557025379744,
    19.535844452985));
#1818 = VECTOR('',#1819,1.);
#1819 = DIRECTION('',(0.,0.894427191,0.4472135955));
#1820 = ORIENTED_EDGE('',*,*,#1821,.T.);
#1821 = EDGE_CURVE('',#1814,#1822,#1824,.T.);
#1822 = VERTEX_POINT('',#1823);
#1823 = CARTESIAN_POINT('',(-4.270170592217,-2.938,22.345542857143));
#1824 = LINE('',#1825,#1826);
#1825 = CARTESIAN_POINT('',(-4.270170592217,-8.570453792984,
    19.498704798733));
#1826 = VECTOR('',#1827,1.);
#1827 = DIRECTION('',(0.,0.892478602936,0.451089728658));
#1828 = ORIENTED_EDGE('',*,*,#1829,.T.);
#1829 = EDGE_CURVE('',#1822,#1830,#1832,.T.);
#1830 = VERTEX_POINT('',#1831);
#1831 = CARTESIAN_POINT('',(-4.270170592217,-2.8808,22.3682));
#1832 = LINE('',#1833,#1834);
#1833 = CARTESIAN_POINT('',(-4.270170592217,-7.824109832799,
    20.41013571558));
#1834 = VECTOR('',#1835,1.);
#1835 = DIRECTION('',(0.,0.929720504504,0.368265914122));
#1836 = ORIENTED_EDGE('',*,*,#1837,.T.);
#1837 = EDGE_CURVE('',#1830,#1838,#1840,.T.);
#1838 = VERTEX_POINT('',#1839);
#1839 = CARTESIAN_POINT('',(-4.270170592217,-2.840871428571,
    22.379714285714));
#1840 = LINE('',#1841,#1842);
#1841 = CARTESIAN_POINT('',(-4.270170592217,-6.879108114626,
    21.215199520434));
#1842 = VECTOR('',#1843,1.);
#1843 = DIRECTION('',(0.,0.960846474829,0.27708130902));
#1844 = ORIENTED_EDGE('',*,*,#1845,.T.);
#1845 = EDGE_CURVE('',#1838,#1846,#1848,.T.);
#1846 = VERTEX_POINT('',#1847);
#1847 = CARTESIAN_POINT('',(-4.270170592217,-2.8067,22.385471428571));
#1848 = LINE('',#1849,#1850);
#1849 = CARTESIAN_POINT('',(-4.270170592217,-5.597664031919,
    21.915254662324));
#1850 = VECTOR('',#1851,1.);
#1851 = DIRECTION('',(0.,0.98610270304,0.166136868447));
#1852 = ORIENTED_EDGE('',*,*,#1853,.T.);
#1853 = EDGE_CURVE('',#1846,#1854,#1856,.T.);
#1854 = VERTEX_POINT('',#1855);
#1855 = CARTESIAN_POINT('',(-4.270170592217,-2.761014285714,
    22.391042857143));
#1856 = LINE('',#1857,#1858);
#1857 = CARTESIAN_POINT('',(-4.270170592217,-5.030080972979,
    22.114327407476));
#1858 = VECTOR('',#1859,1.);
#1859 = DIRECTION('',(0.,0.992645877551,0.121054375311));
#1860 = ORIENTED_EDGE('',*,*,#1861,.T.);
#1861 = EDGE_CURVE('',#1854,#1862,#1864,.T.);
#1862 = VERTEX_POINT('',#1863);
#1863 = CARTESIAN_POINT('',(-4.270170592217,-2.704,22.3968));
#1864 = LINE('',#1865,#1866);
#1865 = CARTESIAN_POINT('',(-4.270170592217,-4.748487752053,
    22.190353354027));
#1866 = VECTOR('',#1867,1.);
#1867 = DIRECTION('',(0.,0.994940461748,0.100466300698));
#1868 = ORIENTED_EDGE('',*,*,#1869,.T.);
#1869 = EDGE_CURVE('',#1862,#1870,#1872,.T.);
#1870 = VERTEX_POINT('',#1871);
#1871 = CARTESIAN_POINT('',(-4.270170592217,-2.276114285714,22.3968));
#1872 = LINE('',#1873,#1874);
#1873 = CARTESIAN_POINT('',(-4.270170592217,-3.273142438966,22.3968));
#1874 = VECTOR('',#1875,1.);
#1875 = DIRECTION('',(0.,1.,0.));
#1876 = ORIENTED_EDGE('',*,*,#1877,.T.);
#1877 = EDGE_CURVE('',#1870,#1878,#1880,.T.);
#1878 = VERTEX_POINT('',#1879);
#1879 = CARTESIAN_POINT('',(-4.270170592217,-2.230428571429,
    22.391042857143));
#1880 = LINE('',#1881,#1882);
#1881 = CARTESIAN_POINT('',(-4.270170592217,-1.659523479292,
    22.319099532524));
#1882 = VECTOR('',#1883,1.);
#1883 = DIRECTION('',(-0.,0.992153283358,-0.125027446277));
#1884 = ORIENTED_EDGE('',*,*,#1885,.T.);
#1885 = EDGE_CURVE('',#1878,#1886,#1888,.T.);
#1886 = VERTEX_POINT('',#1887);
#1887 = CARTESIAN_POINT('',(-4.270170592217,-2.202014285714,
    22.385471428571));
#1888 = LINE('',#1889,#1890);
#1889 = CARTESIAN_POINT('',(-4.270170592217,-0.801178322116,
    22.110797710219));
#1890 = VECTOR('',#1891,1.);
#1891 = DIRECTION('',(-0.,0.981313749677,-0.192414460721));
#1892 = ORIENTED_EDGE('',*,*,#1893,.T.);
#1893 = EDGE_CURVE('',#1886,#1894,#1896,.T.);
#1894 = VERTEX_POINT('',#1895);
#1895 = CARTESIAN_POINT('',(-4.270170592217,-2.173414285714,
    22.379714285714));
#1896 = LINE('',#1897,#1898);
#1897 = CARTESIAN_POINT('',(-4.270170592217,-0.72599192005,
    22.088350043275));
#1898 = VECTOR('',#1899,1.);
#1899 = DIRECTION('',(-0.,0.980335072596,-0.197340176951));
#1900 = ORIENTED_EDGE('',*,*,#1901,.T.);
#1901 = EDGE_CURVE('',#1894,#1902,#1904,.T.);
#1902 = VERTEX_POINT('',#1903);
#1903 = CARTESIAN_POINT('',(-4.270170592217,-2.150571428571,22.3682));
#1904 = LINE('',#1905,#1906);
#1905 = CARTESIAN_POINT('',(-4.270170592217,2.102590365905,
    20.224329827174));
#1906 = VECTOR('',#1907,1.);
#1907 = DIRECTION('',(-0.,0.892970492237,-0.450115207469));
#1908 = ORIENTED_EDGE('',*,*,#1909,.T.);
#1909 = EDGE_CURVE('',#1902,#1910,#1912,.T.);
#1910 = VERTEX_POINT('',#1911);
#1911 = CARTESIAN_POINT('',(-4.270170592217,-2.122157142857,
    22.351114285714));
#1912 = LINE('',#1913,#1914);
#1913 = CARTESIAN_POINT('',(-4.270170592217,2.686920098847,
    19.459381565213));
#1914 = VECTOR('',#1915,1.);
#1915 = DIRECTION('',(-0.,0.856998298068,-0.515319238054));
#1916 = ORIENTED_EDGE('',*,*,#1917,.T.);
#1917 = EDGE_CURVE('',#1910,#1918,#1920,.T.);
#1918 = VERTEX_POINT('',#1919);
#1919 = CARTESIAN_POINT('',(-4.270170592217,-2.076471428571,
    22.316942857143));
#1920 = LINE('',#1921,#1922);
#1921 = CARTESIAN_POINT('',(-4.270170592217,3.291604922987,
    18.301796317766));
#1922 = VECTOR('',#1923,1.);
#1923 = DIRECTION('',(-0.,0.80078057117,-0.598957825591));
#1924 = ORIENTED_EDGE('',*,*,#1925,.T.);
#1925 = EDGE_CURVE('',#1918,#1926,#1928,.T.);
#1926 = VERTEX_POINT('',#1927);
#1927 = CARTESIAN_POINT('',(-4.270170592217,-2.053628571429,
    22.288342857143));
#1928 = LINE('',#1929,#1930);
#1929 = CARTESIAN_POINT('',(-4.270170592217,3.6804134696,15.109135748864
    ));
#1930 = VECTOR('',#1931,1.);
#1931 = DIRECTION('',(-0.,0.62407609663,-0.781363568139));
#1932 = ORIENTED_EDGE('',*,*,#1933,.T.);
#1933 = EDGE_CURVE('',#1926,#1934,#1936,.T.);
#1934 = VERTEX_POINT('',#1935);
#1935 = CARTESIAN_POINT('',(-4.270170592217,-2.036542857143,
    22.271257142857));
#1936 = LINE('',#1937,#1938);
#1937 = CARTESIAN_POINT('',(-4.270170592217,3.722864494803,
    16.511849790911));
#1938 = VECTOR('',#1939,1.);
#1939 = DIRECTION('',(-0.,0.707106781187,-0.707106781187));
#1940 = ORIENTED_EDGE('',*,*,#1941,.T.);
#1941 = EDGE_CURVE('',#1934,#1942,#1944,.T.);
#1942 = VERTEX_POINT('',#1943);
#1943 = CARTESIAN_POINT('',(-4.270170592217,-2.025028571429,
    22.242842857143));
#1944 = LINE('',#1945,#1946);
#1945 = CARTESIAN_POINT('',(-4.270170592217,2.209794776734,
    11.792391691516));
#1946 = VECTOR('',#1947,1.);
#1947 = DIRECTION('',(-0.,0.375564497639,-0.926796260304));
#1948 = ORIENTED_EDGE('',*,*,#1949,.T.);
#1949 = EDGE_CURVE('',#1942,#1950,#1952,.T.);
#1950 = VERTEX_POINT('',#1951);
#1951 = CARTESIAN_POINT('',(-4.270170592217,-2.0137,22.22));
#1952 = LINE('',#1953,#1954);
#1953 = CARTESIAN_POINT('',(-4.270170592217,2.782834029877,
    12.548300234838));
#1954 = VECTOR('',#1955,1.);
#1955 = DIRECTION('',(-0.,0.444297794845,-0.895879160097));
#1956 = ORIENTED_EDGE('',*,*,#1957,.T.);
#1957 = EDGE_CURVE('',#1950,#1958,#1960,.T.);
#1958 = VERTEX_POINT('',#1959);
#1959 = CARTESIAN_POINT('',(-4.270170592217,-2.002185714286,22.1914));
#1960 = LINE('',#1961,#1962);
#1961 = CARTESIAN_POINT('',(-4.270170592217,2.203354077609,
    11.745381807229));
#1962 = VECTOR('',#1963,1.);
#1963 = DIRECTION('',(-0.,0.373466870858,-0.927643517938));
#1964 = ORIENTED_EDGE('',*,*,#1965,.T.);
#1965 = EDGE_CURVE('',#1958,#1966,#1968,.T.);
#1966 = VERTEX_POINT('',#1967);
#1967 = CARTESIAN_POINT('',(-4.270170592217,-1.996614285714,22.1628));
#1968 = LINE('',#1969,#1970);
#1969 = CARTESIAN_POINT('',(-4.270170592217,0.323135781806,
    10.254749653397));
#1970 = VECTOR('',#1971,1.);
#1971 = DIRECTION('',(-0.,0.191210841639,-0.981548987081));
#1972 = ORIENTED_EDGE('',*,*,#1973,.T.);
#1973 = EDGE_CURVE('',#1966,#1974,#1976,.T.);
#1974 = VERTEX_POINT('',#1975);
#1975 = CARTESIAN_POINT('',(-4.270170592217,-1.990857142857,
    22.140142857143));
#1976 = LINE('',#1977,#1978);
#1977 = CARTESIAN_POINT('',(-4.270170592217,0.940338819935,
    10.604468422929));
#1978 = VECTOR('',#1979,1.);
#1979 = DIRECTION('',(-0.,0.246272303221,-0.96920067719));
#1980 = ORIENTED_EDGE('',*,*,#1981,.T.);
#1981 = EDGE_CURVE('',#1974,#1982,#1984,.T.);
#1982 = VERTEX_POINT('',#1983);
#1983 = CARTESIAN_POINT('',(-4.270170592217,-1.990857142857,
    22.082942857143));
#1984 = LINE('',#1985,#1986);
#1985 = CARTESIAN_POINT('',(-4.270170592217,-1.990857142857,
    9.541471428571));
#1986 = VECTOR('',#1987,1.);
#1987 = DIRECTION('',(0.,-0.,-1.));
#1988 = ORIENTED_EDGE('',*,*,#1989,.T.);
#1989 = EDGE_CURVE('',#1982,#1990,#1992,.T.);
#1990 = VERTEX_POINT('',#1991);
#1991 = CARTESIAN_POINT('',(-4.270170592217,-1.996614285714,
    22.054528571429));
#1992 = LINE('',#1993,#1994);
#1993 = CARTESIAN_POINT('',(-4.270170592217,-4.479554717081,
    9.800016119842));
#1994 = VECTOR('',#1995,1.);
#1995 = DIRECTION('',(0.,-0.198579278868,-0.980084827963));
#1996 = ORIENTED_EDGE('',*,*,#1997,.T.);
#1997 = EDGE_CURVE('',#1990,#1998,#2000,.T.);
#1998 = VERTEX_POINT('',#1999);
#1999 = CARTESIAN_POINT('',(-4.270170592217,-2.002185714286,
    22.025928571429));
#2000 = LINE('',#2001,#2002);
#2001 = CARTESIAN_POINT('',(-4.270170592217,-4.39211454899,
    9.757627219949));
#2002 = VECTOR('',#2003,1.);
#2003 = DIRECTION('',(0.,-0.191210841639,-0.981548987081));
#2004 = ORIENTED_EDGE('',*,*,#2005,.T.);
#2005 = EDGE_CURVE('',#1998,#2006,#2008,.T.);
#2006 = VERTEX_POINT('',#2007);
#2007 = CARTESIAN_POINT('',(-4.270170592217,-2.0137,22.003085714286));
#2008 = LINE('',#2009,#2010);
#2009 = CARTESIAN_POINT('',(-4.270170592217,-7.267149760545,
    11.58091925385));
#2010 = VECTOR('',#2011,1.);
#2011 = DIRECTION('',(0.,-0.450115207469,-0.892970492237));
#2012 = ORIENTED_EDGE('',*,*,#2013,.T.);
#2013 = EDGE_CURVE('',#2006,#2014,#2016,.T.);
#2014 = VERTEX_POINT('',#2015);
#2015 = CARTESIAN_POINT('',(-4.270170592217,-2.025028571429,
    21.974671428571));
#2016 = LINE('',#2017,#2018);
#2017 = CARTESIAN_POINT('',(-4.270170592217,-6.474766534978,
    10.813853257701));
#2018 = VECTOR('',#2019,1.);
#2019 = DIRECTION('',(0.,-0.370343680353,-0.92889480482));
#2020 = ORIENTED_EDGE('',*,*,#2021,.T.);
#2021 = EDGE_CURVE('',#2014,#2022,#2024,.T.);
#2022 = VERTEX_POINT('',#2023);
#2023 = CARTESIAN_POINT('',(-4.270170592217,-2.042114285714,
    21.951828571429));
#2024 = LINE('',#2025,#2026);
#2025 = CARTESIAN_POINT('',(-4.270170592217,-8.425642465525,
    13.417328939726));
#2026 = VECTOR('',#2027,1.);
#2027 = DIRECTION('',(0.,-0.598957825591,-0.80078057117));
#2028 = ORIENTED_EDGE('',*,*,#2029,.T.);
#2029 = EDGE_CURVE('',#2022,#2030,#2032,.T.);
#2030 = VERTEX_POINT('',#2031);
#2031 = CARTESIAN_POINT('',(-4.270170592217,-2.059385714286,
    21.928985714286));
#2032 = LINE('',#2033,#2034);
#2033 = CARTESIAN_POINT('',(-4.270170592217,-8.457815901748,
    13.466545788933));
#2034 = VECTOR('',#2035,1.);
#2035 = DIRECTION('',(0.,-0.603108274872,-0.797659331282));
#2036 = ORIENTED_EDGE('',*,*,#2037,.T.);
#2037 = EDGE_CURVE('',#2030,#2038,#2040,.T.);
#2038 = VERTEX_POINT('',#2039);
#2039 = CARTESIAN_POINT('',(-4.270170592217,-2.076471428571,
    21.906142857143));
#2040 = LINE('',#2041,#2042);
#2041 = CARTESIAN_POINT('',(-4.270170592217,-8.442880581552,
    13.394530620006));
#2042 = VECTOR('',#2043,1.);
#2043 = DIRECTION('',(0.,-0.598957825591,-0.80078057117));
#2044 = ORIENTED_EDGE('',*,*,#2045,.T.);
#2045 = EDGE_CURVE('',#2038,#2046,#2048,.T.);
#2046 = VERTEX_POINT('',#2047);
#2047 = CARTESIAN_POINT('',(-4.270170592217,-2.099314285714,
    21.889057142857));
#2048 = LINE('',#2049,#2050);
#2049 = CARTESIAN_POINT('',(-4.270170592217,-8.764160970953,
    16.903968565281));
#2050 = VECTOR('',#2051,1.);
#2051 = DIRECTION('',(0.,-0.80078057117,-0.598957825591));
#2052 = ORIENTED_EDGE('',*,*,#2053,.T.);
#2053 = EDGE_CURVE('',#2046,#2054,#2056,.T.);
#2054 = VERTEX_POINT('',#2055);
#2055 = CARTESIAN_POINT('',(-4.270170592217,-2.1164,21.871971428571));
#2056 = LINE('',#2057,#2058);
#2057 = CARTESIAN_POINT('',(-4.270170592217,-8.872835505197,
    15.115535923374));
#2058 = VECTOR('',#2059,1.);
#2059 = DIRECTION('',(0.,-0.707106781187,-0.707106781187));
#2060 = ORIENTED_EDGE('',*,*,#2061,.T.);
#2061 = EDGE_CURVE('',#2054,#2062,#2064,.T.);
#2062 = VERTEX_POINT('',#2063);
#2063 = CARTESIAN_POINT('',(-4.270170592217,-2.150571428571,
    21.854885714286));
#2064 = LINE('',#2065,#2066);
#2065 = CARTESIAN_POINT('',(-4.270170592217,-7.969388236887,
    18.945477310128));
#2066 = VECTOR('',#2067,1.);
#2067 = DIRECTION('',(0.,-0.894427191,-0.4472135955));
#2068 = ORIENTED_EDGE('',*,*,#2069,.T.);
#2069 = EDGE_CURVE('',#2062,#2070,#2072,.T.);
#2070 = VERTEX_POINT('',#2071);
#2071 = CARTESIAN_POINT('',(-4.270170592217,-2.179171428571,
    21.843371428571));
#2072 = LINE('',#2073,#2074);
#2073 = CARTESIAN_POINT('',(-4.270170592217,-7.382267338677,
    19.748618529698));
#2074 = VECTOR('',#2075,1.);
#2075 = DIRECTION('',(0.,-0.927643517938,-0.373466870858));
#2076 = ORIENTED_EDGE('',*,*,#2077,.T.);
#2077 = EDGE_CURVE('',#2070,#1420,#2078,.T.);
#2078 = LINE('',#2079,#2080);
#2079 = CARTESIAN_POINT('',(-4.270170592217,-6.428475927969,
    20.637754803161));
#2080 = VECTOR('',#2081,1.);
#2081 = DIRECTION('',(0.,-0.962028866252,-0.272947724844));
#2082 = PLANE('',#2083);
#2083 = AXIS2_PLACEMENT_3D('',#2084,#2085,#2086);
#2084 = CARTESIAN_POINT('',(-4.270170592217,-4.270170592217,-3.));
#2085 = DIRECTION('',(1.,0.,-0.));
#2086 = DIRECTION('',(0.,0.,1.));
#2087 = ADVANCED_FACE('',(#2088),#2113,.F.);
#2088 = FACE_BOUND('',#2089,.F.);
#2089 = EDGE_LOOP('',(#2090,#2098,#2099,#2107));
#2090 = ORIENTED_EDGE('',*,*,#2091,.F.);
#2091 = EDGE_CURVE('',#22,#2092,#2094,.T.);
#2092 = VERTEX_POINT('',#2093);
#2093 = CARTESIAN_POINT('',(4.270170592217,-4.270170592217,-3.));
#2094 = LINE('',#2095,#2096);
#2095 = CARTESIAN_POINT('',(-4.270170592217,-4.270170592217,-3.));
#2096 = VECTOR('',#2097,1.);
#2097 = DIRECTION('',(1.,0.,-0.));
#2098 = ORIENTED_EDGE('',*,*,#21,.T.);
#2099 = ORIENTED_EDGE('',*,*,#2100,.T.);
#2100 = EDGE_CURVE('',#24,#2101,#2103,.T.);
#2101 = VERTEX_POINT('',#2102);
#2102 = CARTESIAN_POINT('',(4.270170592217,-4.270170592217,40.8));
#2103 = LINE('',#2104,#2105);
#2104 = CARTESIAN_POINT('',(-4.270170592217,-4.270170592217,40.8));
#2105 = VECTOR('',#2106,1.);
#2106 = DIRECTION('',(1.,0.,-0.));
#2107 = ORIENTED_EDGE('',*,*,#2108,.F.);
#2108 = EDGE_CURVE('',#2092,#2101,#2109,.T.);
#2109 = LINE('',#2110,#2111);
#2110 = CARTESIAN_POINT('',(4.270170592217,-4.270170592217,-3.));
#2111 = VECTOR('',#2112,1.);
#2112 = DIRECTION('',(0.,0.,1.));
#2113 = PLANE('',#2114);
#2114 = AXIS2_PLACEMENT_3D('',#2115,#2116,#2117);
#2115 = CARTESIAN_POINT('',(-4.270170592217,-4.270170592217,-3.));
#2116 = DIRECTION('',(-0.,1.,0.));
#2117 = DIRECTION('',(0.,0.,1.));
#2118 = ADVANCED_FACE('',(#2119,#2137),#2181,.T.);
#2119 = FACE_BOUND('',#2120,.T.);
#2120 = EDGE_LOOP('',(#2121,#2122,#2123,#2131));
#2121 = ORIENTED_EDGE('',*,*,#47,.F.);
#2122 = ORIENTED_EDGE('',*,*,#2100,.T.);
#2123 = ORIENTED_EDGE('',*,*,#2124,.T.);
#2124 = EDGE_CURVE('',#2101,#2125,#2127,.T.);
#2125 = VERTEX_POINT('',#2126);
#2126 = CARTESIAN_POINT('',(4.270170592217,4.270170592217,40.8));
#2127 = LINE('',#2128,#2129);
#2128 = CARTESIAN_POINT('',(4.270170592217,-4.270170592217,40.8));
#2129 = VECTOR('',#2130,1.);
#2130 = DIRECTION('',(-0.,1.,0.));
#2131 = ORIENTED_EDGE('',*,*,#2132,.F.);
#2132 = EDGE_CURVE('',#40,#2125,#2133,.T.);
#2133 = LINE('',#2134,#2135);
#2134 = CARTESIAN_POINT('',(-4.270170592217,4.270170592217,40.8));
#2135 = VECTOR('',#2136,1.);
#2136 = DIRECTION('',(1.,0.,-0.));
#2137 = FACE_BOUND('',#2138,.T.);
#2138 = EDGE_LOOP('',(#2139,#2148,#2155,#2162,#2169,#2176));
#2139 = ORIENTED_EDGE('',*,*,#2140,.F.);
#2140 = EDGE_CURVE('',#2141,#2143,#2145,.T.);
#2141 = VERTEX_POINT('',#2142);
#2142 = CARTESIAN_POINT('',(2.192777763956,2.217673956804E-16,40.8));
#2143 = VERTEX_POINT('',#2144);
#2144 = CARTESIAN_POINT('',(1.096388881978,1.899001248439,40.8));
#2145 = B_SPLINE_CURVE_WITH_KNOTS('',1,(#2146,#2147),.UNSPECIFIED.,.F.,
  .F.,(2,2),(0.,1.),.PIECEWISE_BEZIER_KNOTS.);
#2146 = CARTESIAN_POINT('',(2.192777763956,0.,40.8));
#2147 = CARTESIAN_POINT('',(1.096388881978,1.899001248439,40.8));
#2148 = ORIENTED_EDGE('',*,*,#2149,.F.);
#2149 = EDGE_CURVE('',#2150,#2141,#2152,.T.);
#2150 = VERTEX_POINT('',#2151);
#2151 = CARTESIAN_POINT('',(1.096388881978,-1.899001248439,40.8));
#2152 = B_SPLINE_CURVE_WITH_KNOTS('',1,(#2153,#2154),.UNSPECIFIED.,.F.,
  .F.,(2,2),(0.,1.),.PIECEWISE_BEZIER_KNOTS.);
#2153 = CARTESIAN_POINT('',(1.096388881978,-1.899001248439,40.8));
#2154 = CARTESIAN_POINT('',(2.192777763956,0.,40.8));
#2155 = ORIENTED_EDGE('',*,*,#2156,.F.);
#2156 = EDGE_CURVE('',#2157,#2150,#2159,.T.);
#2157 = VERTEX_POINT('',#2158);
#2158 = CARTESIAN_POINT('',(-1.096388881978,-1.899001248439,40.8));
#2159 = B_SPLINE_CURVE_WITH_KNOTS('',1,(#2160,#2161),.UNSPECIFIED.,.F.,
  .F.,(2,2),(0.,1.),.PIECEWISE_BEZIER_KNOTS.);
#2160 = CARTESIAN_POINT('',(-1.096388881978,-1.899001248439,40.8));
#2161 = CARTESIAN_POINT('',(1.096388881978,-1.899001248439,40.8));
#2162 = ORIENTED_EDGE('',*,*,#2163,.F.);
#2163 = EDGE_CURVE('',#2164,#2157,#2166,.T.);
#2164 = VERTEX_POINT('',#2165);
#2165 = CARTESIAN_POINT('',(-2.192777763956,-4.438120006055E-16,40.8));
#2166 = B_SPLINE_CURVE_WITH_KNOTS('',1,(#2167,#2168),.UNSPECIFIED.,.F.,
  .F.,(2,2),(0.,1.),.PIECEWISE_BEZIER_KNOTS.);
#2167 = CARTESIAN_POINT('',(-2.192777763956,0.,40.8));
#2168 = CARTESIAN_POINT('',(-1.096388881978,-1.899001248439,40.8));
#2169 = ORIENTED_EDGE('',*,*,#2170,.F.);
#2170 = EDGE_CURVE('',#2171,#2164,#2173,.T.);
#2171 = VERTEX_POINT('',#2172);
#2172 = CARTESIAN_POINT('',(-1.096388881978,1.899001248439,40.8));
#2173 = B_SPLINE_CURVE_WITH_KNOTS('',1,(#2174,#2175),.UNSPECIFIED.,.F.,
  .F.,(2,2),(0.,1.),.PIECEWISE_BEZIER_KNOTS.);
#2174 = CARTESIAN_POINT('',(-1.096388881978,1.899001248439,40.8));
#2175 = CARTESIAN_POINT('',(-2.192777763956,-8.881784197001E-16,40.8));
#2176 = ORIENTED_EDGE('',*,*,#2177,.F.);
#2177 = EDGE_CURVE('',#2143,#2171,#2178,.T.);
#2178 = B_SPLINE_CURVE_WITH_KNOTS('',1,(#2179,#2180),.UNSPECIFIED.,.F.,
  .F.,(2,2),(0.,1.),.PIECEWISE_BEZIER_KNOTS.);
#2179 = CARTESIAN_POINT('',(1.096388881978,1.899001248439,40.8));
#2180 = CARTESIAN_POINT('',(-1.096388881978,1.899001248439,40.8));
#2181 = PLANE('',#2182);
#2182 = AXIS2_PLACEMENT_3D('',#2183,#2184,#2185);
#2183 = CARTESIAN_POINT('',(-4.270170592217,-4.270170592217,40.8));
#2184 = DIRECTION('',(0.,0.,1.));
#2185 = DIRECTION('',(1.,0.,-0.));
#2186 = ADVANCED_FACE('',(#2187),#2205,.F.);
#2187 = FACE_BOUND('',#2188,.F.);
#2188 = EDGE_LOOP('',(#2189,#2190,#2191,#2199));
#2189 = ORIENTED_EDGE('',*,*,#31,.F.);
#2190 = ORIENTED_EDGE('',*,*,#2091,.T.);
#2191 = ORIENTED_EDGE('',*,*,#2192,.T.);
#2192 = EDGE_CURVE('',#2092,#2193,#2195,.T.);
#2193 = VERTEX_POINT('',#2194);
#2194 = CARTESIAN_POINT('',(4.270170592217,4.270170592217,-3.));
#2195 = LINE('',#2196,#2197);
#2196 = CARTESIAN_POINT('',(4.270170592217,-4.270170592217,-3.));
#2197 = VECTOR('',#2198,1.);
#2198 = DIRECTION('',(-0.,1.,0.));
#2199 = ORIENTED_EDGE('',*,*,#2200,.F.);
#2200 = EDGE_CURVE('',#32,#2193,#2201,.T.);
#2201 = LINE('',#2202,#2203);
#2202 = CARTESIAN_POINT('',(-4.270170592217,4.270170592217,-3.));
#2203 = VECTOR('',#2204,1.);
#2204 = DIRECTION('',(1.,0.,-0.));
#2205 = PLANE('',#2206);
#2206 = AXIS2_PLACEMENT_3D('',#2207,#2208,#2209);
#2207 = CARTESIAN_POINT('',(-4.270170592217,-4.270170592217,-3.));
#2208 = DIRECTION('',(0.,0.,1.));
#2209 = DIRECTION('',(1.,0.,-0.));
#2210 = ADVANCED_FACE('',(#2211),#2222,.T.);
#2211 = FACE_BOUND('',#2212,.T.);
#2212 = EDGE_LOOP('',(#2213,#2214,#2215,#2216));
#2213 = ORIENTED_EDGE('',*,*,#2200,.F.);
#2214 = ORIENTED_EDGE('',*,*,#39,.T.);
#2215 = ORIENTED_EDGE('',*,*,#2132,.T.);
#2216 = ORIENTED_EDGE('',*,*,#2217,.F.);
#2217 = EDGE_CURVE('',#2193,#2125,#2218,.T.);
#2218 = LINE('',#2219,#2220);
#2219 = CARTESIAN_POINT('',(4.270170592217,4.270170592217,-3.));
#2220 = VECTOR('',#2221,1.);
#2221 = DIRECTION('',(0.,0.,1.));
#2222 = PLANE('',#2223);
#2223 = AXIS2_PLACEMENT_3D('',#2224,#2225,#2226);
#2224 = CARTESIAN_POINT('',(-4.270170592217,4.270170592217,-3.));
#2225 = DIRECTION('',(-0.,1.,0.));
#2226 = DIRECTION('',(0.,0.,1.));
#2227 = ADVANCED_FACE('',(#2228),#2253,.T.);
#2228 = FACE_BOUND('',#2229,.T.);
#2229 = EDGE_LOOP('',(#2230,#2231,#2239,#2247));
#2230 = ORIENTED_EDGE('',*,*,#55,.T.);
#2231 = ORIENTED_EDGE('',*,*,#2232,.T.);
#2232 = EDGE_CURVE('',#58,#2233,#2235,.T.);
#2233 = VERTEX_POINT('',#2234);
#2234 = CARTESIAN_POINT('',(-3.770170592217,2.107114285714,
    18.973714285714));
#2235 = LINE('',#2236,#2237);
#2236 = CARTESIAN_POINT('',(-4.370170592217,2.107114285714,
    18.973714285714));
#2237 = VECTOR('',#2238,1.);
#2238 = DIRECTION('',(1.,0.,0.));
#2239 = ORIENTED_EDGE('',*,*,#2240,.T.);
#2240 = EDGE_CURVE('',#2233,#2241,#2243,.T.);
#2241 = VERTEX_POINT('',#2242);
#2242 = CARTESIAN_POINT('',(-3.770170592217,2.084828571429,
    18.967957142857));
#2243 = LINE('',#2244,#2245);
#2244 = CARTESIAN_POINT('',(-3.770170592217,2.107114285714,
    18.973714285714));
#2245 = VECTOR('',#2246,1.);
#2246 = DIRECTION('',(0.,-0.968214319672,-0.250122032582));
#2247 = ORIENTED_EDGE('',*,*,#2248,.F.);
#2248 = EDGE_CURVE('',#56,#2241,#2249,.T.);
#2249 = LINE('',#2250,#2251);
#2250 = CARTESIAN_POINT('',(-4.370170592217,2.084828571429,
    18.967957142857));
#2251 = VECTOR('',#2252,1.);
#2252 = DIRECTION('',(1.,0.,0.));
#2253 = PLANE('',#2254);
#2254 = AXIS2_PLACEMENT_3D('',#2255,#2256,#2257);
#2255 = CARTESIAN_POINT('',(-4.370170592217,2.107114285714,
    18.973714285714));
#2256 = DIRECTION('',(0.,0.250122032582,-0.968214319672));
#2257 = DIRECTION('',(0.,-0.968214319672,-0.250122032582));
#2258 = ADVANCED_FACE('',(#2259),#2277,.T.);
#2259 = FACE_BOUND('',#2260,.T.);
#2260 = EDGE_LOOP('',(#2261,#2262,#2263,#2271));
#2261 = ORIENTED_EDGE('',*,*,#945,.T.);
#2262 = ORIENTED_EDGE('',*,*,#2248,.T.);
#2263 = ORIENTED_EDGE('',*,*,#2264,.T.);
#2264 = EDGE_CURVE('',#2241,#2265,#2267,.T.);
#2265 = VERTEX_POINT('',#2266);
#2266 = CARTESIAN_POINT('',(-3.770170592217,2.057342857143,
    18.950871428571));
#2267 = LINE('',#2268,#2269);
#2268 = CARTESIAN_POINT('',(-3.770170592217,2.084828571429,
    18.967957142857));
#2269 = VECTOR('',#2270,1.);
#2270 = DIRECTION('',(0.,-0.849285325289,-0.527934121126));
#2271 = ORIENTED_EDGE('',*,*,#2272,.F.);
#2272 = EDGE_CURVE('',#938,#2265,#2273,.T.);
#2273 = LINE('',#2274,#2275);
#2274 = CARTESIAN_POINT('',(-4.370170592217,2.057342857143,
    18.950871428571));
#2275 = VECTOR('',#2276,1.);
#2276 = DIRECTION('',(1.,0.,0.));
#2277 = PLANE('',#2278);
#2278 = AXIS2_PLACEMENT_3D('',#2279,#2280,#2281);
#2279 = CARTESIAN_POINT('',(-4.370170592217,2.084828571429,
    18.967957142857));
#2280 = DIRECTION('',(0.,0.527934121126,-0.849285325289));
#2281 = DIRECTION('',(0.,-0.849285325289,-0.527934121126));
#2282 = ADVANCED_FACE('',(#2283),#2301,.T.);
#2283 = FACE_BOUND('',#2284,.T.);
#2284 = EDGE_LOOP('',(#2285,#2286,#2287,#2295));
#2285 = ORIENTED_EDGE('',*,*,#937,.T.);
#2286 = ORIENTED_EDGE('',*,*,#2272,.T.);
#2287 = ORIENTED_EDGE('',*,*,#2288,.T.);
#2288 = EDGE_CURVE('',#2265,#2289,#2291,.T.);
#2289 = VERTEX_POINT('',#2290);
#2290 = CARTESIAN_POINT('',(-3.770170592217,2.040628571429,
    18.939542857143));
#2291 = LINE('',#2292,#2293);
#2292 = CARTESIAN_POINT('',(-3.770170592217,2.057342857143,
    18.950871428571));
#2293 = VECTOR('',#2294,1.);
#2294 = DIRECTION('',(0.,-0.827780898837,-0.561051498101));
#2295 = ORIENTED_EDGE('',*,*,#2296,.F.);
#2296 = EDGE_CURVE('',#930,#2289,#2297,.T.);
#2297 = LINE('',#2298,#2299);
#2298 = CARTESIAN_POINT('',(-4.370170592217,2.040628571429,
    18.939542857143));
#2299 = VECTOR('',#2300,1.);
#2300 = DIRECTION('',(1.,0.,0.));
#2301 = PLANE('',#2302);
#2302 = AXIS2_PLACEMENT_3D('',#2303,#2304,#2305);
#2303 = CARTESIAN_POINT('',(-4.370170592217,2.057342857143,
    18.950871428571));
#2304 = DIRECTION('',(0.,0.561051498101,-0.827780898837));
#2305 = DIRECTION('',(0.,-0.827780898837,-0.561051498101));
#2306 = ADVANCED_FACE('',(#2307),#2325,.T.);
#2307 = FACE_BOUND('',#2308,.T.);
#2308 = EDGE_LOOP('',(#2309,#2310,#2311,#2319));
#2309 = ORIENTED_EDGE('',*,*,#929,.T.);
#2310 = ORIENTED_EDGE('',*,*,#2296,.T.);
#2311 = ORIENTED_EDGE('',*,*,#2312,.T.);
#2312 = EDGE_CURVE('',#2289,#2313,#2315,.T.);
#2313 = VERTEX_POINT('',#2314);
#2314 = CARTESIAN_POINT('',(-3.770170592217,2.023914285714,
    18.928028571429));
#2315 = LINE('',#2316,#2317);
#2316 = CARTESIAN_POINT('',(-3.770170592217,2.040628571429,
    18.939542857143));
#2317 = VECTOR('',#2318,1.);
#2318 = DIRECTION('',(0.,-0.82350760101,-0.567305236251));
#2319 = ORIENTED_EDGE('',*,*,#2320,.F.);
#2320 = EDGE_CURVE('',#922,#2313,#2321,.T.);
#2321 = LINE('',#2322,#2323);
#2322 = CARTESIAN_POINT('',(-4.370170592217,2.023914285714,
    18.928028571429));
#2323 = VECTOR('',#2324,1.);
#2324 = DIRECTION('',(1.,0.,0.));
#2325 = PLANE('',#2326);
#2326 = AXIS2_PLACEMENT_3D('',#2327,#2328,#2329);
#2327 = CARTESIAN_POINT('',(-4.370170592217,2.040628571429,
    18.939542857143));
#2328 = DIRECTION('',(0.,0.567305236251,-0.82350760101));
#2329 = DIRECTION('',(0.,-0.82350760101,-0.567305236251));
#2330 = ADVANCED_FACE('',(#2331),#2349,.T.);
#2331 = FACE_BOUND('',#2332,.T.);
#2332 = EDGE_LOOP('',(#2333,#2334,#2335,#2343));
#2333 = ORIENTED_EDGE('',*,*,#921,.T.);
#2334 = ORIENTED_EDGE('',*,*,#2320,.T.);
#2335 = ORIENTED_EDGE('',*,*,#2336,.T.);
#2336 = EDGE_CURVE('',#2313,#2337,#2339,.T.);
#2337 = VERTEX_POINT('',#2338);
#2338 = CARTESIAN_POINT('',(-3.770170592217,2.018528571429,
    18.910942857143));
#2339 = LINE('',#2340,#2341);
#2340 = CARTESIAN_POINT('',(-3.770170592217,2.023914285714,
    18.928028571429));
#2341 = VECTOR('',#2342,1.);
#2342 = DIRECTION('',(0.,-0.300635186421,-0.953739212094));
#2343 = ORIENTED_EDGE('',*,*,#2344,.F.);
#2344 = EDGE_CURVE('',#914,#2337,#2345,.T.);
#2345 = LINE('',#2346,#2347);
#2346 = CARTESIAN_POINT('',(-4.370170592217,2.018528571429,
    18.910942857143));
#2347 = VECTOR('',#2348,1.);
#2348 = DIRECTION('',(1.,0.,0.));
#2349 = PLANE('',#2350);
#2350 = AXIS2_PLACEMENT_3D('',#2351,#2352,#2353);
#2351 = CARTESIAN_POINT('',(-4.370170592217,2.023914285714,
    18.928028571429));
#2352 = DIRECTION('',(0.,0.953739212094,-0.300635186421));
#2353 = DIRECTION('',(0.,-0.300635186421,-0.953739212094));
#2354 = ADVANCED_FACE('',(#2355),#2373,.T.);
#2355 = FACE_BOUND('',#2356,.T.);
#2356 = EDGE_LOOP('',(#2357,#2358,#2359,#2367));
#2357 = ORIENTED_EDGE('',*,*,#913,.T.);
#2358 = ORIENTED_EDGE('',*,*,#2344,.T.);
#2359 = ORIENTED_EDGE('',*,*,#2360,.T.);
#2360 = EDGE_CURVE('',#2337,#2361,#2363,.T.);
#2361 = VERTEX_POINT('',#2362);
#2362 = CARTESIAN_POINT('',(-3.770170592217,2.007385714286,
    18.893857142857));
#2363 = LINE('',#2364,#2365);
#2364 = CARTESIAN_POINT('',(-3.770170592217,2.018528571429,
    18.910942857143));
#2365 = VECTOR('',#2366,1.);
#2366 = DIRECTION('',(0.,-0.546267780547,-0.837610596839));
#2367 = ORIENTED_EDGE('',*,*,#2368,.F.);
#2368 = EDGE_CURVE('',#906,#2361,#2369,.T.);
#2369 = LINE('',#2370,#2371);
#2370 = CARTESIAN_POINT('',(-4.370170592217,2.007385714286,
    18.893857142857));
#2371 = VECTOR('',#2372,1.);
#2372 = DIRECTION('',(1.,0.,0.));
#2373 = PLANE('',#2374);
#2374 = AXIS2_PLACEMENT_3D('',#2375,#2376,#2377);
#2375 = CARTESIAN_POINT('',(-4.370170592217,2.018528571429,
    18.910942857143));
#2376 = DIRECTION('',(0.,0.837610596839,-0.546267780547));
#2377 = DIRECTION('',(0.,-0.546267780547,-0.837610596839));
#2378 = ADVANCED_FACE('',(#2379),#2397,.T.);
#2379 = FACE_BOUND('',#2380,.T.);
#2380 = EDGE_LOOP('',(#2381,#2382,#2383,#2391));
#2381 = ORIENTED_EDGE('',*,*,#905,.T.);
#2382 = ORIENTED_EDGE('',*,*,#2368,.T.);
#2383 = ORIENTED_EDGE('',*,*,#2384,.T.);
#2384 = EDGE_CURVE('',#2361,#2385,#2387,.T.);
#2385 = VERTEX_POINT('',#2386);
#2386 = CARTESIAN_POINT('',(-3.770170592217,1.996428571429,
    18.876771428571));
#2387 = LINE('',#2388,#2389);
#2388 = CARTESIAN_POINT('',(-3.770170592217,2.007385714286,
    18.893857142857));
#2389 = VECTOR('',#2390,1.);
#2390 = DIRECTION('',(0.,-0.539832384882,-0.841772532358));
#2391 = ORIENTED_EDGE('',*,*,#2392,.F.);
#2392 = EDGE_CURVE('',#898,#2385,#2393,.T.);
#2393 = LINE('',#2394,#2395);
#2394 = CARTESIAN_POINT('',(-4.370170592217,1.996428571429,
    18.876771428571));
#2395 = VECTOR('',#2396,1.);
#2396 = DIRECTION('',(1.,0.,0.));
#2397 = PLANE('',#2398);
#2398 = AXIS2_PLACEMENT_3D('',#2399,#2400,#2401);
#2399 = CARTESIAN_POINT('',(-4.370170592217,2.007385714286,
    18.893857142857));
#2400 = DIRECTION('',(0.,0.841772532358,-0.539832384882));
#2401 = DIRECTION('',(0.,-0.539832384882,-0.841772532358));
#2402 = ADVANCED_FACE('',(#2403),#2421,.T.);
#2403 = FACE_BOUND('',#2404,.T.);
#2404 = EDGE_LOOP('',(#2405,#2406,#2407,#2415));
#2405 = ORIENTED_EDGE('',*,*,#897,.T.);
#2406 = ORIENTED_EDGE('',*,*,#2392,.T.);
#2407 = ORIENTED_EDGE('',*,*,#2408,.T.);
#2408 = EDGE_CURVE('',#2385,#2409,#2411,.T.);
#2409 = VERTEX_POINT('',#2410);
#2410 = CARTESIAN_POINT('',(-3.770170592217,1.990857142857,
    18.859685714286));
#2411 = LINE('',#2412,#2413);
#2412 = CARTESIAN_POINT('',(-3.770170592217,1.996428571429,
    18.876771428571));
#2413 = VECTOR('',#2414,1.);
#2414 = DIRECTION('',(0.,-0.310020599831,-0.950729839481));
#2415 = ORIENTED_EDGE('',*,*,#2416,.F.);
#2416 = EDGE_CURVE('',#890,#2409,#2417,.T.);
#2417 = LINE('',#2418,#2419);
#2418 = CARTESIAN_POINT('',(-4.370170592217,1.990857142857,
    18.859685714286));
#2419 = VECTOR('',#2420,1.);
#2420 = DIRECTION('',(1.,0.,0.));
#2421 = PLANE('',#2422);
#2422 = AXIS2_PLACEMENT_3D('',#2423,#2424,#2425);
#2423 = CARTESIAN_POINT('',(-4.370170592217,1.996428571429,
    18.876771428571));
#2424 = DIRECTION('',(0.,0.950729839481,-0.310020599831));
#2425 = DIRECTION('',(0.,-0.310020599831,-0.950729839481));
#2426 = ADVANCED_FACE('',(#2427),#2452,.T.);
#2427 = FACE_BOUND('',#2428,.T.);
#2428 = EDGE_LOOP('',(#2429,#2430,#2438,#2446));
#2429 = ORIENTED_EDGE('',*,*,#881,.T.);
#2430 = ORIENTED_EDGE('',*,*,#2431,.T.);
#2431 = EDGE_CURVE('',#882,#2432,#2434,.T.);
#2432 = VERTEX_POINT('',#2433);
#2433 = CARTESIAN_POINT('',(-3.770170592217,1.990857142857,
    18.522985714286));
#2434 = LINE('',#2435,#2436);
#2435 = CARTESIAN_POINT('',(-4.370170592217,1.990857142857,
    18.522985714286));
#2436 = VECTOR('',#2437,1.);
#2437 = DIRECTION('',(1.,0.,0.));
#2438 = ORIENTED_EDGE('',*,*,#2439,.T.);
#2439 = EDGE_CURVE('',#2432,#2440,#2442,.T.);
#2440 = VERTEX_POINT('',#2441);
#2441 = CARTESIAN_POINT('',(-3.770170592217,1.996428571429,
    18.500142857143));
#2442 = LINE('',#2443,#2444);
#2443 = CARTESIAN_POINT('',(-3.770170592217,1.990857142857,
    18.522985714286));
#2444 = VECTOR('',#2445,1.);
#2445 = DIRECTION('',(-0.,0.236956180191,-0.971520338783));
#2446 = ORIENTED_EDGE('',*,*,#2447,.F.);
#2447 = EDGE_CURVE('',#874,#2440,#2448,.T.);
#2448 = LINE('',#2449,#2450);
#2449 = CARTESIAN_POINT('',(-4.370170592217,1.996428571429,
    18.500142857143));
#2450 = VECTOR('',#2451,1.);
#2451 = DIRECTION('',(1.,0.,0.));
#2452 = PLANE('',#2453);
#2453 = AXIS2_PLACEMENT_3D('',#2454,#2455,#2456);
#2454 = CARTESIAN_POINT('',(-4.370170592217,1.990857142857,
    18.522985714286));
#2455 = DIRECTION('',(-0.,0.971520338783,0.236956180191));
#2456 = DIRECTION('',(0.,0.236956180191,-0.971520338783));
#2457 = ADVANCED_FACE('',(#2458),#2476,.T.);
#2458 = FACE_BOUND('',#2459,.T.);
#2459 = EDGE_LOOP('',(#2460,#2461,#2462,#2470));
#2460 = ORIENTED_EDGE('',*,*,#873,.T.);
#2461 = ORIENTED_EDGE('',*,*,#2447,.T.);
#2462 = ORIENTED_EDGE('',*,*,#2463,.T.);
#2463 = EDGE_CURVE('',#2440,#2464,#2466,.T.);
#2464 = VERTEX_POINT('',#2465);
#2465 = CARTESIAN_POINT('',(-3.770170592217,2.0072,18.483057142857));
#2466 = LINE('',#2467,#2468);
#2467 = CARTESIAN_POINT('',(-3.770170592217,1.996428571429,
    18.500142857143));
#2468 = VECTOR('',#2469,1.);
#2469 = DIRECTION('',(-0.,0.533300923376,-0.845925602596));
#2470 = ORIENTED_EDGE('',*,*,#2471,.F.);
#2471 = EDGE_CURVE('',#866,#2464,#2472,.T.);
#2472 = LINE('',#2473,#2474);
#2473 = CARTESIAN_POINT('',(-4.370170592217,2.0072,18.483057142857));
#2474 = VECTOR('',#2475,1.);
#2475 = DIRECTION('',(1.,0.,0.));
#2476 = PLANE('',#2477);
#2477 = AXIS2_PLACEMENT_3D('',#2478,#2479,#2480);
#2478 = CARTESIAN_POINT('',(-4.370170592217,1.996428571429,
    18.500142857143));
#2479 = DIRECTION('',(-0.,0.845925602596,0.533300923376));
#2480 = DIRECTION('',(0.,0.533300923376,-0.845925602596));
#2481 = ADVANCED_FACE('',(#2482),#2500,.T.);
#2482 = FACE_BOUND('',#2483,.T.);
#2483 = EDGE_LOOP('',(#2484,#2485,#2486,#2494));
#2484 = ORIENTED_EDGE('',*,*,#865,.T.);
#2485 = ORIENTED_EDGE('',*,*,#2471,.T.);
#2486 = ORIENTED_EDGE('',*,*,#2487,.T.);
#2487 = EDGE_CURVE('',#2464,#2488,#2490,.T.);
#2488 = VERTEX_POINT('',#2489);
#2489 = CARTESIAN_POINT('',(-3.770170592217,2.018342857143,
    18.465971428571));
#2490 = LINE('',#2491,#2492);
#2491 = CARTESIAN_POINT('',(-3.770170592217,2.0072,18.483057142857));
#2492 = VECTOR('',#2493,1.);
#2493 = DIRECTION('',(-0.,0.546267780547,-0.837610596839));
#2494 = ORIENTED_EDGE('',*,*,#2495,.F.);
#2495 = EDGE_CURVE('',#858,#2488,#2496,.T.);
#2496 = LINE('',#2497,#2498);
#2497 = CARTESIAN_POINT('',(-4.370170592217,2.018342857143,
    18.465971428571));
#2498 = VECTOR('',#2499,1.);
#2499 = DIRECTION('',(1.,0.,0.));
#2500 = PLANE('',#2501);
#2501 = AXIS2_PLACEMENT_3D('',#2502,#2503,#2504);
#2502 = CARTESIAN_POINT('',(-4.370170592217,2.0072,18.483057142857));
#2503 = DIRECTION('',(-0.,0.837610596839,0.546267780547));
#2504 = DIRECTION('',(0.,0.546267780547,-0.837610596839));
#2505 = ADVANCED_FACE('',(#2506),#2524,.T.);
#2506 = FACE_BOUND('',#2507,.T.);
#2507 = EDGE_LOOP('',(#2508,#2509,#2510,#2518));
#2508 = ORIENTED_EDGE('',*,*,#857,.T.);
#2509 = ORIENTED_EDGE('',*,*,#2495,.T.);
#2510 = ORIENTED_EDGE('',*,*,#2511,.T.);
#2511 = EDGE_CURVE('',#2488,#2512,#2514,.T.);
#2512 = VERTEX_POINT('',#2513);
#2513 = CARTESIAN_POINT('',(-3.770170592217,2.0293,18.448885714286));
#2514 = LINE('',#2515,#2516);
#2515 = CARTESIAN_POINT('',(-3.770170592217,2.018342857143,
    18.465971428571));
#2516 = VECTOR('',#2517,1.);
#2517 = DIRECTION('',(-0.,0.539832384882,-0.841772532358));
#2518 = ORIENTED_EDGE('',*,*,#2519,.F.);
#2519 = EDGE_CURVE('',#850,#2512,#2520,.T.);
#2520 = LINE('',#2521,#2522);
#2521 = CARTESIAN_POINT('',(-4.370170592217,2.0293,18.448885714286));
#2522 = VECTOR('',#2523,1.);
#2523 = DIRECTION('',(1.,0.,0.));
#2524 = PLANE('',#2525);
#2525 = AXIS2_PLACEMENT_3D('',#2526,#2527,#2528);
#2526 = CARTESIAN_POINT('',(-4.370170592217,2.018342857143,
    18.465971428571));
#2527 = DIRECTION('',(-0.,0.841772532358,0.539832384882));
#2528 = DIRECTION('',(0.,0.539832384882,-0.841772532358));
#2529 = ADVANCED_FACE('',(#2530),#2548,.T.);
#2530 = FACE_BOUND('',#2531,.T.);
#2531 = EDGE_LOOP('',(#2532,#2533,#2534,#2542));
#2532 = ORIENTED_EDGE('',*,*,#849,.T.);
#2533 = ORIENTED_EDGE('',*,*,#2519,.T.);
#2534 = ORIENTED_EDGE('',*,*,#2535,.T.);
#2535 = EDGE_CURVE('',#2512,#2536,#2538,.T.);
#2536 = VERTEX_POINT('',#2537);
#2537 = CARTESIAN_POINT('',(-3.770170592217,2.045642857143,18.4318));
#2538 = LINE('',#2539,#2540);
#2539 = CARTESIAN_POINT('',(-3.770170592217,2.0293,18.448885714286));
#2540 = VECTOR('',#2541,1.);
#2541 = DIRECTION('',(-0.,0.691222645967,-0.722641857148));
#2542 = ORIENTED_EDGE('',*,*,#2543,.F.);
#2543 = EDGE_CURVE('',#842,#2536,#2544,.T.);
#2544 = LINE('',#2545,#2546);
#2545 = CARTESIAN_POINT('',(-4.370170592217,2.045642857143,18.4318));
#2546 = VECTOR('',#2547,1.);
#2547 = DIRECTION('',(1.,0.,0.));
#2548 = PLANE('',#2549);
#2549 = AXIS2_PLACEMENT_3D('',#2550,#2551,#2552);
#2550 = CARTESIAN_POINT('',(-4.370170592217,2.0293,18.448885714286));
#2551 = DIRECTION('',(-0.,0.722641857148,0.691222645967));
#2552 = DIRECTION('',(0.,0.691222645967,-0.722641857148));
#2553 = ADVANCED_FACE('',(#2554),#2572,.T.);
#2554 = FACE_BOUND('',#2555,.T.);
#2555 = EDGE_LOOP('',(#2556,#2557,#2558,#2566));
#2556 = ORIENTED_EDGE('',*,*,#841,.T.);
#2557 = ORIENTED_EDGE('',*,*,#2543,.T.);
#2558 = ORIENTED_EDGE('',*,*,#2559,.T.);
#2559 = EDGE_CURVE('',#2536,#2560,#2562,.T.);
#2560 = VERTEX_POINT('',#2561);
#2561 = CARTESIAN_POINT('',(-3.770170592217,2.061985714286,
    18.420285714286));
#2562 = LINE('',#2563,#2564);
#2563 = CARTESIAN_POINT('',(-3.770170592217,2.045642857143,18.4318));
#2564 = VECTOR('',#2565,1.);
#2565 = DIRECTION('',(-0.,0.817482433131,-0.575953532433));
#2566 = ORIENTED_EDGE('',*,*,#2567,.F.);
#2567 = EDGE_CURVE('',#834,#2560,#2568,.T.);
#2568 = LINE('',#2569,#2570);
#2569 = CARTESIAN_POINT('',(-4.370170592217,2.061985714286,
    18.420285714286));
#2570 = VECTOR('',#2571,1.);
#2571 = DIRECTION('',(1.,0.,0.));
#2572 = PLANE('',#2573);
#2573 = AXIS2_PLACEMENT_3D('',#2574,#2575,#2576);
#2574 = CARTESIAN_POINT('',(-4.370170592217,2.045642857143,18.4318));
#2575 = DIRECTION('',(-0.,0.575953532433,0.817482433131));
#2576 = DIRECTION('',(0.,0.817482433131,-0.575953532433));
#2577 = ADVANCED_FACE('',(#2578),#2596,.T.);
#2578 = FACE_BOUND('',#2579,.T.);
#2579 = EDGE_LOOP('',(#2580,#2581,#2582,#2590));
#2580 = ORIENTED_EDGE('',*,*,#833,.T.);
#2581 = ORIENTED_EDGE('',*,*,#2567,.T.);
#2582 = ORIENTED_EDGE('',*,*,#2583,.T.);
#2583 = EDGE_CURVE('',#2560,#2584,#2586,.T.);
#2584 = VERTEX_POINT('',#2585);
#2585 = CARTESIAN_POINT('',(-3.770170592217,2.0787,18.414528571429));
#2586 = LINE('',#2587,#2588);
#2587 = CARTESIAN_POINT('',(-3.770170592217,2.061985714286,
    18.420285714286));
#2588 = VECTOR('',#2589,1.);
#2589 = DIRECTION('',(-0.,0.945484566827,-0.325666906351));
#2590 = ORIENTED_EDGE('',*,*,#2591,.F.);
#2591 = EDGE_CURVE('',#826,#2584,#2592,.T.);
#2592 = LINE('',#2593,#2594);
#2593 = CARTESIAN_POINT('',(-4.370170592217,2.0787,18.414528571429));
#2594 = VECTOR('',#2595,1.);
#2595 = DIRECTION('',(1.,0.,0.));
#2596 = PLANE('',#2597);
#2597 = AXIS2_PLACEMENT_3D('',#2598,#2599,#2600);
#2598 = CARTESIAN_POINT('',(-4.370170592217,2.061985714286,
    18.420285714286));
#2599 = DIRECTION('',(-0.,0.325666906351,0.945484566827));
#2600 = DIRECTION('',(0.,0.945484566827,-0.325666906351));
#2601 = ADVANCED_FACE('',(#2602),#2620,.T.);
#2602 = FACE_BOUND('',#2603,.T.);
#2603 = EDGE_LOOP('',(#2604,#2605,#2606,#2614));
#2604 = ORIENTED_EDGE('',*,*,#825,.T.);
#2605 = ORIENTED_EDGE('',*,*,#2591,.T.);
#2606 = ORIENTED_EDGE('',*,*,#2607,.T.);
#2607 = EDGE_CURVE('',#2584,#2608,#2610,.T.);
#2608 = VERTEX_POINT('',#2609);
#2609 = CARTESIAN_POINT('',(-3.770170592217,2.100428571429,18.4032));
#2610 = LINE('',#2611,#2612);
#2611 = CARTESIAN_POINT('',(-3.770170592217,2.0787,18.414528571429));
#2612 = VECTOR('',#2613,1.);
#2613 = DIRECTION('',(-0.,0.886719943005,-0.462306978832));
#2614 = ORIENTED_EDGE('',*,*,#2615,.F.);
#2615 = EDGE_CURVE('',#818,#2608,#2616,.T.);
#2616 = LINE('',#2617,#2618);
#2617 = CARTESIAN_POINT('',(-4.370170592217,2.100428571429,18.4032));
#2618 = VECTOR('',#2619,1.);
#2619 = DIRECTION('',(1.,0.,0.));
#2620 = PLANE('',#2621);
#2621 = AXIS2_PLACEMENT_3D('',#2622,#2623,#2624);
#2622 = CARTESIAN_POINT('',(-4.370170592217,2.0787,18.414528571429));
#2623 = DIRECTION('',(-0.,0.462306978832,0.886719943005));
#2624 = DIRECTION('',(0.,0.886719943005,-0.462306978832));
#2625 = ADVANCED_FACE('',(#2626),#2651,.T.);
#2626 = FACE_BOUND('',#2627,.T.);
#2627 = EDGE_LOOP('',(#2628,#2629,#2637,#2645));
#2628 = ORIENTED_EDGE('',*,*,#809,.T.);
#2629 = ORIENTED_EDGE('',*,*,#2630,.T.);
#2630 = EDGE_CURVE('',#810,#2631,#2633,.T.);
#2631 = VERTEX_POINT('',#2632);
#2632 = CARTESIAN_POINT('',(-3.770170592217,3.873628571429,18.4032));
#2633 = LINE('',#2634,#2635);
#2634 = CARTESIAN_POINT('',(-4.370170592217,3.873628571429,18.4032));
#2635 = VECTOR('',#2636,1.);
#2636 = DIRECTION('',(1.,0.,0.));
#2637 = ORIENTED_EDGE('',*,*,#2638,.T.);
#2638 = EDGE_CURVE('',#2631,#2639,#2641,.T.);
#2639 = VERTEX_POINT('',#2640);
#2640 = CARTESIAN_POINT('',(-3.770170592217,3.902042857143,
    18.414528571429));
#2641 = LINE('',#2642,#2643);
#2642 = CARTESIAN_POINT('',(-3.770170592217,3.873628571429,18.4032));
#2643 = VECTOR('',#2644,1.);
#2644 = DIRECTION('',(0.,0.92889480482,0.370343680353));
#2645 = ORIENTED_EDGE('',*,*,#2646,.F.);
#2646 = EDGE_CURVE('',#802,#2639,#2647,.T.);
#2647 = LINE('',#2648,#2649);
#2648 = CARTESIAN_POINT('',(-4.370170592217,3.902042857143,
    18.414528571429));
#2649 = VECTOR('',#2650,1.);
#2650 = DIRECTION('',(1.,0.,0.));
#2651 = PLANE('',#2652);
#2652 = AXIS2_PLACEMENT_3D('',#2653,#2654,#2655);
#2653 = CARTESIAN_POINT('',(-4.370170592217,3.873628571429,18.4032));
#2654 = DIRECTION('',(0.,-0.370343680353,0.92889480482));
#2655 = DIRECTION('',(0.,0.92889480482,0.370343680353));
#2656 = ADVANCED_FACE('',(#2657),#2675,.T.);
#2657 = FACE_BOUND('',#2658,.T.);
#2658 = EDGE_LOOP('',(#2659,#2660,#2661,#2669));
#2659 = ORIENTED_EDGE('',*,*,#801,.T.);
#2660 = ORIENTED_EDGE('',*,*,#2646,.T.);
#2661 = ORIENTED_EDGE('',*,*,#2662,.T.);
#2662 = EDGE_CURVE('',#2639,#2663,#2665,.T.);
#2663 = VERTEX_POINT('',#2664);
#2664 = CARTESIAN_POINT('',(-3.770170592217,3.919128571429,
    18.426042857143));
#2665 = LINE('',#2666,#2667);
#2666 = CARTESIAN_POINT('',(-3.770170592217,3.902042857143,
    18.414528571429));
#2667 = VECTOR('',#2668,1.);
#2668 = DIRECTION('',(0.,0.829266427591,0.558853462072));
#2669 = ORIENTED_EDGE('',*,*,#2670,.F.);
#2670 = EDGE_CURVE('',#794,#2663,#2671,.T.);
#2671 = LINE('',#2672,#2673);
#2672 = CARTESIAN_POINT('',(-4.370170592217,3.919128571429,
    18.426042857143));
#2673 = VECTOR('',#2674,1.);
#2674 = DIRECTION('',(1.,0.,0.));
#2675 = PLANE('',#2676);
#2676 = AXIS2_PLACEMENT_3D('',#2677,#2678,#2679);
#2677 = CARTESIAN_POINT('',(-4.370170592217,3.902042857143,
    18.414528571429));
#2678 = DIRECTION('',(0.,-0.558853462072,0.829266427591));
#2679 = DIRECTION('',(0.,0.829266427591,0.558853462072));
#2680 = ADVANCED_FACE('',(#2681),#2699,.T.);
#2681 = FACE_BOUND('',#2682,.T.);
#2682 = EDGE_LOOP('',(#2683,#2684,#2685,#2693));
#2683 = ORIENTED_EDGE('',*,*,#793,.T.);
#2684 = ORIENTED_EDGE('',*,*,#2670,.T.);
#2685 = ORIENTED_EDGE('',*,*,#2686,.T.);
#2686 = EDGE_CURVE('',#2663,#2687,#2689,.T.);
#2687 = VERTEX_POINT('',#2688);
#2688 = CARTESIAN_POINT('',(-3.770170592217,3.941971428571,
    18.443128571429));
#2689 = LINE('',#2690,#2691);
#2690 = CARTESIAN_POINT('',(-3.770170592217,3.919128571429,
    18.426042857143));
#2691 = VECTOR('',#2692,1.);
#2692 = DIRECTION('',(0.,0.80078057117,0.598957825591));
#2693 = ORIENTED_EDGE('',*,*,#2694,.F.);
#2694 = EDGE_CURVE('',#786,#2687,#2695,.T.);
#2695 = LINE('',#2696,#2697);
#2696 = CARTESIAN_POINT('',(-4.370170592217,3.941971428571,
    18.443128571429));
#2697 = VECTOR('',#2698,1.);
#2698 = DIRECTION('',(1.,0.,0.));
#2699 = PLANE('',#2700);
#2700 = AXIS2_PLACEMENT_3D('',#2701,#2702,#2703);
#2701 = CARTESIAN_POINT('',(-4.370170592217,3.919128571429,
    18.426042857143));
#2702 = DIRECTION('',(0.,-0.598957825591,0.80078057117));
#2703 = DIRECTION('',(0.,0.80078057117,0.598957825591));
#2704 = ADVANCED_FACE('',(#2705),#2723,.T.);
#2705 = FACE_BOUND('',#2706,.T.);
#2706 = EDGE_LOOP('',(#2707,#2708,#2709,#2717));
#2707 = ORIENTED_EDGE('',*,*,#785,.T.);
#2708 = ORIENTED_EDGE('',*,*,#2694,.T.);
#2709 = ORIENTED_EDGE('',*,*,#2710,.T.);
#2710 = EDGE_CURVE('',#2687,#2711,#2713,.T.);
#2711 = VERTEX_POINT('',#2712);
#2712 = CARTESIAN_POINT('',(-3.770170592217,3.959057142857,
    18.460214285714));
#2713 = LINE('',#2714,#2715);
#2714 = CARTESIAN_POINT('',(-3.770170592217,3.941971428571,
    18.443128571429));
#2715 = VECTOR('',#2716,1.);
#2716 = DIRECTION('',(0.,0.707106781187,0.707106781187));
#2717 = ORIENTED_EDGE('',*,*,#2718,.F.);
#2718 = EDGE_CURVE('',#778,#2711,#2719,.T.);
#2719 = LINE('',#2720,#2721);
#2720 = CARTESIAN_POINT('',(-4.370170592217,3.959057142857,
    18.460214285714));
#2721 = VECTOR('',#2722,1.);
#2722 = DIRECTION('',(1.,0.,0.));
#2723 = PLANE('',#2724);
#2724 = AXIS2_PLACEMENT_3D('',#2725,#2726,#2727);
#2725 = CARTESIAN_POINT('',(-4.370170592217,3.941971428571,
    18.443128571429));
#2726 = DIRECTION('',(0.,-0.707106781187,0.707106781187));
#2727 = DIRECTION('',(0.,0.707106781187,0.707106781187));
#2728 = ADVANCED_FACE('',(#2729),#2747,.T.);
#2729 = FACE_BOUND('',#2730,.T.);
#2730 = EDGE_LOOP('',(#2731,#2732,#2733,#2741));
#2731 = ORIENTED_EDGE('',*,*,#777,.T.);
#2732 = ORIENTED_EDGE('',*,*,#2718,.T.);
#2733 = ORIENTED_EDGE('',*,*,#2734,.T.);
#2734 = EDGE_CURVE('',#2711,#2735,#2737,.T.);
#2735 = VERTEX_POINT('',#2736);
#2736 = CARTESIAN_POINT('',(-3.770170592217,3.970571428571,
    18.483057142857));
#2737 = LINE('',#2738,#2739);
#2738 = CARTESIAN_POINT('',(-3.770170592217,3.959057142857,
    18.460214285714));
#2739 = VECTOR('',#2740,1.);
#2740 = DIRECTION('',(0.,0.450115207469,0.892970492237));
#2741 = ORIENTED_EDGE('',*,*,#2742,.F.);
#2742 = EDGE_CURVE('',#770,#2735,#2743,.T.);
#2743 = LINE('',#2744,#2745);
#2744 = CARTESIAN_POINT('',(-4.370170592217,3.970571428571,
    18.483057142857));
#2745 = VECTOR('',#2746,1.);
#2746 = DIRECTION('',(1.,0.,0.));
#2747 = PLANE('',#2748);
#2748 = AXIS2_PLACEMENT_3D('',#2749,#2750,#2751);
#2749 = CARTESIAN_POINT('',(-4.370170592217,3.959057142857,
    18.460214285714));
#2750 = DIRECTION('',(0.,-0.892970492237,0.450115207469));
#2751 = DIRECTION('',(0.,0.450115207469,0.892970492237));
#2752 = ADVANCED_FACE('',(#2753),#2771,.T.);
#2753 = FACE_BOUND('',#2754,.T.);
#2754 = EDGE_LOOP('',(#2755,#2756,#2757,#2765));
#2755 = ORIENTED_EDGE('',*,*,#769,.T.);
#2756 = ORIENTED_EDGE('',*,*,#2742,.T.);
#2757 = ORIENTED_EDGE('',*,*,#2758,.T.);
#2758 = EDGE_CURVE('',#2735,#2759,#2761,.T.);
#2759 = VERTEX_POINT('',#2760);
#2760 = CARTESIAN_POINT('',(-3.770170592217,3.9819,18.5059));
#2761 = LINE('',#2762,#2763);
#2762 = CARTESIAN_POINT('',(-3.770170592217,3.970571428571,
    18.483057142857));
#2763 = VECTOR('',#2764,1.);
#2764 = DIRECTION('',(0.,0.444297794845,0.895879160097));
#2765 = ORIENTED_EDGE('',*,*,#2766,.F.);
#2766 = EDGE_CURVE('',#762,#2759,#2767,.T.);
#2767 = LINE('',#2768,#2769);
#2768 = CARTESIAN_POINT('',(-4.370170592217,3.9819,18.5059));
#2769 = VECTOR('',#2770,1.);
#2770 = DIRECTION('',(1.,0.,0.));
#2771 = PLANE('',#2772);
#2772 = AXIS2_PLACEMENT_3D('',#2773,#2774,#2775);
#2773 = CARTESIAN_POINT('',(-4.370170592217,3.970571428571,
    18.483057142857));
#2774 = DIRECTION('',(0.,-0.895879160097,0.444297794845));
#2775 = DIRECTION('',(0.,0.444297794845,0.895879160097));
#2776 = ADVANCED_FACE('',(#2777),#2795,.T.);
#2777 = FACE_BOUND('',#2778,.T.);
#2778 = EDGE_LOOP('',(#2779,#2780,#2781,#2789));
#2779 = ORIENTED_EDGE('',*,*,#761,.T.);
#2780 = ORIENTED_EDGE('',*,*,#2766,.T.);
#2781 = ORIENTED_EDGE('',*,*,#2782,.T.);
#2782 = EDGE_CURVE('',#2759,#2783,#2785,.T.);
#2783 = VERTEX_POINT('',#2784);
#2784 = CARTESIAN_POINT('',(-3.770170592217,3.987657142857,18.5345));
#2785 = LINE('',#2786,#2787);
#2786 = CARTESIAN_POINT('',(-3.770170592217,3.9819,18.5059));
#2787 = VECTOR('',#2788,1.);
#2788 = DIRECTION('',(0.,0.197340176951,0.980335072596));
#2789 = ORIENTED_EDGE('',*,*,#2790,.F.);
#2790 = EDGE_CURVE('',#754,#2783,#2791,.T.);
#2791 = LINE('',#2792,#2793);
#2792 = CARTESIAN_POINT('',(-4.370170592217,3.987657142857,18.5345));
#2793 = VECTOR('',#2794,1.);
#2794 = DIRECTION('',(1.,0.,0.));
#2795 = PLANE('',#2796);
#2796 = AXIS2_PLACEMENT_3D('',#2797,#2798,#2799);
#2797 = CARTESIAN_POINT('',(-4.370170592217,3.9819,18.5059));
#2798 = DIRECTION('',(0.,-0.980335072596,0.197340176951));
#2799 = DIRECTION('',(0.,0.197340176951,0.980335072596));
#2800 = ADVANCED_FACE('',(#2801),#2819,.T.);
#2801 = FACE_BOUND('',#2802,.T.);
#2802 = EDGE_LOOP('',(#2803,#2804,#2805,#2813));
#2803 = ORIENTED_EDGE('',*,*,#753,.T.);
#2804 = ORIENTED_EDGE('',*,*,#2790,.T.);
#2805 = ORIENTED_EDGE('',*,*,#2806,.T.);
#2806 = EDGE_CURVE('',#2783,#2807,#2809,.T.);
#2807 = VERTEX_POINT('',#2808);
#2808 = CARTESIAN_POINT('',(-3.770170592217,3.987657142857,
    20.143342857143));
#2809 = LINE('',#2810,#2811);
#2810 = CARTESIAN_POINT('',(-3.770170592217,3.987657142857,18.5345));
#2811 = VECTOR('',#2812,1.);
#2812 = DIRECTION('',(0.,0.,1.));
#2813 = ORIENTED_EDGE('',*,*,#2814,.F.);
#2814 = EDGE_CURVE('',#746,#2807,#2815,.T.);
#2815 = LINE('',#2816,#2817);
#2816 = CARTESIAN_POINT('',(-4.370170592217,3.987657142857,
    20.143342857143));
#2817 = VECTOR('',#2818,1.);
#2818 = DIRECTION('',(1.,0.,0.));
#2819 = PLANE('',#2820);
#2820 = AXIS2_PLACEMENT_3D('',#2821,#2822,#2823);
#2821 = CARTESIAN_POINT('',(-4.370170592217,3.987657142857,18.5345));
#2822 = DIRECTION('',(0.,-1.,0.));
#2823 = DIRECTION('',(0.,0.,1.));
#2824 = ADVANCED_FACE('',(#2825),#2843,.T.);
#2825 = FACE_BOUND('',#2826,.T.);
#2826 = EDGE_LOOP('',(#2827,#2828,#2829,#2837));
#2827 = ORIENTED_EDGE('',*,*,#745,.T.);
#2828 = ORIENTED_EDGE('',*,*,#2814,.T.);
#2829 = ORIENTED_EDGE('',*,*,#2830,.T.);
#2830 = EDGE_CURVE('',#2807,#2831,#2833,.T.);
#2831 = VERTEX_POINT('',#2832);
#2832 = CARTESIAN_POINT('',(-3.770170592217,3.9819,20.177514285714));
#2833 = LINE('',#2834,#2835);
#2834 = CARTESIAN_POINT('',(-3.770170592217,3.987657142857,
    20.143342857143));
#2835 = VECTOR('',#2836,1.);
#2836 = DIRECTION('',(0.,-0.166136868447,0.98610270304));
#2837 = ORIENTED_EDGE('',*,*,#2838,.F.);
#2838 = EDGE_CURVE('',#738,#2831,#2839,.T.);
#2839 = LINE('',#2840,#2841);
#2840 = CARTESIAN_POINT('',(-4.370170592217,3.9819,20.177514285714));
#2841 = VECTOR('',#2842,1.);
#2842 = DIRECTION('',(1.,0.,0.));
#2843 = PLANE('',#2844);
#2844 = AXIS2_PLACEMENT_3D('',#2845,#2846,#2847);
#2845 = CARTESIAN_POINT('',(-4.370170592217,3.987657142857,
    20.143342857143));
#2846 = DIRECTION('',(0.,-0.98610270304,-0.166136868447));
#2847 = DIRECTION('',(0.,-0.166136868447,0.98610270304));
#2848 = ADVANCED_FACE('',(#2849),#2867,.T.);
#2849 = FACE_BOUND('',#2850,.T.);
#2850 = EDGE_LOOP('',(#2851,#2852,#2853,#2861));
#2851 = ORIENTED_EDGE('',*,*,#737,.T.);
#2852 = ORIENTED_EDGE('',*,*,#2838,.T.);
#2853 = ORIENTED_EDGE('',*,*,#2854,.T.);
#2854 = EDGE_CURVE('',#2831,#2855,#2857,.T.);
#2855 = VERTEX_POINT('',#2856);
#2856 = CARTESIAN_POINT('',(-3.770170592217,3.976328571429,
    20.217442857143));
#2857 = LINE('',#2858,#2859);
#2858 = CARTESIAN_POINT('',(-3.770170592217,3.9819,20.177514285714));
#2859 = VECTOR('',#2860,1.);
#2860 = DIRECTION('',(0.,-0.138196031911,0.990404895365));
#2861 = ORIENTED_EDGE('',*,*,#2862,.F.);
#2862 = EDGE_CURVE('',#730,#2855,#2863,.T.);
#2863 = LINE('',#2864,#2865);
#2864 = CARTESIAN_POINT('',(-4.370170592217,3.976328571429,
    20.217442857143));
#2865 = VECTOR('',#2866,1.);
#2866 = DIRECTION('',(1.,0.,0.));
#2867 = PLANE('',#2868);
#2868 = AXIS2_PLACEMENT_3D('',#2869,#2870,#2871);
#2869 = CARTESIAN_POINT('',(-4.370170592217,3.9819,20.177514285714));
#2870 = DIRECTION('',(0.,-0.990404895365,-0.138196031911));
#2871 = DIRECTION('',(0.,-0.138196031911,0.990404895365));
#2872 = ADVANCED_FACE('',(#2873),#2891,.T.);
#2873 = FACE_BOUND('',#2874,.T.);
#2874 = EDGE_LOOP('',(#2875,#2876,#2877,#2885));
#2875 = ORIENTED_EDGE('',*,*,#729,.T.);
#2876 = ORIENTED_EDGE('',*,*,#2862,.T.);
#2877 = ORIENTED_EDGE('',*,*,#2878,.T.);
#2878 = EDGE_CURVE('',#2855,#2879,#2881,.T.);
#2879 = VERTEX_POINT('',#2880);
#2880 = CARTESIAN_POINT('',(-3.770170592217,3.970571428571,
    20.263128571429));
#2881 = LINE('',#2882,#2883);
#2882 = CARTESIAN_POINT('',(-3.770170592217,3.976328571429,
    20.217442857143));
#2883 = VECTOR('',#2884,1.);
#2884 = DIRECTION('',(0.,-0.125027446277,0.992153283358));
#2885 = ORIENTED_EDGE('',*,*,#2886,.F.);
#2886 = EDGE_CURVE('',#722,#2879,#2887,.T.);
#2887 = LINE('',#2888,#2889);
#2888 = CARTESIAN_POINT('',(-4.370170592217,3.970571428571,
    20.263128571429));
#2889 = VECTOR('',#2890,1.);
#2890 = DIRECTION('',(1.,0.,0.));
#2891 = PLANE('',#2892);
#2892 = AXIS2_PLACEMENT_3D('',#2893,#2894,#2895);
#2893 = CARTESIAN_POINT('',(-4.370170592217,3.976328571429,
    20.217442857143));
#2894 = DIRECTION('',(0.,-0.992153283358,-0.125027446277));
#2895 = DIRECTION('',(0.,-0.125027446277,0.992153283358));
#2896 = ADVANCED_FACE('',(#2897),#2915,.T.);
#2897 = FACE_BOUND('',#2898,.T.);
#2898 = EDGE_LOOP('',(#2899,#2900,#2901,#2909));
#2899 = ORIENTED_EDGE('',*,*,#721,.T.);
#2900 = ORIENTED_EDGE('',*,*,#2886,.T.);
#2901 = ORIENTED_EDGE('',*,*,#2902,.T.);
#2902 = EDGE_CURVE('',#2879,#2903,#2905,.T.);
#2903 = VERTEX_POINT('',#2904);
#2904 = CARTESIAN_POINT('',(-3.770170592217,3.959057142857,
    20.291542857143));
#2905 = LINE('',#2906,#2907);
#2906 = CARTESIAN_POINT('',(-3.770170592217,3.970571428571,
    20.263128571429));
#2907 = VECTOR('',#2908,1.);
#2908 = DIRECTION('',(0.,-0.375564497639,0.926796260304));
#2909 = ORIENTED_EDGE('',*,*,#2910,.F.);
#2910 = EDGE_CURVE('',#714,#2903,#2911,.T.);
#2911 = LINE('',#2912,#2913);
#2912 = CARTESIAN_POINT('',(-4.370170592217,3.959057142857,
    20.291542857143));
#2913 = VECTOR('',#2914,1.);
#2914 = DIRECTION('',(1.,0.,0.));
#2915 = PLANE('',#2916);
#2916 = AXIS2_PLACEMENT_3D('',#2917,#2918,#2919);
#2917 = CARTESIAN_POINT('',(-4.370170592217,3.970571428571,
    20.263128571429));
#2918 = DIRECTION('',(0.,-0.926796260304,-0.375564497639));
#2919 = DIRECTION('',(0.,-0.375564497639,0.926796260304));
#2920 = ADVANCED_FACE('',(#2921),#2939,.T.);
#2921 = FACE_BOUND('',#2922,.T.);
#2922 = EDGE_LOOP('',(#2923,#2924,#2925,#2933));
#2923 = ORIENTED_EDGE('',*,*,#713,.T.);
#2924 = ORIENTED_EDGE('',*,*,#2910,.T.);
#2925 = ORIENTED_EDGE('',*,*,#2926,.T.);
#2926 = EDGE_CURVE('',#2903,#2927,#2929,.T.);
#2927 = VERTEX_POINT('',#2928);
#2928 = CARTESIAN_POINT('',(-3.770170592217,3.947728571429,
    20.331471428571));
#2929 = LINE('',#2930,#2931);
#2930 = CARTESIAN_POINT('',(-3.770170592217,3.959057142857,
    20.291542857143));
#2931 = VECTOR('',#2932,1.);
#2932 = DIRECTION('',(0.,-0.272947724844,0.962028866252));
#2933 = ORIENTED_EDGE('',*,*,#2934,.F.);
#2934 = EDGE_CURVE('',#706,#2927,#2935,.T.);
#2935 = LINE('',#2936,#2937);
#2936 = CARTESIAN_POINT('',(-4.370170592217,3.947728571429,
    20.331471428571));
#2937 = VECTOR('',#2938,1.);
#2938 = DIRECTION('',(1.,0.,0.));
#2939 = PLANE('',#2940);
#2940 = AXIS2_PLACEMENT_3D('',#2941,#2942,#2943);
#2941 = CARTESIAN_POINT('',(-4.370170592217,3.959057142857,
    20.291542857143));
#2942 = DIRECTION('',(0.,-0.962028866252,-0.272947724844));
#2943 = DIRECTION('',(0.,-0.272947724844,0.962028866252));
#2944 = ADVANCED_FACE('',(#2945),#2963,.T.);
#2945 = FACE_BOUND('',#2946,.T.);
#2946 = EDGE_LOOP('',(#2947,#2948,#2949,#2957));
#2947 = ORIENTED_EDGE('',*,*,#705,.T.);
#2948 = ORIENTED_EDGE('',*,*,#2934,.T.);
#2949 = ORIENTED_EDGE('',*,*,#2950,.T.);
#2950 = EDGE_CURVE('',#2927,#2951,#2953,.T.);
#2951 = VERTEX_POINT('',#2952);
#2952 = CARTESIAN_POINT('',(-3.770170592217,3.930642857143,
    20.360071428571));
#2953 = LINE('',#2954,#2955);
#2954 = CARTESIAN_POINT('',(-3.770170592217,3.947728571429,
    20.331471428571));
#2955 = VECTOR('',#2956,1.);
#2956 = DIRECTION('',(0.,-0.512855252126,0.85847509595));
#2957 = ORIENTED_EDGE('',*,*,#2958,.F.);
#2958 = EDGE_CURVE('',#698,#2951,#2959,.T.);
#2959 = LINE('',#2960,#2961);
#2960 = CARTESIAN_POINT('',(-4.370170592217,3.930642857143,
    20.360071428571));
#2961 = VECTOR('',#2962,1.);
#2962 = DIRECTION('',(1.,0.,0.));
#2963 = PLANE('',#2964);
#2964 = AXIS2_PLACEMENT_3D('',#2965,#2966,#2967);
#2965 = CARTESIAN_POINT('',(-4.370170592217,3.947728571429,
    20.331471428571));
#2966 = DIRECTION('',(0.,-0.85847509595,-0.512855252126));
#2967 = DIRECTION('',(0.,-0.512855252126,0.85847509595));
#2968 = ADVANCED_FACE('',(#2969),#2987,.T.);
#2969 = FACE_BOUND('',#2970,.T.);
#2970 = EDGE_LOOP('',(#2971,#2972,#2973,#2981));
#2971 = ORIENTED_EDGE('',*,*,#697,.T.);
#2972 = ORIENTED_EDGE('',*,*,#2958,.T.);
#2973 = ORIENTED_EDGE('',*,*,#2974,.T.);
#2974 = EDGE_CURVE('',#2951,#2975,#2977,.T.);
#2975 = VERTEX_POINT('',#2976);
#2976 = CARTESIAN_POINT('',(-3.770170592217,3.913557142857,20.4));
#2977 = LINE('',#2978,#2979);
#2978 = CARTESIAN_POINT('',(-3.770170592217,3.930642857143,
    20.360071428571));
#2979 = VECTOR('',#2980,1.);
#2980 = DIRECTION('',(0.,-0.393403152889,0.919366063816));
#2981 = ORIENTED_EDGE('',*,*,#2982,.F.);
#2982 = EDGE_CURVE('',#690,#2975,#2983,.T.);
#2983 = LINE('',#2984,#2985);
#2984 = CARTESIAN_POINT('',(-4.370170592217,3.913557142857,20.4));
#2985 = VECTOR('',#2986,1.);
#2986 = DIRECTION('',(1.,0.,0.));
#2987 = PLANE('',#2988);
#2988 = AXIS2_PLACEMENT_3D('',#2989,#2990,#2991);
#2989 = CARTESIAN_POINT('',(-4.370170592217,3.930642857143,
    20.360071428571));
#2990 = DIRECTION('',(0.,-0.919366063816,-0.393403152889));
#2991 = DIRECTION('',(0.,-0.393403152889,0.919366063816));
#2992 = ADVANCED_FACE('',(#2993),#3011,.T.);
#2993 = FACE_BOUND('',#2994,.T.);
#2994 = EDGE_LOOP('',(#2995,#2996,#2997,#3005));
#2995 = ORIENTED_EDGE('',*,*,#689,.T.);
#2996 = ORIENTED_EDGE('',*,*,#2982,.T.);
#2997 = ORIENTED_EDGE('',*,*,#2998,.T.);
#2998 = EDGE_CURVE('',#2975,#2999,#3001,.T.);
#2999 = VERTEX_POINT('',#3000);
#3000 = CARTESIAN_POINT('',(-3.770170592217,3.896285714286,20.4286));
#3001 = LINE('',#3002,#3003);
#3002 = CARTESIAN_POINT('',(-3.770170592217,3.913557142857,20.4));
#3003 = VECTOR('',#3004,1.);
#3004 = DIRECTION('',(0.,-0.51694595675,0.856018035908));
#3005 = ORIENTED_EDGE('',*,*,#3006,.F.);
#3006 = EDGE_CURVE('',#682,#2999,#3007,.T.);
#3007 = LINE('',#3008,#3009);
#3008 = CARTESIAN_POINT('',(-4.370170592217,3.896285714286,20.4286));
#3009 = VECTOR('',#3010,1.);
#3010 = DIRECTION('',(1.,0.,0.));
#3011 = PLANE('',#3012);
#3012 = AXIS2_PLACEMENT_3D('',#3013,#3014,#3015);
#3013 = CARTESIAN_POINT('',(-4.370170592217,3.913557142857,20.4));
#3014 = DIRECTION('',(0.,-0.856018035908,-0.51694595675));
#3015 = DIRECTION('',(0.,-0.51694595675,0.856018035908));
#3016 = ADVANCED_FACE('',(#3017),#3035,.T.);
#3017 = FACE_BOUND('',#3018,.T.);
#3018 = EDGE_LOOP('',(#3019,#3020,#3021,#3029));
#3019 = ORIENTED_EDGE('',*,*,#681,.T.);
#3020 = ORIENTED_EDGE('',*,*,#3006,.T.);
#3021 = ORIENTED_EDGE('',*,*,#3022,.T.);
#3022 = EDGE_CURVE('',#2999,#3023,#3025,.T.);
#3023 = VERTEX_POINT('',#3024);
#3024 = CARTESIAN_POINT('',(-3.770170592217,3.862114285714,20.4741));
#3025 = LINE('',#3026,#3027);
#3026 = CARTESIAN_POINT('',(-3.770170592217,3.896285714286,20.4286));
#3027 = VECTOR('',#3028,1.);
#3028 = DIRECTION('',(0.,-0.600522065279,0.799608184746));
#3029 = ORIENTED_EDGE('',*,*,#3030,.F.);
#3030 = EDGE_CURVE('',#674,#3023,#3031,.T.);
#3031 = LINE('',#3032,#3033);
#3032 = CARTESIAN_POINT('',(-4.370170592217,3.862114285714,20.4741));
#3033 = VECTOR('',#3034,1.);
#3034 = DIRECTION('',(1.,0.,0.));
#3035 = PLANE('',#3036);
#3036 = AXIS2_PLACEMENT_3D('',#3037,#3038,#3039);
#3037 = CARTESIAN_POINT('',(-4.370170592217,3.896285714286,20.4286));
#3038 = DIRECTION('',(0.,-0.799608184746,-0.600522065279));
#3039 = DIRECTION('',(0.,-0.600522065279,0.799608184746));
#3040 = ADVANCED_FACE('',(#3041),#3066,.T.);
#3041 = FACE_BOUND('',#3042,.T.);
#3042 = EDGE_LOOP('',(#3043,#3044,#3052,#3060));
#3043 = ORIENTED_EDGE('',*,*,#665,.T.);
#3044 = ORIENTED_EDGE('',*,*,#3045,.T.);
#3045 = EDGE_CURVE('',#666,#3046,#3048,.T.);
#3046 = VERTEX_POINT('',#3047);
#3047 = CARTESIAN_POINT('',(-3.770170592217,3.7765,20.559714285714));
#3048 = LINE('',#3049,#3050);
#3049 = CARTESIAN_POINT('',(-4.370170592217,3.7765,20.559714285714));
#3050 = VECTOR('',#3051,1.);
#3051 = DIRECTION('',(1.,0.,0.));
#3052 = ORIENTED_EDGE('',*,*,#3053,.T.);
#3053 = EDGE_CURVE('',#3046,#3054,#3056,.T.);
#3054 = VERTEX_POINT('',#3055);
#3055 = CARTESIAN_POINT('',(-3.770170592217,3.736571428571,
    20.588314285714));
#3056 = LINE('',#3057,#3058);
#3057 = CARTESIAN_POINT('',(-3.770170592217,3.7765,20.559714285714));
#3058 = VECTOR('',#3059,1.);
#3059 = DIRECTION('',(0.,-0.812966296417,0.58231074255));
#3060 = ORIENTED_EDGE('',*,*,#3061,.F.);
#3061 = EDGE_CURVE('',#658,#3054,#3062,.T.);
#3062 = LINE('',#3063,#3064);
#3063 = CARTESIAN_POINT('',(-4.370170592217,3.736571428571,
    20.588314285714));
#3064 = VECTOR('',#3065,1.);
#3065 = DIRECTION('',(1.,0.,0.));
#3066 = PLANE('',#3067);
#3067 = AXIS2_PLACEMENT_3D('',#3068,#3069,#3070);
#3068 = CARTESIAN_POINT('',(-4.370170592217,3.7765,20.559714285714));
#3069 = DIRECTION('',(0.,-0.58231074255,-0.812966296417));
#3070 = DIRECTION('',(0.,-0.812966296417,0.58231074255));
#3071 = ADVANCED_FACE('',(#3072),#3090,.T.);
#3072 = FACE_BOUND('',#3073,.T.);
#3073 = EDGE_LOOP('',(#3074,#3075,#3076,#3084));
#3074 = ORIENTED_EDGE('',*,*,#657,.T.);
#3075 = ORIENTED_EDGE('',*,*,#3061,.T.);
#3076 = ORIENTED_EDGE('',*,*,#3077,.T.);
#3077 = EDGE_CURVE('',#3054,#3078,#3080,.T.);
#3078 = VERTEX_POINT('',#3079);
#3079 = CARTESIAN_POINT('',(-3.770170592217,3.685314285714,
    20.616728571429));
#3080 = LINE('',#3081,#3082);
#3081 = CARTESIAN_POINT('',(-3.770170592217,3.736571428571,
    20.588314285714));
#3082 = VECTOR('',#3083,1.);
#3083 = DIRECTION('',(0.,-0.874605327038,0.484835561728));
#3084 = ORIENTED_EDGE('',*,*,#3085,.F.);
#3085 = EDGE_CURVE('',#650,#3078,#3086,.T.);
#3086 = LINE('',#3087,#3088);
#3087 = CARTESIAN_POINT('',(-4.370170592217,3.685314285714,
    20.616728571429));
#3088 = VECTOR('',#3089,1.);
#3089 = DIRECTION('',(1.,0.,0.));
#3090 = PLANE('',#3091);
#3091 = AXIS2_PLACEMENT_3D('',#3092,#3093,#3094);
#3092 = CARTESIAN_POINT('',(-4.370170592217,3.736571428571,
    20.588314285714));
#3093 = DIRECTION('',(0.,-0.484835561728,-0.874605327038));
#3094 = DIRECTION('',(0.,-0.874605327038,0.484835561728));
#3095 = ADVANCED_FACE('',(#3096),#3114,.T.);
#3096 = FACE_BOUND('',#3097,.T.);
#3097 = EDGE_LOOP('',(#3098,#3099,#3100,#3108));
#3098 = ORIENTED_EDGE('',*,*,#649,.T.);
#3099 = ORIENTED_EDGE('',*,*,#3085,.T.);
#3100 = ORIENTED_EDGE('',*,*,#3101,.T.);
#3101 = EDGE_CURVE('',#3078,#3102,#3104,.T.);
#3102 = VERTEX_POINT('',#3103);
#3103 = CARTESIAN_POINT('',(-3.770170592217,3.639628571429,
    20.639571428571));
#3104 = LINE('',#3105,#3106);
#3105 = CARTESIAN_POINT('',(-3.770170592217,3.685314285714,
    20.616728571429));
#3106 = VECTOR('',#3107,1.);
#3107 = DIRECTION('',(0.,-0.894427191,0.4472135955));
#3108 = ORIENTED_EDGE('',*,*,#3109,.F.);
#3109 = EDGE_CURVE('',#642,#3102,#3110,.T.);
#3110 = LINE('',#3111,#3112);
#3111 = CARTESIAN_POINT('',(-4.370170592217,3.639628571429,
    20.639571428571));
#3112 = VECTOR('',#3113,1.);
#3113 = DIRECTION('',(1.,0.,0.));
#3114 = PLANE('',#3115);
#3115 = AXIS2_PLACEMENT_3D('',#3116,#3117,#3118);
#3116 = CARTESIAN_POINT('',(-4.370170592217,3.685314285714,
    20.616728571429));
#3117 = DIRECTION('',(0.,-0.4472135955,-0.894427191));
#3118 = DIRECTION('',(0.,-0.894427191,0.4472135955));
#3119 = ADVANCED_FACE('',(#3120),#3138,.T.);
#3120 = FACE_BOUND('',#3121,.T.);
#3121 = EDGE_LOOP('',(#3122,#3123,#3124,#3132));
#3122 = ORIENTED_EDGE('',*,*,#641,.T.);
#3123 = ORIENTED_EDGE('',*,*,#3109,.T.);
#3124 = ORIENTED_EDGE('',*,*,#3125,.T.);
#3125 = EDGE_CURVE('',#3102,#3126,#3128,.T.);
#3126 = VERTEX_POINT('',#3127);
#3127 = CARTESIAN_POINT('',(-3.770170592217,3.582614285714,
    20.662414285714));
#3128 = LINE('',#3129,#3130);
#3129 = CARTESIAN_POINT('',(-3.770170592217,3.639628571429,
    20.639571428571));
#3130 = VECTOR('',#3131,1.);
#3131 = DIRECTION('',(0.,-0.928268015265,0.371911940969));
#3132 = ORIENTED_EDGE('',*,*,#3133,.F.);
#3133 = EDGE_CURVE('',#634,#3126,#3134,.T.);
#3134 = LINE('',#3135,#3136);
#3135 = CARTESIAN_POINT('',(-4.370170592217,3.582614285714,
    20.662414285714));
#3136 = VECTOR('',#3137,1.);
#3137 = DIRECTION('',(1.,0.,0.));
#3138 = PLANE('',#3139);
#3139 = AXIS2_PLACEMENT_3D('',#3140,#3141,#3142);
#3140 = CARTESIAN_POINT('',(-4.370170592217,3.639628571429,
    20.639571428571));
#3141 = DIRECTION('',(0.,-0.371911940969,-0.928268015265));
#3142 = DIRECTION('',(0.,-0.928268015265,0.371911940969));
#3143 = ADVANCED_FACE('',(#3144),#3162,.T.);
#3144 = FACE_BOUND('',#3145,.T.);
#3145 = EDGE_LOOP('',(#3146,#3147,#3148,#3156));
#3146 = ORIENTED_EDGE('',*,*,#633,.T.);
#3147 = ORIENTED_EDGE('',*,*,#3133,.T.);
#3148 = ORIENTED_EDGE('',*,*,#3149,.T.);
#3149 = EDGE_CURVE('',#3126,#3150,#3152,.T.);
#3150 = VERTEX_POINT('',#3151);
#3151 = CARTESIAN_POINT('',(-3.770170592217,3.5256,20.673928571429));
#3152 = LINE('',#3153,#3154);
#3153 = CARTESIAN_POINT('',(-3.770170592217,3.582614285714,
    20.662414285714));
#3154 = VECTOR('',#3155,1.);
#3155 = DIRECTION('',(0.,-0.980210537667,0.197957828454));
#3156 = ORIENTED_EDGE('',*,*,#3157,.F.);
#3157 = EDGE_CURVE('',#626,#3150,#3158,.T.);
#3158 = LINE('',#3159,#3160);
#3159 = CARTESIAN_POINT('',(-4.370170592217,3.5256,20.673928571429));
#3160 = VECTOR('',#3161,1.);
#3161 = DIRECTION('',(1.,0.,0.));
#3162 = PLANE('',#3163);
#3163 = AXIS2_PLACEMENT_3D('',#3164,#3165,#3166);
#3164 = CARTESIAN_POINT('',(-4.370170592217,3.582614285714,
    20.662414285714));
#3165 = DIRECTION('',(0.,-0.197957828454,-0.980210537667));
#3166 = DIRECTION('',(0.,-0.980210537667,0.197957828454));
#3167 = ADVANCED_FACE('',(#3168),#3186,.T.);
#3168 = FACE_BOUND('',#3169,.T.);
#3169 = EDGE_LOOP('',(#3170,#3171,#3172,#3180));
#3170 = ORIENTED_EDGE('',*,*,#625,.T.);
#3171 = ORIENTED_EDGE('',*,*,#3157,.T.);
#3172 = ORIENTED_EDGE('',*,*,#3173,.T.);
#3173 = EDGE_CURVE('',#3150,#3174,#3176,.T.);
#3174 = VERTEX_POINT('',#3175);
#3175 = CARTESIAN_POINT('',(-3.770170592217,3.474157142857,20.6795));
#3176 = LINE('',#3177,#3178);
#3177 = CARTESIAN_POINT('',(-3.770170592217,3.5256,20.673928571429));
#3178 = VECTOR('',#3179,1.);
#3179 = DIRECTION('',(0.,-0.994186297691,0.107673606248));
#3180 = ORIENTED_EDGE('',*,*,#3181,.F.);
#3181 = EDGE_CURVE('',#618,#3174,#3182,.T.);
#3182 = LINE('',#3183,#3184);
#3183 = CARTESIAN_POINT('',(-4.370170592217,3.474157142857,20.6795));
#3184 = VECTOR('',#3185,1.);
#3185 = DIRECTION('',(1.,0.,0.));
#3186 = PLANE('',#3187);
#3187 = AXIS2_PLACEMENT_3D('',#3188,#3189,#3190);
#3188 = CARTESIAN_POINT('',(-4.370170592217,3.5256,20.673928571429));
#3189 = DIRECTION('',(0.,-0.107673606248,-0.994186297691));
#3190 = DIRECTION('',(0.,-0.994186297691,0.107673606248));
#3191 = ADVANCED_FACE('',(#3192),#3210,.T.);
#3192 = FACE_BOUND('',#3193,.T.);
#3193 = EDGE_LOOP('',(#3194,#3195,#3196,#3204));
#3194 = ORIENTED_EDGE('',*,*,#617,.T.);
#3195 = ORIENTED_EDGE('',*,*,#3181,.T.);
#3196 = ORIENTED_EDGE('',*,*,#3197,.T.);
#3197 = EDGE_CURVE('',#3174,#3198,#3200,.T.);
#3198 = VERTEX_POINT('',#3199);
#3199 = CARTESIAN_POINT('',(-3.770170592217,3.417142857143,
    20.685257142857));
#3200 = LINE('',#3201,#3202);
#3201 = CARTESIAN_POINT('',(-3.770170592217,3.474157142857,20.6795));
#3202 = VECTOR('',#3203,1.);
#3203 = DIRECTION('',(0.,-0.994940461748,0.100466300698));
#3204 = ORIENTED_EDGE('',*,*,#3205,.F.);
#3205 = EDGE_CURVE('',#610,#3198,#3206,.T.);
#3206 = LINE('',#3207,#3208);
#3207 = CARTESIAN_POINT('',(-4.370170592217,3.417142857143,
    20.685257142857));
#3208 = VECTOR('',#3209,1.);
#3209 = DIRECTION('',(1.,0.,0.));
#3210 = PLANE('',#3211);
#3211 = AXIS2_PLACEMENT_3D('',#3212,#3213,#3214);
#3212 = CARTESIAN_POINT('',(-4.370170592217,3.474157142857,20.6795));
#3213 = DIRECTION('',(0.,-0.100466300698,-0.994940461748));
#3214 = DIRECTION('',(0.,-0.994940461748,0.100466300698));
#3215 = ADVANCED_FACE('',(#3216),#3234,.T.);
#3216 = FACE_BOUND('',#3217,.T.);
#3217 = EDGE_LOOP('',(#3218,#3219,#3220,#3228));
#3218 = ORIENTED_EDGE('',*,*,#609,.T.);
#3219 = ORIENTED_EDGE('',*,*,#3205,.T.);
#3220 = ORIENTED_EDGE('',*,*,#3221,.T.);
#3221 = EDGE_CURVE('',#3198,#3222,#3224,.T.);
#3222 = VERTEX_POINT('',#3223);
#3223 = CARTESIAN_POINT('',(-3.770170592217,2.561371428571,
    20.685257142857));
#3224 = LINE('',#3225,#3226);
#3225 = CARTESIAN_POINT('',(-3.770170592217,3.417142857143,
    20.685257142857));
#3226 = VECTOR('',#3227,1.);
#3227 = DIRECTION('',(0.,-1.,0.));
#3228 = ORIENTED_EDGE('',*,*,#3229,.F.);
#3229 = EDGE_CURVE('',#602,#3222,#3230,.T.);
#3230 = LINE('',#3231,#3232);
#3231 = CARTESIAN_POINT('',(-4.370170592217,2.561371428571,
    20.685257142857));
#3232 = VECTOR('',#3233,1.);
#3233 = DIRECTION('',(1.,0.,0.));
#3234 = PLANE('',#3235);
#3235 = AXIS2_PLACEMENT_3D('',#3236,#3237,#3238);
#3236 = CARTESIAN_POINT('',(-4.370170592217,3.417142857143,
    20.685257142857));
#3237 = DIRECTION('',(0.,0.,-1.));
#3238 = DIRECTION('',(0.,-1.,0.));
#3239 = ADVANCED_FACE('',(#3240),#3258,.T.);
#3240 = FACE_BOUND('',#3241,.T.);
#3241 = EDGE_LOOP('',(#3242,#3243,#3244,#3252));
#3242 = ORIENTED_EDGE('',*,*,#601,.T.);
#3243 = ORIENTED_EDGE('',*,*,#3229,.T.);
#3244 = ORIENTED_EDGE('',*,*,#3245,.T.);
#3245 = EDGE_CURVE('',#3222,#3246,#3248,.T.);
#3246 = VERTEX_POINT('',#3247);
#3247 = CARTESIAN_POINT('',(-3.770170592217,2.561371428571,
    21.826285714286));
#3248 = LINE('',#3249,#3250);
#3249 = CARTESIAN_POINT('',(-3.770170592217,2.561371428571,
    20.685257142857));
#3250 = VECTOR('',#3251,1.);
#3251 = DIRECTION('',(0.,0.,1.));
#3252 = ORIENTED_EDGE('',*,*,#3253,.F.);
#3253 = EDGE_CURVE('',#594,#3246,#3254,.T.);
#3254 = LINE('',#3255,#3256);
#3255 = CARTESIAN_POINT('',(-4.370170592217,2.561371428571,
    21.826285714286));
#3256 = VECTOR('',#3257,1.);
#3257 = DIRECTION('',(1.,0.,0.));
#3258 = PLANE('',#3259);
#3259 = AXIS2_PLACEMENT_3D('',#3260,#3261,#3262);
#3260 = CARTESIAN_POINT('',(-4.370170592217,2.561371428571,
    20.685257142857));
#3261 = DIRECTION('',(0.,-1.,0.));
#3262 = DIRECTION('',(0.,0.,1.));
#3263 = ADVANCED_FACE('',(#3264),#3289,.T.);
#3264 = FACE_BOUND('',#3265,.T.);
#3265 = EDGE_LOOP('',(#3266,#3267,#3275,#3283));
#3266 = ORIENTED_EDGE('',*,*,#585,.T.);
#3267 = ORIENTED_EDGE('',*,*,#3268,.T.);
#3268 = EDGE_CURVE('',#586,#3269,#3271,.T.);
#3269 = VERTEX_POINT('',#3270);
#3270 = CARTESIAN_POINT('',(-3.770170592217,3.742328571429,
    21.826285714286));
#3271 = LINE('',#3272,#3273);
#3272 = CARTESIAN_POINT('',(-4.370170592217,3.742328571429,
    21.826285714286));
#3273 = VECTOR('',#3274,1.);
#3274 = DIRECTION('',(1.,0.,0.));
#3275 = ORIENTED_EDGE('',*,*,#3276,.T.);
#3276 = EDGE_CURVE('',#3269,#3277,#3279,.T.);
#3277 = VERTEX_POINT('',#3278);
#3278 = CARTESIAN_POINT('',(-3.770170592217,3.782257142857,
    21.837614285714));
#3279 = LINE('',#3280,#3281);
#3280 = CARTESIAN_POINT('',(-3.770170592217,3.742328571429,
    21.826285714286));
#3281 = VECTOR('',#3282,1.);
#3282 = DIRECTION('',(0.,0.962028866252,0.272947724844));
#3283 = ORIENTED_EDGE('',*,*,#3284,.F.);
#3284 = EDGE_CURVE('',#578,#3277,#3285,.T.);
#3285 = LINE('',#3286,#3287);
#3286 = CARTESIAN_POINT('',(-4.370170592217,3.782257142857,
    21.837614285714));
#3287 = VECTOR('',#3288,1.);
#3288 = DIRECTION('',(1.,0.,0.));
#3289 = PLANE('',#3290);
#3290 = AXIS2_PLACEMENT_3D('',#3291,#3292,#3293);
#3291 = CARTESIAN_POINT('',(-4.370170592217,3.742328571429,
    21.826285714286));
#3292 = DIRECTION('',(0.,-0.272947724844,0.962028866252));
#3293 = DIRECTION('',(0.,0.962028866252,0.272947724844));
#3294 = ADVANCED_FACE('',(#3295),#3313,.T.);
#3295 = FACE_BOUND('',#3296,.T.);
#3296 = EDGE_LOOP('',(#3297,#3298,#3299,#3307));
#3297 = ORIENTED_EDGE('',*,*,#577,.T.);
#3298 = ORIENTED_EDGE('',*,*,#3284,.T.);
#3299 = ORIENTED_EDGE('',*,*,#3300,.T.);
#3300 = EDGE_CURVE('',#3277,#3301,#3303,.T.);
#3301 = VERTEX_POINT('',#3302);
#3302 = CARTESIAN_POINT('',(-3.770170592217,3.8051,21.843371428571));
#3303 = LINE('',#3304,#3305);
#3304 = CARTESIAN_POINT('',(-3.770170592217,3.782257142857,
    21.837614285714));
#3305 = VECTOR('',#3306,1.);
#3306 = DIRECTION('',(0.,0.969676988372,0.244390135281));
#3307 = ORIENTED_EDGE('',*,*,#3308,.F.);
#3308 = EDGE_CURVE('',#570,#3301,#3309,.T.);
#3309 = LINE('',#3310,#3311);
#3310 = CARTESIAN_POINT('',(-4.370170592217,3.8051,21.843371428571));
#3311 = VECTOR('',#3312,1.);
#3312 = DIRECTION('',(1.,0.,0.));
#3313 = PLANE('',#3314);
#3314 = AXIS2_PLACEMENT_3D('',#3315,#3316,#3317);
#3315 = CARTESIAN_POINT('',(-4.370170592217,3.782257142857,
    21.837614285714));
#3316 = DIRECTION('',(0.,-0.244390135281,0.969676988372));
#3317 = DIRECTION('',(0.,0.969676988372,0.244390135281));
#3318 = ADVANCED_FACE('',(#3319),#3337,.T.);
#3319 = FACE_BOUND('',#3320,.T.);
#3320 = EDGE_LOOP('',(#3321,#3322,#3323,#3331));
#3321 = ORIENTED_EDGE('',*,*,#569,.T.);
#3322 = ORIENTED_EDGE('',*,*,#3308,.T.);
#3323 = ORIENTED_EDGE('',*,*,#3324,.T.);
#3324 = EDGE_CURVE('',#3301,#3325,#3327,.T.);
#3325 = VERTEX_POINT('',#3326);
#3326 = CARTESIAN_POINT('',(-3.770170592217,3.8337,21.860457142857));
#3327 = LINE('',#3328,#3329);
#3328 = CARTESIAN_POINT('',(-3.770170592217,3.8051,21.843371428571));
#3329 = VECTOR('',#3330,1.);
#3330 = DIRECTION('',(0.,0.85847509595,0.512855252126));
#3331 = ORIENTED_EDGE('',*,*,#3332,.F.);
#3332 = EDGE_CURVE('',#562,#3325,#3333,.T.);
#3333 = LINE('',#3334,#3335);
#3334 = CARTESIAN_POINT('',(-4.370170592217,3.8337,21.860457142857));
#3335 = VECTOR('',#3336,1.);
#3336 = DIRECTION('',(1.,0.,0.));
#3337 = PLANE('',#3338);
#3338 = AXIS2_PLACEMENT_3D('',#3339,#3340,#3341);
#3339 = CARTESIAN_POINT('',(-4.370170592217,3.8051,21.843371428571));
#3340 = DIRECTION('',(0.,-0.512855252126,0.85847509595));
#3341 = DIRECTION('',(0.,0.85847509595,0.512855252126));
#3342 = ADVANCED_FACE('',(#3343),#3361,.T.);
#3343 = FACE_BOUND('',#3344,.T.);
#3344 = EDGE_LOOP('',(#3345,#3346,#3347,#3355));
#3345 = ORIENTED_EDGE('',*,*,#561,.T.);
#3346 = ORIENTED_EDGE('',*,*,#3332,.T.);
#3347 = ORIENTED_EDGE('',*,*,#3348,.T.);
#3348 = EDGE_CURVE('',#3325,#3349,#3351,.T.);
#3349 = VERTEX_POINT('',#3350);
#3350 = CARTESIAN_POINT('',(-3.770170592217,3.862114285714,
    21.871971428571));
#3351 = LINE('',#3352,#3353);
#3352 = CARTESIAN_POINT('',(-3.770170592217,3.8337,21.860457142857));
#3353 = VECTOR('',#3354,1.);
#3354 = DIRECTION('',(0.,0.926796260304,0.375564497639));
#3355 = ORIENTED_EDGE('',*,*,#3356,.F.);
#3356 = EDGE_CURVE('',#554,#3349,#3357,.T.);
#3357 = LINE('',#3358,#3359);
#3358 = CARTESIAN_POINT('',(-4.370170592217,3.862114285714,
    21.871971428571));
#3359 = VECTOR('',#3360,1.);
#3360 = DIRECTION('',(1.,0.,0.));
#3361 = PLANE('',#3362);
#3362 = AXIS2_PLACEMENT_3D('',#3363,#3364,#3365);
#3363 = CARTESIAN_POINT('',(-4.370170592217,3.8337,21.860457142857));
#3364 = DIRECTION('',(0.,-0.375564497639,0.926796260304));
#3365 = DIRECTION('',(0.,0.926796260304,0.375564497639));
#3366 = ADVANCED_FACE('',(#3367),#3385,.T.);
#3367 = FACE_BOUND('',#3368,.T.);
#3368 = EDGE_LOOP('',(#3369,#3370,#3371,#3379));
#3369 = ORIENTED_EDGE('',*,*,#553,.T.);
#3370 = ORIENTED_EDGE('',*,*,#3356,.T.);
#3371 = ORIENTED_EDGE('',*,*,#3372,.T.);
#3372 = EDGE_CURVE('',#3349,#3373,#3375,.T.);
#3373 = VERTEX_POINT('',#3374);
#3374 = CARTESIAN_POINT('',(-3.770170592217,3.884957142857,
    21.894814285714));
#3375 = LINE('',#3376,#3377);
#3376 = CARTESIAN_POINT('',(-3.770170592217,3.862114285714,
    21.871971428571));
#3377 = VECTOR('',#3378,1.);
#3378 = DIRECTION('',(0.,0.707106781187,0.707106781187));
#3379 = ORIENTED_EDGE('',*,*,#3380,.F.);
#3380 = EDGE_CURVE('',#546,#3373,#3381,.T.);
#3381 = LINE('',#3382,#3383);
#3382 = CARTESIAN_POINT('',(-4.370170592217,3.884957142857,
    21.894814285714));
#3383 = VECTOR('',#3384,1.);
#3384 = DIRECTION('',(1.,0.,0.));
#3385 = PLANE('',#3386);
#3386 = AXIS2_PLACEMENT_3D('',#3387,#3388,#3389);
#3387 = CARTESIAN_POINT('',(-4.370170592217,3.862114285714,
    21.871971428571));
#3388 = DIRECTION('',(0.,-0.707106781187,0.707106781187));
#3389 = DIRECTION('',(0.,0.707106781187,0.707106781187));
#3390 = ADVANCED_FACE('',(#3391),#3409,.T.);
#3391 = FACE_BOUND('',#3392,.T.);
#3392 = EDGE_LOOP('',(#3393,#3394,#3395,#3403));
#3393 = ORIENTED_EDGE('',*,*,#545,.T.);
#3394 = ORIENTED_EDGE('',*,*,#3380,.T.);
#3395 = ORIENTED_EDGE('',*,*,#3396,.T.);
#3396 = EDGE_CURVE('',#3373,#3397,#3399,.T.);
#3397 = VERTEX_POINT('',#3398);
#3398 = CARTESIAN_POINT('',(-3.770170592217,3.9078,21.9119));
#3399 = LINE('',#3400,#3401);
#3400 = CARTESIAN_POINT('',(-3.770170592217,3.884957142857,
    21.894814285714));
#3401 = VECTOR('',#3402,1.);
#3402 = DIRECTION('',(0.,0.80078057117,0.598957825591));
#3403 = ORIENTED_EDGE('',*,*,#3404,.F.);
#3404 = EDGE_CURVE('',#538,#3397,#3405,.T.);
#3405 = LINE('',#3406,#3407);
#3406 = CARTESIAN_POINT('',(-4.370170592217,3.9078,21.9119));
#3407 = VECTOR('',#3408,1.);
#3408 = DIRECTION('',(1.,0.,0.));
#3409 = PLANE('',#3410);
#3410 = AXIS2_PLACEMENT_3D('',#3411,#3412,#3413);
#3411 = CARTESIAN_POINT('',(-4.370170592217,3.884957142857,
    21.894814285714));
#3412 = DIRECTION('',(0.,-0.598957825591,0.80078057117));
#3413 = DIRECTION('',(0.,0.80078057117,0.598957825591));
#3414 = ADVANCED_FACE('',(#3415),#3433,.T.);
#3415 = FACE_BOUND('',#3416,.T.);
#3416 = EDGE_LOOP('',(#3417,#3418,#3419,#3427));
#3417 = ORIENTED_EDGE('',*,*,#537,.T.);
#3418 = ORIENTED_EDGE('',*,*,#3404,.T.);
#3419 = ORIENTED_EDGE('',*,*,#3420,.T.);
#3420 = EDGE_CURVE('',#3397,#3421,#3423,.T.);
#3421 = VERTEX_POINT('',#3422);
#3422 = CARTESIAN_POINT('',(-3.770170592217,3.924885714286,
    21.934742857143));
#3423 = LINE('',#3424,#3425);
#3424 = CARTESIAN_POINT('',(-3.770170592217,3.9078,21.9119));
#3425 = VECTOR('',#3426,1.);
#3426 = DIRECTION('',(0.,0.598957825591,0.80078057117));
#3427 = ORIENTED_EDGE('',*,*,#3428,.F.);
#3428 = EDGE_CURVE('',#530,#3421,#3429,.T.);
#3429 = LINE('',#3430,#3431);
#3430 = CARTESIAN_POINT('',(-4.370170592217,3.924885714286,
    21.934742857143));
#3431 = VECTOR('',#3432,1.);
#3432 = DIRECTION('',(1.,0.,0.));
#3433 = PLANE('',#3434);
#3434 = AXIS2_PLACEMENT_3D('',#3435,#3436,#3437);
#3435 = CARTESIAN_POINT('',(-4.370170592217,3.9078,21.9119));
#3436 = DIRECTION('',(0.,-0.80078057117,0.598957825591));
#3437 = DIRECTION('',(0.,0.598957825591,0.80078057117));
#3438 = ADVANCED_FACE('',(#3439),#3457,.T.);
#3439 = FACE_BOUND('',#3440,.T.);
#3440 = EDGE_LOOP('',(#3441,#3442,#3443,#3451));
#3441 = ORIENTED_EDGE('',*,*,#529,.T.);
#3442 = ORIENTED_EDGE('',*,*,#3428,.T.);
#3443 = ORIENTED_EDGE('',*,*,#3444,.T.);
#3444 = EDGE_CURVE('',#3421,#3445,#3447,.T.);
#3445 = VERTEX_POINT('',#3446);
#3446 = CARTESIAN_POINT('',(-3.770170592217,3.941971428571,
    21.963157142857));
#3447 = LINE('',#3448,#3449);
#3448 = CARTESIAN_POINT('',(-3.770170592217,3.924885714286,
    21.934742857143));
#3449 = VECTOR('',#3450,1.);
#3450 = DIRECTION('',(0.,0.515319238054,0.856998298068));
#3451 = ORIENTED_EDGE('',*,*,#3452,.F.);
#3452 = EDGE_CURVE('',#522,#3445,#3453,.T.);
#3453 = LINE('',#3454,#3455);
#3454 = CARTESIAN_POINT('',(-4.370170592217,3.941971428571,
    21.963157142857));
#3455 = VECTOR('',#3456,1.);
#3456 = DIRECTION('',(1.,0.,0.));
#3457 = PLANE('',#3458);
#3458 = AXIS2_PLACEMENT_3D('',#3459,#3460,#3461);
#3459 = CARTESIAN_POINT('',(-4.370170592217,3.924885714286,
    21.934742857143));
#3460 = DIRECTION('',(0.,-0.856998298068,0.515319238054));
#3461 = DIRECTION('',(0.,0.515319238054,0.856998298068));
#3462 = ADVANCED_FACE('',(#3463),#3481,.T.);
#3463 = FACE_BOUND('',#3464,.T.);
#3464 = EDGE_LOOP('',(#3465,#3466,#3467,#3475));
#3465 = ORIENTED_EDGE('',*,*,#521,.T.);
#3466 = ORIENTED_EDGE('',*,*,#3452,.T.);
#3467 = ORIENTED_EDGE('',*,*,#3468,.T.);
#3468 = EDGE_CURVE('',#3445,#3469,#3471,.T.);
#3469 = VERTEX_POINT('',#3470);
#3470 = CARTESIAN_POINT('',(-3.770170592217,3.959057142857,21.986));
#3471 = LINE('',#3472,#3473);
#3472 = CARTESIAN_POINT('',(-3.770170592217,3.941971428571,
    21.963157142857));
#3473 = VECTOR('',#3474,1.);
#3474 = DIRECTION('',(0.,0.598957825591,0.80078057117));
#3475 = ORIENTED_EDGE('',*,*,#3476,.F.);
#3476 = EDGE_CURVE('',#514,#3469,#3477,.T.);
#3477 = LINE('',#3478,#3479);
#3478 = CARTESIAN_POINT('',(-4.370170592217,3.959057142857,21.986));
#3479 = VECTOR('',#3480,1.);
#3480 = DIRECTION('',(1.,0.,0.));
#3481 = PLANE('',#3482);
#3482 = AXIS2_PLACEMENT_3D('',#3483,#3484,#3485);
#3483 = CARTESIAN_POINT('',(-4.370170592217,3.941971428571,
    21.963157142857));
#3484 = DIRECTION('',(0.,-0.80078057117,0.598957825591));
#3485 = DIRECTION('',(0.,0.598957825591,0.80078057117));
#3486 = ADVANCED_FACE('',(#3487),#3505,.T.);
#3487 = FACE_BOUND('',#3488,.T.);
#3488 = EDGE_LOOP('',(#3489,#3490,#3491,#3499));
#3489 = ORIENTED_EDGE('',*,*,#513,.T.);
#3490 = ORIENTED_EDGE('',*,*,#3476,.T.);
#3491 = ORIENTED_EDGE('',*,*,#3492,.T.);
#3492 = EDGE_CURVE('',#3469,#3493,#3495,.T.);
#3493 = VERTEX_POINT('',#3494);
#3494 = CARTESIAN_POINT('',(-3.770170592217,3.970571428571,22.0146));
#3495 = LINE('',#3496,#3497);
#3496 = CARTESIAN_POINT('',(-3.770170592217,3.959057142857,21.986));
#3497 = VECTOR('',#3498,1.);
#3498 = DIRECTION('',(0.,0.373466870858,0.927643517938));
#3499 = ORIENTED_EDGE('',*,*,#3500,.F.);
#3500 = EDGE_CURVE('',#506,#3493,#3501,.T.);
#3501 = LINE('',#3502,#3503);
#3502 = CARTESIAN_POINT('',(-4.370170592217,3.970571428571,22.0146));
#3503 = VECTOR('',#3504,1.);
#3504 = DIRECTION('',(1.,0.,0.));
#3505 = PLANE('',#3506);
#3506 = AXIS2_PLACEMENT_3D('',#3507,#3508,#3509);
#3507 = CARTESIAN_POINT('',(-4.370170592217,3.959057142857,21.986));
#3508 = DIRECTION('',(0.,-0.927643517938,0.373466870858));
#3509 = DIRECTION('',(0.,0.373466870858,0.927643517938));
#3510 = ADVANCED_FACE('',(#3511),#3529,.T.);
#3511 = FACE_BOUND('',#3512,.T.);
#3512 = EDGE_LOOP('',(#3513,#3514,#3515,#3523));
#3513 = ORIENTED_EDGE('',*,*,#505,.T.);
#3514 = ORIENTED_EDGE('',*,*,#3500,.T.);
#3515 = ORIENTED_EDGE('',*,*,#3516,.T.);
#3516 = EDGE_CURVE('',#3493,#3517,#3519,.T.);
#3517 = VERTEX_POINT('',#3518);
#3518 = CARTESIAN_POINT('',(-3.770170592217,3.9819,22.043014285714));
#3519 = LINE('',#3520,#3521);
#3520 = CARTESIAN_POINT('',(-3.770170592217,3.970571428571,22.0146));
#3521 = VECTOR('',#3522,1.);
#3522 = DIRECTION('',(0.,0.370343680353,0.92889480482));
#3523 = ORIENTED_EDGE('',*,*,#3524,.F.);
#3524 = EDGE_CURVE('',#498,#3517,#3525,.T.);
#3525 = LINE('',#3526,#3527);
#3526 = CARTESIAN_POINT('',(-4.370170592217,3.9819,22.043014285714));
#3527 = VECTOR('',#3528,1.);
#3528 = DIRECTION('',(1.,0.,0.));
#3529 = PLANE('',#3530);
#3530 = AXIS2_PLACEMENT_3D('',#3531,#3532,#3533);
#3531 = CARTESIAN_POINT('',(-4.370170592217,3.970571428571,22.0146));
#3532 = DIRECTION('',(0.,-0.92889480482,0.370343680353));
#3533 = DIRECTION('',(0.,0.370343680353,0.92889480482));
#3534 = ADVANCED_FACE('',(#3535),#3553,.T.);
#3535 = FACE_BOUND('',#3536,.T.);
#3536 = EDGE_LOOP('',(#3537,#3538,#3539,#3547));
#3537 = ORIENTED_EDGE('',*,*,#497,.T.);
#3538 = ORIENTED_EDGE('',*,*,#3524,.T.);
#3539 = ORIENTED_EDGE('',*,*,#3540,.T.);
#3540 = EDGE_CURVE('',#3517,#3541,#3543,.T.);
#3541 = VERTEX_POINT('',#3542);
#3542 = CARTESIAN_POINT('',(-3.770170592217,3.987657142857,
    22.077371428571));
#3543 = LINE('',#3544,#3545);
#3544 = CARTESIAN_POINT('',(-3.770170592217,3.9819,22.043014285714));
#3545 = VECTOR('',#3546,1.);
#3546 = DIRECTION('',(0.,0.165263423329,0.986249461804));
#3547 = ORIENTED_EDGE('',*,*,#3548,.F.);
#3548 = EDGE_CURVE('',#490,#3541,#3549,.T.);
#3549 = LINE('',#3550,#3551);
#3550 = CARTESIAN_POINT('',(-4.370170592217,3.987657142857,
    22.077371428571));
#3551 = VECTOR('',#3552,1.);
#3552 = DIRECTION('',(1.,0.,0.));
#3553 = PLANE('',#3554);
#3554 = AXIS2_PLACEMENT_3D('',#3555,#3556,#3557);
#3555 = CARTESIAN_POINT('',(-4.370170592217,3.9819,22.043014285714));
#3556 = DIRECTION('',(0.,-0.986249461804,0.165263423329));
#3557 = DIRECTION('',(0.,0.165263423329,0.986249461804));
#3558 = ADVANCED_FACE('',(#3559),#3584,.T.);
#3559 = FACE_BOUND('',#3560,.T.);
#3560 = EDGE_LOOP('',(#3561,#3562,#3570,#3578));
#3561 = ORIENTED_EDGE('',*,*,#481,.T.);
#3562 = ORIENTED_EDGE('',*,*,#3563,.T.);
#3563 = EDGE_CURVE('',#482,#3564,#3566,.T.);
#3564 = VERTEX_POINT('',#3565);
#3565 = CARTESIAN_POINT('',(-3.770170592217,3.987657142857,
    22.134385714286));
#3566 = LINE('',#3567,#3568);
#3567 = CARTESIAN_POINT('',(-4.370170592217,3.987657142857,
    22.134385714286));
#3568 = VECTOR('',#3569,1.);
#3569 = DIRECTION('',(1.,0.,0.));
#3570 = ORIENTED_EDGE('',*,*,#3571,.T.);
#3571 = EDGE_CURVE('',#3564,#3572,#3574,.T.);
#3572 = VERTEX_POINT('',#3573);
#3573 = CARTESIAN_POINT('',(-3.770170592217,3.9819,22.1628));
#3574 = LINE('',#3575,#3576);
#3575 = CARTESIAN_POINT('',(-3.770170592217,3.987657142857,
    22.134385714286));
#3576 = VECTOR('',#3577,1.);
#3577 = DIRECTION('',(0.,-0.198579278868,0.980084827963));
#3578 = ORIENTED_EDGE('',*,*,#3579,.F.);
#3579 = EDGE_CURVE('',#474,#3572,#3580,.T.);
#3580 = LINE('',#3581,#3582);
#3581 = CARTESIAN_POINT('',(-4.370170592217,3.9819,22.1628));
#3582 = VECTOR('',#3583,1.);
#3583 = DIRECTION('',(1.,0.,0.));
#3584 = PLANE('',#3585);
#3585 = AXIS2_PLACEMENT_3D('',#3586,#3587,#3588);
#3586 = CARTESIAN_POINT('',(-4.370170592217,3.987657142857,
    22.134385714286));
#3587 = DIRECTION('',(0.,-0.980084827963,-0.198579278868));
#3588 = DIRECTION('',(0.,-0.198579278868,0.980084827963));
#3589 = ADVANCED_FACE('',(#3590),#3608,.T.);
#3590 = FACE_BOUND('',#3591,.T.);
#3591 = EDGE_LOOP('',(#3592,#3593,#3594,#3602));
#3592 = ORIENTED_EDGE('',*,*,#473,.T.);
#3593 = ORIENTED_EDGE('',*,*,#3579,.T.);
#3594 = ORIENTED_EDGE('',*,*,#3595,.T.);
#3595 = EDGE_CURVE('',#3572,#3596,#3598,.T.);
#3596 = VERTEX_POINT('',#3597);
#3597 = CARTESIAN_POINT('',(-3.770170592217,3.976328571429,22.1914));
#3598 = LINE('',#3599,#3600);
#3599 = CARTESIAN_POINT('',(-3.770170592217,3.9819,22.1628));
#3600 = VECTOR('',#3601,1.);
#3601 = DIRECTION('',(0.,-0.191210841639,0.981548987081));
#3602 = ORIENTED_EDGE('',*,*,#3603,.F.);
#3603 = EDGE_CURVE('',#466,#3596,#3604,.T.);
#3604 = LINE('',#3605,#3606);
#3605 = CARTESIAN_POINT('',(-4.370170592217,3.976328571429,22.1914));
#3606 = VECTOR('',#3607,1.);
#3607 = DIRECTION('',(1.,0.,0.));
#3608 = PLANE('',#3609);
#3609 = AXIS2_PLACEMENT_3D('',#3610,#3611,#3612);
#3610 = CARTESIAN_POINT('',(-4.370170592217,3.9819,22.1628));
#3611 = DIRECTION('',(0.,-0.981548987081,-0.191210841639));
#3612 = DIRECTION('',(0.,-0.191210841639,0.981548987081));
#3613 = ADVANCED_FACE('',(#3614),#3632,.T.);
#3614 = FACE_BOUND('',#3615,.T.);
#3615 = EDGE_LOOP('',(#3616,#3617,#3618,#3626));
#3616 = ORIENTED_EDGE('',*,*,#465,.T.);
#3617 = ORIENTED_EDGE('',*,*,#3603,.T.);
#3618 = ORIENTED_EDGE('',*,*,#3619,.T.);
#3619 = EDGE_CURVE('',#3596,#3620,#3622,.T.);
#3620 = VERTEX_POINT('',#3621);
#3621 = CARTESIAN_POINT('',(-3.770170592217,3.964814285714,22.22));
#3622 = LINE('',#3623,#3624);
#3623 = CARTESIAN_POINT('',(-3.770170592217,3.976328571429,22.1914));
#3624 = VECTOR('',#3625,1.);
#3625 = DIRECTION('',(0.,-0.373466870858,0.927643517938));
#3626 = ORIENTED_EDGE('',*,*,#3627,.F.);
#3627 = EDGE_CURVE('',#458,#3620,#3628,.T.);
#3628 = LINE('',#3629,#3630);
#3629 = CARTESIAN_POINT('',(-4.370170592217,3.964814285714,22.22));
#3630 = VECTOR('',#3631,1.);
#3631 = DIRECTION('',(1.,0.,0.));
#3632 = PLANE('',#3633);
#3633 = AXIS2_PLACEMENT_3D('',#3634,#3635,#3636);
#3634 = CARTESIAN_POINT('',(-4.370170592217,3.976328571429,22.1914));
#3635 = DIRECTION('',(0.,-0.927643517938,-0.373466870858));
#3636 = DIRECTION('',(0.,-0.373466870858,0.927643517938));
#3637 = ADVANCED_FACE('',(#3638),#3663,.T.);
#3638 = FACE_BOUND('',#3639,.T.);
#3639 = EDGE_LOOP('',(#3640,#3641,#3649,#3657));
#3640 = ORIENTED_EDGE('',*,*,#449,.T.);
#3641 = ORIENTED_EDGE('',*,*,#3642,.T.);
#3642 = EDGE_CURVE('',#450,#3643,#3645,.T.);
#3643 = VERTEX_POINT('',#3644);
#3644 = CARTESIAN_POINT('',(-3.770170592217,3.930642857143,
    22.288342857143));
#3645 = LINE('',#3646,#3647);
#3646 = CARTESIAN_POINT('',(-4.370170592217,3.930642857143,
    22.288342857143));
#3647 = VECTOR('',#3648,1.);
#3648 = DIRECTION('',(1.,0.,0.));
#3649 = ORIENTED_EDGE('',*,*,#3650,.T.);
#3650 = EDGE_CURVE('',#3643,#3651,#3653,.T.);
#3651 = VERTEX_POINT('',#3652);
#3652 = CARTESIAN_POINT('',(-3.770170592217,3.902042857143,
    22.316942857143));
#3653 = LINE('',#3654,#3655);
#3654 = CARTESIAN_POINT('',(-3.770170592217,3.930642857143,
    22.288342857143));
#3655 = VECTOR('',#3656,1.);
#3656 = DIRECTION('',(0.,-0.707106781187,0.707106781187));
#3657 = ORIENTED_EDGE('',*,*,#3658,.F.);
#3658 = EDGE_CURVE('',#442,#3651,#3659,.T.);
#3659 = LINE('',#3660,#3661);
#3660 = CARTESIAN_POINT('',(-4.370170592217,3.902042857143,
    22.316942857143));
#3661 = VECTOR('',#3662,1.);
#3662 = DIRECTION('',(1.,0.,0.));
#3663 = PLANE('',#3664);
#3664 = AXIS2_PLACEMENT_3D('',#3665,#3666,#3667);
#3665 = CARTESIAN_POINT('',(-4.370170592217,3.930642857143,
    22.288342857143));
#3666 = DIRECTION('',(0.,-0.707106781187,-0.707106781187));
#3667 = DIRECTION('',(0.,-0.707106781187,0.707106781187));
#3668 = ADVANCED_FACE('',(#3669),#3687,.T.);
#3669 = FACE_BOUND('',#3670,.T.);
#3670 = EDGE_LOOP('',(#3671,#3672,#3673,#3681));
#3671 = ORIENTED_EDGE('',*,*,#441,.T.);
#3672 = ORIENTED_EDGE('',*,*,#3658,.T.);
#3673 = ORIENTED_EDGE('',*,*,#3674,.T.);
#3674 = EDGE_CURVE('',#3651,#3675,#3677,.T.);
#3675 = VERTEX_POINT('',#3676);
#3676 = CARTESIAN_POINT('',(-3.770170592217,3.873628571429,
    22.339785714286));
#3677 = LINE('',#3678,#3679);
#3678 = CARTESIAN_POINT('',(-3.770170592217,3.902042857143,
    22.316942857143));
#3679 = VECTOR('',#3680,1.);
#3680 = DIRECTION('',(0.,-0.779375670806,0.626556911825));
#3681 = ORIENTED_EDGE('',*,*,#3682,.F.);
#3682 = EDGE_CURVE('',#434,#3675,#3683,.T.);
#3683 = LINE('',#3684,#3685);
#3684 = CARTESIAN_POINT('',(-4.370170592217,3.873628571429,
    22.339785714286));
#3685 = VECTOR('',#3686,1.);
#3686 = DIRECTION('',(1.,0.,0.));
#3687 = PLANE('',#3688);
#3688 = AXIS2_PLACEMENT_3D('',#3689,#3690,#3691);
#3689 = CARTESIAN_POINT('',(-4.370170592217,3.902042857143,
    22.316942857143));
#3690 = DIRECTION('',(0.,-0.626556911825,-0.779375670806));
#3691 = DIRECTION('',(0.,-0.779375670806,0.626556911825));
#3692 = ADVANCED_FACE('',(#3693),#3711,.T.);
#3693 = FACE_BOUND('',#3694,.T.);
#3694 = EDGE_LOOP('',(#3695,#3696,#3697,#3705));
#3695 = ORIENTED_EDGE('',*,*,#433,.T.);
#3696 = ORIENTED_EDGE('',*,*,#3682,.T.);
#3697 = ORIENTED_EDGE('',*,*,#3698,.T.);
#3698 = EDGE_CURVE('',#3675,#3699,#3701,.T.);
#3699 = VERTEX_POINT('',#3700);
#3700 = CARTESIAN_POINT('',(-3.770170592217,3.839271428571,
    22.362628571429));
#3701 = LINE('',#3702,#3703);
#3702 = CARTESIAN_POINT('',(-3.770170592217,3.873628571429,
    22.339785714286));
#3703 = VECTOR('',#3704,1.);
#3704 = DIRECTION('',(0.,-0.83274215499,0.553661000345));
#3705 = ORIENTED_EDGE('',*,*,#3706,.F.);
#3706 = EDGE_CURVE('',#426,#3699,#3707,.T.);
#3707 = LINE('',#3708,#3709);
#3708 = CARTESIAN_POINT('',(-4.370170592217,3.839271428571,
    22.362628571429));
#3709 = VECTOR('',#3710,1.);
#3710 = DIRECTION('',(1.,0.,0.));
#3711 = PLANE('',#3712);
#3712 = AXIS2_PLACEMENT_3D('',#3713,#3714,#3715);
#3713 = CARTESIAN_POINT('',(-4.370170592217,3.873628571429,
    22.339785714286));
#3714 = DIRECTION('',(0.,-0.553661000345,-0.83274215499));
#3715 = DIRECTION('',(0.,-0.83274215499,0.553661000345));
#3716 = ADVANCED_FACE('',(#3717),#3735,.T.);
#3717 = FACE_BOUND('',#3718,.T.);
#3718 = EDGE_LOOP('',(#3719,#3720,#3721,#3729));
#3719 = ORIENTED_EDGE('',*,*,#425,.T.);
#3720 = ORIENTED_EDGE('',*,*,#3706,.T.);
#3721 = ORIENTED_EDGE('',*,*,#3722,.T.);
#3722 = EDGE_CURVE('',#3699,#3723,#3725,.T.);
#3723 = VERTEX_POINT('',#3724);
#3724 = CARTESIAN_POINT('',(-3.770170592217,3.8051,22.379714285714));
#3725 = LINE('',#3726,#3727);
#3726 = CARTESIAN_POINT('',(-3.770170592217,3.839271428571,
    22.362628571429));
#3727 = VECTOR('',#3728,1.);
#3728 = DIRECTION('',(0.,-0.894427191,0.4472135955));
#3729 = ORIENTED_EDGE('',*,*,#3730,.F.);
#3730 = EDGE_CURVE('',#418,#3723,#3731,.T.);
#3731 = LINE('',#3732,#3733);
#3732 = CARTESIAN_POINT('',(-4.370170592217,3.8051,22.379714285714));
#3733 = VECTOR('',#3734,1.);
#3734 = DIRECTION('',(1.,0.,0.));
#3735 = PLANE('',#3736);
#3736 = AXIS2_PLACEMENT_3D('',#3737,#3738,#3739);
#3737 = CARTESIAN_POINT('',(-4.370170592217,3.839271428571,
    22.362628571429));
#3738 = DIRECTION('',(0.,-0.4472135955,-0.894427191));
#3739 = DIRECTION('',(0.,-0.894427191,0.4472135955));
#3740 = ADVANCED_FACE('',(#3741),#3759,.T.);
#3741 = FACE_BOUND('',#3742,.T.);
#3742 = EDGE_LOOP('',(#3743,#3744,#3745,#3753));
#3743 = ORIENTED_EDGE('',*,*,#417,.T.);
#3744 = ORIENTED_EDGE('',*,*,#3730,.T.);
#3745 = ORIENTED_EDGE('',*,*,#3746,.T.);
#3746 = EDGE_CURVE('',#3723,#3747,#3749,.T.);
#3747 = VERTEX_POINT('',#3748);
#3748 = CARTESIAN_POINT('',(-3.770170592217,3.765171428571,
    22.391042857143));
#3749 = LINE('',#3750,#3751);
#3750 = CARTESIAN_POINT('',(-3.770170592217,3.8051,22.379714285714));
#3751 = VECTOR('',#3752,1.);
#3752 = DIRECTION('',(0.,-0.962028866252,0.272947724844));
#3753 = ORIENTED_EDGE('',*,*,#3754,.F.);
#3754 = EDGE_CURVE('',#410,#3747,#3755,.T.);
#3755 = LINE('',#3756,#3757);
#3756 = CARTESIAN_POINT('',(-4.370170592217,3.765171428571,
    22.391042857143));
#3757 = VECTOR('',#3758,1.);
#3758 = DIRECTION('',(1.,0.,0.));
#3759 = PLANE('',#3760);
#3760 = AXIS2_PLACEMENT_3D('',#3761,#3762,#3763);
#3761 = CARTESIAN_POINT('',(-4.370170592217,3.8051,22.379714285714));
#3762 = DIRECTION('',(0.,-0.272947724844,-0.962028866252));
#3763 = DIRECTION('',(0.,-0.962028866252,0.272947724844));
#3764 = ADVANCED_FACE('',(#3765),#3783,.T.);
#3765 = FACE_BOUND('',#3766,.T.);
#3766 = EDGE_LOOP('',(#3767,#3768,#3769,#3777));
#3767 = ORIENTED_EDGE('',*,*,#409,.T.);
#3768 = ORIENTED_EDGE('',*,*,#3754,.T.);
#3769 = ORIENTED_EDGE('',*,*,#3770,.T.);
#3770 = EDGE_CURVE('',#3747,#3771,#3773,.T.);
#3771 = VERTEX_POINT('',#3772);
#3772 = CARTESIAN_POINT('',(-3.770170592217,3.731,22.3968));
#3773 = LINE('',#3774,#3775);
#3774 = CARTESIAN_POINT('',(-3.770170592217,3.765171428571,
    22.391042857143));
#3775 = VECTOR('',#3776,1.);
#3776 = DIRECTION('',(0.,-0.98610270304,0.166136868447));
#3777 = ORIENTED_EDGE('',*,*,#3778,.F.);
#3778 = EDGE_CURVE('',#402,#3771,#3779,.T.);
#3779 = LINE('',#3780,#3781);
#3780 = CARTESIAN_POINT('',(-4.370170592217,3.731,22.3968));
#3781 = VECTOR('',#3782,1.);
#3782 = DIRECTION('',(1.,0.,0.));
#3783 = PLANE('',#3784);
#3784 = AXIS2_PLACEMENT_3D('',#3785,#3786,#3787);
#3785 = CARTESIAN_POINT('',(-4.370170592217,3.765171428571,
    22.391042857143));
#3786 = DIRECTION('',(0.,-0.166136868447,-0.98610270304));
#3787 = DIRECTION('',(0.,-0.98610270304,0.166136868447));
#3788 = ADVANCED_FACE('',(#3789),#3814,.T.);
#3789 = FACE_BOUND('',#3790,.T.);
#3790 = EDGE_LOOP('',(#3791,#3792,#3800,#3808));
#3791 = ORIENTED_EDGE('',*,*,#393,.T.);
#3792 = ORIENTED_EDGE('',*,*,#3793,.T.);
#3793 = EDGE_CURVE('',#394,#3794,#3796,.T.);
#3794 = VERTEX_POINT('',#3795);
#3795 = CARTESIAN_POINT('',(-3.770170592217,2.5155,22.3968));
#3796 = LINE('',#3797,#3798);
#3797 = CARTESIAN_POINT('',(-4.370170592217,2.5155,22.3968));
#3798 = VECTOR('',#3799,1.);
#3799 = DIRECTION('',(1.,0.,0.));
#3800 = ORIENTED_EDGE('',*,*,#3801,.T.);
#3801 = EDGE_CURVE('',#3794,#3802,#3804,.T.);
#3802 = VERTEX_POINT('',#3803);
#3803 = CARTESIAN_POINT('',(-3.770170592217,2.475571428571,
    22.391042857143));
#3804 = LINE('',#3805,#3806);
#3805 = CARTESIAN_POINT('',(-3.770170592217,2.5155,22.3968));
#3806 = VECTOR('',#3807,1.);
#3807 = DIRECTION('',(0.,-0.989764512237,-0.142710231997));
#3808 = ORIENTED_EDGE('',*,*,#3809,.F.);
#3809 = EDGE_CURVE('',#386,#3802,#3810,.T.);
#3810 = LINE('',#3811,#3812);
#3811 = CARTESIAN_POINT('',(-4.370170592217,2.475571428571,
    22.391042857143));
#3812 = VECTOR('',#3813,1.);
#3813 = DIRECTION('',(1.,0.,0.));
#3814 = PLANE('',#3815);
#3815 = AXIS2_PLACEMENT_3D('',#3816,#3817,#3818);
#3816 = CARTESIAN_POINT('',(-4.370170592217,2.5155,22.3968));
#3817 = DIRECTION('',(0.,0.142710231997,-0.989764512237));
#3818 = DIRECTION('',(0.,-0.989764512237,-0.142710231997));
#3819 = ADVANCED_FACE('',(#3820),#3838,.T.);
#3820 = FACE_BOUND('',#3821,.T.);
#3821 = EDGE_LOOP('',(#3822,#3823,#3824,#3832));
#3822 = ORIENTED_EDGE('',*,*,#385,.T.);
#3823 = ORIENTED_EDGE('',*,*,#3809,.T.);
#3824 = ORIENTED_EDGE('',*,*,#3825,.T.);
#3825 = EDGE_CURVE('',#3802,#3826,#3828,.T.);
#3826 = VERTEX_POINT('',#3827);
#3827 = CARTESIAN_POINT('',(-3.770170592217,2.4414,22.385471428571));
#3828 = LINE('',#3829,#3830);
#3829 = CARTESIAN_POINT('',(-3.770170592217,2.475571428571,
    22.391042857143));
#3830 = VECTOR('',#3831,1.);
#3831 = DIRECTION('',(0.,-0.986967674481,-0.160918642578));
#3832 = ORIENTED_EDGE('',*,*,#3833,.F.);
#3833 = EDGE_CURVE('',#378,#3826,#3834,.T.);
#3834 = LINE('',#3835,#3836);
#3835 = CARTESIAN_POINT('',(-4.370170592217,2.4414,22.385471428571));
#3836 = VECTOR('',#3837,1.);
#3837 = DIRECTION('',(1.,0.,0.));
#3838 = PLANE('',#3839);
#3839 = AXIS2_PLACEMENT_3D('',#3840,#3841,#3842);
#3840 = CARTESIAN_POINT('',(-4.370170592217,2.475571428571,
    22.391042857143));
#3841 = DIRECTION('',(0.,0.160918642578,-0.986967674481));
#3842 = DIRECTION('',(0.,-0.986967674481,-0.160918642578));
#3843 = ADVANCED_FACE('',(#3844),#3862,.T.);
#3844 = FACE_BOUND('',#3845,.T.);
#3845 = EDGE_LOOP('',(#3846,#3847,#3848,#3856));
#3846 = ORIENTED_EDGE('',*,*,#377,.T.);
#3847 = ORIENTED_EDGE('',*,*,#3833,.T.);
#3848 = ORIENTED_EDGE('',*,*,#3849,.T.);
#3849 = EDGE_CURVE('',#3826,#3850,#3852,.T.);
#3850 = VERTEX_POINT('',#3851);
#3851 = CARTESIAN_POINT('',(-3.770170592217,2.395714285714,
    22.373957142857));
#3852 = LINE('',#3853,#3854);
#3853 = CARTESIAN_POINT('',(-3.770170592217,2.4414,22.385471428571));
#3854 = VECTOR('',#3855,1.);
#3855 = DIRECTION('',(0.,-0.969676988372,-0.244390135281));
#3856 = ORIENTED_EDGE('',*,*,#3857,.F.);
#3857 = EDGE_CURVE('',#370,#3850,#3858,.T.);
#3858 = LINE('',#3859,#3860);
#3859 = CARTESIAN_POINT('',(-4.370170592217,2.395714285714,
    22.373957142857));
#3860 = VECTOR('',#3861,1.);
#3861 = DIRECTION('',(1.,0.,0.));
#3862 = PLANE('',#3863);
#3863 = AXIS2_PLACEMENT_3D('',#3864,#3865,#3866);
#3864 = CARTESIAN_POINT('',(-4.370170592217,2.4414,22.385471428571));
#3865 = DIRECTION('',(0.,0.244390135281,-0.969676988372));
#3866 = DIRECTION('',(0.,-0.969676988372,-0.244390135281));
#3867 = ADVANCED_FACE('',(#3868),#3886,.T.);
#3868 = FACE_BOUND('',#3869,.T.);
#3869 = EDGE_LOOP('',(#3870,#3871,#3872,#3880));
#3870 = ORIENTED_EDGE('',*,*,#369,.T.);
#3871 = ORIENTED_EDGE('',*,*,#3857,.T.);
#3872 = ORIENTED_EDGE('',*,*,#3873,.T.);
#3873 = EDGE_CURVE('',#3850,#3874,#3876,.T.);
#3874 = VERTEX_POINT('',#3875);
#3875 = CARTESIAN_POINT('',(-3.770170592217,2.355785714286,
    22.356871428571));
#3876 = LINE('',#3877,#3878);
#3877 = CARTESIAN_POINT('',(-3.770170592217,2.395714285714,
    22.373957142857));
#3878 = VECTOR('',#3879,1.);
#3879 = DIRECTION('',(0.,-0.919366063816,-0.393403152889));
#3880 = ORIENTED_EDGE('',*,*,#3881,.F.);
#3881 = EDGE_CURVE('',#362,#3874,#3882,.T.);
#3882 = LINE('',#3883,#3884);
#3883 = CARTESIAN_POINT('',(-4.370170592217,2.355785714286,
    22.356871428571));
#3884 = VECTOR('',#3885,1.);
#3885 = DIRECTION('',(1.,0.,0.));
#3886 = PLANE('',#3887);
#3887 = AXIS2_PLACEMENT_3D('',#3888,#3889,#3890);
#3888 = CARTESIAN_POINT('',(-4.370170592217,2.395714285714,
    22.373957142857));
#3889 = DIRECTION('',(0.,0.393403152889,-0.919366063816));
#3890 = DIRECTION('',(0.,-0.919366063816,-0.393403152889));
#3891 = ADVANCED_FACE('',(#3892),#3910,.T.);
#3892 = FACE_BOUND('',#3893,.T.);
#3893 = EDGE_LOOP('',(#3894,#3895,#3896,#3904));
#3894 = ORIENTED_EDGE('',*,*,#361,.T.);
#3895 = ORIENTED_EDGE('',*,*,#3881,.T.);
#3896 = ORIENTED_EDGE('',*,*,#3897,.T.);
#3897 = EDGE_CURVE('',#3874,#3898,#3900,.T.);
#3898 = VERTEX_POINT('',#3899);
#3899 = CARTESIAN_POINT('',(-3.770170592217,2.327185714286,
    22.345542857143));
#3900 = LINE('',#3901,#3902);
#3901 = CARTESIAN_POINT('',(-3.770170592217,2.355785714286,
    22.356871428571));
#3902 = VECTOR('',#3903,1.);
#3903 = DIRECTION('',(0.,-0.929720504504,-0.368265914122));
#3904 = ORIENTED_EDGE('',*,*,#3905,.F.);
#3905 = EDGE_CURVE('',#354,#3898,#3906,.T.);
#3906 = LINE('',#3907,#3908);
#3907 = CARTESIAN_POINT('',(-4.370170592217,2.327185714286,
    22.345542857143));
#3908 = VECTOR('',#3909,1.);
#3909 = DIRECTION('',(1.,0.,0.));
#3910 = PLANE('',#3911);
#3911 = AXIS2_PLACEMENT_3D('',#3912,#3913,#3914);
#3912 = CARTESIAN_POINT('',(-4.370170592217,2.355785714286,
    22.356871428571));
#3913 = DIRECTION('',(0.,0.368265914122,-0.929720504504));
#3914 = DIRECTION('',(0.,-0.929720504504,-0.368265914122));
#3915 = ADVANCED_FACE('',(#3916),#3934,.T.);
#3916 = FACE_BOUND('',#3917,.T.);
#3917 = EDGE_LOOP('',(#3918,#3919,#3920,#3928));
#3918 = ORIENTED_EDGE('',*,*,#353,.T.);
#3919 = ORIENTED_EDGE('',*,*,#3905,.T.);
#3920 = ORIENTED_EDGE('',*,*,#3921,.T.);
#3921 = EDGE_CURVE('',#3898,#3922,#3924,.T.);
#3922 = VERTEX_POINT('',#3923);
#3923 = CARTESIAN_POINT('',(-3.770170592217,2.293014285714,
    22.328271428571));
#3924 = LINE('',#3925,#3926);
#3925 = CARTESIAN_POINT('',(-3.770170592217,2.327185714286,
    22.345542857143));
#3926 = VECTOR('',#3927,1.);
#3927 = DIRECTION('',(0.,-0.892478602936,-0.451089728658));
#3928 = ORIENTED_EDGE('',*,*,#3929,.F.);
#3929 = EDGE_CURVE('',#346,#3922,#3930,.T.);
#3930 = LINE('',#3931,#3932);
#3931 = CARTESIAN_POINT('',(-4.370170592217,2.293014285714,
    22.328271428571));
#3932 = VECTOR('',#3933,1.);
#3933 = DIRECTION('',(1.,0.,0.));
#3934 = PLANE('',#3935);
#3935 = AXIS2_PLACEMENT_3D('',#3936,#3937,#3938);
#3936 = CARTESIAN_POINT('',(-4.370170592217,2.327185714286,
    22.345542857143));
#3937 = DIRECTION('',(0.,0.451089728658,-0.892478602936));
#3938 = DIRECTION('',(0.,-0.892478602936,-0.451089728658));
#3939 = ADVANCED_FACE('',(#3940),#3958,.T.);
#3940 = FACE_BOUND('',#3941,.T.);
#3941 = EDGE_LOOP('',(#3942,#3943,#3944,#3952));
#3942 = ORIENTED_EDGE('',*,*,#345,.T.);
#3943 = ORIENTED_EDGE('',*,*,#3929,.T.);
#3944 = ORIENTED_EDGE('',*,*,#3945,.T.);
#3945 = EDGE_CURVE('',#3922,#3946,#3948,.T.);
#3946 = VERTEX_POINT('',#3947);
#3947 = CARTESIAN_POINT('',(-3.770170592217,2.259028571429,
    22.311185714286));
#3948 = LINE('',#3949,#3950);
#3949 = CARTESIAN_POINT('',(-3.770170592217,2.293014285714,
    22.328271428571));
#3950 = VECTOR('',#3951,1.);
#3951 = DIRECTION('',(0.,-0.893448612452,-0.449165422653));
#3952 = ORIENTED_EDGE('',*,*,#3953,.F.);
#3953 = EDGE_CURVE('',#338,#3946,#3954,.T.);
#3954 = LINE('',#3955,#3956);
#3955 = CARTESIAN_POINT('',(-4.370170592217,2.259028571429,
    22.311185714286));
#3956 = VECTOR('',#3957,1.);
#3957 = DIRECTION('',(1.,0.,0.));
#3958 = PLANE('',#3959);
#3959 = AXIS2_PLACEMENT_3D('',#3960,#3961,#3962);
#3960 = CARTESIAN_POINT('',(-4.370170592217,2.293014285714,
    22.328271428571));
#3961 = DIRECTION('',(0.,0.449165422653,-0.893448612452));
#3962 = DIRECTION('',(0.,-0.893448612452,-0.449165422653));
#3963 = ADVANCED_FACE('',(#3964),#3982,.T.);
#3964 = FACE_BOUND('',#3965,.T.);
#3965 = EDGE_LOOP('',(#3966,#3967,#3968,#3976));
#3966 = ORIENTED_EDGE('',*,*,#337,.T.);
#3967 = ORIENTED_EDGE('',*,*,#3953,.T.);
#3968 = ORIENTED_EDGE('',*,*,#3969,.T.);
#3969 = EDGE_CURVE('',#3946,#3970,#3972,.T.);
#3970 = VERTEX_POINT('',#3971);
#3971 = CARTESIAN_POINT('',(-3.770170592217,2.224857142857,
    22.288342857143));
#3972 = LINE('',#3973,#3974);
#3973 = CARTESIAN_POINT('',(-3.770170592217,2.259028571429,
    22.311185714286));
#3974 = VECTOR('',#3975,1.);
#3975 = DIRECTION('',(0.,-0.831354528555,-0.555742429414));
#3976 = ORIENTED_EDGE('',*,*,#3977,.F.);
#3977 = EDGE_CURVE('',#330,#3970,#3978,.T.);
#3978 = LINE('',#3979,#3980);
#3979 = CARTESIAN_POINT('',(-4.370170592217,2.224857142857,
    22.288342857143));
#3980 = VECTOR('',#3981,1.);
#3981 = DIRECTION('',(1.,0.,0.));
#3982 = PLANE('',#3983);
#3983 = AXIS2_PLACEMENT_3D('',#3984,#3985,#3986);
#3984 = CARTESIAN_POINT('',(-4.370170592217,2.259028571429,
    22.311185714286));
#3985 = DIRECTION('',(0.,0.555742429414,-0.831354528555));
#3986 = DIRECTION('',(0.,-0.831354528555,-0.555742429414));
#3987 = ADVANCED_FACE('',(#3988),#4006,.T.);
#3988 = FACE_BOUND('',#3989,.T.);
#3989 = EDGE_LOOP('',(#3990,#3991,#3992,#4000));
#3990 = ORIENTED_EDGE('',*,*,#329,.T.);
#3991 = ORIENTED_EDGE('',*,*,#3977,.T.);
#3992 = ORIENTED_EDGE('',*,*,#3993,.T.);
#3993 = EDGE_CURVE('',#3970,#3994,#3996,.T.);
#3994 = VERTEX_POINT('',#3995);
#3995 = CARTESIAN_POINT('',(-3.770170592217,2.202014285714,
    22.271257142857));
#3996 = LINE('',#3997,#3998);
#3997 = CARTESIAN_POINT('',(-3.770170592217,2.224857142857,
    22.288342857143));
#3998 = VECTOR('',#3999,1.);
#3999 = DIRECTION('',(0.,-0.80078057117,-0.598957825591));
#4000 = ORIENTED_EDGE('',*,*,#4001,.F.);
#4001 = EDGE_CURVE('',#322,#3994,#4002,.T.);
#4002 = LINE('',#4003,#4004);
#4003 = CARTESIAN_POINT('',(-4.370170592217,2.202014285714,
    22.271257142857));
#4004 = VECTOR('',#4005,1.);
#4005 = DIRECTION('',(1.,0.,0.));
#4006 = PLANE('',#4007);
#4007 = AXIS2_PLACEMENT_3D('',#4008,#4009,#4010);
#4008 = CARTESIAN_POINT('',(-4.370170592217,2.224857142857,
    22.288342857143));
#4009 = DIRECTION('',(0.,0.598957825591,-0.80078057117));
#4010 = DIRECTION('',(0.,-0.80078057117,-0.598957825591));
#4011 = ADVANCED_FACE('',(#4012),#4030,.T.);
#4012 = FACE_BOUND('',#4013,.T.);
#4013 = EDGE_LOOP('',(#4014,#4015,#4016,#4024));
#4014 = ORIENTED_EDGE('',*,*,#321,.T.);
#4015 = ORIENTED_EDGE('',*,*,#4001,.T.);
#4016 = ORIENTED_EDGE('',*,*,#4017,.T.);
#4017 = EDGE_CURVE('',#3994,#4018,#4020,.T.);
#4018 = VERTEX_POINT('',#4019);
#4019 = CARTESIAN_POINT('',(-3.770170592217,2.167657142857,
    22.237085714286));
#4020 = LINE('',#4021,#4022);
#4021 = CARTESIAN_POINT('',(-3.770170592217,2.202014285714,
    22.271257142857));
#4022 = VECTOR('',#4023,1.);
#4023 = DIRECTION('',(0.,-0.70902045612,-0.705187913114));
#4024 = ORIENTED_EDGE('',*,*,#4025,.F.);
#4025 = EDGE_CURVE('',#314,#4018,#4026,.T.);
#4026 = LINE('',#4027,#4028);
#4027 = CARTESIAN_POINT('',(-4.370170592217,2.167657142857,
    22.237085714286));
#4028 = VECTOR('',#4029,1.);
#4029 = DIRECTION('',(1.,0.,0.));
#4030 = PLANE('',#4031);
#4031 = AXIS2_PLACEMENT_3D('',#4032,#4033,#4034);
#4032 = CARTESIAN_POINT('',(-4.370170592217,2.202014285714,
    22.271257142857));
#4033 = DIRECTION('',(0.,0.705187913114,-0.70902045612));
#4034 = DIRECTION('',(0.,-0.70902045612,-0.705187913114));
#4035 = ADVANCED_FACE('',(#4036),#4054,.T.);
#4036 = FACE_BOUND('',#4037,.T.);
#4037 = EDGE_LOOP('',(#4038,#4039,#4040,#4048));
#4038 = ORIENTED_EDGE('',*,*,#313,.T.);
#4039 = ORIENTED_EDGE('',*,*,#4025,.T.);
#4040 = ORIENTED_EDGE('',*,*,#4041,.T.);
#4041 = EDGE_CURVE('',#4018,#4042,#4044,.T.);
#4042 = VERTEX_POINT('',#4043);
#4043 = CARTESIAN_POINT('',(-3.770170592217,2.139242857143,
    22.208485714286));
#4044 = LINE('',#4045,#4046);
#4045 = CARTESIAN_POINT('',(-3.770170592217,2.167657142857,
    22.237085714286));
#4046 = VECTOR('',#4047,1.);
#4047 = DIRECTION('',(0.,-0.704799762748,-0.709406297146));
#4048 = ORIENTED_EDGE('',*,*,#4049,.F.);
#4049 = EDGE_CURVE('',#306,#4042,#4050,.T.);
#4050 = LINE('',#4051,#4052);
#4051 = CARTESIAN_POINT('',(-4.370170592217,2.139242857143,
    22.208485714286));
#4052 = VECTOR('',#4053,1.);
#4053 = DIRECTION('',(1.,0.,0.));
#4054 = PLANE('',#4055);
#4055 = AXIS2_PLACEMENT_3D('',#4056,#4057,#4058);
#4056 = CARTESIAN_POINT('',(-4.370170592217,2.167657142857,
    22.237085714286));
#4057 = DIRECTION('',(0.,0.709406297146,-0.704799762748));
#4058 = DIRECTION('',(0.,-0.704799762748,-0.709406297146));
#4059 = ADVANCED_FACE('',(#4060),#4078,.T.);
#4060 = FACE_BOUND('',#4061,.T.);
#4061 = EDGE_LOOP('',(#4062,#4063,#4064,#4072));
#4062 = ORIENTED_EDGE('',*,*,#305,.T.);
#4063 = ORIENTED_EDGE('',*,*,#4049,.T.);
#4064 = ORIENTED_EDGE('',*,*,#4065,.T.);
#4065 = EDGE_CURVE('',#4042,#4066,#4068,.T.);
#4066 = VERTEX_POINT('',#4067);
#4067 = CARTESIAN_POINT('',(-3.770170592217,2.1164,22.185642857143));
#4068 = LINE('',#4069,#4070);
#4069 = CARTESIAN_POINT('',(-3.770170592217,2.139242857143,
    22.208485714286));
#4070 = VECTOR('',#4071,1.);
#4071 = DIRECTION('',(0.,-0.707106781187,-0.707106781187));
#4072 = ORIENTED_EDGE('',*,*,#4073,.F.);
#4073 = EDGE_CURVE('',#298,#4066,#4074,.T.);
#4074 = LINE('',#4075,#4076);
#4075 = CARTESIAN_POINT('',(-4.370170592217,2.1164,22.185642857143));
#4076 = VECTOR('',#4077,1.);
#4077 = DIRECTION('',(1.,0.,0.));
#4078 = PLANE('',#4079);
#4079 = AXIS2_PLACEMENT_3D('',#4080,#4081,#4082);
#4080 = CARTESIAN_POINT('',(-4.370170592217,2.139242857143,
    22.208485714286));
#4081 = DIRECTION('',(0.,0.707106781187,-0.707106781187));
#4082 = DIRECTION('',(0.,-0.707106781187,-0.707106781187));
#4083 = ADVANCED_FACE('',(#4084),#4102,.T.);
#4084 = FACE_BOUND('',#4085,.T.);
#4085 = EDGE_LOOP('',(#4086,#4087,#4088,#4096));
#4086 = ORIENTED_EDGE('',*,*,#297,.T.);
#4087 = ORIENTED_EDGE('',*,*,#4073,.T.);
#4088 = ORIENTED_EDGE('',*,*,#4089,.T.);
#4089 = EDGE_CURVE('',#4066,#4090,#4092,.T.);
#4090 = VERTEX_POINT('',#4091);
#4091 = CARTESIAN_POINT('',(-3.770170592217,2.093557142857,
    22.151471428571));
#4092 = LINE('',#4093,#4094);
#4093 = CARTESIAN_POINT('',(-3.770170592217,2.1164,22.185642857143));
#4094 = VECTOR('',#4095,1.);
#4095 = DIRECTION('',(0.,-0.555742429414,-0.831354528555));
#4096 = ORIENTED_EDGE('',*,*,#4097,.F.);
#4097 = EDGE_CURVE('',#290,#4090,#4098,.T.);
#4098 = LINE('',#4099,#4100);
#4099 = CARTESIAN_POINT('',(-4.370170592217,2.093557142857,
    22.151471428571));
#4100 = VECTOR('',#4101,1.);
#4101 = DIRECTION('',(1.,0.,0.));
#4102 = PLANE('',#4103);
#4103 = AXIS2_PLACEMENT_3D('',#4104,#4105,#4106);
#4104 = CARTESIAN_POINT('',(-4.370170592217,2.1164,22.185642857143));
#4105 = DIRECTION('',(0.,0.831354528555,-0.555742429414));
#4106 = DIRECTION('',(0.,-0.555742429414,-0.831354528555));
#4107 = ADVANCED_FACE('',(#4108),#4126,.T.);
#4108 = FACE_BOUND('',#4109,.T.);
#4109 = EDGE_LOOP('',(#4110,#4111,#4112,#4120));
#4110 = ORIENTED_EDGE('',*,*,#289,.T.);
#4111 = ORIENTED_EDGE('',*,*,#4097,.T.);
#4112 = ORIENTED_EDGE('',*,*,#4113,.T.);
#4113 = EDGE_CURVE('',#4090,#4114,#4116,.T.);
#4114 = VERTEX_POINT('',#4115);
#4115 = CARTESIAN_POINT('',(-3.770170592217,2.070714285714,
    22.111542857143));
#4116 = LINE('',#4117,#4118);
#4117 = CARTESIAN_POINT('',(-3.770170592217,2.093557142857,
    22.151471428571));
#4118 = VECTOR('',#4119,1.);
#4119 = DIRECTION('',(0.,-0.49657364983,-0.867994591167));
#4120 = ORIENTED_EDGE('',*,*,#4121,.F.);
#4121 = EDGE_CURVE('',#282,#4114,#4122,.T.);
#4122 = LINE('',#4123,#4124);
#4123 = CARTESIAN_POINT('',(-4.370170592217,2.070714285714,
    22.111542857143));
#4124 = VECTOR('',#4125,1.);
#4125 = DIRECTION('',(1.,0.,0.));
#4126 = PLANE('',#4127);
#4127 = AXIS2_PLACEMENT_3D('',#4128,#4129,#4130);
#4128 = CARTESIAN_POINT('',(-4.370170592217,2.093557142857,
    22.151471428571));
#4129 = DIRECTION('',(0.,0.867994591167,-0.49657364983));
#4130 = DIRECTION('',(0.,-0.49657364983,-0.867994591167));
#4131 = ADVANCED_FACE('',(#4132),#4150,.T.);
#4132 = FACE_BOUND('',#4133,.T.);
#4133 = EDGE_LOOP('',(#4134,#4135,#4136,#4144));
#4134 = ORIENTED_EDGE('',*,*,#281,.T.);
#4135 = ORIENTED_EDGE('',*,*,#4121,.T.);
#4136 = ORIENTED_EDGE('',*,*,#4137,.T.);
#4137 = EDGE_CURVE('',#4114,#4138,#4140,.T.);
#4138 = VERTEX_POINT('',#4139);
#4139 = CARTESIAN_POINT('',(-3.770170592217,2.053628571429,
    22.082942857143));
#4140 = LINE('',#4141,#4142);
#4141 = CARTESIAN_POINT('',(-3.770170592217,2.070714285714,
    22.111542857143));
#4142 = VECTOR('',#4143,1.);
#4143 = DIRECTION('',(0.,-0.512855252126,-0.85847509595));
#4144 = ORIENTED_EDGE('',*,*,#4145,.F.);
#4145 = EDGE_CURVE('',#274,#4138,#4146,.T.);
#4146 = LINE('',#4147,#4148);
#4147 = CARTESIAN_POINT('',(-4.370170592217,2.053628571429,
    22.082942857143));
#4148 = VECTOR('',#4149,1.);
#4149 = DIRECTION('',(1.,0.,0.));
#4150 = PLANE('',#4151);
#4151 = AXIS2_PLACEMENT_3D('',#4152,#4153,#4154);
#4152 = CARTESIAN_POINT('',(-4.370170592217,2.070714285714,
    22.111542857143));
#4153 = DIRECTION('',(0.,0.85847509595,-0.512855252126));
#4154 = DIRECTION('',(0.,-0.512855252126,-0.85847509595));
#4155 = ADVANCED_FACE('',(#4156),#4174,.T.);
#4156 = FACE_BOUND('',#4157,.T.);
#4157 = EDGE_LOOP('',(#4158,#4159,#4160,#4168));
#4158 = ORIENTED_EDGE('',*,*,#273,.T.);
#4159 = ORIENTED_EDGE('',*,*,#4145,.T.);
#4160 = ORIENTED_EDGE('',*,*,#4161,.T.);
#4161 = EDGE_CURVE('',#4138,#4162,#4164,.T.);
#4162 = VERTEX_POINT('',#4163);
#4163 = CARTESIAN_POINT('',(-3.770170592217,2.036542857143,
    22.048771428571));
#4164 = LINE('',#4165,#4166);
#4165 = CARTESIAN_POINT('',(-3.770170592217,2.053628571429,
    22.082942857143));
#4166 = VECTOR('',#4167,1.);
#4167 = DIRECTION('',(0.,-0.4472135955,-0.894427191));
#4168 = ORIENTED_EDGE('',*,*,#4169,.F.);
#4169 = EDGE_CURVE('',#266,#4162,#4170,.T.);
#4170 = LINE('',#4171,#4172);
#4171 = CARTESIAN_POINT('',(-4.370170592217,2.036542857143,
    22.048771428571));
#4172 = VECTOR('',#4173,1.);
#4173 = DIRECTION('',(1.,0.,0.));
#4174 = PLANE('',#4175);
#4175 = AXIS2_PLACEMENT_3D('',#4176,#4177,#4178);
#4176 = CARTESIAN_POINT('',(-4.370170592217,2.053628571429,
    22.082942857143));
#4177 = DIRECTION('',(0.,0.894427191,-0.4472135955));
#4178 = DIRECTION('',(0.,-0.4472135955,-0.894427191));
#4179 = ADVANCED_FACE('',(#4180),#4198,.T.);
#4180 = FACE_BOUND('',#4181,.T.);
#4181 = EDGE_LOOP('',(#4182,#4183,#4184,#4192));
#4182 = ORIENTED_EDGE('',*,*,#265,.T.);
#4183 = ORIENTED_EDGE('',*,*,#4169,.T.);
#4184 = ORIENTED_EDGE('',*,*,#4185,.T.);
#4185 = EDGE_CURVE('',#4162,#4186,#4188,.T.);
#4186 = VERTEX_POINT('',#4187);
#4187 = CARTESIAN_POINT('',(-3.770170592217,2.025028571429,22.0146));
#4188 = LINE('',#4189,#4190);
#4189 = CARTESIAN_POINT('',(-3.770170592217,2.036542857143,
    22.048771428571));
#4190 = VECTOR('',#4191,1.);
#4191 = DIRECTION('',(0.,-0.319316245627,-0.947648212829));
#4192 = ORIENTED_EDGE('',*,*,#4193,.F.);
#4193 = EDGE_CURVE('',#258,#4186,#4194,.T.);
#4194 = LINE('',#4195,#4196);
#4195 = CARTESIAN_POINT('',(-4.370170592217,2.025028571429,22.0146));
#4196 = VECTOR('',#4197,1.);
#4197 = DIRECTION('',(1.,0.,0.));
#4198 = PLANE('',#4199);
#4199 = AXIS2_PLACEMENT_3D('',#4200,#4201,#4202);
#4200 = CARTESIAN_POINT('',(-4.370170592217,2.036542857143,
    22.048771428571));
#4201 = DIRECTION('',(0.,0.947648212829,-0.319316245627));
#4202 = DIRECTION('',(0.,-0.319316245627,-0.947648212829));
#4203 = ADVANCED_FACE('',(#4204),#4222,.T.);
#4204 = FACE_BOUND('',#4205,.T.);
#4205 = EDGE_LOOP('',(#4206,#4207,#4208,#4216));
#4206 = ORIENTED_EDGE('',*,*,#257,.T.);
#4207 = ORIENTED_EDGE('',*,*,#4193,.T.);
#4208 = ORIENTED_EDGE('',*,*,#4209,.T.);
#4209 = EDGE_CURVE('',#4186,#4210,#4212,.T.);
#4210 = VERTEX_POINT('',#4211);
#4211 = CARTESIAN_POINT('',(-3.770170592217,2.007942857143,
    21.974671428571));
#4212 = LINE('',#4213,#4214);
#4213 = CARTESIAN_POINT('',(-3.770170592217,2.025028571429,22.0146));
#4214 = VECTOR('',#4215,1.);
#4215 = DIRECTION('',(0.,-0.393403152889,-0.919366063816));
#4216 = ORIENTED_EDGE('',*,*,#4217,.F.);
#4217 = EDGE_CURVE('',#250,#4210,#4218,.T.);
#4218 = LINE('',#4219,#4220);
#4219 = CARTESIAN_POINT('',(-4.370170592217,2.007942857143,
    21.974671428571));
#4220 = VECTOR('',#4221,1.);
#4221 = DIRECTION('',(1.,0.,0.));
#4222 = PLANE('',#4223);
#4223 = AXIS2_PLACEMENT_3D('',#4224,#4225,#4226);
#4224 = CARTESIAN_POINT('',(-4.370170592217,2.025028571429,22.0146));
#4225 = DIRECTION('',(0.,0.919366063816,-0.393403152889));
#4226 = DIRECTION('',(0.,-0.393403152889,-0.919366063816));
#4227 = ADVANCED_FACE('',(#4228),#4246,.T.);
#4228 = FACE_BOUND('',#4229,.T.);
#4229 = EDGE_LOOP('',(#4230,#4231,#4232,#4240));
#4230 = ORIENTED_EDGE('',*,*,#249,.T.);
#4231 = ORIENTED_EDGE('',*,*,#4217,.T.);
#4232 = ORIENTED_EDGE('',*,*,#4233,.T.);
#4233 = EDGE_CURVE('',#4210,#4234,#4236,.T.);
#4234 = VERTEX_POINT('',#4235);
#4235 = CARTESIAN_POINT('',(-3.770170592217,2.002185714286,
    21.940314285714));
#4236 = LINE('',#4237,#4238);
#4237 = CARTESIAN_POINT('',(-3.770170592217,2.007942857143,
    21.974671428571));
#4238 = VECTOR('',#4239,1.);
#4239 = DIRECTION('',(0.,-0.165263423329,-0.986249461804));
#4240 = ORIENTED_EDGE('',*,*,#4241,.F.);
#4241 = EDGE_CURVE('',#242,#4234,#4242,.T.);
#4242 = LINE('',#4243,#4244);
#4243 = CARTESIAN_POINT('',(-4.370170592217,2.002185714286,
    21.940314285714));
#4244 = VECTOR('',#4245,1.);
#4245 = DIRECTION('',(1.,0.,0.));
#4246 = PLANE('',#4247);
#4247 = AXIS2_PLACEMENT_3D('',#4248,#4249,#4250);
#4248 = CARTESIAN_POINT('',(-4.370170592217,2.007942857143,
    21.974671428571));
#4249 = DIRECTION('',(0.,0.986249461804,-0.165263423329));
#4250 = DIRECTION('',(0.,-0.165263423329,-0.986249461804));
#4251 = ADVANCED_FACE('',(#4252),#4270,.T.);
#4252 = FACE_BOUND('',#4253,.T.);
#4253 = EDGE_LOOP('',(#4254,#4255,#4256,#4264));
#4254 = ORIENTED_EDGE('',*,*,#241,.T.);
#4255 = ORIENTED_EDGE('',*,*,#4241,.T.);
#4256 = ORIENTED_EDGE('',*,*,#4257,.T.);
#4257 = EDGE_CURVE('',#4234,#4258,#4260,.T.);
#4258 = VERTEX_POINT('',#4259);
#4259 = CARTESIAN_POINT('',(-3.770170592217,1.996614285714,
    21.889057142857));
#4260 = LINE('',#4261,#4262);
#4261 = CARTESIAN_POINT('',(-3.770170592217,2.002185714286,
    21.940314285714));
#4262 = VECTOR('',#4263,1.);
#4263 = DIRECTION('',(0.,-0.108059180768,-0.994144463069));
#4264 = ORIENTED_EDGE('',*,*,#4265,.F.);
#4265 = EDGE_CURVE('',#234,#4258,#4266,.T.);
#4266 = LINE('',#4267,#4268);
#4267 = CARTESIAN_POINT('',(-4.370170592217,1.996614285714,
    21.889057142857));
#4268 = VECTOR('',#4269,1.);
#4269 = DIRECTION('',(1.,0.,0.));
#4270 = PLANE('',#4271);
#4271 = AXIS2_PLACEMENT_3D('',#4272,#4273,#4274);
#4272 = CARTESIAN_POINT('',(-4.370170592217,2.002185714286,
    21.940314285714));
#4273 = DIRECTION('',(0.,0.994144463069,-0.108059180768));
#4274 = DIRECTION('',(0.,-0.108059180768,-0.994144463069));
#4275 = ADVANCED_FACE('',(#4276),#4294,.T.);
#4276 = FACE_BOUND('',#4277,.T.);
#4277 = EDGE_LOOP('',(#4278,#4279,#4280,#4288));
#4278 = ORIENTED_EDGE('',*,*,#233,.T.);
#4279 = ORIENTED_EDGE('',*,*,#4265,.T.);
#4280 = ORIENTED_EDGE('',*,*,#4281,.T.);
#4281 = EDGE_CURVE('',#4258,#4282,#4284,.T.);
#4282 = VERTEX_POINT('',#4283);
#4283 = CARTESIAN_POINT('',(-3.770170592217,1.990857142857,
    21.826285714286));
#4284 = LINE('',#4285,#4286);
#4285 = CARTESIAN_POINT('',(-3.770170592217,1.996614285714,
    21.889057142857));
#4286 = VECTOR('',#4287,1.);
#4287 = DIRECTION('',(0.,-9.133264387955E-02,-0.995820439719));
#4288 = ORIENTED_EDGE('',*,*,#4289,.F.);
#4289 = EDGE_CURVE('',#226,#4282,#4290,.T.);
#4290 = LINE('',#4291,#4292);
#4291 = CARTESIAN_POINT('',(-4.370170592217,1.990857142857,
    21.826285714286));
#4292 = VECTOR('',#4293,1.);
#4293 = DIRECTION('',(1.,0.,0.));
#4294 = PLANE('',#4295);
#4295 = AXIS2_PLACEMENT_3D('',#4296,#4297,#4298);
#4296 = CARTESIAN_POINT('',(-4.370170592217,1.996614285714,
    21.889057142857));
#4297 = DIRECTION('',(0.,0.995820439719,-9.133264387955E-02));
#4298 = DIRECTION('',(0.,-9.133264387955E-02,-0.995820439719));
#4299 = ADVANCED_FACE('',(#4300),#4325,.T.);
#4300 = FACE_BOUND('',#4301,.T.);
#4301 = EDGE_LOOP('',(#4302,#4303,#4311,#4319));
#4302 = ORIENTED_EDGE('',*,*,#217,.T.);
#4303 = ORIENTED_EDGE('',*,*,#4304,.T.);
#4304 = EDGE_CURVE('',#218,#4305,#4307,.T.);
#4305 = VERTEX_POINT('',#4306);
#4306 = CARTESIAN_POINT('',(-3.770170592217,1.990857142857,
    20.599642857143));
#4307 = LINE('',#4308,#4309);
#4308 = CARTESIAN_POINT('',(-4.370170592217,1.990857142857,
    20.599642857143));
#4309 = VECTOR('',#4310,1.);
#4310 = DIRECTION('',(1.,0.,0.));
#4311 = ORIENTED_EDGE('',*,*,#4312,.T.);
#4312 = EDGE_CURVE('',#4305,#4313,#4315,.T.);
#4313 = VERTEX_POINT('',#4314);
#4314 = CARTESIAN_POINT('',(-3.770170592217,2.002371428571,
    20.553957142857));
#4315 = LINE('',#4316,#4317);
#4316 = CARTESIAN_POINT('',(-3.770170592217,1.990857142857,
    20.599642857143));
#4317 = VECTOR('',#4318,1.);
#4318 = DIRECTION('',(-0.,0.244390135281,-0.969676988372));
#4319 = ORIENTED_EDGE('',*,*,#4320,.F.);
#4320 = EDGE_CURVE('',#210,#4313,#4321,.T.);
#4321 = LINE('',#4322,#4323);
#4322 = CARTESIAN_POINT('',(-4.370170592217,2.002371428571,
    20.553957142857));
#4323 = VECTOR('',#4324,1.);
#4324 = DIRECTION('',(1.,0.,0.));
#4325 = PLANE('',#4326);
#4326 = AXIS2_PLACEMENT_3D('',#4327,#4328,#4329);
#4327 = CARTESIAN_POINT('',(-4.370170592217,1.990857142857,
    20.599642857143));
#4328 = DIRECTION('',(-0.,0.969676988372,0.244390135281));
#4329 = DIRECTION('',(0.,0.244390135281,-0.969676988372));
#4330 = ADVANCED_FACE('',(#4331),#4349,.T.);
#4331 = FACE_BOUND('',#4332,.T.);
#4332 = EDGE_LOOP('',(#4333,#4334,#4335,#4343));
#4333 = ORIENTED_EDGE('',*,*,#209,.T.);
#4334 = ORIENTED_EDGE('',*,*,#4320,.T.);
#4335 = ORIENTED_EDGE('',*,*,#4336,.T.);
#4336 = EDGE_CURVE('',#4313,#4337,#4339,.T.);
#4337 = VERTEX_POINT('',#4338);
#4338 = CARTESIAN_POINT('',(-3.770170592217,2.008128571429,
    20.519785714286));
#4339 = LINE('',#4340,#4341);
#4340 = CARTESIAN_POINT('',(-3.770170592217,2.002371428571,
    20.553957142857));
#4341 = VECTOR('',#4342,1.);
#4342 = DIRECTION('',(-0.,0.166136868447,-0.98610270304));
#4343 = ORIENTED_EDGE('',*,*,#4344,.F.);
#4344 = EDGE_CURVE('',#202,#4337,#4345,.T.);
#4345 = LINE('',#4346,#4347);
#4346 = CARTESIAN_POINT('',(-4.370170592217,2.008128571429,
    20.519785714286));
#4347 = VECTOR('',#4348,1.);
#4348 = DIRECTION('',(1.,0.,0.));
#4349 = PLANE('',#4350);
#4350 = AXIS2_PLACEMENT_3D('',#4351,#4352,#4353);
#4351 = CARTESIAN_POINT('',(-4.370170592217,2.002371428571,
    20.553957142857));
#4352 = DIRECTION('',(-0.,0.98610270304,0.166136868447));
#4353 = DIRECTION('',(0.,0.166136868447,-0.98610270304));
#4354 = ADVANCED_FACE('',(#4355),#4373,.T.);
#4355 = FACE_BOUND('',#4356,.T.);
#4356 = EDGE_LOOP('',(#4357,#4358,#4359,#4367));
#4357 = ORIENTED_EDGE('',*,*,#201,.T.);
#4358 = ORIENTED_EDGE('',*,*,#4344,.T.);
#4359 = ORIENTED_EDGE('',*,*,#4360,.T.);
#4360 = EDGE_CURVE('',#4337,#4361,#4363,.T.);
#4361 = VERTEX_POINT('',#4362);
#4362 = CARTESIAN_POINT('',(-3.770170592217,2.0254,20.479857142857));
#4363 = LINE('',#4364,#4365);
#4364 = CARTESIAN_POINT('',(-3.770170592217,2.008128571429,
    20.519785714286));
#4365 = VECTOR('',#4366,1.);
#4366 = DIRECTION('',(-0.,0.397008348188,-0.917814998499));
#4367 = ORIENTED_EDGE('',*,*,#4368,.F.);
#4368 = EDGE_CURVE('',#194,#4361,#4369,.T.);
#4369 = LINE('',#4370,#4371);
#4370 = CARTESIAN_POINT('',(-4.370170592217,2.0254,20.479857142857));
#4371 = VECTOR('',#4372,1.);
#4372 = DIRECTION('',(1.,0.,0.));
#4373 = PLANE('',#4374);
#4374 = AXIS2_PLACEMENT_3D('',#4375,#4376,#4377);
#4375 = CARTESIAN_POINT('',(-4.370170592217,2.008128571429,
    20.519785714286));
#4376 = DIRECTION('',(-0.,0.917814998499,0.397008348188));
#4377 = DIRECTION('',(0.,0.397008348188,-0.917814998499));
#4378 = ADVANCED_FACE('',(#4379),#4397,.T.);
#4379 = FACE_BOUND('',#4380,.T.);
#4380 = EDGE_LOOP('',(#4381,#4382,#4383,#4391));
#4381 = ORIENTED_EDGE('',*,*,#193,.T.);
#4382 = ORIENTED_EDGE('',*,*,#4368,.T.);
#4383 = ORIENTED_EDGE('',*,*,#4384,.T.);
#4384 = EDGE_CURVE('',#4361,#4385,#4387,.T.);
#4385 = VERTEX_POINT('',#4386);
#4386 = CARTESIAN_POINT('',(-3.770170592217,2.036914285714,
    20.451257142857));
#4387 = LINE('',#4388,#4389);
#4388 = CARTESIAN_POINT('',(-3.770170592217,2.0254,20.479857142857));
#4389 = VECTOR('',#4390,1.);
#4390 = DIRECTION('',(-0.,0.373466870858,-0.927643517938));
#4391 = ORIENTED_EDGE('',*,*,#4392,.F.);
#4392 = EDGE_CURVE('',#186,#4385,#4393,.T.);
#4393 = LINE('',#4394,#4395);
#4394 = CARTESIAN_POINT('',(-4.370170592217,2.036914285714,
    20.451257142857));
#4395 = VECTOR('',#4396,1.);
#4396 = DIRECTION('',(1.,0.,0.));
#4397 = PLANE('',#4398);
#4398 = AXIS2_PLACEMENT_3D('',#4399,#4400,#4401);
#4399 = CARTESIAN_POINT('',(-4.370170592217,2.0254,20.479857142857));
#4400 = DIRECTION('',(-0.,0.927643517938,0.373466870858));
#4401 = DIRECTION('',(0.,0.373466870858,-0.927643517938));
#4402 = ADVANCED_FACE('',(#4403),#4421,.T.);
#4403 = FACE_BOUND('',#4404,.T.);
#4404 = EDGE_LOOP('',(#4405,#4406,#4407,#4415));
#4405 = ORIENTED_EDGE('',*,*,#185,.T.);
#4406 = ORIENTED_EDGE('',*,*,#4392,.T.);
#4407 = ORIENTED_EDGE('',*,*,#4408,.T.);
#4408 = EDGE_CURVE('',#4385,#4409,#4411,.T.);
#4409 = VERTEX_POINT('',#4410);
#4410 = CARTESIAN_POINT('',(-3.770170592217,2.071457142857,
    20.388671428571));
#4411 = LINE('',#4412,#4413);
#4412 = CARTESIAN_POINT('',(-3.770170592217,2.036914285714,
    20.451257142857));
#4413 = VECTOR('',#4414,1.);
#4414 = DIRECTION('',(-0.,0.483214693258,-0.875501890472));
#4415 = ORIENTED_EDGE('',*,*,#4416,.F.);
#4416 = EDGE_CURVE('',#178,#4409,#4417,.T.);
#4417 = LINE('',#4418,#4419);
#4418 = CARTESIAN_POINT('',(-4.370170592217,2.071457142857,
    20.388671428571));
#4419 = VECTOR('',#4420,1.);
#4420 = DIRECTION('',(1.,0.,0.));
#4421 = PLANE('',#4422);
#4422 = AXIS2_PLACEMENT_3D('',#4423,#4424,#4425);
#4423 = CARTESIAN_POINT('',(-4.370170592217,2.036914285714,
    20.451257142857));
#4424 = DIRECTION('',(-0.,0.875501890472,0.483214693258));
#4425 = DIRECTION('',(0.,0.483214693258,-0.875501890472));
#4426 = ADVANCED_FACE('',(#4427),#4445,.T.);
#4427 = FACE_BOUND('',#4428,.T.);
#4428 = EDGE_LOOP('',(#4429,#4430,#4431,#4439));
#4429 = ORIENTED_EDGE('',*,*,#177,.T.);
#4430 = ORIENTED_EDGE('',*,*,#4416,.T.);
#4431 = ORIENTED_EDGE('',*,*,#4432,.T.);
#4432 = EDGE_CURVE('',#4409,#4433,#4435,.T.);
#4433 = VERTEX_POINT('',#4434);
#4434 = CARTESIAN_POINT('',(-3.770170592217,2.106,20.337228571429));
#4435 = LINE('',#4436,#4437);
#4436 = CARTESIAN_POINT('',(-3.770170592217,2.071457142857,
    20.388671428571));
#4437 = VECTOR('',#4438,1.);
#4438 = DIRECTION('',(-0.,0.55746369916,-0.830201315416));
#4439 = ORIENTED_EDGE('',*,*,#4440,.F.);
#4440 = EDGE_CURVE('',#170,#4433,#4441,.T.);
#4441 = LINE('',#4442,#4443);
#4442 = CARTESIAN_POINT('',(-4.370170592217,2.106,20.337228571429));
#4443 = VECTOR('',#4444,1.);
#4444 = DIRECTION('',(1.,0.,0.));
#4445 = PLANE('',#4446);
#4446 = AXIS2_PLACEMENT_3D('',#4447,#4448,#4449);
#4447 = CARTESIAN_POINT('',(-4.370170592217,2.071457142857,
    20.388671428571));
#4448 = DIRECTION('',(-0.,0.830201315416,0.55746369916));
#4449 = DIRECTION('',(0.,0.55746369916,-0.830201315416));
#4450 = ADVANCED_FACE('',(#4451),#4469,.T.);
#4451 = FACE_BOUND('',#4452,.T.);
#4452 = EDGE_LOOP('',(#4453,#4454,#4455,#4463));
#4453 = ORIENTED_EDGE('',*,*,#169,.T.);
#4454 = ORIENTED_EDGE('',*,*,#4440,.T.);
#4455 = ORIENTED_EDGE('',*,*,#4456,.T.);
#4456 = EDGE_CURVE('',#4433,#4457,#4459,.T.);
#4457 = VERTEX_POINT('',#4458);
#4458 = CARTESIAN_POINT('',(-3.770170592217,2.129214285714,
    20.303057142857));
#4459 = LINE('',#4460,#4461);
#4460 = CARTESIAN_POINT('',(-3.770170592217,2.106,20.337228571429));
#4461 = VECTOR('',#4462,1.);
#4462 = DIRECTION('',(-0.,0.561941076348,-0.827177264384));
#4463 = ORIENTED_EDGE('',*,*,#4464,.F.);
#4464 = EDGE_CURVE('',#162,#4457,#4465,.T.);
#4465 = LINE('',#4466,#4467);
#4466 = CARTESIAN_POINT('',(-4.370170592217,2.129214285714,
    20.303057142857));
#4467 = VECTOR('',#4468,1.);
#4468 = DIRECTION('',(1.,0.,0.));
#4469 = PLANE('',#4470);
#4470 = AXIS2_PLACEMENT_3D('',#4471,#4472,#4473);
#4471 = CARTESIAN_POINT('',(-4.370170592217,2.106,20.337228571429));
#4472 = DIRECTION('',(-0.,0.827177264384,0.561941076348));
#4473 = DIRECTION('',(0.,0.561941076348,-0.827177264384));
#4474 = ADVANCED_FACE('',(#4475),#4493,.T.);
#4475 = FACE_BOUND('',#4476,.T.);
#4476 = EDGE_LOOP('',(#4477,#4478,#4479,#4487));
#4477 = ORIENTED_EDGE('',*,*,#161,.T.);
#4478 = ORIENTED_EDGE('',*,*,#4464,.T.);
#4479 = ORIENTED_EDGE('',*,*,#4480,.T.);
#4480 = EDGE_CURVE('',#4457,#4481,#4483,.T.);
#4481 = VERTEX_POINT('',#4482);
#4482 = CARTESIAN_POINT('',(-3.770170592217,2.158,20.280214285714));
#4483 = LINE('',#4484,#4485);
#4484 = CARTESIAN_POINT('',(-3.770170592217,2.129214285714,
    20.303057142857));
#4485 = VECTOR('',#4486,1.);
#4486 = DIRECTION('',(-0.,0.783327962633,-0.621608641315));
#4487 = ORIENTED_EDGE('',*,*,#4488,.F.);
#4488 = EDGE_CURVE('',#154,#4481,#4489,.T.);
#4489 = LINE('',#4490,#4491);
#4490 = CARTESIAN_POINT('',(-4.370170592217,2.158,20.280214285714));
#4491 = VECTOR('',#4492,1.);
#4492 = DIRECTION('',(1.,0.,0.));
#4493 = PLANE('',#4494);
#4494 = AXIS2_PLACEMENT_3D('',#4495,#4496,#4497);
#4495 = CARTESIAN_POINT('',(-4.370170592217,2.129214285714,
    20.303057142857));
#4496 = DIRECTION('',(-0.,0.621608641315,0.783327962633));
#4497 = DIRECTION('',(0.,0.783327962633,-0.621608641315));
#4498 = ADVANCED_FACE('',(#4499),#4517,.T.);
#4499 = FACE_BOUND('',#4500,.T.);
#4500 = EDGE_LOOP('',(#4501,#4502,#4503,#4511));
#4501 = ORIENTED_EDGE('',*,*,#153,.T.);
#4502 = ORIENTED_EDGE('',*,*,#4488,.T.);
#4503 = ORIENTED_EDGE('',*,*,#4504,.T.);
#4504 = EDGE_CURVE('',#4481,#4505,#4507,.T.);
#4505 = VERTEX_POINT('',#4506);
#4506 = CARTESIAN_POINT('',(-3.770170592217,2.209814285714,
    20.234528571429));
#4507 = LINE('',#4508,#4509);
#4508 = CARTESIAN_POINT('',(-3.770170592217,2.158,20.280214285714));
#4509 = VECTOR('',#4510,1.);
#4510 = DIRECTION('',(-0.,0.750073176681,-0.661354843955));
#4511 = ORIENTED_EDGE('',*,*,#4512,.F.);
#4512 = EDGE_CURVE('',#146,#4505,#4513,.T.);
#4513 = LINE('',#4514,#4515);
#4514 = CARTESIAN_POINT('',(-4.370170592217,2.209814285714,
    20.234528571429));
#4515 = VECTOR('',#4516,1.);
#4516 = DIRECTION('',(1.,0.,0.));
#4517 = PLANE('',#4518);
#4518 = AXIS2_PLACEMENT_3D('',#4519,#4520,#4521);
#4519 = CARTESIAN_POINT('',(-4.370170592217,2.158,20.280214285714));
#4520 = DIRECTION('',(-0.,0.661354843955,0.750073176681));
#4521 = DIRECTION('',(0.,0.750073176681,-0.661354843955));
#4522 = ADVANCED_FACE('',(#4523),#4541,.T.);
#4523 = FACE_BOUND('',#4524,.T.);
#4524 = EDGE_LOOP('',(#4525,#4526,#4527,#4535));
#4525 = ORIENTED_EDGE('',*,*,#145,.T.);
#4526 = ORIENTED_EDGE('',*,*,#4512,.T.);
#4527 = ORIENTED_EDGE('',*,*,#4528,.T.);
#4528 = EDGE_CURVE('',#4505,#4529,#4531,.T.);
#4529 = VERTEX_POINT('',#4530);
#4530 = CARTESIAN_POINT('',(-3.770170592217,2.238785714286,
    20.211685714286));
#4531 = LINE('',#4532,#4533);
#4532 = CARTESIAN_POINT('',(-3.770170592217,2.209814285714,
    20.234528571429));
#4533 = VECTOR('',#4534,1.);
#4534 = DIRECTION('',(-0.,0.785269165628,-0.619154534437));
#4535 = ORIENTED_EDGE('',*,*,#4536,.F.);
#4536 = EDGE_CURVE('',#138,#4529,#4537,.T.);
#4537 = LINE('',#4538,#4539);
#4538 = CARTESIAN_POINT('',(-4.370170592217,2.238785714286,
    20.211685714286));
#4539 = VECTOR('',#4540,1.);
#4540 = DIRECTION('',(1.,0.,0.));
#4541 = PLANE('',#4542);
#4542 = AXIS2_PLACEMENT_3D('',#4543,#4544,#4545);
#4543 = CARTESIAN_POINT('',(-4.370170592217,2.209814285714,
    20.234528571429));
#4544 = DIRECTION('',(-0.,0.619154534437,0.785269165628));
#4545 = DIRECTION('',(0.,0.785269165628,-0.619154534437));
#4546 = ADVANCED_FACE('',(#4547),#4565,.T.);
#4547 = FACE_BOUND('',#4548,.T.);
#4548 = EDGE_LOOP('',(#4549,#4550,#4551,#4559));
#4549 = ORIENTED_EDGE('',*,*,#137,.T.);
#4550 = ORIENTED_EDGE('',*,*,#4536,.T.);
#4551 = ORIENTED_EDGE('',*,*,#4552,.T.);
#4552 = EDGE_CURVE('',#4529,#4553,#4555,.T.);
#4553 = VERTEX_POINT('',#4554);
#4554 = CARTESIAN_POINT('',(-3.770170592217,2.273328571429,20.1946));
#4555 = LINE('',#4556,#4557);
#4556 = CARTESIAN_POINT('',(-3.770170592217,2.238785714286,
    20.211685714286));
#4557 = VECTOR('',#4558,1.);
#4558 = DIRECTION('',(-0.,0.896346509203,-0.443354187348));
#4559 = ORIENTED_EDGE('',*,*,#4560,.F.);
#4560 = EDGE_CURVE('',#130,#4553,#4561,.T.);
#4561 = LINE('',#4562,#4563);
#4562 = CARTESIAN_POINT('',(-4.370170592217,2.273328571429,20.1946));
#4563 = VECTOR('',#4564,1.);
#4564 = DIRECTION('',(1.,0.,0.));
#4565 = PLANE('',#4566);
#4566 = AXIS2_PLACEMENT_3D('',#4567,#4568,#4569);
#4567 = CARTESIAN_POINT('',(-4.370170592217,2.238785714286,
    20.211685714286));
#4568 = DIRECTION('',(-0.,0.443354187348,0.896346509203));
#4569 = DIRECTION('',(0.,0.896346509203,-0.443354187348));
#4570 = ADVANCED_FACE('',(#4571),#4589,.T.);
#4571 = FACE_BOUND('',#4572,.T.);
#4572 = EDGE_LOOP('',(#4573,#4574,#4575,#4583));
#4573 = ORIENTED_EDGE('',*,*,#129,.T.);
#4574 = ORIENTED_EDGE('',*,*,#4560,.T.);
#4575 = ORIENTED_EDGE('',*,*,#4576,.T.);
#4576 = EDGE_CURVE('',#4553,#4577,#4579,.T.);
#4577 = VERTEX_POINT('',#4578);
#4578 = CARTESIAN_POINT('',(-3.770170592217,2.3309,20.166));
#4579 = LINE('',#4580,#4581);
#4580 = CARTESIAN_POINT('',(-3.770170592217,2.273328571429,20.1946));
#4581 = VECTOR('',#4582,1.);
#4582 = DIRECTION('',(-0.,0.895579791821,-0.44490092884));
#4583 = ORIENTED_EDGE('',*,*,#4584,.F.);
#4584 = EDGE_CURVE('',#122,#4577,#4585,.T.);
#4585 = LINE('',#4586,#4587);
#4586 = CARTESIAN_POINT('',(-4.370170592217,2.3309,20.166));
#4587 = VECTOR('',#4588,1.);
#4588 = DIRECTION('',(1.,0.,0.));
#4589 = PLANE('',#4590);
#4590 = AXIS2_PLACEMENT_3D('',#4591,#4592,#4593);
#4591 = CARTESIAN_POINT('',(-4.370170592217,2.273328571429,20.1946));
#4592 = DIRECTION('',(-0.,0.44490092884,0.895579791821));
#4593 = DIRECTION('',(0.,0.895579791821,-0.44490092884));
#4594 = ADVANCED_FACE('',(#4595),#4613,.T.);
#4595 = FACE_BOUND('',#4596,.T.);
#4596 = EDGE_LOOP('',(#4597,#4598,#4599,#4607));
#4597 = ORIENTED_EDGE('',*,*,#121,.T.);
#4598 = ORIENTED_EDGE('',*,*,#4584,.T.);
#4599 = ORIENTED_EDGE('',*,*,#4600,.T.);
#4600 = EDGE_CURVE('',#4577,#4601,#4603,.T.);
#4601 = VERTEX_POINT('',#4602);
#4602 = CARTESIAN_POINT('',(-3.770170592217,2.365628571429,
    20.148914285714));
#4603 = LINE('',#4604,#4605);
#4604 = CARTESIAN_POINT('',(-3.770170592217,2.3309,20.166));
#4605 = VECTOR('',#4606,1.);
#4606 = DIRECTION('',(-0.,0.897287654694,-0.441446332791));
#4607 = ORIENTED_EDGE('',*,*,#4608,.F.);
#4608 = EDGE_CURVE('',#114,#4601,#4609,.T.);
#4609 = LINE('',#4610,#4611);
#4610 = CARTESIAN_POINT('',(-4.370170592217,2.365628571429,
    20.148914285714));
#4611 = VECTOR('',#4612,1.);
#4612 = DIRECTION('',(1.,0.,0.));
#4613 = PLANE('',#4614);
#4614 = AXIS2_PLACEMENT_3D('',#4615,#4616,#4617);
#4615 = CARTESIAN_POINT('',(-4.370170592217,2.3309,20.166));
#4616 = DIRECTION('',(-0.,0.441446332791,0.897287654694));
#4617 = DIRECTION('',(0.,0.897287654694,-0.441446332791));
#4618 = ADVANCED_FACE('',(#4619),#4637,.T.);
#4619 = FACE_BOUND('',#4620,.T.);
#4620 = EDGE_LOOP('',(#4621,#4622,#4623,#4631));
#4621 = ORIENTED_EDGE('',*,*,#113,.T.);
#4622 = ORIENTED_EDGE('',*,*,#4608,.T.);
#4623 = ORIENTED_EDGE('',*,*,#4624,.T.);
#4624 = EDGE_CURVE('',#4601,#4625,#4627,.T.);
#4625 = VERTEX_POINT('',#4626);
#4626 = CARTESIAN_POINT('',(-3.770170592217,2.400171428571,
    20.137585714286));
#4627 = LINE('',#4628,#4629);
#4628 = CARTESIAN_POINT('',(-3.770170592217,2.365628571429,
    20.148914285714));
#4629 = VECTOR('',#4630,1.);
#4630 = DIRECTION('',(-0.,0.950204744819,-0.311626287279));
#4631 = ORIENTED_EDGE('',*,*,#4632,.F.);
#4632 = EDGE_CURVE('',#106,#4625,#4633,.T.);
#4633 = LINE('',#4634,#4635);
#4634 = CARTESIAN_POINT('',(-4.370170592217,2.400171428571,
    20.137585714286));
#4635 = VECTOR('',#4636,1.);
#4636 = DIRECTION('',(1.,0.,0.));
#4637 = PLANE('',#4638);
#4638 = AXIS2_PLACEMENT_3D('',#4639,#4640,#4641);
#4639 = CARTESIAN_POINT('',(-4.370170592217,2.365628571429,
    20.148914285714));
#4640 = DIRECTION('',(-0.,0.311626287279,0.950204744819));
#4641 = DIRECTION('',(0.,0.950204744819,-0.311626287279));
#4642 = ADVANCED_FACE('',(#4643),#4661,.T.);
#4643 = FACE_BOUND('',#4644,.T.);
#4644 = EDGE_LOOP('',(#4645,#4646,#4647,#4655));
#4645 = ORIENTED_EDGE('',*,*,#105,.T.);
#4646 = ORIENTED_EDGE('',*,*,#4632,.T.);
#4647 = ORIENTED_EDGE('',*,*,#4648,.T.);
#4648 = EDGE_CURVE('',#4625,#4649,#4651,.T.);
#4649 = VERTEX_POINT('',#4650);
#4650 = CARTESIAN_POINT('',(-3.770170592217,2.440471428571,
    20.126071428571));
#4651 = LINE('',#4652,#4653);
#4652 = CARTESIAN_POINT('',(-3.770170592217,2.400171428571,
    20.137585714286));
#4653 = VECTOR('',#4654,1.);
#4654 = DIRECTION('',(-0.,0.961523947641,-0.274721127897));
#4655 = ORIENTED_EDGE('',*,*,#4656,.F.);
#4656 = EDGE_CURVE('',#98,#4649,#4657,.T.);
#4657 = LINE('',#4658,#4659);
#4658 = CARTESIAN_POINT('',(-4.370170592217,2.440471428571,
    20.126071428571));
#4659 = VECTOR('',#4660,1.);
#4660 = DIRECTION('',(1.,0.,0.));
#4661 = PLANE('',#4662);
#4662 = AXIS2_PLACEMENT_3D('',#4663,#4664,#4665);
#4663 = CARTESIAN_POINT('',(-4.370170592217,2.400171428571,
    20.137585714286));
#4664 = DIRECTION('',(-0.,0.274721127897,0.961523947641));
#4665 = DIRECTION('',(0.,0.961523947641,-0.274721127897));
#4666 = ADVANCED_FACE('',(#4667),#4685,.T.);
#4667 = FACE_BOUND('',#4668,.T.);
#4668 = EDGE_LOOP('',(#4669,#4670,#4671,#4679));
#4669 = ORIENTED_EDGE('',*,*,#97,.T.);
#4670 = ORIENTED_EDGE('',*,*,#4656,.T.);
#4671 = ORIENTED_EDGE('',*,*,#4672,.T.);
#4672 = EDGE_CURVE('',#4649,#4673,#4675,.T.);
#4673 = VERTEX_POINT('',#4674);
#4674 = CARTESIAN_POINT('',(-3.770170592217,2.475014285714,20.1205));
#4675 = LINE('',#4676,#4677);
#4676 = CARTESIAN_POINT('',(-3.770170592217,2.440471428571,
    20.126071428571));
#4677 = VECTOR('',#4678,1.);
#4678 = DIRECTION('',(-0.,0.987241120713,-0.159232438825));
#4679 = ORIENTED_EDGE('',*,*,#4680,.F.);
#4680 = EDGE_CURVE('',#90,#4673,#4681,.T.);
#4681 = LINE('',#4682,#4683);
#4682 = CARTESIAN_POINT('',(-4.370170592217,2.475014285714,20.1205));
#4683 = VECTOR('',#4684,1.);
#4684 = DIRECTION('',(1.,0.,0.));
#4685 = PLANE('',#4686);
#4686 = AXIS2_PLACEMENT_3D('',#4687,#4688,#4689);
#4687 = CARTESIAN_POINT('',(-4.370170592217,2.440471428571,
    20.126071428571));
#4688 = DIRECTION('',(-0.,0.159232438825,0.987241120713));
#4689 = DIRECTION('',(0.,0.987241120713,-0.159232438825));
#4690 = ADVANCED_FACE('',(#4691),#4709,.T.);
#4691 = FACE_BOUND('',#4692,.T.);
#4692 = EDGE_LOOP('',(#4693,#4694,#4695,#4703));
#4693 = ORIENTED_EDGE('',*,*,#89,.T.);
#4694 = ORIENTED_EDGE('',*,*,#4680,.T.);
#4695 = ORIENTED_EDGE('',*,*,#4696,.T.);
#4696 = EDGE_CURVE('',#4673,#4697,#4699,.T.);
#4697 = VERTEX_POINT('',#4698);
#4698 = CARTESIAN_POINT('',(-3.770170592217,2.515314285714,
    20.114742857143));
#4699 = LINE('',#4700,#4701);
#4700 = CARTESIAN_POINT('',(-3.770170592217,2.475014285714,20.1205));
#4701 = VECTOR('',#4702,1.);
#4702 = DIRECTION('',(-0.,0.989949493661,-0.141421356237));
#4703 = ORIENTED_EDGE('',*,*,#4704,.F.);
#4704 = EDGE_CURVE('',#82,#4697,#4705,.T.);
#4705 = LINE('',#4706,#4707);
#4706 = CARTESIAN_POINT('',(-4.370170592217,2.515314285714,
    20.114742857143));
#4707 = VECTOR('',#4708,1.);
#4708 = DIRECTION('',(1.,0.,0.));
#4709 = PLANE('',#4710);
#4710 = AXIS2_PLACEMENT_3D('',#4711,#4712,#4713);
#4711 = CARTESIAN_POINT('',(-4.370170592217,2.475014285714,20.1205));
#4712 = DIRECTION('',(-0.,0.141421356237,0.989949493661));
#4713 = DIRECTION('',(0.,0.989949493661,-0.141421356237));
#4714 = ADVANCED_FACE('',(#4715),#4740,.T.);
#4715 = FACE_BOUND('',#4716,.T.);
#4716 = EDGE_LOOP('',(#4717,#4718,#4726,#4734));
#4717 = ORIENTED_EDGE('',*,*,#73,.T.);
#4718 = ORIENTED_EDGE('',*,*,#4719,.T.);
#4719 = EDGE_CURVE('',#74,#4720,#4722,.T.);
#4720 = VERTEX_POINT('',#4721);
#4721 = CARTESIAN_POINT('',(-3.770170592217,3.417142857143,
    20.114742857143));
#4722 = LINE('',#4723,#4724);
#4723 = CARTESIAN_POINT('',(-4.370170592217,3.417142857143,
    20.114742857143));
#4724 = VECTOR('',#4725,1.);
#4725 = DIRECTION('',(1.,0.,0.));
#4726 = ORIENTED_EDGE('',*,*,#4727,.T.);
#4727 = EDGE_CURVE('',#4720,#4728,#4730,.T.);
#4728 = VERTEX_POINT('',#4729);
#4729 = CARTESIAN_POINT('',(-3.770170592217,3.417142857143,
    18.973714285714));
#4730 = LINE('',#4731,#4732);
#4731 = CARTESIAN_POINT('',(-3.770170592217,3.417142857143,
    20.114742857143));
#4732 = VECTOR('',#4733,1.);
#4733 = DIRECTION('',(0.,0.,-1.));
#4734 = ORIENTED_EDGE('',*,*,#4735,.F.);
#4735 = EDGE_CURVE('',#66,#4728,#4736,.T.);
#4736 = LINE('',#4737,#4738);
#4737 = CARTESIAN_POINT('',(-4.370170592217,3.417142857143,
    18.973714285714));
#4738 = VECTOR('',#4739,1.);
#4739 = DIRECTION('',(1.,0.,0.));
#4740 = PLANE('',#4741);
#4741 = AXIS2_PLACEMENT_3D('',#4742,#4743,#4744);
#4742 = CARTESIAN_POINT('',(-4.370170592217,3.417142857143,
    20.114742857143));
#4743 = DIRECTION('',(-0.,1.,0.));
#4744 = DIRECTION('',(0.,0.,-1.));
#4745 = ADVANCED_FACE('',(#4746),#4771,.T.);
#4746 = FACE_BOUND('',#4747,.T.);
#4747 = EDGE_LOOP('',(#4748,#4749,#4757,#4765));
#4748 = ORIENTED_EDGE('',*,*,#953,.T.);
#4749 = ORIENTED_EDGE('',*,*,#4750,.T.);
#4750 = EDGE_CURVE('',#956,#4751,#4753,.T.);
#4751 = VERTEX_POINT('',#4752);
#4752 = CARTESIAN_POINT('',(-3.770170592217,0.433828571429,
    22.258442857143));
#4753 = LINE('',#4754,#4755);
#4754 = CARTESIAN_POINT('',(-4.370170592217,0.433828571429,
    22.258442857143));
#4755 = VECTOR('',#4756,1.);
#4756 = DIRECTION('',(1.,0.,0.));
#4757 = ORIENTED_EDGE('',*,*,#4758,.T.);
#4758 = EDGE_CURVE('',#4751,#4759,#4761,.T.);
#4759 = VERTEX_POINT('',#4760);
#4760 = CARTESIAN_POINT('',(-3.770170592217,0.428071428571,
    22.287414285714));
#4761 = LINE('',#4762,#4763);
#4762 = CARTESIAN_POINT('',(-3.770170592217,0.433828571429,
    22.258442857143));
#4763 = VECTOR('',#4764,1.);
#4764 = DIRECTION('',(0.,-0.19490688626,0.980821750212));
#4765 = ORIENTED_EDGE('',*,*,#4766,.F.);
#4766 = EDGE_CURVE('',#954,#4759,#4767,.T.);
#4767 = LINE('',#4768,#4769);
#4768 = CARTESIAN_POINT('',(-4.370170592217,0.428071428571,
    22.287414285714));
#4769 = VECTOR('',#4770,1.);
#4770 = DIRECTION('',(1.,0.,0.));
#4771 = PLANE('',#4772);
#4772 = AXIS2_PLACEMENT_3D('',#4773,#4774,#4775);
#4773 = CARTESIAN_POINT('',(-4.370170592217,0.433828571429,
    22.258442857143));
#4774 = DIRECTION('',(0.,-0.980821750212,-0.19490688626));
#4775 = DIRECTION('',(0.,-0.19490688626,0.980821750212));
#4776 = ADVANCED_FACE('',(#4777),#4795,.T.);
#4777 = FACE_BOUND('',#4778,.T.);
#4778 = EDGE_LOOP('',(#4779,#4780,#4781,#4789));
#4779 = ORIENTED_EDGE('',*,*,#1411,.T.);
#4780 = ORIENTED_EDGE('',*,*,#4766,.T.);
#4781 = ORIENTED_EDGE('',*,*,#4782,.T.);
#4782 = EDGE_CURVE('',#4759,#4783,#4785,.T.);
#4783 = VERTEX_POINT('',#4784);
#4784 = CARTESIAN_POINT('',(-3.770170592217,0.4225,22.321957142857));
#4785 = LINE('',#4786,#4787);
#4786 = CARTESIAN_POINT('',(-3.770170592217,0.428071428571,
    22.287414285714));
#4787 = VECTOR('',#4788,1.);
#4788 = DIRECTION('',(0.,-0.159232438825,0.987241120713));
#4789 = ORIENTED_EDGE('',*,*,#4790,.F.);
#4790 = EDGE_CURVE('',#1404,#4783,#4791,.T.);
#4791 = LINE('',#4792,#4793);
#4792 = CARTESIAN_POINT('',(-4.370170592217,0.4225,22.321957142857));
#4793 = VECTOR('',#4794,1.);
#4794 = DIRECTION('',(1.,0.,0.));
#4795 = PLANE('',#4796);
#4796 = AXIS2_PLACEMENT_3D('',#4797,#4798,#4799);
#4797 = CARTESIAN_POINT('',(-4.370170592217,0.428071428571,
    22.287414285714));
#4798 = DIRECTION('',(0.,-0.987241120713,-0.159232438825));
#4799 = DIRECTION('',(0.,-0.159232438825,0.987241120713));
#4800 = ADVANCED_FACE('',(#4801),#4819,.T.);
#4801 = FACE_BOUND('',#4802,.T.);
#4802 = EDGE_LOOP('',(#4803,#4804,#4805,#4813));
#4803 = ORIENTED_EDGE('',*,*,#1403,.T.);
#4804 = ORIENTED_EDGE('',*,*,#4790,.T.);
#4805 = ORIENTED_EDGE('',*,*,#4806,.T.);
#4806 = EDGE_CURVE('',#4783,#4807,#4809,.T.);
#4807 = VERTEX_POINT('',#4808);
#4808 = CARTESIAN_POINT('',(-3.770170592217,0.410985714286,
    22.333285714286));
#4809 = LINE('',#4810,#4811);
#4810 = CARTESIAN_POINT('',(-3.770170592217,0.4225,22.321957142857));
#4811 = VECTOR('',#4812,1.);
#4812 = DIRECTION('',(0.,-0.712832058729,0.70133476746));
#4813 = ORIENTED_EDGE('',*,*,#4814,.F.);
#4814 = EDGE_CURVE('',#1396,#4807,#4815,.T.);
#4815 = LINE('',#4816,#4817);
#4816 = CARTESIAN_POINT('',(-4.370170592217,0.410985714286,
    22.333285714286));
#4817 = VECTOR('',#4818,1.);
#4818 = DIRECTION('',(1.,0.,0.));
#4819 = PLANE('',#4820);
#4820 = AXIS2_PLACEMENT_3D('',#4821,#4822,#4823);
#4821 = CARTESIAN_POINT('',(-4.370170592217,0.4225,22.321957142857));
#4822 = DIRECTION('',(0.,-0.70133476746,-0.712832058729));
#4823 = DIRECTION('',(0.,-0.712832058729,0.70133476746));
#4824 = ADVANCED_FACE('',(#4825),#4843,.T.);
#4825 = FACE_BOUND('',#4826,.T.);
#4826 = EDGE_LOOP('',(#4827,#4828,#4829,#4837));
#4827 = ORIENTED_EDGE('',*,*,#1395,.T.);
#4828 = ORIENTED_EDGE('',*,*,#4814,.T.);
#4829 = ORIENTED_EDGE('',*,*,#4830,.T.);
#4830 = EDGE_CURVE('',#4807,#4831,#4833,.T.);
#4831 = VERTEX_POINT('',#4832);
#4832 = CARTESIAN_POINT('',(-3.770170592217,0.399657142857,
    22.350742857143));
#4833 = LINE('',#4834,#4835);
#4834 = CARTESIAN_POINT('',(-3.770170592217,0.410985714286,
    22.333285714286));
#4835 = VECTOR('',#4836,1.);
#4836 = DIRECTION('',(0.,-0.544360855445,0.838851154293));
#4837 = ORIENTED_EDGE('',*,*,#4838,.F.);
#4838 = EDGE_CURVE('',#1388,#4831,#4839,.T.);
#4839 = LINE('',#4840,#4841);
#4840 = CARTESIAN_POINT('',(-4.370170592217,0.399657142857,
    22.350742857143));
#4841 = VECTOR('',#4842,1.);
#4842 = DIRECTION('',(1.,0.,0.));
#4843 = PLANE('',#4844);
#4844 = AXIS2_PLACEMENT_3D('',#4845,#4846,#4847);
#4845 = CARTESIAN_POINT('',(-4.370170592217,0.410985714286,
    22.333285714286));
#4846 = DIRECTION('',(0.,-0.838851154293,-0.544360855445));
#4847 = DIRECTION('',(0.,-0.544360855445,0.838851154293));
#4848 = ADVANCED_FACE('',(#4849),#4867,.T.);
#4849 = FACE_BOUND('',#4850,.T.);
#4850 = EDGE_LOOP('',(#4851,#4852,#4853,#4861));
#4851 = ORIENTED_EDGE('',*,*,#1387,.T.);
#4852 = ORIENTED_EDGE('',*,*,#4838,.T.);
#4853 = ORIENTED_EDGE('',*,*,#4854,.T.);
#4854 = EDGE_CURVE('',#4831,#4855,#4857,.T.);
#4855 = VERTEX_POINT('',#4856);
#4856 = CARTESIAN_POINT('',(-3.770170592217,0.388142857143,
    22.368014285714));
#4857 = LINE('',#4858,#4859);
#4858 = CARTESIAN_POINT('',(-3.770170592217,0.399657142857,
    22.350742857143));
#4859 = VECTOR('',#4860,1.);
#4860 = DIRECTION('',(0.,-0.554700196225,0.832050294338));
#4861 = ORIENTED_EDGE('',*,*,#4862,.F.);
#4862 = EDGE_CURVE('',#1380,#4855,#4863,.T.);
#4863 = LINE('',#4864,#4865);
#4864 = CARTESIAN_POINT('',(-4.370170592217,0.388142857143,
    22.368014285714));
#4865 = VECTOR('',#4866,1.);
#4866 = DIRECTION('',(1.,0.,0.));
#4867 = PLANE('',#4868);
#4868 = AXIS2_PLACEMENT_3D('',#4869,#4870,#4871);
#4869 = CARTESIAN_POINT('',(-4.370170592217,0.399657142857,
    22.350742857143));
#4870 = DIRECTION('',(0.,-0.832050294338,-0.554700196225));
#4871 = DIRECTION('',(0.,-0.554700196225,0.832050294338));
#4872 = ADVANCED_FACE('',(#4873),#4891,.T.);
#4873 = FACE_BOUND('',#4874,.T.);
#4874 = EDGE_LOOP('',(#4875,#4876,#4877,#4885));
#4875 = ORIENTED_EDGE('',*,*,#1379,.T.);
#4876 = ORIENTED_EDGE('',*,*,#4862,.T.);
#4877 = ORIENTED_EDGE('',*,*,#4878,.T.);
#4878 = EDGE_CURVE('',#4855,#4879,#4881,.T.);
#4879 = VERTEX_POINT('',#4880);
#4880 = CARTESIAN_POINT('',(-3.770170592217,0.371057142857,
    22.379528571429));
#4881 = LINE('',#4882,#4883);
#4882 = CARTESIAN_POINT('',(-3.770170592217,0.388142857143,
    22.368014285714));
#4883 = VECTOR('',#4884,1.);
#4884 = DIRECTION('',(0.,-0.829266427591,0.558853462072));
#4885 = ORIENTED_EDGE('',*,*,#4886,.F.);
#4886 = EDGE_CURVE('',#1372,#4879,#4887,.T.);
#4887 = LINE('',#4888,#4889);
#4888 = CARTESIAN_POINT('',(-4.370170592217,0.371057142857,
    22.379528571429));
#4889 = VECTOR('',#4890,1.);
#4890 = DIRECTION('',(1.,0.,0.));
#4891 = PLANE('',#4892);
#4892 = AXIS2_PLACEMENT_3D('',#4893,#4894,#4895);
#4893 = CARTESIAN_POINT('',(-4.370170592217,0.388142857143,
    22.368014285714));
#4894 = DIRECTION('',(0.,-0.558853462072,-0.829266427591));
#4895 = DIRECTION('',(0.,-0.829266427591,0.558853462072));
#4896 = ADVANCED_FACE('',(#4897),#4915,.T.);
#4897 = FACE_BOUND('',#4898,.T.);
#4898 = EDGE_LOOP('',(#4899,#4900,#4901,#4909));
#4899 = ORIENTED_EDGE('',*,*,#1371,.T.);
#4900 = ORIENTED_EDGE('',*,*,#4886,.T.);
#4901 = ORIENTED_EDGE('',*,*,#4902,.T.);
#4902 = EDGE_CURVE('',#4879,#4903,#4905,.T.);
#4903 = VERTEX_POINT('',#4904);
#4904 = CARTESIAN_POINT('',(-3.770170592217,0.353971428571,
    22.385285714286));
#4905 = LINE('',#4906,#4907);
#4906 = CARTESIAN_POINT('',(-3.770170592217,0.371057142857,
    22.379528571429));
#4907 = VECTOR('',#4908,1.);
#4908 = DIRECTION('',(0.,-0.947648212829,0.319316245627));
#4909 = ORIENTED_EDGE('',*,*,#4910,.F.);
#4910 = EDGE_CURVE('',#1364,#4903,#4911,.T.);
#4911 = LINE('',#4912,#4913);
#4912 = CARTESIAN_POINT('',(-4.370170592217,0.353971428571,
    22.385285714286));
#4913 = VECTOR('',#4914,1.);
#4914 = DIRECTION('',(1.,0.,0.));
#4915 = PLANE('',#4916);
#4916 = AXIS2_PLACEMENT_3D('',#4917,#4918,#4919);
#4917 = CARTESIAN_POINT('',(-4.370170592217,0.371057142857,
    22.379528571429));
#4918 = DIRECTION('',(0.,-0.319316245627,-0.947648212829));
#4919 = DIRECTION('',(0.,-0.947648212829,0.319316245627));
#4920 = ADVANCED_FACE('',(#4921),#4939,.T.);
#4921 = FACE_BOUND('',#4922,.T.);
#4922 = EDGE_LOOP('',(#4923,#4924,#4925,#4933));
#4923 = ORIENTED_EDGE('',*,*,#1363,.T.);
#4924 = ORIENTED_EDGE('',*,*,#4910,.T.);
#4925 = ORIENTED_EDGE('',*,*,#4926,.T.);
#4926 = EDGE_CURVE('',#4903,#4927,#4929,.T.);
#4927 = VERTEX_POINT('',#4928);
#4928 = CARTESIAN_POINT('',(-3.770170592217,0.336885714286,22.3968));
#4929 = LINE('',#4930,#4931);
#4930 = CARTESIAN_POINT('',(-3.770170592217,0.353971428571,
    22.385285714286));
#4931 = VECTOR('',#4932,1.);
#4932 = DIRECTION('',(0.,-0.829266427591,0.558853462072));
#4933 = ORIENTED_EDGE('',*,*,#4934,.F.);
#4934 = EDGE_CURVE('',#1356,#4927,#4935,.T.);
#4935 = LINE('',#4936,#4937);
#4936 = CARTESIAN_POINT('',(-4.370170592217,0.336885714286,22.3968));
#4937 = VECTOR('',#4938,1.);
#4938 = DIRECTION('',(1.,0.,0.));
#4939 = PLANE('',#4940);
#4940 = AXIS2_PLACEMENT_3D('',#4941,#4942,#4943);
#4941 = CARTESIAN_POINT('',(-4.370170592217,0.353971428571,
    22.385285714286));
#4942 = DIRECTION('',(0.,-0.558853462072,-0.829266427591));
#4943 = DIRECTION('',(0.,-0.829266427591,0.558853462072));
#4944 = ADVANCED_FACE('',(#4945),#4970,.T.);
#4945 = FACE_BOUND('',#4946,.T.);
#4946 = EDGE_LOOP('',(#4947,#4948,#4956,#4964));
#4947 = ORIENTED_EDGE('',*,*,#1347,.T.);
#4948 = ORIENTED_EDGE('',*,*,#4949,.T.);
#4949 = EDGE_CURVE('',#1348,#4950,#4952,.T.);
#4950 = VERTEX_POINT('',#4951);
#4951 = CARTESIAN_POINT('',(-3.770170592217,-1.277714285714,22.3968));
#4952 = LINE('',#4953,#4954);
#4953 = CARTESIAN_POINT('',(-4.370170592217,-1.277714285714,22.3968));
#4954 = VECTOR('',#4955,1.);
#4955 = DIRECTION('',(1.,0.,0.));
#4956 = ORIENTED_EDGE('',*,*,#4957,.T.);
#4957 = EDGE_CURVE('',#4950,#4958,#4960,.T.);
#4958 = VERTEX_POINT('',#4959);
#4959 = CARTESIAN_POINT('',(-3.770170592217,-1.306314285714,
    22.391228571429));
#4960 = LINE('',#4961,#4962);
#4961 = CARTESIAN_POINT('',(-3.770170592217,-1.277714285714,22.3968));
#4962 = VECTOR('',#4963,1.);
#4963 = DIRECTION('',(0.,-0.981548987081,-0.191210841639));
#4964 = ORIENTED_EDGE('',*,*,#4965,.F.);
#4965 = EDGE_CURVE('',#1340,#4958,#4966,.T.);
#4966 = LINE('',#4967,#4968);
#4967 = CARTESIAN_POINT('',(-4.370170592217,-1.306314285714,
    22.391228571429));
#4968 = VECTOR('',#4969,1.);
#4969 = DIRECTION('',(1.,0.,0.));
#4970 = PLANE('',#4971);
#4971 = AXIS2_PLACEMENT_3D('',#4972,#4973,#4974);
#4972 = CARTESIAN_POINT('',(-4.370170592217,-1.277714285714,22.3968));
#4973 = DIRECTION('',(0.,0.191210841639,-0.981548987081));
#4974 = DIRECTION('',(0.,-0.981548987081,-0.191210841639));
#4975 = ADVANCED_FACE('',(#4976),#4994,.T.);
#4976 = FACE_BOUND('',#4977,.T.);
#4977 = EDGE_LOOP('',(#4978,#4979,#4980,#4988));
#4978 = ORIENTED_EDGE('',*,*,#1339,.T.);
#4979 = ORIENTED_EDGE('',*,*,#4965,.T.);
#4980 = ORIENTED_EDGE('',*,*,#4981,.T.);
#4981 = EDGE_CURVE('',#4958,#4982,#4984,.T.);
#4982 = VERTEX_POINT('',#4983);
#4983 = CARTESIAN_POINT('',(-3.770170592217,-1.340485714286,
    22.385842857143));
#4984 = LINE('',#4985,#4986);
#4985 = CARTESIAN_POINT('',(-3.770170592217,-1.306314285714,
    22.391228571429));
#4986 = VECTOR('',#4987,1.);
#4987 = DIRECTION('',(0.,-0.987806455345,-0.155686886984));
#4988 = ORIENTED_EDGE('',*,*,#4989,.F.);
#4989 = EDGE_CURVE('',#1332,#4982,#4990,.T.);
#4990 = LINE('',#4991,#4992);
#4991 = CARTESIAN_POINT('',(-4.370170592217,-1.340485714286,
    22.385842857143));
#4992 = VECTOR('',#4993,1.);
#4993 = DIRECTION('',(1.,0.,0.));
#4994 = PLANE('',#4995);
#4995 = AXIS2_PLACEMENT_3D('',#4996,#4997,#4998);
#4996 = CARTESIAN_POINT('',(-4.370170592217,-1.306314285714,
    22.391228571429));
#4997 = DIRECTION('',(0.,0.155686886984,-0.987806455345));
#4998 = DIRECTION('',(0.,-0.987806455345,-0.155686886984));
#4999 = ADVANCED_FACE('',(#5000),#5018,.T.);
#5000 = FACE_BOUND('',#5001,.T.);
#5001 = EDGE_LOOP('',(#5002,#5003,#5004,#5012));
#5002 = ORIENTED_EDGE('',*,*,#1331,.T.);
#5003 = ORIENTED_EDGE('',*,*,#4989,.T.);
#5004 = ORIENTED_EDGE('',*,*,#5005,.T.);
#5005 = EDGE_CURVE('',#4982,#5006,#5008,.T.);
#5006 = VERTEX_POINT('',#5007);
#5007 = CARTESIAN_POINT('',(-3.770170592217,-1.363328571429,
    22.369314285714));
#5008 = LINE('',#5009,#5010);
#5009 = CARTESIAN_POINT('',(-3.770170592217,-1.340485714286,
    22.385842857143));
#5010 = VECTOR('',#5011,1.);
#5011 = DIRECTION('',(0.,-0.810157853985,-0.586211780526));
#5012 = ORIENTED_EDGE('',*,*,#5013,.F.);
#5013 = EDGE_CURVE('',#1324,#5006,#5014,.T.);
#5014 = LINE('',#5015,#5016);
#5015 = CARTESIAN_POINT('',(-4.370170592217,-1.363328571429,
    22.369314285714));
#5016 = VECTOR('',#5017,1.);
#5017 = DIRECTION('',(1.,0.,0.));
#5018 = PLANE('',#5019);
#5019 = AXIS2_PLACEMENT_3D('',#5020,#5021,#5022);
#5020 = CARTESIAN_POINT('',(-4.370170592217,-1.340485714286,
    22.385842857143));
#5021 = DIRECTION('',(0.,0.586211780526,-0.810157853985));
#5022 = DIRECTION('',(0.,-0.810157853985,-0.586211780526));
#5023 = ADVANCED_FACE('',(#5024),#5042,.T.);
#5024 = FACE_BOUND('',#5025,.T.);
#5025 = EDGE_LOOP('',(#5026,#5027,#5028,#5036));
#5026 = ORIENTED_EDGE('',*,*,#1323,.T.);
#5027 = ORIENTED_EDGE('',*,*,#5013,.T.);
#5028 = ORIENTED_EDGE('',*,*,#5029,.T.);
#5029 = EDGE_CURVE('',#5006,#5030,#5032,.T.);
#5030 = VERTEX_POINT('',#5031);
#5031 = CARTESIAN_POINT('',(-3.770170592217,-1.391742857143,
    22.342014285714));
#5032 = LINE('',#5033,#5034);
#5033 = CARTESIAN_POINT('',(-3.770170592217,-1.363328571429,
    22.369314285714));
#5034 = VECTOR('',#5035,1.);
#5035 = DIRECTION('',(0.,-0.721104710287,-0.692826094198));
#5036 = ORIENTED_EDGE('',*,*,#5037,.F.);
#5037 = EDGE_CURVE('',#1316,#5030,#5038,.T.);
#5038 = LINE('',#5039,#5040);
#5039 = CARTESIAN_POINT('',(-4.370170592217,-1.391742857143,
    22.342014285714));
#5040 = VECTOR('',#5041,1.);
#5041 = DIRECTION('',(1.,0.,0.));
#5042 = PLANE('',#5043);
#5043 = AXIS2_PLACEMENT_3D('',#5044,#5045,#5046);
#5044 = CARTESIAN_POINT('',(-4.370170592217,-1.363328571429,
    22.369314285714));
#5045 = DIRECTION('',(0.,0.692826094198,-0.721104710287));
#5046 = DIRECTION('',(0.,-0.721104710287,-0.692826094198));
#5047 = ADVANCED_FACE('',(#5048),#5066,.T.);
#5048 = FACE_BOUND('',#5049,.T.);
#5049 = EDGE_LOOP('',(#5050,#5051,#5052,#5060));
#5050 = ORIENTED_EDGE('',*,*,#1315,.T.);
#5051 = ORIENTED_EDGE('',*,*,#5037,.T.);
#5052 = ORIENTED_EDGE('',*,*,#5053,.T.);
#5053 = EDGE_CURVE('',#5030,#5054,#5056,.T.);
#5054 = VERTEX_POINT('',#5055);
#5055 = CARTESIAN_POINT('',(-3.770170592217,-1.409014285714,
    22.314528571429));
#5056 = LINE('',#5057,#5058);
#5057 = CARTESIAN_POINT('',(-3.770170592217,-1.391742857143,
    22.342014285714));
#5058 = VECTOR('',#5059,1.);
#5059 = DIRECTION('',(0.,-0.532054374811,-0.846710187871));
#5060 = ORIENTED_EDGE('',*,*,#5061,.F.);
#5061 = EDGE_CURVE('',#1308,#5054,#5062,.T.);
#5062 = LINE('',#5063,#5064);
#5063 = CARTESIAN_POINT('',(-4.370170592217,-1.409014285714,
    22.314528571429));
#5064 = VECTOR('',#5065,1.);
#5065 = DIRECTION('',(1.,0.,0.));
#5066 = PLANE('',#5067);
#5067 = AXIS2_PLACEMENT_3D('',#5068,#5069,#5070);
#5068 = CARTESIAN_POINT('',(-4.370170592217,-1.391742857143,
    22.342014285714));
#5069 = DIRECTION('',(0.,0.846710187871,-0.532054374811));
#5070 = DIRECTION('',(0.,-0.532054374811,-0.846710187871));
#5071 = ADVANCED_FACE('',(#5072),#5090,.T.);
#5072 = FACE_BOUND('',#5073,.T.);
#5073 = EDGE_LOOP('',(#5074,#5075,#5076,#5084));
#5074 = ORIENTED_EDGE('',*,*,#1307,.T.);
#5075 = ORIENTED_EDGE('',*,*,#5061,.T.);
#5076 = ORIENTED_EDGE('',*,*,#5077,.T.);
#5077 = EDGE_CURVE('',#5054,#5078,#5080,.T.);
#5078 = VERTEX_POINT('',#5079);
#5079 = CARTESIAN_POINT('',(-3.770170592217,-1.420342857143,
    22.287228571429));
#5080 = LINE('',#5081,#5082);
#5081 = CARTESIAN_POINT('',(-3.770170592217,-1.409014285714,
    22.314528571429));
#5082 = VECTOR('',#5083,1.);
#5083 = DIRECTION('',(0.,-0.383276542478,-0.923633635153));
#5084 = ORIENTED_EDGE('',*,*,#5085,.F.);
#5085 = EDGE_CURVE('',#1300,#5078,#5086,.T.);
#5086 = LINE('',#5087,#5088);
#5087 = CARTESIAN_POINT('',(-4.370170592217,-1.420342857143,
    22.287228571429));
#5088 = VECTOR('',#5089,1.);
#5089 = DIRECTION('',(1.,0.,0.));
#5090 = PLANE('',#5091);
#5091 = AXIS2_PLACEMENT_3D('',#5092,#5093,#5094);
#5092 = CARTESIAN_POINT('',(-4.370170592217,-1.409014285714,
    22.314528571429));
#5093 = DIRECTION('',(0.,0.923633635153,-0.383276542478));
#5094 = DIRECTION('',(0.,-0.383276542478,-0.923633635153));
#5095 = ADVANCED_FACE('',(#5096),#5121,.T.);
#5096 = FACE_BOUND('',#5097,.T.);
#5097 = EDGE_LOOP('',(#5098,#5099,#5107,#5115));
#5098 = ORIENTED_EDGE('',*,*,#1291,.T.);
#5099 = ORIENTED_EDGE('',*,*,#5100,.T.);
#5100 = EDGE_CURVE('',#1292,#5101,#5103,.T.);
#5101 = VERTEX_POINT('',#5102);
#5102 = CARTESIAN_POINT('',(-3.770170592217,-1.420342857143,
    21.946257142857));
#5103 = LINE('',#5104,#5105);
#5104 = CARTESIAN_POINT('',(-4.370170592217,-1.420342857143,
    21.946257142857));
#5105 = VECTOR('',#5106,1.);
#5106 = DIRECTION('',(1.,0.,0.));
#5107 = ORIENTED_EDGE('',*,*,#5108,.T.);
#5108 = EDGE_CURVE('',#5101,#5109,#5111,.T.);
#5109 = VERTEX_POINT('',#5110);
#5110 = CARTESIAN_POINT('',(-3.770170592217,-1.414585714286,
    21.928428571429));
#5111 = LINE('',#5112,#5113);
#5112 = CARTESIAN_POINT('',(-3.770170592217,-1.420342857143,
    21.946257142857));
#5113 = VECTOR('',#5114,1.);
#5114 = DIRECTION('',(-0.,0.307292390957,-0.951615146191));
#5115 = ORIENTED_EDGE('',*,*,#5116,.F.);
#5116 = EDGE_CURVE('',#1284,#5109,#5117,.T.);
#5117 = LINE('',#5118,#5119);
#5118 = CARTESIAN_POINT('',(-4.370170592217,-1.414585714286,
    21.928428571429));
#5119 = VECTOR('',#5120,1.);
#5120 = DIRECTION('',(1.,0.,0.));
#5121 = PLANE('',#5122);
#5122 = AXIS2_PLACEMENT_3D('',#5123,#5124,#5125);
#5123 = CARTESIAN_POINT('',(-4.370170592217,-1.420342857143,
    21.946257142857));
#5124 = DIRECTION('',(-0.,0.951615146191,0.307292390957));
#5125 = DIRECTION('',(0.,0.307292390957,-0.951615146191));
#5126 = ADVANCED_FACE('',(#5127),#5145,.T.);
#5127 = FACE_BOUND('',#5128,.T.);
#5128 = EDGE_LOOP('',(#5129,#5130,#5131,#5139));
#5129 = ORIENTED_EDGE('',*,*,#1283,.T.);
#5130 = ORIENTED_EDGE('',*,*,#5116,.T.);
#5131 = ORIENTED_EDGE('',*,*,#5132,.T.);
#5132 = EDGE_CURVE('',#5109,#5133,#5135,.T.);
#5133 = VERTEX_POINT('',#5134);
#5134 = CARTESIAN_POINT('',(-3.770170592217,-1.409014285714,
    21.910414285714));
#5135 = LINE('',#5136,#5137);
#5136 = CARTESIAN_POINT('',(-3.770170592217,-1.414585714286,
    21.928428571429));
#5137 = VECTOR('',#5138,1.);
#5138 = DIRECTION('',(-0.,0.295469722922,-0.955352104115));
#5139 = ORIENTED_EDGE('',*,*,#5140,.F.);
#5140 = EDGE_CURVE('',#1276,#5133,#5141,.T.);
#5141 = LINE('',#5142,#5143);
#5142 = CARTESIAN_POINT('',(-4.370170592217,-1.409014285714,
    21.910414285714));
#5143 = VECTOR('',#5144,1.);
#5144 = DIRECTION('',(1.,0.,0.));
#5145 = PLANE('',#5146);
#5146 = AXIS2_PLACEMENT_3D('',#5147,#5148,#5149);
#5147 = CARTESIAN_POINT('',(-4.370170592217,-1.414585714286,
    21.928428571429));
#5148 = DIRECTION('',(-0.,0.955352104115,0.295469722922));
#5149 = DIRECTION('',(0.,0.295469722922,-0.955352104115));
#5150 = ADVANCED_FACE('',(#5151),#5169,.T.);
#5151 = FACE_BOUND('',#5152,.T.);
#5152 = EDGE_LOOP('',(#5153,#5154,#5155,#5163));
#5153 = ORIENTED_EDGE('',*,*,#1275,.T.);
#5154 = ORIENTED_EDGE('',*,*,#5140,.T.);
#5155 = ORIENTED_EDGE('',*,*,#5156,.T.);
#5156 = EDGE_CURVE('',#5133,#5157,#5159,.T.);
#5157 = VERTEX_POINT('',#5158);
#5158 = CARTESIAN_POINT('',(-3.770170592217,-1.3975,21.8924));
#5159 = LINE('',#5160,#5161);
#5160 = CARTESIAN_POINT('',(-3.770170592217,-1.409014285714,
    21.910414285714));
#5161 = VECTOR('',#5162,1.);
#5162 = DIRECTION('',(-0.,0.538560615351,-0.842586769178));
#5163 = ORIENTED_EDGE('',*,*,#5164,.F.);
#5164 = EDGE_CURVE('',#1268,#5157,#5165,.T.);
#5165 = LINE('',#5166,#5167);
#5166 = CARTESIAN_POINT('',(-4.370170592217,-1.3975,21.8924));
#5167 = VECTOR('',#5168,1.);
#5168 = DIRECTION('',(1.,0.,0.));
#5169 = PLANE('',#5170);
#5170 = AXIS2_PLACEMENT_3D('',#5171,#5172,#5173);
#5171 = CARTESIAN_POINT('',(-4.370170592217,-1.409014285714,
    21.910414285714));
#5172 = DIRECTION('',(-0.,0.842586769178,0.538560615351));
#5173 = DIRECTION('',(0.,0.538560615351,-0.842586769178));
#5174 = ADVANCED_FACE('',(#5175),#5193,.T.);
#5175 = FACE_BOUND('',#5176,.T.);
#5176 = EDGE_LOOP('',(#5177,#5178,#5179,#5187));
#5177 = ORIENTED_EDGE('',*,*,#1267,.T.);
#5178 = ORIENTED_EDGE('',*,*,#5164,.T.);
#5179 = ORIENTED_EDGE('',*,*,#5180,.T.);
#5180 = EDGE_CURVE('',#5157,#5181,#5183,.T.);
#5181 = VERTEX_POINT('',#5182);
#5182 = CARTESIAN_POINT('',(-3.770170592217,-1.386171428571,21.8742));
#5183 = LINE('',#5184,#5185);
#5184 = CARTESIAN_POINT('',(-3.770170592217,-1.3975,21.8924));
#5185 = VECTOR('',#5186,1.);
#5186 = DIRECTION('',(-0.,0.528440659826,-0.848970240375));
#5187 = ORIENTED_EDGE('',*,*,#5188,.F.);
#5188 = EDGE_CURVE('',#1260,#5181,#5189,.T.);
#5189 = LINE('',#5190,#5191);
#5190 = CARTESIAN_POINT('',(-4.370170592217,-1.386171428571,21.8742));
#5191 = VECTOR('',#5192,1.);
#5192 = DIRECTION('',(1.,0.,0.));
#5193 = PLANE('',#5194);
#5194 = AXIS2_PLACEMENT_3D('',#5195,#5196,#5197);
#5195 = CARTESIAN_POINT('',(-4.370170592217,-1.3975,21.8924));
#5196 = DIRECTION('',(-0.,0.848970240375,0.528440659826));
#5197 = DIRECTION('',(0.,0.528440659826,-0.848970240375));
#5198 = ADVANCED_FACE('',(#5199),#5217,.T.);
#5199 = FACE_BOUND('',#5200,.T.);
#5200 = EDGE_LOOP('',(#5201,#5202,#5203,#5211));
#5201 = ORIENTED_EDGE('',*,*,#1259,.T.);
#5202 = ORIENTED_EDGE('',*,*,#5188,.T.);
#5203 = ORIENTED_EDGE('',*,*,#5204,.T.);
#5204 = EDGE_CURVE('',#5181,#5205,#5207,.T.);
#5205 = VERTEX_POINT('',#5206);
#5206 = CARTESIAN_POINT('',(-3.770170592217,-1.374657142857,
    21.856185714286));
#5207 = LINE('',#5208,#5209);
#5208 = CARTESIAN_POINT('',(-3.770170592217,-1.386171428571,21.8742));
#5209 = VECTOR('',#5210,1.);
#5210 = DIRECTION('',(-0.,0.538560615351,-0.842586769178));
#5211 = ORIENTED_EDGE('',*,*,#5212,.F.);
#5212 = EDGE_CURVE('',#1252,#5205,#5213,.T.);
#5213 = LINE('',#5214,#5215);
#5214 = CARTESIAN_POINT('',(-4.370170592217,-1.374657142857,
    21.856185714286));
#5215 = VECTOR('',#5216,1.);
#5216 = DIRECTION('',(1.,0.,0.));
#5217 = PLANE('',#5218);
#5218 = AXIS2_PLACEMENT_3D('',#5219,#5220,#5221);
#5219 = CARTESIAN_POINT('',(-4.370170592217,-1.386171428571,21.8742));
#5220 = DIRECTION('',(-0.,0.842586769178,0.538560615351));
#5221 = DIRECTION('',(0.,0.538560615351,-0.842586769178));
#5222 = ADVANCED_FACE('',(#5223),#5241,.T.);
#5223 = FACE_BOUND('',#5224,.T.);
#5224 = EDGE_LOOP('',(#5225,#5226,#5227,#5235));
#5225 = ORIENTED_EDGE('',*,*,#1251,.T.);
#5226 = ORIENTED_EDGE('',*,*,#5212,.T.);
#5227 = ORIENTED_EDGE('',*,*,#5228,.T.);
#5228 = EDGE_CURVE('',#5205,#5229,#5231,.T.);
#5229 = VERTEX_POINT('',#5230);
#5230 = CARTESIAN_POINT('',(-3.770170592217,-1.357571428571,21.8443));
#5231 = LINE('',#5232,#5233);
#5232 = CARTESIAN_POINT('',(-3.770170592217,-1.374657142857,
    21.856185714286));
#5233 = VECTOR('',#5234,1.);
#5234 = DIRECTION('',(-0.,0.820905201785,-0.571064488199));
#5235 = ORIENTED_EDGE('',*,*,#5236,.F.);
#5236 = EDGE_CURVE('',#1244,#5229,#5237,.T.);
#5237 = LINE('',#5238,#5239);
#5238 = CARTESIAN_POINT('',(-4.370170592217,-1.357571428571,21.8443));
#5239 = VECTOR('',#5240,1.);
#5240 = DIRECTION('',(1.,0.,0.));
#5241 = PLANE('',#5242);
#5242 = AXIS2_PLACEMENT_3D('',#5243,#5244,#5245);
#5243 = CARTESIAN_POINT('',(-4.370170592217,-1.374657142857,
    21.856185714286));
#5244 = DIRECTION('',(-0.,0.571064488199,0.820905201785));
#5245 = DIRECTION('',(0.,0.820905201785,-0.571064488199));
#5246 = ADVANCED_FACE('',(#5247),#5265,.T.);
#5247 = FACE_BOUND('',#5248,.T.);
#5248 = EDGE_LOOP('',(#5249,#5250,#5251,#5259));
#5249 = ORIENTED_EDGE('',*,*,#1243,.T.);
#5250 = ORIENTED_EDGE('',*,*,#5236,.T.);
#5251 = ORIENTED_EDGE('',*,*,#5252,.T.);
#5252 = EDGE_CURVE('',#5229,#5253,#5255,.T.);
#5253 = VERTEX_POINT('',#5254);
#5254 = CARTESIAN_POINT('',(-3.770170592217,-1.340485714286,
    21.832228571429));
#5255 = LINE('',#5256,#5257);
#5256 = CARTESIAN_POINT('',(-3.770170592217,-1.357571428571,21.8443));
#5257 = VECTOR('',#5258,1.);
#5258 = DIRECTION('',(-0.,0.816721763686,-0.577031680865));
#5259 = ORIENTED_EDGE('',*,*,#5260,.F.);
#5260 = EDGE_CURVE('',#1236,#5253,#5261,.T.);
#5261 = LINE('',#5262,#5263);
#5262 = CARTESIAN_POINT('',(-4.370170592217,-1.340485714286,
    21.832228571429));
#5263 = VECTOR('',#5264,1.);
#5264 = DIRECTION('',(1.,0.,0.));
#5265 = PLANE('',#5266);
#5266 = AXIS2_PLACEMENT_3D('',#5267,#5268,#5269);
#5267 = CARTESIAN_POINT('',(-4.370170592217,-1.357571428571,21.8443));
#5268 = DIRECTION('',(-0.,0.577031680865,0.816721763686));
#5269 = DIRECTION('',(0.,0.816721763686,-0.577031680865));
#5270 = ADVANCED_FACE('',(#5271),#5289,.T.);
#5271 = FACE_BOUND('',#5272,.T.);
#5272 = EDGE_LOOP('',(#5273,#5274,#5275,#5283));
#5273 = ORIENTED_EDGE('',*,*,#1235,.T.);
#5274 = ORIENTED_EDGE('',*,*,#5260,.T.);
#5275 = ORIENTED_EDGE('',*,*,#5276,.T.);
#5276 = EDGE_CURVE('',#5253,#5277,#5279,.T.);
#5277 = VERTEX_POINT('',#5278);
#5278 = CARTESIAN_POINT('',(-3.770170592217,-1.306314285714,
    21.826285714286));
#5279 = LINE('',#5280,#5281);
#5280 = CARTESIAN_POINT('',(-3.770170592217,-1.340485714286,
    21.832228571429));
#5281 = VECTOR('',#5282,1.);
#5282 = DIRECTION('',(-0.,0.98521175482,-0.171341174751));
#5283 = ORIENTED_EDGE('',*,*,#5284,.F.);
#5284 = EDGE_CURVE('',#1228,#5277,#5285,.T.);
#5285 = LINE('',#5286,#5287);
#5286 = CARTESIAN_POINT('',(-4.370170592217,-1.306314285714,
    21.826285714286));
#5287 = VECTOR('',#5288,1.);
#5288 = DIRECTION('',(1.,0.,0.));
#5289 = PLANE('',#5290);
#5290 = AXIS2_PLACEMENT_3D('',#5291,#5292,#5293);
#5291 = CARTESIAN_POINT('',(-4.370170592217,-1.340485714286,
    21.832228571429));
#5292 = DIRECTION('',(-0.,0.171341174751,0.98521175482));
#5293 = DIRECTION('',(0.,0.98521175482,-0.171341174751));
#5294 = ADVANCED_FACE('',(#5295),#5320,.T.);
#5295 = FACE_BOUND('',#5296,.T.);
#5296 = EDGE_LOOP('',(#5297,#5298,#5306,#5314));
#5297 = ORIENTED_EDGE('',*,*,#1219,.T.);
#5298 = ORIENTED_EDGE('',*,*,#5299,.T.);
#5299 = EDGE_CURVE('',#1220,#5300,#5302,.T.);
#5300 = VERTEX_POINT('',#5301);
#5301 = CARTESIAN_POINT('',(-3.770170592217,-0.136685714286,
    21.826285714286));
#5302 = LINE('',#5303,#5304);
#5303 = CARTESIAN_POINT('',(-4.370170592217,-0.136685714286,
    21.826285714286));
#5304 = VECTOR('',#5305,1.);
#5305 = DIRECTION('',(1.,0.,0.));
#5306 = ORIENTED_EDGE('',*,*,#5307,.T.);
#5307 = EDGE_CURVE('',#5300,#5308,#5310,.T.);
#5308 = VERTEX_POINT('',#5309);
#5309 = CARTESIAN_POINT('',(-3.770170592217,-0.136685714286,
    20.685257142857));
#5310 = LINE('',#5311,#5312);
#5311 = CARTESIAN_POINT('',(-3.770170592217,-0.136685714286,
    21.826285714286));
#5312 = VECTOR('',#5313,1.);
#5313 = DIRECTION('',(0.,0.,-1.));
#5314 = ORIENTED_EDGE('',*,*,#5315,.F.);
#5315 = EDGE_CURVE('',#1212,#5308,#5316,.T.);
#5316 = LINE('',#5317,#5318);
#5317 = CARTESIAN_POINT('',(-4.370170592217,-0.136685714286,
    20.685257142857));
#5318 = VECTOR('',#5319,1.);
#5319 = DIRECTION('',(1.,0.,0.));
#5320 = PLANE('',#5321);
#5321 = AXIS2_PLACEMENT_3D('',#5322,#5323,#5324);
#5322 = CARTESIAN_POINT('',(-4.370170592217,-0.136685714286,
    21.826285714286));
#5323 = DIRECTION('',(-0.,1.,0.));
#5324 = DIRECTION('',(0.,0.,-1.));
#5325 = ADVANCED_FACE('',(#5326),#5344,.T.);
#5326 = FACE_BOUND('',#5327,.T.);
#5327 = EDGE_LOOP('',(#5328,#5329,#5330,#5338));
#5328 = ORIENTED_EDGE('',*,*,#1211,.T.);
#5329 = ORIENTED_EDGE('',*,*,#5315,.T.);
#5330 = ORIENTED_EDGE('',*,*,#5331,.T.);
#5331 = EDGE_CURVE('',#5308,#5332,#5334,.T.);
#5332 = VERTEX_POINT('',#5333);
#5333 = CARTESIAN_POINT('',(-3.770170592217,-0.998214285714,
    20.685257142857));
#5334 = LINE('',#5335,#5336);
#5335 = CARTESIAN_POINT('',(-3.770170592217,-0.136685714286,
    20.685257142857));
#5336 = VECTOR('',#5337,1.);
#5337 = DIRECTION('',(0.,-1.,0.));
#5338 = ORIENTED_EDGE('',*,*,#5339,.F.);
#5339 = EDGE_CURVE('',#1204,#5332,#5340,.T.);
#5340 = LINE('',#5341,#5342);
#5341 = CARTESIAN_POINT('',(-4.370170592217,-0.998214285714,
    20.685257142857));
#5342 = VECTOR('',#5343,1.);
#5343 = DIRECTION('',(1.,0.,0.));
#5344 = PLANE('',#5345);
#5345 = AXIS2_PLACEMENT_3D('',#5346,#5347,#5348);
#5346 = CARTESIAN_POINT('',(-4.370170592217,-0.136685714286,
    20.685257142857));
#5347 = DIRECTION('',(0.,0.,-1.));
#5348 = DIRECTION('',(0.,-1.,0.));
#5349 = ADVANCED_FACE('',(#5350),#5368,.T.);
#5350 = FACE_BOUND('',#5351,.T.);
#5351 = EDGE_LOOP('',(#5352,#5353,#5354,#5362));
#5352 = ORIENTED_EDGE('',*,*,#1203,.T.);
#5353 = ORIENTED_EDGE('',*,*,#5339,.T.);
#5354 = ORIENTED_EDGE('',*,*,#5355,.T.);
#5355 = EDGE_CURVE('',#5332,#5356,#5358,.T.);
#5356 = VERTEX_POINT('',#5357);
#5357 = CARTESIAN_POINT('',(-3.770170592217,-1.021057142857,20.6795));
#5358 = LINE('',#5359,#5360);
#5359 = CARTESIAN_POINT('',(-3.770170592217,-0.998214285714,
    20.685257142857));
#5360 = VECTOR('',#5361,1.);
#5361 = DIRECTION('',(0.,-0.969676988372,-0.244390135281));
#5362 = ORIENTED_EDGE('',*,*,#5363,.F.);
#5363 = EDGE_CURVE('',#1196,#5356,#5364,.T.);
#5364 = LINE('',#5365,#5366);
#5365 = CARTESIAN_POINT('',(-4.370170592217,-1.021057142857,20.6795));
#5366 = VECTOR('',#5367,1.);
#5367 = DIRECTION('',(1.,0.,0.));
#5368 = PLANE('',#5369);
#5369 = AXIS2_PLACEMENT_3D('',#5370,#5371,#5372);
#5370 = CARTESIAN_POINT('',(-4.370170592217,-0.998214285714,
    20.685257142857));
#5371 = DIRECTION('',(0.,0.244390135281,-0.969676988372));
#5372 = DIRECTION('',(0.,-0.969676988372,-0.244390135281));
#5373 = ADVANCED_FACE('',(#5374),#5392,.T.);
#5374 = FACE_BOUND('',#5375,.T.);
#5375 = EDGE_LOOP('',(#5376,#5377,#5378,#5386));
#5376 = ORIENTED_EDGE('',*,*,#1195,.T.);
#5377 = ORIENTED_EDGE('',*,*,#5363,.T.);
#5378 = ORIENTED_EDGE('',*,*,#5379,.T.);
#5379 = EDGE_CURVE('',#5356,#5380,#5382,.T.);
#5380 = VERTEX_POINT('',#5381);
#5381 = CARTESIAN_POINT('',(-3.770170592217,-1.049471428571,
    20.673928571429));
#5382 = LINE('',#5383,#5384);
#5383 = CARTESIAN_POINT('',(-3.770170592217,-1.021057142857,20.6795));
#5384 = VECTOR('',#5385,1.);
#5385 = DIRECTION('',(0.,-0.981313749677,-0.192414460721));
#5386 = ORIENTED_EDGE('',*,*,#5387,.F.);
#5387 = EDGE_CURVE('',#1188,#5380,#5388,.T.);
#5388 = LINE('',#5389,#5390);
#5389 = CARTESIAN_POINT('',(-4.370170592217,-1.049471428571,
    20.673928571429));
#5390 = VECTOR('',#5391,1.);
#5391 = DIRECTION('',(1.,0.,0.));
#5392 = PLANE('',#5393);
#5393 = AXIS2_PLACEMENT_3D('',#5394,#5395,#5396);
#5394 = CARTESIAN_POINT('',(-4.370170592217,-1.021057142857,20.6795));
#5395 = DIRECTION('',(0.,0.192414460721,-0.981313749677));
#5396 = DIRECTION('',(0.,-0.981313749677,-0.192414460721));
#5397 = ADVANCED_FACE('',(#5398),#5416,.T.);
#5398 = FACE_BOUND('',#5399,.T.);
#5399 = EDGE_LOOP('',(#5400,#5401,#5402,#5410));
#5400 = ORIENTED_EDGE('',*,*,#1187,.T.);
#5401 = ORIENTED_EDGE('',*,*,#5387,.T.);
#5402 = ORIENTED_EDGE('',*,*,#5403,.T.);
#5403 = EDGE_CURVE('',#5380,#5404,#5406,.T.);
#5404 = VERTEX_POINT('',#5405);
#5405 = CARTESIAN_POINT('',(-3.770170592217,-1.078071428571,
    20.656657142857));
#5406 = LINE('',#5407,#5408);
#5407 = CARTESIAN_POINT('',(-3.770170592217,-1.049471428571,
    20.673928571429));
#5408 = VECTOR('',#5409,1.);
#5409 = DIRECTION('',(0.,-0.856018035908,-0.51694595675));
#5410 = ORIENTED_EDGE('',*,*,#5411,.F.);
#5411 = EDGE_CURVE('',#1180,#5404,#5412,.T.);
#5412 = LINE('',#5413,#5414);
#5413 = CARTESIAN_POINT('',(-4.370170592217,-1.078071428571,
    20.656657142857));
#5414 = VECTOR('',#5415,1.);
#5415 = DIRECTION('',(1.,0.,0.));
#5416 = PLANE('',#5417);
#5417 = AXIS2_PLACEMENT_3D('',#5418,#5419,#5420);
#5418 = CARTESIAN_POINT('',(-4.370170592217,-1.049471428571,
    20.673928571429));
#5419 = DIRECTION('',(0.,0.51694595675,-0.856018035908));
#5420 = DIRECTION('',(0.,-0.856018035908,-0.51694595675));
#5421 = ADVANCED_FACE('',(#5422),#5440,.T.);
#5422 = FACE_BOUND('',#5423,.T.);
#5423 = EDGE_LOOP('',(#5424,#5425,#5426,#5434));
#5424 = ORIENTED_EDGE('',*,*,#1179,.T.);
#5425 = ORIENTED_EDGE('',*,*,#5411,.T.);
#5426 = ORIENTED_EDGE('',*,*,#5427,.T.);
#5427 = EDGE_CURVE('',#5404,#5428,#5430,.T.);
#5428 = VERTEX_POINT('',#5429);
#5429 = CARTESIAN_POINT('',(-3.770170592217,-1.100914285714,20.634));
#5430 = LINE('',#5431,#5432);
#5431 = CARTESIAN_POINT('',(-3.770170592217,-1.078071428571,
    20.656657142857));
#5432 = VECTOR('',#5433,1.);
#5433 = DIRECTION('',(0.,-0.709987017244,-0.704214765071));
#5434 = ORIENTED_EDGE('',*,*,#5435,.F.);
#5435 = EDGE_CURVE('',#1172,#5428,#5436,.T.);
#5436 = LINE('',#5437,#5438);
#5437 = CARTESIAN_POINT('',(-4.370170592217,-1.100914285714,20.634));
#5438 = VECTOR('',#5439,1.);
#5439 = DIRECTION('',(1.,0.,0.));
#5440 = PLANE('',#5441);
#5441 = AXIS2_PLACEMENT_3D('',#5442,#5443,#5444);
#5442 = CARTESIAN_POINT('',(-4.370170592217,-1.078071428571,
    20.656657142857));
#5443 = DIRECTION('',(0.,0.704214765071,-0.709987017244));
#5444 = DIRECTION('',(0.,-0.709987017244,-0.704214765071));
#5445 = ADVANCED_FACE('',(#5446),#5464,.T.);
#5446 = FACE_BOUND('',#5447,.T.);
#5447 = EDGE_LOOP('',(#5448,#5449,#5450,#5458));
#5448 = ORIENTED_EDGE('',*,*,#1171,.T.);
#5449 = ORIENTED_EDGE('',*,*,#5435,.T.);
#5450 = ORIENTED_EDGE('',*,*,#5451,.T.);
#5451 = EDGE_CURVE('',#5428,#5452,#5454,.T.);
#5452 = VERTEX_POINT('',#5453);
#5453 = CARTESIAN_POINT('',(-3.770170592217,-1.123757142857,20.6054));
#5454 = LINE('',#5455,#5456);
#5455 = CARTESIAN_POINT('',(-3.770170592217,-1.100914285714,20.634));
#5456 = VECTOR('',#5457,1.);
#5457 = DIRECTION('',(0.,-0.62407609663,-0.781363568139));
#5458 = ORIENTED_EDGE('',*,*,#5459,.F.);
#5459 = EDGE_CURVE('',#1164,#5452,#5460,.T.);
#5460 = LINE('',#5461,#5462);
#5461 = CARTESIAN_POINT('',(-4.370170592217,-1.123757142857,20.6054));
#5462 = VECTOR('',#5463,1.);
#5463 = DIRECTION('',(1.,0.,0.));
#5464 = PLANE('',#5465);
#5465 = AXIS2_PLACEMENT_3D('',#5466,#5467,#5468);
#5466 = CARTESIAN_POINT('',(-4.370170592217,-1.100914285714,20.634));
#5467 = DIRECTION('',(0.,0.781363568139,-0.62407609663));
#5468 = DIRECTION('',(0.,-0.62407609663,-0.781363568139));
#5469 = ADVANCED_FACE('',(#5470),#5488,.T.);
#5470 = FACE_BOUND('',#5471,.T.);
#5471 = EDGE_LOOP('',(#5472,#5473,#5474,#5482));
#5472 = ORIENTED_EDGE('',*,*,#1163,.T.);
#5473 = ORIENTED_EDGE('',*,*,#5459,.T.);
#5474 = ORIENTED_EDGE('',*,*,#5475,.T.);
#5475 = EDGE_CURVE('',#5452,#5476,#5478,.T.);
#5476 = VERTEX_POINT('',#5477);
#5477 = CARTESIAN_POINT('',(-3.770170592217,-1.135085714286,
    20.571228571429));
#5478 = LINE('',#5479,#5480);
#5479 = CARTESIAN_POINT('',(-3.770170592217,-1.123757142857,20.6054));
#5480 = VECTOR('',#5481,1.);
#5481 = DIRECTION('',(0.,-0.314679739965,-0.949197904157));
#5482 = ORIENTED_EDGE('',*,*,#5483,.F.);
#5483 = EDGE_CURVE('',#1156,#5476,#5484,.T.);
#5484 = LINE('',#5485,#5486);
#5485 = CARTESIAN_POINT('',(-4.370170592217,-1.135085714286,
    20.571228571429));
#5486 = VECTOR('',#5487,1.);
#5487 = DIRECTION('',(1.,0.,0.));
#5488 = PLANE('',#5489);
#5489 = AXIS2_PLACEMENT_3D('',#5490,#5491,#5492);
#5490 = CARTESIAN_POINT('',(-4.370170592217,-1.123757142857,20.6054));
#5491 = DIRECTION('',(0.,0.949197904157,-0.314679739965));
#5492 = DIRECTION('',(0.,-0.314679739965,-0.949197904157));
#5493 = ADVANCED_FACE('',(#5494),#5519,.T.);
#5494 = FACE_BOUND('',#5495,.T.);
#5495 = EDGE_LOOP('',(#5496,#5497,#5505,#5513));
#5496 = ORIENTED_EDGE('',*,*,#1147,.T.);
#5497 = ORIENTED_EDGE('',*,*,#5498,.T.);
#5498 = EDGE_CURVE('',#1148,#5499,#5501,.T.);
#5499 = VERTEX_POINT('',#5500);
#5500 = CARTESIAN_POINT('',(-3.770170592217,-1.135085714286,20.2336));
#5501 = LINE('',#5502,#5503);
#5502 = CARTESIAN_POINT('',(-4.370170592217,-1.135085714286,20.2336));
#5503 = VECTOR('',#5504,1.);
#5504 = DIRECTION('',(1.,0.,0.));
#5505 = ORIENTED_EDGE('',*,*,#5506,.T.);
#5506 = EDGE_CURVE('',#5499,#5507,#5509,.T.);
#5507 = VERTEX_POINT('',#5508);
#5508 = CARTESIAN_POINT('',(-3.770170592217,-1.129328571429,
    20.209828571429));
#5509 = LINE('',#5510,#5511);
#5510 = CARTESIAN_POINT('',(-3.770170592217,-1.135085714286,20.2336));
#5511 = VECTOR('',#5512,1.);
#5512 = DIRECTION('',(-0.,0.23538270084,-0.971902764759));
#5513 = ORIENTED_EDGE('',*,*,#5514,.F.);
#5514 = EDGE_CURVE('',#1140,#5507,#5515,.T.);
#5515 = LINE('',#5516,#5517);
#5516 = CARTESIAN_POINT('',(-4.370170592217,-1.129328571429,
    20.209828571429));
#5517 = VECTOR('',#5518,1.);
#5518 = DIRECTION('',(1.,0.,0.));
#5519 = PLANE('',#5520);
#5520 = AXIS2_PLACEMENT_3D('',#5521,#5522,#5523);
#5521 = CARTESIAN_POINT('',(-4.370170592217,-1.135085714286,20.2336));
#5522 = DIRECTION('',(-0.,0.971902764759,0.23538270084));
#5523 = DIRECTION('',(0.,0.23538270084,-0.971902764759));
#5524 = ADVANCED_FACE('',(#5525),#5543,.T.);
#5525 = FACE_BOUND('',#5526,.T.);
#5526 = EDGE_LOOP('',(#5527,#5528,#5529,#5537));
#5527 = ORIENTED_EDGE('',*,*,#1139,.T.);
#5528 = ORIENTED_EDGE('',*,*,#5514,.T.);
#5529 = ORIENTED_EDGE('',*,*,#5530,.T.);
#5530 = EDGE_CURVE('',#5507,#5531,#5533,.T.);
#5531 = VERTEX_POINT('',#5532);
#5532 = CARTESIAN_POINT('',(-3.770170592217,-1.118,20.185871428571));
#5533 = LINE('',#5534,#5535);
#5534 = CARTESIAN_POINT('',(-3.770170592217,-1.129328571429,
    20.209828571429));
#5535 = VECTOR('',#5536,1.);
#5536 = DIRECTION('',(-0.,0.42748375785,-0.904023028896));
#5537 = ORIENTED_EDGE('',*,*,#5538,.F.);
#5538 = EDGE_CURVE('',#1132,#5531,#5539,.T.);
#5539 = LINE('',#5540,#5541);
#5540 = CARTESIAN_POINT('',(-4.370170592217,-1.118,20.185871428571));
#5541 = VECTOR('',#5542,1.);
#5542 = DIRECTION('',(1.,0.,0.));
#5543 = PLANE('',#5544);
#5544 = AXIS2_PLACEMENT_3D('',#5545,#5546,#5547);
#5545 = CARTESIAN_POINT('',(-4.370170592217,-1.129328571429,
    20.209828571429));
#5546 = DIRECTION('',(-0.,0.904023028896,0.42748375785));
#5547 = DIRECTION('',(0.,0.42748375785,-0.904023028896));
#5548 = ADVANCED_FACE('',(#5549),#5567,.T.);
#5549 = FACE_BOUND('',#5550,.T.);
#5550 = EDGE_LOOP('',(#5551,#5552,#5553,#5561));
#5551 = ORIENTED_EDGE('',*,*,#1131,.T.);
#5552 = ORIENTED_EDGE('',*,*,#5538,.T.);
#5553 = ORIENTED_EDGE('',*,*,#5554,.T.);
#5554 = EDGE_CURVE('',#5531,#5555,#5557,.T.);
#5555 = VERTEX_POINT('',#5556);
#5556 = CARTESIAN_POINT('',(-3.770170592217,-1.106485714286,
    20.168228571429));
#5557 = LINE('',#5558,#5559);
#5558 = CARTESIAN_POINT('',(-3.770170592217,-1.118,20.185871428571));
#5559 = VECTOR('',#5560,1.);
#5560 = DIRECTION('',(-0.,0.546536648242,-0.837435186822));
#5561 = ORIENTED_EDGE('',*,*,#5562,.F.);
#5562 = EDGE_CURVE('',#1124,#5555,#5563,.T.);
#5563 = LINE('',#5564,#5565);
#5564 = CARTESIAN_POINT('',(-4.370170592217,-1.106485714286,
    20.168228571429));
#5565 = VECTOR('',#5566,1.);
#5566 = DIRECTION('',(1.,0.,0.));
#5567 = PLANE('',#5568);
#5568 = AXIS2_PLACEMENT_3D('',#5569,#5570,#5571);
#5569 = CARTESIAN_POINT('',(-4.370170592217,-1.118,20.185871428571));
#5570 = DIRECTION('',(-0.,0.837435186822,0.546536648242));
#5571 = DIRECTION('',(0.,0.546536648242,-0.837435186822));
#5572 = ADVANCED_FACE('',(#5573),#5591,.T.);
#5573 = FACE_BOUND('',#5574,.T.);
#5574 = EDGE_LOOP('',(#5575,#5576,#5577,#5585));
#5575 = ORIENTED_EDGE('',*,*,#1123,.T.);
#5576 = ORIENTED_EDGE('',*,*,#5562,.T.);
#5577 = ORIENTED_EDGE('',*,*,#5578,.T.);
#5578 = EDGE_CURVE('',#5555,#5579,#5581,.T.);
#5579 = VERTEX_POINT('',#5580);
#5580 = CARTESIAN_POINT('',(-3.770170592217,-1.0894,20.1504));
#5581 = LINE('',#5582,#5583);
#5582 = CARTESIAN_POINT('',(-3.770170592217,-1.106485714286,
    20.168228571429));
#5583 = VECTOR('',#5584,1.);
#5584 = DIRECTION('',(-0.,0.691905363236,-0.721988205115));
#5585 = ORIENTED_EDGE('',*,*,#5586,.F.);
#5586 = EDGE_CURVE('',#1116,#5579,#5587,.T.);
#5587 = LINE('',#5588,#5589);
#5588 = CARTESIAN_POINT('',(-4.370170592217,-1.0894,20.1504));
#5589 = VECTOR('',#5590,1.);
#5590 = DIRECTION('',(1.,0.,0.));
#5591 = PLANE('',#5592);
#5592 = AXIS2_PLACEMENT_3D('',#5593,#5594,#5595);
#5593 = CARTESIAN_POINT('',(-4.370170592217,-1.106485714286,
    20.168228571429));
#5594 = DIRECTION('',(-0.,0.721988205115,0.691905363236));
#5595 = DIRECTION('',(0.,0.691905363236,-0.721988205115));
#5596 = ADVANCED_FACE('',(#5597),#5615,.T.);
#5597 = FACE_BOUND('',#5598,.T.);
#5598 = EDGE_LOOP('',(#5599,#5600,#5601,#5609));
#5599 = ORIENTED_EDGE('',*,*,#1115,.T.);
#5600 = ORIENTED_EDGE('',*,*,#5586,.T.);
#5601 = ORIENTED_EDGE('',*,*,#5602,.T.);
#5602 = EDGE_CURVE('',#5579,#5603,#5605,.T.);
#5603 = VERTEX_POINT('',#5604);
#5604 = CARTESIAN_POINT('',(-3.770170592217,-1.072314285714,
    20.138514285714));
#5605 = LINE('',#5606,#5607);
#5606 = CARTESIAN_POINT('',(-3.770170592217,-1.0894,20.1504));
#5607 = VECTOR('',#5608,1.);
#5608 = DIRECTION('',(-0.,0.820905201785,-0.571064488199));
#5609 = ORIENTED_EDGE('',*,*,#5610,.F.);
#5610 = EDGE_CURVE('',#1108,#5603,#5611,.T.);
#5611 = LINE('',#5612,#5613);
#5612 = CARTESIAN_POINT('',(-4.370170592217,-1.072314285714,
    20.138514285714));
#5613 = VECTOR('',#5614,1.);
#5614 = DIRECTION('',(1.,0.,0.));
#5615 = PLANE('',#5616);
#5616 = AXIS2_PLACEMENT_3D('',#5617,#5618,#5619);
#5617 = CARTESIAN_POINT('',(-4.370170592217,-1.0894,20.1504));
#5618 = DIRECTION('',(-0.,0.571064488199,0.820905201785));
#5619 = DIRECTION('',(0.,0.820905201785,-0.571064488199));
#5620 = ADVANCED_FACE('',(#5621),#5639,.T.);
#5621 = FACE_BOUND('',#5622,.T.);
#5622 = EDGE_LOOP('',(#5623,#5624,#5625,#5633));
#5623 = ORIENTED_EDGE('',*,*,#1107,.T.);
#5624 = ORIENTED_EDGE('',*,*,#5610,.T.);
#5625 = ORIENTED_EDGE('',*,*,#5626,.T.);
#5626 = EDGE_CURVE('',#5603,#5627,#5629,.T.);
#5627 = VERTEX_POINT('',#5628);
#5628 = CARTESIAN_POINT('',(-3.770170592217,-1.055228571429,20.1205));
#5629 = LINE('',#5630,#5631);
#5630 = CARTESIAN_POINT('',(-3.770170592217,-1.072314285714,
    20.138514285714));
#5631 = VECTOR('',#5632,1.);
#5632 = DIRECTION('',(-0.,0.688159484156,-0.725559456121));
#5633 = ORIENTED_EDGE('',*,*,#5634,.F.);
#5634 = EDGE_CURVE('',#1100,#5627,#5635,.T.);
#5635 = LINE('',#5636,#5637);
#5636 = CARTESIAN_POINT('',(-4.370170592217,-1.055228571429,20.1205));
#5637 = VECTOR('',#5638,1.);
#5638 = DIRECTION('',(1.,0.,0.));
#5639 = PLANE('',#5640);
#5640 = AXIS2_PLACEMENT_3D('',#5641,#5642,#5643);
#5641 = CARTESIAN_POINT('',(-4.370170592217,-1.072314285714,
    20.138514285714));
#5642 = DIRECTION('',(-0.,0.725559456121,0.688159484156));
#5643 = DIRECTION('',(0.,0.688159484156,-0.725559456121));
#5644 = ADVANCED_FACE('',(#5645),#5663,.T.);
#5645 = FACE_BOUND('',#5646,.T.);
#5646 = EDGE_LOOP('',(#5647,#5648,#5649,#5657));
#5647 = ORIENTED_EDGE('',*,*,#1099,.T.);
#5648 = ORIENTED_EDGE('',*,*,#5634,.T.);
#5649 = ORIENTED_EDGE('',*,*,#5650,.T.);
#5650 = EDGE_CURVE('',#5627,#5651,#5653,.T.);
#5651 = VERTEX_POINT('',#5652);
#5652 = CARTESIAN_POINT('',(-3.770170592217,-1.032385714286,
    20.114742857143));
#5653 = LINE('',#5654,#5655);
#5654 = CARTESIAN_POINT('',(-3.770170592217,-1.055228571429,20.1205));
#5655 = VECTOR('',#5656,1.);
#5656 = DIRECTION('',(-0.,0.969676988372,-0.244390135281));
#5657 = ORIENTED_EDGE('',*,*,#5658,.F.);
#5658 = EDGE_CURVE('',#1092,#5651,#5659,.T.);
#5659 = LINE('',#5660,#5661);
#5660 = CARTESIAN_POINT('',(-4.370170592217,-1.032385714286,
    20.114742857143));
#5661 = VECTOR('',#5662,1.);
#5662 = DIRECTION('',(1.,0.,0.));
#5663 = PLANE('',#5664);
#5664 = AXIS2_PLACEMENT_3D('',#5665,#5666,#5667);
#5665 = CARTESIAN_POINT('',(-4.370170592217,-1.055228571429,20.1205));
#5666 = DIRECTION('',(-0.,0.244390135281,0.969676988372));
#5667 = DIRECTION('',(0.,0.969676988372,-0.244390135281));
#5668 = ADVANCED_FACE('',(#5669),#5694,.T.);
#5669 = FACE_BOUND('',#5670,.T.);
#5670 = EDGE_LOOP('',(#5671,#5672,#5680,#5688));
#5671 = ORIENTED_EDGE('',*,*,#1075,.T.);
#5672 = ORIENTED_EDGE('',*,*,#5673,.T.);
#5673 = EDGE_CURVE('',#1076,#5674,#5676,.T.);
#5674 = VERTEX_POINT('',#5675);
#5675 = CARTESIAN_POINT('',(-3.770170592217,-0.136685714286,
    18.522057142857));
#5676 = LINE('',#5677,#5678);
#5677 = CARTESIAN_POINT('',(-4.370170592217,-0.136685714286,
    18.522057142857));
#5678 = VECTOR('',#5679,1.);
#5679 = DIRECTION('',(1.,0.,0.));
#5680 = ORIENTED_EDGE('',*,*,#5681,.T.);
#5681 = EDGE_CURVE('',#5674,#5682,#5684,.T.);
#5682 = VERTEX_POINT('',#5683);
#5683 = CARTESIAN_POINT('',(-3.770170592217,-0.130928571429,
    18.498285714286));
#5684 = LINE('',#5685,#5686);
#5685 = CARTESIAN_POINT('',(-3.770170592217,-0.136685714286,
    18.522057142857));
#5686 = VECTOR('',#5687,1.);
#5687 = DIRECTION('',(-0.,0.23538270084,-0.971902764759));
#5688 = ORIENTED_EDGE('',*,*,#5689,.F.);
#5689 = EDGE_CURVE('',#1068,#5682,#5690,.T.);
#5690 = LINE('',#5691,#5692);
#5691 = CARTESIAN_POINT('',(-4.370170592217,-0.130928571429,
    18.498285714286));
#5692 = VECTOR('',#5693,1.);
#5693 = DIRECTION('',(1.,0.,0.));
#5694 = PLANE('',#5695);
#5695 = AXIS2_PLACEMENT_3D('',#5696,#5697,#5698);
#5696 = CARTESIAN_POINT('',(-4.370170592217,-0.136685714286,
    18.522057142857));
#5697 = DIRECTION('',(-0.,0.971902764759,0.23538270084));
#5698 = DIRECTION('',(0.,0.23538270084,-0.971902764759));
#5699 = ADVANCED_FACE('',(#5700),#5718,.T.);
#5700 = FACE_BOUND('',#5701,.T.);
#5701 = EDGE_LOOP('',(#5702,#5703,#5704,#5712));
#5702 = ORIENTED_EDGE('',*,*,#1067,.T.);
#5703 = ORIENTED_EDGE('',*,*,#5689,.T.);
#5704 = ORIENTED_EDGE('',*,*,#5705,.T.);
#5705 = EDGE_CURVE('',#5682,#5706,#5708,.T.);
#5706 = VERTEX_POINT('',#5707);
#5707 = CARTESIAN_POINT('',(-3.770170592217,-0.1196,18.480457142857));
#5708 = LINE('',#5709,#5710);
#5709 = CARTESIAN_POINT('',(-3.770170592217,-0.130928571429,
    18.498285714286));
#5710 = VECTOR('',#5711,1.);
#5711 = DIRECTION('',(-0.,0.536306481872,-0.844023315733));
#5712 = ORIENTED_EDGE('',*,*,#5713,.F.);
#5713 = EDGE_CURVE('',#1060,#5706,#5714,.T.);
#5714 = LINE('',#5715,#5716);
#5715 = CARTESIAN_POINT('',(-4.370170592217,-0.1196,18.480457142857));
#5716 = VECTOR('',#5717,1.);
#5717 = DIRECTION('',(1.,0.,0.));
#5718 = PLANE('',#5719);
#5719 = AXIS2_PLACEMENT_3D('',#5720,#5721,#5722);
#5720 = CARTESIAN_POINT('',(-4.370170592217,-0.130928571429,
    18.498285714286));
#5721 = DIRECTION('',(-0.,0.844023315733,0.536306481872));
#5722 = DIRECTION('',(0.,0.536306481872,-0.844023315733));
#5723 = ADVANCED_FACE('',(#5724),#5742,.T.);
#5724 = FACE_BOUND('',#5725,.T.);
#5725 = EDGE_LOOP('',(#5726,#5727,#5728,#5736));
#5726 = ORIENTED_EDGE('',*,*,#1059,.T.);
#5727 = ORIENTED_EDGE('',*,*,#5713,.T.);
#5728 = ORIENTED_EDGE('',*,*,#5729,.T.);
#5729 = EDGE_CURVE('',#5706,#5730,#5732,.T.);
#5730 = VERTEX_POINT('',#5731);
#5731 = CARTESIAN_POINT('',(-3.770170592217,-0.108085714286,
    18.462628571429));
#5732 = LINE('',#5733,#5734);
#5733 = CARTESIAN_POINT('',(-3.770170592217,-0.1196,18.480457142857));
#5734 = VECTOR('',#5735,1.);
#5735 = DIRECTION('',(-0.,0.542525431476,-0.840039377769));
#5736 = ORIENTED_EDGE('',*,*,#5737,.F.);
#5737 = EDGE_CURVE('',#1052,#5730,#5738,.T.);
#5738 = LINE('',#5739,#5740);
#5739 = CARTESIAN_POINT('',(-4.370170592217,-0.108085714286,
    18.462628571429));
#5740 = VECTOR('',#5741,1.);
#5741 = DIRECTION('',(1.,0.,0.));
#5742 = PLANE('',#5743);
#5743 = AXIS2_PLACEMENT_3D('',#5744,#5745,#5746);
#5744 = CARTESIAN_POINT('',(-4.370170592217,-0.1196,18.480457142857));
#5745 = DIRECTION('',(-0.,0.840039377769,0.542525431476));
#5746 = DIRECTION('',(0.,0.542525431476,-0.840039377769));
#5747 = ADVANCED_FACE('',(#5748),#5766,.T.);
#5748 = FACE_BOUND('',#5749,.T.);
#5749 = EDGE_LOOP('',(#5750,#5751,#5752,#5760));
#5750 = ORIENTED_EDGE('',*,*,#1051,.T.);
#5751 = ORIENTED_EDGE('',*,*,#5737,.T.);
#5752 = ORIENTED_EDGE('',*,*,#5753,.T.);
#5753 = EDGE_CURVE('',#5730,#5754,#5756,.T.);
#5754 = VERTEX_POINT('',#5755);
#5755 = CARTESIAN_POINT('',(-3.770170592217,-8.542857142857E-02,
    18.432728571429));
#5756 = LINE('',#5757,#5758);
#5757 = CARTESIAN_POINT('',(-3.770170592217,-0.108085714286,
    18.462628571429));
#5758 = VECTOR('',#5759,1.);
#5759 = DIRECTION('',(-0.,0.603952995426,-0.797019936586));
#5760 = ORIENTED_EDGE('',*,*,#5761,.F.);
#5761 = EDGE_CURVE('',#1044,#5754,#5762,.T.);
#5762 = LINE('',#5763,#5764);
#5763 = CARTESIAN_POINT('',(-4.370170592217,-8.542857142857E-02,
    18.432728571429));
#5764 = VECTOR('',#5765,1.);
#5765 = DIRECTION('',(1.,0.,0.));
#5766 = PLANE('',#5767);
#5767 = AXIS2_PLACEMENT_3D('',#5768,#5769,#5770);
#5768 = CARTESIAN_POINT('',(-4.370170592217,-0.108085714286,
    18.462628571429));
#5769 = DIRECTION('',(-0.,0.797019936586,0.603952995426));
#5770 = DIRECTION('',(0.,0.603952995426,-0.797019936586));
#5771 = ADVANCED_FACE('',(#5772),#5790,.T.);
#5772 = FACE_BOUND('',#5773,.T.);
#5773 = EDGE_LOOP('',(#5774,#5775,#5776,#5784));
#5774 = ORIENTED_EDGE('',*,*,#1043,.T.);
#5775 = ORIENTED_EDGE('',*,*,#5761,.T.);
#5776 = ORIENTED_EDGE('',*,*,#5777,.T.);
#5777 = EDGE_CURVE('',#5754,#5778,#5780,.T.);
#5778 = VERTEX_POINT('',#5779);
#5779 = CARTESIAN_POINT('',(-3.770170592217,-5.682857142857E-02,
    18.415085714286));
#5780 = LINE('',#5781,#5782);
#5781 = CARTESIAN_POINT('',(-3.770170592217,-8.542857142857E-02,
    18.432728571429));
#5782 = VECTOR('',#5783,1.);
#5783 = DIRECTION('',(-0.,0.851088556054,-0.525022161202));
#5784 = ORIENTED_EDGE('',*,*,#5785,.F.);
#5785 = EDGE_CURVE('',#1036,#5778,#5786,.T.);
#5786 = LINE('',#5787,#5788);
#5787 = CARTESIAN_POINT('',(-4.370170592217,-5.682857142857E-02,
    18.415085714286));
#5788 = VECTOR('',#5789,1.);
#5789 = DIRECTION('',(1.,0.,0.));
#5790 = PLANE('',#5791);
#5791 = AXIS2_PLACEMENT_3D('',#5792,#5793,#5794);
#5792 = CARTESIAN_POINT('',(-4.370170592217,-8.542857142857E-02,
    18.432728571429));
#5793 = DIRECTION('',(-0.,0.525022161202,0.851088556054));
#5794 = DIRECTION('',(0.,0.851088556054,-0.525022161202));
#5795 = ADVANCED_FACE('',(#5796),#5814,.T.);
#5796 = FACE_BOUND('',#5797,.T.);
#5797 = EDGE_LOOP('',(#5798,#5799,#5800,#5808));
#5798 = ORIENTED_EDGE('',*,*,#1035,.T.);
#5799 = ORIENTED_EDGE('',*,*,#5785,.T.);
#5800 = ORIENTED_EDGE('',*,*,#5801,.T.);
#5801 = EDGE_CURVE('',#5778,#5802,#5804,.T.);
#5802 = VERTEX_POINT('',#5803);
#5803 = CARTESIAN_POINT('',(-3.770170592217,-2.265714285714E-02,18.4032)
  );
#5804 = LINE('',#5805,#5806);
#5805 = CARTESIAN_POINT('',(-3.770170592217,-5.682857142857E-02,
    18.415085714286));
#5806 = VECTOR('',#5807,1.);
#5807 = DIRECTION('',(-0.,0.944496796706,-0.328520624941));
#5808 = ORIENTED_EDGE('',*,*,#5809,.F.);
#5809 = EDGE_CURVE('',#1028,#5802,#5810,.T.);
#5810 = LINE('',#5811,#5812);
#5811 = CARTESIAN_POINT('',(-4.370170592217,-2.265714285714E-02,18.4032)
  );
#5812 = VECTOR('',#5813,1.);
#5813 = DIRECTION('',(1.,0.,0.));
#5814 = PLANE('',#5815);
#5815 = AXIS2_PLACEMENT_3D('',#5816,#5817,#5818);
#5816 = CARTESIAN_POINT('',(-4.370170592217,-5.682857142857E-02,
    18.415085714286));
#5817 = DIRECTION('',(-0.,0.328520624941,0.944496796706));
#5818 = DIRECTION('',(0.,0.944496796706,-0.328520624941));
#5819 = ADVANCED_FACE('',(#5820),#5845,.T.);
#5820 = FACE_BOUND('',#5821,.T.);
#5821 = EDGE_LOOP('',(#5822,#5823,#5831,#5839));
#5822 = ORIENTED_EDGE('',*,*,#1019,.T.);
#5823 = ORIENTED_EDGE('',*,*,#5824,.T.);
#5824 = EDGE_CURVE('',#1020,#5825,#5827,.T.);
#5825 = VERTEX_POINT('',#5826);
#5826 = CARTESIAN_POINT('',(-3.770170592217,0.302528571429,18.4032));
#5827 = LINE('',#5828,#5829);
#5828 = CARTESIAN_POINT('',(-4.370170592217,0.302528571429,18.4032));
#5829 = VECTOR('',#5830,1.);
#5830 = DIRECTION('',(1.,0.,0.));
#5831 = ORIENTED_EDGE('',*,*,#5832,.T.);
#5832 = EDGE_CURVE('',#5825,#5833,#5835,.T.);
#5833 = VERTEX_POINT('',#5834);
#5834 = CARTESIAN_POINT('',(-3.770170592217,0.325371428571,
    18.408957142857));
#5835 = LINE('',#5836,#5837);
#5836 = CARTESIAN_POINT('',(-3.770170592217,0.302528571429,18.4032));
#5837 = VECTOR('',#5838,1.);
#5838 = DIRECTION('',(0.,0.969676988372,0.244390135281));
#5839 = ORIENTED_EDGE('',*,*,#5840,.F.);
#5840 = EDGE_CURVE('',#1012,#5833,#5841,.T.);
#5841 = LINE('',#5842,#5843);
#5842 = CARTESIAN_POINT('',(-4.370170592217,0.325371428571,
    18.408957142857));
#5843 = VECTOR('',#5844,1.);
#5844 = DIRECTION('',(1.,0.,0.));
#5845 = PLANE('',#5846);
#5846 = AXIS2_PLACEMENT_3D('',#5847,#5848,#5849);
#5847 = CARTESIAN_POINT('',(-4.370170592217,0.302528571429,18.4032));
#5848 = DIRECTION('',(0.,-0.244390135281,0.969676988372));
#5849 = DIRECTION('',(0.,0.969676988372,0.244390135281));
#5850 = ADVANCED_FACE('',(#5851),#5869,.T.);
#5851 = FACE_BOUND('',#5852,.T.);
#5852 = EDGE_LOOP('',(#5853,#5854,#5855,#5863));
#5853 = ORIENTED_EDGE('',*,*,#1011,.T.);
#5854 = ORIENTED_EDGE('',*,*,#5840,.T.);
#5855 = ORIENTED_EDGE('',*,*,#5856,.T.);
#5856 = EDGE_CURVE('',#5833,#5857,#5859,.T.);
#5857 = VERTEX_POINT('',#5858);
#5858 = CARTESIAN_POINT('',(-3.770170592217,0.353971428571,
    18.414528571429));
#5859 = LINE('',#5860,#5861);
#5860 = CARTESIAN_POINT('',(-3.770170592217,0.325371428571,
    18.408957142857));
#5861 = VECTOR('',#5862,1.);
#5862 = DIRECTION('',(0.,0.981548987081,0.191210841639));
#5863 = ORIENTED_EDGE('',*,*,#5864,.F.);
#5864 = EDGE_CURVE('',#1004,#5857,#5865,.T.);
#5865 = LINE('',#5866,#5867);
#5866 = CARTESIAN_POINT('',(-4.370170592217,0.353971428571,
    18.414528571429));
#5867 = VECTOR('',#5868,1.);
#5868 = DIRECTION('',(1.,0.,0.));
#5869 = PLANE('',#5870);
#5870 = AXIS2_PLACEMENT_3D('',#5871,#5872,#5873);
#5871 = CARTESIAN_POINT('',(-4.370170592217,0.325371428571,
    18.408957142857));
#5872 = DIRECTION('',(0.,-0.191210841639,0.981548987081));
#5873 = DIRECTION('',(0.,0.981548987081,0.191210841639));
#5874 = ADVANCED_FACE('',(#5875),#5893,.T.);
#5875 = FACE_BOUND('',#5876,.T.);
#5876 = EDGE_LOOP('',(#5877,#5878,#5879,#5887));
#5877 = ORIENTED_EDGE('',*,*,#1003,.T.);
#5878 = ORIENTED_EDGE('',*,*,#5864,.T.);
#5879 = ORIENTED_EDGE('',*,*,#5880,.T.);
#5880 = EDGE_CURVE('',#5857,#5881,#5883,.T.);
#5881 = VERTEX_POINT('',#5882);
#5882 = CARTESIAN_POINT('',(-3.770170592217,0.376814285714,18.4318));
#5883 = LINE('',#5884,#5885);
#5884 = CARTESIAN_POINT('',(-3.770170592217,0.353971428571,
    18.414528571429));
#5885 = VECTOR('',#5886,1.);
#5886 = DIRECTION('',(0.,0.797659331282,0.603108274872));
#5887 = ORIENTED_EDGE('',*,*,#5888,.F.);
#5888 = EDGE_CURVE('',#996,#5881,#5889,.T.);
#5889 = LINE('',#5890,#5891);
#5890 = CARTESIAN_POINT('',(-4.370170592217,0.376814285714,18.4318));
#5891 = VECTOR('',#5892,1.);
#5892 = DIRECTION('',(1.,0.,0.));
#5893 = PLANE('',#5894);
#5894 = AXIS2_PLACEMENT_3D('',#5895,#5896,#5897);
#5895 = CARTESIAN_POINT('',(-4.370170592217,0.353971428571,
    18.414528571429));
#5896 = DIRECTION('',(0.,-0.603108274872,0.797659331282));
#5897 = DIRECTION('',(0.,0.797659331282,0.603108274872));
#5898 = ADVANCED_FACE('',(#5899),#5917,.T.);
#5899 = FACE_BOUND('',#5900,.T.);
#5900 = EDGE_LOOP('',(#5901,#5902,#5903,#5911));
#5901 = ORIENTED_EDGE('',*,*,#995,.T.);
#5902 = ORIENTED_EDGE('',*,*,#5888,.T.);
#5903 = ORIENTED_EDGE('',*,*,#5904,.T.);
#5904 = EDGE_CURVE('',#5881,#5905,#5907,.T.);
#5905 = VERTEX_POINT('',#5906);
#5906 = CARTESIAN_POINT('',(-3.770170592217,0.399657142857,
    18.448885714286));
#5907 = LINE('',#5908,#5909);
#5908 = CARTESIAN_POINT('',(-3.770170592217,0.376814285714,18.4318));
#5909 = VECTOR('',#5910,1.);
#5910 = DIRECTION('',(0.,0.80078057117,0.598957825591));
#5911 = ORIENTED_EDGE('',*,*,#5912,.F.);
#5912 = EDGE_CURVE('',#988,#5905,#5913,.T.);
#5913 = LINE('',#5914,#5915);
#5914 = CARTESIAN_POINT('',(-4.370170592217,0.399657142857,
    18.448885714286));
#5915 = VECTOR('',#5916,1.);
#5916 = DIRECTION('',(1.,0.,0.));
#5917 = PLANE('',#5918);
#5918 = AXIS2_PLACEMENT_3D('',#5919,#5920,#5921);
#5919 = CARTESIAN_POINT('',(-4.370170592217,0.376814285714,18.4318));
#5920 = DIRECTION('',(0.,-0.598957825591,0.80078057117));
#5921 = DIRECTION('',(0.,0.80078057117,0.598957825591));
#5922 = ADVANCED_FACE('',(#5923),#5941,.T.);
#5923 = FACE_BOUND('',#5924,.T.);
#5924 = EDGE_LOOP('',(#5925,#5926,#5927,#5935));
#5925 = ORIENTED_EDGE('',*,*,#987,.T.);
#5926 = ORIENTED_EDGE('',*,*,#5912,.T.);
#5927 = ORIENTED_EDGE('',*,*,#5928,.T.);
#5928 = EDGE_CURVE('',#5905,#5929,#5931,.T.);
#5929 = VERTEX_POINT('',#5930);
#5930 = CARTESIAN_POINT('',(-3.770170592217,0.410985714286,
    18.471728571429));
#5931 = LINE('',#5932,#5933);
#5932 = CARTESIAN_POINT('',(-3.770170592217,0.399657142857,
    18.448885714286));
#5933 = VECTOR('',#5934,1.);
#5934 = DIRECTION('',(0.,0.444297794845,0.895879160097));
#5935 = ORIENTED_EDGE('',*,*,#5936,.F.);
#5936 = EDGE_CURVE('',#980,#5929,#5937,.T.);
#5937 = LINE('',#5938,#5939);
#5938 = CARTESIAN_POINT('',(-4.370170592217,0.410985714286,
    18.471728571429));
#5939 = VECTOR('',#5940,1.);
#5940 = DIRECTION('',(1.,0.,0.));
#5941 = PLANE('',#5942);
#5942 = AXIS2_PLACEMENT_3D('',#5943,#5944,#5945);
#5943 = CARTESIAN_POINT('',(-4.370170592217,0.399657142857,
    18.448885714286));
#5944 = DIRECTION('',(0.,-0.895879160097,0.444297794845));
#5945 = DIRECTION('',(0.,0.444297794845,0.895879160097));
#5946 = ADVANCED_FACE('',(#5947),#5965,.T.);
#5947 = FACE_BOUND('',#5948,.T.);
#5948 = EDGE_LOOP('',(#5949,#5950,#5951,#5959));
#5949 = ORIENTED_EDGE('',*,*,#979,.T.);
#5950 = ORIENTED_EDGE('',*,*,#5936,.T.);
#5951 = ORIENTED_EDGE('',*,*,#5952,.T.);
#5952 = EDGE_CURVE('',#5929,#5953,#5955,.T.);
#5953 = VERTEX_POINT('',#5954);
#5954 = CARTESIAN_POINT('',(-3.770170592217,0.4225,18.494571428571));
#5955 = LINE('',#5956,#5957);
#5956 = CARTESIAN_POINT('',(-3.770170592217,0.410985714286,
    18.471728571429));
#5957 = VECTOR('',#5958,1.);
#5958 = DIRECTION('',(0.,0.450115207469,0.892970492237));
#5959 = ORIENTED_EDGE('',*,*,#5960,.F.);
#5960 = EDGE_CURVE('',#972,#5953,#5961,.T.);
#5961 = LINE('',#5962,#5963);
#5962 = CARTESIAN_POINT('',(-4.370170592217,0.4225,18.494571428571));
#5963 = VECTOR('',#5964,1.);
#5964 = DIRECTION('',(1.,0.,0.));
#5965 = PLANE('',#5966);
#5966 = AXIS2_PLACEMENT_3D('',#5967,#5968,#5969);
#5967 = CARTESIAN_POINT('',(-4.370170592217,0.410985714286,
    18.471728571429));
#5968 = DIRECTION('',(0.,-0.892970492237,0.450115207469));
#5969 = DIRECTION('',(0.,0.450115207469,0.892970492237));
#5970 = ADVANCED_FACE('',(#5971),#5989,.T.);
#5971 = FACE_BOUND('',#5972,.T.);
#5972 = EDGE_LOOP('',(#5973,#5974,#5975,#5983));
#5973 = ORIENTED_EDGE('',*,*,#971,.T.);
#5974 = ORIENTED_EDGE('',*,*,#5960,.T.);
#5975 = ORIENTED_EDGE('',*,*,#5976,.T.);
#5976 = EDGE_CURVE('',#5953,#5977,#5979,.T.);
#5977 = VERTEX_POINT('',#5978);
#5978 = CARTESIAN_POINT('',(-3.770170592217,0.433828571429,
    18.522985714286));
#5979 = LINE('',#5980,#5981);
#5980 = CARTESIAN_POINT('',(-3.770170592217,0.4225,18.494571428571));
#5981 = VECTOR('',#5982,1.);
#5982 = DIRECTION('',(0.,0.370343680353,0.92889480482));
#5983 = ORIENTED_EDGE('',*,*,#5984,.F.);
#5984 = EDGE_CURVE('',#964,#5977,#5985,.T.);
#5985 = LINE('',#5986,#5987);
#5986 = CARTESIAN_POINT('',(-4.370170592217,0.433828571429,
    18.522985714286));
#5987 = VECTOR('',#5988,1.);
#5988 = DIRECTION('',(1.,0.,0.));
#5989 = PLANE('',#5990);
#5990 = AXIS2_PLACEMENT_3D('',#5991,#5992,#5993);
#5991 = CARTESIAN_POINT('',(-4.370170592217,0.4225,18.494571428571));
#5992 = DIRECTION('',(0.,-0.92889480482,0.370343680353));
#5993 = DIRECTION('',(0.,0.370343680353,0.92889480482));
#5994 = ADVANCED_FACE('',(#5995),#6020,.T.);
#5995 = FACE_BOUND('',#5996,.T.);
#5996 = EDGE_LOOP('',(#5997,#5998,#6006,#6014));
#5997 = ORIENTED_EDGE('',*,*,#1419,.T.);
#5998 = ORIENTED_EDGE('',*,*,#5999,.T.);
#5999 = EDGE_CURVE('',#1422,#6000,#6002,.T.);
#6000 = VERTEX_POINT('',#6001);
#6001 = CARTESIAN_POINT('',(-3.770170592217,-2.253271428571,
    21.826285714286));
#6002 = LINE('',#6003,#6004);
#6003 = CARTESIAN_POINT('',(-4.370170592217,-2.253271428571,
    21.826285714286));
#6004 = VECTOR('',#6005,1.);
#6005 = DIRECTION('',(1.,0.,0.));
#6006 = ORIENTED_EDGE('',*,*,#6007,.T.);
#6007 = EDGE_CURVE('',#6000,#6008,#6010,.T.);
#6008 = VERTEX_POINT('',#6009);
#6009 = CARTESIAN_POINT('',(-3.770170592217,-2.2191,21.832042857143));
#6010 = LINE('',#6011,#6012);
#6011 = CARTESIAN_POINT('',(-3.770170592217,-2.253271428571,
    21.826285714286));
#6012 = VECTOR('',#6013,1.);
#6013 = DIRECTION('',(0.,0.98610270304,0.166136868447));
#6014 = ORIENTED_EDGE('',*,*,#6015,.F.);
#6015 = EDGE_CURVE('',#1420,#6008,#6016,.T.);
#6016 = LINE('',#6017,#6018);
#6017 = CARTESIAN_POINT('',(-4.370170592217,-2.2191,21.832042857143));
#6018 = VECTOR('',#6019,1.);
#6019 = DIRECTION('',(1.,0.,0.));
#6020 = PLANE('',#6021);
#6021 = AXIS2_PLACEMENT_3D('',#6022,#6023,#6024);
#6022 = CARTESIAN_POINT('',(-4.370170592217,-2.253271428571,
    21.826285714286));
#6023 = DIRECTION('',(0.,-0.166136868447,0.98610270304));
#6024 = DIRECTION('',(0.,0.98610270304,0.166136868447));
#6025 = ADVANCED_FACE('',(#6026),#6044,.T.);
#6026 = FACE_BOUND('',#6027,.T.);
#6027 = EDGE_LOOP('',(#6028,#6029,#6030,#6038));
#6028 = ORIENTED_EDGE('',*,*,#2077,.T.);
#6029 = ORIENTED_EDGE('',*,*,#6015,.T.);
#6030 = ORIENTED_EDGE('',*,*,#6031,.T.);
#6031 = EDGE_CURVE('',#6008,#6032,#6034,.T.);
#6032 = VERTEX_POINT('',#6033);
#6033 = CARTESIAN_POINT('',(-3.770170592217,-2.179171428571,
    21.843371428571));
#6034 = LINE('',#6035,#6036);
#6035 = CARTESIAN_POINT('',(-3.770170592217,-2.2191,21.832042857143));
#6036 = VECTOR('',#6037,1.);
#6037 = DIRECTION('',(0.,0.962028866252,0.272947724844));
#6038 = ORIENTED_EDGE('',*,*,#6039,.F.);
#6039 = EDGE_CURVE('',#2070,#6032,#6040,.T.);
#6040 = LINE('',#6041,#6042);
#6041 = CARTESIAN_POINT('',(-4.370170592217,-2.179171428571,
    21.843371428571));
#6042 = VECTOR('',#6043,1.);
#6043 = DIRECTION('',(1.,0.,0.));
#6044 = PLANE('',#6045);
#6045 = AXIS2_PLACEMENT_3D('',#6046,#6047,#6048);
#6046 = CARTESIAN_POINT('',(-4.370170592217,-2.2191,21.832042857143));
#6047 = DIRECTION('',(0.,-0.272947724844,0.962028866252));
#6048 = DIRECTION('',(0.,0.962028866252,0.272947724844));
#6049 = ADVANCED_FACE('',(#6050),#6068,.T.);
#6050 = FACE_BOUND('',#6051,.T.);
#6051 = EDGE_LOOP('',(#6052,#6053,#6054,#6062));
#6052 = ORIENTED_EDGE('',*,*,#2069,.T.);
#6053 = ORIENTED_EDGE('',*,*,#6039,.T.);
#6054 = ORIENTED_EDGE('',*,*,#6055,.T.);
#6055 = EDGE_CURVE('',#6032,#6056,#6058,.T.);
#6056 = VERTEX_POINT('',#6057);
#6057 = CARTESIAN_POINT('',(-3.770170592217,-2.150571428571,
    21.854885714286));
#6058 = LINE('',#6059,#6060);
#6059 = CARTESIAN_POINT('',(-3.770170592217,-2.179171428571,
    21.843371428571));
#6060 = VECTOR('',#6061,1.);
#6061 = DIRECTION('',(0.,0.927643517938,0.373466870858));
#6062 = ORIENTED_EDGE('',*,*,#6063,.F.);
#6063 = EDGE_CURVE('',#2062,#6056,#6064,.T.);
#6064 = LINE('',#6065,#6066);
#6065 = CARTESIAN_POINT('',(-4.370170592217,-2.150571428571,
    21.854885714286));
#6066 = VECTOR('',#6067,1.);
#6067 = DIRECTION('',(1.,0.,0.));
#6068 = PLANE('',#6069);
#6069 = AXIS2_PLACEMENT_3D('',#6070,#6071,#6072);
#6070 = CARTESIAN_POINT('',(-4.370170592217,-2.179171428571,
    21.843371428571));
#6071 = DIRECTION('',(0.,-0.373466870858,0.927643517938));
#6072 = DIRECTION('',(0.,0.927643517938,0.373466870858));
#6073 = ADVANCED_FACE('',(#6074),#6092,.T.);
#6074 = FACE_BOUND('',#6075,.T.);
#6075 = EDGE_LOOP('',(#6076,#6077,#6078,#6086));
#6076 = ORIENTED_EDGE('',*,*,#2061,.T.);
#6077 = ORIENTED_EDGE('',*,*,#6063,.T.);
#6078 = ORIENTED_EDGE('',*,*,#6079,.T.);
#6079 = EDGE_CURVE('',#6056,#6080,#6082,.T.);
#6080 = VERTEX_POINT('',#6081);
#6081 = CARTESIAN_POINT('',(-3.770170592217,-2.1164,21.871971428571));
#6082 = LINE('',#6083,#6084);
#6083 = CARTESIAN_POINT('',(-3.770170592217,-2.150571428571,
    21.854885714286));
#6084 = VECTOR('',#6085,1.);
#6085 = DIRECTION('',(0.,0.894427191,0.4472135955));
#6086 = ORIENTED_EDGE('',*,*,#6087,.F.);
#6087 = EDGE_CURVE('',#2054,#6080,#6088,.T.);
#6088 = LINE('',#6089,#6090);
#6089 = CARTESIAN_POINT('',(-4.370170592217,-2.1164,21.871971428571));
#6090 = VECTOR('',#6091,1.);
#6091 = DIRECTION('',(1.,0.,0.));
#6092 = PLANE('',#6093);
#6093 = AXIS2_PLACEMENT_3D('',#6094,#6095,#6096);
#6094 = CARTESIAN_POINT('',(-4.370170592217,-2.150571428571,
    21.854885714286));
#6095 = DIRECTION('',(0.,-0.4472135955,0.894427191));
#6096 = DIRECTION('',(0.,0.894427191,0.4472135955));
#6097 = ADVANCED_FACE('',(#6098),#6116,.T.);
#6098 = FACE_BOUND('',#6099,.T.);
#6099 = EDGE_LOOP('',(#6100,#6101,#6102,#6110));
#6100 = ORIENTED_EDGE('',*,*,#2053,.T.);
#6101 = ORIENTED_EDGE('',*,*,#6087,.T.);
#6102 = ORIENTED_EDGE('',*,*,#6103,.T.);
#6103 = EDGE_CURVE('',#6080,#6104,#6106,.T.);
#6104 = VERTEX_POINT('',#6105);
#6105 = CARTESIAN_POINT('',(-3.770170592217,-2.099314285714,
    21.889057142857));
#6106 = LINE('',#6107,#6108);
#6107 = CARTESIAN_POINT('',(-3.770170592217,-2.1164,21.871971428571));
#6108 = VECTOR('',#6109,1.);
#6109 = DIRECTION('',(0.,0.707106781187,0.707106781187));
#6110 = ORIENTED_EDGE('',*,*,#6111,.F.);
#6111 = EDGE_CURVE('',#2046,#6104,#6112,.T.);
#6112 = LINE('',#6113,#6114);
#6113 = CARTESIAN_POINT('',(-4.370170592217,-2.099314285714,
    21.889057142857));
#6114 = VECTOR('',#6115,1.);
#6115 = DIRECTION('',(1.,0.,0.));
#6116 = PLANE('',#6117);
#6117 = AXIS2_PLACEMENT_3D('',#6118,#6119,#6120);
#6118 = CARTESIAN_POINT('',(-4.370170592217,-2.1164,21.871971428571));
#6119 = DIRECTION('',(0.,-0.707106781187,0.707106781187));
#6120 = DIRECTION('',(0.,0.707106781187,0.707106781187));
#6121 = ADVANCED_FACE('',(#6122),#6140,.T.);
#6122 = FACE_BOUND('',#6123,.T.);
#6123 = EDGE_LOOP('',(#6124,#6125,#6126,#6134));
#6124 = ORIENTED_EDGE('',*,*,#2045,.T.);
#6125 = ORIENTED_EDGE('',*,*,#6111,.T.);
#6126 = ORIENTED_EDGE('',*,*,#6127,.T.);
#6127 = EDGE_CURVE('',#6104,#6128,#6130,.T.);
#6128 = VERTEX_POINT('',#6129);
#6129 = CARTESIAN_POINT('',(-3.770170592217,-2.076471428571,
    21.906142857143));
#6130 = LINE('',#6131,#6132);
#6131 = CARTESIAN_POINT('',(-3.770170592217,-2.099314285714,
    21.889057142857));
#6132 = VECTOR('',#6133,1.);
#6133 = DIRECTION('',(0.,0.80078057117,0.598957825591));
#6134 = ORIENTED_EDGE('',*,*,#6135,.F.);
#6135 = EDGE_CURVE('',#2038,#6128,#6136,.T.);
#6136 = LINE('',#6137,#6138);
#6137 = CARTESIAN_POINT('',(-4.370170592217,-2.076471428571,
    21.906142857143));
#6138 = VECTOR('',#6139,1.);
#6139 = DIRECTION('',(1.,0.,0.));
#6140 = PLANE('',#6141);
#6141 = AXIS2_PLACEMENT_3D('',#6142,#6143,#6144);
#6142 = CARTESIAN_POINT('',(-4.370170592217,-2.099314285714,
    21.889057142857));
#6143 = DIRECTION('',(0.,-0.598957825591,0.80078057117));
#6144 = DIRECTION('',(0.,0.80078057117,0.598957825591));
#6145 = ADVANCED_FACE('',(#6146),#6164,.T.);
#6146 = FACE_BOUND('',#6147,.T.);
#6147 = EDGE_LOOP('',(#6148,#6149,#6150,#6158));
#6148 = ORIENTED_EDGE('',*,*,#2037,.T.);
#6149 = ORIENTED_EDGE('',*,*,#6135,.T.);
#6150 = ORIENTED_EDGE('',*,*,#6151,.T.);
#6151 = EDGE_CURVE('',#6128,#6152,#6154,.T.);
#6152 = VERTEX_POINT('',#6153);
#6153 = CARTESIAN_POINT('',(-3.770170592217,-2.059385714286,
    21.928985714286));
#6154 = LINE('',#6155,#6156);
#6155 = CARTESIAN_POINT('',(-3.770170592217,-2.076471428571,
    21.906142857143));
#6156 = VECTOR('',#6157,1.);
#6157 = DIRECTION('',(0.,0.598957825591,0.80078057117));
#6158 = ORIENTED_EDGE('',*,*,#6159,.F.);
#6159 = EDGE_CURVE('',#2030,#6152,#6160,.T.);
#6160 = LINE('',#6161,#6162);
#6161 = CARTESIAN_POINT('',(-4.370170592217,-2.059385714286,
    21.928985714286));
#6162 = VECTOR('',#6163,1.);
#6163 = DIRECTION('',(1.,0.,0.));
#6164 = PLANE('',#6165);
#6165 = AXIS2_PLACEMENT_3D('',#6166,#6167,#6168);
#6166 = CARTESIAN_POINT('',(-4.370170592217,-2.076471428571,
    21.906142857143));
#6167 = DIRECTION('',(0.,-0.80078057117,0.598957825591));
#6168 = DIRECTION('',(0.,0.598957825591,0.80078057117));
#6169 = ADVANCED_FACE('',(#6170),#6188,.T.);
#6170 = FACE_BOUND('',#6171,.T.);
#6171 = EDGE_LOOP('',(#6172,#6173,#6174,#6182));
#6172 = ORIENTED_EDGE('',*,*,#2029,.T.);
#6173 = ORIENTED_EDGE('',*,*,#6159,.T.);
#6174 = ORIENTED_EDGE('',*,*,#6175,.T.);
#6175 = EDGE_CURVE('',#6152,#6176,#6178,.T.);
#6176 = VERTEX_POINT('',#6177);
#6177 = CARTESIAN_POINT('',(-3.770170592217,-2.042114285714,
    21.951828571429));
#6178 = LINE('',#6179,#6180);
#6179 = CARTESIAN_POINT('',(-3.770170592217,-2.059385714286,
    21.928985714286));
#6180 = VECTOR('',#6181,1.);
#6181 = DIRECTION('',(0.,0.603108274872,0.797659331282));
#6182 = ORIENTED_EDGE('',*,*,#6183,.F.);
#6183 = EDGE_CURVE('',#2022,#6176,#6184,.T.);
#6184 = LINE('',#6185,#6186);
#6185 = CARTESIAN_POINT('',(-4.370170592217,-2.042114285714,
    21.951828571429));
#6186 = VECTOR('',#6187,1.);
#6187 = DIRECTION('',(1.,0.,0.));
#6188 = PLANE('',#6189);
#6189 = AXIS2_PLACEMENT_3D('',#6190,#6191,#6192);
#6190 = CARTESIAN_POINT('',(-4.370170592217,-2.059385714286,
    21.928985714286));
#6191 = DIRECTION('',(0.,-0.797659331282,0.603108274872));
#6192 = DIRECTION('',(0.,0.603108274872,0.797659331282));
#6193 = ADVANCED_FACE('',(#6194),#6212,.T.);
#6194 = FACE_BOUND('',#6195,.T.);
#6195 = EDGE_LOOP('',(#6196,#6197,#6198,#6206));
#6196 = ORIENTED_EDGE('',*,*,#2021,.T.);
#6197 = ORIENTED_EDGE('',*,*,#6183,.T.);
#6198 = ORIENTED_EDGE('',*,*,#6199,.T.);
#6199 = EDGE_CURVE('',#6176,#6200,#6202,.T.);
#6200 = VERTEX_POINT('',#6201);
#6201 = CARTESIAN_POINT('',(-3.770170592217,-2.025028571429,
    21.974671428571));
#6202 = LINE('',#6203,#6204);
#6203 = CARTESIAN_POINT('',(-3.770170592217,-2.042114285714,
    21.951828571429));
#6204 = VECTOR('',#6205,1.);
#6205 = DIRECTION('',(0.,0.598957825591,0.80078057117));
#6206 = ORIENTED_EDGE('',*,*,#6207,.F.);
#6207 = EDGE_CURVE('',#2014,#6200,#6208,.T.);
#6208 = LINE('',#6209,#6210);
#6209 = CARTESIAN_POINT('',(-4.370170592217,-2.025028571429,
    21.974671428571));
#6210 = VECTOR('',#6211,1.);
#6211 = DIRECTION('',(1.,0.,0.));
#6212 = PLANE('',#6213);
#6213 = AXIS2_PLACEMENT_3D('',#6214,#6215,#6216);
#6214 = CARTESIAN_POINT('',(-4.370170592217,-2.042114285714,
    21.951828571429));
#6215 = DIRECTION('',(0.,-0.80078057117,0.598957825591));
#6216 = DIRECTION('',(0.,0.598957825591,0.80078057117));
#6217 = ADVANCED_FACE('',(#6218),#6236,.T.);
#6218 = FACE_BOUND('',#6219,.T.);
#6219 = EDGE_LOOP('',(#6220,#6221,#6222,#6230));
#6220 = ORIENTED_EDGE('',*,*,#2013,.T.);
#6221 = ORIENTED_EDGE('',*,*,#6207,.T.);
#6222 = ORIENTED_EDGE('',*,*,#6223,.T.);
#6223 = EDGE_CURVE('',#6200,#6224,#6226,.T.);
#6224 = VERTEX_POINT('',#6225);
#6225 = CARTESIAN_POINT('',(-3.770170592217,-2.0137,22.003085714286));
#6226 = LINE('',#6227,#6228);
#6227 = CARTESIAN_POINT('',(-3.770170592217,-2.025028571429,
    21.974671428571));
#6228 = VECTOR('',#6229,1.);
#6229 = DIRECTION('',(0.,0.370343680353,0.92889480482));
#6230 = ORIENTED_EDGE('',*,*,#6231,.F.);
#6231 = EDGE_CURVE('',#2006,#6224,#6232,.T.);
#6232 = LINE('',#6233,#6234);
#6233 = CARTESIAN_POINT('',(-4.370170592217,-2.0137,22.003085714286));
#6234 = VECTOR('',#6235,1.);
#6235 = DIRECTION('',(1.,0.,0.));
#6236 = PLANE('',#6237);
#6237 = AXIS2_PLACEMENT_3D('',#6238,#6239,#6240);
#6238 = CARTESIAN_POINT('',(-4.370170592217,-2.025028571429,
    21.974671428571));
#6239 = DIRECTION('',(0.,-0.92889480482,0.370343680353));
#6240 = DIRECTION('',(0.,0.370343680353,0.92889480482));
#6241 = ADVANCED_FACE('',(#6242),#6260,.T.);
#6242 = FACE_BOUND('',#6243,.T.);
#6243 = EDGE_LOOP('',(#6244,#6245,#6246,#6254));
#6244 = ORIENTED_EDGE('',*,*,#2005,.T.);
#6245 = ORIENTED_EDGE('',*,*,#6231,.T.);
#6246 = ORIENTED_EDGE('',*,*,#6247,.T.);
#6247 = EDGE_CURVE('',#6224,#6248,#6250,.T.);
#6248 = VERTEX_POINT('',#6249);
#6249 = CARTESIAN_POINT('',(-3.770170592217,-2.002185714286,
    22.025928571429));
#6250 = LINE('',#6251,#6252);
#6251 = CARTESIAN_POINT('',(-3.770170592217,-2.0137,22.003085714286));
#6252 = VECTOR('',#6253,1.);
#6253 = DIRECTION('',(0.,0.450115207469,0.892970492237));
#6254 = ORIENTED_EDGE('',*,*,#6255,.F.);
#6255 = EDGE_CURVE('',#1998,#6248,#6256,.T.);
#6256 = LINE('',#6257,#6258);
#6257 = CARTESIAN_POINT('',(-4.370170592217,-2.002185714286,
    22.025928571429));
#6258 = VECTOR('',#6259,1.);
#6259 = DIRECTION('',(1.,0.,0.));
#6260 = PLANE('',#6261);
#6261 = AXIS2_PLACEMENT_3D('',#6262,#6263,#6264);
#6262 = CARTESIAN_POINT('',(-4.370170592217,-2.0137,22.003085714286));
#6263 = DIRECTION('',(0.,-0.892970492237,0.450115207469));
#6264 = DIRECTION('',(0.,0.450115207469,0.892970492237));
#6265 = ADVANCED_FACE('',(#6266),#6284,.T.);
#6266 = FACE_BOUND('',#6267,.T.);
#6267 = EDGE_LOOP('',(#6268,#6269,#6270,#6278));
#6268 = ORIENTED_EDGE('',*,*,#1997,.T.);
#6269 = ORIENTED_EDGE('',*,*,#6255,.T.);
#6270 = ORIENTED_EDGE('',*,*,#6271,.T.);
#6271 = EDGE_CURVE('',#6248,#6272,#6274,.T.);
#6272 = VERTEX_POINT('',#6273);
#6273 = CARTESIAN_POINT('',(-3.770170592217,-1.996614285714,
    22.054528571429));
#6274 = LINE('',#6275,#6276);
#6275 = CARTESIAN_POINT('',(-3.770170592217,-2.002185714286,
    22.025928571429));
#6276 = VECTOR('',#6277,1.);
#6277 = DIRECTION('',(0.,0.191210841639,0.981548987081));
#6278 = ORIENTED_EDGE('',*,*,#6279,.F.);
#6279 = EDGE_CURVE('',#1990,#6272,#6280,.T.);
#6280 = LINE('',#6281,#6282);
#6281 = CARTESIAN_POINT('',(-4.370170592217,-1.996614285714,
    22.054528571429));
#6282 = VECTOR('',#6283,1.);
#6283 = DIRECTION('',(1.,0.,0.));
#6284 = PLANE('',#6285);
#6285 = AXIS2_PLACEMENT_3D('',#6286,#6287,#6288);
#6286 = CARTESIAN_POINT('',(-4.370170592217,-2.002185714286,
    22.025928571429));
#6287 = DIRECTION('',(0.,-0.981548987081,0.191210841639));
#6288 = DIRECTION('',(0.,0.191210841639,0.981548987081));
#6289 = ADVANCED_FACE('',(#6290),#6308,.T.);
#6290 = FACE_BOUND('',#6291,.T.);
#6291 = EDGE_LOOP('',(#6292,#6293,#6294,#6302));
#6292 = ORIENTED_EDGE('',*,*,#1989,.T.);
#6293 = ORIENTED_EDGE('',*,*,#6279,.T.);
#6294 = ORIENTED_EDGE('',*,*,#6295,.T.);
#6295 = EDGE_CURVE('',#6272,#6296,#6298,.T.);
#6296 = VERTEX_POINT('',#6297);
#6297 = CARTESIAN_POINT('',(-3.770170592217,-1.990857142857,
    22.082942857143));
#6298 = LINE('',#6299,#6300);
#6299 = CARTESIAN_POINT('',(-3.770170592217,-1.996614285714,
    22.054528571429));
#6300 = VECTOR('',#6301,1.);
#6301 = DIRECTION('',(0.,0.198579278868,0.980084827963));
#6302 = ORIENTED_EDGE('',*,*,#6303,.F.);
#6303 = EDGE_CURVE('',#1982,#6296,#6304,.T.);
#6304 = LINE('',#6305,#6306);
#6305 = CARTESIAN_POINT('',(-4.370170592217,-1.990857142857,
    22.082942857143));
#6306 = VECTOR('',#6307,1.);
#6307 = DIRECTION('',(1.,0.,0.));
#6308 = PLANE('',#6309);
#6309 = AXIS2_PLACEMENT_3D('',#6310,#6311,#6312);
#6310 = CARTESIAN_POINT('',(-4.370170592217,-1.996614285714,
    22.054528571429));
#6311 = DIRECTION('',(0.,-0.980084827963,0.198579278868));
#6312 = DIRECTION('',(0.,0.198579278868,0.980084827963));
#6313 = ADVANCED_FACE('',(#6314),#6339,.T.);
#6314 = FACE_BOUND('',#6315,.T.);
#6315 = EDGE_LOOP('',(#6316,#6317,#6325,#6333));
#6316 = ORIENTED_EDGE('',*,*,#1973,.T.);
#6317 = ORIENTED_EDGE('',*,*,#6318,.T.);
#6318 = EDGE_CURVE('',#1974,#6319,#6321,.T.);
#6319 = VERTEX_POINT('',#6320);
#6320 = CARTESIAN_POINT('',(-3.770170592217,-1.990857142857,
    22.140142857143));
#6321 = LINE('',#6322,#6323);
#6322 = CARTESIAN_POINT('',(-4.370170592217,-1.990857142857,
    22.140142857143));
#6323 = VECTOR('',#6324,1.);
#6324 = DIRECTION('',(1.,0.,0.));
#6325 = ORIENTED_EDGE('',*,*,#6326,.T.);
#6326 = EDGE_CURVE('',#6319,#6327,#6329,.T.);
#6327 = VERTEX_POINT('',#6328);
#6328 = CARTESIAN_POINT('',(-3.770170592217,-1.996614285714,22.1628));
#6329 = LINE('',#6330,#6331);
#6330 = CARTESIAN_POINT('',(-3.770170592217,-1.990857142857,
    22.140142857143));
#6331 = VECTOR('',#6332,1.);
#6332 = DIRECTION('',(0.,-0.246272303221,0.96920067719));
#6333 = ORIENTED_EDGE('',*,*,#6334,.F.);
#6334 = EDGE_CURVE('',#1966,#6327,#6335,.T.);
#6335 = LINE('',#6336,#6337);
#6336 = CARTESIAN_POINT('',(-4.370170592217,-1.996614285714,22.1628));
#6337 = VECTOR('',#6338,1.);
#6338 = DIRECTION('',(1.,0.,0.));
#6339 = PLANE('',#6340);
#6340 = AXIS2_PLACEMENT_3D('',#6341,#6342,#6343);
#6341 = CARTESIAN_POINT('',(-4.370170592217,-1.990857142857,
    22.140142857143));
#6342 = DIRECTION('',(0.,-0.96920067719,-0.246272303221));
#6343 = DIRECTION('',(0.,-0.246272303221,0.96920067719));
#6344 = ADVANCED_FACE('',(#6345),#6363,.T.);
#6345 = FACE_BOUND('',#6346,.T.);
#6346 = EDGE_LOOP('',(#6347,#6348,#6349,#6357));
#6347 = ORIENTED_EDGE('',*,*,#1965,.T.);
#6348 = ORIENTED_EDGE('',*,*,#6334,.T.);
#6349 = ORIENTED_EDGE('',*,*,#6350,.T.);
#6350 = EDGE_CURVE('',#6327,#6351,#6353,.T.);
#6351 = VERTEX_POINT('',#6352);
#6352 = CARTESIAN_POINT('',(-3.770170592217,-2.002185714286,22.1914));
#6353 = LINE('',#6354,#6355);
#6354 = CARTESIAN_POINT('',(-3.770170592217,-1.996614285714,22.1628));
#6355 = VECTOR('',#6356,1.);
#6356 = DIRECTION('',(0.,-0.191210841639,0.981548987081));
#6357 = ORIENTED_EDGE('',*,*,#6358,.F.);
#6358 = EDGE_CURVE('',#1958,#6351,#6359,.T.);
#6359 = LINE('',#6360,#6361);
#6360 = CARTESIAN_POINT('',(-4.370170592217,-2.002185714286,22.1914));
#6361 = VECTOR('',#6362,1.);
#6362 = DIRECTION('',(1.,0.,0.));
#6363 = PLANE('',#6364);
#6364 = AXIS2_PLACEMENT_3D('',#6365,#6366,#6367);
#6365 = CARTESIAN_POINT('',(-4.370170592217,-1.996614285714,22.1628));
#6366 = DIRECTION('',(0.,-0.981548987081,-0.191210841639));
#6367 = DIRECTION('',(0.,-0.191210841639,0.981548987081));
#6368 = ADVANCED_FACE('',(#6369),#6387,.T.);
#6369 = FACE_BOUND('',#6370,.T.);
#6370 = EDGE_LOOP('',(#6371,#6372,#6373,#6381));
#6371 = ORIENTED_EDGE('',*,*,#1957,.T.);
#6372 = ORIENTED_EDGE('',*,*,#6358,.T.);
#6373 = ORIENTED_EDGE('',*,*,#6374,.T.);
#6374 = EDGE_CURVE('',#6351,#6375,#6377,.T.);
#6375 = VERTEX_POINT('',#6376);
#6376 = CARTESIAN_POINT('',(-3.770170592217,-2.0137,22.22));
#6377 = LINE('',#6378,#6379);
#6378 = CARTESIAN_POINT('',(-3.770170592217,-2.002185714286,22.1914));
#6379 = VECTOR('',#6380,1.);
#6380 = DIRECTION('',(0.,-0.373466870858,0.927643517938));
#6381 = ORIENTED_EDGE('',*,*,#6382,.F.);
#6382 = EDGE_CURVE('',#1950,#6375,#6383,.T.);
#6383 = LINE('',#6384,#6385);
#6384 = CARTESIAN_POINT('',(-4.370170592217,-2.0137,22.22));
#6385 = VECTOR('',#6386,1.);
#6386 = DIRECTION('',(1.,0.,0.));
#6387 = PLANE('',#6388);
#6388 = AXIS2_PLACEMENT_3D('',#6389,#6390,#6391);
#6389 = CARTESIAN_POINT('',(-4.370170592217,-2.002185714286,22.1914));
#6390 = DIRECTION('',(0.,-0.927643517938,-0.373466870858));
#6391 = DIRECTION('',(0.,-0.373466870858,0.927643517938));
#6392 = ADVANCED_FACE('',(#6393),#6411,.T.);
#6393 = FACE_BOUND('',#6394,.T.);
#6394 = EDGE_LOOP('',(#6395,#6396,#6397,#6405));
#6395 = ORIENTED_EDGE('',*,*,#1949,.T.);
#6396 = ORIENTED_EDGE('',*,*,#6382,.T.);
#6397 = ORIENTED_EDGE('',*,*,#6398,.T.);
#6398 = EDGE_CURVE('',#6375,#6399,#6401,.T.);
#6399 = VERTEX_POINT('',#6400);
#6400 = CARTESIAN_POINT('',(-3.770170592217,-2.025028571429,
    22.242842857143));
#6401 = LINE('',#6402,#6403);
#6402 = CARTESIAN_POINT('',(-3.770170592217,-2.0137,22.22));
#6403 = VECTOR('',#6404,1.);
#6404 = DIRECTION('',(0.,-0.444297794845,0.895879160097));
#6405 = ORIENTED_EDGE('',*,*,#6406,.F.);
#6406 = EDGE_CURVE('',#1942,#6399,#6407,.T.);
#6407 = LINE('',#6408,#6409);
#6408 = CARTESIAN_POINT('',(-4.370170592217,-2.025028571429,
    22.242842857143));
#6409 = VECTOR('',#6410,1.);
#6410 = DIRECTION('',(1.,0.,0.));
#6411 = PLANE('',#6412);
#6412 = AXIS2_PLACEMENT_3D('',#6413,#6414,#6415);
#6413 = CARTESIAN_POINT('',(-4.370170592217,-2.0137,22.22));
#6414 = DIRECTION('',(0.,-0.895879160097,-0.444297794845));
#6415 = DIRECTION('',(0.,-0.444297794845,0.895879160097));
#6416 = ADVANCED_FACE('',(#6417),#6435,.T.);
#6417 = FACE_BOUND('',#6418,.T.);
#6418 = EDGE_LOOP('',(#6419,#6420,#6421,#6429));
#6419 = ORIENTED_EDGE('',*,*,#1941,.T.);
#6420 = ORIENTED_EDGE('',*,*,#6406,.T.);
#6421 = ORIENTED_EDGE('',*,*,#6422,.T.);
#6422 = EDGE_CURVE('',#6399,#6423,#6425,.T.);
#6423 = VERTEX_POINT('',#6424);
#6424 = CARTESIAN_POINT('',(-3.770170592217,-2.036542857143,
    22.271257142857));
#6425 = LINE('',#6426,#6427);
#6426 = CARTESIAN_POINT('',(-3.770170592217,-2.025028571429,
    22.242842857143));
#6427 = VECTOR('',#6428,1.);
#6428 = DIRECTION('',(0.,-0.375564497639,0.926796260304));
#6429 = ORIENTED_EDGE('',*,*,#6430,.F.);
#6430 = EDGE_CURVE('',#1934,#6423,#6431,.T.);
#6431 = LINE('',#6432,#6433);
#6432 = CARTESIAN_POINT('',(-4.370170592217,-2.036542857143,
    22.271257142857));
#6433 = VECTOR('',#6434,1.);
#6434 = DIRECTION('',(1.,0.,0.));
#6435 = PLANE('',#6436);
#6436 = AXIS2_PLACEMENT_3D('',#6437,#6438,#6439);
#6437 = CARTESIAN_POINT('',(-4.370170592217,-2.025028571429,
    22.242842857143));
#6438 = DIRECTION('',(0.,-0.926796260304,-0.375564497639));
#6439 = DIRECTION('',(0.,-0.375564497639,0.926796260304));
#6440 = ADVANCED_FACE('',(#6441),#6459,.T.);
#6441 = FACE_BOUND('',#6442,.T.);
#6442 = EDGE_LOOP('',(#6443,#6444,#6445,#6453));
#6443 = ORIENTED_EDGE('',*,*,#1933,.T.);
#6444 = ORIENTED_EDGE('',*,*,#6430,.T.);
#6445 = ORIENTED_EDGE('',*,*,#6446,.T.);
#6446 = EDGE_CURVE('',#6423,#6447,#6449,.T.);
#6447 = VERTEX_POINT('',#6448);
#6448 = CARTESIAN_POINT('',(-3.770170592217,-2.053628571429,
    22.288342857143));
#6449 = LINE('',#6450,#6451);
#6450 = CARTESIAN_POINT('',(-3.770170592217,-2.036542857143,
    22.271257142857));
#6451 = VECTOR('',#6452,1.);
#6452 = DIRECTION('',(0.,-0.707106781187,0.707106781187));
#6453 = ORIENTED_EDGE('',*,*,#6454,.F.);
#6454 = EDGE_CURVE('',#1926,#6447,#6455,.T.);
#6455 = LINE('',#6456,#6457);
#6456 = CARTESIAN_POINT('',(-4.370170592217,-2.053628571429,
    22.288342857143));
#6457 = VECTOR('',#6458,1.);
#6458 = DIRECTION('',(1.,0.,0.));
#6459 = PLANE('',#6460);
#6460 = AXIS2_PLACEMENT_3D('',#6461,#6462,#6463);
#6461 = CARTESIAN_POINT('',(-4.370170592217,-2.036542857143,
    22.271257142857));
#6462 = DIRECTION('',(0.,-0.707106781187,-0.707106781187));
#6463 = DIRECTION('',(0.,-0.707106781187,0.707106781187));
#6464 = ADVANCED_FACE('',(#6465),#6483,.T.);
#6465 = FACE_BOUND('',#6466,.T.);
#6466 = EDGE_LOOP('',(#6467,#6468,#6469,#6477));
#6467 = ORIENTED_EDGE('',*,*,#1925,.T.);
#6468 = ORIENTED_EDGE('',*,*,#6454,.T.);
#6469 = ORIENTED_EDGE('',*,*,#6470,.T.);
#6470 = EDGE_CURVE('',#6447,#6471,#6473,.T.);
#6471 = VERTEX_POINT('',#6472);
#6472 = CARTESIAN_POINT('',(-3.770170592217,-2.076471428571,
    22.316942857143));
#6473 = LINE('',#6474,#6475);
#6474 = CARTESIAN_POINT('',(-3.770170592217,-2.053628571429,
    22.288342857143));
#6475 = VECTOR('',#6476,1.);
#6476 = DIRECTION('',(0.,-0.62407609663,0.781363568139));
#6477 = ORIENTED_EDGE('',*,*,#6478,.F.);
#6478 = EDGE_CURVE('',#1918,#6471,#6479,.T.);
#6479 = LINE('',#6480,#6481);
#6480 = CARTESIAN_POINT('',(-4.370170592217,-2.076471428571,
    22.316942857143));
#6481 = VECTOR('',#6482,1.);
#6482 = DIRECTION('',(1.,0.,0.));
#6483 = PLANE('',#6484);
#6484 = AXIS2_PLACEMENT_3D('',#6485,#6486,#6487);
#6485 = CARTESIAN_POINT('',(-4.370170592217,-2.053628571429,
    22.288342857143));
#6486 = DIRECTION('',(0.,-0.781363568139,-0.62407609663));
#6487 = DIRECTION('',(0.,-0.62407609663,0.781363568139));
#6488 = ADVANCED_FACE('',(#6489),#6514,.T.);
#6489 = FACE_BOUND('',#6490,.T.);
#6490 = EDGE_LOOP('',(#6491,#6492,#6500,#6508));
#6491 = ORIENTED_EDGE('',*,*,#1909,.T.);
#6492 = ORIENTED_EDGE('',*,*,#6493,.T.);
#6493 = EDGE_CURVE('',#1910,#6494,#6496,.T.);
#6494 = VERTEX_POINT('',#6495);
#6495 = CARTESIAN_POINT('',(-3.770170592217,-2.122157142857,
    22.351114285714));
#6496 = LINE('',#6497,#6498);
#6497 = CARTESIAN_POINT('',(-4.370170592217,-2.122157142857,
    22.351114285714));
#6498 = VECTOR('',#6499,1.);
#6499 = DIRECTION('',(1.,0.,0.));
#6500 = ORIENTED_EDGE('',*,*,#6501,.T.);
#6501 = EDGE_CURVE('',#6494,#6502,#6504,.T.);
#6502 = VERTEX_POINT('',#6503);
#6503 = CARTESIAN_POINT('',(-3.770170592217,-2.150571428571,22.3682));
#6504 = LINE('',#6505,#6506);
#6505 = CARTESIAN_POINT('',(-3.770170592217,-2.122157142857,
    22.351114285714));
#6506 = VECTOR('',#6507,1.);
#6507 = DIRECTION('',(0.,-0.856998298068,0.515319238054));
#6508 = ORIENTED_EDGE('',*,*,#6509,.F.);
#6509 = EDGE_CURVE('',#1902,#6502,#6510,.T.);
#6510 = LINE('',#6511,#6512);
#6511 = CARTESIAN_POINT('',(-4.370170592217,-2.150571428571,22.3682));
#6512 = VECTOR('',#6513,1.);
#6513 = DIRECTION('',(1.,0.,0.));
#6514 = PLANE('',#6515);
#6515 = AXIS2_PLACEMENT_3D('',#6516,#6517,#6518);
#6516 = CARTESIAN_POINT('',(-4.370170592217,-2.122157142857,
    22.351114285714));
#6517 = DIRECTION('',(0.,-0.515319238054,-0.856998298068));
#6518 = DIRECTION('',(0.,-0.856998298068,0.515319238054));
#6519 = ADVANCED_FACE('',(#6520),#6538,.T.);
#6520 = FACE_BOUND('',#6521,.T.);
#6521 = EDGE_LOOP('',(#6522,#6523,#6524,#6532));
#6522 = ORIENTED_EDGE('',*,*,#1901,.T.);
#6523 = ORIENTED_EDGE('',*,*,#6509,.T.);
#6524 = ORIENTED_EDGE('',*,*,#6525,.T.);
#6525 = EDGE_CURVE('',#6502,#6526,#6528,.T.);
#6526 = VERTEX_POINT('',#6527);
#6527 = CARTESIAN_POINT('',(-3.770170592217,-2.173414285714,
    22.379714285714));
#6528 = LINE('',#6529,#6530);
#6529 = CARTESIAN_POINT('',(-3.770170592217,-2.150571428571,22.3682));
#6530 = VECTOR('',#6531,1.);
#6531 = DIRECTION('',(0.,-0.892970492237,0.450115207469));
#6532 = ORIENTED_EDGE('',*,*,#6533,.F.);
#6533 = EDGE_CURVE('',#1894,#6526,#6534,.T.);
#6534 = LINE('',#6535,#6536);
#6535 = CARTESIAN_POINT('',(-4.370170592217,-2.173414285714,
    22.379714285714));
#6536 = VECTOR('',#6537,1.);
#6537 = DIRECTION('',(1.,0.,0.));
#6538 = PLANE('',#6539);
#6539 = AXIS2_PLACEMENT_3D('',#6540,#6541,#6542);
#6540 = CARTESIAN_POINT('',(-4.370170592217,-2.150571428571,22.3682));
#6541 = DIRECTION('',(0.,-0.450115207469,-0.892970492237));
#6542 = DIRECTION('',(0.,-0.892970492237,0.450115207469));
#6543 = ADVANCED_FACE('',(#6544),#6562,.T.);
#6544 = FACE_BOUND('',#6545,.T.);
#6545 = EDGE_LOOP('',(#6546,#6547,#6548,#6556));
#6546 = ORIENTED_EDGE('',*,*,#1893,.T.);
#6547 = ORIENTED_EDGE('',*,*,#6533,.T.);
#6548 = ORIENTED_EDGE('',*,*,#6549,.T.);
#6549 = EDGE_CURVE('',#6526,#6550,#6552,.T.);
#6550 = VERTEX_POINT('',#6551);
#6551 = CARTESIAN_POINT('',(-3.770170592217,-2.202014285714,
    22.385471428571));
#6552 = LINE('',#6553,#6554);
#6553 = CARTESIAN_POINT('',(-3.770170592217,-2.173414285714,
    22.379714285714));
#6554 = VECTOR('',#6555,1.);
#6555 = DIRECTION('',(0.,-0.980335072596,0.197340176951));
#6556 = ORIENTED_EDGE('',*,*,#6557,.F.);
#6557 = EDGE_CURVE('',#1886,#6550,#6558,.T.);
#6558 = LINE('',#6559,#6560);
#6559 = CARTESIAN_POINT('',(-4.370170592217,-2.202014285714,
    22.385471428571));
#6560 = VECTOR('',#6561,1.);
#6561 = DIRECTION('',(1.,0.,0.));
#6562 = PLANE('',#6563);
#6563 = AXIS2_PLACEMENT_3D('',#6564,#6565,#6566);
#6564 = CARTESIAN_POINT('',(-4.370170592217,-2.173414285714,
    22.379714285714));
#6565 = DIRECTION('',(0.,-0.197340176951,-0.980335072596));
#6566 = DIRECTION('',(0.,-0.980335072596,0.197340176951));
#6567 = ADVANCED_FACE('',(#6568),#6586,.T.);
#6568 = FACE_BOUND('',#6569,.T.);
#6569 = EDGE_LOOP('',(#6570,#6571,#6572,#6580));
#6570 = ORIENTED_EDGE('',*,*,#1885,.T.);
#6571 = ORIENTED_EDGE('',*,*,#6557,.T.);
#6572 = ORIENTED_EDGE('',*,*,#6573,.T.);
#6573 = EDGE_CURVE('',#6550,#6574,#6576,.T.);
#6574 = VERTEX_POINT('',#6575);
#6575 = CARTESIAN_POINT('',(-3.770170592217,-2.230428571429,
    22.391042857143));
#6576 = LINE('',#6577,#6578);
#6577 = CARTESIAN_POINT('',(-3.770170592217,-2.202014285714,
    22.385471428571));
#6578 = VECTOR('',#6579,1.);
#6579 = DIRECTION('',(0.,-0.981313749677,0.192414460721));
#6580 = ORIENTED_EDGE('',*,*,#6581,.F.);
#6581 = EDGE_CURVE('',#1878,#6574,#6582,.T.);
#6582 = LINE('',#6583,#6584);
#6583 = CARTESIAN_POINT('',(-4.370170592217,-2.230428571429,
    22.391042857143));
#6584 = VECTOR('',#6585,1.);
#6585 = DIRECTION('',(1.,0.,0.));
#6586 = PLANE('',#6587);
#6587 = AXIS2_PLACEMENT_3D('',#6588,#6589,#6590);
#6588 = CARTESIAN_POINT('',(-4.370170592217,-2.202014285714,
    22.385471428571));
#6589 = DIRECTION('',(0.,-0.192414460721,-0.981313749677));
#6590 = DIRECTION('',(0.,-0.981313749677,0.192414460721));
#6591 = ADVANCED_FACE('',(#6592),#6610,.T.);
#6592 = FACE_BOUND('',#6593,.T.);
#6593 = EDGE_LOOP('',(#6594,#6595,#6596,#6604));
#6594 = ORIENTED_EDGE('',*,*,#1877,.T.);
#6595 = ORIENTED_EDGE('',*,*,#6581,.T.);
#6596 = ORIENTED_EDGE('',*,*,#6597,.T.);
#6597 = EDGE_CURVE('',#6574,#6598,#6600,.T.);
#6598 = VERTEX_POINT('',#6599);
#6599 = CARTESIAN_POINT('',(-3.770170592217,-2.276114285714,22.3968));
#6600 = LINE('',#6601,#6602);
#6601 = CARTESIAN_POINT('',(-3.770170592217,-2.230428571429,
    22.391042857143));
#6602 = VECTOR('',#6603,1.);
#6603 = DIRECTION('',(0.,-0.992153283358,0.125027446277));
#6604 = ORIENTED_EDGE('',*,*,#6605,.F.);
#6605 = EDGE_CURVE('',#1870,#6598,#6606,.T.);
#6606 = LINE('',#6607,#6608);
#6607 = CARTESIAN_POINT('',(-4.370170592217,-2.276114285714,22.3968));
#6608 = VECTOR('',#6609,1.);
#6609 = DIRECTION('',(1.,0.,0.));
#6610 = PLANE('',#6611);
#6611 = AXIS2_PLACEMENT_3D('',#6612,#6613,#6614);
#6612 = CARTESIAN_POINT('',(-4.370170592217,-2.230428571429,
    22.391042857143));
#6613 = DIRECTION('',(0.,-0.125027446277,-0.992153283358));
#6614 = DIRECTION('',(0.,-0.992153283358,0.125027446277));
#6615 = ADVANCED_FACE('',(#6616),#6634,.T.);
#6616 = FACE_BOUND('',#6617,.T.);
#6617 = EDGE_LOOP('',(#6618,#6619,#6620,#6628));
#6618 = ORIENTED_EDGE('',*,*,#1869,.T.);
#6619 = ORIENTED_EDGE('',*,*,#6605,.T.);
#6620 = ORIENTED_EDGE('',*,*,#6621,.T.);
#6621 = EDGE_CURVE('',#6598,#6622,#6624,.T.);
#6622 = VERTEX_POINT('',#6623);
#6623 = CARTESIAN_POINT('',(-3.770170592217,-2.704,22.3968));
#6624 = LINE('',#6625,#6626);
#6625 = CARTESIAN_POINT('',(-3.770170592217,-2.276114285714,22.3968));
#6626 = VECTOR('',#6627,1.);
#6627 = DIRECTION('',(0.,-1.,0.));
#6628 = ORIENTED_EDGE('',*,*,#6629,.F.);
#6629 = EDGE_CURVE('',#1862,#6622,#6630,.T.);
#6630 = LINE('',#6631,#6632);
#6631 = CARTESIAN_POINT('',(-4.370170592217,-2.704,22.3968));
#6632 = VECTOR('',#6633,1.);
#6633 = DIRECTION('',(1.,0.,0.));
#6634 = PLANE('',#6635);
#6635 = AXIS2_PLACEMENT_3D('',#6636,#6637,#6638);
#6636 = CARTESIAN_POINT('',(-4.370170592217,-2.276114285714,22.3968));
#6637 = DIRECTION('',(0.,0.,-1.));
#6638 = DIRECTION('',(0.,-1.,0.));
#6639 = ADVANCED_FACE('',(#6640),#6658,.T.);
#6640 = FACE_BOUND('',#6641,.T.);
#6641 = EDGE_LOOP('',(#6642,#6643,#6644,#6652));
#6642 = ORIENTED_EDGE('',*,*,#1861,.T.);
#6643 = ORIENTED_EDGE('',*,*,#6629,.T.);
#6644 = ORIENTED_EDGE('',*,*,#6645,.T.);
#6645 = EDGE_CURVE('',#6622,#6646,#6648,.T.);
#6646 = VERTEX_POINT('',#6647);
#6647 = CARTESIAN_POINT('',(-3.770170592217,-2.761014285714,
    22.391042857143));
#6648 = LINE('',#6649,#6650);
#6649 = CARTESIAN_POINT('',(-3.770170592217,-2.704,22.3968));
#6650 = VECTOR('',#6651,1.);
#6651 = DIRECTION('',(0.,-0.994940461748,-0.100466300698));
#6652 = ORIENTED_EDGE('',*,*,#6653,.F.);
#6653 = EDGE_CURVE('',#1854,#6646,#6654,.T.);
#6654 = LINE('',#6655,#6656);
#6655 = CARTESIAN_POINT('',(-4.370170592217,-2.761014285714,
    22.391042857143));
#6656 = VECTOR('',#6657,1.);
#6657 = DIRECTION('',(1.,0.,0.));
#6658 = PLANE('',#6659);
#6659 = AXIS2_PLACEMENT_3D('',#6660,#6661,#6662);
#6660 = CARTESIAN_POINT('',(-4.370170592217,-2.704,22.3968));
#6661 = DIRECTION('',(0.,0.100466300698,-0.994940461748));
#6662 = DIRECTION('',(0.,-0.994940461748,-0.100466300698));
#6663 = ADVANCED_FACE('',(#6664),#6682,.T.);
#6664 = FACE_BOUND('',#6665,.T.);
#6665 = EDGE_LOOP('',(#6666,#6667,#6668,#6676));
#6666 = ORIENTED_EDGE('',*,*,#1853,.T.);
#6667 = ORIENTED_EDGE('',*,*,#6653,.T.);
#6668 = ORIENTED_EDGE('',*,*,#6669,.T.);
#6669 = EDGE_CURVE('',#6646,#6670,#6672,.T.);
#6670 = VERTEX_POINT('',#6671);
#6671 = CARTESIAN_POINT('',(-3.770170592217,-2.8067,22.385471428571));
#6672 = LINE('',#6673,#6674);
#6673 = CARTESIAN_POINT('',(-3.770170592217,-2.761014285714,
    22.391042857143));
#6674 = VECTOR('',#6675,1.);
#6675 = DIRECTION('',(0.,-0.992645877551,-0.121054375311));
#6676 = ORIENTED_EDGE('',*,*,#6677,.F.);
#6677 = EDGE_CURVE('',#1846,#6670,#6678,.T.);
#6678 = LINE('',#6679,#6680);
#6679 = CARTESIAN_POINT('',(-4.370170592217,-2.8067,22.385471428571));
#6680 = VECTOR('',#6681,1.);
#6681 = DIRECTION('',(1.,0.,0.));
#6682 = PLANE('',#6683);
#6683 = AXIS2_PLACEMENT_3D('',#6684,#6685,#6686);
#6684 = CARTESIAN_POINT('',(-4.370170592217,-2.761014285714,
    22.391042857143));
#6685 = DIRECTION('',(0.,0.121054375311,-0.992645877551));
#6686 = DIRECTION('',(0.,-0.992645877551,-0.121054375311));
#6687 = ADVANCED_FACE('',(#6688),#6706,.T.);
#6688 = FACE_BOUND('',#6689,.T.);
#6689 = EDGE_LOOP('',(#6690,#6691,#6692,#6700));
#6690 = ORIENTED_EDGE('',*,*,#1845,.T.);
#6691 = ORIENTED_EDGE('',*,*,#6677,.T.);
#6692 = ORIENTED_EDGE('',*,*,#6693,.T.);
#6693 = EDGE_CURVE('',#6670,#6694,#6696,.T.);
#6694 = VERTEX_POINT('',#6695);
#6695 = CARTESIAN_POINT('',(-3.770170592217,-2.840871428571,
    22.379714285714));
#6696 = LINE('',#6697,#6698);
#6697 = CARTESIAN_POINT('',(-3.770170592217,-2.8067,22.385471428571));
#6698 = VECTOR('',#6699,1.);
#6699 = DIRECTION('',(0.,-0.98610270304,-0.166136868447));
#6700 = ORIENTED_EDGE('',*,*,#6701,.F.);
#6701 = EDGE_CURVE('',#1838,#6694,#6702,.T.);
#6702 = LINE('',#6703,#6704);
#6703 = CARTESIAN_POINT('',(-4.370170592217,-2.840871428571,
    22.379714285714));
#6704 = VECTOR('',#6705,1.);
#6705 = DIRECTION('',(1.,0.,0.));
#6706 = PLANE('',#6707);
#6707 = AXIS2_PLACEMENT_3D('',#6708,#6709,#6710);
#6708 = CARTESIAN_POINT('',(-4.370170592217,-2.8067,22.385471428571));
#6709 = DIRECTION('',(0.,0.166136868447,-0.98610270304));
#6710 = DIRECTION('',(0.,-0.98610270304,-0.166136868447));
#6711 = ADVANCED_FACE('',(#6712),#6730,.T.);
#6712 = FACE_BOUND('',#6713,.T.);
#6713 = EDGE_LOOP('',(#6714,#6715,#6716,#6724));
#6714 = ORIENTED_EDGE('',*,*,#1837,.T.);
#6715 = ORIENTED_EDGE('',*,*,#6701,.T.);
#6716 = ORIENTED_EDGE('',*,*,#6717,.T.);
#6717 = EDGE_CURVE('',#6694,#6718,#6720,.T.);
#6718 = VERTEX_POINT('',#6719);
#6719 = CARTESIAN_POINT('',(-3.770170592217,-2.8808,22.3682));
#6720 = LINE('',#6721,#6722);
#6721 = CARTESIAN_POINT('',(-3.770170592217,-2.840871428571,
    22.379714285714));
#6722 = VECTOR('',#6723,1.);
#6723 = DIRECTION('',(0.,-0.960846474829,-0.27708130902));
#6724 = ORIENTED_EDGE('',*,*,#6725,.F.);
#6725 = EDGE_CURVE('',#1830,#6718,#6726,.T.);
#6726 = LINE('',#6727,#6728);
#6727 = CARTESIAN_POINT('',(-4.370170592217,-2.8808,22.3682));
#6728 = VECTOR('',#6729,1.);
#6729 = DIRECTION('',(1.,0.,0.));
#6730 = PLANE('',#6731);
#6731 = AXIS2_PLACEMENT_3D('',#6732,#6733,#6734);
#6732 = CARTESIAN_POINT('',(-4.370170592217,-2.840871428571,
    22.379714285714));
#6733 = DIRECTION('',(0.,0.27708130902,-0.960846474829));
#6734 = DIRECTION('',(0.,-0.960846474829,-0.27708130902));
#6735 = ADVANCED_FACE('',(#6736),#6754,.T.);
#6736 = FACE_BOUND('',#6737,.T.);
#6737 = EDGE_LOOP('',(#6738,#6739,#6740,#6748));
#6738 = ORIENTED_EDGE('',*,*,#1829,.T.);
#6739 = ORIENTED_EDGE('',*,*,#6725,.T.);
#6740 = ORIENTED_EDGE('',*,*,#6741,.T.);
#6741 = EDGE_CURVE('',#6718,#6742,#6744,.T.);
#6742 = VERTEX_POINT('',#6743);
#6743 = CARTESIAN_POINT('',(-3.770170592217,-2.938,22.345542857143));
#6744 = LINE('',#6745,#6746);
#6745 = CARTESIAN_POINT('',(-3.770170592217,-2.8808,22.3682));
#6746 = VECTOR('',#6747,1.);
#6747 = DIRECTION('',(0.,-0.929720504504,-0.368265914122));
#6748 = ORIENTED_EDGE('',*,*,#6749,.F.);
#6749 = EDGE_CURVE('',#1822,#6742,#6750,.T.);
#6750 = LINE('',#6751,#6752);
#6751 = CARTESIAN_POINT('',(-4.370170592217,-2.938,22.345542857143));
#6752 = VECTOR('',#6753,1.);
#6753 = DIRECTION('',(1.,0.,0.));
#6754 = PLANE('',#6755);
#6755 = AXIS2_PLACEMENT_3D('',#6756,#6757,#6758);
#6756 = CARTESIAN_POINT('',(-4.370170592217,-2.8808,22.3682));
#6757 = DIRECTION('',(0.,0.368265914122,-0.929720504504));
#6758 = DIRECTION('',(0.,-0.929720504504,-0.368265914122));
#6759 = ADVANCED_FACE('',(#6760),#6778,.T.);
#6760 = FACE_BOUND('',#6761,.T.);
#6761 = EDGE_LOOP('',(#6762,#6763,#6764,#6772));
#6762 = ORIENTED_EDGE('',*,*,#1821,.T.);
#6763 = ORIENTED_EDGE('',*,*,#6749,.T.);
#6764 = ORIENTED_EDGE('',*,*,#6765,.T.);
#6765 = EDGE_CURVE('',#6742,#6766,#6768,.T.);
#6766 = VERTEX_POINT('',#6767);
#6767 = CARTESIAN_POINT('',(-3.770170592217,-2.972171428571,
    22.328271428571));
#6768 = LINE('',#6769,#6770);
#6769 = CARTESIAN_POINT('',(-3.770170592217,-2.938,22.345542857143));
#6770 = VECTOR('',#6771,1.);
#6771 = DIRECTION('',(0.,-0.892478602936,-0.451089728658));
#6772 = ORIENTED_EDGE('',*,*,#6773,.F.);
#6773 = EDGE_CURVE('',#1814,#6766,#6774,.T.);
#6774 = LINE('',#6775,#6776);
#6775 = CARTESIAN_POINT('',(-4.370170592217,-2.972171428571,
    22.328271428571));
#6776 = VECTOR('',#6777,1.);
#6777 = DIRECTION('',(1.,0.,0.));
#6778 = PLANE('',#6779);
#6779 = AXIS2_PLACEMENT_3D('',#6780,#6781,#6782);
#6780 = CARTESIAN_POINT('',(-4.370170592217,-2.938,22.345542857143));
#6781 = DIRECTION('',(0.,0.451089728658,-0.892478602936));
#6782 = DIRECTION('',(0.,-0.892478602936,-0.451089728658));
#6783 = ADVANCED_FACE('',(#6784),#6802,.T.);
#6784 = FACE_BOUND('',#6785,.T.);
#6785 = EDGE_LOOP('',(#6786,#6787,#6788,#6796));
#6786 = ORIENTED_EDGE('',*,*,#1813,.T.);
#6787 = ORIENTED_EDGE('',*,*,#6773,.T.);
#6788 = ORIENTED_EDGE('',*,*,#6789,.T.);
#6789 = EDGE_CURVE('',#6766,#6790,#6792,.T.);
#6790 = VERTEX_POINT('',#6791);
#6791 = CARTESIAN_POINT('',(-3.770170592217,-3.006342857143,
    22.311185714286));
#6792 = LINE('',#6793,#6794);
#6793 = CARTESIAN_POINT('',(-3.770170592217,-2.972171428571,
    22.328271428571));
#6794 = VECTOR('',#6795,1.);
#6795 = DIRECTION('',(0.,-0.894427191,-0.4472135955));
#6796 = ORIENTED_EDGE('',*,*,#6797,.F.);
#6797 = EDGE_CURVE('',#1806,#6790,#6798,.T.);
#6798 = LINE('',#6799,#6800);
#6799 = CARTESIAN_POINT('',(-4.370170592217,-3.006342857143,
    22.311185714286));
#6800 = VECTOR('',#6801,1.);
#6801 = DIRECTION('',(1.,0.,0.));
#6802 = PLANE('',#6803);
#6803 = AXIS2_PLACEMENT_3D('',#6804,#6805,#6806);
#6804 = CARTESIAN_POINT('',(-4.370170592217,-2.972171428571,
    22.328271428571));
#6805 = DIRECTION('',(0.,0.4472135955,-0.894427191));
#6806 = DIRECTION('',(0.,-0.894427191,-0.4472135955));
#6807 = ADVANCED_FACE('',(#6808),#6826,.T.);
#6808 = FACE_BOUND('',#6809,.T.);
#6809 = EDGE_LOOP('',(#6810,#6811,#6812,#6820));
#6810 = ORIENTED_EDGE('',*,*,#1805,.T.);
#6811 = ORIENTED_EDGE('',*,*,#6797,.T.);
#6812 = ORIENTED_EDGE('',*,*,#6813,.T.);
#6813 = EDGE_CURVE('',#6790,#6814,#6816,.T.);
#6814 = VERTEX_POINT('',#6815);
#6815 = CARTESIAN_POINT('',(-3.770170592217,-3.063357142857,
    22.271257142857));
#6816 = LINE('',#6817,#6818);
#6817 = CARTESIAN_POINT('',(-3.770170592217,-3.006342857143,
    22.311185714286));
#6818 = VECTOR('',#6819,1.);
#6819 = DIRECTION('',(0.,-0.819106553991,-0.573641397746));
#6820 = ORIENTED_EDGE('',*,*,#6821,.F.);
#6821 = EDGE_CURVE('',#1798,#6814,#6822,.T.);
#6822 = LINE('',#6823,#6824);
#6823 = CARTESIAN_POINT('',(-4.370170592217,-3.063357142857,
    22.271257142857));
#6824 = VECTOR('',#6825,1.);
#6825 = DIRECTION('',(1.,0.,0.));
#6826 = PLANE('',#6827);
#6827 = AXIS2_PLACEMENT_3D('',#6828,#6829,#6830);
#6828 = CARTESIAN_POINT('',(-4.370170592217,-3.006342857143,
    22.311185714286));
#6829 = DIRECTION('',(0.,0.573641397746,-0.819106553991));
#6830 = DIRECTION('',(0.,-0.819106553991,-0.573641397746));
#6831 = ADVANCED_FACE('',(#6832),#6850,.T.);
#6832 = FACE_BOUND('',#6833,.T.);
#6833 = EDGE_LOOP('',(#6834,#6835,#6836,#6844));
#6834 = ORIENTED_EDGE('',*,*,#1797,.T.);
#6835 = ORIENTED_EDGE('',*,*,#6821,.T.);
#6836 = ORIENTED_EDGE('',*,*,#6837,.T.);
#6837 = EDGE_CURVE('',#6814,#6838,#6840,.T.);
#6838 = VERTEX_POINT('',#6839);
#6839 = CARTESIAN_POINT('',(-3.770170592217,-3.109042857143,
    22.225571428571));
#6840 = LINE('',#6841,#6842);
#6841 = CARTESIAN_POINT('',(-3.770170592217,-3.063357142857,
    22.271257142857));
#6842 = VECTOR('',#6843,1.);
#6843 = DIRECTION('',(0.,-0.707106781187,-0.707106781187));
#6844 = ORIENTED_EDGE('',*,*,#6845,.F.);
#6845 = EDGE_CURVE('',#1790,#6838,#6846,.T.);
#6846 = LINE('',#6847,#6848);
#6847 = CARTESIAN_POINT('',(-4.370170592217,-3.109042857143,
    22.225571428571));
#6848 = VECTOR('',#6849,1.);
#6849 = DIRECTION('',(1.,0.,0.));
#6850 = PLANE('',#6851);
#6851 = AXIS2_PLACEMENT_3D('',#6852,#6853,#6854);
#6852 = CARTESIAN_POINT('',(-4.370170592217,-3.063357142857,
    22.271257142857));
#6853 = DIRECTION('',(0.,0.707106781187,-0.707106781187));
#6854 = DIRECTION('',(0.,-0.707106781187,-0.707106781187));
#6855 = ADVANCED_FACE('',(#6856),#6874,.T.);
#6856 = FACE_BOUND('',#6857,.T.);
#6857 = EDGE_LOOP('',(#6858,#6859,#6860,#6868));
#6858 = ORIENTED_EDGE('',*,*,#1789,.T.);
#6859 = ORIENTED_EDGE('',*,*,#6845,.T.);
#6860 = ORIENTED_EDGE('',*,*,#6861,.T.);
#6861 = EDGE_CURVE('',#6838,#6862,#6864,.T.);
#6862 = VERTEX_POINT('',#6863);
#6863 = CARTESIAN_POINT('',(-3.770170592217,-3.154728571429,
    22.174314285714));
#6864 = LINE('',#6865,#6866);
#6865 = CARTESIAN_POINT('',(-3.770170592217,-3.109042857143,
    22.225571428571));
#6866 = VECTOR('',#6867,1.);
#6867 = DIRECTION('',(0.,-0.665370524754,-0.746513271676));
#6868 = ORIENTED_EDGE('',*,*,#6869,.F.);
#6869 = EDGE_CURVE('',#1782,#6862,#6870,.T.);
#6870 = LINE('',#6871,#6872);
#6871 = CARTESIAN_POINT('',(-4.370170592217,-3.154728571429,
    22.174314285714));
#6872 = VECTOR('',#6873,1.);
#6873 = DIRECTION('',(1.,0.,0.));
#6874 = PLANE('',#6875);
#6875 = AXIS2_PLACEMENT_3D('',#6876,#6877,#6878);
#6876 = CARTESIAN_POINT('',(-4.370170592217,-3.109042857143,
    22.225571428571));
#6877 = DIRECTION('',(0.,0.746513271676,-0.665370524754));
#6878 = DIRECTION('',(0.,-0.665370524754,-0.746513271676));
#6879 = ADVANCED_FACE('',(#6880),#6898,.T.);
#6880 = FACE_BOUND('',#6881,.T.);
#6881 = EDGE_LOOP('',(#6882,#6883,#6884,#6892));
#6882 = ORIENTED_EDGE('',*,*,#1781,.T.);
#6883 = ORIENTED_EDGE('',*,*,#6869,.T.);
#6884 = ORIENTED_EDGE('',*,*,#6885,.T.);
#6885 = EDGE_CURVE('',#6862,#6886,#6888,.T.);
#6886 = VERTEX_POINT('',#6887);
#6887 = CARTESIAN_POINT('',(-3.770170592217,-3.1889,22.122871428571));
#6888 = LINE('',#6889,#6890);
#6889 = CARTESIAN_POINT('',(-3.770170592217,-3.154728571429,
    22.174314285714));
#6890 = VECTOR('',#6891,1.);
#6891 = DIRECTION('',(0.,-0.553311519375,-0.832974406886));
#6892 = ORIENTED_EDGE('',*,*,#6893,.F.);
#6893 = EDGE_CURVE('',#1774,#6886,#6894,.T.);
#6894 = LINE('',#6895,#6896);
#6895 = CARTESIAN_POINT('',(-4.370170592217,-3.1889,22.122871428571));
#6896 = VECTOR('',#6897,1.);
#6897 = DIRECTION('',(1.,0.,0.));
#6898 = PLANE('',#6899);
#6899 = AXIS2_PLACEMENT_3D('',#6900,#6901,#6902);
#6900 = CARTESIAN_POINT('',(-4.370170592217,-3.154728571429,
    22.174314285714));
#6901 = DIRECTION('',(0.,0.832974406886,-0.553311519375));
#6902 = DIRECTION('',(0.,-0.553311519375,-0.832974406886));
#6903 = ADVANCED_FACE('',(#6904),#6922,.T.);
#6904 = FACE_BOUND('',#6905,.T.);
#6905 = EDGE_LOOP('',(#6906,#6907,#6908,#6916));
#6906 = ORIENTED_EDGE('',*,*,#1773,.T.);
#6907 = ORIENTED_EDGE('',*,*,#6893,.T.);
#6908 = ORIENTED_EDGE('',*,*,#6909,.T.);
#6909 = EDGE_CURVE('',#6886,#6910,#6912,.T.);
#6910 = VERTEX_POINT('',#6911);
#6911 = CARTESIAN_POINT('',(-3.770170592217,-3.211742857143,22.0887));
#6912 = LINE('',#6913,#6914);
#6913 = CARTESIAN_POINT('',(-3.770170592217,-3.1889,22.122871428571));
#6914 = VECTOR('',#6915,1.);
#6915 = DIRECTION('',(0.,-0.555742429414,-0.831354528555));
#6916 = ORIENTED_EDGE('',*,*,#6917,.F.);
#6917 = EDGE_CURVE('',#1766,#6910,#6918,.T.);
#6918 = LINE('',#6919,#6920);
#6919 = CARTESIAN_POINT('',(-4.370170592217,-3.211742857143,22.0887));
#6920 = VECTOR('',#6921,1.);
#6921 = DIRECTION('',(1.,0.,0.));
#6922 = PLANE('',#6923);
#6923 = AXIS2_PLACEMENT_3D('',#6924,#6925,#6926);
#6924 = CARTESIAN_POINT('',(-4.370170592217,-3.1889,22.122871428571));
#6925 = DIRECTION('',(0.,0.831354528555,-0.555742429414));
#6926 = DIRECTION('',(0.,-0.555742429414,-0.831354528555));
#6927 = ADVANCED_FACE('',(#6928),#6946,.T.);
#6928 = FACE_BOUND('',#6929,.T.);
#6929 = EDGE_LOOP('',(#6930,#6931,#6932,#6940));
#6930 = ORIENTED_EDGE('',*,*,#1765,.T.);
#6931 = ORIENTED_EDGE('',*,*,#6917,.T.);
#6932 = ORIENTED_EDGE('',*,*,#6933,.T.);
#6933 = EDGE_CURVE('',#6910,#6934,#6936,.T.);
#6934 = VERTEX_POINT('',#6935);
#6935 = CARTESIAN_POINT('',(-3.770170592217,-3.223257142857,
    22.054528571429));
#6936 = LINE('',#6937,#6938);
#6937 = CARTESIAN_POINT('',(-3.770170592217,-3.211742857143,22.0887));
#6938 = VECTOR('',#6939,1.);
#6939 = DIRECTION('',(0.,-0.319316245627,-0.947648212829));
#6940 = ORIENTED_EDGE('',*,*,#6941,.F.);
#6941 = EDGE_CURVE('',#1758,#6934,#6942,.T.);
#6942 = LINE('',#6943,#6944);
#6943 = CARTESIAN_POINT('',(-4.370170592217,-3.223257142857,
    22.054528571429));
#6944 = VECTOR('',#6945,1.);
#6945 = DIRECTION('',(1.,0.,0.));
#6946 = PLANE('',#6947);
#6947 = AXIS2_PLACEMENT_3D('',#6948,#6949,#6950);
#6948 = CARTESIAN_POINT('',(-4.370170592217,-3.211742857143,22.0887));
#6949 = DIRECTION('',(0.,0.947648212829,-0.319316245627));
#6950 = DIRECTION('',(0.,-0.319316245627,-0.947648212829));
#6951 = ADVANCED_FACE('',(#6952),#6970,.T.);
#6952 = FACE_BOUND('',#6953,.T.);
#6953 = EDGE_LOOP('',(#6954,#6955,#6956,#6964));
#6954 = ORIENTED_EDGE('',*,*,#1757,.T.);
#6955 = ORIENTED_EDGE('',*,*,#6941,.T.);
#6956 = ORIENTED_EDGE('',*,*,#6957,.T.);
#6957 = EDGE_CURVE('',#6934,#6958,#6960,.T.);
#6958 = VERTEX_POINT('',#6959);
#6959 = CARTESIAN_POINT('',(-3.770170592217,-3.245914285714,
    22.003085714286));
#6960 = LINE('',#6961,#6962);
#6961 = CARTESIAN_POINT('',(-3.770170592217,-3.223257142857,
    22.054528571429));
#6962 = VECTOR('',#6963,1.);
#6963 = DIRECTION('',(0.,-0.403070745111,-0.915168822915));
#6964 = ORIENTED_EDGE('',*,*,#6965,.F.);
#6965 = EDGE_CURVE('',#1750,#6958,#6966,.T.);
#6966 = LINE('',#6967,#6968);
#6967 = CARTESIAN_POINT('',(-4.370170592217,-3.245914285714,
    22.003085714286));
#6968 = VECTOR('',#6969,1.);
#6969 = DIRECTION('',(1.,0.,0.));
#6970 = PLANE('',#6971);
#6971 = AXIS2_PLACEMENT_3D('',#6972,#6973,#6974);
#6972 = CARTESIAN_POINT('',(-4.370170592217,-3.223257142857,
    22.054528571429));
#6973 = DIRECTION('',(0.,0.915168822915,-0.403070745111));
#6974 = DIRECTION('',(0.,-0.403070745111,-0.915168822915));
#6975 = ADVANCED_FACE('',(#6976),#6994,.T.);
#6976 = FACE_BOUND('',#6977,.T.);
#6977 = EDGE_LOOP('',(#6978,#6979,#6980,#6988));
#6978 = ORIENTED_EDGE('',*,*,#1749,.T.);
#6979 = ORIENTED_EDGE('',*,*,#6965,.T.);
#6980 = ORIENTED_EDGE('',*,*,#6981,.T.);
#6981 = EDGE_CURVE('',#6958,#6982,#6984,.T.);
#6982 = VERTEX_POINT('',#6983);
#6983 = CARTESIAN_POINT('',(-3.770170592217,-3.263185714286,
    21.946071428571));
#6984 = LINE('',#6985,#6986);
#6985 = CARTESIAN_POINT('',(-3.770170592217,-3.245914285714,
    22.003085714286));
#6986 = VECTOR('',#6987,1.);
#6987 = DIRECTION('',(0.,-0.289920871686,-0.957050619435));
#6988 = ORIENTED_EDGE('',*,*,#6989,.F.);
#6989 = EDGE_CURVE('',#1742,#6982,#6990,.T.);
#6990 = LINE('',#6991,#6992);
#6991 = CARTESIAN_POINT('',(-4.370170592217,-3.263185714286,
    21.946071428571));
#6992 = VECTOR('',#6993,1.);
#6993 = DIRECTION('',(1.,0.,0.));
#6994 = PLANE('',#6995);
#6995 = AXIS2_PLACEMENT_3D('',#6996,#6997,#6998);
#6996 = CARTESIAN_POINT('',(-4.370170592217,-3.245914285714,
    22.003085714286));
#6997 = DIRECTION('',(0.,0.957050619435,-0.289920871686));
#6998 = DIRECTION('',(0.,-0.289920871686,-0.957050619435));
#6999 = ADVANCED_FACE('',(#7000),#7018,.T.);
#7000 = FACE_BOUND('',#7001,.T.);
#7001 = EDGE_LOOP('',(#7002,#7003,#7004,#7012));
#7002 = ORIENTED_EDGE('',*,*,#1741,.T.);
#7003 = ORIENTED_EDGE('',*,*,#6989,.T.);
#7004 = ORIENTED_EDGE('',*,*,#7005,.T.);
#7005 = EDGE_CURVE('',#6982,#7006,#7008,.T.);
#7006 = VERTEX_POINT('',#7007);
#7007 = CARTESIAN_POINT('',(-3.770170592217,-3.268757142857,
    21.900385714286));
#7008 = LINE('',#7009,#7010);
#7009 = CARTESIAN_POINT('',(-3.770170592217,-3.263185714286,
    21.946071428571));
#7010 = VECTOR('',#7011,1.);
#7011 = DIRECTION('',(0.,-0.121054375311,-0.992645877551));
#7012 = ORIENTED_EDGE('',*,*,#7013,.F.);
#7013 = EDGE_CURVE('',#1734,#7006,#7014,.T.);
#7014 = LINE('',#7015,#7016);
#7015 = CARTESIAN_POINT('',(-4.370170592217,-3.268757142857,
    21.900385714286));
#7016 = VECTOR('',#7017,1.);
#7017 = DIRECTION('',(1.,0.,0.));
#7018 = PLANE('',#7019);
#7019 = AXIS2_PLACEMENT_3D('',#7020,#7021,#7022);
#7020 = CARTESIAN_POINT('',(-4.370170592217,-3.263185714286,
    21.946071428571));
#7021 = DIRECTION('',(0.,0.992645877551,-0.121054375311));
#7022 = DIRECTION('',(0.,-0.121054375311,-0.992645877551));
#7023 = ADVANCED_FACE('',(#7024),#7042,.T.);
#7024 = FACE_BOUND('',#7025,.T.);
#7025 = EDGE_LOOP('',(#7026,#7027,#7028,#7036));
#7026 = ORIENTED_EDGE('',*,*,#1733,.T.);
#7027 = ORIENTED_EDGE('',*,*,#7013,.T.);
#7028 = ORIENTED_EDGE('',*,*,#7029,.T.);
#7029 = EDGE_CURVE('',#7006,#7030,#7032,.T.);
#7030 = VERTEX_POINT('',#7031);
#7031 = CARTESIAN_POINT('',(-3.770170592217,-3.274514285714,
    21.837614285714));
#7032 = LINE('',#7033,#7034);
#7033 = CARTESIAN_POINT('',(-3.770170592217,-3.268757142857,
    21.900385714286));
#7034 = VECTOR('',#7035,1.);
#7035 = DIRECTION('',(0.,-9.133264387955E-02,-0.995820439719));
#7036 = ORIENTED_EDGE('',*,*,#7037,.F.);
#7037 = EDGE_CURVE('',#1726,#7030,#7038,.T.);
#7038 = LINE('',#7039,#7040);
#7039 = CARTESIAN_POINT('',(-4.370170592217,-3.274514285714,
    21.837614285714));
#7040 = VECTOR('',#7041,1.);
#7041 = DIRECTION('',(1.,0.,0.));
#7042 = PLANE('',#7043);
#7043 = AXIS2_PLACEMENT_3D('',#7044,#7045,#7046);
#7044 = CARTESIAN_POINT('',(-4.370170592217,-3.268757142857,
    21.900385714286));
#7045 = DIRECTION('',(0.,0.995820439719,-9.133264387955E-02));
#7046 = DIRECTION('',(0.,-9.133264387955E-02,-0.995820439719));
#7047 = ADVANCED_FACE('',(#7048),#7066,.T.);
#7048 = FACE_BOUND('',#7049,.T.);
#7049 = EDGE_LOOP('',(#7050,#7051,#7052,#7060));
#7050 = ORIENTED_EDGE('',*,*,#1725,.T.);
#7051 = ORIENTED_EDGE('',*,*,#7037,.T.);
#7052 = ORIENTED_EDGE('',*,*,#7053,.T.);
#7053 = EDGE_CURVE('',#7030,#7054,#7056,.T.);
#7054 = VERTEX_POINT('',#7055);
#7055 = CARTESIAN_POINT('',(-3.770170592217,-3.274514285714,
    18.973714285714));
#7056 = LINE('',#7057,#7058);
#7057 = CARTESIAN_POINT('',(-3.770170592217,-3.274514285714,
    21.837614285714));
#7058 = VECTOR('',#7059,1.);
#7059 = DIRECTION('',(0.,0.,-1.));
#7060 = ORIENTED_EDGE('',*,*,#7061,.F.);
#7061 = EDGE_CURVE('',#1718,#7054,#7062,.T.);
#7062 = LINE('',#7063,#7064);
#7063 = CARTESIAN_POINT('',(-4.370170592217,-3.274514285714,
    18.973714285714));
#7064 = VECTOR('',#7065,1.);
#7065 = DIRECTION('',(1.,0.,0.));
#7066 = PLANE('',#7067);
#7067 = AXIS2_PLACEMENT_3D('',#7068,#7069,#7070);
#7068 = CARTESIAN_POINT('',(-4.370170592217,-3.274514285714,
    21.837614285714));
#7069 = DIRECTION('',(-0.,1.,0.));
#7070 = DIRECTION('',(0.,0.,-1.));
#7071 = ADVANCED_FACE('',(#7072),#7090,.T.);
#7072 = FACE_BOUND('',#7073,.T.);
#7073 = EDGE_LOOP('',(#7074,#7075,#7076,#7084));
#7074 = ORIENTED_EDGE('',*,*,#1717,.T.);
#7075 = ORIENTED_EDGE('',*,*,#7061,.T.);
#7076 = ORIENTED_EDGE('',*,*,#7077,.T.);
#7077 = EDGE_CURVE('',#7054,#7078,#7080,.T.);
#7078 = VERTEX_POINT('',#7079);
#7079 = CARTESIAN_POINT('',(-3.770170592217,-3.713728571429,
    18.973714285714));
#7080 = LINE('',#7081,#7082);
#7081 = CARTESIAN_POINT('',(-3.770170592217,-3.274514285714,
    18.973714285714));
#7082 = VECTOR('',#7083,1.);
#7083 = DIRECTION('',(0.,-1.,0.));
#7084 = ORIENTED_EDGE('',*,*,#7085,.F.);
#7085 = EDGE_CURVE('',#1710,#7078,#7086,.T.);
#7086 = LINE('',#7087,#7088);
#7087 = CARTESIAN_POINT('',(-4.370170592217,-3.713728571429,
    18.973714285714));
#7088 = VECTOR('',#7089,1.);
#7089 = DIRECTION('',(1.,0.,0.));
#7090 = PLANE('',#7091);
#7091 = AXIS2_PLACEMENT_3D('',#7092,#7093,#7094);
#7092 = CARTESIAN_POINT('',(-4.370170592217,-3.274514285714,
    18.973714285714));
#7093 = DIRECTION('',(0.,0.,-1.));
#7094 = DIRECTION('',(0.,-1.,0.));
#7095 = ADVANCED_FACE('',(#7096),#7114,.T.);
#7096 = FACE_BOUND('',#7097,.T.);
#7097 = EDGE_LOOP('',(#7098,#7099,#7100,#7108));
#7098 = ORIENTED_EDGE('',*,*,#1709,.T.);
#7099 = ORIENTED_EDGE('',*,*,#7085,.T.);
#7100 = ORIENTED_EDGE('',*,*,#7101,.T.);
#7101 = EDGE_CURVE('',#7078,#7102,#7104,.T.);
#7102 = VERTEX_POINT('',#7103);
#7103 = CARTESIAN_POINT('',(-3.770170592217,-3.742328571429,
    18.967957142857));
#7104 = LINE('',#7105,#7106);
#7105 = CARTESIAN_POINT('',(-3.770170592217,-3.713728571429,
    18.973714285714));
#7106 = VECTOR('',#7107,1.);
#7107 = DIRECTION('',(0.,-0.980335072596,-0.197340176951));
#7108 = ORIENTED_EDGE('',*,*,#7109,.F.);
#7109 = EDGE_CURVE('',#1702,#7102,#7110,.T.);
#7110 = LINE('',#7111,#7112);
#7111 = CARTESIAN_POINT('',(-4.370170592217,-3.742328571429,
    18.967957142857));
#7112 = VECTOR('',#7113,1.);
#7113 = DIRECTION('',(1.,0.,0.));
#7114 = PLANE('',#7115);
#7115 = AXIS2_PLACEMENT_3D('',#7116,#7117,#7118);
#7116 = CARTESIAN_POINT('',(-4.370170592217,-3.713728571429,
    18.973714285714));
#7117 = DIRECTION('',(0.,0.197340176951,-0.980335072596));
#7118 = DIRECTION('',(0.,-0.980335072596,-0.197340176951));
#7119 = ADVANCED_FACE('',(#7120),#7138,.T.);
#7120 = FACE_BOUND('',#7121,.T.);
#7121 = EDGE_LOOP('',(#7122,#7123,#7124,#7132));
#7122 = ORIENTED_EDGE('',*,*,#1701,.T.);
#7123 = ORIENTED_EDGE('',*,*,#7109,.T.);
#7124 = ORIENTED_EDGE('',*,*,#7125,.T.);
#7125 = EDGE_CURVE('',#7102,#7126,#7128,.T.);
#7126 = VERTEX_POINT('',#7127);
#7127 = CARTESIAN_POINT('',(-3.770170592217,-3.770928571429,
    18.956628571429));
#7128 = LINE('',#7129,#7130);
#7129 = CARTESIAN_POINT('',(-3.770170592217,-3.742328571429,
    18.967957142857));
#7130 = VECTOR('',#7131,1.);
#7131 = DIRECTION('',(0.,-0.929720504504,-0.368265914122));
#7132 = ORIENTED_EDGE('',*,*,#7133,.F.);
#7133 = EDGE_CURVE('',#1694,#7126,#7134,.T.);
#7134 = LINE('',#7135,#7136);
#7135 = CARTESIAN_POINT('',(-4.370170592217,-3.770928571429,
    18.956628571429));
#7136 = VECTOR('',#7137,1.);
#7137 = DIRECTION('',(1.,0.,0.));
#7138 = PLANE('',#7139);
#7139 = AXIS2_PLACEMENT_3D('',#7140,#7141,#7142);
#7140 = CARTESIAN_POINT('',(-4.370170592217,-3.742328571429,
    18.967957142857));
#7141 = DIRECTION('',(0.,0.368265914122,-0.929720504504));
#7142 = DIRECTION('',(0.,-0.929720504504,-0.368265914122));
#7143 = ADVANCED_FACE('',(#7144),#7162,.T.);
#7144 = FACE_BOUND('',#7145,.T.);
#7145 = EDGE_LOOP('',(#7146,#7147,#7148,#7156));
#7146 = ORIENTED_EDGE('',*,*,#1693,.T.);
#7147 = ORIENTED_EDGE('',*,*,#7133,.T.);
#7148 = ORIENTED_EDGE('',*,*,#7149,.T.);
#7149 = EDGE_CURVE('',#7126,#7150,#7152,.T.);
#7150 = VERTEX_POINT('',#7151);
#7151 = CARTESIAN_POINT('',(-3.770170592217,-3.793771428571,
    18.939542857143));
#7152 = LINE('',#7153,#7154);
#7153 = CARTESIAN_POINT('',(-3.770170592217,-3.770928571429,
    18.956628571429));
#7154 = VECTOR('',#7155,1.);
#7155 = DIRECTION('',(0.,-0.80078057117,-0.598957825591));
#7156 = ORIENTED_EDGE('',*,*,#7157,.F.);
#7157 = EDGE_CURVE('',#1686,#7150,#7158,.T.);
#7158 = LINE('',#7159,#7160);
#7159 = CARTESIAN_POINT('',(-4.370170592217,-3.793771428571,
    18.939542857143));
#7160 = VECTOR('',#7161,1.);
#7161 = DIRECTION('',(1.,0.,0.));
#7162 = PLANE('',#7163);
#7163 = AXIS2_PLACEMENT_3D('',#7164,#7165,#7166);
#7164 = CARTESIAN_POINT('',(-4.370170592217,-3.770928571429,
    18.956628571429));
#7165 = DIRECTION('',(0.,0.598957825591,-0.80078057117));
#7166 = DIRECTION('',(0.,-0.80078057117,-0.598957825591));
#7167 = ADVANCED_FACE('',(#7168),#7186,.T.);
#7168 = FACE_BOUND('',#7169,.T.);
#7169 = EDGE_LOOP('',(#7170,#7171,#7172,#7180));
#7170 = ORIENTED_EDGE('',*,*,#1685,.T.);
#7171 = ORIENTED_EDGE('',*,*,#7157,.T.);
#7172 = ORIENTED_EDGE('',*,*,#7173,.T.);
#7173 = EDGE_CURVE('',#7150,#7174,#7176,.T.);
#7174 = VERTEX_POINT('',#7175);
#7175 = CARTESIAN_POINT('',(-3.770170592217,-3.810857142857,
    18.922457142857));
#7176 = LINE('',#7177,#7178);
#7177 = CARTESIAN_POINT('',(-3.770170592217,-3.793771428571,
    18.939542857143));
#7178 = VECTOR('',#7179,1.);
#7179 = DIRECTION('',(0.,-0.707106781187,-0.707106781187));
#7180 = ORIENTED_EDGE('',*,*,#7181,.F.);
#7181 = EDGE_CURVE('',#1678,#7174,#7182,.T.);
#7182 = LINE('',#7183,#7184);
#7183 = CARTESIAN_POINT('',(-4.370170592217,-3.810857142857,
    18.922457142857));
#7184 = VECTOR('',#7185,1.);
#7185 = DIRECTION('',(1.,0.,0.));
#7186 = PLANE('',#7187);
#7187 = AXIS2_PLACEMENT_3D('',#7188,#7189,#7190);
#7188 = CARTESIAN_POINT('',(-4.370170592217,-3.793771428571,
    18.939542857143));
#7189 = DIRECTION('',(0.,0.707106781187,-0.707106781187));
#7190 = DIRECTION('',(0.,-0.707106781187,-0.707106781187));
#7191 = ADVANCED_FACE('',(#7192),#7210,.T.);
#7192 = FACE_BOUND('',#7193,.T.);
#7193 = EDGE_LOOP('',(#7194,#7195,#7196,#7204));
#7194 = ORIENTED_EDGE('',*,*,#1677,.T.);
#7195 = ORIENTED_EDGE('',*,*,#7181,.T.);
#7196 = ORIENTED_EDGE('',*,*,#7197,.T.);
#7197 = EDGE_CURVE('',#7174,#7198,#7200,.T.);
#7198 = VERTEX_POINT('',#7199);
#7199 = CARTESIAN_POINT('',(-3.770170592217,-3.822185714286,
    18.905185714286));
#7200 = LINE('',#7201,#7202);
#7201 = CARTESIAN_POINT('',(-3.770170592217,-3.810857142857,
    18.922457142857));
#7202 = VECTOR('',#7203,1.);
#7203 = DIRECTION('',(0.,-0.548460032671,-0.836176771121));
#7204 = ORIENTED_EDGE('',*,*,#7205,.F.);
#7205 = EDGE_CURVE('',#1670,#7198,#7206,.T.);
#7206 = LINE('',#7207,#7208);
#7207 = CARTESIAN_POINT('',(-4.370170592217,-3.822185714286,
    18.905185714286));
#7208 = VECTOR('',#7209,1.);
#7209 = DIRECTION('',(1.,0.,0.));
#7210 = PLANE('',#7211);
#7211 = AXIS2_PLACEMENT_3D('',#7212,#7213,#7214);
#7212 = CARTESIAN_POINT('',(-4.370170592217,-3.810857142857,
    18.922457142857));
#7213 = DIRECTION('',(0.,0.836176771121,-0.548460032671));
#7214 = DIRECTION('',(0.,-0.548460032671,-0.836176771121));
#7215 = ADVANCED_FACE('',(#7216),#7234,.T.);
#7216 = FACE_BOUND('',#7217,.T.);
#7217 = EDGE_LOOP('',(#7218,#7219,#7220,#7228));
#7218 = ORIENTED_EDGE('',*,*,#1669,.T.);
#7219 = ORIENTED_EDGE('',*,*,#7205,.T.);
#7220 = ORIENTED_EDGE('',*,*,#7221,.T.);
#7221 = EDGE_CURVE('',#7198,#7222,#7224,.T.);
#7222 = VERTEX_POINT('',#7223);
#7223 = CARTESIAN_POINT('',(-3.770170592217,-3.8337,18.8881));
#7224 = LINE('',#7225,#7226);
#7225 = CARTESIAN_POINT('',(-3.770170592217,-3.822185714286,
    18.905185714286));
#7226 = VECTOR('',#7227,1.);
#7227 = DIRECTION('',(0.,-0.558853462072,-0.829266427591));
#7228 = ORIENTED_EDGE('',*,*,#7229,.F.);
#7229 = EDGE_CURVE('',#1662,#7222,#7230,.T.);
#7230 = LINE('',#7231,#7232);
#7231 = CARTESIAN_POINT('',(-4.370170592217,-3.8337,18.8881));
#7232 = VECTOR('',#7233,1.);
#7233 = DIRECTION('',(1.,0.,0.));
#7234 = PLANE('',#7235);
#7235 = AXIS2_PLACEMENT_3D('',#7236,#7237,#7238);
#7236 = CARTESIAN_POINT('',(-4.370170592217,-3.822185714286,
    18.905185714286));
#7237 = DIRECTION('',(0.,0.829266427591,-0.558853462072));
#7238 = DIRECTION('',(0.,-0.558853462072,-0.829266427591));
#7239 = ADVANCED_FACE('',(#7240),#7258,.T.);
#7240 = FACE_BOUND('',#7241,.T.);
#7241 = EDGE_LOOP('',(#7242,#7243,#7244,#7252));
#7242 = ORIENTED_EDGE('',*,*,#1661,.T.);
#7243 = ORIENTED_EDGE('',*,*,#7229,.T.);
#7244 = ORIENTED_EDGE('',*,*,#7245,.T.);
#7245 = EDGE_CURVE('',#7222,#7246,#7248,.T.);
#7246 = VERTEX_POINT('',#7247);
#7247 = CARTESIAN_POINT('',(-3.770170592217,-3.839271428571,
    18.859685714286));
#7248 = LINE('',#7249,#7250);
#7249 = CARTESIAN_POINT('',(-3.770170592217,-3.8337,18.8881));
#7250 = VECTOR('',#7251,1.);
#7251 = DIRECTION('',(0.,-0.192414460721,-0.981313749677));
#7252 = ORIENTED_EDGE('',*,*,#7253,.F.);
#7253 = EDGE_CURVE('',#1654,#7246,#7254,.T.);
#7254 = LINE('',#7255,#7256);
#7255 = CARTESIAN_POINT('',(-4.370170592217,-3.839271428571,
    18.859685714286));
#7256 = VECTOR('',#7257,1.);
#7257 = DIRECTION('',(1.,0.,0.));
#7258 = PLANE('',#7259);
#7259 = AXIS2_PLACEMENT_3D('',#7260,#7261,#7262);
#7260 = CARTESIAN_POINT('',(-4.370170592217,-3.8337,18.8881));
#7261 = DIRECTION('',(0.,0.981313749677,-0.192414460721));
#7262 = DIRECTION('',(0.,-0.192414460721,-0.981313749677));
#7263 = ADVANCED_FACE('',(#7264),#7282,.T.);
#7264 = FACE_BOUND('',#7265,.T.);
#7265 = EDGE_LOOP('',(#7266,#7267,#7268,#7276));
#7266 = ORIENTED_EDGE('',*,*,#1653,.T.);
#7267 = ORIENTED_EDGE('',*,*,#7253,.T.);
#7268 = ORIENTED_EDGE('',*,*,#7269,.T.);
#7269 = EDGE_CURVE('',#7246,#7270,#7272,.T.);
#7270 = VERTEX_POINT('',#7271);
#7271 = CARTESIAN_POINT('',(-3.770170592217,-3.845028571429,
    18.842414285714));
#7272 = LINE('',#7273,#7274);
#7273 = CARTESIAN_POINT('',(-3.770170592217,-3.839271428571,
    18.859685714286));
#7274 = VECTOR('',#7275,1.);
#7275 = DIRECTION('',(0.,-0.316227766017,-0.948683298051));
#7276 = ORIENTED_EDGE('',*,*,#7277,.F.);
#7277 = EDGE_CURVE('',#1646,#7270,#7278,.T.);
#7278 = LINE('',#7279,#7280);
#7279 = CARTESIAN_POINT('',(-4.370170592217,-3.845028571429,
    18.842414285714));
#7280 = VECTOR('',#7281,1.);
#7281 = DIRECTION('',(1.,0.,0.));
#7282 = PLANE('',#7283);
#7283 = AXIS2_PLACEMENT_3D('',#7284,#7285,#7286);
#7284 = CARTESIAN_POINT('',(-4.370170592217,-3.839271428571,
    18.859685714286));
#7285 = DIRECTION('',(0.,0.948683298051,-0.316227766017));
#7286 = DIRECTION('',(0.,-0.316227766017,-0.948683298051));
#7287 = ADVANCED_FACE('',(#7288),#7306,.T.);
#7288 = FACE_BOUND('',#7289,.T.);
#7289 = EDGE_LOOP('',(#7290,#7291,#7292,#7300));
#7290 = ORIENTED_EDGE('',*,*,#1645,.T.);
#7291 = ORIENTED_EDGE('',*,*,#7277,.T.);
#7292 = ORIENTED_EDGE('',*,*,#7293,.T.);
#7293 = EDGE_CURVE('',#7270,#7294,#7296,.T.);
#7294 = VERTEX_POINT('',#7295);
#7295 = CARTESIAN_POINT('',(-3.770170592217,-3.845028571429,
    18.528742857143));
#7296 = LINE('',#7297,#7298);
#7297 = CARTESIAN_POINT('',(-3.770170592217,-3.845028571429,
    18.842414285714));
#7298 = VECTOR('',#7299,1.);
#7299 = DIRECTION('',(0.,0.,-1.));
#7300 = ORIENTED_EDGE('',*,*,#7301,.F.);
#7301 = EDGE_CURVE('',#1638,#7294,#7302,.T.);
#7302 = LINE('',#7303,#7304);
#7303 = CARTESIAN_POINT('',(-4.370170592217,-3.845028571429,
    18.528742857143));
#7304 = VECTOR('',#7305,1.);
#7305 = DIRECTION('',(1.,0.,0.));
#7306 = PLANE('',#7307);
#7307 = AXIS2_PLACEMENT_3D('',#7308,#7309,#7310);
#7308 = CARTESIAN_POINT('',(-4.370170592217,-3.845028571429,
    18.842414285714));
#7309 = DIRECTION('',(-0.,1.,0.));
#7310 = DIRECTION('',(0.,0.,-1.));
#7311 = ADVANCED_FACE('',(#7312),#7330,.T.);
#7312 = FACE_BOUND('',#7313,.T.);
#7313 = EDGE_LOOP('',(#7314,#7315,#7316,#7324));
#7314 = ORIENTED_EDGE('',*,*,#1637,.T.);
#7315 = ORIENTED_EDGE('',*,*,#7301,.T.);
#7316 = ORIENTED_EDGE('',*,*,#7317,.T.);
#7317 = EDGE_CURVE('',#7294,#7318,#7320,.T.);
#7318 = VERTEX_POINT('',#7319);
#7319 = CARTESIAN_POINT('',(-3.770170592217,-3.839271428571,
    18.504785714286));
#7320 = LINE('',#7321,#7322);
#7321 = CARTESIAN_POINT('',(-3.770170592217,-3.845028571429,
    18.528742857143));
#7322 = VECTOR('',#7323,1.);
#7323 = DIRECTION('',(-0.,0.233658016401,-0.972318842444));
#7324 = ORIENTED_EDGE('',*,*,#7325,.F.);
#7325 = EDGE_CURVE('',#1630,#7318,#7326,.T.);
#7326 = LINE('',#7327,#7328);
#7327 = CARTESIAN_POINT('',(-4.370170592217,-3.839271428571,
    18.504785714286));
#7328 = VECTOR('',#7329,1.);
#7329 = DIRECTION('',(1.,0.,0.));
#7330 = PLANE('',#7331);
#7331 = AXIS2_PLACEMENT_3D('',#7332,#7333,#7334);
#7332 = CARTESIAN_POINT('',(-4.370170592217,-3.845028571429,
    18.528742857143));
#7333 = DIRECTION('',(-0.,0.972318842444,0.233658016401));
#7334 = DIRECTION('',(0.,0.233658016401,-0.972318842444));
#7335 = ADVANCED_FACE('',(#7336),#7354,.T.);
#7336 = FACE_BOUND('',#7337,.T.);
#7337 = EDGE_LOOP('',(#7338,#7339,#7340,#7348));
#7338 = ORIENTED_EDGE('',*,*,#1629,.T.);
#7339 = ORIENTED_EDGE('',*,*,#7325,.T.);
#7340 = ORIENTED_EDGE('',*,*,#7341,.T.);
#7341 = EDGE_CURVE('',#7318,#7342,#7344,.T.);
#7342 = VERTEX_POINT('',#7343);
#7343 = CARTESIAN_POINT('',(-3.770170592217,-3.8337,18.486957142857));
#7344 = LINE('',#7345,#7346);
#7345 = CARTESIAN_POINT('',(-3.770170592217,-3.839271428571,
    18.504785714286));
#7346 = VECTOR('',#7347,1.);
#7347 = DIRECTION('',(-0.,0.298274993136,-0.954479978035));
#7348 = ORIENTED_EDGE('',*,*,#7349,.F.);
#7349 = EDGE_CURVE('',#1622,#7342,#7350,.T.);
#7350 = LINE('',#7351,#7352);
#7351 = CARTESIAN_POINT('',(-4.370170592217,-3.8337,18.486957142857));
#7352 = VECTOR('',#7353,1.);
#7353 = DIRECTION('',(1.,0.,0.));
#7354 = PLANE('',#7355);
#7355 = AXIS2_PLACEMENT_3D('',#7356,#7357,#7358);
#7356 = CARTESIAN_POINT('',(-4.370170592217,-3.839271428571,
    18.504785714286));
#7357 = DIRECTION('',(-0.,0.954479978035,0.298274993136));
#7358 = DIRECTION('',(0.,0.298274993136,-0.954479978035));
#7359 = ADVANCED_FACE('',(#7360),#7378,.T.);
#7360 = FACE_BOUND('',#7361,.T.);
#7361 = EDGE_LOOP('',(#7362,#7363,#7364,#7372));
#7362 = ORIENTED_EDGE('',*,*,#1621,.T.);
#7363 = ORIENTED_EDGE('',*,*,#7349,.T.);
#7364 = ORIENTED_EDGE('',*,*,#7365,.T.);
#7365 = EDGE_CURVE('',#7342,#7366,#7368,.T.);
#7366 = VERTEX_POINT('',#7367);
#7367 = CARTESIAN_POINT('',(-3.770170592217,-3.822185714286,
    18.468942857143));
#7368 = LINE('',#7369,#7370);
#7369 = CARTESIAN_POINT('',(-3.770170592217,-3.8337,18.486957142857));
#7370 = VECTOR('',#7371,1.);
#7371 = DIRECTION('',(-0.,0.538560615351,-0.842586769178));
#7372 = ORIENTED_EDGE('',*,*,#7373,.F.);
#7373 = EDGE_CURVE('',#1614,#7366,#7374,.T.);
#7374 = LINE('',#7375,#7376);
#7375 = CARTESIAN_POINT('',(-4.370170592217,-3.822185714286,
    18.468942857143));
#7376 = VECTOR('',#7377,1.);
#7377 = DIRECTION('',(1.,0.,0.));
#7378 = PLANE('',#7379);
#7379 = AXIS2_PLACEMENT_3D('',#7380,#7381,#7382);
#7380 = CARTESIAN_POINT('',(-4.370170592217,-3.8337,18.486957142857));
#7381 = DIRECTION('',(-0.,0.842586769178,0.538560615351));
#7382 = DIRECTION('',(0.,0.538560615351,-0.842586769178));
#7383 = ADVANCED_FACE('',(#7384),#7402,.T.);
#7384 = FACE_BOUND('',#7385,.T.);
#7385 = EDGE_LOOP('',(#7386,#7387,#7388,#7396));
#7386 = ORIENTED_EDGE('',*,*,#1613,.T.);
#7387 = ORIENTED_EDGE('',*,*,#7373,.T.);
#7388 = ORIENTED_EDGE('',*,*,#7389,.T.);
#7389 = EDGE_CURVE('',#7366,#7390,#7392,.T.);
#7390 = VERTEX_POINT('',#7391);
#7391 = CARTESIAN_POINT('',(-3.770170592217,-3.810857142857,
    18.450928571429));
#7392 = LINE('',#7393,#7394);
#7393 = CARTESIAN_POINT('',(-3.770170592217,-3.822185714286,
    18.468942857143));
#7394 = VECTOR('',#7395,1.);
#7395 = DIRECTION('',(-0.,0.532350261781,-0.846524186767));
#7396 = ORIENTED_EDGE('',*,*,#7397,.F.);
#7397 = EDGE_CURVE('',#1606,#7390,#7398,.T.);
#7398 = LINE('',#7399,#7400);
#7399 = CARTESIAN_POINT('',(-4.370170592217,-3.810857142857,
    18.450928571429));
#7400 = VECTOR('',#7401,1.);
#7401 = DIRECTION('',(1.,0.,0.));
#7402 = PLANE('',#7403);
#7403 = AXIS2_PLACEMENT_3D('',#7404,#7405,#7406);
#7404 = CARTESIAN_POINT('',(-4.370170592217,-3.822185714286,
    18.468942857143));
#7405 = DIRECTION('',(-0.,0.846524186767,0.532350261781));
#7406 = DIRECTION('',(0.,0.532350261781,-0.846524186767));
#7407 = ADVANCED_FACE('',(#7408),#7426,.T.);
#7408 = FACE_BOUND('',#7409,.T.);
#7409 = EDGE_LOOP('',(#7410,#7411,#7412,#7420));
#7410 = ORIENTED_EDGE('',*,*,#1605,.T.);
#7411 = ORIENTED_EDGE('',*,*,#7397,.T.);
#7412 = ORIENTED_EDGE('',*,*,#7413,.T.);
#7413 = EDGE_CURVE('',#7390,#7414,#7416,.T.);
#7414 = VERTEX_POINT('',#7415);
#7415 = CARTESIAN_POINT('',(-3.770170592217,-3.799342857143,
    18.432914285714));
#7416 = LINE('',#7417,#7418);
#7417 = CARTESIAN_POINT('',(-3.770170592217,-3.810857142857,
    18.450928571429));
#7418 = VECTOR('',#7419,1.);
#7419 = DIRECTION('',(-0.,0.538560615351,-0.842586769178));
#7420 = ORIENTED_EDGE('',*,*,#7421,.F.);
#7421 = EDGE_CURVE('',#1598,#7414,#7422,.T.);
#7422 = LINE('',#7423,#7424);
#7423 = CARTESIAN_POINT('',(-4.370170592217,-3.799342857143,
    18.432914285714));
#7424 = VECTOR('',#7425,1.);
#7425 = DIRECTION('',(1.,0.,0.));
#7426 = PLANE('',#7427);
#7427 = AXIS2_PLACEMENT_3D('',#7428,#7429,#7430);
#7428 = CARTESIAN_POINT('',(-4.370170592217,-3.810857142857,
    18.450928571429));
#7429 = DIRECTION('',(-0.,0.842586769178,0.538560615351));
#7430 = DIRECTION('',(0.,0.538560615351,-0.842586769178));
#7431 = ADVANCED_FACE('',(#7432),#7450,.T.);
#7432 = FACE_BOUND('',#7433,.T.);
#7433 = EDGE_LOOP('',(#7434,#7435,#7436,#7444));
#7434 = ORIENTED_EDGE('',*,*,#1597,.T.);
#7435 = ORIENTED_EDGE('',*,*,#7421,.T.);
#7436 = ORIENTED_EDGE('',*,*,#7437,.T.);
#7437 = EDGE_CURVE('',#7414,#7438,#7440,.T.);
#7438 = VERTEX_POINT('',#7439);
#7439 = CARTESIAN_POINT('',(-3.770170592217,-3.782257142857,
    18.421028571429));
#7440 = LINE('',#7441,#7442);
#7441 = CARTESIAN_POINT('',(-3.770170592217,-3.799342857143,
    18.432914285714));
#7442 = VECTOR('',#7443,1.);
#7443 = DIRECTION('',(-0.,0.820905201785,-0.571064488199));
#7444 = ORIENTED_EDGE('',*,*,#7445,.F.);
#7445 = EDGE_CURVE('',#1590,#7438,#7446,.T.);
#7446 = LINE('',#7447,#7448);
#7447 = CARTESIAN_POINT('',(-4.370170592217,-3.782257142857,
    18.421028571429));
#7448 = VECTOR('',#7449,1.);
#7449 = DIRECTION('',(1.,0.,0.));
#7450 = PLANE('',#7451);
#7451 = AXIS2_PLACEMENT_3D('',#7452,#7453,#7454);
#7452 = CARTESIAN_POINT('',(-4.370170592217,-3.799342857143,
    18.432914285714));
#7453 = DIRECTION('',(-0.,0.571064488199,0.820905201785));
#7454 = DIRECTION('',(0.,0.820905201785,-0.571064488199));
#7455 = ADVANCED_FACE('',(#7456),#7474,.T.);
#7456 = FACE_BOUND('',#7457,.T.);
#7457 = EDGE_LOOP('',(#7458,#7459,#7460,#7468));
#7458 = ORIENTED_EDGE('',*,*,#1589,.T.);
#7459 = ORIENTED_EDGE('',*,*,#7445,.T.);
#7460 = ORIENTED_EDGE('',*,*,#7461,.T.);
#7461 = EDGE_CURVE('',#7438,#7462,#7464,.T.);
#7462 = VERTEX_POINT('',#7463);
#7463 = CARTESIAN_POINT('',(-3.770170592217,-3.765171428571,
    18.408957142857));
#7464 = LINE('',#7465,#7466);
#7465 = CARTESIAN_POINT('',(-3.770170592217,-3.782257142857,
    18.421028571429));
#7466 = VECTOR('',#7467,1.);
#7467 = DIRECTION('',(-0.,0.816721763686,-0.577031680865));
#7468 = ORIENTED_EDGE('',*,*,#7469,.F.);
#7469 = EDGE_CURVE('',#1582,#7462,#7470,.T.);
#7470 = LINE('',#7471,#7472);
#7471 = CARTESIAN_POINT('',(-4.370170592217,-3.765171428571,
    18.408957142857));
#7472 = VECTOR('',#7473,1.);
#7473 = DIRECTION('',(1.,0.,0.));
#7474 = PLANE('',#7475);
#7475 = AXIS2_PLACEMENT_3D('',#7476,#7477,#7478);
#7476 = CARTESIAN_POINT('',(-4.370170592217,-3.782257142857,
    18.421028571429));
#7477 = DIRECTION('',(-0.,0.577031680865,0.816721763686));
#7478 = DIRECTION('',(0.,0.816721763686,-0.577031680865));
#7479 = ADVANCED_FACE('',(#7480),#7498,.T.);
#7480 = FACE_BOUND('',#7481,.T.);
#7481 = EDGE_LOOP('',(#7482,#7483,#7484,#7492));
#7482 = ORIENTED_EDGE('',*,*,#1581,.T.);
#7483 = ORIENTED_EDGE('',*,*,#7469,.T.);
#7484 = ORIENTED_EDGE('',*,*,#7485,.T.);
#7485 = EDGE_CURVE('',#7462,#7486,#7488,.T.);
#7486 = VERTEX_POINT('',#7487);
#7487 = CARTESIAN_POINT('',(-3.770170592217,-3.742328571429,18.4032));
#7488 = LINE('',#7489,#7490);
#7489 = CARTESIAN_POINT('',(-3.770170592217,-3.765171428571,
    18.408957142857));
#7490 = VECTOR('',#7491,1.);
#7491 = DIRECTION('',(-0.,0.969676988372,-0.244390135281));
#7492 = ORIENTED_EDGE('',*,*,#7493,.F.);
#7493 = EDGE_CURVE('',#1574,#7486,#7494,.T.);
#7494 = LINE('',#7495,#7496);
#7495 = CARTESIAN_POINT('',(-4.370170592217,-3.742328571429,18.4032));
#7496 = VECTOR('',#7497,1.);
#7497 = DIRECTION('',(1.,0.,0.));
#7498 = PLANE('',#7499);
#7499 = AXIS2_PLACEMENT_3D('',#7500,#7501,#7502);
#7500 = CARTESIAN_POINT('',(-4.370170592217,-3.765171428571,
    18.408957142857));
#7501 = DIRECTION('',(-0.,0.244390135281,0.969676988372));
#7502 = DIRECTION('',(0.,0.969676988372,-0.244390135281));
#7503 = ADVANCED_FACE('',(#7504),#7529,.T.);
#7504 = FACE_BOUND('',#7505,.T.);
#7505 = EDGE_LOOP('',(#7506,#7507,#7515,#7523));
#7506 = ORIENTED_EDGE('',*,*,#1565,.T.);
#7507 = ORIENTED_EDGE('',*,*,#7508,.T.);
#7508 = EDGE_CURVE('',#1566,#7509,#7511,.T.);
#7509 = VERTEX_POINT('',#7510);
#7510 = CARTESIAN_POINT('',(-3.770170592217,-2.246585714286,18.4032));
#7511 = LINE('',#7512,#7513);
#7512 = CARTESIAN_POINT('',(-4.370170592217,-2.246585714286,18.4032));
#7513 = VECTOR('',#7514,1.);
#7514 = DIRECTION('',(1.,0.,0.));
#7515 = ORIENTED_EDGE('',*,*,#7516,.T.);
#7516 = EDGE_CURVE('',#7509,#7517,#7519,.T.);
#7517 = VERTEX_POINT('',#7518);
#7518 = CARTESIAN_POINT('',(-3.770170592217,-2.222814285714,
    18.414528571429));
#7519 = LINE('',#7520,#7521);
#7520 = CARTESIAN_POINT('',(-3.770170592217,-2.246585714286,18.4032));
#7521 = VECTOR('',#7522,1.);
#7522 = DIRECTION('',(0.,0.902730115416,0.430207320628));
#7523 = ORIENTED_EDGE('',*,*,#7524,.F.);
#7524 = EDGE_CURVE('',#1558,#7517,#7525,.T.);
#7525 = LINE('',#7526,#7527);
#7526 = CARTESIAN_POINT('',(-4.370170592217,-2.222814285714,
    18.414528571429));
#7527 = VECTOR('',#7528,1.);
#7528 = DIRECTION('',(1.,0.,0.));
#7529 = PLANE('',#7530);
#7530 = AXIS2_PLACEMENT_3D('',#7531,#7532,#7533);
#7531 = CARTESIAN_POINT('',(-4.370170592217,-2.246585714286,18.4032));
#7532 = DIRECTION('',(0.,-0.430207320628,0.902730115416));
#7533 = DIRECTION('',(0.,0.902730115416,0.430207320628));
#7534 = ADVANCED_FACE('',(#7535),#7553,.T.);
#7535 = FACE_BOUND('',#7536,.T.);
#7536 = EDGE_LOOP('',(#7537,#7538,#7539,#7547));
#7537 = ORIENTED_EDGE('',*,*,#1557,.T.);
#7538 = ORIENTED_EDGE('',*,*,#7524,.T.);
#7539 = ORIENTED_EDGE('',*,*,#7540,.T.);
#7540 = EDGE_CURVE('',#7517,#7541,#7543,.T.);
#7541 = VERTEX_POINT('',#7542);
#7542 = CARTESIAN_POINT('',(-3.770170592217,-2.2048,18.420285714286));
#7543 = LINE('',#7544,#7545);
#7544 = CARTESIAN_POINT('',(-3.770170592217,-2.222814285714,
    18.414528571429));
#7545 = VECTOR('',#7546,1.);
#7546 = DIRECTION('',(0.,0.952538100641,0.304419392988));
#7547 = ORIENTED_EDGE('',*,*,#7548,.F.);
#7548 = EDGE_CURVE('',#1550,#7541,#7549,.T.);
#7549 = LINE('',#7550,#7551);
#7550 = CARTESIAN_POINT('',(-4.370170592217,-2.2048,18.420285714286));
#7551 = VECTOR('',#7552,1.);
#7552 = DIRECTION('',(1.,0.,0.));
#7553 = PLANE('',#7554);
#7554 = AXIS2_PLACEMENT_3D('',#7555,#7556,#7557);
#7555 = CARTESIAN_POINT('',(-4.370170592217,-2.222814285714,
    18.414528571429));
#7556 = DIRECTION('',(0.,-0.304419392988,0.952538100641));
#7557 = DIRECTION('',(0.,0.952538100641,0.304419392988));
#7558 = ADVANCED_FACE('',(#7559),#7577,.T.);
#7559 = FACE_BOUND('',#7560,.T.);
#7560 = EDGE_LOOP('',(#7561,#7562,#7563,#7571));
#7561 = ORIENTED_EDGE('',*,*,#1549,.T.);
#7562 = ORIENTED_EDGE('',*,*,#7548,.T.);
#7563 = ORIENTED_EDGE('',*,*,#7564,.T.);
#7564 = EDGE_CURVE('',#7541,#7565,#7567,.T.);
#7565 = VERTEX_POINT('',#7566);
#7566 = CARTESIAN_POINT('',(-3.770170592217,-2.186971428571,18.4318));
#7567 = LINE('',#7568,#7569);
#7568 = CARTESIAN_POINT('',(-3.770170592217,-2.2048,18.420285714286));
#7569 = VECTOR('',#7570,1.);
#7570 = DIRECTION('',(0.,0.840039377769,0.542525431476));
#7571 = ORIENTED_EDGE('',*,*,#7572,.F.);
#7572 = EDGE_CURVE('',#1542,#7565,#7573,.T.);
#7573 = LINE('',#7574,#7575);
#7574 = CARTESIAN_POINT('',(-4.370170592217,-2.186971428571,18.4318));
#7575 = VECTOR('',#7576,1.);
#7576 = DIRECTION('',(1.,0.,0.));
#7577 = PLANE('',#7578);
#7578 = AXIS2_PLACEMENT_3D('',#7579,#7580,#7581);
#7579 = CARTESIAN_POINT('',(-4.370170592217,-2.2048,18.420285714286));
#7580 = DIRECTION('',(0.,-0.542525431476,0.840039377769));
#7581 = DIRECTION('',(0.,0.840039377769,0.542525431476));
#7582 = ADVANCED_FACE('',(#7583),#7601,.T.);
#7583 = FACE_BOUND('',#7584,.T.);
#7584 = EDGE_LOOP('',(#7585,#7586,#7587,#7595));
#7585 = ORIENTED_EDGE('',*,*,#1541,.T.);
#7586 = ORIENTED_EDGE('',*,*,#7572,.T.);
#7587 = ORIENTED_EDGE('',*,*,#7588,.T.);
#7588 = EDGE_CURVE('',#7565,#7589,#7591,.T.);
#7589 = VERTEX_POINT('',#7590);
#7590 = CARTESIAN_POINT('',(-3.770170592217,-2.169142857143,
    18.448885714286));
#7591 = LINE('',#7592,#7593);
#7592 = CARTESIAN_POINT('',(-3.770170592217,-2.186971428571,18.4318));
#7593 = VECTOR('',#7594,1.);
#7594 = DIRECTION('',(0.,0.721988205115,0.691905363236));
#7595 = ORIENTED_EDGE('',*,*,#7596,.F.);
#7596 = EDGE_CURVE('',#1534,#7589,#7597,.T.);
#7597 = LINE('',#7598,#7599);
#7598 = CARTESIAN_POINT('',(-4.370170592217,-2.169142857143,
    18.448885714286));
#7599 = VECTOR('',#7600,1.);
#7600 = DIRECTION('',(1.,0.,0.));
#7601 = PLANE('',#7602);
#7602 = AXIS2_PLACEMENT_3D('',#7603,#7604,#7605);
#7603 = CARTESIAN_POINT('',(-4.370170592217,-2.186971428571,18.4318));
#7604 = DIRECTION('',(0.,-0.691905363236,0.721988205115));
#7605 = DIRECTION('',(0.,0.721988205115,0.691905363236));
#7606 = ADVANCED_FACE('',(#7607),#7632,.T.);
#7607 = FACE_BOUND('',#7608,.T.);
#7608 = EDGE_LOOP('',(#7609,#7610,#7618,#7626));
#7609 = ORIENTED_EDGE('',*,*,#1525,.T.);
#7610 = ORIENTED_EDGE('',*,*,#7611,.T.);
#7611 = EDGE_CURVE('',#1526,#7612,#7614,.T.);
#7612 = VERTEX_POINT('',#7613);
#7613 = CARTESIAN_POINT('',(-3.770170592217,-2.145371428571,
    18.483057142857));
#7614 = LINE('',#7615,#7616);
#7615 = CARTESIAN_POINT('',(-4.370170592217,-2.145371428571,
    18.483057142857));
#7616 = VECTOR('',#7617,1.);
#7617 = DIRECTION('',(1.,0.,0.));
#7618 = ORIENTED_EDGE('',*,*,#7619,.T.);
#7619 = EDGE_CURVE('',#7612,#7620,#7622,.T.);
#7620 = VERTEX_POINT('',#7621);
#7621 = CARTESIAN_POINT('',(-3.770170592217,-2.133485714286,18.5059));
#7622 = LINE('',#7623,#7624);
#7623 = CARTESIAN_POINT('',(-3.770170592217,-2.145371428571,
    18.483057142857));
#7624 = VECTOR('',#7625,1.);
#7625 = DIRECTION('',(0.,0.461579805424,0.887098688549));
#7626 = ORIENTED_EDGE('',*,*,#7627,.F.);
#7627 = EDGE_CURVE('',#1518,#7620,#7628,.T.);
#7628 = LINE('',#7629,#7630);
#7629 = CARTESIAN_POINT('',(-4.370170592217,-2.133485714286,18.5059));
#7630 = VECTOR('',#7631,1.);
#7631 = DIRECTION('',(1.,0.,0.));
#7632 = PLANE('',#7633);
#7633 = AXIS2_PLACEMENT_3D('',#7634,#7635,#7636);
#7634 = CARTESIAN_POINT('',(-4.370170592217,-2.145371428571,
    18.483057142857));
#7635 = DIRECTION('',(0.,-0.887098688549,0.461579805424));
#7636 = DIRECTION('',(0.,0.461579805424,0.887098688549));
#7637 = ADVANCED_FACE('',(#7638),#7663,.T.);
#7638 = FACE_BOUND('',#7639,.T.);
#7639 = EDGE_LOOP('',(#7640,#7641,#7649,#7657));
#7640 = ORIENTED_EDGE('',*,*,#1509,.T.);
#7641 = ORIENTED_EDGE('',*,*,#7642,.T.);
#7642 = EDGE_CURVE('',#1510,#7643,#7645,.T.);
#7643 = VERTEX_POINT('',#7644);
#7644 = CARTESIAN_POINT('',(-3.770170592217,-2.133485714286,
    18.842414285714));
#7645 = LINE('',#7646,#7647);
#7646 = CARTESIAN_POINT('',(-4.370170592217,-2.133485714286,
    18.842414285714));
#7647 = VECTOR('',#7648,1.);
#7648 = DIRECTION('',(1.,0.,0.));
#7649 = ORIENTED_EDGE('',*,*,#7650,.T.);
#7650 = EDGE_CURVE('',#7643,#7651,#7653,.T.);
#7651 = VERTEX_POINT('',#7652);
#7652 = CARTESIAN_POINT('',(-3.770170592217,-2.139242857143,
    18.871014285714));
#7653 = LINE('',#7654,#7655);
#7654 = CARTESIAN_POINT('',(-3.770170592217,-2.133485714286,
    18.842414285714));
#7655 = VECTOR('',#7656,1.);
#7656 = DIRECTION('',(0.,-0.197340176951,0.980335072596));
#7657 = ORIENTED_EDGE('',*,*,#7658,.F.);
#7658 = EDGE_CURVE('',#1502,#7651,#7659,.T.);
#7659 = LINE('',#7660,#7661);
#7660 = CARTESIAN_POINT('',(-4.370170592217,-2.139242857143,
    18.871014285714));
#7661 = VECTOR('',#7662,1.);
#7662 = DIRECTION('',(1.,0.,0.));
#7663 = PLANE('',#7664);
#7664 = AXIS2_PLACEMENT_3D('',#7665,#7666,#7667);
#7665 = CARTESIAN_POINT('',(-4.370170592217,-2.133485714286,
    18.842414285714));
#7666 = DIRECTION('',(0.,-0.980335072596,-0.197340176951));
#7667 = DIRECTION('',(0.,-0.197340176951,0.980335072596));
#7668 = ADVANCED_FACE('',(#7669),#7687,.T.);
#7669 = FACE_BOUND('',#7670,.T.);
#7670 = EDGE_LOOP('',(#7671,#7672,#7673,#7681));
#7671 = ORIENTED_EDGE('',*,*,#1501,.T.);
#7672 = ORIENTED_EDGE('',*,*,#7658,.T.);
#7673 = ORIENTED_EDGE('',*,*,#7674,.T.);
#7674 = EDGE_CURVE('',#7651,#7675,#7677,.T.);
#7675 = VERTEX_POINT('',#7676);
#7676 = CARTESIAN_POINT('',(-3.770170592217,-2.150571428571,
    18.899614285714));
#7677 = LINE('',#7678,#7679);
#7678 = CARTESIAN_POINT('',(-3.770170592217,-2.139242857143,
    18.871014285714));
#7679 = VECTOR('',#7680,1.);
#7680 = DIRECTION('',(0.,-0.368265914122,0.929720504504));
#7681 = ORIENTED_EDGE('',*,*,#7682,.F.);
#7682 = EDGE_CURVE('',#1494,#7675,#7683,.T.);
#7683 = LINE('',#7684,#7685);
#7684 = CARTESIAN_POINT('',(-4.370170592217,-2.150571428571,
    18.899614285714));
#7685 = VECTOR('',#7686,1.);
#7686 = DIRECTION('',(1.,0.,0.));
#7687 = PLANE('',#7688);
#7688 = AXIS2_PLACEMENT_3D('',#7689,#7690,#7691);
#7689 = CARTESIAN_POINT('',(-4.370170592217,-2.139242857143,
    18.871014285714));
#7690 = DIRECTION('',(0.,-0.929720504504,-0.368265914122));
#7691 = DIRECTION('',(0.,-0.368265914122,0.929720504504));
#7692 = ADVANCED_FACE('',(#7693),#7711,.T.);
#7693 = FACE_BOUND('',#7694,.T.);
#7694 = EDGE_LOOP('',(#7695,#7696,#7697,#7705));
#7695 = ORIENTED_EDGE('',*,*,#1493,.T.);
#7696 = ORIENTED_EDGE('',*,*,#7682,.T.);
#7697 = ORIENTED_EDGE('',*,*,#7698,.T.);
#7698 = EDGE_CURVE('',#7675,#7699,#7701,.T.);
#7699 = VERTEX_POINT('',#7700);
#7700 = CARTESIAN_POINT('',(-3.770170592217,-2.167657142857,
    18.922457142857));
#7701 = LINE('',#7702,#7703);
#7702 = CARTESIAN_POINT('',(-3.770170592217,-2.150571428571,
    18.899614285714));
#7703 = VECTOR('',#7704,1.);
#7704 = DIRECTION('',(0.,-0.598957825591,0.80078057117));
#7705 = ORIENTED_EDGE('',*,*,#7706,.F.);
#7706 = EDGE_CURVE('',#1486,#7699,#7707,.T.);
#7707 = LINE('',#7708,#7709);
#7708 = CARTESIAN_POINT('',(-4.370170592217,-2.167657142857,
    18.922457142857));
#7709 = VECTOR('',#7710,1.);
#7710 = DIRECTION('',(1.,0.,0.));
#7711 = PLANE('',#7712);
#7712 = AXIS2_PLACEMENT_3D('',#7713,#7714,#7715);
#7713 = CARTESIAN_POINT('',(-4.370170592217,-2.150571428571,
    18.899614285714));
#7714 = DIRECTION('',(0.,-0.80078057117,-0.598957825591));
#7715 = DIRECTION('',(0.,-0.598957825591,0.80078057117));
#7716 = ADVANCED_FACE('',(#7717),#7735,.T.);
#7717 = FACE_BOUND('',#7718,.T.);
#7718 = EDGE_LOOP('',(#7719,#7720,#7721,#7729));
#7719 = ORIENTED_EDGE('',*,*,#1485,.T.);
#7720 = ORIENTED_EDGE('',*,*,#7706,.T.);
#7721 = ORIENTED_EDGE('',*,*,#7722,.T.);
#7722 = EDGE_CURVE('',#7699,#7723,#7725,.T.);
#7723 = VERTEX_POINT('',#7724);
#7724 = CARTESIAN_POINT('',(-3.770170592217,-2.184742857143,
    18.939542857143));
#7725 = LINE('',#7726,#7727);
#7726 = CARTESIAN_POINT('',(-3.770170592217,-2.167657142857,
    18.922457142857));
#7727 = VECTOR('',#7728,1.);
#7728 = DIRECTION('',(0.,-0.707106781187,0.707106781187));
#7729 = ORIENTED_EDGE('',*,*,#7730,.F.);
#7730 = EDGE_CURVE('',#1478,#7723,#7731,.T.);
#7731 = LINE('',#7732,#7733);
#7732 = CARTESIAN_POINT('',(-4.370170592217,-2.184742857143,
    18.939542857143));
#7733 = VECTOR('',#7734,1.);
#7734 = DIRECTION('',(1.,0.,0.));
#7735 = PLANE('',#7736);
#7736 = AXIS2_PLACEMENT_3D('',#7737,#7738,#7739);
#7737 = CARTESIAN_POINT('',(-4.370170592217,-2.167657142857,
    18.922457142857));
#7738 = DIRECTION('',(0.,-0.707106781187,-0.707106781187));
#7739 = DIRECTION('',(0.,-0.707106781187,0.707106781187));
#7740 = ADVANCED_FACE('',(#7741),#7759,.T.);
#7741 = FACE_BOUND('',#7742,.T.);
#7742 = EDGE_LOOP('',(#7743,#7744,#7745,#7753));
#7743 = ORIENTED_EDGE('',*,*,#1477,.T.);
#7744 = ORIENTED_EDGE('',*,*,#7730,.T.);
#7745 = ORIENTED_EDGE('',*,*,#7746,.T.);
#7746 = EDGE_CURVE('',#7723,#7747,#7749,.T.);
#7747 = VERTEX_POINT('',#7748);
#7748 = CARTESIAN_POINT('',(-3.770170592217,-2.202014285714,
    18.950871428571));
#7749 = LINE('',#7750,#7751);
#7750 = CARTESIAN_POINT('',(-3.770170592217,-2.184742857143,
    18.939542857143));
#7751 = VECTOR('',#7752,1.);
#7752 = DIRECTION('',(0.,-0.836176771121,0.548460032671));
#7753 = ORIENTED_EDGE('',*,*,#7754,.F.);
#7754 = EDGE_CURVE('',#1470,#7747,#7755,.T.);
#7755 = LINE('',#7756,#7757);
#7756 = CARTESIAN_POINT('',(-4.370170592217,-2.202014285714,
    18.950871428571));
#7757 = VECTOR('',#7758,1.);
#7758 = DIRECTION('',(1.,0.,0.));
#7759 = PLANE('',#7760);
#7760 = AXIS2_PLACEMENT_3D('',#7761,#7762,#7763);
#7761 = CARTESIAN_POINT('',(-4.370170592217,-2.184742857143,
    18.939542857143));
#7762 = DIRECTION('',(0.,-0.548460032671,-0.836176771121));
#7763 = DIRECTION('',(0.,-0.836176771121,0.548460032671));
#7764 = ADVANCED_FACE('',(#7765),#7783,.T.);
#7765 = FACE_BOUND('',#7766,.T.);
#7766 = EDGE_LOOP('',(#7767,#7768,#7769,#7777));
#7767 = ORIENTED_EDGE('',*,*,#1469,.T.);
#7768 = ORIENTED_EDGE('',*,*,#7754,.T.);
#7769 = ORIENTED_EDGE('',*,*,#7770,.T.);
#7770 = EDGE_CURVE('',#7747,#7771,#7773,.T.);
#7771 = VERTEX_POINT('',#7772);
#7772 = CARTESIAN_POINT('',(-3.770170592217,-2.2191,18.962385714286));
#7773 = LINE('',#7774,#7775);
#7774 = CARTESIAN_POINT('',(-3.770170592217,-2.202014285714,
    18.950871428571));
#7775 = VECTOR('',#7776,1.);
#7776 = DIRECTION('',(0.,-0.829266427591,0.558853462072));
#7777 = ORIENTED_EDGE('',*,*,#7778,.F.);
#7778 = EDGE_CURVE('',#1462,#7771,#7779,.T.);
#7779 = LINE('',#7780,#7781);
#7780 = CARTESIAN_POINT('',(-4.370170592217,-2.2191,18.962385714286));
#7781 = VECTOR('',#7782,1.);
#7782 = DIRECTION('',(1.,0.,0.));
#7783 = PLANE('',#7784);
#7784 = AXIS2_PLACEMENT_3D('',#7785,#7786,#7787);
#7785 = CARTESIAN_POINT('',(-4.370170592217,-2.202014285714,
    18.950871428571));
#7786 = DIRECTION('',(0.,-0.558853462072,-0.829266427591));
#7787 = DIRECTION('',(0.,-0.829266427591,0.558853462072));
#7788 = ADVANCED_FACE('',(#7789),#7807,.T.);
#7789 = FACE_BOUND('',#7790,.T.);
#7790 = EDGE_LOOP('',(#7791,#7792,#7793,#7801));
#7791 = ORIENTED_EDGE('',*,*,#1461,.T.);
#7792 = ORIENTED_EDGE('',*,*,#7778,.T.);
#7793 = ORIENTED_EDGE('',*,*,#7794,.T.);
#7794 = EDGE_CURVE('',#7771,#7795,#7797,.T.);
#7795 = VERTEX_POINT('',#7796);
#7796 = CARTESIAN_POINT('',(-3.770170592217,-2.241942857143,
    18.967957142857));
#7797 = LINE('',#7798,#7799);
#7798 = CARTESIAN_POINT('',(-3.770170592217,-2.2191,18.962385714286));
#7799 = VECTOR('',#7800,1.);
#7800 = DIRECTION('',(0.,-0.971520338783,0.236956180191));
#7801 = ORIENTED_EDGE('',*,*,#7802,.F.);
#7802 = EDGE_CURVE('',#1454,#7795,#7803,.T.);
#7803 = LINE('',#7804,#7805);
#7804 = CARTESIAN_POINT('',(-4.370170592217,-2.241942857143,
    18.967957142857));
#7805 = VECTOR('',#7806,1.);
#7806 = DIRECTION('',(1.,0.,0.));
#7807 = PLANE('',#7808);
#7808 = AXIS2_PLACEMENT_3D('',#7809,#7810,#7811);
#7809 = CARTESIAN_POINT('',(-4.370170592217,-2.2191,18.962385714286));
#7810 = DIRECTION('',(0.,-0.236956180191,-0.971520338783));
#7811 = DIRECTION('',(0.,-0.971520338783,0.236956180191));
#7812 = ADVANCED_FACE('',(#7813),#7831,.T.);
#7813 = FACE_BOUND('',#7814,.T.);
#7814 = EDGE_LOOP('',(#7815,#7816,#7817,#7825));
#7815 = ORIENTED_EDGE('',*,*,#1453,.T.);
#7816 = ORIENTED_EDGE('',*,*,#7802,.T.);
#7817 = ORIENTED_EDGE('',*,*,#7818,.T.);
#7818 = EDGE_CURVE('',#7795,#7819,#7821,.T.);
#7819 = VERTEX_POINT('',#7820);
#7820 = CARTESIAN_POINT('',(-3.770170592217,-2.264785714286,
    18.973714285714));
#7821 = LINE('',#7822,#7823);
#7822 = CARTESIAN_POINT('',(-3.770170592217,-2.241942857143,
    18.967957142857));
#7823 = VECTOR('',#7824,1.);
#7824 = DIRECTION('',(0.,-0.969676988372,0.244390135281));
#7825 = ORIENTED_EDGE('',*,*,#7826,.F.);
#7826 = EDGE_CURVE('',#1446,#7819,#7827,.T.);
#7827 = LINE('',#7828,#7829);
#7828 = CARTESIAN_POINT('',(-4.370170592217,-2.264785714286,
    18.973714285714));
#7829 = VECTOR('',#7830,1.);
#7830 = DIRECTION('',(1.,0.,0.));
#7831 = PLANE('',#7832);
#7832 = AXIS2_PLACEMENT_3D('',#7833,#7834,#7835);
#7833 = CARTESIAN_POINT('',(-4.370170592217,-2.241942857143,
    18.967957142857));
#7834 = DIRECTION('',(0.,-0.244390135281,-0.969676988372));
#7835 = DIRECTION('',(0.,-0.969676988372,0.244390135281));
#7836 = ADVANCED_FACE('',(#7837),#7855,.T.);
#7837 = FACE_BOUND('',#7838,.T.);
#7838 = EDGE_LOOP('',(#7839,#7840,#7841,#7849));
#7839 = ORIENTED_EDGE('',*,*,#1445,.T.);
#7840 = ORIENTED_EDGE('',*,*,#7826,.T.);
#7841 = ORIENTED_EDGE('',*,*,#7842,.T.);
#7842 = EDGE_CURVE('',#7819,#7843,#7845,.T.);
#7843 = VERTEX_POINT('',#7844);
#7844 = CARTESIAN_POINT('',(-3.770170592217,-2.704,18.973714285714));
#7845 = LINE('',#7846,#7847);
#7846 = CARTESIAN_POINT('',(-3.770170592217,-2.264785714286,
    18.973714285714));
#7847 = VECTOR('',#7848,1.);
#7848 = DIRECTION('',(0.,-1.,0.));
#7849 = ORIENTED_EDGE('',*,*,#7850,.F.);
#7850 = EDGE_CURVE('',#1438,#7843,#7851,.T.);
#7851 = LINE('',#7852,#7853);
#7852 = CARTESIAN_POINT('',(-4.370170592217,-2.704,18.973714285714));
#7853 = VECTOR('',#7854,1.);
#7854 = DIRECTION('',(1.,0.,0.));
#7855 = PLANE('',#7856);
#7856 = AXIS2_PLACEMENT_3D('',#7857,#7858,#7859);
#7857 = CARTESIAN_POINT('',(-4.370170592217,-2.264785714286,
    18.973714285714));
#7858 = DIRECTION('',(0.,0.,-1.));
#7859 = DIRECTION('',(0.,-1.,0.));
#7860 = ADVANCED_FACE('',(#7861),#7879,.T.);
#7861 = FACE_BOUND('',#7862,.T.);
#7862 = EDGE_LOOP('',(#7863,#7864,#7865,#7873));
#7863 = ORIENTED_EDGE('',*,*,#1437,.T.);
#7864 = ORIENTED_EDGE('',*,*,#7850,.T.);
#7865 = ORIENTED_EDGE('',*,*,#7866,.T.);
#7866 = EDGE_CURVE('',#7843,#7867,#7869,.T.);
#7867 = VERTEX_POINT('',#7868);
#7868 = CARTESIAN_POINT('',(-3.770170592217,-2.704,21.826285714286));
#7869 = LINE('',#7870,#7871);
#7870 = CARTESIAN_POINT('',(-3.770170592217,-2.704,18.973714285714));
#7871 = VECTOR('',#7872,1.);
#7872 = DIRECTION('',(0.,0.,1.));
#7873 = ORIENTED_EDGE('',*,*,#7874,.F.);
#7874 = EDGE_CURVE('',#1430,#7867,#7875,.T.);
#7875 = LINE('',#7876,#7877);
#7876 = CARTESIAN_POINT('',(-4.370170592217,-2.704,21.826285714286));
#7877 = VECTOR('',#7878,1.);
#7878 = DIRECTION('',(1.,0.,0.));
#7879 = PLANE('',#7880);
#7880 = AXIS2_PLACEMENT_3D('',#7881,#7882,#7883);
#7881 = CARTESIAN_POINT('',(-4.370170592217,-2.704,18.973714285714));
#7882 = DIRECTION('',(0.,-1.,0.));
#7883 = DIRECTION('',(0.,0.,1.));
#7884 = ADVANCED_FACE('',(#7885),#7896,.T.);
#7885 = FACE_BOUND('',#7886,.T.);
#7886 = EDGE_LOOP('',(#7887,#7888,#7889,#7895));
#7887 = ORIENTED_EDGE('',*,*,#1429,.T.);
#7888 = ORIENTED_EDGE('',*,*,#7874,.T.);
#7889 = ORIENTED_EDGE('',*,*,#7890,.T.);
#7890 = EDGE_CURVE('',#7867,#6000,#7891,.T.);
#7891 = LINE('',#7892,#7893);
#7892 = CARTESIAN_POINT('',(-3.770170592217,-2.704,21.826285714286));
#7893 = VECTOR('',#7894,1.);
#7894 = DIRECTION('',(0.,1.,0.));
#7895 = ORIENTED_EDGE('',*,*,#5999,.F.);
#7896 = PLANE('',#7897);
#7897 = AXIS2_PLACEMENT_3D('',#7898,#7899,#7900);
#7898 = CARTESIAN_POINT('',(-4.370170592217,-2.704,21.826285714286));
#7899 = DIRECTION('',(0.,0.,1.));
#7900 = DIRECTION('',(0.,1.,0.));
#7901 = ADVANCED_FACE('',(#7902),#7908,.T.);
#7902 = FACE_BOUND('',#7903,.T.);
#7903 = EDGE_LOOP('',(#7904,#7905,#7906,#7907));
#7904 = ORIENTED_EDGE('',*,*,#2108,.F.);
#7905 = ORIENTED_EDGE('',*,*,#2192,.T.);
#7906 = ORIENTED_EDGE('',*,*,#2217,.T.);
#7907 = ORIENTED_EDGE('',*,*,#2124,.F.);
#7908 = PLANE('',#7909);
#7909 = AXIS2_PLACEMENT_3D('',#7910,#7911,#7912);
#7910 = CARTESIAN_POINT('',(4.270170592217,-4.270170592217,-3.));
#7911 = DIRECTION('',(1.,0.,-0.));
#7912 = DIRECTION('',(0.,0.,1.));
#7913 = ADVANCED_FACE('',(#7914),#7937,.T.);
#7914 = FACE_BOUND('',#7915,.T.);
#7915 = EDGE_LOOP('',(#7916,#7923,#7931,#7936));
#7916 = ORIENTED_EDGE('',*,*,#7917,.F.);
#7917 = EDGE_CURVE('',#7918,#2143,#7920,.T.);
#7918 = VERTEX_POINT('',#7919);
#7919 = CARTESIAN_POINT('',(0.635085296109,1.1,40.));
#7920 = B_SPLINE_CURVE_WITH_KNOTS('',1,(#7921,#7922),.UNSPECIFIED.,.F.,
  .F.,(2,2),(0.,1.),.PIECEWISE_BEZIER_KNOTS.);
#7921 = CARTESIAN_POINT('',(0.635085296109,1.1,40.));
#7922 = CARTESIAN_POINT('',(1.09696551146,1.9,40.801));
#7923 = ORIENTED_EDGE('',*,*,#7924,.T.);
#7924 = EDGE_CURVE('',#7918,#7925,#7927,.T.);
#7925 = VERTEX_POINT('',#7926);
#7926 = CARTESIAN_POINT('',(1.270170592217,7.777551750649E-17,40.));
#7927 = LINE('',#7928,#7929);
#7928 = CARTESIAN_POINT('',(0.635085296109,1.1,40.));
#7929 = VECTOR('',#7930,1.);
#7930 = DIRECTION('',(0.5,-0.866025403784,0.));
#7931 = ORIENTED_EDGE('',*,*,#7932,.T.);
#7932 = EDGE_CURVE('',#7925,#2141,#7933,.T.);
#7933 = B_SPLINE_CURVE_WITH_KNOTS('',1,(#7934,#7935),.UNSPECIFIED.,.F.,
  .F.,(2,2),(0.,1.),.PIECEWISE_BEZIER_KNOTS.);
#7934 = CARTESIAN_POINT('',(1.270170592217,0.,40.));
#7935 = CARTESIAN_POINT('',(2.193931022921,2.22044604925E-16,40.801));
#7936 = ORIENTED_EDGE('',*,*,#2140,.T.);
#7937 = B_SPLINE_SURFACE_WITH_KNOTS('',1,1,(
    (#7938,#7939)
    ,(#7940,#7941
    )),.UNSPECIFIED.,.F.,.F.,.F.,(2,2),(2,2),(0.,2.193931022921),(0.,1.)
  ,.PIECEWISE_BEZIER_KNOTS.);
#7938 = CARTESIAN_POINT('',(0.635085296109,1.1,40.));
#7939 = CARTESIAN_POINT('',(1.09696551146,1.9,40.801));
#7940 = CARTESIAN_POINT('',(1.270170592217,0.,40.));
#7941 = CARTESIAN_POINT('',(2.193931022921,2.22044604925E-16,40.801));
#7942 = ADVANCED_FACE('',(#7943),#7960,.T.);
#7943 = FACE_BOUND('',#7944,.T.);
#7944 = EDGE_LOOP('',(#7945,#7952,#7958,#7959));
#7945 = ORIENTED_EDGE('',*,*,#7946,.F.);
#7946 = EDGE_CURVE('',#7947,#2171,#7949,.T.);
#7947 = VERTEX_POINT('',#7948);
#7948 = CARTESIAN_POINT('',(-0.635085296109,1.1,40.));
#7949 = B_SPLINE_CURVE_WITH_KNOTS('',1,(#7950,#7951),.UNSPECIFIED.,.F.,
  .F.,(2,2),(0.,1.),.PIECEWISE_BEZIER_KNOTS.);
#7950 = CARTESIAN_POINT('',(-0.635085296109,1.1,40.));
#7951 = CARTESIAN_POINT('',(-1.09696551146,1.9,40.801));
#7952 = ORIENTED_EDGE('',*,*,#7953,.T.);
#7953 = EDGE_CURVE('',#7947,#7918,#7954,.T.);
#7954 = LINE('',#7955,#7956);
#7955 = CARTESIAN_POINT('',(-0.635085296109,1.1,40.));
#7956 = VECTOR('',#7957,1.);
#7957 = DIRECTION('',(1.,0.,0.));
#7958 = ORIENTED_EDGE('',*,*,#7917,.T.);
#7959 = ORIENTED_EDGE('',*,*,#2177,.T.);
#7960 = B_SPLINE_SURFACE_WITH_KNOTS('',1,1,(
    (#7961,#7962)
    ,(#7963,#7964
    )),.UNSPECIFIED.,.F.,.F.,.F.,(2,2),(2,2),(0.,2.193931022921),(0.,1.)
  ,.PIECEWISE_BEZIER_KNOTS.);
#7961 = CARTESIAN_POINT('',(-0.635085296109,1.1,40.));
#7962 = CARTESIAN_POINT('',(-1.09696551146,1.9,40.801));
#7963 = CARTESIAN_POINT('',(0.635085296109,1.1,40.));
#7964 = CARTESIAN_POINT('',(1.09696551146,1.9,40.801));
#7965 = ADVANCED_FACE('',(#7966),#7983,.T.);
#7966 = FACE_BOUND('',#7967,.T.);
#7967 = EDGE_LOOP('',(#7968,#7975,#7981,#7982));
#7968 = ORIENTED_EDGE('',*,*,#7969,.F.);
#7969 = EDGE_CURVE('',#7970,#2164,#7972,.T.);
#7970 = VERTEX_POINT('',#7971);
#7971 = CARTESIAN_POINT('',(-1.270170592217,-2.333265525195E-16,40.));
#7972 = B_SPLINE_CURVE_WITH_KNOTS('',1,(#7973,#7974),.UNSPECIFIED.,.F.,
  .F.,(2,2),(0.,1.),.PIECEWISE_BEZIER_KNOTS.);
#7973 = CARTESIAN_POINT('',(-1.270170592217,-2.22044604925E-16,40.));
#7974 = CARTESIAN_POINT('',(-2.193931022921,-4.440892098501E-16,40.801)
  );
#7975 = ORIENTED_EDGE('',*,*,#7976,.T.);
#7976 = EDGE_CURVE('',#7970,#7947,#7977,.T.);
#7977 = LINE('',#7978,#7979);
#7978 = CARTESIAN_POINT('',(-1.270170592217,-2.333265525195E-16,40.));
#7979 = VECTOR('',#7980,1.);
#7980 = DIRECTION('',(0.5,0.866025403784,0.));
#7981 = ORIENTED_EDGE('',*,*,#7946,.T.);
#7982 = ORIENTED_EDGE('',*,*,#2170,.T.);
#7983 = B_SPLINE_SURFACE_WITH_KNOTS('',1,1,(
    (#7984,#7985)
    ,(#7986,#7987
    )),.UNSPECIFIED.,.F.,.F.,.F.,(2,2),(2,2),(0.,2.193931022921),(0.,1.)
  ,.PIECEWISE_BEZIER_KNOTS.);
#7984 = CARTESIAN_POINT('',(-1.270170592217,-2.333265525195E-16,40.));
#7985 = CARTESIAN_POINT('',(-2.193931022921,-4.030185907155E-16,40.801)
  );
#7986 = CARTESIAN_POINT('',(-0.635085296109,1.1,40.));
#7987 = CARTESIAN_POINT('',(-1.09696551146,1.9,40.801));
#7988 = ADVANCED_FACE('',(#7989),#8006,.T.);
#7989 = FACE_BOUND('',#7990,.T.);
#7990 = EDGE_LOOP('',(#7991,#7998,#8004,#8005));
#7991 = ORIENTED_EDGE('',*,*,#7992,.F.);
#7992 = EDGE_CURVE('',#7993,#2157,#7995,.T.);
#7993 = VERTEX_POINT('',#7994);
#7994 = CARTESIAN_POINT('',(-0.635085296109,-1.1,40.));
#7995 = B_SPLINE_CURVE_WITH_KNOTS('',1,(#7996,#7997),.UNSPECIFIED.,.F.,
  .F.,(2,2),(0.,1.),.PIECEWISE_BEZIER_KNOTS.);
#7996 = CARTESIAN_POINT('',(-0.635085296109,-1.1,40.));
#7997 = CARTESIAN_POINT('',(-1.09696551146,-1.9,40.801));
#7998 = ORIENTED_EDGE('',*,*,#7999,.T.);
#7999 = EDGE_CURVE('',#7993,#7970,#8000,.T.);
#8000 = LINE('',#8001,#8002);
#8001 = CARTESIAN_POINT('',(-0.635085296109,-1.1,40.));
#8002 = VECTOR('',#8003,1.);
#8003 = DIRECTION('',(-0.5,0.866025403784,0.));
#8004 = ORIENTED_EDGE('',*,*,#7969,.T.);
#8005 = ORIENTED_EDGE('',*,*,#2163,.T.);
#8006 = B_SPLINE_SURFACE_WITH_KNOTS('',1,1,(
    (#8007,#8008)
    ,(#8009,#8010
    )),.UNSPECIFIED.,.F.,.F.,.F.,(2,2),(2,2),(0.,2.193931022921),(0.,1.)
  ,.PIECEWISE_BEZIER_KNOTS.);
#8007 = CARTESIAN_POINT('',(-0.635085296109,-1.1,40.));
#8008 = CARTESIAN_POINT('',(-1.09696551146,-1.9,40.801));
#8009 = CARTESIAN_POINT('',(-1.270170592217,-2.22044604925E-16,40.));
#8010 = CARTESIAN_POINT('',(-2.193931022921,-4.440892098501E-16,40.801)
  );
#8011 = ADVANCED_FACE('',(#8012),#8029,.T.);
#8012 = FACE_BOUND('',#8013,.T.);
#8013 = EDGE_LOOP('',(#8014,#8021,#8027,#8028));
#8014 = ORIENTED_EDGE('',*,*,#8015,.F.);
#8015 = EDGE_CURVE('',#8016,#2150,#8018,.T.);
#8016 = VERTEX_POINT('',#8017);
#8017 = CARTESIAN_POINT('',(0.635085296109,-1.1,40.));
#8018 = B_SPLINE_CURVE_WITH_KNOTS('',1,(#8019,#8020),.UNSPECIFIED.,.F.,
  .F.,(2,2),(0.,1.),.PIECEWISE_BEZIER_KNOTS.);
#8019 = CARTESIAN_POINT('',(0.635085296109,-1.1,40.));
#8020 = CARTESIAN_POINT('',(1.09696551146,-1.9,40.801));
#8021 = ORIENTED_EDGE('',*,*,#8022,.T.);
#8022 = EDGE_CURVE('',#8016,#7993,#8023,.T.);
#8023 = LINE('',#8024,#8025);
#8024 = CARTESIAN_POINT('',(0.635085296109,-1.1,40.));
#8025 = VECTOR('',#8026,1.);
#8026 = DIRECTION('',(-1.,-3.496295793425E-16,0.));
#8027 = ORIENTED_EDGE('',*,*,#7992,.T.);
#8028 = ORIENTED_EDGE('',*,*,#2156,.T.);
#8029 = B_SPLINE_SURFACE_WITH_KNOTS('',1,1,(
    (#8030,#8031)
    ,(#8032,#8033
    )),.UNSPECIFIED.,.F.,.F.,.F.,(2,2),(2,2),(0.,2.193931022921),(0.,1.)
  ,.PIECEWISE_BEZIER_KNOTS.);
#8030 = CARTESIAN_POINT('',(0.635085296109,-1.1,40.));
#8031 = CARTESIAN_POINT('',(1.09696551146,-1.9,40.801));
#8032 = CARTESIAN_POINT('',(-0.635085296109,-1.1,40.));
#8033 = CARTESIAN_POINT('',(-1.09696551146,-1.9,40.801));
#8034 = ADVANCED_FACE('',(#8035),#8046,.T.);
#8035 = FACE_BOUND('',#8036,.T.);
#8036 = EDGE_LOOP('',(#8037,#8038,#8044,#8045));
#8037 = ORIENTED_EDGE('',*,*,#7932,.F.);
#8038 = ORIENTED_EDGE('',*,*,#8039,.T.);
#8039 = EDGE_CURVE('',#7925,#8016,#8040,.T.);
#8040 = LINE('',#8041,#8042);
#8041 = CARTESIAN_POINT('',(1.270170592217,7.777551750649E-17,40.));
#8042 = VECTOR('',#8043,1.);
#8043 = DIRECTION('',(-0.5,-0.866025403784,0.));
#8044 = ORIENTED_EDGE('',*,*,#8015,.T.);
#8045 = ORIENTED_EDGE('',*,*,#2149,.T.);
#8046 = B_SPLINE_SURFACE_WITH_KNOTS('',1,1,(
    (#8047,#8048)
    ,(#8049,#8050
    )),.UNSPECIFIED.,.F.,.F.,.F.,(2,2),(2,2),(0.,2.193931022921),(0.,1.)
  ,.PIECEWISE_BEZIER_KNOTS.);
#8047 = CARTESIAN_POINT('',(1.270170592217,7.777551750649E-17,40.));
#8048 = CARTESIAN_POINT('',(2.193931022921,1.343395302385E-16,40.801));
#8049 = CARTESIAN_POINT('',(0.635085296109,-1.1,40.));
#8050 = CARTESIAN_POINT('',(1.09696551146,-1.9,40.801));
#8051 = ADVANCED_FACE('',(#8052),#8216,.T.);
#8052 = FACE_BOUND('',#8053,.F.);
#8053 = EDGE_LOOP('',(#8054,#8060,#8061,#8062,#8063,#8064,#8065,#8066,
    #8067,#8068,#8074,#8075,#8076,#8077,#8078,#8079,#8080,#8081,#8082,
    #8088,#8089,#8090,#8091,#8092,#8093,#8094,#8095,#8096,#8097,#8098,
    #8099,#8100,#8101,#8102,#8103,#8104,#8105,#8111,#8112,#8113,#8114,
    #8115,#8116,#8117,#8118,#8119,#8120,#8126,#8127,#8128,#8129,#8130,
    #8131,#8132,#8133,#8134,#8135,#8136,#8137,#8138,#8144,#8145,#8146,
    #8147,#8153,#8154,#8155,#8156,#8157,#8158,#8159,#8165,#8166,#8167,
    #8168,#8169,#8170,#8171,#8172,#8173,#8174,#8175,#8176,#8177,#8178,
    #8179,#8180,#8181,#8182,#8183,#8184,#8185,#8186,#8192,#8193,#8194,
    #8195,#8196,#8197,#8198,#8199,#8200,#8201,#8202,#8203,#8204,#8205,
    #8206,#8207,#8208,#8209,#8215));
#8054 = ORIENTED_EDGE('',*,*,#8055,.T.);
#8055 = EDGE_CURVE('',#4728,#2233,#8056,.T.);
#8056 = LINE('',#8057,#8058);
#8057 = CARTESIAN_POINT('',(-3.770170592217,2.129214285714,
    18.973714285714));
#8058 = VECTOR('',#8059,1.);
#8059 = DIRECTION('',(0.,-1.,0.));
#8060 = ORIENTED_EDGE('',*,*,#2240,.T.);
#8061 = ORIENTED_EDGE('',*,*,#2264,.T.);
#8062 = ORIENTED_EDGE('',*,*,#2288,.T.);
#8063 = ORIENTED_EDGE('',*,*,#2312,.T.);
#8064 = ORIENTED_EDGE('',*,*,#2336,.T.);
#8065 = ORIENTED_EDGE('',*,*,#2360,.T.);
#8066 = ORIENTED_EDGE('',*,*,#2384,.T.);
#8067 = ORIENTED_EDGE('',*,*,#2408,.T.);
#8068 = ORIENTED_EDGE('',*,*,#8069,.T.);
#8069 = EDGE_CURVE('',#2409,#2432,#8070,.T.);
#8070 = LINE('',#8071,#8072);
#8071 = CARTESIAN_POINT('',(-3.770170592217,1.990857142857,
    18.540071428571));
#8072 = VECTOR('',#8073,1.);
#8073 = DIRECTION('',(0.,0.,-1.));
#8074 = ORIENTED_EDGE('',*,*,#2439,.T.);
#8075 = ORIENTED_EDGE('',*,*,#2463,.T.);
#8076 = ORIENTED_EDGE('',*,*,#2487,.T.);
#8077 = ORIENTED_EDGE('',*,*,#2511,.T.);
#8078 = ORIENTED_EDGE('',*,*,#2535,.T.);
#8079 = ORIENTED_EDGE('',*,*,#2559,.T.);
#8080 = ORIENTED_EDGE('',*,*,#2583,.T.);
#8081 = ORIENTED_EDGE('',*,*,#2607,.T.);
#8082 = ORIENTED_EDGE('',*,*,#8083,.T.);
#8083 = EDGE_CURVE('',#2608,#2631,#8084,.T.);
#8084 = LINE('',#8085,#8086);
#8085 = CARTESIAN_POINT('',(-3.770170592217,3.850785714286,18.4032));
#8086 = VECTOR('',#8087,1.);
#8087 = DIRECTION('',(0.,1.,0.));
#8088 = ORIENTED_EDGE('',*,*,#2638,.T.);
#8089 = ORIENTED_EDGE('',*,*,#2662,.T.);
#8090 = ORIENTED_EDGE('',*,*,#2686,.T.);
#8091 = ORIENTED_EDGE('',*,*,#2710,.T.);
#8092 = ORIENTED_EDGE('',*,*,#2734,.T.);
#8093 = ORIENTED_EDGE('',*,*,#2758,.T.);
#8094 = ORIENTED_EDGE('',*,*,#2782,.T.);
#8095 = ORIENTED_EDGE('',*,*,#2806,.T.);
#8096 = ORIENTED_EDGE('',*,*,#2830,.T.);
#8097 = ORIENTED_EDGE('',*,*,#2854,.T.);
#8098 = ORIENTED_EDGE('',*,*,#2878,.T.);
#8099 = ORIENTED_EDGE('',*,*,#2902,.T.);
#8100 = ORIENTED_EDGE('',*,*,#2926,.T.);
#8101 = ORIENTED_EDGE('',*,*,#2950,.T.);
#8102 = ORIENTED_EDGE('',*,*,#2974,.T.);
#8103 = ORIENTED_EDGE('',*,*,#2998,.T.);
#8104 = ORIENTED_EDGE('',*,*,#3022,.T.);
#8105 = ORIENTED_EDGE('',*,*,#8106,.T.);
#8106 = EDGE_CURVE('',#3023,#3046,#8107,.T.);
#8107 = LINE('',#8108,#8109);
#8108 = CARTESIAN_POINT('',(-3.770170592217,3.822185714286,
    20.514028571429));
#8109 = VECTOR('',#8110,1.);
#8110 = DIRECTION('',(0.,-0.707106781187,0.707106781187));
#8111 = ORIENTED_EDGE('',*,*,#3053,.T.);
#8112 = ORIENTED_EDGE('',*,*,#3077,.T.);
#8113 = ORIENTED_EDGE('',*,*,#3101,.T.);
#8114 = ORIENTED_EDGE('',*,*,#3125,.T.);
#8115 = ORIENTED_EDGE('',*,*,#3149,.T.);
#8116 = ORIENTED_EDGE('',*,*,#3173,.T.);
#8117 = ORIENTED_EDGE('',*,*,#3197,.T.);
#8118 = ORIENTED_EDGE('',*,*,#3221,.T.);
#8119 = ORIENTED_EDGE('',*,*,#3245,.T.);
#8120 = ORIENTED_EDGE('',*,*,#8121,.T.);
#8121 = EDGE_CURVE('',#3246,#3269,#8122,.T.);
#8122 = LINE('',#8123,#8124);
#8123 = CARTESIAN_POINT('',(-3.770170592217,3.7024,21.826285714286));
#8124 = VECTOR('',#8125,1.);
#8125 = DIRECTION('',(0.,1.,0.));
#8126 = ORIENTED_EDGE('',*,*,#3276,.T.);
#8127 = ORIENTED_EDGE('',*,*,#3300,.T.);
#8128 = ORIENTED_EDGE('',*,*,#3324,.T.);
#8129 = ORIENTED_EDGE('',*,*,#3348,.T.);
#8130 = ORIENTED_EDGE('',*,*,#3372,.T.);
#8131 = ORIENTED_EDGE('',*,*,#3396,.T.);
#8132 = ORIENTED_EDGE('',*,*,#3420,.T.);
#8133 = ORIENTED_EDGE('',*,*,#3444,.T.);
#8134 = ORIENTED_EDGE('',*,*,#3468,.T.);
#8135 = ORIENTED_EDGE('',*,*,#3492,.T.);
#8136 = ORIENTED_EDGE('',*,*,#3516,.T.);
#8137 = ORIENTED_EDGE('',*,*,#3540,.T.);
#8138 = ORIENTED_EDGE('',*,*,#8139,.T.);
#8139 = EDGE_CURVE('',#3541,#3564,#8140,.T.);
#8140 = LINE('',#8141,#8142);
#8141 = CARTESIAN_POINT('',(-3.770170592217,3.987657142857,
    22.100214285714));
#8142 = VECTOR('',#8143,1.);
#8143 = DIRECTION('',(0.,0.,1.));
#8144 = ORIENTED_EDGE('',*,*,#3571,.T.);
#8145 = ORIENTED_EDGE('',*,*,#3595,.T.);
#8146 = ORIENTED_EDGE('',*,*,#3619,.T.);
#8147 = ORIENTED_EDGE('',*,*,#8148,.T.);
#8148 = EDGE_CURVE('',#3620,#3643,#8149,.T.);
#8149 = LINE('',#8150,#8151);
#8150 = CARTESIAN_POINT('',(-3.770170592217,3.947728571429,
    22.254171428571));
#8151 = VECTOR('',#8152,1.);
#8152 = DIRECTION('',(0.,-0.4472135955,0.894427191));
#8153 = ORIENTED_EDGE('',*,*,#3650,.T.);
#8154 = ORIENTED_EDGE('',*,*,#3674,.T.);
#8155 = ORIENTED_EDGE('',*,*,#3698,.T.);
#8156 = ORIENTED_EDGE('',*,*,#3722,.T.);
#8157 = ORIENTED_EDGE('',*,*,#3746,.T.);
#8158 = ORIENTED_EDGE('',*,*,#3770,.T.);
#8159 = ORIENTED_EDGE('',*,*,#8160,.T.);
#8160 = EDGE_CURVE('',#3771,#3794,#8161,.T.);
#8161 = LINE('',#8162,#8163);
#8162 = CARTESIAN_POINT('',(-3.770170592217,2.549857142857,22.3968));
#8163 = VECTOR('',#8164,1.);
#8164 = DIRECTION('',(0.,-1.,0.));
#8165 = ORIENTED_EDGE('',*,*,#3801,.T.);
#8166 = ORIENTED_EDGE('',*,*,#3825,.T.);
#8167 = ORIENTED_EDGE('',*,*,#3849,.T.);
#8168 = ORIENTED_EDGE('',*,*,#3873,.T.);
#8169 = ORIENTED_EDGE('',*,*,#3897,.T.);
#8170 = ORIENTED_EDGE('',*,*,#3921,.T.);
#8171 = ORIENTED_EDGE('',*,*,#3945,.T.);
#8172 = ORIENTED_EDGE('',*,*,#3969,.T.);
#8173 = ORIENTED_EDGE('',*,*,#3993,.T.);
#8174 = ORIENTED_EDGE('',*,*,#4017,.T.);
#8175 = ORIENTED_EDGE('',*,*,#4041,.T.);
#8176 = ORIENTED_EDGE('',*,*,#4065,.T.);
#8177 = ORIENTED_EDGE('',*,*,#4089,.T.);
#8178 = ORIENTED_EDGE('',*,*,#4113,.T.);
#8179 = ORIENTED_EDGE('',*,*,#4137,.T.);
#8180 = ORIENTED_EDGE('',*,*,#4161,.T.);
#8181 = ORIENTED_EDGE('',*,*,#4185,.T.);
#8182 = ORIENTED_EDGE('',*,*,#4209,.T.);
#8183 = ORIENTED_EDGE('',*,*,#4233,.T.);
#8184 = ORIENTED_EDGE('',*,*,#4257,.T.);
#8185 = ORIENTED_EDGE('',*,*,#4281,.T.);
#8186 = ORIENTED_EDGE('',*,*,#8187,.T.);
#8187 = EDGE_CURVE('',#4282,#4305,#8188,.T.);
#8188 = LINE('',#8189,#8190);
#8189 = CARTESIAN_POINT('',(-3.770170592217,1.990857142857,
    20.639571428571));
#8190 = VECTOR('',#8191,1.);
#8191 = DIRECTION('',(0.,0.,-1.));
#8192 = ORIENTED_EDGE('',*,*,#4312,.T.);
#8193 = ORIENTED_EDGE('',*,*,#4336,.T.);
#8194 = ORIENTED_EDGE('',*,*,#4360,.T.);
#8195 = ORIENTED_EDGE('',*,*,#4384,.T.);
#8196 = ORIENTED_EDGE('',*,*,#4408,.T.);
#8197 = ORIENTED_EDGE('',*,*,#4432,.T.);
#8198 = ORIENTED_EDGE('',*,*,#4456,.T.);
#8199 = ORIENTED_EDGE('',*,*,#4480,.T.);
#8200 = ORIENTED_EDGE('',*,*,#4504,.T.);
#8201 = ORIENTED_EDGE('',*,*,#4528,.T.);
#8202 = ORIENTED_EDGE('',*,*,#4552,.T.);
#8203 = ORIENTED_EDGE('',*,*,#4576,.T.);
#8204 = ORIENTED_EDGE('',*,*,#4600,.T.);
#8205 = ORIENTED_EDGE('',*,*,#4624,.T.);
#8206 = ORIENTED_EDGE('',*,*,#4648,.T.);
#8207 = ORIENTED_EDGE('',*,*,#4672,.T.);
#8208 = ORIENTED_EDGE('',*,*,#4696,.T.);
#8209 = ORIENTED_EDGE('',*,*,#8210,.T.);
#8210 = EDGE_CURVE('',#4697,#4720,#8211,.T.);
#8211 = LINE('',#8212,#8213);
#8212 = CARTESIAN_POINT('',(-3.770170592217,2.549671428571,
    20.114742857143));
#8213 = VECTOR('',#8214,1.);
#8214 = DIRECTION('',(0.,1.,0.));
#8215 = ORIENTED_EDGE('',*,*,#4727,.T.);
#8216 = PLANE('',#8217);
#8217 = AXIS2_PLACEMENT_3D('',#8218,#8219,#8220);
#8218 = CARTESIAN_POINT('',(-3.770170592217,2.993347272439,
    20.363677528333));
#8219 = DIRECTION('',(-1.,0.,0.));
#8220 = DIRECTION('',(0.,-1.,0.));
#8221 = ADVANCED_FACE('',(#8222),#8324,.T.);
#8222 = FACE_BOUND('',#8223,.F.);
#8223 = EDGE_LOOP('',(#8224,#8230,#8231,#8232,#8233,#8234,#8235,#8236,
    #8237,#8238,#8244,#8245,#8246,#8247,#8248,#8249,#8250,#8256,#8257,
    #8258,#8259,#8260,#8261,#8262,#8263,#8264,#8270,#8271,#8272,#8273,
    #8274,#8275,#8276,#8277,#8278,#8284,#8285,#8286,#8287,#8288,#8289,
    #8290,#8291,#8299,#8305,#8306,#8307,#8308,#8309,#8310,#8311,#8317,
    #8318,#8319,#8320,#8321,#8322,#8323));
#8224 = ORIENTED_EDGE('',*,*,#8225,.T.);
#8225 = EDGE_CURVE('',#5977,#4751,#8226,.T.);
#8226 = LINE('',#8227,#8228);
#8227 = CARTESIAN_POINT('',(-3.770170592217,0.433828571429,
    18.545828571429));
#8228 = VECTOR('',#8229,1.);
#8229 = DIRECTION('',(0.,0.,1.));
#8230 = ORIENTED_EDGE('',*,*,#4758,.T.);
#8231 = ORIENTED_EDGE('',*,*,#4782,.T.);
#8232 = ORIENTED_EDGE('',*,*,#4806,.T.);
#8233 = ORIENTED_EDGE('',*,*,#4830,.T.);
#8234 = ORIENTED_EDGE('',*,*,#4854,.T.);
#8235 = ORIENTED_EDGE('',*,*,#4878,.T.);
#8236 = ORIENTED_EDGE('',*,*,#4902,.T.);
#8237 = ORIENTED_EDGE('',*,*,#4926,.T.);
#8238 = ORIENTED_EDGE('',*,*,#8239,.T.);
#8239 = EDGE_CURVE('',#4927,#4950,#8240,.T.);
#8240 = LINE('',#8241,#8242);
#8241 = CARTESIAN_POINT('',(-3.770170592217,0.296957142857,22.3968));
#8242 = VECTOR('',#8243,1.);
#8243 = DIRECTION('',(0.,-1.,0.));
#8244 = ORIENTED_EDGE('',*,*,#4957,.T.);
#8245 = ORIENTED_EDGE('',*,*,#4981,.T.);
#8246 = ORIENTED_EDGE('',*,*,#5005,.T.);
#8247 = ORIENTED_EDGE('',*,*,#5029,.T.);
#8248 = ORIENTED_EDGE('',*,*,#5053,.T.);
#8249 = ORIENTED_EDGE('',*,*,#5077,.T.);
#8250 = ORIENTED_EDGE('',*,*,#8251,.T.);
#8251 = EDGE_CURVE('',#5078,#5101,#8252,.T.);
#8252 = LINE('',#8253,#8254);
#8253 = CARTESIAN_POINT('',(-3.770170592217,-1.420342857143,21.9704));
#8254 = VECTOR('',#8255,1.);
#8255 = DIRECTION('',(0.,0.,-1.));
#8256 = ORIENTED_EDGE('',*,*,#5108,.T.);
#8257 = ORIENTED_EDGE('',*,*,#5132,.T.);
#8258 = ORIENTED_EDGE('',*,*,#5156,.T.);
#8259 = ORIENTED_EDGE('',*,*,#5180,.T.);
#8260 = ORIENTED_EDGE('',*,*,#5204,.T.);
#8261 = ORIENTED_EDGE('',*,*,#5228,.T.);
#8262 = ORIENTED_EDGE('',*,*,#5252,.T.);
#8263 = ORIENTED_EDGE('',*,*,#5276,.T.);
#8264 = ORIENTED_EDGE('',*,*,#8265,.T.);
#8265 = EDGE_CURVE('',#5277,#5300,#8266,.T.);
#8266 = LINE('',#8267,#8268);
#8267 = CARTESIAN_POINT('',(-3.770170592217,-1.277714285714,
    21.826285714286));
#8268 = VECTOR('',#8269,1.);
#8269 = DIRECTION('',(0.,1.,0.));
#8270 = ORIENTED_EDGE('',*,*,#5307,.T.);
#8271 = ORIENTED_EDGE('',*,*,#5331,.T.);
#8272 = ORIENTED_EDGE('',*,*,#5355,.T.);
#8273 = ORIENTED_EDGE('',*,*,#5379,.T.);
#8274 = ORIENTED_EDGE('',*,*,#5403,.T.);
#8275 = ORIENTED_EDGE('',*,*,#5427,.T.);
#8276 = ORIENTED_EDGE('',*,*,#5451,.T.);
#8277 = ORIENTED_EDGE('',*,*,#5475,.T.);
#8278 = ORIENTED_EDGE('',*,*,#8279,.T.);
#8279 = EDGE_CURVE('',#5476,#5499,#8280,.T.);
#8280 = LINE('',#8281,#8282);
#8281 = CARTESIAN_POINT('',(-3.770170592217,-1.135085714286,
    20.257371428571));
#8282 = VECTOR('',#8283,1.);
#8283 = DIRECTION('',(0.,0.,-1.));
#8284 = ORIENTED_EDGE('',*,*,#5506,.T.);
#8285 = ORIENTED_EDGE('',*,*,#5530,.T.);
#8286 = ORIENTED_EDGE('',*,*,#5554,.T.);
#8287 = ORIENTED_EDGE('',*,*,#5578,.T.);
#8288 = ORIENTED_EDGE('',*,*,#5602,.T.);
#8289 = ORIENTED_EDGE('',*,*,#5626,.T.);
#8290 = ORIENTED_EDGE('',*,*,#5650,.T.);
#8291 = ORIENTED_EDGE('',*,*,#8292,.T.);
#8292 = EDGE_CURVE('',#5651,#8293,#8295,.T.);
#8293 = VERTEX_POINT('',#8294);
#8294 = CARTESIAN_POINT('',(-3.770170592217,-0.136685714286,
    20.114742857143));
#8295 = LINE('',#8296,#8297);
#8296 = CARTESIAN_POINT('',(-3.770170592217,-1.009542857143,
    20.114742857143));
#8297 = VECTOR('',#8298,1.);
#8298 = DIRECTION('',(0.,1.,0.));
#8299 = ORIENTED_EDGE('',*,*,#8300,.T.);
#8300 = EDGE_CURVE('',#8293,#5674,#8301,.T.);
#8301 = LINE('',#8302,#8303);
#8302 = CARTESIAN_POINT('',(-3.770170592217,-0.136685714286,
    18.545828571429));
#8303 = VECTOR('',#8304,1.);
#8304 = DIRECTION('',(0.,0.,-1.));
#8305 = ORIENTED_EDGE('',*,*,#5681,.T.);
#8306 = ORIENTED_EDGE('',*,*,#5705,.T.);
#8307 = ORIENTED_EDGE('',*,*,#5729,.T.);
#8308 = ORIENTED_EDGE('',*,*,#5753,.T.);
#8309 = ORIENTED_EDGE('',*,*,#5777,.T.);
#8310 = ORIENTED_EDGE('',*,*,#5801,.T.);
#8311 = ORIENTED_EDGE('',*,*,#8312,.T.);
#8312 = EDGE_CURVE('',#5802,#5825,#8313,.T.);
#8313 = LINE('',#8314,#8315);
#8314 = CARTESIAN_POINT('',(-3.770170592217,5.942857142857E-03,18.4032)
  );
#8315 = VECTOR('',#8316,1.);
#8316 = DIRECTION('',(0.,1.,0.));
#8317 = ORIENTED_EDGE('',*,*,#5832,.T.);
#8318 = ORIENTED_EDGE('',*,*,#5856,.T.);
#8319 = ORIENTED_EDGE('',*,*,#5880,.T.);
#8320 = ORIENTED_EDGE('',*,*,#5904,.T.);
#8321 = ORIENTED_EDGE('',*,*,#5928,.T.);
#8322 = ORIENTED_EDGE('',*,*,#5952,.T.);
#8323 = ORIENTED_EDGE('',*,*,#5976,.T.);
#8324 = PLANE('',#8325);
#8325 = AXIS2_PLACEMENT_3D('',#8326,#8327,#8328);
#8326 = CARTESIAN_POINT('',(-3.770170592217,-0.222493018457,
    20.725467409186));
#8327 = DIRECTION('',(-1.,0.,0.));
#8328 = DIRECTION('',(0.,-1.,0.));
#8329 = ADVANCED_FACE('',(#8330),#8440,.T.);
#8330 = FACE_BOUND('',#8331,.F.);
#8331 = EDGE_LOOP('',(#8332,#8333,#8334,#8335,#8336,#8337,#8338,#8339,
    #8340,#8341,#8342,#8343,#8344,#8345,#8346,#8352,#8353,#8354,#8355,
    #8356,#8357,#8358,#8359,#8365,#8366,#8367,#8368,#8369,#8370,#8371,
    #8372,#8373,#8374,#8375,#8376,#8377,#8378,#8379,#8380,#8381,#8382,
    #8383,#8384,#8385,#8386,#8387,#8388,#8389,#8390,#8391,#8392,#8393,
    #8394,#8395,#8396,#8397,#8398,#8399,#8400,#8401,#8402,#8403,#8404,
    #8405,#8406,#8407,#8413,#8414,#8415,#8416,#8417,#8423,#8424,#8430,
    #8431,#8432,#8433,#8434,#8435,#8436,#8437,#8438,#8439));
#8332 = ORIENTED_EDGE('',*,*,#7890,.T.);
#8333 = ORIENTED_EDGE('',*,*,#6007,.T.);
#8334 = ORIENTED_EDGE('',*,*,#6031,.T.);
#8335 = ORIENTED_EDGE('',*,*,#6055,.T.);
#8336 = ORIENTED_EDGE('',*,*,#6079,.T.);
#8337 = ORIENTED_EDGE('',*,*,#6103,.T.);
#8338 = ORIENTED_EDGE('',*,*,#6127,.T.);
#8339 = ORIENTED_EDGE('',*,*,#6151,.T.);
#8340 = ORIENTED_EDGE('',*,*,#6175,.T.);
#8341 = ORIENTED_EDGE('',*,*,#6199,.T.);
#8342 = ORIENTED_EDGE('',*,*,#6223,.T.);
#8343 = ORIENTED_EDGE('',*,*,#6247,.T.);
#8344 = ORIENTED_EDGE('',*,*,#6271,.T.);
#8345 = ORIENTED_EDGE('',*,*,#6295,.T.);
#8346 = ORIENTED_EDGE('',*,*,#8347,.T.);
#8347 = EDGE_CURVE('',#6296,#6319,#8348,.T.);
#8348 = LINE('',#8349,#8350);
#8349 = CARTESIAN_POINT('',(-3.770170592217,-1.990857142857,
    22.111542857143));
#8350 = VECTOR('',#8351,1.);
#8351 = DIRECTION('',(0.,0.,1.));
#8352 = ORIENTED_EDGE('',*,*,#6326,.T.);
#8353 = ORIENTED_EDGE('',*,*,#6350,.T.);
#8354 = ORIENTED_EDGE('',*,*,#6374,.T.);
#8355 = ORIENTED_EDGE('',*,*,#6398,.T.);
#8356 = ORIENTED_EDGE('',*,*,#6422,.T.);
#8357 = ORIENTED_EDGE('',*,*,#6446,.T.);
#8358 = ORIENTED_EDGE('',*,*,#6470,.T.);
#8359 = ORIENTED_EDGE('',*,*,#8360,.T.);
#8360 = EDGE_CURVE('',#6471,#6494,#8361,.T.);
#8361 = LINE('',#8362,#8363);
#8362 = CARTESIAN_POINT('',(-3.770170592217,-2.099314285714,
    22.334028571429));
#8363 = VECTOR('',#8364,1.);
#8364 = DIRECTION('',(0.,-0.80078057117,0.598957825591));
#8365 = ORIENTED_EDGE('',*,*,#6501,.T.);
#8366 = ORIENTED_EDGE('',*,*,#6525,.T.);
#8367 = ORIENTED_EDGE('',*,*,#6549,.T.);
#8368 = ORIENTED_EDGE('',*,*,#6573,.T.);
#8369 = ORIENTED_EDGE('',*,*,#6597,.T.);
#8370 = ORIENTED_EDGE('',*,*,#6621,.T.);
#8371 = ORIENTED_EDGE('',*,*,#6645,.T.);
#8372 = ORIENTED_EDGE('',*,*,#6669,.T.);
#8373 = ORIENTED_EDGE('',*,*,#6693,.T.);
#8374 = ORIENTED_EDGE('',*,*,#6717,.T.);
#8375 = ORIENTED_EDGE('',*,*,#6741,.T.);
#8376 = ORIENTED_EDGE('',*,*,#6765,.T.);
#8377 = ORIENTED_EDGE('',*,*,#6789,.T.);
#8378 = ORIENTED_EDGE('',*,*,#6813,.T.);
#8379 = ORIENTED_EDGE('',*,*,#6837,.T.);
#8380 = ORIENTED_EDGE('',*,*,#6861,.T.);
#8381 = ORIENTED_EDGE('',*,*,#6885,.T.);
#8382 = ORIENTED_EDGE('',*,*,#6909,.T.);
#8383 = ORIENTED_EDGE('',*,*,#6933,.T.);
#8384 = ORIENTED_EDGE('',*,*,#6957,.T.);
#8385 = ORIENTED_EDGE('',*,*,#6981,.T.);
#8386 = ORIENTED_EDGE('',*,*,#7005,.T.);
#8387 = ORIENTED_EDGE('',*,*,#7029,.T.);
#8388 = ORIENTED_EDGE('',*,*,#7053,.T.);
#8389 = ORIENTED_EDGE('',*,*,#7077,.T.);
#8390 = ORIENTED_EDGE('',*,*,#7101,.T.);
#8391 = ORIENTED_EDGE('',*,*,#7125,.T.);
#8392 = ORIENTED_EDGE('',*,*,#7149,.T.);
#8393 = ORIENTED_EDGE('',*,*,#7173,.T.);
#8394 = ORIENTED_EDGE('',*,*,#7197,.T.);
#8395 = ORIENTED_EDGE('',*,*,#7221,.T.);
#8396 = ORIENTED_EDGE('',*,*,#7245,.T.);
#8397 = ORIENTED_EDGE('',*,*,#7269,.T.);
#8398 = ORIENTED_EDGE('',*,*,#7293,.T.);
#8399 = ORIENTED_EDGE('',*,*,#7317,.T.);
#8400 = ORIENTED_EDGE('',*,*,#7341,.T.);
#8401 = ORIENTED_EDGE('',*,*,#7365,.T.);
#8402 = ORIENTED_EDGE('',*,*,#7389,.T.);
#8403 = ORIENTED_EDGE('',*,*,#7413,.T.);
#8404 = ORIENTED_EDGE('',*,*,#7437,.T.);
#8405 = ORIENTED_EDGE('',*,*,#7461,.T.);
#8406 = ORIENTED_EDGE('',*,*,#7485,.T.);
#8407 = ORIENTED_EDGE('',*,*,#8408,.T.);
#8408 = EDGE_CURVE('',#7486,#7509,#8409,.T.);
#8409 = LINE('',#8410,#8411);
#8410 = CARTESIAN_POINT('',(-3.770170592217,-2.270357142857,18.4032));
#8411 = VECTOR('',#8412,1.);
#8412 = DIRECTION('',(0.,1.,0.));
#8413 = ORIENTED_EDGE('',*,*,#7516,.T.);
#8414 = ORIENTED_EDGE('',*,*,#7540,.T.);
#8415 = ORIENTED_EDGE('',*,*,#7564,.T.);
#8416 = ORIENTED_EDGE('',*,*,#7588,.T.);
#8417 = ORIENTED_EDGE('',*,*,#8418,.T.);
#8418 = EDGE_CURVE('',#7589,#7612,#8419,.T.);
#8419 = LINE('',#8420,#8421);
#8420 = CARTESIAN_POINT('',(-3.770170592217,-2.157257142857,
    18.465971428571));
#8421 = VECTOR('',#8422,1.);
#8422 = DIRECTION('',(0.,0.571064488199,0.820905201785));
#8423 = ORIENTED_EDGE('',*,*,#7619,.T.);
#8424 = ORIENTED_EDGE('',*,*,#8425,.T.);
#8425 = EDGE_CURVE('',#7620,#7643,#8426,.T.);
#8426 = LINE('',#8427,#8428);
#8427 = CARTESIAN_POINT('',(-3.770170592217,-2.133485714286,
    18.540071428571));
#8428 = VECTOR('',#8429,1.);
#8429 = DIRECTION('',(0.,0.,1.));
#8430 = ORIENTED_EDGE('',*,*,#7650,.T.);
#8431 = ORIENTED_EDGE('',*,*,#7674,.T.);
#8432 = ORIENTED_EDGE('',*,*,#7698,.T.);
#8433 = ORIENTED_EDGE('',*,*,#7722,.T.);
#8434 = ORIENTED_EDGE('',*,*,#7746,.T.);
#8435 = ORIENTED_EDGE('',*,*,#7770,.T.);
#8436 = ORIENTED_EDGE('',*,*,#7794,.T.);
#8437 = ORIENTED_EDGE('',*,*,#7818,.T.);
#8438 = ORIENTED_EDGE('',*,*,#7842,.T.);
#8439 = ORIENTED_EDGE('',*,*,#7866,.T.);
#8440 = PLANE('',#8441);
#8441 = AXIS2_PLACEMENT_3D('',#8442,#8443,#8444);
#8442 = CARTESIAN_POINT('',(-3.770170592217,-2.893468264189,
    20.235371698725));
#8443 = DIRECTION('',(-1.,0.,0.));
#8444 = DIRECTION('',(0.,-1.,0.));
#8445 = ADVANCED_FACE('',(#8446),#8471,.F.);
#8446 = FACE_BOUND('',#8447,.F.);
#8447 = EDGE_LOOP('',(#8448,#8458,#8464,#8465));
#8448 = ORIENTED_EDGE('',*,*,#8449,.F.);
#8449 = EDGE_CURVE('',#8450,#8452,#8454,.T.);
#8450 = VERTEX_POINT('',#8451);
#8451 = CARTESIAN_POINT('',(0.635085296109,1.1,0.));
#8452 = VERTEX_POINT('',#8453);
#8453 = CARTESIAN_POINT('',(1.270170592217,7.777551750649E-17,0.));
#8454 = LINE('',#8455,#8456);
#8455 = CARTESIAN_POINT('',(0.635085296109,1.1,0.));
#8456 = VECTOR('',#8457,1.);
#8457 = DIRECTION('',(0.5,-0.866025403784,0.));
#8458 = ORIENTED_EDGE('',*,*,#8459,.T.);
#8459 = EDGE_CURVE('',#8450,#7918,#8460,.T.);
#8460 = LINE('',#8461,#8462);
#8461 = CARTESIAN_POINT('',(0.635085296109,1.1,0.));
#8462 = VECTOR('',#8463,1.);
#8463 = DIRECTION('',(0.,0.,1.));
#8464 = ORIENTED_EDGE('',*,*,#7924,.T.);
#8465 = ORIENTED_EDGE('',*,*,#8466,.F.);
#8466 = EDGE_CURVE('',#8452,#7925,#8467,.T.);
#8467 = LINE('',#8468,#8469);
#8468 = CARTESIAN_POINT('',(1.270170592217,7.777551750649E-17,0.));
#8469 = VECTOR('',#8470,1.);
#8470 = DIRECTION('',(0.,0.,1.));
#8471 = PLANE('',#8472);
#8472 = AXIS2_PLACEMENT_3D('',#8473,#8474,#8475);
#8473 = CARTESIAN_POINT('',(0.635085296109,1.1,0.));
#8474 = DIRECTION('',(0.866025403784,0.5,-0.));
#8475 = DIRECTION('',(0.5,-0.866025403784,0.));
#8476 = ADVANCED_FACE('',(#8477),#8495,.F.);
#8477 = FACE_BOUND('',#8478,.F.);
#8478 = EDGE_LOOP('',(#8479,#8487,#8493,#8494));
#8479 = ORIENTED_EDGE('',*,*,#8480,.F.);
#8480 = EDGE_CURVE('',#8481,#8450,#8483,.T.);
#8481 = VERTEX_POINT('',#8482);
#8482 = CARTESIAN_POINT('',(-0.635085296109,1.1,0.));
#8483 = LINE('',#8484,#8485);
#8484 = CARTESIAN_POINT('',(-0.635085296109,1.1,0.));
#8485 = VECTOR('',#8486,1.);
#8486 = DIRECTION('',(1.,0.,0.));
#8487 = ORIENTED_EDGE('',*,*,#8488,.T.);
#8488 = EDGE_CURVE('',#8481,#7947,#8489,.T.);
#8489 = LINE('',#8490,#8491);
#8490 = CARTESIAN_POINT('',(-0.635085296109,1.1,0.));
#8491 = VECTOR('',#8492,1.);
#8492 = DIRECTION('',(0.,0.,1.));
#8493 = ORIENTED_EDGE('',*,*,#7953,.T.);
#8494 = ORIENTED_EDGE('',*,*,#8459,.F.);
#8495 = PLANE('',#8496);
#8496 = AXIS2_PLACEMENT_3D('',#8497,#8498,#8499);
#8497 = CARTESIAN_POINT('',(-0.635085296109,1.1,0.));
#8498 = DIRECTION('',(0.,1.,0.));
#8499 = DIRECTION('',(1.,0.,0.));
#8500 = ADVANCED_FACE('',(#8501),#8519,.F.);
#8501 = FACE_BOUND('',#8502,.F.);
#8502 = EDGE_LOOP('',(#8503,#8511,#8517,#8518));
#8503 = ORIENTED_EDGE('',*,*,#8504,.F.);
#8504 = EDGE_CURVE('',#8505,#8481,#8507,.T.);
#8505 = VERTEX_POINT('',#8506);
#8506 = CARTESIAN_POINT('',(-1.270170592217,-2.333265525195E-16,0.));
#8507 = LINE('',#8508,#8509);
#8508 = CARTESIAN_POINT('',(-1.270170592217,-2.333265525195E-16,0.));
#8509 = VECTOR('',#8510,1.);
#8510 = DIRECTION('',(0.5,0.866025403784,0.));
#8511 = ORIENTED_EDGE('',*,*,#8512,.T.);
#8512 = EDGE_CURVE('',#8505,#7970,#8513,.T.);
#8513 = LINE('',#8514,#8515);
#8514 = CARTESIAN_POINT('',(-1.270170592217,-2.333265525195E-16,0.));
#8515 = VECTOR('',#8516,1.);
#8516 = DIRECTION('',(0.,0.,1.));
#8517 = ORIENTED_EDGE('',*,*,#7976,.T.);
#8518 = ORIENTED_EDGE('',*,*,#8488,.F.);
#8519 = PLANE('',#8520);
#8520 = AXIS2_PLACEMENT_3D('',#8521,#8522,#8523);
#8521 = CARTESIAN_POINT('',(-1.270170592217,-2.333265525195E-16,0.));
#8522 = DIRECTION('',(-0.866025403784,0.5,0.));
#8523 = DIRECTION('',(0.5,0.866025403784,0.));
#8524 = ADVANCED_FACE('',(#8525),#8543,.F.);
#8525 = FACE_BOUND('',#8526,.F.);
#8526 = EDGE_LOOP('',(#8527,#8535,#8541,#8542));
#8527 = ORIENTED_EDGE('',*,*,#8528,.F.);
#8528 = EDGE_CURVE('',#8529,#8505,#8531,.T.);
#8529 = VERTEX_POINT('',#8530);
#8530 = CARTESIAN_POINT('',(-0.635085296109,-1.1,0.));
#8531 = LINE('',#8532,#8533);
#8532 = CARTESIAN_POINT('',(-0.635085296109,-1.1,0.));
#8533 = VECTOR('',#8534,1.);
#8534 = DIRECTION('',(-0.5,0.866025403784,0.));
#8535 = ORIENTED_EDGE('',*,*,#8536,.T.);
#8536 = EDGE_CURVE('',#8529,#7993,#8537,.T.);
#8537 = LINE('',#8538,#8539);
#8538 = CARTESIAN_POINT('',(-0.635085296109,-1.1,0.));
#8539 = VECTOR('',#8540,1.);
#8540 = DIRECTION('',(0.,0.,1.));
#8541 = ORIENTED_EDGE('',*,*,#7999,.T.);
#8542 = ORIENTED_EDGE('',*,*,#8512,.F.);
#8543 = PLANE('',#8544);
#8544 = AXIS2_PLACEMENT_3D('',#8545,#8546,#8547);
#8545 = CARTESIAN_POINT('',(-0.635085296109,-1.1,0.));
#8546 = DIRECTION('',(-0.866025403784,-0.5,0.));
#8547 = DIRECTION('',(-0.5,0.866025403784,0.));
#8548 = ADVANCED_FACE('',(#8549),#8567,.F.);
#8549 = FACE_BOUND('',#8550,.F.);
#8550 = EDGE_LOOP('',(#8551,#8559,#8565,#8566));
#8551 = ORIENTED_EDGE('',*,*,#8552,.F.);
#8552 = EDGE_CURVE('',#8553,#8529,#8555,.T.);
#8553 = VERTEX_POINT('',#8554);
#8554 = CARTESIAN_POINT('',(0.635085296109,-1.1,0.));
#8555 = LINE('',#8556,#8557);
#8556 = CARTESIAN_POINT('',(0.635085296109,-1.1,0.));
#8557 = VECTOR('',#8558,1.);
#8558 = DIRECTION('',(-1.,-3.496295793425E-16,0.));
#8559 = ORIENTED_EDGE('',*,*,#8560,.T.);
#8560 = EDGE_CURVE('',#8553,#8016,#8561,.T.);
#8561 = LINE('',#8562,#8563);
#8562 = CARTESIAN_POINT('',(0.635085296109,-1.1,0.));
#8563 = VECTOR('',#8564,1.);
#8564 = DIRECTION('',(0.,0.,1.));
#8565 = ORIENTED_EDGE('',*,*,#8022,.T.);
#8566 = ORIENTED_EDGE('',*,*,#8536,.F.);
#8567 = PLANE('',#8568);
#8568 = AXIS2_PLACEMENT_3D('',#8569,#8570,#8571);
#8569 = CARTESIAN_POINT('',(0.635085296109,-1.1,0.));
#8570 = DIRECTION('',(3.496295793425E-16,-1.,0.));
#8571 = DIRECTION('',(-1.,-3.496295793425E-16,0.));
#8572 = ADVANCED_FACE('',(#8573),#8584,.F.);
#8573 = FACE_BOUND('',#8574,.F.);
#8574 = EDGE_LOOP('',(#8575,#8581,#8582,#8583));
#8575 = ORIENTED_EDGE('',*,*,#8576,.F.);
#8576 = EDGE_CURVE('',#8452,#8553,#8577,.T.);
#8577 = LINE('',#8578,#8579);
#8578 = CARTESIAN_POINT('',(1.270170592217,7.777551750649E-17,0.));
#8579 = VECTOR('',#8580,1.);
#8580 = DIRECTION('',(-0.5,-0.866025403784,0.));
#8581 = ORIENTED_EDGE('',*,*,#8466,.T.);
#8582 = ORIENTED_EDGE('',*,*,#8039,.T.);
#8583 = ORIENTED_EDGE('',*,*,#8560,.F.);
#8584 = PLANE('',#8585);
#8585 = AXIS2_PLACEMENT_3D('',#8586,#8587,#8588);
#8586 = CARTESIAN_POINT('',(1.270170592217,7.777551750649E-17,0.));
#8587 = DIRECTION('',(0.866025403784,-0.5,0.));
#8588 = DIRECTION('',(-0.5,-0.866025403784,0.));
#8589 = ADVANCED_FACE('',(#8590),#8598,.F.);
#8590 = FACE_BOUND('',#8591,.F.);
#8591 = EDGE_LOOP('',(#8592,#8593,#8594,#8595,#8596,#8597));
#8592 = ORIENTED_EDGE('',*,*,#8449,.T.);
#8593 = ORIENTED_EDGE('',*,*,#8576,.T.);
#8594 = ORIENTED_EDGE('',*,*,#8552,.T.);
#8595 = ORIENTED_EDGE('',*,*,#8528,.T.);
#8596 = ORIENTED_EDGE('',*,*,#8504,.T.);
#8597 = ORIENTED_EDGE('',*,*,#8480,.T.);
#8598 = PLANE('',#8599);
#8599 = AXIS2_PLACEMENT_3D('',#8600,#8601,#8602);
#8600 = CARTESIAN_POINT('',(6.555554612671E-17,5.827159655708E-17,0.));
#8601 = DIRECTION('',(-0.,-0.,-1.));
#8602 = DIRECTION('',(-1.,0.,0.));
#8603 = ADVANCED_FACE('',(#8604),#8610,.T.);
#8604 = FACE_BOUND('',#8605,.T.);
#8605 = EDGE_LOOP('',(#8606,#8607,#8608,#8609));
#8606 = ORIENTED_EDGE('',*,*,#65,.T.);
#8607 = ORIENTED_EDGE('',*,*,#4735,.T.);
#8608 = ORIENTED_EDGE('',*,*,#8055,.T.);
#8609 = ORIENTED_EDGE('',*,*,#2232,.F.);
#8610 = PLANE('',#8611);
#8611 = AXIS2_PLACEMENT_3D('',#8612,#8613,#8614);
#8612 = CARTESIAN_POINT('',(-4.020170592217,2.762128571429,
    18.973714285714));
#8613 = DIRECTION('',(-0.,-0.,-1.));
#8614 = DIRECTION('',(-1.,0.,0.));
#8615 = ADVANCED_FACE('',(#8616),#8622,.T.);
#8616 = FACE_BOUND('',#8617,.T.);
#8617 = EDGE_LOOP('',(#8618,#8619,#8620,#8621));
#8618 = ORIENTED_EDGE('',*,*,#889,.T.);
#8619 = ORIENTED_EDGE('',*,*,#2416,.T.);
#8620 = ORIENTED_EDGE('',*,*,#8069,.T.);
#8621 = ORIENTED_EDGE('',*,*,#2431,.F.);
#8622 = PLANE('',#8623);
#8623 = AXIS2_PLACEMENT_3D('',#8624,#8625,#8626);
#8624 = CARTESIAN_POINT('',(-4.020170592217,1.990857142857,
    18.691335714286));
#8625 = DIRECTION('',(0.,1.,0.));
#8626 = DIRECTION('',(0.,-0.,1.));
#8627 = ADVANCED_FACE('',(#8628),#8634,.T.);
#8628 = FACE_BOUND('',#8629,.T.);
#8629 = EDGE_LOOP('',(#8630,#8631,#8632,#8633));
#8630 = ORIENTED_EDGE('',*,*,#225,.T.);
#8631 = ORIENTED_EDGE('',*,*,#4289,.T.);
#8632 = ORIENTED_EDGE('',*,*,#8187,.T.);
#8633 = ORIENTED_EDGE('',*,*,#4304,.F.);
#8634 = PLANE('',#8635);
#8635 = AXIS2_PLACEMENT_3D('',#8636,#8637,#8638);
#8636 = CARTESIAN_POINT('',(-4.020170592217,1.990857142857,
    21.212964285714));
#8637 = DIRECTION('',(0.,1.,0.));
#8638 = DIRECTION('',(0.,-0.,1.));
#8639 = ADVANCED_FACE('',(#8640),#8646,.T.);
#8640 = FACE_BOUND('',#8641,.T.);
#8641 = EDGE_LOOP('',(#8642,#8643,#8644,#8645));
#8642 = ORIENTED_EDGE('',*,*,#817,.T.);
#8643 = ORIENTED_EDGE('',*,*,#2615,.T.);
#8644 = ORIENTED_EDGE('',*,*,#8083,.T.);
#8645 = ORIENTED_EDGE('',*,*,#2630,.F.);
#8646 = PLANE('',#8647);
#8647 = AXIS2_PLACEMENT_3D('',#8648,#8649,#8650);
#8648 = CARTESIAN_POINT('',(-4.020170592217,2.987028571429,18.4032));
#8649 = DIRECTION('',(0.,0.,1.));
#8650 = DIRECTION('',(1.,0.,-0.));
#8651 = ADVANCED_FACE('',(#8652),#8658,.T.);
#8652 = FACE_BOUND('',#8653,.T.);
#8653 = EDGE_LOOP('',(#8654,#8655,#8656,#8657));
#8654 = ORIENTED_EDGE('',*,*,#1027,.T.);
#8655 = ORIENTED_EDGE('',*,*,#5809,.T.);
#8656 = ORIENTED_EDGE('',*,*,#8312,.T.);
#8657 = ORIENTED_EDGE('',*,*,#5824,.F.);
#8658 = PLANE('',#8659);
#8659 = AXIS2_PLACEMENT_3D('',#8660,#8661,#8662);
#8660 = CARTESIAN_POINT('',(-4.020170592217,0.139935714286,18.4032));
#8661 = DIRECTION('',(0.,0.,1.));
#8662 = DIRECTION('',(1.,0.,-0.));
#8663 = ADVANCED_FACE('',(#8664),#8670,.T.);
#8664 = FACE_BOUND('',#8665,.T.);
#8665 = EDGE_LOOP('',(#8666,#8667,#8668,#8669));
#8666 = ORIENTED_EDGE('',*,*,#1573,.T.);
#8667 = ORIENTED_EDGE('',*,*,#7493,.T.);
#8668 = ORIENTED_EDGE('',*,*,#8408,.T.);
#8669 = ORIENTED_EDGE('',*,*,#7508,.F.);
#8670 = PLANE('',#8671);
#8671 = AXIS2_PLACEMENT_3D('',#8672,#8673,#8674);
#8672 = CARTESIAN_POINT('',(-4.020170592217,-2.994457142857,18.4032));
#8673 = DIRECTION('',(0.,0.,1.));
#8674 = DIRECTION('',(1.,0.,-0.));
#8675 = ADVANCED_FACE('',(#8676),#8682,.T.);
#8676 = FACE_BOUND('',#8677,.T.);
#8677 = EDGE_LOOP('',(#8678,#8679,#8680,#8681));
#8678 = ORIENTED_EDGE('',*,*,#489,.T.);
#8679 = ORIENTED_EDGE('',*,*,#3548,.T.);
#8680 = ORIENTED_EDGE('',*,*,#8139,.T.);
#8681 = ORIENTED_EDGE('',*,*,#3563,.F.);
#8682 = PLANE('',#8683);
#8683 = AXIS2_PLACEMENT_3D('',#8684,#8685,#8686);
#8684 = CARTESIAN_POINT('',(-4.020170592217,3.987657142857,
    22.105878571429));
#8685 = DIRECTION('',(-0.,-1.,-0.));
#8686 = DIRECTION('',(0.,0.,-1.));
#8687 = ADVANCED_FACE('',(#8688),#8694,.T.);
#8688 = FACE_BOUND('',#8689,.T.);
#8689 = EDGE_LOOP('',(#8690,#8691,#8692,#8693));
#8690 = ORIENTED_EDGE('',*,*,#673,.T.);
#8691 = ORIENTED_EDGE('',*,*,#3030,.T.);
#8692 = ORIENTED_EDGE('',*,*,#8106,.T.);
#8693 = ORIENTED_EDGE('',*,*,#3045,.F.);
#8694 = PLANE('',#8695);
#8695 = AXIS2_PLACEMENT_3D('',#8696,#8697,#8698);
#8696 = CARTESIAN_POINT('',(-4.020170592217,3.819307142857,
    20.516907142857));
#8697 = DIRECTION('',(-0.,-0.707106781187,-0.707106781187));
#8698 = DIRECTION('',(0.,-0.707106781187,0.707106781187));
#8699 = ADVANCED_FACE('',(#8700),#8706,.T.);
#8700 = FACE_BOUND('',#8701,.T.);
#8701 = EDGE_LOOP('',(#8702,#8703,#8704,#8705));
#8702 = ORIENTED_EDGE('',*,*,#593,.T.);
#8703 = ORIENTED_EDGE('',*,*,#3253,.T.);
#8704 = ORIENTED_EDGE('',*,*,#8121,.T.);
#8705 = ORIENTED_EDGE('',*,*,#3268,.F.);
#8706 = PLANE('',#8707);
#8707 = AXIS2_PLACEMENT_3D('',#8708,#8709,#8710);
#8708 = CARTESIAN_POINT('',(-4.020170592217,3.15185,21.826285714286));
#8709 = DIRECTION('',(0.,0.,1.));
#8710 = DIRECTION('',(1.,0.,-0.));
#8711 = ADVANCED_FACE('',(#8712),#8718,.T.);
#8712 = FACE_BOUND('',#8713,.T.);
#8713 = EDGE_LOOP('',(#8714,#8715,#8716,#8717));
#8714 = ORIENTED_EDGE('',*,*,#1227,.T.);
#8715 = ORIENTED_EDGE('',*,*,#5284,.T.);
#8716 = ORIENTED_EDGE('',*,*,#8265,.T.);
#8717 = ORIENTED_EDGE('',*,*,#5299,.F.);
#8718 = PLANE('',#8719);
#8719 = AXIS2_PLACEMENT_3D('',#8720,#8721,#8722);
#8720 = CARTESIAN_POINT('',(-4.020170592217,-0.7215,21.826285714286));
#8721 = DIRECTION('',(0.,0.,1.));
#8722 = DIRECTION('',(1.,0.,-0.));
#8723 = ADVANCED_FACE('',(#8724),#8730,.T.);
#8724 = FACE_BOUND('',#8725,.T.);
#8725 = EDGE_LOOP('',(#8726,#8727,#8728,#8729));
#8726 = ORIENTED_EDGE('',*,*,#457,.T.);
#8727 = ORIENTED_EDGE('',*,*,#3627,.T.);
#8728 = ORIENTED_EDGE('',*,*,#8148,.T.);
#8729 = ORIENTED_EDGE('',*,*,#3642,.F.);
#8730 = PLANE('',#8731);
#8731 = AXIS2_PLACEMENT_3D('',#8732,#8733,#8734);
#8732 = CARTESIAN_POINT('',(-4.020170592217,3.947728571429,
    22.254171428571));
#8733 = DIRECTION('',(-5.808306215603E-16,-0.894427191,-0.4472135955));
#8734 = DIRECTION('',(0.,0.4472135955,-0.894427191));
#8735 = ADVANCED_FACE('',(#8736),#8742,.T.);
#8736 = FACE_BOUND('',#8737,.T.);
#8737 = EDGE_LOOP('',(#8738,#8739,#8740,#8741));
#8738 = ORIENTED_EDGE('',*,*,#401,.T.);
#8739 = ORIENTED_EDGE('',*,*,#3778,.T.);
#8740 = ORIENTED_EDGE('',*,*,#8160,.T.);
#8741 = ORIENTED_EDGE('',*,*,#3793,.F.);
#8742 = PLANE('',#8743);
#8743 = AXIS2_PLACEMENT_3D('',#8744,#8745,#8746);
#8744 = CARTESIAN_POINT('',(-4.020170592217,3.12325,22.3968));
#8745 = DIRECTION('',(-0.,-0.,-1.));
#8746 = DIRECTION('',(-1.,0.,0.));
#8747 = ADVANCED_FACE('',(#8748),#8754,.T.);
#8748 = FACE_BOUND('',#8749,.T.);
#8749 = EDGE_LOOP('',(#8750,#8751,#8752,#8753));
#8750 = ORIENTED_EDGE('',*,*,#1355,.T.);
#8751 = ORIENTED_EDGE('',*,*,#4934,.T.);
#8752 = ORIENTED_EDGE('',*,*,#8239,.T.);
#8753 = ORIENTED_EDGE('',*,*,#4949,.F.);
#8754 = PLANE('',#8755);
#8755 = AXIS2_PLACEMENT_3D('',#8756,#8757,#8758);
#8756 = CARTESIAN_POINT('',(-4.020170592217,-0.470414285714,22.3968));
#8757 = DIRECTION('',(-0.,-0.,-1.));
#8758 = DIRECTION('',(-1.,0.,0.));
#8759 = ADVANCED_FACE('',(#8760),#8766,.T.);
#8760 = FACE_BOUND('',#8761,.T.);
#8761 = EDGE_LOOP('',(#8762,#8763,#8764,#8765));
#8762 = ORIENTED_EDGE('',*,*,#81,.T.);
#8763 = ORIENTED_EDGE('',*,*,#4704,.T.);
#8764 = ORIENTED_EDGE('',*,*,#8210,.T.);
#8765 = ORIENTED_EDGE('',*,*,#4719,.F.);
#8766 = PLANE('',#8767);
#8767 = AXIS2_PLACEMENT_3D('',#8768,#8769,#8770);
#8768 = CARTESIAN_POINT('',(-4.020170592217,2.966228571429,
    20.114742857143));
#8769 = DIRECTION('',(0.,0.,1.));
#8770 = DIRECTION('',(1.,0.,-0.));
#8771 = ADVANCED_FACE('',(#8772),#8783,.T.);
#8772 = FACE_BOUND('',#8773,.T.);
#8773 = EDGE_LOOP('',(#8774,#8775,#8776,#8777));
#8774 = ORIENTED_EDGE('',*,*,#1091,.T.);
#8775 = ORIENTED_EDGE('',*,*,#5658,.T.);
#8776 = ORIENTED_EDGE('',*,*,#8292,.T.);
#8777 = ORIENTED_EDGE('',*,*,#8778,.F.);
#8778 = EDGE_CURVE('',#1084,#8293,#8779,.T.);
#8779 = LINE('',#8780,#8781);
#8780 = CARTESIAN_POINT('',(-4.370170592217,-0.136685714286,
    20.114742857143));
#8781 = VECTOR('',#8782,1.);
#8782 = DIRECTION('',(1.,0.,0.));
#8783 = PLANE('',#8784);
#8784 = AXIS2_PLACEMENT_3D('',#8785,#8786,#8787);
#8785 = CARTESIAN_POINT('',(-4.020170592217,-0.584535714286,
    20.114742857143));
#8786 = DIRECTION('',(0.,0.,1.));
#8787 = DIRECTION('',(1.,0.,-0.));
#8788 = ADVANCED_FACE('',(#8789),#8795,.T.);
#8789 = FACE_BOUND('',#8790,.T.);
#8790 = EDGE_LOOP('',(#8791,#8792,#8793,#8794));
#8791 = ORIENTED_EDGE('',*,*,#1299,.T.);
#8792 = ORIENTED_EDGE('',*,*,#5085,.T.);
#8793 = ORIENTED_EDGE('',*,*,#8251,.T.);
#8794 = ORIENTED_EDGE('',*,*,#5100,.F.);
#8795 = PLANE('',#8796);
#8796 = AXIS2_PLACEMENT_3D('',#8797,#8798,#8799);
#8797 = CARTESIAN_POINT('',(-4.020170592217,-1.420342857143,
    22.116742857143));
#8798 = DIRECTION('',(0.,1.,0.));
#8799 = DIRECTION('',(0.,-0.,1.));
#8800 = ADVANCED_FACE('',(#8801),#8807,.T.);
#8801 = FACE_BOUND('',#8802,.T.);
#8802 = EDGE_LOOP('',(#8803,#8804,#8805,#8806));
#8803 = ORIENTED_EDGE('',*,*,#1083,.T.);
#8804 = ORIENTED_EDGE('',*,*,#8778,.T.);
#8805 = ORIENTED_EDGE('',*,*,#8300,.T.);
#8806 = ORIENTED_EDGE('',*,*,#5673,.F.);
#8807 = PLANE('',#8808);
#8808 = AXIS2_PLACEMENT_3D('',#8809,#8810,#8811);
#8809 = CARTESIAN_POINT('',(-4.020170592217,-0.136685714286,19.3184));
#8810 = DIRECTION('',(0.,1.,0.));
#8811 = DIRECTION('',(0.,-0.,1.));
#8812 = ADVANCED_FACE('',(#8813),#8819,.T.);
#8813 = FACE_BOUND('',#8814,.T.);
#8814 = EDGE_LOOP('',(#8815,#8816,#8817,#8818));
#8815 = ORIENTED_EDGE('',*,*,#1155,.T.);
#8816 = ORIENTED_EDGE('',*,*,#5483,.T.);
#8817 = ORIENTED_EDGE('',*,*,#8279,.T.);
#8818 = ORIENTED_EDGE('',*,*,#5498,.F.);
#8819 = PLANE('',#8820);
#8820 = AXIS2_PLACEMENT_3D('',#8821,#8822,#8823);
#8821 = CARTESIAN_POINT('',(-4.020170592217,-1.135085714286,
    20.402414285714));
#8822 = DIRECTION('',(0.,1.,0.));
#8823 = DIRECTION('',(0.,-0.,1.));
#8824 = ADVANCED_FACE('',(#8825),#8831,.T.);
#8825 = FACE_BOUND('',#8826,.T.);
#8826 = EDGE_LOOP('',(#8827,#8828,#8829,#8830));
#8827 = ORIENTED_EDGE('',*,*,#963,.T.);
#8828 = ORIENTED_EDGE('',*,*,#5984,.T.);
#8829 = ORIENTED_EDGE('',*,*,#8225,.T.);
#8830 = ORIENTED_EDGE('',*,*,#4750,.F.);
#8831 = PLANE('',#8832);
#8832 = AXIS2_PLACEMENT_3D('',#8833,#8834,#8835);
#8833 = CARTESIAN_POINT('',(-4.020170592217,0.433828571429,
    20.390714285714));
#8834 = DIRECTION('',(-0.,-1.,-0.));
#8835 = DIRECTION('',(0.,0.,-1.));
#8836 = ADVANCED_FACE('',(#8837),#8843,.T.);
#8837 = FACE_BOUND('',#8838,.T.);
#8838 = EDGE_LOOP('',(#8839,#8840,#8841,#8842));
#8839 = ORIENTED_EDGE('',*,*,#1981,.T.);
#8840 = ORIENTED_EDGE('',*,*,#6303,.T.);
#8841 = ORIENTED_EDGE('',*,*,#8347,.T.);
#8842 = ORIENTED_EDGE('',*,*,#6318,.F.);
#8843 = PLANE('',#8844);
#8844 = AXIS2_PLACEMENT_3D('',#8845,#8846,#8847);
#8845 = CARTESIAN_POINT('',(-4.020170592217,-1.990857142857,
    22.111542857143));
#8846 = DIRECTION('',(-0.,-1.,-0.));
#8847 = DIRECTION('',(0.,0.,-1.));
#8848 = ADVANCED_FACE('',(#8849),#8855,.T.);
#8849 = FACE_BOUND('',#8850,.T.);
#8850 = EDGE_LOOP('',(#8851,#8852,#8853,#8854));
#8851 = ORIENTED_EDGE('',*,*,#1917,.T.);
#8852 = ORIENTED_EDGE('',*,*,#6478,.T.);
#8853 = ORIENTED_EDGE('',*,*,#8360,.T.);
#8854 = ORIENTED_EDGE('',*,*,#6493,.F.);
#8855 = PLANE('',#8856);
#8856 = AXIS2_PLACEMENT_3D('',#8857,#8858,#8859);
#8857 = CARTESIAN_POINT('',(-4.020170592217,-2.099314285714,
    22.334028571429));
#8858 = DIRECTION('',(-6.483398796786E-16,-0.598957825591,-0.80078057117
    ));
#8859 = DIRECTION('',(0.,-0.80078057117,0.598957825591));
#8860 = ADVANCED_FACE('',(#8861),#8867,.T.);
#8861 = FACE_BOUND('',#8862,.T.);
#8862 = EDGE_LOOP('',(#8863,#8864,#8865,#8866));
#8863 = ORIENTED_EDGE('',*,*,#1533,.T.);
#8864 = ORIENTED_EDGE('',*,*,#7596,.T.);
#8865 = ORIENTED_EDGE('',*,*,#8418,.T.);
#8866 = ORIENTED_EDGE('',*,*,#7611,.F.);
#8867 = PLANE('',#8868);
#8868 = AXIS2_PLACEMENT_3D('',#8869,#8870,#8871);
#8869 = CARTESIAN_POINT('',(-4.020170592217,-2.157257142857,
    18.465971428571));
#8870 = DIRECTION('',(-0.,-0.820905201786,0.571064488199));
#8871 = DIRECTION('',(0.,-0.571064488199,-0.820905201786));
#8872 = ADVANCED_FACE('',(#8873),#8879,.T.);
#8873 = FACE_BOUND('',#8874,.T.);
#8874 = EDGE_LOOP('',(#8875,#8876,#8877,#8878));
#8875 = ORIENTED_EDGE('',*,*,#1517,.T.);
#8876 = ORIENTED_EDGE('',*,*,#7627,.T.);
#8877 = ORIENTED_EDGE('',*,*,#8425,.T.);
#8878 = ORIENTED_EDGE('',*,*,#7642,.F.);
#8879 = PLANE('',#8880);
#8880 = AXIS2_PLACEMENT_3D('',#8881,#8882,#8883);
#8881 = CARTESIAN_POINT('',(-4.020170592217,-2.133485714286,
    18.674157142857));
#8882 = DIRECTION('',(-0.,-1.,-0.));
#8883 = DIRECTION('',(0.,0.,-1.));
#8884 = ( GEOMETRIC_REPRESENTATION_CONTEXT(3) 
GLOBAL_UNCERTAINTY_ASSIGNED_CONTEXT((#8888)) 
GLOBAL_UNIT_ASSIGNED_CONTEXT((#8885,#8886,#8887)) REPRESENTATION_CONTEXT
('Context #1','3D Context with UNIT and UNCERTAINTY') );
#8885 = ( LENGTH_UNIT() NAMED_UNIT(*) SI_UNIT(.MILLI.,.METRE.) );
#8886 = ( NAMED_UNIT(*) PLANE_ANGLE_UNIT() SI_UNIT($,.RADIAN.) );
#8887 = ( NAMED_UNIT(*) SI_UNIT($,.STERADIAN.) SOLID_ANGLE_UNIT() );
#8888 = UNCERTAINTY_MEASURE_WITH_UNIT(LENGTH_MEASURE(2.E-07),#8885,
  'distance_accuracy_value','confusion accuracy');
#8889 = PRODUCT_RELATED_PRODUCT_CATEGORY('part',$,(#7));
ENDSEC;
END-ISO-10303-21;
