ISO-10303-21;
HEADER;
FILE_DESCRIPTION(('FreeCAD Model'),'2;1');
FILE_NAME('Open CASCADE Shape Model','2026-10-09T08:18:41',('FreeCAD'),(
    'FreeCAD'),'Open CASCADE STEP processor 7.8','FreeCAD','Unknown');
FILE_SCHEMA(('AUTOMOTIVE_DESIGN { 1 0 10303 214 1 1 1 1 }'));
ENDSEC;
DATA;
#1 = APPLICATION_PROTOCOL_DEFINITION('international standard',
  'automotive_design',2000,#2);
#2 = APPLICATION_CONTEXT(
  'core data for automotive mechanical design processes');
#3 = SHAPE_DEFINITION_REPRESENTATION(#4,#10);
#4 = PRODUCT_DEFINITION_SHAPE('','',#5);
#5 = PRODUCT_DEFINITION('design','',#6,#9);
#6 = PRODUCT_DEFINITION_FORMATION('','',#7);
#7 = PRODUCT('Open CASCADE STEP translator 7.8 4',
  'Open CASCADE STEP translator 7.8 4','',(#8));
#8 = PRODUCT_CONTEXT('',#2,'mechanical');
#9 = PRODUCT_DEFINITION_CONTEXT('part definition',#2,'design');
#10 = ADVANCED_BREP_SHAPE_REPRESENTATION('',(#11,#15),#14181);
#11 = AXIS2_PLACEMENT_3D('',#12,#13,#14);
#12 = CARTESIAN_POINT('',(0.,0.,0.));
#13 = DIRECTION('',(0.,0.,1.));
#14 = DIRECTION('',(1.,0.,-0.));
#15 = MANIFOLD_SOLID_BREP('',#16);
#16 = CLOSED_SHELL('',(#17,#3301,#3332,#3400,#3424,#3441,#3472,#3496,
    #3520,#3544,#3568,#3592,#3623,#3647,#3671,#3695,#3719,#3743,#3774,
    #3798,#3822,#3846,#3870,#3894,#3918,#3942,#3973,#3997,#4021,#4045,
    #4069,#4093,#4124,#4148,#4172,#4196,#4220,#4244,#4268,#4292,#4316,
    #4347,#4371,#4395,#4419,#4443,#4467,#4491,#4515,#4546,#4570,#4594,
    #4618,#4642,#4666,#4690,#4714,#4738,#4762,#4786,#4810,#4834,#4865,
    #4889,#4913,#4937,#4961,#4985,#5009,#5040,#5064,#5088,#5112,#5136,
    #5160,#5184,#5208,#5232,#5256,#5280,#5304,#5328,#5352,#5376,#5400,
    #5424,#5448,#5472,#5496,#5520,#5544,#5568,#5592,#5616,#5640,#5664,
    #5688,#5712,#5736,#5760,#5784,#5808,#5832,#5856,#5880,#5904,#5928,
    #5952,#5976,#6000,#6024,#6055,#6079,#6103,#6127,#6158,#6189,#6213,
    #6237,#6261,#6285,#6309,#6333,#6357,#6381,#6405,#6422,#6453,#6477,
    #6501,#6525,#6549,#6573,#6597,#6621,#6645,#6669,#6693,#6717,#6741,
    #6772,#6796,#6820,#6844,#6868,#6892,#6916,#6940,#6964,#6988,#7012,
    #7036,#7067,#7091,#7115,#7139,#7163,#7194,#7218,#7242,#7266,#7290,
    #7314,#7338,#7362,#7386,#7410,#7434,#7458,#7482,#7506,#7537,#7561,
    #7585,#7609,#7633,#7657,#7681,#7705,#7729,#7753,#7777,#7801,#7825,
    #7849,#7873,#7897,#7928,#7952,#7976,#8000,#8024,#8048,#8072,#8096,
    #8120,#8144,#8168,#8192,#8216,#8247,#8271,#8295,#8319,#8343,#8367,
    #8391,#8422,#8446,#8470,#8494,#8518,#8542,#8566,#8590,#8614,#8638,
    #8662,#8686,#8710,#8734,#8758,#8782,#8806,#8830,#8854,#8878,#8902,
    #8926,#8950,#8974,#8998,#9022,#9046,#9070,#9094,#9118,#9142,#9166,
    #9190,#9214,#9238,#9262,#9286,#9310,#9334,#9358,#9382,#9406,#9437,
    #9461,#9485,#9509,#9540,#9571,#9595,#9619,#9643,#9667,#9691,#9715,
    #9739,#9763,#9787,#9804,#9835,#9859,#9883,#9907,#9931,#9955,#9979,
    #10003,#10034,#10058,#10082,#10106,#10130,#10154,#10185,#10209,
    #10233,#10257,#10281,#10305,#10329,#10353,#10384,#10408,#10432,
    #10456,#10480,#10504,#10528,#10552,#10583,#10607,#10631,#10655,
    #10679,#10703,#10727,#10758,#10782,#10806,#10830,#10854,#10878,
    #10909,#10933,#10957,#10981,#11005,#11029,#11053,#11084,#11108,
    #11132,#11156,#11180,#11204,#11228,#11252,#11276,#11300,#11324,
    #11348,#11372,#11403,#11427,#11451,#11475,#11499,#11523,#11547,
    #11571,#11595,#11619,#11643,#11667,#11698,#11722,#11746,#11770,
    #11794,#11825,#11849,#11873,#11897,#11921,#11945,#11969,#11993,
    #12017,#12041,#12065,#12089,#12113,#12137,#12168,#12192,#12216,
    #12240,#12264,#12288,#12312,#12336,#12360,#12384,#12408,#12432,
    #12456,#12480,#12504,#12528,#12540,#12569,#12592,#12615,#12638,
    #12661,#12678,#12773,#12889,#13021,#13137,#13245,#13377,#13408,
    #13432,#13456,#13480,#13504,#13521,#13552,#13576,#13600,#13617,
    #13648,#13672,#13696,#13713,#13727,#13739,#13751,#13768,#13780,
    #13792,#13804,#13816,#13828,#13840,#13852,#13864,#13876,#13888,
    #13900,#13912,#13924,#13936,#13948,#13960,#13972,#13984,#13996,
    #14008,#14020,#14032,#14044,#14056,#14068,#14080,#14092,#14109,
    #14121,#14133,#14145,#14157,#14169));
#17 = ADVANCED_FACE('',(#18,#52,#454,#1120,#1642,#2308,#2774),#3296,.F.
  );
#18 = FACE_BOUND('',#19,.F.);
#19 = EDGE_LOOP('',(#20,#30,#38,#46));
#20 = ORIENTED_EDGE('',*,*,#21,.F.);
#21 = EDGE_CURVE('',#22,#24,#26,.T.);
#22 = VERTEX_POINT('',#23);
#23 = CARTESIAN_POINT('',(-8.888972745734,-8.888972745734,-3.));
#24 = VERTEX_POINT('',#25);
#25 = CARTESIAN_POINT('',(-8.888972745734,-8.888972745734,80.8));
#26 = LINE('',#27,#28);
#27 = CARTESIAN_POINT('',(-8.888972745734,-8.888972745734,-3.));
#28 = VECTOR('',#29,1.);
#29 = DIRECTION('',(0.,0.,1.));
#30 = ORIENTED_EDGE('',*,*,#31,.T.);
#31 = EDGE_CURVE('',#22,#32,#34,.T.);
#32 = VERTEX_POINT('',#33);
#33 = CARTESIAN_POINT('',(-8.888972745734,8.888972745734,-3.));
#34 = LINE('',#35,#36);
#35 = CARTESIAN_POINT('',(-8.888972745734,-8.888972745734,-3.));
#36 = VECTOR('',#37,1.);
#37 = DIRECTION('',(-0.,1.,0.));
#38 = ORIENTED_EDGE('',*,*,#39,.T.);
#39 = EDGE_CURVE('',#32,#40,#42,.T.);
#40 = VERTEX_POINT('',#41);
#41 = CARTESIAN_POINT('',(-8.888972745734,8.888972745734,80.8));
#42 = LINE('',#43,#44);
#43 = CARTESIAN_POINT('',(-8.888972745734,8.888972745734,-3.));
#44 = VECTOR('',#45,1.);
#45 = DIRECTION('',(0.,0.,1.));
#46 = ORIENTED_EDGE('',*,*,#47,.F.);
#47 = EDGE_CURVE('',#24,#40,#48,.T.);
#48 = LINE('',#49,#50);
#49 = CARTESIAN_POINT('',(-8.888972745734,-8.888972745734,80.8));
#50 = VECTOR('',#51,1.);
#51 = DIRECTION('',(-0.,1.,0.));
#52 = FACE_BOUND('',#53,.F.);
#53 = EDGE_LOOP('',(#54,#64,#72,#80,#88,#96,#104,#112,#120,#128,#136,
    #144,#152,#160,#168,#176,#184,#192,#200,#208,#216,#224,#232,#240,
    #248,#256,#264,#272,#280,#288,#296,#304,#312,#320,#328,#336,#344,
    #352,#360,#368,#376,#384,#392,#400,#408,#416,#424,#432,#440,#448));
#54 = ORIENTED_EDGE('',*,*,#55,.T.);
#55 = EDGE_CURVE('',#56,#58,#60,.T.);
#56 = VERTEX_POINT('',#57);
#57 = CARTESIAN_POINT('',(-8.888972745734,7.600728571429,41.832042857143
    ));
#58 = VERTEX_POINT('',#59);
#59 = CARTESIAN_POINT('',(-8.888972745734,7.5829,41.826285714286));
#60 = LINE('',#61,#62);
#61 = CARTESIAN_POINT('',(-8.888972745734,-6.429471303449,37.30145748088
    ));
#62 = VECTOR('',#63,1.);
#63 = DIRECTION('',(0.,-0.951615146191,-0.307292390957));
#64 = ORIENTED_EDGE('',*,*,#65,.T.);
#65 = EDGE_CURVE('',#58,#66,#68,.T.);
#66 = VERTEX_POINT('',#67);
#67 = CARTESIAN_POINT('',(-8.888972745734,6.982857142857,41.826285714286
    ));
#68 = LINE('',#69,#70);
#69 = CARTESIAN_POINT('',(-8.888972745734,-0.953057801439,
    41.826285714286));
#70 = VECTOR('',#71,1.);
#71 = DIRECTION('',(0.,-1.,0.));
#72 = ORIENTED_EDGE('',*,*,#73,.T.);
#73 = EDGE_CURVE('',#66,#74,#76,.T.);
#74 = VERTEX_POINT('',#75);
#75 = CARTESIAN_POINT('',(-8.888972745734,6.982857142857,38.5059));
#76 = LINE('',#77,#78);
#77 = CARTESIAN_POINT('',(-8.888972745734,6.982857142857,17.75295));
#78 = VECTOR('',#79,1.);
#79 = DIRECTION('',(0.,-0.,-1.));
#80 = ORIENTED_EDGE('',*,*,#81,.T.);
#81 = EDGE_CURVE('',#74,#82,#84,.T.);
#82 = VERTEX_POINT('',#83);
#83 = CARTESIAN_POINT('',(-8.888972745734,6.9771,38.488814285714));
#84 = LINE('',#85,#86);
#85 = CARTESIAN_POINT('',(-8.888972745734,-0.109021710955,
    17.459033724169));
#86 = VECTOR('',#87,1.);
#87 = DIRECTION('',(0.,-0.319316245627,-0.947648212829));
#88 = ORIENTED_EDGE('',*,*,#89,.T.);
#89 = EDGE_CURVE('',#82,#90,#92,.T.);
#90 = VERTEX_POINT('',#91);
#91 = CARTESIAN_POINT('',(-8.888972745734,6.965028571429,38.471728571429
    ));
#92 = LINE('',#93,#94);
#93 = CARTESIAN_POINT('',(-8.888972745734,-5.446670239437,
    20.904401023741));
#94 = VECTOR('',#95,1.);
#95 = DIRECTION('',(0.,-0.577031680865,-0.816721763686));
#96 = ORIENTED_EDGE('',*,*,#97,.T.);
#97 = EDGE_CURVE('',#90,#98,#100,.T.);
#98 = VERTEX_POINT('',#99);
#99 = CARTESIAN_POINT('',(-8.888972745734,6.953328571429,38.454457142857
    ));
#100 = LINE('',#101,#102);
#101 = CARTESIAN_POINT('',(-8.888972745734,-5.162686578667,
    20.568910968906));
#102 = VECTOR('',#103,1.);
#103 = DIRECTION('',(0.,-0.56084814517,-0.827918690488));
#104 = ORIENTED_EDGE('',*,*,#105,.T.);
#105 = EDGE_CURVE('',#98,#106,#108,.T.);
#106 = VERTEX_POINT('',#107);
#107 = CARTESIAN_POINT('',(-8.888972745734,6.9355,38.437371428571));
#108 = LINE('',#109,#110);
#109 = CARTESIAN_POINT('',(-8.888972745734,-7.538855352993,
    24.566114215287));
#110 = VECTOR('',#111,1.);
#111 = DIRECTION('',(0.,-0.721988205115,-0.691905363236));
#112 = ORIENTED_EDGE('',*,*,#113,.T.);
#113 = EDGE_CURVE('',#106,#114,#116,.T.);
#114 = VERTEX_POINT('',#115);
#115 = CARTESIAN_POINT('',(-8.888972745734,6.917485714286,
    38.426042857143));
#116 = LINE('',#117,#118);
#117 = CARTESIAN_POINT('',(-8.888972745734,-8.080262314505,
    28.994469354501));
#118 = VECTOR('',#119,1.);
#119 = DIRECTION('',(0.,-0.846524186767,-0.532350261781));
#120 = ORIENTED_EDGE('',*,*,#121,.T.);
#121 = EDGE_CURVE('',#114,#122,#124,.T.);
#122 = VERTEX_POINT('',#123);
#123 = CARTESIAN_POINT('',(-8.888972745734,6.899657142857,
    38.414528571429));
#124 = LINE('',#125,#126);
#125 = CARTESIAN_POINT('',(-8.888972745734,-8.108278810834,
    28.721903268003));
#126 = VECTOR('',#127,1.);
#127 = DIRECTION('',(0.,-0.840039377769,-0.542525431476));
#128 = ORIENTED_EDGE('',*,*,#129,.T.);
#129 = EDGE_CURVE('',#122,#130,#132,.T.);
#130 = VERTEX_POINT('',#131);
#131 = CARTESIAN_POINT('',(-8.888972745734,6.881828571429,
    38.408957142857));
#132 = LINE('',#133,#134);
#133 = CARTESIAN_POINT('',(-8.888972745734,-6.196537458148,
    34.321967758614));
#134 = VECTOR('',#135,1.);
#135 = DIRECTION('',(0.,-0.954479978035,-0.298274993136));
#136 = ORIENTED_EDGE('',*,*,#137,.T.);
#137 = EDGE_CURVE('',#130,#138,#140,.T.);
#138 = VERTEX_POINT('',#139);
#139 = CARTESIAN_POINT('',(-8.888972745734,6.864,38.4032));
#140 = LINE('',#141,#142);
#141 = CARTESIAN_POINT('',(-8.888972745734,-6.322367300024,
    34.145102226034));
#142 = VECTOR('',#143,1.);
#143 = DIRECTION('',(0.,-0.951615146191,-0.307292390957));
#144 = ORIENTED_EDGE('',*,*,#145,.T.);
#145 = EDGE_CURVE('',#138,#146,#148,.T.);
#146 = VERTEX_POINT('',#147);
#147 = CARTESIAN_POINT('',(-8.888972745734,6.537885714286,38.4032));
#148 = LINE('',#149,#150);
#149 = CARTESIAN_POINT('',(-8.888972745734,-1.175543515724,38.4032));
#150 = VECTOR('',#151,1.);
#151 = DIRECTION('',(0.,-1.,0.));
#152 = ORIENTED_EDGE('',*,*,#153,.T.);
#153 = EDGE_CURVE('',#146,#154,#156,.T.);
#154 = VERTEX_POINT('',#155);
#155 = CARTESIAN_POINT('',(-8.888972745734,6.515042857143,
    38.408957142857));
#156 = LINE('',#157,#158);
#157 = CARTESIAN_POINT('',(-8.888972745734,4.179586099212,
    38.997568195669));
#158 = VECTOR('',#159,1.);
#159 = DIRECTION('',(0.,-0.969676988372,0.244390135281));
#160 = ORIENTED_EDGE('',*,*,#161,.T.);
#161 = EDGE_CURVE('',#154,#162,#164,.T.);
#162 = VERTEX_POINT('',#163);
#163 = CARTESIAN_POINT('',(-8.888972745734,6.4922,38.420285714286));
#164 = LINE('',#165,#166);
#165 = CARTESIAN_POINT('',(-8.888972745734,8.563145391089,
    37.393231495941));
#166 = VECTOR('',#167,1.);
#167 = DIRECTION('',(0.,-0.895879160097,0.444297794845));
#168 = ORIENTED_EDGE('',*,*,#169,.T.);
#169 = EDGE_CURVE('',#162,#170,#172,.T.);
#170 = VERTEX_POINT('',#171);
#171 = CARTESIAN_POINT('',(-8.888972745734,6.469357142857,38.4318));
#172 = LINE('',#173,#174);
#173 = CARTESIAN_POINT('',(-8.888972745734,8.672559955156,
    37.321242484857));
#174 = VECTOR('',#175,1.);
#175 = DIRECTION('',(0.,-0.892970492237,0.450115207469));
#176 = ORIENTED_EDGE('',*,*,#177,.T.);
#177 = EDGE_CURVE('',#170,#178,#180,.T.);
#178 = VERTEX_POINT('',#179);
#179 = CARTESIAN_POINT('',(-8.888972745734,6.446514285714,
    38.448885714286));
#180 = LINE('',#181,#182);
#181 = CARTESIAN_POINT('',(-8.888972745734,11.469720479163,
    34.691690837885));
#182 = VECTOR('',#183,1.);
#183 = DIRECTION('',(0.,-0.80078057117,0.598957825591));
#184 = ORIENTED_EDGE('',*,*,#185,.T.);
#185 = EDGE_CURVE('',#178,#186,#188,.T.);
#186 = VERTEX_POINT('',#187);
#187 = CARTESIAN_POINT('',(-8.888972745734,6.435185714286,
    38.471728571429));
#188 = LINE('',#189,#190);
#189 = CARTESIAN_POINT('',(-8.888972745734,13.176331227328,
    24.878926963163));
#190 = VECTOR('',#191,1.);
#191 = DIRECTION('',(0.,-0.444297794845,0.895879160097));
#192 = ORIENTED_EDGE('',*,*,#193,.T.);
#193 = EDGE_CURVE('',#186,#194,#196,.T.);
#194 = VERTEX_POINT('',#195);
#195 = CARTESIAN_POINT('',(-8.888972745734,6.423671428571,
    38.488814285714));
#196 = LINE('',#197,#198);
#197 = CARTESIAN_POINT('',(-8.888972745734,13.646225559205,
    27.771475898322));
#198 = VECTOR('',#199,1.);
#199 = DIRECTION('',(0.,-0.558853462072,0.829266427591));
#200 = ORIENTED_EDGE('',*,*,#201,.T.);
#201 = EDGE_CURVE('',#194,#202,#204,.T.);
#202 = VERTEX_POINT('',#203);
#203 = CARTESIAN_POINT('',(-8.888972745734,6.4181,38.517228571429));
#204 = LINE('',#205,#206);
#205 = CARTESIAN_POINT('',(-8.888972745734,10.054360514042,
    19.972299949814));
#206 = VECTOR('',#207,1.);
#207 = DIRECTION('',(0.,-0.192414460721,0.981313749677));
#208 = ORIENTED_EDGE('',*,*,#209,.T.);
#209 = EDGE_CURVE('',#202,#210,#212,.T.);
#210 = VERTEX_POINT('',#211);
#211 = CARTESIAN_POINT('',(-8.888972745734,6.412342857143,
    38.540071428571));
#212 = LINE('',#213,#214);
#213 = CARTESIAN_POINT('',(-8.888972745734,10.877468030007,
    20.823607033012));
#214 = VECTOR('',#215,1.);
#215 = DIRECTION('',(0.,-0.244390135281,0.969676988372));
#216 = ORIENTED_EDGE('',*,*,#217,.T.);
#217 = EDGE_CURVE('',#210,#218,#220,.T.);
#218 = VERTEX_POINT('',#219);
#219 = CARTESIAN_POINT('',(-8.888972745734,6.412342857143,
    41.826285714286));
#220 = LINE('',#221,#222);
#221 = CARTESIAN_POINT('',(-8.888972745734,6.412342857143,
    19.413142857143));
#222 = VECTOR('',#223,1.);
#223 = DIRECTION('',(0.,0.,1.));
#224 = ORIENTED_EDGE('',*,*,#225,.T.);
#225 = EDGE_CURVE('',#218,#226,#228,.T.);
#226 = VERTEX_POINT('',#227);
#227 = CARTESIAN_POINT('',(-8.888972745734,5.796142857143,
    41.826285714286));
#228 = LINE('',#229,#230);
#229 = CARTESIAN_POINT('',(-8.888972745734,-1.546414944296,
    41.826285714286));
#230 = VECTOR('',#231,1.);
#231 = DIRECTION('',(0.,-1.,0.));
#232 = ORIENTED_EDGE('',*,*,#233,.T.);
#233 = EDGE_CURVE('',#226,#234,#236,.T.);
#234 = VERTEX_POINT('',#235);
#235 = CARTESIAN_POINT('',(-8.888972745734,5.779057142857,
    41.838357142857));
#236 = LINE('',#237,#238);
#237 = CARTESIAN_POINT('',(-8.888972745734,11.452600004282,
    37.829875773372));
#238 = VECTOR('',#239,1.);
#239 = DIRECTION('',(0.,-0.816721763686,0.577031680865));
#240 = ORIENTED_EDGE('',*,*,#241,.T.);
#241 = EDGE_CURVE('',#234,#242,#244,.T.);
#242 = VERTEX_POINT('',#243);
#243 = CARTESIAN_POINT('',(-8.888972745734,5.761971428571,41.8443));
#244 = LINE('',#245,#246);
#245 = CARTESIAN_POINT('',(-8.888972745734,6.18440121929,41.69736789888)
  );
#246 = VECTOR('',#247,1.);
#247 = DIRECTION('',(0.,-0.944496796706,0.328520624941));
#248 = ORIENTED_EDGE('',*,*,#249,.T.);
#249 = EDGE_CURVE('',#242,#250,#252,.T.);
#250 = VERTEX_POINT('',#251);
#251 = CARTESIAN_POINT('',(-8.888972745734,5.739128571429,
    41.868628571429));
#252 = LINE('',#253,#254);
#253 = CARTESIAN_POINT('',(-8.888972745734,13.507163061117,
    33.595356066151));
#254 = VECTOR('',#255,1.);
#255 = DIRECTION('',(0.,-0.68449627479,0.729016357703));
#256 = ORIENTED_EDGE('',*,*,#257,.T.);
#257 = EDGE_CURVE('',#250,#258,#260,.T.);
#258 = VERTEX_POINT('',#259);
#259 = CARTESIAN_POINT('',(-8.888972745734,5.722042857143,
    41.892771428571));
#260 = LINE('',#261,#262);
#261 = CARTESIAN_POINT('',(-8.888972745734,13.868429669613,
    30.381572671821));
#262 = VECTOR('',#263,1.);
#263 = DIRECTION('',(0.,-0.577668857514,0.816271211705));
#264 = ORIENTED_EDGE('',*,*,#265,.T.);
#265 = EDGE_CURVE('',#258,#266,#268,.T.);
#266 = VERTEX_POINT('',#267);
#267 = CARTESIAN_POINT('',(-8.888972745734,5.704957142857,
    41.922857142857));
#268 = LINE('',#269,#270);
#269 = CARTESIAN_POINT('',(-8.888972745734,13.570683204285,
    28.072339512951));
#270 = VECTOR('',#271,1.);
#271 = DIRECTION('',(0.,-0.493824955141,0.869561334053));
#272 = ORIENTED_EDGE('',*,*,#273,.T.);
#273 = EDGE_CURVE('',#266,#274,#276,.T.);
#274 = VERTEX_POINT('',#275);
#275 = CARTESIAN_POINT('',(-8.888972745734,5.6992,41.953128571429));
#276 = LINE('',#277,#278);
#277 = CARTESIAN_POINT('',(-8.888972745734,9.570048613563,
    21.599956829146));
#278 = VECTOR('',#279,1.);
#279 = DIRECTION('',(0.,-0.186835151334,0.982391279596));
#280 = ORIENTED_EDGE('',*,*,#281,.T.);
#281 = EDGE_CURVE('',#274,#282,#284,.T.);
#282 = VERTEX_POINT('',#283);
#283 = CARTESIAN_POINT('',(-8.888972745734,5.6992,42.287228571429));
#284 = LINE('',#285,#286);
#285 = CARTESIAN_POINT('',(-8.888972745734,5.6992,19.643614285714));
#286 = VECTOR('',#287,1.);
#287 = DIRECTION('',(0.,0.,1.));
#288 = ORIENTED_EDGE('',*,*,#289,.T.);
#289 = EDGE_CURVE('',#282,#290,#292,.T.);
#290 = VERTEX_POINT('',#291);
#291 = CARTESIAN_POINT('',(-8.888972745734,5.710528571429,
    42.308957142857));
#292 = LINE('',#293,#294);
#293 = CARTESIAN_POINT('',(-8.888972745734,-5.136535516157,
    21.503932581422));
#294 = VECTOR('',#295,1.);
#295 = DIRECTION('',(0.,0.462306978832,0.886719943005));
#296 = ORIENTED_EDGE('',*,*,#297,.T.);
#297 = EDGE_CURVE('',#290,#298,#300,.T.);
#298 = VERTEX_POINT('',#299);
#299 = CARTESIAN_POINT('',(-8.888972745734,5.716285714286,
    42.325671428571));
#300 = LINE('',#301,#302);
#301 = CARTESIAN_POINT('',(-8.888972745734,-2.036405857604,19.8178571876
    ));
#302 = VECTOR('',#303,1.);
#303 = DIRECTION('',(0.,0.325666906351,0.945484566827));
#304 = ORIENTED_EDGE('',*,*,#305,.T.);
#305 = EDGE_CURVE('',#298,#306,#308,.T.);
#306 = VERTEX_POINT('',#307);
#307 = CARTESIAN_POINT('',(-8.888972745734,5.7278,42.342014285714));
#308 = LINE('',#309,#310);
#309 = CARTESIAN_POINT('',(-8.888972745734,-7.370789246525,
    23.750468258389));
#310 = VECTOR('',#311,1.);
#311 = DIRECTION('',(0.,0.575953532433,0.817482433131));
#312 = ORIENTED_EDGE('',*,*,#313,.T.);
#313 = EDGE_CURVE('',#306,#314,#316,.T.);
#314 = VERTEX_POINT('',#315);
#315 = CARTESIAN_POINT('',(-8.888972745734,5.744885714286,
    42.358357142857));
#316 = LINE('',#317,#318);
#317 = CARTESIAN_POINT('',(-8.888972745734,-9.404492291458,
    27.867647746059));
#318 = VECTOR('',#319,1.);
#319 = DIRECTION('',(0.,0.722641857148,0.691222645967));
#320 = ORIENTED_EDGE('',*,*,#321,.T.);
#321 = EDGE_CURVE('',#314,#322,#324,.T.);
#322 = VERTEX_POINT('',#323);
#323 = CARTESIAN_POINT('',(-8.888972745734,5.761971428571,
    42.369314285714));
#324 = LINE('',#325,#326);
#325 = CARTESIAN_POINT('',(-8.888972745734,-9.736991712248,
    32.42976183671));
#326 = VECTOR('',#327,1.);
#327 = DIRECTION('',(0.,0.841772532358,0.539832384882));
#328 = ORIENTED_EDGE('',*,*,#329,.T.);
#329 = EDGE_CURVE('',#322,#330,#332,.T.);
#330 = VERTEX_POINT('',#331);
#331 = CARTESIAN_POINT('',(-8.888972745734,5.779057142857,
    42.380457142857));
#332 = LINE('',#333,#334);
#333 = CARTESIAN_POINT('',(-8.888972745734,-9.748559253264,
    32.253750797561));
#334 = VECTOR('',#335,1.);
#335 = DIRECTION('',(0.,0.837610596839,0.546267780547));
#336 = ORIENTED_EDGE('',*,*,#337,.T.);
#337 = EDGE_CURVE('',#330,#338,#340,.T.);
#338 = VERTEX_POINT('',#339);
#339 = CARTESIAN_POINT('',(-8.888972745734,5.796142857143,
    42.391228571429));
#340 = LINE('',#341,#342);
#341 = CARTESIAN_POINT('',(-8.888972745734,-9.696857401561,
    32.623902321376));
#342 = VECTOR('',#343,1.);
#343 = DIRECTION('',(0.,0.845925602596,0.533300923376));
#344 = ORIENTED_EDGE('',*,*,#345,.T.);
#345 = EDGE_CURVE('',#338,#346,#348,.T.);
#346 = VERTEX_POINT('',#347);
#347 = CARTESIAN_POINT('',(-8.888972745734,5.818985714286,42.3968));
#348 = LINE('',#349,#350);
#349 = CARTESIAN_POINT('',(-8.888972745734,-6.347428146268,
    39.429381985231));
#350 = VECTOR('',#351,1.);
#351 = DIRECTION('',(0.,0.971520338783,0.236956180191));
#352 = ORIENTED_EDGE('',*,*,#353,.T.);
#353 = EDGE_CURVE('',#346,#354,#356,.T.);
#354 = VERTEX_POINT('',#355);
#355 = CARTESIAN_POINT('',(-8.888972745734,7.587542857143,42.3968));
#356 = LINE('',#357,#358);
#357 = CARTESIAN_POINT('',(-8.888972745734,-0.650714944296,42.3968));
#358 = VECTOR('',#359,1.);
#359 = DIRECTION('',(0.,1.,0.));
#360 = ORIENTED_EDGE('',*,*,#361,.T.);
#361 = EDGE_CURVE('',#354,#362,#364,.T.);
#362 = VERTEX_POINT('',#363);
#363 = CARTESIAN_POINT('',(-8.888972745734,7.6219,42.385285714286));
#364 = LINE('',#365,#366);
#365 = CARTESIAN_POINT('',(-8.888972745734,7.037232782843,
    42.581228241117));
#366 = VECTOR('',#367,1.);
#367 = DIRECTION('',(-0.,0.948169527976,-0.317764922889));
#368 = ORIENTED_EDGE('',*,*,#369,.T.);
#369 = EDGE_CURVE('',#362,#370,#372,.T.);
#370 = VERTEX_POINT('',#371);
#371 = CARTESIAN_POINT('',(-8.888972745734,7.644742857143,
    42.368014285714));
#372 = LINE('',#373,#374);
#373 = CARTESIAN_POINT('',(-8.888972745734,13.297575981425,
    38.093920947842));
#374 = VECTOR('',#375,1.);
#375 = DIRECTION('',(-0.,0.797659331282,-0.603108274872));
#376 = ORIENTED_EDGE('',*,*,#377,.T.);
#377 = EDGE_CURVE('',#370,#378,#380,.T.);
#378 = VERTEX_POINT('',#379);
#379 = CARTESIAN_POINT('',(-8.888972745734,7.6674,42.344985714286));
#380 = LINE('',#381,#382);
#381 = CARTESIAN_POINT('',(-8.888972745734,14.930352609686,
    34.962968307719));
#382 = VECTOR('',#383,1.);
#383 = DIRECTION('',(-0.,0.70133476746,-0.712832058729));
#384 = ORIENTED_EDGE('',*,*,#385,.T.);
#385 = EDGE_CURVE('',#378,#386,#388,.T.);
#386 = VERTEX_POINT('',#387);
#387 = CARTESIAN_POINT('',(-8.888972745734,7.678914285714,
    42.327714285714));
#388 = LINE('',#389,#390);
#389 = CARTESIAN_POINT('',(-8.888972745734,15.59025034681,
    30.460710194071));
#390 = VECTOR('',#391,1.);
#391 = DIRECTION('',(-0.,0.554700196225,-0.832050294338));
#392 = ORIENTED_EDGE('',*,*,#393,.T.);
#393 = EDGE_CURVE('',#386,#394,#396,.T.);
#394 = VERTEX_POINT('',#395);
#395 = CARTESIAN_POINT('',(-8.888972745734,7.690242857143,
    42.304685714286));
#396 = LINE('',#397,#398);
#397 = CARTESIAN_POINT('',(-8.888972745734,15.047246090231,
    27.349466027353));
#398 = VECTOR('',#399,1.);
#399 = DIRECTION('',(-0.,0.441415176703,-0.897302982151));
#400 = ORIENTED_EDGE('',*,*,#401,.T.);
#401 = EDGE_CURVE('',#394,#402,#404,.T.);
#402 = VERTEX_POINT('',#403);
#403 = CARTESIAN_POINT('',(-8.888972745734,7.696,42.287414285714));
#404 = LINE('',#405,#406);
#405 = CARTESIAN_POINT('',(-8.888972745734,13.65986350557,
    24.395823769003));
#406 = VECTOR('',#407,1.);
#407 = DIRECTION('',(-0.,0.316227766017,-0.948683298051));
#408 = ORIENTED_EDGE('',*,*,#409,.T.);
#409 = EDGE_CURVE('',#402,#410,#412,.T.);
#410 = VERTEX_POINT('',#411);
#411 = CARTESIAN_POINT('',(-8.888972745734,7.696,41.9301));
#412 = LINE('',#413,#414);
#413 = CARTESIAN_POINT('',(-8.888972745734,7.696,19.46505));
#414 = VECTOR('',#415,1.);
#415 = DIRECTION('',(0.,-0.,-1.));
#416 = ORIENTED_EDGE('',*,*,#417,.T.);
#417 = EDGE_CURVE('',#410,#418,#420,.T.);
#418 = VERTEX_POINT('',#419);
#419 = CARTESIAN_POINT('',(-8.888972745734,7.684114285714,
    41.901128571429));
#420 = LINE('',#421,#422);
#421 = CARTESIAN_POINT('',(-8.888972745734,-1.393267399323,
    19.77501071415));
#422 = VECTOR('',#423,1.);
#423 = DIRECTION('',(0.,-0.379556356256,-0.925168618375));
#424 = ORIENTED_EDGE('',*,*,#425,.T.);
#425 = EDGE_CURVE('',#418,#426,#428,.T.);
#426 = VERTEX_POINT('',#427);
#427 = CARTESIAN_POINT('',(-8.888972745734,7.666285714286,41.8781));
#428 = LINE('',#429,#430);
#429 = CARTESIAN_POINT('',(-8.888972745734,-6.297648987397,
    23.841351010327));
#430 = VECTOR('',#431,1.);
#431 = DIRECTION('',(0.,-0.612173192991,-0.790723707614));
#432 = ORIENTED_EDGE('',*,*,#433,.T.);
#433 = EDGE_CURVE('',#426,#434,#436,.T.);
#434 = VERTEX_POINT('',#435);
#435 = CARTESIAN_POINT('',(-8.888972745734,7.642514285714,
    41.855257142857));
#436 = LINE('',#437,#438);
#437 = CARTESIAN_POINT('',(-8.888972745734,-7.859866509202,
    26.958438097742));
#438 = VECTOR('',#439,1.);
#439 = DIRECTION('',(0.,-0.721049524719,-0.69288352766));
#440 = ORIENTED_EDGE('',*,*,#441,.T.);
#441 = EDGE_CURVE('',#434,#442,#444,.T.);
#442 = VERTEX_POINT('',#443);
#443 = CARTESIAN_POINT('',(-8.888972745734,7.624685714286,
    41.843557142857));
#444 = LINE('',#445,#446);
#445 = CARTESIAN_POINT('',(-8.888972745734,-8.431579358431,
    31.306633188887));
#446 = VECTOR('',#447,1.);
#447 = DIRECTION('',(0.,-0.836047910837,-0.548656441487));
#448 = ORIENTED_EDGE('',*,*,#449,.T.);
#449 = EDGE_CURVE('',#442,#56,#450,.T.);
#450 = LINE('',#451,#452);
#451 = CARTESIAN_POINT('',(-8.888972745734,-7.848912590161,
    34.406633926766));
#452 = VECTOR('',#453,1.);
#453 = DIRECTION('',(0.,-0.901304887575,-0.433185294803));
#454 = FACE_BOUND('',#455,.F.);
#455 = EDGE_LOOP('',(#456,#466,#474,#482,#490,#498,#506,#514,#522,#530,
    #538,#546,#554,#562,#570,#578,#586,#594,#602,#610,#618,#626,#634,
    #642,#650,#658,#666,#674,#682,#690,#698,#706,#714,#722,#730,#738,
    #746,#754,#762,#770,#778,#786,#794,#802,#810,#818,#826,#834,#842,
    #850,#858,#866,#874,#882,#890,#898,#906,#914,#922,#930,#938,#946,
    #954,#962,#970,#978,#986,#994,#1002,#1010,#1018,#1026,#1034,#1042,
    #1050,#1058,#1066,#1074,#1082,#1090,#1098,#1106,#1114));
#456 = ORIENTED_EDGE('',*,*,#457,.T.);
#457 = EDGE_CURVE('',#458,#460,#462,.T.);
#458 = VERTEX_POINT('',#459);
#459 = CARTESIAN_POINT('',(-8.888972745734,4.900442857143,
    41.832042857143));
#460 = VERTEX_POINT('',#461);
#461 = CARTESIAN_POINT('',(-8.888972745734,4.866271428571,
    41.826285714286));
#462 = LINE('',#463,#464);
#463 = CARTESIAN_POINT('',(-8.888972745734,-5.493418959451,
    40.080903094564));
#464 = VECTOR('',#465,1.);
#465 = DIRECTION('',(0.,-0.98610270304,-0.166136868447));
#466 = ORIENTED_EDGE('',*,*,#467,.T.);
#467 = EDGE_CURVE('',#460,#468,#470,.T.);
#468 = VERTEX_POINT('',#469);
#469 = CARTESIAN_POINT('',(-8.888972745734,4.415542857143,
    41.826285714286));
#470 = LINE('',#471,#472);
#471 = CARTESIAN_POINT('',(-8.888972745734,-2.236714944296,
    41.826285714286));
#472 = VECTOR('',#473,1.);
#473 = DIRECTION('',(0.,-1.,0.));
#474 = ORIENTED_EDGE('',*,*,#475,.T.);
#475 = EDGE_CURVE('',#468,#476,#478,.T.);
#476 = VERTEX_POINT('',#477);
#477 = CARTESIAN_POINT('',(-8.888972745734,4.415542857143,
    38.973714285714));
#478 = LINE('',#479,#480);
#479 = CARTESIAN_POINT('',(-8.888972745734,4.415542857143,
    17.986857142857));
#480 = VECTOR('',#481,1.);
#481 = DIRECTION('',(0.,-0.,-1.));
#482 = ORIENTED_EDGE('',*,*,#483,.T.);
#483 = EDGE_CURVE('',#476,#484,#486,.T.);
#484 = VERTEX_POINT('',#485);
#485 = CARTESIAN_POINT('',(-8.888972745734,4.854757142857,
    38.973714285714));
#486 = LINE('',#487,#488);
#487 = CARTESIAN_POINT('',(-8.888972745734,-2.017107801439,
    38.973714285714));
#488 = VECTOR('',#489,1.);
#489 = DIRECTION('',(0.,1.,0.));
#490 = ORIENTED_EDGE('',*,*,#491,.T.);
#491 = EDGE_CURVE('',#484,#492,#494,.T.);
#492 = VERTEX_POINT('',#493);
#493 = CARTESIAN_POINT('',(-8.888972745734,4.8776,38.967957142857));
#494 = LINE('',#495,#496);
#495 = CARTESIAN_POINT('',(-8.888972745734,3.378201041501,
    39.345854441341));
#496 = VECTOR('',#497,1.);
#497 = DIRECTION('',(-0.,0.969676988372,-0.244390135281));
#498 = ORIENTED_EDGE('',*,*,#499,.T.);
#499 = EDGE_CURVE('',#492,#500,#502,.T.);
#500 = VERTEX_POINT('',#501);
#501 = CARTESIAN_POINT('',(-8.888972745734,4.900442857143,
    38.962385714286));
#502 = LINE('',#503,#504);
#503 = CARTESIAN_POINT('',(-8.888972745734,3.22289387186,39.371544003379
    ));
#504 = VECTOR('',#505,1.);
#505 = DIRECTION('',(-0.,0.971520338783,-0.236956180191));
#506 = ORIENTED_EDGE('',*,*,#507,.T.);
#507 = EDGE_CURVE('',#500,#508,#510,.T.);
#508 = VERTEX_POINT('',#509);
#509 = CARTESIAN_POINT('',(-8.888972745734,4.917528571429,
    38.950871428571));
#510 = LINE('',#511,#512);
#511 = CARTESIAN_POINT('',(-8.888972745734,9.891104435911,
    35.599113780768));
#512 = VECTOR('',#513,1.);
#513 = DIRECTION('',(-0.,0.829266427591,-0.558853462072));
#514 = ORIENTED_EDGE('',*,*,#515,.T.);
#515 = EDGE_CURVE('',#508,#516,#518,.T.);
#516 = VERTEX_POINT('',#517);
#517 = CARTESIAN_POINT('',(-8.888972745734,4.9348,38.939542857143));
#518 = LINE('',#519,#520);
#519 = CARTESIAN_POINT('',(-8.888972745734,9.719004371492,
    35.801516333906));
#520 = VECTOR('',#521,1.);
#521 = DIRECTION('',(-0.,0.836176771121,-0.548460032671));
#522 = ORIENTED_EDGE('',*,*,#523,.T.);
#523 = EDGE_CURVE('',#516,#524,#526,.T.);
#524 = VERTEX_POINT('',#525);
#525 = CARTESIAN_POINT('',(-8.888972745734,4.951885714286,
    38.922457142857));
#526 = LINE('',#527,#528);
#527 = CARTESIAN_POINT('',(-8.888972745734,11.972285384995,
    31.902057472148));
#528 = VECTOR('',#529,1.);
#529 = DIRECTION('',(-0.,0.707106781187,-0.707106781187));
#530 = ORIENTED_EDGE('',*,*,#531,.T.);
#531 = EDGE_CURVE('',#524,#532,#534,.T.);
#532 = VERTEX_POINT('',#533);
#533 = CARTESIAN_POINT('',(-8.888972745734,4.968971428571,
    38.899614285714));
#534 = LINE('',#535,#536);
#535 = CARTESIAN_POINT('',(-8.888972745734,12.531434781384,
    28.788929585758));
#536 = VECTOR('',#537,1.);
#537 = DIRECTION('',(-0.,0.598957825591,-0.80078057117));
#538 = ORIENTED_EDGE('',*,*,#539,.T.);
#539 = EDGE_CURVE('',#532,#540,#542,.T.);
#540 = VERTEX_POINT('',#541);
#541 = CARTESIAN_POINT('',(-8.888972745734,4.9803,38.871014285714));
#542 = LINE('',#543,#544);
#543 = CARTESIAN_POINT('',(-8.888972745734,11.207816570928,
    23.14908720501));
#544 = VECTOR('',#545,1.);
#545 = DIRECTION('',(-0.,0.368265914122,-0.929720504504));
#546 = ORIENTED_EDGE('',*,*,#547,.T.);
#547 = EDGE_CURVE('',#540,#548,#550,.T.);
#548 = VERTEX_POINT('',#549);
#549 = CARTESIAN_POINT('',(-8.888972745734,4.986057142857,
    38.842414285714));
#550 = LINE('',#551,#552);
#551 = CARTESIAN_POINT('',(-8.888972745734,8.763294693553,
    20.078072904836));
#552 = VECTOR('',#553,1.);
#553 = DIRECTION('',(-0.,0.197340176951,-0.980335072596));
#554 = ORIENTED_EDGE('',*,*,#555,.T.);
#555 = EDGE_CURVE('',#548,#556,#558,.T.);
#556 = VERTEX_POINT('',#557);
#557 = CARTESIAN_POINT('',(-8.888972745734,4.986057142857,38.5059));
#558 = LINE('',#559,#560);
#559 = CARTESIAN_POINT('',(-8.888972745734,4.986057142857,17.75295));
#560 = VECTOR('',#561,1.);
#561 = DIRECTION('',(0.,-0.,-1.));
#562 = ORIENTED_EDGE('',*,*,#563,.T.);
#563 = EDGE_CURVE('',#556,#564,#566,.T.);
#564 = VERTEX_POINT('',#565);
#565 = CARTESIAN_POINT('',(-8.888972745734,4.974171428571,
    38.483057142857));
#566 = LINE('',#567,#568);
#567 = CARTESIAN_POINT('',(-8.888972745734,-4.995609179141,
    19.322385037411));
#568 = VECTOR('',#569,1.);
#569 = DIRECTION('',(0.,-0.461579805424,-0.887098688549));
#570 = ORIENTED_EDGE('',*,*,#571,.T.);
#571 = EDGE_CURVE('',#564,#572,#574,.T.);
#572 = VERTEX_POINT('',#573);
#573 = CARTESIAN_POINT('',(-8.888972745734,4.9504,38.448885714286));
#574 = LINE('',#575,#576);
#575 = CARTESIAN_POINT('',(-8.888972745734,-7.021618704309,
    21.239108826842));
#576 = VECTOR('',#577,1.);
#577 = DIRECTION('',(0.,-0.571064488199,-0.820905201785));
#578 = ORIENTED_EDGE('',*,*,#579,.T.);
#579 = EDGE_CURVE('',#572,#580,#582,.T.);
#580 = VERTEX_POINT('',#581);
#581 = CARTESIAN_POINT('',(-8.888972745734,4.932571428571,38.4318));
#582 = LINE('',#583,#584);
#583 = CARTESIAN_POINT('',(-8.888972745734,-9.018362075682,
    25.062155391757));
#584 = VECTOR('',#585,1.);
#585 = DIRECTION('',(0.,-0.721988205115,-0.691905363236));
#586 = ORIENTED_EDGE('',*,*,#587,.T.);
#587 = EDGE_CURVE('',#580,#588,#590,.T.);
#588 = VERTEX_POINT('',#589);
#589 = CARTESIAN_POINT('',(-8.888972745734,4.914742857143,
    38.420285714286));
#590 = LINE('',#591,#592);
#591 = CARTESIAN_POINT('',(-8.888972745734,-9.394161567342,
    29.179118273473));
#592 = VECTOR('',#593,1.);
#593 = DIRECTION('',(0.,-0.840039377769,-0.542525431476));
#594 = ORIENTED_EDGE('',*,*,#595,.T.);
#595 = EDGE_CURVE('',#588,#596,#598,.T.);
#596 = VERTEX_POINT('',#597);
#597 = CARTESIAN_POINT('',(-8.888972745734,4.896728571429,
    38.414528571429));
#598 = LINE('',#599,#600);
#599 = CARTESIAN_POINT('',(-8.888972745734,-7.361861163744,
    34.496834944724));
#600 = VECTOR('',#601,1.);
#601 = DIRECTION('',(0.,-0.952538100641,-0.304419392988));
#602 = ORIENTED_EDGE('',*,*,#603,.T.);
#603 = EDGE_CURVE('',#596,#604,#606,.T.);
#604 = VERTEX_POINT('',#605);
#605 = CARTESIAN_POINT('',(-8.888972745734,4.872957142857,38.4032));
#606 = LINE('',#607,#608);
#607 = CARTESIAN_POINT('',(-8.888972745734,-8.774186475513,
    31.89948311937));
#608 = VECTOR('',#609,1.);
#609 = DIRECTION('',(0.,-0.902730115416,-0.430207320628));
#610 = ORIENTED_EDGE('',*,*,#611,.T.);
#611 = EDGE_CURVE('',#604,#612,#614,.T.);
#612 = VERTEX_POINT('',#613);
#613 = CARTESIAN_POINT('',(-8.888972745734,3.377214285714,38.4032));
#614 = LINE('',#615,#616);
#615 = CARTESIAN_POINT('',(-8.888972745734,-2.75587923001,38.4032));
#616 = VECTOR('',#617,1.);
#617 = DIRECTION('',(0.,-1.,0.));
#618 = ORIENTED_EDGE('',*,*,#619,.T.);
#619 = EDGE_CURVE('',#612,#620,#622,.T.);
#620 = VERTEX_POINT('',#621);
#621 = CARTESIAN_POINT('',(-8.888972745734,3.354371428571,
    38.408957142857));
#622 = LINE('',#623,#624);
#623 = CARTESIAN_POINT('',(-8.888972745734,2.504862403483,
    38.623061043489));
#624 = VECTOR('',#625,1.);
#625 = DIRECTION('',(0.,-0.969676988372,0.244390135281));
#626 = ORIENTED_EDGE('',*,*,#627,.T.);
#627 = EDGE_CURVE('',#620,#628,#630,.T.);
#628 = VERTEX_POINT('',#629);
#629 = CARTESIAN_POINT('',(-8.888972745734,3.337285714286,
    38.421028571429));
#630 = LINE('',#631,#632);
#631 = CARTESIAN_POINT('',(-8.888972745734,9.019951773531,
    34.406101464353));
#632 = VECTOR('',#633,1.);
#633 = DIRECTION('',(0.,-0.816721763686,0.577031680865));
#634 = ORIENTED_EDGE('',*,*,#635,.T.);
#635 = EDGE_CURVE('',#628,#636,#638,.T.);
#636 = VERTEX_POINT('',#637);
#637 = CARTESIAN_POINT('',(-8.888972745734,3.3202,38.432914285714));
#638 = LINE('',#639,#640);
#639 = CARTESIAN_POINT('',(-8.888972745734,8.918072659012,
    34.538742001184));
#640 = VECTOR('',#641,1.);
#641 = DIRECTION('',(0.,-0.820905201785,0.571064488199));
#642 = ORIENTED_EDGE('',*,*,#643,.T.);
#643 = EDGE_CURVE('',#636,#644,#646,.T.);
#644 = VERTEX_POINT('',#645);
#645 = CARTESIAN_POINT('',(-8.888972745734,3.308685714286,
    38.450928571429));
#646 = LINE('',#647,#648);
#647 = CARTESIAN_POINT('',(-8.888972745734,10.944620419947,
    26.504385564184));
#648 = VECTOR('',#649,1.);
#649 = DIRECTION('',(0.,-0.538560615351,0.842586769178));
#650 = ORIENTED_EDGE('',*,*,#651,.T.);
#651 = EDGE_CURVE('',#644,#652,#654,.T.);
#652 = VERTEX_POINT('',#653);
#653 = CARTESIAN_POINT('',(-8.888972745734,3.297357142857,
    38.468942857143));
#654 = LINE('',#655,#656);
#655 = CARTESIAN_POINT('',(-8.888972745734,10.914508756348,
    26.356423078313));
#656 = VECTOR('',#657,1.);
#657 = DIRECTION('',(0.,-0.532350261781,0.846524186767));
#658 = ORIENTED_EDGE('',*,*,#659,.T.);
#659 = EDGE_CURVE('',#652,#660,#662,.T.);
#660 = VERTEX_POINT('',#661);
#661 = CARTESIAN_POINT('',(-8.888972745734,3.285842857143,
    38.486957142857));
#662 = LINE('',#663,#664);
#663 = CARTESIAN_POINT('',(-8.888972745734,10.933264915533,
    26.522441986989));
#664 = VECTOR('',#665,1.);
#665 = DIRECTION('',(0.,-0.538560615351,0.842586769178));
#666 = ORIENTED_EDGE('',*,*,#667,.T.);
#667 = EDGE_CURVE('',#660,#668,#670,.T.);
#668 = VERTEX_POINT('',#669);
#669 = CARTESIAN_POINT('',(-8.888972745734,3.280271428571,
    38.504785714286));
#670 = LINE('',#671,#672);
#671 = CARTESIAN_POINT('',(-8.888972745734,8.647089494026,
    21.330967904833));
#672 = VECTOR('',#673,1.);
#673 = DIRECTION('',(0.,-0.298274993136,0.954479978035));
#674 = ORIENTED_EDGE('',*,*,#675,.T.);
#675 = EDGE_CURVE('',#668,#676,#678,.T.);
#676 = VERTEX_POINT('',#677);
#677 = CARTESIAN_POINT('',(-8.888972745734,3.274514285714,
    38.528742857143));
#678 = LINE('',#679,#680);
#679 = CARTESIAN_POINT('',(-8.888972745734,7.659934455254,
    20.279736345185));
#680 = VECTOR('',#681,1.);
#681 = DIRECTION('',(0.,-0.233658016401,0.972318842444));
#682 = ORIENTED_EDGE('',*,*,#683,.T.);
#683 = EDGE_CURVE('',#676,#684,#686,.T.);
#684 = VERTEX_POINT('',#685);
#685 = CARTESIAN_POINT('',(-8.888972745734,3.274514285714,
    38.842414285714));
#686 = LINE('',#687,#688);
#687 = CARTESIAN_POINT('',(-8.888972745734,3.274514285714,
    17.921207142857));
#688 = VECTOR('',#689,1.);
#689 = DIRECTION('',(0.,0.,1.));
#690 = ORIENTED_EDGE('',*,*,#691,.T.);
#691 = EDGE_CURVE('',#684,#692,#694,.T.);
#692 = VERTEX_POINT('',#693);
#693 = CARTESIAN_POINT('',(-8.888972745734,3.280271428571,
    38.859685714286));
#694 = LINE('',#695,#696);
#695 = CARTESIAN_POINT('',(-8.888972745734,-3.607143637287,
    18.197440516711));
#696 = VECTOR('',#697,1.);
#697 = DIRECTION('',(0.,0.316227766017,0.948683298051));
#698 = ORIENTED_EDGE('',*,*,#699,.T.);
#699 = EDGE_CURVE('',#692,#700,#702,.T.);
#700 = VERTEX_POINT('',#701);
#701 = CARTESIAN_POINT('',(-8.888972745734,3.285842857143,38.8881));
#702 = LINE('',#703,#704);
#703 = CARTESIAN_POINT('',(-8.888972745734,-0.89416687264,
    17.570050378107));
#704 = VECTOR('',#705,1.);
#705 = DIRECTION('',(0.,0.192414460721,0.981313749677));
#706 = ORIENTED_EDGE('',*,*,#707,.T.);
#707 = EDGE_CURVE('',#700,#708,#710,.T.);
#708 = VERTEX_POINT('',#709);
#709 = CARTESIAN_POINT('',(-8.888972745734,3.297357142857,
    38.905185714286));
#710 = LINE('',#711,#712);
#711 = CARTESIAN_POINT('',(-8.888972745734,-8.315879427099,
    21.672641126609));
#712 = VECTOR('',#713,1.);
#713 = DIRECTION('',(0.,0.558853462072,0.829266427591));
#714 = ORIENTED_EDGE('',*,*,#715,.T.);
#715 = EDGE_CURVE('',#708,#716,#718,.T.);
#716 = VERTEX_POINT('',#717);
#717 = CARTESIAN_POINT('',(-8.888972745734,3.308685714286,
    38.922457142857));
#718 = LINE('',#719,#720);
#719 = CARTESIAN_POINT('',(-8.888972745734,-8.138912769997,
    21.469561093049));
#720 = VECTOR('',#721,1.);
#721 = DIRECTION('',(0.,0.548460032671,0.836176771121));
#722 = ORIENTED_EDGE('',*,*,#723,.T.);
#723 = EDGE_CURVE('',#716,#724,#726,.T.);
#724 = VERTEX_POINT('',#725);
#725 = CARTESIAN_POINT('',(-8.888972745734,3.325771428571,
    38.939542857143));
#726 = LINE('',#727,#728);
#727 = CARTESIAN_POINT('',(-8.888972745734,-10.21280032929,
    25.400971099281));
#728 = VECTOR('',#729,1.);
#729 = DIRECTION('',(0.,0.707106781187,0.707106781187));
#730 = ORIENTED_EDGE('',*,*,#731,.T.);
#731 = EDGE_CURVE('',#724,#732,#734,.T.);
#732 = VERTEX_POINT('',#733);
#733 = CARTESIAN_POINT('',(-8.888972745734,3.348614285714,
    38.956628571429));
#734 = LINE('',#735,#736);
#735 = CARTESIAN_POINT('',(-8.888972745734,-10.6369675206,
    28.495868195969));
#736 = VECTOR('',#737,1.);
#737 = DIRECTION('',(0.,0.80078057117,0.598957825591));
#738 = ORIENTED_EDGE('',*,*,#739,.T.);
#739 = EDGE_CURVE('',#732,#740,#742,.T.);
#740 = VERTEX_POINT('',#741);
#741 = CARTESIAN_POINT('',(-8.888972745734,3.377214285714,
    38.967957142857));
#742 = LINE('',#743,#744);
#743 = CARTESIAN_POINT('',(-8.888972745734,-9.108696729299,
    34.022239143404));
#744 = VECTOR('',#745,1.);
#745 = DIRECTION('',(0.,0.929720504504,0.368265914122));
#746 = ORIENTED_EDGE('',*,*,#747,.T.);
#747 = EDGE_CURVE('',#740,#748,#750,.T.);
#748 = VERTEX_POINT('',#749);
#749 = CARTESIAN_POINT('',(-8.888972745734,3.405814285714,
    38.973714285714));
#750 = LINE('',#751,#752);
#751 = CARTESIAN_POINT('',(-8.888972745734,-6.562287210372,
    36.967148400139));
#752 = VECTOR('',#753,1.);
#753 = DIRECTION('',(0.,0.980335072596,0.197340176951));
#754 = ORIENTED_EDGE('',*,*,#755,.T.);
#755 = EDGE_CURVE('',#748,#756,#758,.T.);
#756 = VERTEX_POINT('',#757);
#757 = CARTESIAN_POINT('',(-8.888972745734,3.845028571429,
    38.973714285714));
#758 = LINE('',#759,#760);
#759 = CARTESIAN_POINT('',(-8.888972745734,-2.521972087153,
    38.973714285714));
#760 = VECTOR('',#761,1.);
#761 = DIRECTION('',(0.,1.,0.));
#762 = ORIENTED_EDGE('',*,*,#763,.T.);
#763 = EDGE_CURVE('',#756,#764,#766,.T.);
#764 = VERTEX_POINT('',#765);
#765 = CARTESIAN_POINT('',(-8.888972745734,3.845028571429,
    41.837614285714));
#766 = LINE('',#767,#768);
#767 = CARTESIAN_POINT('',(-8.888972745734,3.845028571429,
    19.418807142857));
#768 = VECTOR('',#769,1.);
#769 = DIRECTION('',(0.,0.,1.));
#770 = ORIENTED_EDGE('',*,*,#771,.T.);
#771 = EDGE_CURVE('',#764,#772,#774,.T.);
#772 = VERTEX_POINT('',#773);
#773 = CARTESIAN_POINT('',(-8.888972745734,3.850785714286,
    41.900385714286));
#774 = LINE('',#775,#776);
#775 = CARTESIAN_POINT('',(-8.888972745734,1.755784848896,
    19.058118214234));
#776 = VECTOR('',#777,1.);
#777 = DIRECTION('',(0.,9.133264387955E-02,0.995820439719));
#778 = ORIENTED_EDGE('',*,*,#779,.T.);
#779 = EDGE_CURVE('',#772,#780,#782,.T.);
#780 = VERTEX_POINT('',#781);
#781 = CARTESIAN_POINT('',(-8.888972745734,3.856357142857,
    41.946071428571));
#782 = LINE('',#783,#784);
#783 = CARTESIAN_POINT('',(-8.888972745734,1.062518370855,
    19.036593498152));
#784 = VECTOR('',#785,1.);
#785 = DIRECTION('',(0.,0.121054375311,0.992645877551));
#786 = ORIENTED_EDGE('',*,*,#787,.T.);
#787 = EDGE_CURVE('',#780,#788,#790,.T.);
#788 = VERTEX_POINT('',#789);
#789 = CARTESIAN_POINT('',(-8.888972745734,3.873628571429,
    42.003085714286));
#790 = LINE('',#791,#792);
#791 = CARTESIAN_POINT('',(-8.888972745734,-2.906225454018,
    19.622277264695));
#792 = VECTOR('',#793,1.);
#793 = DIRECTION('',(0.,0.289920871686,0.957050619435));
#794 = ORIENTED_EDGE('',*,*,#795,.T.);
#795 = EDGE_CURVE('',#788,#796,#798,.T.);
#796 = VERTEX_POINT('',#797);
#797 = CARTESIAN_POINT('',(-8.888972745734,3.896285714286,
    42.054528571429));
#798 = LINE('',#799,#800);
#799 = CARTESIAN_POINT('',(-8.888972745734,-5.452106574264,
    20.829080506443));
#800 = VECTOR('',#801,1.);
#801 = DIRECTION('',(0.,0.403070745111,0.915168822915));
#802 = ORIENTED_EDGE('',*,*,#803,.T.);
#803 = EDGE_CURVE('',#796,#804,#806,.T.);
#804 = VERTEX_POINT('',#805);
#805 = CARTESIAN_POINT('',(-8.888972745734,3.9078,42.0887));
#806 = LINE('',#807,#808);
#807 = CARTESIAN_POINT('',(-8.888972745734,-3.566506154305,
    19.906888187224));
#808 = VECTOR('',#809,1.);
#809 = DIRECTION('',(0.,0.319316245627,0.947648212829));
#810 = ORIENTED_EDGE('',*,*,#811,.T.);
#811 = EDGE_CURVE('',#804,#812,#814,.T.);
#812 = VERTEX_POINT('',#813);
#813 = CARTESIAN_POINT('',(-8.888972745734,3.930642857143,
    42.122871428571));
#814 = LINE('',#815,#816);
#815 = CARTESIAN_POINT('',(-8.888972745734,-8.472835663091,
    23.568074292611));
#816 = VECTOR('',#817,1.);
#817 = DIRECTION('',(0.,0.555742429414,0.831354528555));
#818 = ORIENTED_EDGE('',*,*,#819,.T.);
#819 = EDGE_CURVE('',#812,#820,#822,.T.);
#820 = VERTEX_POINT('',#821);
#821 = CARTESIAN_POINT('',(-8.888972745734,3.964814285714,
    42.174314285714));
#822 = LINE('',#823,#824);
#823 = CARTESIAN_POINT('',(-8.888972745734,-8.413095305329,
    23.540178651372));
#824 = VECTOR('',#825,1.);
#825 = DIRECTION('',(0.,0.553311519375,0.832974406886));
#826 = ORIENTED_EDGE('',*,*,#827,.T.);
#827 = EDGE_CURVE('',#820,#828,#830,.T.);
#828 = VERTEX_POINT('',#829);
#829 = CARTESIAN_POINT('',(-8.888972745734,4.0105,42.225571428571));
#830 = LINE('',#831,#832);
#831 = CARTESIAN_POINT('',(-8.888972745734,-10.07686389252,
    26.420236329637));
#832 = VECTOR('',#833,1.);
#833 = DIRECTION('',(0.,0.665370524754,0.746513271676));
#834 = ORIENTED_EDGE('',*,*,#835,.T.);
#835 = EDGE_CURVE('',#828,#836,#838,.T.);
#836 = VERTEX_POINT('',#837);
#837 = CARTESIAN_POINT('',(-8.888972745734,4.056185714286,
    42.271257142857));
#838 = LINE('',#839,#840);
#839 = CARTESIAN_POINT('',(-8.888972745734,-10.49791818643,
    27.717153242138));
#840 = VECTOR('',#841,1.);
#841 = DIRECTION('',(0.,0.707106781187,0.707106781187));
#842 = ORIENTED_EDGE('',*,*,#843,.T.);
#843 = EDGE_CURVE('',#836,#844,#846,.T.);
#844 = VERTEX_POINT('',#845);
#845 = CARTESIAN_POINT('',(-8.888972745734,4.1132,42.311185714286));
#846 = LINE('',#847,#848);
#847 = CARTESIAN_POINT('',(-8.888972745734,-10.89387103159,
    31.801347695417));
#848 = VECTOR('',#849,1.);
#849 = DIRECTION('',(0.,0.819106553991,0.573641397746));
#850 = ORIENTED_EDGE('',*,*,#851,.T.);
#851 = EDGE_CURVE('',#844,#852,#854,.T.);
#852 = VERTEX_POINT('',#853);
#853 = CARTESIAN_POINT('',(-8.888972745734,4.147371428571,
    42.328271428571));
#854 = LINE('',#855,#856);
#855 = CARTESIAN_POINT('',(-8.888972745734,-10.13282052686,
    35.188175450853));
#856 = VECTOR('',#857,1.);
#857 = DIRECTION('',(0.,0.894427191,0.4472135955));
#858 = ORIENTED_EDGE('',*,*,#859,.T.);
#859 = EDGE_CURVE('',#852,#860,#862,.T.);
#860 = VERTEX_POINT('',#861);
#861 = CARTESIAN_POINT('',(-8.888972745734,4.181542857143,
    42.345542857143));
#862 = LINE('',#863,#864);
#863 = CARTESIAN_POINT('',(-8.888972745734,-10.15169212253,
    35.10102735111));
#864 = VECTOR('',#865,1.);
#865 = DIRECTION('',(0.,0.892478602936,0.451089728658));
#866 = ORIENTED_EDGE('',*,*,#867,.T.);
#867 = EDGE_CURVE('',#860,#868,#870,.T.);
#868 = VERTEX_POINT('',#869);
#869 = CARTESIAN_POINT('',(-8.888972745734,4.238742857143,42.3682));
#870 = LINE('',#871,#872);
#871 = CARTESIAN_POINT('',(-8.888972745734,-9.201607291157,
    37.044424941258));
#872 = VECTOR('',#873,1.);
#873 = DIRECTION('',(0.,0.929720504504,0.368265914122));
#874 = ORIENTED_EDGE('',*,*,#875,.T.);
#875 = EDGE_CURVE('',#868,#876,#878,.T.);
#876 = VERTEX_POINT('',#877);
#877 = CARTESIAN_POINT('',(-8.888972745734,4.278671428571,
    42.379714285714));
#878 = LINE('',#879,#880);
#879 = CARTESIAN_POINT('',(-8.888972745734,-7.840463598949,
    38.884893952197));
#880 = VECTOR('',#881,1.);
#881 = DIRECTION('',(0.,0.960846474829,0.27708130902));
#882 = ORIENTED_EDGE('',*,*,#883,.T.);
#883 = EDGE_CURVE('',#876,#884,#886,.T.);
#884 = VERTEX_POINT('',#885);
#885 = CARTESIAN_POINT('',(-8.888972745734,4.312842857143,
    42.385471428571));
#886 = LINE('',#887,#888);
#887 = CARTESIAN_POINT('',(-8.888972745734,-5.823576106001,
    40.677705190216));
#888 = VECTOR('',#889,1.);
#889 = DIRECTION('',(0.,0.98610270304,0.166136868447));
#890 = ORIENTED_EDGE('',*,*,#891,.T.);
#891 = EDGE_CURVE('',#884,#892,#894,.T.);
#892 = VERTEX_POINT('',#893);
#893 = CARTESIAN_POINT('',(-8.888972745734,4.358528571429,
    42.391042857143));
#894 = LINE('',#895,#896);
#895 = CARTESIAN_POINT('',(-8.888972745734,-4.895344083866,
    41.262521801619));
#896 = VECTOR('',#897,1.);
#897 = DIRECTION('',(0.,0.992645877551,0.121054375311));
#898 = ORIENTED_EDGE('',*,*,#899,.T.);
#899 = EDGE_CURVE('',#892,#900,#902,.T.);
#900 = VERTEX_POINT('',#901);
#901 = CARTESIAN_POINT('',(-8.888972745734,4.415542857143,42.3968));
#902 = LINE('',#903,#904);
#903 = CARTESIAN_POINT('',(-8.888972745734,-4.438456915232,
    41.502747905721));
#904 = VECTOR('',#905,1.);
#905 = DIRECTION('',(0.,0.994940461748,0.100466300698));
#906 = ORIENTED_EDGE('',*,*,#907,.T.);
#907 = EDGE_CURVE('',#900,#908,#910,.T.);
#908 = VERTEX_POINT('',#909);
#909 = CARTESIAN_POINT('',(-8.888972745734,4.843428571429,42.3968));
#910 = LINE('',#911,#912);
#911 = CARTESIAN_POINT('',(-8.888972745734,-2.022772087153,42.3968));
#912 = VECTOR('',#913,1.);
#913 = DIRECTION('',(0.,1.,0.));
#914 = ORIENTED_EDGE('',*,*,#915,.T.);
#915 = EDGE_CURVE('',#908,#916,#918,.T.);
#916 = VERTEX_POINT('',#917);
#917 = CARTESIAN_POINT('',(-8.888972745734,4.889114285714,
    42.391042857143));
#918 = LINE('',#919,#920);
#919 = CARTESIAN_POINT('',(-8.888972745734,0.923056882404,
    42.890830578698));
#920 = VECTOR('',#921,1.);
#921 = DIRECTION('',(-0.,0.992153283358,-0.125027446277));
#922 = ORIENTED_EDGE('',*,*,#923,.T.);
#923 = EDGE_CURVE('',#916,#924,#926,.T.);
#924 = VERTEX_POINT('',#925);
#925 = CARTESIAN_POINT('',(-8.888972745734,4.917528571429,
    42.385471428571));
#926 = LINE('',#927,#928);
#927 = CARTESIAN_POINT('',(-8.888972745734,2.554677868472,
    42.848775487975));
#928 = VECTOR('',#929,1.);
#929 = DIRECTION('',(-0.,0.981313749677,-0.192414460721));
#930 = ORIENTED_EDGE('',*,*,#931,.T.);
#931 = EDGE_CURVE('',#924,#932,#934,.T.);
#932 = VERTEX_POINT('',#933);
#933 = CARTESIAN_POINT('',(-8.888972745734,4.946128571429,
    42.379714285714));
#934 = LINE('',#935,#936);
#935 = CARTESIAN_POINT('',(-8.888972745734,2.687537437218,
    42.834365747796));
#936 = VECTOR('',#937,1.);
#937 = DIRECTION('',(-0.,0.980335072596,-0.197340176951));
#938 = ORIENTED_EDGE('',*,*,#939,.T.);
#939 = EDGE_CURVE('',#932,#940,#942,.T.);
#940 = VERTEX_POINT('',#941);
#941 = CARTESIAN_POINT('',(-8.888972745734,4.968971428571,42.3682));
#942 = LINE('',#943,#944);
#943 = CARTESIAN_POINT('',(-8.888972745734,8.561472766972,
    40.557345666823));
#944 = VECTOR('',#945,1.);
#945 = DIRECTION('',(-0.,0.892970492237,-0.450115207469));
#946 = ORIENTED_EDGE('',*,*,#947,.T.);
#947 = EDGE_CURVE('',#940,#948,#950,.T.);
#948 = VERTEX_POINT('',#949);
#949 = CARTESIAN_POINT('',(-8.888972745734,4.997385714286,
    42.351114285714));
#950 = LINE('',#951,#952);
#951 = CARTESIAN_POINT('',(-8.888972745734,9.912149299375,
    39.395831607098));
#952 = VECTOR('',#953,1.);
#953 = DIRECTION('',(-0.,0.856998298068,-0.515319238054));
#954 = ORIENTED_EDGE('',*,*,#955,.T.);
#955 = EDGE_CURVE('',#948,#956,#958,.T.);
#956 = VERTEX_POINT('',#957);
#957 = CARTESIAN_POINT('',(-8.888972745734,5.043071428571,
    42.316942857143));
#958 = LINE('',#959,#960);
#959 = CARTESIAN_POINT('',(-8.888972745734,11.443881606556,
    37.529345000439));
#960 = VECTOR('',#961,1.);
#961 = DIRECTION('',(-0.,0.80078057117,-0.598957825591));
#962 = ORIENTED_EDGE('',*,*,#963,.T.);
#963 = EDGE_CURVE('',#956,#964,#966,.T.);
#964 = VERTEX_POINT('',#965);
#965 = CARTESIAN_POINT('',(-8.888972745734,5.065914285714,
    42.288342857143));
#966 = LINE('',#967,#968);
#967 = CARTESIAN_POINT('',(-8.888972745734,13.390387248788,
    31.865831992806));
#968 = VECTOR('',#969,1.);
#969 = DIRECTION('',(-0.,0.62407609663,-0.781363568139));
#970 = ORIENTED_EDGE('',*,*,#971,.T.);
#971 = EDGE_CURVE('',#964,#972,#974,.T.);
#972 = VERTEX_POINT('',#973);
#973 = CARTESIAN_POINT('',(-8.888972745734,5.083,42.271257142857));
#974 = LINE('',#975,#976);
#975 = CARTESIAN_POINT('',(-8.888972745734,12.907821099281,
    34.446436043576));
#976 = VECTOR('',#977,1.);
#977 = DIRECTION('',(-0.,0.707106781187,-0.707106781187));
#978 = ORIENTED_EDGE('',*,*,#979,.T.);
#979 = EDGE_CURVE('',#972,#980,#982,.T.);
#980 = VERTEX_POINT('',#981);
#981 = CARTESIAN_POINT('',(-8.888972745734,5.094514285714,
    42.242842857143));
#982 = LINE('',#983,#984);
#983 = CARTESIAN_POINT('',(-8.888972745734,11.98221624869,
    25.245771883992));
#984 = VECTOR('',#985,1.);
#985 = DIRECTION('',(-0.,0.375564497639,-0.926796260304));
#986 = ORIENTED_EDGE('',*,*,#987,.T.);
#987 = EDGE_CURVE('',#980,#988,#990,.T.);
#988 = VERTEX_POINT('',#989);
#989 = CARTESIAN_POINT('',(-8.888972745734,5.105842857143,42.22));
#990 = LINE('',#991,#992);
#991 = CARTESIAN_POINT('',(-8.888972745734,12.724170473633,
    26.858454150355));
#992 = VECTOR('',#993,1.);
#993 = DIRECTION('',(-0.,0.444297794845,-0.895879160097));
#994 = ORIENTED_EDGE('',*,*,#995,.T.);
#995 = EDGE_CURVE('',#988,#996,#998,.T.);
#996 = VERTEX_POINT('',#997);
#997 = CARTESIAN_POINT('',(-8.888972745734,5.117357142857,42.1914));
#998 = LINE('',#999,#1000);
#999 = CARTESIAN_POINT('',(-8.888972745734,11.968720624502,
    25.173497158495));
#1000 = VECTOR('',#1001,1.);
#1001 = DIRECTION('',(-0.,0.373466870858,-0.927643517938));
#1002 = ORIENTED_EDGE('',*,*,#1003,.T.);
#1003 = EDGE_CURVE('',#996,#1004,#1006,.T.);
#1004 = VERTEX_POINT('',#1005);
#1005 = CARTESIAN_POINT('',(-8.888972745734,5.122928571429,42.1628));
#1006 = LINE('',#1007,#1008);
#1007 = CARTESIAN_POINT('',(-8.888972745734,9.104920463177,
    21.721908289025));
#1008 = VECTOR('',#1009,1.);
#1009 = DIRECTION('',(-0.,0.191210841639,-0.981548987081));
#1010 = ORIENTED_EDGE('',*,*,#1011,.T.);
#1011 = EDGE_CURVE('',#1004,#1012,#1014,.T.);
#1012 = VERTEX_POINT('',#1013);
#1013 = CARTESIAN_POINT('',(-8.888972745734,5.128685714286,
    42.140142857143));
#1014 = LINE('',#1015,#1016);
#1015 = CARTESIAN_POINT('',(-8.888972745734,10.090788917367,
    22.61186573534));
#1016 = VECTOR('',#1017,1.);
#1017 = DIRECTION('',(-0.,0.246272303221,-0.96920067719));
#1018 = ORIENTED_EDGE('',*,*,#1019,.T.);
#1019 = EDGE_CURVE('',#1012,#1020,#1022,.T.);
#1020 = VERTEX_POINT('',#1021);
#1021 = CARTESIAN_POINT('',(-8.888972745734,5.128685714286,
    42.082942857143));
#1022 = LINE('',#1023,#1024);
#1023 = CARTESIAN_POINT('',(-8.888972745734,5.128685714286,
    19.541471428571));
#1024 = VECTOR('',#1025,1.);
#1025 = DIRECTION('',(0.,-0.,-1.));
#1026 = ORIENTED_EDGE('',*,*,#1027,.T.);
#1027 = EDGE_CURVE('',#1020,#1028,#1030,.T.);
#1028 = VERTEX_POINT('',#1029);
#1029 = CARTESIAN_POINT('',(-8.888972745734,5.122928571429,
    42.054528571429));
#1030 = LINE('',#1031,#1032);
#1031 = CARTESIAN_POINT('',(-8.888972745734,0.462299392518,
    19.052068430356));
#1032 = VECTOR('',#1033,1.);
#1033 = DIRECTION('',(0.,-0.198579278868,-0.980084827963));
#1034 = ORIENTED_EDGE('',*,*,#1035,.T.);
#1035 = EDGE_CURVE('',#1028,#1036,#1038,.T.);
#1036 = VERTEX_POINT('',#1037);
#1037 = CARTESIAN_POINT('',(-8.888972745734,5.117357142857,
    42.025928571429));
#1038 = LINE('',#1039,#1040);
#1039 = CARTESIAN_POINT('',(-8.888972745734,0.636013973786,
    19.021700303528));
#1040 = VECTOR('',#1041,1.);
#1041 = DIRECTION('',(0.,-0.191210841639,-0.981548987081));
#1042 = ORIENTED_EDGE('',*,*,#1043,.T.);
#1043 = EDGE_CURVE('',#1036,#1044,#1046,.T.);
#1044 = VERTEX_POINT('',#1045);
#1045 = CARTESIAN_POINT('',(-8.888972745734,5.105842857143,
    42.003085714286));
#1046 = LINE('',#1047,#1048);
#1047 = CARTESIAN_POINT('',(-8.888972745734,-5.356118952655,
    21.247903414202));
#1048 = VECTOR('',#1049,1.);
#1049 = DIRECTION('',(0.,-0.450115207469,-0.892970492237));
#1050 = ORIENTED_EDGE('',*,*,#1051,.T.);
#1051 = EDGE_CURVE('',#1044,#1052,#1054,.T.);
#1052 = VERTEX_POINT('',#1053);
#1053 = CARTESIAN_POINT('',(-8.888972745734,5.094514285714,
    41.974671428571));
#1054 = LINE('',#1055,#1056);
#1055 = CARTESIAN_POINT('',(-8.888972745734,-3.600309962109,
    20.166341757802));
#1056 = VECTOR('',#1057,1.);
#1057 = DIRECTION('',(0.,-0.370343680353,-0.92889480482));
#1058 = ORIENTED_EDGE('',*,*,#1059,.T.);
#1059 = EDGE_CURVE('',#1052,#1060,#1062,.T.);
#1060 = VERTEX_POINT('',#1061);
#1061 = CARTESIAN_POINT('',(-8.888972745734,5.077428571429,
    41.951828571429));
#1062 = LINE('',#1063,#1064);
#1063 = CARTESIAN_POINT('',(-8.888972745734,-8.208005940137,
    24.189780257052));
#1064 = VECTOR('',#1065,1.);
#1065 = DIRECTION('',(0.,-0.598957825591,-0.80078057117));
#1066 = ORIENTED_EDGE('',*,*,#1067,.T.);
#1067 = EDGE_CURVE('',#1060,#1068,#1070,.T.);
#1068 = VERTEX_POINT('',#1069);
#1069 = CARTESIAN_POINT('',(-8.888972745734,5.060157142857,
    41.928985714286));
#1070 = LINE('',#1071,#1072);
#1071 = CARTESIAN_POINT('',(-8.888972745734,-8.283872884734,
    24.280429871342));
#1072 = VECTOR('',#1073,1.);
#1073 = DIRECTION('',(0.,-0.603108274872,-0.797659331282));
#1074 = ORIENTED_EDGE('',*,*,#1075,.T.);
#1075 = EDGE_CURVE('',#1068,#1076,#1078,.T.);
#1076 = VERTEX_POINT('',#1077);
#1077 = CARTESIAN_POINT('',(-8.888972745734,5.043071428571,
    41.906142857143));
#1078 = LINE('',#1079,#1080);
#1079 = CARTESIAN_POINT('',(-8.888972745734,-8.225244056165,
    24.166981937333));
#1080 = VECTOR('',#1081,1.);
#1081 = DIRECTION('',(0.,-0.598957825591,-0.80078057117));
#1082 = ORIENTED_EDGE('',*,*,#1083,.T.);
#1083 = EDGE_CURVE('',#1076,#1084,#1086,.T.);
#1084 = VERTEX_POINT('',#1085);
#1085 = CARTESIAN_POINT('',(-8.888972745734,5.020228571429,
    41.889057142857));
#1086 = LINE('',#1087,#1088);
#1087 = CARTESIAN_POINT('',(-8.888972745734,-10.20456008105,
    30.50141034588));
#1088 = VECTOR('',#1089,1.);
#1089 = DIRECTION('',(0.,-0.80078057117,-0.598957825591));
#1090 = ORIENTED_EDGE('',*,*,#1091,.T.);
#1091 = EDGE_CURVE('',#1084,#1092,#1094,.T.);
#1092 = VERTEX_POINT('',#1093);
#1093 = CARTESIAN_POINT('',(-8.888972745734,5.003142857143,
    41.871971428571));
#1094 = LINE('',#1095,#1096);
#1095 = CARTESIAN_POINT('',(-8.888972745734,-9.687878900719,
    27.180949670709));
#1096 = VECTOR('',#1097,1.);
#1097 = DIRECTION('',(0.,-0.707106781187,-0.707106781187));
#1098 = ORIENTED_EDGE('',*,*,#1099,.T.);
#1099 = EDGE_CURVE('',#1092,#1100,#1102,.T.);
#1100 = VERTEX_POINT('',#1101);
#1101 = CARTESIAN_POINT('',(-8.888972745734,4.968971428571,
    41.854885714286));
#1102 = LINE('',#1103,#1104);
#1103 = CARTESIAN_POINT('',(-8.888972745734,-9.545183384008,
    34.597808307996));
#1104 = VECTOR('',#1105,1.);
#1105 = DIRECTION('',(0.,-0.894427191,-0.4472135955));
#1106 = ORIENTED_EDGE('',*,*,#1107,.T.);
#1107 = EDGE_CURVE('',#1100,#1108,#1110,.T.);
#1108 = VERTEX_POINT('',#1109);
#1109 = CARTESIAN_POINT('',(-8.888972745734,4.940371428571,
    41.843371428571));
#1110 = LINE('',#1111,#1112);
#1111 = CARTESIAN_POINT('',(-8.888972745734,-8.777720676614,
    36.320503178432));
#1112 = VECTOR('',#1113,1.);
#1113 = DIRECTION('',(0.,-0.927643517938,-0.373466870858));
#1114 = ORIENTED_EDGE('',*,*,#1115,.T.);
#1115 = EDGE_CURVE('',#1108,#458,#1116,.T.);
#1116 = LINE('',#1117,#1118);
#1117 = CARTESIAN_POINT('',(-8.888972745734,-7.366685424546,
    38.35160180978));
#1118 = VECTOR('',#1119,1.);
#1119 = DIRECTION('',(0.,-0.962028866252,-0.272947724844));
#1120 = FACE_BOUND('',#1121,.F.);
#1121 = EDGE_LOOP('',(#1122,#1132,#1140,#1148,#1156,#1164,#1172,#1180,
    #1188,#1196,#1204,#1212,#1220,#1228,#1236,#1244,#1252,#1260,#1268,
    #1276,#1284,#1292,#1300,#1308,#1316,#1324,#1332,#1340,#1348,#1356,
    #1364,#1372,#1380,#1388,#1396,#1404,#1412,#1420,#1428,#1436,#1444,
    #1452,#1460,#1468,#1476,#1484,#1492,#1500,#1508,#1516,#1524,#1532,
    #1540,#1548,#1556,#1564,#1572,#1580,#1588,#1596,#1604,#1612,#1620,
    #1628,#1636));
#1122 = ORIENTED_EDGE('',*,*,#1123,.T.);
#1123 = EDGE_CURVE('',#1124,#1126,#1128,.T.);
#1124 = VERTEX_POINT('',#1125);
#1125 = CARTESIAN_POINT('',(-8.888972745734,2.698242857143,
    41.901128571429));
#1126 = VERTEX_POINT('',#1127);
#1127 = CARTESIAN_POINT('',(-8.888972745734,2.704,41.8378));
#1128 = LINE('',#1129,#1130);
#1129 = CARTESIAN_POINT('',(-8.888972745734,4.677864046124,
    20.125295492636));
#1130 = VECTOR('',#1131,1.);
#1131 = DIRECTION('',(-0.,9.053574604252E-02,-0.995893206468));
#1132 = ORIENTED_EDGE('',*,*,#1133,.T.);
#1133 = EDGE_CURVE('',#1126,#1134,#1136,.T.);
#1134 = VERTEX_POINT('',#1135);
#1135 = CARTESIAN_POINT('',(-8.888972745734,2.704,38.928028571429));
#1136 = LINE('',#1137,#1138);
#1137 = CARTESIAN_POINT('',(-8.888972745734,2.704,17.964014285714));
#1138 = VECTOR('',#1139,1.);
#1139 = DIRECTION('',(0.,-0.,-1.));
#1140 = ORIENTED_EDGE('',*,*,#1141,.T.);
#1141 = EDGE_CURVE('',#1134,#1142,#1144,.T.);
#1142 = VERTEX_POINT('',#1143);
#1143 = CARTESIAN_POINT('',(-8.888972745734,2.692671428571,
    38.871014285714));
#1144 = LINE('',#1145,#1146);
#1145 = CARTESIAN_POINT('',(-8.888972745734,-1.529099432412,
    17.623741264042));
#1146 = VECTOR('',#1147,1.);
#1147 = DIRECTION('',(0.,-0.194887184279,-0.980825665143));
#1148 = ORIENTED_EDGE('',*,*,#1149,.T.);
#1149 = EDGE_CURVE('',#1142,#1150,#1152,.T.);
#1150 = VERTEX_POINT('',#1151);
#1151 = CARTESIAN_POINT('',(-8.888972745734,2.686914285714,
    38.825328571429));
#1152 = LINE('',#1153,#1154);
#1153 = CARTESIAN_POINT('',(-8.888972745734,2.297411737544E-03,
    17.521594668258));
#1154 = VECTOR('',#1155,1.);
#1155 = DIRECTION('',(0.,-0.125027446277,-0.992153283358));
#1156 = ORIENTED_EDGE('',*,*,#1157,.T.);
#1157 = EDGE_CURVE('',#1150,#1158,#1160,.T.);
#1158 = VERTEX_POINT('',#1159);
#1159 = CARTESIAN_POINT('',(-8.888972745734,2.664071428571,
    38.768314285714));
#1160 = LINE('',#1161,#1162);
#1161 = CARTESIAN_POINT('',(-8.888972745734,-5.344848651591,
    18.778570671001));
#1162 = VECTOR('',#1163,1.);
#1163 = DIRECTION('',(0.,-0.371911940969,-0.928268015265));
#1164 = ORIENTED_EDGE('',*,*,#1165,.T.);
#1165 = EDGE_CURVE('',#1158,#1166,#1168,.T.);
#1166 = VERTEX_POINT('',#1167);
#1167 = CARTESIAN_POINT('',(-8.888972745734,2.646985714286,
    38.728385714286));
#1168 = LINE('',#1169,#1170);
#1169 = CARTESIAN_POINT('',(-8.888972745734,-5.791894333203,
    19.007089951134));
#1170 = VECTOR('',#1171,1.);
#1171 = DIRECTION('',(0.,-0.393403152889,-0.919366063816));
#1172 = ORIENTED_EDGE('',*,*,#1173,.T.);
#1173 = EDGE_CURVE('',#1166,#1174,#1176,.T.);
#1174 = VERTEX_POINT('',#1175);
#1175 = CARTESIAN_POINT('',(-8.888972745734,2.624142857143,
    38.688457142857));
#1176 = LINE('',#1177,#1178);
#1177 = CARTESIAN_POINT('',(-8.888972745734,-7.779687171044,
    20.502900589522));
#1178 = VECTOR('',#1179,1.);
#1179 = DIRECTION('',(0.,-0.49657364983,-0.867994591167));
#1180 = ORIENTED_EDGE('',*,*,#1181,.T.);
#1181 = EDGE_CURVE('',#1174,#1182,#1184,.T.);
#1182 = VERTEX_POINT('',#1183);
#1183 = CARTESIAN_POINT('',(-8.888972745734,2.595542857143,38.6372));
#1184 = LINE('',#1185,#1186);
#1185 = CARTESIAN_POINT('',(-8.888972745734,-7.626068086866,
    20.317949217231));
#1186 = VECTOR('',#1187,1.);
#1187 = DIRECTION('',(0.,-0.487253947878,-0.873260322171));
#1188 = ORIENTED_EDGE('',*,*,#1189,.T.);
#1189 = EDGE_CURVE('',#1182,#1190,#1192,.T.);
#1190 = VERTEX_POINT('',#1191);
#1191 = CARTESIAN_POINT('',(-8.888972745734,2.567128571429,
    38.602842857143));
#1192 = LINE('',#1193,#1194);
#1193 = CARTESIAN_POINT('',(-8.888972745734,-9.975331979677,
    23.43712258293));
#1194 = VECTOR('',#1195,1.);
#1195 = DIRECTION('',(0.,-0.637311932213,-0.770605931108));
#1196 = ORIENTED_EDGE('',*,*,#1197,.T.);
#1197 = EDGE_CURVE('',#1190,#1198,#1200,.T.);
#1198 = VERTEX_POINT('',#1199);
#1199 = CARTESIAN_POINT('',(-8.888972745734,2.532771428571,
    38.568671428571));
#1200 = LINE('',#1201,#1202);
#1201 = CARTESIAN_POINT('',(-8.888972745734,-10.73015633243,
    25.377435168976));
#1202 = VECTOR('',#1203,1.);
#1203 = DIRECTION('',(0.,-0.70902045612,-0.705187913114));
#1204 = ORIENTED_EDGE('',*,*,#1205,.T.);
#1205 = EDGE_CURVE('',#1198,#1206,#1208,.T.);
#1206 = VERTEX_POINT('',#1207);
#1207 = CARTESIAN_POINT('',(-8.888972745734,2.492842857143,
    38.528742857143));
#1208 = LINE('',#1209,#1210);
#1209 = CARTESIAN_POINT('',(-8.888972745734,-10.73479675786,
    25.301103242138));
#1210 = VECTOR('',#1211,1.);
#1211 = DIRECTION('',(0.,-0.707106781187,-0.707106781187));
#1212 = ORIENTED_EDGE('',*,*,#1213,.T.);
#1213 = EDGE_CURVE('',#1206,#1214,#1216,.T.);
#1214 = VERTEX_POINT('',#1215);
#1215 = CARTESIAN_POINT('',(-8.888972745734,2.452914285714,
    38.500142857143));
#1216 = LINE('',#1217,#1218);
#1217 = CARTESIAN_POINT('',(-8.888972745734,-11.1181560309,
    28.77946923501));
#1218 = VECTOR('',#1219,1.);
#1219 = DIRECTION('',(0.,-0.812966296417,-0.58231074255));
#1220 = ORIENTED_EDGE('',*,*,#1221,.T.);
#1221 = EDGE_CURVE('',#1214,#1222,#1224,.T.);
#1222 = VERTEX_POINT('',#1223);
#1223 = CARTESIAN_POINT('',(-8.888972745734,2.407414285714,
    38.471728571429));
#1224 = LINE('',#1225,#1226);
#1225 = CARTESIAN_POINT('',(-8.888972745734,-10.97222337436,
    30.116281379622));
#1226 = VECTOR('',#1227,1.);
#1227 = DIRECTION('',(0.,-0.848192741916,-0.529687712299));
#1228 = ORIENTED_EDGE('',*,*,#1229,.T.);
#1229 = EDGE_CURVE('',#1222,#1230,#1232,.T.);
#1230 = VERTEX_POINT('',#1231);
#1231 = CARTESIAN_POINT('',(-8.888972745734,2.361728571429,
    38.454457142857));
#1232 = LINE('',#1233,#1234);
#1233 = CARTESIAN_POINT('',(-8.888972745734,-9.416211943454,
    34.001821094548));
#1234 = VECTOR('',#1235,1.);
#1235 = DIRECTION('',(0.,-0.93538826358,-0.353622392329));
#1236 = ORIENTED_EDGE('',*,*,#1237,.T.);
#1237 = EDGE_CURVE('',#1230,#1238,#1240,.T.);
#1238 = VERTEX_POINT('',#1239);
#1239 = CARTESIAN_POINT('',(-8.888972745734,2.310285714286,38.4318));
#1240 = LINE('',#1241,#1242);
#1241 = CARTESIAN_POINT('',(-8.888972745734,-10.02122919942,
    33.000591265443));
#1242 = VECTOR('',#1243,1.);
#1243 = DIRECTION('',(0.,-0.915168822915,-0.403070745111));
#1244 = ORIENTED_EDGE('',*,*,#1245,.T.);
#1245 = EDGE_CURVE('',#1238,#1246,#1248,.T.);
#1246 = VERTEX_POINT('',#1247);
#1247 = CARTESIAN_POINT('',(-8.888972745734,2.264785714286,
    38.420285714286));
#1248 = LINE('',#1249,#1250);
#1249 = CARTESIAN_POINT('',(-8.888972745734,-7.901950038291,
    35.847479115674));
#1250 = VECTOR('',#1251,1.);
#1251 = DIRECTION('',(0.,-0.969440203112,-0.245327724869));
#1252 = ORIENTED_EDGE('',*,*,#1253,.T.);
#1253 = EDGE_CURVE('',#1246,#1254,#1256,.T.);
#1254 = VERTEX_POINT('',#1255);
#1255 = CARTESIAN_POINT('',(-8.888972745734,2.207585714286,
    38.408957142857));
#1256 = LINE('',#1257,#1258);
#1257 = CARTESIAN_POINT('',(-8.888972745734,-7.077069195444,
    36.570113150995));
#1258 = VECTOR('',#1259,1.);
#1259 = DIRECTION('',(0.,-0.980946441599,-0.194278353693));
#1260 = ORIENTED_EDGE('',*,*,#1261,.T.);
#1261 = EDGE_CURVE('',#1254,#1262,#1264,.T.);
#1262 = VERTEX_POINT('',#1263);
#1263 = CARTESIAN_POINT('',(-8.888972745734,2.179171428571,38.4032));
#1264 = LINE('',#1265,#1266);
#1265 = CARTESIAN_POINT('',(-8.888972745734,-7.165710897574,
    36.509792469866));
#1266 = VECTOR('',#1267,1.);
#1267 = DIRECTION('',(0.,-0.980084827963,-0.198579278868));
#1268 = ORIENTED_EDGE('',*,*,#1269,.T.);
#1269 = EDGE_CURVE('',#1262,#1270,#1272,.T.);
#1270 = VERTEX_POINT('',#1271);
#1271 = CARTESIAN_POINT('',(-8.888972745734,1.277714285714,38.4032));
#1272 = LINE('',#1273,#1274);
#1273 = CARTESIAN_POINT('',(-8.888972745734,-3.80562923001,38.4032));
#1274 = VECTOR('',#1275,1.);
#1275 = DIRECTION('',(0.,-1.,0.));
#1276 = ORIENTED_EDGE('',*,*,#1277,.T.);
#1277 = EDGE_CURVE('',#1270,#1278,#1280,.T.);
#1278 = VERTEX_POINT('',#1279);
#1279 = CARTESIAN_POINT('',(-8.888972745734,1.214942857143,
    38.408957142857));
#1280 = LINE('',#1281,#1282);
#1281 = CARTESIAN_POINT('',(-8.888972745734,-1.911782029764,
    38.695727768579));
#1282 = VECTOR('',#1283,1.);
#1283 = DIRECTION('',(0.,-0.995820439719,9.133264387955E-02));
#1284 = ORIENTED_EDGE('',*,*,#1285,.T.);
#1285 = EDGE_CURVE('',#1278,#1286,#1288,.T.);
#1286 = VERTEX_POINT('',#1287);
#1287 = CARTESIAN_POINT('',(-8.888972745734,1.157928571429,
    38.414528571429));
#1288 = LINE('',#1289,#1290);
#1289 = CARTESIAN_POINT('',(-8.888972745734,-1.813634945258,
    38.704909371105));
#1290 = VECTOR('',#1291,1.);
#1291 = DIRECTION('',(0.,-0.995259338689,9.725661290117E-02));
#1292 = ORIENTED_EDGE('',*,*,#1293,.T.);
#1293 = EDGE_CURVE('',#1286,#1294,#1296,.T.);
#1294 = VERTEX_POINT('',#1295);
#1295 = CARTESIAN_POINT('',(-8.888972745734,1.100914285714,38.4318));
#1296 = LINE('',#1297,#1298);
#1297 = CARTESIAN_POINT('',(-8.888972745734,2.273835328752,
    38.076485156344));
#1298 = VECTOR('',#1299,1.);
#1299 = DIRECTION('',(0.,-0.957050619435,0.289920871686));
#1300 = ORIENTED_EDGE('',*,*,#1301,.T.);
#1301 = EDGE_CURVE('',#1294,#1302,#1304,.T.);
#1302 = VERTEX_POINT('',#1303);
#1303 = CARTESIAN_POINT('',(-8.888972745734,1.032385714286,
    38.460214285714));
#1304 = LINE('',#1305,#1306);
#1305 = CARTESIAN_POINT('',(-8.888972745734,4.133899873131,
    37.174220610096));
#1306 = VECTOR('',#1307,1.);
#1307 = DIRECTION('',(0.,-0.923742113572,0.3830150227));
#1308 = ORIENTED_EDGE('',*,*,#1309,.T.);
#1309 = EDGE_CURVE('',#1302,#1310,#1312,.T.);
#1310 = VERTEX_POINT('',#1311);
#1311 = CARTESIAN_POINT('',(-8.888972745734,0.981128571429,
    38.488814285714));
#1312 = LINE('',#1313,#1314);
#1313 = CARTESIAN_POINT('',(-8.888972745734,6.044475608548,
    35.663613402684));
#1314 = VECTOR('',#1315,1.);
#1315 = DIRECTION('',(0.,-0.873260322171,0.487253947878));
#1316 = ORIENTED_EDGE('',*,*,#1317,.T.);
#1317 = EDGE_CURVE('',#1310,#1318,#1320,.T.);
#1318 = VERTEX_POINT('',#1319);
#1319 = CARTESIAN_POINT('',(-8.888972745734,0.929685714286,
    38.522985714286));
#1320 = LINE('',#1321,#1322);
#1321 = CARTESIAN_POINT('',(-8.888972745734,7.092219922844,
    34.429461185857));
#1322 = VECTOR('',#1323,1.);
#1323 = DIRECTION('',(0.,-0.832974406886,0.553311519375));
#1324 = ORIENTED_EDGE('',*,*,#1325,.T.);
#1325 = EDGE_CURVE('',#1318,#1326,#1328,.T.);
#1326 = VERTEX_POINT('',#1327);
#1327 = CARTESIAN_POINT('',(-8.888972745734,0.884,38.562914285714));
#1328 = LINE('',#1329,#1330);
#1329 = CARTESIAN_POINT('',(-8.888972745734,8.41082342254,
    31.984593001787));
#1330 = VECTOR('',#1331,1.);
#1331 = DIRECTION('',(0.,-0.752955783567,0.658071111654));
#1332 = ORIENTED_EDGE('',*,*,#1333,.T.);
#1333 = EDGE_CURVE('',#1326,#1334,#1336,.T.);
#1334 = VERTEX_POINT('',#1335);
#1335 = CARTESIAN_POINT('',(-8.888972745734,0.832742857143,
    38.614357142857));
#1336 = LINE('',#1337,#1338);
#1337 = CARTESIAN_POINT('',(-8.888972745734,8.814625151773,
    30.60355498484));
#1338 = VECTOR('',#1339,1.);
#1339 = DIRECTION('',(0.,-0.705826953048,0.708384297081));
#1340 = ORIENTED_EDGE('',*,*,#1341,.T.);
#1341 = EDGE_CURVE('',#1334,#1342,#1344,.T.);
#1342 = VERTEX_POINT('',#1343);
#1343 = CARTESIAN_POINT('',(-8.888972745734,0.798571428571,
    38.665614285714));
#1344 = LINE('',#1345,#1346);
#1345 = CARTESIAN_POINT('',(-8.888972745734,8.923321775382,
    26.478488765499));
#1346 = VECTOR('',#1347,1.);
#1347 = DIRECTION('',(0.,-0.554700196225,0.832050294338));
#1348 = ORIENTED_EDGE('',*,*,#1349,.T.);
#1349 = EDGE_CURVE('',#1342,#1350,#1352,.T.);
#1350 = VERTEX_POINT('',#1351);
#1351 = CARTESIAN_POINT('',(-8.888972745734,0.769971428571,
    38.717057142857));
#1352 = LINE('',#1353,#1354);
#1353 = CARTESIAN_POINT('',(-8.888972745734,8.488099277455,
    24.834450557528));
#1354 = VECTOR('',#1355,1.);
#1355 = DIRECTION('',(0.,-0.48591080823,0.874008401816));
#1356 = ORIENTED_EDGE('',*,*,#1357,.T.);
#1357 = EDGE_CURVE('',#1350,#1358,#1360,.T.);
#1358 = VERTEX_POINT('',#1359);
#1359 = CARTESIAN_POINT('',(-8.888972745734,0.747128571429,
    38.768314285714));
#1360 = LINE('',#1361,#1362);
#1361 = CARTESIAN_POINT('',(-8.888972745734,7.713703000781,
    23.136000932045));
#1362 = VECTOR('',#1363,1.);
#1363 = DIRECTION('',(0.,-0.407059440224,0.913401670747));
#1364 = ORIENTED_EDGE('',*,*,#1365,.T.);
#1365 = EDGE_CURVE('',#1358,#1366,#1368,.T.);
#1366 = VERTEX_POINT('',#1367);
#1367 = CARTESIAN_POINT('',(-8.888972745734,0.724285714286,
    38.836842857143));
#1368 = LINE('',#1369,#1370);
#1369 = CARTESIAN_POINT('',(-8.888972745734,6.519149219856,
    21.452252340432));
#1370 = VECTOR('',#1371,1.);
#1371 = DIRECTION('',(0.,-0.316227766017,0.948683298051));
#1372 = ORIENTED_EDGE('',*,*,#1373,.T.);
#1373 = EDGE_CURVE('',#1366,#1374,#1376,.T.);
#1374 = VERTEX_POINT('',#1375);
#1375 = CARTESIAN_POINT('',(-8.888972745734,0.712957142857,
    38.899614285714));
#1376 = LINE('',#1377,#1378);
#1377 = CARTESIAN_POINT('',(-8.888972745734,4.223140104869,
    19.449748037191));
#1378 = VECTOR('',#1379,1.);
#1379 = DIRECTION('',(0.,-0.177604207031,0.984101999614));
#1380 = ORIENTED_EDGE('',*,*,#1381,.T.);
#1381 = EDGE_CURVE('',#1374,#1382,#1384,.T.);
#1382 = VERTEX_POINT('',#1383);
#1383 = CARTESIAN_POINT('',(-8.888972745734,0.7072,38.962385714286));
#1384 = LINE('',#1385,#1386);
#1385 = CARTESIAN_POINT('',(-8.888972745734,2.575434692529,
    18.592601002194));
#1386 = VECTOR('',#1387,1.);
#1387 = DIRECTION('',(0.,-9.133264387955E-02,0.995820439719));
#1388 = ORIENTED_EDGE('',*,*,#1389,.T.);
#1389 = EDGE_CURVE('',#1382,#1390,#1392,.T.);
#1390 = VERTEX_POINT('',#1391);
#1391 = CARTESIAN_POINT('',(-8.888972745734,0.7072,41.871971428571));
#1392 = LINE('',#1393,#1394);
#1393 = CARTESIAN_POINT('',(-8.888972745734,0.7072,19.435985714286));
#1394 = VECTOR('',#1395,1.);
#1395 = DIRECTION('',(0.,0.,1.));
#1396 = ORIENTED_EDGE('',*,*,#1397,.T.);
#1397 = EDGE_CURVE('',#1390,#1398,#1400,.T.);
#1398 = VERTEX_POINT('',#1399);
#1399 = CARTESIAN_POINT('',(-8.888972745734,0.712957142857,
    41.900385714286));
#1400 = LINE('',#1401,#1402);
#1401 = CARTESIAN_POINT('',(-8.888972745734,-3.845721233544,
    19.401102114628));
#1402 = VECTOR('',#1403,1.);
#1403 = DIRECTION('',(0.,0.198579278868,0.980084827963));
#1404 = ORIENTED_EDGE('',*,*,#1405,.T.);
#1405 = EDGE_CURVE('',#1398,#1406,#1408,.T.);
#1406 = VERTEX_POINT('',#1407);
#1407 = CARTESIAN_POINT('',(-8.888972745734,0.718528571429,
    41.940314285714));
#1408 = LINE('',#1409,#1410);
#1409 = CARTESIAN_POINT('',(-8.888972745734,-2.448705150888,
    19.241805942448));
#1410 = VECTOR('',#1411,1.);
#1411 = DIRECTION('',(0.,0.138196031911,0.990404895365));
#1412 = ORIENTED_EDGE('',*,*,#1413,.T.);
#1413 = EDGE_CURVE('',#1406,#1414,#1416,.T.);
#1414 = VERTEX_POINT('',#1415);
#1415 = CARTESIAN_POINT('',(-8.888972745734,0.724285714286,
    41.974671428571));
#1416 = LINE('',#1417,#1418);
#1417 = CARTESIAN_POINT('',(-8.888972745734,-3.072225426835,
    19.318072683175));
#1418 = VECTOR('',#1419,1.);
#1419 = DIRECTION('',(0.,0.165263423329,0.986249461804));
#1420 = ORIENTED_EDGE('',*,*,#1421,.T.);
#1421 = EDGE_CURVE('',#1414,#1422,#1424,.T.);
#1422 = VERTEX_POINT('',#1423);
#1423 = CARTESIAN_POINT('',(-8.888972745734,0.741371428571,42.0146));
#1424 = LINE('',#1425,#1426);
#1425 = CARTESIAN_POINT('',(-8.888972745734,-8.144327899368,
    21.24910700536));
#1426 = VECTOR('',#1427,1.);
#1427 = DIRECTION('',(0.,0.393403152889,0.919366063816));
#1428 = ORIENTED_EDGE('',*,*,#1429,.T.);
#1429 = EDGE_CURVE('',#1422,#1430,#1432,.T.);
#1430 = VERTEX_POINT('',#1431);
#1431 = CARTESIAN_POINT('',(-8.888972745734,0.752885714286,
    42.048771428571));
#1432 = LINE('',#1433,#1434);
#1433 = CARTESIAN_POINT('',(-8.888972745734,-6.554537208492,
    20.362225980327));
#1434 = VECTOR('',#1435,1.);
#1435 = DIRECTION('',(0.,0.319316245627,0.947648212829));
#1436 = ORIENTED_EDGE('',*,*,#1437,.T.);
#1437 = EDGE_CURVE('',#1430,#1438,#1440,.T.);
#1438 = VERTEX_POINT('',#1439);
#1439 = CARTESIAN_POINT('',(-8.888972745734,0.798571428571,
    42.140142857143));
#1440 = LINE('',#1441,#1442);
#1441 = CARTESIAN_POINT('',(-8.888972745734,-9.198211560288,
    22.146576879425));
#1442 = VECTOR('',#1443,1.);
#1443 = DIRECTION('',(0.,0.4472135955,0.894427191));
#1444 = ORIENTED_EDGE('',*,*,#1445,.T.);
#1445 = EDGE_CURVE('',#1438,#1446,#1448,.T.);
#1446 = VERTEX_POINT('',#1447);
#1447 = CARTESIAN_POINT('',(-8.888972745734,0.821228571429,
    42.174314285714));
#1448 = LINE('',#1449,#1450);
#1449 = CARTESIAN_POINT('',(-8.888972745734,-11.06428274874,
    24.24862508152));
#1450 = VECTOR('',#1451,1.);
#1451 = DIRECTION('',(0.,0.5526078733,0.833441382682));
#1452 = ORIENTED_EDGE('',*,*,#1453,.T.);
#1453 = EDGE_CURVE('',#1446,#1454,#1456,.T.);
#1454 = VERTEX_POINT('',#1455);
#1455 = CARTESIAN_POINT('',(-8.888972745734,0.844071428571,
    42.197157142857));
#1456 = LINE('',#1457,#1458);
#1457 = CARTESIAN_POINT('',(-8.888972745734,-12.88847890071,
    28.464606813566));
#1458 = VECTOR('',#1459,1.);
#1459 = DIRECTION('',(0.,0.707106781187,0.707106781187));
#1460 = ORIENTED_EDGE('',*,*,#1461,.T.);
#1461 = EDGE_CURVE('',#1454,#1462,#1464,.T.);
#1462 = VERTEX_POINT('',#1463);
#1463 = CARTESIAN_POINT('',(-8.888972745734,0.872671428571,
    42.225571428571));
#1464 = LINE('',#1465,#1466);
#1465 = CARTESIAN_POINT('',(-8.888972745734,-12.88979082328,
    28.55247581471));
#1466 = VECTOR('',#1467,1.);
#1467 = DIRECTION('',(0.,0.709406297146,0.704799762748));
#1468 = ORIENTED_EDGE('',*,*,#1469,.T.);
#1469 = EDGE_CURVE('',#1462,#1470,#1472,.T.);
#1470 = VERTEX_POINT('',#1471);
#1471 = CARTESIAN_POINT('',(-8.888972745734,0.895514285714,
    42.254171428571));
#1472 = LINE('',#1473,#1474);
#1473 = CARTESIAN_POINT('',(-8.888972745734,-12.04352573872,
    26.054072536182));
#1474 = VECTOR('',#1475,1.);
#1475 = DIRECTION('',(0.,0.62407609663,0.781363568139));
#1476 = ORIENTED_EDGE('',*,*,#1477,.T.);
#1477 = EDGE_CURVE('',#1470,#1478,#1480,.T.);
#1478 = VERTEX_POINT('',#1479);
#1479 = CARTESIAN_POINT('',(-8.888972745734,0.929685714286,
    42.277014285714));
#1480 = LINE('',#1481,#1482);
#1481 = CARTESIAN_POINT('',(-8.888972745734,-12.92281901304,
    33.0169160169));
#1482 = VECTOR('',#1483,1.);
#1483 = DIRECTION('',(0.,0.831354528555,0.555742429414));
#1484 = ORIENTED_EDGE('',*,*,#1485,.T.);
#1485 = EDGE_CURVE('',#1478,#1486,#1488,.T.);
#1486 = VERTEX_POINT('',#1487);
#1487 = CARTESIAN_POINT('',(-8.888972745734,0.958285714286,
    42.299857142857));
#1488 = LINE('',#1489,#1490);
#1489 = CARTESIAN_POINT('',(-8.888972745734,-13.0925248873,
    31.077456467558));
#1490 = VECTOR('',#1491,1.);
#1491 = DIRECTION('',(0.,0.781363568139,0.62407609663));
#1492 = ORIENTED_EDGE('',*,*,#1493,.T.);
#1493 = EDGE_CURVE('',#1486,#1494,#1496,.T.);
#1494 = VERTEX_POINT('',#1495);
#1495 = CARTESIAN_POINT('',(-8.888972745734,0.992457142857,
    42.316942857143));
#1496 = LINE('',#1497,#1498);
#1497 = CARTESIAN_POINT('',(-8.888972745734,-12.023503384,35.80896259371
    ));
#1498 = VECTOR('',#1499,1.);
#1499 = DIRECTION('',(0.,0.894427191,0.4472135955));
#1500 = ORIENTED_EDGE('',*,*,#1501,.T.);
#1501 = EDGE_CURVE('',#1494,#1502,#1504,.T.);
#1502 = VERTEX_POINT('',#1503);
#1503 = CARTESIAN_POINT('',(-8.888972745734,1.021057142857,
    42.334028571429));
#1504 = LINE('',#1505,#1506);
#1505 = CARTESIAN_POINT('',(-8.888972745734,-12.61037209328,
    34.19057733945));
#1506 = VECTOR('',#1507,1.);
#1507 = DIRECTION('',(0.,0.85847509595,0.512855252126));
#1508 = ORIENTED_EDGE('',*,*,#1509,.T.);
#1509 = EDGE_CURVE('',#1502,#1510,#1512,.T.);
#1510 = VERTEX_POINT('',#1511);
#1511 = CARTESIAN_POINT('',(-8.888972745734,1.072314285714,
    42.356871428571));
#1512 = LINE('',#1513,#1514);
#1513 = CARTESIAN_POINT('',(-8.888972745734,-11.51509096134,
    36.747266916297));
#1514 = VECTOR('',#1515,1.);
#1515 = DIRECTION('',(0.,0.913401670747,0.407059440224));
#1516 = ORIENTED_EDGE('',*,*,#1517,.T.);
#1517 = EDGE_CURVE('',#1510,#1518,#1520,.T.);
#1518 = VERTEX_POINT('',#1519);
#1519 = CARTESIAN_POINT('',(-8.888972745734,1.129328571429,
    42.379714285714));
#1520 = LINE('',#1521,#1522);
#1521 = CARTESIAN_POINT('',(-8.888972745734,-11.02027313999,
    37.51195855117));
#1522 = VECTOR('',#1523,1.);
#1523 = DIRECTION('',(0.,0.928268015265,0.371911940969));
#1524 = ORIENTED_EDGE('',*,*,#1525,.T.);
#1525 = EDGE_CURVE('',#1518,#1526,#1528,.T.);
#1526 = VERTEX_POINT('',#1527);
#1527 = CARTESIAN_POINT('',(-8.888972745734,1.1921,42.391042857143));
#1528 = LINE('',#1529,#1530);
#1529 = CARTESIAN_POINT('',(-8.888972745734,-7.656179559158,
    40.794164001792));
#1530 = VECTOR('',#1531,1.);
#1531 = DIRECTION('',(0.,0.984101999614,0.177604207031));
#1532 = ORIENTED_EDGE('',*,*,#1533,.T.);
#1533 = EDGE_CURVE('',#1526,#1534,#1536,.T.);
#1534 = VERTEX_POINT('',#1535);
#1535 = CARTESIAN_POINT('',(-8.888972745734,1.249114285714,42.3968));
#1536 = LINE('',#1537,#1538);
#1537 = CARTESIAN_POINT('',(-8.888972745734,-6.037651338837,
    41.661002819671));
#1538 = VECTOR('',#1539,1.);
#1539 = DIRECTION('',(0.,0.994940461748,0.100466300698));
#1540 = ORIENTED_EDGE('',*,*,#1541,.T.);
#1541 = EDGE_CURVE('',#1534,#1542,#1544,.T.);
#1542 = VERTEX_POINT('',#1543);
#1543 = CARTESIAN_POINT('',(-8.888972745734,2.2191,42.3968));
#1544 = LINE('',#1545,#1546);
#1545 = CARTESIAN_POINT('',(-8.888972745734,-3.334936372867,42.3968));
#1546 = VECTOR('',#1547,1.);
#1547 = DIRECTION('',(0.,1.,0.));
#1548 = ORIENTED_EDGE('',*,*,#1549,.T.);
#1549 = EDGE_CURVE('',#1542,#1550,#1552,.T.);
#1550 = VERTEX_POINT('',#1551);
#1551 = CARTESIAN_POINT('',(-8.888972745734,2.281871428571,
    42.385285714286));
#1552 = LINE('',#1553,#1554);
#1553 = CARTESIAN_POINT('',(-8.888972745734,0.905322268535,
    42.637788814647));
#1554 = VECTOR('',#1555,1.);
#1555 = DIRECTION('',(-0.,0.983589347684,-0.180421714664));
#1556 = ORIENTED_EDGE('',*,*,#1557,.T.);
#1557 = EDGE_CURVE('',#1550,#1558,#1560,.T.);
#1558 = VERTEX_POINT('',#1559);
#1559 = CARTESIAN_POINT('',(-8.888972745734,2.350214285714,
    42.362257142857));
#1560 = LINE('',#1561,#1562);
#1561 = CARTESIAN_POINT('',(-8.888972745734,4.166908096709,
    41.750110315239));
#1562 = VECTOR('',#1563,1.);
#1563 = DIRECTION('',(-0.,0.947648212829,-0.319316245627));
#1564 = ORIENTED_EDGE('',*,*,#1565,.T.);
#1565 = EDGE_CURVE('',#1558,#1566,#1568,.T.);
#1566 = VERTEX_POINT('',#1567);
#1567 = CARTESIAN_POINT('',(-8.888972745734,2.407414285714,
    42.333471428571));
#1568 = LINE('',#1569,#1570);
#1569 = CARTESIAN_POINT('',(-8.888972745734,7.00245447719,
    40.021032371173));
#1570 = VECTOR('',#1571,1.);
#1571 = DIRECTION('',(-0.,0.893264098465,-0.449532257344));
#1572 = ORIENTED_EDGE('',*,*,#1573,.T.);
#1573 = EDGE_CURVE('',#1566,#1574,#1576,.T.);
#1574 = VERTEX_POINT('',#1575);
#1575 = CARTESIAN_POINT('',(-8.888972745734,2.47,42.292985714286));
#1576 = LINE('',#1577,#1578);
#1577 = CARTESIAN_POINT('',(-8.888972745734,8.793885310738,
    38.202163762532));
#1578 = VECTOR('',#1579,1.);
#1579 = DIRECTION('',(-0.,0.839636996037,-0.543147967763));
#1580 = ORIENTED_EDGE('',*,*,#1581,.T.);
#1581 = EDGE_CURVE('',#1574,#1582,#1584,.T.);
#1582 = VERTEX_POINT('',#1583);
#1583 = CARTESIAN_POINT('',(-8.888972745734,2.492842857143,42.2759));
#1584 = LINE('',#1585,#1586);
#1585 = CARTESIAN_POINT('',(-8.888972745734,9.701476692265,
    36.884076318445));
#1586 = VECTOR('',#1587,1.);
#1587 = DIRECTION('',(-0.,0.80078057117,-0.598957825591));
#1588 = ORIENTED_EDGE('',*,*,#1589,.T.);
#1589 = EDGE_CURVE('',#1582,#1590,#1592,.T.);
#1590 = VERTEX_POINT('',#1591);
#1591 = CARTESIAN_POINT('',(-8.888972745734,2.5272,42.247114285714));
#1592 = LINE('',#1593,#1594);
#1593 = CARTESIAN_POINT('',(-8.888972745734,10.31039733837,
    35.726057056269));
#1594 = VECTOR('',#1595,1.);
#1595 = DIRECTION('',(-0.,0.76652048118,-0.64221986261));
#1596 = ORIENTED_EDGE('',*,*,#1597,.T.);
#1597 = EDGE_CURVE('',#1590,#1598,#1600,.T.);
#1598 = VERTEX_POINT('',#1599);
#1599 = CARTESIAN_POINT('',(-8.888972745734,2.567128571429,
    42.200871428571));
#1600 = LINE('',#1601,#1602);
#1601 = CARTESIAN_POINT('',(-8.888972745734,11.300105714364,
    32.086865342102));
#1602 = VECTOR('',#1603,1.);
#1603 = DIRECTION('',(-0.,0.653540726021,-0.756891352462));
#1604 = ORIENTED_EDGE('',*,*,#1605,.T.);
#1605 = EDGE_CURVE('',#1598,#1606,#1608,.T.);
#1606 = VERTEX_POINT('',#1607);
#1607 = CARTESIAN_POINT('',(-8.888972745734,2.612628571429,42.1433));
#1608 = LINE('',#1609,#1610);
#1609 = CARTESIAN_POINT('',(-8.888972745734,11.382044154895,
    31.047304771941));
#1610 = VECTOR('',#1611,1.);
#1611 = DIRECTION('',(-0.,0.620054492814,-0.78455874601));
#1612 = ORIENTED_EDGE('',*,*,#1613,.T.);
#1613 = EDGE_CURVE('',#1606,#1614,#1616,.T.);
#1614 = VERTEX_POINT('',#1615);
#1615 = CARTESIAN_POINT('',(-8.888972745734,2.641228571429,
    42.085542857143));
#1616 = LINE('',#1617,#1618);
#1617 = CARTESIAN_POINT('',(-8.888972745734,10.470536571305,
    26.27440787038));
#1618 = VECTOR('',#1619,1.);
#1619 = DIRECTION('',(-0.,0.443752442317,-0.896149412731));
#1620 = ORIENTED_EDGE('',*,*,#1621,.T.);
#1621 = EDGE_CURVE('',#1614,#1622,#1624,.T.);
#1622 = VERTEX_POINT('',#1623);
#1623 = CARTESIAN_POINT('',(-8.888972745734,2.664071428571,
    42.033914285714));
#1624 = LINE('',#1625,#1626);
#1625 = CARTESIAN_POINT('',(-8.888972745734,10.049956854716,
    25.340612265647));
#1626 = VECTOR('',#1627,1.);
#1627 = DIRECTION('',(-0.,0.404611830448,-0.914488527354));
#1628 = ORIENTED_EDGE('',*,*,#1629,.T.);
#1629 = EDGE_CURVE('',#1622,#1630,#1632,.T.);
#1630 = VERTEX_POINT('',#1631);
#1631 = CARTESIAN_POINT('',(-8.888972745734,2.686914285714,
    41.964642857143));
#1632 = LINE('',#1633,#1634);
#1633 = CARTESIAN_POINT('',(-8.888972745734,8.805887871344,
    23.40873108934));
#1634 = VECTOR('',#1635,1.);
#1635 = DIRECTION('',(-0.,0.313170801129,-0.949696819685));
#1636 = ORIENTED_EDGE('',*,*,#1637,.T.);
#1637 = EDGE_CURVE('',#1630,#1124,#1638,.T.);
#1638 = LINE('',#1639,#1640);
#1639 = CARTESIAN_POINT('',(-8.888972745734,6.400489677373,
    21.144269349813));
#1640 = VECTOR('',#1641,1.);
#1641 = DIRECTION('',(-0.,0.175591378217,-0.98446313689));
#1642 = FACE_BOUND('',#1643,.F.);
#1643 = EDGE_LOOP('',(#1644,#1654,#1662,#1670,#1678,#1686,#1694,#1702,
    #1710,#1718,#1726,#1734,#1742,#1750,#1758,#1766,#1774,#1782,#1790,
    #1798,#1806,#1814,#1822,#1830,#1838,#1846,#1854,#1862,#1870,#1878,
    #1886,#1894,#1902,#1910,#1918,#1926,#1934,#1942,#1950,#1958,#1966,
    #1974,#1982,#1990,#1998,#2006,#2014,#2022,#2030,#2038,#2046,#2054,
    #2062,#2070,#2078,#2086,#2094,#2102,#2110,#2118,#2126,#2134,#2142,
    #2150,#2158,#2166,#2174,#2182,#2190,#2198,#2206,#2214,#2222,#2230,
    #2238,#2246,#2254,#2262,#2270,#2278,#2286,#2294,#2302));
#1644 = ORIENTED_EDGE('',*,*,#1645,.T.);
#1645 = EDGE_CURVE('',#1646,#1648,#1650,.T.);
#1646 = VERTEX_POINT('',#1647);
#1647 = CARTESIAN_POINT('',(-8.888972745734,-3.502757142857,
    41.832042857143));
#1648 = VERTEX_POINT('',#1649);
#1649 = CARTESIAN_POINT('',(-8.888972745734,-3.536928571429,
    41.826285714286));
#1650 = LINE('',#1651,#1652);
#1651 = CARTESIAN_POINT('',(-8.888972745734,-9.810989249827,
    40.769242882599));
#1652 = VECTOR('',#1653,1.);
#1653 = DIRECTION('',(0.,-0.98610270304,-0.166136868447));
#1654 = ORIENTED_EDGE('',*,*,#1655,.T.);
#1655 = EDGE_CURVE('',#1648,#1656,#1658,.T.);
#1656 = VERTEX_POINT('',#1657);
#1657 = CARTESIAN_POINT('',(-8.888972745734,-3.987657142857,
    41.826285714286));
#1658 = LINE('',#1659,#1660);
#1659 = CARTESIAN_POINT('',(-8.888972745734,-6.438314944296,
    41.826285714286));
#1660 = VECTOR('',#1661,1.);
#1661 = DIRECTION('',(0.,-1.,0.));
#1662 = ORIENTED_EDGE('',*,*,#1663,.T.);
#1663 = EDGE_CURVE('',#1656,#1664,#1666,.T.);
#1664 = VERTEX_POINT('',#1665);
#1665 = CARTESIAN_POINT('',(-8.888972745734,-3.987657142857,
    38.973714285714));
#1666 = LINE('',#1667,#1668);
#1667 = CARTESIAN_POINT('',(-8.888972745734,-3.987657142857,
    17.986857142857));
#1668 = VECTOR('',#1669,1.);
#1669 = DIRECTION('',(0.,-0.,-1.));
#1670 = ORIENTED_EDGE('',*,*,#1671,.T.);
#1671 = EDGE_CURVE('',#1664,#1672,#1674,.T.);
#1672 = VERTEX_POINT('',#1673);
#1673 = CARTESIAN_POINT('',(-8.888972745734,-3.548442857143,
    38.973714285714));
#1674 = LINE('',#1675,#1676);
#1675 = CARTESIAN_POINT('',(-8.888972745734,-6.218707801439,
    38.973714285714));
#1676 = VECTOR('',#1677,1.);
#1677 = DIRECTION('',(0.,1.,0.));
#1678 = ORIENTED_EDGE('',*,*,#1679,.T.);
#1679 = EDGE_CURVE('',#1672,#1680,#1682,.T.);
#1680 = VERTEX_POINT('',#1681);
#1681 = CARTESIAN_POINT('',(-8.888972745734,-3.5256,38.967957142857));
#1682 = LINE('',#1683,#1684);
#1683 = CARTESIAN_POINT('',(-8.888972745734,-1.074345981495,
    38.350161414616));
#1684 = VECTOR('',#1685,1.);
#1685 = DIRECTION('',(-0.,0.969676988372,-0.244390135281));
#1686 = ORIENTED_EDGE('',*,*,#1687,.T.);
#1687 = EDGE_CURVE('',#1680,#1688,#1690,.T.);
#1688 = VERTEX_POINT('',#1689);
#1689 = CARTESIAN_POINT('',(-8.888972745734,-3.502757142857,
    38.962385714286));
#1690 = LINE('',#1691,#1692);
#1691 = CARTESIAN_POINT('',(-8.888972745734,-1.2146185369,
    38.404303127467));
#1692 = VECTOR('',#1693,1.);
#1693 = DIRECTION('',(-0.,0.971520338783,-0.236956180191));
#1694 = ORIENTED_EDGE('',*,*,#1695,.T.);
#1695 = EDGE_CURVE('',#1688,#1696,#1698,.T.);
#1696 = VERTEX_POINT('',#1697);
#1697 = CARTESIAN_POINT('',(-8.888972745734,-3.485671428571,
    38.950871428571));
#1698 = LINE('',#1699,#1700);
#1699 = CARTESIAN_POINT('',(-8.888972745734,4.377272521709,
    33.651930940339));
#1700 = VECTOR('',#1701,1.);
#1701 = DIRECTION('',(-0.,0.829266427591,-0.558853462072));
#1702 = ORIENTED_EDGE('',*,*,#1703,.T.);
#1703 = EDGE_CURVE('',#1696,#1704,#1706,.T.);
#1704 = VERTEX_POINT('',#1705);
#1705 = CARTESIAN_POINT('',(-8.888972745734,-3.4684,38.939542857143));
#1706 = LINE('',#1707,#1708);
#1707 = CARTESIAN_POINT('',(-8.888972745734,4.253527766803,
    33.874622493971));
#1708 = VECTOR('',#1709,1.);
#1709 = DIRECTION('',(-0.,0.836176771121,-0.548460032671));
#1710 = ORIENTED_EDGE('',*,*,#1711,.T.);
#1711 = EDGE_CURVE('',#1704,#1712,#1714,.T.);
#1712 = VERTEX_POINT('',#1713);
#1713 = CARTESIAN_POINT('',(-8.888972745734,-3.451314285714,
    38.922457142857));
#1714 = LINE('',#1715,#1716);
#1715 = CARTESIAN_POINT('',(-8.888972745734,5.669885384995,
    29.801257472148));
#1716 = VECTOR('',#1717,1.);
#1717 = DIRECTION('',(-0.,0.707106781187,-0.707106781187));
#1718 = ORIENTED_EDGE('',*,*,#1719,.T.);
#1719 = EDGE_CURVE('',#1712,#1720,#1722,.T.);
#1720 = VERTEX_POINT('',#1721);
#1721 = CARTESIAN_POINT('',(-8.888972745734,-3.434228571429,
    38.899614285714));
#1722 = LINE('',#1723,#1724);
#1723 = CARTESIAN_POINT('',(-8.888972745734,5.63556078486,
    26.773700255024));
#1724 = VECTOR('',#1725,1.);
#1725 = DIRECTION('',(-0.,0.598957825591,-0.80078057117));
#1726 = ORIENTED_EDGE('',*,*,#1727,.T.);
#1727 = EDGE_CURVE('',#1720,#1728,#1730,.T.);
#1728 = VERTEX_POINT('',#1729);
#1729 = CARTESIAN_POINT('',(-8.888972745734,-3.4229,38.871014285714));
#1730 = LINE('',#1731,#1732);
#1731 = CARTESIAN_POINT('',(-8.888972745734,3.374436653299,
    21.710525029845));
#1732 = VECTOR('',#1733,1.);
#1733 = DIRECTION('',(-0.,0.368265914122,-0.929720504504));
#1734 = ORIENTED_EDGE('',*,*,#1735,.T.);
#1735 = EDGE_CURVE('',#1728,#1736,#1738,.T.);
#1736 = VERTEX_POINT('',#1737);
#1737 = CARTESIAN_POINT('',(-8.888972745734,-3.417142857143,
    38.842414285714));
#1738 = LINE('',#1739,#1740);
#1739 = CARTESIAN_POINT('',(-8.888972745734,0.52371821343,
    19.265233483513));
#1740 = VECTOR('',#1741,1.);
#1741 = DIRECTION('',(-0.,0.197340176951,-0.980335072596));
#1742 = ORIENTED_EDGE('',*,*,#1743,.T.);
#1743 = EDGE_CURVE('',#1736,#1744,#1746,.T.);
#1744 = VERTEX_POINT('',#1745);
#1745 = CARTESIAN_POINT('',(-8.888972745734,-3.417142857143,38.5059));
#1746 = LINE('',#1747,#1748);
#1747 = CARTESIAN_POINT('',(-8.888972745734,-3.417142857143,17.75295));
#1748 = VECTOR('',#1749,1.);
#1749 = DIRECTION('',(0.,-0.,-1.));
#1750 = ORIENTED_EDGE('',*,*,#1751,.T.);
#1751 = EDGE_CURVE('',#1744,#1752,#1754,.T.);
#1752 = VERTEX_POINT('',#1753);
#1753 = CARTESIAN_POINT('',(-8.888972745734,-3.429028571429,
    38.483057142857));
#1754 = LINE('',#1755,#1756);
#1755 = CARTESIAN_POINT('',(-8.888972745734,-12.50363343921,
    21.042800912573));
#1756 = VECTOR('',#1757,1.);
#1757 = DIRECTION('',(0.,-0.461579805424,-0.887098688549));
#1758 = ORIENTED_EDGE('',*,*,#1759,.T.);
#1759 = EDGE_CURVE('',#1752,#1760,#1762,.T.);
#1760 = VERTEX_POINT('',#1761);
#1761 = CARTESIAN_POINT('',(-8.888972745734,-3.4528,38.448885714286));
#1762 = LINE('',#1763,#1764);
#1763 = CARTESIAN_POINT('',(-8.888972745734,-14.0546153922,
    23.208776087988));
#1764 = VECTOR('',#1765,1.);
#1765 = DIRECTION('',(0.,-0.571064488199,-0.820905201785));
#1766 = ORIENTED_EDGE('',*,*,#1767,.T.);
#1767 = EDGE_CURVE('',#1760,#1768,#1770,.T.);
#1768 = VERTEX_POINT('',#1769);
#1769 = CARTESIAN_POINT('',(-8.888972745734,-3.470628571429,38.4318));
#1770 = LINE('',#1771,#1772);
#1771 = CARTESIAN_POINT('',(-8.888972745734,-15.23140678156,
    27.161054215287));
#1772 = VECTOR('',#1773,1.);
#1773 = DIRECTION('',(0.,-0.721988205115,-0.691905363236));
#1774 = ORIENTED_EDGE('',*,*,#1775,.T.);
#1775 = EDGE_CURVE('',#1768,#1776,#1778,.T.);
#1776 = VERTEX_POINT('',#1777);
#1777 = CARTESIAN_POINT('',(-8.888972745734,-3.488457142857,
    38.420285714286));
#1778 = LINE('',#1779,#1780);
#1779 = CARTESIAN_POINT('',(-8.888972745734,-14.83243464544,
    31.093966910532));
#1780 = VECTOR('',#1781,1.);
#1781 = DIRECTION('',(0.,-0.840039377769,-0.542525431476));
#1782 = ORIENTED_EDGE('',*,*,#1783,.T.);
#1783 = EDGE_CURVE('',#1776,#1784,#1786,.T.);
#1784 = VERTEX_POINT('',#1785);
#1785 = CARTESIAN_POINT('',(-8.888972745734,-3.506471428571,
    38.414528571429));
#1786 = LINE('',#1787,#1788);
#1787 = CARTESIAN_POINT('',(-8.888972745734,-11.95282833828,
    35.715177394097));
#1788 = VECTOR('',#1789,1.);
#1789 = DIRECTION('',(0.,-0.952538100641,-0.304419392988));
#1790 = ORIENTED_EDGE('',*,*,#1791,.T.);
#1791 = EDGE_CURVE('',#1784,#1792,#1794,.T.);
#1792 = VERTEX_POINT('',#1793);
#1793 = CARTESIAN_POINT('',(-8.888972745734,-3.530242857143,38.4032));
#1794 = LINE('',#1795,#1796);
#1795 = CARTESIAN_POINT('',(-8.888972745734,-13.75341162348,
    33.531221134789));
#1796 = VECTOR('',#1797,1.);
#1797 = DIRECTION('',(0.,-0.902730115416,-0.430207320628));
#1798 = ORIENTED_EDGE('',*,*,#1799,.T.);
#1799 = EDGE_CURVE('',#1792,#1800,#1802,.T.);
#1800 = VERTEX_POINT('',#1801);
#1801 = CARTESIAN_POINT('',(-8.888972745734,-5.025985714286,38.4032));
#1802 = LINE('',#1803,#1804);
#1803 = CARTESIAN_POINT('',(-8.888972745734,-6.95747923001,38.4032));
#1804 = VECTOR('',#1805,1.);
#1805 = DIRECTION('',(0.,-1.,0.));
#1806 = ORIENTED_EDGE('',*,*,#1807,.T.);
#1807 = EDGE_CURVE('',#1800,#1808,#1810,.T.);
#1808 = VERTEX_POINT('',#1809);
#1809 = CARTESIAN_POINT('',(-8.888972745734,-5.048828571429,
    38.408957142857));
#1810 = LINE('',#1811,#1812);
#1811 = CARTESIAN_POINT('',(-8.888972745734,-1.947684619513,
    37.627368016765));
#1812 = VECTOR('',#1813,1.);
#1813 = DIRECTION('',(0.,-0.969676988372,0.244390135281));
#1814 = ORIENTED_EDGE('',*,*,#1815,.T.);
#1815 = EDGE_CURVE('',#1808,#1816,#1818,.T.);
#1816 = VERTEX_POINT('',#1817);
#1817 = CARTESIAN_POINT('',(-8.888972745734,-5.065914285714,
    38.421028571429));
#1818 = LINE('',#1819,#1820);
#1819 = CARTESIAN_POINT('',(-8.888972745734,3.419363673602,
    32.425995230607));
#1820 = VECTOR('',#1821,1.);
#1821 = DIRECTION('',(0.,-0.816721763686,0.577031680865));
#1822 = ORIENTED_EDGE('',*,*,#1823,.T.);
#1823 = EDGE_CURVE('',#1816,#1824,#1826,.T.);
#1824 = VERTEX_POINT('',#1825);
#1825 = CARTESIAN_POINT('',(-8.888972745734,-5.083,38.432914285714));
#1826 = LINE('',#1827,#1828);
#1827 = CARTESIAN_POINT('',(-8.888972745734,3.34626934691,
    32.569074740037));
#1828 = VECTOR('',#1829,1.);
#1829 = DIRECTION('',(0.,-0.820905201785,0.571064488199));
#1830 = ORIENTED_EDGE('',*,*,#1831,.T.);
#1831 = EDGE_CURVE('',#1824,#1832,#1834,.T.);
#1832 = VERTEX_POINT('',#1833);
#1833 = CARTESIAN_POINT('',(-8.888972745734,-5.094514285714,
    38.450928571429));
#1834 = LINE('',#1835,#1836);
#1835 = CARTESIAN_POINT('',(-8.888972745734,3.760084148914,
    24.597766504349));
#1836 = VECTOR('',#1837,1.);
#1837 = DIRECTION('',(0.,-0.538560615351,0.842586769178));
#1838 = ORIENTED_EDGE('',*,*,#1839,.T.);
#1839 = EDGE_CURVE('',#1832,#1840,#1842,.T.);
#1840 = VERTEX_POINT('',#1841);
#1841 = CARTESIAN_POINT('',(-8.888972745734,-5.105842857143,
    38.468942857143));
#1842 = LINE('',#1843,#1844);
#1843 = CARTESIAN_POINT('',(-8.888972745734,3.702028756348,
    24.462983078313));
#1844 = VECTOR('',#1845,1.);
#1845 = DIRECTION('',(0.,-0.532350261781,0.846524186767));
#1846 = ORIENTED_EDGE('',*,*,#1847,.T.);
#1847 = EDGE_CURVE('',#1840,#1848,#1850,.T.);
#1848 = VERTEX_POINT('',#1849);
#1849 = CARTESIAN_POINT('',(-8.888972745734,-5.117357142857,
    38.486957142857));
#1850 = LINE('',#1851,#1852);
#1851 = CARTESIAN_POINT('',(-8.888972745734,3.7487286445,24.615822927154
    ));
#1852 = VECTOR('',#1853,1.);
#1853 = DIRECTION('',(0.,-0.538560615351,0.842586769178));
#1854 = ORIENTED_EDGE('',*,*,#1855,.T.);
#1855 = EDGE_CURVE('',#1848,#1856,#1858,.T.);
#1856 = VERTEX_POINT('',#1857);
#1857 = CARTESIAN_POINT('',(-8.888972745734,-5.122928571429,
    38.504785714286));
#1858 = LINE('',#1859,#1860);
#1859 = CARTESIAN_POINT('',(-8.888972745734,0.617697323207,
    20.134782851452));
#1860 = VECTOR('',#1861,1.);
#1861 = DIRECTION('',(0.,-0.298274993136,0.954479978035));
#1862 = ORIENTED_EDGE('',*,*,#1863,.T.);
#1863 = EDGE_CURVE('',#1856,#1864,#1866,.T.);
#1864 = VERTEX_POINT('',#1865);
#1865 = CARTESIAN_POINT('',(-8.888972745734,-5.128685714286,
    38.528742857143));
#1866 = LINE('',#1867,#1868);
#1867 = CARTESIAN_POINT('',(-8.888972745734,-0.513874702796,
    19.325174454491));
#1868 = VECTOR('',#1869,1.);
#1869 = DIRECTION('',(0.,-0.233658016401,0.972318842444));
#1870 = ORIENTED_EDGE('',*,*,#1871,.T.);
#1871 = EDGE_CURVE('',#1864,#1872,#1874,.T.);
#1872 = VERTEX_POINT('',#1873);
#1873 = CARTESIAN_POINT('',(-8.888972745734,-5.128685714286,
    38.842414285714));
#1874 = LINE('',#1875,#1876);
#1875 = CARTESIAN_POINT('',(-8.888972745734,-5.128685714286,
    17.921207142857));
#1876 = VECTOR('',#1877,1.);
#1877 = DIRECTION('',(0.,0.,1.));
#1878 = ORIENTED_EDGE('',*,*,#1879,.T.);
#1879 = EDGE_CURVE('',#1872,#1880,#1882,.T.);
#1880 = VERTEX_POINT('',#1881);
#1881 = CARTESIAN_POINT('',(-8.888972745734,-5.122928571429,
    38.859685714286));
#1882 = LINE('',#1883,#1884);
#1883 = CARTESIAN_POINT('',(-8.888972745734,-11.59018363728,
    19.457920516711));
#1884 = VECTOR('',#1885,1.);
#1885 = DIRECTION('',(0.,0.316227766017,0.948683298051));
#1886 = ORIENTED_EDGE('',*,*,#1887,.T.);
#1887 = EDGE_CURVE('',#1880,#1888,#1890,.T.);
#1888 = VERTEX_POINT('',#1889);
#1889 = CARTESIAN_POINT('',(-8.888972745734,-5.117357142857,38.8881));
#1890 = LINE('',#1891,#1892);
#1891 = CARTESIAN_POINT('',(-8.888972745734,-9.141809671603,
    18.363392103394));
#1892 = VECTOR('',#1893,1.);
#1893 = DIRECTION('',(0.,0.192414460721,0.981313749677));
#1894 = ORIENTED_EDGE('',*,*,#1895,.T.);
#1895 = EDGE_CURVE('',#1888,#1896,#1898,.T.);
#1896 = VERTEX_POINT('',#1897);
#1897 = CARTESIAN_POINT('',(-8.888972745734,-5.105842857143,
    38.905185714286));
#1898 = LINE('',#1899,#1900);
#1899 = CARTESIAN_POINT('',(-8.888972745734,-15.40684751289,
    23.619823967038));
#1900 = VECTOR('',#1901,1.);
#1901 = DIRECTION('',(0.,0.558853462072,0.829266427591));
#1902 = ORIENTED_EDGE('',*,*,#1903,.T.);
#1903 = EDGE_CURVE('',#1896,#1904,#1906,.T.);
#1904 = VERTEX_POINT('',#1905);
#1905 = CARTESIAN_POINT('',(-8.888972745734,-5.094514285714,
    38.922457142857));
#1906 = LINE('',#1907,#1908);
#1907 = CARTESIAN_POINT('',(-8.888972745734,-15.2782361653,
    23.396454932984));
#1908 = VECTOR('',#1909,1.);
#1909 = DIRECTION('',(0.,0.548460032671,0.836176771121));
#1910 = ORIENTED_EDGE('',*,*,#1911,.T.);
#1911 = EDGE_CURVE('',#1904,#1912,#1914,.T.);
#1912 = VERTEX_POINT('',#1913);
#1913 = CARTESIAN_POINT('',(-8.888972745734,-5.077428571429,
    38.939542857143));
#1914 = LINE('',#1915,#1916);
#1915 = CARTESIAN_POINT('',(-8.888972745734,-16.51520032929,
    27.501771099281));
#1916 = VECTOR('',#1917,1.);
#1917 = DIRECTION('',(0.,0.707106781187,0.707106781187));
#1918 = ORIENTED_EDGE('',*,*,#1919,.T.);
#1919 = EDGE_CURVE('',#1912,#1920,#1922,.T.);
#1920 = VERTEX_POINT('',#1921);
#1921 = CARTESIAN_POINT('',(-8.888972745734,-5.054585714286,
    38.956628571429));
#1922 = LINE('',#1923,#1924);
#1923 = CARTESIAN_POINT('',(-8.888972745734,-16.34589352408,
    30.511097526703));
#1924 = VECTOR('',#1925,1.);
#1925 = DIRECTION('',(0.,0.80078057117,0.598957825591));
#1926 = ORIENTED_EDGE('',*,*,#1927,.T.);
#1927 = EDGE_CURVE('',#1920,#1928,#1930,.T.);
#1928 = VERTEX_POINT('',#1929);
#1929 = CARTESIAN_POINT('',(-8.888972745734,-5.025985714286,
    38.967957142857));
#1930 = LINE('',#1931,#1932);
#1931 = CARTESIAN_POINT('',(-8.888972745734,-13.88011681166,
    35.460801318569));
#1932 = VECTOR('',#1933,1.);
#1933 = DIRECTION('',(0.,0.929720504504,0.368265914122));
#1934 = ORIENTED_EDGE('',*,*,#1935,.T.);
#1935 = EDGE_CURVE('',#1928,#1936,#1938,.T.);
#1936 = VERTEX_POINT('',#1937);
#1937 = CARTESIAN_POINT('',(-8.888972745734,-4.997385714286,
    38.973714285714));
#1938 = LINE('',#1939,#1940);
#1939 = CARTESIAN_POINT('',(-8.888972745734,-10.92751073024,
    37.779987821462));
#1940 = VECTOR('',#1941,1.);
#1941 = DIRECTION('',(0.,0.980335072596,0.197340176951));
#1942 = ORIENTED_EDGE('',*,*,#1943,.T.);
#1943 = EDGE_CURVE('',#1936,#1944,#1946,.T.);
#1944 = VERTEX_POINT('',#1945);
#1945 = CARTESIAN_POINT('',(-8.888972745734,-4.558171428571,
    38.973714285714));
#1946 = LINE('',#1947,#1948);
#1947 = CARTESIAN_POINT('',(-8.888972745734,-6.723572087153,
    38.973714285714));
#1948 = VECTOR('',#1949,1.);
#1949 = DIRECTION('',(0.,1.,0.));
#1950 = ORIENTED_EDGE('',*,*,#1951,.T.);
#1951 = EDGE_CURVE('',#1944,#1952,#1954,.T.);
#1952 = VERTEX_POINT('',#1953);
#1953 = CARTESIAN_POINT('',(-8.888972745734,-4.558171428571,
    41.837614285714));
#1954 = LINE('',#1955,#1956);
#1955 = CARTESIAN_POINT('',(-8.888972745734,-4.558171428571,
    19.418807142857));
#1956 = VECTOR('',#1957,1.);
#1957 = DIRECTION('',(0.,0.,1.));
#1958 = ORIENTED_EDGE('',*,*,#1959,.T.);
#1959 = EDGE_CURVE('',#1952,#1960,#1962,.T.);
#1960 = VERTEX_POINT('',#1961);
#1961 = CARTESIAN_POINT('',(-8.888972745734,-4.552414285714,
    41.900385714286));
#1962 = LINE('',#1963,#1964);
#1963 = CARTESIAN_POINT('',(-8.888972745734,-6.612366866741,
    19.440257572769));
#1964 = VECTOR('',#1965,1.);
#1965 = DIRECTION('',(0.,9.133264387955E-02,0.995820439719));
#1966 = ORIENTED_EDGE('',*,*,#1967,.T.);
#1967 = EDGE_CURVE('',#1960,#1968,#1970,.T.);
#1968 = VERTEX_POINT('',#1969);
#1969 = CARTESIAN_POINT('',(-8.888972745734,-4.546842857143,
    41.946071428571));
#1970 = LINE('',#1971,#1972);
#1971 = CARTESIAN_POINT('',(-8.888972745734,-7.279110703002,
    19.541475092525));
#1972 = VECTOR('',#1973,1.);
#1973 = DIRECTION('',(0.,0.121054375311,0.992645877551));
#1974 = ORIENTED_EDGE('',*,*,#1975,.T.);
#1975 = EDGE_CURVE('',#1968,#1976,#1978,.T.);
#1976 = VERTEX_POINT('',#1977);
#1977 = CARTESIAN_POINT('',(-8.888972745734,-4.529571428571,
    42.003085714286));
#1978 = LINE('',#1979,#1980);
#1979 = CARTESIAN_POINT('',(-8.888972745734,-10.95626369771,
    20.788090804316));
#1980 = VECTOR('',#1981,1.);
#1981 = DIRECTION('',(0.,0.289920871686,0.957050619435));
#1982 = ORIENTED_EDGE('',*,*,#1983,.T.);
#1983 = EDGE_CURVE('',#1976,#1984,#1986,.T.);
#1984 = VERTEX_POINT('',#1985);
#1985 = CARTESIAN_POINT('',(-8.888972745734,-4.506914285714,
    42.054528571429));
#1986 = LINE('',#1987,#1988);
#1987 = CARTESIAN_POINT('',(-8.888972745734,-13.17268932125,
    22.378957384179));
#1988 = VECTOR('',#1989,1.);
#1989 = DIRECTION('',(0.,0.403070745111,0.915168822915));
#1990 = ORIENTED_EDGE('',*,*,#1991,.T.);
#1991 = EDGE_CURVE('',#1984,#1992,#1994,.T.);
#1992 = VERTEX_POINT('',#1993);
#1993 = CARTESIAN_POINT('',(-8.888972745734,-4.4954,42.0887));
#1994 = LINE('',#1995,#1996);
#1995 = CARTESIAN_POINT('',(-8.888972745734,-11.54129898189,
    21.178290118258));
#1996 = VECTOR('',#1997,1.);
#1997 = DIRECTION('',(0.,0.319316245627,0.947648212829));
#1998 = ORIENTED_EDGE('',*,*,#1999,.T.);
#1999 = EDGE_CURVE('',#1992,#2000,#2002,.T.);
#2000 = VERTEX_POINT('',#2001);
#2001 = CARTESIAN_POINT('',(-8.888972745734,-4.472557142857,
    42.122871428571));
#2002 = LINE('',#2003,#2004);
#2003 = CARTESIAN_POINT('',(-8.888972745734,-15.57837298267,
    25.509293261683));
#2004 = VECTOR('',#2005,1.);
#2005 = DIRECTION('',(0.,0.555742429414,0.831354528555));
#2006 = ORIENTED_EDGE('',*,*,#2007,.T.);
#2007 = EDGE_CURVE('',#2000,#2008,#2010,.T.);
#2008 = VERTEX_POINT('',#2009);
#2009 = CARTESIAN_POINT('',(-8.888972745734,-4.438385714286,
    42.174314285714));
#2010 = LINE('',#2011,#2012);
#2011 = CARTESIAN_POINT('',(-8.888972745734,-15.52996018212,
    25.476672287941));
#2012 = VECTOR('',#2013,1.);
#2013 = DIRECTION('',(0.,0.553311519375,0.832974406886));
#2014 = ORIENTED_EDGE('',*,*,#2015,.T.);
#2015 = EDGE_CURVE('',#2008,#2016,#2018,.T.);
#2016 = VERTEX_POINT('',#2017);
#2017 = CARTESIAN_POINT('',(-8.888972745734,-4.3927,42.225571428571));
#2018 = LINE('',#2019,#2020);
#2019 = CARTESIAN_POINT('',(-8.888972745734,-16.61994021594,
    28.507204357027));
#2020 = VECTOR('',#2021,1.);
#2021 = DIRECTION('',(0.,0.665370524754,0.746513271676));
#2022 = ORIENTED_EDGE('',*,*,#2023,.T.);
#2023 = EDGE_CURVE('',#2016,#2024,#2026,.T.);
#2024 = VERTEX_POINT('',#2025);
#2025 = CARTESIAN_POINT('',(-8.888972745734,-4.347014285714,
    42.271257142857));
#2026 = LINE('',#2027,#2028);
#2027 = CARTESIAN_POINT('',(-8.888972745734,-16.80031818643,
    29.817953242138));
#2028 = VECTOR('',#2029,1.);
#2029 = DIRECTION('',(0.,0.707106781187,0.707106781187));
#2030 = ORIENTED_EDGE('',*,*,#2031,.T.);
#2031 = EDGE_CURVE('',#2024,#2032,#2034,.T.);
#2032 = VERTEX_POINT('',#2033);
#2033 = CARTESIAN_POINT('',(-8.888972745734,-4.29,42.311185714286));
#2034 = LINE('',#2035,#2036);
#2035 = CARTESIAN_POINT('',(-8.888972745734,-16.47806823819,
    33.775567892749));
#2036 = VECTOR('',#2037,1.);
#2037 = DIRECTION('',(0.,0.819106553991,0.573641397746));
#2038 = ORIENTED_EDGE('',*,*,#2039,.T.);
#2039 = EDGE_CURVE('',#2032,#2040,#2042,.T.);
#2040 = VERTEX_POINT('',#2041);
#2041 = CARTESIAN_POINT('',(-8.888972745734,-4.255828571429,
    42.328271428571));
#2042 = LINE('',#2043,#2044);
#2043 = CARTESIAN_POINT('',(-8.888972745734,-15.17474052686,
    36.868815450853));
#2044 = VECTOR('',#2045,1.);
#2045 = DIRECTION('',(0.,0.894427191,0.4472135955));
#2046 = ORIENTED_EDGE('',*,*,#2047,.T.);
#2047 = EDGE_CURVE('',#2040,#2048,#2050,.T.);
#2048 = VERTEX_POINT('',#2049);
#2049 = CARTESIAN_POINT('',(-8.888972745734,-4.221657142857,
    42.345542857143));
#2050 = LINE('',#2051,#2052);
#2051 = CARTESIAN_POINT('',(-8.888972745734,-15.2082418555,
    36.792540801292));
#2052 = VECTOR('',#2053,1.);
#2053 = DIRECTION('',(0.,0.892478602936,0.451089728658));
#2054 = ORIENTED_EDGE('',*,*,#2055,.T.);
#2055 = EDGE_CURVE('',#2048,#2056,#2058,.T.);
#2056 = VERTEX_POINT('',#2057);
#2057 = CARTESIAN_POINT('',(-8.888972745734,-4.164457142857,42.3682));
#2058 = LINE('',#2059,#2060);
#2059 = CARTESIAN_POINT('',(-8.888972745734,-13.97302737352,
    38.482987116423));
#2060 = VECTOR('',#2061,1.);
#2061 = DIRECTION('',(0.,0.929720504504,0.368265914122));
#2062 = ORIENTED_EDGE('',*,*,#2063,.T.);
#2063 = EDGE_CURVE('',#2056,#2064,#2066,.T.);
#2064 = VERTEX_POINT('',#2065);
#2065 = CARTESIAN_POINT('',(-8.888972745734,-4.124528571429,
    42.379714285714));
#2066 = LINE('',#2067,#2068);
#2067 = CARTESIAN_POINT('',(-8.888972745734,-12.36463745502,
    40.003496840211));
#2068 = VECTOR('',#2069,1.);
#2069 = DIRECTION('',(0.,0.960846474829,0.27708130902));
#2070 = ORIENTED_EDGE('',*,*,#2071,.T.);
#2071 = EDGE_CURVE('',#2064,#2072,#2074,.T.);
#2072 = VERTEX_POINT('',#2073);
#2073 = CARTESIAN_POINT('',(-8.888972745734,-4.090357142857,
    42.385471428571));
#2074 = LINE('',#2075,#2076);
#2075 = CARTESIAN_POINT('',(-8.888972745734,-10.14114639637,
    41.36604497825));
#2076 = VECTOR('',#2077,1.);
#2077 = DIRECTION('',(0.,0.98610270304,0.166136868447));
#2078 = ORIENTED_EDGE('',*,*,#2079,.T.);
#2079 = EDGE_CURVE('',#2072,#2080,#2082,.T.);
#2080 = VERTEX_POINT('',#2081);
#2081 = CARTESIAN_POINT('',(-8.888972745734,-4.044671428571,
    42.391042857143));
#2082 = LINE('',#2083,#2084);
#2083 = CARTESIAN_POINT('',(-8.888972745734,-9.158515010009,
    41.767403395992));
#2084 = VECTOR('',#2085,1.);
#2085 = DIRECTION('',(0.,0.992645877551,0.121054375311));
#2086 = ORIENTED_EDGE('',*,*,#2087,.T.);
#2087 = EDGE_CURVE('',#2080,#2088,#2090,.T.);
#2088 = VERTEX_POINT('',#2089);
#2089 = CARTESIAN_POINT('',(-8.888972745734,-3.987657142857,42.3968));
#2090 = LINE('',#2091,#2092);
#2091 = CARTESIAN_POINT('',(-8.888972745734,-8.682465670615,
    41.922731386448));
#2092 = VECTOR('',#2093,1.);
#2093 = DIRECTION('',(0.,0.994940461748,0.100466300698));
#2094 = ORIENTED_EDGE('',*,*,#2095,.T.);
#2095 = EDGE_CURVE('',#2088,#2096,#2098,.T.);
#2096 = VERTEX_POINT('',#2097);
#2097 = CARTESIAN_POINT('',(-8.888972745734,-3.559771428571,42.3968));
#2098 = LINE('',#2099,#2100);
#2099 = CARTESIAN_POINT('',(-8.888972745734,-6.224372087153,42.3968));
#2100 = VECTOR('',#2101,1.);
#2101 = DIRECTION('',(0.,1.,0.));
#2102 = ORIENTED_EDGE('',*,*,#2103,.T.);
#2103 = EDGE_CURVE('',#2096,#2104,#2106,.T.);
#2104 = VERTEX_POINT('',#2105);
#2105 = CARTESIAN_POINT('',(-8.888972745734,-3.514085714286,
    42.391042857143));
#2106 = LINE('',#2107,#2108);
#2107 = CARTESIAN_POINT('',(-8.888972745734,-3.34422195033,
    42.369637260872));
#2108 = VECTOR('',#2109,1.);
#2109 = DIRECTION('',(-0.,0.992153283358,-0.125027446277));
#2110 = ORIENTED_EDGE('',*,*,#2111,.T.);
#2111 = EDGE_CURVE('',#2104,#2112,#2114,.T.);
#2112 = VERTEX_POINT('',#2113);
#2113 = CARTESIAN_POINT('',(-8.888972745734,-3.485671428571,
    42.385471428571));
#2114 = LINE('',#2115,#2116);
#2115 = CARTESIAN_POINT('',(-8.888972745734,-1.802479332564,
    42.055433762688));
#2116 = VECTOR('',#2117,1.);
#2117 = DIRECTION('',(-0.,0.981313749677,-0.192414460721));
#2118 = ORIENTED_EDGE('',*,*,#2119,.T.);
#2119 = EDGE_CURVE('',#2112,#2120,#2122,.T.);
#2120 = VERTEX_POINT('',#2121);
#2121 = CARTESIAN_POINT('',(-8.888972745734,-3.457071428571,
    42.379714285714));
#2122 = LINE('',#2123,#2124);
#2123 = CARTESIAN_POINT('',(-8.888972745734,-1.677686082659,
    42.021526326472));
#2124 = VECTOR('',#2125,1.);
#2125 = DIRECTION('',(-0.,0.980335072596,-0.197340176951));
#2126 = ORIENTED_EDGE('',*,*,#2127,.T.);
#2127 = EDGE_CURVE('',#2120,#2128,#2130,.T.);
#2128 = VERTEX_POINT('',#2129);
#2129 = CARTESIAN_POINT('',(-8.888972745734,-3.434228571429,42.3682));
#2130 = LINE('',#2131,#2132);
#2131 = CARTESIAN_POINT('',(-8.888972745734,3.508613061074,
    38.868556250283));
#2132 = VECTOR('',#2133,1.);
#2133 = DIRECTION('',(-0.,0.892970492237,-0.450115207469));
#2134 = ORIENTED_EDGE('',*,*,#2135,.T.);
#2135 = EDGE_CURVE('',#2128,#2136,#2138,.T.);
#2136 = VERTEX_POINT('',#2137);
#2137 = CARTESIAN_POINT('',(-8.888972745734,-3.405814285714,
    42.351114285714));
#2138 = LINE('',#2139,#2140);
#2139 = CARTESIAN_POINT('',(-8.888972745734,4.594797961252,
    37.540288620872));
#2140 = VECTOR('',#2141,1.);
#2141 = DIRECTION('',(-0.,0.856998298068,-0.515319238054));
#2142 = ORIENTED_EDGE('',*,*,#2143,.T.);
#2143 = EDGE_CURVE('',#2136,#2144,#2146,.T.);
#2144 = VERTEX_POINT('',#2145);
#2145 = CARTESIAN_POINT('',(-8.888972745734,-3.360128571429,
    42.316942857143));
#2146 = LINE('',#2147,#2148);
#2147 = CARTESIAN_POINT('',(-8.888972745734,5.73495560308,
    35.514115669706));
#2148 = VECTOR('',#2149,1.);
#2149 = DIRECTION('',(-0.,0.80078057117,-0.598957825591));
#2150 = ORIENTED_EDGE('',*,*,#2151,.T.);
#2151 = EDGE_CURVE('',#2144,#2152,#2154,.T.);
#2152 = VERTEX_POINT('',#2153);
#2153 = CARTESIAN_POINT('',(-8.888972745734,-3.337285714286,
    42.288342857143));
#2154 = LINE('',#2155,#2156);
#2155 = CARTESIAN_POINT('',(-8.888972745734,6.623588494766,
    29.817004416542));
#2156 = VECTOR('',#2157,1.);
#2157 = DIRECTION('',(-0.,0.62407609663,-0.781363568139));
#2158 = ORIENTED_EDGE('',*,*,#2159,.T.);
#2159 = EDGE_CURVE('',#2152,#2160,#2162,.T.);
#2160 = VERTEX_POINT('',#2161);
#2161 = CARTESIAN_POINT('',(-8.888972745734,-3.3202,42.271257142857));
#2162 = LINE('',#2163,#2164);
#2163 = CARTESIAN_POINT('',(-8.888972745734,6.605421099281,
    32.345636043576));
#2164 = VECTOR('',#2165,1.);
#2165 = DIRECTION('',(-0.,0.707106781187,-0.707106781187));
#2166 = ORIENTED_EDGE('',*,*,#2167,.T.);
#2167 = EDGE_CURVE('',#2160,#2168,#2170,.T.);
#2168 = VERTEX_POINT('',#2169);
#2169 = CARTESIAN_POINT('',(-8.888972745734,-3.308685714286,
    42.242842857143));
#2170 = LINE('',#2171,#2172);
#2171 = CARTESIAN_POINT('',(-8.888972745734,4.171646432523,
    23.783313527114));
#2172 = VECTOR('',#2173,1.);
#2173 = DIRECTION('',(-0.,0.375564497639,-0.926796260304));
#2174 = ORIENTED_EDGE('',*,*,#2175,.T.);
#2175 = EDGE_CURVE('',#2168,#2176,#2178,.T.);
#2176 = VERTEX_POINT('',#2177);
#2177 = CARTESIAN_POINT('',(-8.888972745734,-3.297357142857,42.22));
#2178 = LINE('',#2179,#2180);
#2179 = CARTESIAN_POINT('',(-8.888972745734,5.150368542599,
    25.186061322769));
#2180 = VECTOR('',#2181,1.);
#2181 = DIRECTION('',(-0.,0.444297794845,-0.895879160097));
#2182 = ORIENTED_EDGE('',*,*,#2183,.T.);
#2183 = EDGE_CURVE('',#2176,#2184,#2186,.T.);
#2184 = VERTEX_POINT('',#2185);
#2185 = CARTESIAN_POINT('',(-8.888972745734,-3.285842857143,42.1914));
#2186 = LINE('',#2187,#2188);
#2187 = CARTESIAN_POINT('',(-8.888972745734,4.151549303747,
    23.717877535854));
#2188 = VECTOR('',#2189,1.);
#2189 = DIRECTION('',(-0.,0.373466870858,-0.927643517938));
#2190 = ORIENTED_EDGE('',*,*,#2191,.T.);
#2191 = EDGE_CURVE('',#2184,#2192,#2194,.T.);
#2192 = VERTEX_POINT('',#2193);
#2193 = CARTESIAN_POINT('',(-8.888972745734,-3.280271428571,42.1628));
#2194 = LINE('',#2195,#2196);
#2195 = CARTESIAN_POINT('',(-8.888972745734,0.855337622748,
    20.933340203227));
#2196 = VECTOR('',#2197,1.);
#2197 = DIRECTION('',(-0.,0.191210841639,-0.981548987081));
#2198 = ORIENTED_EDGE('',*,*,#2199,.T.);
#2199 = EDGE_CURVE('',#2192,#2200,#2202,.T.);
#2200 = VERTEX_POINT('',#2201);
#2201 = CARTESIAN_POINT('',(-8.888972745734,-3.274514285714,
    42.140142857143));
#2202 = LINE('',#2203,#2204);
#2203 = CARTESIAN_POINT('',(-8.888972745734,1.942416156243,
    21.608997246858));
#2204 = VECTOR('',#2205,1.);
#2205 = DIRECTION('',(-0.,0.246272303221,-0.96920067719));
#2206 = ORIENTED_EDGE('',*,*,#2207,.T.);
#2207 = EDGE_CURVE('',#2200,#2208,#2210,.T.);
#2208 = VERTEX_POINT('',#2209);
#2209 = CARTESIAN_POINT('',(-8.888972745734,-3.274514285714,
    42.082942857143));
#2210 = LINE('',#2211,#2212);
#2211 = CARTESIAN_POINT('',(-8.888972745734,-3.274514285714,
    19.541471428571));
#2212 = VECTOR('',#2213,1.);
#2213 = DIRECTION('',(0.,-0.,-1.));
#2214 = ORIENTED_EDGE('',*,*,#2215,.T.);
#2215 = EDGE_CURVE('',#2208,#2216,#2218,.T.);
#2216 = VERTEX_POINT('',#2217);
#2217 = CARTESIAN_POINT('',(-8.888972745734,-3.280271428571,
    42.054528571429));
#2218 = LINE('',#2219,#2220);
#2219 = CARTESIAN_POINT('',(-8.888972745734,-7.775215847531,
    19.869802890758));
#2220 = VECTOR('',#2221,1.);
#2221 = DIRECTION('',(0.,-0.198579278868,-0.980084827963));
#2222 = ORIENTED_EDGE('',*,*,#2223,.T.);
#2223 = EDGE_CURVE('',#2216,#2224,#2226,.T.);
#2224 = VERTEX_POINT('',#2225);
#2225 = CARTESIAN_POINT('',(-8.888972745734,-3.285842857143,
    42.025928571429));
#2226 = LINE('',#2227,#2228);
#2227 = CARTESIAN_POINT('',(-8.888972745734,-7.613568866643,
    19.810268389326));
#2228 = VECTOR('',#2229,1.);
#2229 = DIRECTION('',(0.,-0.191210841639,-0.981548987081));
#2230 = ORIENTED_EDGE('',*,*,#2231,.T.);
#2231 = EDGE_CURVE('',#2224,#2232,#2234,.T.);
#2232 = VERTEX_POINT('',#2233);
#2233 = CARTESIAN_POINT('',(-8.888972745734,-3.297357142857,
    42.003085714286));
#2234 = LINE('',#2235,#2236);
#2235 = CARTESIAN_POINT('',(-8.888972745734,-12.90805924675,
    22.936692830741));
#2236 = VECTOR('',#2237,1.);
#2237 = DIRECTION('',(0.,-0.450115207469,-0.892970492237));
#2238 = ORIENTED_EDGE('',*,*,#2239,.T.);
#2239 = EDGE_CURVE('',#2232,#2240,#2242,.T.);
#2240 = VERTEX_POINT('',#2241);
#2241 = CARTESIAN_POINT('',(-8.888972745734,-3.308685714286,
    41.974671428571));
#2242 = LINE('',#2243,#2244);
#2243 = CARTESIAN_POINT('',(-8.888972745734,-11.42724186037,
    21.611735521164));
#2244 = VECTOR('',#2245,1.);
#2245 = DIRECTION('',(0.,-0.370343680353,-0.92889480482));
#2246 = ORIENTED_EDGE('',*,*,#2247,.T.);
#2247 = EDGE_CURVE('',#2240,#2248,#2250,.T.);
#2248 = VERTEX_POINT('',#2249);
#2249 = CARTESIAN_POINT('',(-8.888972745734,-3.325771428571,
    41.951828571429));
#2250 = LINE('',#2251,#2252);
#2251 = CARTESIAN_POINT('',(-8.888972745734,-15.10387993666,
    26.205009587786));
#2252 = VECTOR('',#2253,1.);
#2253 = DIRECTION('',(0.,-0.598957825591,-0.80078057117));
#2254 = ORIENTED_EDGE('',*,*,#2255,.T.);
#2255 = EDGE_CURVE('',#2248,#2256,#2258,.T.);
#2256 = VERTEX_POINT('',#2257);
#2257 = CARTESIAN_POINT('',(-8.888972745734,-3.343042857143,
    41.928985714286));
#2258 = LINE('',#2259,#2260);
#2259 = CARTESIAN_POINT('',(-8.888972745734,-15.15878461827,
    26.301714352796));
#2260 = VECTOR('',#2261,1.);
#2261 = DIRECTION('',(0.,-0.603108274872,-0.797659331282));
#2262 = ORIENTED_EDGE('',*,*,#2263,.T.);
#2263 = EDGE_CURVE('',#2256,#2264,#2266,.T.);
#2264 = VERTEX_POINT('',#2265);
#2265 = CARTESIAN_POINT('',(-8.888972745734,-3.360128571429,
    41.906142857143));
#2266 = LINE('',#2267,#2268);
#2267 = CARTESIAN_POINT('',(-8.888972745734,-15.12111805268,
    26.182211268067));
#2268 = VECTOR('',#2269,1.);
#2269 = DIRECTION('',(0.,-0.598957825591,-0.80078057117));
#2270 = ORIENTED_EDGE('',*,*,#2271,.T.);
#2271 = EDGE_CURVE('',#2264,#2272,#2274,.T.);
#2272 = VERTEX_POINT('',#2273);
#2273 = CARTESIAN_POINT('',(-8.888972745734,-3.382971428571,
    41.889057142857));
#2274 = LINE('',#2275,#2276);
#2275 = CARTESIAN_POINT('',(-8.888972745734,-15.91348608452,
    32.516639676614));
#2276 = VECTOR('',#2277,1.);
#2277 = DIRECTION('',(0.,-0.80078057117,-0.598957825591));
#2278 = ORIENTED_EDGE('',*,*,#2279,.T.);
#2279 = EDGE_CURVE('',#2272,#2280,#2282,.T.);
#2280 = VERTEX_POINT('',#2281);
#2281 = CARTESIAN_POINT('',(-8.888972745734,-3.400057142857,
    41.871971428571));
#2282 = LINE('',#2283,#2284);
#2283 = CARTESIAN_POINT('',(-8.888972745734,-15.99027890071,
    29.281749670709));
#2284 = VECTOR('',#2285,1.);
#2285 = DIRECTION('',(0.,-0.707106781187,-0.707106781187));
#2286 = ORIENTED_EDGE('',*,*,#2287,.T.);
#2287 = EDGE_CURVE('',#2280,#2288,#2290,.T.);
#2288 = VERTEX_POINT('',#2289);
#2289 = CARTESIAN_POINT('',(-8.888972745734,-3.434228571429,
    41.854885714286));
#2290 = LINE('',#2291,#2292);
#2291 = CARTESIAN_POINT('',(-8.888972745734,-14.587103384,
    36.278448307996));
#2292 = VECTOR('',#2293,1.);
#2293 = DIRECTION('',(0.,-0.894427191,-0.4472135955));
#2294 = ORIENTED_EDGE('',*,*,#2295,.T.);
#2295 = EDGE_CURVE('',#2288,#2296,#2298,.T.);
#2296 = VERTEX_POINT('',#2297);
#2297 = CARTESIAN_POINT('',(-8.888972745734,-3.462828571429,
    41.843371428571));
#2298 = LINE('',#2299,#2300);
#2299 = CARTESIAN_POINT('',(-8.888972745734,-13.56534935585,
    37.776122801073));
#2300 = VECTOR('',#2301,1.);
#2301 = DIRECTION('',(0.,-0.927643517938,-0.373466870858));
#2302 = ORIENTED_EDGE('',*,*,#2303,.T.);
#2303 = EDGE_CURVE('',#2296,#1646,#2304,.T.);
#2304 = LINE('',#2305,#2306);
#2305 = CARTESIAN_POINT('',(-8.888972745734,-11.88130655937,
    39.45487302269));
#2306 = VECTOR('',#2307,1.);
#2307 = DIRECTION('',(0.,-0.962028866252,-0.272947724844));
#2308 = FACE_BOUND('',#2309,.F.);
#2309 = EDGE_LOOP('',(#2310,#2320,#2328,#2336,#2344,#2352,#2360,#2368,
    #2376,#2384,#2392,#2400,#2408,#2416,#2424,#2432,#2440,#2448,#2456,
    #2464,#2472,#2480,#2488,#2496,#2504,#2512,#2520,#2528,#2536,#2544,
    #2552,#2560,#2568,#2576,#2584,#2592,#2600,#2608,#2616,#2624,#2632,
    #2640,#2648,#2656,#2664,#2672,#2680,#2688,#2696,#2704,#2712,#2720,
    #2728,#2736,#2744,#2752,#2760,#2768));
#2310 = ORIENTED_EDGE('',*,*,#2311,.T.);
#2311 = EDGE_CURVE('',#2312,#2314,#2316,.T.);
#2312 = VERTEX_POINT('',#2313);
#2313 = CARTESIAN_POINT('',(-8.888972745734,-0.855585714286,
    42.287414285714));
#2314 = VERTEX_POINT('',#2315);
#2315 = CARTESIAN_POINT('',(-8.888972745734,-0.849828571429,
    42.258442857143));
#2316 = LINE('',#2317,#2318);
#2317 = CARTESIAN_POINT('',(-8.888972745734,3.323476802838,
    21.257293231802));
#2318 = VECTOR('',#2319,1.);
#2319 = DIRECTION('',(-0.,0.19490688626,-0.980821750212));
#2320 = ORIENTED_EDGE('',*,*,#2321,.T.);
#2321 = EDGE_CURVE('',#2314,#2322,#2324,.T.);
#2322 = VERTEX_POINT('',#2323);
#2323 = CARTESIAN_POINT('',(-8.888972745734,-0.849828571429,
    38.522985714286));
#2324 = LINE('',#2325,#2326);
#2325 = CARTESIAN_POINT('',(-8.888972745734,-0.849828571429,
    17.761492857143));
#2326 = VECTOR('',#2327,1.);
#2327 = DIRECTION('',(0.,-0.,-1.));
#2328 = ORIENTED_EDGE('',*,*,#2329,.T.);
#2329 = EDGE_CURVE('',#2322,#2330,#2332,.T.);
#2330 = VERTEX_POINT('',#2331);
#2331 = CARTESIAN_POINT('',(-8.888972745734,-0.861157142857,
    38.494571428571));
#2332 = LINE('',#2333,#2334);
#2333 = CARTESIAN_POINT('',(-8.888972745734,-8.548962837681,
    19.212042390734));
#2334 = VECTOR('',#2335,1.);
#2335 = DIRECTION('',(0.,-0.370343680353,-0.92889480482));
#2336 = ORIENTED_EDGE('',*,*,#2337,.T.);
#2337 = EDGE_CURVE('',#2330,#2338,#2340,.T.);
#2338 = VERTEX_POINT('',#2339);
#2339 = CARTESIAN_POINT('',(-8.888972745734,-0.872671428571,
    38.471728571429));
#2340 = LINE('',#2341,#2342);
#2341 = CARTESIAN_POINT('',(-8.888972745734,-10.01930254512,
    20.325992646645));
#2342 = VECTOR('',#2343,1.);
#2343 = DIRECTION('',(0.,-0.450115207469,-0.892970492237));
#2344 = ORIENTED_EDGE('',*,*,#2345,.T.);
#2345 = EDGE_CURVE('',#2338,#2346,#2348,.T.);
#2346 = VERTEX_POINT('',#2347);
#2347 = CARTESIAN_POINT('',(-8.888972745734,-0.884,38.448885714286));
#2348 = LINE('',#2349,#2350);
#2349 = CARTESIAN_POINT('',(-8.888972745734,-9.923190798439,
    20.222320661695));
#2350 = VECTOR('',#2351,1.);
#2351 = DIRECTION('',(0.,-0.444297794845,-0.895879160097));
#2352 = ORIENTED_EDGE('',*,*,#2353,.T.);
#2353 = EDGE_CURVE('',#2346,#2354,#2356,.T.);
#2354 = VERTEX_POINT('',#2355);
#2355 = CARTESIAN_POINT('',(-8.888972745734,-0.906842857143,38.4318));
#2356 = LINE('',#2357,#2358);
#2357 = CARTESIAN_POINT('',(-8.888972745734,-13.40215697329,
    29.085711392801));
#2358 = VECTOR('',#2359,1.);
#2359 = DIRECTION('',(0.,-0.80078057117,-0.598957825591));
#2360 = ORIENTED_EDGE('',*,*,#2361,.T.);
#2361 = EDGE_CURVE('',#2354,#2362,#2364,.T.);
#2362 = VERTEX_POINT('',#2363);
#2363 = CARTESIAN_POINT('',(-8.888972745734,-0.929685714286,
    38.414528571429));
#2364 = LINE('',#2365,#2366);
#2365 = CARTESIAN_POINT('',(-8.888972745734,-13.42352131499,
    28.967969946502));
#2366 = VECTOR('',#2367,1.);
#2367 = DIRECTION('',(0.,-0.797659331282,-0.603108274872));
#2368 = ORIENTED_EDGE('',*,*,#2369,.T.);
#2369 = EDGE_CURVE('',#2362,#2370,#2372,.T.);
#2370 = VERTEX_POINT('',#2371);
#2371 = CARTESIAN_POINT('',(-8.888972745734,-0.958285714286,
    38.408957142857));
#2372 = LINE('',#2373,#2374);
#2373 = CARTESIAN_POINT('',(-8.888972745734,-8.664524657206,
    36.907741764366));
#2374 = VECTOR('',#2375,1.);
#2375 = DIRECTION('',(0.,-0.981548987081,-0.191210841639));
#2376 = ORIENTED_EDGE('',*,*,#2377,.T.);
#2377 = EDGE_CURVE('',#2370,#2378,#2380,.T.);
#2378 = VERTEX_POINT('',#2379);
#2379 = CARTESIAN_POINT('',(-8.888972745734,-0.981128571429,38.4032));
#2380 = LINE('',#2381,#2382);
#2381 = CARTESIAN_POINT('',(-8.888972745734,-9.604751197689,
    36.22976665517));
#2382 = VECTOR('',#2383,1.);
#2383 = DIRECTION('',(0.,-0.969676988372,-0.244390135281));
#2384 = ORIENTED_EDGE('',*,*,#2385,.T.);
#2385 = EDGE_CURVE('',#2378,#2386,#2388,.T.);
#2386 = VERTEX_POINT('',#2387);
#2387 = CARTESIAN_POINT('',(-8.888972745734,-1.306314285714,38.4032));
#2388 = LINE('',#2389,#2390);
#2389 = CARTESIAN_POINT('',(-8.888972745734,-5.097643515724,38.4032));
#2390 = VECTOR('',#2391,1.);
#2391 = DIRECTION('',(0.,-1.,0.));
#2392 = ORIENTED_EDGE('',*,*,#2393,.T.);
#2393 = EDGE_CURVE('',#2386,#2394,#2396,.T.);
#2394 = VERTEX_POINT('',#2395);
#2395 = CARTESIAN_POINT('',(-8.888972745734,-1.340485714286,
    38.415085714286));
#2396 = LINE('',#2397,#2398);
#2397 = CARTESIAN_POINT('',(-8.888972745734,1.717883705438,
    37.351305046556));
#2398 = VECTOR('',#2399,1.);
#2399 = DIRECTION('',(0.,-0.944496796706,0.328520624941));
#2400 = ORIENTED_EDGE('',*,*,#2401,.T.);
#2401 = EDGE_CURVE('',#2394,#2402,#2404,.T.);
#2402 = VERTEX_POINT('',#2403);
#2403 = CARTESIAN_POINT('',(-8.888972745734,-1.369085714286,
    38.432728571429));
#2404 = LINE('',#2405,#2406);
#2405 = CARTESIAN_POINT('',(-8.888972745734,5.164300226311,
    34.402393088593));
#2406 = VECTOR('',#2407,1.);
#2407 = DIRECTION('',(0.,-0.851088556054,0.525022161202));
#2408 = ORIENTED_EDGE('',*,*,#2409,.T.);
#2409 = EDGE_CURVE('',#2402,#2410,#2412,.T.);
#2410 = VERTEX_POINT('',#2411);
#2411 = CARTESIAN_POINT('',(-8.888972745734,-1.391742857143,
    38.462628571429));
#2412 = LINE('',#2413,#2414);
#2413 = CARTESIAN_POINT('',(-8.888972745734,7.220194169425,
    27.097695282269));
#2414 = VECTOR('',#2415,1.);
#2415 = DIRECTION('',(0.,-0.603952995426,0.797019936586));
#2416 = ORIENTED_EDGE('',*,*,#2417,.T.);
#2417 = EDGE_CURVE('',#2410,#2418,#2420,.T.);
#2418 = VERTEX_POINT('',#2419);
#2419 = CARTESIAN_POINT('',(-8.888972745734,-1.403257142857,
    38.480457142857));
#2420 = LINE('',#2421,#2422);
#2421 = CARTESIAN_POINT('',(-8.888972745734,6.947301438185,
    25.550559985114));
#2422 = VECTOR('',#2423,1.);
#2423 = DIRECTION('',(0.,-0.542525431476,0.840039377769));
#2424 = ORIENTED_EDGE('',*,*,#2425,.T.);
#2425 = EDGE_CURVE('',#2418,#2426,#2428,.T.);
#2426 = VERTEX_POINT('',#2427);
#2427 = CARTESIAN_POINT('',(-8.888972745734,-1.414585714286,
    38.498285714286));
#2428 = LINE('',#2429,#2430);
#2429 = CARTESIAN_POINT('',(-8.888972745734,6.902712229551,
    25.408767638739));
#2430 = VECTOR('',#2431,1.);
#2431 = DIRECTION('',(0.,-0.536306481872,0.844023315733));
#2432 = ORIENTED_EDGE('',*,*,#2433,.T.);
#2433 = EDGE_CURVE('',#2426,#2434,#2436,.T.);
#2434 = VERTEX_POINT('',#2435);
#2435 = CARTESIAN_POINT('',(-8.888972745734,-1.420342857143,
    38.522057142857));
#2436 = LINE('',#2437,#2438);
#2437 = CARTESIAN_POINT('',(-8.888972745734,3.122239138243,
    19.765589549008));
#2438 = VECTOR('',#2439,1.);
#2439 = DIRECTION('',(0.,-0.23538270084,0.971902764759));
#2440 = ORIENTED_EDGE('',*,*,#2441,.T.);
#2441 = EDGE_CURVE('',#2434,#2442,#2444,.T.);
#2442 = VERTEX_POINT('',#2443);
#2443 = CARTESIAN_POINT('',(-8.888972745734,-1.420342857143,
    40.114742857143));
#2444 = LINE('',#2445,#2446);
#2445 = CARTESIAN_POINT('',(-8.888972745734,-1.420342857143,
    18.557371428571));
#2446 = VECTOR('',#2447,1.);
#2447 = DIRECTION('',(0.,0.,1.));
#2448 = ORIENTED_EDGE('',*,*,#2449,.T.);
#2449 = EDGE_CURVE('',#2442,#2450,#2452,.T.);
#2450 = VERTEX_POINT('',#2451);
#2451 = CARTESIAN_POINT('',(-8.888972745734,-2.316042857143,
    40.114742857143));
#2452 = LINE('',#2453,#2454);
#2453 = CARTESIAN_POINT('',(-8.888972745734,-5.602507801439,
    40.114742857143));
#2454 = VECTOR('',#2455,1.);
#2455 = DIRECTION('',(0.,-1.,0.));
#2456 = ORIENTED_EDGE('',*,*,#2457,.T.);
#2457 = EDGE_CURVE('',#2450,#2458,#2460,.T.);
#2458 = VERTEX_POINT('',#2459);
#2459 = CARTESIAN_POINT('',(-8.888972745734,-2.338885714286,40.1205));
#2460 = LINE('',#2461,#2462);
#2461 = CARTESIAN_POINT('',(-8.888972745734,-0.308985161109,
    39.608899047573));
#2462 = VECTOR('',#2463,1.);
#2463 = DIRECTION('',(0.,-0.969676988372,0.244390135281));
#2464 = ORIENTED_EDGE('',*,*,#2465,.T.);
#2465 = EDGE_CURVE('',#2458,#2466,#2468,.T.);
#2466 = VERTEX_POINT('',#2467);
#2467 = CARTESIAN_POINT('',(-8.888972745734,-2.355971428571,
    40.138514285714));
#2468 = LINE('',#2469,#2470);
#2469 = CARTESIAN_POINT('',(-8.888972745734,6.866676653375,
    30.414635329749));
#2470 = VECTOR('',#2471,1.);
#2471 = DIRECTION('',(0.,-0.688159484156,0.725559456121));
#2472 = ORIENTED_EDGE('',*,*,#2473,.T.);
#2473 = EDGE_CURVE('',#2466,#2474,#2476,.T.);
#2474 = VERTEX_POINT('',#2475);
#2475 = CARTESIAN_POINT('',(-8.888972745734,-2.373057142857,40.1504));
#2476 = LINE('',#2477,#2478);
#2477 = CARTESIAN_POINT('',(-8.888972745734,5.545686708148,
    34.641708625388));
#2478 = VECTOR('',#2479,1.);
#2479 = DIRECTION('',(0.,-0.820905201785,0.571064488199));
#2480 = ORIENTED_EDGE('',*,*,#2481,.T.);
#2481 = EDGE_CURVE('',#2474,#2482,#2484,.T.);
#2482 = VERTEX_POINT('',#2483);
#2483 = CARTESIAN_POINT('',(-8.888972745734,-2.390142857143,
    40.168228571429));
#2484 = LINE('',#2485,#2486);
#2485 = CARTESIAN_POINT('',(-8.888972745734,6.836545450714,
    30.54037990236));
#2486 = VECTOR('',#2487,1.);
#2487 = DIRECTION('',(0.,-0.691905363236,0.721988205115));
#2488 = ORIENTED_EDGE('',*,*,#2489,.T.);
#2489 = EDGE_CURVE('',#2482,#2490,#2492,.T.);
#2490 = VERTEX_POINT('',#2491);
#2491 = CARTESIAN_POINT('',(-8.888972745734,-2.401657142857,
    40.185871428571));
#2492 = LINE('',#2493,#2494);
#2493 = CARTESIAN_POINT('',(-8.888972745734,6.51230437462,
    26.527382006631));
#2494 = VECTOR('',#2495,1.);
#2495 = DIRECTION('',(0.,-0.546536648242,0.837435186822));
#2496 = ORIENTED_EDGE('',*,*,#2497,.T.);
#2497 = EDGE_CURVE('',#2490,#2498,#2500,.T.);
#2498 = VERTEX_POINT('',#2499);
#2499 = CARTESIAN_POINT('',(-8.888972745734,-2.412985714286,
    40.209828571429));
#2500 = LINE('',#2501,#2502);
#2501 = CARTESIAN_POINT('',(-8.888972745734,5.344626339652,
    23.804386686872));
#2502 = VECTOR('',#2503,1.);
#2503 = DIRECTION('',(0.,-0.42748375785,0.904023028896));
#2504 = ORIENTED_EDGE('',*,*,#2505,.T.);
#2505 = EDGE_CURVE('',#2498,#2506,#2508,.T.);
#2506 = VERTEX_POINT('',#2507);
#2507 = CARTESIAN_POINT('',(-8.888972745734,-2.418742857143,40.2336));
#2508 = LINE('',#2509,#2510);
#2509 = CARTESIAN_POINT('',(-8.888972745734,2.347271379728,
    20.554573473564));
#2510 = VECTOR('',#2511,1.);
#2511 = DIRECTION('',(0.,-0.23538270084,0.971902764759));
#2512 = ORIENTED_EDGE('',*,*,#2513,.T.);
#2513 = EDGE_CURVE('',#2506,#2514,#2516,.T.);
#2514 = VERTEX_POINT('',#2515);
#2515 = CARTESIAN_POINT('',(-8.888972745734,-2.418742857143,
    40.571228571429));
#2516 = LINE('',#2517,#2518);
#2517 = CARTESIAN_POINT('',(-8.888972745734,-2.418742857143,
    18.785614285714));
#2518 = VECTOR('',#2519,1.);
#2519 = DIRECTION('',(0.,0.,1.));
#2520 = ORIENTED_EDGE('',*,*,#2521,.T.);
#2521 = EDGE_CURVE('',#2514,#2522,#2524,.T.);
#2522 = VERTEX_POINT('',#2523);
#2523 = CARTESIAN_POINT('',(-8.888972745734,-2.407414285714,40.6054));
#2524 = LINE('',#2525,#2526);
#2525 = CARTESIAN_POINT('',(-8.888972745734,-9.240648559735,
    19.993676943938));
#2526 = VECTOR('',#2527,1.);
#2527 = DIRECTION('',(0.,0.314679739965,0.949197904157));
#2528 = ORIENTED_EDGE('',*,*,#2529,.T.);
#2529 = EDGE_CURVE('',#2522,#2530,#2532,.T.);
#2530 = VERTEX_POINT('',#2531);
#2531 = CARTESIAN_POINT('',(-8.888972745734,-2.384571428571,40.634));
#2532 = LINE('',#2533,#2534);
#2533 = CARTESIAN_POINT('',(-8.888972745734,-14.28984000274,
    25.728216581932));
#2534 = VECTOR('',#2535,1.);
#2535 = DIRECTION('',(0.,0.62407609663,0.781363568139));
#2536 = ORIENTED_EDGE('',*,*,#2537,.T.);
#2537 = EDGE_CURVE('',#2530,#2538,#2540,.T.);
#2538 = VERTEX_POINT('',#2539);
#2539 = CARTESIAN_POINT('',(-8.888972745734,-2.361728571429,
    40.656657142857));
#2540 = LINE('',#2541,#2542);
#2541 = CARTESIAN_POINT('',(-8.888972745734,-14.92066093738,
    28.199829918089));
#2542 = VECTOR('',#2543,1.);
#2543 = DIRECTION('',(0.,0.709987017244,0.704214765071));
#2544 = ORIENTED_EDGE('',*,*,#2545,.T.);
#2545 = EDGE_CURVE('',#2538,#2546,#2548,.T.);
#2546 = VERTEX_POINT('',#2547);
#2547 = CARTESIAN_POINT('',(-8.888972745734,-2.333128571429,
    40.673928571429));
#2548 = LINE('',#2549,#2550);
#2549 = CARTESIAN_POINT('',(-8.888972745734,-14.39826692208,
    33.387838528501));
#2550 = VECTOR('',#2551,1.);
#2551 = DIRECTION('',(0.,0.856018035908,0.51694595675));
#2552 = ORIENTED_EDGE('',*,*,#2553,.T.);
#2553 = EDGE_CURVE('',#2546,#2554,#2556,.T.);
#2554 = VERTEX_POINT('',#2555);
#2555 = CARTESIAN_POINT('',(-8.888972745734,-2.304714285714,40.6795));
#2556 = LINE('',#2557,#2558);
#2557 = CARTESIAN_POINT('',(-8.888972745734,-9.598716739345,
    39.249303440465));
#2558 = VECTOR('',#2559,1.);
#2559 = DIRECTION('',(0.,0.981313749677,0.192414460721));
#2560 = ORIENTED_EDGE('',*,*,#2561,.T.);
#2561 = EDGE_CURVE('',#2554,#2562,#2564,.T.);
#2562 = VERTEX_POINT('',#2563);
#2563 = CARTESIAN_POINT('',(-8.888972745734,-2.281871428571,
    40.685257142857));
#2564 = LINE('',#2565,#2566);
#2565 = CARTESIAN_POINT('',(-8.888972745734,-10.56436742959,
    38.597798801135));
#2566 = VECTOR('',#2567,1.);
#2567 = DIRECTION('',(0.,0.969676988372,0.244390135281));
#2568 = ORIENTED_EDGE('',*,*,#2569,.T.);
#2569 = EDGE_CURVE('',#2562,#2570,#2572,.T.);
#2570 = VERTEX_POINT('',#2571);
#2571 = CARTESIAN_POINT('',(-8.888972745734,-1.420342857143,
    40.685257142857));
#2572 = LINE('',#2573,#2574);
#2573 = CARTESIAN_POINT('',(-8.888972745734,-5.154657801439,
    40.685257142857));
#2574 = VECTOR('',#2575,1.);
#2575 = DIRECTION('',(0.,1.,0.));
#2576 = ORIENTED_EDGE('',*,*,#2577,.T.);
#2577 = EDGE_CURVE('',#2570,#2578,#2580,.T.);
#2578 = VERTEX_POINT('',#2579);
#2579 = CARTESIAN_POINT('',(-8.888972745734,-1.420342857143,
    41.826285714286));
#2580 = LINE('',#2581,#2582);
#2581 = CARTESIAN_POINT('',(-8.888972745734,-1.420342857143,
    19.413142857143));
#2582 = VECTOR('',#2583,1.);
#2583 = DIRECTION('',(0.,0.,1.));
#2584 = ORIENTED_EDGE('',*,*,#2585,.T.);
#2585 = EDGE_CURVE('',#2578,#2586,#2588,.T.);
#2586 = VERTEX_POINT('',#2587);
#2587 = CARTESIAN_POINT('',(-8.888972745734,-2.589971428571,
    41.826285714286));
#2588 = LINE('',#2589,#2590);
#2589 = CARTESIAN_POINT('',(-8.888972745734,-5.739472087153,
    41.826285714286));
#2590 = VECTOR('',#2591,1.);
#2591 = DIRECTION('',(0.,-1.,0.));
#2592 = ORIENTED_EDGE('',*,*,#2593,.T.);
#2593 = EDGE_CURVE('',#2586,#2594,#2596,.T.);
#2594 = VERTEX_POINT('',#2595);
#2595 = CARTESIAN_POINT('',(-8.888972745734,-2.624142857143,
    41.832228571429));
#2596 = LINE('',#2597,#2598);
#2597 = CARTESIAN_POINT('',(-8.888972745734,-1.880592382366,
    41.70291544538));
#2598 = VECTOR('',#2599,1.);
#2599 = DIRECTION('',(0.,-0.98521175482,0.171341174751));
#2600 = ORIENTED_EDGE('',*,*,#2601,.T.);
#2601 = EDGE_CURVE('',#2594,#2602,#2604,.T.);
#2602 = VERTEX_POINT('',#2603);
#2603 = CARTESIAN_POINT('',(-8.888972745734,-2.641228571429,41.8443));
#2604 = LINE('',#2605,#2606);
#2605 = CARTESIAN_POINT('',(-8.888972745734,5.842024928007,
    35.850696984094));
#2606 = VECTOR('',#2607,1.);
#2607 = DIRECTION('',(0.,-0.816721763686,0.577031680865));
#2608 = ORIENTED_EDGE('',*,*,#2609,.T.);
#2609 = EDGE_CURVE('',#2602,#2610,#2612,.T.);
#2610 = VERTEX_POINT('',#2611);
#2611 = CARTESIAN_POINT('',(-8.888972745734,-2.658314285714,
    41.856185714286));
#2612 = LINE('',#2613,#2614);
#2613 = CARTESIAN_POINT('',(-8.888972745734,5.75637234964,
    36.002490663604));
#2614 = VECTOR('',#2615,1.);
#2615 = DIRECTION('',(0.,-0.820905201785,0.571064488199));
#2616 = ORIENTED_EDGE('',*,*,#2617,.T.);
#2617 = EDGE_CURVE('',#2610,#2618,#2620,.T.);
#2618 = VERTEX_POINT('',#2619);
#2619 = CARTESIAN_POINT('',(-8.888972745734,-2.669828571429,41.8742));
#2620 = LINE('',#2621,#2622);
#2621 = CARTESIAN_POINT('',(-8.888972745734,6.609845788866,
    27.355999791152));
#2622 = VECTOR('',#2623,1.);
#2623 = DIRECTION('',(0.,-0.538560615351,0.842586769178));
#2624 = ORIENTED_EDGE('',*,*,#2625,.T.);
#2625 = EDGE_CURVE('',#2618,#2626,#2628,.T.);
#2626 = VERTEX_POINT('',#2627);
#2627 = CARTESIAN_POINT('',(-8.888972745734,-2.681157142857,41.8924));
#2628 = LINE('',#2629,#2630);
#2629 = CARTESIAN_POINT('',(-8.888972745734,6.522125609176,
    27.106798201651));
#2630 = VECTOR('',#2631,1.);
#2631 = DIRECTION('',(0.,-0.528440659826,0.848970240375));
#2632 = ORIENTED_EDGE('',*,*,#2633,.T.);
#2633 = EDGE_CURVE('',#2626,#2634,#2636,.T.);
#2634 = VERTEX_POINT('',#2635);
#2635 = CARTESIAN_POINT('',(-8.888972745734,-2.692671428571,
    41.910414285714));
#2636 = LINE('',#2637,#2638);
#2637 = CARTESIAN_POINT('',(-8.888972745734,6.598532421542,
    27.374176004085));
#2638 = VECTOR('',#2639,1.);
#2639 = DIRECTION('',(0.,-0.538560615351,0.842586769178));
#2640 = ORIENTED_EDGE('',*,*,#2641,.T.);
#2641 = EDGE_CURVE('',#2634,#2642,#2644,.T.);
#2642 = VERTEX_POINT('',#2643);
#2643 = CARTESIAN_POINT('',(-8.888972745734,-2.698242857143,
    41.928428571429));
#2644 = LINE('',#2645,#2646);
#2645 = CARTESIAN_POINT('',(-8.888972745734,3.372669464281,
    22.299145398824));
#2646 = VECTOR('',#2647,1.);
#2647 = DIRECTION('',(0.,-0.295469722922,0.955352104115));
#2648 = ORIENTED_EDGE('',*,*,#2649,.T.);
#2649 = EDGE_CURVE('',#2642,#2650,#2652,.T.);
#2650 = VERTEX_POINT('',#2651);
#2651 = CARTESIAN_POINT('',(-8.888972745734,-2.704,41.946257142857));
#2652 = LINE('',#2653,#2654);
#2653 = CARTESIAN_POINT('',(-8.888972745734,3.575665051022,
    22.499552468726));
#2654 = VECTOR('',#2655,1.);
#2655 = DIRECTION('',(0.,-0.307292390957,0.951615146191));
#2656 = ORIENTED_EDGE('',*,*,#2657,.T.);
#2657 = EDGE_CURVE('',#2650,#2658,#2660,.T.);
#2658 = VERTEX_POINT('',#2659);
#2659 = CARTESIAN_POINT('',(-8.888972745734,-2.704,42.287228571429));
#2660 = LINE('',#2661,#2662);
#2661 = CARTESIAN_POINT('',(-8.888972745734,-2.704,19.643614285714));
#2662 = VECTOR('',#2663,1.);
#2663 = DIRECTION('',(0.,0.,1.));
#2664 = ORIENTED_EDGE('',*,*,#2665,.T.);
#2665 = EDGE_CURVE('',#2658,#2666,#2668,.T.);
#2666 = VERTEX_POINT('',#2667);
#2667 = CARTESIAN_POINT('',(-8.888972745734,-2.692671428571,
    42.314528571429));
#2668 = LINE('',#2669,#2670);
#2669 = CARTESIAN_POINT('',(-8.888972745734,-11.16862513763,
    21.888869633193));
#2670 = VECTOR('',#2671,1.);
#2671 = DIRECTION('',(0.,0.383276542478,0.923633635153));
#2672 = ORIENTED_EDGE('',*,*,#2673,.T.);
#2673 = EDGE_CURVE('',#2666,#2674,#2676,.T.);
#2674 = VERTEX_POINT('',#2675);
#2675 = CARTESIAN_POINT('',(-8.888972745734,-2.6754,42.342014285714));
#2676 = LINE('',#2677,#2678);
#2677 = CARTESIAN_POINT('',(-8.888972745734,-13.76806971011,
    24.689163564237));
#2678 = VECTOR('',#2679,1.);
#2679 = DIRECTION('',(0.,0.532054374811,0.846710187871));
#2680 = ORIENTED_EDGE('',*,*,#2681,.T.);
#2681 = EDGE_CURVE('',#2674,#2682,#2684,.T.);
#2682 = VERTEX_POINT('',#2683);
#2683 = CARTESIAN_POINT('',(-8.888972745734,-2.646985714286,
    42.369314285714));
#2684 = LINE('',#2685,#2686);
#2685 = CARTESIAN_POINT('',(-8.888972745734,-15.60313572116,
    29.921248592832));
#2686 = VECTOR('',#2687,1.);
#2687 = DIRECTION('',(0.,0.721104710287,0.692826094198));
#2688 = ORIENTED_EDGE('',*,*,#2689,.T.);
#2689 = EDGE_CURVE('',#2682,#2690,#2692,.T.);
#2690 = VERTEX_POINT('',#2691);
#2691 = CARTESIAN_POINT('',(-8.888972745734,-2.624142857143,
    42.385842857143));
#2692 = LINE('',#2693,#2694);
#2693 = CARTESIAN_POINT('',(-8.888972745734,-15.45753620077,
    33.099891575975));
#2694 = VECTOR('',#2695,1.);
#2695 = DIRECTION('',(0.,0.810157853985,0.586211780526));
#2696 = ORIENTED_EDGE('',*,*,#2697,.T.);
#2697 = EDGE_CURVE('',#2690,#2698,#2700,.T.);
#2698 = VERTEX_POINT('',#2699);
#2699 = CARTESIAN_POINT('',(-8.888972745734,-2.589971428571,
    42.391228571429));
#2700 = LINE('',#2701,#2702);
#2701 = CARTESIAN_POINT('',(-8.888972745734,-9.153457958401,
    41.356766020531));
#2702 = VECTOR('',#2703,1.);
#2703 = DIRECTION('',(0.,0.987806455345,0.155686886984));
#2704 = ORIENTED_EDGE('',*,*,#2705,.T.);
#2705 = EDGE_CURVE('',#2698,#2706,#2708,.T.);
#2706 = VERTEX_POINT('',#2707);
#2707 = CARTESIAN_POINT('',(-8.888972745734,-2.561371428571,42.3968));
#2708 = LINE('',#2709,#2710);
#2709 = CARTESIAN_POINT('',(-8.888972745734,-9.869597964926,
    40.973119505905));
#2710 = VECTOR('',#2711,1.);
#2711 = DIRECTION('',(0.,0.981548987081,0.191210841639));
#2712 = ORIENTED_EDGE('',*,*,#2713,.T.);
#2713 = EDGE_CURVE('',#2706,#2714,#2716,.T.);
#2714 = VERTEX_POINT('',#2715);
#2715 = CARTESIAN_POINT('',(-8.888972745734,-0.946771428571,42.3968));
#2716 = LINE('',#2717,#2718);
#2717 = CARTESIAN_POINT('',(-8.888972745734,-4.917872087153,42.3968));
#2718 = VECTOR('',#2719,1.);
#2719 = DIRECTION('',(0.,1.,0.));
#2720 = ORIENTED_EDGE('',*,*,#2721,.T.);
#2721 = EDGE_CURVE('',#2714,#2722,#2724,.T.);
#2722 = VERTEX_POINT('',#2723);
#2723 = CARTESIAN_POINT('',(-8.888972745734,-0.929685714286,
    42.385285714286));
#2724 = LINE('',#2725,#2726);
#2725 = CARTESIAN_POINT('',(-8.888972745734,6.850224274344,
    37.142302895861));
#2726 = VECTOR('',#2727,1.);
#2727 = DIRECTION('',(-0.,0.829266427591,-0.558853462072));
#2728 = ORIENTED_EDGE('',*,*,#2729,.T.);
#2729 = EDGE_CURVE('',#2722,#2730,#2732,.T.);
#2730 = VERTEX_POINT('',#2731);
#2731 = CARTESIAN_POINT('',(-8.888972745734,-0.9126,42.379528571429));
#2732 = LINE('',#2733,#2734);
#2733 = CARTESIAN_POINT('',(-8.888972745734,2.371771170601,
    41.272838285683));
#2734 = VECTOR('',#2735,1.);
#2735 = DIRECTION('',(-0.,0.947648212829,-0.319316245627));
#2736 = ORIENTED_EDGE('',*,*,#2737,.T.);
#2737 = EDGE_CURVE('',#2730,#2738,#2740,.T.);
#2738 = VERTEX_POINT('',#2739);
#2739 = CARTESIAN_POINT('',(-8.888972745734,-0.895514285714,
    42.368014285714));
#2740 = LINE('',#2741,#2742);
#2741 = CARTESIAN_POINT('',(-8.888972745734,6.868644029207,
    37.135646725659));
#2742 = VECTOR('',#2743,1.);
#2743 = DIRECTION('',(-0.,0.829266427591,-0.558853462072));
#2744 = ORIENTED_EDGE('',*,*,#2745,.T.);
#2745 = EDGE_CURVE('',#2738,#2746,#2748,.T.);
#2746 = VERTEX_POINT('',#2747);
#2747 = CARTESIAN_POINT('',(-8.888972745734,-0.884,42.350742857143));
#2748 = LINE('',#2749,#2750);
#2749 = CARTESIAN_POINT('',(-8.888972745734,8.350021775382,
    28.499710194071));
#2750 = VECTOR('',#2751,1.);
#2751 = DIRECTION('',(-0.,0.554700196225,-0.832050294338));
#2752 = ORIENTED_EDGE('',*,*,#2753,.T.);
#2753 = EDGE_CURVE('',#2746,#2754,#2756,.T.);
#2754 = VERTEX_POINT('',#2755);
#2755 = CARTESIAN_POINT('',(-8.888972745734,-0.872671428571,
    42.333285714286));
#2756 = LINE('',#2757,#2758);
#2757 = CARTESIAN_POINT('',(-8.888972745734,8.290042718301,
    28.213693422384));
#2758 = VECTOR('',#2759,1.);
#2759 = DIRECTION('',(-0.,0.544360855445,-0.838851154293));
#2760 = ORIENTED_EDGE('',*,*,#2761,.T.);
#2761 = EDGE_CURVE('',#2754,#2762,#2764,.T.);
#2762 = VERTEX_POINT('',#2763);
#2763 = CARTESIAN_POINT('',(-8.888972745734,-0.861157142857,
    42.321957142857));
#2764 = LINE('',#2765,#2766);
#2765 = CARTESIAN_POINT('',(-8.888972745734,8.428249250852,
    33.18237988453));
#2766 = VECTOR('',#2767,1.);
#2767 = DIRECTION('',(-0.,0.712832058729,-0.70133476746));
#2768 = ORIENTED_EDGE('',*,*,#2769,.T.);
#2769 = EDGE_CURVE('',#2762,#2312,#2770,.T.);
#2770 = LINE('',#2771,#2772);
#2771 = CARTESIAN_POINT('',(-8.888972745734,2.602180278868,
    20.84926512816));
#2772 = VECTOR('',#2773,1.);
#2773 = DIRECTION('',(-0.,0.159232438825,-0.987241120713));
#2774 = FACE_BOUND('',#2775,.F.);
#2775 = EDGE_LOOP('',(#2776,#2786,#2794,#2802,#2810,#2818,#2826,#2834,
    #2842,#2850,#2858,#2866,#2874,#2882,#2890,#2898,#2906,#2914,#2922,
    #2930,#2938,#2946,#2954,#2962,#2970,#2978,#2986,#2994,#3002,#3010,
    #3018,#3026,#3034,#3042,#3050,#3058,#3066,#3074,#3082,#3090,#3098,
    #3106,#3114,#3122,#3130,#3138,#3146,#3154,#3162,#3170,#3178,#3186,
    #3194,#3202,#3210,#3218,#3226,#3234,#3242,#3250,#3258,#3266,#3274,
    #3282,#3290));
#2776 = ORIENTED_EDGE('',*,*,#2777,.T.);
#2777 = EDGE_CURVE('',#2778,#2780,#2782,.T.);
#2778 = VERTEX_POINT('',#2779);
#2779 = CARTESIAN_POINT('',(-8.888972745734,-5.704957142857,
    41.901128571429));
#2780 = VERTEX_POINT('',#2781);
#2781 = CARTESIAN_POINT('',(-8.888972745734,-5.6992,41.8378));
#2782 = LINE('',#2783,#2784);
#2783 = CARTESIAN_POINT('',(-8.888972745734,-3.690896609614,
    19.74646270575));
#2784 = VECTOR('',#2785,1.);
#2785 = DIRECTION('',(-0.,9.053574604252E-02,-0.995893206468));
#2786 = ORIENTED_EDGE('',*,*,#2787,.T.);
#2787 = EDGE_CURVE('',#2780,#2788,#2790,.T.);
#2788 = VERTEX_POINT('',#2789);
#2789 = CARTESIAN_POINT('',(-8.888972745734,-5.6992,38.928028571429));
#2790 = LINE('',#2791,#2792);
#2791 = CARTESIAN_POINT('',(-8.888972745734,-5.6992,17.964014285714));
#2792 = VECTOR('',#2793,1.);
#2793 = DIRECTION('',(0.,-0.,-1.));
#2794 = ORIENTED_EDGE('',*,*,#2795,.T.);
#2795 = EDGE_CURVE('',#2788,#2796,#2798,.T.);
#2796 = VERTEX_POINT('',#2797);
#2797 = CARTESIAN_POINT('',(-8.888972745734,-5.710528571429,
    38.871014285714));
#2798 = LINE('',#2799,#2800);
#2799 = CARTESIAN_POINT('',(-8.888972745734,-9.772718401485,
    18.426878583629));
#2800 = VECTOR('',#2801,1.);
#2801 = DIRECTION('',(0.,-0.194887184279,-0.980825665143));
#2802 = ORIENTED_EDGE('',*,*,#2803,.T.);
#2803 = EDGE_CURVE('',#2796,#2804,#2806,.T.);
#2804 = VERTEX_POINT('',#2805);
#2805 = CARTESIAN_POINT('',(-8.888972745734,-5.716285714286,
    38.825328571429));
#2806 = LINE('',#2807,#2808);
#2807 = CARTESIAN_POINT('',(-8.888972745734,-8.335223755528,
    18.042787986084));
#2808 = VECTOR('',#2809,1.);
#2809 = DIRECTION('',(0.,-0.125027446277,-0.992153283358));
#2810 = ORIENTED_EDGE('',*,*,#2811,.T.);
#2811 = EDGE_CURVE('',#2804,#2812,#2814,.T.);
#2812 = VERTEX_POINT('',#2813);
#2813 = CARTESIAN_POINT('',(-8.888972745734,-5.739128571429,
    38.768314285714));
#2814 = LINE('',#2815,#2816);
#2815 = CARTESIAN_POINT('',(-8.888972745734,-13.16688967629,
    20.229105674384));
#2816 = VECTOR('',#2817,1.);
#2817 = DIRECTION('',(0.,-0.371911940969,-0.928268015265));
#2818 = ORIENTED_EDGE('',*,*,#2819,.T.);
#2819 = EDGE_CURVE('',#2812,#2820,#2822,.T.);
#2820 = VERTEX_POINT('',#2821);
#2821 = CARTESIAN_POINT('',(-8.888972745734,-5.756214285714,
    38.728385714286));
#2822 = LINE('',#2823,#2824);
#2823 = CARTESIAN_POINT('',(-8.888972745734,-13.54482933658,
    20.526730975837));
#2824 = VECTOR('',#2825,1.);
#2825 = DIRECTION('',(0.,-0.393403152889,-0.919366063816));
#2826 = ORIENTED_EDGE('',*,*,#2827,.T.);
#2827 = EDGE_CURVE('',#2820,#2828,#2830,.T.);
#2828 = VERTEX_POINT('',#2829);
#2829 = CARTESIAN_POINT('',(-8.888972745734,-5.779057142857,
    38.688457142857));
#2830 = LINE('',#2831,#2832);
#2831 = CARTESIAN_POINT('',(-8.888972745734,-15.14683399765,
    22.313887843817));
#2832 = VECTOR('',#2833,1.);
#2833 = DIRECTION('',(0.,-0.49657364983,-0.867994591167));
#2834 = ORIENTED_EDGE('',*,*,#2835,.T.);
#2835 = EDGE_CURVE('',#2828,#2836,#2838,.T.);
#2836 = VERTEX_POINT('',#2837);
#2837 = CARTESIAN_POINT('',(-8.888972745734,-5.807657142857,38.6372));
#2838 = LINE('',#2839,#2840);
#2839 = CARTESIAN_POINT('',(-8.888972745734,-15.03173929977,
    22.105728082406));
#2840 = VECTOR('',#2841,1.);
#2841 = DIRECTION('',(0.,-0.487253947878,-0.873260322171));
#2842 = ORIENTED_EDGE('',*,*,#2843,.T.);
#2843 = EDGE_CURVE('',#2836,#2844,#2846,.T.);
#2844 = VERTEX_POINT('',#2845);
#2845 = CARTESIAN_POINT('',(-8.888972745734,-5.836071428571,
    38.602842857143));
#2846 = LINE('',#2847,#2848);
#2847 = CARTESIAN_POINT('',(-8.888972745734,-16.67198281772,
    25.500597059801));
#2848 = VECTOR('',#2849,1.);
#2849 = DIRECTION('',(0.,-0.637311932213,-0.770605931108));
#2850 = ORIENTED_EDGE('',*,*,#2851,.T.);
#2851 = EDGE_CURVE('',#2844,#2852,#2854,.T.);
#2852 = VERTEX_POINT('',#2853);
#2853 = CARTESIAN_POINT('',(-8.888972745734,-5.870428571429,
    38.568671428571));
#2854 = LINE('',#2855,#2856);
#2855 = CARTESIAN_POINT('',(-8.888972745734,-17.02116996619,
    27.478204311615));
#2856 = VECTOR('',#2857,1.);
#2857 = DIRECTION('',(0.,-0.70902045612,-0.705187913114));
#2858 = ORIENTED_EDGE('',*,*,#2859,.T.);
#2859 = EDGE_CURVE('',#2852,#2860,#2862,.T.);
#2860 = VERTEX_POINT('',#2861);
#2861 = CARTESIAN_POINT('',(-8.888972745734,-5.910357142857,
    38.528742857143));
#2862 = LINE('',#2863,#2864);
#2863 = CARTESIAN_POINT('',(-8.888972745734,-17.03719675786,
    27.401903242138));
#2864 = VECTOR('',#2865,1.);
#2865 = DIRECTION('',(0.,-0.707106781187,-0.707106781187));
#2866 = ORIENTED_EDGE('',*,*,#2867,.T.);
#2867 = EDGE_CURVE('',#2860,#2868,#2870,.T.);
#2868 = VERTEX_POINT('',#2869);
#2869 = CARTESIAN_POINT('',(-8.888972745734,-5.950285714286,
    38.500142857143));
#2870 = LINE('',#2871,#2872);
#2871 = CARTESIAN_POINT('',(-8.888972745734,-16.74445893191,
    30.768502505909));
#2872 = VECTOR('',#2873,1.);
#2873 = DIRECTION('',(0.,-0.812966296417,-0.58231074255));
#2874 = ORIENTED_EDGE('',*,*,#2875,.T.);
#2875 = EDGE_CURVE('',#2868,#2876,#2878,.T.);
#2876 = VERTEX_POINT('',#2877);
#2877 = CARTESIAN_POINT('',(-8.888972745734,-5.995785714286,
    38.471728571429));
#2878 = LINE('',#2879,#2880);
#2879 = CARTESIAN_POINT('',(-8.888972745734,-16.35266238963,
    32.003964770086));
#2880 = VECTOR('',#2881,1.);
#2881 = DIRECTION('',(0.,-0.848192741916,-0.529687712299));
#2882 = ORIENTED_EDGE('',*,*,#2883,.T.);
#2883 = EDGE_CURVE('',#2876,#2884,#2886,.T.);
#2884 = VERTEX_POINT('',#2885);
#2885 = CARTESIAN_POINT('',(-8.888972745734,-6.041471428571,
    38.454457142857));
#2886 = LINE('',#2887,#2888);
#2887 = CARTESIAN_POINT('',(-8.888972745734,-14.14321696622,
    35.391602122524));
#2888 = VECTOR('',#2889,1.);
#2889 = DIRECTION('',(0.,-0.93538826358,-0.353622392329));
#2890 = ORIENTED_EDGE('',*,*,#2891,.T.);
#2891 = EDGE_CURVE('',#2884,#2892,#2894,.T.);
#2892 = VERTEX_POINT('',#2893);
#2893 = CARTESIAN_POINT('',(-8.888972745734,-6.092914285714,38.4318));
#2894 = LINE('',#2895,#2896);
#2895 = CARTESIAN_POINT('',(-8.888972745734,-14.90544645243,
    34.550468143179));
#2896 = VECTOR('',#2897,1.);
#2897 = DIRECTION('',(0.,-0.915168822915,-0.403070745111));
#2898 = ORIENTED_EDGE('',*,*,#2899,.T.);
#2899 = EDGE_CURVE('',#2892,#2900,#2902,.T.);
#2900 = VERTEX_POINT('',#2901);
#2901 = CARTESIAN_POINT('',(-8.888972745734,-6.138414285714,
    38.420285714286));
#2902 = LINE('',#2903,#2904);
#2903 = CARTESIAN_POINT('',(-8.888972745734,-12.35642624427,
    36.84674799416));
#2904 = VECTOR('',#2905,1.);
#2905 = DIRECTION('',(0.,-0.969440203112,-0.245327724869));
#2906 = ORIENTED_EDGE('',*,*,#2907,.T.);
#2907 = EDGE_CURVE('',#2900,#2908,#2910,.T.);
#2908 = VERTEX_POINT('',#2909);
#2909 = CARTESIAN_POINT('',(-8.888972745734,-6.195614285714,
    38.408957142857));
#2910 = LINE('',#2911,#2912);
#2911 = CARTESIAN_POINT('',(-8.888972745734,-11.43725471656,
    37.370840044539));
#2912 = VECTOR('',#2913,1.);
#2913 = DIRECTION('',(0.,-0.980946441599,-0.194278353693));
#2914 = ORIENTED_EDGE('',*,*,#2915,.T.);
#2915 = EDGE_CURVE('',#2908,#2916,#2918,.T.);
#2916 = VERTEX_POINT('',#2917);
#2917 = CARTESIAN_POINT('',(-8.888972745734,-6.224028571429,38.4032));
#2918 = LINE('',#2919,#2920);
#2919 = CARTESIAN_POINT('',(-8.888972745734,-11.53299565752,
    37.327526930268));
#2920 = VECTOR('',#2921,1.);
#2921 = DIRECTION('',(0.,-0.980084827963,-0.198579278868));
#2922 = ORIENTED_EDGE('',*,*,#2923,.T.);
#2923 = EDGE_CURVE('',#2916,#2924,#2926,.T.);
#2924 = VERTEX_POINT('',#2925);
#2925 = CARTESIAN_POINT('',(-8.888972745734,-7.125485714286,38.4032));
#2926 = LINE('',#2927,#2928);
#2927 = CARTESIAN_POINT('',(-8.888972745734,-8.00722923001,38.4032));
#2928 = VECTOR('',#2929,1.);
#2929 = DIRECTION('',(0.,-1.,0.));
#2930 = ORIENTED_EDGE('',*,*,#2931,.T.);
#2931 = EDGE_CURVE('',#2924,#2932,#2934,.T.);
#2932 = VERTEX_POINT('',#2933);
#2933 = CARTESIAN_POINT('',(-8.888972745734,-7.188257142857,
    38.408957142857));
#2934 = LINE('',#2935,#2936);
#2935 = CARTESIAN_POINT('',(-8.888972745734,-6.148430314127,
    38.313588410045));
#2936 = VECTOR('',#2937,1.);
#2937 = DIRECTION('',(0.,-0.995820439719,9.133264387955E-02));
#2938 = ORIENTED_EDGE('',*,*,#2939,.T.);
#2939 = EDGE_CURVE('',#2932,#2940,#2942,.T.);
#2940 = VERTEX_POINT('',#2941);
#2941 = CARTESIAN_POINT('',(-8.888972745734,-7.245271428571,
    38.414528571429));
#2942 = LINE('',#2943,#2944);
#2943 = CARTESIAN_POINT('',(-8.888972745734,-6.054977244179,
    38.298213178817));
#2944 = VECTOR('',#2945,1.);
#2945 = DIRECTION('',(0.,-0.995259338689,9.725661290117E-02));
#2946 = ORIENTED_EDGE('',*,*,#2947,.T.);
#2947 = EDGE_CURVE('',#2940,#2948,#2950,.T.);
#2948 = VERTEX_POINT('',#2949);
#2949 = CARTESIAN_POINT('',(-8.888972745734,-7.302285714286,38.4318));
#2950 = LINE('',#2951,#2952);
#2951 = CARTESIAN_POINT('',(-8.888972745734,-2.28092642755,
    36.910671616722));
#2952 = VECTOR('',#2953,1.);
#2953 = DIRECTION('',(0.,-0.957050619435,0.289920871686));
#2954 = ORIENTED_EDGE('',*,*,#2955,.T.);
#2955 = EDGE_CURVE('',#2948,#2956,#2958,.T.);
#2956 = VERTEX_POINT('',#2957);
#2957 = CARTESIAN_POINT('',(-8.888972745734,-7.370814285714,
    38.460214285714));
#2958 = LINE('',#2959,#2960);
#2959 = CARTESIAN_POINT('',(-8.888972745734,-0.684076979661,
    35.687664671009));
#2960 = VECTOR('',#2961,1.);
#2961 = DIRECTION('',(0.,-0.923742113572,0.3830150227));
#2962 = ORIENTED_EDGE('',*,*,#2963,.T.);
#2963 = EDGE_CURVE('',#2956,#2964,#2966,.T.);
#2964 = VERTEX_POINT('',#2965);
#2965 = CARTESIAN_POINT('',(-8.888972745734,-7.422071428571,
    38.488814285714));
#2966 = LINE('',#2967,#2968);
#2967 = CARTESIAN_POINT('',(-8.888972745734,0.845346821458,
    33.87583453751));
#2968 = VECTOR('',#2969,1.);
#2969 = DIRECTION('',(0.,-0.873260322171,0.487253947878));
#2970 = ORIENTED_EDGE('',*,*,#2971,.T.);
#2971 = EDGE_CURVE('',#2964,#2972,#2974,.T.);
#2972 = VERTEX_POINT('',#2973);
#2973 = CARTESIAN_POINT('',(-8.888972745734,-7.473514285714,
    38.522985714286));
#2974 = LINE('',#2975,#2976);
#2975 = CARTESIAN_POINT('',(-8.888972745734,1.604284799636,
    32.492967549288));
#2976 = VECTOR('',#2977,1.);
#2977 = DIRECTION('',(0.,-0.832974406886,0.553311519375));
#2978 = ORIENTED_EDGE('',*,*,#2979,.T.);
#2979 = EDGE_CURVE('',#2972,#2980,#2982,.T.);
#2980 = VERTEX_POINT('',#2981);
#2981 = CARTESIAN_POINT('',(-8.888972745734,-7.5192,38.562914285714));
#2982 = LINE('',#2983,#2984);
#2983 = CARTESIAN_POINT('',(-8.888972745734,2.389688660827,
    29.902706716293));
#2984 = VECTOR('',#2985,1.);
#2985 = DIRECTION('',(0.,-0.752955783567,0.658071111654));
#2986 = ORIENTED_EDGE('',*,*,#2987,.T.);
#2987 = EDGE_CURVE('',#2980,#2988,#2990,.T.);
#2988 = VERTEX_POINT('',#2989);
#2989 = CARTESIAN_POINT('',(-8.888972745734,-7.570457142857,
    38.614357142857));
#2990 = LINE('',#2991,#2992);
#2991 = CARTESIAN_POINT('',(-8.888972745734,2.5046273466,28.50276872409)
  );
#2992 = VECTOR('',#2993,1.);
#2993 = DIRECTION('',(0.,-0.705826953048,0.708384297081));
#2994 = ORIENTED_EDGE('',*,*,#2995,.T.);
#2995 = EDGE_CURVE('',#2988,#2996,#2998,.T.);
#2996 = VERTEX_POINT('',#2997);
#2997 = CARTESIAN_POINT('',(-8.888972745734,-7.604628571429,
    38.665614285714));
#2998 = LINE('',#2999,#3000);
#2999 = CARTESIAN_POINT('',(-8.888972745734,1.812921775382,
    24.539288765499));
#3000 = VECTOR('',#3001,1.);
#3001 = DIRECTION('',(0.,-0.554700196225,0.832050294338));
#3002 = ORIENTED_EDGE('',*,*,#3003,.T.);
#3003 = EDGE_CURVE('',#2996,#3004,#3006,.T.);
#3004 = VERTEX_POINT('',#3005);
#3005 = CARTESIAN_POINT('',(-8.888972745734,-7.633228571429,
    38.717057142857));
#3006 = LINE('',#3007,#3008);
#3007 = CARTESIAN_POINT('',(-8.888972745734,1.076936169286,
    23.050072511831));
#3008 = VECTOR('',#3009,1.);
#3009 = DIRECTION('',(0.,-0.48591080823,0.874008401816));
#3010 = ORIENTED_EDGE('',*,*,#3011,.T.);
#3011 = EDGE_CURVE('',#3004,#3012,#3014,.T.);
#3012 = VERTEX_POINT('',#3013);
#3013 = CARTESIAN_POINT('',(-8.888972745734,-7.656071428571,
    38.768314285714));
#3014 = LINE('',#3015,#3016);
#3015 = CARTESIAN_POINT('',(-8.888972745734,6.697145680109E-03,
    21.573809192272));
#3016 = VECTOR('',#3017,1.);
#3017 = DIRECTION('',(0.,-0.407059440224,0.913401670747));
#3018 = ORIENTED_EDGE('',*,*,#3019,.T.);
#3019 = EDGE_CURVE('',#3012,#3020,#3022,.T.);
#3020 = VERTEX_POINT('',#3021);
#3021 = CARTESIAN_POINT('',(-8.888972745734,-7.678914285714,
    38.836842857143));
#3022 = LINE('',#3023,#3024);
#3023 = CARTESIAN_POINT('',(-8.888972745734,-1.463890780144,
    20.191772340432));
#3024 = VECTOR('',#3025,1.);
#3025 = DIRECTION('',(0.,-0.316227766017,0.948683298051));
#3026 = ORIENTED_EDGE('',*,*,#3027,.T.);
#3027 = EDGE_CURVE('',#3020,#3028,#3030,.T.);
#3028 = VERTEX_POINT('',#3029);
#3029 = CARTESIAN_POINT('',(-8.888972745734,-7.690242857143,
    38.899614285714));
#3030 = LINE('',#3031,#3032);
#3031 = CARTESIAN_POINT('',(-8.888972745734,-4.047527757633,
    18.71538963597));
#3032 = VECTOR('',#3033,1.);
#3033 = DIRECTION('',(0.,-0.177604207031,0.984101999614));
#3034 = ORIENTED_EDGE('',*,*,#3035,.T.);
#3035 = EDGE_CURVE('',#3028,#3036,#3038,.T.);
#3036 = VERTEX_POINT('',#3037);
#3037 = CARTESIAN_POINT('',(-8.888972745734,-7.696,38.962385714286));
#3038 = LINE('',#3039,#3040);
#3039 = CARTESIAN_POINT('',(-8.888972745734,-5.792717023108,
    18.210461643659));
#3040 = VECTOR('',#3041,1.);
#3041 = DIRECTION('',(0.,-9.133264387955E-02,0.995820439719));
#3042 = ORIENTED_EDGE('',*,*,#3043,.T.);
#3043 = EDGE_CURVE('',#3036,#3044,#3046,.T.);
#3044 = VERTEX_POINT('',#3045);
#3045 = CARTESIAN_POINT('',(-8.888972745734,-7.696,41.871971428571));
#3046 = LINE('',#3047,#3048);
#3047 = CARTESIAN_POINT('',(-8.888972745734,-7.696,19.435985714286));
#3048 = VECTOR('',#3049,1.);
#3049 = DIRECTION('',(0.,0.,1.));
#3050 = ORIENTED_EDGE('',*,*,#3051,.T.);
#3051 = EDGE_CURVE('',#3044,#3052,#3054,.T.);
#3052 = VERTEX_POINT('',#3053);
#3053 = CARTESIAN_POINT('',(-8.888972745734,-7.690242857143,
    41.900385714286));
#3054 = LINE('',#3055,#3056);
#3055 = CARTESIAN_POINT('',(-8.888972745734,-12.08323647359,
    20.21883657503));
#3056 = VECTOR('',#3057,1.);
#3057 = DIRECTION('',(0.,0.198579278868,0.980084827963));
#3058 = ORIENTED_EDGE('',*,*,#3059,.T.);
#3059 = EDGE_CURVE('',#3052,#3060,#3062,.T.);
#3060 = VERTEX_POINT('',#3061);
#3061 = CARTESIAN_POINT('',(-8.888972745734,-7.684671428571,
    41.940314285714));
#3062 = LINE('',#3063,#3064);
#3063 = CARTESIAN_POINT('',(-8.888972745734,-10.77166239226,
    19.816879045896));
#3064 = VECTOR('',#3065,1.);
#3065 = DIRECTION('',(0.,0.138196031911,0.990404895365));
#3066 = ORIENTED_EDGE('',*,*,#3067,.T.);
#3067 = EDGE_CURVE('',#3060,#3068,#3070,.T.);
#3068 = VERTEX_POINT('',#3069);
#3069 = CARTESIAN_POINT('',(-8.888972745734,-7.678914285714,
    41.974671428571));
#3070 = LINE('',#3071,#3072);
#3071 = CARTESIAN_POINT('',(-8.888972745734,-11.36067133145,
    20.002895510435));
#3072 = VECTOR('',#3073,1.);
#3073 = DIRECTION('',(0.,0.165263423329,0.986249461804));
#3074 = ORIENTED_EDGE('',*,*,#3075,.T.);
#3075 = EDGE_CURVE('',#3068,#3076,#3078,.T.);
#3076 = VERTEX_POINT('',#3077);
#3077 = CARTESIAN_POINT('',(-8.888972745734,-7.661828571429,42.0146));
#3078 = LINE('',#3079,#3080);
#3079 = CARTESIAN_POINT('',(-8.888972745734,-15.89726290275,
    22.768748030063));
#3080 = VECTOR('',#3081,1.);
#3081 = DIRECTION('',(0.,0.393403152889,0.919366063816));
#3082 = ORIENTED_EDGE('',*,*,#3083,.T.);
#3083 = EDGE_CURVE('',#3076,#3084,#3086,.T.);
#3084 = VERTEX_POINT('',#3085);
#3085 = CARTESIAN_POINT('',(-8.888972745734,-7.650314285714,
    42.048771428571));
#3086 = LINE('',#3087,#3088);
#3087 = CARTESIAN_POINT('',(-8.888972745734,-14.52933003607,
    21.633627911362));
#3088 = VECTOR('',#3089,1.);
#3089 = DIRECTION('',(0.,0.319316245627,0.947648212829));
#3090 = ORIENTED_EDGE('',*,*,#3091,.T.);
#3091 = EDGE_CURVE('',#3084,#3092,#3094,.T.);
#3092 = VERTEX_POINT('',#3093);
#3093 = CARTESIAN_POINT('',(-8.888972745734,-7.604628571429,
    42.140142857143));
#3094 = LINE('',#3095,#3096);
#3095 = CARTESIAN_POINT('',(-8.888972745734,-16.76109156028,
    23.827216879425));
#3096 = VECTOR('',#3097,1.);
#3097 = DIRECTION('',(0.,0.4472135955,0.894427191));
#3098 = ORIENTED_EDGE('',*,*,#3099,.T.);
#3099 = EDGE_CURVE('',#3092,#3100,#3102,.T.);
#3100 = VERTEX_POINT('',#3101);
#3101 = CARTESIAN_POINT('',(-8.888972745734,-7.581971428571,
    42.174314285714));
#3102 = LINE('',#3103,#3104);
#3103 = CARTESIAN_POINT('',(-8.888972745734,-18.18441720914,
    26.18374032157));
#3104 = VECTOR('',#3105,1.);
#3105 = DIRECTION('',(0.,0.5526078733,0.833441382682));
#3106 = ORIENTED_EDGE('',*,*,#3107,.T.);
#3107 = EDGE_CURVE('',#3100,#3108,#3110,.T.);
#3108 = VERTEX_POINT('',#3109);
#3109 = CARTESIAN_POINT('',(-8.888972745734,-7.559128571429,
    42.197157142857));
#3110 = LINE('',#3111,#3112);
#3111 = CARTESIAN_POINT('',(-8.888972745734,-19.19087890071,
    30.565406813566));
#3112 = VECTOR('',#3113,1.);
#3113 = DIRECTION('',(0.,0.707106781187,0.707106781187));
#3114 = ORIENTED_EDGE('',*,*,#3115,.T.);
#3115 = EDGE_CURVE('',#3108,#3116,#3118,.T.);
#3116 = VERTEX_POINT('',#3117);
#3117 = CARTESIAN_POINT('',(-8.888972745734,-7.530528571429,
    42.225571428571));
#3118 = LINE('',#3119,#3120);
#3119 = CARTESIAN_POINT('',(-8.888972745734,-19.17850497501,
    30.6532312354));
#3120 = VECTOR('',#3121,1.);
#3121 = DIRECTION('',(0.,0.709406297146,0.704799762748));
#3122 = ORIENTED_EDGE('',*,*,#3123,.T.);
#3123 = EDGE_CURVE('',#3116,#3124,#3126,.T.);
#3124 = VERTEX_POINT('',#3125);
#3125 = CARTESIAN_POINT('',(-8.888972745734,-7.507685714286,
    42.254171428571));
#3126 = LINE('',#3127,#3128);
#3127 = CARTESIAN_POINT('',(-8.888972745734,-18.81032449274,
    28.102900112447));
#3128 = VECTOR('',#3129,1.);
#3129 = DIRECTION('',(0.,0.62407609663,0.781363568139));
#3130 = ORIENTED_EDGE('',*,*,#3131,.T.);
#3131 = EDGE_CURVE('',#3124,#3132,#3134,.T.);
#3132 = VERTEX_POINT('',#3133);
#3133 = CARTESIAN_POINT('',(-8.888972745734,-7.473514285714,
    42.277014285714));
#3134 = LINE('',#3135,#3136);
#3135 = CARTESIAN_POINT('',(-8.888972745734,-18.42208169345,
    34.958134985972));
#3136 = VECTOR('',#3137,1.);
#3137 = DIRECTION('',(0.,0.831354528555,0.555742429414));
#3138 = ORIENTED_EDGE('',*,*,#3139,.T.);
#3139 = EDGE_CURVE('',#3132,#3140,#3142,.T.);
#3140 = VERTEX_POINT('',#3141);
#3141 = CARTESIAN_POINT('',(-8.888972745734,-7.444914285714,
    42.299857142857));
#3142 = LINE('',#3143,#3144);
#3143 = CARTESIAN_POINT('',(-8.888972745734,-18.93052613328,
    33.126284043823));
#3144 = VECTOR('',#3145,1.);
#3145 = DIRECTION('',(0.,0.781363568139,0.62407609663));
#3146 = ORIENTED_EDGE('',*,*,#3147,.T.);
#3147 = EDGE_CURVE('',#3140,#3148,#3150,.T.);
#3148 = VERTEX_POINT('',#3149);
#3149 = CARTESIAN_POINT('',(-8.888972745734,-7.410742857143,
    42.316942857143));
#3150 = LINE('',#3151,#3152);
#3151 = CARTESIAN_POINT('',(-8.888972745734,-17.065423384,37.48960259371
    ));
#3152 = VECTOR('',#3153,1.);
#3153 = DIRECTION('',(0.,0.894427191,0.4472135955));
#3154 = ORIENTED_EDGE('',*,*,#3155,.T.);
#3155 = EDGE_CURVE('',#3148,#3156,#3158,.T.);
#3156 = VERTEX_POINT('',#3157);
#3157 = CARTESIAN_POINT('',(-8.888972745734,-7.382142857143,
    42.334028571429));
#3158 = LINE('',#3159,#3160);
#3159 = CARTESIAN_POINT('',(-8.888972745734,-17.91707906655,
    36.040430316454));
#3160 = VECTOR('',#3161,1.);
#3161 = DIRECTION('',(0.,0.85847509595,0.512855252126));
#3162 = ORIENTED_EDGE('',*,*,#3163,.T.);
#3163 = EDGE_CURVE('',#3156,#3164,#3166,.T.);
#3164 = VERTEX_POINT('',#3165);
#3165 = CARTESIAN_POINT('',(-8.888972745734,-7.330885714286,
    42.356871428571));
#3166 = LINE('',#3167,#3168);
#3167 = CARTESIAN_POINT('',(-8.888972745734,-16.41288510624,
    38.30945865607));
#3168 = VECTOR('',#3169,1.);
#3169 = DIRECTION('',(0.,0.913401670747,0.407059440224));
#3170 = ORIENTED_EDGE('',*,*,#3171,.T.);
#3171 = EDGE_CURVE('',#3164,#3172,#3174,.T.);
#3172 = VERTEX_POINT('',#3173);
#3173 = CARTESIAN_POINT('',(-8.888972745734,-7.273871428571,
    42.379714285714));
#3174 = LINE('',#3175,#3176);
#3175 = CARTESIAN_POINT('',(-8.888972745734,-15.80303211529,
    38.962493554553));
#3176 = VECTOR('',#3177,1.);
#3177 = DIRECTION('',(0.,0.928268015265,0.371911940969));
#3178 = ORIENTED_EDGE('',*,*,#3179,.T.);
#3179 = EDGE_CURVE('',#3172,#3180,#3182,.T.);
#3180 = VERTEX_POINT('',#3181);
#3181 = CARTESIAN_POINT('',(-8.888972745734,-7.2111,42.391042857143));
#3182 = LINE('',#3183,#3184);
#3183 = CARTESIAN_POINT('',(-8.888972745734,-11.99031169665,
    41.528522403012));
#3184 = VECTOR('',#3185,1.);
#3185 = DIRECTION('',(0.,0.984101999614,0.177604207031));
#3186 = ORIENTED_EDGE('',*,*,#3187,.T.);
#3187 = EDGE_CURVE('',#3180,#3188,#3190,.T.);
#3188 = VERTEX_POINT('',#3189);
#3189 = CARTESIAN_POINT('',(-8.888972745734,-7.154085714286,42.3968));
#3190 = LINE('',#3191,#3192);
#3191 = CARTESIAN_POINT('',(-8.888972745734,-10.28166009421,
    42.080986300398));
#3192 = VECTOR('',#3193,1.);
#3193 = DIRECTION('',(0.,0.994940461748,0.100466300698));
#3194 = ORIENTED_EDGE('',*,*,#3195,.T.);
#3195 = EDGE_CURVE('',#3188,#3196,#3198,.T.);
#3196 = VERTEX_POINT('',#3197);
#3197 = CARTESIAN_POINT('',(-8.888972745734,-6.1841,42.3968));
#3198 = LINE('',#3199,#3200);
#3199 = CARTESIAN_POINT('',(-8.888972745734,-7.536536372867,42.3968));
#3200 = VECTOR('',#3201,1.);
#3201 = DIRECTION('',(0.,1.,0.));
#3202 = ORIENTED_EDGE('',*,*,#3203,.T.);
#3203 = EDGE_CURVE('',#3196,#3204,#3206,.T.);
#3204 = VERTEX_POINT('',#3205);
#3205 = CARTESIAN_POINT('',(-8.888972745734,-6.121328571429,
    42.385285714286));
#3206 = LINE('',#3207,#3208);
#3207 = CARTESIAN_POINT('',(-8.888972745734,-3.433048194171,
    41.89216919538));
#3208 = VECTOR('',#3209,1.);
#3209 = DIRECTION('',(-0.,0.983589347684,-0.180421714664));
#3210 = ORIENTED_EDGE('',*,*,#3211,.T.);
#3211 = EDGE_CURVE('',#3204,#3212,#3214,.T.);
#3212 = VERTEX_POINT('',#3213);
#3213 = CARTESIAN_POINT('',(-8.888972745734,-6.052985714286,
    42.362257142857));
#3214 = LINE('',#3215,#3216);
#3215 = CARTESIAN_POINT('',(-8.888972745734,-0.463099075705,
    40.478708384205));
#3216 = VECTOR('',#3217,1.);
#3217 = DIRECTION('',(-0.,0.947648212829,-0.319316245627));
#3218 = ORIENTED_EDGE('',*,*,#3219,.T.);
#3219 = EDGE_CURVE('',#3212,#3220,#3222,.T.);
#3220 = VERTEX_POINT('',#3221);
#3221 = CARTESIAN_POINT('',(-8.888972745734,-5.995785714286,
    42.333471428571));
#3222 = LINE('',#3223,#3224);
#3223 = CARTESIAN_POINT('',(-8.888972745734,1.951798298738,
    38.333875577862));
#3224 = VECTOR('',#3225,1.);
#3225 = DIRECTION('',(-0.,0.893264098465,-0.449532257344));
#3226 = ORIENTED_EDGE('',*,*,#3227,.T.);
#3227 = EDGE_CURVE('',#3220,#3228,#3230,.T.);
#3228 = VERTEX_POINT('',#3229);
#3229 = CARTESIAN_POINT('',(-8.888972745734,-5.9332,42.292985714286));
#3230 = LINE('',#3231,#3232);
#3231 = CARTESIAN_POINT('',(-8.888972745734,3.352772492676,
    36.28603614929));
#3232 = VECTOR('',#3233,1.);
#3233 = DIRECTION('',(-0.,0.839636996037,-0.543147967763));
#3234 = ORIENTED_EDGE('',*,*,#3235,.T.);
#3235 = EDGE_CURVE('',#3228,#3236,#3238,.T.);
#3236 = VERTEX_POINT('',#3237);
#3237 = CARTESIAN_POINT('',(-8.888972745734,-5.910357142857,42.2759));
#3238 = LINE('',#3239,#3240);
#3239 = CARTESIAN_POINT('',(-8.888972745734,3.992550688789,
    34.868846987712));
#3240 = VECTOR('',#3241,1.);
#3241 = DIRECTION('',(-0.,0.80078057117,-0.598957825591));
#3242 = ORIENTED_EDGE('',*,*,#3243,.T.);
#3243 = EDGE_CURVE('',#3236,#3244,#3246,.T.);
#3244 = VERTEX_POINT('',#3245);
#3245 = CARTESIAN_POINT('',(-8.888972745734,-5.876,42.247114285714));
#3246 = LINE('',#3247,#3248);
#3247 = CARTESIAN_POINT('',(-8.888972745734,4.375862746095,
    33.657715768715));
#3248 = VECTOR('',#3249,1.);
#3249 = DIRECTION('',(-0.,0.76652048118,-0.64221986261));
#3250 = ORIENTED_EDGE('',*,*,#3251,.T.);
#3251 = EDGE_CURVE('',#3244,#3252,#3254,.T.);
#3252 = VERTEX_POINT('',#3253);
#3253 = CARTESIAN_POINT('',(-8.888972745734,-5.836071428571,
    42.200871428571));
#3254 = LINE('',#3255,#3256);
#3255 = CARTESIAN_POINT('',(-8.888972745734,4.691474117521,
    30.008504726353));
#3256 = VECTOR('',#3257,1.);
#3257 = DIRECTION('',(-0.,0.653540726021,-0.756891352462));
#3258 = ORIENTED_EDGE('',*,*,#3259,.T.);
#3259 = EDGE_CURVE('',#3252,#3260,#3262,.T.);
#3260 = VERTEX_POINT('',#3261);
#3261 = CARTESIAN_POINT('',(-8.888972745734,-5.790571428571,42.1433));
#3262 = LINE('',#3263,#3264);
#3263 = CARTESIAN_POINT('',(-8.888972745734,4.594223114062,
    29.003355884831));
#3264 = VECTOR('',#3265,1.);
#3265 = DIRECTION('',(-0.,0.620054492814,-0.78455874601));
#3266 = ORIENTED_EDGE('',*,*,#3267,.T.);
#3267 = EDGE_CURVE('',#3260,#3268,#3270,.T.);
#3268 = VERTEX_POINT('',#3269);
#3269 = CARTESIAN_POINT('',(-8.888972745734,-5.761971428571,
    42.085542857143));
#3270 = LINE('',#3271,#3272);
#3271 = CARTESIAN_POINT('',(-8.888972745734,2.894699803534,
    24.603563940358));
#3272 = VECTOR('',#3273,1.);
#3273 = DIRECTION('',(-0.,0.443752442317,-0.896149412731));
#3274 = ORIENTED_EDGE('',*,*,#3275,.T.);
#3275 = EDGE_CURVE('',#3268,#3276,#3278,.T.);
#3276 = VERTEX_POINT('',#3277);
#3277 = CARTESIAN_POINT('',(-8.888972745734,-5.739128571429,
    42.033914285714));
#3278 = LINE('',#3279,#3280);
#3279 = CARTESIAN_POINT('',(-8.888972745734,2.334603871911,
    23.785966161744));
#3280 = VECTOR('',#3281,1.);
#3281 = DIRECTION('',(-0.,0.404611830448,-0.914488527354));
#3282 = ORIENTED_EDGE('',*,*,#3283,.T.);
#3283 = EDGE_CURVE('',#3276,#3284,#3286,.T.);
#3284 = VERTEX_POINT('',#3285);
#3285 = CARTESIAN_POINT('',(-8.888972745734,-5.716285714286,
    41.964642857143));
#3286 = LINE('',#3287,#3288);
#3287 = CARTESIAN_POINT('',(-8.888972745734,0.814763785721,
    22.159102503464));
#3288 = VECTOR('',#3289,1.);
#3289 = DIRECTION('',(-0.,0.313170801129,-0.949696819685));
#3290 = ORIENTED_EDGE('',*,*,#3291,.T.);
#3291 = EDGE_CURVE('',#3284,#2778,#3292,.T.);
#3292 = LINE('',#3293,#3294);
#3293 = CARTESIAN_POINT('',(-8.888972745734,-1.873165196058,
    20.417967164786));
#3294 = VECTOR('',#3295,1.);
#3295 = DIRECTION('',(-0.,0.175591378217,-0.98446313689));
#3296 = PLANE('',#3297);
#3297 = AXIS2_PLACEMENT_3D('',#3298,#3299,#3300);
#3298 = CARTESIAN_POINT('',(-8.888972745734,-8.888972745734,-3.));
#3299 = DIRECTION('',(1.,0.,-0.));
#3300 = DIRECTION('',(0.,0.,1.));
#3301 = ADVANCED_FACE('',(#3302),#3327,.F.);
#3302 = FACE_BOUND('',#3303,.F.);
#3303 = EDGE_LOOP('',(#3304,#3312,#3313,#3321));
#3304 = ORIENTED_EDGE('',*,*,#3305,.F.);
#3305 = EDGE_CURVE('',#22,#3306,#3308,.T.);
#3306 = VERTEX_POINT('',#3307);
#3307 = CARTESIAN_POINT('',(8.888972745734,-8.888972745734,-3.));
#3308 = LINE('',#3309,#3310);
#3309 = CARTESIAN_POINT('',(-8.888972745734,-8.888972745734,-3.));
#3310 = VECTOR('',#3311,1.);
#3311 = DIRECTION('',(1.,0.,-0.));
#3312 = ORIENTED_EDGE('',*,*,#21,.T.);
#3313 = ORIENTED_EDGE('',*,*,#3314,.T.);
#3314 = EDGE_CURVE('',#24,#3315,#3317,.T.);
#3315 = VERTEX_POINT('',#3316);
#3316 = CARTESIAN_POINT('',(8.888972745734,-8.888972745734,80.8));
#3317 = LINE('',#3318,#3319);
#3318 = CARTESIAN_POINT('',(-8.888972745734,-8.888972745734,80.8));
#3319 = VECTOR('',#3320,1.);
#3320 = DIRECTION('',(1.,0.,-0.));
#3321 = ORIENTED_EDGE('',*,*,#3322,.F.);
#3322 = EDGE_CURVE('',#3306,#3315,#3323,.T.);
#3323 = LINE('',#3324,#3325);
#3324 = CARTESIAN_POINT('',(8.888972745734,-8.888972745734,-3.));
#3325 = VECTOR('',#3326,1.);
#3326 = DIRECTION('',(0.,0.,1.));
#3327 = PLANE('',#3328);
#3328 = AXIS2_PLACEMENT_3D('',#3329,#3330,#3331);
#3329 = CARTESIAN_POINT('',(-8.888972745734,-8.888972745734,-3.));
#3330 = DIRECTION('',(-0.,1.,0.));
#3331 = DIRECTION('',(0.,0.,1.));
#3332 = ADVANCED_FACE('',(#3333,#3351),#3395,.T.);
#3333 = FACE_BOUND('',#3334,.T.);
#3334 = EDGE_LOOP('',(#3335,#3336,#3337,#3345));
#3335 = ORIENTED_EDGE('',*,*,#47,.F.);
#3336 = ORIENTED_EDGE('',*,*,#3314,.T.);
#3337 = ORIENTED_EDGE('',*,*,#3338,.T.);
#3338 = EDGE_CURVE('',#3315,#3339,#3341,.T.);
#3339 = VERTEX_POINT('',#3340);
#3340 = CARTESIAN_POINT('',(8.888972745734,8.888972745734,80.8));
#3341 = LINE('',#3342,#3343);
#3342 = CARTESIAN_POINT('',(8.888972745734,-8.888972745734,80.8));
#3343 = VECTOR('',#3344,1.);
#3344 = DIRECTION('',(-0.,1.,0.));
#3345 = ORIENTED_EDGE('',*,*,#3346,.F.);
#3346 = EDGE_CURVE('',#40,#3339,#3347,.T.);
#3347 = LINE('',#3348,#3349);
#3348 = CARTESIAN_POINT('',(-8.888972745734,8.888972745734,80.8));
#3349 = VECTOR('',#3350,1.);
#3350 = DIRECTION('',(1.,0.,-0.));
#3351 = FACE_BOUND('',#3352,.T.);
#3352 = EDGE_LOOP('',(#3353,#3362,#3369,#3376,#3383,#3390));
#3353 = ORIENTED_EDGE('',*,*,#3354,.F.);
#3354 = EDGE_CURVE('',#3355,#3357,#3359,.T.);
#3355 = VERTEX_POINT('',#3356);
#3356 = CARTESIAN_POINT('',(6.811579917473,0.,80.8));
#3357 = VERTEX_POINT('',#3358);
#3358 = CARTESIAN_POINT('',(3.405789958736,5.899001248439,80.8));
#3359 = B_SPLINE_CURVE_WITH_KNOTS('',1,(#3360,#3361),.UNSPECIFIED.,.F.,
  .F.,(2,2),(0.,1.),.PIECEWISE_BEZIER_KNOTS.);
#3360 = CARTESIAN_POINT('',(6.811579917473,0.,80.8));
#3361 = CARTESIAN_POINT('',(3.405789958736,5.899001248439,80.8));
#3362 = ORIENTED_EDGE('',*,*,#3363,.F.);
#3363 = EDGE_CURVE('',#3364,#3355,#3366,.T.);
#3364 = VERTEX_POINT('',#3365);
#3365 = CARTESIAN_POINT('',(3.405789958736,-5.899001248439,80.8));
#3366 = B_SPLINE_CURVE_WITH_KNOTS('',1,(#3367,#3368),.UNSPECIFIED.,.F.,
  .F.,(2,2),(0.,1.),.PIECEWISE_BEZIER_KNOTS.);
#3367 = CARTESIAN_POINT('',(3.405789958736,-5.899001248439,80.8));
#3368 = CARTESIAN_POINT('',(6.811579917473,0.,80.8));
#3369 = ORIENTED_EDGE('',*,*,#3370,.F.);
#3370 = EDGE_CURVE('',#3371,#3364,#3373,.T.);
#3371 = VERTEX_POINT('',#3372);
#3372 = CARTESIAN_POINT('',(-3.405789958736,-5.899001248439,80.8));
#3373 = B_SPLINE_CURVE_WITH_KNOTS('',1,(#3374,#3375),.UNSPECIFIED.,.F.,
  .F.,(2,2),(0.,1.),.PIECEWISE_BEZIER_KNOTS.);
#3374 = CARTESIAN_POINT('',(-3.405789958736,-5.899001248439,80.8));
#3375 = CARTESIAN_POINT('',(3.405789958736,-5.899001248439,80.8));
#3376 = ORIENTED_EDGE('',*,*,#3377,.F.);
#3377 = EDGE_CURVE('',#3378,#3371,#3380,.T.);
#3378 = VERTEX_POINT('',#3379);
#3379 = CARTESIAN_POINT('',(-6.811579917473,-8.881784197001E-16,80.8));
#3380 = B_SPLINE_CURVE_WITH_KNOTS('',1,(#3381,#3382),.UNSPECIFIED.,.F.,
  .F.,(2,2),(0.,1.),.PIECEWISE_BEZIER_KNOTS.);
#3381 = CARTESIAN_POINT('',(-6.811579917473,-1.7763568394E-15,80.8));
#3382 = CARTESIAN_POINT('',(-3.405789958736,-5.899001248439,80.8));
#3383 = ORIENTED_EDGE('',*,*,#3384,.F.);
#3384 = EDGE_CURVE('',#3385,#3378,#3387,.T.);
#3385 = VERTEX_POINT('',#3386);
#3386 = CARTESIAN_POINT('',(-3.405789958736,5.899001248439,80.8));
#3387 = B_SPLINE_CURVE_WITH_KNOTS('',1,(#3388,#3389),.UNSPECIFIED.,.F.,
  .F.,(2,2),(0.,1.),.PIECEWISE_BEZIER_KNOTS.);
#3388 = CARTESIAN_POINT('',(-3.405789958736,5.899001248439,80.8));
#3389 = CARTESIAN_POINT('',(-6.811579917473,0.,80.8));
#3390 = ORIENTED_EDGE('',*,*,#3391,.F.);
#3391 = EDGE_CURVE('',#3357,#3385,#3392,.T.);
#3392 = B_SPLINE_CURVE_WITH_KNOTS('',1,(#3393,#3394),.UNSPECIFIED.,.F.,
  .F.,(2,2),(0.,1.),.PIECEWISE_BEZIER_KNOTS.);
#3393 = CARTESIAN_POINT('',(3.405789958736,5.899001248439,80.8));
#3394 = CARTESIAN_POINT('',(-3.405789958736,5.899001248439,80.8));
#3395 = PLANE('',#3396);
#3396 = AXIS2_PLACEMENT_3D('',#3397,#3398,#3399);
#3397 = CARTESIAN_POINT('',(-8.888972745734,-8.888972745734,80.8));
#3398 = DIRECTION('',(0.,0.,1.));
#3399 = DIRECTION('',(1.,0.,-0.));
#3400 = ADVANCED_FACE('',(#3401),#3419,.F.);
#3401 = FACE_BOUND('',#3402,.F.);
#3402 = EDGE_LOOP('',(#3403,#3404,#3405,#3413));
#3403 = ORIENTED_EDGE('',*,*,#31,.F.);
#3404 = ORIENTED_EDGE('',*,*,#3305,.T.);
#3405 = ORIENTED_EDGE('',*,*,#3406,.T.);
#3406 = EDGE_CURVE('',#3306,#3407,#3409,.T.);
#3407 = VERTEX_POINT('',#3408);
#3408 = CARTESIAN_POINT('',(8.888972745734,8.888972745734,-3.));
#3409 = LINE('',#3410,#3411);
#3410 = CARTESIAN_POINT('',(8.888972745734,-8.888972745734,-3.));
#3411 = VECTOR('',#3412,1.);
#3412 = DIRECTION('',(-0.,1.,0.));
#3413 = ORIENTED_EDGE('',*,*,#3414,.F.);
#3414 = EDGE_CURVE('',#32,#3407,#3415,.T.);
#3415 = LINE('',#3416,#3417);
#3416 = CARTESIAN_POINT('',(-8.888972745734,8.888972745734,-3.));
#3417 = VECTOR('',#3418,1.);
#3418 = DIRECTION('',(1.,0.,-0.));
#3419 = PLANE('',#3420);
#3420 = AXIS2_PLACEMENT_3D('',#3421,#3422,#3423);
#3421 = CARTESIAN_POINT('',(-8.888972745734,-8.888972745734,-3.));
#3422 = DIRECTION('',(0.,0.,1.));
#3423 = DIRECTION('',(1.,0.,-0.));
#3424 = ADVANCED_FACE('',(#3425),#3436,.T.);
#3425 = FACE_BOUND('',#3426,.T.);
#3426 = EDGE_LOOP('',(#3427,#3428,#3429,#3430));
#3427 = ORIENTED_EDGE('',*,*,#3414,.F.);
#3428 = ORIENTED_EDGE('',*,*,#39,.T.);
#3429 = ORIENTED_EDGE('',*,*,#3346,.T.);
#3430 = ORIENTED_EDGE('',*,*,#3431,.F.);
#3431 = EDGE_CURVE('',#3407,#3339,#3432,.T.);
#3432 = LINE('',#3433,#3434);
#3433 = CARTESIAN_POINT('',(8.888972745734,8.888972745734,-3.));
#3434 = VECTOR('',#3435,1.);
#3435 = DIRECTION('',(0.,0.,1.));
#3436 = PLANE('',#3437);
#3437 = AXIS2_PLACEMENT_3D('',#3438,#3439,#3440);
#3438 = CARTESIAN_POINT('',(-8.888972745734,8.888972745734,-3.));
#3439 = DIRECTION('',(-0.,1.,0.));
#3440 = DIRECTION('',(0.,0.,1.));
#3441 = ADVANCED_FACE('',(#3442),#3467,.T.);
#3442 = FACE_BOUND('',#3443,.T.);
#3443 = EDGE_LOOP('',(#3444,#3445,#3453,#3461));
#3444 = ORIENTED_EDGE('',*,*,#55,.T.);
#3445 = ORIENTED_EDGE('',*,*,#3446,.T.);
#3446 = EDGE_CURVE('',#58,#3447,#3449,.T.);
#3447 = VERTEX_POINT('',#3448);
#3448 = CARTESIAN_POINT('',(-8.388972745734,7.5829,41.826285714286));
#3449 = LINE('',#3450,#3451);
#3450 = CARTESIAN_POINT('',(-8.988972745734,7.5829,41.826285714286));
#3451 = VECTOR('',#3452,1.);
#3452 = DIRECTION('',(1.,0.,0.));
#3453 = ORIENTED_EDGE('',*,*,#3454,.T.);
#3454 = EDGE_CURVE('',#3447,#3455,#3457,.T.);
#3455 = VERTEX_POINT('',#3456);
#3456 = CARTESIAN_POINT('',(-8.388972745734,7.600728571429,
    41.832042857143));
#3457 = LINE('',#3458,#3459);
#3458 = CARTESIAN_POINT('',(-8.388972745734,7.5829,41.826285714286));
#3459 = VECTOR('',#3460,1.);
#3460 = DIRECTION('',(0.,0.951615146191,0.307292390957));
#3461 = ORIENTED_EDGE('',*,*,#3462,.F.);
#3462 = EDGE_CURVE('',#56,#3455,#3463,.T.);
#3463 = LINE('',#3464,#3465);
#3464 = CARTESIAN_POINT('',(-8.988972745734,7.600728571429,
    41.832042857143));
#3465 = VECTOR('',#3466,1.);
#3466 = DIRECTION('',(1.,0.,0.));
#3467 = PLANE('',#3468);
#3468 = AXIS2_PLACEMENT_3D('',#3469,#3470,#3471);
#3469 = CARTESIAN_POINT('',(-8.988972745734,7.5829,41.826285714286));
#3470 = DIRECTION('',(0.,-0.307292390957,0.951615146191));
#3471 = DIRECTION('',(0.,0.951615146191,0.307292390957));
#3472 = ADVANCED_FACE('',(#3473),#3491,.T.);
#3473 = FACE_BOUND('',#3474,.T.);
#3474 = EDGE_LOOP('',(#3475,#3476,#3477,#3485));
#3475 = ORIENTED_EDGE('',*,*,#449,.T.);
#3476 = ORIENTED_EDGE('',*,*,#3462,.T.);
#3477 = ORIENTED_EDGE('',*,*,#3478,.T.);
#3478 = EDGE_CURVE('',#3455,#3479,#3481,.T.);
#3479 = VERTEX_POINT('',#3480);
#3480 = CARTESIAN_POINT('',(-8.388972745734,7.624685714286,
    41.843557142857));
#3481 = LINE('',#3482,#3483);
#3482 = CARTESIAN_POINT('',(-8.388972745734,7.600728571429,
    41.832042857143));
#3483 = VECTOR('',#3484,1.);
#3484 = DIRECTION('',(0.,0.901304887575,0.433185294803));
#3485 = ORIENTED_EDGE('',*,*,#3486,.F.);
#3486 = EDGE_CURVE('',#442,#3479,#3487,.T.);
#3487 = LINE('',#3488,#3489);
#3488 = CARTESIAN_POINT('',(-8.988972745734,7.624685714286,
    41.843557142857));
#3489 = VECTOR('',#3490,1.);
#3490 = DIRECTION('',(1.,0.,0.));
#3491 = PLANE('',#3492);
#3492 = AXIS2_PLACEMENT_3D('',#3493,#3494,#3495);
#3493 = CARTESIAN_POINT('',(-8.988972745734,7.600728571429,
    41.832042857143));
#3494 = DIRECTION('',(0.,-0.433185294803,0.901304887575));
#3495 = DIRECTION('',(0.,0.901304887575,0.433185294803));
#3496 = ADVANCED_FACE('',(#3497),#3515,.T.);
#3497 = FACE_BOUND('',#3498,.T.);
#3498 = EDGE_LOOP('',(#3499,#3500,#3501,#3509));
#3499 = ORIENTED_EDGE('',*,*,#441,.T.);
#3500 = ORIENTED_EDGE('',*,*,#3486,.T.);
#3501 = ORIENTED_EDGE('',*,*,#3502,.T.);
#3502 = EDGE_CURVE('',#3479,#3503,#3505,.T.);
#3503 = VERTEX_POINT('',#3504);
#3504 = CARTESIAN_POINT('',(-8.388972745734,7.642514285714,
    41.855257142857));
#3505 = LINE('',#3506,#3507);
#3506 = CARTESIAN_POINT('',(-8.388972745734,7.624685714286,
    41.843557142857));
#3507 = VECTOR('',#3508,1.);
#3508 = DIRECTION('',(0.,0.836047910837,0.548656441487));
#3509 = ORIENTED_EDGE('',*,*,#3510,.F.);
#3510 = EDGE_CURVE('',#434,#3503,#3511,.T.);
#3511 = LINE('',#3512,#3513);
#3512 = CARTESIAN_POINT('',(-8.988972745734,7.642514285714,
    41.855257142857));
#3513 = VECTOR('',#3514,1.);
#3514 = DIRECTION('',(1.,0.,0.));
#3515 = PLANE('',#3516);
#3516 = AXIS2_PLACEMENT_3D('',#3517,#3518,#3519);
#3517 = CARTESIAN_POINT('',(-8.988972745734,7.624685714286,
    41.843557142857));
#3518 = DIRECTION('',(0.,-0.548656441487,0.836047910837));
#3519 = DIRECTION('',(0.,0.836047910837,0.548656441487));
#3520 = ADVANCED_FACE('',(#3521),#3539,.T.);
#3521 = FACE_BOUND('',#3522,.T.);
#3522 = EDGE_LOOP('',(#3523,#3524,#3525,#3533));
#3523 = ORIENTED_EDGE('',*,*,#433,.T.);
#3524 = ORIENTED_EDGE('',*,*,#3510,.T.);
#3525 = ORIENTED_EDGE('',*,*,#3526,.T.);
#3526 = EDGE_CURVE('',#3503,#3527,#3529,.T.);
#3527 = VERTEX_POINT('',#3528);
#3528 = CARTESIAN_POINT('',(-8.388972745734,7.666285714286,41.8781));
#3529 = LINE('',#3530,#3531);
#3530 = CARTESIAN_POINT('',(-8.388972745734,7.642514285714,
    41.855257142857));
#3531 = VECTOR('',#3532,1.);
#3532 = DIRECTION('',(0.,0.721049524719,0.69288352766));
#3533 = ORIENTED_EDGE('',*,*,#3534,.F.);
#3534 = EDGE_CURVE('',#426,#3527,#3535,.T.);
#3535 = LINE('',#3536,#3537);
#3536 = CARTESIAN_POINT('',(-8.988972745734,7.666285714286,41.8781));
#3537 = VECTOR('',#3538,1.);
#3538 = DIRECTION('',(1.,0.,0.));
#3539 = PLANE('',#3540);
#3540 = AXIS2_PLACEMENT_3D('',#3541,#3542,#3543);
#3541 = CARTESIAN_POINT('',(-8.988972745734,7.642514285714,
    41.855257142857));
#3542 = DIRECTION('',(0.,-0.69288352766,0.721049524719));
#3543 = DIRECTION('',(0.,0.721049524719,0.69288352766));
#3544 = ADVANCED_FACE('',(#3545),#3563,.T.);
#3545 = FACE_BOUND('',#3546,.T.);
#3546 = EDGE_LOOP('',(#3547,#3548,#3549,#3557));
#3547 = ORIENTED_EDGE('',*,*,#425,.T.);
#3548 = ORIENTED_EDGE('',*,*,#3534,.T.);
#3549 = ORIENTED_EDGE('',*,*,#3550,.T.);
#3550 = EDGE_CURVE('',#3527,#3551,#3553,.T.);
#3551 = VERTEX_POINT('',#3552);
#3552 = CARTESIAN_POINT('',(-8.388972745734,7.684114285714,
    41.901128571429));
#3553 = LINE('',#3554,#3555);
#3554 = CARTESIAN_POINT('',(-8.388972745734,7.666285714286,41.8781));
#3555 = VECTOR('',#3556,1.);
#3556 = DIRECTION('',(0.,0.612173192991,0.790723707614));
#3557 = ORIENTED_EDGE('',*,*,#3558,.F.);
#3558 = EDGE_CURVE('',#418,#3551,#3559,.T.);
#3559 = LINE('',#3560,#3561);
#3560 = CARTESIAN_POINT('',(-8.988972745734,7.684114285714,
    41.901128571429));
#3561 = VECTOR('',#3562,1.);
#3562 = DIRECTION('',(1.,0.,0.));
#3563 = PLANE('',#3564);
#3564 = AXIS2_PLACEMENT_3D('',#3565,#3566,#3567);
#3565 = CARTESIAN_POINT('',(-8.988972745734,7.666285714286,41.8781));
#3566 = DIRECTION('',(0.,-0.790723707614,0.612173192991));
#3567 = DIRECTION('',(0.,0.612173192991,0.790723707614));
#3568 = ADVANCED_FACE('',(#3569),#3587,.T.);
#3569 = FACE_BOUND('',#3570,.T.);
#3570 = EDGE_LOOP('',(#3571,#3572,#3573,#3581));
#3571 = ORIENTED_EDGE('',*,*,#417,.T.);
#3572 = ORIENTED_EDGE('',*,*,#3558,.T.);
#3573 = ORIENTED_EDGE('',*,*,#3574,.T.);
#3574 = EDGE_CURVE('',#3551,#3575,#3577,.T.);
#3575 = VERTEX_POINT('',#3576);
#3576 = CARTESIAN_POINT('',(-8.388972745734,7.696,41.9301));
#3577 = LINE('',#3578,#3579);
#3578 = CARTESIAN_POINT('',(-8.388972745734,7.684114285714,
    41.901128571429));
#3579 = VECTOR('',#3580,1.);
#3580 = DIRECTION('',(0.,0.379556356256,0.925168618375));
#3581 = ORIENTED_EDGE('',*,*,#3582,.F.);
#3582 = EDGE_CURVE('',#410,#3575,#3583,.T.);
#3583 = LINE('',#3584,#3585);
#3584 = CARTESIAN_POINT('',(-8.988972745734,7.696,41.9301));
#3585 = VECTOR('',#3586,1.);
#3586 = DIRECTION('',(1.,0.,0.));
#3587 = PLANE('',#3588);
#3588 = AXIS2_PLACEMENT_3D('',#3589,#3590,#3591);
#3589 = CARTESIAN_POINT('',(-8.988972745734,7.684114285714,
    41.901128571429));
#3590 = DIRECTION('',(0.,-0.925168618375,0.379556356256));
#3591 = DIRECTION('',(0.,0.379556356256,0.925168618375));
#3592 = ADVANCED_FACE('',(#3593),#3618,.T.);
#3593 = FACE_BOUND('',#3594,.T.);
#3594 = EDGE_LOOP('',(#3595,#3596,#3604,#3612));
#3595 = ORIENTED_EDGE('',*,*,#401,.T.);
#3596 = ORIENTED_EDGE('',*,*,#3597,.T.);
#3597 = EDGE_CURVE('',#402,#3598,#3600,.T.);
#3598 = VERTEX_POINT('',#3599);
#3599 = CARTESIAN_POINT('',(-8.388972745734,7.696,42.287414285714));
#3600 = LINE('',#3601,#3602);
#3601 = CARTESIAN_POINT('',(-8.988972745734,7.696,42.287414285714));
#3602 = VECTOR('',#3603,1.);
#3603 = DIRECTION('',(1.,0.,0.));
#3604 = ORIENTED_EDGE('',*,*,#3605,.T.);
#3605 = EDGE_CURVE('',#3598,#3606,#3608,.T.);
#3606 = VERTEX_POINT('',#3607);
#3607 = CARTESIAN_POINT('',(-8.388972745734,7.690242857143,
    42.304685714286));
#3608 = LINE('',#3609,#3610);
#3609 = CARTESIAN_POINT('',(-8.388972745734,7.696,42.287414285714));
#3610 = VECTOR('',#3611,1.);
#3611 = DIRECTION('',(0.,-0.316227766017,0.948683298051));
#3612 = ORIENTED_EDGE('',*,*,#3613,.F.);
#3613 = EDGE_CURVE('',#394,#3606,#3614,.T.);
#3614 = LINE('',#3615,#3616);
#3615 = CARTESIAN_POINT('',(-8.988972745734,7.690242857143,
    42.304685714286));
#3616 = VECTOR('',#3617,1.);
#3617 = DIRECTION('',(1.,0.,0.));
#3618 = PLANE('',#3619);
#3619 = AXIS2_PLACEMENT_3D('',#3620,#3621,#3622);
#3620 = CARTESIAN_POINT('',(-8.988972745734,7.696,42.287414285714));
#3621 = DIRECTION('',(0.,-0.948683298051,-0.316227766017));
#3622 = DIRECTION('',(0.,-0.316227766017,0.948683298051));
#3623 = ADVANCED_FACE('',(#3624),#3642,.T.);
#3624 = FACE_BOUND('',#3625,.T.);
#3625 = EDGE_LOOP('',(#3626,#3627,#3628,#3636));
#3626 = ORIENTED_EDGE('',*,*,#393,.T.);
#3627 = ORIENTED_EDGE('',*,*,#3613,.T.);
#3628 = ORIENTED_EDGE('',*,*,#3629,.T.);
#3629 = EDGE_CURVE('',#3606,#3630,#3632,.T.);
#3630 = VERTEX_POINT('',#3631);
#3631 = CARTESIAN_POINT('',(-8.388972745734,7.678914285714,
    42.327714285714));
#3632 = LINE('',#3633,#3634);
#3633 = CARTESIAN_POINT('',(-8.388972745734,7.690242857143,
    42.304685714286));
#3634 = VECTOR('',#3635,1.);
#3635 = DIRECTION('',(0.,-0.441415176703,0.897302982151));
#3636 = ORIENTED_EDGE('',*,*,#3637,.F.);
#3637 = EDGE_CURVE('',#386,#3630,#3638,.T.);
#3638 = LINE('',#3639,#3640);
#3639 = CARTESIAN_POINT('',(-8.988972745734,7.678914285714,
    42.327714285714));
#3640 = VECTOR('',#3641,1.);
#3641 = DIRECTION('',(1.,0.,0.));
#3642 = PLANE('',#3643);
#3643 = AXIS2_PLACEMENT_3D('',#3644,#3645,#3646);
#3644 = CARTESIAN_POINT('',(-8.988972745734,7.690242857143,
    42.304685714286));
#3645 = DIRECTION('',(0.,-0.897302982151,-0.441415176703));
#3646 = DIRECTION('',(0.,-0.441415176703,0.897302982151));
#3647 = ADVANCED_FACE('',(#3648),#3666,.T.);
#3648 = FACE_BOUND('',#3649,.T.);
#3649 = EDGE_LOOP('',(#3650,#3651,#3652,#3660));
#3650 = ORIENTED_EDGE('',*,*,#385,.T.);
#3651 = ORIENTED_EDGE('',*,*,#3637,.T.);
#3652 = ORIENTED_EDGE('',*,*,#3653,.T.);
#3653 = EDGE_CURVE('',#3630,#3654,#3656,.T.);
#3654 = VERTEX_POINT('',#3655);
#3655 = CARTESIAN_POINT('',(-8.388972745734,7.6674,42.344985714286));
#3656 = LINE('',#3657,#3658);
#3657 = CARTESIAN_POINT('',(-8.388972745734,7.678914285714,
    42.327714285714));
#3658 = VECTOR('',#3659,1.);
#3659 = DIRECTION('',(0.,-0.554700196225,0.832050294338));
#3660 = ORIENTED_EDGE('',*,*,#3661,.F.);
#3661 = EDGE_CURVE('',#378,#3654,#3662,.T.);
#3662 = LINE('',#3663,#3664);
#3663 = CARTESIAN_POINT('',(-8.988972745734,7.6674,42.344985714286));
#3664 = VECTOR('',#3665,1.);
#3665 = DIRECTION('',(1.,0.,0.));
#3666 = PLANE('',#3667);
#3667 = AXIS2_PLACEMENT_3D('',#3668,#3669,#3670);
#3668 = CARTESIAN_POINT('',(-8.988972745734,7.678914285714,
    42.327714285714));
#3669 = DIRECTION('',(0.,-0.832050294338,-0.554700196225));
#3670 = DIRECTION('',(0.,-0.554700196225,0.832050294338));
#3671 = ADVANCED_FACE('',(#3672),#3690,.T.);
#3672 = FACE_BOUND('',#3673,.T.);
#3673 = EDGE_LOOP('',(#3674,#3675,#3676,#3684));
#3674 = ORIENTED_EDGE('',*,*,#377,.T.);
#3675 = ORIENTED_EDGE('',*,*,#3661,.T.);
#3676 = ORIENTED_EDGE('',*,*,#3677,.T.);
#3677 = EDGE_CURVE('',#3654,#3678,#3680,.T.);
#3678 = VERTEX_POINT('',#3679);
#3679 = CARTESIAN_POINT('',(-8.388972745734,7.644742857143,
    42.368014285714));
#3680 = LINE('',#3681,#3682);
#3681 = CARTESIAN_POINT('',(-8.388972745734,7.6674,42.344985714286));
#3682 = VECTOR('',#3683,1.);
#3683 = DIRECTION('',(0.,-0.70133476746,0.712832058729));
#3684 = ORIENTED_EDGE('',*,*,#3685,.F.);
#3685 = EDGE_CURVE('',#370,#3678,#3686,.T.);
#3686 = LINE('',#3687,#3688);
#3687 = CARTESIAN_POINT('',(-8.988972745734,7.644742857143,
    42.368014285714));
#3688 = VECTOR('',#3689,1.);
#3689 = DIRECTION('',(1.,0.,0.));
#3690 = PLANE('',#3691);
#3691 = AXIS2_PLACEMENT_3D('',#3692,#3693,#3694);
#3692 = CARTESIAN_POINT('',(-8.988972745734,7.6674,42.344985714286));
#3693 = DIRECTION('',(0.,-0.712832058729,-0.70133476746));
#3694 = DIRECTION('',(0.,-0.70133476746,0.712832058729));
#3695 = ADVANCED_FACE('',(#3696),#3714,.T.);
#3696 = FACE_BOUND('',#3697,.T.);
#3697 = EDGE_LOOP('',(#3698,#3699,#3700,#3708));
#3698 = ORIENTED_EDGE('',*,*,#369,.T.);
#3699 = ORIENTED_EDGE('',*,*,#3685,.T.);
#3700 = ORIENTED_EDGE('',*,*,#3701,.T.);
#3701 = EDGE_CURVE('',#3678,#3702,#3704,.T.);
#3702 = VERTEX_POINT('',#3703);
#3703 = CARTESIAN_POINT('',(-8.388972745734,7.6219,42.385285714286));
#3704 = LINE('',#3705,#3706);
#3705 = CARTESIAN_POINT('',(-8.388972745734,7.644742857143,
    42.368014285714));
#3706 = VECTOR('',#3707,1.);
#3707 = DIRECTION('',(0.,-0.797659331282,0.603108274872));
#3708 = ORIENTED_EDGE('',*,*,#3709,.F.);
#3709 = EDGE_CURVE('',#362,#3702,#3710,.T.);
#3710 = LINE('',#3711,#3712);
#3711 = CARTESIAN_POINT('',(-8.988972745734,7.6219,42.385285714286));
#3712 = VECTOR('',#3713,1.);
#3713 = DIRECTION('',(1.,0.,0.));
#3714 = PLANE('',#3715);
#3715 = AXIS2_PLACEMENT_3D('',#3716,#3717,#3718);
#3716 = CARTESIAN_POINT('',(-8.988972745734,7.644742857143,
    42.368014285714));
#3717 = DIRECTION('',(0.,-0.603108274872,-0.797659331282));
#3718 = DIRECTION('',(0.,-0.797659331282,0.603108274872));
#3719 = ADVANCED_FACE('',(#3720),#3738,.T.);
#3720 = FACE_BOUND('',#3721,.T.);
#3721 = EDGE_LOOP('',(#3722,#3723,#3724,#3732));
#3722 = ORIENTED_EDGE('',*,*,#361,.T.);
#3723 = ORIENTED_EDGE('',*,*,#3709,.T.);
#3724 = ORIENTED_EDGE('',*,*,#3725,.T.);
#3725 = EDGE_CURVE('',#3702,#3726,#3728,.T.);
#3726 = VERTEX_POINT('',#3727);
#3727 = CARTESIAN_POINT('',(-8.388972745734,7.587542857143,42.3968));
#3728 = LINE('',#3729,#3730);
#3729 = CARTESIAN_POINT('',(-8.388972745734,7.6219,42.385285714286));
#3730 = VECTOR('',#3731,1.);
#3731 = DIRECTION('',(0.,-0.948169527976,0.317764922889));
#3732 = ORIENTED_EDGE('',*,*,#3733,.F.);
#3733 = EDGE_CURVE('',#354,#3726,#3734,.T.);
#3734 = LINE('',#3735,#3736);
#3735 = CARTESIAN_POINT('',(-8.988972745734,7.587542857143,42.3968));
#3736 = VECTOR('',#3737,1.);
#3737 = DIRECTION('',(1.,0.,0.));
#3738 = PLANE('',#3739);
#3739 = AXIS2_PLACEMENT_3D('',#3740,#3741,#3742);
#3740 = CARTESIAN_POINT('',(-8.988972745734,7.6219,42.385285714286));
#3741 = DIRECTION('',(0.,-0.317764922889,-0.948169527976));
#3742 = DIRECTION('',(0.,-0.948169527976,0.317764922889));
#3743 = ADVANCED_FACE('',(#3744),#3769,.T.);
#3744 = FACE_BOUND('',#3745,.T.);
#3745 = EDGE_LOOP('',(#3746,#3747,#3755,#3763));
#3746 = ORIENTED_EDGE('',*,*,#345,.T.);
#3747 = ORIENTED_EDGE('',*,*,#3748,.T.);
#3748 = EDGE_CURVE('',#346,#3749,#3751,.T.);
#3749 = VERTEX_POINT('',#3750);
#3750 = CARTESIAN_POINT('',(-8.388972745734,5.818985714286,42.3968));
#3751 = LINE('',#3752,#3753);
#3752 = CARTESIAN_POINT('',(-8.988972745734,5.818985714286,42.3968));
#3753 = VECTOR('',#3754,1.);
#3754 = DIRECTION('',(1.,0.,0.));
#3755 = ORIENTED_EDGE('',*,*,#3756,.T.);
#3756 = EDGE_CURVE('',#3749,#3757,#3759,.T.);
#3757 = VERTEX_POINT('',#3758);
#3758 = CARTESIAN_POINT('',(-8.388972745734,5.796142857143,
    42.391228571429));
#3759 = LINE('',#3760,#3761);
#3760 = CARTESIAN_POINT('',(-8.388972745734,5.818985714286,42.3968));
#3761 = VECTOR('',#3762,1.);
#3762 = DIRECTION('',(0.,-0.971520338783,-0.236956180191));
#3763 = ORIENTED_EDGE('',*,*,#3764,.F.);
#3764 = EDGE_CURVE('',#338,#3757,#3765,.T.);
#3765 = LINE('',#3766,#3767);
#3766 = CARTESIAN_POINT('',(-8.988972745734,5.796142857143,
    42.391228571429));
#3767 = VECTOR('',#3768,1.);
#3768 = DIRECTION('',(1.,0.,0.));
#3769 = PLANE('',#3770);
#3770 = AXIS2_PLACEMENT_3D('',#3771,#3772,#3773);
#3771 = CARTESIAN_POINT('',(-8.988972745734,5.818985714286,42.3968));
#3772 = DIRECTION('',(0.,0.236956180191,-0.971520338783));
#3773 = DIRECTION('',(0.,-0.971520338783,-0.236956180191));
#3774 = ADVANCED_FACE('',(#3775),#3793,.T.);
#3775 = FACE_BOUND('',#3776,.T.);
#3776 = EDGE_LOOP('',(#3777,#3778,#3779,#3787));
#3777 = ORIENTED_EDGE('',*,*,#337,.T.);
#3778 = ORIENTED_EDGE('',*,*,#3764,.T.);
#3779 = ORIENTED_EDGE('',*,*,#3780,.T.);
#3780 = EDGE_CURVE('',#3757,#3781,#3783,.T.);
#3781 = VERTEX_POINT('',#3782);
#3782 = CARTESIAN_POINT('',(-8.388972745734,5.779057142857,
    42.380457142857));
#3783 = LINE('',#3784,#3785);
#3784 = CARTESIAN_POINT('',(-8.388972745734,5.796142857143,
    42.391228571429));
#3785 = VECTOR('',#3786,1.);
#3786 = DIRECTION('',(0.,-0.845925602596,-0.533300923376));
#3787 = ORIENTED_EDGE('',*,*,#3788,.F.);
#3788 = EDGE_CURVE('',#330,#3781,#3789,.T.);
#3789 = LINE('',#3790,#3791);
#3790 = CARTESIAN_POINT('',(-8.988972745734,5.779057142857,
    42.380457142857));
#3791 = VECTOR('',#3792,1.);
#3792 = DIRECTION('',(1.,0.,0.));
#3793 = PLANE('',#3794);
#3794 = AXIS2_PLACEMENT_3D('',#3795,#3796,#3797);
#3795 = CARTESIAN_POINT('',(-8.988972745734,5.796142857143,
    42.391228571429));
#3796 = DIRECTION('',(0.,0.533300923376,-0.845925602596));
#3797 = DIRECTION('',(0.,-0.845925602596,-0.533300923376));
#3798 = ADVANCED_FACE('',(#3799),#3817,.T.);
#3799 = FACE_BOUND('',#3800,.T.);
#3800 = EDGE_LOOP('',(#3801,#3802,#3803,#3811));
#3801 = ORIENTED_EDGE('',*,*,#329,.T.);
#3802 = ORIENTED_EDGE('',*,*,#3788,.T.);
#3803 = ORIENTED_EDGE('',*,*,#3804,.T.);
#3804 = EDGE_CURVE('',#3781,#3805,#3807,.T.);
#3805 = VERTEX_POINT('',#3806);
#3806 = CARTESIAN_POINT('',(-8.388972745734,5.761971428571,
    42.369314285714));
#3807 = LINE('',#3808,#3809);
#3808 = CARTESIAN_POINT('',(-8.388972745734,5.779057142857,
    42.380457142857));
#3809 = VECTOR('',#3810,1.);
#3810 = DIRECTION('',(0.,-0.837610596839,-0.546267780547));
#3811 = ORIENTED_EDGE('',*,*,#3812,.F.);
#3812 = EDGE_CURVE('',#322,#3805,#3813,.T.);
#3813 = LINE('',#3814,#3815);
#3814 = CARTESIAN_POINT('',(-8.988972745734,5.761971428571,
    42.369314285714));
#3815 = VECTOR('',#3816,1.);
#3816 = DIRECTION('',(1.,0.,0.));
#3817 = PLANE('',#3818);
#3818 = AXIS2_PLACEMENT_3D('',#3819,#3820,#3821);
#3819 = CARTESIAN_POINT('',(-8.988972745734,5.779057142857,
    42.380457142857));
#3820 = DIRECTION('',(0.,0.546267780547,-0.837610596839));
#3821 = DIRECTION('',(0.,-0.837610596839,-0.546267780547));
#3822 = ADVANCED_FACE('',(#3823),#3841,.T.);
#3823 = FACE_BOUND('',#3824,.T.);
#3824 = EDGE_LOOP('',(#3825,#3826,#3827,#3835));
#3825 = ORIENTED_EDGE('',*,*,#321,.T.);
#3826 = ORIENTED_EDGE('',*,*,#3812,.T.);
#3827 = ORIENTED_EDGE('',*,*,#3828,.T.);
#3828 = EDGE_CURVE('',#3805,#3829,#3831,.T.);
#3829 = VERTEX_POINT('',#3830);
#3830 = CARTESIAN_POINT('',(-8.388972745734,5.744885714286,
    42.358357142857));
#3831 = LINE('',#3832,#3833);
#3832 = CARTESIAN_POINT('',(-8.388972745734,5.761971428571,
    42.369314285714));
#3833 = VECTOR('',#3834,1.);
#3834 = DIRECTION('',(0.,-0.841772532358,-0.539832384882));
#3835 = ORIENTED_EDGE('',*,*,#3836,.F.);
#3836 = EDGE_CURVE('',#314,#3829,#3837,.T.);
#3837 = LINE('',#3838,#3839);
#3838 = CARTESIAN_POINT('',(-8.988972745734,5.744885714286,
    42.358357142857));
#3839 = VECTOR('',#3840,1.);
#3840 = DIRECTION('',(1.,0.,0.));
#3841 = PLANE('',#3842);
#3842 = AXIS2_PLACEMENT_3D('',#3843,#3844,#3845);
#3843 = CARTESIAN_POINT('',(-8.988972745734,5.761971428571,
    42.369314285714));
#3844 = DIRECTION('',(0.,0.539832384882,-0.841772532358));
#3845 = DIRECTION('',(0.,-0.841772532358,-0.539832384882));
#3846 = ADVANCED_FACE('',(#3847),#3865,.T.);
#3847 = FACE_BOUND('',#3848,.T.);
#3848 = EDGE_LOOP('',(#3849,#3850,#3851,#3859));
#3849 = ORIENTED_EDGE('',*,*,#313,.T.);
#3850 = ORIENTED_EDGE('',*,*,#3836,.T.);
#3851 = ORIENTED_EDGE('',*,*,#3852,.T.);
#3852 = EDGE_CURVE('',#3829,#3853,#3855,.T.);
#3853 = VERTEX_POINT('',#3854);
#3854 = CARTESIAN_POINT('',(-8.388972745734,5.7278,42.342014285714));
#3855 = LINE('',#3856,#3857);
#3856 = CARTESIAN_POINT('',(-8.388972745734,5.744885714286,
    42.358357142857));
#3857 = VECTOR('',#3858,1.);
#3858 = DIRECTION('',(0.,-0.722641857148,-0.691222645967));
#3859 = ORIENTED_EDGE('',*,*,#3860,.F.);
#3860 = EDGE_CURVE('',#306,#3853,#3861,.T.);
#3861 = LINE('',#3862,#3863);
#3862 = CARTESIAN_POINT('',(-8.988972745734,5.7278,42.342014285714));
#3863 = VECTOR('',#3864,1.);
#3864 = DIRECTION('',(1.,0.,0.));
#3865 = PLANE('',#3866);
#3866 = AXIS2_PLACEMENT_3D('',#3867,#3868,#3869);
#3867 = CARTESIAN_POINT('',(-8.988972745734,5.744885714286,
    42.358357142857));
#3868 = DIRECTION('',(0.,0.691222645967,-0.722641857148));
#3869 = DIRECTION('',(0.,-0.722641857148,-0.691222645967));
#3870 = ADVANCED_FACE('',(#3871),#3889,.T.);
#3871 = FACE_BOUND('',#3872,.T.);
#3872 = EDGE_LOOP('',(#3873,#3874,#3875,#3883));
#3873 = ORIENTED_EDGE('',*,*,#305,.T.);
#3874 = ORIENTED_EDGE('',*,*,#3860,.T.);
#3875 = ORIENTED_EDGE('',*,*,#3876,.T.);
#3876 = EDGE_CURVE('',#3853,#3877,#3879,.T.);
#3877 = VERTEX_POINT('',#3878);
#3878 = CARTESIAN_POINT('',(-8.388972745734,5.716285714286,
    42.325671428571));
#3879 = LINE('',#3880,#3881);
#3880 = CARTESIAN_POINT('',(-8.388972745734,5.7278,42.342014285714));
#3881 = VECTOR('',#3882,1.);
#3882 = DIRECTION('',(0.,-0.575953532433,-0.817482433131));
#3883 = ORIENTED_EDGE('',*,*,#3884,.F.);
#3884 = EDGE_CURVE('',#298,#3877,#3885,.T.);
#3885 = LINE('',#3886,#3887);
#3886 = CARTESIAN_POINT('',(-8.988972745734,5.716285714286,
    42.325671428571));
#3887 = VECTOR('',#3888,1.);
#3888 = DIRECTION('',(1.,0.,0.));
#3889 = PLANE('',#3890);
#3890 = AXIS2_PLACEMENT_3D('',#3891,#3892,#3893);
#3891 = CARTESIAN_POINT('',(-8.988972745734,5.7278,42.342014285714));
#3892 = DIRECTION('',(0.,0.817482433131,-0.575953532433));
#3893 = DIRECTION('',(0.,-0.575953532433,-0.817482433131));
#3894 = ADVANCED_FACE('',(#3895),#3913,.T.);
#3895 = FACE_BOUND('',#3896,.T.);
#3896 = EDGE_LOOP('',(#3897,#3898,#3899,#3907));
#3897 = ORIENTED_EDGE('',*,*,#297,.T.);
#3898 = ORIENTED_EDGE('',*,*,#3884,.T.);
#3899 = ORIENTED_EDGE('',*,*,#3900,.T.);
#3900 = EDGE_CURVE('',#3877,#3901,#3903,.T.);
#3901 = VERTEX_POINT('',#3902);
#3902 = CARTESIAN_POINT('',(-8.388972745734,5.710528571429,
    42.308957142857));
#3903 = LINE('',#3904,#3905);
#3904 = CARTESIAN_POINT('',(-8.388972745734,5.716285714286,
    42.325671428571));
#3905 = VECTOR('',#3906,1.);
#3906 = DIRECTION('',(0.,-0.325666906351,-0.945484566827));
#3907 = ORIENTED_EDGE('',*,*,#3908,.F.);
#3908 = EDGE_CURVE('',#290,#3901,#3909,.T.);
#3909 = LINE('',#3910,#3911);
#3910 = CARTESIAN_POINT('',(-8.988972745734,5.710528571429,
    42.308957142857));
#3911 = VECTOR('',#3912,1.);
#3912 = DIRECTION('',(1.,0.,0.));
#3913 = PLANE('',#3914);
#3914 = AXIS2_PLACEMENT_3D('',#3915,#3916,#3917);
#3915 = CARTESIAN_POINT('',(-8.988972745734,5.716285714286,
    42.325671428571));
#3916 = DIRECTION('',(0.,0.945484566827,-0.325666906351));
#3917 = DIRECTION('',(0.,-0.325666906351,-0.945484566827));
#3918 = ADVANCED_FACE('',(#3919),#3937,.T.);
#3919 = FACE_BOUND('',#3920,.T.);
#3920 = EDGE_LOOP('',(#3921,#3922,#3923,#3931));
#3921 = ORIENTED_EDGE('',*,*,#289,.T.);
#3922 = ORIENTED_EDGE('',*,*,#3908,.T.);
#3923 = ORIENTED_EDGE('',*,*,#3924,.T.);
#3924 = EDGE_CURVE('',#3901,#3925,#3927,.T.);
#3925 = VERTEX_POINT('',#3926);
#3926 = CARTESIAN_POINT('',(-8.388972745734,5.6992,42.287228571429));
#3927 = LINE('',#3928,#3929);
#3928 = CARTESIAN_POINT('',(-8.388972745734,5.710528571429,
    42.308957142857));
#3929 = VECTOR('',#3930,1.);
#3930 = DIRECTION('',(0.,-0.462306978832,-0.886719943005));
#3931 = ORIENTED_EDGE('',*,*,#3932,.F.);
#3932 = EDGE_CURVE('',#282,#3925,#3933,.T.);
#3933 = LINE('',#3934,#3935);
#3934 = CARTESIAN_POINT('',(-8.988972745734,5.6992,42.287228571429));
#3935 = VECTOR('',#3936,1.);
#3936 = DIRECTION('',(1.,0.,0.));
#3937 = PLANE('',#3938);
#3938 = AXIS2_PLACEMENT_3D('',#3939,#3940,#3941);
#3939 = CARTESIAN_POINT('',(-8.988972745734,5.710528571429,
    42.308957142857));
#3940 = DIRECTION('',(0.,0.886719943005,-0.462306978832));
#3941 = DIRECTION('',(0.,-0.462306978832,-0.886719943005));
#3942 = ADVANCED_FACE('',(#3943),#3968,.T.);
#3943 = FACE_BOUND('',#3944,.T.);
#3944 = EDGE_LOOP('',(#3945,#3946,#3954,#3962));
#3945 = ORIENTED_EDGE('',*,*,#273,.T.);
#3946 = ORIENTED_EDGE('',*,*,#3947,.T.);
#3947 = EDGE_CURVE('',#274,#3948,#3950,.T.);
#3948 = VERTEX_POINT('',#3949);
#3949 = CARTESIAN_POINT('',(-8.388972745734,5.6992,41.953128571429));
#3950 = LINE('',#3951,#3952);
#3951 = CARTESIAN_POINT('',(-8.988972745734,5.6992,41.953128571429));
#3952 = VECTOR('',#3953,1.);
#3953 = DIRECTION('',(1.,0.,0.));
#3954 = ORIENTED_EDGE('',*,*,#3955,.T.);
#3955 = EDGE_CURVE('',#3948,#3956,#3958,.T.);
#3956 = VERTEX_POINT('',#3957);
#3957 = CARTESIAN_POINT('',(-8.388972745734,5.704957142857,
    41.922857142857));
#3958 = LINE('',#3959,#3960);
#3959 = CARTESIAN_POINT('',(-8.388972745734,5.6992,41.953128571429));
#3960 = VECTOR('',#3961,1.);
#3961 = DIRECTION('',(-0.,0.186835151334,-0.982391279596));
#3962 = ORIENTED_EDGE('',*,*,#3963,.F.);
#3963 = EDGE_CURVE('',#266,#3956,#3964,.T.);
#3964 = LINE('',#3965,#3966);
#3965 = CARTESIAN_POINT('',(-8.988972745734,5.704957142857,
    41.922857142857));
#3966 = VECTOR('',#3967,1.);
#3967 = DIRECTION('',(1.,0.,0.));
#3968 = PLANE('',#3969);
#3969 = AXIS2_PLACEMENT_3D('',#3970,#3971,#3972);
#3970 = CARTESIAN_POINT('',(-8.988972745734,5.6992,41.953128571429));
#3971 = DIRECTION('',(-0.,0.982391279596,0.186835151334));
#3972 = DIRECTION('',(0.,0.186835151334,-0.982391279596));
#3973 = ADVANCED_FACE('',(#3974),#3992,.T.);
#3974 = FACE_BOUND('',#3975,.T.);
#3975 = EDGE_LOOP('',(#3976,#3977,#3978,#3986));
#3976 = ORIENTED_EDGE('',*,*,#265,.T.);
#3977 = ORIENTED_EDGE('',*,*,#3963,.T.);
#3978 = ORIENTED_EDGE('',*,*,#3979,.T.);
#3979 = EDGE_CURVE('',#3956,#3980,#3982,.T.);
#3980 = VERTEX_POINT('',#3981);
#3981 = CARTESIAN_POINT('',(-8.388972745734,5.722042857143,
    41.892771428571));
#3982 = LINE('',#3983,#3984);
#3983 = CARTESIAN_POINT('',(-8.388972745734,5.704957142857,
    41.922857142857));
#3984 = VECTOR('',#3985,1.);
#3985 = DIRECTION('',(-0.,0.493824955141,-0.869561334053));
#3986 = ORIENTED_EDGE('',*,*,#3987,.F.);
#3987 = EDGE_CURVE('',#258,#3980,#3988,.T.);
#3988 = LINE('',#3989,#3990);
#3989 = CARTESIAN_POINT('',(-8.988972745734,5.722042857143,
    41.892771428571));
#3990 = VECTOR('',#3991,1.);
#3991 = DIRECTION('',(1.,0.,0.));
#3992 = PLANE('',#3993);
#3993 = AXIS2_PLACEMENT_3D('',#3994,#3995,#3996);
#3994 = CARTESIAN_POINT('',(-8.988972745734,5.704957142857,
    41.922857142857));
#3995 = DIRECTION('',(-0.,0.869561334053,0.493824955141));
#3996 = DIRECTION('',(0.,0.493824955141,-0.869561334053));
#3997 = ADVANCED_FACE('',(#3998),#4016,.T.);
#3998 = FACE_BOUND('',#3999,.T.);
#3999 = EDGE_LOOP('',(#4000,#4001,#4002,#4010));
#4000 = ORIENTED_EDGE('',*,*,#257,.T.);
#4001 = ORIENTED_EDGE('',*,*,#3987,.T.);
#4002 = ORIENTED_EDGE('',*,*,#4003,.T.);
#4003 = EDGE_CURVE('',#3980,#4004,#4006,.T.);
#4004 = VERTEX_POINT('',#4005);
#4005 = CARTESIAN_POINT('',(-8.388972745734,5.739128571429,
    41.868628571429));
#4006 = LINE('',#4007,#4008);
#4007 = CARTESIAN_POINT('',(-8.388972745734,5.722042857143,
    41.892771428571));
#4008 = VECTOR('',#4009,1.);
#4009 = DIRECTION('',(-0.,0.577668857514,-0.816271211705));
#4010 = ORIENTED_EDGE('',*,*,#4011,.F.);
#4011 = EDGE_CURVE('',#250,#4004,#4012,.T.);
#4012 = LINE('',#4013,#4014);
#4013 = CARTESIAN_POINT('',(-8.988972745734,5.739128571429,
    41.868628571429));
#4014 = VECTOR('',#4015,1.);
#4015 = DIRECTION('',(1.,0.,0.));
#4016 = PLANE('',#4017);
#4017 = AXIS2_PLACEMENT_3D('',#4018,#4019,#4020);
#4018 = CARTESIAN_POINT('',(-8.988972745734,5.722042857143,
    41.892771428571));
#4019 = DIRECTION('',(-0.,0.816271211705,0.577668857514));
#4020 = DIRECTION('',(0.,0.577668857514,-0.816271211705));
#4021 = ADVANCED_FACE('',(#4022),#4040,.T.);
#4022 = FACE_BOUND('',#4023,.T.);
#4023 = EDGE_LOOP('',(#4024,#4025,#4026,#4034));
#4024 = ORIENTED_EDGE('',*,*,#249,.T.);
#4025 = ORIENTED_EDGE('',*,*,#4011,.T.);
#4026 = ORIENTED_EDGE('',*,*,#4027,.T.);
#4027 = EDGE_CURVE('',#4004,#4028,#4030,.T.);
#4028 = VERTEX_POINT('',#4029);
#4029 = CARTESIAN_POINT('',(-8.388972745734,5.761971428571,41.8443));
#4030 = LINE('',#4031,#4032);
#4031 = CARTESIAN_POINT('',(-8.388972745734,5.739128571429,
    41.868628571429));
#4032 = VECTOR('',#4033,1.);
#4033 = DIRECTION('',(-0.,0.68449627479,-0.729016357703));
#4034 = ORIENTED_EDGE('',*,*,#4035,.F.);
#4035 = EDGE_CURVE('',#242,#4028,#4036,.T.);
#4036 = LINE('',#4037,#4038);
#4037 = CARTESIAN_POINT('',(-8.988972745734,5.761971428571,41.8443));
#4038 = VECTOR('',#4039,1.);
#4039 = DIRECTION('',(1.,0.,0.));
#4040 = PLANE('',#4041);
#4041 = AXIS2_PLACEMENT_3D('',#4042,#4043,#4044);
#4042 = CARTESIAN_POINT('',(-8.988972745734,5.739128571429,
    41.868628571429));
#4043 = DIRECTION('',(-0.,0.729016357703,0.68449627479));
#4044 = DIRECTION('',(0.,0.68449627479,-0.729016357703));
#4045 = ADVANCED_FACE('',(#4046),#4064,.T.);
#4046 = FACE_BOUND('',#4047,.T.);
#4047 = EDGE_LOOP('',(#4048,#4049,#4050,#4058));
#4048 = ORIENTED_EDGE('',*,*,#241,.T.);
#4049 = ORIENTED_EDGE('',*,*,#4035,.T.);
#4050 = ORIENTED_EDGE('',*,*,#4051,.T.);
#4051 = EDGE_CURVE('',#4028,#4052,#4054,.T.);
#4052 = VERTEX_POINT('',#4053);
#4053 = CARTESIAN_POINT('',(-8.388972745734,5.779057142857,
    41.838357142857));
#4054 = LINE('',#4055,#4056);
#4055 = CARTESIAN_POINT('',(-8.388972745734,5.761971428571,41.8443));
#4056 = VECTOR('',#4057,1.);
#4057 = DIRECTION('',(-0.,0.944496796706,-0.328520624941));
#4058 = ORIENTED_EDGE('',*,*,#4059,.F.);
#4059 = EDGE_CURVE('',#234,#4052,#4060,.T.);
#4060 = LINE('',#4061,#4062);
#4061 = CARTESIAN_POINT('',(-8.988972745734,5.779057142857,
    41.838357142857));
#4062 = VECTOR('',#4063,1.);
#4063 = DIRECTION('',(1.,0.,0.));
#4064 = PLANE('',#4065);
#4065 = AXIS2_PLACEMENT_3D('',#4066,#4067,#4068);
#4066 = CARTESIAN_POINT('',(-8.988972745734,5.761971428571,41.8443));
#4067 = DIRECTION('',(-0.,0.328520624941,0.944496796706));
#4068 = DIRECTION('',(0.,0.944496796706,-0.328520624941));
#4069 = ADVANCED_FACE('',(#4070),#4088,.T.);
#4070 = FACE_BOUND('',#4071,.T.);
#4071 = EDGE_LOOP('',(#4072,#4073,#4074,#4082));
#4072 = ORIENTED_EDGE('',*,*,#233,.T.);
#4073 = ORIENTED_EDGE('',*,*,#4059,.T.);
#4074 = ORIENTED_EDGE('',*,*,#4075,.T.);
#4075 = EDGE_CURVE('',#4052,#4076,#4078,.T.);
#4076 = VERTEX_POINT('',#4077);
#4077 = CARTESIAN_POINT('',(-8.388972745734,5.796142857143,
    41.826285714286));
#4078 = LINE('',#4079,#4080);
#4079 = CARTESIAN_POINT('',(-8.388972745734,5.779057142857,
    41.838357142857));
#4080 = VECTOR('',#4081,1.);
#4081 = DIRECTION('',(-0.,0.816721763686,-0.577031680865));
#4082 = ORIENTED_EDGE('',*,*,#4083,.F.);
#4083 = EDGE_CURVE('',#226,#4076,#4084,.T.);
#4084 = LINE('',#4085,#4086);
#4085 = CARTESIAN_POINT('',(-8.988972745734,5.796142857143,
    41.826285714286));
#4086 = VECTOR('',#4087,1.);
#4087 = DIRECTION('',(1.,0.,0.));
#4088 = PLANE('',#4089);
#4089 = AXIS2_PLACEMENT_3D('',#4090,#4091,#4092);
#4090 = CARTESIAN_POINT('',(-8.988972745734,5.779057142857,
    41.838357142857));
#4091 = DIRECTION('',(-0.,0.577031680865,0.816721763686));
#4092 = DIRECTION('',(0.,0.816721763686,-0.577031680865));
#4093 = ADVANCED_FACE('',(#4094),#4119,.T.);
#4094 = FACE_BOUND('',#4095,.T.);
#4095 = EDGE_LOOP('',(#4096,#4097,#4105,#4113));
#4096 = ORIENTED_EDGE('',*,*,#217,.T.);
#4097 = ORIENTED_EDGE('',*,*,#4098,.T.);
#4098 = EDGE_CURVE('',#218,#4099,#4101,.T.);
#4099 = VERTEX_POINT('',#4100);
#4100 = CARTESIAN_POINT('',(-8.388972745734,6.412342857143,
    41.826285714286));
#4101 = LINE('',#4102,#4103);
#4102 = CARTESIAN_POINT('',(-8.988972745734,6.412342857143,
    41.826285714286));
#4103 = VECTOR('',#4104,1.);
#4104 = DIRECTION('',(1.,0.,0.));
#4105 = ORIENTED_EDGE('',*,*,#4106,.T.);
#4106 = EDGE_CURVE('',#4099,#4107,#4109,.T.);
#4107 = VERTEX_POINT('',#4108);
#4108 = CARTESIAN_POINT('',(-8.388972745734,6.412342857143,
    38.540071428571));
#4109 = LINE('',#4110,#4111);
#4110 = CARTESIAN_POINT('',(-8.388972745734,6.412342857143,
    41.826285714286));
#4111 = VECTOR('',#4112,1.);
#4112 = DIRECTION('',(0.,-0.,-1.));
#4113 = ORIENTED_EDGE('',*,*,#4114,.F.);
#4114 = EDGE_CURVE('',#210,#4107,#4115,.T.);
#4115 = LINE('',#4116,#4117);
#4116 = CARTESIAN_POINT('',(-8.988972745734,6.412342857143,
    38.540071428571));
#4117 = VECTOR('',#4118,1.);
#4118 = DIRECTION('',(1.,0.,0.));
#4119 = PLANE('',#4120);
#4120 = AXIS2_PLACEMENT_3D('',#4121,#4122,#4123);
#4121 = CARTESIAN_POINT('',(-8.988972745734,6.412342857143,
    41.826285714286));
#4122 = DIRECTION('',(0.,1.,-0.));
#4123 = DIRECTION('',(0.,-0.,-1.));
#4124 = ADVANCED_FACE('',(#4125),#4143,.T.);
#4125 = FACE_BOUND('',#4126,.T.);
#4126 = EDGE_LOOP('',(#4127,#4128,#4129,#4137));
#4127 = ORIENTED_EDGE('',*,*,#209,.T.);
#4128 = ORIENTED_EDGE('',*,*,#4114,.T.);
#4129 = ORIENTED_EDGE('',*,*,#4130,.T.);
#4130 = EDGE_CURVE('',#4107,#4131,#4133,.T.);
#4131 = VERTEX_POINT('',#4132);
#4132 = CARTESIAN_POINT('',(-8.388972745734,6.4181,38.517228571429));
#4133 = LINE('',#4134,#4135);
#4134 = CARTESIAN_POINT('',(-8.388972745734,6.412342857143,
    38.540071428571));
#4135 = VECTOR('',#4136,1.);
#4136 = DIRECTION('',(-0.,0.244390135281,-0.969676988372));
#4137 = ORIENTED_EDGE('',*,*,#4138,.F.);
#4138 = EDGE_CURVE('',#202,#4131,#4139,.T.);
#4139 = LINE('',#4140,#4141);
#4140 = CARTESIAN_POINT('',(-8.988972745734,6.4181,38.517228571429));
#4141 = VECTOR('',#4142,1.);
#4142 = DIRECTION('',(1.,0.,0.));
#4143 = PLANE('',#4144);
#4144 = AXIS2_PLACEMENT_3D('',#4145,#4146,#4147);
#4145 = CARTESIAN_POINT('',(-8.988972745734,6.412342857143,
    38.540071428571));
#4146 = DIRECTION('',(-0.,0.969676988372,0.244390135281));
#4147 = DIRECTION('',(0.,0.244390135281,-0.969676988372));
#4148 = ADVANCED_FACE('',(#4149),#4167,.T.);
#4149 = FACE_BOUND('',#4150,.T.);
#4150 = EDGE_LOOP('',(#4151,#4152,#4153,#4161));
#4151 = ORIENTED_EDGE('',*,*,#201,.T.);
#4152 = ORIENTED_EDGE('',*,*,#4138,.T.);
#4153 = ORIENTED_EDGE('',*,*,#4154,.T.);
#4154 = EDGE_CURVE('',#4131,#4155,#4157,.T.);
#4155 = VERTEX_POINT('',#4156);
#4156 = CARTESIAN_POINT('',(-8.388972745734,6.423671428571,
    38.488814285714));
#4157 = LINE('',#4158,#4159);
#4158 = CARTESIAN_POINT('',(-8.388972745734,6.4181,38.517228571429));
#4159 = VECTOR('',#4160,1.);
#4160 = DIRECTION('',(-0.,0.192414460721,-0.981313749677));
#4161 = ORIENTED_EDGE('',*,*,#4162,.F.);
#4162 = EDGE_CURVE('',#194,#4155,#4163,.T.);
#4163 = LINE('',#4164,#4165);
#4164 = CARTESIAN_POINT('',(-8.988972745734,6.423671428571,
    38.488814285714));
#4165 = VECTOR('',#4166,1.);
#4166 = DIRECTION('',(1.,0.,0.));
#4167 = PLANE('',#4168);
#4168 = AXIS2_PLACEMENT_3D('',#4169,#4170,#4171);
#4169 = CARTESIAN_POINT('',(-8.988972745734,6.4181,38.517228571429));
#4170 = DIRECTION('',(-0.,0.981313749677,0.192414460721));
#4171 = DIRECTION('',(0.,0.192414460721,-0.981313749677));
#4172 = ADVANCED_FACE('',(#4173),#4191,.T.);
#4173 = FACE_BOUND('',#4174,.T.);
#4174 = EDGE_LOOP('',(#4175,#4176,#4177,#4185));
#4175 = ORIENTED_EDGE('',*,*,#193,.T.);
#4176 = ORIENTED_EDGE('',*,*,#4162,.T.);
#4177 = ORIENTED_EDGE('',*,*,#4178,.T.);
#4178 = EDGE_CURVE('',#4155,#4179,#4181,.T.);
#4179 = VERTEX_POINT('',#4180);
#4180 = CARTESIAN_POINT('',(-8.388972745734,6.435185714286,
    38.471728571429));
#4181 = LINE('',#4182,#4183);
#4182 = CARTESIAN_POINT('',(-8.388972745734,6.423671428571,
    38.488814285714));
#4183 = VECTOR('',#4184,1.);
#4184 = DIRECTION('',(-0.,0.558853462072,-0.829266427591));
#4185 = ORIENTED_EDGE('',*,*,#4186,.F.);
#4186 = EDGE_CURVE('',#186,#4179,#4187,.T.);
#4187 = LINE('',#4188,#4189);
#4188 = CARTESIAN_POINT('',(-8.988972745734,6.435185714286,
    38.471728571429));
#4189 = VECTOR('',#4190,1.);
#4190 = DIRECTION('',(1.,0.,0.));
#4191 = PLANE('',#4192);
#4192 = AXIS2_PLACEMENT_3D('',#4193,#4194,#4195);
#4193 = CARTESIAN_POINT('',(-8.988972745734,6.423671428571,
    38.488814285714));
#4194 = DIRECTION('',(-0.,0.829266427591,0.558853462072));
#4195 = DIRECTION('',(0.,0.558853462072,-0.829266427591));
#4196 = ADVANCED_FACE('',(#4197),#4215,.T.);
#4197 = FACE_BOUND('',#4198,.T.);
#4198 = EDGE_LOOP('',(#4199,#4200,#4201,#4209));
#4199 = ORIENTED_EDGE('',*,*,#185,.T.);
#4200 = ORIENTED_EDGE('',*,*,#4186,.T.);
#4201 = ORIENTED_EDGE('',*,*,#4202,.T.);
#4202 = EDGE_CURVE('',#4179,#4203,#4205,.T.);
#4203 = VERTEX_POINT('',#4204);
#4204 = CARTESIAN_POINT('',(-8.388972745734,6.446514285714,
    38.448885714286));
#4205 = LINE('',#4206,#4207);
#4206 = CARTESIAN_POINT('',(-8.388972745734,6.435185714286,
    38.471728571429));
#4207 = VECTOR('',#4208,1.);
#4208 = DIRECTION('',(-0.,0.444297794845,-0.895879160097));
#4209 = ORIENTED_EDGE('',*,*,#4210,.F.);
#4210 = EDGE_CURVE('',#178,#4203,#4211,.T.);
#4211 = LINE('',#4212,#4213);
#4212 = CARTESIAN_POINT('',(-8.988972745734,6.446514285714,
    38.448885714286));
#4213 = VECTOR('',#4214,1.);
#4214 = DIRECTION('',(1.,0.,0.));
#4215 = PLANE('',#4216);
#4216 = AXIS2_PLACEMENT_3D('',#4217,#4218,#4219);
#4217 = CARTESIAN_POINT('',(-8.988972745734,6.435185714286,
    38.471728571429));
#4218 = DIRECTION('',(-0.,0.895879160097,0.444297794845));
#4219 = DIRECTION('',(0.,0.444297794845,-0.895879160097));
#4220 = ADVANCED_FACE('',(#4221),#4239,.T.);
#4221 = FACE_BOUND('',#4222,.T.);
#4222 = EDGE_LOOP('',(#4223,#4224,#4225,#4233));
#4223 = ORIENTED_EDGE('',*,*,#177,.T.);
#4224 = ORIENTED_EDGE('',*,*,#4210,.T.);
#4225 = ORIENTED_EDGE('',*,*,#4226,.T.);
#4226 = EDGE_CURVE('',#4203,#4227,#4229,.T.);
#4227 = VERTEX_POINT('',#4228);
#4228 = CARTESIAN_POINT('',(-8.388972745734,6.469357142857,38.4318));
#4229 = LINE('',#4230,#4231);
#4230 = CARTESIAN_POINT('',(-8.388972745734,6.446514285714,
    38.448885714286));
#4231 = VECTOR('',#4232,1.);
#4232 = DIRECTION('',(-0.,0.80078057117,-0.598957825591));
#4233 = ORIENTED_EDGE('',*,*,#4234,.F.);
#4234 = EDGE_CURVE('',#170,#4227,#4235,.T.);
#4235 = LINE('',#4236,#4237);
#4236 = CARTESIAN_POINT('',(-8.988972745734,6.469357142857,38.4318));
#4237 = VECTOR('',#4238,1.);
#4238 = DIRECTION('',(1.,0.,0.));
#4239 = PLANE('',#4240);
#4240 = AXIS2_PLACEMENT_3D('',#4241,#4242,#4243);
#4241 = CARTESIAN_POINT('',(-8.988972745734,6.446514285714,
    38.448885714286));
#4242 = DIRECTION('',(-0.,0.598957825591,0.80078057117));
#4243 = DIRECTION('',(0.,0.80078057117,-0.598957825591));
#4244 = ADVANCED_FACE('',(#4245),#4263,.T.);
#4245 = FACE_BOUND('',#4246,.T.);
#4246 = EDGE_LOOP('',(#4247,#4248,#4249,#4257));
#4247 = ORIENTED_EDGE('',*,*,#169,.T.);
#4248 = ORIENTED_EDGE('',*,*,#4234,.T.);
#4249 = ORIENTED_EDGE('',*,*,#4250,.T.);
#4250 = EDGE_CURVE('',#4227,#4251,#4253,.T.);
#4251 = VERTEX_POINT('',#4252);
#4252 = CARTESIAN_POINT('',(-8.388972745734,6.4922,38.420285714286));
#4253 = LINE('',#4254,#4255);
#4254 = CARTESIAN_POINT('',(-8.388972745734,6.469357142857,38.4318));
#4255 = VECTOR('',#4256,1.);
#4256 = DIRECTION('',(-0.,0.892970492237,-0.450115207469));
#4257 = ORIENTED_EDGE('',*,*,#4258,.F.);
#4258 = EDGE_CURVE('',#162,#4251,#4259,.T.);
#4259 = LINE('',#4260,#4261);
#4260 = CARTESIAN_POINT('',(-8.988972745734,6.4922,38.420285714286));
#4261 = VECTOR('',#4262,1.);
#4262 = DIRECTION('',(1.,0.,0.));
#4263 = PLANE('',#4264);
#4264 = AXIS2_PLACEMENT_3D('',#4265,#4266,#4267);
#4265 = CARTESIAN_POINT('',(-8.988972745734,6.469357142857,38.4318));
#4266 = DIRECTION('',(-0.,0.450115207469,0.892970492237));
#4267 = DIRECTION('',(0.,0.892970492237,-0.450115207469));
#4268 = ADVANCED_FACE('',(#4269),#4287,.T.);
#4269 = FACE_BOUND('',#4270,.T.);
#4270 = EDGE_LOOP('',(#4271,#4272,#4273,#4281));
#4271 = ORIENTED_EDGE('',*,*,#161,.T.);
#4272 = ORIENTED_EDGE('',*,*,#4258,.T.);
#4273 = ORIENTED_EDGE('',*,*,#4274,.T.);
#4274 = EDGE_CURVE('',#4251,#4275,#4277,.T.);
#4275 = VERTEX_POINT('',#4276);
#4276 = CARTESIAN_POINT('',(-8.388972745734,6.515042857143,
    38.408957142857));
#4277 = LINE('',#4278,#4279);
#4278 = CARTESIAN_POINT('',(-8.388972745734,6.4922,38.420285714286));
#4279 = VECTOR('',#4280,1.);
#4280 = DIRECTION('',(-0.,0.895879160097,-0.444297794845));
#4281 = ORIENTED_EDGE('',*,*,#4282,.F.);
#4282 = EDGE_CURVE('',#154,#4275,#4283,.T.);
#4283 = LINE('',#4284,#4285);
#4284 = CARTESIAN_POINT('',(-8.988972745734,6.515042857143,
    38.408957142857));
#4285 = VECTOR('',#4286,1.);
#4286 = DIRECTION('',(1.,0.,0.));
#4287 = PLANE('',#4288);
#4288 = AXIS2_PLACEMENT_3D('',#4289,#4290,#4291);
#4289 = CARTESIAN_POINT('',(-8.988972745734,6.4922,38.420285714286));
#4290 = DIRECTION('',(-0.,0.444297794845,0.895879160097));
#4291 = DIRECTION('',(0.,0.895879160097,-0.444297794845));
#4292 = ADVANCED_FACE('',(#4293),#4311,.T.);
#4293 = FACE_BOUND('',#4294,.T.);
#4294 = EDGE_LOOP('',(#4295,#4296,#4297,#4305));
#4295 = ORIENTED_EDGE('',*,*,#153,.T.);
#4296 = ORIENTED_EDGE('',*,*,#4282,.T.);
#4297 = ORIENTED_EDGE('',*,*,#4298,.T.);
#4298 = EDGE_CURVE('',#4275,#4299,#4301,.T.);
#4299 = VERTEX_POINT('',#4300);
#4300 = CARTESIAN_POINT('',(-8.388972745734,6.537885714286,38.4032));
#4301 = LINE('',#4302,#4303);
#4302 = CARTESIAN_POINT('',(-8.388972745734,6.515042857143,
    38.408957142857));
#4303 = VECTOR('',#4304,1.);
#4304 = DIRECTION('',(-0.,0.969676988372,-0.244390135281));
#4305 = ORIENTED_EDGE('',*,*,#4306,.F.);
#4306 = EDGE_CURVE('',#146,#4299,#4307,.T.);
#4307 = LINE('',#4308,#4309);
#4308 = CARTESIAN_POINT('',(-8.988972745734,6.537885714286,38.4032));
#4309 = VECTOR('',#4310,1.);
#4310 = DIRECTION('',(1.,0.,0.));
#4311 = PLANE('',#4312);
#4312 = AXIS2_PLACEMENT_3D('',#4313,#4314,#4315);
#4313 = CARTESIAN_POINT('',(-8.988972745734,6.515042857143,
    38.408957142857));
#4314 = DIRECTION('',(-0.,0.244390135281,0.969676988372));
#4315 = DIRECTION('',(0.,0.969676988372,-0.244390135281));
#4316 = ADVANCED_FACE('',(#4317),#4342,.T.);
#4317 = FACE_BOUND('',#4318,.T.);
#4318 = EDGE_LOOP('',(#4319,#4320,#4328,#4336));
#4319 = ORIENTED_EDGE('',*,*,#137,.T.);
#4320 = ORIENTED_EDGE('',*,*,#4321,.T.);
#4321 = EDGE_CURVE('',#138,#4322,#4324,.T.);
#4322 = VERTEX_POINT('',#4323);
#4323 = CARTESIAN_POINT('',(-8.388972745734,6.864,38.4032));
#4324 = LINE('',#4325,#4326);
#4325 = CARTESIAN_POINT('',(-8.988972745734,6.864,38.4032));
#4326 = VECTOR('',#4327,1.);
#4327 = DIRECTION('',(1.,0.,0.));
#4328 = ORIENTED_EDGE('',*,*,#4329,.T.);
#4329 = EDGE_CURVE('',#4322,#4330,#4332,.T.);
#4330 = VERTEX_POINT('',#4331);
#4331 = CARTESIAN_POINT('',(-8.388972745734,6.881828571429,
    38.408957142857));
#4332 = LINE('',#4333,#4334);
#4333 = CARTESIAN_POINT('',(-8.388972745734,6.864,38.4032));
#4334 = VECTOR('',#4335,1.);
#4335 = DIRECTION('',(0.,0.951615146191,0.307292390957));
#4336 = ORIENTED_EDGE('',*,*,#4337,.F.);
#4337 = EDGE_CURVE('',#130,#4330,#4338,.T.);
#4338 = LINE('',#4339,#4340);
#4339 = CARTESIAN_POINT('',(-8.988972745734,6.881828571429,
    38.408957142857));
#4340 = VECTOR('',#4341,1.);
#4341 = DIRECTION('',(1.,0.,0.));
#4342 = PLANE('',#4343);
#4343 = AXIS2_PLACEMENT_3D('',#4344,#4345,#4346);
#4344 = CARTESIAN_POINT('',(-8.988972745734,6.864,38.4032));
#4345 = DIRECTION('',(0.,-0.307292390957,0.951615146191));
#4346 = DIRECTION('',(0.,0.951615146191,0.307292390957));
#4347 = ADVANCED_FACE('',(#4348),#4366,.T.);
#4348 = FACE_BOUND('',#4349,.T.);
#4349 = EDGE_LOOP('',(#4350,#4351,#4352,#4360));
#4350 = ORIENTED_EDGE('',*,*,#129,.T.);
#4351 = ORIENTED_EDGE('',*,*,#4337,.T.);
#4352 = ORIENTED_EDGE('',*,*,#4353,.T.);
#4353 = EDGE_CURVE('',#4330,#4354,#4356,.T.);
#4354 = VERTEX_POINT('',#4355);
#4355 = CARTESIAN_POINT('',(-8.388972745734,6.899657142857,
    38.414528571429));
#4356 = LINE('',#4357,#4358);
#4357 = CARTESIAN_POINT('',(-8.388972745734,6.881828571429,
    38.408957142857));
#4358 = VECTOR('',#4359,1.);
#4359 = DIRECTION('',(0.,0.954479978035,0.298274993136));
#4360 = ORIENTED_EDGE('',*,*,#4361,.F.);
#4361 = EDGE_CURVE('',#122,#4354,#4362,.T.);
#4362 = LINE('',#4363,#4364);
#4363 = CARTESIAN_POINT('',(-8.988972745734,6.899657142857,
    38.414528571429));
#4364 = VECTOR('',#4365,1.);
#4365 = DIRECTION('',(1.,0.,0.));
#4366 = PLANE('',#4367);
#4367 = AXIS2_PLACEMENT_3D('',#4368,#4369,#4370);
#4368 = CARTESIAN_POINT('',(-8.988972745734,6.881828571429,
    38.408957142857));
#4369 = DIRECTION('',(0.,-0.298274993136,0.954479978035));
#4370 = DIRECTION('',(0.,0.954479978035,0.298274993136));
#4371 = ADVANCED_FACE('',(#4372),#4390,.T.);
#4372 = FACE_BOUND('',#4373,.T.);
#4373 = EDGE_LOOP('',(#4374,#4375,#4376,#4384));
#4374 = ORIENTED_EDGE('',*,*,#121,.T.);
#4375 = ORIENTED_EDGE('',*,*,#4361,.T.);
#4376 = ORIENTED_EDGE('',*,*,#4377,.T.);
#4377 = EDGE_CURVE('',#4354,#4378,#4380,.T.);
#4378 = VERTEX_POINT('',#4379);
#4379 = CARTESIAN_POINT('',(-8.388972745734,6.917485714286,
    38.426042857143));
#4380 = LINE('',#4381,#4382);
#4381 = CARTESIAN_POINT('',(-8.388972745734,6.899657142857,
    38.414528571429));
#4382 = VECTOR('',#4383,1.);
#4383 = DIRECTION('',(0.,0.840039377769,0.542525431476));
#4384 = ORIENTED_EDGE('',*,*,#4385,.F.);
#4385 = EDGE_CURVE('',#114,#4378,#4386,.T.);
#4386 = LINE('',#4387,#4388);
#4387 = CARTESIAN_POINT('',(-8.988972745734,6.917485714286,
    38.426042857143));
#4388 = VECTOR('',#4389,1.);
#4389 = DIRECTION('',(1.,0.,0.));
#4390 = PLANE('',#4391);
#4391 = AXIS2_PLACEMENT_3D('',#4392,#4393,#4394);
#4392 = CARTESIAN_POINT('',(-8.988972745734,6.899657142857,
    38.414528571429));
#4393 = DIRECTION('',(0.,-0.542525431476,0.840039377769));
#4394 = DIRECTION('',(0.,0.840039377769,0.542525431476));
#4395 = ADVANCED_FACE('',(#4396),#4414,.T.);
#4396 = FACE_BOUND('',#4397,.T.);
#4397 = EDGE_LOOP('',(#4398,#4399,#4400,#4408));
#4398 = ORIENTED_EDGE('',*,*,#113,.T.);
#4399 = ORIENTED_EDGE('',*,*,#4385,.T.);
#4400 = ORIENTED_EDGE('',*,*,#4401,.T.);
#4401 = EDGE_CURVE('',#4378,#4402,#4404,.T.);
#4402 = VERTEX_POINT('',#4403);
#4403 = CARTESIAN_POINT('',(-8.388972745734,6.9355,38.437371428571));
#4404 = LINE('',#4405,#4406);
#4405 = CARTESIAN_POINT('',(-8.388972745734,6.917485714286,
    38.426042857143));
#4406 = VECTOR('',#4407,1.);
#4407 = DIRECTION('',(0.,0.846524186767,0.532350261781));
#4408 = ORIENTED_EDGE('',*,*,#4409,.F.);
#4409 = EDGE_CURVE('',#106,#4402,#4410,.T.);
#4410 = LINE('',#4411,#4412);
#4411 = CARTESIAN_POINT('',(-8.988972745734,6.9355,38.437371428571));
#4412 = VECTOR('',#4413,1.);
#4413 = DIRECTION('',(1.,0.,0.));
#4414 = PLANE('',#4415);
#4415 = AXIS2_PLACEMENT_3D('',#4416,#4417,#4418);
#4416 = CARTESIAN_POINT('',(-8.988972745734,6.917485714286,
    38.426042857143));
#4417 = DIRECTION('',(0.,-0.532350261781,0.846524186767));
#4418 = DIRECTION('',(0.,0.846524186767,0.532350261781));
#4419 = ADVANCED_FACE('',(#4420),#4438,.T.);
#4420 = FACE_BOUND('',#4421,.T.);
#4421 = EDGE_LOOP('',(#4422,#4423,#4424,#4432));
#4422 = ORIENTED_EDGE('',*,*,#105,.T.);
#4423 = ORIENTED_EDGE('',*,*,#4409,.T.);
#4424 = ORIENTED_EDGE('',*,*,#4425,.T.);
#4425 = EDGE_CURVE('',#4402,#4426,#4428,.T.);
#4426 = VERTEX_POINT('',#4427);
#4427 = CARTESIAN_POINT('',(-8.388972745734,6.953328571429,
    38.454457142857));
#4428 = LINE('',#4429,#4430);
#4429 = CARTESIAN_POINT('',(-8.388972745734,6.9355,38.437371428571));
#4430 = VECTOR('',#4431,1.);
#4431 = DIRECTION('',(0.,0.721988205115,0.691905363236));
#4432 = ORIENTED_EDGE('',*,*,#4433,.F.);
#4433 = EDGE_CURVE('',#98,#4426,#4434,.T.);
#4434 = LINE('',#4435,#4436);
#4435 = CARTESIAN_POINT('',(-8.988972745734,6.953328571429,
    38.454457142857));
#4436 = VECTOR('',#4437,1.);
#4437 = DIRECTION('',(1.,0.,0.));
#4438 = PLANE('',#4439);
#4439 = AXIS2_PLACEMENT_3D('',#4440,#4441,#4442);
#4440 = CARTESIAN_POINT('',(-8.988972745734,6.9355,38.437371428571));
#4441 = DIRECTION('',(0.,-0.691905363236,0.721988205115));
#4442 = DIRECTION('',(0.,0.721988205115,0.691905363236));
#4443 = ADVANCED_FACE('',(#4444),#4462,.T.);
#4444 = FACE_BOUND('',#4445,.T.);
#4445 = EDGE_LOOP('',(#4446,#4447,#4448,#4456));
#4446 = ORIENTED_EDGE('',*,*,#97,.T.);
#4447 = ORIENTED_EDGE('',*,*,#4433,.T.);
#4448 = ORIENTED_EDGE('',*,*,#4449,.T.);
#4449 = EDGE_CURVE('',#4426,#4450,#4452,.T.);
#4450 = VERTEX_POINT('',#4451);
#4451 = CARTESIAN_POINT('',(-8.388972745734,6.965028571429,
    38.471728571429));
#4452 = LINE('',#4453,#4454);
#4453 = CARTESIAN_POINT('',(-8.388972745734,6.953328571429,
    38.454457142857));
#4454 = VECTOR('',#4455,1.);
#4455 = DIRECTION('',(0.,0.56084814517,0.827918690488));
#4456 = ORIENTED_EDGE('',*,*,#4457,.F.);
#4457 = EDGE_CURVE('',#90,#4450,#4458,.T.);
#4458 = LINE('',#4459,#4460);
#4459 = CARTESIAN_POINT('',(-8.988972745734,6.965028571429,
    38.471728571429));
#4460 = VECTOR('',#4461,1.);
#4461 = DIRECTION('',(1.,0.,0.));
#4462 = PLANE('',#4463);
#4463 = AXIS2_PLACEMENT_3D('',#4464,#4465,#4466);
#4464 = CARTESIAN_POINT('',(-8.988972745734,6.953328571429,
    38.454457142857));
#4465 = DIRECTION('',(0.,-0.827918690488,0.56084814517));
#4466 = DIRECTION('',(0.,0.56084814517,0.827918690488));
#4467 = ADVANCED_FACE('',(#4468),#4486,.T.);
#4468 = FACE_BOUND('',#4469,.T.);
#4469 = EDGE_LOOP('',(#4470,#4471,#4472,#4480));
#4470 = ORIENTED_EDGE('',*,*,#89,.T.);
#4471 = ORIENTED_EDGE('',*,*,#4457,.T.);
#4472 = ORIENTED_EDGE('',*,*,#4473,.T.);
#4473 = EDGE_CURVE('',#4450,#4474,#4476,.T.);
#4474 = VERTEX_POINT('',#4475);
#4475 = CARTESIAN_POINT('',(-8.388972745734,6.9771,38.488814285714));
#4476 = LINE('',#4477,#4478);
#4477 = CARTESIAN_POINT('',(-8.388972745734,6.965028571429,
    38.471728571429));
#4478 = VECTOR('',#4479,1.);
#4479 = DIRECTION('',(0.,0.577031680865,0.816721763686));
#4480 = ORIENTED_EDGE('',*,*,#4481,.F.);
#4481 = EDGE_CURVE('',#82,#4474,#4482,.T.);
#4482 = LINE('',#4483,#4484);
#4483 = CARTESIAN_POINT('',(-8.988972745734,6.9771,38.488814285714));
#4484 = VECTOR('',#4485,1.);
#4485 = DIRECTION('',(1.,0.,0.));
#4486 = PLANE('',#4487);
#4487 = AXIS2_PLACEMENT_3D('',#4488,#4489,#4490);
#4488 = CARTESIAN_POINT('',(-8.988972745734,6.965028571429,
    38.471728571429));
#4489 = DIRECTION('',(0.,-0.816721763686,0.577031680865));
#4490 = DIRECTION('',(0.,0.577031680865,0.816721763686));
#4491 = ADVANCED_FACE('',(#4492),#4510,.T.);
#4492 = FACE_BOUND('',#4493,.T.);
#4493 = EDGE_LOOP('',(#4494,#4495,#4496,#4504));
#4494 = ORIENTED_EDGE('',*,*,#81,.T.);
#4495 = ORIENTED_EDGE('',*,*,#4481,.T.);
#4496 = ORIENTED_EDGE('',*,*,#4497,.T.);
#4497 = EDGE_CURVE('',#4474,#4498,#4500,.T.);
#4498 = VERTEX_POINT('',#4499);
#4499 = CARTESIAN_POINT('',(-8.388972745734,6.982857142857,38.5059));
#4500 = LINE('',#4501,#4502);
#4501 = CARTESIAN_POINT('',(-8.388972745734,6.9771,38.488814285714));
#4502 = VECTOR('',#4503,1.);
#4503 = DIRECTION('',(0.,0.319316245627,0.947648212829));
#4504 = ORIENTED_EDGE('',*,*,#4505,.F.);
#4505 = EDGE_CURVE('',#74,#4498,#4506,.T.);
#4506 = LINE('',#4507,#4508);
#4507 = CARTESIAN_POINT('',(-8.988972745734,6.982857142857,38.5059));
#4508 = VECTOR('',#4509,1.);
#4509 = DIRECTION('',(1.,0.,0.));
#4510 = PLANE('',#4511);
#4511 = AXIS2_PLACEMENT_3D('',#4512,#4513,#4514);
#4512 = CARTESIAN_POINT('',(-8.988972745734,6.9771,38.488814285714));
#4513 = DIRECTION('',(0.,-0.947648212829,0.319316245627));
#4514 = DIRECTION('',(0.,0.319316245627,0.947648212829));
#4515 = ADVANCED_FACE('',(#4516),#4541,.T.);
#4516 = FACE_BOUND('',#4517,.T.);
#4517 = EDGE_LOOP('',(#4518,#4519,#4527,#4535));
#4518 = ORIENTED_EDGE('',*,*,#457,.T.);
#4519 = ORIENTED_EDGE('',*,*,#4520,.T.);
#4520 = EDGE_CURVE('',#460,#4521,#4523,.T.);
#4521 = VERTEX_POINT('',#4522);
#4522 = CARTESIAN_POINT('',(-8.388972745734,4.866271428571,
    41.826285714286));
#4523 = LINE('',#4524,#4525);
#4524 = CARTESIAN_POINT('',(-8.988972745734,4.866271428571,
    41.826285714286));
#4525 = VECTOR('',#4526,1.);
#4526 = DIRECTION('',(1.,0.,0.));
#4527 = ORIENTED_EDGE('',*,*,#4528,.T.);
#4528 = EDGE_CURVE('',#4521,#4529,#4531,.T.);
#4529 = VERTEX_POINT('',#4530);
#4530 = CARTESIAN_POINT('',(-8.388972745734,4.900442857143,
    41.832042857143));
#4531 = LINE('',#4532,#4533);
#4532 = CARTESIAN_POINT('',(-8.388972745734,4.866271428571,
    41.826285714286));
#4533 = VECTOR('',#4534,1.);
#4534 = DIRECTION('',(0.,0.98610270304,0.166136868447));
#4535 = ORIENTED_EDGE('',*,*,#4536,.F.);
#4536 = EDGE_CURVE('',#458,#4529,#4537,.T.);
#4537 = LINE('',#4538,#4539);
#4538 = CARTESIAN_POINT('',(-8.988972745734,4.900442857143,
    41.832042857143));
#4539 = VECTOR('',#4540,1.);
#4540 = DIRECTION('',(1.,0.,0.));
#4541 = PLANE('',#4542);
#4542 = AXIS2_PLACEMENT_3D('',#4543,#4544,#4545);
#4543 = CARTESIAN_POINT('',(-8.988972745734,4.866271428571,
    41.826285714286));
#4544 = DIRECTION('',(0.,-0.166136868447,0.98610270304));
#4545 = DIRECTION('',(0.,0.98610270304,0.166136868447));
#4546 = ADVANCED_FACE('',(#4547),#4565,.T.);
#4547 = FACE_BOUND('',#4548,.T.);
#4548 = EDGE_LOOP('',(#4549,#4550,#4551,#4559));
#4549 = ORIENTED_EDGE('',*,*,#1115,.T.);
#4550 = ORIENTED_EDGE('',*,*,#4536,.T.);
#4551 = ORIENTED_EDGE('',*,*,#4552,.T.);
#4552 = EDGE_CURVE('',#4529,#4553,#4555,.T.);
#4553 = VERTEX_POINT('',#4554);
#4554 = CARTESIAN_POINT('',(-8.388972745734,4.940371428571,
    41.843371428571));
#4555 = LINE('',#4556,#4557);
#4556 = CARTESIAN_POINT('',(-8.388972745734,4.900442857143,
    41.832042857143));
#4557 = VECTOR('',#4558,1.);
#4558 = DIRECTION('',(0.,0.962028866252,0.272947724844));
#4559 = ORIENTED_EDGE('',*,*,#4560,.F.);
#4560 = EDGE_CURVE('',#1108,#4553,#4561,.T.);
#4561 = LINE('',#4562,#4563);
#4562 = CARTESIAN_POINT('',(-8.988972745734,4.940371428571,
    41.843371428571));
#4563 = VECTOR('',#4564,1.);
#4564 = DIRECTION('',(1.,0.,0.));
#4565 = PLANE('',#4566);
#4566 = AXIS2_PLACEMENT_3D('',#4567,#4568,#4569);
#4567 = CARTESIAN_POINT('',(-8.988972745734,4.900442857143,
    41.832042857143));
#4568 = DIRECTION('',(0.,-0.272947724844,0.962028866252));
#4569 = DIRECTION('',(0.,0.962028866252,0.272947724844));
#4570 = ADVANCED_FACE('',(#4571),#4589,.T.);
#4571 = FACE_BOUND('',#4572,.T.);
#4572 = EDGE_LOOP('',(#4573,#4574,#4575,#4583));
#4573 = ORIENTED_EDGE('',*,*,#1107,.T.);
#4574 = ORIENTED_EDGE('',*,*,#4560,.T.);
#4575 = ORIENTED_EDGE('',*,*,#4576,.T.);
#4576 = EDGE_CURVE('',#4553,#4577,#4579,.T.);
#4577 = VERTEX_POINT('',#4578);
#4578 = CARTESIAN_POINT('',(-8.388972745734,4.968971428571,
    41.854885714286));
#4579 = LINE('',#4580,#4581);
#4580 = CARTESIAN_POINT('',(-8.388972745734,4.940371428571,
    41.843371428571));
#4581 = VECTOR('',#4582,1.);
#4582 = DIRECTION('',(0.,0.927643517938,0.373466870858));
#4583 = ORIENTED_EDGE('',*,*,#4584,.F.);
#4584 = EDGE_CURVE('',#1100,#4577,#4585,.T.);
#4585 = LINE('',#4586,#4587);
#4586 = CARTESIAN_POINT('',(-8.988972745734,4.968971428571,
    41.854885714286));
#4587 = VECTOR('',#4588,1.);
#4588 = DIRECTION('',(1.,0.,0.));
#4589 = PLANE('',#4590);
#4590 = AXIS2_PLACEMENT_3D('',#4591,#4592,#4593);
#4591 = CARTESIAN_POINT('',(-8.988972745734,4.940371428571,
    41.843371428571));
#4592 = DIRECTION('',(0.,-0.373466870858,0.927643517938));
#4593 = DIRECTION('',(0.,0.927643517938,0.373466870858));
#4594 = ADVANCED_FACE('',(#4595),#4613,.T.);
#4595 = FACE_BOUND('',#4596,.T.);
#4596 = EDGE_LOOP('',(#4597,#4598,#4599,#4607));
#4597 = ORIENTED_EDGE('',*,*,#1099,.T.);
#4598 = ORIENTED_EDGE('',*,*,#4584,.T.);
#4599 = ORIENTED_EDGE('',*,*,#4600,.T.);
#4600 = EDGE_CURVE('',#4577,#4601,#4603,.T.);
#4601 = VERTEX_POINT('',#4602);
#4602 = CARTESIAN_POINT('',(-8.388972745734,5.003142857143,
    41.871971428571));
#4603 = LINE('',#4604,#4605);
#4604 = CARTESIAN_POINT('',(-8.388972745734,4.968971428571,
    41.854885714286));
#4605 = VECTOR('',#4606,1.);
#4606 = DIRECTION('',(0.,0.894427191,0.4472135955));
#4607 = ORIENTED_EDGE('',*,*,#4608,.F.);
#4608 = EDGE_CURVE('',#1092,#4601,#4609,.T.);
#4609 = LINE('',#4610,#4611);
#4610 = CARTESIAN_POINT('',(-8.988972745734,5.003142857143,
    41.871971428571));
#4611 = VECTOR('',#4612,1.);
#4612 = DIRECTION('',(1.,0.,0.));
#4613 = PLANE('',#4614);
#4614 = AXIS2_PLACEMENT_3D('',#4615,#4616,#4617);
#4615 = CARTESIAN_POINT('',(-8.988972745734,4.968971428571,
    41.854885714286));
#4616 = DIRECTION('',(0.,-0.4472135955,0.894427191));
#4617 = DIRECTION('',(0.,0.894427191,0.4472135955));
#4618 = ADVANCED_FACE('',(#4619),#4637,.T.);
#4619 = FACE_BOUND('',#4620,.T.);
#4620 = EDGE_LOOP('',(#4621,#4622,#4623,#4631));
#4621 = ORIENTED_EDGE('',*,*,#1091,.T.);
#4622 = ORIENTED_EDGE('',*,*,#4608,.T.);
#4623 = ORIENTED_EDGE('',*,*,#4624,.T.);
#4624 = EDGE_CURVE('',#4601,#4625,#4627,.T.);
#4625 = VERTEX_POINT('',#4626);
#4626 = CARTESIAN_POINT('',(-8.388972745734,5.020228571429,
    41.889057142857));
#4627 = LINE('',#4628,#4629);
#4628 = CARTESIAN_POINT('',(-8.388972745734,5.003142857143,
    41.871971428571));
#4629 = VECTOR('',#4630,1.);
#4630 = DIRECTION('',(0.,0.707106781187,0.707106781187));
#4631 = ORIENTED_EDGE('',*,*,#4632,.F.);
#4632 = EDGE_CURVE('',#1084,#4625,#4633,.T.);
#4633 = LINE('',#4634,#4635);
#4634 = CARTESIAN_POINT('',(-8.988972745734,5.020228571429,
    41.889057142857));
#4635 = VECTOR('',#4636,1.);
#4636 = DIRECTION('',(1.,0.,0.));
#4637 = PLANE('',#4638);
#4638 = AXIS2_PLACEMENT_3D('',#4639,#4640,#4641);
#4639 = CARTESIAN_POINT('',(-8.988972745734,5.003142857143,
    41.871971428571));
#4640 = DIRECTION('',(0.,-0.707106781187,0.707106781187));
#4641 = DIRECTION('',(0.,0.707106781187,0.707106781187));
#4642 = ADVANCED_FACE('',(#4643),#4661,.T.);
#4643 = FACE_BOUND('',#4644,.T.);
#4644 = EDGE_LOOP('',(#4645,#4646,#4647,#4655));
#4645 = ORIENTED_EDGE('',*,*,#1083,.T.);
#4646 = ORIENTED_EDGE('',*,*,#4632,.T.);
#4647 = ORIENTED_EDGE('',*,*,#4648,.T.);
#4648 = EDGE_CURVE('',#4625,#4649,#4651,.T.);
#4649 = VERTEX_POINT('',#4650);
#4650 = CARTESIAN_POINT('',(-8.388972745734,5.043071428571,
    41.906142857143));
#4651 = LINE('',#4652,#4653);
#4652 = CARTESIAN_POINT('',(-8.388972745734,5.020228571429,
    41.889057142857));
#4653 = VECTOR('',#4654,1.);
#4654 = DIRECTION('',(0.,0.80078057117,0.598957825591));
#4655 = ORIENTED_EDGE('',*,*,#4656,.F.);
#4656 = EDGE_CURVE('',#1076,#4649,#4657,.T.);
#4657 = LINE('',#4658,#4659);
#4658 = CARTESIAN_POINT('',(-8.988972745734,5.043071428571,
    41.906142857143));
#4659 = VECTOR('',#4660,1.);
#4660 = DIRECTION('',(1.,0.,0.));
#4661 = PLANE('',#4662);
#4662 = AXIS2_PLACEMENT_3D('',#4663,#4664,#4665);
#4663 = CARTESIAN_POINT('',(-8.988972745734,5.020228571429,
    41.889057142857));
#4664 = DIRECTION('',(0.,-0.598957825591,0.80078057117));
#4665 = DIRECTION('',(0.,0.80078057117,0.598957825591));
#4666 = ADVANCED_FACE('',(#4667),#4685,.T.);
#4667 = FACE_BOUND('',#4668,.T.);
#4668 = EDGE_LOOP('',(#4669,#4670,#4671,#4679));
#4669 = ORIENTED_EDGE('',*,*,#1075,.T.);
#4670 = ORIENTED_EDGE('',*,*,#4656,.T.);
#4671 = ORIENTED_EDGE('',*,*,#4672,.T.);
#4672 = EDGE_CURVE('',#4649,#4673,#4675,.T.);
#4673 = VERTEX_POINT('',#4674);
#4674 = CARTESIAN_POINT('',(-8.388972745734,5.060157142857,
    41.928985714286));
#4675 = LINE('',#4676,#4677);
#4676 = CARTESIAN_POINT('',(-8.388972745734,5.043071428571,
    41.906142857143));
#4677 = VECTOR('',#4678,1.);
#4678 = DIRECTION('',(0.,0.598957825591,0.80078057117));
#4679 = ORIENTED_EDGE('',*,*,#4680,.F.);
#4680 = EDGE_CURVE('',#1068,#4673,#4681,.T.);
#4681 = LINE('',#4682,#4683);
#4682 = CARTESIAN_POINT('',(-8.988972745734,5.060157142857,
    41.928985714286));
#4683 = VECTOR('',#4684,1.);
#4684 = DIRECTION('',(1.,0.,0.));
#4685 = PLANE('',#4686);
#4686 = AXIS2_PLACEMENT_3D('',#4687,#4688,#4689);
#4687 = CARTESIAN_POINT('',(-8.988972745734,5.043071428571,
    41.906142857143));
#4688 = DIRECTION('',(0.,-0.80078057117,0.598957825591));
#4689 = DIRECTION('',(0.,0.598957825591,0.80078057117));
#4690 = ADVANCED_FACE('',(#4691),#4709,.T.);
#4691 = FACE_BOUND('',#4692,.T.);
#4692 = EDGE_LOOP('',(#4693,#4694,#4695,#4703));
#4693 = ORIENTED_EDGE('',*,*,#1067,.T.);
#4694 = ORIENTED_EDGE('',*,*,#4680,.T.);
#4695 = ORIENTED_EDGE('',*,*,#4696,.T.);
#4696 = EDGE_CURVE('',#4673,#4697,#4699,.T.);
#4697 = VERTEX_POINT('',#4698);
#4698 = CARTESIAN_POINT('',(-8.388972745734,5.077428571429,
    41.951828571429));
#4699 = LINE('',#4700,#4701);
#4700 = CARTESIAN_POINT('',(-8.388972745734,5.060157142857,
    41.928985714286));
#4701 = VECTOR('',#4702,1.);
#4702 = DIRECTION('',(0.,0.603108274872,0.797659331282));
#4703 = ORIENTED_EDGE('',*,*,#4704,.F.);
#4704 = EDGE_CURVE('',#1060,#4697,#4705,.T.);
#4705 = LINE('',#4706,#4707);
#4706 = CARTESIAN_POINT('',(-8.988972745734,5.077428571429,
    41.951828571429));
#4707 = VECTOR('',#4708,1.);
#4708 = DIRECTION('',(1.,0.,0.));
#4709 = PLANE('',#4710);
#4710 = AXIS2_PLACEMENT_3D('',#4711,#4712,#4713);
#4711 = CARTESIAN_POINT('',(-8.988972745734,5.060157142857,
    41.928985714286));
#4712 = DIRECTION('',(0.,-0.797659331282,0.603108274872));
#4713 = DIRECTION('',(0.,0.603108274872,0.797659331282));
#4714 = ADVANCED_FACE('',(#4715),#4733,.T.);
#4715 = FACE_BOUND('',#4716,.T.);
#4716 = EDGE_LOOP('',(#4717,#4718,#4719,#4727));
#4717 = ORIENTED_EDGE('',*,*,#1059,.T.);
#4718 = ORIENTED_EDGE('',*,*,#4704,.T.);
#4719 = ORIENTED_EDGE('',*,*,#4720,.T.);
#4720 = EDGE_CURVE('',#4697,#4721,#4723,.T.);
#4721 = VERTEX_POINT('',#4722);
#4722 = CARTESIAN_POINT('',(-8.388972745734,5.094514285714,
    41.974671428571));
#4723 = LINE('',#4724,#4725);
#4724 = CARTESIAN_POINT('',(-8.388972745734,5.077428571429,
    41.951828571429));
#4725 = VECTOR('',#4726,1.);
#4726 = DIRECTION('',(0.,0.598957825591,0.80078057117));
#4727 = ORIENTED_EDGE('',*,*,#4728,.F.);
#4728 = EDGE_CURVE('',#1052,#4721,#4729,.T.);
#4729 = LINE('',#4730,#4731);
#4730 = CARTESIAN_POINT('',(-8.988972745734,5.094514285714,
    41.974671428571));
#4731 = VECTOR('',#4732,1.);
#4732 = DIRECTION('',(1.,0.,0.));
#4733 = PLANE('',#4734);
#4734 = AXIS2_PLACEMENT_3D('',#4735,#4736,#4737);
#4735 = CARTESIAN_POINT('',(-8.988972745734,5.077428571429,
    41.951828571429));
#4736 = DIRECTION('',(0.,-0.80078057117,0.598957825591));
#4737 = DIRECTION('',(0.,0.598957825591,0.80078057117));
#4738 = ADVANCED_FACE('',(#4739),#4757,.T.);
#4739 = FACE_BOUND('',#4740,.T.);
#4740 = EDGE_LOOP('',(#4741,#4742,#4743,#4751));
#4741 = ORIENTED_EDGE('',*,*,#1051,.T.);
#4742 = ORIENTED_EDGE('',*,*,#4728,.T.);
#4743 = ORIENTED_EDGE('',*,*,#4744,.T.);
#4744 = EDGE_CURVE('',#4721,#4745,#4747,.T.);
#4745 = VERTEX_POINT('',#4746);
#4746 = CARTESIAN_POINT('',(-8.388972745734,5.105842857143,
    42.003085714286));
#4747 = LINE('',#4748,#4749);
#4748 = CARTESIAN_POINT('',(-8.388972745734,5.094514285714,
    41.974671428571));
#4749 = VECTOR('',#4750,1.);
#4750 = DIRECTION('',(0.,0.370343680353,0.92889480482));
#4751 = ORIENTED_EDGE('',*,*,#4752,.F.);
#4752 = EDGE_CURVE('',#1044,#4745,#4753,.T.);
#4753 = LINE('',#4754,#4755);
#4754 = CARTESIAN_POINT('',(-8.988972745734,5.105842857143,
    42.003085714286));
#4755 = VECTOR('',#4756,1.);
#4756 = DIRECTION('',(1.,0.,0.));
#4757 = PLANE('',#4758);
#4758 = AXIS2_PLACEMENT_3D('',#4759,#4760,#4761);
#4759 = CARTESIAN_POINT('',(-8.988972745734,5.094514285714,
    41.974671428571));
#4760 = DIRECTION('',(0.,-0.92889480482,0.370343680353));
#4761 = DIRECTION('',(0.,0.370343680353,0.92889480482));
#4762 = ADVANCED_FACE('',(#4763),#4781,.T.);
#4763 = FACE_BOUND('',#4764,.T.);
#4764 = EDGE_LOOP('',(#4765,#4766,#4767,#4775));
#4765 = ORIENTED_EDGE('',*,*,#1043,.T.);
#4766 = ORIENTED_EDGE('',*,*,#4752,.T.);
#4767 = ORIENTED_EDGE('',*,*,#4768,.T.);
#4768 = EDGE_CURVE('',#4745,#4769,#4771,.T.);
#4769 = VERTEX_POINT('',#4770);
#4770 = CARTESIAN_POINT('',(-8.388972745734,5.117357142857,
    42.025928571429));
#4771 = LINE('',#4772,#4773);
#4772 = CARTESIAN_POINT('',(-8.388972745734,5.105842857143,
    42.003085714286));
#4773 = VECTOR('',#4774,1.);
#4774 = DIRECTION('',(0.,0.450115207469,0.892970492237));
#4775 = ORIENTED_EDGE('',*,*,#4776,.F.);
#4776 = EDGE_CURVE('',#1036,#4769,#4777,.T.);
#4777 = LINE('',#4778,#4779);
#4778 = CARTESIAN_POINT('',(-8.988972745734,5.117357142857,
    42.025928571429));
#4779 = VECTOR('',#4780,1.);
#4780 = DIRECTION('',(1.,0.,0.));
#4781 = PLANE('',#4782);
#4782 = AXIS2_PLACEMENT_3D('',#4783,#4784,#4785);
#4783 = CARTESIAN_POINT('',(-8.988972745734,5.105842857143,
    42.003085714286));
#4784 = DIRECTION('',(0.,-0.892970492237,0.450115207469));
#4785 = DIRECTION('',(0.,0.450115207469,0.892970492237));
#4786 = ADVANCED_FACE('',(#4787),#4805,.T.);
#4787 = FACE_BOUND('',#4788,.T.);
#4788 = EDGE_LOOP('',(#4789,#4790,#4791,#4799));
#4789 = ORIENTED_EDGE('',*,*,#1035,.T.);
#4790 = ORIENTED_EDGE('',*,*,#4776,.T.);
#4791 = ORIENTED_EDGE('',*,*,#4792,.T.);
#4792 = EDGE_CURVE('',#4769,#4793,#4795,.T.);
#4793 = VERTEX_POINT('',#4794);
#4794 = CARTESIAN_POINT('',(-8.388972745734,5.122928571429,
    42.054528571429));
#4795 = LINE('',#4796,#4797);
#4796 = CARTESIAN_POINT('',(-8.388972745734,5.117357142857,
    42.025928571429));
#4797 = VECTOR('',#4798,1.);
#4798 = DIRECTION('',(0.,0.191210841639,0.981548987081));
#4799 = ORIENTED_EDGE('',*,*,#4800,.F.);
#4800 = EDGE_CURVE('',#1028,#4793,#4801,.T.);
#4801 = LINE('',#4802,#4803);
#4802 = CARTESIAN_POINT('',(-8.988972745734,5.122928571429,
    42.054528571429));
#4803 = VECTOR('',#4804,1.);
#4804 = DIRECTION('',(1.,0.,0.));
#4805 = PLANE('',#4806);
#4806 = AXIS2_PLACEMENT_3D('',#4807,#4808,#4809);
#4807 = CARTESIAN_POINT('',(-8.988972745734,5.117357142857,
    42.025928571429));
#4808 = DIRECTION('',(0.,-0.981548987081,0.191210841639));
#4809 = DIRECTION('',(0.,0.191210841639,0.981548987081));
#4810 = ADVANCED_FACE('',(#4811),#4829,.T.);
#4811 = FACE_BOUND('',#4812,.T.);
#4812 = EDGE_LOOP('',(#4813,#4814,#4815,#4823));
#4813 = ORIENTED_EDGE('',*,*,#1027,.T.);
#4814 = ORIENTED_EDGE('',*,*,#4800,.T.);
#4815 = ORIENTED_EDGE('',*,*,#4816,.T.);
#4816 = EDGE_CURVE('',#4793,#4817,#4819,.T.);
#4817 = VERTEX_POINT('',#4818);
#4818 = CARTESIAN_POINT('',(-8.388972745734,5.128685714286,
    42.082942857143));
#4819 = LINE('',#4820,#4821);
#4820 = CARTESIAN_POINT('',(-8.388972745734,5.122928571429,
    42.054528571429));
#4821 = VECTOR('',#4822,1.);
#4822 = DIRECTION('',(0.,0.198579278868,0.980084827963));
#4823 = ORIENTED_EDGE('',*,*,#4824,.F.);
#4824 = EDGE_CURVE('',#1020,#4817,#4825,.T.);
#4825 = LINE('',#4826,#4827);
#4826 = CARTESIAN_POINT('',(-8.988972745734,5.128685714286,
    42.082942857143));
#4827 = VECTOR('',#4828,1.);
#4828 = DIRECTION('',(1.,0.,0.));
#4829 = PLANE('',#4830);
#4830 = AXIS2_PLACEMENT_3D('',#4831,#4832,#4833);
#4831 = CARTESIAN_POINT('',(-8.988972745734,5.122928571429,
    42.054528571429));
#4832 = DIRECTION('',(0.,-0.980084827963,0.198579278868));
#4833 = DIRECTION('',(0.,0.198579278868,0.980084827963));
#4834 = ADVANCED_FACE('',(#4835),#4860,.T.);
#4835 = FACE_BOUND('',#4836,.T.);
#4836 = EDGE_LOOP('',(#4837,#4838,#4846,#4854));
#4837 = ORIENTED_EDGE('',*,*,#1011,.T.);
#4838 = ORIENTED_EDGE('',*,*,#4839,.T.);
#4839 = EDGE_CURVE('',#1012,#4840,#4842,.T.);
#4840 = VERTEX_POINT('',#4841);
#4841 = CARTESIAN_POINT('',(-8.388972745734,5.128685714286,
    42.140142857143));
#4842 = LINE('',#4843,#4844);
#4843 = CARTESIAN_POINT('',(-8.988972745734,5.128685714286,
    42.140142857143));
#4844 = VECTOR('',#4845,1.);
#4845 = DIRECTION('',(1.,0.,0.));
#4846 = ORIENTED_EDGE('',*,*,#4847,.T.);
#4847 = EDGE_CURVE('',#4840,#4848,#4850,.T.);
#4848 = VERTEX_POINT('',#4849);
#4849 = CARTESIAN_POINT('',(-8.388972745734,5.122928571429,42.1628));
#4850 = LINE('',#4851,#4852);
#4851 = CARTESIAN_POINT('',(-8.388972745734,5.128685714286,
    42.140142857143));
#4852 = VECTOR('',#4853,1.);
#4853 = DIRECTION('',(0.,-0.246272303221,0.96920067719));
#4854 = ORIENTED_EDGE('',*,*,#4855,.F.);
#4855 = EDGE_CURVE('',#1004,#4848,#4856,.T.);
#4856 = LINE('',#4857,#4858);
#4857 = CARTESIAN_POINT('',(-8.988972745734,5.122928571429,42.1628));
#4858 = VECTOR('',#4859,1.);
#4859 = DIRECTION('',(1.,0.,0.));
#4860 = PLANE('',#4861);
#4861 = AXIS2_PLACEMENT_3D('',#4862,#4863,#4864);
#4862 = CARTESIAN_POINT('',(-8.988972745734,5.128685714286,
    42.140142857143));
#4863 = DIRECTION('',(0.,-0.96920067719,-0.246272303221));
#4864 = DIRECTION('',(0.,-0.246272303221,0.96920067719));
#4865 = ADVANCED_FACE('',(#4866),#4884,.T.);
#4866 = FACE_BOUND('',#4867,.T.);
#4867 = EDGE_LOOP('',(#4868,#4869,#4870,#4878));
#4868 = ORIENTED_EDGE('',*,*,#1003,.T.);
#4869 = ORIENTED_EDGE('',*,*,#4855,.T.);
#4870 = ORIENTED_EDGE('',*,*,#4871,.T.);
#4871 = EDGE_CURVE('',#4848,#4872,#4874,.T.);
#4872 = VERTEX_POINT('',#4873);
#4873 = CARTESIAN_POINT('',(-8.388972745734,5.117357142857,42.1914));
#4874 = LINE('',#4875,#4876);
#4875 = CARTESIAN_POINT('',(-8.388972745734,5.122928571429,42.1628));
#4876 = VECTOR('',#4877,1.);
#4877 = DIRECTION('',(0.,-0.191210841639,0.981548987081));
#4878 = ORIENTED_EDGE('',*,*,#4879,.F.);
#4879 = EDGE_CURVE('',#996,#4872,#4880,.T.);
#4880 = LINE('',#4881,#4882);
#4881 = CARTESIAN_POINT('',(-8.988972745734,5.117357142857,42.1914));
#4882 = VECTOR('',#4883,1.);
#4883 = DIRECTION('',(1.,0.,0.));
#4884 = PLANE('',#4885);
#4885 = AXIS2_PLACEMENT_3D('',#4886,#4887,#4888);
#4886 = CARTESIAN_POINT('',(-8.988972745734,5.122928571429,42.1628));
#4887 = DIRECTION('',(0.,-0.981548987081,-0.191210841639));
#4888 = DIRECTION('',(0.,-0.191210841639,0.981548987081));
#4889 = ADVANCED_FACE('',(#4890),#4908,.T.);
#4890 = FACE_BOUND('',#4891,.T.);
#4891 = EDGE_LOOP('',(#4892,#4893,#4894,#4902));
#4892 = ORIENTED_EDGE('',*,*,#995,.T.);
#4893 = ORIENTED_EDGE('',*,*,#4879,.T.);
#4894 = ORIENTED_EDGE('',*,*,#4895,.T.);
#4895 = EDGE_CURVE('',#4872,#4896,#4898,.T.);
#4896 = VERTEX_POINT('',#4897);
#4897 = CARTESIAN_POINT('',(-8.388972745734,5.105842857143,42.22));
#4898 = LINE('',#4899,#4900);
#4899 = CARTESIAN_POINT('',(-8.388972745734,5.117357142857,42.1914));
#4900 = VECTOR('',#4901,1.);
#4901 = DIRECTION('',(0.,-0.373466870858,0.927643517938));
#4902 = ORIENTED_EDGE('',*,*,#4903,.F.);
#4903 = EDGE_CURVE('',#988,#4896,#4904,.T.);
#4904 = LINE('',#4905,#4906);
#4905 = CARTESIAN_POINT('',(-8.988972745734,5.105842857143,42.22));
#4906 = VECTOR('',#4907,1.);
#4907 = DIRECTION('',(1.,0.,0.));
#4908 = PLANE('',#4909);
#4909 = AXIS2_PLACEMENT_3D('',#4910,#4911,#4912);
#4910 = CARTESIAN_POINT('',(-8.988972745734,5.117357142857,42.1914));
#4911 = DIRECTION('',(0.,-0.927643517938,-0.373466870858));
#4912 = DIRECTION('',(0.,-0.373466870858,0.927643517938));
#4913 = ADVANCED_FACE('',(#4914),#4932,.T.);
#4914 = FACE_BOUND('',#4915,.T.);
#4915 = EDGE_LOOP('',(#4916,#4917,#4918,#4926));
#4916 = ORIENTED_EDGE('',*,*,#987,.T.);
#4917 = ORIENTED_EDGE('',*,*,#4903,.T.);
#4918 = ORIENTED_EDGE('',*,*,#4919,.T.);
#4919 = EDGE_CURVE('',#4896,#4920,#4922,.T.);
#4920 = VERTEX_POINT('',#4921);
#4921 = CARTESIAN_POINT('',(-8.388972745734,5.094514285714,
    42.242842857143));
#4922 = LINE('',#4923,#4924);
#4923 = CARTESIAN_POINT('',(-8.388972745734,5.105842857143,42.22));
#4924 = VECTOR('',#4925,1.);
#4925 = DIRECTION('',(0.,-0.444297794845,0.895879160097));
#4926 = ORIENTED_EDGE('',*,*,#4927,.F.);
#4927 = EDGE_CURVE('',#980,#4920,#4928,.T.);
#4928 = LINE('',#4929,#4930);
#4929 = CARTESIAN_POINT('',(-8.988972745734,5.094514285714,
    42.242842857143));
#4930 = VECTOR('',#4931,1.);
#4931 = DIRECTION('',(1.,0.,0.));
#4932 = PLANE('',#4933);
#4933 = AXIS2_PLACEMENT_3D('',#4934,#4935,#4936);
#4934 = CARTESIAN_POINT('',(-8.988972745734,5.105842857143,42.22));
#4935 = DIRECTION('',(0.,-0.895879160097,-0.444297794845));
#4936 = DIRECTION('',(0.,-0.444297794845,0.895879160097));
#4937 = ADVANCED_FACE('',(#4938),#4956,.T.);
#4938 = FACE_BOUND('',#4939,.T.);
#4939 = EDGE_LOOP('',(#4940,#4941,#4942,#4950));
#4940 = ORIENTED_EDGE('',*,*,#979,.T.);
#4941 = ORIENTED_EDGE('',*,*,#4927,.T.);
#4942 = ORIENTED_EDGE('',*,*,#4943,.T.);
#4943 = EDGE_CURVE('',#4920,#4944,#4946,.T.);
#4944 = VERTEX_POINT('',#4945);
#4945 = CARTESIAN_POINT('',(-8.388972745734,5.083,42.271257142857));
#4946 = LINE('',#4947,#4948);
#4947 = CARTESIAN_POINT('',(-8.388972745734,5.094514285714,
    42.242842857143));
#4948 = VECTOR('',#4949,1.);
#4949 = DIRECTION('',(0.,-0.375564497639,0.926796260304));
#4950 = ORIENTED_EDGE('',*,*,#4951,.F.);
#4951 = EDGE_CURVE('',#972,#4944,#4952,.T.);
#4952 = LINE('',#4953,#4954);
#4953 = CARTESIAN_POINT('',(-8.988972745734,5.083,42.271257142857));
#4954 = VECTOR('',#4955,1.);
#4955 = DIRECTION('',(1.,0.,0.));
#4956 = PLANE('',#4957);
#4957 = AXIS2_PLACEMENT_3D('',#4958,#4959,#4960);
#4958 = CARTESIAN_POINT('',(-8.988972745734,5.094514285714,
    42.242842857143));
#4959 = DIRECTION('',(0.,-0.926796260304,-0.375564497639));
#4960 = DIRECTION('',(0.,-0.375564497639,0.926796260304));
#4961 = ADVANCED_FACE('',(#4962),#4980,.T.);
#4962 = FACE_BOUND('',#4963,.T.);
#4963 = EDGE_LOOP('',(#4964,#4965,#4966,#4974));
#4964 = ORIENTED_EDGE('',*,*,#971,.T.);
#4965 = ORIENTED_EDGE('',*,*,#4951,.T.);
#4966 = ORIENTED_EDGE('',*,*,#4967,.T.);
#4967 = EDGE_CURVE('',#4944,#4968,#4970,.T.);
#4968 = VERTEX_POINT('',#4969);
#4969 = CARTESIAN_POINT('',(-8.388972745734,5.065914285714,
    42.288342857143));
#4970 = LINE('',#4971,#4972);
#4971 = CARTESIAN_POINT('',(-8.388972745734,5.083,42.271257142857));
#4972 = VECTOR('',#4973,1.);
#4973 = DIRECTION('',(0.,-0.707106781187,0.707106781187));
#4974 = ORIENTED_EDGE('',*,*,#4975,.F.);
#4975 = EDGE_CURVE('',#964,#4968,#4976,.T.);
#4976 = LINE('',#4977,#4978);
#4977 = CARTESIAN_POINT('',(-8.988972745734,5.065914285714,
    42.288342857143));
#4978 = VECTOR('',#4979,1.);
#4979 = DIRECTION('',(1.,0.,0.));
#4980 = PLANE('',#4981);
#4981 = AXIS2_PLACEMENT_3D('',#4982,#4983,#4984);
#4982 = CARTESIAN_POINT('',(-8.988972745734,5.083,42.271257142857));
#4983 = DIRECTION('',(0.,-0.707106781187,-0.707106781187));
#4984 = DIRECTION('',(0.,-0.707106781187,0.707106781187));
#4985 = ADVANCED_FACE('',(#4986),#5004,.T.);
#4986 = FACE_BOUND('',#4987,.T.);
#4987 = EDGE_LOOP('',(#4988,#4989,#4990,#4998));
#4988 = ORIENTED_EDGE('',*,*,#963,.T.);
#4989 = ORIENTED_EDGE('',*,*,#4975,.T.);
#4990 = ORIENTED_EDGE('',*,*,#4991,.T.);
#4991 = EDGE_CURVE('',#4968,#4992,#4994,.T.);
#4992 = VERTEX_POINT('',#4993);
#4993 = CARTESIAN_POINT('',(-8.388972745734,5.043071428571,
    42.316942857143));
#4994 = LINE('',#4995,#4996);
#4995 = CARTESIAN_POINT('',(-8.388972745734,5.065914285714,
    42.288342857143));
#4996 = VECTOR('',#4997,1.);
#4997 = DIRECTION('',(0.,-0.62407609663,0.781363568139));
#4998 = ORIENTED_EDGE('',*,*,#4999,.F.);
#4999 = EDGE_CURVE('',#956,#4992,#5000,.T.);
#5000 = LINE('',#5001,#5002);
#5001 = CARTESIAN_POINT('',(-8.988972745734,5.043071428571,
    42.316942857143));
#5002 = VECTOR('',#5003,1.);
#5003 = DIRECTION('',(1.,0.,0.));
#5004 = PLANE('',#5005);
#5005 = AXIS2_PLACEMENT_3D('',#5006,#5007,#5008);
#5006 = CARTESIAN_POINT('',(-8.988972745734,5.065914285714,
    42.288342857143));
#5007 = DIRECTION('',(0.,-0.781363568139,-0.62407609663));
#5008 = DIRECTION('',(0.,-0.62407609663,0.781363568139));
#5009 = ADVANCED_FACE('',(#5010),#5035,.T.);
#5010 = FACE_BOUND('',#5011,.T.);
#5011 = EDGE_LOOP('',(#5012,#5013,#5021,#5029));
#5012 = ORIENTED_EDGE('',*,*,#947,.T.);
#5013 = ORIENTED_EDGE('',*,*,#5014,.T.);
#5014 = EDGE_CURVE('',#948,#5015,#5017,.T.);
#5015 = VERTEX_POINT('',#5016);
#5016 = CARTESIAN_POINT('',(-8.388972745734,4.997385714286,
    42.351114285714));
#5017 = LINE('',#5018,#5019);
#5018 = CARTESIAN_POINT('',(-8.988972745734,4.997385714286,
    42.351114285714));
#5019 = VECTOR('',#5020,1.);
#5020 = DIRECTION('',(1.,0.,0.));
#5021 = ORIENTED_EDGE('',*,*,#5022,.T.);
#5022 = EDGE_CURVE('',#5015,#5023,#5025,.T.);
#5023 = VERTEX_POINT('',#5024);
#5024 = CARTESIAN_POINT('',(-8.388972745734,4.968971428571,42.3682));
#5025 = LINE('',#5026,#5027);
#5026 = CARTESIAN_POINT('',(-8.388972745734,4.997385714286,
    42.351114285714));
#5027 = VECTOR('',#5028,1.);
#5028 = DIRECTION('',(0.,-0.856998298068,0.515319238054));
#5029 = ORIENTED_EDGE('',*,*,#5030,.F.);
#5030 = EDGE_CURVE('',#940,#5023,#5031,.T.);
#5031 = LINE('',#5032,#5033);
#5032 = CARTESIAN_POINT('',(-8.988972745734,4.968971428571,42.3682));
#5033 = VECTOR('',#5034,1.);
#5034 = DIRECTION('',(1.,0.,0.));
#5035 = PLANE('',#5036);
#5036 = AXIS2_PLACEMENT_3D('',#5037,#5038,#5039);
#5037 = CARTESIAN_POINT('',(-8.988972745734,4.997385714286,
    42.351114285714));
#5038 = DIRECTION('',(0.,-0.515319238054,-0.856998298068));
#5039 = DIRECTION('',(0.,-0.856998298068,0.515319238054));
#5040 = ADVANCED_FACE('',(#5041),#5059,.T.);
#5041 = FACE_BOUND('',#5042,.T.);
#5042 = EDGE_LOOP('',(#5043,#5044,#5045,#5053));
#5043 = ORIENTED_EDGE('',*,*,#939,.T.);
#5044 = ORIENTED_EDGE('',*,*,#5030,.T.);
#5045 = ORIENTED_EDGE('',*,*,#5046,.T.);
#5046 = EDGE_CURVE('',#5023,#5047,#5049,.T.);
#5047 = VERTEX_POINT('',#5048);
#5048 = CARTESIAN_POINT('',(-8.388972745734,4.946128571429,
    42.379714285714));
#5049 = LINE('',#5050,#5051);
#5050 = CARTESIAN_POINT('',(-8.388972745734,4.968971428571,42.3682));
#5051 = VECTOR('',#5052,1.);
#5052 = DIRECTION('',(0.,-0.892970492237,0.450115207469));
#5053 = ORIENTED_EDGE('',*,*,#5054,.F.);
#5054 = EDGE_CURVE('',#932,#5047,#5055,.T.);
#5055 = LINE('',#5056,#5057);
#5056 = CARTESIAN_POINT('',(-8.988972745734,4.946128571429,
    42.379714285714));
#5057 = VECTOR('',#5058,1.);
#5058 = DIRECTION('',(1.,0.,0.));
#5059 = PLANE('',#5060);
#5060 = AXIS2_PLACEMENT_3D('',#5061,#5062,#5063);
#5061 = CARTESIAN_POINT('',(-8.988972745734,4.968971428571,42.3682));
#5062 = DIRECTION('',(0.,-0.450115207469,-0.892970492237));
#5063 = DIRECTION('',(0.,-0.892970492237,0.450115207469));
#5064 = ADVANCED_FACE('',(#5065),#5083,.T.);
#5065 = FACE_BOUND('',#5066,.T.);
#5066 = EDGE_LOOP('',(#5067,#5068,#5069,#5077));
#5067 = ORIENTED_EDGE('',*,*,#931,.T.);
#5068 = ORIENTED_EDGE('',*,*,#5054,.T.);
#5069 = ORIENTED_EDGE('',*,*,#5070,.T.);
#5070 = EDGE_CURVE('',#5047,#5071,#5073,.T.);
#5071 = VERTEX_POINT('',#5072);
#5072 = CARTESIAN_POINT('',(-8.388972745734,4.917528571429,
    42.385471428571));
#5073 = LINE('',#5074,#5075);
#5074 = CARTESIAN_POINT('',(-8.388972745734,4.946128571429,
    42.379714285714));
#5075 = VECTOR('',#5076,1.);
#5076 = DIRECTION('',(0.,-0.980335072596,0.197340176951));
#5077 = ORIENTED_EDGE('',*,*,#5078,.F.);
#5078 = EDGE_CURVE('',#924,#5071,#5079,.T.);
#5079 = LINE('',#5080,#5081);
#5080 = CARTESIAN_POINT('',(-8.988972745734,4.917528571429,
    42.385471428571));
#5081 = VECTOR('',#5082,1.);
#5082 = DIRECTION('',(1.,0.,0.));
#5083 = PLANE('',#5084);
#5084 = AXIS2_PLACEMENT_3D('',#5085,#5086,#5087);
#5085 = CARTESIAN_POINT('',(-8.988972745734,4.946128571429,
    42.379714285714));
#5086 = DIRECTION('',(0.,-0.197340176951,-0.980335072596));
#5087 = DIRECTION('',(0.,-0.980335072596,0.197340176951));
#5088 = ADVANCED_FACE('',(#5089),#5107,.T.);
#5089 = FACE_BOUND('',#5090,.T.);
#5090 = EDGE_LOOP('',(#5091,#5092,#5093,#5101));
#5091 = ORIENTED_EDGE('',*,*,#923,.T.);
#5092 = ORIENTED_EDGE('',*,*,#5078,.T.);
#5093 = ORIENTED_EDGE('',*,*,#5094,.T.);
#5094 = EDGE_CURVE('',#5071,#5095,#5097,.T.);
#5095 = VERTEX_POINT('',#5096);
#5096 = CARTESIAN_POINT('',(-8.388972745734,4.889114285714,
    42.391042857143));
#5097 = LINE('',#5098,#5099);
#5098 = CARTESIAN_POINT('',(-8.388972745734,4.917528571429,
    42.385471428571));
#5099 = VECTOR('',#5100,1.);
#5100 = DIRECTION('',(0.,-0.981313749677,0.192414460721));
#5101 = ORIENTED_EDGE('',*,*,#5102,.F.);
#5102 = EDGE_CURVE('',#916,#5095,#5103,.T.);
#5103 = LINE('',#5104,#5105);
#5104 = CARTESIAN_POINT('',(-8.988972745734,4.889114285714,
    42.391042857143));
#5105 = VECTOR('',#5106,1.);
#5106 = DIRECTION('',(1.,0.,0.));
#5107 = PLANE('',#5108);
#5108 = AXIS2_PLACEMENT_3D('',#5109,#5110,#5111);
#5109 = CARTESIAN_POINT('',(-8.988972745734,4.917528571429,
    42.385471428571));
#5110 = DIRECTION('',(0.,-0.192414460721,-0.981313749677));
#5111 = DIRECTION('',(0.,-0.981313749677,0.192414460721));
#5112 = ADVANCED_FACE('',(#5113),#5131,.T.);
#5113 = FACE_BOUND('',#5114,.T.);
#5114 = EDGE_LOOP('',(#5115,#5116,#5117,#5125));
#5115 = ORIENTED_EDGE('',*,*,#915,.T.);
#5116 = ORIENTED_EDGE('',*,*,#5102,.T.);
#5117 = ORIENTED_EDGE('',*,*,#5118,.T.);
#5118 = EDGE_CURVE('',#5095,#5119,#5121,.T.);
#5119 = VERTEX_POINT('',#5120);
#5120 = CARTESIAN_POINT('',(-8.388972745734,4.843428571429,42.3968));
#5121 = LINE('',#5122,#5123);
#5122 = CARTESIAN_POINT('',(-8.388972745734,4.889114285714,
    42.391042857143));
#5123 = VECTOR('',#5124,1.);
#5124 = DIRECTION('',(0.,-0.992153283358,0.125027446277));
#5125 = ORIENTED_EDGE('',*,*,#5126,.F.);
#5126 = EDGE_CURVE('',#908,#5119,#5127,.T.);
#5127 = LINE('',#5128,#5129);
#5128 = CARTESIAN_POINT('',(-8.988972745734,4.843428571429,42.3968));
#5129 = VECTOR('',#5130,1.);
#5130 = DIRECTION('',(1.,0.,0.));
#5131 = PLANE('',#5132);
#5132 = AXIS2_PLACEMENT_3D('',#5133,#5134,#5135);
#5133 = CARTESIAN_POINT('',(-8.988972745734,4.889114285714,
    42.391042857143));
#5134 = DIRECTION('',(0.,-0.125027446277,-0.992153283358));
#5135 = DIRECTION('',(0.,-0.992153283358,0.125027446277));
#5136 = ADVANCED_FACE('',(#5137),#5155,.T.);
#5137 = FACE_BOUND('',#5138,.T.);
#5138 = EDGE_LOOP('',(#5139,#5140,#5141,#5149));
#5139 = ORIENTED_EDGE('',*,*,#907,.T.);
#5140 = ORIENTED_EDGE('',*,*,#5126,.T.);
#5141 = ORIENTED_EDGE('',*,*,#5142,.T.);
#5142 = EDGE_CURVE('',#5119,#5143,#5145,.T.);
#5143 = VERTEX_POINT('',#5144);
#5144 = CARTESIAN_POINT('',(-8.388972745734,4.415542857143,42.3968));
#5145 = LINE('',#5146,#5147);
#5146 = CARTESIAN_POINT('',(-8.388972745734,4.843428571429,42.3968));
#5147 = VECTOR('',#5148,1.);
#5148 = DIRECTION('',(0.,-1.,0.));
#5149 = ORIENTED_EDGE('',*,*,#5150,.F.);
#5150 = EDGE_CURVE('',#900,#5143,#5151,.T.);
#5151 = LINE('',#5152,#5153);
#5152 = CARTESIAN_POINT('',(-8.988972745734,4.415542857143,42.3968));
#5153 = VECTOR('',#5154,1.);
#5154 = DIRECTION('',(1.,0.,0.));
#5155 = PLANE('',#5156);
#5156 = AXIS2_PLACEMENT_3D('',#5157,#5158,#5159);
#5157 = CARTESIAN_POINT('',(-8.988972745734,4.843428571429,42.3968));
#5158 = DIRECTION('',(0.,0.,-1.));
#5159 = DIRECTION('',(0.,-1.,0.));
#5160 = ADVANCED_FACE('',(#5161),#5179,.T.);
#5161 = FACE_BOUND('',#5162,.T.);
#5162 = EDGE_LOOP('',(#5163,#5164,#5165,#5173));
#5163 = ORIENTED_EDGE('',*,*,#899,.T.);
#5164 = ORIENTED_EDGE('',*,*,#5150,.T.);
#5165 = ORIENTED_EDGE('',*,*,#5166,.T.);
#5166 = EDGE_CURVE('',#5143,#5167,#5169,.T.);
#5167 = VERTEX_POINT('',#5168);
#5168 = CARTESIAN_POINT('',(-8.388972745734,4.358528571429,
    42.391042857143));
#5169 = LINE('',#5170,#5171);
#5170 = CARTESIAN_POINT('',(-8.388972745734,4.415542857143,42.3968));
#5171 = VECTOR('',#5172,1.);
#5172 = DIRECTION('',(0.,-0.994940461748,-0.100466300698));
#5173 = ORIENTED_EDGE('',*,*,#5174,.F.);
#5174 = EDGE_CURVE('',#892,#5167,#5175,.T.);
#5175 = LINE('',#5176,#5177);
#5176 = CARTESIAN_POINT('',(-8.988972745734,4.358528571429,
    42.391042857143));
#5177 = VECTOR('',#5178,1.);
#5178 = DIRECTION('',(1.,0.,0.));
#5179 = PLANE('',#5180);
#5180 = AXIS2_PLACEMENT_3D('',#5181,#5182,#5183);
#5181 = CARTESIAN_POINT('',(-8.988972745734,4.415542857143,42.3968));
#5182 = DIRECTION('',(0.,0.100466300698,-0.994940461748));
#5183 = DIRECTION('',(0.,-0.994940461748,-0.100466300698));
#5184 = ADVANCED_FACE('',(#5185),#5203,.T.);
#5185 = FACE_BOUND('',#5186,.T.);
#5186 = EDGE_LOOP('',(#5187,#5188,#5189,#5197));
#5187 = ORIENTED_EDGE('',*,*,#891,.T.);
#5188 = ORIENTED_EDGE('',*,*,#5174,.T.);
#5189 = ORIENTED_EDGE('',*,*,#5190,.T.);
#5190 = EDGE_CURVE('',#5167,#5191,#5193,.T.);
#5191 = VERTEX_POINT('',#5192);
#5192 = CARTESIAN_POINT('',(-8.388972745734,4.312842857143,
    42.385471428571));
#5193 = LINE('',#5194,#5195);
#5194 = CARTESIAN_POINT('',(-8.388972745734,4.358528571429,
    42.391042857143));
#5195 = VECTOR('',#5196,1.);
#5196 = DIRECTION('',(0.,-0.992645877551,-0.121054375311));
#5197 = ORIENTED_EDGE('',*,*,#5198,.F.);
#5198 = EDGE_CURVE('',#884,#5191,#5199,.T.);
#5199 = LINE('',#5200,#5201);
#5200 = CARTESIAN_POINT('',(-8.988972745734,4.312842857143,
    42.385471428571));
#5201 = VECTOR('',#5202,1.);
#5202 = DIRECTION('',(1.,0.,0.));
#5203 = PLANE('',#5204);
#5204 = AXIS2_PLACEMENT_3D('',#5205,#5206,#5207);
#5205 = CARTESIAN_POINT('',(-8.988972745734,4.358528571429,
    42.391042857143));
#5206 = DIRECTION('',(0.,0.121054375311,-0.992645877551));
#5207 = DIRECTION('',(0.,-0.992645877551,-0.121054375311));
#5208 = ADVANCED_FACE('',(#5209),#5227,.T.);
#5209 = FACE_BOUND('',#5210,.T.);
#5210 = EDGE_LOOP('',(#5211,#5212,#5213,#5221));
#5211 = ORIENTED_EDGE('',*,*,#883,.T.);
#5212 = ORIENTED_EDGE('',*,*,#5198,.T.);
#5213 = ORIENTED_EDGE('',*,*,#5214,.T.);
#5214 = EDGE_CURVE('',#5191,#5215,#5217,.T.);
#5215 = VERTEX_POINT('',#5216);
#5216 = CARTESIAN_POINT('',(-8.388972745734,4.278671428571,
    42.379714285714));
#5217 = LINE('',#5218,#5219);
#5218 = CARTESIAN_POINT('',(-8.388972745734,4.312842857143,
    42.385471428571));
#5219 = VECTOR('',#5220,1.);
#5220 = DIRECTION('',(0.,-0.98610270304,-0.166136868447));
#5221 = ORIENTED_EDGE('',*,*,#5222,.F.);
#5222 = EDGE_CURVE('',#876,#5215,#5223,.T.);
#5223 = LINE('',#5224,#5225);
#5224 = CARTESIAN_POINT('',(-8.988972745734,4.278671428571,
    42.379714285714));
#5225 = VECTOR('',#5226,1.);
#5226 = DIRECTION('',(1.,0.,0.));
#5227 = PLANE('',#5228);
#5228 = AXIS2_PLACEMENT_3D('',#5229,#5230,#5231);
#5229 = CARTESIAN_POINT('',(-8.988972745734,4.312842857143,
    42.385471428571));
#5230 = DIRECTION('',(0.,0.166136868447,-0.98610270304));
#5231 = DIRECTION('',(0.,-0.98610270304,-0.166136868447));
#5232 = ADVANCED_FACE('',(#5233),#5251,.T.);
#5233 = FACE_BOUND('',#5234,.T.);
#5234 = EDGE_LOOP('',(#5235,#5236,#5237,#5245));
#5235 = ORIENTED_EDGE('',*,*,#875,.T.);
#5236 = ORIENTED_EDGE('',*,*,#5222,.T.);
#5237 = ORIENTED_EDGE('',*,*,#5238,.T.);
#5238 = EDGE_CURVE('',#5215,#5239,#5241,.T.);
#5239 = VERTEX_POINT('',#5240);
#5240 = CARTESIAN_POINT('',(-8.388972745734,4.238742857143,42.3682));
#5241 = LINE('',#5242,#5243);
#5242 = CARTESIAN_POINT('',(-8.388972745734,4.278671428571,
    42.379714285714));
#5243 = VECTOR('',#5244,1.);
#5244 = DIRECTION('',(0.,-0.960846474829,-0.27708130902));
#5245 = ORIENTED_EDGE('',*,*,#5246,.F.);
#5246 = EDGE_CURVE('',#868,#5239,#5247,.T.);
#5247 = LINE('',#5248,#5249);
#5248 = CARTESIAN_POINT('',(-8.988972745734,4.238742857143,42.3682));
#5249 = VECTOR('',#5250,1.);
#5250 = DIRECTION('',(1.,0.,0.));
#5251 = PLANE('',#5252);
#5252 = AXIS2_PLACEMENT_3D('',#5253,#5254,#5255);
#5253 = CARTESIAN_POINT('',(-8.988972745734,4.278671428571,
    42.379714285714));
#5254 = DIRECTION('',(0.,0.27708130902,-0.960846474829));
#5255 = DIRECTION('',(0.,-0.960846474829,-0.27708130902));
#5256 = ADVANCED_FACE('',(#5257),#5275,.T.);
#5257 = FACE_BOUND('',#5258,.T.);
#5258 = EDGE_LOOP('',(#5259,#5260,#5261,#5269));
#5259 = ORIENTED_EDGE('',*,*,#867,.T.);
#5260 = ORIENTED_EDGE('',*,*,#5246,.T.);
#5261 = ORIENTED_EDGE('',*,*,#5262,.T.);
#5262 = EDGE_CURVE('',#5239,#5263,#5265,.T.);
#5263 = VERTEX_POINT('',#5264);
#5264 = CARTESIAN_POINT('',(-8.388972745734,4.181542857143,
    42.345542857143));
#5265 = LINE('',#5266,#5267);
#5266 = CARTESIAN_POINT('',(-8.388972745734,4.238742857143,42.3682));
#5267 = VECTOR('',#5268,1.);
#5268 = DIRECTION('',(0.,-0.929720504504,-0.368265914122));
#5269 = ORIENTED_EDGE('',*,*,#5270,.F.);
#5270 = EDGE_CURVE('',#860,#5263,#5271,.T.);
#5271 = LINE('',#5272,#5273);
#5272 = CARTESIAN_POINT('',(-8.988972745734,4.181542857143,
    42.345542857143));
#5273 = VECTOR('',#5274,1.);
#5274 = DIRECTION('',(1.,0.,0.));
#5275 = PLANE('',#5276);
#5276 = AXIS2_PLACEMENT_3D('',#5277,#5278,#5279);
#5277 = CARTESIAN_POINT('',(-8.988972745734,4.238742857143,42.3682));
#5278 = DIRECTION('',(0.,0.368265914122,-0.929720504504));
#5279 = DIRECTION('',(0.,-0.929720504504,-0.368265914122));
#5280 = ADVANCED_FACE('',(#5281),#5299,.T.);
#5281 = FACE_BOUND('',#5282,.T.);
#5282 = EDGE_LOOP('',(#5283,#5284,#5285,#5293));
#5283 = ORIENTED_EDGE('',*,*,#859,.T.);
#5284 = ORIENTED_EDGE('',*,*,#5270,.T.);
#5285 = ORIENTED_EDGE('',*,*,#5286,.T.);
#5286 = EDGE_CURVE('',#5263,#5287,#5289,.T.);
#5287 = VERTEX_POINT('',#5288);
#5288 = CARTESIAN_POINT('',(-8.388972745734,4.147371428571,
    42.328271428571));
#5289 = LINE('',#5290,#5291);
#5290 = CARTESIAN_POINT('',(-8.388972745734,4.181542857143,
    42.345542857143));
#5291 = VECTOR('',#5292,1.);
#5292 = DIRECTION('',(0.,-0.892478602936,-0.451089728658));
#5293 = ORIENTED_EDGE('',*,*,#5294,.F.);
#5294 = EDGE_CURVE('',#852,#5287,#5295,.T.);
#5295 = LINE('',#5296,#5297);
#5296 = CARTESIAN_POINT('',(-8.988972745734,4.147371428571,
    42.328271428571));
#5297 = VECTOR('',#5298,1.);
#5298 = DIRECTION('',(1.,0.,0.));
#5299 = PLANE('',#5300);
#5300 = AXIS2_PLACEMENT_3D('',#5301,#5302,#5303);
#5301 = CARTESIAN_POINT('',(-8.988972745734,4.181542857143,
    42.345542857143));
#5302 = DIRECTION('',(0.,0.451089728658,-0.892478602936));
#5303 = DIRECTION('',(0.,-0.892478602936,-0.451089728658));
#5304 = ADVANCED_FACE('',(#5305),#5323,.T.);
#5305 = FACE_BOUND('',#5306,.T.);
#5306 = EDGE_LOOP('',(#5307,#5308,#5309,#5317));
#5307 = ORIENTED_EDGE('',*,*,#851,.T.);
#5308 = ORIENTED_EDGE('',*,*,#5294,.T.);
#5309 = ORIENTED_EDGE('',*,*,#5310,.T.);
#5310 = EDGE_CURVE('',#5287,#5311,#5313,.T.);
#5311 = VERTEX_POINT('',#5312);
#5312 = CARTESIAN_POINT('',(-8.388972745734,4.1132,42.311185714286));
#5313 = LINE('',#5314,#5315);
#5314 = CARTESIAN_POINT('',(-8.388972745734,4.147371428571,
    42.328271428571));
#5315 = VECTOR('',#5316,1.);
#5316 = DIRECTION('',(0.,-0.894427191,-0.4472135955));
#5317 = ORIENTED_EDGE('',*,*,#5318,.F.);
#5318 = EDGE_CURVE('',#844,#5311,#5319,.T.);
#5319 = LINE('',#5320,#5321);
#5320 = CARTESIAN_POINT('',(-8.988972745734,4.1132,42.311185714286));
#5321 = VECTOR('',#5322,1.);
#5322 = DIRECTION('',(1.,0.,0.));
#5323 = PLANE('',#5324);
#5324 = AXIS2_PLACEMENT_3D('',#5325,#5326,#5327);
#5325 = CARTESIAN_POINT('',(-8.988972745734,4.147371428571,
    42.328271428571));
#5326 = DIRECTION('',(0.,0.4472135955,-0.894427191));
#5327 = DIRECTION('',(0.,-0.894427191,-0.4472135955));
#5328 = ADVANCED_FACE('',(#5329),#5347,.T.);
#5329 = FACE_BOUND('',#5330,.T.);
#5330 = EDGE_LOOP('',(#5331,#5332,#5333,#5341));
#5331 = ORIENTED_EDGE('',*,*,#843,.T.);
#5332 = ORIENTED_EDGE('',*,*,#5318,.T.);
#5333 = ORIENTED_EDGE('',*,*,#5334,.T.);
#5334 = EDGE_CURVE('',#5311,#5335,#5337,.T.);
#5335 = VERTEX_POINT('',#5336);
#5336 = CARTESIAN_POINT('',(-8.388972745734,4.056185714286,
    42.271257142857));
#5337 = LINE('',#5338,#5339);
#5338 = CARTESIAN_POINT('',(-8.388972745734,4.1132,42.311185714286));
#5339 = VECTOR('',#5340,1.);
#5340 = DIRECTION('',(0.,-0.819106553991,-0.573641397746));
#5341 = ORIENTED_EDGE('',*,*,#5342,.F.);
#5342 = EDGE_CURVE('',#836,#5335,#5343,.T.);
#5343 = LINE('',#5344,#5345);
#5344 = CARTESIAN_POINT('',(-8.988972745734,4.056185714286,
    42.271257142857));
#5345 = VECTOR('',#5346,1.);
#5346 = DIRECTION('',(1.,0.,0.));
#5347 = PLANE('',#5348);
#5348 = AXIS2_PLACEMENT_3D('',#5349,#5350,#5351);
#5349 = CARTESIAN_POINT('',(-8.988972745734,4.1132,42.311185714286));
#5350 = DIRECTION('',(0.,0.573641397746,-0.819106553991));
#5351 = DIRECTION('',(0.,-0.819106553991,-0.573641397746));
#5352 = ADVANCED_FACE('',(#5353),#5371,.T.);
#5353 = FACE_BOUND('',#5354,.T.);
#5354 = EDGE_LOOP('',(#5355,#5356,#5357,#5365));
#5355 = ORIENTED_EDGE('',*,*,#835,.T.);
#5356 = ORIENTED_EDGE('',*,*,#5342,.T.);
#5357 = ORIENTED_EDGE('',*,*,#5358,.T.);
#5358 = EDGE_CURVE('',#5335,#5359,#5361,.T.);
#5359 = VERTEX_POINT('',#5360);
#5360 = CARTESIAN_POINT('',(-8.388972745734,4.0105,42.225571428571));
#5361 = LINE('',#5362,#5363);
#5362 = CARTESIAN_POINT('',(-8.388972745734,4.056185714286,
    42.271257142857));
#5363 = VECTOR('',#5364,1.);
#5364 = DIRECTION('',(0.,-0.707106781187,-0.707106781187));
#5365 = ORIENTED_EDGE('',*,*,#5366,.F.);
#5366 = EDGE_CURVE('',#828,#5359,#5367,.T.);
#5367 = LINE('',#5368,#5369);
#5368 = CARTESIAN_POINT('',(-8.988972745734,4.0105,42.225571428571));
#5369 = VECTOR('',#5370,1.);
#5370 = DIRECTION('',(1.,0.,0.));
#5371 = PLANE('',#5372);
#5372 = AXIS2_PLACEMENT_3D('',#5373,#5374,#5375);
#5373 = CARTESIAN_POINT('',(-8.988972745734,4.056185714286,
    42.271257142857));
#5374 = DIRECTION('',(0.,0.707106781187,-0.707106781187));
#5375 = DIRECTION('',(0.,-0.707106781187,-0.707106781187));
#5376 = ADVANCED_FACE('',(#5377),#5395,.T.);
#5377 = FACE_BOUND('',#5378,.T.);
#5378 = EDGE_LOOP('',(#5379,#5380,#5381,#5389));
#5379 = ORIENTED_EDGE('',*,*,#827,.T.);
#5380 = ORIENTED_EDGE('',*,*,#5366,.T.);
#5381 = ORIENTED_EDGE('',*,*,#5382,.T.);
#5382 = EDGE_CURVE('',#5359,#5383,#5385,.T.);
#5383 = VERTEX_POINT('',#5384);
#5384 = CARTESIAN_POINT('',(-8.388972745734,3.964814285714,
    42.174314285714));
#5385 = LINE('',#5386,#5387);
#5386 = CARTESIAN_POINT('',(-8.388972745734,4.0105,42.225571428571));
#5387 = VECTOR('',#5388,1.);
#5388 = DIRECTION('',(0.,-0.665370524754,-0.746513271676));
#5389 = ORIENTED_EDGE('',*,*,#5390,.F.);
#5390 = EDGE_CURVE('',#820,#5383,#5391,.T.);
#5391 = LINE('',#5392,#5393);
#5392 = CARTESIAN_POINT('',(-8.988972745734,3.964814285714,
    42.174314285714));
#5393 = VECTOR('',#5394,1.);
#5394 = DIRECTION('',(1.,0.,0.));
#5395 = PLANE('',#5396);
#5396 = AXIS2_PLACEMENT_3D('',#5397,#5398,#5399);
#5397 = CARTESIAN_POINT('',(-8.988972745734,4.0105,42.225571428571));
#5398 = DIRECTION('',(0.,0.746513271676,-0.665370524754));
#5399 = DIRECTION('',(0.,-0.665370524754,-0.746513271676));
#5400 = ADVANCED_FACE('',(#5401),#5419,.T.);
#5401 = FACE_BOUND('',#5402,.T.);
#5402 = EDGE_LOOP('',(#5403,#5404,#5405,#5413));
#5403 = ORIENTED_EDGE('',*,*,#819,.T.);
#5404 = ORIENTED_EDGE('',*,*,#5390,.T.);
#5405 = ORIENTED_EDGE('',*,*,#5406,.T.);
#5406 = EDGE_CURVE('',#5383,#5407,#5409,.T.);
#5407 = VERTEX_POINT('',#5408);
#5408 = CARTESIAN_POINT('',(-8.388972745734,3.930642857143,
    42.122871428571));
#5409 = LINE('',#5410,#5411);
#5410 = CARTESIAN_POINT('',(-8.388972745734,3.964814285714,
    42.174314285714));
#5411 = VECTOR('',#5412,1.);
#5412 = DIRECTION('',(0.,-0.553311519375,-0.832974406886));
#5413 = ORIENTED_EDGE('',*,*,#5414,.F.);
#5414 = EDGE_CURVE('',#812,#5407,#5415,.T.);
#5415 = LINE('',#5416,#5417);
#5416 = CARTESIAN_POINT('',(-8.988972745734,3.930642857143,
    42.122871428571));
#5417 = VECTOR('',#5418,1.);
#5418 = DIRECTION('',(1.,0.,0.));
#5419 = PLANE('',#5420);
#5420 = AXIS2_PLACEMENT_3D('',#5421,#5422,#5423);
#5421 = CARTESIAN_POINT('',(-8.988972745734,3.964814285714,
    42.174314285714));
#5422 = DIRECTION('',(0.,0.832974406886,-0.553311519375));
#5423 = DIRECTION('',(0.,-0.553311519375,-0.832974406886));
#5424 = ADVANCED_FACE('',(#5425),#5443,.T.);
#5425 = FACE_BOUND('',#5426,.T.);
#5426 = EDGE_LOOP('',(#5427,#5428,#5429,#5437));
#5427 = ORIENTED_EDGE('',*,*,#811,.T.);
#5428 = ORIENTED_EDGE('',*,*,#5414,.T.);
#5429 = ORIENTED_EDGE('',*,*,#5430,.T.);
#5430 = EDGE_CURVE('',#5407,#5431,#5433,.T.);
#5431 = VERTEX_POINT('',#5432);
#5432 = CARTESIAN_POINT('',(-8.388972745734,3.9078,42.0887));
#5433 = LINE('',#5434,#5435);
#5434 = CARTESIAN_POINT('',(-8.388972745734,3.930642857143,
    42.122871428571));
#5435 = VECTOR('',#5436,1.);
#5436 = DIRECTION('',(0.,-0.555742429414,-0.831354528555));
#5437 = ORIENTED_EDGE('',*,*,#5438,.F.);
#5438 = EDGE_CURVE('',#804,#5431,#5439,.T.);
#5439 = LINE('',#5440,#5441);
#5440 = CARTESIAN_POINT('',(-8.988972745734,3.9078,42.0887));
#5441 = VECTOR('',#5442,1.);
#5442 = DIRECTION('',(1.,0.,0.));
#5443 = PLANE('',#5444);
#5444 = AXIS2_PLACEMENT_3D('',#5445,#5446,#5447);
#5445 = CARTESIAN_POINT('',(-8.988972745734,3.930642857143,
    42.122871428571));
#5446 = DIRECTION('',(0.,0.831354528555,-0.555742429414));
#5447 = DIRECTION('',(0.,-0.555742429414,-0.831354528555));
#5448 = ADVANCED_FACE('',(#5449),#5467,.T.);
#5449 = FACE_BOUND('',#5450,.T.);
#5450 = EDGE_LOOP('',(#5451,#5452,#5453,#5461));
#5451 = ORIENTED_EDGE('',*,*,#803,.T.);
#5452 = ORIENTED_EDGE('',*,*,#5438,.T.);
#5453 = ORIENTED_EDGE('',*,*,#5454,.T.);
#5454 = EDGE_CURVE('',#5431,#5455,#5457,.T.);
#5455 = VERTEX_POINT('',#5456);
#5456 = CARTESIAN_POINT('',(-8.388972745734,3.896285714286,
    42.054528571429));
#5457 = LINE('',#5458,#5459);
#5458 = CARTESIAN_POINT('',(-8.388972745734,3.9078,42.0887));
#5459 = VECTOR('',#5460,1.);
#5460 = DIRECTION('',(0.,-0.319316245627,-0.947648212829));
#5461 = ORIENTED_EDGE('',*,*,#5462,.F.);
#5462 = EDGE_CURVE('',#796,#5455,#5463,.T.);
#5463 = LINE('',#5464,#5465);
#5464 = CARTESIAN_POINT('',(-8.988972745734,3.896285714286,
    42.054528571429));
#5465 = VECTOR('',#5466,1.);
#5466 = DIRECTION('',(1.,0.,0.));
#5467 = PLANE('',#5468);
#5468 = AXIS2_PLACEMENT_3D('',#5469,#5470,#5471);
#5469 = CARTESIAN_POINT('',(-8.988972745734,3.9078,42.0887));
#5470 = DIRECTION('',(0.,0.947648212829,-0.319316245627));
#5471 = DIRECTION('',(0.,-0.319316245627,-0.947648212829));
#5472 = ADVANCED_FACE('',(#5473),#5491,.T.);
#5473 = FACE_BOUND('',#5474,.T.);
#5474 = EDGE_LOOP('',(#5475,#5476,#5477,#5485));
#5475 = ORIENTED_EDGE('',*,*,#795,.T.);
#5476 = ORIENTED_EDGE('',*,*,#5462,.T.);
#5477 = ORIENTED_EDGE('',*,*,#5478,.T.);
#5478 = EDGE_CURVE('',#5455,#5479,#5481,.T.);
#5479 = VERTEX_POINT('',#5480);
#5480 = CARTESIAN_POINT('',(-8.388972745734,3.873628571429,
    42.003085714286));
#5481 = LINE('',#5482,#5483);
#5482 = CARTESIAN_POINT('',(-8.388972745734,3.896285714286,
    42.054528571429));
#5483 = VECTOR('',#5484,1.);
#5484 = DIRECTION('',(0.,-0.403070745111,-0.915168822915));
#5485 = ORIENTED_EDGE('',*,*,#5486,.F.);
#5486 = EDGE_CURVE('',#788,#5479,#5487,.T.);
#5487 = LINE('',#5488,#5489);
#5488 = CARTESIAN_POINT('',(-8.988972745734,3.873628571429,
    42.003085714286));
#5489 = VECTOR('',#5490,1.);
#5490 = DIRECTION('',(1.,0.,0.));
#5491 = PLANE('',#5492);
#5492 = AXIS2_PLACEMENT_3D('',#5493,#5494,#5495);
#5493 = CARTESIAN_POINT('',(-8.988972745734,3.896285714286,
    42.054528571429));
#5494 = DIRECTION('',(0.,0.915168822915,-0.403070745111));
#5495 = DIRECTION('',(0.,-0.403070745111,-0.915168822915));
#5496 = ADVANCED_FACE('',(#5497),#5515,.T.);
#5497 = FACE_BOUND('',#5498,.T.);
#5498 = EDGE_LOOP('',(#5499,#5500,#5501,#5509));
#5499 = ORIENTED_EDGE('',*,*,#787,.T.);
#5500 = ORIENTED_EDGE('',*,*,#5486,.T.);
#5501 = ORIENTED_EDGE('',*,*,#5502,.T.);
#5502 = EDGE_CURVE('',#5479,#5503,#5505,.T.);
#5503 = VERTEX_POINT('',#5504);
#5504 = CARTESIAN_POINT('',(-8.388972745734,3.856357142857,
    41.946071428571));
#5505 = LINE('',#5506,#5507);
#5506 = CARTESIAN_POINT('',(-8.388972745734,3.873628571429,
    42.003085714286));
#5507 = VECTOR('',#5508,1.);
#5508 = DIRECTION('',(0.,-0.289920871686,-0.957050619435));
#5509 = ORIENTED_EDGE('',*,*,#5510,.F.);
#5510 = EDGE_CURVE('',#780,#5503,#5511,.T.);
#5511 = LINE('',#5512,#5513);
#5512 = CARTESIAN_POINT('',(-8.988972745734,3.856357142857,
    41.946071428571));
#5513 = VECTOR('',#5514,1.);
#5514 = DIRECTION('',(1.,0.,0.));
#5515 = PLANE('',#5516);
#5516 = AXIS2_PLACEMENT_3D('',#5517,#5518,#5519);
#5517 = CARTESIAN_POINT('',(-8.988972745734,3.873628571429,
    42.003085714286));
#5518 = DIRECTION('',(0.,0.957050619435,-0.289920871686));
#5519 = DIRECTION('',(0.,-0.289920871686,-0.957050619435));
#5520 = ADVANCED_FACE('',(#5521),#5539,.T.);
#5521 = FACE_BOUND('',#5522,.T.);
#5522 = EDGE_LOOP('',(#5523,#5524,#5525,#5533));
#5523 = ORIENTED_EDGE('',*,*,#779,.T.);
#5524 = ORIENTED_EDGE('',*,*,#5510,.T.);
#5525 = ORIENTED_EDGE('',*,*,#5526,.T.);
#5526 = EDGE_CURVE('',#5503,#5527,#5529,.T.);
#5527 = VERTEX_POINT('',#5528);
#5528 = CARTESIAN_POINT('',(-8.388972745734,3.850785714286,
    41.900385714286));
#5529 = LINE('',#5530,#5531);
#5530 = CARTESIAN_POINT('',(-8.388972745734,3.856357142857,
    41.946071428571));
#5531 = VECTOR('',#5532,1.);
#5532 = DIRECTION('',(0.,-0.121054375311,-0.992645877551));
#5533 = ORIENTED_EDGE('',*,*,#5534,.F.);
#5534 = EDGE_CURVE('',#772,#5527,#5535,.T.);
#5535 = LINE('',#5536,#5537);
#5536 = CARTESIAN_POINT('',(-8.988972745734,3.850785714286,
    41.900385714286));
#5537 = VECTOR('',#5538,1.);
#5538 = DIRECTION('',(1.,0.,0.));
#5539 = PLANE('',#5540);
#5540 = AXIS2_PLACEMENT_3D('',#5541,#5542,#5543);
#5541 = CARTESIAN_POINT('',(-8.988972745734,3.856357142857,
    41.946071428571));
#5542 = DIRECTION('',(0.,0.992645877551,-0.121054375311));
#5543 = DIRECTION('',(0.,-0.121054375311,-0.992645877551));
#5544 = ADVANCED_FACE('',(#5545),#5563,.T.);
#5545 = FACE_BOUND('',#5546,.T.);
#5546 = EDGE_LOOP('',(#5547,#5548,#5549,#5557));
#5547 = ORIENTED_EDGE('',*,*,#771,.T.);
#5548 = ORIENTED_EDGE('',*,*,#5534,.T.);
#5549 = ORIENTED_EDGE('',*,*,#5550,.T.);
#5550 = EDGE_CURVE('',#5527,#5551,#5553,.T.);
#5551 = VERTEX_POINT('',#5552);
#5552 = CARTESIAN_POINT('',(-8.388972745734,3.845028571429,
    41.837614285714));
#5553 = LINE('',#5554,#5555);
#5554 = CARTESIAN_POINT('',(-8.388972745734,3.850785714286,
    41.900385714286));
#5555 = VECTOR('',#5556,1.);
#5556 = DIRECTION('',(0.,-9.133264387955E-02,-0.995820439719));
#5557 = ORIENTED_EDGE('',*,*,#5558,.F.);
#5558 = EDGE_CURVE('',#764,#5551,#5559,.T.);
#5559 = LINE('',#5560,#5561);
#5560 = CARTESIAN_POINT('',(-8.988972745734,3.845028571429,
    41.837614285714));
#5561 = VECTOR('',#5562,1.);
#5562 = DIRECTION('',(1.,0.,0.));
#5563 = PLANE('',#5564);
#5564 = AXIS2_PLACEMENT_3D('',#5565,#5566,#5567);
#5565 = CARTESIAN_POINT('',(-8.988972745734,3.850785714286,
    41.900385714286));
#5566 = DIRECTION('',(0.,0.995820439719,-9.133264387955E-02));
#5567 = DIRECTION('',(0.,-9.133264387955E-02,-0.995820439719));
#5568 = ADVANCED_FACE('',(#5569),#5587,.T.);
#5569 = FACE_BOUND('',#5570,.T.);
#5570 = EDGE_LOOP('',(#5571,#5572,#5573,#5581));
#5571 = ORIENTED_EDGE('',*,*,#763,.T.);
#5572 = ORIENTED_EDGE('',*,*,#5558,.T.);
#5573 = ORIENTED_EDGE('',*,*,#5574,.T.);
#5574 = EDGE_CURVE('',#5551,#5575,#5577,.T.);
#5575 = VERTEX_POINT('',#5576);
#5576 = CARTESIAN_POINT('',(-8.388972745734,3.845028571429,
    38.973714285714));
#5577 = LINE('',#5578,#5579);
#5578 = CARTESIAN_POINT('',(-8.388972745734,3.845028571429,
    41.837614285714));
#5579 = VECTOR('',#5580,1.);
#5580 = DIRECTION('',(0.,0.,-1.));
#5581 = ORIENTED_EDGE('',*,*,#5582,.F.);
#5582 = EDGE_CURVE('',#756,#5575,#5583,.T.);
#5583 = LINE('',#5584,#5585);
#5584 = CARTESIAN_POINT('',(-8.988972745734,3.845028571429,
    38.973714285714));
#5585 = VECTOR('',#5586,1.);
#5586 = DIRECTION('',(1.,0.,0.));
#5587 = PLANE('',#5588);
#5588 = AXIS2_PLACEMENT_3D('',#5589,#5590,#5591);
#5589 = CARTESIAN_POINT('',(-8.988972745734,3.845028571429,
    41.837614285714));
#5590 = DIRECTION('',(-0.,1.,0.));
#5591 = DIRECTION('',(0.,0.,-1.));
#5592 = ADVANCED_FACE('',(#5593),#5611,.T.);
#5593 = FACE_BOUND('',#5594,.T.);
#5594 = EDGE_LOOP('',(#5595,#5596,#5597,#5605));
#5595 = ORIENTED_EDGE('',*,*,#755,.T.);
#5596 = ORIENTED_EDGE('',*,*,#5582,.T.);
#5597 = ORIENTED_EDGE('',*,*,#5598,.T.);
#5598 = EDGE_CURVE('',#5575,#5599,#5601,.T.);
#5599 = VERTEX_POINT('',#5600);
#5600 = CARTESIAN_POINT('',(-8.388972745734,3.405814285714,
    38.973714285714));
#5601 = LINE('',#5602,#5603);
#5602 = CARTESIAN_POINT('',(-8.388972745734,3.845028571429,
    38.973714285714));
#5603 = VECTOR('',#5604,1.);
#5604 = DIRECTION('',(0.,-1.,0.));
#5605 = ORIENTED_EDGE('',*,*,#5606,.F.);
#5606 = EDGE_CURVE('',#748,#5599,#5607,.T.);
#5607 = LINE('',#5608,#5609);
#5608 = CARTESIAN_POINT('',(-8.988972745734,3.405814285714,
    38.973714285714));
#5609 = VECTOR('',#5610,1.);
#5610 = DIRECTION('',(1.,0.,0.));
#5611 = PLANE('',#5612);
#5612 = AXIS2_PLACEMENT_3D('',#5613,#5614,#5615);
#5613 = CARTESIAN_POINT('',(-8.988972745734,3.845028571429,
    38.973714285714));
#5614 = DIRECTION('',(0.,0.,-1.));
#5615 = DIRECTION('',(0.,-1.,0.));
#5616 = ADVANCED_FACE('',(#5617),#5635,.T.);
#5617 = FACE_BOUND('',#5618,.T.);
#5618 = EDGE_LOOP('',(#5619,#5620,#5621,#5629));
#5619 = ORIENTED_EDGE('',*,*,#747,.T.);
#5620 = ORIENTED_EDGE('',*,*,#5606,.T.);
#5621 = ORIENTED_EDGE('',*,*,#5622,.T.);
#5622 = EDGE_CURVE('',#5599,#5623,#5625,.T.);
#5623 = VERTEX_POINT('',#5624);
#5624 = CARTESIAN_POINT('',(-8.388972745734,3.377214285714,
    38.967957142857));
#5625 = LINE('',#5626,#5627);
#5626 = CARTESIAN_POINT('',(-8.388972745734,3.405814285714,
    38.973714285714));
#5627 = VECTOR('',#5628,1.);
#5628 = DIRECTION('',(0.,-0.980335072596,-0.197340176951));
#5629 = ORIENTED_EDGE('',*,*,#5630,.F.);
#5630 = EDGE_CURVE('',#740,#5623,#5631,.T.);
#5631 = LINE('',#5632,#5633);
#5632 = CARTESIAN_POINT('',(-8.988972745734,3.377214285714,
    38.967957142857));
#5633 = VECTOR('',#5634,1.);
#5634 = DIRECTION('',(1.,0.,0.));
#5635 = PLANE('',#5636);
#5636 = AXIS2_PLACEMENT_3D('',#5637,#5638,#5639);
#5637 = CARTESIAN_POINT('',(-8.988972745734,3.405814285714,
    38.973714285714));
#5638 = DIRECTION('',(0.,0.197340176951,-0.980335072596));
#5639 = DIRECTION('',(0.,-0.980335072596,-0.197340176951));
#5640 = ADVANCED_FACE('',(#5641),#5659,.T.);
#5641 = FACE_BOUND('',#5642,.T.);
#5642 = EDGE_LOOP('',(#5643,#5644,#5645,#5653));
#5643 = ORIENTED_EDGE('',*,*,#739,.T.);
#5644 = ORIENTED_EDGE('',*,*,#5630,.T.);
#5645 = ORIENTED_EDGE('',*,*,#5646,.T.);
#5646 = EDGE_CURVE('',#5623,#5647,#5649,.T.);
#5647 = VERTEX_POINT('',#5648);
#5648 = CARTESIAN_POINT('',(-8.388972745734,3.348614285714,
    38.956628571429));
#5649 = LINE('',#5650,#5651);
#5650 = CARTESIAN_POINT('',(-8.388972745734,3.377214285714,
    38.967957142857));
#5651 = VECTOR('',#5652,1.);
#5652 = DIRECTION('',(0.,-0.929720504504,-0.368265914122));
#5653 = ORIENTED_EDGE('',*,*,#5654,.F.);
#5654 = EDGE_CURVE('',#732,#5647,#5655,.T.);
#5655 = LINE('',#5656,#5657);
#5656 = CARTESIAN_POINT('',(-8.988972745734,3.348614285714,
    38.956628571429));
#5657 = VECTOR('',#5658,1.);
#5658 = DIRECTION('',(1.,0.,0.));
#5659 = PLANE('',#5660);
#5660 = AXIS2_PLACEMENT_3D('',#5661,#5662,#5663);
#5661 = CARTESIAN_POINT('',(-8.988972745734,3.377214285714,
    38.967957142857));
#5662 = DIRECTION('',(0.,0.368265914122,-0.929720504504));
#5663 = DIRECTION('',(0.,-0.929720504504,-0.368265914122));
#5664 = ADVANCED_FACE('',(#5665),#5683,.T.);
#5665 = FACE_BOUND('',#5666,.T.);
#5666 = EDGE_LOOP('',(#5667,#5668,#5669,#5677));
#5667 = ORIENTED_EDGE('',*,*,#731,.T.);
#5668 = ORIENTED_EDGE('',*,*,#5654,.T.);
#5669 = ORIENTED_EDGE('',*,*,#5670,.T.);
#5670 = EDGE_CURVE('',#5647,#5671,#5673,.T.);
#5671 = VERTEX_POINT('',#5672);
#5672 = CARTESIAN_POINT('',(-8.388972745734,3.325771428571,
    38.939542857143));
#5673 = LINE('',#5674,#5675);
#5674 = CARTESIAN_POINT('',(-8.388972745734,3.348614285714,
    38.956628571429));
#5675 = VECTOR('',#5676,1.);
#5676 = DIRECTION('',(0.,-0.80078057117,-0.598957825591));
#5677 = ORIENTED_EDGE('',*,*,#5678,.F.);
#5678 = EDGE_CURVE('',#724,#5671,#5679,.T.);
#5679 = LINE('',#5680,#5681);
#5680 = CARTESIAN_POINT('',(-8.988972745734,3.325771428571,
    38.939542857143));
#5681 = VECTOR('',#5682,1.);
#5682 = DIRECTION('',(1.,0.,0.));
#5683 = PLANE('',#5684);
#5684 = AXIS2_PLACEMENT_3D('',#5685,#5686,#5687);
#5685 = CARTESIAN_POINT('',(-8.988972745734,3.348614285714,
    38.956628571429));
#5686 = DIRECTION('',(0.,0.598957825591,-0.80078057117));
#5687 = DIRECTION('',(0.,-0.80078057117,-0.598957825591));
#5688 = ADVANCED_FACE('',(#5689),#5707,.T.);
#5689 = FACE_BOUND('',#5690,.T.);
#5690 = EDGE_LOOP('',(#5691,#5692,#5693,#5701));
#5691 = ORIENTED_EDGE('',*,*,#723,.T.);
#5692 = ORIENTED_EDGE('',*,*,#5678,.T.);
#5693 = ORIENTED_EDGE('',*,*,#5694,.T.);
#5694 = EDGE_CURVE('',#5671,#5695,#5697,.T.);
#5695 = VERTEX_POINT('',#5696);
#5696 = CARTESIAN_POINT('',(-8.388972745734,3.308685714286,
    38.922457142857));
#5697 = LINE('',#5698,#5699);
#5698 = CARTESIAN_POINT('',(-8.388972745734,3.325771428571,
    38.939542857143));
#5699 = VECTOR('',#5700,1.);
#5700 = DIRECTION('',(0.,-0.707106781187,-0.707106781187));
#5701 = ORIENTED_EDGE('',*,*,#5702,.F.);
#5702 = EDGE_CURVE('',#716,#5695,#5703,.T.);
#5703 = LINE('',#5704,#5705);
#5704 = CARTESIAN_POINT('',(-8.988972745734,3.308685714286,
    38.922457142857));
#5705 = VECTOR('',#5706,1.);
#5706 = DIRECTION('',(1.,0.,0.));
#5707 = PLANE('',#5708);
#5708 = AXIS2_PLACEMENT_3D('',#5709,#5710,#5711);
#5709 = CARTESIAN_POINT('',(-8.988972745734,3.325771428571,
    38.939542857143));
#5710 = DIRECTION('',(0.,0.707106781187,-0.707106781187));
#5711 = DIRECTION('',(0.,-0.707106781187,-0.707106781187));
#5712 = ADVANCED_FACE('',(#5713),#5731,.T.);
#5713 = FACE_BOUND('',#5714,.T.);
#5714 = EDGE_LOOP('',(#5715,#5716,#5717,#5725));
#5715 = ORIENTED_EDGE('',*,*,#715,.T.);
#5716 = ORIENTED_EDGE('',*,*,#5702,.T.);
#5717 = ORIENTED_EDGE('',*,*,#5718,.T.);
#5718 = EDGE_CURVE('',#5695,#5719,#5721,.T.);
#5719 = VERTEX_POINT('',#5720);
#5720 = CARTESIAN_POINT('',(-8.388972745734,3.297357142857,
    38.905185714286));
#5721 = LINE('',#5722,#5723);
#5722 = CARTESIAN_POINT('',(-8.388972745734,3.308685714286,
    38.922457142857));
#5723 = VECTOR('',#5724,1.);
#5724 = DIRECTION('',(0.,-0.548460032671,-0.836176771121));
#5725 = ORIENTED_EDGE('',*,*,#5726,.F.);
#5726 = EDGE_CURVE('',#708,#5719,#5727,.T.);
#5727 = LINE('',#5728,#5729);
#5728 = CARTESIAN_POINT('',(-8.988972745734,3.297357142857,
    38.905185714286));
#5729 = VECTOR('',#5730,1.);
#5730 = DIRECTION('',(1.,0.,0.));
#5731 = PLANE('',#5732);
#5732 = AXIS2_PLACEMENT_3D('',#5733,#5734,#5735);
#5733 = CARTESIAN_POINT('',(-8.988972745734,3.308685714286,
    38.922457142857));
#5734 = DIRECTION('',(0.,0.836176771121,-0.548460032671));
#5735 = DIRECTION('',(0.,-0.548460032671,-0.836176771121));
#5736 = ADVANCED_FACE('',(#5737),#5755,.T.);
#5737 = FACE_BOUND('',#5738,.T.);
#5738 = EDGE_LOOP('',(#5739,#5740,#5741,#5749));
#5739 = ORIENTED_EDGE('',*,*,#707,.T.);
#5740 = ORIENTED_EDGE('',*,*,#5726,.T.);
#5741 = ORIENTED_EDGE('',*,*,#5742,.T.);
#5742 = EDGE_CURVE('',#5719,#5743,#5745,.T.);
#5743 = VERTEX_POINT('',#5744);
#5744 = CARTESIAN_POINT('',(-8.388972745734,3.285842857143,38.8881));
#5745 = LINE('',#5746,#5747);
#5746 = CARTESIAN_POINT('',(-8.388972745734,3.297357142857,
    38.905185714286));
#5747 = VECTOR('',#5748,1.);
#5748 = DIRECTION('',(0.,-0.558853462072,-0.829266427591));
#5749 = ORIENTED_EDGE('',*,*,#5750,.F.);
#5750 = EDGE_CURVE('',#700,#5743,#5751,.T.);
#5751 = LINE('',#5752,#5753);
#5752 = CARTESIAN_POINT('',(-8.988972745734,3.285842857143,38.8881));
#5753 = VECTOR('',#5754,1.);
#5754 = DIRECTION('',(1.,0.,0.));
#5755 = PLANE('',#5756);
#5756 = AXIS2_PLACEMENT_3D('',#5757,#5758,#5759);
#5757 = CARTESIAN_POINT('',(-8.988972745734,3.297357142857,
    38.905185714286));
#5758 = DIRECTION('',(0.,0.829266427591,-0.558853462072));
#5759 = DIRECTION('',(0.,-0.558853462072,-0.829266427591));
#5760 = ADVANCED_FACE('',(#5761),#5779,.T.);
#5761 = FACE_BOUND('',#5762,.T.);
#5762 = EDGE_LOOP('',(#5763,#5764,#5765,#5773));
#5763 = ORIENTED_EDGE('',*,*,#699,.T.);
#5764 = ORIENTED_EDGE('',*,*,#5750,.T.);
#5765 = ORIENTED_EDGE('',*,*,#5766,.T.);
#5766 = EDGE_CURVE('',#5743,#5767,#5769,.T.);
#5767 = VERTEX_POINT('',#5768);
#5768 = CARTESIAN_POINT('',(-8.388972745734,3.280271428571,
    38.859685714286));
#5769 = LINE('',#5770,#5771);
#5770 = CARTESIAN_POINT('',(-8.388972745734,3.285842857143,38.8881));
#5771 = VECTOR('',#5772,1.);
#5772 = DIRECTION('',(0.,-0.192414460721,-0.981313749677));
#5773 = ORIENTED_EDGE('',*,*,#5774,.F.);
#5774 = EDGE_CURVE('',#692,#5767,#5775,.T.);
#5775 = LINE('',#5776,#5777);
#5776 = CARTESIAN_POINT('',(-8.988972745734,3.280271428571,
    38.859685714286));
#5777 = VECTOR('',#5778,1.);
#5778 = DIRECTION('',(1.,0.,0.));
#5779 = PLANE('',#5780);
#5780 = AXIS2_PLACEMENT_3D('',#5781,#5782,#5783);
#5781 = CARTESIAN_POINT('',(-8.988972745734,3.285842857143,38.8881));
#5782 = DIRECTION('',(0.,0.981313749677,-0.192414460721));
#5783 = DIRECTION('',(0.,-0.192414460721,-0.981313749677));
#5784 = ADVANCED_FACE('',(#5785),#5803,.T.);
#5785 = FACE_BOUND('',#5786,.T.);
#5786 = EDGE_LOOP('',(#5787,#5788,#5789,#5797));
#5787 = ORIENTED_EDGE('',*,*,#691,.T.);
#5788 = ORIENTED_EDGE('',*,*,#5774,.T.);
#5789 = ORIENTED_EDGE('',*,*,#5790,.T.);
#5790 = EDGE_CURVE('',#5767,#5791,#5793,.T.);
#5791 = VERTEX_POINT('',#5792);
#5792 = CARTESIAN_POINT('',(-8.388972745734,3.274514285714,
    38.842414285714));
#5793 = LINE('',#5794,#5795);
#5794 = CARTESIAN_POINT('',(-8.388972745734,3.280271428571,
    38.859685714286));
#5795 = VECTOR('',#5796,1.);
#5796 = DIRECTION('',(0.,-0.316227766017,-0.948683298051));
#5797 = ORIENTED_EDGE('',*,*,#5798,.F.);
#5798 = EDGE_CURVE('',#684,#5791,#5799,.T.);
#5799 = LINE('',#5800,#5801);
#5800 = CARTESIAN_POINT('',(-8.988972745734,3.274514285714,
    38.842414285714));
#5801 = VECTOR('',#5802,1.);
#5802 = DIRECTION('',(1.,0.,0.));
#5803 = PLANE('',#5804);
#5804 = AXIS2_PLACEMENT_3D('',#5805,#5806,#5807);
#5805 = CARTESIAN_POINT('',(-8.988972745734,3.280271428571,
    38.859685714286));
#5806 = DIRECTION('',(0.,0.948683298051,-0.316227766017));
#5807 = DIRECTION('',(0.,-0.316227766017,-0.948683298051));
#5808 = ADVANCED_FACE('',(#5809),#5827,.T.);
#5809 = FACE_BOUND('',#5810,.T.);
#5810 = EDGE_LOOP('',(#5811,#5812,#5813,#5821));
#5811 = ORIENTED_EDGE('',*,*,#683,.T.);
#5812 = ORIENTED_EDGE('',*,*,#5798,.T.);
#5813 = ORIENTED_EDGE('',*,*,#5814,.T.);
#5814 = EDGE_CURVE('',#5791,#5815,#5817,.T.);
#5815 = VERTEX_POINT('',#5816);
#5816 = CARTESIAN_POINT('',(-8.388972745734,3.274514285714,
    38.528742857143));
#5817 = LINE('',#5818,#5819);
#5818 = CARTESIAN_POINT('',(-8.388972745734,3.274514285714,
    38.842414285714));
#5819 = VECTOR('',#5820,1.);
#5820 = DIRECTION('',(0.,0.,-1.));
#5821 = ORIENTED_EDGE('',*,*,#5822,.F.);
#5822 = EDGE_CURVE('',#676,#5815,#5823,.T.);
#5823 = LINE('',#5824,#5825);
#5824 = CARTESIAN_POINT('',(-8.988972745734,3.274514285714,
    38.528742857143));
#5825 = VECTOR('',#5826,1.);
#5826 = DIRECTION('',(1.,0.,0.));
#5827 = PLANE('',#5828);
#5828 = AXIS2_PLACEMENT_3D('',#5829,#5830,#5831);
#5829 = CARTESIAN_POINT('',(-8.988972745734,3.274514285714,
    38.842414285714));
#5830 = DIRECTION('',(-0.,1.,0.));
#5831 = DIRECTION('',(0.,0.,-1.));
#5832 = ADVANCED_FACE('',(#5833),#5851,.T.);
#5833 = FACE_BOUND('',#5834,.T.);
#5834 = EDGE_LOOP('',(#5835,#5836,#5837,#5845));
#5835 = ORIENTED_EDGE('',*,*,#675,.T.);
#5836 = ORIENTED_EDGE('',*,*,#5822,.T.);
#5837 = ORIENTED_EDGE('',*,*,#5838,.T.);
#5838 = EDGE_CURVE('',#5815,#5839,#5841,.T.);
#5839 = VERTEX_POINT('',#5840);
#5840 = CARTESIAN_POINT('',(-8.388972745734,3.280271428571,
    38.504785714286));
#5841 = LINE('',#5842,#5843);
#5842 = CARTESIAN_POINT('',(-8.388972745734,3.274514285714,
    38.528742857143));
#5843 = VECTOR('',#5844,1.);
#5844 = DIRECTION('',(-0.,0.233658016401,-0.972318842444));
#5845 = ORIENTED_EDGE('',*,*,#5846,.F.);
#5846 = EDGE_CURVE('',#668,#5839,#5847,.T.);
#5847 = LINE('',#5848,#5849);
#5848 = CARTESIAN_POINT('',(-8.988972745734,3.280271428571,
    38.504785714286));
#5849 = VECTOR('',#5850,1.);
#5850 = DIRECTION('',(1.,0.,0.));
#5851 = PLANE('',#5852);
#5852 = AXIS2_PLACEMENT_3D('',#5853,#5854,#5855);
#5853 = CARTESIAN_POINT('',(-8.988972745734,3.274514285714,
    38.528742857143));
#5854 = DIRECTION('',(-0.,0.972318842444,0.233658016401));
#5855 = DIRECTION('',(0.,0.233658016401,-0.972318842444));
#5856 = ADVANCED_FACE('',(#5857),#5875,.T.);
#5857 = FACE_BOUND('',#5858,.T.);
#5858 = EDGE_LOOP('',(#5859,#5860,#5861,#5869));
#5859 = ORIENTED_EDGE('',*,*,#667,.T.);
#5860 = ORIENTED_EDGE('',*,*,#5846,.T.);
#5861 = ORIENTED_EDGE('',*,*,#5862,.T.);
#5862 = EDGE_CURVE('',#5839,#5863,#5865,.T.);
#5863 = VERTEX_POINT('',#5864);
#5864 = CARTESIAN_POINT('',(-8.388972745734,3.285842857143,
    38.486957142857));
#5865 = LINE('',#5866,#5867);
#5866 = CARTESIAN_POINT('',(-8.388972745734,3.280271428571,
    38.504785714286));
#5867 = VECTOR('',#5868,1.);
#5868 = DIRECTION('',(-0.,0.298274993136,-0.954479978035));
#5869 = ORIENTED_EDGE('',*,*,#5870,.F.);
#5870 = EDGE_CURVE('',#660,#5863,#5871,.T.);
#5871 = LINE('',#5872,#5873);
#5872 = CARTESIAN_POINT('',(-8.988972745734,3.285842857143,
    38.486957142857));
#5873 = VECTOR('',#5874,1.);
#5874 = DIRECTION('',(1.,0.,0.));
#5875 = PLANE('',#5876);
#5876 = AXIS2_PLACEMENT_3D('',#5877,#5878,#5879);
#5877 = CARTESIAN_POINT('',(-8.988972745734,3.280271428571,
    38.504785714286));
#5878 = DIRECTION('',(-0.,0.954479978035,0.298274993136));
#5879 = DIRECTION('',(0.,0.298274993136,-0.954479978035));
#5880 = ADVANCED_FACE('',(#5881),#5899,.T.);
#5881 = FACE_BOUND('',#5882,.T.);
#5882 = EDGE_LOOP('',(#5883,#5884,#5885,#5893));
#5883 = ORIENTED_EDGE('',*,*,#659,.T.);
#5884 = ORIENTED_EDGE('',*,*,#5870,.T.);
#5885 = ORIENTED_EDGE('',*,*,#5886,.T.);
#5886 = EDGE_CURVE('',#5863,#5887,#5889,.T.);
#5887 = VERTEX_POINT('',#5888);
#5888 = CARTESIAN_POINT('',(-8.388972745734,3.297357142857,
    38.468942857143));
#5889 = LINE('',#5890,#5891);
#5890 = CARTESIAN_POINT('',(-8.388972745734,3.285842857143,
    38.486957142857));
#5891 = VECTOR('',#5892,1.);
#5892 = DIRECTION('',(-0.,0.538560615351,-0.842586769178));
#5893 = ORIENTED_EDGE('',*,*,#5894,.F.);
#5894 = EDGE_CURVE('',#652,#5887,#5895,.T.);
#5895 = LINE('',#5896,#5897);
#5896 = CARTESIAN_POINT('',(-8.988972745734,3.297357142857,
    38.468942857143));
#5897 = VECTOR('',#5898,1.);
#5898 = DIRECTION('',(1.,0.,0.));
#5899 = PLANE('',#5900);
#5900 = AXIS2_PLACEMENT_3D('',#5901,#5902,#5903);
#5901 = CARTESIAN_POINT('',(-8.988972745734,3.285842857143,
    38.486957142857));
#5902 = DIRECTION('',(-0.,0.842586769178,0.538560615351));
#5903 = DIRECTION('',(0.,0.538560615351,-0.842586769178));
#5904 = ADVANCED_FACE('',(#5905),#5923,.T.);
#5905 = FACE_BOUND('',#5906,.T.);
#5906 = EDGE_LOOP('',(#5907,#5908,#5909,#5917));
#5907 = ORIENTED_EDGE('',*,*,#651,.T.);
#5908 = ORIENTED_EDGE('',*,*,#5894,.T.);
#5909 = ORIENTED_EDGE('',*,*,#5910,.T.);
#5910 = EDGE_CURVE('',#5887,#5911,#5913,.T.);
#5911 = VERTEX_POINT('',#5912);
#5912 = CARTESIAN_POINT('',(-8.388972745734,3.308685714286,
    38.450928571429));
#5913 = LINE('',#5914,#5915);
#5914 = CARTESIAN_POINT('',(-8.388972745734,3.297357142857,
    38.468942857143));
#5915 = VECTOR('',#5916,1.);
#5916 = DIRECTION('',(-0.,0.532350261781,-0.846524186767));
#5917 = ORIENTED_EDGE('',*,*,#5918,.F.);
#5918 = EDGE_CURVE('',#644,#5911,#5919,.T.);
#5919 = LINE('',#5920,#5921);
#5920 = CARTESIAN_POINT('',(-8.988972745734,3.308685714286,
    38.450928571429));
#5921 = VECTOR('',#5922,1.);
#5922 = DIRECTION('',(1.,0.,0.));
#5923 = PLANE('',#5924);
#5924 = AXIS2_PLACEMENT_3D('',#5925,#5926,#5927);
#5925 = CARTESIAN_POINT('',(-8.988972745734,3.297357142857,
    38.468942857143));
#5926 = DIRECTION('',(-0.,0.846524186767,0.532350261781));
#5927 = DIRECTION('',(0.,0.532350261781,-0.846524186767));
#5928 = ADVANCED_FACE('',(#5929),#5947,.T.);
#5929 = FACE_BOUND('',#5930,.T.);
#5930 = EDGE_LOOP('',(#5931,#5932,#5933,#5941));
#5931 = ORIENTED_EDGE('',*,*,#643,.T.);
#5932 = ORIENTED_EDGE('',*,*,#5918,.T.);
#5933 = ORIENTED_EDGE('',*,*,#5934,.T.);
#5934 = EDGE_CURVE('',#5911,#5935,#5937,.T.);
#5935 = VERTEX_POINT('',#5936);
#5936 = CARTESIAN_POINT('',(-8.388972745734,3.3202,38.432914285714));
#5937 = LINE('',#5938,#5939);
#5938 = CARTESIAN_POINT('',(-8.388972745734,3.308685714286,
    38.450928571429));
#5939 = VECTOR('',#5940,1.);
#5940 = DIRECTION('',(-0.,0.538560615351,-0.842586769178));
#5941 = ORIENTED_EDGE('',*,*,#5942,.F.);
#5942 = EDGE_CURVE('',#636,#5935,#5943,.T.);
#5943 = LINE('',#5944,#5945);
#5944 = CARTESIAN_POINT('',(-8.988972745734,3.3202,38.432914285714));
#5945 = VECTOR('',#5946,1.);
#5946 = DIRECTION('',(1.,0.,0.));
#5947 = PLANE('',#5948);
#5948 = AXIS2_PLACEMENT_3D('',#5949,#5950,#5951);
#5949 = CARTESIAN_POINT('',(-8.988972745734,3.308685714286,
    38.450928571429));
#5950 = DIRECTION('',(-0.,0.842586769178,0.538560615351));
#5951 = DIRECTION('',(0.,0.538560615351,-0.842586769178));
#5952 = ADVANCED_FACE('',(#5953),#5971,.T.);
#5953 = FACE_BOUND('',#5954,.T.);
#5954 = EDGE_LOOP('',(#5955,#5956,#5957,#5965));
#5955 = ORIENTED_EDGE('',*,*,#635,.T.);
#5956 = ORIENTED_EDGE('',*,*,#5942,.T.);
#5957 = ORIENTED_EDGE('',*,*,#5958,.T.);
#5958 = EDGE_CURVE('',#5935,#5959,#5961,.T.);
#5959 = VERTEX_POINT('',#5960);
#5960 = CARTESIAN_POINT('',(-8.388972745734,3.337285714286,
    38.421028571429));
#5961 = LINE('',#5962,#5963);
#5962 = CARTESIAN_POINT('',(-8.388972745734,3.3202,38.432914285714));
#5963 = VECTOR('',#5964,1.);
#5964 = DIRECTION('',(-0.,0.820905201785,-0.571064488199));
#5965 = ORIENTED_EDGE('',*,*,#5966,.F.);
#5966 = EDGE_CURVE('',#628,#5959,#5967,.T.);
#5967 = LINE('',#5968,#5969);
#5968 = CARTESIAN_POINT('',(-8.988972745734,3.337285714286,
    38.421028571429));
#5969 = VECTOR('',#5970,1.);
#5970 = DIRECTION('',(1.,0.,0.));
#5971 = PLANE('',#5972);
#5972 = AXIS2_PLACEMENT_3D('',#5973,#5974,#5975);
#5973 = CARTESIAN_POINT('',(-8.988972745734,3.3202,38.432914285714));
#5974 = DIRECTION('',(-0.,0.571064488199,0.820905201785));
#5975 = DIRECTION('',(0.,0.820905201785,-0.571064488199));
#5976 = ADVANCED_FACE('',(#5977),#5995,.T.);
#5977 = FACE_BOUND('',#5978,.T.);
#5978 = EDGE_LOOP('',(#5979,#5980,#5981,#5989));
#5979 = ORIENTED_EDGE('',*,*,#627,.T.);
#5980 = ORIENTED_EDGE('',*,*,#5966,.T.);
#5981 = ORIENTED_EDGE('',*,*,#5982,.T.);
#5982 = EDGE_CURVE('',#5959,#5983,#5985,.T.);
#5983 = VERTEX_POINT('',#5984);
#5984 = CARTESIAN_POINT('',(-8.388972745734,3.354371428571,
    38.408957142857));
#5985 = LINE('',#5986,#5987);
#5986 = CARTESIAN_POINT('',(-8.388972745734,3.337285714286,
    38.421028571429));
#5987 = VECTOR('',#5988,1.);
#5988 = DIRECTION('',(-0.,0.816721763686,-0.577031680865));
#5989 = ORIENTED_EDGE('',*,*,#5990,.F.);
#5990 = EDGE_CURVE('',#620,#5983,#5991,.T.);
#5991 = LINE('',#5992,#5993);
#5992 = CARTESIAN_POINT('',(-8.988972745734,3.354371428571,
    38.408957142857));
#5993 = VECTOR('',#5994,1.);
#5994 = DIRECTION('',(1.,0.,0.));
#5995 = PLANE('',#5996);
#5996 = AXIS2_PLACEMENT_3D('',#5997,#5998,#5999);
#5997 = CARTESIAN_POINT('',(-8.988972745734,3.337285714286,
    38.421028571429));
#5998 = DIRECTION('',(-0.,0.577031680865,0.816721763686));
#5999 = DIRECTION('',(0.,0.816721763686,-0.577031680865));
#6000 = ADVANCED_FACE('',(#6001),#6019,.T.);
#6001 = FACE_BOUND('',#6002,.T.);
#6002 = EDGE_LOOP('',(#6003,#6004,#6005,#6013));
#6003 = ORIENTED_EDGE('',*,*,#619,.T.);
#6004 = ORIENTED_EDGE('',*,*,#5990,.T.);
#6005 = ORIENTED_EDGE('',*,*,#6006,.T.);
#6006 = EDGE_CURVE('',#5983,#6007,#6009,.T.);
#6007 = VERTEX_POINT('',#6008);
#6008 = CARTESIAN_POINT('',(-8.388972745734,3.377214285714,38.4032));
#6009 = LINE('',#6010,#6011);
#6010 = CARTESIAN_POINT('',(-8.388972745734,3.354371428571,
    38.408957142857));
#6011 = VECTOR('',#6012,1.);
#6012 = DIRECTION('',(-0.,0.969676988372,-0.244390135281));
#6013 = ORIENTED_EDGE('',*,*,#6014,.F.);
#6014 = EDGE_CURVE('',#612,#6007,#6015,.T.);
#6015 = LINE('',#6016,#6017);
#6016 = CARTESIAN_POINT('',(-8.988972745734,3.377214285714,38.4032));
#6017 = VECTOR('',#6018,1.);
#6018 = DIRECTION('',(1.,0.,0.));
#6019 = PLANE('',#6020);
#6020 = AXIS2_PLACEMENT_3D('',#6021,#6022,#6023);
#6021 = CARTESIAN_POINT('',(-8.988972745734,3.354371428571,
    38.408957142857));
#6022 = DIRECTION('',(-0.,0.244390135281,0.969676988372));
#6023 = DIRECTION('',(0.,0.969676988372,-0.244390135281));
#6024 = ADVANCED_FACE('',(#6025),#6050,.T.);
#6025 = FACE_BOUND('',#6026,.T.);
#6026 = EDGE_LOOP('',(#6027,#6028,#6036,#6044));
#6027 = ORIENTED_EDGE('',*,*,#603,.T.);
#6028 = ORIENTED_EDGE('',*,*,#6029,.T.);
#6029 = EDGE_CURVE('',#604,#6030,#6032,.T.);
#6030 = VERTEX_POINT('',#6031);
#6031 = CARTESIAN_POINT('',(-8.388972745734,4.872957142857,38.4032));
#6032 = LINE('',#6033,#6034);
#6033 = CARTESIAN_POINT('',(-8.988972745734,4.872957142857,38.4032));
#6034 = VECTOR('',#6035,1.);
#6035 = DIRECTION('',(1.,0.,0.));
#6036 = ORIENTED_EDGE('',*,*,#6037,.T.);
#6037 = EDGE_CURVE('',#6030,#6038,#6040,.T.);
#6038 = VERTEX_POINT('',#6039);
#6039 = CARTESIAN_POINT('',(-8.388972745734,4.896728571429,
    38.414528571429));
#6040 = LINE('',#6041,#6042);
#6041 = CARTESIAN_POINT('',(-8.388972745734,4.872957142857,38.4032));
#6042 = VECTOR('',#6043,1.);
#6043 = DIRECTION('',(0.,0.902730115416,0.430207320628));
#6044 = ORIENTED_EDGE('',*,*,#6045,.F.);
#6045 = EDGE_CURVE('',#596,#6038,#6046,.T.);
#6046 = LINE('',#6047,#6048);
#6047 = CARTESIAN_POINT('',(-8.988972745734,4.896728571429,
    38.414528571429));
#6048 = VECTOR('',#6049,1.);
#6049 = DIRECTION('',(1.,0.,0.));
#6050 = PLANE('',#6051);
#6051 = AXIS2_PLACEMENT_3D('',#6052,#6053,#6054);
#6052 = CARTESIAN_POINT('',(-8.988972745734,4.872957142857,38.4032));
#6053 = DIRECTION('',(0.,-0.430207320628,0.902730115416));
#6054 = DIRECTION('',(0.,0.902730115416,0.430207320628));
#6055 = ADVANCED_FACE('',(#6056),#6074,.T.);
#6056 = FACE_BOUND('',#6057,.T.);
#6057 = EDGE_LOOP('',(#6058,#6059,#6060,#6068));
#6058 = ORIENTED_EDGE('',*,*,#595,.T.);
#6059 = ORIENTED_EDGE('',*,*,#6045,.T.);
#6060 = ORIENTED_EDGE('',*,*,#6061,.T.);
#6061 = EDGE_CURVE('',#6038,#6062,#6064,.T.);
#6062 = VERTEX_POINT('',#6063);
#6063 = CARTESIAN_POINT('',(-8.388972745734,4.914742857143,
    38.420285714286));
#6064 = LINE('',#6065,#6066);
#6065 = CARTESIAN_POINT('',(-8.388972745734,4.896728571429,
    38.414528571429));
#6066 = VECTOR('',#6067,1.);
#6067 = DIRECTION('',(0.,0.952538100641,0.304419392988));
#6068 = ORIENTED_EDGE('',*,*,#6069,.F.);
#6069 = EDGE_CURVE('',#588,#6062,#6070,.T.);
#6070 = LINE('',#6071,#6072);
#6071 = CARTESIAN_POINT('',(-8.988972745734,4.914742857143,
    38.420285714286));
#6072 = VECTOR('',#6073,1.);
#6073 = DIRECTION('',(1.,0.,0.));
#6074 = PLANE('',#6075);
#6075 = AXIS2_PLACEMENT_3D('',#6076,#6077,#6078);
#6076 = CARTESIAN_POINT('',(-8.988972745734,4.896728571429,
    38.414528571429));
#6077 = DIRECTION('',(0.,-0.304419392988,0.952538100641));
#6078 = DIRECTION('',(0.,0.952538100641,0.304419392988));
#6079 = ADVANCED_FACE('',(#6080),#6098,.T.);
#6080 = FACE_BOUND('',#6081,.T.);
#6081 = EDGE_LOOP('',(#6082,#6083,#6084,#6092));
#6082 = ORIENTED_EDGE('',*,*,#587,.T.);
#6083 = ORIENTED_EDGE('',*,*,#6069,.T.);
#6084 = ORIENTED_EDGE('',*,*,#6085,.T.);
#6085 = EDGE_CURVE('',#6062,#6086,#6088,.T.);
#6086 = VERTEX_POINT('',#6087);
#6087 = CARTESIAN_POINT('',(-8.388972745734,4.932571428571,38.4318));
#6088 = LINE('',#6089,#6090);
#6089 = CARTESIAN_POINT('',(-8.388972745734,4.914742857143,
    38.420285714286));
#6090 = VECTOR('',#6091,1.);
#6091 = DIRECTION('',(0.,0.840039377769,0.542525431476));
#6092 = ORIENTED_EDGE('',*,*,#6093,.F.);
#6093 = EDGE_CURVE('',#580,#6086,#6094,.T.);
#6094 = LINE('',#6095,#6096);
#6095 = CARTESIAN_POINT('',(-8.988972745734,4.932571428571,38.4318));
#6096 = VECTOR('',#6097,1.);
#6097 = DIRECTION('',(1.,0.,0.));
#6098 = PLANE('',#6099);
#6099 = AXIS2_PLACEMENT_3D('',#6100,#6101,#6102);
#6100 = CARTESIAN_POINT('',(-8.988972745734,4.914742857143,
    38.420285714286));
#6101 = DIRECTION('',(0.,-0.542525431476,0.840039377769));
#6102 = DIRECTION('',(0.,0.840039377769,0.542525431476));
#6103 = ADVANCED_FACE('',(#6104),#6122,.T.);
#6104 = FACE_BOUND('',#6105,.T.);
#6105 = EDGE_LOOP('',(#6106,#6107,#6108,#6116));
#6106 = ORIENTED_EDGE('',*,*,#579,.T.);
#6107 = ORIENTED_EDGE('',*,*,#6093,.T.);
#6108 = ORIENTED_EDGE('',*,*,#6109,.T.);
#6109 = EDGE_CURVE('',#6086,#6110,#6112,.T.);
#6110 = VERTEX_POINT('',#6111);
#6111 = CARTESIAN_POINT('',(-8.388972745734,4.9504,38.448885714286));
#6112 = LINE('',#6113,#6114);
#6113 = CARTESIAN_POINT('',(-8.388972745734,4.932571428571,38.4318));
#6114 = VECTOR('',#6115,1.);
#6115 = DIRECTION('',(0.,0.721988205115,0.691905363236));
#6116 = ORIENTED_EDGE('',*,*,#6117,.F.);
#6117 = EDGE_CURVE('',#572,#6110,#6118,.T.);
#6118 = LINE('',#6119,#6120);
#6119 = CARTESIAN_POINT('',(-8.988972745734,4.9504,38.448885714286));
#6120 = VECTOR('',#6121,1.);
#6121 = DIRECTION('',(1.,0.,0.));
#6122 = PLANE('',#6123);
#6123 = AXIS2_PLACEMENT_3D('',#6124,#6125,#6126);
#6124 = CARTESIAN_POINT('',(-8.988972745734,4.932571428571,38.4318));
#6125 = DIRECTION('',(0.,-0.691905363236,0.721988205115));
#6126 = DIRECTION('',(0.,0.721988205115,0.691905363236));
#6127 = ADVANCED_FACE('',(#6128),#6153,.T.);
#6128 = FACE_BOUND('',#6129,.T.);
#6129 = EDGE_LOOP('',(#6130,#6131,#6139,#6147));
#6130 = ORIENTED_EDGE('',*,*,#563,.T.);
#6131 = ORIENTED_EDGE('',*,*,#6132,.T.);
#6132 = EDGE_CURVE('',#564,#6133,#6135,.T.);
#6133 = VERTEX_POINT('',#6134);
#6134 = CARTESIAN_POINT('',(-8.388972745734,4.974171428571,
    38.483057142857));
#6135 = LINE('',#6136,#6137);
#6136 = CARTESIAN_POINT('',(-8.988972745734,4.974171428571,
    38.483057142857));
#6137 = VECTOR('',#6138,1.);
#6138 = DIRECTION('',(1.,0.,0.));
#6139 = ORIENTED_EDGE('',*,*,#6140,.T.);
#6140 = EDGE_CURVE('',#6133,#6141,#6143,.T.);
#6141 = VERTEX_POINT('',#6142);
#6142 = CARTESIAN_POINT('',(-8.388972745734,4.986057142857,38.5059));
#6143 = LINE('',#6144,#6145);
#6144 = CARTESIAN_POINT('',(-8.388972745734,4.974171428571,
    38.483057142857));
#6145 = VECTOR('',#6146,1.);
#6146 = DIRECTION('',(0.,0.461579805424,0.887098688549));
#6147 = ORIENTED_EDGE('',*,*,#6148,.F.);
#6148 = EDGE_CURVE('',#556,#6141,#6149,.T.);
#6149 = LINE('',#6150,#6151);
#6150 = CARTESIAN_POINT('',(-8.988972745734,4.986057142857,38.5059));
#6151 = VECTOR('',#6152,1.);
#6152 = DIRECTION('',(1.,0.,0.));
#6153 = PLANE('',#6154);
#6154 = AXIS2_PLACEMENT_3D('',#6155,#6156,#6157);
#6155 = CARTESIAN_POINT('',(-8.988972745734,4.974171428571,
    38.483057142857));
#6156 = DIRECTION('',(0.,-0.887098688549,0.461579805424));
#6157 = DIRECTION('',(0.,0.461579805424,0.887098688549));
#6158 = ADVANCED_FACE('',(#6159),#6184,.T.);
#6159 = FACE_BOUND('',#6160,.T.);
#6160 = EDGE_LOOP('',(#6161,#6162,#6170,#6178));
#6161 = ORIENTED_EDGE('',*,*,#547,.T.);
#6162 = ORIENTED_EDGE('',*,*,#6163,.T.);
#6163 = EDGE_CURVE('',#548,#6164,#6166,.T.);
#6164 = VERTEX_POINT('',#6165);
#6165 = CARTESIAN_POINT('',(-8.388972745734,4.986057142857,
    38.842414285714));
#6166 = LINE('',#6167,#6168);
#6167 = CARTESIAN_POINT('',(-8.988972745734,4.986057142857,
    38.842414285714));
#6168 = VECTOR('',#6169,1.);
#6169 = DIRECTION('',(1.,0.,0.));
#6170 = ORIENTED_EDGE('',*,*,#6171,.T.);
#6171 = EDGE_CURVE('',#6164,#6172,#6174,.T.);
#6172 = VERTEX_POINT('',#6173);
#6173 = CARTESIAN_POINT('',(-8.388972745734,4.9803,38.871014285714));
#6174 = LINE('',#6175,#6176);
#6175 = CARTESIAN_POINT('',(-8.388972745734,4.986057142857,
    38.842414285714));
#6176 = VECTOR('',#6177,1.);
#6177 = DIRECTION('',(0.,-0.197340176951,0.980335072596));
#6178 = ORIENTED_EDGE('',*,*,#6179,.F.);
#6179 = EDGE_CURVE('',#540,#6172,#6180,.T.);
#6180 = LINE('',#6181,#6182);
#6181 = CARTESIAN_POINT('',(-8.988972745734,4.9803,38.871014285714));
#6182 = VECTOR('',#6183,1.);
#6183 = DIRECTION('',(1.,0.,0.));
#6184 = PLANE('',#6185);
#6185 = AXIS2_PLACEMENT_3D('',#6186,#6187,#6188);
#6186 = CARTESIAN_POINT('',(-8.988972745734,4.986057142857,
    38.842414285714));
#6187 = DIRECTION('',(0.,-0.980335072596,-0.197340176951));
#6188 = DIRECTION('',(0.,-0.197340176951,0.980335072596));
#6189 = ADVANCED_FACE('',(#6190),#6208,.T.);
#6190 = FACE_BOUND('',#6191,.T.);
#6191 = EDGE_LOOP('',(#6192,#6193,#6194,#6202));
#6192 = ORIENTED_EDGE('',*,*,#539,.T.);
#6193 = ORIENTED_EDGE('',*,*,#6179,.T.);
#6194 = ORIENTED_EDGE('',*,*,#6195,.T.);
#6195 = EDGE_CURVE('',#6172,#6196,#6198,.T.);
#6196 = VERTEX_POINT('',#6197);
#6197 = CARTESIAN_POINT('',(-8.388972745734,4.968971428571,
    38.899614285714));
#6198 = LINE('',#6199,#6200);
#6199 = CARTESIAN_POINT('',(-8.388972745734,4.9803,38.871014285714));
#6200 = VECTOR('',#6201,1.);
#6201 = DIRECTION('',(0.,-0.368265914122,0.929720504504));
#6202 = ORIENTED_EDGE('',*,*,#6203,.F.);
#6203 = EDGE_CURVE('',#532,#6196,#6204,.T.);
#6204 = LINE('',#6205,#6206);
#6205 = CARTESIAN_POINT('',(-8.988972745734,4.968971428571,
    38.899614285714));
#6206 = VECTOR('',#6207,1.);
#6207 = DIRECTION('',(1.,0.,0.));
#6208 = PLANE('',#6209);
#6209 = AXIS2_PLACEMENT_3D('',#6210,#6211,#6212);
#6210 = CARTESIAN_POINT('',(-8.988972745734,4.9803,38.871014285714));
#6211 = DIRECTION('',(0.,-0.929720504504,-0.368265914122));
#6212 = DIRECTION('',(0.,-0.368265914122,0.929720504504));
#6213 = ADVANCED_FACE('',(#6214),#6232,.T.);
#6214 = FACE_BOUND('',#6215,.T.);
#6215 = EDGE_LOOP('',(#6216,#6217,#6218,#6226));
#6216 = ORIENTED_EDGE('',*,*,#531,.T.);
#6217 = ORIENTED_EDGE('',*,*,#6203,.T.);
#6218 = ORIENTED_EDGE('',*,*,#6219,.T.);
#6219 = EDGE_CURVE('',#6196,#6220,#6222,.T.);
#6220 = VERTEX_POINT('',#6221);
#6221 = CARTESIAN_POINT('',(-8.388972745734,4.951885714286,
    38.922457142857));
#6222 = LINE('',#6223,#6224);
#6223 = CARTESIAN_POINT('',(-8.388972745734,4.968971428571,
    38.899614285714));
#6224 = VECTOR('',#6225,1.);
#6225 = DIRECTION('',(0.,-0.598957825591,0.80078057117));
#6226 = ORIENTED_EDGE('',*,*,#6227,.F.);
#6227 = EDGE_CURVE('',#524,#6220,#6228,.T.);
#6228 = LINE('',#6229,#6230);
#6229 = CARTESIAN_POINT('',(-8.988972745734,4.951885714286,
    38.922457142857));
#6230 = VECTOR('',#6231,1.);
#6231 = DIRECTION('',(1.,0.,0.));
#6232 = PLANE('',#6233);
#6233 = AXIS2_PLACEMENT_3D('',#6234,#6235,#6236);
#6234 = CARTESIAN_POINT('',(-8.988972745734,4.968971428571,
    38.899614285714));
#6235 = DIRECTION('',(0.,-0.80078057117,-0.598957825591));
#6236 = DIRECTION('',(0.,-0.598957825591,0.80078057117));
#6237 = ADVANCED_FACE('',(#6238),#6256,.T.);
#6238 = FACE_BOUND('',#6239,.T.);
#6239 = EDGE_LOOP('',(#6240,#6241,#6242,#6250));
#6240 = ORIENTED_EDGE('',*,*,#523,.T.);
#6241 = ORIENTED_EDGE('',*,*,#6227,.T.);
#6242 = ORIENTED_EDGE('',*,*,#6243,.T.);
#6243 = EDGE_CURVE('',#6220,#6244,#6246,.T.);
#6244 = VERTEX_POINT('',#6245);
#6245 = CARTESIAN_POINT('',(-8.388972745734,4.9348,38.939542857143));
#6246 = LINE('',#6247,#6248);
#6247 = CARTESIAN_POINT('',(-8.388972745734,4.951885714286,
    38.922457142857));
#6248 = VECTOR('',#6249,1.);
#6249 = DIRECTION('',(0.,-0.707106781187,0.707106781187));
#6250 = ORIENTED_EDGE('',*,*,#6251,.F.);
#6251 = EDGE_CURVE('',#516,#6244,#6252,.T.);
#6252 = LINE('',#6253,#6254);
#6253 = CARTESIAN_POINT('',(-8.988972745734,4.9348,38.939542857143));
#6254 = VECTOR('',#6255,1.);
#6255 = DIRECTION('',(1.,0.,0.));
#6256 = PLANE('',#6257);
#6257 = AXIS2_PLACEMENT_3D('',#6258,#6259,#6260);
#6258 = CARTESIAN_POINT('',(-8.988972745734,4.951885714286,
    38.922457142857));
#6259 = DIRECTION('',(0.,-0.707106781187,-0.707106781187));
#6260 = DIRECTION('',(0.,-0.707106781187,0.707106781187));
#6261 = ADVANCED_FACE('',(#6262),#6280,.T.);
#6262 = FACE_BOUND('',#6263,.T.);
#6263 = EDGE_LOOP('',(#6264,#6265,#6266,#6274));
#6264 = ORIENTED_EDGE('',*,*,#515,.T.);
#6265 = ORIENTED_EDGE('',*,*,#6251,.T.);
#6266 = ORIENTED_EDGE('',*,*,#6267,.T.);
#6267 = EDGE_CURVE('',#6244,#6268,#6270,.T.);
#6268 = VERTEX_POINT('',#6269);
#6269 = CARTESIAN_POINT('',(-8.388972745734,4.917528571429,
    38.950871428571));
#6270 = LINE('',#6271,#6272);
#6271 = CARTESIAN_POINT('',(-8.388972745734,4.9348,38.939542857143));
#6272 = VECTOR('',#6273,1.);
#6273 = DIRECTION('',(0.,-0.836176771121,0.548460032671));
#6274 = ORIENTED_EDGE('',*,*,#6275,.F.);
#6275 = EDGE_CURVE('',#508,#6268,#6276,.T.);
#6276 = LINE('',#6277,#6278);
#6277 = CARTESIAN_POINT('',(-8.988972745734,4.917528571429,
    38.950871428571));
#6278 = VECTOR('',#6279,1.);
#6279 = DIRECTION('',(1.,0.,0.));
#6280 = PLANE('',#6281);
#6281 = AXIS2_PLACEMENT_3D('',#6282,#6283,#6284);
#6282 = CARTESIAN_POINT('',(-8.988972745734,4.9348,38.939542857143));
#6283 = DIRECTION('',(0.,-0.548460032671,-0.836176771121));
#6284 = DIRECTION('',(0.,-0.836176771121,0.548460032671));
#6285 = ADVANCED_FACE('',(#6286),#6304,.T.);
#6286 = FACE_BOUND('',#6287,.T.);
#6287 = EDGE_LOOP('',(#6288,#6289,#6290,#6298));
#6288 = ORIENTED_EDGE('',*,*,#507,.T.);
#6289 = ORIENTED_EDGE('',*,*,#6275,.T.);
#6290 = ORIENTED_EDGE('',*,*,#6291,.T.);
#6291 = EDGE_CURVE('',#6268,#6292,#6294,.T.);
#6292 = VERTEX_POINT('',#6293);
#6293 = CARTESIAN_POINT('',(-8.388972745734,4.900442857143,
    38.962385714286));
#6294 = LINE('',#6295,#6296);
#6295 = CARTESIAN_POINT('',(-8.388972745734,4.917528571429,
    38.950871428571));
#6296 = VECTOR('',#6297,1.);
#6297 = DIRECTION('',(0.,-0.829266427591,0.558853462072));
#6298 = ORIENTED_EDGE('',*,*,#6299,.F.);
#6299 = EDGE_CURVE('',#500,#6292,#6300,.T.);
#6300 = LINE('',#6301,#6302);
#6301 = CARTESIAN_POINT('',(-8.988972745734,4.900442857143,
    38.962385714286));
#6302 = VECTOR('',#6303,1.);
#6303 = DIRECTION('',(1.,0.,0.));
#6304 = PLANE('',#6305);
#6305 = AXIS2_PLACEMENT_3D('',#6306,#6307,#6308);
#6306 = CARTESIAN_POINT('',(-8.988972745734,4.917528571429,
    38.950871428571));
#6307 = DIRECTION('',(0.,-0.558853462072,-0.829266427591));
#6308 = DIRECTION('',(0.,-0.829266427591,0.558853462072));
#6309 = ADVANCED_FACE('',(#6310),#6328,.T.);
#6310 = FACE_BOUND('',#6311,.T.);
#6311 = EDGE_LOOP('',(#6312,#6313,#6314,#6322));
#6312 = ORIENTED_EDGE('',*,*,#499,.T.);
#6313 = ORIENTED_EDGE('',*,*,#6299,.T.);
#6314 = ORIENTED_EDGE('',*,*,#6315,.T.);
#6315 = EDGE_CURVE('',#6292,#6316,#6318,.T.);
#6316 = VERTEX_POINT('',#6317);
#6317 = CARTESIAN_POINT('',(-8.388972745734,4.8776,38.967957142857));
#6318 = LINE('',#6319,#6320);
#6319 = CARTESIAN_POINT('',(-8.388972745734,4.900442857143,
    38.962385714286));
#6320 = VECTOR('',#6321,1.);
#6321 = DIRECTION('',(0.,-0.971520338783,0.236956180191));
#6322 = ORIENTED_EDGE('',*,*,#6323,.F.);
#6323 = EDGE_CURVE('',#492,#6316,#6324,.T.);
#6324 = LINE('',#6325,#6326);
#6325 = CARTESIAN_POINT('',(-8.988972745734,4.8776,38.967957142857));
#6326 = VECTOR('',#6327,1.);
#6327 = DIRECTION('',(1.,0.,0.));
#6328 = PLANE('',#6329);
#6329 = AXIS2_PLACEMENT_3D('',#6330,#6331,#6332);
#6330 = CARTESIAN_POINT('',(-8.988972745734,4.900442857143,
    38.962385714286));
#6331 = DIRECTION('',(0.,-0.236956180191,-0.971520338783));
#6332 = DIRECTION('',(0.,-0.971520338783,0.236956180191));
#6333 = ADVANCED_FACE('',(#6334),#6352,.T.);
#6334 = FACE_BOUND('',#6335,.T.);
#6335 = EDGE_LOOP('',(#6336,#6337,#6338,#6346));
#6336 = ORIENTED_EDGE('',*,*,#491,.T.);
#6337 = ORIENTED_EDGE('',*,*,#6323,.T.);
#6338 = ORIENTED_EDGE('',*,*,#6339,.T.);
#6339 = EDGE_CURVE('',#6316,#6340,#6342,.T.);
#6340 = VERTEX_POINT('',#6341);
#6341 = CARTESIAN_POINT('',(-8.388972745734,4.854757142857,
    38.973714285714));
#6342 = LINE('',#6343,#6344);
#6343 = CARTESIAN_POINT('',(-8.388972745734,4.8776,38.967957142857));
#6344 = VECTOR('',#6345,1.);
#6345 = DIRECTION('',(0.,-0.969676988372,0.244390135281));
#6346 = ORIENTED_EDGE('',*,*,#6347,.F.);
#6347 = EDGE_CURVE('',#484,#6340,#6348,.T.);
#6348 = LINE('',#6349,#6350);
#6349 = CARTESIAN_POINT('',(-8.988972745734,4.854757142857,
    38.973714285714));
#6350 = VECTOR('',#6351,1.);
#6351 = DIRECTION('',(1.,0.,0.));
#6352 = PLANE('',#6353);
#6353 = AXIS2_PLACEMENT_3D('',#6354,#6355,#6356);
#6354 = CARTESIAN_POINT('',(-8.988972745734,4.8776,38.967957142857));
#6355 = DIRECTION('',(0.,-0.244390135281,-0.969676988372));
#6356 = DIRECTION('',(0.,-0.969676988372,0.244390135281));
#6357 = ADVANCED_FACE('',(#6358),#6376,.T.);
#6358 = FACE_BOUND('',#6359,.T.);
#6359 = EDGE_LOOP('',(#6360,#6361,#6362,#6370));
#6360 = ORIENTED_EDGE('',*,*,#483,.T.);
#6361 = ORIENTED_EDGE('',*,*,#6347,.T.);
#6362 = ORIENTED_EDGE('',*,*,#6363,.T.);
#6363 = EDGE_CURVE('',#6340,#6364,#6366,.T.);
#6364 = VERTEX_POINT('',#6365);
#6365 = CARTESIAN_POINT('',(-8.388972745734,4.415542857143,
    38.973714285714));
#6366 = LINE('',#6367,#6368);
#6367 = CARTESIAN_POINT('',(-8.388972745734,4.854757142857,
    38.973714285714));
#6368 = VECTOR('',#6369,1.);
#6369 = DIRECTION('',(0.,-1.,0.));
#6370 = ORIENTED_EDGE('',*,*,#6371,.F.);
#6371 = EDGE_CURVE('',#476,#6364,#6372,.T.);
#6372 = LINE('',#6373,#6374);
#6373 = CARTESIAN_POINT('',(-8.988972745734,4.415542857143,
    38.973714285714));
#6374 = VECTOR('',#6375,1.);
#6375 = DIRECTION('',(1.,0.,0.));
#6376 = PLANE('',#6377);
#6377 = AXIS2_PLACEMENT_3D('',#6378,#6379,#6380);
#6378 = CARTESIAN_POINT('',(-8.988972745734,4.854757142857,
    38.973714285714));
#6379 = DIRECTION('',(0.,0.,-1.));
#6380 = DIRECTION('',(0.,-1.,0.));
#6381 = ADVANCED_FACE('',(#6382),#6400,.T.);
#6382 = FACE_BOUND('',#6383,.T.);
#6383 = EDGE_LOOP('',(#6384,#6385,#6386,#6394));
#6384 = ORIENTED_EDGE('',*,*,#475,.T.);
#6385 = ORIENTED_EDGE('',*,*,#6371,.T.);
#6386 = ORIENTED_EDGE('',*,*,#6387,.T.);
#6387 = EDGE_CURVE('',#6364,#6388,#6390,.T.);
#6388 = VERTEX_POINT('',#6389);
#6389 = CARTESIAN_POINT('',(-8.388972745734,4.415542857143,
    41.826285714286));
#6390 = LINE('',#6391,#6392);
#6391 = CARTESIAN_POINT('',(-8.388972745734,4.415542857143,
    38.973714285714));
#6392 = VECTOR('',#6393,1.);
#6393 = DIRECTION('',(0.,0.,1.));
#6394 = ORIENTED_EDGE('',*,*,#6395,.F.);
#6395 = EDGE_CURVE('',#468,#6388,#6396,.T.);
#6396 = LINE('',#6397,#6398);
#6397 = CARTESIAN_POINT('',(-8.988972745734,4.415542857143,
    41.826285714286));
#6398 = VECTOR('',#6399,1.);
#6399 = DIRECTION('',(1.,0.,0.));
#6400 = PLANE('',#6401);
#6401 = AXIS2_PLACEMENT_3D('',#6402,#6403,#6404);
#6402 = CARTESIAN_POINT('',(-8.988972745734,4.415542857143,
    38.973714285714));
#6403 = DIRECTION('',(0.,-1.,0.));
#6404 = DIRECTION('',(0.,0.,1.));
#6405 = ADVANCED_FACE('',(#6406),#6417,.T.);
#6406 = FACE_BOUND('',#6407,.T.);
#6407 = EDGE_LOOP('',(#6408,#6409,#6410,#6416));
#6408 = ORIENTED_EDGE('',*,*,#467,.T.);
#6409 = ORIENTED_EDGE('',*,*,#6395,.T.);
#6410 = ORIENTED_EDGE('',*,*,#6411,.T.);
#6411 = EDGE_CURVE('',#6388,#4521,#6412,.T.);
#6412 = LINE('',#6413,#6414);
#6413 = CARTESIAN_POINT('',(-8.388972745734,4.415542857143,
    41.826285714286));
#6414 = VECTOR('',#6415,1.);
#6415 = DIRECTION('',(0.,1.,0.));
#6416 = ORIENTED_EDGE('',*,*,#4520,.F.);
#6417 = PLANE('',#6418);
#6418 = AXIS2_PLACEMENT_3D('',#6419,#6420,#6421);
#6419 = CARTESIAN_POINT('',(-8.988972745734,4.415542857143,
    41.826285714286));
#6420 = DIRECTION('',(0.,0.,1.));
#6421 = DIRECTION('',(0.,1.,0.));
#6422 = ADVANCED_FACE('',(#6423),#6448,.T.);
#6423 = FACE_BOUND('',#6424,.T.);
#6424 = EDGE_LOOP('',(#6425,#6426,#6434,#6442));
#6425 = ORIENTED_EDGE('',*,*,#1123,.T.);
#6426 = ORIENTED_EDGE('',*,*,#6427,.T.);
#6427 = EDGE_CURVE('',#1126,#6428,#6430,.T.);
#6428 = VERTEX_POINT('',#6429);
#6429 = CARTESIAN_POINT('',(-8.388972745734,2.704,41.8378));
#6430 = LINE('',#6431,#6432);
#6431 = CARTESIAN_POINT('',(-8.988972745734,2.704,41.8378));
#6432 = VECTOR('',#6433,1.);
#6433 = DIRECTION('',(1.,0.,0.));
#6434 = ORIENTED_EDGE('',*,*,#6435,.T.);
#6435 = EDGE_CURVE('',#6428,#6436,#6438,.T.);
#6436 = VERTEX_POINT('',#6437);
#6437 = CARTESIAN_POINT('',(-8.388972745734,2.698242857143,
    41.901128571429));
#6438 = LINE('',#6439,#6440);
#6439 = CARTESIAN_POINT('',(-8.388972745734,2.704,41.8378));
#6440 = VECTOR('',#6441,1.);
#6441 = DIRECTION('',(0.,-9.053574604252E-02,0.995893206468));
#6442 = ORIENTED_EDGE('',*,*,#6443,.F.);
#6443 = EDGE_CURVE('',#1124,#6436,#6444,.T.);
#6444 = LINE('',#6445,#6446);
#6445 = CARTESIAN_POINT('',(-8.988972745734,2.698242857143,
    41.901128571429));
#6446 = VECTOR('',#6447,1.);
#6447 = DIRECTION('',(1.,0.,0.));
#6448 = PLANE('',#6449);
#6449 = AXIS2_PLACEMENT_3D('',#6450,#6451,#6452);
#6450 = CARTESIAN_POINT('',(-8.988972745734,2.704,41.8378));
#6451 = DIRECTION('',(0.,-0.995893206468,-9.053574604252E-02));
#6452 = DIRECTION('',(0.,-9.053574604252E-02,0.995893206468));
#6453 = ADVANCED_FACE('',(#6454),#6472,.T.);
#6454 = FACE_BOUND('',#6455,.T.);
#6455 = EDGE_LOOP('',(#6456,#6457,#6458,#6466));
#6456 = ORIENTED_EDGE('',*,*,#1637,.T.);
#6457 = ORIENTED_EDGE('',*,*,#6443,.T.);
#6458 = ORIENTED_EDGE('',*,*,#6459,.T.);
#6459 = EDGE_CURVE('',#6436,#6460,#6462,.T.);
#6460 = VERTEX_POINT('',#6461);
#6461 = CARTESIAN_POINT('',(-8.388972745734,2.686914285714,
    41.964642857143));
#6462 = LINE('',#6463,#6464);
#6463 = CARTESIAN_POINT('',(-8.388972745734,2.698242857143,
    41.901128571429));
#6464 = VECTOR('',#6465,1.);
#6465 = DIRECTION('',(0.,-0.175591378217,0.98446313689));
#6466 = ORIENTED_EDGE('',*,*,#6467,.F.);
#6467 = EDGE_CURVE('',#1630,#6460,#6468,.T.);
#6468 = LINE('',#6469,#6470);
#6469 = CARTESIAN_POINT('',(-8.988972745734,2.686914285714,
    41.964642857143));
#6470 = VECTOR('',#6471,1.);
#6471 = DIRECTION('',(1.,0.,0.));
#6472 = PLANE('',#6473);
#6473 = AXIS2_PLACEMENT_3D('',#6474,#6475,#6476);
#6474 = CARTESIAN_POINT('',(-8.988972745734,2.698242857143,
    41.901128571429));
#6475 = DIRECTION('',(0.,-0.98446313689,-0.175591378217));
#6476 = DIRECTION('',(0.,-0.175591378217,0.98446313689));
#6477 = ADVANCED_FACE('',(#6478),#6496,.T.);
#6478 = FACE_BOUND('',#6479,.T.);
#6479 = EDGE_LOOP('',(#6480,#6481,#6482,#6490));
#6480 = ORIENTED_EDGE('',*,*,#1629,.T.);
#6481 = ORIENTED_EDGE('',*,*,#6467,.T.);
#6482 = ORIENTED_EDGE('',*,*,#6483,.T.);
#6483 = EDGE_CURVE('',#6460,#6484,#6486,.T.);
#6484 = VERTEX_POINT('',#6485);
#6485 = CARTESIAN_POINT('',(-8.388972745734,2.664071428571,
    42.033914285714));
#6486 = LINE('',#6487,#6488);
#6487 = CARTESIAN_POINT('',(-8.388972745734,2.686914285714,
    41.964642857143));
#6488 = VECTOR('',#6489,1.);
#6489 = DIRECTION('',(0.,-0.313170801129,0.949696819685));
#6490 = ORIENTED_EDGE('',*,*,#6491,.F.);
#6491 = EDGE_CURVE('',#1622,#6484,#6492,.T.);
#6492 = LINE('',#6493,#6494);
#6493 = CARTESIAN_POINT('',(-8.988972745734,2.664071428571,
    42.033914285714));
#6494 = VECTOR('',#6495,1.);
#6495 = DIRECTION('',(1.,0.,0.));
#6496 = PLANE('',#6497);
#6497 = AXIS2_PLACEMENT_3D('',#6498,#6499,#6500);
#6498 = CARTESIAN_POINT('',(-8.988972745734,2.686914285714,
    41.964642857143));
#6499 = DIRECTION('',(0.,-0.949696819685,-0.313170801129));
#6500 = DIRECTION('',(0.,-0.313170801129,0.949696819685));
#6501 = ADVANCED_FACE('',(#6502),#6520,.T.);
#6502 = FACE_BOUND('',#6503,.T.);
#6503 = EDGE_LOOP('',(#6504,#6505,#6506,#6514));
#6504 = ORIENTED_EDGE('',*,*,#1621,.T.);
#6505 = ORIENTED_EDGE('',*,*,#6491,.T.);
#6506 = ORIENTED_EDGE('',*,*,#6507,.T.);
#6507 = EDGE_CURVE('',#6484,#6508,#6510,.T.);
#6508 = VERTEX_POINT('',#6509);
#6509 = CARTESIAN_POINT('',(-8.388972745734,2.641228571429,
    42.085542857143));
#6510 = LINE('',#6511,#6512);
#6511 = CARTESIAN_POINT('',(-8.388972745734,2.664071428571,
    42.033914285714));
#6512 = VECTOR('',#6513,1.);
#6513 = DIRECTION('',(0.,-0.404611830448,0.914488527354));
#6514 = ORIENTED_EDGE('',*,*,#6515,.F.);
#6515 = EDGE_CURVE('',#1614,#6508,#6516,.T.);
#6516 = LINE('',#6517,#6518);
#6517 = CARTESIAN_POINT('',(-8.988972745734,2.641228571429,
    42.085542857143));
#6518 = VECTOR('',#6519,1.);
#6519 = DIRECTION('',(1.,0.,0.));
#6520 = PLANE('',#6521);
#6521 = AXIS2_PLACEMENT_3D('',#6522,#6523,#6524);
#6522 = CARTESIAN_POINT('',(-8.988972745734,2.664071428571,
    42.033914285714));
#6523 = DIRECTION('',(0.,-0.914488527354,-0.404611830448));
#6524 = DIRECTION('',(0.,-0.404611830448,0.914488527354));
#6525 = ADVANCED_FACE('',(#6526),#6544,.T.);
#6526 = FACE_BOUND('',#6527,.T.);
#6527 = EDGE_LOOP('',(#6528,#6529,#6530,#6538));
#6528 = ORIENTED_EDGE('',*,*,#1613,.T.);
#6529 = ORIENTED_EDGE('',*,*,#6515,.T.);
#6530 = ORIENTED_EDGE('',*,*,#6531,.T.);
#6531 = EDGE_CURVE('',#6508,#6532,#6534,.T.);
#6532 = VERTEX_POINT('',#6533);
#6533 = CARTESIAN_POINT('',(-8.388972745734,2.612628571429,42.1433));
#6534 = LINE('',#6535,#6536);
#6535 = CARTESIAN_POINT('',(-8.388972745734,2.641228571429,
    42.085542857143));
#6536 = VECTOR('',#6537,1.);
#6537 = DIRECTION('',(0.,-0.443752442317,0.896149412731));
#6538 = ORIENTED_EDGE('',*,*,#6539,.F.);
#6539 = EDGE_CURVE('',#1606,#6532,#6540,.T.);
#6540 = LINE('',#6541,#6542);
#6541 = CARTESIAN_POINT('',(-8.988972745734,2.612628571429,42.1433));
#6542 = VECTOR('',#6543,1.);
#6543 = DIRECTION('',(1.,0.,0.));
#6544 = PLANE('',#6545);
#6545 = AXIS2_PLACEMENT_3D('',#6546,#6547,#6548);
#6546 = CARTESIAN_POINT('',(-8.988972745734,2.641228571429,
    42.085542857143));
#6547 = DIRECTION('',(0.,-0.896149412731,-0.443752442317));
#6548 = DIRECTION('',(0.,-0.443752442317,0.896149412731));
#6549 = ADVANCED_FACE('',(#6550),#6568,.T.);
#6550 = FACE_BOUND('',#6551,.T.);
#6551 = EDGE_LOOP('',(#6552,#6553,#6554,#6562));
#6552 = ORIENTED_EDGE('',*,*,#1605,.T.);
#6553 = ORIENTED_EDGE('',*,*,#6539,.T.);
#6554 = ORIENTED_EDGE('',*,*,#6555,.T.);
#6555 = EDGE_CURVE('',#6532,#6556,#6558,.T.);
#6556 = VERTEX_POINT('',#6557);
#6557 = CARTESIAN_POINT('',(-8.388972745734,2.567128571429,
    42.200871428571));
#6558 = LINE('',#6559,#6560);
#6559 = CARTESIAN_POINT('',(-8.388972745734,2.612628571429,42.1433));
#6560 = VECTOR('',#6561,1.);
#6561 = DIRECTION('',(0.,-0.620054492814,0.78455874601));
#6562 = ORIENTED_EDGE('',*,*,#6563,.F.);
#6563 = EDGE_CURVE('',#1598,#6556,#6564,.T.);
#6564 = LINE('',#6565,#6566);
#6565 = CARTESIAN_POINT('',(-8.988972745734,2.567128571429,
    42.200871428571));
#6566 = VECTOR('',#6567,1.);
#6567 = DIRECTION('',(1.,0.,0.));
#6568 = PLANE('',#6569);
#6569 = AXIS2_PLACEMENT_3D('',#6570,#6571,#6572);
#6570 = CARTESIAN_POINT('',(-8.988972745734,2.612628571429,42.1433));
#6571 = DIRECTION('',(0.,-0.78455874601,-0.620054492814));
#6572 = DIRECTION('',(0.,-0.620054492814,0.78455874601));
#6573 = ADVANCED_FACE('',(#6574),#6592,.T.);
#6574 = FACE_BOUND('',#6575,.T.);
#6575 = EDGE_LOOP('',(#6576,#6577,#6578,#6586));
#6576 = ORIENTED_EDGE('',*,*,#1597,.T.);
#6577 = ORIENTED_EDGE('',*,*,#6563,.T.);
#6578 = ORIENTED_EDGE('',*,*,#6579,.T.);
#6579 = EDGE_CURVE('',#6556,#6580,#6582,.T.);
#6580 = VERTEX_POINT('',#6581);
#6581 = CARTESIAN_POINT('',(-8.388972745734,2.5272,42.247114285714));
#6582 = LINE('',#6583,#6584);
#6583 = CARTESIAN_POINT('',(-8.388972745734,2.567128571429,
    42.200871428571));
#6584 = VECTOR('',#6585,1.);
#6585 = DIRECTION('',(0.,-0.653540726021,0.756891352462));
#6586 = ORIENTED_EDGE('',*,*,#6587,.F.);
#6587 = EDGE_CURVE('',#1590,#6580,#6588,.T.);
#6588 = LINE('',#6589,#6590);
#6589 = CARTESIAN_POINT('',(-8.988972745734,2.5272,42.247114285714));
#6590 = VECTOR('',#6591,1.);
#6591 = DIRECTION('',(1.,0.,0.));
#6592 = PLANE('',#6593);
#6593 = AXIS2_PLACEMENT_3D('',#6594,#6595,#6596);
#6594 = CARTESIAN_POINT('',(-8.988972745734,2.567128571429,
    42.200871428571));
#6595 = DIRECTION('',(0.,-0.756891352462,-0.653540726021));
#6596 = DIRECTION('',(0.,-0.653540726021,0.756891352462));
#6597 = ADVANCED_FACE('',(#6598),#6616,.T.);
#6598 = FACE_BOUND('',#6599,.T.);
#6599 = EDGE_LOOP('',(#6600,#6601,#6602,#6610));
#6600 = ORIENTED_EDGE('',*,*,#1589,.T.);
#6601 = ORIENTED_EDGE('',*,*,#6587,.T.);
#6602 = ORIENTED_EDGE('',*,*,#6603,.T.);
#6603 = EDGE_CURVE('',#6580,#6604,#6606,.T.);
#6604 = VERTEX_POINT('',#6605);
#6605 = CARTESIAN_POINT('',(-8.388972745734,2.492842857143,42.2759));
#6606 = LINE('',#6607,#6608);
#6607 = CARTESIAN_POINT('',(-8.388972745734,2.5272,42.247114285714));
#6608 = VECTOR('',#6609,1.);
#6609 = DIRECTION('',(0.,-0.76652048118,0.64221986261));
#6610 = ORIENTED_EDGE('',*,*,#6611,.F.);
#6611 = EDGE_CURVE('',#1582,#6604,#6612,.T.);
#6612 = LINE('',#6613,#6614);
#6613 = CARTESIAN_POINT('',(-8.988972745734,2.492842857143,42.2759));
#6614 = VECTOR('',#6615,1.);
#6615 = DIRECTION('',(1.,0.,0.));
#6616 = PLANE('',#6617);
#6617 = AXIS2_PLACEMENT_3D('',#6618,#6619,#6620);
#6618 = CARTESIAN_POINT('',(-8.988972745734,2.5272,42.247114285714));
#6619 = DIRECTION('',(0.,-0.64221986261,-0.76652048118));
#6620 = DIRECTION('',(0.,-0.76652048118,0.64221986261));
#6621 = ADVANCED_FACE('',(#6622),#6640,.T.);
#6622 = FACE_BOUND('',#6623,.T.);
#6623 = EDGE_LOOP('',(#6624,#6625,#6626,#6634));
#6624 = ORIENTED_EDGE('',*,*,#1581,.T.);
#6625 = ORIENTED_EDGE('',*,*,#6611,.T.);
#6626 = ORIENTED_EDGE('',*,*,#6627,.T.);
#6627 = EDGE_CURVE('',#6604,#6628,#6630,.T.);
#6628 = VERTEX_POINT('',#6629);
#6629 = CARTESIAN_POINT('',(-8.388972745734,2.47,42.292985714286));
#6630 = LINE('',#6631,#6632);
#6631 = CARTESIAN_POINT('',(-8.388972745734,2.492842857143,42.2759));
#6632 = VECTOR('',#6633,1.);
#6633 = DIRECTION('',(0.,-0.80078057117,0.598957825591));
#6634 = ORIENTED_EDGE('',*,*,#6635,.F.);
#6635 = EDGE_CURVE('',#1574,#6628,#6636,.T.);
#6636 = LINE('',#6637,#6638);
#6637 = CARTESIAN_POINT('',(-8.988972745734,2.47,42.292985714286));
#6638 = VECTOR('',#6639,1.);
#6639 = DIRECTION('',(1.,0.,0.));
#6640 = PLANE('',#6641);
#6641 = AXIS2_PLACEMENT_3D('',#6642,#6643,#6644);
#6642 = CARTESIAN_POINT('',(-8.988972745734,2.492842857143,42.2759));
#6643 = DIRECTION('',(0.,-0.598957825591,-0.80078057117));
#6644 = DIRECTION('',(0.,-0.80078057117,0.598957825591));
#6645 = ADVANCED_FACE('',(#6646),#6664,.T.);
#6646 = FACE_BOUND('',#6647,.T.);
#6647 = EDGE_LOOP('',(#6648,#6649,#6650,#6658));
#6648 = ORIENTED_EDGE('',*,*,#1573,.T.);
#6649 = ORIENTED_EDGE('',*,*,#6635,.T.);
#6650 = ORIENTED_EDGE('',*,*,#6651,.T.);
#6651 = EDGE_CURVE('',#6628,#6652,#6654,.T.);
#6652 = VERTEX_POINT('',#6653);
#6653 = CARTESIAN_POINT('',(-8.388972745734,2.407414285714,
    42.333471428571));
#6654 = LINE('',#6655,#6656);
#6655 = CARTESIAN_POINT('',(-8.388972745734,2.47,42.292985714286));
#6656 = VECTOR('',#6657,1.);
#6657 = DIRECTION('',(0.,-0.839636996037,0.543147967763));
#6658 = ORIENTED_EDGE('',*,*,#6659,.F.);
#6659 = EDGE_CURVE('',#1566,#6652,#6660,.T.);
#6660 = LINE('',#6661,#6662);
#6661 = CARTESIAN_POINT('',(-8.988972745734,2.407414285714,
    42.333471428571));
#6662 = VECTOR('',#6663,1.);
#6663 = DIRECTION('',(1.,0.,0.));
#6664 = PLANE('',#6665);
#6665 = AXIS2_PLACEMENT_3D('',#6666,#6667,#6668);
#6666 = CARTESIAN_POINT('',(-8.988972745734,2.47,42.292985714286));
#6667 = DIRECTION('',(0.,-0.543147967763,-0.839636996037));
#6668 = DIRECTION('',(0.,-0.839636996037,0.543147967763));
#6669 = ADVANCED_FACE('',(#6670),#6688,.T.);
#6670 = FACE_BOUND('',#6671,.T.);
#6671 = EDGE_LOOP('',(#6672,#6673,#6674,#6682));
#6672 = ORIENTED_EDGE('',*,*,#1565,.T.);
#6673 = ORIENTED_EDGE('',*,*,#6659,.T.);
#6674 = ORIENTED_EDGE('',*,*,#6675,.T.);
#6675 = EDGE_CURVE('',#6652,#6676,#6678,.T.);
#6676 = VERTEX_POINT('',#6677);
#6677 = CARTESIAN_POINT('',(-8.388972745734,2.350214285714,
    42.362257142857));
#6678 = LINE('',#6679,#6680);
#6679 = CARTESIAN_POINT('',(-8.388972745734,2.407414285714,
    42.333471428571));
#6680 = VECTOR('',#6681,1.);
#6681 = DIRECTION('',(0.,-0.893264098465,0.449532257344));
#6682 = ORIENTED_EDGE('',*,*,#6683,.F.);
#6683 = EDGE_CURVE('',#1558,#6676,#6684,.T.);
#6684 = LINE('',#6685,#6686);
#6685 = CARTESIAN_POINT('',(-8.988972745734,2.350214285714,
    42.362257142857));
#6686 = VECTOR('',#6687,1.);
#6687 = DIRECTION('',(1.,0.,0.));
#6688 = PLANE('',#6689);
#6689 = AXIS2_PLACEMENT_3D('',#6690,#6691,#6692);
#6690 = CARTESIAN_POINT('',(-8.988972745734,2.407414285714,
    42.333471428571));
#6691 = DIRECTION('',(0.,-0.449532257344,-0.893264098465));
#6692 = DIRECTION('',(0.,-0.893264098465,0.449532257344));
#6693 = ADVANCED_FACE('',(#6694),#6712,.T.);
#6694 = FACE_BOUND('',#6695,.T.);
#6695 = EDGE_LOOP('',(#6696,#6697,#6698,#6706));
#6696 = ORIENTED_EDGE('',*,*,#1557,.T.);
#6697 = ORIENTED_EDGE('',*,*,#6683,.T.);
#6698 = ORIENTED_EDGE('',*,*,#6699,.T.);
#6699 = EDGE_CURVE('',#6676,#6700,#6702,.T.);
#6700 = VERTEX_POINT('',#6701);
#6701 = CARTESIAN_POINT('',(-8.388972745734,2.281871428571,
    42.385285714286));
#6702 = LINE('',#6703,#6704);
#6703 = CARTESIAN_POINT('',(-8.388972745734,2.350214285714,
    42.362257142857));
#6704 = VECTOR('',#6705,1.);
#6705 = DIRECTION('',(0.,-0.947648212829,0.319316245627));
#6706 = ORIENTED_EDGE('',*,*,#6707,.F.);
#6707 = EDGE_CURVE('',#1550,#6700,#6708,.T.);
#6708 = LINE('',#6709,#6710);
#6709 = CARTESIAN_POINT('',(-8.988972745734,2.281871428571,
    42.385285714286));
#6710 = VECTOR('',#6711,1.);
#6711 = DIRECTION('',(1.,0.,0.));
#6712 = PLANE('',#6713);
#6713 = AXIS2_PLACEMENT_3D('',#6714,#6715,#6716);
#6714 = CARTESIAN_POINT('',(-8.988972745734,2.350214285714,
    42.362257142857));
#6715 = DIRECTION('',(0.,-0.319316245627,-0.947648212829));
#6716 = DIRECTION('',(0.,-0.947648212829,0.319316245627));
#6717 = ADVANCED_FACE('',(#6718),#6736,.T.);
#6718 = FACE_BOUND('',#6719,.T.);
#6719 = EDGE_LOOP('',(#6720,#6721,#6722,#6730));
#6720 = ORIENTED_EDGE('',*,*,#1549,.T.);
#6721 = ORIENTED_EDGE('',*,*,#6707,.T.);
#6722 = ORIENTED_EDGE('',*,*,#6723,.T.);
#6723 = EDGE_CURVE('',#6700,#6724,#6726,.T.);
#6724 = VERTEX_POINT('',#6725);
#6725 = CARTESIAN_POINT('',(-8.388972745734,2.2191,42.3968));
#6726 = LINE('',#6727,#6728);
#6727 = CARTESIAN_POINT('',(-8.388972745734,2.281871428571,
    42.385285714286));
#6728 = VECTOR('',#6729,1.);
#6729 = DIRECTION('',(0.,-0.983589347684,0.180421714664));
#6730 = ORIENTED_EDGE('',*,*,#6731,.F.);
#6731 = EDGE_CURVE('',#1542,#6724,#6732,.T.);
#6732 = LINE('',#6733,#6734);
#6733 = CARTESIAN_POINT('',(-8.988972745734,2.2191,42.3968));
#6734 = VECTOR('',#6735,1.);
#6735 = DIRECTION('',(1.,0.,0.));
#6736 = PLANE('',#6737);
#6737 = AXIS2_PLACEMENT_3D('',#6738,#6739,#6740);
#6738 = CARTESIAN_POINT('',(-8.988972745734,2.281871428571,
    42.385285714286));
#6739 = DIRECTION('',(0.,-0.180421714664,-0.983589347684));
#6740 = DIRECTION('',(0.,-0.983589347684,0.180421714664));
#6741 = ADVANCED_FACE('',(#6742),#6767,.T.);
#6742 = FACE_BOUND('',#6743,.T.);
#6743 = EDGE_LOOP('',(#6744,#6745,#6753,#6761));
#6744 = ORIENTED_EDGE('',*,*,#1533,.T.);
#6745 = ORIENTED_EDGE('',*,*,#6746,.T.);
#6746 = EDGE_CURVE('',#1534,#6747,#6749,.T.);
#6747 = VERTEX_POINT('',#6748);
#6748 = CARTESIAN_POINT('',(-8.388972745734,1.249114285714,42.3968));
#6749 = LINE('',#6750,#6751);
#6750 = CARTESIAN_POINT('',(-8.988972745734,1.249114285714,42.3968));
#6751 = VECTOR('',#6752,1.);
#6752 = DIRECTION('',(1.,0.,0.));
#6753 = ORIENTED_EDGE('',*,*,#6754,.T.);
#6754 = EDGE_CURVE('',#6747,#6755,#6757,.T.);
#6755 = VERTEX_POINT('',#6756);
#6756 = CARTESIAN_POINT('',(-8.388972745734,1.1921,42.391042857143));
#6757 = LINE('',#6758,#6759);
#6758 = CARTESIAN_POINT('',(-8.388972745734,1.249114285714,42.3968));
#6759 = VECTOR('',#6760,1.);
#6760 = DIRECTION('',(0.,-0.994940461748,-0.100466300698));
#6761 = ORIENTED_EDGE('',*,*,#6762,.F.);
#6762 = EDGE_CURVE('',#1526,#6755,#6763,.T.);
#6763 = LINE('',#6764,#6765);
#6764 = CARTESIAN_POINT('',(-8.988972745734,1.1921,42.391042857143));
#6765 = VECTOR('',#6766,1.);
#6766 = DIRECTION('',(1.,0.,0.));
#6767 = PLANE('',#6768);
#6768 = AXIS2_PLACEMENT_3D('',#6769,#6770,#6771);
#6769 = CARTESIAN_POINT('',(-8.988972745734,1.249114285714,42.3968));
#6770 = DIRECTION('',(0.,0.100466300698,-0.994940461748));
#6771 = DIRECTION('',(0.,-0.994940461748,-0.100466300698));
#6772 = ADVANCED_FACE('',(#6773),#6791,.T.);
#6773 = FACE_BOUND('',#6774,.T.);
#6774 = EDGE_LOOP('',(#6775,#6776,#6777,#6785));
#6775 = ORIENTED_EDGE('',*,*,#1525,.T.);
#6776 = ORIENTED_EDGE('',*,*,#6762,.T.);
#6777 = ORIENTED_EDGE('',*,*,#6778,.T.);
#6778 = EDGE_CURVE('',#6755,#6779,#6781,.T.);
#6779 = VERTEX_POINT('',#6780);
#6780 = CARTESIAN_POINT('',(-8.388972745734,1.129328571429,
    42.379714285714));
#6781 = LINE('',#6782,#6783);
#6782 = CARTESIAN_POINT('',(-8.388972745734,1.1921,42.391042857143));
#6783 = VECTOR('',#6784,1.);
#6784 = DIRECTION('',(0.,-0.984101999614,-0.177604207031));
#6785 = ORIENTED_EDGE('',*,*,#6786,.F.);
#6786 = EDGE_CURVE('',#1518,#6779,#6787,.T.);
#6787 = LINE('',#6788,#6789);
#6788 = CARTESIAN_POINT('',(-8.988972745734,1.129328571429,
    42.379714285714));
#6789 = VECTOR('',#6790,1.);
#6790 = DIRECTION('',(1.,0.,0.));
#6791 = PLANE('',#6792);
#6792 = AXIS2_PLACEMENT_3D('',#6793,#6794,#6795);
#6793 = CARTESIAN_POINT('',(-8.988972745734,1.1921,42.391042857143));
#6794 = DIRECTION('',(0.,0.177604207031,-0.984101999614));
#6795 = DIRECTION('',(0.,-0.984101999614,-0.177604207031));
#6796 = ADVANCED_FACE('',(#6797),#6815,.T.);
#6797 = FACE_BOUND('',#6798,.T.);
#6798 = EDGE_LOOP('',(#6799,#6800,#6801,#6809));
#6799 = ORIENTED_EDGE('',*,*,#1517,.T.);
#6800 = ORIENTED_EDGE('',*,*,#6786,.T.);
#6801 = ORIENTED_EDGE('',*,*,#6802,.T.);
#6802 = EDGE_CURVE('',#6779,#6803,#6805,.T.);
#6803 = VERTEX_POINT('',#6804);
#6804 = CARTESIAN_POINT('',(-8.388972745734,1.072314285714,
    42.356871428571));
#6805 = LINE('',#6806,#6807);
#6806 = CARTESIAN_POINT('',(-8.388972745734,1.129328571429,
    42.379714285714));
#6807 = VECTOR('',#6808,1.);
#6808 = DIRECTION('',(0.,-0.928268015265,-0.371911940969));
#6809 = ORIENTED_EDGE('',*,*,#6810,.F.);
#6810 = EDGE_CURVE('',#1510,#6803,#6811,.T.);
#6811 = LINE('',#6812,#6813);
#6812 = CARTESIAN_POINT('',(-8.988972745734,1.072314285714,
    42.356871428571));
#6813 = VECTOR('',#6814,1.);
#6814 = DIRECTION('',(1.,0.,0.));
#6815 = PLANE('',#6816);
#6816 = AXIS2_PLACEMENT_3D('',#6817,#6818,#6819);
#6817 = CARTESIAN_POINT('',(-8.988972745734,1.129328571429,
    42.379714285714));
#6818 = DIRECTION('',(0.,0.371911940969,-0.928268015265));
#6819 = DIRECTION('',(0.,-0.928268015265,-0.371911940969));
#6820 = ADVANCED_FACE('',(#6821),#6839,.T.);
#6821 = FACE_BOUND('',#6822,.T.);
#6822 = EDGE_LOOP('',(#6823,#6824,#6825,#6833));
#6823 = ORIENTED_EDGE('',*,*,#1509,.T.);
#6824 = ORIENTED_EDGE('',*,*,#6810,.T.);
#6825 = ORIENTED_EDGE('',*,*,#6826,.T.);
#6826 = EDGE_CURVE('',#6803,#6827,#6829,.T.);
#6827 = VERTEX_POINT('',#6828);
#6828 = CARTESIAN_POINT('',(-8.388972745734,1.021057142857,
    42.334028571429));
#6829 = LINE('',#6830,#6831);
#6830 = CARTESIAN_POINT('',(-8.388972745734,1.072314285714,
    42.356871428571));
#6831 = VECTOR('',#6832,1.);
#6832 = DIRECTION('',(0.,-0.913401670747,-0.407059440224));
#6833 = ORIENTED_EDGE('',*,*,#6834,.F.);
#6834 = EDGE_CURVE('',#1502,#6827,#6835,.T.);
#6835 = LINE('',#6836,#6837);
#6836 = CARTESIAN_POINT('',(-8.988972745734,1.021057142857,
    42.334028571429));
#6837 = VECTOR('',#6838,1.);
#6838 = DIRECTION('',(1.,0.,0.));
#6839 = PLANE('',#6840);
#6840 = AXIS2_PLACEMENT_3D('',#6841,#6842,#6843);
#6841 = CARTESIAN_POINT('',(-8.988972745734,1.072314285714,
    42.356871428571));
#6842 = DIRECTION('',(0.,0.407059440224,-0.913401670747));
#6843 = DIRECTION('',(0.,-0.913401670747,-0.407059440224));
#6844 = ADVANCED_FACE('',(#6845),#6863,.T.);
#6845 = FACE_BOUND('',#6846,.T.);
#6846 = EDGE_LOOP('',(#6847,#6848,#6849,#6857));
#6847 = ORIENTED_EDGE('',*,*,#1501,.T.);
#6848 = ORIENTED_EDGE('',*,*,#6834,.T.);
#6849 = ORIENTED_EDGE('',*,*,#6850,.T.);
#6850 = EDGE_CURVE('',#6827,#6851,#6853,.T.);
#6851 = VERTEX_POINT('',#6852);
#6852 = CARTESIAN_POINT('',(-8.388972745734,0.992457142857,
    42.316942857143));
#6853 = LINE('',#6854,#6855);
#6854 = CARTESIAN_POINT('',(-8.388972745734,1.021057142857,
    42.334028571429));
#6855 = VECTOR('',#6856,1.);
#6856 = DIRECTION('',(0.,-0.85847509595,-0.512855252126));
#6857 = ORIENTED_EDGE('',*,*,#6858,.F.);
#6858 = EDGE_CURVE('',#1494,#6851,#6859,.T.);
#6859 = LINE('',#6860,#6861);
#6860 = CARTESIAN_POINT('',(-8.988972745734,0.992457142857,
    42.316942857143));
#6861 = VECTOR('',#6862,1.);
#6862 = DIRECTION('',(1.,0.,0.));
#6863 = PLANE('',#6864);
#6864 = AXIS2_PLACEMENT_3D('',#6865,#6866,#6867);
#6865 = CARTESIAN_POINT('',(-8.988972745734,1.021057142857,
    42.334028571429));
#6866 = DIRECTION('',(0.,0.512855252126,-0.85847509595));
#6867 = DIRECTION('',(0.,-0.85847509595,-0.512855252126));
#6868 = ADVANCED_FACE('',(#6869),#6887,.T.);
#6869 = FACE_BOUND('',#6870,.T.);
#6870 = EDGE_LOOP('',(#6871,#6872,#6873,#6881));
#6871 = ORIENTED_EDGE('',*,*,#1493,.T.);
#6872 = ORIENTED_EDGE('',*,*,#6858,.T.);
#6873 = ORIENTED_EDGE('',*,*,#6874,.T.);
#6874 = EDGE_CURVE('',#6851,#6875,#6877,.T.);
#6875 = VERTEX_POINT('',#6876);
#6876 = CARTESIAN_POINT('',(-8.388972745734,0.958285714286,
    42.299857142857));
#6877 = LINE('',#6878,#6879);
#6878 = CARTESIAN_POINT('',(-8.388972745734,0.992457142857,
    42.316942857143));
#6879 = VECTOR('',#6880,1.);
#6880 = DIRECTION('',(0.,-0.894427191,-0.4472135955));
#6881 = ORIENTED_EDGE('',*,*,#6882,.F.);
#6882 = EDGE_CURVE('',#1486,#6875,#6883,.T.);
#6883 = LINE('',#6884,#6885);
#6884 = CARTESIAN_POINT('',(-8.988972745734,0.958285714286,
    42.299857142857));
#6885 = VECTOR('',#6886,1.);
#6886 = DIRECTION('',(1.,0.,0.));
#6887 = PLANE('',#6888);
#6888 = AXIS2_PLACEMENT_3D('',#6889,#6890,#6891);
#6889 = CARTESIAN_POINT('',(-8.988972745734,0.992457142857,
    42.316942857143));
#6890 = DIRECTION('',(0.,0.4472135955,-0.894427191));
#6891 = DIRECTION('',(0.,-0.894427191,-0.4472135955));
#6892 = ADVANCED_FACE('',(#6893),#6911,.T.);
#6893 = FACE_BOUND('',#6894,.T.);
#6894 = EDGE_LOOP('',(#6895,#6896,#6897,#6905));
#6895 = ORIENTED_EDGE('',*,*,#1485,.T.);
#6896 = ORIENTED_EDGE('',*,*,#6882,.T.);
#6897 = ORIENTED_EDGE('',*,*,#6898,.T.);
#6898 = EDGE_CURVE('',#6875,#6899,#6901,.T.);
#6899 = VERTEX_POINT('',#6900);
#6900 = CARTESIAN_POINT('',(-8.388972745734,0.929685714286,
    42.277014285714));
#6901 = LINE('',#6902,#6903);
#6902 = CARTESIAN_POINT('',(-8.388972745734,0.958285714286,
    42.299857142857));
#6903 = VECTOR('',#6904,1.);
#6904 = DIRECTION('',(0.,-0.781363568139,-0.62407609663));
#6905 = ORIENTED_EDGE('',*,*,#6906,.F.);
#6906 = EDGE_CURVE('',#1478,#6899,#6907,.T.);
#6907 = LINE('',#6908,#6909);
#6908 = CARTESIAN_POINT('',(-8.988972745734,0.929685714286,
    42.277014285714));
#6909 = VECTOR('',#6910,1.);
#6910 = DIRECTION('',(1.,0.,0.));
#6911 = PLANE('',#6912);
#6912 = AXIS2_PLACEMENT_3D('',#6913,#6914,#6915);
#6913 = CARTESIAN_POINT('',(-8.988972745734,0.958285714286,
    42.299857142857));
#6914 = DIRECTION('',(0.,0.62407609663,-0.781363568139));
#6915 = DIRECTION('',(0.,-0.781363568139,-0.62407609663));
#6916 = ADVANCED_FACE('',(#6917),#6935,.T.);
#6917 = FACE_BOUND('',#6918,.T.);
#6918 = EDGE_LOOP('',(#6919,#6920,#6921,#6929));
#6919 = ORIENTED_EDGE('',*,*,#1477,.T.);
#6920 = ORIENTED_EDGE('',*,*,#6906,.T.);
#6921 = ORIENTED_EDGE('',*,*,#6922,.T.);
#6922 = EDGE_CURVE('',#6899,#6923,#6925,.T.);
#6923 = VERTEX_POINT('',#6924);
#6924 = CARTESIAN_POINT('',(-8.388972745734,0.895514285714,
    42.254171428571));
#6925 = LINE('',#6926,#6927);
#6926 = CARTESIAN_POINT('',(-8.388972745734,0.929685714286,
    42.277014285714));
#6927 = VECTOR('',#6928,1.);
#6928 = DIRECTION('',(0.,-0.831354528555,-0.555742429414));
#6929 = ORIENTED_EDGE('',*,*,#6930,.F.);
#6930 = EDGE_CURVE('',#1470,#6923,#6931,.T.);
#6931 = LINE('',#6932,#6933);
#6932 = CARTESIAN_POINT('',(-8.988972745734,0.895514285714,
    42.254171428571));
#6933 = VECTOR('',#6934,1.);
#6934 = DIRECTION('',(1.,0.,0.));
#6935 = PLANE('',#6936);
#6936 = AXIS2_PLACEMENT_3D('',#6937,#6938,#6939);
#6937 = CARTESIAN_POINT('',(-8.988972745734,0.929685714286,
    42.277014285714));
#6938 = DIRECTION('',(0.,0.555742429414,-0.831354528555));
#6939 = DIRECTION('',(0.,-0.831354528555,-0.555742429414));
#6940 = ADVANCED_FACE('',(#6941),#6959,.T.);
#6941 = FACE_BOUND('',#6942,.T.);
#6942 = EDGE_LOOP('',(#6943,#6944,#6945,#6953));
#6943 = ORIENTED_EDGE('',*,*,#1469,.T.);
#6944 = ORIENTED_EDGE('',*,*,#6930,.T.);
#6945 = ORIENTED_EDGE('',*,*,#6946,.T.);
#6946 = EDGE_CURVE('',#6923,#6947,#6949,.T.);
#6947 = VERTEX_POINT('',#6948);
#6948 = CARTESIAN_POINT('',(-8.388972745734,0.872671428571,
    42.225571428571));
#6949 = LINE('',#6950,#6951);
#6950 = CARTESIAN_POINT('',(-8.388972745734,0.895514285714,
    42.254171428571));
#6951 = VECTOR('',#6952,1.);
#6952 = DIRECTION('',(0.,-0.62407609663,-0.781363568139));
#6953 = ORIENTED_EDGE('',*,*,#6954,.F.);
#6954 = EDGE_CURVE('',#1462,#6947,#6955,.T.);
#6955 = LINE('',#6956,#6957);
#6956 = CARTESIAN_POINT('',(-8.988972745734,0.872671428571,
    42.225571428571));
#6957 = VECTOR('',#6958,1.);
#6958 = DIRECTION('',(1.,0.,0.));
#6959 = PLANE('',#6960);
#6960 = AXIS2_PLACEMENT_3D('',#6961,#6962,#6963);
#6961 = CARTESIAN_POINT('',(-8.988972745734,0.895514285714,
    42.254171428571));
#6962 = DIRECTION('',(0.,0.781363568139,-0.62407609663));
#6963 = DIRECTION('',(0.,-0.62407609663,-0.781363568139));
#6964 = ADVANCED_FACE('',(#6965),#6983,.T.);
#6965 = FACE_BOUND('',#6966,.T.);
#6966 = EDGE_LOOP('',(#6967,#6968,#6969,#6977));
#6967 = ORIENTED_EDGE('',*,*,#1461,.T.);
#6968 = ORIENTED_EDGE('',*,*,#6954,.T.);
#6969 = ORIENTED_EDGE('',*,*,#6970,.T.);
#6970 = EDGE_CURVE('',#6947,#6971,#6973,.T.);
#6971 = VERTEX_POINT('',#6972);
#6972 = CARTESIAN_POINT('',(-8.388972745734,0.844071428571,
    42.197157142857));
#6973 = LINE('',#6974,#6975);
#6974 = CARTESIAN_POINT('',(-8.388972745734,0.872671428571,
    42.225571428571));
#6975 = VECTOR('',#6976,1.);
#6976 = DIRECTION('',(0.,-0.709406297146,-0.704799762748));
#6977 = ORIENTED_EDGE('',*,*,#6978,.F.);
#6978 = EDGE_CURVE('',#1454,#6971,#6979,.T.);
#6979 = LINE('',#6980,#6981);
#6980 = CARTESIAN_POINT('',(-8.988972745734,0.844071428571,
    42.197157142857));
#6981 = VECTOR('',#6982,1.);
#6982 = DIRECTION('',(1.,0.,0.));
#6983 = PLANE('',#6984);
#6984 = AXIS2_PLACEMENT_3D('',#6985,#6986,#6987);
#6985 = CARTESIAN_POINT('',(-8.988972745734,0.872671428571,
    42.225571428571));
#6986 = DIRECTION('',(0.,0.704799762748,-0.709406297146));
#6987 = DIRECTION('',(0.,-0.709406297146,-0.704799762748));
#6988 = ADVANCED_FACE('',(#6989),#7007,.T.);
#6989 = FACE_BOUND('',#6990,.T.);
#6990 = EDGE_LOOP('',(#6991,#6992,#6993,#7001));
#6991 = ORIENTED_EDGE('',*,*,#1453,.T.);
#6992 = ORIENTED_EDGE('',*,*,#6978,.T.);
#6993 = ORIENTED_EDGE('',*,*,#6994,.T.);
#6994 = EDGE_CURVE('',#6971,#6995,#6997,.T.);
#6995 = VERTEX_POINT('',#6996);
#6996 = CARTESIAN_POINT('',(-8.388972745734,0.821228571429,
    42.174314285714));
#6997 = LINE('',#6998,#6999);
#6998 = CARTESIAN_POINT('',(-8.388972745734,0.844071428571,
    42.197157142857));
#6999 = VECTOR('',#7000,1.);
#7000 = DIRECTION('',(0.,-0.707106781187,-0.707106781187));
#7001 = ORIENTED_EDGE('',*,*,#7002,.F.);
#7002 = EDGE_CURVE('',#1446,#6995,#7003,.T.);
#7003 = LINE('',#7004,#7005);
#7004 = CARTESIAN_POINT('',(-8.988972745734,0.821228571429,
    42.174314285714));
#7005 = VECTOR('',#7006,1.);
#7006 = DIRECTION('',(1.,0.,0.));
#7007 = PLANE('',#7008);
#7008 = AXIS2_PLACEMENT_3D('',#7009,#7010,#7011);
#7009 = CARTESIAN_POINT('',(-8.988972745734,0.844071428571,
    42.197157142857));
#7010 = DIRECTION('',(0.,0.707106781187,-0.707106781187));
#7011 = DIRECTION('',(0.,-0.707106781187,-0.707106781187));
#7012 = ADVANCED_FACE('',(#7013),#7031,.T.);
#7013 = FACE_BOUND('',#7014,.T.);
#7014 = EDGE_LOOP('',(#7015,#7016,#7017,#7025));
#7015 = ORIENTED_EDGE('',*,*,#1445,.T.);
#7016 = ORIENTED_EDGE('',*,*,#7002,.T.);
#7017 = ORIENTED_EDGE('',*,*,#7018,.T.);
#7018 = EDGE_CURVE('',#6995,#7019,#7021,.T.);
#7019 = VERTEX_POINT('',#7020);
#7020 = CARTESIAN_POINT('',(-8.388972745734,0.798571428571,
    42.140142857143));
#7021 = LINE('',#7022,#7023);
#7022 = CARTESIAN_POINT('',(-8.388972745734,0.821228571429,
    42.174314285714));
#7023 = VECTOR('',#7024,1.);
#7024 = DIRECTION('',(0.,-0.5526078733,-0.833441382682));
#7025 = ORIENTED_EDGE('',*,*,#7026,.F.);
#7026 = EDGE_CURVE('',#1438,#7019,#7027,.T.);
#7027 = LINE('',#7028,#7029);
#7028 = CARTESIAN_POINT('',(-8.988972745734,0.798571428571,
    42.140142857143));
#7029 = VECTOR('',#7030,1.);
#7030 = DIRECTION('',(1.,0.,0.));
#7031 = PLANE('',#7032);
#7032 = AXIS2_PLACEMENT_3D('',#7033,#7034,#7035);
#7033 = CARTESIAN_POINT('',(-8.988972745734,0.821228571429,
    42.174314285714));
#7034 = DIRECTION('',(0.,0.833441382682,-0.5526078733));
#7035 = DIRECTION('',(0.,-0.5526078733,-0.833441382682));
#7036 = ADVANCED_FACE('',(#7037),#7062,.T.);
#7037 = FACE_BOUND('',#7038,.T.);
#7038 = EDGE_LOOP('',(#7039,#7040,#7048,#7056));
#7039 = ORIENTED_EDGE('',*,*,#1429,.T.);
#7040 = ORIENTED_EDGE('',*,*,#7041,.T.);
#7041 = EDGE_CURVE('',#1430,#7042,#7044,.T.);
#7042 = VERTEX_POINT('',#7043);
#7043 = CARTESIAN_POINT('',(-8.388972745734,0.752885714286,
    42.048771428571));
#7044 = LINE('',#7045,#7046);
#7045 = CARTESIAN_POINT('',(-8.988972745734,0.752885714286,
    42.048771428571));
#7046 = VECTOR('',#7047,1.);
#7047 = DIRECTION('',(1.,0.,0.));
#7048 = ORIENTED_EDGE('',*,*,#7049,.T.);
#7049 = EDGE_CURVE('',#7042,#7050,#7052,.T.);
#7050 = VERTEX_POINT('',#7051);
#7051 = CARTESIAN_POINT('',(-8.388972745734,0.741371428571,42.0146));
#7052 = LINE('',#7053,#7054);
#7053 = CARTESIAN_POINT('',(-8.388972745734,0.752885714286,
    42.048771428571));
#7054 = VECTOR('',#7055,1.);
#7055 = DIRECTION('',(0.,-0.319316245627,-0.947648212829));
#7056 = ORIENTED_EDGE('',*,*,#7057,.F.);
#7057 = EDGE_CURVE('',#1422,#7050,#7058,.T.);
#7058 = LINE('',#7059,#7060);
#7059 = CARTESIAN_POINT('',(-8.988972745734,0.741371428571,42.0146));
#7060 = VECTOR('',#7061,1.);
#7061 = DIRECTION('',(1.,0.,0.));
#7062 = PLANE('',#7063);
#7063 = AXIS2_PLACEMENT_3D('',#7064,#7065,#7066);
#7064 = CARTESIAN_POINT('',(-8.988972745734,0.752885714286,
    42.048771428571));
#7065 = DIRECTION('',(0.,0.947648212829,-0.319316245627));
#7066 = DIRECTION('',(0.,-0.319316245627,-0.947648212829));
#7067 = ADVANCED_FACE('',(#7068),#7086,.T.);
#7068 = FACE_BOUND('',#7069,.T.);
#7069 = EDGE_LOOP('',(#7070,#7071,#7072,#7080));
#7070 = ORIENTED_EDGE('',*,*,#1421,.T.);
#7071 = ORIENTED_EDGE('',*,*,#7057,.T.);
#7072 = ORIENTED_EDGE('',*,*,#7073,.T.);
#7073 = EDGE_CURVE('',#7050,#7074,#7076,.T.);
#7074 = VERTEX_POINT('',#7075);
#7075 = CARTESIAN_POINT('',(-8.388972745734,0.724285714286,
    41.974671428571));
#7076 = LINE('',#7077,#7078);
#7077 = CARTESIAN_POINT('',(-8.388972745734,0.741371428571,42.0146));
#7078 = VECTOR('',#7079,1.);
#7079 = DIRECTION('',(0.,-0.393403152889,-0.919366063816));
#7080 = ORIENTED_EDGE('',*,*,#7081,.F.);
#7081 = EDGE_CURVE('',#1414,#7074,#7082,.T.);
#7082 = LINE('',#7083,#7084);
#7083 = CARTESIAN_POINT('',(-8.988972745734,0.724285714286,
    41.974671428571));
#7084 = VECTOR('',#7085,1.);
#7085 = DIRECTION('',(1.,0.,0.));
#7086 = PLANE('',#7087);
#7087 = AXIS2_PLACEMENT_3D('',#7088,#7089,#7090);
#7088 = CARTESIAN_POINT('',(-8.988972745734,0.741371428571,42.0146));
#7089 = DIRECTION('',(0.,0.919366063816,-0.393403152889));
#7090 = DIRECTION('',(0.,-0.393403152889,-0.919366063816));
#7091 = ADVANCED_FACE('',(#7092),#7110,.T.);
#7092 = FACE_BOUND('',#7093,.T.);
#7093 = EDGE_LOOP('',(#7094,#7095,#7096,#7104));
#7094 = ORIENTED_EDGE('',*,*,#1413,.T.);
#7095 = ORIENTED_EDGE('',*,*,#7081,.T.);
#7096 = ORIENTED_EDGE('',*,*,#7097,.T.);
#7097 = EDGE_CURVE('',#7074,#7098,#7100,.T.);
#7098 = VERTEX_POINT('',#7099);
#7099 = CARTESIAN_POINT('',(-8.388972745734,0.718528571429,
    41.940314285714));
#7100 = LINE('',#7101,#7102);
#7101 = CARTESIAN_POINT('',(-8.388972745734,0.724285714286,
    41.974671428571));
#7102 = VECTOR('',#7103,1.);
#7103 = DIRECTION('',(0.,-0.165263423329,-0.986249461804));
#7104 = ORIENTED_EDGE('',*,*,#7105,.F.);
#7105 = EDGE_CURVE('',#1406,#7098,#7106,.T.);
#7106 = LINE('',#7107,#7108);
#7107 = CARTESIAN_POINT('',(-8.988972745734,0.718528571429,
    41.940314285714));
#7108 = VECTOR('',#7109,1.);
#7109 = DIRECTION('',(1.,0.,0.));
#7110 = PLANE('',#7111);
#7111 = AXIS2_PLACEMENT_3D('',#7112,#7113,#7114);
#7112 = CARTESIAN_POINT('',(-8.988972745734,0.724285714286,
    41.974671428571));
#7113 = DIRECTION('',(0.,0.986249461804,-0.165263423329));
#7114 = DIRECTION('',(0.,-0.165263423329,-0.986249461804));
#7115 = ADVANCED_FACE('',(#7116),#7134,.T.);
#7116 = FACE_BOUND('',#7117,.T.);
#7117 = EDGE_LOOP('',(#7118,#7119,#7120,#7128));
#7118 = ORIENTED_EDGE('',*,*,#1405,.T.);
#7119 = ORIENTED_EDGE('',*,*,#7105,.T.);
#7120 = ORIENTED_EDGE('',*,*,#7121,.T.);
#7121 = EDGE_CURVE('',#7098,#7122,#7124,.T.);
#7122 = VERTEX_POINT('',#7123);
#7123 = CARTESIAN_POINT('',(-8.388972745734,0.712957142857,
    41.900385714286));
#7124 = LINE('',#7125,#7126);
#7125 = CARTESIAN_POINT('',(-8.388972745734,0.718528571429,
    41.940314285714));
#7126 = VECTOR('',#7127,1.);
#7127 = DIRECTION('',(0.,-0.138196031911,-0.990404895365));
#7128 = ORIENTED_EDGE('',*,*,#7129,.F.);
#7129 = EDGE_CURVE('',#1398,#7122,#7130,.T.);
#7130 = LINE('',#7131,#7132);
#7131 = CARTESIAN_POINT('',(-8.988972745734,0.712957142857,
    41.900385714286));
#7132 = VECTOR('',#7133,1.);
#7133 = DIRECTION('',(1.,0.,0.));
#7134 = PLANE('',#7135);
#7135 = AXIS2_PLACEMENT_3D('',#7136,#7137,#7138);
#7136 = CARTESIAN_POINT('',(-8.988972745734,0.718528571429,
    41.940314285714));
#7137 = DIRECTION('',(0.,0.990404895365,-0.138196031911));
#7138 = DIRECTION('',(0.,-0.138196031911,-0.990404895365));
#7139 = ADVANCED_FACE('',(#7140),#7158,.T.);
#7140 = FACE_BOUND('',#7141,.T.);
#7141 = EDGE_LOOP('',(#7142,#7143,#7144,#7152));
#7142 = ORIENTED_EDGE('',*,*,#1397,.T.);
#7143 = ORIENTED_EDGE('',*,*,#7129,.T.);
#7144 = ORIENTED_EDGE('',*,*,#7145,.T.);
#7145 = EDGE_CURVE('',#7122,#7146,#7148,.T.);
#7146 = VERTEX_POINT('',#7147);
#7147 = CARTESIAN_POINT('',(-8.388972745734,0.7072,41.871971428571));
#7148 = LINE('',#7149,#7150);
#7149 = CARTESIAN_POINT('',(-8.388972745734,0.712957142857,
    41.900385714286));
#7150 = VECTOR('',#7151,1.);
#7151 = DIRECTION('',(0.,-0.198579278868,-0.980084827963));
#7152 = ORIENTED_EDGE('',*,*,#7153,.F.);
#7153 = EDGE_CURVE('',#1390,#7146,#7154,.T.);
#7154 = LINE('',#7155,#7156);
#7155 = CARTESIAN_POINT('',(-8.988972745734,0.7072,41.871971428571));
#7156 = VECTOR('',#7157,1.);
#7157 = DIRECTION('',(1.,0.,0.));
#7158 = PLANE('',#7159);
#7159 = AXIS2_PLACEMENT_3D('',#7160,#7161,#7162);
#7160 = CARTESIAN_POINT('',(-8.988972745734,0.712957142857,
    41.900385714286));
#7161 = DIRECTION('',(0.,0.980084827963,-0.198579278868));
#7162 = DIRECTION('',(0.,-0.198579278868,-0.980084827963));
#7163 = ADVANCED_FACE('',(#7164),#7189,.T.);
#7164 = FACE_BOUND('',#7165,.T.);
#7165 = EDGE_LOOP('',(#7166,#7167,#7175,#7183));
#7166 = ORIENTED_EDGE('',*,*,#1381,.T.);
#7167 = ORIENTED_EDGE('',*,*,#7168,.T.);
#7168 = EDGE_CURVE('',#1382,#7169,#7171,.T.);
#7169 = VERTEX_POINT('',#7170);
#7170 = CARTESIAN_POINT('',(-8.388972745734,0.7072,38.962385714286));
#7171 = LINE('',#7172,#7173);
#7172 = CARTESIAN_POINT('',(-8.988972745734,0.7072,38.962385714286));
#7173 = VECTOR('',#7174,1.);
#7174 = DIRECTION('',(1.,0.,0.));
#7175 = ORIENTED_EDGE('',*,*,#7176,.T.);
#7176 = EDGE_CURVE('',#7169,#7177,#7179,.T.);
#7177 = VERTEX_POINT('',#7178);
#7178 = CARTESIAN_POINT('',(-8.388972745734,0.712957142857,
    38.899614285714));
#7179 = LINE('',#7180,#7181);
#7180 = CARTESIAN_POINT('',(-8.388972745734,0.7072,38.962385714286));
#7181 = VECTOR('',#7182,1.);
#7182 = DIRECTION('',(-0.,9.133264387955E-02,-0.995820439719));
#7183 = ORIENTED_EDGE('',*,*,#7184,.F.);
#7184 = EDGE_CURVE('',#1374,#7177,#7185,.T.);
#7185 = LINE('',#7186,#7187);
#7186 = CARTESIAN_POINT('',(-8.988972745734,0.712957142857,
    38.899614285714));
#7187 = VECTOR('',#7188,1.);
#7188 = DIRECTION('',(1.,0.,0.));
#7189 = PLANE('',#7190);
#7190 = AXIS2_PLACEMENT_3D('',#7191,#7192,#7193);
#7191 = CARTESIAN_POINT('',(-8.988972745734,0.7072,38.962385714286));
#7192 = DIRECTION('',(-0.,0.995820439719,9.133264387955E-02));
#7193 = DIRECTION('',(0.,9.133264387955E-02,-0.995820439719));
#7194 = ADVANCED_FACE('',(#7195),#7213,.T.);
#7195 = FACE_BOUND('',#7196,.T.);
#7196 = EDGE_LOOP('',(#7197,#7198,#7199,#7207));
#7197 = ORIENTED_EDGE('',*,*,#1373,.T.);
#7198 = ORIENTED_EDGE('',*,*,#7184,.T.);
#7199 = ORIENTED_EDGE('',*,*,#7200,.T.);
#7200 = EDGE_CURVE('',#7177,#7201,#7203,.T.);
#7201 = VERTEX_POINT('',#7202);
#7202 = CARTESIAN_POINT('',(-8.388972745734,0.724285714286,
    38.836842857143));
#7203 = LINE('',#7204,#7205);
#7204 = CARTESIAN_POINT('',(-8.388972745734,0.712957142857,
    38.899614285714));
#7205 = VECTOR('',#7206,1.);
#7206 = DIRECTION('',(-0.,0.177604207031,-0.984101999614));
#7207 = ORIENTED_EDGE('',*,*,#7208,.F.);
#7208 = EDGE_CURVE('',#1366,#7201,#7209,.T.);
#7209 = LINE('',#7210,#7211);
#7210 = CARTESIAN_POINT('',(-8.988972745734,0.724285714286,
    38.836842857143));
#7211 = VECTOR('',#7212,1.);
#7212 = DIRECTION('',(1.,0.,0.));
#7213 = PLANE('',#7214);
#7214 = AXIS2_PLACEMENT_3D('',#7215,#7216,#7217);
#7215 = CARTESIAN_POINT('',(-8.988972745734,0.712957142857,
    38.899614285714));
#7216 = DIRECTION('',(-0.,0.984101999614,0.177604207031));
#7217 = DIRECTION('',(0.,0.177604207031,-0.984101999614));
#7218 = ADVANCED_FACE('',(#7219),#7237,.T.);
#7219 = FACE_BOUND('',#7220,.T.);
#7220 = EDGE_LOOP('',(#7221,#7222,#7223,#7231));
#7221 = ORIENTED_EDGE('',*,*,#1365,.T.);
#7222 = ORIENTED_EDGE('',*,*,#7208,.T.);
#7223 = ORIENTED_EDGE('',*,*,#7224,.T.);
#7224 = EDGE_CURVE('',#7201,#7225,#7227,.T.);
#7225 = VERTEX_POINT('',#7226);
#7226 = CARTESIAN_POINT('',(-8.388972745734,0.747128571429,
    38.768314285714));
#7227 = LINE('',#7228,#7229);
#7228 = CARTESIAN_POINT('',(-8.388972745734,0.724285714286,
    38.836842857143));
#7229 = VECTOR('',#7230,1.);
#7230 = DIRECTION('',(-0.,0.316227766017,-0.948683298051));
#7231 = ORIENTED_EDGE('',*,*,#7232,.F.);
#7232 = EDGE_CURVE('',#1358,#7225,#7233,.T.);
#7233 = LINE('',#7234,#7235);
#7234 = CARTESIAN_POINT('',(-8.988972745734,0.747128571429,
    38.768314285714));
#7235 = VECTOR('',#7236,1.);
#7236 = DIRECTION('',(1.,0.,0.));
#7237 = PLANE('',#7238);
#7238 = AXIS2_PLACEMENT_3D('',#7239,#7240,#7241);
#7239 = CARTESIAN_POINT('',(-8.988972745734,0.724285714286,
    38.836842857143));
#7240 = DIRECTION('',(-0.,0.948683298051,0.316227766017));
#7241 = DIRECTION('',(0.,0.316227766017,-0.948683298051));
#7242 = ADVANCED_FACE('',(#7243),#7261,.T.);
#7243 = FACE_BOUND('',#7244,.T.);
#7244 = EDGE_LOOP('',(#7245,#7246,#7247,#7255));
#7245 = ORIENTED_EDGE('',*,*,#1357,.T.);
#7246 = ORIENTED_EDGE('',*,*,#7232,.T.);
#7247 = ORIENTED_EDGE('',*,*,#7248,.T.);
#7248 = EDGE_CURVE('',#7225,#7249,#7251,.T.);
#7249 = VERTEX_POINT('',#7250);
#7250 = CARTESIAN_POINT('',(-8.388972745734,0.769971428571,
    38.717057142857));
#7251 = LINE('',#7252,#7253);
#7252 = CARTESIAN_POINT('',(-8.388972745734,0.747128571429,
    38.768314285714));
#7253 = VECTOR('',#7254,1.);
#7254 = DIRECTION('',(-0.,0.407059440224,-0.913401670747));
#7255 = ORIENTED_EDGE('',*,*,#7256,.F.);
#7256 = EDGE_CURVE('',#1350,#7249,#7257,.T.);
#7257 = LINE('',#7258,#7259);
#7258 = CARTESIAN_POINT('',(-8.988972745734,0.769971428571,
    38.717057142857));
#7259 = VECTOR('',#7260,1.);
#7260 = DIRECTION('',(1.,0.,0.));
#7261 = PLANE('',#7262);
#7262 = AXIS2_PLACEMENT_3D('',#7263,#7264,#7265);
#7263 = CARTESIAN_POINT('',(-8.988972745734,0.747128571429,
    38.768314285714));
#7264 = DIRECTION('',(-0.,0.913401670747,0.407059440224));
#7265 = DIRECTION('',(0.,0.407059440224,-0.913401670747));
#7266 = ADVANCED_FACE('',(#7267),#7285,.T.);
#7267 = FACE_BOUND('',#7268,.T.);
#7268 = EDGE_LOOP('',(#7269,#7270,#7271,#7279));
#7269 = ORIENTED_EDGE('',*,*,#1349,.T.);
#7270 = ORIENTED_EDGE('',*,*,#7256,.T.);
#7271 = ORIENTED_EDGE('',*,*,#7272,.T.);
#7272 = EDGE_CURVE('',#7249,#7273,#7275,.T.);
#7273 = VERTEX_POINT('',#7274);
#7274 = CARTESIAN_POINT('',(-8.388972745734,0.798571428571,
    38.665614285714));
#7275 = LINE('',#7276,#7277);
#7276 = CARTESIAN_POINT('',(-8.388972745734,0.769971428571,
    38.717057142857));
#7277 = VECTOR('',#7278,1.);
#7278 = DIRECTION('',(-0.,0.48591080823,-0.874008401816));
#7279 = ORIENTED_EDGE('',*,*,#7280,.F.);
#7280 = EDGE_CURVE('',#1342,#7273,#7281,.T.);
#7281 = LINE('',#7282,#7283);
#7282 = CARTESIAN_POINT('',(-8.988972745734,0.798571428571,
    38.665614285714));
#7283 = VECTOR('',#7284,1.);
#7284 = DIRECTION('',(1.,0.,0.));
#7285 = PLANE('',#7286);
#7286 = AXIS2_PLACEMENT_3D('',#7287,#7288,#7289);
#7287 = CARTESIAN_POINT('',(-8.988972745734,0.769971428571,
    38.717057142857));
#7288 = DIRECTION('',(-0.,0.874008401816,0.48591080823));
#7289 = DIRECTION('',(0.,0.48591080823,-0.874008401816));
#7290 = ADVANCED_FACE('',(#7291),#7309,.T.);
#7291 = FACE_BOUND('',#7292,.T.);
#7292 = EDGE_LOOP('',(#7293,#7294,#7295,#7303));
#7293 = ORIENTED_EDGE('',*,*,#1341,.T.);
#7294 = ORIENTED_EDGE('',*,*,#7280,.T.);
#7295 = ORIENTED_EDGE('',*,*,#7296,.T.);
#7296 = EDGE_CURVE('',#7273,#7297,#7299,.T.);
#7297 = VERTEX_POINT('',#7298);
#7298 = CARTESIAN_POINT('',(-8.388972745734,0.832742857143,
    38.614357142857));
#7299 = LINE('',#7300,#7301);
#7300 = CARTESIAN_POINT('',(-8.388972745734,0.798571428571,
    38.665614285714));
#7301 = VECTOR('',#7302,1.);
#7302 = DIRECTION('',(-0.,0.554700196225,-0.832050294338));
#7303 = ORIENTED_EDGE('',*,*,#7304,.F.);
#7304 = EDGE_CURVE('',#1334,#7297,#7305,.T.);
#7305 = LINE('',#7306,#7307);
#7306 = CARTESIAN_POINT('',(-8.988972745734,0.832742857143,
    38.614357142857));
#7307 = VECTOR('',#7308,1.);
#7308 = DIRECTION('',(1.,0.,0.));
#7309 = PLANE('',#7310);
#7310 = AXIS2_PLACEMENT_3D('',#7311,#7312,#7313);
#7311 = CARTESIAN_POINT('',(-8.988972745734,0.798571428571,
    38.665614285714));
#7312 = DIRECTION('',(-0.,0.832050294338,0.554700196225));
#7313 = DIRECTION('',(0.,0.554700196225,-0.832050294338));
#7314 = ADVANCED_FACE('',(#7315),#7333,.T.);
#7315 = FACE_BOUND('',#7316,.T.);
#7316 = EDGE_LOOP('',(#7317,#7318,#7319,#7327));
#7317 = ORIENTED_EDGE('',*,*,#1333,.T.);
#7318 = ORIENTED_EDGE('',*,*,#7304,.T.);
#7319 = ORIENTED_EDGE('',*,*,#7320,.T.);
#7320 = EDGE_CURVE('',#7297,#7321,#7323,.T.);
#7321 = VERTEX_POINT('',#7322);
#7322 = CARTESIAN_POINT('',(-8.388972745734,0.884,38.562914285714));
#7323 = LINE('',#7324,#7325);
#7324 = CARTESIAN_POINT('',(-8.388972745734,0.832742857143,
    38.614357142857));
#7325 = VECTOR('',#7326,1.);
#7326 = DIRECTION('',(-0.,0.705826953048,-0.708384297081));
#7327 = ORIENTED_EDGE('',*,*,#7328,.F.);
#7328 = EDGE_CURVE('',#1326,#7321,#7329,.T.);
#7329 = LINE('',#7330,#7331);
#7330 = CARTESIAN_POINT('',(-8.988972745734,0.884,38.562914285714));
#7331 = VECTOR('',#7332,1.);
#7332 = DIRECTION('',(1.,0.,0.));
#7333 = PLANE('',#7334);
#7334 = AXIS2_PLACEMENT_3D('',#7335,#7336,#7337);
#7335 = CARTESIAN_POINT('',(-8.988972745734,0.832742857143,
    38.614357142857));
#7336 = DIRECTION('',(-0.,0.708384297081,0.705826953048));
#7337 = DIRECTION('',(0.,0.705826953048,-0.708384297081));
#7338 = ADVANCED_FACE('',(#7339),#7357,.T.);
#7339 = FACE_BOUND('',#7340,.T.);
#7340 = EDGE_LOOP('',(#7341,#7342,#7343,#7351));
#7341 = ORIENTED_EDGE('',*,*,#1325,.T.);
#7342 = ORIENTED_EDGE('',*,*,#7328,.T.);
#7343 = ORIENTED_EDGE('',*,*,#7344,.T.);
#7344 = EDGE_CURVE('',#7321,#7345,#7347,.T.);
#7345 = VERTEX_POINT('',#7346);
#7346 = CARTESIAN_POINT('',(-8.388972745734,0.929685714286,
    38.522985714286));
#7347 = LINE('',#7348,#7349);
#7348 = CARTESIAN_POINT('',(-8.388972745734,0.884,38.562914285714));
#7349 = VECTOR('',#7350,1.);
#7350 = DIRECTION('',(-0.,0.752955783567,-0.658071111654));
#7351 = ORIENTED_EDGE('',*,*,#7352,.F.);
#7352 = EDGE_CURVE('',#1318,#7345,#7353,.T.);
#7353 = LINE('',#7354,#7355);
#7354 = CARTESIAN_POINT('',(-8.988972745734,0.929685714286,
    38.522985714286));
#7355 = VECTOR('',#7356,1.);
#7356 = DIRECTION('',(1.,0.,0.));
#7357 = PLANE('',#7358);
#7358 = AXIS2_PLACEMENT_3D('',#7359,#7360,#7361);
#7359 = CARTESIAN_POINT('',(-8.988972745734,0.884,38.562914285714));
#7360 = DIRECTION('',(-0.,0.658071111654,0.752955783567));
#7361 = DIRECTION('',(0.,0.752955783567,-0.658071111654));
#7362 = ADVANCED_FACE('',(#7363),#7381,.T.);
#7363 = FACE_BOUND('',#7364,.T.);
#7364 = EDGE_LOOP('',(#7365,#7366,#7367,#7375));
#7365 = ORIENTED_EDGE('',*,*,#1317,.T.);
#7366 = ORIENTED_EDGE('',*,*,#7352,.T.);
#7367 = ORIENTED_EDGE('',*,*,#7368,.T.);
#7368 = EDGE_CURVE('',#7345,#7369,#7371,.T.);
#7369 = VERTEX_POINT('',#7370);
#7370 = CARTESIAN_POINT('',(-8.388972745734,0.981128571429,
    38.488814285714));
#7371 = LINE('',#7372,#7373);
#7372 = CARTESIAN_POINT('',(-8.388972745734,0.929685714286,
    38.522985714286));
#7373 = VECTOR('',#7374,1.);
#7374 = DIRECTION('',(-0.,0.832974406886,-0.553311519375));
#7375 = ORIENTED_EDGE('',*,*,#7376,.F.);
#7376 = EDGE_CURVE('',#1310,#7369,#7377,.T.);
#7377 = LINE('',#7378,#7379);
#7378 = CARTESIAN_POINT('',(-8.988972745734,0.981128571429,
    38.488814285714));
#7379 = VECTOR('',#7380,1.);
#7380 = DIRECTION('',(1.,0.,0.));
#7381 = PLANE('',#7382);
#7382 = AXIS2_PLACEMENT_3D('',#7383,#7384,#7385);
#7383 = CARTESIAN_POINT('',(-8.988972745734,0.929685714286,
    38.522985714286));
#7384 = DIRECTION('',(-0.,0.553311519375,0.832974406886));
#7385 = DIRECTION('',(0.,0.832974406886,-0.553311519375));
#7386 = ADVANCED_FACE('',(#7387),#7405,.T.);
#7387 = FACE_BOUND('',#7388,.T.);
#7388 = EDGE_LOOP('',(#7389,#7390,#7391,#7399));
#7389 = ORIENTED_EDGE('',*,*,#1309,.T.);
#7390 = ORIENTED_EDGE('',*,*,#7376,.T.);
#7391 = ORIENTED_EDGE('',*,*,#7392,.T.);
#7392 = EDGE_CURVE('',#7369,#7393,#7395,.T.);
#7393 = VERTEX_POINT('',#7394);
#7394 = CARTESIAN_POINT('',(-8.388972745734,1.032385714286,
    38.460214285714));
#7395 = LINE('',#7396,#7397);
#7396 = CARTESIAN_POINT('',(-8.388972745734,0.981128571429,
    38.488814285714));
#7397 = VECTOR('',#7398,1.);
#7398 = DIRECTION('',(-0.,0.873260322171,-0.487253947878));
#7399 = ORIENTED_EDGE('',*,*,#7400,.F.);
#7400 = EDGE_CURVE('',#1302,#7393,#7401,.T.);
#7401 = LINE('',#7402,#7403);
#7402 = CARTESIAN_POINT('',(-8.988972745734,1.032385714286,
    38.460214285714));
#7403 = VECTOR('',#7404,1.);
#7404 = DIRECTION('',(1.,0.,0.));
#7405 = PLANE('',#7406);
#7406 = AXIS2_PLACEMENT_3D('',#7407,#7408,#7409);
#7407 = CARTESIAN_POINT('',(-8.988972745734,0.981128571429,
    38.488814285714));
#7408 = DIRECTION('',(-0.,0.487253947878,0.873260322171));
#7409 = DIRECTION('',(0.,0.873260322171,-0.487253947878));
#7410 = ADVANCED_FACE('',(#7411),#7429,.T.);
#7411 = FACE_BOUND('',#7412,.T.);
#7412 = EDGE_LOOP('',(#7413,#7414,#7415,#7423));
#7413 = ORIENTED_EDGE('',*,*,#1301,.T.);
#7414 = ORIENTED_EDGE('',*,*,#7400,.T.);
#7415 = ORIENTED_EDGE('',*,*,#7416,.T.);
#7416 = EDGE_CURVE('',#7393,#7417,#7419,.T.);
#7417 = VERTEX_POINT('',#7418);
#7418 = CARTESIAN_POINT('',(-8.388972745734,1.100914285714,38.4318));
#7419 = LINE('',#7420,#7421);
#7420 = CARTESIAN_POINT('',(-8.388972745734,1.032385714286,
    38.460214285714));
#7421 = VECTOR('',#7422,1.);
#7422 = DIRECTION('',(-0.,0.923742113572,-0.3830150227));
#7423 = ORIENTED_EDGE('',*,*,#7424,.F.);
#7424 = EDGE_CURVE('',#1294,#7417,#7425,.T.);
#7425 = LINE('',#7426,#7427);
#7426 = CARTESIAN_POINT('',(-8.988972745734,1.100914285714,38.4318));
#7427 = VECTOR('',#7428,1.);
#7428 = DIRECTION('',(1.,0.,0.));
#7429 = PLANE('',#7430);
#7430 = AXIS2_PLACEMENT_3D('',#7431,#7432,#7433);
#7431 = CARTESIAN_POINT('',(-8.988972745734,1.032385714286,
    38.460214285714));
#7432 = DIRECTION('',(-0.,0.3830150227,0.923742113572));
#7433 = DIRECTION('',(0.,0.923742113572,-0.3830150227));
#7434 = ADVANCED_FACE('',(#7435),#7453,.T.);
#7435 = FACE_BOUND('',#7436,.T.);
#7436 = EDGE_LOOP('',(#7437,#7438,#7439,#7447));
#7437 = ORIENTED_EDGE('',*,*,#1293,.T.);
#7438 = ORIENTED_EDGE('',*,*,#7424,.T.);
#7439 = ORIENTED_EDGE('',*,*,#7440,.T.);
#7440 = EDGE_CURVE('',#7417,#7441,#7443,.T.);
#7441 = VERTEX_POINT('',#7442);
#7442 = CARTESIAN_POINT('',(-8.388972745734,1.157928571429,
    38.414528571429));
#7443 = LINE('',#7444,#7445);
#7444 = CARTESIAN_POINT('',(-8.388972745734,1.100914285714,38.4318));
#7445 = VECTOR('',#7446,1.);
#7446 = DIRECTION('',(-0.,0.957050619435,-0.289920871686));
#7447 = ORIENTED_EDGE('',*,*,#7448,.F.);
#7448 = EDGE_CURVE('',#1286,#7441,#7449,.T.);
#7449 = LINE('',#7450,#7451);
#7450 = CARTESIAN_POINT('',(-8.988972745734,1.157928571429,
    38.414528571429));
#7451 = VECTOR('',#7452,1.);
#7452 = DIRECTION('',(1.,0.,0.));
#7453 = PLANE('',#7454);
#7454 = AXIS2_PLACEMENT_3D('',#7455,#7456,#7457);
#7455 = CARTESIAN_POINT('',(-8.988972745734,1.100914285714,38.4318));
#7456 = DIRECTION('',(-0.,0.289920871686,0.957050619435));
#7457 = DIRECTION('',(0.,0.957050619435,-0.289920871686));
#7458 = ADVANCED_FACE('',(#7459),#7477,.T.);
#7459 = FACE_BOUND('',#7460,.T.);
#7460 = EDGE_LOOP('',(#7461,#7462,#7463,#7471));
#7461 = ORIENTED_EDGE('',*,*,#1285,.T.);
#7462 = ORIENTED_EDGE('',*,*,#7448,.T.);
#7463 = ORIENTED_EDGE('',*,*,#7464,.T.);
#7464 = EDGE_CURVE('',#7441,#7465,#7467,.T.);
#7465 = VERTEX_POINT('',#7466);
#7466 = CARTESIAN_POINT('',(-8.388972745734,1.214942857143,
    38.408957142857));
#7467 = LINE('',#7468,#7469);
#7468 = CARTESIAN_POINT('',(-8.388972745734,1.157928571429,
    38.414528571429));
#7469 = VECTOR('',#7470,1.);
#7470 = DIRECTION('',(-0.,0.995259338689,-9.725661290117E-02));
#7471 = ORIENTED_EDGE('',*,*,#7472,.F.);
#7472 = EDGE_CURVE('',#1278,#7465,#7473,.T.);
#7473 = LINE('',#7474,#7475);
#7474 = CARTESIAN_POINT('',(-8.988972745734,1.214942857143,
    38.408957142857));
#7475 = VECTOR('',#7476,1.);
#7476 = DIRECTION('',(1.,0.,0.));
#7477 = PLANE('',#7478);
#7478 = AXIS2_PLACEMENT_3D('',#7479,#7480,#7481);
#7479 = CARTESIAN_POINT('',(-8.988972745734,1.157928571429,
    38.414528571429));
#7480 = DIRECTION('',(-0.,9.725661290117E-02,0.995259338689));
#7481 = DIRECTION('',(0.,0.995259338689,-9.725661290117E-02));
#7482 = ADVANCED_FACE('',(#7483),#7501,.T.);
#7483 = FACE_BOUND('',#7484,.T.);
#7484 = EDGE_LOOP('',(#7485,#7486,#7487,#7495));
#7485 = ORIENTED_EDGE('',*,*,#1277,.T.);
#7486 = ORIENTED_EDGE('',*,*,#7472,.T.);
#7487 = ORIENTED_EDGE('',*,*,#7488,.T.);
#7488 = EDGE_CURVE('',#7465,#7489,#7491,.T.);
#7489 = VERTEX_POINT('',#7490);
#7490 = CARTESIAN_POINT('',(-8.388972745734,1.277714285714,38.4032));
#7491 = LINE('',#7492,#7493);
#7492 = CARTESIAN_POINT('',(-8.388972745734,1.214942857143,
    38.408957142857));
#7493 = VECTOR('',#7494,1.);
#7494 = DIRECTION('',(-0.,0.995820439719,-9.133264387955E-02));
#7495 = ORIENTED_EDGE('',*,*,#7496,.F.);
#7496 = EDGE_CURVE('',#1270,#7489,#7497,.T.);
#7497 = LINE('',#7498,#7499);
#7498 = CARTESIAN_POINT('',(-8.988972745734,1.277714285714,38.4032));
#7499 = VECTOR('',#7500,1.);
#7500 = DIRECTION('',(1.,0.,0.));
#7501 = PLANE('',#7502);
#7502 = AXIS2_PLACEMENT_3D('',#7503,#7504,#7505);
#7503 = CARTESIAN_POINT('',(-8.988972745734,1.214942857143,
    38.408957142857));
#7504 = DIRECTION('',(-0.,9.133264387955E-02,0.995820439719));
#7505 = DIRECTION('',(0.,0.995820439719,-9.133264387955E-02));
#7506 = ADVANCED_FACE('',(#7507),#7532,.T.);
#7507 = FACE_BOUND('',#7508,.T.);
#7508 = EDGE_LOOP('',(#7509,#7510,#7518,#7526));
#7509 = ORIENTED_EDGE('',*,*,#1261,.T.);
#7510 = ORIENTED_EDGE('',*,*,#7511,.T.);
#7511 = EDGE_CURVE('',#1262,#7512,#7514,.T.);
#7512 = VERTEX_POINT('',#7513);
#7513 = CARTESIAN_POINT('',(-8.388972745734,2.179171428571,38.4032));
#7514 = LINE('',#7515,#7516);
#7515 = CARTESIAN_POINT('',(-8.988972745734,2.179171428571,38.4032));
#7516 = VECTOR('',#7517,1.);
#7517 = DIRECTION('',(1.,0.,0.));
#7518 = ORIENTED_EDGE('',*,*,#7519,.T.);
#7519 = EDGE_CURVE('',#7512,#7520,#7522,.T.);
#7520 = VERTEX_POINT('',#7521);
#7521 = CARTESIAN_POINT('',(-8.388972745734,2.207585714286,
    38.408957142857));
#7522 = LINE('',#7523,#7524);
#7523 = CARTESIAN_POINT('',(-8.388972745734,2.179171428571,38.4032));
#7524 = VECTOR('',#7525,1.);
#7525 = DIRECTION('',(0.,0.980084827963,0.198579278868));
#7526 = ORIENTED_EDGE('',*,*,#7527,.F.);
#7527 = EDGE_CURVE('',#1254,#7520,#7528,.T.);
#7528 = LINE('',#7529,#7530);
#7529 = CARTESIAN_POINT('',(-8.988972745734,2.207585714286,
    38.408957142857));
#7530 = VECTOR('',#7531,1.);
#7531 = DIRECTION('',(1.,0.,0.));
#7532 = PLANE('',#7533);
#7533 = AXIS2_PLACEMENT_3D('',#7534,#7535,#7536);
#7534 = CARTESIAN_POINT('',(-8.988972745734,2.179171428571,38.4032));
#7535 = DIRECTION('',(0.,-0.198579278868,0.980084827963));
#7536 = DIRECTION('',(0.,0.980084827963,0.198579278868));
#7537 = ADVANCED_FACE('',(#7538),#7556,.T.);
#7538 = FACE_BOUND('',#7539,.T.);
#7539 = EDGE_LOOP('',(#7540,#7541,#7542,#7550));
#7540 = ORIENTED_EDGE('',*,*,#1253,.T.);
#7541 = ORIENTED_EDGE('',*,*,#7527,.T.);
#7542 = ORIENTED_EDGE('',*,*,#7543,.T.);
#7543 = EDGE_CURVE('',#7520,#7544,#7546,.T.);
#7544 = VERTEX_POINT('',#7545);
#7545 = CARTESIAN_POINT('',(-8.388972745734,2.264785714286,
    38.420285714286));
#7546 = LINE('',#7547,#7548);
#7547 = CARTESIAN_POINT('',(-8.388972745734,2.207585714286,
    38.408957142857));
#7548 = VECTOR('',#7549,1.);
#7549 = DIRECTION('',(0.,0.980946441599,0.194278353693));
#7550 = ORIENTED_EDGE('',*,*,#7551,.F.);
#7551 = EDGE_CURVE('',#1246,#7544,#7552,.T.);
#7552 = LINE('',#7553,#7554);
#7553 = CARTESIAN_POINT('',(-8.988972745734,2.264785714286,
    38.420285714286));
#7554 = VECTOR('',#7555,1.);
#7555 = DIRECTION('',(1.,0.,0.));
#7556 = PLANE('',#7557);
#7557 = AXIS2_PLACEMENT_3D('',#7558,#7559,#7560);
#7558 = CARTESIAN_POINT('',(-8.988972745734,2.207585714286,
    38.408957142857));
#7559 = DIRECTION('',(0.,-0.194278353693,0.980946441599));
#7560 = DIRECTION('',(0.,0.980946441599,0.194278353693));
#7561 = ADVANCED_FACE('',(#7562),#7580,.T.);
#7562 = FACE_BOUND('',#7563,.T.);
#7563 = EDGE_LOOP('',(#7564,#7565,#7566,#7574));
#7564 = ORIENTED_EDGE('',*,*,#1245,.T.);
#7565 = ORIENTED_EDGE('',*,*,#7551,.T.);
#7566 = ORIENTED_EDGE('',*,*,#7567,.T.);
#7567 = EDGE_CURVE('',#7544,#7568,#7570,.T.);
#7568 = VERTEX_POINT('',#7569);
#7569 = CARTESIAN_POINT('',(-8.388972745734,2.310285714286,38.4318));
#7570 = LINE('',#7571,#7572);
#7571 = CARTESIAN_POINT('',(-8.388972745734,2.264785714286,
    38.420285714286));
#7572 = VECTOR('',#7573,1.);
#7573 = DIRECTION('',(0.,0.969440203112,0.245327724869));
#7574 = ORIENTED_EDGE('',*,*,#7575,.F.);
#7575 = EDGE_CURVE('',#1238,#7568,#7576,.T.);
#7576 = LINE('',#7577,#7578);
#7577 = CARTESIAN_POINT('',(-8.988972745734,2.310285714286,38.4318));
#7578 = VECTOR('',#7579,1.);
#7579 = DIRECTION('',(1.,0.,0.));
#7580 = PLANE('',#7581);
#7581 = AXIS2_PLACEMENT_3D('',#7582,#7583,#7584);
#7582 = CARTESIAN_POINT('',(-8.988972745734,2.264785714286,
    38.420285714286));
#7583 = DIRECTION('',(0.,-0.245327724869,0.969440203112));
#7584 = DIRECTION('',(0.,0.969440203112,0.245327724869));
#7585 = ADVANCED_FACE('',(#7586),#7604,.T.);
#7586 = FACE_BOUND('',#7587,.T.);
#7587 = EDGE_LOOP('',(#7588,#7589,#7590,#7598));
#7588 = ORIENTED_EDGE('',*,*,#1237,.T.);
#7589 = ORIENTED_EDGE('',*,*,#7575,.T.);
#7590 = ORIENTED_EDGE('',*,*,#7591,.T.);
#7591 = EDGE_CURVE('',#7568,#7592,#7594,.T.);
#7592 = VERTEX_POINT('',#7593);
#7593 = CARTESIAN_POINT('',(-8.388972745734,2.361728571429,
    38.454457142857));
#7594 = LINE('',#7595,#7596);
#7595 = CARTESIAN_POINT('',(-8.388972745734,2.310285714286,38.4318));
#7596 = VECTOR('',#7597,1.);
#7597 = DIRECTION('',(0.,0.915168822915,0.403070745111));
#7598 = ORIENTED_EDGE('',*,*,#7599,.F.);
#7599 = EDGE_CURVE('',#1230,#7592,#7600,.T.);
#7600 = LINE('',#7601,#7602);
#7601 = CARTESIAN_POINT('',(-8.988972745734,2.361728571429,
    38.454457142857));
#7602 = VECTOR('',#7603,1.);
#7603 = DIRECTION('',(1.,0.,0.));
#7604 = PLANE('',#7605);
#7605 = AXIS2_PLACEMENT_3D('',#7606,#7607,#7608);
#7606 = CARTESIAN_POINT('',(-8.988972745734,2.310285714286,38.4318));
#7607 = DIRECTION('',(0.,-0.403070745111,0.915168822915));
#7608 = DIRECTION('',(0.,0.915168822915,0.403070745111));
#7609 = ADVANCED_FACE('',(#7610),#7628,.T.);
#7610 = FACE_BOUND('',#7611,.T.);
#7611 = EDGE_LOOP('',(#7612,#7613,#7614,#7622));
#7612 = ORIENTED_EDGE('',*,*,#1229,.T.);
#7613 = ORIENTED_EDGE('',*,*,#7599,.T.);
#7614 = ORIENTED_EDGE('',*,*,#7615,.T.);
#7615 = EDGE_CURVE('',#7592,#7616,#7618,.T.);
#7616 = VERTEX_POINT('',#7617);
#7617 = CARTESIAN_POINT('',(-8.388972745734,2.407414285714,
    38.471728571429));
#7618 = LINE('',#7619,#7620);
#7619 = CARTESIAN_POINT('',(-8.388972745734,2.361728571429,
    38.454457142857));
#7620 = VECTOR('',#7621,1.);
#7621 = DIRECTION('',(0.,0.93538826358,0.353622392329));
#7622 = ORIENTED_EDGE('',*,*,#7623,.F.);
#7623 = EDGE_CURVE('',#1222,#7616,#7624,.T.);
#7624 = LINE('',#7625,#7626);
#7625 = CARTESIAN_POINT('',(-8.988972745734,2.407414285714,
    38.471728571429));
#7626 = VECTOR('',#7627,1.);
#7627 = DIRECTION('',(1.,0.,0.));
#7628 = PLANE('',#7629);
#7629 = AXIS2_PLACEMENT_3D('',#7630,#7631,#7632);
#7630 = CARTESIAN_POINT('',(-8.988972745734,2.361728571429,
    38.454457142857));
#7631 = DIRECTION('',(0.,-0.353622392329,0.93538826358));
#7632 = DIRECTION('',(0.,0.93538826358,0.353622392329));
#7633 = ADVANCED_FACE('',(#7634),#7652,.T.);
#7634 = FACE_BOUND('',#7635,.T.);
#7635 = EDGE_LOOP('',(#7636,#7637,#7638,#7646));
#7636 = ORIENTED_EDGE('',*,*,#1221,.T.);
#7637 = ORIENTED_EDGE('',*,*,#7623,.T.);
#7638 = ORIENTED_EDGE('',*,*,#7639,.T.);
#7639 = EDGE_CURVE('',#7616,#7640,#7642,.T.);
#7640 = VERTEX_POINT('',#7641);
#7641 = CARTESIAN_POINT('',(-8.388972745734,2.452914285714,
    38.500142857143));
#7642 = LINE('',#7643,#7644);
#7643 = CARTESIAN_POINT('',(-8.388972745734,2.407414285714,
    38.471728571429));
#7644 = VECTOR('',#7645,1.);
#7645 = DIRECTION('',(0.,0.848192741916,0.529687712299));
#7646 = ORIENTED_EDGE('',*,*,#7647,.F.);
#7647 = EDGE_CURVE('',#1214,#7640,#7648,.T.);
#7648 = LINE('',#7649,#7650);
#7649 = CARTESIAN_POINT('',(-8.988972745734,2.452914285714,
    38.500142857143));
#7650 = VECTOR('',#7651,1.);
#7651 = DIRECTION('',(1.,0.,0.));
#7652 = PLANE('',#7653);
#7653 = AXIS2_PLACEMENT_3D('',#7654,#7655,#7656);
#7654 = CARTESIAN_POINT('',(-8.988972745734,2.407414285714,
    38.471728571429));
#7655 = DIRECTION('',(0.,-0.529687712299,0.848192741916));
#7656 = DIRECTION('',(0.,0.848192741916,0.529687712299));
#7657 = ADVANCED_FACE('',(#7658),#7676,.T.);
#7658 = FACE_BOUND('',#7659,.T.);
#7659 = EDGE_LOOP('',(#7660,#7661,#7662,#7670));
#7660 = ORIENTED_EDGE('',*,*,#1213,.T.);
#7661 = ORIENTED_EDGE('',*,*,#7647,.T.);
#7662 = ORIENTED_EDGE('',*,*,#7663,.T.);
#7663 = EDGE_CURVE('',#7640,#7664,#7666,.T.);
#7664 = VERTEX_POINT('',#7665);
#7665 = CARTESIAN_POINT('',(-8.388972745734,2.492842857143,
    38.528742857143));
#7666 = LINE('',#7667,#7668);
#7667 = CARTESIAN_POINT('',(-8.388972745734,2.452914285714,
    38.500142857143));
#7668 = VECTOR('',#7669,1.);
#7669 = DIRECTION('',(0.,0.812966296417,0.58231074255));
#7670 = ORIENTED_EDGE('',*,*,#7671,.F.);
#7671 = EDGE_CURVE('',#1206,#7664,#7672,.T.);
#7672 = LINE('',#7673,#7674);
#7673 = CARTESIAN_POINT('',(-8.988972745734,2.492842857143,
    38.528742857143));
#7674 = VECTOR('',#7675,1.);
#7675 = DIRECTION('',(1.,0.,0.));
#7676 = PLANE('',#7677);
#7677 = AXIS2_PLACEMENT_3D('',#7678,#7679,#7680);
#7678 = CARTESIAN_POINT('',(-8.988972745734,2.452914285714,
    38.500142857143));
#7679 = DIRECTION('',(0.,-0.58231074255,0.812966296417));
#7680 = DIRECTION('',(0.,0.812966296417,0.58231074255));
#7681 = ADVANCED_FACE('',(#7682),#7700,.T.);
#7682 = FACE_BOUND('',#7683,.T.);
#7683 = EDGE_LOOP('',(#7684,#7685,#7686,#7694));
#7684 = ORIENTED_EDGE('',*,*,#1205,.T.);
#7685 = ORIENTED_EDGE('',*,*,#7671,.T.);
#7686 = ORIENTED_EDGE('',*,*,#7687,.T.);
#7687 = EDGE_CURVE('',#7664,#7688,#7690,.T.);
#7688 = VERTEX_POINT('',#7689);
#7689 = CARTESIAN_POINT('',(-8.388972745734,2.532771428571,
    38.568671428571));
#7690 = LINE('',#7691,#7692);
#7691 = CARTESIAN_POINT('',(-8.388972745734,2.492842857143,
    38.528742857143));
#7692 = VECTOR('',#7693,1.);
#7693 = DIRECTION('',(0.,0.707106781187,0.707106781187));
#7694 = ORIENTED_EDGE('',*,*,#7695,.F.);
#7695 = EDGE_CURVE('',#1198,#7688,#7696,.T.);
#7696 = LINE('',#7697,#7698);
#7697 = CARTESIAN_POINT('',(-8.988972745734,2.532771428571,
    38.568671428571));
#7698 = VECTOR('',#7699,1.);
#7699 = DIRECTION('',(1.,0.,0.));
#7700 = PLANE('',#7701);
#7701 = AXIS2_PLACEMENT_3D('',#7702,#7703,#7704);
#7702 = CARTESIAN_POINT('',(-8.988972745734,2.492842857143,
    38.528742857143));
#7703 = DIRECTION('',(0.,-0.707106781187,0.707106781187));
#7704 = DIRECTION('',(0.,0.707106781187,0.707106781187));
#7705 = ADVANCED_FACE('',(#7706),#7724,.T.);
#7706 = FACE_BOUND('',#7707,.T.);
#7707 = EDGE_LOOP('',(#7708,#7709,#7710,#7718));
#7708 = ORIENTED_EDGE('',*,*,#1197,.T.);
#7709 = ORIENTED_EDGE('',*,*,#7695,.T.);
#7710 = ORIENTED_EDGE('',*,*,#7711,.T.);
#7711 = EDGE_CURVE('',#7688,#7712,#7714,.T.);
#7712 = VERTEX_POINT('',#7713);
#7713 = CARTESIAN_POINT('',(-8.388972745734,2.567128571429,
    38.602842857143));
#7714 = LINE('',#7715,#7716);
#7715 = CARTESIAN_POINT('',(-8.388972745734,2.532771428571,
    38.568671428571));
#7716 = VECTOR('',#7717,1.);
#7717 = DIRECTION('',(0.,0.70902045612,0.705187913114));
#7718 = ORIENTED_EDGE('',*,*,#7719,.F.);
#7719 = EDGE_CURVE('',#1190,#7712,#7720,.T.);
#7720 = LINE('',#7721,#7722);
#7721 = CARTESIAN_POINT('',(-8.988972745734,2.567128571429,
    38.602842857143));
#7722 = VECTOR('',#7723,1.);
#7723 = DIRECTION('',(1.,0.,0.));
#7724 = PLANE('',#7725);
#7725 = AXIS2_PLACEMENT_3D('',#7726,#7727,#7728);
#7726 = CARTESIAN_POINT('',(-8.988972745734,2.532771428571,
    38.568671428571));
#7727 = DIRECTION('',(0.,-0.705187913114,0.70902045612));
#7728 = DIRECTION('',(0.,0.70902045612,0.705187913114));
#7729 = ADVANCED_FACE('',(#7730),#7748,.T.);
#7730 = FACE_BOUND('',#7731,.T.);
#7731 = EDGE_LOOP('',(#7732,#7733,#7734,#7742));
#7732 = ORIENTED_EDGE('',*,*,#1189,.T.);
#7733 = ORIENTED_EDGE('',*,*,#7719,.T.);
#7734 = ORIENTED_EDGE('',*,*,#7735,.T.);
#7735 = EDGE_CURVE('',#7712,#7736,#7738,.T.);
#7736 = VERTEX_POINT('',#7737);
#7737 = CARTESIAN_POINT('',(-8.388972745734,2.595542857143,38.6372));
#7738 = LINE('',#7739,#7740);
#7739 = CARTESIAN_POINT('',(-8.388972745734,2.567128571429,
    38.602842857143));
#7740 = VECTOR('',#7741,1.);
#7741 = DIRECTION('',(0.,0.637311932213,0.770605931108));
#7742 = ORIENTED_EDGE('',*,*,#7743,.F.);
#7743 = EDGE_CURVE('',#1182,#7736,#7744,.T.);
#7744 = LINE('',#7745,#7746);
#7745 = CARTESIAN_POINT('',(-8.988972745734,2.595542857143,38.6372));
#7746 = VECTOR('',#7747,1.);
#7747 = DIRECTION('',(1.,0.,0.));
#7748 = PLANE('',#7749);
#7749 = AXIS2_PLACEMENT_3D('',#7750,#7751,#7752);
#7750 = CARTESIAN_POINT('',(-8.988972745734,2.567128571429,
    38.602842857143));
#7751 = DIRECTION('',(0.,-0.770605931108,0.637311932213));
#7752 = DIRECTION('',(0.,0.637311932213,0.770605931108));
#7753 = ADVANCED_FACE('',(#7754),#7772,.T.);
#7754 = FACE_BOUND('',#7755,.T.);
#7755 = EDGE_LOOP('',(#7756,#7757,#7758,#7766));
#7756 = ORIENTED_EDGE('',*,*,#1181,.T.);
#7757 = ORIENTED_EDGE('',*,*,#7743,.T.);
#7758 = ORIENTED_EDGE('',*,*,#7759,.T.);
#7759 = EDGE_CURVE('',#7736,#7760,#7762,.T.);
#7760 = VERTEX_POINT('',#7761);
#7761 = CARTESIAN_POINT('',(-8.388972745734,2.624142857143,
    38.688457142857));
#7762 = LINE('',#7763,#7764);
#7763 = CARTESIAN_POINT('',(-8.388972745734,2.595542857143,38.6372));
#7764 = VECTOR('',#7765,1.);
#7765 = DIRECTION('',(0.,0.487253947878,0.873260322171));
#7766 = ORIENTED_EDGE('',*,*,#7767,.F.);
#7767 = EDGE_CURVE('',#1174,#7760,#7768,.T.);
#7768 = LINE('',#7769,#7770);
#7769 = CARTESIAN_POINT('',(-8.988972745734,2.624142857143,
    38.688457142857));
#7770 = VECTOR('',#7771,1.);
#7771 = DIRECTION('',(1.,0.,0.));
#7772 = PLANE('',#7773);
#7773 = AXIS2_PLACEMENT_3D('',#7774,#7775,#7776);
#7774 = CARTESIAN_POINT('',(-8.988972745734,2.595542857143,38.6372));
#7775 = DIRECTION('',(0.,-0.873260322171,0.487253947878));
#7776 = DIRECTION('',(0.,0.487253947878,0.873260322171));
#7777 = ADVANCED_FACE('',(#7778),#7796,.T.);
#7778 = FACE_BOUND('',#7779,.T.);
#7779 = EDGE_LOOP('',(#7780,#7781,#7782,#7790));
#7780 = ORIENTED_EDGE('',*,*,#1173,.T.);
#7781 = ORIENTED_EDGE('',*,*,#7767,.T.);
#7782 = ORIENTED_EDGE('',*,*,#7783,.T.);
#7783 = EDGE_CURVE('',#7760,#7784,#7786,.T.);
#7784 = VERTEX_POINT('',#7785);
#7785 = CARTESIAN_POINT('',(-8.388972745734,2.646985714286,
    38.728385714286));
#7786 = LINE('',#7787,#7788);
#7787 = CARTESIAN_POINT('',(-8.388972745734,2.624142857143,
    38.688457142857));
#7788 = VECTOR('',#7789,1.);
#7789 = DIRECTION('',(0.,0.49657364983,0.867994591167));
#7790 = ORIENTED_EDGE('',*,*,#7791,.F.);
#7791 = EDGE_CURVE('',#1166,#7784,#7792,.T.);
#7792 = LINE('',#7793,#7794);
#7793 = CARTESIAN_POINT('',(-8.988972745734,2.646985714286,
    38.728385714286));
#7794 = VECTOR('',#7795,1.);
#7795 = DIRECTION('',(1.,0.,0.));
#7796 = PLANE('',#7797);
#7797 = AXIS2_PLACEMENT_3D('',#7798,#7799,#7800);
#7798 = CARTESIAN_POINT('',(-8.988972745734,2.624142857143,
    38.688457142857));
#7799 = DIRECTION('',(0.,-0.867994591167,0.49657364983));
#7800 = DIRECTION('',(0.,0.49657364983,0.867994591167));
#7801 = ADVANCED_FACE('',(#7802),#7820,.T.);
#7802 = FACE_BOUND('',#7803,.T.);
#7803 = EDGE_LOOP('',(#7804,#7805,#7806,#7814));
#7804 = ORIENTED_EDGE('',*,*,#1165,.T.);
#7805 = ORIENTED_EDGE('',*,*,#7791,.T.);
#7806 = ORIENTED_EDGE('',*,*,#7807,.T.);
#7807 = EDGE_CURVE('',#7784,#7808,#7810,.T.);
#7808 = VERTEX_POINT('',#7809);
#7809 = CARTESIAN_POINT('',(-8.388972745734,2.664071428571,
    38.768314285714));
#7810 = LINE('',#7811,#7812);
#7811 = CARTESIAN_POINT('',(-8.388972745734,2.646985714286,
    38.728385714286));
#7812 = VECTOR('',#7813,1.);
#7813 = DIRECTION('',(0.,0.393403152889,0.919366063816));
#7814 = ORIENTED_EDGE('',*,*,#7815,.F.);
#7815 = EDGE_CURVE('',#1158,#7808,#7816,.T.);
#7816 = LINE('',#7817,#7818);
#7817 = CARTESIAN_POINT('',(-8.988972745734,2.664071428571,
    38.768314285714));
#7818 = VECTOR('',#7819,1.);
#7819 = DIRECTION('',(1.,0.,0.));
#7820 = PLANE('',#7821);
#7821 = AXIS2_PLACEMENT_3D('',#7822,#7823,#7824);
#7822 = CARTESIAN_POINT('',(-8.988972745734,2.646985714286,
    38.728385714286));
#7823 = DIRECTION('',(0.,-0.919366063816,0.393403152889));
#7824 = DIRECTION('',(0.,0.393403152889,0.919366063816));
#7825 = ADVANCED_FACE('',(#7826),#7844,.T.);
#7826 = FACE_BOUND('',#7827,.T.);
#7827 = EDGE_LOOP('',(#7828,#7829,#7830,#7838));
#7828 = ORIENTED_EDGE('',*,*,#1157,.T.);
#7829 = ORIENTED_EDGE('',*,*,#7815,.T.);
#7830 = ORIENTED_EDGE('',*,*,#7831,.T.);
#7831 = EDGE_CURVE('',#7808,#7832,#7834,.T.);
#7832 = VERTEX_POINT('',#7833);
#7833 = CARTESIAN_POINT('',(-8.388972745734,2.686914285714,
    38.825328571429));
#7834 = LINE('',#7835,#7836);
#7835 = CARTESIAN_POINT('',(-8.388972745734,2.664071428571,
    38.768314285714));
#7836 = VECTOR('',#7837,1.);
#7837 = DIRECTION('',(0.,0.371911940969,0.928268015265));
#7838 = ORIENTED_EDGE('',*,*,#7839,.F.);
#7839 = EDGE_CURVE('',#1150,#7832,#7840,.T.);
#7840 = LINE('',#7841,#7842);
#7841 = CARTESIAN_POINT('',(-8.988972745734,2.686914285714,
    38.825328571429));
#7842 = VECTOR('',#7843,1.);
#7843 = DIRECTION('',(1.,0.,0.));
#7844 = PLANE('',#7845);
#7845 = AXIS2_PLACEMENT_3D('',#7846,#7847,#7848);
#7846 = CARTESIAN_POINT('',(-8.988972745734,2.664071428571,
    38.768314285714));
#7847 = DIRECTION('',(0.,-0.928268015265,0.371911940969));
#7848 = DIRECTION('',(0.,0.371911940969,0.928268015265));
#7849 = ADVANCED_FACE('',(#7850),#7868,.T.);
#7850 = FACE_BOUND('',#7851,.T.);
#7851 = EDGE_LOOP('',(#7852,#7853,#7854,#7862));
#7852 = ORIENTED_EDGE('',*,*,#1149,.T.);
#7853 = ORIENTED_EDGE('',*,*,#7839,.T.);
#7854 = ORIENTED_EDGE('',*,*,#7855,.T.);
#7855 = EDGE_CURVE('',#7832,#7856,#7858,.T.);
#7856 = VERTEX_POINT('',#7857);
#7857 = CARTESIAN_POINT('',(-8.388972745734,2.692671428571,
    38.871014285714));
#7858 = LINE('',#7859,#7860);
#7859 = CARTESIAN_POINT('',(-8.388972745734,2.686914285714,
    38.825328571429));
#7860 = VECTOR('',#7861,1.);
#7861 = DIRECTION('',(0.,0.125027446277,0.992153283358));
#7862 = ORIENTED_EDGE('',*,*,#7863,.F.);
#7863 = EDGE_CURVE('',#1142,#7856,#7864,.T.);
#7864 = LINE('',#7865,#7866);
#7865 = CARTESIAN_POINT('',(-8.988972745734,2.692671428571,
    38.871014285714));
#7866 = VECTOR('',#7867,1.);
#7867 = DIRECTION('',(1.,0.,0.));
#7868 = PLANE('',#7869);
#7869 = AXIS2_PLACEMENT_3D('',#7870,#7871,#7872);
#7870 = CARTESIAN_POINT('',(-8.988972745734,2.686914285714,
    38.825328571429));
#7871 = DIRECTION('',(0.,-0.992153283358,0.125027446277));
#7872 = DIRECTION('',(0.,0.125027446277,0.992153283358));
#7873 = ADVANCED_FACE('',(#7874),#7892,.T.);
#7874 = FACE_BOUND('',#7875,.T.);
#7875 = EDGE_LOOP('',(#7876,#7877,#7878,#7886));
#7876 = ORIENTED_EDGE('',*,*,#1141,.T.);
#7877 = ORIENTED_EDGE('',*,*,#7863,.T.);
#7878 = ORIENTED_EDGE('',*,*,#7879,.T.);
#7879 = EDGE_CURVE('',#7856,#7880,#7882,.T.);
#7880 = VERTEX_POINT('',#7881);
#7881 = CARTESIAN_POINT('',(-8.388972745734,2.704,38.928028571429));
#7882 = LINE('',#7883,#7884);
#7883 = CARTESIAN_POINT('',(-8.388972745734,2.692671428571,
    38.871014285714));
#7884 = VECTOR('',#7885,1.);
#7885 = DIRECTION('',(0.,0.194887184279,0.980825665143));
#7886 = ORIENTED_EDGE('',*,*,#7887,.F.);
#7887 = EDGE_CURVE('',#1134,#7880,#7888,.T.);
#7888 = LINE('',#7889,#7890);
#7889 = CARTESIAN_POINT('',(-8.988972745734,2.704,38.928028571429));
#7890 = VECTOR('',#7891,1.);
#7891 = DIRECTION('',(1.,0.,0.));
#7892 = PLANE('',#7893);
#7893 = AXIS2_PLACEMENT_3D('',#7894,#7895,#7896);
#7894 = CARTESIAN_POINT('',(-8.988972745734,2.692671428571,
    38.871014285714));
#7895 = DIRECTION('',(0.,-0.980825665143,0.194887184279));
#7896 = DIRECTION('',(0.,0.194887184279,0.980825665143));
#7897 = ADVANCED_FACE('',(#7898),#7923,.T.);
#7898 = FACE_BOUND('',#7899,.T.);
#7899 = EDGE_LOOP('',(#7900,#7901,#7909,#7917));
#7900 = ORIENTED_EDGE('',*,*,#1645,.T.);
#7901 = ORIENTED_EDGE('',*,*,#7902,.T.);
#7902 = EDGE_CURVE('',#1648,#7903,#7905,.T.);
#7903 = VERTEX_POINT('',#7904);
#7904 = CARTESIAN_POINT('',(-8.388972745734,-3.536928571429,
    41.826285714286));
#7905 = LINE('',#7906,#7907);
#7906 = CARTESIAN_POINT('',(-8.988972745734,-3.536928571429,
    41.826285714286));
#7907 = VECTOR('',#7908,1.);
#7908 = DIRECTION('',(1.,0.,0.));
#7909 = ORIENTED_EDGE('',*,*,#7910,.T.);
#7910 = EDGE_CURVE('',#7903,#7911,#7913,.T.);
#7911 = VERTEX_POINT('',#7912);
#7912 = CARTESIAN_POINT('',(-8.388972745734,-3.502757142857,
    41.832042857143));
#7913 = LINE('',#7914,#7915);
#7914 = CARTESIAN_POINT('',(-8.388972745734,-3.536928571429,
    41.826285714286));
#7915 = VECTOR('',#7916,1.);
#7916 = DIRECTION('',(0.,0.98610270304,0.166136868447));
#7917 = ORIENTED_EDGE('',*,*,#7918,.F.);
#7918 = EDGE_CURVE('',#1646,#7911,#7919,.T.);
#7919 = LINE('',#7920,#7921);
#7920 = CARTESIAN_POINT('',(-8.988972745734,-3.502757142857,
    41.832042857143));
#7921 = VECTOR('',#7922,1.);
#7922 = DIRECTION('',(1.,0.,0.));
#7923 = PLANE('',#7924);
#7924 = AXIS2_PLACEMENT_3D('',#7925,#7926,#7927);
#7925 = CARTESIAN_POINT('',(-8.988972745734,-3.536928571429,
    41.826285714286));
#7926 = DIRECTION('',(0.,-0.166136868447,0.98610270304));
#7927 = DIRECTION('',(0.,0.98610270304,0.166136868447));
#7928 = ADVANCED_FACE('',(#7929),#7947,.T.);
#7929 = FACE_BOUND('',#7930,.T.);
#7930 = EDGE_LOOP('',(#7931,#7932,#7933,#7941));
#7931 = ORIENTED_EDGE('',*,*,#2303,.T.);
#7932 = ORIENTED_EDGE('',*,*,#7918,.T.);
#7933 = ORIENTED_EDGE('',*,*,#7934,.T.);
#7934 = EDGE_CURVE('',#7911,#7935,#7937,.T.);
#7935 = VERTEX_POINT('',#7936);
#7936 = CARTESIAN_POINT('',(-8.388972745734,-3.462828571429,
    41.843371428571));
#7937 = LINE('',#7938,#7939);
#7938 = CARTESIAN_POINT('',(-8.388972745734,-3.502757142857,
    41.832042857143));
#7939 = VECTOR('',#7940,1.);
#7940 = DIRECTION('',(0.,0.962028866252,0.272947724844));
#7941 = ORIENTED_EDGE('',*,*,#7942,.F.);
#7942 = EDGE_CURVE('',#2296,#7935,#7943,.T.);
#7943 = LINE('',#7944,#7945);
#7944 = CARTESIAN_POINT('',(-8.988972745734,-3.462828571429,
    41.843371428571));
#7945 = VECTOR('',#7946,1.);
#7946 = DIRECTION('',(1.,0.,0.));
#7947 = PLANE('',#7948);
#7948 = AXIS2_PLACEMENT_3D('',#7949,#7950,#7951);
#7949 = CARTESIAN_POINT('',(-8.988972745734,-3.502757142857,
    41.832042857143));
#7950 = DIRECTION('',(0.,-0.272947724844,0.962028866252));
#7951 = DIRECTION('',(0.,0.962028866252,0.272947724844));
#7952 = ADVANCED_FACE('',(#7953),#7971,.T.);
#7953 = FACE_BOUND('',#7954,.T.);
#7954 = EDGE_LOOP('',(#7955,#7956,#7957,#7965));
#7955 = ORIENTED_EDGE('',*,*,#2295,.T.);
#7956 = ORIENTED_EDGE('',*,*,#7942,.T.);
#7957 = ORIENTED_EDGE('',*,*,#7958,.T.);
#7958 = EDGE_CURVE('',#7935,#7959,#7961,.T.);
#7959 = VERTEX_POINT('',#7960);
#7960 = CARTESIAN_POINT('',(-8.388972745734,-3.434228571429,
    41.854885714286));
#7961 = LINE('',#7962,#7963);
#7962 = CARTESIAN_POINT('',(-8.388972745734,-3.462828571429,
    41.843371428571));
#7963 = VECTOR('',#7964,1.);
#7964 = DIRECTION('',(0.,0.927643517938,0.373466870858));
#7965 = ORIENTED_EDGE('',*,*,#7966,.F.);
#7966 = EDGE_CURVE('',#2288,#7959,#7967,.T.);
#7967 = LINE('',#7968,#7969);
#7968 = CARTESIAN_POINT('',(-8.988972745734,-3.434228571429,
    41.854885714286));
#7969 = VECTOR('',#7970,1.);
#7970 = DIRECTION('',(1.,0.,0.));
#7971 = PLANE('',#7972);
#7972 = AXIS2_PLACEMENT_3D('',#7973,#7974,#7975);
#7973 = CARTESIAN_POINT('',(-8.988972745734,-3.462828571429,
    41.843371428571));
#7974 = DIRECTION('',(0.,-0.373466870858,0.927643517938));
#7975 = DIRECTION('',(0.,0.927643517938,0.373466870858));
#7976 = ADVANCED_FACE('',(#7977),#7995,.T.);
#7977 = FACE_BOUND('',#7978,.T.);
#7978 = EDGE_LOOP('',(#7979,#7980,#7981,#7989));
#7979 = ORIENTED_EDGE('',*,*,#2287,.T.);
#7980 = ORIENTED_EDGE('',*,*,#7966,.T.);
#7981 = ORIENTED_EDGE('',*,*,#7982,.T.);
#7982 = EDGE_CURVE('',#7959,#7983,#7985,.T.);
#7983 = VERTEX_POINT('',#7984);
#7984 = CARTESIAN_POINT('',(-8.388972745734,-3.400057142857,
    41.871971428571));
#7985 = LINE('',#7986,#7987);
#7986 = CARTESIAN_POINT('',(-8.388972745734,-3.434228571429,
    41.854885714286));
#7987 = VECTOR('',#7988,1.);
#7988 = DIRECTION('',(0.,0.894427191,0.4472135955));
#7989 = ORIENTED_EDGE('',*,*,#7990,.F.);
#7990 = EDGE_CURVE('',#2280,#7983,#7991,.T.);
#7991 = LINE('',#7992,#7993);
#7992 = CARTESIAN_POINT('',(-8.988972745734,-3.400057142857,
    41.871971428571));
#7993 = VECTOR('',#7994,1.);
#7994 = DIRECTION('',(1.,0.,0.));
#7995 = PLANE('',#7996);
#7996 = AXIS2_PLACEMENT_3D('',#7997,#7998,#7999);
#7997 = CARTESIAN_POINT('',(-8.988972745734,-3.434228571429,
    41.854885714286));
#7998 = DIRECTION('',(0.,-0.4472135955,0.894427191));
#7999 = DIRECTION('',(0.,0.894427191,0.4472135955));
#8000 = ADVANCED_FACE('',(#8001),#8019,.T.);
#8001 = FACE_BOUND('',#8002,.T.);
#8002 = EDGE_LOOP('',(#8003,#8004,#8005,#8013));
#8003 = ORIENTED_EDGE('',*,*,#2279,.T.);
#8004 = ORIENTED_EDGE('',*,*,#7990,.T.);
#8005 = ORIENTED_EDGE('',*,*,#8006,.T.);
#8006 = EDGE_CURVE('',#7983,#8007,#8009,.T.);
#8007 = VERTEX_POINT('',#8008);
#8008 = CARTESIAN_POINT('',(-8.388972745734,-3.382971428571,
    41.889057142857));
#8009 = LINE('',#8010,#8011);
#8010 = CARTESIAN_POINT('',(-8.388972745734,-3.400057142857,
    41.871971428571));
#8011 = VECTOR('',#8012,1.);
#8012 = DIRECTION('',(0.,0.707106781187,0.707106781187));
#8013 = ORIENTED_EDGE('',*,*,#8014,.F.);
#8014 = EDGE_CURVE('',#2272,#8007,#8015,.T.);
#8015 = LINE('',#8016,#8017);
#8016 = CARTESIAN_POINT('',(-8.988972745734,-3.382971428571,
    41.889057142857));
#8017 = VECTOR('',#8018,1.);
#8018 = DIRECTION('',(1.,0.,0.));
#8019 = PLANE('',#8020);
#8020 = AXIS2_PLACEMENT_3D('',#8021,#8022,#8023);
#8021 = CARTESIAN_POINT('',(-8.988972745734,-3.400057142857,
    41.871971428571));
#8022 = DIRECTION('',(0.,-0.707106781187,0.707106781187));
#8023 = DIRECTION('',(0.,0.707106781187,0.707106781187));
#8024 = ADVANCED_FACE('',(#8025),#8043,.T.);
#8025 = FACE_BOUND('',#8026,.T.);
#8026 = EDGE_LOOP('',(#8027,#8028,#8029,#8037));
#8027 = ORIENTED_EDGE('',*,*,#2271,.T.);
#8028 = ORIENTED_EDGE('',*,*,#8014,.T.);
#8029 = ORIENTED_EDGE('',*,*,#8030,.T.);
#8030 = EDGE_CURVE('',#8007,#8031,#8033,.T.);
#8031 = VERTEX_POINT('',#8032);
#8032 = CARTESIAN_POINT('',(-8.388972745734,-3.360128571429,
    41.906142857143));
#8033 = LINE('',#8034,#8035);
#8034 = CARTESIAN_POINT('',(-8.388972745734,-3.382971428571,
    41.889057142857));
#8035 = VECTOR('',#8036,1.);
#8036 = DIRECTION('',(0.,0.80078057117,0.598957825591));
#8037 = ORIENTED_EDGE('',*,*,#8038,.F.);
#8038 = EDGE_CURVE('',#2264,#8031,#8039,.T.);
#8039 = LINE('',#8040,#8041);
#8040 = CARTESIAN_POINT('',(-8.988972745734,-3.360128571429,
    41.906142857143));
#8041 = VECTOR('',#8042,1.);
#8042 = DIRECTION('',(1.,0.,0.));
#8043 = PLANE('',#8044);
#8044 = AXIS2_PLACEMENT_3D('',#8045,#8046,#8047);
#8045 = CARTESIAN_POINT('',(-8.988972745734,-3.382971428571,
    41.889057142857));
#8046 = DIRECTION('',(0.,-0.598957825591,0.80078057117));
#8047 = DIRECTION('',(0.,0.80078057117,0.598957825591));
#8048 = ADVANCED_FACE('',(#8049),#8067,.T.);
#8049 = FACE_BOUND('',#8050,.T.);
#8050 = EDGE_LOOP('',(#8051,#8052,#8053,#8061));
#8051 = ORIENTED_EDGE('',*,*,#2263,.T.);
#8052 = ORIENTED_EDGE('',*,*,#8038,.T.);
#8053 = ORIENTED_EDGE('',*,*,#8054,.T.);
#8054 = EDGE_CURVE('',#8031,#8055,#8057,.T.);
#8055 = VERTEX_POINT('',#8056);
#8056 = CARTESIAN_POINT('',(-8.388972745734,-3.343042857143,
    41.928985714286));
#8057 = LINE('',#8058,#8059);
#8058 = CARTESIAN_POINT('',(-8.388972745734,-3.360128571429,
    41.906142857143));
#8059 = VECTOR('',#8060,1.);
#8060 = DIRECTION('',(0.,0.598957825591,0.80078057117));
#8061 = ORIENTED_EDGE('',*,*,#8062,.F.);
#8062 = EDGE_CURVE('',#2256,#8055,#8063,.T.);
#8063 = LINE('',#8064,#8065);
#8064 = CARTESIAN_POINT('',(-8.988972745734,-3.343042857143,
    41.928985714286));
#8065 = VECTOR('',#8066,1.);
#8066 = DIRECTION('',(1.,0.,0.));
#8067 = PLANE('',#8068);
#8068 = AXIS2_PLACEMENT_3D('',#8069,#8070,#8071);
#8069 = CARTESIAN_POINT('',(-8.988972745734,-3.360128571429,
    41.906142857143));
#8070 = DIRECTION('',(0.,-0.80078057117,0.598957825591));
#8071 = DIRECTION('',(0.,0.598957825591,0.80078057117));
#8072 = ADVANCED_FACE('',(#8073),#8091,.T.);
#8073 = FACE_BOUND('',#8074,.T.);
#8074 = EDGE_LOOP('',(#8075,#8076,#8077,#8085));
#8075 = ORIENTED_EDGE('',*,*,#2255,.T.);
#8076 = ORIENTED_EDGE('',*,*,#8062,.T.);
#8077 = ORIENTED_EDGE('',*,*,#8078,.T.);
#8078 = EDGE_CURVE('',#8055,#8079,#8081,.T.);
#8079 = VERTEX_POINT('',#8080);
#8080 = CARTESIAN_POINT('',(-8.388972745734,-3.325771428571,
    41.951828571429));
#8081 = LINE('',#8082,#8083);
#8082 = CARTESIAN_POINT('',(-8.388972745734,-3.343042857143,
    41.928985714286));
#8083 = VECTOR('',#8084,1.);
#8084 = DIRECTION('',(0.,0.603108274872,0.797659331282));
#8085 = ORIENTED_EDGE('',*,*,#8086,.F.);
#8086 = EDGE_CURVE('',#2248,#8079,#8087,.T.);
#8087 = LINE('',#8088,#8089);
#8088 = CARTESIAN_POINT('',(-8.988972745734,-3.325771428571,
    41.951828571429));
#8089 = VECTOR('',#8090,1.);
#8090 = DIRECTION('',(1.,0.,0.));
#8091 = PLANE('',#8092);
#8092 = AXIS2_PLACEMENT_3D('',#8093,#8094,#8095);
#8093 = CARTESIAN_POINT('',(-8.988972745734,-3.343042857143,
    41.928985714286));
#8094 = DIRECTION('',(0.,-0.797659331282,0.603108274872));
#8095 = DIRECTION('',(0.,0.603108274872,0.797659331282));
#8096 = ADVANCED_FACE('',(#8097),#8115,.T.);
#8097 = FACE_BOUND('',#8098,.T.);
#8098 = EDGE_LOOP('',(#8099,#8100,#8101,#8109));
#8099 = ORIENTED_EDGE('',*,*,#2247,.T.);
#8100 = ORIENTED_EDGE('',*,*,#8086,.T.);
#8101 = ORIENTED_EDGE('',*,*,#8102,.T.);
#8102 = EDGE_CURVE('',#8079,#8103,#8105,.T.);
#8103 = VERTEX_POINT('',#8104);
#8104 = CARTESIAN_POINT('',(-8.388972745734,-3.308685714286,
    41.974671428571));
#8105 = LINE('',#8106,#8107);
#8106 = CARTESIAN_POINT('',(-8.388972745734,-3.325771428571,
    41.951828571429));
#8107 = VECTOR('',#8108,1.);
#8108 = DIRECTION('',(0.,0.598957825591,0.80078057117));
#8109 = ORIENTED_EDGE('',*,*,#8110,.F.);
#8110 = EDGE_CURVE('',#2240,#8103,#8111,.T.);
#8111 = LINE('',#8112,#8113);
#8112 = CARTESIAN_POINT('',(-8.988972745734,-3.308685714286,
    41.974671428571));
#8113 = VECTOR('',#8114,1.);
#8114 = DIRECTION('',(1.,0.,0.));
#8115 = PLANE('',#8116);
#8116 = AXIS2_PLACEMENT_3D('',#8117,#8118,#8119);
#8117 = CARTESIAN_POINT('',(-8.988972745734,-3.325771428571,
    41.951828571429));
#8118 = DIRECTION('',(0.,-0.80078057117,0.598957825591));
#8119 = DIRECTION('',(0.,0.598957825591,0.80078057117));
#8120 = ADVANCED_FACE('',(#8121),#8139,.T.);
#8121 = FACE_BOUND('',#8122,.T.);
#8122 = EDGE_LOOP('',(#8123,#8124,#8125,#8133));
#8123 = ORIENTED_EDGE('',*,*,#2239,.T.);
#8124 = ORIENTED_EDGE('',*,*,#8110,.T.);
#8125 = ORIENTED_EDGE('',*,*,#8126,.T.);
#8126 = EDGE_CURVE('',#8103,#8127,#8129,.T.);
#8127 = VERTEX_POINT('',#8128);
#8128 = CARTESIAN_POINT('',(-8.388972745734,-3.297357142857,
    42.003085714286));
#8129 = LINE('',#8130,#8131);
#8130 = CARTESIAN_POINT('',(-8.388972745734,-3.308685714286,
    41.974671428571));
#8131 = VECTOR('',#8132,1.);
#8132 = DIRECTION('',(0.,0.370343680353,0.92889480482));
#8133 = ORIENTED_EDGE('',*,*,#8134,.F.);
#8134 = EDGE_CURVE('',#2232,#8127,#8135,.T.);
#8135 = LINE('',#8136,#8137);
#8136 = CARTESIAN_POINT('',(-8.988972745734,-3.297357142857,
    42.003085714286));
#8137 = VECTOR('',#8138,1.);
#8138 = DIRECTION('',(1.,0.,0.));
#8139 = PLANE('',#8140);
#8140 = AXIS2_PLACEMENT_3D('',#8141,#8142,#8143);
#8141 = CARTESIAN_POINT('',(-8.988972745734,-3.308685714286,
    41.974671428571));
#8142 = DIRECTION('',(0.,-0.92889480482,0.370343680353));
#8143 = DIRECTION('',(0.,0.370343680353,0.92889480482));
#8144 = ADVANCED_FACE('',(#8145),#8163,.T.);
#8145 = FACE_BOUND('',#8146,.T.);
#8146 = EDGE_LOOP('',(#8147,#8148,#8149,#8157));
#8147 = ORIENTED_EDGE('',*,*,#2231,.T.);
#8148 = ORIENTED_EDGE('',*,*,#8134,.T.);
#8149 = ORIENTED_EDGE('',*,*,#8150,.T.);
#8150 = EDGE_CURVE('',#8127,#8151,#8153,.T.);
#8151 = VERTEX_POINT('',#8152);
#8152 = CARTESIAN_POINT('',(-8.388972745734,-3.285842857143,
    42.025928571429));
#8153 = LINE('',#8154,#8155);
#8154 = CARTESIAN_POINT('',(-8.388972745734,-3.297357142857,
    42.003085714286));
#8155 = VECTOR('',#8156,1.);
#8156 = DIRECTION('',(0.,0.450115207469,0.892970492237));
#8157 = ORIENTED_EDGE('',*,*,#8158,.F.);
#8158 = EDGE_CURVE('',#2224,#8151,#8159,.T.);
#8159 = LINE('',#8160,#8161);
#8160 = CARTESIAN_POINT('',(-8.988972745734,-3.285842857143,
    42.025928571429));
#8161 = VECTOR('',#8162,1.);
#8162 = DIRECTION('',(1.,0.,0.));
#8163 = PLANE('',#8164);
#8164 = AXIS2_PLACEMENT_3D('',#8165,#8166,#8167);
#8165 = CARTESIAN_POINT('',(-8.988972745734,-3.297357142857,
    42.003085714286));
#8166 = DIRECTION('',(0.,-0.892970492237,0.450115207469));
#8167 = DIRECTION('',(0.,0.450115207469,0.892970492237));
#8168 = ADVANCED_FACE('',(#8169),#8187,.T.);
#8169 = FACE_BOUND('',#8170,.T.);
#8170 = EDGE_LOOP('',(#8171,#8172,#8173,#8181));
#8171 = ORIENTED_EDGE('',*,*,#2223,.T.);
#8172 = ORIENTED_EDGE('',*,*,#8158,.T.);
#8173 = ORIENTED_EDGE('',*,*,#8174,.T.);
#8174 = EDGE_CURVE('',#8151,#8175,#8177,.T.);
#8175 = VERTEX_POINT('',#8176);
#8176 = CARTESIAN_POINT('',(-8.388972745734,-3.280271428571,
    42.054528571429));
#8177 = LINE('',#8178,#8179);
#8178 = CARTESIAN_POINT('',(-8.388972745734,-3.285842857143,
    42.025928571429));
#8179 = VECTOR('',#8180,1.);
#8180 = DIRECTION('',(0.,0.191210841639,0.981548987081));
#8181 = ORIENTED_EDGE('',*,*,#8182,.F.);
#8182 = EDGE_CURVE('',#2216,#8175,#8183,.T.);
#8183 = LINE('',#8184,#8185);
#8184 = CARTESIAN_POINT('',(-8.988972745734,-3.280271428571,
    42.054528571429));
#8185 = VECTOR('',#8186,1.);
#8186 = DIRECTION('',(1.,0.,0.));
#8187 = PLANE('',#8188);
#8188 = AXIS2_PLACEMENT_3D('',#8189,#8190,#8191);
#8189 = CARTESIAN_POINT('',(-8.988972745734,-3.285842857143,
    42.025928571429));
#8190 = DIRECTION('',(0.,-0.981548987081,0.191210841639));
#8191 = DIRECTION('',(0.,0.191210841639,0.981548987081));
#8192 = ADVANCED_FACE('',(#8193),#8211,.T.);
#8193 = FACE_BOUND('',#8194,.T.);
#8194 = EDGE_LOOP('',(#8195,#8196,#8197,#8205));
#8195 = ORIENTED_EDGE('',*,*,#2215,.T.);
#8196 = ORIENTED_EDGE('',*,*,#8182,.T.);
#8197 = ORIENTED_EDGE('',*,*,#8198,.T.);
#8198 = EDGE_CURVE('',#8175,#8199,#8201,.T.);
#8199 = VERTEX_POINT('',#8200);
#8200 = CARTESIAN_POINT('',(-8.388972745734,-3.274514285714,
    42.082942857143));
#8201 = LINE('',#8202,#8203);
#8202 = CARTESIAN_POINT('',(-8.388972745734,-3.280271428571,
    42.054528571429));
#8203 = VECTOR('',#8204,1.);
#8204 = DIRECTION('',(0.,0.198579278868,0.980084827963));
#8205 = ORIENTED_EDGE('',*,*,#8206,.F.);
#8206 = EDGE_CURVE('',#2208,#8199,#8207,.T.);
#8207 = LINE('',#8208,#8209);
#8208 = CARTESIAN_POINT('',(-8.988972745734,-3.274514285714,
    42.082942857143));
#8209 = VECTOR('',#8210,1.);
#8210 = DIRECTION('',(1.,0.,0.));
#8211 = PLANE('',#8212);
#8212 = AXIS2_PLACEMENT_3D('',#8213,#8214,#8215);
#8213 = CARTESIAN_POINT('',(-8.988972745734,-3.280271428571,
    42.054528571429));
#8214 = DIRECTION('',(0.,-0.980084827963,0.198579278868));
#8215 = DIRECTION('',(0.,0.198579278868,0.980084827963));
#8216 = ADVANCED_FACE('',(#8217),#8242,.T.);
#8217 = FACE_BOUND('',#8218,.T.);
#8218 = EDGE_LOOP('',(#8219,#8220,#8228,#8236));
#8219 = ORIENTED_EDGE('',*,*,#2199,.T.);
#8220 = ORIENTED_EDGE('',*,*,#8221,.T.);
#8221 = EDGE_CURVE('',#2200,#8222,#8224,.T.);
#8222 = VERTEX_POINT('',#8223);
#8223 = CARTESIAN_POINT('',(-8.388972745734,-3.274514285714,
    42.140142857143));
#8224 = LINE('',#8225,#8226);
#8225 = CARTESIAN_POINT('',(-8.988972745734,-3.274514285714,
    42.140142857143));
#8226 = VECTOR('',#8227,1.);
#8227 = DIRECTION('',(1.,0.,0.));
#8228 = ORIENTED_EDGE('',*,*,#8229,.T.);
#8229 = EDGE_CURVE('',#8222,#8230,#8232,.T.);
#8230 = VERTEX_POINT('',#8231);
#8231 = CARTESIAN_POINT('',(-8.388972745734,-3.280271428571,42.1628));
#8232 = LINE('',#8233,#8234);
#8233 = CARTESIAN_POINT('',(-8.388972745734,-3.274514285714,
    42.140142857143));
#8234 = VECTOR('',#8235,1.);
#8235 = DIRECTION('',(0.,-0.246272303221,0.96920067719));
#8236 = ORIENTED_EDGE('',*,*,#8237,.F.);
#8237 = EDGE_CURVE('',#2192,#8230,#8238,.T.);
#8238 = LINE('',#8239,#8240);
#8239 = CARTESIAN_POINT('',(-8.988972745734,-3.280271428571,42.1628));
#8240 = VECTOR('',#8241,1.);
#8241 = DIRECTION('',(1.,0.,0.));
#8242 = PLANE('',#8243);
#8243 = AXIS2_PLACEMENT_3D('',#8244,#8245,#8246);
#8244 = CARTESIAN_POINT('',(-8.988972745734,-3.274514285714,
    42.140142857143));
#8245 = DIRECTION('',(0.,-0.96920067719,-0.246272303221));
#8246 = DIRECTION('',(0.,-0.246272303221,0.96920067719));
#8247 = ADVANCED_FACE('',(#8248),#8266,.T.);
#8248 = FACE_BOUND('',#8249,.T.);
#8249 = EDGE_LOOP('',(#8250,#8251,#8252,#8260));
#8250 = ORIENTED_EDGE('',*,*,#2191,.T.);
#8251 = ORIENTED_EDGE('',*,*,#8237,.T.);
#8252 = ORIENTED_EDGE('',*,*,#8253,.T.);
#8253 = EDGE_CURVE('',#8230,#8254,#8256,.T.);
#8254 = VERTEX_POINT('',#8255);
#8255 = CARTESIAN_POINT('',(-8.388972745734,-3.285842857143,42.1914));
#8256 = LINE('',#8257,#8258);
#8257 = CARTESIAN_POINT('',(-8.388972745734,-3.280271428571,42.1628));
#8258 = VECTOR('',#8259,1.);
#8259 = DIRECTION('',(0.,-0.191210841639,0.981548987081));
#8260 = ORIENTED_EDGE('',*,*,#8261,.F.);
#8261 = EDGE_CURVE('',#2184,#8254,#8262,.T.);
#8262 = LINE('',#8263,#8264);
#8263 = CARTESIAN_POINT('',(-8.988972745734,-3.285842857143,42.1914));
#8264 = VECTOR('',#8265,1.);
#8265 = DIRECTION('',(1.,0.,0.));
#8266 = PLANE('',#8267);
#8267 = AXIS2_PLACEMENT_3D('',#8268,#8269,#8270);
#8268 = CARTESIAN_POINT('',(-8.988972745734,-3.280271428571,42.1628));
#8269 = DIRECTION('',(0.,-0.981548987081,-0.191210841639));
#8270 = DIRECTION('',(0.,-0.191210841639,0.981548987081));
#8271 = ADVANCED_FACE('',(#8272),#8290,.T.);
#8272 = FACE_BOUND('',#8273,.T.);
#8273 = EDGE_LOOP('',(#8274,#8275,#8276,#8284));
#8274 = ORIENTED_EDGE('',*,*,#2183,.T.);
#8275 = ORIENTED_EDGE('',*,*,#8261,.T.);
#8276 = ORIENTED_EDGE('',*,*,#8277,.T.);
#8277 = EDGE_CURVE('',#8254,#8278,#8280,.T.);
#8278 = VERTEX_POINT('',#8279);
#8279 = CARTESIAN_POINT('',(-8.388972745734,-3.297357142857,42.22));
#8280 = LINE('',#8281,#8282);
#8281 = CARTESIAN_POINT('',(-8.388972745734,-3.285842857143,42.1914));
#8282 = VECTOR('',#8283,1.);
#8283 = DIRECTION('',(0.,-0.373466870858,0.927643517938));
#8284 = ORIENTED_EDGE('',*,*,#8285,.F.);
#8285 = EDGE_CURVE('',#2176,#8278,#8286,.T.);
#8286 = LINE('',#8287,#8288);
#8287 = CARTESIAN_POINT('',(-8.988972745734,-3.297357142857,42.22));
#8288 = VECTOR('',#8289,1.);
#8289 = DIRECTION('',(1.,0.,0.));
#8290 = PLANE('',#8291);
#8291 = AXIS2_PLACEMENT_3D('',#8292,#8293,#8294);
#8292 = CARTESIAN_POINT('',(-8.988972745734,-3.285842857143,42.1914));
#8293 = DIRECTION('',(0.,-0.927643517938,-0.373466870858));
#8294 = DIRECTION('',(0.,-0.373466870858,0.927643517938));
#8295 = ADVANCED_FACE('',(#8296),#8314,.T.);
#8296 = FACE_BOUND('',#8297,.T.);
#8297 = EDGE_LOOP('',(#8298,#8299,#8300,#8308));
#8298 = ORIENTED_EDGE('',*,*,#2175,.T.);
#8299 = ORIENTED_EDGE('',*,*,#8285,.T.);
#8300 = ORIENTED_EDGE('',*,*,#8301,.T.);
#8301 = EDGE_CURVE('',#8278,#8302,#8304,.T.);
#8302 = VERTEX_POINT('',#8303);
#8303 = CARTESIAN_POINT('',(-8.388972745734,-3.308685714286,
    42.242842857143));
#8304 = LINE('',#8305,#8306);
#8305 = CARTESIAN_POINT('',(-8.388972745734,-3.297357142857,42.22));
#8306 = VECTOR('',#8307,1.);
#8307 = DIRECTION('',(0.,-0.444297794845,0.895879160097));
#8308 = ORIENTED_EDGE('',*,*,#8309,.F.);
#8309 = EDGE_CURVE('',#2168,#8302,#8310,.T.);
#8310 = LINE('',#8311,#8312);
#8311 = CARTESIAN_POINT('',(-8.988972745734,-3.308685714286,
    42.242842857143));
#8312 = VECTOR('',#8313,1.);
#8313 = DIRECTION('',(1.,0.,0.));
#8314 = PLANE('',#8315);
#8315 = AXIS2_PLACEMENT_3D('',#8316,#8317,#8318);
#8316 = CARTESIAN_POINT('',(-8.988972745734,-3.297357142857,42.22));
#8317 = DIRECTION('',(0.,-0.895879160097,-0.444297794845));
#8318 = DIRECTION('',(0.,-0.444297794845,0.895879160097));
#8319 = ADVANCED_FACE('',(#8320),#8338,.T.);
#8320 = FACE_BOUND('',#8321,.T.);
#8321 = EDGE_LOOP('',(#8322,#8323,#8324,#8332));
#8322 = ORIENTED_EDGE('',*,*,#2167,.T.);
#8323 = ORIENTED_EDGE('',*,*,#8309,.T.);
#8324 = ORIENTED_EDGE('',*,*,#8325,.T.);
#8325 = EDGE_CURVE('',#8302,#8326,#8328,.T.);
#8326 = VERTEX_POINT('',#8327);
#8327 = CARTESIAN_POINT('',(-8.388972745734,-3.3202,42.271257142857));
#8328 = LINE('',#8329,#8330);
#8329 = CARTESIAN_POINT('',(-8.388972745734,-3.308685714286,
    42.242842857143));
#8330 = VECTOR('',#8331,1.);
#8331 = DIRECTION('',(0.,-0.375564497639,0.926796260304));
#8332 = ORIENTED_EDGE('',*,*,#8333,.F.);
#8333 = EDGE_CURVE('',#2160,#8326,#8334,.T.);
#8334 = LINE('',#8335,#8336);
#8335 = CARTESIAN_POINT('',(-8.988972745734,-3.3202,42.271257142857));
#8336 = VECTOR('',#8337,1.);
#8337 = DIRECTION('',(1.,0.,0.));
#8338 = PLANE('',#8339);
#8339 = AXIS2_PLACEMENT_3D('',#8340,#8341,#8342);
#8340 = CARTESIAN_POINT('',(-8.988972745734,-3.308685714286,
    42.242842857143));
#8341 = DIRECTION('',(0.,-0.926796260304,-0.375564497639));
#8342 = DIRECTION('',(0.,-0.375564497639,0.926796260304));
#8343 = ADVANCED_FACE('',(#8344),#8362,.T.);
#8344 = FACE_BOUND('',#8345,.T.);
#8345 = EDGE_LOOP('',(#8346,#8347,#8348,#8356));
#8346 = ORIENTED_EDGE('',*,*,#2159,.T.);
#8347 = ORIENTED_EDGE('',*,*,#8333,.T.);
#8348 = ORIENTED_EDGE('',*,*,#8349,.T.);
#8349 = EDGE_CURVE('',#8326,#8350,#8352,.T.);
#8350 = VERTEX_POINT('',#8351);
#8351 = CARTESIAN_POINT('',(-8.388972745734,-3.337285714286,
    42.288342857143));
#8352 = LINE('',#8353,#8354);
#8353 = CARTESIAN_POINT('',(-8.388972745734,-3.3202,42.271257142857));
#8354 = VECTOR('',#8355,1.);
#8355 = DIRECTION('',(0.,-0.707106781187,0.707106781187));
#8356 = ORIENTED_EDGE('',*,*,#8357,.F.);
#8357 = EDGE_CURVE('',#2152,#8350,#8358,.T.);
#8358 = LINE('',#8359,#8360);
#8359 = CARTESIAN_POINT('',(-8.988972745734,-3.337285714286,
    42.288342857143));
#8360 = VECTOR('',#8361,1.);
#8361 = DIRECTION('',(1.,0.,0.));
#8362 = PLANE('',#8363);
#8363 = AXIS2_PLACEMENT_3D('',#8364,#8365,#8366);
#8364 = CARTESIAN_POINT('',(-8.988972745734,-3.3202,42.271257142857));
#8365 = DIRECTION('',(0.,-0.707106781187,-0.707106781187));
#8366 = DIRECTION('',(0.,-0.707106781187,0.707106781187));
#8367 = ADVANCED_FACE('',(#8368),#8386,.T.);
#8368 = FACE_BOUND('',#8369,.T.);
#8369 = EDGE_LOOP('',(#8370,#8371,#8372,#8380));
#8370 = ORIENTED_EDGE('',*,*,#2151,.T.);
#8371 = ORIENTED_EDGE('',*,*,#8357,.T.);
#8372 = ORIENTED_EDGE('',*,*,#8373,.T.);
#8373 = EDGE_CURVE('',#8350,#8374,#8376,.T.);
#8374 = VERTEX_POINT('',#8375);
#8375 = CARTESIAN_POINT('',(-8.388972745734,-3.360128571429,
    42.316942857143));
#8376 = LINE('',#8377,#8378);
#8377 = CARTESIAN_POINT('',(-8.388972745734,-3.337285714286,
    42.288342857143));
#8378 = VECTOR('',#8379,1.);
#8379 = DIRECTION('',(0.,-0.62407609663,0.781363568139));
#8380 = ORIENTED_EDGE('',*,*,#8381,.F.);
#8381 = EDGE_CURVE('',#2144,#8374,#8382,.T.);
#8382 = LINE('',#8383,#8384);
#8383 = CARTESIAN_POINT('',(-8.988972745734,-3.360128571429,
    42.316942857143));
#8384 = VECTOR('',#8385,1.);
#8385 = DIRECTION('',(1.,0.,0.));
#8386 = PLANE('',#8387);
#8387 = AXIS2_PLACEMENT_3D('',#8388,#8389,#8390);
#8388 = CARTESIAN_POINT('',(-8.988972745734,-3.337285714286,
    42.288342857143));
#8389 = DIRECTION('',(0.,-0.781363568139,-0.62407609663));
#8390 = DIRECTION('',(0.,-0.62407609663,0.781363568139));
#8391 = ADVANCED_FACE('',(#8392),#8417,.T.);
#8392 = FACE_BOUND('',#8393,.T.);
#8393 = EDGE_LOOP('',(#8394,#8395,#8403,#8411));
#8394 = ORIENTED_EDGE('',*,*,#2135,.T.);
#8395 = ORIENTED_EDGE('',*,*,#8396,.T.);
#8396 = EDGE_CURVE('',#2136,#8397,#8399,.T.);
#8397 = VERTEX_POINT('',#8398);
#8398 = CARTESIAN_POINT('',(-8.388972745734,-3.405814285714,
    42.351114285714));
#8399 = LINE('',#8400,#8401);
#8400 = CARTESIAN_POINT('',(-8.988972745734,-3.405814285714,
    42.351114285714));
#8401 = VECTOR('',#8402,1.);
#8402 = DIRECTION('',(1.,0.,0.));
#8403 = ORIENTED_EDGE('',*,*,#8404,.T.);
#8404 = EDGE_CURVE('',#8397,#8405,#8407,.T.);
#8405 = VERTEX_POINT('',#8406);
#8406 = CARTESIAN_POINT('',(-8.388972745734,-3.434228571429,42.3682));
#8407 = LINE('',#8408,#8409);
#8408 = CARTESIAN_POINT('',(-8.388972745734,-3.405814285714,
    42.351114285714));
#8409 = VECTOR('',#8410,1.);
#8410 = DIRECTION('',(0.,-0.856998298068,0.515319238054));
#8411 = ORIENTED_EDGE('',*,*,#8412,.F.);
#8412 = EDGE_CURVE('',#2128,#8405,#8413,.T.);
#8413 = LINE('',#8414,#8415);
#8414 = CARTESIAN_POINT('',(-8.988972745734,-3.434228571429,42.3682));
#8415 = VECTOR('',#8416,1.);
#8416 = DIRECTION('',(1.,0.,0.));
#8417 = PLANE('',#8418);
#8418 = AXIS2_PLACEMENT_3D('',#8419,#8420,#8421);
#8419 = CARTESIAN_POINT('',(-8.988972745734,-3.405814285714,
    42.351114285714));
#8420 = DIRECTION('',(0.,-0.515319238054,-0.856998298068));
#8421 = DIRECTION('',(0.,-0.856998298068,0.515319238054));
#8422 = ADVANCED_FACE('',(#8423),#8441,.T.);
#8423 = FACE_BOUND('',#8424,.T.);
#8424 = EDGE_LOOP('',(#8425,#8426,#8427,#8435));
#8425 = ORIENTED_EDGE('',*,*,#2127,.T.);
#8426 = ORIENTED_EDGE('',*,*,#8412,.T.);
#8427 = ORIENTED_EDGE('',*,*,#8428,.T.);
#8428 = EDGE_CURVE('',#8405,#8429,#8431,.T.);
#8429 = VERTEX_POINT('',#8430);
#8430 = CARTESIAN_POINT('',(-8.388972745734,-3.457071428571,
    42.379714285714));
#8431 = LINE('',#8432,#8433);
#8432 = CARTESIAN_POINT('',(-8.388972745734,-3.434228571429,42.3682));
#8433 = VECTOR('',#8434,1.);
#8434 = DIRECTION('',(0.,-0.892970492237,0.450115207469));
#8435 = ORIENTED_EDGE('',*,*,#8436,.F.);
#8436 = EDGE_CURVE('',#2120,#8429,#8437,.T.);
#8437 = LINE('',#8438,#8439);
#8438 = CARTESIAN_POINT('',(-8.988972745734,-3.457071428571,
    42.379714285714));
#8439 = VECTOR('',#8440,1.);
#8440 = DIRECTION('',(1.,0.,0.));
#8441 = PLANE('',#8442);
#8442 = AXIS2_PLACEMENT_3D('',#8443,#8444,#8445);
#8443 = CARTESIAN_POINT('',(-8.988972745734,-3.434228571429,42.3682));
#8444 = DIRECTION('',(0.,-0.450115207469,-0.892970492237));
#8445 = DIRECTION('',(0.,-0.892970492237,0.450115207469));
#8446 = ADVANCED_FACE('',(#8447),#8465,.T.);
#8447 = FACE_BOUND('',#8448,.T.);
#8448 = EDGE_LOOP('',(#8449,#8450,#8451,#8459));
#8449 = ORIENTED_EDGE('',*,*,#2119,.T.);
#8450 = ORIENTED_EDGE('',*,*,#8436,.T.);
#8451 = ORIENTED_EDGE('',*,*,#8452,.T.);
#8452 = EDGE_CURVE('',#8429,#8453,#8455,.T.);
#8453 = VERTEX_POINT('',#8454);
#8454 = CARTESIAN_POINT('',(-8.388972745734,-3.485671428571,
    42.385471428571));
#8455 = LINE('',#8456,#8457);
#8456 = CARTESIAN_POINT('',(-8.388972745734,-3.457071428571,
    42.379714285714));
#8457 = VECTOR('',#8458,1.);
#8458 = DIRECTION('',(0.,-0.980335072596,0.197340176951));
#8459 = ORIENTED_EDGE('',*,*,#8460,.F.);
#8460 = EDGE_CURVE('',#2112,#8453,#8461,.T.);
#8461 = LINE('',#8462,#8463);
#8462 = CARTESIAN_POINT('',(-8.988972745734,-3.485671428571,
    42.385471428571));
#8463 = VECTOR('',#8464,1.);
#8464 = DIRECTION('',(1.,0.,0.));
#8465 = PLANE('',#8466);
#8466 = AXIS2_PLACEMENT_3D('',#8467,#8468,#8469);
#8467 = CARTESIAN_POINT('',(-8.988972745734,-3.457071428571,
    42.379714285714));
#8468 = DIRECTION('',(0.,-0.197340176951,-0.980335072596));
#8469 = DIRECTION('',(0.,-0.980335072596,0.197340176951));
#8470 = ADVANCED_FACE('',(#8471),#8489,.T.);
#8471 = FACE_BOUND('',#8472,.T.);
#8472 = EDGE_LOOP('',(#8473,#8474,#8475,#8483));
#8473 = ORIENTED_EDGE('',*,*,#2111,.T.);
#8474 = ORIENTED_EDGE('',*,*,#8460,.T.);
#8475 = ORIENTED_EDGE('',*,*,#8476,.T.);
#8476 = EDGE_CURVE('',#8453,#8477,#8479,.T.);
#8477 = VERTEX_POINT('',#8478);
#8478 = CARTESIAN_POINT('',(-8.388972745734,-3.514085714286,
    42.391042857143));
#8479 = LINE('',#8480,#8481);
#8480 = CARTESIAN_POINT('',(-8.388972745734,-3.485671428571,
    42.385471428571));
#8481 = VECTOR('',#8482,1.);
#8482 = DIRECTION('',(0.,-0.981313749677,0.192414460721));
#8483 = ORIENTED_EDGE('',*,*,#8484,.F.);
#8484 = EDGE_CURVE('',#2104,#8477,#8485,.T.);
#8485 = LINE('',#8486,#8487);
#8486 = CARTESIAN_POINT('',(-8.988972745734,-3.514085714286,
    42.391042857143));
#8487 = VECTOR('',#8488,1.);
#8488 = DIRECTION('',(1.,0.,0.));
#8489 = PLANE('',#8490);
#8490 = AXIS2_PLACEMENT_3D('',#8491,#8492,#8493);
#8491 = CARTESIAN_POINT('',(-8.988972745734,-3.485671428571,
    42.385471428571));
#8492 = DIRECTION('',(0.,-0.192414460721,-0.981313749677));
#8493 = DIRECTION('',(0.,-0.981313749677,0.192414460721));
#8494 = ADVANCED_FACE('',(#8495),#8513,.T.);
#8495 = FACE_BOUND('',#8496,.T.);
#8496 = EDGE_LOOP('',(#8497,#8498,#8499,#8507));
#8497 = ORIENTED_EDGE('',*,*,#2103,.T.);
#8498 = ORIENTED_EDGE('',*,*,#8484,.T.);
#8499 = ORIENTED_EDGE('',*,*,#8500,.T.);
#8500 = EDGE_CURVE('',#8477,#8501,#8503,.T.);
#8501 = VERTEX_POINT('',#8502);
#8502 = CARTESIAN_POINT('',(-8.388972745734,-3.559771428571,42.3968));
#8503 = LINE('',#8504,#8505);
#8504 = CARTESIAN_POINT('',(-8.388972745734,-3.514085714286,
    42.391042857143));
#8505 = VECTOR('',#8506,1.);
#8506 = DIRECTION('',(0.,-0.992153283358,0.125027446277));
#8507 = ORIENTED_EDGE('',*,*,#8508,.F.);
#8508 = EDGE_CURVE('',#2096,#8501,#8509,.T.);
#8509 = LINE('',#8510,#8511);
#8510 = CARTESIAN_POINT('',(-8.988972745734,-3.559771428571,42.3968));
#8511 = VECTOR('',#8512,1.);
#8512 = DIRECTION('',(1.,0.,0.));
#8513 = PLANE('',#8514);
#8514 = AXIS2_PLACEMENT_3D('',#8515,#8516,#8517);
#8515 = CARTESIAN_POINT('',(-8.988972745734,-3.514085714286,
    42.391042857143));
#8516 = DIRECTION('',(0.,-0.125027446277,-0.992153283358));
#8517 = DIRECTION('',(0.,-0.992153283358,0.125027446277));
#8518 = ADVANCED_FACE('',(#8519),#8537,.T.);
#8519 = FACE_BOUND('',#8520,.T.);
#8520 = EDGE_LOOP('',(#8521,#8522,#8523,#8531));
#8521 = ORIENTED_EDGE('',*,*,#2095,.T.);
#8522 = ORIENTED_EDGE('',*,*,#8508,.T.);
#8523 = ORIENTED_EDGE('',*,*,#8524,.T.);
#8524 = EDGE_CURVE('',#8501,#8525,#8527,.T.);
#8525 = VERTEX_POINT('',#8526);
#8526 = CARTESIAN_POINT('',(-8.388972745734,-3.987657142857,42.3968));
#8527 = LINE('',#8528,#8529);
#8528 = CARTESIAN_POINT('',(-8.388972745734,-3.559771428571,42.3968));
#8529 = VECTOR('',#8530,1.);
#8530 = DIRECTION('',(0.,-1.,0.));
#8531 = ORIENTED_EDGE('',*,*,#8532,.F.);
#8532 = EDGE_CURVE('',#2088,#8525,#8533,.T.);
#8533 = LINE('',#8534,#8535);
#8534 = CARTESIAN_POINT('',(-8.988972745734,-3.987657142857,42.3968));
#8535 = VECTOR('',#8536,1.);
#8536 = DIRECTION('',(1.,0.,0.));
#8537 = PLANE('',#8538);
#8538 = AXIS2_PLACEMENT_3D('',#8539,#8540,#8541);
#8539 = CARTESIAN_POINT('',(-8.988972745734,-3.559771428571,42.3968));
#8540 = DIRECTION('',(0.,0.,-1.));
#8541 = DIRECTION('',(0.,-1.,0.));
#8542 = ADVANCED_FACE('',(#8543),#8561,.T.);
#8543 = FACE_BOUND('',#8544,.T.);
#8544 = EDGE_LOOP('',(#8545,#8546,#8547,#8555));
#8545 = ORIENTED_EDGE('',*,*,#2087,.T.);
#8546 = ORIENTED_EDGE('',*,*,#8532,.T.);
#8547 = ORIENTED_EDGE('',*,*,#8548,.T.);
#8548 = EDGE_CURVE('',#8525,#8549,#8551,.T.);
#8549 = VERTEX_POINT('',#8550);
#8550 = CARTESIAN_POINT('',(-8.388972745734,-4.044671428571,
    42.391042857143));
#8551 = LINE('',#8552,#8553);
#8552 = CARTESIAN_POINT('',(-8.388972745734,-3.987657142857,42.3968));
#8553 = VECTOR('',#8554,1.);
#8554 = DIRECTION('',(0.,-0.994940461748,-0.100466300698));
#8555 = ORIENTED_EDGE('',*,*,#8556,.F.);
#8556 = EDGE_CURVE('',#2080,#8549,#8557,.T.);
#8557 = LINE('',#8558,#8559);
#8558 = CARTESIAN_POINT('',(-8.988972745734,-4.044671428571,
    42.391042857143));
#8559 = VECTOR('',#8560,1.);
#8560 = DIRECTION('',(1.,0.,0.));
#8561 = PLANE('',#8562);
#8562 = AXIS2_PLACEMENT_3D('',#8563,#8564,#8565);
#8563 = CARTESIAN_POINT('',(-8.988972745734,-3.987657142857,42.3968));
#8564 = DIRECTION('',(0.,0.100466300698,-0.994940461748));
#8565 = DIRECTION('',(0.,-0.994940461748,-0.100466300698));
#8566 = ADVANCED_FACE('',(#8567),#8585,.T.);
#8567 = FACE_BOUND('',#8568,.T.);
#8568 = EDGE_LOOP('',(#8569,#8570,#8571,#8579));
#8569 = ORIENTED_EDGE('',*,*,#2079,.T.);
#8570 = ORIENTED_EDGE('',*,*,#8556,.T.);
#8571 = ORIENTED_EDGE('',*,*,#8572,.T.);
#8572 = EDGE_CURVE('',#8549,#8573,#8575,.T.);
#8573 = VERTEX_POINT('',#8574);
#8574 = CARTESIAN_POINT('',(-8.388972745734,-4.090357142857,
    42.385471428571));
#8575 = LINE('',#8576,#8577);
#8576 = CARTESIAN_POINT('',(-8.388972745734,-4.044671428571,
    42.391042857143));
#8577 = VECTOR('',#8578,1.);
#8578 = DIRECTION('',(0.,-0.992645877551,-0.121054375311));
#8579 = ORIENTED_EDGE('',*,*,#8580,.F.);
#8580 = EDGE_CURVE('',#2072,#8573,#8581,.T.);
#8581 = LINE('',#8582,#8583);
#8582 = CARTESIAN_POINT('',(-8.988972745734,-4.090357142857,
    42.385471428571));
#8583 = VECTOR('',#8584,1.);
#8584 = DIRECTION('',(1.,0.,0.));
#8585 = PLANE('',#8586);
#8586 = AXIS2_PLACEMENT_3D('',#8587,#8588,#8589);
#8587 = CARTESIAN_POINT('',(-8.988972745734,-4.044671428571,
    42.391042857143));
#8588 = DIRECTION('',(0.,0.121054375311,-0.992645877551));
#8589 = DIRECTION('',(0.,-0.992645877551,-0.121054375311));
#8590 = ADVANCED_FACE('',(#8591),#8609,.T.);
#8591 = FACE_BOUND('',#8592,.T.);
#8592 = EDGE_LOOP('',(#8593,#8594,#8595,#8603));
#8593 = ORIENTED_EDGE('',*,*,#2071,.T.);
#8594 = ORIENTED_EDGE('',*,*,#8580,.T.);
#8595 = ORIENTED_EDGE('',*,*,#8596,.T.);
#8596 = EDGE_CURVE('',#8573,#8597,#8599,.T.);
#8597 = VERTEX_POINT('',#8598);
#8598 = CARTESIAN_POINT('',(-8.388972745734,-4.124528571429,
    42.379714285714));
#8599 = LINE('',#8600,#8601);
#8600 = CARTESIAN_POINT('',(-8.388972745734,-4.090357142857,
    42.385471428571));
#8601 = VECTOR('',#8602,1.);
#8602 = DIRECTION('',(0.,-0.98610270304,-0.166136868447));
#8603 = ORIENTED_EDGE('',*,*,#8604,.F.);
#8604 = EDGE_CURVE('',#2064,#8597,#8605,.T.);
#8605 = LINE('',#8606,#8607);
#8606 = CARTESIAN_POINT('',(-8.988972745734,-4.124528571429,
    42.379714285714));
#8607 = VECTOR('',#8608,1.);
#8608 = DIRECTION('',(1.,0.,0.));
#8609 = PLANE('',#8610);
#8610 = AXIS2_PLACEMENT_3D('',#8611,#8612,#8613);
#8611 = CARTESIAN_POINT('',(-8.988972745734,-4.090357142857,
    42.385471428571));
#8612 = DIRECTION('',(0.,0.166136868447,-0.98610270304));
#8613 = DIRECTION('',(0.,-0.98610270304,-0.166136868447));
#8614 = ADVANCED_FACE('',(#8615),#8633,.T.);
#8615 = FACE_BOUND('',#8616,.T.);
#8616 = EDGE_LOOP('',(#8617,#8618,#8619,#8627));
#8617 = ORIENTED_EDGE('',*,*,#2063,.T.);
#8618 = ORIENTED_EDGE('',*,*,#8604,.T.);
#8619 = ORIENTED_EDGE('',*,*,#8620,.T.);
#8620 = EDGE_CURVE('',#8597,#8621,#8623,.T.);
#8621 = VERTEX_POINT('',#8622);
#8622 = CARTESIAN_POINT('',(-8.388972745734,-4.164457142857,42.3682));
#8623 = LINE('',#8624,#8625);
#8624 = CARTESIAN_POINT('',(-8.388972745734,-4.124528571429,
    42.379714285714));
#8625 = VECTOR('',#8626,1.);
#8626 = DIRECTION('',(0.,-0.960846474829,-0.27708130902));
#8627 = ORIENTED_EDGE('',*,*,#8628,.F.);
#8628 = EDGE_CURVE('',#2056,#8621,#8629,.T.);
#8629 = LINE('',#8630,#8631);
#8630 = CARTESIAN_POINT('',(-8.988972745734,-4.164457142857,42.3682));
#8631 = VECTOR('',#8632,1.);
#8632 = DIRECTION('',(1.,0.,0.));
#8633 = PLANE('',#8634);
#8634 = AXIS2_PLACEMENT_3D('',#8635,#8636,#8637);
#8635 = CARTESIAN_POINT('',(-8.988972745734,-4.124528571429,
    42.379714285714));
#8636 = DIRECTION('',(0.,0.27708130902,-0.960846474829));
#8637 = DIRECTION('',(0.,-0.960846474829,-0.27708130902));
#8638 = ADVANCED_FACE('',(#8639),#8657,.T.);
#8639 = FACE_BOUND('',#8640,.T.);
#8640 = EDGE_LOOP('',(#8641,#8642,#8643,#8651));
#8641 = ORIENTED_EDGE('',*,*,#2055,.T.);
#8642 = ORIENTED_EDGE('',*,*,#8628,.T.);
#8643 = ORIENTED_EDGE('',*,*,#8644,.T.);
#8644 = EDGE_CURVE('',#8621,#8645,#8647,.T.);
#8645 = VERTEX_POINT('',#8646);
#8646 = CARTESIAN_POINT('',(-8.388972745734,-4.221657142857,
    42.345542857143));
#8647 = LINE('',#8648,#8649);
#8648 = CARTESIAN_POINT('',(-8.388972745734,-4.164457142857,42.3682));
#8649 = VECTOR('',#8650,1.);
#8650 = DIRECTION('',(0.,-0.929720504504,-0.368265914122));
#8651 = ORIENTED_EDGE('',*,*,#8652,.F.);
#8652 = EDGE_CURVE('',#2048,#8645,#8653,.T.);
#8653 = LINE('',#8654,#8655);
#8654 = CARTESIAN_POINT('',(-8.988972745734,-4.221657142857,
    42.345542857143));
#8655 = VECTOR('',#8656,1.);
#8656 = DIRECTION('',(1.,0.,0.));
#8657 = PLANE('',#8658);
#8658 = AXIS2_PLACEMENT_3D('',#8659,#8660,#8661);
#8659 = CARTESIAN_POINT('',(-8.988972745734,-4.164457142857,42.3682));
#8660 = DIRECTION('',(0.,0.368265914122,-0.929720504504));
#8661 = DIRECTION('',(0.,-0.929720504504,-0.368265914122));
#8662 = ADVANCED_FACE('',(#8663),#8681,.T.);
#8663 = FACE_BOUND('',#8664,.T.);
#8664 = EDGE_LOOP('',(#8665,#8666,#8667,#8675));
#8665 = ORIENTED_EDGE('',*,*,#2047,.T.);
#8666 = ORIENTED_EDGE('',*,*,#8652,.T.);
#8667 = ORIENTED_EDGE('',*,*,#8668,.T.);
#8668 = EDGE_CURVE('',#8645,#8669,#8671,.T.);
#8669 = VERTEX_POINT('',#8670);
#8670 = CARTESIAN_POINT('',(-8.388972745734,-4.255828571429,
    42.328271428571));
#8671 = LINE('',#8672,#8673);
#8672 = CARTESIAN_POINT('',(-8.388972745734,-4.221657142857,
    42.345542857143));
#8673 = VECTOR('',#8674,1.);
#8674 = DIRECTION('',(0.,-0.892478602936,-0.451089728658));
#8675 = ORIENTED_EDGE('',*,*,#8676,.F.);
#8676 = EDGE_CURVE('',#2040,#8669,#8677,.T.);
#8677 = LINE('',#8678,#8679);
#8678 = CARTESIAN_POINT('',(-8.988972745734,-4.255828571429,
    42.328271428571));
#8679 = VECTOR('',#8680,1.);
#8680 = DIRECTION('',(1.,0.,0.));
#8681 = PLANE('',#8682);
#8682 = AXIS2_PLACEMENT_3D('',#8683,#8684,#8685);
#8683 = CARTESIAN_POINT('',(-8.988972745734,-4.221657142857,
    42.345542857143));
#8684 = DIRECTION('',(0.,0.451089728658,-0.892478602936));
#8685 = DIRECTION('',(0.,-0.892478602936,-0.451089728658));
#8686 = ADVANCED_FACE('',(#8687),#8705,.T.);
#8687 = FACE_BOUND('',#8688,.T.);
#8688 = EDGE_LOOP('',(#8689,#8690,#8691,#8699));
#8689 = ORIENTED_EDGE('',*,*,#2039,.T.);
#8690 = ORIENTED_EDGE('',*,*,#8676,.T.);
#8691 = ORIENTED_EDGE('',*,*,#8692,.T.);
#8692 = EDGE_CURVE('',#8669,#8693,#8695,.T.);
#8693 = VERTEX_POINT('',#8694);
#8694 = CARTESIAN_POINT('',(-8.388972745734,-4.29,42.311185714286));
#8695 = LINE('',#8696,#8697);
#8696 = CARTESIAN_POINT('',(-8.388972745734,-4.255828571429,
    42.328271428571));
#8697 = VECTOR('',#8698,1.);
#8698 = DIRECTION('',(0.,-0.894427191,-0.4472135955));
#8699 = ORIENTED_EDGE('',*,*,#8700,.F.);
#8700 = EDGE_CURVE('',#2032,#8693,#8701,.T.);
#8701 = LINE('',#8702,#8703);
#8702 = CARTESIAN_POINT('',(-8.988972745734,-4.29,42.311185714286));
#8703 = VECTOR('',#8704,1.);
#8704 = DIRECTION('',(1.,0.,0.));
#8705 = PLANE('',#8706);
#8706 = AXIS2_PLACEMENT_3D('',#8707,#8708,#8709);
#8707 = CARTESIAN_POINT('',(-8.988972745734,-4.255828571429,
    42.328271428571));
#8708 = DIRECTION('',(0.,0.4472135955,-0.894427191));
#8709 = DIRECTION('',(0.,-0.894427191,-0.4472135955));
#8710 = ADVANCED_FACE('',(#8711),#8729,.T.);
#8711 = FACE_BOUND('',#8712,.T.);
#8712 = EDGE_LOOP('',(#8713,#8714,#8715,#8723));
#8713 = ORIENTED_EDGE('',*,*,#2031,.T.);
#8714 = ORIENTED_EDGE('',*,*,#8700,.T.);
#8715 = ORIENTED_EDGE('',*,*,#8716,.T.);
#8716 = EDGE_CURVE('',#8693,#8717,#8719,.T.);
#8717 = VERTEX_POINT('',#8718);
#8718 = CARTESIAN_POINT('',(-8.388972745734,-4.347014285714,
    42.271257142857));
#8719 = LINE('',#8720,#8721);
#8720 = CARTESIAN_POINT('',(-8.388972745734,-4.29,42.311185714286));
#8721 = VECTOR('',#8722,1.);
#8722 = DIRECTION('',(0.,-0.819106553991,-0.573641397746));
#8723 = ORIENTED_EDGE('',*,*,#8724,.F.);
#8724 = EDGE_CURVE('',#2024,#8717,#8725,.T.);
#8725 = LINE('',#8726,#8727);
#8726 = CARTESIAN_POINT('',(-8.988972745734,-4.347014285714,
    42.271257142857));
#8727 = VECTOR('',#8728,1.);
#8728 = DIRECTION('',(1.,0.,0.));
#8729 = PLANE('',#8730);
#8730 = AXIS2_PLACEMENT_3D('',#8731,#8732,#8733);
#8731 = CARTESIAN_POINT('',(-8.988972745734,-4.29,42.311185714286));
#8732 = DIRECTION('',(0.,0.573641397746,-0.819106553991));
#8733 = DIRECTION('',(0.,-0.819106553991,-0.573641397746));
#8734 = ADVANCED_FACE('',(#8735),#8753,.T.);
#8735 = FACE_BOUND('',#8736,.T.);
#8736 = EDGE_LOOP('',(#8737,#8738,#8739,#8747));
#8737 = ORIENTED_EDGE('',*,*,#2023,.T.);
#8738 = ORIENTED_EDGE('',*,*,#8724,.T.);
#8739 = ORIENTED_EDGE('',*,*,#8740,.T.);
#8740 = EDGE_CURVE('',#8717,#8741,#8743,.T.);
#8741 = VERTEX_POINT('',#8742);
#8742 = CARTESIAN_POINT('',(-8.388972745734,-4.3927,42.225571428571));
#8743 = LINE('',#8744,#8745);
#8744 = CARTESIAN_POINT('',(-8.388972745734,-4.347014285714,
    42.271257142857));
#8745 = VECTOR('',#8746,1.);
#8746 = DIRECTION('',(0.,-0.707106781187,-0.707106781187));
#8747 = ORIENTED_EDGE('',*,*,#8748,.F.);
#8748 = EDGE_CURVE('',#2016,#8741,#8749,.T.);
#8749 = LINE('',#8750,#8751);
#8750 = CARTESIAN_POINT('',(-8.988972745734,-4.3927,42.225571428571));
#8751 = VECTOR('',#8752,1.);
#8752 = DIRECTION('',(1.,0.,0.));
#8753 = PLANE('',#8754);
#8754 = AXIS2_PLACEMENT_3D('',#8755,#8756,#8757);
#8755 = CARTESIAN_POINT('',(-8.988972745734,-4.347014285714,
    42.271257142857));
#8756 = DIRECTION('',(0.,0.707106781187,-0.707106781187));
#8757 = DIRECTION('',(0.,-0.707106781187,-0.707106781187));
#8758 = ADVANCED_FACE('',(#8759),#8777,.T.);
#8759 = FACE_BOUND('',#8760,.T.);
#8760 = EDGE_LOOP('',(#8761,#8762,#8763,#8771));
#8761 = ORIENTED_EDGE('',*,*,#2015,.T.);
#8762 = ORIENTED_EDGE('',*,*,#8748,.T.);
#8763 = ORIENTED_EDGE('',*,*,#8764,.T.);
#8764 = EDGE_CURVE('',#8741,#8765,#8767,.T.);
#8765 = VERTEX_POINT('',#8766);
#8766 = CARTESIAN_POINT('',(-8.388972745734,-4.438385714286,
    42.174314285714));
#8767 = LINE('',#8768,#8769);
#8768 = CARTESIAN_POINT('',(-8.388972745734,-4.3927,42.225571428571));
#8769 = VECTOR('',#8770,1.);
#8770 = DIRECTION('',(0.,-0.665370524754,-0.746513271676));
#8771 = ORIENTED_EDGE('',*,*,#8772,.F.);
#8772 = EDGE_CURVE('',#2008,#8765,#8773,.T.);
#8773 = LINE('',#8774,#8775);
#8774 = CARTESIAN_POINT('',(-8.988972745734,-4.438385714286,
    42.174314285714));
#8775 = VECTOR('',#8776,1.);
#8776 = DIRECTION('',(1.,0.,0.));
#8777 = PLANE('',#8778);
#8778 = AXIS2_PLACEMENT_3D('',#8779,#8780,#8781);
#8779 = CARTESIAN_POINT('',(-8.988972745734,-4.3927,42.225571428571));
#8780 = DIRECTION('',(0.,0.746513271676,-0.665370524754));
#8781 = DIRECTION('',(0.,-0.665370524754,-0.746513271676));
#8782 = ADVANCED_FACE('',(#8783),#8801,.T.);
#8783 = FACE_BOUND('',#8784,.T.);
#8784 = EDGE_LOOP('',(#8785,#8786,#8787,#8795));
#8785 = ORIENTED_EDGE('',*,*,#2007,.T.);
#8786 = ORIENTED_EDGE('',*,*,#8772,.T.);
#8787 = ORIENTED_EDGE('',*,*,#8788,.T.);
#8788 = EDGE_CURVE('',#8765,#8789,#8791,.T.);
#8789 = VERTEX_POINT('',#8790);
#8790 = CARTESIAN_POINT('',(-8.388972745734,-4.472557142857,
    42.122871428571));
#8791 = LINE('',#8792,#8793);
#8792 = CARTESIAN_POINT('',(-8.388972745734,-4.438385714286,
    42.174314285714));
#8793 = VECTOR('',#8794,1.);
#8794 = DIRECTION('',(0.,-0.553311519375,-0.832974406886));
#8795 = ORIENTED_EDGE('',*,*,#8796,.F.);
#8796 = EDGE_CURVE('',#2000,#8789,#8797,.T.);
#8797 = LINE('',#8798,#8799);
#8798 = CARTESIAN_POINT('',(-8.988972745734,-4.472557142857,
    42.122871428571));
#8799 = VECTOR('',#8800,1.);
#8800 = DIRECTION('',(1.,0.,0.));
#8801 = PLANE('',#8802);
#8802 = AXIS2_PLACEMENT_3D('',#8803,#8804,#8805);
#8803 = CARTESIAN_POINT('',(-8.988972745734,-4.438385714286,
    42.174314285714));
#8804 = DIRECTION('',(0.,0.832974406886,-0.553311519375));
#8805 = DIRECTION('',(0.,-0.553311519375,-0.832974406886));
#8806 = ADVANCED_FACE('',(#8807),#8825,.T.);
#8807 = FACE_BOUND('',#8808,.T.);
#8808 = EDGE_LOOP('',(#8809,#8810,#8811,#8819));
#8809 = ORIENTED_EDGE('',*,*,#1999,.T.);
#8810 = ORIENTED_EDGE('',*,*,#8796,.T.);
#8811 = ORIENTED_EDGE('',*,*,#8812,.T.);
#8812 = EDGE_CURVE('',#8789,#8813,#8815,.T.);
#8813 = VERTEX_POINT('',#8814);
#8814 = CARTESIAN_POINT('',(-8.388972745734,-4.4954,42.0887));
#8815 = LINE('',#8816,#8817);
#8816 = CARTESIAN_POINT('',(-8.388972745734,-4.472557142857,
    42.122871428571));
#8817 = VECTOR('',#8818,1.);
#8818 = DIRECTION('',(0.,-0.555742429414,-0.831354528555));
#8819 = ORIENTED_EDGE('',*,*,#8820,.F.);
#8820 = EDGE_CURVE('',#1992,#8813,#8821,.T.);
#8821 = LINE('',#8822,#8823);
#8822 = CARTESIAN_POINT('',(-8.988972745734,-4.4954,42.0887));
#8823 = VECTOR('',#8824,1.);
#8824 = DIRECTION('',(1.,0.,0.));
#8825 = PLANE('',#8826);
#8826 = AXIS2_PLACEMENT_3D('',#8827,#8828,#8829);
#8827 = CARTESIAN_POINT('',(-8.988972745734,-4.472557142857,
    42.122871428571));
#8828 = DIRECTION('',(0.,0.831354528555,-0.555742429414));
#8829 = DIRECTION('',(0.,-0.555742429414,-0.831354528555));
#8830 = ADVANCED_FACE('',(#8831),#8849,.T.);
#8831 = FACE_BOUND('',#8832,.T.);
#8832 = EDGE_LOOP('',(#8833,#8834,#8835,#8843));
#8833 = ORIENTED_EDGE('',*,*,#1991,.T.);
#8834 = ORIENTED_EDGE('',*,*,#8820,.T.);
#8835 = ORIENTED_EDGE('',*,*,#8836,.T.);
#8836 = EDGE_CURVE('',#8813,#8837,#8839,.T.);
#8837 = VERTEX_POINT('',#8838);
#8838 = CARTESIAN_POINT('',(-8.388972745734,-4.506914285714,
    42.054528571429));
#8839 = LINE('',#8840,#8841);
#8840 = CARTESIAN_POINT('',(-8.388972745734,-4.4954,42.0887));
#8841 = VECTOR('',#8842,1.);
#8842 = DIRECTION('',(0.,-0.319316245627,-0.947648212829));
#8843 = ORIENTED_EDGE('',*,*,#8844,.F.);
#8844 = EDGE_CURVE('',#1984,#8837,#8845,.T.);
#8845 = LINE('',#8846,#8847);
#8846 = CARTESIAN_POINT('',(-8.988972745734,-4.506914285714,
    42.054528571429));
#8847 = VECTOR('',#8848,1.);
#8848 = DIRECTION('',(1.,0.,0.));
#8849 = PLANE('',#8850);
#8850 = AXIS2_PLACEMENT_3D('',#8851,#8852,#8853);
#8851 = CARTESIAN_POINT('',(-8.988972745734,-4.4954,42.0887));
#8852 = DIRECTION('',(0.,0.947648212829,-0.319316245627));
#8853 = DIRECTION('',(0.,-0.319316245627,-0.947648212829));
#8854 = ADVANCED_FACE('',(#8855),#8873,.T.);
#8855 = FACE_BOUND('',#8856,.T.);
#8856 = EDGE_LOOP('',(#8857,#8858,#8859,#8867));
#8857 = ORIENTED_EDGE('',*,*,#1983,.T.);
#8858 = ORIENTED_EDGE('',*,*,#8844,.T.);
#8859 = ORIENTED_EDGE('',*,*,#8860,.T.);
#8860 = EDGE_CURVE('',#8837,#8861,#8863,.T.);
#8861 = VERTEX_POINT('',#8862);
#8862 = CARTESIAN_POINT('',(-8.388972745734,-4.529571428571,
    42.003085714286));
#8863 = LINE('',#8864,#8865);
#8864 = CARTESIAN_POINT('',(-8.388972745734,-4.506914285714,
    42.054528571429));
#8865 = VECTOR('',#8866,1.);
#8866 = DIRECTION('',(0.,-0.403070745111,-0.915168822915));
#8867 = ORIENTED_EDGE('',*,*,#8868,.F.);
#8868 = EDGE_CURVE('',#1976,#8861,#8869,.T.);
#8869 = LINE('',#8870,#8871);
#8870 = CARTESIAN_POINT('',(-8.988972745734,-4.529571428571,
    42.003085714286));
#8871 = VECTOR('',#8872,1.);
#8872 = DIRECTION('',(1.,0.,0.));
#8873 = PLANE('',#8874);
#8874 = AXIS2_PLACEMENT_3D('',#8875,#8876,#8877);
#8875 = CARTESIAN_POINT('',(-8.988972745734,-4.506914285714,
    42.054528571429));
#8876 = DIRECTION('',(0.,0.915168822915,-0.403070745111));
#8877 = DIRECTION('',(0.,-0.403070745111,-0.915168822915));
#8878 = ADVANCED_FACE('',(#8879),#8897,.T.);
#8879 = FACE_BOUND('',#8880,.T.);
#8880 = EDGE_LOOP('',(#8881,#8882,#8883,#8891));
#8881 = ORIENTED_EDGE('',*,*,#1975,.T.);
#8882 = ORIENTED_EDGE('',*,*,#8868,.T.);
#8883 = ORIENTED_EDGE('',*,*,#8884,.T.);
#8884 = EDGE_CURVE('',#8861,#8885,#8887,.T.);
#8885 = VERTEX_POINT('',#8886);
#8886 = CARTESIAN_POINT('',(-8.388972745734,-4.546842857143,
    41.946071428571));
#8887 = LINE('',#8888,#8889);
#8888 = CARTESIAN_POINT('',(-8.388972745734,-4.529571428571,
    42.003085714286));
#8889 = VECTOR('',#8890,1.);
#8890 = DIRECTION('',(0.,-0.289920871686,-0.957050619435));
#8891 = ORIENTED_EDGE('',*,*,#8892,.F.);
#8892 = EDGE_CURVE('',#1968,#8885,#8893,.T.);
#8893 = LINE('',#8894,#8895);
#8894 = CARTESIAN_POINT('',(-8.988972745734,-4.546842857143,
    41.946071428571));
#8895 = VECTOR('',#8896,1.);
#8896 = DIRECTION('',(1.,0.,0.));
#8897 = PLANE('',#8898);
#8898 = AXIS2_PLACEMENT_3D('',#8899,#8900,#8901);
#8899 = CARTESIAN_POINT('',(-8.988972745734,-4.529571428571,
    42.003085714286));
#8900 = DIRECTION('',(0.,0.957050619435,-0.289920871686));
#8901 = DIRECTION('',(0.,-0.289920871686,-0.957050619435));
#8902 = ADVANCED_FACE('',(#8903),#8921,.T.);
#8903 = FACE_BOUND('',#8904,.T.);
#8904 = EDGE_LOOP('',(#8905,#8906,#8907,#8915));
#8905 = ORIENTED_EDGE('',*,*,#1967,.T.);
#8906 = ORIENTED_EDGE('',*,*,#8892,.T.);
#8907 = ORIENTED_EDGE('',*,*,#8908,.T.);
#8908 = EDGE_CURVE('',#8885,#8909,#8911,.T.);
#8909 = VERTEX_POINT('',#8910);
#8910 = CARTESIAN_POINT('',(-8.388972745734,-4.552414285714,
    41.900385714286));
#8911 = LINE('',#8912,#8913);
#8912 = CARTESIAN_POINT('',(-8.388972745734,-4.546842857143,
    41.946071428571));
#8913 = VECTOR('',#8914,1.);
#8914 = DIRECTION('',(0.,-0.121054375311,-0.992645877551));
#8915 = ORIENTED_EDGE('',*,*,#8916,.F.);
#8916 = EDGE_CURVE('',#1960,#8909,#8917,.T.);
#8917 = LINE('',#8918,#8919);
#8918 = CARTESIAN_POINT('',(-8.988972745734,-4.552414285714,
    41.900385714286));
#8919 = VECTOR('',#8920,1.);
#8920 = DIRECTION('',(1.,0.,0.));
#8921 = PLANE('',#8922);
#8922 = AXIS2_PLACEMENT_3D('',#8923,#8924,#8925);
#8923 = CARTESIAN_POINT('',(-8.988972745734,-4.546842857143,
    41.946071428571));
#8924 = DIRECTION('',(0.,0.992645877551,-0.121054375311));
#8925 = DIRECTION('',(0.,-0.121054375311,-0.992645877551));
#8926 = ADVANCED_FACE('',(#8927),#8945,.T.);
#8927 = FACE_BOUND('',#8928,.T.);
#8928 = EDGE_LOOP('',(#8929,#8930,#8931,#8939));
#8929 = ORIENTED_EDGE('',*,*,#1959,.T.);
#8930 = ORIENTED_EDGE('',*,*,#8916,.T.);
#8931 = ORIENTED_EDGE('',*,*,#8932,.T.);
#8932 = EDGE_CURVE('',#8909,#8933,#8935,.T.);
#8933 = VERTEX_POINT('',#8934);
#8934 = CARTESIAN_POINT('',(-8.388972745734,-4.558171428571,
    41.837614285714));
#8935 = LINE('',#8936,#8937);
#8936 = CARTESIAN_POINT('',(-8.388972745734,-4.552414285714,
    41.900385714286));
#8937 = VECTOR('',#8938,1.);
#8938 = DIRECTION('',(0.,-9.133264387955E-02,-0.995820439719));
#8939 = ORIENTED_EDGE('',*,*,#8940,.F.);
#8940 = EDGE_CURVE('',#1952,#8933,#8941,.T.);
#8941 = LINE('',#8942,#8943);
#8942 = CARTESIAN_POINT('',(-8.988972745734,-4.558171428571,
    41.837614285714));
#8943 = VECTOR('',#8944,1.);
#8944 = DIRECTION('',(1.,0.,0.));
#8945 = PLANE('',#8946);
#8946 = AXIS2_PLACEMENT_3D('',#8947,#8948,#8949);
#8947 = CARTESIAN_POINT('',(-8.988972745734,-4.552414285714,
    41.900385714286));
#8948 = DIRECTION('',(0.,0.995820439719,-9.133264387955E-02));
#8949 = DIRECTION('',(0.,-9.133264387955E-02,-0.995820439719));
#8950 = ADVANCED_FACE('',(#8951),#8969,.T.);
#8951 = FACE_BOUND('',#8952,.T.);
#8952 = EDGE_LOOP('',(#8953,#8954,#8955,#8963));
#8953 = ORIENTED_EDGE('',*,*,#1951,.T.);
#8954 = ORIENTED_EDGE('',*,*,#8940,.T.);
#8955 = ORIENTED_EDGE('',*,*,#8956,.T.);
#8956 = EDGE_CURVE('',#8933,#8957,#8959,.T.);
#8957 = VERTEX_POINT('',#8958);
#8958 = CARTESIAN_POINT('',(-8.388972745734,-4.558171428571,
    38.973714285714));
#8959 = LINE('',#8960,#8961);
#8960 = CARTESIAN_POINT('',(-8.388972745734,-4.558171428571,
    41.837614285714));
#8961 = VECTOR('',#8962,1.);
#8962 = DIRECTION('',(0.,0.,-1.));
#8963 = ORIENTED_EDGE('',*,*,#8964,.F.);
#8964 = EDGE_CURVE('',#1944,#8957,#8965,.T.);
#8965 = LINE('',#8966,#8967);
#8966 = CARTESIAN_POINT('',(-8.988972745734,-4.558171428571,
    38.973714285714));
#8967 = VECTOR('',#8968,1.);
#8968 = DIRECTION('',(1.,0.,0.));
#8969 = PLANE('',#8970);
#8970 = AXIS2_PLACEMENT_3D('',#8971,#8972,#8973);
#8971 = CARTESIAN_POINT('',(-8.988972745734,-4.558171428571,
    41.837614285714));
#8972 = DIRECTION('',(-0.,1.,0.));
#8973 = DIRECTION('',(0.,0.,-1.));
#8974 = ADVANCED_FACE('',(#8975),#8993,.T.);
#8975 = FACE_BOUND('',#8976,.T.);
#8976 = EDGE_LOOP('',(#8977,#8978,#8979,#8987));
#8977 = ORIENTED_EDGE('',*,*,#1943,.T.);
#8978 = ORIENTED_EDGE('',*,*,#8964,.T.);
#8979 = ORIENTED_EDGE('',*,*,#8980,.T.);
#8980 = EDGE_CURVE('',#8957,#8981,#8983,.T.);
#8981 = VERTEX_POINT('',#8982);
#8982 = CARTESIAN_POINT('',(-8.388972745734,-4.997385714286,
    38.973714285714));
#8983 = LINE('',#8984,#8985);
#8984 = CARTESIAN_POINT('',(-8.388972745734,-4.558171428571,
    38.973714285714));
#8985 = VECTOR('',#8986,1.);
#8986 = DIRECTION('',(0.,-1.,0.));
#8987 = ORIENTED_EDGE('',*,*,#8988,.F.);
#8988 = EDGE_CURVE('',#1936,#8981,#8989,.T.);
#8989 = LINE('',#8990,#8991);
#8990 = CARTESIAN_POINT('',(-8.988972745734,-4.997385714286,
    38.973714285714));
#8991 = VECTOR('',#8992,1.);
#8992 = DIRECTION('',(1.,0.,0.));
#8993 = PLANE('',#8994);
#8994 = AXIS2_PLACEMENT_3D('',#8995,#8996,#8997);
#8995 = CARTESIAN_POINT('',(-8.988972745734,-4.558171428571,
    38.973714285714));
#8996 = DIRECTION('',(0.,0.,-1.));
#8997 = DIRECTION('',(0.,-1.,0.));
#8998 = ADVANCED_FACE('',(#8999),#9017,.T.);
#8999 = FACE_BOUND('',#9000,.T.);
#9000 = EDGE_LOOP('',(#9001,#9002,#9003,#9011));
#9001 = ORIENTED_EDGE('',*,*,#1935,.T.);
#9002 = ORIENTED_EDGE('',*,*,#8988,.T.);
#9003 = ORIENTED_EDGE('',*,*,#9004,.T.);
#9004 = EDGE_CURVE('',#8981,#9005,#9007,.T.);
#9005 = VERTEX_POINT('',#9006);
#9006 = CARTESIAN_POINT('',(-8.388972745734,-5.025985714286,
    38.967957142857));
#9007 = LINE('',#9008,#9009);
#9008 = CARTESIAN_POINT('',(-8.388972745734,-4.997385714286,
    38.973714285714));
#9009 = VECTOR('',#9010,1.);
#9010 = DIRECTION('',(0.,-0.980335072596,-0.197340176951));
#9011 = ORIENTED_EDGE('',*,*,#9012,.F.);
#9012 = EDGE_CURVE('',#1928,#9005,#9013,.T.);
#9013 = LINE('',#9014,#9015);
#9014 = CARTESIAN_POINT('',(-8.988972745734,-5.025985714286,
    38.967957142857));
#9015 = VECTOR('',#9016,1.);
#9016 = DIRECTION('',(1.,0.,0.));
#9017 = PLANE('',#9018);
#9018 = AXIS2_PLACEMENT_3D('',#9019,#9020,#9021);
#9019 = CARTESIAN_POINT('',(-8.988972745734,-4.997385714286,
    38.973714285714));
#9020 = DIRECTION('',(0.,0.197340176951,-0.980335072596));
#9021 = DIRECTION('',(0.,-0.980335072596,-0.197340176951));
#9022 = ADVANCED_FACE('',(#9023),#9041,.T.);
#9023 = FACE_BOUND('',#9024,.T.);
#9024 = EDGE_LOOP('',(#9025,#9026,#9027,#9035));
#9025 = ORIENTED_EDGE('',*,*,#1927,.T.);
#9026 = ORIENTED_EDGE('',*,*,#9012,.T.);
#9027 = ORIENTED_EDGE('',*,*,#9028,.T.);
#9028 = EDGE_CURVE('',#9005,#9029,#9031,.T.);
#9029 = VERTEX_POINT('',#9030);
#9030 = CARTESIAN_POINT('',(-8.388972745734,-5.054585714286,
    38.956628571429));
#9031 = LINE('',#9032,#9033);
#9032 = CARTESIAN_POINT('',(-8.388972745734,-5.025985714286,
    38.967957142857));
#9033 = VECTOR('',#9034,1.);
#9034 = DIRECTION('',(0.,-0.929720504504,-0.368265914122));
#9035 = ORIENTED_EDGE('',*,*,#9036,.F.);
#9036 = EDGE_CURVE('',#1920,#9029,#9037,.T.);
#9037 = LINE('',#9038,#9039);
#9038 = CARTESIAN_POINT('',(-8.988972745734,-5.054585714286,
    38.956628571429));
#9039 = VECTOR('',#9040,1.);
#9040 = DIRECTION('',(1.,0.,0.));
#9041 = PLANE('',#9042);
#9042 = AXIS2_PLACEMENT_3D('',#9043,#9044,#9045);
#9043 = CARTESIAN_POINT('',(-8.988972745734,-5.025985714286,
    38.967957142857));
#9044 = DIRECTION('',(0.,0.368265914122,-0.929720504504));
#9045 = DIRECTION('',(0.,-0.929720504504,-0.368265914122));
#9046 = ADVANCED_FACE('',(#9047),#9065,.T.);
#9047 = FACE_BOUND('',#9048,.T.);
#9048 = EDGE_LOOP('',(#9049,#9050,#9051,#9059));
#9049 = ORIENTED_EDGE('',*,*,#1919,.T.);
#9050 = ORIENTED_EDGE('',*,*,#9036,.T.);
#9051 = ORIENTED_EDGE('',*,*,#9052,.T.);
#9052 = EDGE_CURVE('',#9029,#9053,#9055,.T.);
#9053 = VERTEX_POINT('',#9054);
#9054 = CARTESIAN_POINT('',(-8.388972745734,-5.077428571429,
    38.939542857143));
#9055 = LINE('',#9056,#9057);
#9056 = CARTESIAN_POINT('',(-8.388972745734,-5.054585714286,
    38.956628571429));
#9057 = VECTOR('',#9058,1.);
#9058 = DIRECTION('',(0.,-0.80078057117,-0.598957825591));
#9059 = ORIENTED_EDGE('',*,*,#9060,.F.);
#9060 = EDGE_CURVE('',#1912,#9053,#9061,.T.);
#9061 = LINE('',#9062,#9063);
#9062 = CARTESIAN_POINT('',(-8.988972745734,-5.077428571429,
    38.939542857143));
#9063 = VECTOR('',#9064,1.);
#9064 = DIRECTION('',(1.,0.,0.));
#9065 = PLANE('',#9066);
#9066 = AXIS2_PLACEMENT_3D('',#9067,#9068,#9069);
#9067 = CARTESIAN_POINT('',(-8.988972745734,-5.054585714286,
    38.956628571429));
#9068 = DIRECTION('',(0.,0.598957825591,-0.80078057117));
#9069 = DIRECTION('',(0.,-0.80078057117,-0.598957825591));
#9070 = ADVANCED_FACE('',(#9071),#9089,.T.);
#9071 = FACE_BOUND('',#9072,.T.);
#9072 = EDGE_LOOP('',(#9073,#9074,#9075,#9083));
#9073 = ORIENTED_EDGE('',*,*,#1911,.T.);
#9074 = ORIENTED_EDGE('',*,*,#9060,.T.);
#9075 = ORIENTED_EDGE('',*,*,#9076,.T.);
#9076 = EDGE_CURVE('',#9053,#9077,#9079,.T.);
#9077 = VERTEX_POINT('',#9078);
#9078 = CARTESIAN_POINT('',(-8.388972745734,-5.094514285714,
    38.922457142857));
#9079 = LINE('',#9080,#9081);
#9080 = CARTESIAN_POINT('',(-8.388972745734,-5.077428571429,
    38.939542857143));
#9081 = VECTOR('',#9082,1.);
#9082 = DIRECTION('',(0.,-0.707106781187,-0.707106781187));
#9083 = ORIENTED_EDGE('',*,*,#9084,.F.);
#9084 = EDGE_CURVE('',#1904,#9077,#9085,.T.);
#9085 = LINE('',#9086,#9087);
#9086 = CARTESIAN_POINT('',(-8.988972745734,-5.094514285714,
    38.922457142857));
#9087 = VECTOR('',#9088,1.);
#9088 = DIRECTION('',(1.,0.,0.));
#9089 = PLANE('',#9090);
#9090 = AXIS2_PLACEMENT_3D('',#9091,#9092,#9093);
#9091 = CARTESIAN_POINT('',(-8.988972745734,-5.077428571429,
    38.939542857143));
#9092 = DIRECTION('',(0.,0.707106781187,-0.707106781187));
#9093 = DIRECTION('',(0.,-0.707106781187,-0.707106781187));
#9094 = ADVANCED_FACE('',(#9095),#9113,.T.);
#9095 = FACE_BOUND('',#9096,.T.);
#9096 = EDGE_LOOP('',(#9097,#9098,#9099,#9107));
#9097 = ORIENTED_EDGE('',*,*,#1903,.T.);
#9098 = ORIENTED_EDGE('',*,*,#9084,.T.);
#9099 = ORIENTED_EDGE('',*,*,#9100,.T.);
#9100 = EDGE_CURVE('',#9077,#9101,#9103,.T.);
#9101 = VERTEX_POINT('',#9102);
#9102 = CARTESIAN_POINT('',(-8.388972745734,-5.105842857143,
    38.905185714286));
#9103 = LINE('',#9104,#9105);
#9104 = CARTESIAN_POINT('',(-8.388972745734,-5.094514285714,
    38.922457142857));
#9105 = VECTOR('',#9106,1.);
#9106 = DIRECTION('',(0.,-0.548460032671,-0.836176771121));
#9107 = ORIENTED_EDGE('',*,*,#9108,.F.);
#9108 = EDGE_CURVE('',#1896,#9101,#9109,.T.);
#9109 = LINE('',#9110,#9111);
#9110 = CARTESIAN_POINT('',(-8.988972745734,-5.105842857143,
    38.905185714286));
#9111 = VECTOR('',#9112,1.);
#9112 = DIRECTION('',(1.,0.,0.));
#9113 = PLANE('',#9114);
#9114 = AXIS2_PLACEMENT_3D('',#9115,#9116,#9117);
#9115 = CARTESIAN_POINT('',(-8.988972745734,-5.094514285714,
    38.922457142857));
#9116 = DIRECTION('',(0.,0.836176771121,-0.548460032671));
#9117 = DIRECTION('',(0.,-0.548460032671,-0.836176771121));
#9118 = ADVANCED_FACE('',(#9119),#9137,.T.);
#9119 = FACE_BOUND('',#9120,.T.);
#9120 = EDGE_LOOP('',(#9121,#9122,#9123,#9131));
#9121 = ORIENTED_EDGE('',*,*,#1895,.T.);
#9122 = ORIENTED_EDGE('',*,*,#9108,.T.);
#9123 = ORIENTED_EDGE('',*,*,#9124,.T.);
#9124 = EDGE_CURVE('',#9101,#9125,#9127,.T.);
#9125 = VERTEX_POINT('',#9126);
#9126 = CARTESIAN_POINT('',(-8.388972745734,-5.117357142857,38.8881));
#9127 = LINE('',#9128,#9129);
#9128 = CARTESIAN_POINT('',(-8.388972745734,-5.105842857143,
    38.905185714286));
#9129 = VECTOR('',#9130,1.);
#9130 = DIRECTION('',(0.,-0.558853462072,-0.829266427591));
#9131 = ORIENTED_EDGE('',*,*,#9132,.F.);
#9132 = EDGE_CURVE('',#1888,#9125,#9133,.T.);
#9133 = LINE('',#9134,#9135);
#9134 = CARTESIAN_POINT('',(-8.988972745734,-5.117357142857,38.8881));
#9135 = VECTOR('',#9136,1.);
#9136 = DIRECTION('',(1.,0.,0.));
#9137 = PLANE('',#9138);
#9138 = AXIS2_PLACEMENT_3D('',#9139,#9140,#9141);
#9139 = CARTESIAN_POINT('',(-8.988972745734,-5.105842857143,
    38.905185714286));
#9140 = DIRECTION('',(0.,0.829266427591,-0.558853462072));
#9141 = DIRECTION('',(0.,-0.558853462072,-0.829266427591));
#9142 = ADVANCED_FACE('',(#9143),#9161,.T.);
#9143 = FACE_BOUND('',#9144,.T.);
#9144 = EDGE_LOOP('',(#9145,#9146,#9147,#9155));
#9145 = ORIENTED_EDGE('',*,*,#1887,.T.);
#9146 = ORIENTED_EDGE('',*,*,#9132,.T.);
#9147 = ORIENTED_EDGE('',*,*,#9148,.T.);
#9148 = EDGE_CURVE('',#9125,#9149,#9151,.T.);
#9149 = VERTEX_POINT('',#9150);
#9150 = CARTESIAN_POINT('',(-8.388972745734,-5.122928571429,
    38.859685714286));
#9151 = LINE('',#9152,#9153);
#9152 = CARTESIAN_POINT('',(-8.388972745734,-5.117357142857,38.8881));
#9153 = VECTOR('',#9154,1.);
#9154 = DIRECTION('',(0.,-0.192414460721,-0.981313749677));
#9155 = ORIENTED_EDGE('',*,*,#9156,.F.);
#9156 = EDGE_CURVE('',#1880,#9149,#9157,.T.);
#9157 = LINE('',#9158,#9159);
#9158 = CARTESIAN_POINT('',(-8.988972745734,-5.122928571429,
    38.859685714286));
#9159 = VECTOR('',#9160,1.);
#9160 = DIRECTION('',(1.,0.,0.));
#9161 = PLANE('',#9162);
#9162 = AXIS2_PLACEMENT_3D('',#9163,#9164,#9165);
#9163 = CARTESIAN_POINT('',(-8.988972745734,-5.117357142857,38.8881));
#9164 = DIRECTION('',(0.,0.981313749677,-0.192414460721));
#9165 = DIRECTION('',(0.,-0.192414460721,-0.981313749677));
#9166 = ADVANCED_FACE('',(#9167),#9185,.T.);
#9167 = FACE_BOUND('',#9168,.T.);
#9168 = EDGE_LOOP('',(#9169,#9170,#9171,#9179));
#9169 = ORIENTED_EDGE('',*,*,#1879,.T.);
#9170 = ORIENTED_EDGE('',*,*,#9156,.T.);
#9171 = ORIENTED_EDGE('',*,*,#9172,.T.);
#9172 = EDGE_CURVE('',#9149,#9173,#9175,.T.);
#9173 = VERTEX_POINT('',#9174);
#9174 = CARTESIAN_POINT('',(-8.388972745734,-5.128685714286,
    38.842414285714));
#9175 = LINE('',#9176,#9177);
#9176 = CARTESIAN_POINT('',(-8.388972745734,-5.122928571429,
    38.859685714286));
#9177 = VECTOR('',#9178,1.);
#9178 = DIRECTION('',(0.,-0.316227766017,-0.948683298051));
#9179 = ORIENTED_EDGE('',*,*,#9180,.F.);
#9180 = EDGE_CURVE('',#1872,#9173,#9181,.T.);
#9181 = LINE('',#9182,#9183);
#9182 = CARTESIAN_POINT('',(-8.988972745734,-5.128685714286,
    38.842414285714));
#9183 = VECTOR('',#9184,1.);
#9184 = DIRECTION('',(1.,0.,0.));
#9185 = PLANE('',#9186);
#9186 = AXIS2_PLACEMENT_3D('',#9187,#9188,#9189);
#9187 = CARTESIAN_POINT('',(-8.988972745734,-5.122928571429,
    38.859685714286));
#9188 = DIRECTION('',(0.,0.948683298051,-0.316227766017));
#9189 = DIRECTION('',(0.,-0.316227766017,-0.948683298051));
#9190 = ADVANCED_FACE('',(#9191),#9209,.T.);
#9191 = FACE_BOUND('',#9192,.T.);
#9192 = EDGE_LOOP('',(#9193,#9194,#9195,#9203));
#9193 = ORIENTED_EDGE('',*,*,#1871,.T.);
#9194 = ORIENTED_EDGE('',*,*,#9180,.T.);
#9195 = ORIENTED_EDGE('',*,*,#9196,.T.);
#9196 = EDGE_CURVE('',#9173,#9197,#9199,.T.);
#9197 = VERTEX_POINT('',#9198);
#9198 = CARTESIAN_POINT('',(-8.388972745734,-5.128685714286,
    38.528742857143));
#9199 = LINE('',#9200,#9201);
#9200 = CARTESIAN_POINT('',(-8.388972745734,-5.128685714286,
    38.842414285714));
#9201 = VECTOR('',#9202,1.);
#9202 = DIRECTION('',(0.,0.,-1.));
#9203 = ORIENTED_EDGE('',*,*,#9204,.F.);
#9204 = EDGE_CURVE('',#1864,#9197,#9205,.T.);
#9205 = LINE('',#9206,#9207);
#9206 = CARTESIAN_POINT('',(-8.988972745734,-5.128685714286,
    38.528742857143));
#9207 = VECTOR('',#9208,1.);
#9208 = DIRECTION('',(1.,0.,0.));
#9209 = PLANE('',#9210);
#9210 = AXIS2_PLACEMENT_3D('',#9211,#9212,#9213);
#9211 = CARTESIAN_POINT('',(-8.988972745734,-5.128685714286,
    38.842414285714));
#9212 = DIRECTION('',(-0.,1.,0.));
#9213 = DIRECTION('',(0.,0.,-1.));
#9214 = ADVANCED_FACE('',(#9215),#9233,.T.);
#9215 = FACE_BOUND('',#9216,.T.);
#9216 = EDGE_LOOP('',(#9217,#9218,#9219,#9227));
#9217 = ORIENTED_EDGE('',*,*,#1863,.T.);
#9218 = ORIENTED_EDGE('',*,*,#9204,.T.);
#9219 = ORIENTED_EDGE('',*,*,#9220,.T.);
#9220 = EDGE_CURVE('',#9197,#9221,#9223,.T.);
#9221 = VERTEX_POINT('',#9222);
#9222 = CARTESIAN_POINT('',(-8.388972745734,-5.122928571429,
    38.504785714286));
#9223 = LINE('',#9224,#9225);
#9224 = CARTESIAN_POINT('',(-8.388972745734,-5.128685714286,
    38.528742857143));
#9225 = VECTOR('',#9226,1.);
#9226 = DIRECTION('',(-0.,0.233658016401,-0.972318842444));
#9227 = ORIENTED_EDGE('',*,*,#9228,.F.);
#9228 = EDGE_CURVE('',#1856,#9221,#9229,.T.);
#9229 = LINE('',#9230,#9231);
#9230 = CARTESIAN_POINT('',(-8.988972745734,-5.122928571429,
    38.504785714286));
#9231 = VECTOR('',#9232,1.);
#9232 = DIRECTION('',(1.,0.,0.));
#9233 = PLANE('',#9234);
#9234 = AXIS2_PLACEMENT_3D('',#9235,#9236,#9237);
#9235 = CARTESIAN_POINT('',(-8.988972745734,-5.128685714286,
    38.528742857143));
#9236 = DIRECTION('',(-0.,0.972318842444,0.233658016401));
#9237 = DIRECTION('',(0.,0.233658016401,-0.972318842444));
#9238 = ADVANCED_FACE('',(#9239),#9257,.T.);
#9239 = FACE_BOUND('',#9240,.T.);
#9240 = EDGE_LOOP('',(#9241,#9242,#9243,#9251));
#9241 = ORIENTED_EDGE('',*,*,#1855,.T.);
#9242 = ORIENTED_EDGE('',*,*,#9228,.T.);
#9243 = ORIENTED_EDGE('',*,*,#9244,.T.);
#9244 = EDGE_CURVE('',#9221,#9245,#9247,.T.);
#9245 = VERTEX_POINT('',#9246);
#9246 = CARTESIAN_POINT('',(-8.388972745734,-5.117357142857,
    38.486957142857));
#9247 = LINE('',#9248,#9249);
#9248 = CARTESIAN_POINT('',(-8.388972745734,-5.122928571429,
    38.504785714286));
#9249 = VECTOR('',#9250,1.);
#9250 = DIRECTION('',(-0.,0.298274993136,-0.954479978035));
#9251 = ORIENTED_EDGE('',*,*,#9252,.F.);
#9252 = EDGE_CURVE('',#1848,#9245,#9253,.T.);
#9253 = LINE('',#9254,#9255);
#9254 = CARTESIAN_POINT('',(-8.988972745734,-5.117357142857,
    38.486957142857));
#9255 = VECTOR('',#9256,1.);
#9256 = DIRECTION('',(1.,0.,0.));
#9257 = PLANE('',#9258);
#9258 = AXIS2_PLACEMENT_3D('',#9259,#9260,#9261);
#9259 = CARTESIAN_POINT('',(-8.988972745734,-5.122928571429,
    38.504785714286));
#9260 = DIRECTION('',(-0.,0.954479978035,0.298274993136));
#9261 = DIRECTION('',(0.,0.298274993136,-0.954479978035));
#9262 = ADVANCED_FACE('',(#9263),#9281,.T.);
#9263 = FACE_BOUND('',#9264,.T.);
#9264 = EDGE_LOOP('',(#9265,#9266,#9267,#9275));
#9265 = ORIENTED_EDGE('',*,*,#1847,.T.);
#9266 = ORIENTED_EDGE('',*,*,#9252,.T.);
#9267 = ORIENTED_EDGE('',*,*,#9268,.T.);
#9268 = EDGE_CURVE('',#9245,#9269,#9271,.T.);
#9269 = VERTEX_POINT('',#9270);
#9270 = CARTESIAN_POINT('',(-8.388972745734,-5.105842857143,
    38.468942857143));
#9271 = LINE('',#9272,#9273);
#9272 = CARTESIAN_POINT('',(-8.388972745734,-5.117357142857,
    38.486957142857));
#9273 = VECTOR('',#9274,1.);
#9274 = DIRECTION('',(-0.,0.538560615351,-0.842586769178));
#9275 = ORIENTED_EDGE('',*,*,#9276,.F.);
#9276 = EDGE_CURVE('',#1840,#9269,#9277,.T.);
#9277 = LINE('',#9278,#9279);
#9278 = CARTESIAN_POINT('',(-8.988972745734,-5.105842857143,
    38.468942857143));
#9279 = VECTOR('',#9280,1.);
#9280 = DIRECTION('',(1.,0.,0.));
#9281 = PLANE('',#9282);
#9282 = AXIS2_PLACEMENT_3D('',#9283,#9284,#9285);
#9283 = CARTESIAN_POINT('',(-8.988972745734,-5.117357142857,
    38.486957142857));
#9284 = DIRECTION('',(-0.,0.842586769178,0.538560615351));
#9285 = DIRECTION('',(0.,0.538560615351,-0.842586769178));
#9286 = ADVANCED_FACE('',(#9287),#9305,.T.);
#9287 = FACE_BOUND('',#9288,.T.);
#9288 = EDGE_LOOP('',(#9289,#9290,#9291,#9299));
#9289 = ORIENTED_EDGE('',*,*,#1839,.T.);
#9290 = ORIENTED_EDGE('',*,*,#9276,.T.);
#9291 = ORIENTED_EDGE('',*,*,#9292,.T.);
#9292 = EDGE_CURVE('',#9269,#9293,#9295,.T.);
#9293 = VERTEX_POINT('',#9294);
#9294 = CARTESIAN_POINT('',(-8.388972745734,-5.094514285714,
    38.450928571429));
#9295 = LINE('',#9296,#9297);
#9296 = CARTESIAN_POINT('',(-8.388972745734,-5.105842857143,
    38.468942857143));
#9297 = VECTOR('',#9298,1.);
#9298 = DIRECTION('',(-0.,0.532350261781,-0.846524186767));
#9299 = ORIENTED_EDGE('',*,*,#9300,.F.);
#9300 = EDGE_CURVE('',#1832,#9293,#9301,.T.);
#9301 = LINE('',#9302,#9303);
#9302 = CARTESIAN_POINT('',(-8.988972745734,-5.094514285714,
    38.450928571429));
#9303 = VECTOR('',#9304,1.);
#9304 = DIRECTION('',(1.,0.,0.));
#9305 = PLANE('',#9306);
#9306 = AXIS2_PLACEMENT_3D('',#9307,#9308,#9309);
#9307 = CARTESIAN_POINT('',(-8.988972745734,-5.105842857143,
    38.468942857143));
#9308 = DIRECTION('',(-0.,0.846524186767,0.532350261781));
#9309 = DIRECTION('',(0.,0.532350261781,-0.846524186767));
#9310 = ADVANCED_FACE('',(#9311),#9329,.T.);
#9311 = FACE_BOUND('',#9312,.T.);
#9312 = EDGE_LOOP('',(#9313,#9314,#9315,#9323));
#9313 = ORIENTED_EDGE('',*,*,#1831,.T.);
#9314 = ORIENTED_EDGE('',*,*,#9300,.T.);
#9315 = ORIENTED_EDGE('',*,*,#9316,.T.);
#9316 = EDGE_CURVE('',#9293,#9317,#9319,.T.);
#9317 = VERTEX_POINT('',#9318);
#9318 = CARTESIAN_POINT('',(-8.388972745734,-5.083,38.432914285714));
#9319 = LINE('',#9320,#9321);
#9320 = CARTESIAN_POINT('',(-8.388972745734,-5.094514285714,
    38.450928571429));
#9321 = VECTOR('',#9322,1.);
#9322 = DIRECTION('',(-0.,0.538560615351,-0.842586769178));
#9323 = ORIENTED_EDGE('',*,*,#9324,.F.);
#9324 = EDGE_CURVE('',#1824,#9317,#9325,.T.);
#9325 = LINE('',#9326,#9327);
#9326 = CARTESIAN_POINT('',(-8.988972745734,-5.083,38.432914285714));
#9327 = VECTOR('',#9328,1.);
#9328 = DIRECTION('',(1.,0.,0.));
#9329 = PLANE('',#9330);
#9330 = AXIS2_PLACEMENT_3D('',#9331,#9332,#9333);
#9331 = CARTESIAN_POINT('',(-8.988972745734,-5.094514285714,
    38.450928571429));
#9332 = DIRECTION('',(-0.,0.842586769178,0.538560615351));
#9333 = DIRECTION('',(0.,0.538560615351,-0.842586769178));
#9334 = ADVANCED_FACE('',(#9335),#9353,.T.);
#9335 = FACE_BOUND('',#9336,.T.);
#9336 = EDGE_LOOP('',(#9337,#9338,#9339,#9347));
#9337 = ORIENTED_EDGE('',*,*,#1823,.T.);
#9338 = ORIENTED_EDGE('',*,*,#9324,.T.);
#9339 = ORIENTED_EDGE('',*,*,#9340,.T.);
#9340 = EDGE_CURVE('',#9317,#9341,#9343,.T.);
#9341 = VERTEX_POINT('',#9342);
#9342 = CARTESIAN_POINT('',(-8.388972745734,-5.065914285714,
    38.421028571429));
#9343 = LINE('',#9344,#9345);
#9344 = CARTESIAN_POINT('',(-8.388972745734,-5.083,38.432914285714));
#9345 = VECTOR('',#9346,1.);
#9346 = DIRECTION('',(-0.,0.820905201785,-0.571064488199));
#9347 = ORIENTED_EDGE('',*,*,#9348,.F.);
#9348 = EDGE_CURVE('',#1816,#9341,#9349,.T.);
#9349 = LINE('',#9350,#9351);
#9350 = CARTESIAN_POINT('',(-8.988972745734,-5.065914285714,
    38.421028571429));
#9351 = VECTOR('',#9352,1.);
#9352 = DIRECTION('',(1.,0.,0.));
#9353 = PLANE('',#9354);
#9354 = AXIS2_PLACEMENT_3D('',#9355,#9356,#9357);
#9355 = CARTESIAN_POINT('',(-8.988972745734,-5.083,38.432914285714));
#9356 = DIRECTION('',(-0.,0.571064488199,0.820905201785));
#9357 = DIRECTION('',(0.,0.820905201785,-0.571064488199));
#9358 = ADVANCED_FACE('',(#9359),#9377,.T.);
#9359 = FACE_BOUND('',#9360,.T.);
#9360 = EDGE_LOOP('',(#9361,#9362,#9363,#9371));
#9361 = ORIENTED_EDGE('',*,*,#1815,.T.);
#9362 = ORIENTED_EDGE('',*,*,#9348,.T.);
#9363 = ORIENTED_EDGE('',*,*,#9364,.T.);
#9364 = EDGE_CURVE('',#9341,#9365,#9367,.T.);
#9365 = VERTEX_POINT('',#9366);
#9366 = CARTESIAN_POINT('',(-8.388972745734,-5.048828571429,
    38.408957142857));
#9367 = LINE('',#9368,#9369);
#9368 = CARTESIAN_POINT('',(-8.388972745734,-5.065914285714,
    38.421028571429));
#9369 = VECTOR('',#9370,1.);
#9370 = DIRECTION('',(-0.,0.816721763686,-0.577031680865));
#9371 = ORIENTED_EDGE('',*,*,#9372,.F.);
#9372 = EDGE_CURVE('',#1808,#9365,#9373,.T.);
#9373 = LINE('',#9374,#9375);
#9374 = CARTESIAN_POINT('',(-8.988972745734,-5.048828571429,
    38.408957142857));
#9375 = VECTOR('',#9376,1.);
#9376 = DIRECTION('',(1.,0.,0.));
#9377 = PLANE('',#9378);
#9378 = AXIS2_PLACEMENT_3D('',#9379,#9380,#9381);
#9379 = CARTESIAN_POINT('',(-8.988972745734,-5.065914285714,
    38.421028571429));
#9380 = DIRECTION('',(-0.,0.577031680865,0.816721763686));
#9381 = DIRECTION('',(0.,0.816721763686,-0.577031680865));
#9382 = ADVANCED_FACE('',(#9383),#9401,.T.);
#9383 = FACE_BOUND('',#9384,.T.);
#9384 = EDGE_LOOP('',(#9385,#9386,#9387,#9395));
#9385 = ORIENTED_EDGE('',*,*,#1807,.T.);
#9386 = ORIENTED_EDGE('',*,*,#9372,.T.);
#9387 = ORIENTED_EDGE('',*,*,#9388,.T.);
#9388 = EDGE_CURVE('',#9365,#9389,#9391,.T.);
#9389 = VERTEX_POINT('',#9390);
#9390 = CARTESIAN_POINT('',(-8.388972745734,-5.025985714286,38.4032));
#9391 = LINE('',#9392,#9393);
#9392 = CARTESIAN_POINT('',(-8.388972745734,-5.048828571429,
    38.408957142857));
#9393 = VECTOR('',#9394,1.);
#9394 = DIRECTION('',(-0.,0.969676988372,-0.244390135281));
#9395 = ORIENTED_EDGE('',*,*,#9396,.F.);
#9396 = EDGE_CURVE('',#1800,#9389,#9397,.T.);
#9397 = LINE('',#9398,#9399);
#9398 = CARTESIAN_POINT('',(-8.988972745734,-5.025985714286,38.4032));
#9399 = VECTOR('',#9400,1.);
#9400 = DIRECTION('',(1.,0.,0.));
#9401 = PLANE('',#9402);
#9402 = AXIS2_PLACEMENT_3D('',#9403,#9404,#9405);
#9403 = CARTESIAN_POINT('',(-8.988972745734,-5.048828571429,
    38.408957142857));
#9404 = DIRECTION('',(-0.,0.244390135281,0.969676988372));
#9405 = DIRECTION('',(0.,0.969676988372,-0.244390135281));
#9406 = ADVANCED_FACE('',(#9407),#9432,.T.);
#9407 = FACE_BOUND('',#9408,.T.);
#9408 = EDGE_LOOP('',(#9409,#9410,#9418,#9426));
#9409 = ORIENTED_EDGE('',*,*,#1791,.T.);
#9410 = ORIENTED_EDGE('',*,*,#9411,.T.);
#9411 = EDGE_CURVE('',#1792,#9412,#9414,.T.);
#9412 = VERTEX_POINT('',#9413);
#9413 = CARTESIAN_POINT('',(-8.388972745734,-3.530242857143,38.4032));
#9414 = LINE('',#9415,#9416);
#9415 = CARTESIAN_POINT('',(-8.988972745734,-3.530242857143,38.4032));
#9416 = VECTOR('',#9417,1.);
#9417 = DIRECTION('',(1.,0.,0.));
#9418 = ORIENTED_EDGE('',*,*,#9419,.T.);
#9419 = EDGE_CURVE('',#9412,#9420,#9422,.T.);
#9420 = VERTEX_POINT('',#9421);
#9421 = CARTESIAN_POINT('',(-8.388972745734,-3.506471428571,
    38.414528571429));
#9422 = LINE('',#9423,#9424);
#9423 = CARTESIAN_POINT('',(-8.388972745734,-3.530242857143,38.4032));
#9424 = VECTOR('',#9425,1.);
#9425 = DIRECTION('',(0.,0.902730115416,0.430207320628));
#9426 = ORIENTED_EDGE('',*,*,#9427,.F.);
#9427 = EDGE_CURVE('',#1784,#9420,#9428,.T.);
#9428 = LINE('',#9429,#9430);
#9429 = CARTESIAN_POINT('',(-8.988972745734,-3.506471428571,
    38.414528571429));
#9430 = VECTOR('',#9431,1.);
#9431 = DIRECTION('',(1.,0.,0.));
#9432 = PLANE('',#9433);
#9433 = AXIS2_PLACEMENT_3D('',#9434,#9435,#9436);
#9434 = CARTESIAN_POINT('',(-8.988972745734,-3.530242857143,38.4032));
#9435 = DIRECTION('',(0.,-0.430207320628,0.902730115416));
#9436 = DIRECTION('',(0.,0.902730115416,0.430207320628));
#9437 = ADVANCED_FACE('',(#9438),#9456,.T.);
#9438 = FACE_BOUND('',#9439,.T.);
#9439 = EDGE_LOOP('',(#9440,#9441,#9442,#9450));
#9440 = ORIENTED_EDGE('',*,*,#1783,.T.);
#9441 = ORIENTED_EDGE('',*,*,#9427,.T.);
#9442 = ORIENTED_EDGE('',*,*,#9443,.T.);
#9443 = EDGE_CURVE('',#9420,#9444,#9446,.T.);
#9444 = VERTEX_POINT('',#9445);
#9445 = CARTESIAN_POINT('',(-8.388972745734,-3.488457142857,
    38.420285714286));
#9446 = LINE('',#9447,#9448);
#9447 = CARTESIAN_POINT('',(-8.388972745734,-3.506471428571,
    38.414528571429));
#9448 = VECTOR('',#9449,1.);
#9449 = DIRECTION('',(0.,0.952538100641,0.304419392988));
#9450 = ORIENTED_EDGE('',*,*,#9451,.F.);
#9451 = EDGE_CURVE('',#1776,#9444,#9452,.T.);
#9452 = LINE('',#9453,#9454);
#9453 = CARTESIAN_POINT('',(-8.988972745734,-3.488457142857,
    38.420285714286));
#9454 = VECTOR('',#9455,1.);
#9455 = DIRECTION('',(1.,0.,0.));
#9456 = PLANE('',#9457);
#9457 = AXIS2_PLACEMENT_3D('',#9458,#9459,#9460);
#9458 = CARTESIAN_POINT('',(-8.988972745734,-3.506471428571,
    38.414528571429));
#9459 = DIRECTION('',(0.,-0.304419392988,0.952538100641));
#9460 = DIRECTION('',(0.,0.952538100641,0.304419392988));
#9461 = ADVANCED_FACE('',(#9462),#9480,.T.);
#9462 = FACE_BOUND('',#9463,.T.);
#9463 = EDGE_LOOP('',(#9464,#9465,#9466,#9474));
#9464 = ORIENTED_EDGE('',*,*,#1775,.T.);
#9465 = ORIENTED_EDGE('',*,*,#9451,.T.);
#9466 = ORIENTED_EDGE('',*,*,#9467,.T.);
#9467 = EDGE_CURVE('',#9444,#9468,#9470,.T.);
#9468 = VERTEX_POINT('',#9469);
#9469 = CARTESIAN_POINT('',(-8.388972745734,-3.470628571429,38.4318));
#9470 = LINE('',#9471,#9472);
#9471 = CARTESIAN_POINT('',(-8.388972745734,-3.488457142857,
    38.420285714286));
#9472 = VECTOR('',#9473,1.);
#9473 = DIRECTION('',(0.,0.840039377769,0.542525431476));
#9474 = ORIENTED_EDGE('',*,*,#9475,.F.);
#9475 = EDGE_CURVE('',#1768,#9468,#9476,.T.);
#9476 = LINE('',#9477,#9478);
#9477 = CARTESIAN_POINT('',(-8.988972745734,-3.470628571429,38.4318));
#9478 = VECTOR('',#9479,1.);
#9479 = DIRECTION('',(1.,0.,0.));
#9480 = PLANE('',#9481);
#9481 = AXIS2_PLACEMENT_3D('',#9482,#9483,#9484);
#9482 = CARTESIAN_POINT('',(-8.988972745734,-3.488457142857,
    38.420285714286));
#9483 = DIRECTION('',(0.,-0.542525431476,0.840039377769));
#9484 = DIRECTION('',(0.,0.840039377769,0.542525431476));
#9485 = ADVANCED_FACE('',(#9486),#9504,.T.);
#9486 = FACE_BOUND('',#9487,.T.);
#9487 = EDGE_LOOP('',(#9488,#9489,#9490,#9498));
#9488 = ORIENTED_EDGE('',*,*,#1767,.T.);
#9489 = ORIENTED_EDGE('',*,*,#9475,.T.);
#9490 = ORIENTED_EDGE('',*,*,#9491,.T.);
#9491 = EDGE_CURVE('',#9468,#9492,#9494,.T.);
#9492 = VERTEX_POINT('',#9493);
#9493 = CARTESIAN_POINT('',(-8.388972745734,-3.4528,38.448885714286));
#9494 = LINE('',#9495,#9496);
#9495 = CARTESIAN_POINT('',(-8.388972745734,-3.470628571429,38.4318));
#9496 = VECTOR('',#9497,1.);
#9497 = DIRECTION('',(0.,0.721988205115,0.691905363236));
#9498 = ORIENTED_EDGE('',*,*,#9499,.F.);
#9499 = EDGE_CURVE('',#1760,#9492,#9500,.T.);
#9500 = LINE('',#9501,#9502);
#9501 = CARTESIAN_POINT('',(-8.988972745734,-3.4528,38.448885714286));
#9502 = VECTOR('',#9503,1.);
#9503 = DIRECTION('',(1.,0.,0.));
#9504 = PLANE('',#9505);
#9505 = AXIS2_PLACEMENT_3D('',#9506,#9507,#9508);
#9506 = CARTESIAN_POINT('',(-8.988972745734,-3.470628571429,38.4318));
#9507 = DIRECTION('',(0.,-0.691905363236,0.721988205115));
#9508 = DIRECTION('',(0.,0.721988205115,0.691905363236));
#9509 = ADVANCED_FACE('',(#9510),#9535,.T.);
#9510 = FACE_BOUND('',#9511,.T.);
#9511 = EDGE_LOOP('',(#9512,#9513,#9521,#9529));
#9512 = ORIENTED_EDGE('',*,*,#1751,.T.);
#9513 = ORIENTED_EDGE('',*,*,#9514,.T.);
#9514 = EDGE_CURVE('',#1752,#9515,#9517,.T.);
#9515 = VERTEX_POINT('',#9516);
#9516 = CARTESIAN_POINT('',(-8.388972745734,-3.429028571429,
    38.483057142857));
#9517 = LINE('',#9518,#9519);
#9518 = CARTESIAN_POINT('',(-8.988972745734,-3.429028571429,
    38.483057142857));
#9519 = VECTOR('',#9520,1.);
#9520 = DIRECTION('',(1.,0.,0.));
#9521 = ORIENTED_EDGE('',*,*,#9522,.T.);
#9522 = EDGE_CURVE('',#9515,#9523,#9525,.T.);
#9523 = VERTEX_POINT('',#9524);
#9524 = CARTESIAN_POINT('',(-8.388972745734,-3.417142857143,38.5059));
#9525 = LINE('',#9526,#9527);
#9526 = CARTESIAN_POINT('',(-8.388972745734,-3.429028571429,
    38.483057142857));
#9527 = VECTOR('',#9528,1.);
#9528 = DIRECTION('',(0.,0.461579805424,0.887098688549));
#9529 = ORIENTED_EDGE('',*,*,#9530,.F.);
#9530 = EDGE_CURVE('',#1744,#9523,#9531,.T.);
#9531 = LINE('',#9532,#9533);
#9532 = CARTESIAN_POINT('',(-8.988972745734,-3.417142857143,38.5059));
#9533 = VECTOR('',#9534,1.);
#9534 = DIRECTION('',(1.,0.,0.));
#9535 = PLANE('',#9536);
#9536 = AXIS2_PLACEMENT_3D('',#9537,#9538,#9539);
#9537 = CARTESIAN_POINT('',(-8.988972745734,-3.429028571429,
    38.483057142857));
#9538 = DIRECTION('',(0.,-0.887098688549,0.461579805424));
#9539 = DIRECTION('',(0.,0.461579805424,0.887098688549));
#9540 = ADVANCED_FACE('',(#9541),#9566,.T.);
#9541 = FACE_BOUND('',#9542,.T.);
#9542 = EDGE_LOOP('',(#9543,#9544,#9552,#9560));
#9543 = ORIENTED_EDGE('',*,*,#1735,.T.);
#9544 = ORIENTED_EDGE('',*,*,#9545,.T.);
#9545 = EDGE_CURVE('',#1736,#9546,#9548,.T.);
#9546 = VERTEX_POINT('',#9547);
#9547 = CARTESIAN_POINT('',(-8.388972745734,-3.417142857143,
    38.842414285714));
#9548 = LINE('',#9549,#9550);
#9549 = CARTESIAN_POINT('',(-8.988972745734,-3.417142857143,
    38.842414285714));
#9550 = VECTOR('',#9551,1.);
#9551 = DIRECTION('',(1.,0.,0.));
#9552 = ORIENTED_EDGE('',*,*,#9553,.T.);
#9553 = EDGE_CURVE('',#9546,#9554,#9556,.T.);
#9554 = VERTEX_POINT('',#9555);
#9555 = CARTESIAN_POINT('',(-8.388972745734,-3.4229,38.871014285714));
#9556 = LINE('',#9557,#9558);
#9557 = CARTESIAN_POINT('',(-8.388972745734,-3.417142857143,
    38.842414285714));
#9558 = VECTOR('',#9559,1.);
#9559 = DIRECTION('',(0.,-0.197340176951,0.980335072596));
#9560 = ORIENTED_EDGE('',*,*,#9561,.F.);
#9561 = EDGE_CURVE('',#1728,#9554,#9562,.T.);
#9562 = LINE('',#9563,#9564);
#9563 = CARTESIAN_POINT('',(-8.988972745734,-3.4229,38.871014285714));
#9564 = VECTOR('',#9565,1.);
#9565 = DIRECTION('',(1.,0.,0.));
#9566 = PLANE('',#9567);
#9567 = AXIS2_PLACEMENT_3D('',#9568,#9569,#9570);
#9568 = CARTESIAN_POINT('',(-8.988972745734,-3.417142857143,
    38.842414285714));
#9569 = DIRECTION('',(0.,-0.980335072596,-0.197340176951));
#9570 = DIRECTION('',(0.,-0.197340176951,0.980335072596));
#9571 = ADVANCED_FACE('',(#9572),#9590,.T.);
#9572 = FACE_BOUND('',#9573,.T.);
#9573 = EDGE_LOOP('',(#9574,#9575,#9576,#9584));
#9574 = ORIENTED_EDGE('',*,*,#1727,.T.);
#9575 = ORIENTED_EDGE('',*,*,#9561,.T.);
#9576 = ORIENTED_EDGE('',*,*,#9577,.T.);
#9577 = EDGE_CURVE('',#9554,#9578,#9580,.T.);
#9578 = VERTEX_POINT('',#9579);
#9579 = CARTESIAN_POINT('',(-8.388972745734,-3.434228571429,
    38.899614285714));
#9580 = LINE('',#9581,#9582);
#9581 = CARTESIAN_POINT('',(-8.388972745734,-3.4229,38.871014285714));
#9582 = VECTOR('',#9583,1.);
#9583 = DIRECTION('',(0.,-0.368265914122,0.929720504504));
#9584 = ORIENTED_EDGE('',*,*,#9585,.F.);
#9585 = EDGE_CURVE('',#1720,#9578,#9586,.T.);
#9586 = LINE('',#9587,#9588);
#9587 = CARTESIAN_POINT('',(-8.988972745734,-3.434228571429,
    38.899614285714));
#9588 = VECTOR('',#9589,1.);
#9589 = DIRECTION('',(1.,0.,0.));
#9590 = PLANE('',#9591);
#9591 = AXIS2_PLACEMENT_3D('',#9592,#9593,#9594);
#9592 = CARTESIAN_POINT('',(-8.988972745734,-3.4229,38.871014285714));
#9593 = DIRECTION('',(0.,-0.929720504504,-0.368265914122));
#9594 = DIRECTION('',(0.,-0.368265914122,0.929720504504));
#9595 = ADVANCED_FACE('',(#9596),#9614,.T.);
#9596 = FACE_BOUND('',#9597,.T.);
#9597 = EDGE_LOOP('',(#9598,#9599,#9600,#9608));
#9598 = ORIENTED_EDGE('',*,*,#1719,.T.);
#9599 = ORIENTED_EDGE('',*,*,#9585,.T.);
#9600 = ORIENTED_EDGE('',*,*,#9601,.T.);
#9601 = EDGE_CURVE('',#9578,#9602,#9604,.T.);
#9602 = VERTEX_POINT('',#9603);
#9603 = CARTESIAN_POINT('',(-8.388972745734,-3.451314285714,
    38.922457142857));
#9604 = LINE('',#9605,#9606);
#9605 = CARTESIAN_POINT('',(-8.388972745734,-3.434228571429,
    38.899614285714));
#9606 = VECTOR('',#9607,1.);
#9607 = DIRECTION('',(0.,-0.598957825591,0.80078057117));
#9608 = ORIENTED_EDGE('',*,*,#9609,.F.);
#9609 = EDGE_CURVE('',#1712,#9602,#9610,.T.);
#9610 = LINE('',#9611,#9612);
#9611 = CARTESIAN_POINT('',(-8.988972745734,-3.451314285714,
    38.922457142857));
#9612 = VECTOR('',#9613,1.);
#9613 = DIRECTION('',(1.,0.,0.));
#9614 = PLANE('',#9615);
#9615 = AXIS2_PLACEMENT_3D('',#9616,#9617,#9618);
#9616 = CARTESIAN_POINT('',(-8.988972745734,-3.434228571429,
    38.899614285714));
#9617 = DIRECTION('',(0.,-0.80078057117,-0.598957825591));
#9618 = DIRECTION('',(0.,-0.598957825591,0.80078057117));
#9619 = ADVANCED_FACE('',(#9620),#9638,.T.);
#9620 = FACE_BOUND('',#9621,.T.);
#9621 = EDGE_LOOP('',(#9622,#9623,#9624,#9632));
#9622 = ORIENTED_EDGE('',*,*,#1711,.T.);
#9623 = ORIENTED_EDGE('',*,*,#9609,.T.);
#9624 = ORIENTED_EDGE('',*,*,#9625,.T.);
#9625 = EDGE_CURVE('',#9602,#9626,#9628,.T.);
#9626 = VERTEX_POINT('',#9627);
#9627 = CARTESIAN_POINT('',(-8.388972745734,-3.4684,38.939542857143));
#9628 = LINE('',#9629,#9630);
#9629 = CARTESIAN_POINT('',(-8.388972745734,-3.451314285714,
    38.922457142857));
#9630 = VECTOR('',#9631,1.);
#9631 = DIRECTION('',(0.,-0.707106781187,0.707106781187));
#9632 = ORIENTED_EDGE('',*,*,#9633,.F.);
#9633 = EDGE_CURVE('',#1704,#9626,#9634,.T.);
#9634 = LINE('',#9635,#9636);
#9635 = CARTESIAN_POINT('',(-8.988972745734,-3.4684,38.939542857143));
#9636 = VECTOR('',#9637,1.);
#9637 = DIRECTION('',(1.,0.,0.));
#9638 = PLANE('',#9639);
#9639 = AXIS2_PLACEMENT_3D('',#9640,#9641,#9642);
#9640 = CARTESIAN_POINT('',(-8.988972745734,-3.451314285714,
    38.922457142857));
#9641 = DIRECTION('',(0.,-0.707106781187,-0.707106781187));
#9642 = DIRECTION('',(0.,-0.707106781187,0.707106781187));
#9643 = ADVANCED_FACE('',(#9644),#9662,.T.);
#9644 = FACE_BOUND('',#9645,.T.);
#9645 = EDGE_LOOP('',(#9646,#9647,#9648,#9656));
#9646 = ORIENTED_EDGE('',*,*,#1703,.T.);
#9647 = ORIENTED_EDGE('',*,*,#9633,.T.);
#9648 = ORIENTED_EDGE('',*,*,#9649,.T.);
#9649 = EDGE_CURVE('',#9626,#9650,#9652,.T.);
#9650 = VERTEX_POINT('',#9651);
#9651 = CARTESIAN_POINT('',(-8.388972745734,-3.485671428571,
    38.950871428571));
#9652 = LINE('',#9653,#9654);
#9653 = CARTESIAN_POINT('',(-8.388972745734,-3.4684,38.939542857143));
#9654 = VECTOR('',#9655,1.);
#9655 = DIRECTION('',(0.,-0.836176771121,0.548460032671));
#9656 = ORIENTED_EDGE('',*,*,#9657,.F.);
#9657 = EDGE_CURVE('',#1696,#9650,#9658,.T.);
#9658 = LINE('',#9659,#9660);
#9659 = CARTESIAN_POINT('',(-8.988972745734,-3.485671428571,
    38.950871428571));
#9660 = VECTOR('',#9661,1.);
#9661 = DIRECTION('',(1.,0.,0.));
#9662 = PLANE('',#9663);
#9663 = AXIS2_PLACEMENT_3D('',#9664,#9665,#9666);
#9664 = CARTESIAN_POINT('',(-8.988972745734,-3.4684,38.939542857143));
#9665 = DIRECTION('',(0.,-0.548460032671,-0.836176771121));
#9666 = DIRECTION('',(0.,-0.836176771121,0.548460032671));
#9667 = ADVANCED_FACE('',(#9668),#9686,.T.);
#9668 = FACE_BOUND('',#9669,.T.);
#9669 = EDGE_LOOP('',(#9670,#9671,#9672,#9680));
#9670 = ORIENTED_EDGE('',*,*,#1695,.T.);
#9671 = ORIENTED_EDGE('',*,*,#9657,.T.);
#9672 = ORIENTED_EDGE('',*,*,#9673,.T.);
#9673 = EDGE_CURVE('',#9650,#9674,#9676,.T.);
#9674 = VERTEX_POINT('',#9675);
#9675 = CARTESIAN_POINT('',(-8.388972745734,-3.502757142857,
    38.962385714286));
#9676 = LINE('',#9677,#9678);
#9677 = CARTESIAN_POINT('',(-8.388972745734,-3.485671428571,
    38.950871428571));
#9678 = VECTOR('',#9679,1.);
#9679 = DIRECTION('',(0.,-0.829266427591,0.558853462072));
#9680 = ORIENTED_EDGE('',*,*,#9681,.F.);
#9681 = EDGE_CURVE('',#1688,#9674,#9682,.T.);
#9682 = LINE('',#9683,#9684);
#9683 = CARTESIAN_POINT('',(-8.988972745734,-3.502757142857,
    38.962385714286));
#9684 = VECTOR('',#9685,1.);
#9685 = DIRECTION('',(1.,0.,0.));
#9686 = PLANE('',#9687);
#9687 = AXIS2_PLACEMENT_3D('',#9688,#9689,#9690);
#9688 = CARTESIAN_POINT('',(-8.988972745734,-3.485671428571,
    38.950871428571));
#9689 = DIRECTION('',(0.,-0.558853462072,-0.829266427591));
#9690 = DIRECTION('',(0.,-0.829266427591,0.558853462072));
#9691 = ADVANCED_FACE('',(#9692),#9710,.T.);
#9692 = FACE_BOUND('',#9693,.T.);
#9693 = EDGE_LOOP('',(#9694,#9695,#9696,#9704));
#9694 = ORIENTED_EDGE('',*,*,#1687,.T.);
#9695 = ORIENTED_EDGE('',*,*,#9681,.T.);
#9696 = ORIENTED_EDGE('',*,*,#9697,.T.);
#9697 = EDGE_CURVE('',#9674,#9698,#9700,.T.);
#9698 = VERTEX_POINT('',#9699);
#9699 = CARTESIAN_POINT('',(-8.388972745734,-3.5256,38.967957142857));
#9700 = LINE('',#9701,#9702);
#9701 = CARTESIAN_POINT('',(-8.388972745734,-3.502757142857,
    38.962385714286));
#9702 = VECTOR('',#9703,1.);
#9703 = DIRECTION('',(0.,-0.971520338783,0.236956180191));
#9704 = ORIENTED_EDGE('',*,*,#9705,.F.);
#9705 = EDGE_CURVE('',#1680,#9698,#9706,.T.);
#9706 = LINE('',#9707,#9708);
#9707 = CARTESIAN_POINT('',(-8.988972745734,-3.5256,38.967957142857));
#9708 = VECTOR('',#9709,1.);
#9709 = DIRECTION('',(1.,0.,0.));
#9710 = PLANE('',#9711);
#9711 = AXIS2_PLACEMENT_3D('',#9712,#9713,#9714);
#9712 = CARTESIAN_POINT('',(-8.988972745734,-3.502757142857,
    38.962385714286));
#9713 = DIRECTION('',(0.,-0.236956180191,-0.971520338783));
#9714 = DIRECTION('',(0.,-0.971520338783,0.236956180191));
#9715 = ADVANCED_FACE('',(#9716),#9734,.T.);
#9716 = FACE_BOUND('',#9717,.T.);
#9717 = EDGE_LOOP('',(#9718,#9719,#9720,#9728));
#9718 = ORIENTED_EDGE('',*,*,#1679,.T.);
#9719 = ORIENTED_EDGE('',*,*,#9705,.T.);
#9720 = ORIENTED_EDGE('',*,*,#9721,.T.);
#9721 = EDGE_CURVE('',#9698,#9722,#9724,.T.);
#9722 = VERTEX_POINT('',#9723);
#9723 = CARTESIAN_POINT('',(-8.388972745734,-3.548442857143,
    38.973714285714));
#9724 = LINE('',#9725,#9726);
#9725 = CARTESIAN_POINT('',(-8.388972745734,-3.5256,38.967957142857));
#9726 = VECTOR('',#9727,1.);
#9727 = DIRECTION('',(0.,-0.969676988372,0.244390135281));
#9728 = ORIENTED_EDGE('',*,*,#9729,.F.);
#9729 = EDGE_CURVE('',#1672,#9722,#9730,.T.);
#9730 = LINE('',#9731,#9732);
#9731 = CARTESIAN_POINT('',(-8.988972745734,-3.548442857143,
    38.973714285714));
#9732 = VECTOR('',#9733,1.);
#9733 = DIRECTION('',(1.,0.,0.));
#9734 = PLANE('',#9735);
#9735 = AXIS2_PLACEMENT_3D('',#9736,#9737,#9738);
#9736 = CARTESIAN_POINT('',(-8.988972745734,-3.5256,38.967957142857));
#9737 = DIRECTION('',(0.,-0.244390135281,-0.969676988372));
#9738 = DIRECTION('',(0.,-0.969676988372,0.244390135281));
#9739 = ADVANCED_FACE('',(#9740),#9758,.T.);
#9740 = FACE_BOUND('',#9741,.T.);
#9741 = EDGE_LOOP('',(#9742,#9743,#9744,#9752));
#9742 = ORIENTED_EDGE('',*,*,#1671,.T.);
#9743 = ORIENTED_EDGE('',*,*,#9729,.T.);
#9744 = ORIENTED_EDGE('',*,*,#9745,.T.);
#9745 = EDGE_CURVE('',#9722,#9746,#9748,.T.);
#9746 = VERTEX_POINT('',#9747);
#9747 = CARTESIAN_POINT('',(-8.388972745734,-3.987657142857,
    38.973714285714));
#9748 = LINE('',#9749,#9750);
#9749 = CARTESIAN_POINT('',(-8.388972745734,-3.548442857143,
    38.973714285714));
#9750 = VECTOR('',#9751,1.);
#9751 = DIRECTION('',(0.,-1.,0.));
#9752 = ORIENTED_EDGE('',*,*,#9753,.F.);
#9753 = EDGE_CURVE('',#1664,#9746,#9754,.T.);
#9754 = LINE('',#9755,#9756);
#9755 = CARTESIAN_POINT('',(-8.988972745734,-3.987657142857,
    38.973714285714));
#9756 = VECTOR('',#9757,1.);
#9757 = DIRECTION('',(1.,0.,0.));
#9758 = PLANE('',#9759);
#9759 = AXIS2_PLACEMENT_3D('',#9760,#9761,#9762);
#9760 = CARTESIAN_POINT('',(-8.988972745734,-3.548442857143,
    38.973714285714));
#9761 = DIRECTION('',(0.,0.,-1.));
#9762 = DIRECTION('',(0.,-1.,0.));
#9763 = ADVANCED_FACE('',(#9764),#9782,.T.);
#9764 = FACE_BOUND('',#9765,.T.);
#9765 = EDGE_LOOP('',(#9766,#9767,#9768,#9776));
#9766 = ORIENTED_EDGE('',*,*,#1663,.T.);
#9767 = ORIENTED_EDGE('',*,*,#9753,.T.);
#9768 = ORIENTED_EDGE('',*,*,#9769,.T.);
#9769 = EDGE_CURVE('',#9746,#9770,#9772,.T.);
#9770 = VERTEX_POINT('',#9771);
#9771 = CARTESIAN_POINT('',(-8.388972745734,-3.987657142857,
    41.826285714286));
#9772 = LINE('',#9773,#9774);
#9773 = CARTESIAN_POINT('',(-8.388972745734,-3.987657142857,
    38.973714285714));
#9774 = VECTOR('',#9775,1.);
#9775 = DIRECTION('',(0.,0.,1.));
#9776 = ORIENTED_EDGE('',*,*,#9777,.F.);
#9777 = EDGE_CURVE('',#1656,#9770,#9778,.T.);
#9778 = LINE('',#9779,#9780);
#9779 = CARTESIAN_POINT('',(-8.988972745734,-3.987657142857,
    41.826285714286));
#9780 = VECTOR('',#9781,1.);
#9781 = DIRECTION('',(1.,0.,0.));
#9782 = PLANE('',#9783);
#9783 = AXIS2_PLACEMENT_3D('',#9784,#9785,#9786);
#9784 = CARTESIAN_POINT('',(-8.988972745734,-3.987657142857,
    38.973714285714));
#9785 = DIRECTION('',(0.,-1.,0.));
#9786 = DIRECTION('',(0.,0.,1.));
#9787 = ADVANCED_FACE('',(#9788),#9799,.T.);
#9788 = FACE_BOUND('',#9789,.T.);
#9789 = EDGE_LOOP('',(#9790,#9791,#9792,#9798));
#9790 = ORIENTED_EDGE('',*,*,#1655,.T.);
#9791 = ORIENTED_EDGE('',*,*,#9777,.T.);
#9792 = ORIENTED_EDGE('',*,*,#9793,.T.);
#9793 = EDGE_CURVE('',#9770,#7903,#9794,.T.);
#9794 = LINE('',#9795,#9796);
#9795 = CARTESIAN_POINT('',(-8.388972745734,-3.987657142857,
    41.826285714286));
#9796 = VECTOR('',#9797,1.);
#9797 = DIRECTION('',(0.,1.,0.));
#9798 = ORIENTED_EDGE('',*,*,#7902,.F.);
#9799 = PLANE('',#9800);
#9800 = AXIS2_PLACEMENT_3D('',#9801,#9802,#9803);
#9801 = CARTESIAN_POINT('',(-8.988972745734,-3.987657142857,
    41.826285714286));
#9802 = DIRECTION('',(0.,0.,1.));
#9803 = DIRECTION('',(0.,1.,0.));
#9804 = ADVANCED_FACE('',(#9805),#9830,.T.);
#9805 = FACE_BOUND('',#9806,.T.);
#9806 = EDGE_LOOP('',(#9807,#9808,#9816,#9824));
#9807 = ORIENTED_EDGE('',*,*,#2311,.T.);
#9808 = ORIENTED_EDGE('',*,*,#9809,.T.);
#9809 = EDGE_CURVE('',#2314,#9810,#9812,.T.);
#9810 = VERTEX_POINT('',#9811);
#9811 = CARTESIAN_POINT('',(-8.388972745734,-0.849828571429,
    42.258442857143));
#9812 = LINE('',#9813,#9814);
#9813 = CARTESIAN_POINT('',(-8.988972745734,-0.849828571429,
    42.258442857143));
#9814 = VECTOR('',#9815,1.);
#9815 = DIRECTION('',(1.,0.,0.));
#9816 = ORIENTED_EDGE('',*,*,#9817,.T.);
#9817 = EDGE_CURVE('',#9810,#9818,#9820,.T.);
#9818 = VERTEX_POINT('',#9819);
#9819 = CARTESIAN_POINT('',(-8.388972745734,-0.855585714286,
    42.287414285714));
#9820 = LINE('',#9821,#9822);
#9821 = CARTESIAN_POINT('',(-8.388972745734,-0.849828571429,
    42.258442857143));
#9822 = VECTOR('',#9823,1.);
#9823 = DIRECTION('',(0.,-0.19490688626,0.980821750212));
#9824 = ORIENTED_EDGE('',*,*,#9825,.F.);
#9825 = EDGE_CURVE('',#2312,#9818,#9826,.T.);
#9826 = LINE('',#9827,#9828);
#9827 = CARTESIAN_POINT('',(-8.988972745734,-0.855585714286,
    42.287414285714));
#9828 = VECTOR('',#9829,1.);
#9829 = DIRECTION('',(1.,0.,0.));
#9830 = PLANE('',#9831);
#9831 = AXIS2_PLACEMENT_3D('',#9832,#9833,#9834);
#9832 = CARTESIAN_POINT('',(-8.988972745734,-0.849828571429,
    42.258442857143));
#9833 = DIRECTION('',(0.,-0.980821750212,-0.19490688626));
#9834 = DIRECTION('',(0.,-0.19490688626,0.980821750212));
#9835 = ADVANCED_FACE('',(#9836),#9854,.T.);
#9836 = FACE_BOUND('',#9837,.T.);
#9837 = EDGE_LOOP('',(#9838,#9839,#9840,#9848));
#9838 = ORIENTED_EDGE('',*,*,#2769,.T.);
#9839 = ORIENTED_EDGE('',*,*,#9825,.T.);
#9840 = ORIENTED_EDGE('',*,*,#9841,.T.);
#9841 = EDGE_CURVE('',#9818,#9842,#9844,.T.);
#9842 = VERTEX_POINT('',#9843);
#9843 = CARTESIAN_POINT('',(-8.388972745734,-0.861157142857,
    42.321957142857));
#9844 = LINE('',#9845,#9846);
#9845 = CARTESIAN_POINT('',(-8.388972745734,-0.855585714286,
    42.287414285714));
#9846 = VECTOR('',#9847,1.);
#9847 = DIRECTION('',(0.,-0.159232438825,0.987241120713));
#9848 = ORIENTED_EDGE('',*,*,#9849,.F.);
#9849 = EDGE_CURVE('',#2762,#9842,#9850,.T.);
#9850 = LINE('',#9851,#9852);
#9851 = CARTESIAN_POINT('',(-8.988972745734,-0.861157142857,
    42.321957142857));
#9852 = VECTOR('',#9853,1.);
#9853 = DIRECTION('',(1.,0.,0.));
#9854 = PLANE('',#9855);
#9855 = AXIS2_PLACEMENT_3D('',#9856,#9857,#9858);
#9856 = CARTESIAN_POINT('',(-8.988972745734,-0.855585714286,
    42.287414285714));
#9857 = DIRECTION('',(0.,-0.987241120713,-0.159232438825));
#9858 = DIRECTION('',(0.,-0.159232438825,0.987241120713));
#9859 = ADVANCED_FACE('',(#9860),#9878,.T.);
#9860 = FACE_BOUND('',#9861,.T.);
#9861 = EDGE_LOOP('',(#9862,#9863,#9864,#9872));
#9862 = ORIENTED_EDGE('',*,*,#2761,.T.);
#9863 = ORIENTED_EDGE('',*,*,#9849,.T.);
#9864 = ORIENTED_EDGE('',*,*,#9865,.T.);
#9865 = EDGE_CURVE('',#9842,#9866,#9868,.T.);
#9866 = VERTEX_POINT('',#9867);
#9867 = CARTESIAN_POINT('',(-8.388972745734,-0.872671428571,
    42.333285714286));
#9868 = LINE('',#9869,#9870);
#9869 = CARTESIAN_POINT('',(-8.388972745734,-0.861157142857,
    42.321957142857));
#9870 = VECTOR('',#9871,1.);
#9871 = DIRECTION('',(0.,-0.712832058729,0.70133476746));
#9872 = ORIENTED_EDGE('',*,*,#9873,.F.);
#9873 = EDGE_CURVE('',#2754,#9866,#9874,.T.);
#9874 = LINE('',#9875,#9876);
#9875 = CARTESIAN_POINT('',(-8.988972745734,-0.872671428571,
    42.333285714286));
#9876 = VECTOR('',#9877,1.);
#9877 = DIRECTION('',(1.,0.,0.));
#9878 = PLANE('',#9879);
#9879 = AXIS2_PLACEMENT_3D('',#9880,#9881,#9882);
#9880 = CARTESIAN_POINT('',(-8.988972745734,-0.861157142857,
    42.321957142857));
#9881 = DIRECTION('',(0.,-0.70133476746,-0.712832058729));
#9882 = DIRECTION('',(0.,-0.712832058729,0.70133476746));
#9883 = ADVANCED_FACE('',(#9884),#9902,.T.);
#9884 = FACE_BOUND('',#9885,.T.);
#9885 = EDGE_LOOP('',(#9886,#9887,#9888,#9896));
#9886 = ORIENTED_EDGE('',*,*,#2753,.T.);
#9887 = ORIENTED_EDGE('',*,*,#9873,.T.);
#9888 = ORIENTED_EDGE('',*,*,#9889,.T.);
#9889 = EDGE_CURVE('',#9866,#9890,#9892,.T.);
#9890 = VERTEX_POINT('',#9891);
#9891 = CARTESIAN_POINT('',(-8.388972745734,-0.884,42.350742857143));
#9892 = LINE('',#9893,#9894);
#9893 = CARTESIAN_POINT('',(-8.388972745734,-0.872671428571,
    42.333285714286));
#9894 = VECTOR('',#9895,1.);
#9895 = DIRECTION('',(0.,-0.544360855445,0.838851154293));
#9896 = ORIENTED_EDGE('',*,*,#9897,.F.);
#9897 = EDGE_CURVE('',#2746,#9890,#9898,.T.);
#9898 = LINE('',#9899,#9900);
#9899 = CARTESIAN_POINT('',(-8.988972745734,-0.884,42.350742857143));
#9900 = VECTOR('',#9901,1.);
#9901 = DIRECTION('',(1.,0.,0.));
#9902 = PLANE('',#9903);
#9903 = AXIS2_PLACEMENT_3D('',#9904,#9905,#9906);
#9904 = CARTESIAN_POINT('',(-8.988972745734,-0.872671428571,
    42.333285714286));
#9905 = DIRECTION('',(0.,-0.838851154293,-0.544360855445));
#9906 = DIRECTION('',(0.,-0.544360855445,0.838851154293));
#9907 = ADVANCED_FACE('',(#9908),#9926,.T.);
#9908 = FACE_BOUND('',#9909,.T.);
#9909 = EDGE_LOOP('',(#9910,#9911,#9912,#9920));
#9910 = ORIENTED_EDGE('',*,*,#2745,.T.);
#9911 = ORIENTED_EDGE('',*,*,#9897,.T.);
#9912 = ORIENTED_EDGE('',*,*,#9913,.T.);
#9913 = EDGE_CURVE('',#9890,#9914,#9916,.T.);
#9914 = VERTEX_POINT('',#9915);
#9915 = CARTESIAN_POINT('',(-8.388972745734,-0.895514285714,
    42.368014285714));
#9916 = LINE('',#9917,#9918);
#9917 = CARTESIAN_POINT('',(-8.388972745734,-0.884,42.350742857143));
#9918 = VECTOR('',#9919,1.);
#9919 = DIRECTION('',(0.,-0.554700196225,0.832050294338));
#9920 = ORIENTED_EDGE('',*,*,#9921,.F.);
#9921 = EDGE_CURVE('',#2738,#9914,#9922,.T.);
#9922 = LINE('',#9923,#9924);
#9923 = CARTESIAN_POINT('',(-8.988972745734,-0.895514285714,
    42.368014285714));
#9924 = VECTOR('',#9925,1.);
#9925 = DIRECTION('',(1.,0.,0.));
#9926 = PLANE('',#9927);
#9927 = AXIS2_PLACEMENT_3D('',#9928,#9929,#9930);
#9928 = CARTESIAN_POINT('',(-8.988972745734,-0.884,42.350742857143));
#9929 = DIRECTION('',(0.,-0.832050294338,-0.554700196225));
#9930 = DIRECTION('',(0.,-0.554700196225,0.832050294338));
#9931 = ADVANCED_FACE('',(#9932),#9950,.T.);
#9932 = FACE_BOUND('',#9933,.T.);
#9933 = EDGE_LOOP('',(#9934,#9935,#9936,#9944));
#9934 = ORIENTED_EDGE('',*,*,#2737,.T.);
#9935 = ORIENTED_EDGE('',*,*,#9921,.T.);
#9936 = ORIENTED_EDGE('',*,*,#9937,.T.);
#9937 = EDGE_CURVE('',#9914,#9938,#9940,.T.);
#9938 = VERTEX_POINT('',#9939);
#9939 = CARTESIAN_POINT('',(-8.388972745734,-0.9126,42.379528571429));
#9940 = LINE('',#9941,#9942);
#9941 = CARTESIAN_POINT('',(-8.388972745734,-0.895514285714,
    42.368014285714));
#9942 = VECTOR('',#9943,1.);
#9943 = DIRECTION('',(0.,-0.829266427591,0.558853462072));
#9944 = ORIENTED_EDGE('',*,*,#9945,.F.);
#9945 = EDGE_CURVE('',#2730,#9938,#9946,.T.);
#9946 = LINE('',#9947,#9948);
#9947 = CARTESIAN_POINT('',(-8.988972745734,-0.9126,42.379528571429));
#9948 = VECTOR('',#9949,1.);
#9949 = DIRECTION('',(1.,0.,0.));
#9950 = PLANE('',#9951);
#9951 = AXIS2_PLACEMENT_3D('',#9952,#9953,#9954);
#9952 = CARTESIAN_POINT('',(-8.988972745734,-0.895514285714,
    42.368014285714));
#9953 = DIRECTION('',(0.,-0.558853462072,-0.829266427591));
#9954 = DIRECTION('',(0.,-0.829266427591,0.558853462072));
#9955 = ADVANCED_FACE('',(#9956),#9974,.T.);
#9956 = FACE_BOUND('',#9957,.T.);
#9957 = EDGE_LOOP('',(#9958,#9959,#9960,#9968));
#9958 = ORIENTED_EDGE('',*,*,#2729,.T.);
#9959 = ORIENTED_EDGE('',*,*,#9945,.T.);
#9960 = ORIENTED_EDGE('',*,*,#9961,.T.);
#9961 = EDGE_CURVE('',#9938,#9962,#9964,.T.);
#9962 = VERTEX_POINT('',#9963);
#9963 = CARTESIAN_POINT('',(-8.388972745734,-0.929685714286,
    42.385285714286));
#9964 = LINE('',#9965,#9966);
#9965 = CARTESIAN_POINT('',(-8.388972745734,-0.9126,42.379528571429));
#9966 = VECTOR('',#9967,1.);
#9967 = DIRECTION('',(0.,-0.947648212829,0.319316245627));
#9968 = ORIENTED_EDGE('',*,*,#9969,.F.);
#9969 = EDGE_CURVE('',#2722,#9962,#9970,.T.);
#9970 = LINE('',#9971,#9972);
#9971 = CARTESIAN_POINT('',(-8.988972745734,-0.929685714286,
    42.385285714286));
#9972 = VECTOR('',#9973,1.);
#9973 = DIRECTION('',(1.,0.,0.));
#9974 = PLANE('',#9975);
#9975 = AXIS2_PLACEMENT_3D('',#9976,#9977,#9978);
#9976 = CARTESIAN_POINT('',(-8.988972745734,-0.9126,42.379528571429));
#9977 = DIRECTION('',(0.,-0.319316245627,-0.947648212829));
#9978 = DIRECTION('',(0.,-0.947648212829,0.319316245627));
#9979 = ADVANCED_FACE('',(#9980),#9998,.T.);
#9980 = FACE_BOUND('',#9981,.T.);
#9981 = EDGE_LOOP('',(#9982,#9983,#9984,#9992));
#9982 = ORIENTED_EDGE('',*,*,#2721,.T.);
#9983 = ORIENTED_EDGE('',*,*,#9969,.T.);
#9984 = ORIENTED_EDGE('',*,*,#9985,.T.);
#9985 = EDGE_CURVE('',#9962,#9986,#9988,.T.);
#9986 = VERTEX_POINT('',#9987);
#9987 = CARTESIAN_POINT('',(-8.388972745734,-0.946771428571,42.3968));
#9988 = LINE('',#9989,#9990);
#9989 = CARTESIAN_POINT('',(-8.388972745734,-0.929685714286,
    42.385285714286));
#9990 = VECTOR('',#9991,1.);
#9991 = DIRECTION('',(0.,-0.829266427591,0.558853462072));
#9992 = ORIENTED_EDGE('',*,*,#9993,.F.);
#9993 = EDGE_CURVE('',#2714,#9986,#9994,.T.);
#9994 = LINE('',#9995,#9996);
#9995 = CARTESIAN_POINT('',(-8.988972745734,-0.946771428571,42.3968));
#9996 = VECTOR('',#9997,1.);
#9997 = DIRECTION('',(1.,0.,0.));
#9998 = PLANE('',#9999);
#9999 = AXIS2_PLACEMENT_3D('',#10000,#10001,#10002);
#10000 = CARTESIAN_POINT('',(-8.988972745734,-0.929685714286,
    42.385285714286));
#10001 = DIRECTION('',(0.,-0.558853462072,-0.829266427591));
#10002 = DIRECTION('',(0.,-0.829266427591,0.558853462072));
#10003 = ADVANCED_FACE('',(#10004),#10029,.T.);
#10004 = FACE_BOUND('',#10005,.T.);
#10005 = EDGE_LOOP('',(#10006,#10007,#10015,#10023));
#10006 = ORIENTED_EDGE('',*,*,#2705,.T.);
#10007 = ORIENTED_EDGE('',*,*,#10008,.T.);
#10008 = EDGE_CURVE('',#2706,#10009,#10011,.T.);
#10009 = VERTEX_POINT('',#10010);
#10010 = CARTESIAN_POINT('',(-8.388972745734,-2.561371428571,42.3968));
#10011 = LINE('',#10012,#10013);
#10012 = CARTESIAN_POINT('',(-8.988972745734,-2.561371428571,42.3968));
#10013 = VECTOR('',#10014,1.);
#10014 = DIRECTION('',(1.,0.,0.));
#10015 = ORIENTED_EDGE('',*,*,#10016,.T.);
#10016 = EDGE_CURVE('',#10009,#10017,#10019,.T.);
#10017 = VERTEX_POINT('',#10018);
#10018 = CARTESIAN_POINT('',(-8.388972745734,-2.589971428571,
    42.391228571429));
#10019 = LINE('',#10020,#10021);
#10020 = CARTESIAN_POINT('',(-8.388972745734,-2.561371428571,42.3968));
#10021 = VECTOR('',#10022,1.);
#10022 = DIRECTION('',(0.,-0.981548987081,-0.191210841639));
#10023 = ORIENTED_EDGE('',*,*,#10024,.F.);
#10024 = EDGE_CURVE('',#2698,#10017,#10025,.T.);
#10025 = LINE('',#10026,#10027);
#10026 = CARTESIAN_POINT('',(-8.988972745734,-2.589971428571,
    42.391228571429));
#10027 = VECTOR('',#10028,1.);
#10028 = DIRECTION('',(1.,0.,0.));
#10029 = PLANE('',#10030);
#10030 = AXIS2_PLACEMENT_3D('',#10031,#10032,#10033);
#10031 = CARTESIAN_POINT('',(-8.988972745734,-2.561371428571,42.3968));
#10032 = DIRECTION('',(0.,0.191210841639,-0.981548987081));
#10033 = DIRECTION('',(0.,-0.981548987081,-0.191210841639));
#10034 = ADVANCED_FACE('',(#10035),#10053,.T.);
#10035 = FACE_BOUND('',#10036,.T.);
#10036 = EDGE_LOOP('',(#10037,#10038,#10039,#10047));
#10037 = ORIENTED_EDGE('',*,*,#2697,.T.);
#10038 = ORIENTED_EDGE('',*,*,#10024,.T.);
#10039 = ORIENTED_EDGE('',*,*,#10040,.T.);
#10040 = EDGE_CURVE('',#10017,#10041,#10043,.T.);
#10041 = VERTEX_POINT('',#10042);
#10042 = CARTESIAN_POINT('',(-8.388972745734,-2.624142857143,
    42.385842857143));
#10043 = LINE('',#10044,#10045);
#10044 = CARTESIAN_POINT('',(-8.388972745734,-2.589971428571,
    42.391228571429));
#10045 = VECTOR('',#10046,1.);
#10046 = DIRECTION('',(0.,-0.987806455345,-0.155686886984));
#10047 = ORIENTED_EDGE('',*,*,#10048,.F.);
#10048 = EDGE_CURVE('',#2690,#10041,#10049,.T.);
#10049 = LINE('',#10050,#10051);
#10050 = CARTESIAN_POINT('',(-8.988972745734,-2.624142857143,
    42.385842857143));
#10051 = VECTOR('',#10052,1.);
#10052 = DIRECTION('',(1.,0.,0.));
#10053 = PLANE('',#10054);
#10054 = AXIS2_PLACEMENT_3D('',#10055,#10056,#10057);
#10055 = CARTESIAN_POINT('',(-8.988972745734,-2.589971428571,
    42.391228571429));
#10056 = DIRECTION('',(0.,0.155686886984,-0.987806455345));
#10057 = DIRECTION('',(0.,-0.987806455345,-0.155686886984));
#10058 = ADVANCED_FACE('',(#10059),#10077,.T.);
#10059 = FACE_BOUND('',#10060,.T.);
#10060 = EDGE_LOOP('',(#10061,#10062,#10063,#10071));
#10061 = ORIENTED_EDGE('',*,*,#2689,.T.);
#10062 = ORIENTED_EDGE('',*,*,#10048,.T.);
#10063 = ORIENTED_EDGE('',*,*,#10064,.T.);
#10064 = EDGE_CURVE('',#10041,#10065,#10067,.T.);
#10065 = VERTEX_POINT('',#10066);
#10066 = CARTESIAN_POINT('',(-8.388972745734,-2.646985714286,
    42.369314285714));
#10067 = LINE('',#10068,#10069);
#10068 = CARTESIAN_POINT('',(-8.388972745734,-2.624142857143,
    42.385842857143));
#10069 = VECTOR('',#10070,1.);
#10070 = DIRECTION('',(0.,-0.810157853985,-0.586211780526));
#10071 = ORIENTED_EDGE('',*,*,#10072,.F.);
#10072 = EDGE_CURVE('',#2682,#10065,#10073,.T.);
#10073 = LINE('',#10074,#10075);
#10074 = CARTESIAN_POINT('',(-8.988972745734,-2.646985714286,
    42.369314285714));
#10075 = VECTOR('',#10076,1.);
#10076 = DIRECTION('',(1.,0.,0.));
#10077 = PLANE('',#10078);
#10078 = AXIS2_PLACEMENT_3D('',#10079,#10080,#10081);
#10079 = CARTESIAN_POINT('',(-8.988972745734,-2.624142857143,
    42.385842857143));
#10080 = DIRECTION('',(0.,0.586211780526,-0.810157853985));
#10081 = DIRECTION('',(0.,-0.810157853985,-0.586211780526));
#10082 = ADVANCED_FACE('',(#10083),#10101,.T.);
#10083 = FACE_BOUND('',#10084,.T.);
#10084 = EDGE_LOOP('',(#10085,#10086,#10087,#10095));
#10085 = ORIENTED_EDGE('',*,*,#2681,.T.);
#10086 = ORIENTED_EDGE('',*,*,#10072,.T.);
#10087 = ORIENTED_EDGE('',*,*,#10088,.T.);
#10088 = EDGE_CURVE('',#10065,#10089,#10091,.T.);
#10089 = VERTEX_POINT('',#10090);
#10090 = CARTESIAN_POINT('',(-8.388972745734,-2.6754,42.342014285714));
#10091 = LINE('',#10092,#10093);
#10092 = CARTESIAN_POINT('',(-8.388972745734,-2.646985714286,
    42.369314285714));
#10093 = VECTOR('',#10094,1.);
#10094 = DIRECTION('',(0.,-0.721104710287,-0.692826094198));
#10095 = ORIENTED_EDGE('',*,*,#10096,.F.);
#10096 = EDGE_CURVE('',#2674,#10089,#10097,.T.);
#10097 = LINE('',#10098,#10099);
#10098 = CARTESIAN_POINT('',(-8.988972745734,-2.6754,42.342014285714));
#10099 = VECTOR('',#10100,1.);
#10100 = DIRECTION('',(1.,0.,0.));
#10101 = PLANE('',#10102);
#10102 = AXIS2_PLACEMENT_3D('',#10103,#10104,#10105);
#10103 = CARTESIAN_POINT('',(-8.988972745734,-2.646985714286,
    42.369314285714));
#10104 = DIRECTION('',(0.,0.692826094198,-0.721104710287));
#10105 = DIRECTION('',(0.,-0.721104710287,-0.692826094198));
#10106 = ADVANCED_FACE('',(#10107),#10125,.T.);
#10107 = FACE_BOUND('',#10108,.T.);
#10108 = EDGE_LOOP('',(#10109,#10110,#10111,#10119));
#10109 = ORIENTED_EDGE('',*,*,#2673,.T.);
#10110 = ORIENTED_EDGE('',*,*,#10096,.T.);
#10111 = ORIENTED_EDGE('',*,*,#10112,.T.);
#10112 = EDGE_CURVE('',#10089,#10113,#10115,.T.);
#10113 = VERTEX_POINT('',#10114);
#10114 = CARTESIAN_POINT('',(-8.388972745734,-2.692671428571,
    42.314528571429));
#10115 = LINE('',#10116,#10117);
#10116 = CARTESIAN_POINT('',(-8.388972745734,-2.6754,42.342014285714));
#10117 = VECTOR('',#10118,1.);
#10118 = DIRECTION('',(0.,-0.532054374811,-0.846710187871));
#10119 = ORIENTED_EDGE('',*,*,#10120,.F.);
#10120 = EDGE_CURVE('',#2666,#10113,#10121,.T.);
#10121 = LINE('',#10122,#10123);
#10122 = CARTESIAN_POINT('',(-8.988972745734,-2.692671428571,
    42.314528571429));
#10123 = VECTOR('',#10124,1.);
#10124 = DIRECTION('',(1.,0.,0.));
#10125 = PLANE('',#10126);
#10126 = AXIS2_PLACEMENT_3D('',#10127,#10128,#10129);
#10127 = CARTESIAN_POINT('',(-8.988972745734,-2.6754,42.342014285714));
#10128 = DIRECTION('',(0.,0.846710187871,-0.532054374811));
#10129 = DIRECTION('',(0.,-0.532054374811,-0.846710187871));
#10130 = ADVANCED_FACE('',(#10131),#10149,.T.);
#10131 = FACE_BOUND('',#10132,.T.);
#10132 = EDGE_LOOP('',(#10133,#10134,#10135,#10143));
#10133 = ORIENTED_EDGE('',*,*,#2665,.T.);
#10134 = ORIENTED_EDGE('',*,*,#10120,.T.);
#10135 = ORIENTED_EDGE('',*,*,#10136,.T.);
#10136 = EDGE_CURVE('',#10113,#10137,#10139,.T.);
#10137 = VERTEX_POINT('',#10138);
#10138 = CARTESIAN_POINT('',(-8.388972745734,-2.704,42.287228571429));
#10139 = LINE('',#10140,#10141);
#10140 = CARTESIAN_POINT('',(-8.388972745734,-2.692671428571,
    42.314528571429));
#10141 = VECTOR('',#10142,1.);
#10142 = DIRECTION('',(0.,-0.383276542478,-0.923633635153));
#10143 = ORIENTED_EDGE('',*,*,#10144,.F.);
#10144 = EDGE_CURVE('',#2658,#10137,#10145,.T.);
#10145 = LINE('',#10146,#10147);
#10146 = CARTESIAN_POINT('',(-8.988972745734,-2.704,42.287228571429));
#10147 = VECTOR('',#10148,1.);
#10148 = DIRECTION('',(1.,0.,0.));
#10149 = PLANE('',#10150);
#10150 = AXIS2_PLACEMENT_3D('',#10151,#10152,#10153);
#10151 = CARTESIAN_POINT('',(-8.988972745734,-2.692671428571,
    42.314528571429));
#10152 = DIRECTION('',(0.,0.923633635153,-0.383276542478));
#10153 = DIRECTION('',(0.,-0.383276542478,-0.923633635153));
#10154 = ADVANCED_FACE('',(#10155),#10180,.T.);
#10155 = FACE_BOUND('',#10156,.T.);
#10156 = EDGE_LOOP('',(#10157,#10158,#10166,#10174));
#10157 = ORIENTED_EDGE('',*,*,#2649,.T.);
#10158 = ORIENTED_EDGE('',*,*,#10159,.T.);
#10159 = EDGE_CURVE('',#2650,#10160,#10162,.T.);
#10160 = VERTEX_POINT('',#10161);
#10161 = CARTESIAN_POINT('',(-8.388972745734,-2.704,41.946257142857));
#10162 = LINE('',#10163,#10164);
#10163 = CARTESIAN_POINT('',(-8.988972745734,-2.704,41.946257142857));
#10164 = VECTOR('',#10165,1.);
#10165 = DIRECTION('',(1.,0.,0.));
#10166 = ORIENTED_EDGE('',*,*,#10167,.T.);
#10167 = EDGE_CURVE('',#10160,#10168,#10170,.T.);
#10168 = VERTEX_POINT('',#10169);
#10169 = CARTESIAN_POINT('',(-8.388972745734,-2.698242857143,
    41.928428571429));
#10170 = LINE('',#10171,#10172);
#10171 = CARTESIAN_POINT('',(-8.388972745734,-2.704,41.946257142857));
#10172 = VECTOR('',#10173,1.);
#10173 = DIRECTION('',(-0.,0.307292390957,-0.951615146191));
#10174 = ORIENTED_EDGE('',*,*,#10175,.F.);
#10175 = EDGE_CURVE('',#2642,#10168,#10176,.T.);
#10176 = LINE('',#10177,#10178);
#10177 = CARTESIAN_POINT('',(-8.988972745734,-2.698242857143,
    41.928428571429));
#10178 = VECTOR('',#10179,1.);
#10179 = DIRECTION('',(1.,0.,0.));
#10180 = PLANE('',#10181);
#10181 = AXIS2_PLACEMENT_3D('',#10182,#10183,#10184);
#10182 = CARTESIAN_POINT('',(-8.988972745734,-2.704,41.946257142857));
#10183 = DIRECTION('',(-0.,0.951615146191,0.307292390957));
#10184 = DIRECTION('',(0.,0.307292390957,-0.951615146191));
#10185 = ADVANCED_FACE('',(#10186),#10204,.T.);
#10186 = FACE_BOUND('',#10187,.T.);
#10187 = EDGE_LOOP('',(#10188,#10189,#10190,#10198));
#10188 = ORIENTED_EDGE('',*,*,#2641,.T.);
#10189 = ORIENTED_EDGE('',*,*,#10175,.T.);
#10190 = ORIENTED_EDGE('',*,*,#10191,.T.);
#10191 = EDGE_CURVE('',#10168,#10192,#10194,.T.);
#10192 = VERTEX_POINT('',#10193);
#10193 = CARTESIAN_POINT('',(-8.388972745734,-2.692671428571,
    41.910414285714));
#10194 = LINE('',#10195,#10196);
#10195 = CARTESIAN_POINT('',(-8.388972745734,-2.698242857143,
    41.928428571429));
#10196 = VECTOR('',#10197,1.);
#10197 = DIRECTION('',(-0.,0.295469722922,-0.955352104115));
#10198 = ORIENTED_EDGE('',*,*,#10199,.F.);
#10199 = EDGE_CURVE('',#2634,#10192,#10200,.T.);
#10200 = LINE('',#10201,#10202);
#10201 = CARTESIAN_POINT('',(-8.988972745734,-2.692671428571,
    41.910414285714));
#10202 = VECTOR('',#10203,1.);
#10203 = DIRECTION('',(1.,0.,0.));
#10204 = PLANE('',#10205);
#10205 = AXIS2_PLACEMENT_3D('',#10206,#10207,#10208);
#10206 = CARTESIAN_POINT('',(-8.988972745734,-2.698242857143,
    41.928428571429));
#10207 = DIRECTION('',(-0.,0.955352104115,0.295469722922));
#10208 = DIRECTION('',(0.,0.295469722922,-0.955352104115));
#10209 = ADVANCED_FACE('',(#10210),#10228,.T.);
#10210 = FACE_BOUND('',#10211,.T.);
#10211 = EDGE_LOOP('',(#10212,#10213,#10214,#10222));
#10212 = ORIENTED_EDGE('',*,*,#2633,.T.);
#10213 = ORIENTED_EDGE('',*,*,#10199,.T.);
#10214 = ORIENTED_EDGE('',*,*,#10215,.T.);
#10215 = EDGE_CURVE('',#10192,#10216,#10218,.T.);
#10216 = VERTEX_POINT('',#10217);
#10217 = CARTESIAN_POINT('',(-8.388972745734,-2.681157142857,41.8924));
#10218 = LINE('',#10219,#10220);
#10219 = CARTESIAN_POINT('',(-8.388972745734,-2.692671428571,
    41.910414285714));
#10220 = VECTOR('',#10221,1.);
#10221 = DIRECTION('',(-0.,0.538560615351,-0.842586769178));
#10222 = ORIENTED_EDGE('',*,*,#10223,.F.);
#10223 = EDGE_CURVE('',#2626,#10216,#10224,.T.);
#10224 = LINE('',#10225,#10226);
#10225 = CARTESIAN_POINT('',(-8.988972745734,-2.681157142857,41.8924));
#10226 = VECTOR('',#10227,1.);
#10227 = DIRECTION('',(1.,0.,0.));
#10228 = PLANE('',#10229);
#10229 = AXIS2_PLACEMENT_3D('',#10230,#10231,#10232);
#10230 = CARTESIAN_POINT('',(-8.988972745734,-2.692671428571,
    41.910414285714));
#10231 = DIRECTION('',(-0.,0.842586769178,0.538560615351));
#10232 = DIRECTION('',(0.,0.538560615351,-0.842586769178));
#10233 = ADVANCED_FACE('',(#10234),#10252,.T.);
#10234 = FACE_BOUND('',#10235,.T.);
#10235 = EDGE_LOOP('',(#10236,#10237,#10238,#10246));
#10236 = ORIENTED_EDGE('',*,*,#2625,.T.);
#10237 = ORIENTED_EDGE('',*,*,#10223,.T.);
#10238 = ORIENTED_EDGE('',*,*,#10239,.T.);
#10239 = EDGE_CURVE('',#10216,#10240,#10242,.T.);
#10240 = VERTEX_POINT('',#10241);
#10241 = CARTESIAN_POINT('',(-8.388972745734,-2.669828571429,41.8742));
#10242 = LINE('',#10243,#10244);
#10243 = CARTESIAN_POINT('',(-8.388972745734,-2.681157142857,41.8924));
#10244 = VECTOR('',#10245,1.);
#10245 = DIRECTION('',(-0.,0.528440659826,-0.848970240375));
#10246 = ORIENTED_EDGE('',*,*,#10247,.F.);
#10247 = EDGE_CURVE('',#2618,#10240,#10248,.T.);
#10248 = LINE('',#10249,#10250);
#10249 = CARTESIAN_POINT('',(-8.988972745734,-2.669828571429,41.8742));
#10250 = VECTOR('',#10251,1.);
#10251 = DIRECTION('',(1.,0.,0.));
#10252 = PLANE('',#10253);
#10253 = AXIS2_PLACEMENT_3D('',#10254,#10255,#10256);
#10254 = CARTESIAN_POINT('',(-8.988972745734,-2.681157142857,41.8924));
#10255 = DIRECTION('',(-0.,0.848970240375,0.528440659826));
#10256 = DIRECTION('',(0.,0.528440659826,-0.848970240375));
#10257 = ADVANCED_FACE('',(#10258),#10276,.T.);
#10258 = FACE_BOUND('',#10259,.T.);
#10259 = EDGE_LOOP('',(#10260,#10261,#10262,#10270));
#10260 = ORIENTED_EDGE('',*,*,#2617,.T.);
#10261 = ORIENTED_EDGE('',*,*,#10247,.T.);
#10262 = ORIENTED_EDGE('',*,*,#10263,.T.);
#10263 = EDGE_CURVE('',#10240,#10264,#10266,.T.);
#10264 = VERTEX_POINT('',#10265);
#10265 = CARTESIAN_POINT('',(-8.388972745734,-2.658314285714,
    41.856185714286));
#10266 = LINE('',#10267,#10268);
#10267 = CARTESIAN_POINT('',(-8.388972745734,-2.669828571429,41.8742));
#10268 = VECTOR('',#10269,1.);
#10269 = DIRECTION('',(-0.,0.538560615351,-0.842586769178));
#10270 = ORIENTED_EDGE('',*,*,#10271,.F.);
#10271 = EDGE_CURVE('',#2610,#10264,#10272,.T.);
#10272 = LINE('',#10273,#10274);
#10273 = CARTESIAN_POINT('',(-8.988972745734,-2.658314285714,
    41.856185714286));
#10274 = VECTOR('',#10275,1.);
#10275 = DIRECTION('',(1.,0.,0.));
#10276 = PLANE('',#10277);
#10277 = AXIS2_PLACEMENT_3D('',#10278,#10279,#10280);
#10278 = CARTESIAN_POINT('',(-8.988972745734,-2.669828571429,41.8742));
#10279 = DIRECTION('',(-0.,0.842586769178,0.538560615351));
#10280 = DIRECTION('',(0.,0.538560615351,-0.842586769178));
#10281 = ADVANCED_FACE('',(#10282),#10300,.T.);
#10282 = FACE_BOUND('',#10283,.T.);
#10283 = EDGE_LOOP('',(#10284,#10285,#10286,#10294));
#10284 = ORIENTED_EDGE('',*,*,#2609,.T.);
#10285 = ORIENTED_EDGE('',*,*,#10271,.T.);
#10286 = ORIENTED_EDGE('',*,*,#10287,.T.);
#10287 = EDGE_CURVE('',#10264,#10288,#10290,.T.);
#10288 = VERTEX_POINT('',#10289);
#10289 = CARTESIAN_POINT('',(-8.388972745734,-2.641228571429,41.8443));
#10290 = LINE('',#10291,#10292);
#10291 = CARTESIAN_POINT('',(-8.388972745734,-2.658314285714,
    41.856185714286));
#10292 = VECTOR('',#10293,1.);
#10293 = DIRECTION('',(-0.,0.820905201785,-0.571064488199));
#10294 = ORIENTED_EDGE('',*,*,#10295,.F.);
#10295 = EDGE_CURVE('',#2602,#10288,#10296,.T.);
#10296 = LINE('',#10297,#10298);
#10297 = CARTESIAN_POINT('',(-8.988972745734,-2.641228571429,41.8443));
#10298 = VECTOR('',#10299,1.);
#10299 = DIRECTION('',(1.,0.,0.));
#10300 = PLANE('',#10301);
#10301 = AXIS2_PLACEMENT_3D('',#10302,#10303,#10304);
#10302 = CARTESIAN_POINT('',(-8.988972745734,-2.658314285714,
    41.856185714286));
#10303 = DIRECTION('',(-0.,0.571064488199,0.820905201785));
#10304 = DIRECTION('',(0.,0.820905201785,-0.571064488199));
#10305 = ADVANCED_FACE('',(#10306),#10324,.T.);
#10306 = FACE_BOUND('',#10307,.T.);
#10307 = EDGE_LOOP('',(#10308,#10309,#10310,#10318));
#10308 = ORIENTED_EDGE('',*,*,#2601,.T.);
#10309 = ORIENTED_EDGE('',*,*,#10295,.T.);
#10310 = ORIENTED_EDGE('',*,*,#10311,.T.);
#10311 = EDGE_CURVE('',#10288,#10312,#10314,.T.);
#10312 = VERTEX_POINT('',#10313);
#10313 = CARTESIAN_POINT('',(-8.388972745734,-2.624142857143,
    41.832228571429));
#10314 = LINE('',#10315,#10316);
#10315 = CARTESIAN_POINT('',(-8.388972745734,-2.641228571429,41.8443));
#10316 = VECTOR('',#10317,1.);
#10317 = DIRECTION('',(-0.,0.816721763686,-0.577031680865));
#10318 = ORIENTED_EDGE('',*,*,#10319,.F.);
#10319 = EDGE_CURVE('',#2594,#10312,#10320,.T.);
#10320 = LINE('',#10321,#10322);
#10321 = CARTESIAN_POINT('',(-8.988972745734,-2.624142857143,
    41.832228571429));
#10322 = VECTOR('',#10323,1.);
#10323 = DIRECTION('',(1.,0.,0.));
#10324 = PLANE('',#10325);
#10325 = AXIS2_PLACEMENT_3D('',#10326,#10327,#10328);
#10326 = CARTESIAN_POINT('',(-8.988972745734,-2.641228571429,41.8443));
#10327 = DIRECTION('',(-0.,0.577031680865,0.816721763686));
#10328 = DIRECTION('',(0.,0.816721763686,-0.577031680865));
#10329 = ADVANCED_FACE('',(#10330),#10348,.T.);
#10330 = FACE_BOUND('',#10331,.T.);
#10331 = EDGE_LOOP('',(#10332,#10333,#10334,#10342));
#10332 = ORIENTED_EDGE('',*,*,#2593,.T.);
#10333 = ORIENTED_EDGE('',*,*,#10319,.T.);
#10334 = ORIENTED_EDGE('',*,*,#10335,.T.);
#10335 = EDGE_CURVE('',#10312,#10336,#10338,.T.);
#10336 = VERTEX_POINT('',#10337);
#10337 = CARTESIAN_POINT('',(-8.388972745734,-2.589971428571,
    41.826285714286));
#10338 = LINE('',#10339,#10340);
#10339 = CARTESIAN_POINT('',(-8.388972745734,-2.624142857143,
    41.832228571429));
#10340 = VECTOR('',#10341,1.);
#10341 = DIRECTION('',(-0.,0.98521175482,-0.171341174751));
#10342 = ORIENTED_EDGE('',*,*,#10343,.F.);
#10343 = EDGE_CURVE('',#2586,#10336,#10344,.T.);
#10344 = LINE('',#10345,#10346);
#10345 = CARTESIAN_POINT('',(-8.988972745734,-2.589971428571,
    41.826285714286));
#10346 = VECTOR('',#10347,1.);
#10347 = DIRECTION('',(1.,0.,0.));
#10348 = PLANE('',#10349);
#10349 = AXIS2_PLACEMENT_3D('',#10350,#10351,#10352);
#10350 = CARTESIAN_POINT('',(-8.988972745734,-2.624142857143,
    41.832228571429));
#10351 = DIRECTION('',(-0.,0.171341174751,0.98521175482));
#10352 = DIRECTION('',(0.,0.98521175482,-0.171341174751));
#10353 = ADVANCED_FACE('',(#10354),#10379,.T.);
#10354 = FACE_BOUND('',#10355,.T.);
#10355 = EDGE_LOOP('',(#10356,#10357,#10365,#10373));
#10356 = ORIENTED_EDGE('',*,*,#2577,.T.);
#10357 = ORIENTED_EDGE('',*,*,#10358,.T.);
#10358 = EDGE_CURVE('',#2578,#10359,#10361,.T.);
#10359 = VERTEX_POINT('',#10360);
#10360 = CARTESIAN_POINT('',(-8.388972745734,-1.420342857143,
    41.826285714286));
#10361 = LINE('',#10362,#10363);
#10362 = CARTESIAN_POINT('',(-8.988972745734,-1.420342857143,
    41.826285714286));
#10363 = VECTOR('',#10364,1.);
#10364 = DIRECTION('',(1.,0.,0.));
#10365 = ORIENTED_EDGE('',*,*,#10366,.T.);
#10366 = EDGE_CURVE('',#10359,#10367,#10369,.T.);
#10367 = VERTEX_POINT('',#10368);
#10368 = CARTESIAN_POINT('',(-8.388972745734,-1.420342857143,
    40.685257142857));
#10369 = LINE('',#10370,#10371);
#10370 = CARTESIAN_POINT('',(-8.388972745734,-1.420342857143,
    41.826285714286));
#10371 = VECTOR('',#10372,1.);
#10372 = DIRECTION('',(0.,0.,-1.));
#10373 = ORIENTED_EDGE('',*,*,#10374,.F.);
#10374 = EDGE_CURVE('',#2570,#10367,#10375,.T.);
#10375 = LINE('',#10376,#10377);
#10376 = CARTESIAN_POINT('',(-8.988972745734,-1.420342857143,
    40.685257142857));
#10377 = VECTOR('',#10378,1.);
#10378 = DIRECTION('',(1.,0.,0.));
#10379 = PLANE('',#10380);
#10380 = AXIS2_PLACEMENT_3D('',#10381,#10382,#10383);
#10381 = CARTESIAN_POINT('',(-8.988972745734,-1.420342857143,
    41.826285714286));
#10382 = DIRECTION('',(-0.,1.,0.));
#10383 = DIRECTION('',(0.,0.,-1.));
#10384 = ADVANCED_FACE('',(#10385),#10403,.T.);
#10385 = FACE_BOUND('',#10386,.T.);
#10386 = EDGE_LOOP('',(#10387,#10388,#10389,#10397));
#10387 = ORIENTED_EDGE('',*,*,#2569,.T.);
#10388 = ORIENTED_EDGE('',*,*,#10374,.T.);
#10389 = ORIENTED_EDGE('',*,*,#10390,.T.);
#10390 = EDGE_CURVE('',#10367,#10391,#10393,.T.);
#10391 = VERTEX_POINT('',#10392);
#10392 = CARTESIAN_POINT('',(-8.388972745734,-2.281871428571,
    40.685257142857));
#10393 = LINE('',#10394,#10395);
#10394 = CARTESIAN_POINT('',(-8.388972745734,-1.420342857143,
    40.685257142857));
#10395 = VECTOR('',#10396,1.);
#10396 = DIRECTION('',(0.,-1.,0.));
#10397 = ORIENTED_EDGE('',*,*,#10398,.F.);
#10398 = EDGE_CURVE('',#2562,#10391,#10399,.T.);
#10399 = LINE('',#10400,#10401);
#10400 = CARTESIAN_POINT('',(-8.988972745734,-2.281871428571,
    40.685257142857));
#10401 = VECTOR('',#10402,1.);
#10402 = DIRECTION('',(1.,0.,0.));
#10403 = PLANE('',#10404);
#10404 = AXIS2_PLACEMENT_3D('',#10405,#10406,#10407);
#10405 = CARTESIAN_POINT('',(-8.988972745734,-1.420342857143,
    40.685257142857));
#10406 = DIRECTION('',(0.,0.,-1.));
#10407 = DIRECTION('',(0.,-1.,0.));
#10408 = ADVANCED_FACE('',(#10409),#10427,.T.);
#10409 = FACE_BOUND('',#10410,.T.);
#10410 = EDGE_LOOP('',(#10411,#10412,#10413,#10421));
#10411 = ORIENTED_EDGE('',*,*,#2561,.T.);
#10412 = ORIENTED_EDGE('',*,*,#10398,.T.);
#10413 = ORIENTED_EDGE('',*,*,#10414,.T.);
#10414 = EDGE_CURVE('',#10391,#10415,#10417,.T.);
#10415 = VERTEX_POINT('',#10416);
#10416 = CARTESIAN_POINT('',(-8.388972745734,-2.304714285714,40.6795));
#10417 = LINE('',#10418,#10419);
#10418 = CARTESIAN_POINT('',(-8.388972745734,-2.281871428571,
    40.685257142857));
#10419 = VECTOR('',#10420,1.);
#10420 = DIRECTION('',(0.,-0.969676988372,-0.244390135281));
#10421 = ORIENTED_EDGE('',*,*,#10422,.F.);
#10422 = EDGE_CURVE('',#2554,#10415,#10423,.T.);
#10423 = LINE('',#10424,#10425);
#10424 = CARTESIAN_POINT('',(-8.988972745734,-2.304714285714,40.6795));
#10425 = VECTOR('',#10426,1.);
#10426 = DIRECTION('',(1.,0.,0.));
#10427 = PLANE('',#10428);
#10428 = AXIS2_PLACEMENT_3D('',#10429,#10430,#10431);
#10429 = CARTESIAN_POINT('',(-8.988972745734,-2.281871428571,
    40.685257142857));
#10430 = DIRECTION('',(0.,0.244390135281,-0.969676988372));
#10431 = DIRECTION('',(0.,-0.969676988372,-0.244390135281));
#10432 = ADVANCED_FACE('',(#10433),#10451,.T.);
#10433 = FACE_BOUND('',#10434,.T.);
#10434 = EDGE_LOOP('',(#10435,#10436,#10437,#10445));
#10435 = ORIENTED_EDGE('',*,*,#2553,.T.);
#10436 = ORIENTED_EDGE('',*,*,#10422,.T.);
#10437 = ORIENTED_EDGE('',*,*,#10438,.T.);
#10438 = EDGE_CURVE('',#10415,#10439,#10441,.T.);
#10439 = VERTEX_POINT('',#10440);
#10440 = CARTESIAN_POINT('',(-8.388972745734,-2.333128571429,
    40.673928571429));
#10441 = LINE('',#10442,#10443);
#10442 = CARTESIAN_POINT('',(-8.388972745734,-2.304714285714,40.6795));
#10443 = VECTOR('',#10444,1.);
#10444 = DIRECTION('',(0.,-0.981313749677,-0.192414460721));
#10445 = ORIENTED_EDGE('',*,*,#10446,.F.);
#10446 = EDGE_CURVE('',#2546,#10439,#10447,.T.);
#10447 = LINE('',#10448,#10449);
#10448 = CARTESIAN_POINT('',(-8.988972745734,-2.333128571429,
    40.673928571429));
#10449 = VECTOR('',#10450,1.);
#10450 = DIRECTION('',(1.,0.,0.));
#10451 = PLANE('',#10452);
#10452 = AXIS2_PLACEMENT_3D('',#10453,#10454,#10455);
#10453 = CARTESIAN_POINT('',(-8.988972745734,-2.304714285714,40.6795));
#10454 = DIRECTION('',(0.,0.192414460721,-0.981313749677));
#10455 = DIRECTION('',(0.,-0.981313749677,-0.192414460721));
#10456 = ADVANCED_FACE('',(#10457),#10475,.T.);
#10457 = FACE_BOUND('',#10458,.T.);
#10458 = EDGE_LOOP('',(#10459,#10460,#10461,#10469));
#10459 = ORIENTED_EDGE('',*,*,#2545,.T.);
#10460 = ORIENTED_EDGE('',*,*,#10446,.T.);
#10461 = ORIENTED_EDGE('',*,*,#10462,.T.);
#10462 = EDGE_CURVE('',#10439,#10463,#10465,.T.);
#10463 = VERTEX_POINT('',#10464);
#10464 = CARTESIAN_POINT('',(-8.388972745734,-2.361728571429,
    40.656657142857));
#10465 = LINE('',#10466,#10467);
#10466 = CARTESIAN_POINT('',(-8.388972745734,-2.333128571429,
    40.673928571429));
#10467 = VECTOR('',#10468,1.);
#10468 = DIRECTION('',(0.,-0.856018035908,-0.51694595675));
#10469 = ORIENTED_EDGE('',*,*,#10470,.F.);
#10470 = EDGE_CURVE('',#2538,#10463,#10471,.T.);
#10471 = LINE('',#10472,#10473);
#10472 = CARTESIAN_POINT('',(-8.988972745734,-2.361728571429,
    40.656657142857));
#10473 = VECTOR('',#10474,1.);
#10474 = DIRECTION('',(1.,0.,0.));
#10475 = PLANE('',#10476);
#10476 = AXIS2_PLACEMENT_3D('',#10477,#10478,#10479);
#10477 = CARTESIAN_POINT('',(-8.988972745734,-2.333128571429,
    40.673928571429));
#10478 = DIRECTION('',(0.,0.51694595675,-0.856018035908));
#10479 = DIRECTION('',(0.,-0.856018035908,-0.51694595675));
#10480 = ADVANCED_FACE('',(#10481),#10499,.T.);
#10481 = FACE_BOUND('',#10482,.T.);
#10482 = EDGE_LOOP('',(#10483,#10484,#10485,#10493));
#10483 = ORIENTED_EDGE('',*,*,#2537,.T.);
#10484 = ORIENTED_EDGE('',*,*,#10470,.T.);
#10485 = ORIENTED_EDGE('',*,*,#10486,.T.);
#10486 = EDGE_CURVE('',#10463,#10487,#10489,.T.);
#10487 = VERTEX_POINT('',#10488);
#10488 = CARTESIAN_POINT('',(-8.388972745734,-2.384571428571,40.634));
#10489 = LINE('',#10490,#10491);
#10490 = CARTESIAN_POINT('',(-8.388972745734,-2.361728571429,
    40.656657142857));
#10491 = VECTOR('',#10492,1.);
#10492 = DIRECTION('',(0.,-0.709987017244,-0.704214765071));
#10493 = ORIENTED_EDGE('',*,*,#10494,.F.);
#10494 = EDGE_CURVE('',#2530,#10487,#10495,.T.);
#10495 = LINE('',#10496,#10497);
#10496 = CARTESIAN_POINT('',(-8.988972745734,-2.384571428571,40.634));
#10497 = VECTOR('',#10498,1.);
#10498 = DIRECTION('',(1.,0.,0.));
#10499 = PLANE('',#10500);
#10500 = AXIS2_PLACEMENT_3D('',#10501,#10502,#10503);
#10501 = CARTESIAN_POINT('',(-8.988972745734,-2.361728571429,
    40.656657142857));
#10502 = DIRECTION('',(0.,0.704214765071,-0.709987017244));
#10503 = DIRECTION('',(0.,-0.709987017244,-0.704214765071));
#10504 = ADVANCED_FACE('',(#10505),#10523,.T.);
#10505 = FACE_BOUND('',#10506,.T.);
#10506 = EDGE_LOOP('',(#10507,#10508,#10509,#10517));
#10507 = ORIENTED_EDGE('',*,*,#2529,.T.);
#10508 = ORIENTED_EDGE('',*,*,#10494,.T.);
#10509 = ORIENTED_EDGE('',*,*,#10510,.T.);
#10510 = EDGE_CURVE('',#10487,#10511,#10513,.T.);
#10511 = VERTEX_POINT('',#10512);
#10512 = CARTESIAN_POINT('',(-8.388972745734,-2.407414285714,40.6054));
#10513 = LINE('',#10514,#10515);
#10514 = CARTESIAN_POINT('',(-8.388972745734,-2.384571428571,40.634));
#10515 = VECTOR('',#10516,1.);
#10516 = DIRECTION('',(0.,-0.62407609663,-0.781363568139));
#10517 = ORIENTED_EDGE('',*,*,#10518,.F.);
#10518 = EDGE_CURVE('',#2522,#10511,#10519,.T.);
#10519 = LINE('',#10520,#10521);
#10520 = CARTESIAN_POINT('',(-8.988972745734,-2.407414285714,40.6054));
#10521 = VECTOR('',#10522,1.);
#10522 = DIRECTION('',(1.,0.,0.));
#10523 = PLANE('',#10524);
#10524 = AXIS2_PLACEMENT_3D('',#10525,#10526,#10527);
#10525 = CARTESIAN_POINT('',(-8.988972745734,-2.384571428571,40.634));
#10526 = DIRECTION('',(0.,0.781363568139,-0.62407609663));
#10527 = DIRECTION('',(0.,-0.62407609663,-0.781363568139));
#10528 = ADVANCED_FACE('',(#10529),#10547,.T.);
#10529 = FACE_BOUND('',#10530,.T.);
#10530 = EDGE_LOOP('',(#10531,#10532,#10533,#10541));
#10531 = ORIENTED_EDGE('',*,*,#2521,.T.);
#10532 = ORIENTED_EDGE('',*,*,#10518,.T.);
#10533 = ORIENTED_EDGE('',*,*,#10534,.T.);
#10534 = EDGE_CURVE('',#10511,#10535,#10537,.T.);
#10535 = VERTEX_POINT('',#10536);
#10536 = CARTESIAN_POINT('',(-8.388972745734,-2.418742857143,
    40.571228571429));
#10537 = LINE('',#10538,#10539);
#10538 = CARTESIAN_POINT('',(-8.388972745734,-2.407414285714,40.6054));
#10539 = VECTOR('',#10540,1.);
#10540 = DIRECTION('',(0.,-0.314679739965,-0.949197904157));
#10541 = ORIENTED_EDGE('',*,*,#10542,.F.);
#10542 = EDGE_CURVE('',#2514,#10535,#10543,.T.);
#10543 = LINE('',#10544,#10545);
#10544 = CARTESIAN_POINT('',(-8.988972745734,-2.418742857143,
    40.571228571429));
#10545 = VECTOR('',#10546,1.);
#10546 = DIRECTION('',(1.,0.,0.));
#10547 = PLANE('',#10548);
#10548 = AXIS2_PLACEMENT_3D('',#10549,#10550,#10551);
#10549 = CARTESIAN_POINT('',(-8.988972745734,-2.407414285714,40.6054));
#10550 = DIRECTION('',(0.,0.949197904157,-0.314679739965));
#10551 = DIRECTION('',(0.,-0.314679739965,-0.949197904157));
#10552 = ADVANCED_FACE('',(#10553),#10578,.T.);
#10553 = FACE_BOUND('',#10554,.T.);
#10554 = EDGE_LOOP('',(#10555,#10556,#10564,#10572));
#10555 = ORIENTED_EDGE('',*,*,#2505,.T.);
#10556 = ORIENTED_EDGE('',*,*,#10557,.T.);
#10557 = EDGE_CURVE('',#2506,#10558,#10560,.T.);
#10558 = VERTEX_POINT('',#10559);
#10559 = CARTESIAN_POINT('',(-8.388972745734,-2.418742857143,40.2336));
#10560 = LINE('',#10561,#10562);
#10561 = CARTESIAN_POINT('',(-8.988972745734,-2.418742857143,40.2336));
#10562 = VECTOR('',#10563,1.);
#10563 = DIRECTION('',(1.,0.,0.));
#10564 = ORIENTED_EDGE('',*,*,#10565,.T.);
#10565 = EDGE_CURVE('',#10558,#10566,#10568,.T.);
#10566 = VERTEX_POINT('',#10567);
#10567 = CARTESIAN_POINT('',(-8.388972745734,-2.412985714286,
    40.209828571429));
#10568 = LINE('',#10569,#10570);
#10569 = CARTESIAN_POINT('',(-8.388972745734,-2.418742857143,40.2336));
#10570 = VECTOR('',#10571,1.);
#10571 = DIRECTION('',(-0.,0.23538270084,-0.971902764759));
#10572 = ORIENTED_EDGE('',*,*,#10573,.F.);
#10573 = EDGE_CURVE('',#2498,#10566,#10574,.T.);
#10574 = LINE('',#10575,#10576);
#10575 = CARTESIAN_POINT('',(-8.988972745734,-2.412985714286,
    40.209828571429));
#10576 = VECTOR('',#10577,1.);
#10577 = DIRECTION('',(1.,0.,0.));
#10578 = PLANE('',#10579);
#10579 = AXIS2_PLACEMENT_3D('',#10580,#10581,#10582);
#10580 = CARTESIAN_POINT('',(-8.988972745734,-2.418742857143,40.2336));
#10581 = DIRECTION('',(-0.,0.971902764759,0.23538270084));
#10582 = DIRECTION('',(0.,0.23538270084,-0.971902764759));
#10583 = ADVANCED_FACE('',(#10584),#10602,.T.);
#10584 = FACE_BOUND('',#10585,.T.);
#10585 = EDGE_LOOP('',(#10586,#10587,#10588,#10596));
#10586 = ORIENTED_EDGE('',*,*,#2497,.T.);
#10587 = ORIENTED_EDGE('',*,*,#10573,.T.);
#10588 = ORIENTED_EDGE('',*,*,#10589,.T.);
#10589 = EDGE_CURVE('',#10566,#10590,#10592,.T.);
#10590 = VERTEX_POINT('',#10591);
#10591 = CARTESIAN_POINT('',(-8.388972745734,-2.401657142857,
    40.185871428571));
#10592 = LINE('',#10593,#10594);
#10593 = CARTESIAN_POINT('',(-8.388972745734,-2.412985714286,
    40.209828571429));
#10594 = VECTOR('',#10595,1.);
#10595 = DIRECTION('',(-0.,0.42748375785,-0.904023028896));
#10596 = ORIENTED_EDGE('',*,*,#10597,.F.);
#10597 = EDGE_CURVE('',#2490,#10590,#10598,.T.);
#10598 = LINE('',#10599,#10600);
#10599 = CARTESIAN_POINT('',(-8.988972745734,-2.401657142857,
    40.185871428571));
#10600 = VECTOR('',#10601,1.);
#10601 = DIRECTION('',(1.,0.,0.));
#10602 = PLANE('',#10603);
#10603 = AXIS2_PLACEMENT_3D('',#10604,#10605,#10606);
#10604 = CARTESIAN_POINT('',(-8.988972745734,-2.412985714286,
    40.209828571429));
#10605 = DIRECTION('',(-0.,0.904023028896,0.42748375785));
#10606 = DIRECTION('',(0.,0.42748375785,-0.904023028896));
#10607 = ADVANCED_FACE('',(#10608),#10626,.T.);
#10608 = FACE_BOUND('',#10609,.T.);
#10609 = EDGE_LOOP('',(#10610,#10611,#10612,#10620));
#10610 = ORIENTED_EDGE('',*,*,#2489,.T.);
#10611 = ORIENTED_EDGE('',*,*,#10597,.T.);
#10612 = ORIENTED_EDGE('',*,*,#10613,.T.);
#10613 = EDGE_CURVE('',#10590,#10614,#10616,.T.);
#10614 = VERTEX_POINT('',#10615);
#10615 = CARTESIAN_POINT('',(-8.388972745734,-2.390142857143,
    40.168228571429));
#10616 = LINE('',#10617,#10618);
#10617 = CARTESIAN_POINT('',(-8.388972745734,-2.401657142857,
    40.185871428571));
#10618 = VECTOR('',#10619,1.);
#10619 = DIRECTION('',(-0.,0.546536648242,-0.837435186822));
#10620 = ORIENTED_EDGE('',*,*,#10621,.F.);
#10621 = EDGE_CURVE('',#2482,#10614,#10622,.T.);
#10622 = LINE('',#10623,#10624);
#10623 = CARTESIAN_POINT('',(-8.988972745734,-2.390142857143,
    40.168228571429));
#10624 = VECTOR('',#10625,1.);
#10625 = DIRECTION('',(1.,0.,0.));
#10626 = PLANE('',#10627);
#10627 = AXIS2_PLACEMENT_3D('',#10628,#10629,#10630);
#10628 = CARTESIAN_POINT('',(-8.988972745734,-2.401657142857,
    40.185871428571));
#10629 = DIRECTION('',(-0.,0.837435186822,0.546536648242));
#10630 = DIRECTION('',(0.,0.546536648242,-0.837435186822));
#10631 = ADVANCED_FACE('',(#10632),#10650,.T.);
#10632 = FACE_BOUND('',#10633,.T.);
#10633 = EDGE_LOOP('',(#10634,#10635,#10636,#10644));
#10634 = ORIENTED_EDGE('',*,*,#2481,.T.);
#10635 = ORIENTED_EDGE('',*,*,#10621,.T.);
#10636 = ORIENTED_EDGE('',*,*,#10637,.T.);
#10637 = EDGE_CURVE('',#10614,#10638,#10640,.T.);
#10638 = VERTEX_POINT('',#10639);
#10639 = CARTESIAN_POINT('',(-8.388972745734,-2.373057142857,40.1504));
#10640 = LINE('',#10641,#10642);
#10641 = CARTESIAN_POINT('',(-8.388972745734,-2.390142857143,
    40.168228571429));
#10642 = VECTOR('',#10643,1.);
#10643 = DIRECTION('',(-0.,0.691905363236,-0.721988205115));
#10644 = ORIENTED_EDGE('',*,*,#10645,.F.);
#10645 = EDGE_CURVE('',#2474,#10638,#10646,.T.);
#10646 = LINE('',#10647,#10648);
#10647 = CARTESIAN_POINT('',(-8.988972745734,-2.373057142857,40.1504));
#10648 = VECTOR('',#10649,1.);
#10649 = DIRECTION('',(1.,0.,0.));
#10650 = PLANE('',#10651);
#10651 = AXIS2_PLACEMENT_3D('',#10652,#10653,#10654);
#10652 = CARTESIAN_POINT('',(-8.988972745734,-2.390142857143,
    40.168228571429));
#10653 = DIRECTION('',(-0.,0.721988205115,0.691905363236));
#10654 = DIRECTION('',(0.,0.691905363236,-0.721988205115));
#10655 = ADVANCED_FACE('',(#10656),#10674,.T.);
#10656 = FACE_BOUND('',#10657,.T.);
#10657 = EDGE_LOOP('',(#10658,#10659,#10660,#10668));
#10658 = ORIENTED_EDGE('',*,*,#2473,.T.);
#10659 = ORIENTED_EDGE('',*,*,#10645,.T.);
#10660 = ORIENTED_EDGE('',*,*,#10661,.T.);
#10661 = EDGE_CURVE('',#10638,#10662,#10664,.T.);
#10662 = VERTEX_POINT('',#10663);
#10663 = CARTESIAN_POINT('',(-8.388972745734,-2.355971428571,
    40.138514285714));
#10664 = LINE('',#10665,#10666);
#10665 = CARTESIAN_POINT('',(-8.388972745734,-2.373057142857,40.1504));
#10666 = VECTOR('',#10667,1.);
#10667 = DIRECTION('',(-0.,0.820905201785,-0.571064488199));
#10668 = ORIENTED_EDGE('',*,*,#10669,.F.);
#10669 = EDGE_CURVE('',#2466,#10662,#10670,.T.);
#10670 = LINE('',#10671,#10672);
#10671 = CARTESIAN_POINT('',(-8.988972745734,-2.355971428571,
    40.138514285714));
#10672 = VECTOR('',#10673,1.);
#10673 = DIRECTION('',(1.,0.,0.));
#10674 = PLANE('',#10675);
#10675 = AXIS2_PLACEMENT_3D('',#10676,#10677,#10678);
#10676 = CARTESIAN_POINT('',(-8.988972745734,-2.373057142857,40.1504));
#10677 = DIRECTION('',(-0.,0.571064488199,0.820905201785));
#10678 = DIRECTION('',(0.,0.820905201785,-0.571064488199));
#10679 = ADVANCED_FACE('',(#10680),#10698,.T.);
#10680 = FACE_BOUND('',#10681,.T.);
#10681 = EDGE_LOOP('',(#10682,#10683,#10684,#10692));
#10682 = ORIENTED_EDGE('',*,*,#2465,.T.);
#10683 = ORIENTED_EDGE('',*,*,#10669,.T.);
#10684 = ORIENTED_EDGE('',*,*,#10685,.T.);
#10685 = EDGE_CURVE('',#10662,#10686,#10688,.T.);
#10686 = VERTEX_POINT('',#10687);
#10687 = CARTESIAN_POINT('',(-8.388972745734,-2.338885714286,40.1205));
#10688 = LINE('',#10689,#10690);
#10689 = CARTESIAN_POINT('',(-8.388972745734,-2.355971428571,
    40.138514285714));
#10690 = VECTOR('',#10691,1.);
#10691 = DIRECTION('',(-0.,0.688159484156,-0.725559456121));
#10692 = ORIENTED_EDGE('',*,*,#10693,.F.);
#10693 = EDGE_CURVE('',#2458,#10686,#10694,.T.);
#10694 = LINE('',#10695,#10696);
#10695 = CARTESIAN_POINT('',(-8.988972745734,-2.338885714286,40.1205));
#10696 = VECTOR('',#10697,1.);
#10697 = DIRECTION('',(1.,0.,0.));
#10698 = PLANE('',#10699);
#10699 = AXIS2_PLACEMENT_3D('',#10700,#10701,#10702);
#10700 = CARTESIAN_POINT('',(-8.988972745734,-2.355971428571,
    40.138514285714));
#10701 = DIRECTION('',(-0.,0.725559456121,0.688159484156));
#10702 = DIRECTION('',(0.,0.688159484156,-0.725559456121));
#10703 = ADVANCED_FACE('',(#10704),#10722,.T.);
#10704 = FACE_BOUND('',#10705,.T.);
#10705 = EDGE_LOOP('',(#10706,#10707,#10708,#10716));
#10706 = ORIENTED_EDGE('',*,*,#2457,.T.);
#10707 = ORIENTED_EDGE('',*,*,#10693,.T.);
#10708 = ORIENTED_EDGE('',*,*,#10709,.T.);
#10709 = EDGE_CURVE('',#10686,#10710,#10712,.T.);
#10710 = VERTEX_POINT('',#10711);
#10711 = CARTESIAN_POINT('',(-8.388972745734,-2.316042857143,
    40.114742857143));
#10712 = LINE('',#10713,#10714);
#10713 = CARTESIAN_POINT('',(-8.388972745734,-2.338885714286,40.1205));
#10714 = VECTOR('',#10715,1.);
#10715 = DIRECTION('',(-0.,0.969676988372,-0.244390135281));
#10716 = ORIENTED_EDGE('',*,*,#10717,.F.);
#10717 = EDGE_CURVE('',#2450,#10710,#10718,.T.);
#10718 = LINE('',#10719,#10720);
#10719 = CARTESIAN_POINT('',(-8.988972745734,-2.316042857143,
    40.114742857143));
#10720 = VECTOR('',#10721,1.);
#10721 = DIRECTION('',(1.,0.,0.));
#10722 = PLANE('',#10723);
#10723 = AXIS2_PLACEMENT_3D('',#10724,#10725,#10726);
#10724 = CARTESIAN_POINT('',(-8.988972745734,-2.338885714286,40.1205));
#10725 = DIRECTION('',(-0.,0.244390135281,0.969676988372));
#10726 = DIRECTION('',(0.,0.969676988372,-0.244390135281));
#10727 = ADVANCED_FACE('',(#10728),#10753,.T.);
#10728 = FACE_BOUND('',#10729,.T.);
#10729 = EDGE_LOOP('',(#10730,#10731,#10739,#10747));
#10730 = ORIENTED_EDGE('',*,*,#2433,.T.);
#10731 = ORIENTED_EDGE('',*,*,#10732,.T.);
#10732 = EDGE_CURVE('',#2434,#10733,#10735,.T.);
#10733 = VERTEX_POINT('',#10734);
#10734 = CARTESIAN_POINT('',(-8.388972745734,-1.420342857143,
    38.522057142857));
#10735 = LINE('',#10736,#10737);
#10736 = CARTESIAN_POINT('',(-8.988972745734,-1.420342857143,
    38.522057142857));
#10737 = VECTOR('',#10738,1.);
#10738 = DIRECTION('',(1.,0.,0.));
#10739 = ORIENTED_EDGE('',*,*,#10740,.T.);
#10740 = EDGE_CURVE('',#10733,#10741,#10743,.T.);
#10741 = VERTEX_POINT('',#10742);
#10742 = CARTESIAN_POINT('',(-8.388972745734,-1.414585714286,
    38.498285714286));
#10743 = LINE('',#10744,#10745);
#10744 = CARTESIAN_POINT('',(-8.388972745734,-1.420342857143,
    38.522057142857));
#10745 = VECTOR('',#10746,1.);
#10746 = DIRECTION('',(-0.,0.23538270084,-0.971902764759));
#10747 = ORIENTED_EDGE('',*,*,#10748,.F.);
#10748 = EDGE_CURVE('',#2426,#10741,#10749,.T.);
#10749 = LINE('',#10750,#10751);
#10750 = CARTESIAN_POINT('',(-8.988972745734,-1.414585714286,
    38.498285714286));
#10751 = VECTOR('',#10752,1.);
#10752 = DIRECTION('',(1.,0.,0.));
#10753 = PLANE('',#10754);
#10754 = AXIS2_PLACEMENT_3D('',#10755,#10756,#10757);
#10755 = CARTESIAN_POINT('',(-8.988972745734,-1.420342857143,
    38.522057142857));
#10756 = DIRECTION('',(-0.,0.971902764759,0.23538270084));
#10757 = DIRECTION('',(0.,0.23538270084,-0.971902764759));
#10758 = ADVANCED_FACE('',(#10759),#10777,.T.);
#10759 = FACE_BOUND('',#10760,.T.);
#10760 = EDGE_LOOP('',(#10761,#10762,#10763,#10771));
#10761 = ORIENTED_EDGE('',*,*,#2425,.T.);
#10762 = ORIENTED_EDGE('',*,*,#10748,.T.);
#10763 = ORIENTED_EDGE('',*,*,#10764,.T.);
#10764 = EDGE_CURVE('',#10741,#10765,#10767,.T.);
#10765 = VERTEX_POINT('',#10766);
#10766 = CARTESIAN_POINT('',(-8.388972745734,-1.403257142857,
    38.480457142857));
#10767 = LINE('',#10768,#10769);
#10768 = CARTESIAN_POINT('',(-8.388972745734,-1.414585714286,
    38.498285714286));
#10769 = VECTOR('',#10770,1.);
#10770 = DIRECTION('',(-0.,0.536306481872,-0.844023315733));
#10771 = ORIENTED_EDGE('',*,*,#10772,.F.);
#10772 = EDGE_CURVE('',#2418,#10765,#10773,.T.);
#10773 = LINE('',#10774,#10775);
#10774 = CARTESIAN_POINT('',(-8.988972745734,-1.403257142857,
    38.480457142857));
#10775 = VECTOR('',#10776,1.);
#10776 = DIRECTION('',(1.,0.,0.));
#10777 = PLANE('',#10778);
#10778 = AXIS2_PLACEMENT_3D('',#10779,#10780,#10781);
#10779 = CARTESIAN_POINT('',(-8.988972745734,-1.414585714286,
    38.498285714286));
#10780 = DIRECTION('',(-0.,0.844023315733,0.536306481872));
#10781 = DIRECTION('',(0.,0.536306481872,-0.844023315733));
#10782 = ADVANCED_FACE('',(#10783),#10801,.T.);
#10783 = FACE_BOUND('',#10784,.T.);
#10784 = EDGE_LOOP('',(#10785,#10786,#10787,#10795));
#10785 = ORIENTED_EDGE('',*,*,#2417,.T.);
#10786 = ORIENTED_EDGE('',*,*,#10772,.T.);
#10787 = ORIENTED_EDGE('',*,*,#10788,.T.);
#10788 = EDGE_CURVE('',#10765,#10789,#10791,.T.);
#10789 = VERTEX_POINT('',#10790);
#10790 = CARTESIAN_POINT('',(-8.388972745734,-1.391742857143,
    38.462628571429));
#10791 = LINE('',#10792,#10793);
#10792 = CARTESIAN_POINT('',(-8.388972745734,-1.403257142857,
    38.480457142857));
#10793 = VECTOR('',#10794,1.);
#10794 = DIRECTION('',(-0.,0.542525431476,-0.840039377769));
#10795 = ORIENTED_EDGE('',*,*,#10796,.F.);
#10796 = EDGE_CURVE('',#2410,#10789,#10797,.T.);
#10797 = LINE('',#10798,#10799);
#10798 = CARTESIAN_POINT('',(-8.988972745734,-1.391742857143,
    38.462628571429));
#10799 = VECTOR('',#10800,1.);
#10800 = DIRECTION('',(1.,0.,0.));
#10801 = PLANE('',#10802);
#10802 = AXIS2_PLACEMENT_3D('',#10803,#10804,#10805);
#10803 = CARTESIAN_POINT('',(-8.988972745734,-1.403257142857,
    38.480457142857));
#10804 = DIRECTION('',(-0.,0.840039377769,0.542525431476));
#10805 = DIRECTION('',(0.,0.542525431476,-0.840039377769));
#10806 = ADVANCED_FACE('',(#10807),#10825,.T.);
#10807 = FACE_BOUND('',#10808,.T.);
#10808 = EDGE_LOOP('',(#10809,#10810,#10811,#10819));
#10809 = ORIENTED_EDGE('',*,*,#2409,.T.);
#10810 = ORIENTED_EDGE('',*,*,#10796,.T.);
#10811 = ORIENTED_EDGE('',*,*,#10812,.T.);
#10812 = EDGE_CURVE('',#10789,#10813,#10815,.T.);
#10813 = VERTEX_POINT('',#10814);
#10814 = CARTESIAN_POINT('',(-8.388972745734,-1.369085714286,
    38.432728571429));
#10815 = LINE('',#10816,#10817);
#10816 = CARTESIAN_POINT('',(-8.388972745734,-1.391742857143,
    38.462628571429));
#10817 = VECTOR('',#10818,1.);
#10818 = DIRECTION('',(-0.,0.603952995426,-0.797019936586));
#10819 = ORIENTED_EDGE('',*,*,#10820,.F.);
#10820 = EDGE_CURVE('',#2402,#10813,#10821,.T.);
#10821 = LINE('',#10822,#10823);
#10822 = CARTESIAN_POINT('',(-8.988972745734,-1.369085714286,
    38.432728571429));
#10823 = VECTOR('',#10824,1.);
#10824 = DIRECTION('',(1.,0.,0.));
#10825 = PLANE('',#10826);
#10826 = AXIS2_PLACEMENT_3D('',#10827,#10828,#10829);
#10827 = CARTESIAN_POINT('',(-8.988972745734,-1.391742857143,
    38.462628571429));
#10828 = DIRECTION('',(-0.,0.797019936586,0.603952995426));
#10829 = DIRECTION('',(0.,0.603952995426,-0.797019936586));
#10830 = ADVANCED_FACE('',(#10831),#10849,.T.);
#10831 = FACE_BOUND('',#10832,.T.);
#10832 = EDGE_LOOP('',(#10833,#10834,#10835,#10843));
#10833 = ORIENTED_EDGE('',*,*,#2401,.T.);
#10834 = ORIENTED_EDGE('',*,*,#10820,.T.);
#10835 = ORIENTED_EDGE('',*,*,#10836,.T.);
#10836 = EDGE_CURVE('',#10813,#10837,#10839,.T.);
#10837 = VERTEX_POINT('',#10838);
#10838 = CARTESIAN_POINT('',(-8.388972745734,-1.340485714286,
    38.415085714286));
#10839 = LINE('',#10840,#10841);
#10840 = CARTESIAN_POINT('',(-8.388972745734,-1.369085714286,
    38.432728571429));
#10841 = VECTOR('',#10842,1.);
#10842 = DIRECTION('',(-0.,0.851088556054,-0.525022161202));
#10843 = ORIENTED_EDGE('',*,*,#10844,.F.);
#10844 = EDGE_CURVE('',#2394,#10837,#10845,.T.);
#10845 = LINE('',#10846,#10847);
#10846 = CARTESIAN_POINT('',(-8.988972745734,-1.340485714286,
    38.415085714286));
#10847 = VECTOR('',#10848,1.);
#10848 = DIRECTION('',(1.,0.,0.));
#10849 = PLANE('',#10850);
#10850 = AXIS2_PLACEMENT_3D('',#10851,#10852,#10853);
#10851 = CARTESIAN_POINT('',(-8.988972745734,-1.369085714286,
    38.432728571429));
#10852 = DIRECTION('',(-0.,0.525022161202,0.851088556054));
#10853 = DIRECTION('',(0.,0.851088556054,-0.525022161202));
#10854 = ADVANCED_FACE('',(#10855),#10873,.T.);
#10855 = FACE_BOUND('',#10856,.T.);
#10856 = EDGE_LOOP('',(#10857,#10858,#10859,#10867));
#10857 = ORIENTED_EDGE('',*,*,#2393,.T.);
#10858 = ORIENTED_EDGE('',*,*,#10844,.T.);
#10859 = ORIENTED_EDGE('',*,*,#10860,.T.);
#10860 = EDGE_CURVE('',#10837,#10861,#10863,.T.);
#10861 = VERTEX_POINT('',#10862);
#10862 = CARTESIAN_POINT('',(-8.388972745734,-1.306314285714,38.4032));
#10863 = LINE('',#10864,#10865);
#10864 = CARTESIAN_POINT('',(-8.388972745734,-1.340485714286,
    38.415085714286));
#10865 = VECTOR('',#10866,1.);
#10866 = DIRECTION('',(-0.,0.944496796706,-0.328520624941));
#10867 = ORIENTED_EDGE('',*,*,#10868,.F.);
#10868 = EDGE_CURVE('',#2386,#10861,#10869,.T.);
#10869 = LINE('',#10870,#10871);
#10870 = CARTESIAN_POINT('',(-8.988972745734,-1.306314285714,38.4032));
#10871 = VECTOR('',#10872,1.);
#10872 = DIRECTION('',(1.,0.,0.));
#10873 = PLANE('',#10874);
#10874 = AXIS2_PLACEMENT_3D('',#10875,#10876,#10877);
#10875 = CARTESIAN_POINT('',(-8.988972745734,-1.340485714286,
    38.415085714286));
#10876 = DIRECTION('',(-0.,0.328520624941,0.944496796706));
#10877 = DIRECTION('',(0.,0.944496796706,-0.328520624941));
#10878 = ADVANCED_FACE('',(#10879),#10904,.T.);
#10879 = FACE_BOUND('',#10880,.T.);
#10880 = EDGE_LOOP('',(#10881,#10882,#10890,#10898));
#10881 = ORIENTED_EDGE('',*,*,#2377,.T.);
#10882 = ORIENTED_EDGE('',*,*,#10883,.T.);
#10883 = EDGE_CURVE('',#2378,#10884,#10886,.T.);
#10884 = VERTEX_POINT('',#10885);
#10885 = CARTESIAN_POINT('',(-8.388972745734,-0.981128571429,38.4032));
#10886 = LINE('',#10887,#10888);
#10887 = CARTESIAN_POINT('',(-8.988972745734,-0.981128571429,38.4032));
#10888 = VECTOR('',#10889,1.);
#10889 = DIRECTION('',(1.,0.,0.));
#10890 = ORIENTED_EDGE('',*,*,#10891,.T.);
#10891 = EDGE_CURVE('',#10884,#10892,#10894,.T.);
#10892 = VERTEX_POINT('',#10893);
#10893 = CARTESIAN_POINT('',(-8.388972745734,-0.958285714286,
    38.408957142857));
#10894 = LINE('',#10895,#10896);
#10895 = CARTESIAN_POINT('',(-8.388972745734,-0.981128571429,38.4032));
#10896 = VECTOR('',#10897,1.);
#10897 = DIRECTION('',(0.,0.969676988372,0.244390135281));
#10898 = ORIENTED_EDGE('',*,*,#10899,.F.);
#10899 = EDGE_CURVE('',#2370,#10892,#10900,.T.);
#10900 = LINE('',#10901,#10902);
#10901 = CARTESIAN_POINT('',(-8.988972745734,-0.958285714286,
    38.408957142857));
#10902 = VECTOR('',#10903,1.);
#10903 = DIRECTION('',(1.,0.,0.));
#10904 = PLANE('',#10905);
#10905 = AXIS2_PLACEMENT_3D('',#10906,#10907,#10908);
#10906 = CARTESIAN_POINT('',(-8.988972745734,-0.981128571429,38.4032));
#10907 = DIRECTION('',(0.,-0.244390135281,0.969676988372));
#10908 = DIRECTION('',(0.,0.969676988372,0.244390135281));
#10909 = ADVANCED_FACE('',(#10910),#10928,.T.);
#10910 = FACE_BOUND('',#10911,.T.);
#10911 = EDGE_LOOP('',(#10912,#10913,#10914,#10922));
#10912 = ORIENTED_EDGE('',*,*,#2369,.T.);
#10913 = ORIENTED_EDGE('',*,*,#10899,.T.);
#10914 = ORIENTED_EDGE('',*,*,#10915,.T.);
#10915 = EDGE_CURVE('',#10892,#10916,#10918,.T.);
#10916 = VERTEX_POINT('',#10917);
#10917 = CARTESIAN_POINT('',(-8.388972745734,-0.929685714286,
    38.414528571429));
#10918 = LINE('',#10919,#10920);
#10919 = CARTESIAN_POINT('',(-8.388972745734,-0.958285714286,
    38.408957142857));
#10920 = VECTOR('',#10921,1.);
#10921 = DIRECTION('',(0.,0.981548987081,0.191210841639));
#10922 = ORIENTED_EDGE('',*,*,#10923,.F.);
#10923 = EDGE_CURVE('',#2362,#10916,#10924,.T.);
#10924 = LINE('',#10925,#10926);
#10925 = CARTESIAN_POINT('',(-8.988972745734,-0.929685714286,
    38.414528571429));
#10926 = VECTOR('',#10927,1.);
#10927 = DIRECTION('',(1.,0.,0.));
#10928 = PLANE('',#10929);
#10929 = AXIS2_PLACEMENT_3D('',#10930,#10931,#10932);
#10930 = CARTESIAN_POINT('',(-8.988972745734,-0.958285714286,
    38.408957142857));
#10931 = DIRECTION('',(0.,-0.191210841639,0.981548987081));
#10932 = DIRECTION('',(0.,0.981548987081,0.191210841639));
#10933 = ADVANCED_FACE('',(#10934),#10952,.T.);
#10934 = FACE_BOUND('',#10935,.T.);
#10935 = EDGE_LOOP('',(#10936,#10937,#10938,#10946));
#10936 = ORIENTED_EDGE('',*,*,#2361,.T.);
#10937 = ORIENTED_EDGE('',*,*,#10923,.T.);
#10938 = ORIENTED_EDGE('',*,*,#10939,.T.);
#10939 = EDGE_CURVE('',#10916,#10940,#10942,.T.);
#10940 = VERTEX_POINT('',#10941);
#10941 = CARTESIAN_POINT('',(-8.388972745734,-0.906842857143,38.4318));
#10942 = LINE('',#10943,#10944);
#10943 = CARTESIAN_POINT('',(-8.388972745734,-0.929685714286,
    38.414528571429));
#10944 = VECTOR('',#10945,1.);
#10945 = DIRECTION('',(0.,0.797659331282,0.603108274872));
#10946 = ORIENTED_EDGE('',*,*,#10947,.F.);
#10947 = EDGE_CURVE('',#2354,#10940,#10948,.T.);
#10948 = LINE('',#10949,#10950);
#10949 = CARTESIAN_POINT('',(-8.988972745734,-0.906842857143,38.4318));
#10950 = VECTOR('',#10951,1.);
#10951 = DIRECTION('',(1.,0.,0.));
#10952 = PLANE('',#10953);
#10953 = AXIS2_PLACEMENT_3D('',#10954,#10955,#10956);
#10954 = CARTESIAN_POINT('',(-8.988972745734,-0.929685714286,
    38.414528571429));
#10955 = DIRECTION('',(0.,-0.603108274872,0.797659331282));
#10956 = DIRECTION('',(0.,0.797659331282,0.603108274872));
#10957 = ADVANCED_FACE('',(#10958),#10976,.T.);
#10958 = FACE_BOUND('',#10959,.T.);
#10959 = EDGE_LOOP('',(#10960,#10961,#10962,#10970));
#10960 = ORIENTED_EDGE('',*,*,#2353,.T.);
#10961 = ORIENTED_EDGE('',*,*,#10947,.T.);
#10962 = ORIENTED_EDGE('',*,*,#10963,.T.);
#10963 = EDGE_CURVE('',#10940,#10964,#10966,.T.);
#10964 = VERTEX_POINT('',#10965);
#10965 = CARTESIAN_POINT('',(-8.388972745734,-0.884,38.448885714286));
#10966 = LINE('',#10967,#10968);
#10967 = CARTESIAN_POINT('',(-8.388972745734,-0.906842857143,38.4318));
#10968 = VECTOR('',#10969,1.);
#10969 = DIRECTION('',(0.,0.80078057117,0.598957825591));
#10970 = ORIENTED_EDGE('',*,*,#10971,.F.);
#10971 = EDGE_CURVE('',#2346,#10964,#10972,.T.);
#10972 = LINE('',#10973,#10974);
#10973 = CARTESIAN_POINT('',(-8.988972745734,-0.884,38.448885714286));
#10974 = VECTOR('',#10975,1.);
#10975 = DIRECTION('',(1.,0.,0.));
#10976 = PLANE('',#10977);
#10977 = AXIS2_PLACEMENT_3D('',#10978,#10979,#10980);
#10978 = CARTESIAN_POINT('',(-8.988972745734,-0.906842857143,38.4318));
#10979 = DIRECTION('',(0.,-0.598957825591,0.80078057117));
#10980 = DIRECTION('',(0.,0.80078057117,0.598957825591));
#10981 = ADVANCED_FACE('',(#10982),#11000,.T.);
#10982 = FACE_BOUND('',#10983,.T.);
#10983 = EDGE_LOOP('',(#10984,#10985,#10986,#10994));
#10984 = ORIENTED_EDGE('',*,*,#2345,.T.);
#10985 = ORIENTED_EDGE('',*,*,#10971,.T.);
#10986 = ORIENTED_EDGE('',*,*,#10987,.T.);
#10987 = EDGE_CURVE('',#10964,#10988,#10990,.T.);
#10988 = VERTEX_POINT('',#10989);
#10989 = CARTESIAN_POINT('',(-8.388972745734,-0.872671428571,
    38.471728571429));
#10990 = LINE('',#10991,#10992);
#10991 = CARTESIAN_POINT('',(-8.388972745734,-0.884,38.448885714286));
#10992 = VECTOR('',#10993,1.);
#10993 = DIRECTION('',(0.,0.444297794845,0.895879160097));
#10994 = ORIENTED_EDGE('',*,*,#10995,.F.);
#10995 = EDGE_CURVE('',#2338,#10988,#10996,.T.);
#10996 = LINE('',#10997,#10998);
#10997 = CARTESIAN_POINT('',(-8.988972745734,-0.872671428571,
    38.471728571429));
#10998 = VECTOR('',#10999,1.);
#10999 = DIRECTION('',(1.,0.,0.));
#11000 = PLANE('',#11001);
#11001 = AXIS2_PLACEMENT_3D('',#11002,#11003,#11004);
#11002 = CARTESIAN_POINT('',(-8.988972745734,-0.884,38.448885714286));
#11003 = DIRECTION('',(0.,-0.895879160097,0.444297794845));
#11004 = DIRECTION('',(0.,0.444297794845,0.895879160097));
#11005 = ADVANCED_FACE('',(#11006),#11024,.T.);
#11006 = FACE_BOUND('',#11007,.T.);
#11007 = EDGE_LOOP('',(#11008,#11009,#11010,#11018));
#11008 = ORIENTED_EDGE('',*,*,#2337,.T.);
#11009 = ORIENTED_EDGE('',*,*,#10995,.T.);
#11010 = ORIENTED_EDGE('',*,*,#11011,.T.);
#11011 = EDGE_CURVE('',#10988,#11012,#11014,.T.);
#11012 = VERTEX_POINT('',#11013);
#11013 = CARTESIAN_POINT('',(-8.388972745734,-0.861157142857,
    38.494571428571));
#11014 = LINE('',#11015,#11016);
#11015 = CARTESIAN_POINT('',(-8.388972745734,-0.872671428571,
    38.471728571429));
#11016 = VECTOR('',#11017,1.);
#11017 = DIRECTION('',(0.,0.450115207469,0.892970492237));
#11018 = ORIENTED_EDGE('',*,*,#11019,.F.);
#11019 = EDGE_CURVE('',#2330,#11012,#11020,.T.);
#11020 = LINE('',#11021,#11022);
#11021 = CARTESIAN_POINT('',(-8.988972745734,-0.861157142857,
    38.494571428571));
#11022 = VECTOR('',#11023,1.);
#11023 = DIRECTION('',(1.,0.,0.));
#11024 = PLANE('',#11025);
#11025 = AXIS2_PLACEMENT_3D('',#11026,#11027,#11028);
#11026 = CARTESIAN_POINT('',(-8.988972745734,-0.872671428571,
    38.471728571429));
#11027 = DIRECTION('',(0.,-0.892970492237,0.450115207469));
#11028 = DIRECTION('',(0.,0.450115207469,0.892970492237));
#11029 = ADVANCED_FACE('',(#11030),#11048,.T.);
#11030 = FACE_BOUND('',#11031,.T.);
#11031 = EDGE_LOOP('',(#11032,#11033,#11034,#11042));
#11032 = ORIENTED_EDGE('',*,*,#2329,.T.);
#11033 = ORIENTED_EDGE('',*,*,#11019,.T.);
#11034 = ORIENTED_EDGE('',*,*,#11035,.T.);
#11035 = EDGE_CURVE('',#11012,#11036,#11038,.T.);
#11036 = VERTEX_POINT('',#11037);
#11037 = CARTESIAN_POINT('',(-8.388972745734,-0.849828571429,
    38.522985714286));
#11038 = LINE('',#11039,#11040);
#11039 = CARTESIAN_POINT('',(-8.388972745734,-0.861157142857,
    38.494571428571));
#11040 = VECTOR('',#11041,1.);
#11041 = DIRECTION('',(0.,0.370343680353,0.92889480482));
#11042 = ORIENTED_EDGE('',*,*,#11043,.F.);
#11043 = EDGE_CURVE('',#2322,#11036,#11044,.T.);
#11044 = LINE('',#11045,#11046);
#11045 = CARTESIAN_POINT('',(-8.988972745734,-0.849828571429,
    38.522985714286));
#11046 = VECTOR('',#11047,1.);
#11047 = DIRECTION('',(1.,0.,0.));
#11048 = PLANE('',#11049);
#11049 = AXIS2_PLACEMENT_3D('',#11050,#11051,#11052);
#11050 = CARTESIAN_POINT('',(-8.988972745734,-0.861157142857,
    38.494571428571));
#11051 = DIRECTION('',(0.,-0.92889480482,0.370343680353));
#11052 = DIRECTION('',(0.,0.370343680353,0.92889480482));
#11053 = ADVANCED_FACE('',(#11054),#11079,.T.);
#11054 = FACE_BOUND('',#11055,.T.);
#11055 = EDGE_LOOP('',(#11056,#11057,#11065,#11073));
#11056 = ORIENTED_EDGE('',*,*,#2777,.T.);
#11057 = ORIENTED_EDGE('',*,*,#11058,.T.);
#11058 = EDGE_CURVE('',#2780,#11059,#11061,.T.);
#11059 = VERTEX_POINT('',#11060);
#11060 = CARTESIAN_POINT('',(-8.388972745734,-5.6992,41.8378));
#11061 = LINE('',#11062,#11063);
#11062 = CARTESIAN_POINT('',(-8.988972745734,-5.6992,41.8378));
#11063 = VECTOR('',#11064,1.);
#11064 = DIRECTION('',(1.,0.,0.));
#11065 = ORIENTED_EDGE('',*,*,#11066,.T.);
#11066 = EDGE_CURVE('',#11059,#11067,#11069,.T.);
#11067 = VERTEX_POINT('',#11068);
#11068 = CARTESIAN_POINT('',(-8.388972745734,-5.704957142857,
    41.901128571429));
#11069 = LINE('',#11070,#11071);
#11070 = CARTESIAN_POINT('',(-8.388972745734,-5.6992,41.8378));
#11071 = VECTOR('',#11072,1.);
#11072 = DIRECTION('',(0.,-9.053574604252E-02,0.995893206468));
#11073 = ORIENTED_EDGE('',*,*,#11074,.F.);
#11074 = EDGE_CURVE('',#2778,#11067,#11075,.T.);
#11075 = LINE('',#11076,#11077);
#11076 = CARTESIAN_POINT('',(-8.988972745734,-5.704957142857,
    41.901128571429));
#11077 = VECTOR('',#11078,1.);
#11078 = DIRECTION('',(1.,0.,0.));
#11079 = PLANE('',#11080);
#11080 = AXIS2_PLACEMENT_3D('',#11081,#11082,#11083);
#11081 = CARTESIAN_POINT('',(-8.988972745734,-5.6992,41.8378));
#11082 = DIRECTION('',(0.,-0.995893206468,-9.053574604252E-02));
#11083 = DIRECTION('',(0.,-9.053574604252E-02,0.995893206468));
#11084 = ADVANCED_FACE('',(#11085),#11103,.T.);
#11085 = FACE_BOUND('',#11086,.T.);
#11086 = EDGE_LOOP('',(#11087,#11088,#11089,#11097));
#11087 = ORIENTED_EDGE('',*,*,#3291,.T.);
#11088 = ORIENTED_EDGE('',*,*,#11074,.T.);
#11089 = ORIENTED_EDGE('',*,*,#11090,.T.);
#11090 = EDGE_CURVE('',#11067,#11091,#11093,.T.);
#11091 = VERTEX_POINT('',#11092);
#11092 = CARTESIAN_POINT('',(-8.388972745734,-5.716285714286,
    41.964642857143));
#11093 = LINE('',#11094,#11095);
#11094 = CARTESIAN_POINT('',(-8.388972745734,-5.704957142857,
    41.901128571429));
#11095 = VECTOR('',#11096,1.);
#11096 = DIRECTION('',(0.,-0.175591378217,0.98446313689));
#11097 = ORIENTED_EDGE('',*,*,#11098,.F.);
#11098 = EDGE_CURVE('',#3284,#11091,#11099,.T.);
#11099 = LINE('',#11100,#11101);
#11100 = CARTESIAN_POINT('',(-8.988972745734,-5.716285714286,
    41.964642857143));
#11101 = VECTOR('',#11102,1.);
#11102 = DIRECTION('',(1.,0.,0.));
#11103 = PLANE('',#11104);
#11104 = AXIS2_PLACEMENT_3D('',#11105,#11106,#11107);
#11105 = CARTESIAN_POINT('',(-8.988972745734,-5.704957142857,
    41.901128571429));
#11106 = DIRECTION('',(0.,-0.98446313689,-0.175591378217));
#11107 = DIRECTION('',(0.,-0.175591378217,0.98446313689));
#11108 = ADVANCED_FACE('',(#11109),#11127,.T.);
#11109 = FACE_BOUND('',#11110,.T.);
#11110 = EDGE_LOOP('',(#11111,#11112,#11113,#11121));
#11111 = ORIENTED_EDGE('',*,*,#3283,.T.);
#11112 = ORIENTED_EDGE('',*,*,#11098,.T.);
#11113 = ORIENTED_EDGE('',*,*,#11114,.T.);
#11114 = EDGE_CURVE('',#11091,#11115,#11117,.T.);
#11115 = VERTEX_POINT('',#11116);
#11116 = CARTESIAN_POINT('',(-8.388972745734,-5.739128571429,
    42.033914285714));
#11117 = LINE('',#11118,#11119);
#11118 = CARTESIAN_POINT('',(-8.388972745734,-5.716285714286,
    41.964642857143));
#11119 = VECTOR('',#11120,1.);
#11120 = DIRECTION('',(0.,-0.313170801129,0.949696819685));
#11121 = ORIENTED_EDGE('',*,*,#11122,.F.);
#11122 = EDGE_CURVE('',#3276,#11115,#11123,.T.);
#11123 = LINE('',#11124,#11125);
#11124 = CARTESIAN_POINT('',(-8.988972745734,-5.739128571429,
    42.033914285714));
#11125 = VECTOR('',#11126,1.);
#11126 = DIRECTION('',(1.,0.,0.));
#11127 = PLANE('',#11128);
#11128 = AXIS2_PLACEMENT_3D('',#11129,#11130,#11131);
#11129 = CARTESIAN_POINT('',(-8.988972745734,-5.716285714286,
    41.964642857143));
#11130 = DIRECTION('',(0.,-0.949696819685,-0.313170801129));
#11131 = DIRECTION('',(0.,-0.313170801129,0.949696819685));
#11132 = ADVANCED_FACE('',(#11133),#11151,.T.);
#11133 = FACE_BOUND('',#11134,.T.);
#11134 = EDGE_LOOP('',(#11135,#11136,#11137,#11145));
#11135 = ORIENTED_EDGE('',*,*,#3275,.T.);
#11136 = ORIENTED_EDGE('',*,*,#11122,.T.);
#11137 = ORIENTED_EDGE('',*,*,#11138,.T.);
#11138 = EDGE_CURVE('',#11115,#11139,#11141,.T.);
#11139 = VERTEX_POINT('',#11140);
#11140 = CARTESIAN_POINT('',(-8.388972745734,-5.761971428571,
    42.085542857143));
#11141 = LINE('',#11142,#11143);
#11142 = CARTESIAN_POINT('',(-8.388972745734,-5.739128571429,
    42.033914285714));
#11143 = VECTOR('',#11144,1.);
#11144 = DIRECTION('',(0.,-0.404611830448,0.914488527354));
#11145 = ORIENTED_EDGE('',*,*,#11146,.F.);
#11146 = EDGE_CURVE('',#3268,#11139,#11147,.T.);
#11147 = LINE('',#11148,#11149);
#11148 = CARTESIAN_POINT('',(-8.988972745734,-5.761971428571,
    42.085542857143));
#11149 = VECTOR('',#11150,1.);
#11150 = DIRECTION('',(1.,0.,0.));
#11151 = PLANE('',#11152);
#11152 = AXIS2_PLACEMENT_3D('',#11153,#11154,#11155);
#11153 = CARTESIAN_POINT('',(-8.988972745734,-5.739128571429,
    42.033914285714));
#11154 = DIRECTION('',(0.,-0.914488527354,-0.404611830448));
#11155 = DIRECTION('',(0.,-0.404611830448,0.914488527354));
#11156 = ADVANCED_FACE('',(#11157),#11175,.T.);
#11157 = FACE_BOUND('',#11158,.T.);
#11158 = EDGE_LOOP('',(#11159,#11160,#11161,#11169));
#11159 = ORIENTED_EDGE('',*,*,#3267,.T.);
#11160 = ORIENTED_EDGE('',*,*,#11146,.T.);
#11161 = ORIENTED_EDGE('',*,*,#11162,.T.);
#11162 = EDGE_CURVE('',#11139,#11163,#11165,.T.);
#11163 = VERTEX_POINT('',#11164);
#11164 = CARTESIAN_POINT('',(-8.388972745734,-5.790571428571,42.1433));
#11165 = LINE('',#11166,#11167);
#11166 = CARTESIAN_POINT('',(-8.388972745734,-5.761971428571,
    42.085542857143));
#11167 = VECTOR('',#11168,1.);
#11168 = DIRECTION('',(0.,-0.443752442317,0.896149412731));
#11169 = ORIENTED_EDGE('',*,*,#11170,.F.);
#11170 = EDGE_CURVE('',#3260,#11163,#11171,.T.);
#11171 = LINE('',#11172,#11173);
#11172 = CARTESIAN_POINT('',(-8.988972745734,-5.790571428571,42.1433));
#11173 = VECTOR('',#11174,1.);
#11174 = DIRECTION('',(1.,0.,0.));
#11175 = PLANE('',#11176);
#11176 = AXIS2_PLACEMENT_3D('',#11177,#11178,#11179);
#11177 = CARTESIAN_POINT('',(-8.988972745734,-5.761971428571,
    42.085542857143));
#11178 = DIRECTION('',(0.,-0.896149412731,-0.443752442317));
#11179 = DIRECTION('',(0.,-0.443752442317,0.896149412731));
#11180 = ADVANCED_FACE('',(#11181),#11199,.T.);
#11181 = FACE_BOUND('',#11182,.T.);
#11182 = EDGE_LOOP('',(#11183,#11184,#11185,#11193));
#11183 = ORIENTED_EDGE('',*,*,#3259,.T.);
#11184 = ORIENTED_EDGE('',*,*,#11170,.T.);
#11185 = ORIENTED_EDGE('',*,*,#11186,.T.);
#11186 = EDGE_CURVE('',#11163,#11187,#11189,.T.);
#11187 = VERTEX_POINT('',#11188);
#11188 = CARTESIAN_POINT('',(-8.388972745734,-5.836071428571,
    42.200871428571));
#11189 = LINE('',#11190,#11191);
#11190 = CARTESIAN_POINT('',(-8.388972745734,-5.790571428571,42.1433));
#11191 = VECTOR('',#11192,1.);
#11192 = DIRECTION('',(0.,-0.620054492814,0.78455874601));
#11193 = ORIENTED_EDGE('',*,*,#11194,.F.);
#11194 = EDGE_CURVE('',#3252,#11187,#11195,.T.);
#11195 = LINE('',#11196,#11197);
#11196 = CARTESIAN_POINT('',(-8.988972745734,-5.836071428571,
    42.200871428571));
#11197 = VECTOR('',#11198,1.);
#11198 = DIRECTION('',(1.,0.,0.));
#11199 = PLANE('',#11200);
#11200 = AXIS2_PLACEMENT_3D('',#11201,#11202,#11203);
#11201 = CARTESIAN_POINT('',(-8.988972745734,-5.790571428571,42.1433));
#11202 = DIRECTION('',(0.,-0.78455874601,-0.620054492814));
#11203 = DIRECTION('',(0.,-0.620054492814,0.78455874601));
#11204 = ADVANCED_FACE('',(#11205),#11223,.T.);
#11205 = FACE_BOUND('',#11206,.T.);
#11206 = EDGE_LOOP('',(#11207,#11208,#11209,#11217));
#11207 = ORIENTED_EDGE('',*,*,#3251,.T.);
#11208 = ORIENTED_EDGE('',*,*,#11194,.T.);
#11209 = ORIENTED_EDGE('',*,*,#11210,.T.);
#11210 = EDGE_CURVE('',#11187,#11211,#11213,.T.);
#11211 = VERTEX_POINT('',#11212);
#11212 = CARTESIAN_POINT('',(-8.388972745734,-5.876,42.247114285714));
#11213 = LINE('',#11214,#11215);
#11214 = CARTESIAN_POINT('',(-8.388972745734,-5.836071428571,
    42.200871428571));
#11215 = VECTOR('',#11216,1.);
#11216 = DIRECTION('',(0.,-0.653540726021,0.756891352462));
#11217 = ORIENTED_EDGE('',*,*,#11218,.F.);
#11218 = EDGE_CURVE('',#3244,#11211,#11219,.T.);
#11219 = LINE('',#11220,#11221);
#11220 = CARTESIAN_POINT('',(-8.988972745734,-5.876,42.247114285714));
#11221 = VECTOR('',#11222,1.);
#11222 = DIRECTION('',(1.,0.,0.));
#11223 = PLANE('',#11224);
#11224 = AXIS2_PLACEMENT_3D('',#11225,#11226,#11227);
#11225 = CARTESIAN_POINT('',(-8.988972745734,-5.836071428571,
    42.200871428571));
#11226 = DIRECTION('',(0.,-0.756891352462,-0.653540726021));
#11227 = DIRECTION('',(0.,-0.653540726021,0.756891352462));
#11228 = ADVANCED_FACE('',(#11229),#11247,.T.);
#11229 = FACE_BOUND('',#11230,.T.);
#11230 = EDGE_LOOP('',(#11231,#11232,#11233,#11241));
#11231 = ORIENTED_EDGE('',*,*,#3243,.T.);
#11232 = ORIENTED_EDGE('',*,*,#11218,.T.);
#11233 = ORIENTED_EDGE('',*,*,#11234,.T.);
#11234 = EDGE_CURVE('',#11211,#11235,#11237,.T.);
#11235 = VERTEX_POINT('',#11236);
#11236 = CARTESIAN_POINT('',(-8.388972745734,-5.910357142857,42.2759));
#11237 = LINE('',#11238,#11239);
#11238 = CARTESIAN_POINT('',(-8.388972745734,-5.876,42.247114285714));
#11239 = VECTOR('',#11240,1.);
#11240 = DIRECTION('',(0.,-0.76652048118,0.64221986261));
#11241 = ORIENTED_EDGE('',*,*,#11242,.F.);
#11242 = EDGE_CURVE('',#3236,#11235,#11243,.T.);
#11243 = LINE('',#11244,#11245);
#11244 = CARTESIAN_POINT('',(-8.988972745734,-5.910357142857,42.2759));
#11245 = VECTOR('',#11246,1.);
#11246 = DIRECTION('',(1.,0.,0.));
#11247 = PLANE('',#11248);
#11248 = AXIS2_PLACEMENT_3D('',#11249,#11250,#11251);
#11249 = CARTESIAN_POINT('',(-8.988972745734,-5.876,42.247114285714));
#11250 = DIRECTION('',(0.,-0.64221986261,-0.76652048118));
#11251 = DIRECTION('',(0.,-0.76652048118,0.64221986261));
#11252 = ADVANCED_FACE('',(#11253),#11271,.T.);
#11253 = FACE_BOUND('',#11254,.T.);
#11254 = EDGE_LOOP('',(#11255,#11256,#11257,#11265));
#11255 = ORIENTED_EDGE('',*,*,#3235,.T.);
#11256 = ORIENTED_EDGE('',*,*,#11242,.T.);
#11257 = ORIENTED_EDGE('',*,*,#11258,.T.);
#11258 = EDGE_CURVE('',#11235,#11259,#11261,.T.);
#11259 = VERTEX_POINT('',#11260);
#11260 = CARTESIAN_POINT('',(-8.388972745734,-5.9332,42.292985714286));
#11261 = LINE('',#11262,#11263);
#11262 = CARTESIAN_POINT('',(-8.388972745734,-5.910357142857,42.2759));
#11263 = VECTOR('',#11264,1.);
#11264 = DIRECTION('',(0.,-0.80078057117,0.598957825591));
#11265 = ORIENTED_EDGE('',*,*,#11266,.F.);
#11266 = EDGE_CURVE('',#3228,#11259,#11267,.T.);
#11267 = LINE('',#11268,#11269);
#11268 = CARTESIAN_POINT('',(-8.988972745734,-5.9332,42.292985714286));
#11269 = VECTOR('',#11270,1.);
#11270 = DIRECTION('',(1.,0.,0.));
#11271 = PLANE('',#11272);
#11272 = AXIS2_PLACEMENT_3D('',#11273,#11274,#11275);
#11273 = CARTESIAN_POINT('',(-8.988972745734,-5.910357142857,42.2759));
#11274 = DIRECTION('',(0.,-0.598957825591,-0.80078057117));
#11275 = DIRECTION('',(0.,-0.80078057117,0.598957825591));
#11276 = ADVANCED_FACE('',(#11277),#11295,.T.);
#11277 = FACE_BOUND('',#11278,.T.);
#11278 = EDGE_LOOP('',(#11279,#11280,#11281,#11289));
#11279 = ORIENTED_EDGE('',*,*,#3227,.T.);
#11280 = ORIENTED_EDGE('',*,*,#11266,.T.);
#11281 = ORIENTED_EDGE('',*,*,#11282,.T.);
#11282 = EDGE_CURVE('',#11259,#11283,#11285,.T.);
#11283 = VERTEX_POINT('',#11284);
#11284 = CARTESIAN_POINT('',(-8.388972745734,-5.995785714286,
    42.333471428571));
#11285 = LINE('',#11286,#11287);
#11286 = CARTESIAN_POINT('',(-8.388972745734,-5.9332,42.292985714286));
#11287 = VECTOR('',#11288,1.);
#11288 = DIRECTION('',(0.,-0.839636996037,0.543147967763));
#11289 = ORIENTED_EDGE('',*,*,#11290,.F.);
#11290 = EDGE_CURVE('',#3220,#11283,#11291,.T.);
#11291 = LINE('',#11292,#11293);
#11292 = CARTESIAN_POINT('',(-8.988972745734,-5.995785714286,
    42.333471428571));
#11293 = VECTOR('',#11294,1.);
#11294 = DIRECTION('',(1.,0.,0.));
#11295 = PLANE('',#11296);
#11296 = AXIS2_PLACEMENT_3D('',#11297,#11298,#11299);
#11297 = CARTESIAN_POINT('',(-8.988972745734,-5.9332,42.292985714286));
#11298 = DIRECTION('',(0.,-0.543147967763,-0.839636996037));
#11299 = DIRECTION('',(0.,-0.839636996037,0.543147967763));
#11300 = ADVANCED_FACE('',(#11301),#11319,.T.);
#11301 = FACE_BOUND('',#11302,.T.);
#11302 = EDGE_LOOP('',(#11303,#11304,#11305,#11313));
#11303 = ORIENTED_EDGE('',*,*,#3219,.T.);
#11304 = ORIENTED_EDGE('',*,*,#11290,.T.);
#11305 = ORIENTED_EDGE('',*,*,#11306,.T.);
#11306 = EDGE_CURVE('',#11283,#11307,#11309,.T.);
#11307 = VERTEX_POINT('',#11308);
#11308 = CARTESIAN_POINT('',(-8.388972745734,-6.052985714286,
    42.362257142857));
#11309 = LINE('',#11310,#11311);
#11310 = CARTESIAN_POINT('',(-8.388972745734,-5.995785714286,
    42.333471428571));
#11311 = VECTOR('',#11312,1.);
#11312 = DIRECTION('',(0.,-0.893264098465,0.449532257344));
#11313 = ORIENTED_EDGE('',*,*,#11314,.F.);
#11314 = EDGE_CURVE('',#3212,#11307,#11315,.T.);
#11315 = LINE('',#11316,#11317);
#11316 = CARTESIAN_POINT('',(-8.988972745734,-6.052985714286,
    42.362257142857));
#11317 = VECTOR('',#11318,1.);
#11318 = DIRECTION('',(1.,0.,0.));
#11319 = PLANE('',#11320);
#11320 = AXIS2_PLACEMENT_3D('',#11321,#11322,#11323);
#11321 = CARTESIAN_POINT('',(-8.988972745734,-5.995785714286,
    42.333471428571));
#11322 = DIRECTION('',(0.,-0.449532257344,-0.893264098465));
#11323 = DIRECTION('',(0.,-0.893264098465,0.449532257344));
#11324 = ADVANCED_FACE('',(#11325),#11343,.T.);
#11325 = FACE_BOUND('',#11326,.T.);
#11326 = EDGE_LOOP('',(#11327,#11328,#11329,#11337));
#11327 = ORIENTED_EDGE('',*,*,#3211,.T.);
#11328 = ORIENTED_EDGE('',*,*,#11314,.T.);
#11329 = ORIENTED_EDGE('',*,*,#11330,.T.);
#11330 = EDGE_CURVE('',#11307,#11331,#11333,.T.);
#11331 = VERTEX_POINT('',#11332);
#11332 = CARTESIAN_POINT('',(-8.388972745734,-6.121328571429,
    42.385285714286));
#11333 = LINE('',#11334,#11335);
#11334 = CARTESIAN_POINT('',(-8.388972745734,-6.052985714286,
    42.362257142857));
#11335 = VECTOR('',#11336,1.);
#11336 = DIRECTION('',(0.,-0.947648212829,0.319316245627));
#11337 = ORIENTED_EDGE('',*,*,#11338,.F.);
#11338 = EDGE_CURVE('',#3204,#11331,#11339,.T.);
#11339 = LINE('',#11340,#11341);
#11340 = CARTESIAN_POINT('',(-8.988972745734,-6.121328571429,
    42.385285714286));
#11341 = VECTOR('',#11342,1.);
#11342 = DIRECTION('',(1.,0.,0.));
#11343 = PLANE('',#11344);
#11344 = AXIS2_PLACEMENT_3D('',#11345,#11346,#11347);
#11345 = CARTESIAN_POINT('',(-8.988972745734,-6.052985714286,
    42.362257142857));
#11346 = DIRECTION('',(0.,-0.319316245627,-0.947648212829));
#11347 = DIRECTION('',(0.,-0.947648212829,0.319316245627));
#11348 = ADVANCED_FACE('',(#11349),#11367,.T.);
#11349 = FACE_BOUND('',#11350,.T.);
#11350 = EDGE_LOOP('',(#11351,#11352,#11353,#11361));
#11351 = ORIENTED_EDGE('',*,*,#3203,.T.);
#11352 = ORIENTED_EDGE('',*,*,#11338,.T.);
#11353 = ORIENTED_EDGE('',*,*,#11354,.T.);
#11354 = EDGE_CURVE('',#11331,#11355,#11357,.T.);
#11355 = VERTEX_POINT('',#11356);
#11356 = CARTESIAN_POINT('',(-8.388972745734,-6.1841,42.3968));
#11357 = LINE('',#11358,#11359);
#11358 = CARTESIAN_POINT('',(-8.388972745734,-6.121328571429,
    42.385285714286));
#11359 = VECTOR('',#11360,1.);
#11360 = DIRECTION('',(0.,-0.983589347684,0.180421714664));
#11361 = ORIENTED_EDGE('',*,*,#11362,.F.);
#11362 = EDGE_CURVE('',#3196,#11355,#11363,.T.);
#11363 = LINE('',#11364,#11365);
#11364 = CARTESIAN_POINT('',(-8.988972745734,-6.1841,42.3968));
#11365 = VECTOR('',#11366,1.);
#11366 = DIRECTION('',(1.,0.,0.));
#11367 = PLANE('',#11368);
#11368 = AXIS2_PLACEMENT_3D('',#11369,#11370,#11371);
#11369 = CARTESIAN_POINT('',(-8.988972745734,-6.121328571429,
    42.385285714286));
#11370 = DIRECTION('',(0.,-0.180421714664,-0.983589347684));
#11371 = DIRECTION('',(0.,-0.983589347684,0.180421714664));
#11372 = ADVANCED_FACE('',(#11373),#11398,.T.);
#11373 = FACE_BOUND('',#11374,.T.);
#11374 = EDGE_LOOP('',(#11375,#11376,#11384,#11392));
#11375 = ORIENTED_EDGE('',*,*,#3187,.T.);
#11376 = ORIENTED_EDGE('',*,*,#11377,.T.);
#11377 = EDGE_CURVE('',#3188,#11378,#11380,.T.);
#11378 = VERTEX_POINT('',#11379);
#11379 = CARTESIAN_POINT('',(-8.388972745734,-7.154085714286,42.3968));
#11380 = LINE('',#11381,#11382);
#11381 = CARTESIAN_POINT('',(-8.988972745734,-7.154085714286,42.3968));
#11382 = VECTOR('',#11383,1.);
#11383 = DIRECTION('',(1.,0.,0.));
#11384 = ORIENTED_EDGE('',*,*,#11385,.T.);
#11385 = EDGE_CURVE('',#11378,#11386,#11388,.T.);
#11386 = VERTEX_POINT('',#11387);
#11387 = CARTESIAN_POINT('',(-8.388972745734,-7.2111,42.391042857143));
#11388 = LINE('',#11389,#11390);
#11389 = CARTESIAN_POINT('',(-8.388972745734,-7.154085714286,42.3968));
#11390 = VECTOR('',#11391,1.);
#11391 = DIRECTION('',(0.,-0.994940461748,-0.100466300698));
#11392 = ORIENTED_EDGE('',*,*,#11393,.F.);
#11393 = EDGE_CURVE('',#3180,#11386,#11394,.T.);
#11394 = LINE('',#11395,#11396);
#11395 = CARTESIAN_POINT('',(-8.988972745734,-7.2111,42.391042857143));
#11396 = VECTOR('',#11397,1.);
#11397 = DIRECTION('',(1.,0.,0.));
#11398 = PLANE('',#11399);
#11399 = AXIS2_PLACEMENT_3D('',#11400,#11401,#11402);
#11400 = CARTESIAN_POINT('',(-8.988972745734,-7.154085714286,42.3968));
#11401 = DIRECTION('',(0.,0.100466300698,-0.994940461748));
#11402 = DIRECTION('',(0.,-0.994940461748,-0.100466300698));
#11403 = ADVANCED_FACE('',(#11404),#11422,.T.);
#11404 = FACE_BOUND('',#11405,.T.);
#11405 = EDGE_LOOP('',(#11406,#11407,#11408,#11416));
#11406 = ORIENTED_EDGE('',*,*,#3179,.T.);
#11407 = ORIENTED_EDGE('',*,*,#11393,.T.);
#11408 = ORIENTED_EDGE('',*,*,#11409,.T.);
#11409 = EDGE_CURVE('',#11386,#11410,#11412,.T.);
#11410 = VERTEX_POINT('',#11411);
#11411 = CARTESIAN_POINT('',(-8.388972745734,-7.273871428571,
    42.379714285714));
#11412 = LINE('',#11413,#11414);
#11413 = CARTESIAN_POINT('',(-8.388972745734,-7.2111,42.391042857143));
#11414 = VECTOR('',#11415,1.);
#11415 = DIRECTION('',(0.,-0.984101999614,-0.177604207031));
#11416 = ORIENTED_EDGE('',*,*,#11417,.F.);
#11417 = EDGE_CURVE('',#3172,#11410,#11418,.T.);
#11418 = LINE('',#11419,#11420);
#11419 = CARTESIAN_POINT('',(-8.988972745734,-7.273871428571,
    42.379714285714));
#11420 = VECTOR('',#11421,1.);
#11421 = DIRECTION('',(1.,0.,0.));
#11422 = PLANE('',#11423);
#11423 = AXIS2_PLACEMENT_3D('',#11424,#11425,#11426);
#11424 = CARTESIAN_POINT('',(-8.988972745734,-7.2111,42.391042857143));
#11425 = DIRECTION('',(0.,0.177604207031,-0.984101999614));
#11426 = DIRECTION('',(0.,-0.984101999614,-0.177604207031));
#11427 = ADVANCED_FACE('',(#11428),#11446,.T.);
#11428 = FACE_BOUND('',#11429,.T.);
#11429 = EDGE_LOOP('',(#11430,#11431,#11432,#11440));
#11430 = ORIENTED_EDGE('',*,*,#3171,.T.);
#11431 = ORIENTED_EDGE('',*,*,#11417,.T.);
#11432 = ORIENTED_EDGE('',*,*,#11433,.T.);
#11433 = EDGE_CURVE('',#11410,#11434,#11436,.T.);
#11434 = VERTEX_POINT('',#11435);
#11435 = CARTESIAN_POINT('',(-8.388972745734,-7.330885714286,
    42.356871428571));
#11436 = LINE('',#11437,#11438);
#11437 = CARTESIAN_POINT('',(-8.388972745734,-7.273871428571,
    42.379714285714));
#11438 = VECTOR('',#11439,1.);
#11439 = DIRECTION('',(0.,-0.928268015265,-0.371911940969));
#11440 = ORIENTED_EDGE('',*,*,#11441,.F.);
#11441 = EDGE_CURVE('',#3164,#11434,#11442,.T.);
#11442 = LINE('',#11443,#11444);
#11443 = CARTESIAN_POINT('',(-8.988972745734,-7.330885714286,
    42.356871428571));
#11444 = VECTOR('',#11445,1.);
#11445 = DIRECTION('',(1.,0.,0.));
#11446 = PLANE('',#11447);
#11447 = AXIS2_PLACEMENT_3D('',#11448,#11449,#11450);
#11448 = CARTESIAN_POINT('',(-8.988972745734,-7.273871428571,
    42.379714285714));
#11449 = DIRECTION('',(0.,0.371911940969,-0.928268015265));
#11450 = DIRECTION('',(0.,-0.928268015265,-0.371911940969));
#11451 = ADVANCED_FACE('',(#11452),#11470,.T.);
#11452 = FACE_BOUND('',#11453,.T.);
#11453 = EDGE_LOOP('',(#11454,#11455,#11456,#11464));
#11454 = ORIENTED_EDGE('',*,*,#3163,.T.);
#11455 = ORIENTED_EDGE('',*,*,#11441,.T.);
#11456 = ORIENTED_EDGE('',*,*,#11457,.T.);
#11457 = EDGE_CURVE('',#11434,#11458,#11460,.T.);
#11458 = VERTEX_POINT('',#11459);
#11459 = CARTESIAN_POINT('',(-8.388972745734,-7.382142857143,
    42.334028571429));
#11460 = LINE('',#11461,#11462);
#11461 = CARTESIAN_POINT('',(-8.388972745734,-7.330885714286,
    42.356871428571));
#11462 = VECTOR('',#11463,1.);
#11463 = DIRECTION('',(0.,-0.913401670747,-0.407059440224));
#11464 = ORIENTED_EDGE('',*,*,#11465,.F.);
#11465 = EDGE_CURVE('',#3156,#11458,#11466,.T.);
#11466 = LINE('',#11467,#11468);
#11467 = CARTESIAN_POINT('',(-8.988972745734,-7.382142857143,
    42.334028571429));
#11468 = VECTOR('',#11469,1.);
#11469 = DIRECTION('',(1.,0.,0.));
#11470 = PLANE('',#11471);
#11471 = AXIS2_PLACEMENT_3D('',#11472,#11473,#11474);
#11472 = CARTESIAN_POINT('',(-8.988972745734,-7.330885714286,
    42.356871428571));
#11473 = DIRECTION('',(0.,0.407059440224,-0.913401670747));
#11474 = DIRECTION('',(0.,-0.913401670747,-0.407059440224));
#11475 = ADVANCED_FACE('',(#11476),#11494,.T.);
#11476 = FACE_BOUND('',#11477,.T.);
#11477 = EDGE_LOOP('',(#11478,#11479,#11480,#11488));
#11478 = ORIENTED_EDGE('',*,*,#3155,.T.);
#11479 = ORIENTED_EDGE('',*,*,#11465,.T.);
#11480 = ORIENTED_EDGE('',*,*,#11481,.T.);
#11481 = EDGE_CURVE('',#11458,#11482,#11484,.T.);
#11482 = VERTEX_POINT('',#11483);
#11483 = CARTESIAN_POINT('',(-8.388972745734,-7.410742857143,
    42.316942857143));
#11484 = LINE('',#11485,#11486);
#11485 = CARTESIAN_POINT('',(-8.388972745734,-7.382142857143,
    42.334028571429));
#11486 = VECTOR('',#11487,1.);
#11487 = DIRECTION('',(0.,-0.85847509595,-0.512855252126));
#11488 = ORIENTED_EDGE('',*,*,#11489,.F.);
#11489 = EDGE_CURVE('',#3148,#11482,#11490,.T.);
#11490 = LINE('',#11491,#11492);
#11491 = CARTESIAN_POINT('',(-8.988972745734,-7.410742857143,
    42.316942857143));
#11492 = VECTOR('',#11493,1.);
#11493 = DIRECTION('',(1.,0.,0.));
#11494 = PLANE('',#11495);
#11495 = AXIS2_PLACEMENT_3D('',#11496,#11497,#11498);
#11496 = CARTESIAN_POINT('',(-8.988972745734,-7.382142857143,
    42.334028571429));
#11497 = DIRECTION('',(0.,0.512855252126,-0.85847509595));
#11498 = DIRECTION('',(0.,-0.85847509595,-0.512855252126));
#11499 = ADVANCED_FACE('',(#11500),#11518,.T.);
#11500 = FACE_BOUND('',#11501,.T.);
#11501 = EDGE_LOOP('',(#11502,#11503,#11504,#11512));
#11502 = ORIENTED_EDGE('',*,*,#3147,.T.);
#11503 = ORIENTED_EDGE('',*,*,#11489,.T.);
#11504 = ORIENTED_EDGE('',*,*,#11505,.T.);
#11505 = EDGE_CURVE('',#11482,#11506,#11508,.T.);
#11506 = VERTEX_POINT('',#11507);
#11507 = CARTESIAN_POINT('',(-8.388972745734,-7.444914285714,
    42.299857142857));
#11508 = LINE('',#11509,#11510);
#11509 = CARTESIAN_POINT('',(-8.388972745734,-7.410742857143,
    42.316942857143));
#11510 = VECTOR('',#11511,1.);
#11511 = DIRECTION('',(0.,-0.894427191,-0.4472135955));
#11512 = ORIENTED_EDGE('',*,*,#11513,.F.);
#11513 = EDGE_CURVE('',#3140,#11506,#11514,.T.);
#11514 = LINE('',#11515,#11516);
#11515 = CARTESIAN_POINT('',(-8.988972745734,-7.444914285714,
    42.299857142857));
#11516 = VECTOR('',#11517,1.);
#11517 = DIRECTION('',(1.,0.,0.));
#11518 = PLANE('',#11519);
#11519 = AXIS2_PLACEMENT_3D('',#11520,#11521,#11522);
#11520 = CARTESIAN_POINT('',(-8.988972745734,-7.410742857143,
    42.316942857143));
#11521 = DIRECTION('',(0.,0.4472135955,-0.894427191));
#11522 = DIRECTION('',(0.,-0.894427191,-0.4472135955));
#11523 = ADVANCED_FACE('',(#11524),#11542,.T.);
#11524 = FACE_BOUND('',#11525,.T.);
#11525 = EDGE_LOOP('',(#11526,#11527,#11528,#11536));
#11526 = ORIENTED_EDGE('',*,*,#3139,.T.);
#11527 = ORIENTED_EDGE('',*,*,#11513,.T.);
#11528 = ORIENTED_EDGE('',*,*,#11529,.T.);
#11529 = EDGE_CURVE('',#11506,#11530,#11532,.T.);
#11530 = VERTEX_POINT('',#11531);
#11531 = CARTESIAN_POINT('',(-8.388972745734,-7.473514285714,
    42.277014285714));
#11532 = LINE('',#11533,#11534);
#11533 = CARTESIAN_POINT('',(-8.388972745734,-7.444914285714,
    42.299857142857));
#11534 = VECTOR('',#11535,1.);
#11535 = DIRECTION('',(0.,-0.781363568139,-0.62407609663));
#11536 = ORIENTED_EDGE('',*,*,#11537,.F.);
#11537 = EDGE_CURVE('',#3132,#11530,#11538,.T.);
#11538 = LINE('',#11539,#11540);
#11539 = CARTESIAN_POINT('',(-8.988972745734,-7.473514285714,
    42.277014285714));
#11540 = VECTOR('',#11541,1.);
#11541 = DIRECTION('',(1.,0.,0.));
#11542 = PLANE('',#11543);
#11543 = AXIS2_PLACEMENT_3D('',#11544,#11545,#11546);
#11544 = CARTESIAN_POINT('',(-8.988972745734,-7.444914285714,
    42.299857142857));
#11545 = DIRECTION('',(0.,0.62407609663,-0.781363568139));
#11546 = DIRECTION('',(0.,-0.781363568139,-0.62407609663));
#11547 = ADVANCED_FACE('',(#11548),#11566,.T.);
#11548 = FACE_BOUND('',#11549,.T.);
#11549 = EDGE_LOOP('',(#11550,#11551,#11552,#11560));
#11550 = ORIENTED_EDGE('',*,*,#3131,.T.);
#11551 = ORIENTED_EDGE('',*,*,#11537,.T.);
#11552 = ORIENTED_EDGE('',*,*,#11553,.T.);
#11553 = EDGE_CURVE('',#11530,#11554,#11556,.T.);
#11554 = VERTEX_POINT('',#11555);
#11555 = CARTESIAN_POINT('',(-8.388972745734,-7.507685714286,
    42.254171428571));
#11556 = LINE('',#11557,#11558);
#11557 = CARTESIAN_POINT('',(-8.388972745734,-7.473514285714,
    42.277014285714));
#11558 = VECTOR('',#11559,1.);
#11559 = DIRECTION('',(0.,-0.831354528555,-0.555742429414));
#11560 = ORIENTED_EDGE('',*,*,#11561,.F.);
#11561 = EDGE_CURVE('',#3124,#11554,#11562,.T.);
#11562 = LINE('',#11563,#11564);
#11563 = CARTESIAN_POINT('',(-8.988972745734,-7.507685714286,
    42.254171428571));
#11564 = VECTOR('',#11565,1.);
#11565 = DIRECTION('',(1.,0.,0.));
#11566 = PLANE('',#11567);
#11567 = AXIS2_PLACEMENT_3D('',#11568,#11569,#11570);
#11568 = CARTESIAN_POINT('',(-8.988972745734,-7.473514285714,
    42.277014285714));
#11569 = DIRECTION('',(0.,0.555742429414,-0.831354528555));
#11570 = DIRECTION('',(0.,-0.831354528555,-0.555742429414));
#11571 = ADVANCED_FACE('',(#11572),#11590,.T.);
#11572 = FACE_BOUND('',#11573,.T.);
#11573 = EDGE_LOOP('',(#11574,#11575,#11576,#11584));
#11574 = ORIENTED_EDGE('',*,*,#3123,.T.);
#11575 = ORIENTED_EDGE('',*,*,#11561,.T.);
#11576 = ORIENTED_EDGE('',*,*,#11577,.T.);
#11577 = EDGE_CURVE('',#11554,#11578,#11580,.T.);
#11578 = VERTEX_POINT('',#11579);
#11579 = CARTESIAN_POINT('',(-8.388972745734,-7.530528571429,
    42.225571428571));
#11580 = LINE('',#11581,#11582);
#11581 = CARTESIAN_POINT('',(-8.388972745734,-7.507685714286,
    42.254171428571));
#11582 = VECTOR('',#11583,1.);
#11583 = DIRECTION('',(0.,-0.62407609663,-0.781363568139));
#11584 = ORIENTED_EDGE('',*,*,#11585,.F.);
#11585 = EDGE_CURVE('',#3116,#11578,#11586,.T.);
#11586 = LINE('',#11587,#11588);
#11587 = CARTESIAN_POINT('',(-8.988972745734,-7.530528571429,
    42.225571428571));
#11588 = VECTOR('',#11589,1.);
#11589 = DIRECTION('',(1.,0.,0.));
#11590 = PLANE('',#11591);
#11591 = AXIS2_PLACEMENT_3D('',#11592,#11593,#11594);
#11592 = CARTESIAN_POINT('',(-8.988972745734,-7.507685714286,
    42.254171428571));
#11593 = DIRECTION('',(0.,0.781363568139,-0.62407609663));
#11594 = DIRECTION('',(0.,-0.62407609663,-0.781363568139));
#11595 = ADVANCED_FACE('',(#11596),#11614,.T.);
#11596 = FACE_BOUND('',#11597,.T.);
#11597 = EDGE_LOOP('',(#11598,#11599,#11600,#11608));
#11598 = ORIENTED_EDGE('',*,*,#3115,.T.);
#11599 = ORIENTED_EDGE('',*,*,#11585,.T.);
#11600 = ORIENTED_EDGE('',*,*,#11601,.T.);
#11601 = EDGE_CURVE('',#11578,#11602,#11604,.T.);
#11602 = VERTEX_POINT('',#11603);
#11603 = CARTESIAN_POINT('',(-8.388972745734,-7.559128571429,
    42.197157142857));
#11604 = LINE('',#11605,#11606);
#11605 = CARTESIAN_POINT('',(-8.388972745734,-7.530528571429,
    42.225571428571));
#11606 = VECTOR('',#11607,1.);
#11607 = DIRECTION('',(0.,-0.709406297146,-0.704799762748));
#11608 = ORIENTED_EDGE('',*,*,#11609,.F.);
#11609 = EDGE_CURVE('',#3108,#11602,#11610,.T.);
#11610 = LINE('',#11611,#11612);
#11611 = CARTESIAN_POINT('',(-8.988972745734,-7.559128571429,
    42.197157142857));
#11612 = VECTOR('',#11613,1.);
#11613 = DIRECTION('',(1.,0.,0.));
#11614 = PLANE('',#11615);
#11615 = AXIS2_PLACEMENT_3D('',#11616,#11617,#11618);
#11616 = CARTESIAN_POINT('',(-8.988972745734,-7.530528571429,
    42.225571428571));
#11617 = DIRECTION('',(0.,0.704799762748,-0.709406297146));
#11618 = DIRECTION('',(0.,-0.709406297146,-0.704799762748));
#11619 = ADVANCED_FACE('',(#11620),#11638,.T.);
#11620 = FACE_BOUND('',#11621,.T.);
#11621 = EDGE_LOOP('',(#11622,#11623,#11624,#11632));
#11622 = ORIENTED_EDGE('',*,*,#3107,.T.);
#11623 = ORIENTED_EDGE('',*,*,#11609,.T.);
#11624 = ORIENTED_EDGE('',*,*,#11625,.T.);
#11625 = EDGE_CURVE('',#11602,#11626,#11628,.T.);
#11626 = VERTEX_POINT('',#11627);
#11627 = CARTESIAN_POINT('',(-8.388972745734,-7.581971428571,
    42.174314285714));
#11628 = LINE('',#11629,#11630);
#11629 = CARTESIAN_POINT('',(-8.388972745734,-7.559128571429,
    42.197157142857));
#11630 = VECTOR('',#11631,1.);
#11631 = DIRECTION('',(0.,-0.707106781187,-0.707106781187));
#11632 = ORIENTED_EDGE('',*,*,#11633,.F.);
#11633 = EDGE_CURVE('',#3100,#11626,#11634,.T.);
#11634 = LINE('',#11635,#11636);
#11635 = CARTESIAN_POINT('',(-8.988972745734,-7.581971428571,
    42.174314285714));
#11636 = VECTOR('',#11637,1.);
#11637 = DIRECTION('',(1.,0.,0.));
#11638 = PLANE('',#11639);
#11639 = AXIS2_PLACEMENT_3D('',#11640,#11641,#11642);
#11640 = CARTESIAN_POINT('',(-8.988972745734,-7.559128571429,
    42.197157142857));
#11641 = DIRECTION('',(0.,0.707106781187,-0.707106781187));
#11642 = DIRECTION('',(0.,-0.707106781187,-0.707106781187));
#11643 = ADVANCED_FACE('',(#11644),#11662,.T.);
#11644 = FACE_BOUND('',#11645,.T.);
#11645 = EDGE_LOOP('',(#11646,#11647,#11648,#11656));
#11646 = ORIENTED_EDGE('',*,*,#3099,.T.);
#11647 = ORIENTED_EDGE('',*,*,#11633,.T.);
#11648 = ORIENTED_EDGE('',*,*,#11649,.T.);
#11649 = EDGE_CURVE('',#11626,#11650,#11652,.T.);
#11650 = VERTEX_POINT('',#11651);
#11651 = CARTESIAN_POINT('',(-8.388972745734,-7.604628571429,
    42.140142857143));
#11652 = LINE('',#11653,#11654);
#11653 = CARTESIAN_POINT('',(-8.388972745734,-7.581971428571,
    42.174314285714));
#11654 = VECTOR('',#11655,1.);
#11655 = DIRECTION('',(0.,-0.5526078733,-0.833441382682));
#11656 = ORIENTED_EDGE('',*,*,#11657,.F.);
#11657 = EDGE_CURVE('',#3092,#11650,#11658,.T.);
#11658 = LINE('',#11659,#11660);
#11659 = CARTESIAN_POINT('',(-8.988972745734,-7.604628571429,
    42.140142857143));
#11660 = VECTOR('',#11661,1.);
#11661 = DIRECTION('',(1.,0.,0.));
#11662 = PLANE('',#11663);
#11663 = AXIS2_PLACEMENT_3D('',#11664,#11665,#11666);
#11664 = CARTESIAN_POINT('',(-8.988972745734,-7.581971428571,
    42.174314285714));
#11665 = DIRECTION('',(0.,0.833441382682,-0.5526078733));
#11666 = DIRECTION('',(0.,-0.5526078733,-0.833441382682));
#11667 = ADVANCED_FACE('',(#11668),#11693,.T.);
#11668 = FACE_BOUND('',#11669,.T.);
#11669 = EDGE_LOOP('',(#11670,#11671,#11679,#11687));
#11670 = ORIENTED_EDGE('',*,*,#3083,.T.);
#11671 = ORIENTED_EDGE('',*,*,#11672,.T.);
#11672 = EDGE_CURVE('',#3084,#11673,#11675,.T.);
#11673 = VERTEX_POINT('',#11674);
#11674 = CARTESIAN_POINT('',(-8.388972745734,-7.650314285714,
    42.048771428571));
#11675 = LINE('',#11676,#11677);
#11676 = CARTESIAN_POINT('',(-8.988972745734,-7.650314285714,
    42.048771428571));
#11677 = VECTOR('',#11678,1.);
#11678 = DIRECTION('',(1.,0.,0.));
#11679 = ORIENTED_EDGE('',*,*,#11680,.T.);
#11680 = EDGE_CURVE('',#11673,#11681,#11683,.T.);
#11681 = VERTEX_POINT('',#11682);
#11682 = CARTESIAN_POINT('',(-8.388972745734,-7.661828571429,42.0146));
#11683 = LINE('',#11684,#11685);
#11684 = CARTESIAN_POINT('',(-8.388972745734,-7.650314285714,
    42.048771428571));
#11685 = VECTOR('',#11686,1.);
#11686 = DIRECTION('',(0.,-0.319316245627,-0.947648212829));
#11687 = ORIENTED_EDGE('',*,*,#11688,.F.);
#11688 = EDGE_CURVE('',#3076,#11681,#11689,.T.);
#11689 = LINE('',#11690,#11691);
#11690 = CARTESIAN_POINT('',(-8.988972745734,-7.661828571429,42.0146));
#11691 = VECTOR('',#11692,1.);
#11692 = DIRECTION('',(1.,0.,0.));
#11693 = PLANE('',#11694);
#11694 = AXIS2_PLACEMENT_3D('',#11695,#11696,#11697);
#11695 = CARTESIAN_POINT('',(-8.988972745734,-7.650314285714,
    42.048771428571));
#11696 = DIRECTION('',(0.,0.947648212829,-0.319316245627));
#11697 = DIRECTION('',(0.,-0.319316245627,-0.947648212829));
#11698 = ADVANCED_FACE('',(#11699),#11717,.T.);
#11699 = FACE_BOUND('',#11700,.T.);
#11700 = EDGE_LOOP('',(#11701,#11702,#11703,#11711));
#11701 = ORIENTED_EDGE('',*,*,#3075,.T.);
#11702 = ORIENTED_EDGE('',*,*,#11688,.T.);
#11703 = ORIENTED_EDGE('',*,*,#11704,.T.);
#11704 = EDGE_CURVE('',#11681,#11705,#11707,.T.);
#11705 = VERTEX_POINT('',#11706);
#11706 = CARTESIAN_POINT('',(-8.388972745734,-7.678914285714,
    41.974671428571));
#11707 = LINE('',#11708,#11709);
#11708 = CARTESIAN_POINT('',(-8.388972745734,-7.661828571429,42.0146));
#11709 = VECTOR('',#11710,1.);
#11710 = DIRECTION('',(0.,-0.393403152889,-0.919366063816));
#11711 = ORIENTED_EDGE('',*,*,#11712,.F.);
#11712 = EDGE_CURVE('',#3068,#11705,#11713,.T.);
#11713 = LINE('',#11714,#11715);
#11714 = CARTESIAN_POINT('',(-8.988972745734,-7.678914285714,
    41.974671428571));
#11715 = VECTOR('',#11716,1.);
#11716 = DIRECTION('',(1.,0.,0.));
#11717 = PLANE('',#11718);
#11718 = AXIS2_PLACEMENT_3D('',#11719,#11720,#11721);
#11719 = CARTESIAN_POINT('',(-8.988972745734,-7.661828571429,42.0146));
#11720 = DIRECTION('',(0.,0.919366063816,-0.393403152889));
#11721 = DIRECTION('',(0.,-0.393403152889,-0.919366063816));
#11722 = ADVANCED_FACE('',(#11723),#11741,.T.);
#11723 = FACE_BOUND('',#11724,.T.);
#11724 = EDGE_LOOP('',(#11725,#11726,#11727,#11735));
#11725 = ORIENTED_EDGE('',*,*,#3067,.T.);
#11726 = ORIENTED_EDGE('',*,*,#11712,.T.);
#11727 = ORIENTED_EDGE('',*,*,#11728,.T.);
#11728 = EDGE_CURVE('',#11705,#11729,#11731,.T.);
#11729 = VERTEX_POINT('',#11730);
#11730 = CARTESIAN_POINT('',(-8.388972745734,-7.684671428571,
    41.940314285714));
#11731 = LINE('',#11732,#11733);
#11732 = CARTESIAN_POINT('',(-8.388972745734,-7.678914285714,
    41.974671428571));
#11733 = VECTOR('',#11734,1.);
#11734 = DIRECTION('',(0.,-0.165263423329,-0.986249461804));
#11735 = ORIENTED_EDGE('',*,*,#11736,.F.);
#11736 = EDGE_CURVE('',#3060,#11729,#11737,.T.);
#11737 = LINE('',#11738,#11739);
#11738 = CARTESIAN_POINT('',(-8.988972745734,-7.684671428571,
    41.940314285714));
#11739 = VECTOR('',#11740,1.);
#11740 = DIRECTION('',(1.,0.,0.));
#11741 = PLANE('',#11742);
#11742 = AXIS2_PLACEMENT_3D('',#11743,#11744,#11745);
#11743 = CARTESIAN_POINT('',(-8.988972745734,-7.678914285714,
    41.974671428571));
#11744 = DIRECTION('',(0.,0.986249461804,-0.165263423329));
#11745 = DIRECTION('',(0.,-0.165263423329,-0.986249461804));
#11746 = ADVANCED_FACE('',(#11747),#11765,.T.);
#11747 = FACE_BOUND('',#11748,.T.);
#11748 = EDGE_LOOP('',(#11749,#11750,#11751,#11759));
#11749 = ORIENTED_EDGE('',*,*,#3059,.T.);
#11750 = ORIENTED_EDGE('',*,*,#11736,.T.);
#11751 = ORIENTED_EDGE('',*,*,#11752,.T.);
#11752 = EDGE_CURVE('',#11729,#11753,#11755,.T.);
#11753 = VERTEX_POINT('',#11754);
#11754 = CARTESIAN_POINT('',(-8.388972745734,-7.690242857143,
    41.900385714286));
#11755 = LINE('',#11756,#11757);
#11756 = CARTESIAN_POINT('',(-8.388972745734,-7.684671428571,
    41.940314285714));
#11757 = VECTOR('',#11758,1.);
#11758 = DIRECTION('',(0.,-0.138196031911,-0.990404895365));
#11759 = ORIENTED_EDGE('',*,*,#11760,.F.);
#11760 = EDGE_CURVE('',#3052,#11753,#11761,.T.);
#11761 = LINE('',#11762,#11763);
#11762 = CARTESIAN_POINT('',(-8.988972745734,-7.690242857143,
    41.900385714286));
#11763 = VECTOR('',#11764,1.);
#11764 = DIRECTION('',(1.,0.,0.));
#11765 = PLANE('',#11766);
#11766 = AXIS2_PLACEMENT_3D('',#11767,#11768,#11769);
#11767 = CARTESIAN_POINT('',(-8.988972745734,-7.684671428571,
    41.940314285714));
#11768 = DIRECTION('',(0.,0.990404895365,-0.138196031911));
#11769 = DIRECTION('',(0.,-0.138196031911,-0.990404895365));
#11770 = ADVANCED_FACE('',(#11771),#11789,.T.);
#11771 = FACE_BOUND('',#11772,.T.);
#11772 = EDGE_LOOP('',(#11773,#11774,#11775,#11783));
#11773 = ORIENTED_EDGE('',*,*,#3051,.T.);
#11774 = ORIENTED_EDGE('',*,*,#11760,.T.);
#11775 = ORIENTED_EDGE('',*,*,#11776,.T.);
#11776 = EDGE_CURVE('',#11753,#11777,#11779,.T.);
#11777 = VERTEX_POINT('',#11778);
#11778 = CARTESIAN_POINT('',(-8.388972745734,-7.696,41.871971428571));
#11779 = LINE('',#11780,#11781);
#11780 = CARTESIAN_POINT('',(-8.388972745734,-7.690242857143,
    41.900385714286));
#11781 = VECTOR('',#11782,1.);
#11782 = DIRECTION('',(0.,-0.198579278868,-0.980084827963));
#11783 = ORIENTED_EDGE('',*,*,#11784,.F.);
#11784 = EDGE_CURVE('',#3044,#11777,#11785,.T.);
#11785 = LINE('',#11786,#11787);
#11786 = CARTESIAN_POINT('',(-8.988972745734,-7.696,41.871971428571));
#11787 = VECTOR('',#11788,1.);
#11788 = DIRECTION('',(1.,0.,0.));
#11789 = PLANE('',#11790);
#11790 = AXIS2_PLACEMENT_3D('',#11791,#11792,#11793);
#11791 = CARTESIAN_POINT('',(-8.988972745734,-7.690242857143,
    41.900385714286));
#11792 = DIRECTION('',(0.,0.980084827963,-0.198579278868));
#11793 = DIRECTION('',(0.,-0.198579278868,-0.980084827963));
#11794 = ADVANCED_FACE('',(#11795),#11820,.T.);
#11795 = FACE_BOUND('',#11796,.T.);
#11796 = EDGE_LOOP('',(#11797,#11798,#11806,#11814));
#11797 = ORIENTED_EDGE('',*,*,#3035,.T.);
#11798 = ORIENTED_EDGE('',*,*,#11799,.T.);
#11799 = EDGE_CURVE('',#3036,#11800,#11802,.T.);
#11800 = VERTEX_POINT('',#11801);
#11801 = CARTESIAN_POINT('',(-8.388972745734,-7.696,38.962385714286));
#11802 = LINE('',#11803,#11804);
#11803 = CARTESIAN_POINT('',(-8.988972745734,-7.696,38.962385714286));
#11804 = VECTOR('',#11805,1.);
#11805 = DIRECTION('',(1.,0.,0.));
#11806 = ORIENTED_EDGE('',*,*,#11807,.T.);
#11807 = EDGE_CURVE('',#11800,#11808,#11810,.T.);
#11808 = VERTEX_POINT('',#11809);
#11809 = CARTESIAN_POINT('',(-8.388972745734,-7.690242857143,
    38.899614285714));
#11810 = LINE('',#11811,#11812);
#11811 = CARTESIAN_POINT('',(-8.388972745734,-7.696,38.962385714286));
#11812 = VECTOR('',#11813,1.);
#11813 = DIRECTION('',(-0.,9.133264387955E-02,-0.995820439719));
#11814 = ORIENTED_EDGE('',*,*,#11815,.F.);
#11815 = EDGE_CURVE('',#3028,#11808,#11816,.T.);
#11816 = LINE('',#11817,#11818);
#11817 = CARTESIAN_POINT('',(-8.988972745734,-7.690242857143,
    38.899614285714));
#11818 = VECTOR('',#11819,1.);
#11819 = DIRECTION('',(1.,0.,0.));
#11820 = PLANE('',#11821);
#11821 = AXIS2_PLACEMENT_3D('',#11822,#11823,#11824);
#11822 = CARTESIAN_POINT('',(-8.988972745734,-7.696,38.962385714286));
#11823 = DIRECTION('',(-0.,0.995820439719,9.133264387955E-02));
#11824 = DIRECTION('',(0.,9.133264387955E-02,-0.995820439719));
#11825 = ADVANCED_FACE('',(#11826),#11844,.T.);
#11826 = FACE_BOUND('',#11827,.T.);
#11827 = EDGE_LOOP('',(#11828,#11829,#11830,#11838));
#11828 = ORIENTED_EDGE('',*,*,#3027,.T.);
#11829 = ORIENTED_EDGE('',*,*,#11815,.T.);
#11830 = ORIENTED_EDGE('',*,*,#11831,.T.);
#11831 = EDGE_CURVE('',#11808,#11832,#11834,.T.);
#11832 = VERTEX_POINT('',#11833);
#11833 = CARTESIAN_POINT('',(-8.388972745734,-7.678914285714,
    38.836842857143));
#11834 = LINE('',#11835,#11836);
#11835 = CARTESIAN_POINT('',(-8.388972745734,-7.690242857143,
    38.899614285714));
#11836 = VECTOR('',#11837,1.);
#11837 = DIRECTION('',(-0.,0.177604207031,-0.984101999614));
#11838 = ORIENTED_EDGE('',*,*,#11839,.F.);
#11839 = EDGE_CURVE('',#3020,#11832,#11840,.T.);
#11840 = LINE('',#11841,#11842);
#11841 = CARTESIAN_POINT('',(-8.988972745734,-7.678914285714,
    38.836842857143));
#11842 = VECTOR('',#11843,1.);
#11843 = DIRECTION('',(1.,0.,0.));
#11844 = PLANE('',#11845);
#11845 = AXIS2_PLACEMENT_3D('',#11846,#11847,#11848);
#11846 = CARTESIAN_POINT('',(-8.988972745734,-7.690242857143,
    38.899614285714));
#11847 = DIRECTION('',(-0.,0.984101999614,0.177604207031));
#11848 = DIRECTION('',(0.,0.177604207031,-0.984101999614));
#11849 = ADVANCED_FACE('',(#11850),#11868,.T.);
#11850 = FACE_BOUND('',#11851,.T.);
#11851 = EDGE_LOOP('',(#11852,#11853,#11854,#11862));
#11852 = ORIENTED_EDGE('',*,*,#3019,.T.);
#11853 = ORIENTED_EDGE('',*,*,#11839,.T.);
#11854 = ORIENTED_EDGE('',*,*,#11855,.T.);
#11855 = EDGE_CURVE('',#11832,#11856,#11858,.T.);
#11856 = VERTEX_POINT('',#11857);
#11857 = CARTESIAN_POINT('',(-8.388972745734,-7.656071428571,
    38.768314285714));
#11858 = LINE('',#11859,#11860);
#11859 = CARTESIAN_POINT('',(-8.388972745734,-7.678914285714,
    38.836842857143));
#11860 = VECTOR('',#11861,1.);
#11861 = DIRECTION('',(-0.,0.316227766017,-0.948683298051));
#11862 = ORIENTED_EDGE('',*,*,#11863,.F.);
#11863 = EDGE_CURVE('',#3012,#11856,#11864,.T.);
#11864 = LINE('',#11865,#11866);
#11865 = CARTESIAN_POINT('',(-8.988972745734,-7.656071428571,
    38.768314285714));
#11866 = VECTOR('',#11867,1.);
#11867 = DIRECTION('',(1.,0.,0.));
#11868 = PLANE('',#11869);
#11869 = AXIS2_PLACEMENT_3D('',#11870,#11871,#11872);
#11870 = CARTESIAN_POINT('',(-8.988972745734,-7.678914285714,
    38.836842857143));
#11871 = DIRECTION('',(-0.,0.948683298051,0.316227766017));
#11872 = DIRECTION('',(0.,0.316227766017,-0.948683298051));
#11873 = ADVANCED_FACE('',(#11874),#11892,.T.);
#11874 = FACE_BOUND('',#11875,.T.);
#11875 = EDGE_LOOP('',(#11876,#11877,#11878,#11886));
#11876 = ORIENTED_EDGE('',*,*,#3011,.T.);
#11877 = ORIENTED_EDGE('',*,*,#11863,.T.);
#11878 = ORIENTED_EDGE('',*,*,#11879,.T.);
#11879 = EDGE_CURVE('',#11856,#11880,#11882,.T.);
#11880 = VERTEX_POINT('',#11881);
#11881 = CARTESIAN_POINT('',(-8.388972745734,-7.633228571429,
    38.717057142857));
#11882 = LINE('',#11883,#11884);
#11883 = CARTESIAN_POINT('',(-8.388972745734,-7.656071428571,
    38.768314285714));
#11884 = VECTOR('',#11885,1.);
#11885 = DIRECTION('',(-0.,0.407059440224,-0.913401670747));
#11886 = ORIENTED_EDGE('',*,*,#11887,.F.);
#11887 = EDGE_CURVE('',#3004,#11880,#11888,.T.);
#11888 = LINE('',#11889,#11890);
#11889 = CARTESIAN_POINT('',(-8.988972745734,-7.633228571429,
    38.717057142857));
#11890 = VECTOR('',#11891,1.);
#11891 = DIRECTION('',(1.,0.,0.));
#11892 = PLANE('',#11893);
#11893 = AXIS2_PLACEMENT_3D('',#11894,#11895,#11896);
#11894 = CARTESIAN_POINT('',(-8.988972745734,-7.656071428571,
    38.768314285714));
#11895 = DIRECTION('',(-0.,0.913401670747,0.407059440224));
#11896 = DIRECTION('',(0.,0.407059440224,-0.913401670747));
#11897 = ADVANCED_FACE('',(#11898),#11916,.T.);
#11898 = FACE_BOUND('',#11899,.T.);
#11899 = EDGE_LOOP('',(#11900,#11901,#11902,#11910));
#11900 = ORIENTED_EDGE('',*,*,#3003,.T.);
#11901 = ORIENTED_EDGE('',*,*,#11887,.T.);
#11902 = ORIENTED_EDGE('',*,*,#11903,.T.);
#11903 = EDGE_CURVE('',#11880,#11904,#11906,.T.);
#11904 = VERTEX_POINT('',#11905);
#11905 = CARTESIAN_POINT('',(-8.388972745734,-7.604628571429,
    38.665614285714));
#11906 = LINE('',#11907,#11908);
#11907 = CARTESIAN_POINT('',(-8.388972745734,-7.633228571429,
    38.717057142857));
#11908 = VECTOR('',#11909,1.);
#11909 = DIRECTION('',(-0.,0.48591080823,-0.874008401816));
#11910 = ORIENTED_EDGE('',*,*,#11911,.F.);
#11911 = EDGE_CURVE('',#2996,#11904,#11912,.T.);
#11912 = LINE('',#11913,#11914);
#11913 = CARTESIAN_POINT('',(-8.988972745734,-7.604628571429,
    38.665614285714));
#11914 = VECTOR('',#11915,1.);
#11915 = DIRECTION('',(1.,0.,0.));
#11916 = PLANE('',#11917);
#11917 = AXIS2_PLACEMENT_3D('',#11918,#11919,#11920);
#11918 = CARTESIAN_POINT('',(-8.988972745734,-7.633228571429,
    38.717057142857));
#11919 = DIRECTION('',(-0.,0.874008401816,0.48591080823));
#11920 = DIRECTION('',(0.,0.48591080823,-0.874008401816));
#11921 = ADVANCED_FACE('',(#11922),#11940,.T.);
#11922 = FACE_BOUND('',#11923,.T.);
#11923 = EDGE_LOOP('',(#11924,#11925,#11926,#11934));
#11924 = ORIENTED_EDGE('',*,*,#2995,.T.);
#11925 = ORIENTED_EDGE('',*,*,#11911,.T.);
#11926 = ORIENTED_EDGE('',*,*,#11927,.T.);
#11927 = EDGE_CURVE('',#11904,#11928,#11930,.T.);
#11928 = VERTEX_POINT('',#11929);
#11929 = CARTESIAN_POINT('',(-8.388972745734,-7.570457142857,
    38.614357142857));
#11930 = LINE('',#11931,#11932);
#11931 = CARTESIAN_POINT('',(-8.388972745734,-7.604628571429,
    38.665614285714));
#11932 = VECTOR('',#11933,1.);
#11933 = DIRECTION('',(-0.,0.554700196225,-0.832050294338));
#11934 = ORIENTED_EDGE('',*,*,#11935,.F.);
#11935 = EDGE_CURVE('',#2988,#11928,#11936,.T.);
#11936 = LINE('',#11937,#11938);
#11937 = CARTESIAN_POINT('',(-8.988972745734,-7.570457142857,
    38.614357142857));
#11938 = VECTOR('',#11939,1.);
#11939 = DIRECTION('',(1.,0.,0.));
#11940 = PLANE('',#11941);
#11941 = AXIS2_PLACEMENT_3D('',#11942,#11943,#11944);
#11942 = CARTESIAN_POINT('',(-8.988972745734,-7.604628571429,
    38.665614285714));
#11943 = DIRECTION('',(-0.,0.832050294338,0.554700196225));
#11944 = DIRECTION('',(0.,0.554700196225,-0.832050294338));
#11945 = ADVANCED_FACE('',(#11946),#11964,.T.);
#11946 = FACE_BOUND('',#11947,.T.);
#11947 = EDGE_LOOP('',(#11948,#11949,#11950,#11958));
#11948 = ORIENTED_EDGE('',*,*,#2987,.T.);
#11949 = ORIENTED_EDGE('',*,*,#11935,.T.);
#11950 = ORIENTED_EDGE('',*,*,#11951,.T.);
#11951 = EDGE_CURVE('',#11928,#11952,#11954,.T.);
#11952 = VERTEX_POINT('',#11953);
#11953 = CARTESIAN_POINT('',(-8.388972745734,-7.5192,38.562914285714));
#11954 = LINE('',#11955,#11956);
#11955 = CARTESIAN_POINT('',(-8.388972745734,-7.570457142857,
    38.614357142857));
#11956 = VECTOR('',#11957,1.);
#11957 = DIRECTION('',(-0.,0.705826953048,-0.708384297081));
#11958 = ORIENTED_EDGE('',*,*,#11959,.F.);
#11959 = EDGE_CURVE('',#2980,#11952,#11960,.T.);
#11960 = LINE('',#11961,#11962);
#11961 = CARTESIAN_POINT('',(-8.988972745734,-7.5192,38.562914285714));
#11962 = VECTOR('',#11963,1.);
#11963 = DIRECTION('',(1.,0.,0.));
#11964 = PLANE('',#11965);
#11965 = AXIS2_PLACEMENT_3D('',#11966,#11967,#11968);
#11966 = CARTESIAN_POINT('',(-8.988972745734,-7.570457142857,
    38.614357142857));
#11967 = DIRECTION('',(-0.,0.708384297081,0.705826953048));
#11968 = DIRECTION('',(0.,0.705826953048,-0.708384297081));
#11969 = ADVANCED_FACE('',(#11970),#11988,.T.);
#11970 = FACE_BOUND('',#11971,.T.);
#11971 = EDGE_LOOP('',(#11972,#11973,#11974,#11982));
#11972 = ORIENTED_EDGE('',*,*,#2979,.T.);
#11973 = ORIENTED_EDGE('',*,*,#11959,.T.);
#11974 = ORIENTED_EDGE('',*,*,#11975,.T.);
#11975 = EDGE_CURVE('',#11952,#11976,#11978,.T.);
#11976 = VERTEX_POINT('',#11977);
#11977 = CARTESIAN_POINT('',(-8.388972745734,-7.473514285714,
    38.522985714286));
#11978 = LINE('',#11979,#11980);
#11979 = CARTESIAN_POINT('',(-8.388972745734,-7.5192,38.562914285714));
#11980 = VECTOR('',#11981,1.);
#11981 = DIRECTION('',(-0.,0.752955783567,-0.658071111654));
#11982 = ORIENTED_EDGE('',*,*,#11983,.F.);
#11983 = EDGE_CURVE('',#2972,#11976,#11984,.T.);
#11984 = LINE('',#11985,#11986);
#11985 = CARTESIAN_POINT('',(-8.988972745734,-7.473514285714,
    38.522985714286));
#11986 = VECTOR('',#11987,1.);
#11987 = DIRECTION('',(1.,0.,0.));
#11988 = PLANE('',#11989);
#11989 = AXIS2_PLACEMENT_3D('',#11990,#11991,#11992);
#11990 = CARTESIAN_POINT('',(-8.988972745734,-7.5192,38.562914285714));
#11991 = DIRECTION('',(-0.,0.658071111654,0.752955783567));
#11992 = DIRECTION('',(0.,0.752955783567,-0.658071111654));
#11993 = ADVANCED_FACE('',(#11994),#12012,.T.);
#11994 = FACE_BOUND('',#11995,.T.);
#11995 = EDGE_LOOP('',(#11996,#11997,#11998,#12006));
#11996 = ORIENTED_EDGE('',*,*,#2971,.T.);
#11997 = ORIENTED_EDGE('',*,*,#11983,.T.);
#11998 = ORIENTED_EDGE('',*,*,#11999,.T.);
#11999 = EDGE_CURVE('',#11976,#12000,#12002,.T.);
#12000 = VERTEX_POINT('',#12001);
#12001 = CARTESIAN_POINT('',(-8.388972745734,-7.422071428571,
    38.488814285714));
#12002 = LINE('',#12003,#12004);
#12003 = CARTESIAN_POINT('',(-8.388972745734,-7.473514285714,
    38.522985714286));
#12004 = VECTOR('',#12005,1.);
#12005 = DIRECTION('',(-0.,0.832974406886,-0.553311519375));
#12006 = ORIENTED_EDGE('',*,*,#12007,.F.);
#12007 = EDGE_CURVE('',#2964,#12000,#12008,.T.);
#12008 = LINE('',#12009,#12010);
#12009 = CARTESIAN_POINT('',(-8.988972745734,-7.422071428571,
    38.488814285714));
#12010 = VECTOR('',#12011,1.);
#12011 = DIRECTION('',(1.,0.,0.));
#12012 = PLANE('',#12013);
#12013 = AXIS2_PLACEMENT_3D('',#12014,#12015,#12016);
#12014 = CARTESIAN_POINT('',(-8.988972745734,-7.473514285714,
    38.522985714286));
#12015 = DIRECTION('',(-0.,0.553311519375,0.832974406886));
#12016 = DIRECTION('',(0.,0.832974406886,-0.553311519375));
#12017 = ADVANCED_FACE('',(#12018),#12036,.T.);
#12018 = FACE_BOUND('',#12019,.T.);
#12019 = EDGE_LOOP('',(#12020,#12021,#12022,#12030));
#12020 = ORIENTED_EDGE('',*,*,#2963,.T.);
#12021 = ORIENTED_EDGE('',*,*,#12007,.T.);
#12022 = ORIENTED_EDGE('',*,*,#12023,.T.);
#12023 = EDGE_CURVE('',#12000,#12024,#12026,.T.);
#12024 = VERTEX_POINT('',#12025);
#12025 = CARTESIAN_POINT('',(-8.388972745734,-7.370814285714,
    38.460214285714));
#12026 = LINE('',#12027,#12028);
#12027 = CARTESIAN_POINT('',(-8.388972745734,-7.422071428571,
    38.488814285714));
#12028 = VECTOR('',#12029,1.);
#12029 = DIRECTION('',(-0.,0.873260322171,-0.487253947878));
#12030 = ORIENTED_EDGE('',*,*,#12031,.F.);
#12031 = EDGE_CURVE('',#2956,#12024,#12032,.T.);
#12032 = LINE('',#12033,#12034);
#12033 = CARTESIAN_POINT('',(-8.988972745734,-7.370814285714,
    38.460214285714));
#12034 = VECTOR('',#12035,1.);
#12035 = DIRECTION('',(1.,0.,0.));
#12036 = PLANE('',#12037);
#12037 = AXIS2_PLACEMENT_3D('',#12038,#12039,#12040);
#12038 = CARTESIAN_POINT('',(-8.988972745734,-7.422071428571,
    38.488814285714));
#12039 = DIRECTION('',(-0.,0.487253947878,0.873260322171));
#12040 = DIRECTION('',(0.,0.873260322171,-0.487253947878));
#12041 = ADVANCED_FACE('',(#12042),#12060,.T.);
#12042 = FACE_BOUND('',#12043,.T.);
#12043 = EDGE_LOOP('',(#12044,#12045,#12046,#12054));
#12044 = ORIENTED_EDGE('',*,*,#2955,.T.);
#12045 = ORIENTED_EDGE('',*,*,#12031,.T.);
#12046 = ORIENTED_EDGE('',*,*,#12047,.T.);
#12047 = EDGE_CURVE('',#12024,#12048,#12050,.T.);
#12048 = VERTEX_POINT('',#12049);
#12049 = CARTESIAN_POINT('',(-8.388972745734,-7.302285714286,38.4318));
#12050 = LINE('',#12051,#12052);
#12051 = CARTESIAN_POINT('',(-8.388972745734,-7.370814285714,
    38.460214285714));
#12052 = VECTOR('',#12053,1.);
#12053 = DIRECTION('',(-0.,0.923742113572,-0.3830150227));
#12054 = ORIENTED_EDGE('',*,*,#12055,.F.);
#12055 = EDGE_CURVE('',#2948,#12048,#12056,.T.);
#12056 = LINE('',#12057,#12058);
#12057 = CARTESIAN_POINT('',(-8.988972745734,-7.302285714286,38.4318));
#12058 = VECTOR('',#12059,1.);
#12059 = DIRECTION('',(1.,0.,0.));
#12060 = PLANE('',#12061);
#12061 = AXIS2_PLACEMENT_3D('',#12062,#12063,#12064);
#12062 = CARTESIAN_POINT('',(-8.988972745734,-7.370814285714,
    38.460214285714));
#12063 = DIRECTION('',(-0.,0.3830150227,0.923742113572));
#12064 = DIRECTION('',(0.,0.923742113572,-0.3830150227));
#12065 = ADVANCED_FACE('',(#12066),#12084,.T.);
#12066 = FACE_BOUND('',#12067,.T.);
#12067 = EDGE_LOOP('',(#12068,#12069,#12070,#12078));
#12068 = ORIENTED_EDGE('',*,*,#2947,.T.);
#12069 = ORIENTED_EDGE('',*,*,#12055,.T.);
#12070 = ORIENTED_EDGE('',*,*,#12071,.T.);
#12071 = EDGE_CURVE('',#12048,#12072,#12074,.T.);
#12072 = VERTEX_POINT('',#12073);
#12073 = CARTESIAN_POINT('',(-8.388972745734,-7.245271428571,
    38.414528571429));
#12074 = LINE('',#12075,#12076);
#12075 = CARTESIAN_POINT('',(-8.388972745734,-7.302285714286,38.4318));
#12076 = VECTOR('',#12077,1.);
#12077 = DIRECTION('',(-0.,0.957050619435,-0.289920871686));
#12078 = ORIENTED_EDGE('',*,*,#12079,.F.);
#12079 = EDGE_CURVE('',#2940,#12072,#12080,.T.);
#12080 = LINE('',#12081,#12082);
#12081 = CARTESIAN_POINT('',(-8.988972745734,-7.245271428571,
    38.414528571429));
#12082 = VECTOR('',#12083,1.);
#12083 = DIRECTION('',(1.,0.,0.));
#12084 = PLANE('',#12085);
#12085 = AXIS2_PLACEMENT_3D('',#12086,#12087,#12088);
#12086 = CARTESIAN_POINT('',(-8.988972745734,-7.302285714286,38.4318));
#12087 = DIRECTION('',(-0.,0.289920871686,0.957050619435));
#12088 = DIRECTION('',(0.,0.957050619435,-0.289920871686));
#12089 = ADVANCED_FACE('',(#12090),#12108,.T.);
#12090 = FACE_BOUND('',#12091,.T.);
#12091 = EDGE_LOOP('',(#12092,#12093,#12094,#12102));
#12092 = ORIENTED_EDGE('',*,*,#2939,.T.);
#12093 = ORIENTED_EDGE('',*,*,#12079,.T.);
#12094 = ORIENTED_EDGE('',*,*,#12095,.T.);
#12095 = EDGE_CURVE('',#12072,#12096,#12098,.T.);
#12096 = VERTEX_POINT('',#12097);
#12097 = CARTESIAN_POINT('',(-8.388972745734,-7.188257142857,
    38.408957142857));
#12098 = LINE('',#12099,#12100);
#12099 = CARTESIAN_POINT('',(-8.388972745734,-7.245271428571,
    38.414528571429));
#12100 = VECTOR('',#12101,1.);
#12101 = DIRECTION('',(-0.,0.995259338689,-9.725661290117E-02));
#12102 = ORIENTED_EDGE('',*,*,#12103,.F.);
#12103 = EDGE_CURVE('',#2932,#12096,#12104,.T.);
#12104 = LINE('',#12105,#12106);
#12105 = CARTESIAN_POINT('',(-8.988972745734,-7.188257142857,
    38.408957142857));
#12106 = VECTOR('',#12107,1.);
#12107 = DIRECTION('',(1.,0.,0.));
#12108 = PLANE('',#12109);
#12109 = AXIS2_PLACEMENT_3D('',#12110,#12111,#12112);
#12110 = CARTESIAN_POINT('',(-8.988972745734,-7.245271428571,
    38.414528571429));
#12111 = DIRECTION('',(-0.,9.725661290117E-02,0.995259338689));
#12112 = DIRECTION('',(0.,0.995259338689,-9.725661290117E-02));
#12113 = ADVANCED_FACE('',(#12114),#12132,.T.);
#12114 = FACE_BOUND('',#12115,.T.);
#12115 = EDGE_LOOP('',(#12116,#12117,#12118,#12126));
#12116 = ORIENTED_EDGE('',*,*,#2931,.T.);
#12117 = ORIENTED_EDGE('',*,*,#12103,.T.);
#12118 = ORIENTED_EDGE('',*,*,#12119,.T.);
#12119 = EDGE_CURVE('',#12096,#12120,#12122,.T.);
#12120 = VERTEX_POINT('',#12121);
#12121 = CARTESIAN_POINT('',(-8.388972745734,-7.125485714286,38.4032));
#12122 = LINE('',#12123,#12124);
#12123 = CARTESIAN_POINT('',(-8.388972745734,-7.188257142857,
    38.408957142857));
#12124 = VECTOR('',#12125,1.);
#12125 = DIRECTION('',(-0.,0.995820439719,-9.133264387955E-02));
#12126 = ORIENTED_EDGE('',*,*,#12127,.F.);
#12127 = EDGE_CURVE('',#2924,#12120,#12128,.T.);
#12128 = LINE('',#12129,#12130);
#12129 = CARTESIAN_POINT('',(-8.988972745734,-7.125485714286,38.4032));
#12130 = VECTOR('',#12131,1.);
#12131 = DIRECTION('',(1.,0.,0.));
#12132 = PLANE('',#12133);
#12133 = AXIS2_PLACEMENT_3D('',#12134,#12135,#12136);
#12134 = CARTESIAN_POINT('',(-8.988972745734,-7.188257142857,
    38.408957142857));
#12135 = DIRECTION('',(-0.,9.133264387955E-02,0.995820439719));
#12136 = DIRECTION('',(0.,0.995820439719,-9.133264387955E-02));
#12137 = ADVANCED_FACE('',(#12138),#12163,.T.);
#12138 = FACE_BOUND('',#12139,.T.);
#12139 = EDGE_LOOP('',(#12140,#12141,#12149,#12157));
#12140 = ORIENTED_EDGE('',*,*,#2915,.T.);
#12141 = ORIENTED_EDGE('',*,*,#12142,.T.);
#12142 = EDGE_CURVE('',#2916,#12143,#12145,.T.);
#12143 = VERTEX_POINT('',#12144);
#12144 = CARTESIAN_POINT('',(-8.388972745734,-6.224028571429,38.4032));
#12145 = LINE('',#12146,#12147);
#12146 = CARTESIAN_POINT('',(-8.988972745734,-6.224028571429,38.4032));
#12147 = VECTOR('',#12148,1.);
#12148 = DIRECTION('',(1.,0.,0.));
#12149 = ORIENTED_EDGE('',*,*,#12150,.T.);
#12150 = EDGE_CURVE('',#12143,#12151,#12153,.T.);
#12151 = VERTEX_POINT('',#12152);
#12152 = CARTESIAN_POINT('',(-8.388972745734,-6.195614285714,
    38.408957142857));
#12153 = LINE('',#12154,#12155);
#12154 = CARTESIAN_POINT('',(-8.388972745734,-6.224028571429,38.4032));
#12155 = VECTOR('',#12156,1.);
#12156 = DIRECTION('',(0.,0.980084827963,0.198579278868));
#12157 = ORIENTED_EDGE('',*,*,#12158,.F.);
#12158 = EDGE_CURVE('',#2908,#12151,#12159,.T.);
#12159 = LINE('',#12160,#12161);
#12160 = CARTESIAN_POINT('',(-8.988972745734,-6.195614285714,
    38.408957142857));
#12161 = VECTOR('',#12162,1.);
#12162 = DIRECTION('',(1.,0.,0.));
#12163 = PLANE('',#12164);
#12164 = AXIS2_PLACEMENT_3D('',#12165,#12166,#12167);
#12165 = CARTESIAN_POINT('',(-8.988972745734,-6.224028571429,38.4032));
#12166 = DIRECTION('',(0.,-0.198579278868,0.980084827963));
#12167 = DIRECTION('',(0.,0.980084827963,0.198579278868));
#12168 = ADVANCED_FACE('',(#12169),#12187,.T.);
#12169 = FACE_BOUND('',#12170,.T.);
#12170 = EDGE_LOOP('',(#12171,#12172,#12173,#12181));
#12171 = ORIENTED_EDGE('',*,*,#2907,.T.);
#12172 = ORIENTED_EDGE('',*,*,#12158,.T.);
#12173 = ORIENTED_EDGE('',*,*,#12174,.T.);
#12174 = EDGE_CURVE('',#12151,#12175,#12177,.T.);
#12175 = VERTEX_POINT('',#12176);
#12176 = CARTESIAN_POINT('',(-8.388972745734,-6.138414285714,
    38.420285714286));
#12177 = LINE('',#12178,#12179);
#12178 = CARTESIAN_POINT('',(-8.388972745734,-6.195614285714,
    38.408957142857));
#12179 = VECTOR('',#12180,1.);
#12180 = DIRECTION('',(0.,0.980946441599,0.194278353693));
#12181 = ORIENTED_EDGE('',*,*,#12182,.F.);
#12182 = EDGE_CURVE('',#2900,#12175,#12183,.T.);
#12183 = LINE('',#12184,#12185);
#12184 = CARTESIAN_POINT('',(-8.988972745734,-6.138414285714,
    38.420285714286));
#12185 = VECTOR('',#12186,1.);
#12186 = DIRECTION('',(1.,0.,0.));
#12187 = PLANE('',#12188);
#12188 = AXIS2_PLACEMENT_3D('',#12189,#12190,#12191);
#12189 = CARTESIAN_POINT('',(-8.988972745734,-6.195614285714,
    38.408957142857));
#12190 = DIRECTION('',(0.,-0.194278353693,0.980946441599));
#12191 = DIRECTION('',(0.,0.980946441599,0.194278353693));
#12192 = ADVANCED_FACE('',(#12193),#12211,.T.);
#12193 = FACE_BOUND('',#12194,.T.);
#12194 = EDGE_LOOP('',(#12195,#12196,#12197,#12205));
#12195 = ORIENTED_EDGE('',*,*,#2899,.T.);
#12196 = ORIENTED_EDGE('',*,*,#12182,.T.);
#12197 = ORIENTED_EDGE('',*,*,#12198,.T.);
#12198 = EDGE_CURVE('',#12175,#12199,#12201,.T.);
#12199 = VERTEX_POINT('',#12200);
#12200 = CARTESIAN_POINT('',(-8.388972745734,-6.092914285714,38.4318));
#12201 = LINE('',#12202,#12203);
#12202 = CARTESIAN_POINT('',(-8.388972745734,-6.138414285714,
    38.420285714286));
#12203 = VECTOR('',#12204,1.);
#12204 = DIRECTION('',(0.,0.969440203112,0.245327724869));
#12205 = ORIENTED_EDGE('',*,*,#12206,.F.);
#12206 = EDGE_CURVE('',#2892,#12199,#12207,.T.);
#12207 = LINE('',#12208,#12209);
#12208 = CARTESIAN_POINT('',(-8.988972745734,-6.092914285714,38.4318));
#12209 = VECTOR('',#12210,1.);
#12210 = DIRECTION('',(1.,0.,0.));
#12211 = PLANE('',#12212);
#12212 = AXIS2_PLACEMENT_3D('',#12213,#12214,#12215);
#12213 = CARTESIAN_POINT('',(-8.988972745734,-6.138414285714,
    38.420285714286));
#12214 = DIRECTION('',(0.,-0.245327724869,0.969440203112));
#12215 = DIRECTION('',(0.,0.969440203112,0.245327724869));
#12216 = ADVANCED_FACE('',(#12217),#12235,.T.);
#12217 = FACE_BOUND('',#12218,.T.);
#12218 = EDGE_LOOP('',(#12219,#12220,#12221,#12229));
#12219 = ORIENTED_EDGE('',*,*,#2891,.T.);
#12220 = ORIENTED_EDGE('',*,*,#12206,.T.);
#12221 = ORIENTED_EDGE('',*,*,#12222,.T.);
#12222 = EDGE_CURVE('',#12199,#12223,#12225,.T.);
#12223 = VERTEX_POINT('',#12224);
#12224 = CARTESIAN_POINT('',(-8.388972745734,-6.041471428571,
    38.454457142857));
#12225 = LINE('',#12226,#12227);
#12226 = CARTESIAN_POINT('',(-8.388972745734,-6.092914285714,38.4318));
#12227 = VECTOR('',#12228,1.);
#12228 = DIRECTION('',(0.,0.915168822915,0.403070745111));
#12229 = ORIENTED_EDGE('',*,*,#12230,.F.);
#12230 = EDGE_CURVE('',#2884,#12223,#12231,.T.);
#12231 = LINE('',#12232,#12233);
#12232 = CARTESIAN_POINT('',(-8.988972745734,-6.041471428571,
    38.454457142857));
#12233 = VECTOR('',#12234,1.);
#12234 = DIRECTION('',(1.,0.,0.));
#12235 = PLANE('',#12236);
#12236 = AXIS2_PLACEMENT_3D('',#12237,#12238,#12239);
#12237 = CARTESIAN_POINT('',(-8.988972745734,-6.092914285714,38.4318));
#12238 = DIRECTION('',(0.,-0.403070745111,0.915168822915));
#12239 = DIRECTION('',(0.,0.915168822915,0.403070745111));
#12240 = ADVANCED_FACE('',(#12241),#12259,.T.);
#12241 = FACE_BOUND('',#12242,.T.);
#12242 = EDGE_LOOP('',(#12243,#12244,#12245,#12253));
#12243 = ORIENTED_EDGE('',*,*,#2883,.T.);
#12244 = ORIENTED_EDGE('',*,*,#12230,.T.);
#12245 = ORIENTED_EDGE('',*,*,#12246,.T.);
#12246 = EDGE_CURVE('',#12223,#12247,#12249,.T.);
#12247 = VERTEX_POINT('',#12248);
#12248 = CARTESIAN_POINT('',(-8.388972745734,-5.995785714286,
    38.471728571429));
#12249 = LINE('',#12250,#12251);
#12250 = CARTESIAN_POINT('',(-8.388972745734,-6.041471428571,
    38.454457142857));
#12251 = VECTOR('',#12252,1.);
#12252 = DIRECTION('',(0.,0.93538826358,0.353622392329));
#12253 = ORIENTED_EDGE('',*,*,#12254,.F.);
#12254 = EDGE_CURVE('',#2876,#12247,#12255,.T.);
#12255 = LINE('',#12256,#12257);
#12256 = CARTESIAN_POINT('',(-8.988972745734,-5.995785714286,
    38.471728571429));
#12257 = VECTOR('',#12258,1.);
#12258 = DIRECTION('',(1.,0.,0.));
#12259 = PLANE('',#12260);
#12260 = AXIS2_PLACEMENT_3D('',#12261,#12262,#12263);
#12261 = CARTESIAN_POINT('',(-8.988972745734,-6.041471428571,
    38.454457142857));
#12262 = DIRECTION('',(0.,-0.353622392329,0.93538826358));
#12263 = DIRECTION('',(0.,0.93538826358,0.353622392329));
#12264 = ADVANCED_FACE('',(#12265),#12283,.T.);
#12265 = FACE_BOUND('',#12266,.T.);
#12266 = EDGE_LOOP('',(#12267,#12268,#12269,#12277));
#12267 = ORIENTED_EDGE('',*,*,#2875,.T.);
#12268 = ORIENTED_EDGE('',*,*,#12254,.T.);
#12269 = ORIENTED_EDGE('',*,*,#12270,.T.);
#12270 = EDGE_CURVE('',#12247,#12271,#12273,.T.);
#12271 = VERTEX_POINT('',#12272);
#12272 = CARTESIAN_POINT('',(-8.388972745734,-5.950285714286,
    38.500142857143));
#12273 = LINE('',#12274,#12275);
#12274 = CARTESIAN_POINT('',(-8.388972745734,-5.995785714286,
    38.471728571429));
#12275 = VECTOR('',#12276,1.);
#12276 = DIRECTION('',(0.,0.848192741916,0.529687712299));
#12277 = ORIENTED_EDGE('',*,*,#12278,.F.);
#12278 = EDGE_CURVE('',#2868,#12271,#12279,.T.);
#12279 = LINE('',#12280,#12281);
#12280 = CARTESIAN_POINT('',(-8.988972745734,-5.950285714286,
    38.500142857143));
#12281 = VECTOR('',#12282,1.);
#12282 = DIRECTION('',(1.,0.,0.));
#12283 = PLANE('',#12284);
#12284 = AXIS2_PLACEMENT_3D('',#12285,#12286,#12287);
#12285 = CARTESIAN_POINT('',(-8.988972745734,-5.995785714286,
    38.471728571429));
#12286 = DIRECTION('',(0.,-0.529687712299,0.848192741916));
#12287 = DIRECTION('',(0.,0.848192741916,0.529687712299));
#12288 = ADVANCED_FACE('',(#12289),#12307,.T.);
#12289 = FACE_BOUND('',#12290,.T.);
#12290 = EDGE_LOOP('',(#12291,#12292,#12293,#12301));
#12291 = ORIENTED_EDGE('',*,*,#2867,.T.);
#12292 = ORIENTED_EDGE('',*,*,#12278,.T.);
#12293 = ORIENTED_EDGE('',*,*,#12294,.T.);
#12294 = EDGE_CURVE('',#12271,#12295,#12297,.T.);
#12295 = VERTEX_POINT('',#12296);
#12296 = CARTESIAN_POINT('',(-8.388972745734,-5.910357142857,
    38.528742857143));
#12297 = LINE('',#12298,#12299);
#12298 = CARTESIAN_POINT('',(-8.388972745734,-5.950285714286,
    38.500142857143));
#12299 = VECTOR('',#12300,1.);
#12300 = DIRECTION('',(0.,0.812966296417,0.58231074255));
#12301 = ORIENTED_EDGE('',*,*,#12302,.F.);
#12302 = EDGE_CURVE('',#2860,#12295,#12303,.T.);
#12303 = LINE('',#12304,#12305);
#12304 = CARTESIAN_POINT('',(-8.988972745734,-5.910357142857,
    38.528742857143));
#12305 = VECTOR('',#12306,1.);
#12306 = DIRECTION('',(1.,0.,0.));
#12307 = PLANE('',#12308);
#12308 = AXIS2_PLACEMENT_3D('',#12309,#12310,#12311);
#12309 = CARTESIAN_POINT('',(-8.988972745734,-5.950285714286,
    38.500142857143));
#12310 = DIRECTION('',(0.,-0.58231074255,0.812966296417));
#12311 = DIRECTION('',(0.,0.812966296417,0.58231074255));
#12312 = ADVANCED_FACE('',(#12313),#12331,.T.);
#12313 = FACE_BOUND('',#12314,.T.);
#12314 = EDGE_LOOP('',(#12315,#12316,#12317,#12325));
#12315 = ORIENTED_EDGE('',*,*,#2859,.T.);
#12316 = ORIENTED_EDGE('',*,*,#12302,.T.);
#12317 = ORIENTED_EDGE('',*,*,#12318,.T.);
#12318 = EDGE_CURVE('',#12295,#12319,#12321,.T.);
#12319 = VERTEX_POINT('',#12320);
#12320 = CARTESIAN_POINT('',(-8.388972745734,-5.870428571429,
    38.568671428571));
#12321 = LINE('',#12322,#12323);
#12322 = CARTESIAN_POINT('',(-8.388972745734,-5.910357142857,
    38.528742857143));
#12323 = VECTOR('',#12324,1.);
#12324 = DIRECTION('',(0.,0.707106781187,0.707106781187));
#12325 = ORIENTED_EDGE('',*,*,#12326,.F.);
#12326 = EDGE_CURVE('',#2852,#12319,#12327,.T.);
#12327 = LINE('',#12328,#12329);
#12328 = CARTESIAN_POINT('',(-8.988972745734,-5.870428571429,
    38.568671428571));
#12329 = VECTOR('',#12330,1.);
#12330 = DIRECTION('',(1.,0.,0.));
#12331 = PLANE('',#12332);
#12332 = AXIS2_PLACEMENT_3D('',#12333,#12334,#12335);
#12333 = CARTESIAN_POINT('',(-8.988972745734,-5.910357142857,
    38.528742857143));
#12334 = DIRECTION('',(0.,-0.707106781187,0.707106781187));
#12335 = DIRECTION('',(0.,0.707106781187,0.707106781187));
#12336 = ADVANCED_FACE('',(#12337),#12355,.T.);
#12337 = FACE_BOUND('',#12338,.T.);
#12338 = EDGE_LOOP('',(#12339,#12340,#12341,#12349));
#12339 = ORIENTED_EDGE('',*,*,#2851,.T.);
#12340 = ORIENTED_EDGE('',*,*,#12326,.T.);
#12341 = ORIENTED_EDGE('',*,*,#12342,.T.);
#12342 = EDGE_CURVE('',#12319,#12343,#12345,.T.);
#12343 = VERTEX_POINT('',#12344);
#12344 = CARTESIAN_POINT('',(-8.388972745734,-5.836071428571,
    38.602842857143));
#12345 = LINE('',#12346,#12347);
#12346 = CARTESIAN_POINT('',(-8.388972745734,-5.870428571429,
    38.568671428571));
#12347 = VECTOR('',#12348,1.);
#12348 = DIRECTION('',(0.,0.70902045612,0.705187913114));
#12349 = ORIENTED_EDGE('',*,*,#12350,.F.);
#12350 = EDGE_CURVE('',#2844,#12343,#12351,.T.);
#12351 = LINE('',#12352,#12353);
#12352 = CARTESIAN_POINT('',(-8.988972745734,-5.836071428571,
    38.602842857143));
#12353 = VECTOR('',#12354,1.);
#12354 = DIRECTION('',(1.,0.,0.));
#12355 = PLANE('',#12356);
#12356 = AXIS2_PLACEMENT_3D('',#12357,#12358,#12359);
#12357 = CARTESIAN_POINT('',(-8.988972745734,-5.870428571429,
    38.568671428571));
#12358 = DIRECTION('',(0.,-0.705187913114,0.70902045612));
#12359 = DIRECTION('',(0.,0.70902045612,0.705187913114));
#12360 = ADVANCED_FACE('',(#12361),#12379,.T.);
#12361 = FACE_BOUND('',#12362,.T.);
#12362 = EDGE_LOOP('',(#12363,#12364,#12365,#12373));
#12363 = ORIENTED_EDGE('',*,*,#2843,.T.);
#12364 = ORIENTED_EDGE('',*,*,#12350,.T.);
#12365 = ORIENTED_EDGE('',*,*,#12366,.T.);
#12366 = EDGE_CURVE('',#12343,#12367,#12369,.T.);
#12367 = VERTEX_POINT('',#12368);
#12368 = CARTESIAN_POINT('',(-8.388972745734,-5.807657142857,38.6372));
#12369 = LINE('',#12370,#12371);
#12370 = CARTESIAN_POINT('',(-8.388972745734,-5.836071428571,
    38.602842857143));
#12371 = VECTOR('',#12372,1.);
#12372 = DIRECTION('',(0.,0.637311932213,0.770605931108));
#12373 = ORIENTED_EDGE('',*,*,#12374,.F.);
#12374 = EDGE_CURVE('',#2836,#12367,#12375,.T.);
#12375 = LINE('',#12376,#12377);
#12376 = CARTESIAN_POINT('',(-8.988972745734,-5.807657142857,38.6372));
#12377 = VECTOR('',#12378,1.);
#12378 = DIRECTION('',(1.,0.,0.));
#12379 = PLANE('',#12380);
#12380 = AXIS2_PLACEMENT_3D('',#12381,#12382,#12383);
#12381 = CARTESIAN_POINT('',(-8.988972745734,-5.836071428571,
    38.602842857143));
#12382 = DIRECTION('',(0.,-0.770605931108,0.637311932213));
#12383 = DIRECTION('',(0.,0.637311932213,0.770605931108));
#12384 = ADVANCED_FACE('',(#12385),#12403,.T.);
#12385 = FACE_BOUND('',#12386,.T.);
#12386 = EDGE_LOOP('',(#12387,#12388,#12389,#12397));
#12387 = ORIENTED_EDGE('',*,*,#2835,.T.);
#12388 = ORIENTED_EDGE('',*,*,#12374,.T.);
#12389 = ORIENTED_EDGE('',*,*,#12390,.T.);
#12390 = EDGE_CURVE('',#12367,#12391,#12393,.T.);
#12391 = VERTEX_POINT('',#12392);
#12392 = CARTESIAN_POINT('',(-8.388972745734,-5.779057142857,
    38.688457142857));
#12393 = LINE('',#12394,#12395);
#12394 = CARTESIAN_POINT('',(-8.388972745734,-5.807657142857,38.6372));
#12395 = VECTOR('',#12396,1.);
#12396 = DIRECTION('',(0.,0.487253947878,0.873260322171));
#12397 = ORIENTED_EDGE('',*,*,#12398,.F.);
#12398 = EDGE_CURVE('',#2828,#12391,#12399,.T.);
#12399 = LINE('',#12400,#12401);
#12400 = CARTESIAN_POINT('',(-8.988972745734,-5.779057142857,
    38.688457142857));
#12401 = VECTOR('',#12402,1.);
#12402 = DIRECTION('',(1.,0.,0.));
#12403 = PLANE('',#12404);
#12404 = AXIS2_PLACEMENT_3D('',#12405,#12406,#12407);
#12405 = CARTESIAN_POINT('',(-8.988972745734,-5.807657142857,38.6372));
#12406 = DIRECTION('',(0.,-0.873260322171,0.487253947878));
#12407 = DIRECTION('',(0.,0.487253947878,0.873260322171));
#12408 = ADVANCED_FACE('',(#12409),#12427,.T.);
#12409 = FACE_BOUND('',#12410,.T.);
#12410 = EDGE_LOOP('',(#12411,#12412,#12413,#12421));
#12411 = ORIENTED_EDGE('',*,*,#2827,.T.);
#12412 = ORIENTED_EDGE('',*,*,#12398,.T.);
#12413 = ORIENTED_EDGE('',*,*,#12414,.T.);
#12414 = EDGE_CURVE('',#12391,#12415,#12417,.T.);
#12415 = VERTEX_POINT('',#12416);
#12416 = CARTESIAN_POINT('',(-8.388972745734,-5.756214285714,
    38.728385714286));
#12417 = LINE('',#12418,#12419);
#12418 = CARTESIAN_POINT('',(-8.388972745734,-5.779057142857,
    38.688457142857));
#12419 = VECTOR('',#12420,1.);
#12420 = DIRECTION('',(0.,0.49657364983,0.867994591167));
#12421 = ORIENTED_EDGE('',*,*,#12422,.F.);
#12422 = EDGE_CURVE('',#2820,#12415,#12423,.T.);
#12423 = LINE('',#12424,#12425);
#12424 = CARTESIAN_POINT('',(-8.988972745734,-5.756214285714,
    38.728385714286));
#12425 = VECTOR('',#12426,1.);
#12426 = DIRECTION('',(1.,0.,0.));
#12427 = PLANE('',#12428);
#12428 = AXIS2_PLACEMENT_3D('',#12429,#12430,#12431);
#12429 = CARTESIAN_POINT('',(-8.988972745734,-5.779057142857,
    38.688457142857));
#12430 = DIRECTION('',(0.,-0.867994591167,0.49657364983));
#12431 = DIRECTION('',(0.,0.49657364983,0.867994591167));
#12432 = ADVANCED_FACE('',(#12433),#12451,.T.);
#12433 = FACE_BOUND('',#12434,.T.);
#12434 = EDGE_LOOP('',(#12435,#12436,#12437,#12445));
#12435 = ORIENTED_EDGE('',*,*,#2819,.T.);
#12436 = ORIENTED_EDGE('',*,*,#12422,.T.);
#12437 = ORIENTED_EDGE('',*,*,#12438,.T.);
#12438 = EDGE_CURVE('',#12415,#12439,#12441,.T.);
#12439 = VERTEX_POINT('',#12440);
#12440 = CARTESIAN_POINT('',(-8.388972745734,-5.739128571429,
    38.768314285714));
#12441 = LINE('',#12442,#12443);
#12442 = CARTESIAN_POINT('',(-8.388972745734,-5.756214285714,
    38.728385714286));
#12443 = VECTOR('',#12444,1.);
#12444 = DIRECTION('',(0.,0.393403152889,0.919366063816));
#12445 = ORIENTED_EDGE('',*,*,#12446,.F.);
#12446 = EDGE_CURVE('',#2812,#12439,#12447,.T.);
#12447 = LINE('',#12448,#12449);
#12448 = CARTESIAN_POINT('',(-8.988972745734,-5.739128571429,
    38.768314285714));
#12449 = VECTOR('',#12450,1.);
#12450 = DIRECTION('',(1.,0.,0.));
#12451 = PLANE('',#12452);
#12452 = AXIS2_PLACEMENT_3D('',#12453,#12454,#12455);
#12453 = CARTESIAN_POINT('',(-8.988972745734,-5.756214285714,
    38.728385714286));
#12454 = DIRECTION('',(0.,-0.919366063816,0.393403152889));
#12455 = DIRECTION('',(0.,0.393403152889,0.919366063816));
#12456 = ADVANCED_FACE('',(#12457),#12475,.T.);
#12457 = FACE_BOUND('',#12458,.T.);
#12458 = EDGE_LOOP('',(#12459,#12460,#12461,#12469));
#12459 = ORIENTED_EDGE('',*,*,#2811,.T.);
#12460 = ORIENTED_EDGE('',*,*,#12446,.T.);
#12461 = ORIENTED_EDGE('',*,*,#12462,.T.);
#12462 = EDGE_CURVE('',#12439,#12463,#12465,.T.);
#12463 = VERTEX_POINT('',#12464);
#12464 = CARTESIAN_POINT('',(-8.388972745734,-5.716285714286,
    38.825328571429));
#12465 = LINE('',#12466,#12467);
#12466 = CARTESIAN_POINT('',(-8.388972745734,-5.739128571429,
    38.768314285714));
#12467 = VECTOR('',#12468,1.);
#12468 = DIRECTION('',(0.,0.371911940969,0.928268015265));
#12469 = ORIENTED_EDGE('',*,*,#12470,.F.);
#12470 = EDGE_CURVE('',#2804,#12463,#12471,.T.);
#12471 = LINE('',#12472,#12473);
#12472 = CARTESIAN_POINT('',(-8.988972745734,-5.716285714286,
    38.825328571429));
#12473 = VECTOR('',#12474,1.);
#12474 = DIRECTION('',(1.,0.,0.));
#12475 = PLANE('',#12476);
#12476 = AXIS2_PLACEMENT_3D('',#12477,#12478,#12479);
#12477 = CARTESIAN_POINT('',(-8.988972745734,-5.739128571429,
    38.768314285714));
#12478 = DIRECTION('',(0.,-0.928268015265,0.371911940969));
#12479 = DIRECTION('',(0.,0.371911940969,0.928268015265));
#12480 = ADVANCED_FACE('',(#12481),#12499,.T.);
#12481 = FACE_BOUND('',#12482,.T.);
#12482 = EDGE_LOOP('',(#12483,#12484,#12485,#12493));
#12483 = ORIENTED_EDGE('',*,*,#2803,.T.);
#12484 = ORIENTED_EDGE('',*,*,#12470,.T.);
#12485 = ORIENTED_EDGE('',*,*,#12486,.T.);
#12486 = EDGE_CURVE('',#12463,#12487,#12489,.T.);
#12487 = VERTEX_POINT('',#12488);
#12488 = CARTESIAN_POINT('',(-8.388972745734,-5.710528571429,
    38.871014285714));
#12489 = LINE('',#12490,#12491);
#12490 = CARTESIAN_POINT('',(-8.388972745734,-5.716285714286,
    38.825328571429));
#12491 = VECTOR('',#12492,1.);
#12492 = DIRECTION('',(0.,0.125027446277,0.992153283358));
#12493 = ORIENTED_EDGE('',*,*,#12494,.F.);
#12494 = EDGE_CURVE('',#2796,#12487,#12495,.T.);
#12495 = LINE('',#12496,#12497);
#12496 = CARTESIAN_POINT('',(-8.988972745734,-5.710528571429,
    38.871014285714));
#12497 = VECTOR('',#12498,1.);
#12498 = DIRECTION('',(1.,0.,0.));
#12499 = PLANE('',#12500);
#12500 = AXIS2_PLACEMENT_3D('',#12501,#12502,#12503);
#12501 = CARTESIAN_POINT('',(-8.988972745734,-5.716285714286,
    38.825328571429));
#12502 = DIRECTION('',(0.,-0.992153283358,0.125027446277));
#12503 = DIRECTION('',(0.,0.125027446277,0.992153283358));
#12504 = ADVANCED_FACE('',(#12505),#12523,.T.);
#12505 = FACE_BOUND('',#12506,.T.);
#12506 = EDGE_LOOP('',(#12507,#12508,#12509,#12517));
#12507 = ORIENTED_EDGE('',*,*,#2795,.T.);
#12508 = ORIENTED_EDGE('',*,*,#12494,.T.);
#12509 = ORIENTED_EDGE('',*,*,#12510,.T.);
#12510 = EDGE_CURVE('',#12487,#12511,#12513,.T.);
#12511 = VERTEX_POINT('',#12512);
#12512 = CARTESIAN_POINT('',(-8.388972745734,-5.6992,38.928028571429));
#12513 = LINE('',#12514,#12515);
#12514 = CARTESIAN_POINT('',(-8.388972745734,-5.710528571429,
    38.871014285714));
#12515 = VECTOR('',#12516,1.);
#12516 = DIRECTION('',(0.,0.194887184279,0.980825665143));
#12517 = ORIENTED_EDGE('',*,*,#12518,.F.);
#12518 = EDGE_CURVE('',#2788,#12511,#12519,.T.);
#12519 = LINE('',#12520,#12521);
#12520 = CARTESIAN_POINT('',(-8.988972745734,-5.6992,38.928028571429));
#12521 = VECTOR('',#12522,1.);
#12522 = DIRECTION('',(1.,0.,0.));
#12523 = PLANE('',#12524);
#12524 = AXIS2_PLACEMENT_3D('',#12525,#12526,#12527);
#12525 = CARTESIAN_POINT('',(-8.988972745734,-5.710528571429,
    38.871014285714));
#12526 = DIRECTION('',(0.,-0.980825665143,0.194887184279));
#12527 = DIRECTION('',(0.,0.194887184279,0.980825665143));
#12528 = ADVANCED_FACE('',(#12529),#12535,.T.);
#12529 = FACE_BOUND('',#12530,.T.);
#12530 = EDGE_LOOP('',(#12531,#12532,#12533,#12534));
#12531 = ORIENTED_EDGE('',*,*,#3322,.F.);
#12532 = ORIENTED_EDGE('',*,*,#3406,.T.);
#12533 = ORIENTED_EDGE('',*,*,#3431,.T.);
#12534 = ORIENTED_EDGE('',*,*,#3338,.F.);
#12535 = PLANE('',#12536);
#12536 = AXIS2_PLACEMENT_3D('',#12537,#12538,#12539);
#12537 = CARTESIAN_POINT('',(8.888972745734,-8.888972745734,-3.));
#12538 = DIRECTION('',(1.,0.,-0.));
#12539 = DIRECTION('',(0.,0.,1.));
#12540 = ADVANCED_FACE('',(#12541),#12564,.T.);
#12541 = FACE_BOUND('',#12542,.T.);
#12542 = EDGE_LOOP('',(#12543,#12550,#12558,#12563));
#12543 = ORIENTED_EDGE('',*,*,#12544,.F.);
#12544 = EDGE_CURVE('',#12545,#3357,#12547,.T.);
#12545 = VERTEX_POINT('',#12546);
#12546 = CARTESIAN_POINT('',(2.944486372867,5.1,80.));
#12547 = B_SPLINE_CURVE_WITH_KNOTS('',1,(#12548,#12549),.UNSPECIFIED.,
  .F.,.F.,(2,2),(0.,1.),.PIECEWISE_BEZIER_KNOTS.);
#12548 = CARTESIAN_POINT('',(2.944486372867,5.1,80.));
#12549 = CARTESIAN_POINT('',(3.406366588219,5.9,80.801));
#12550 = ORIENTED_EDGE('',*,*,#12551,.T.);
#12551 = EDGE_CURVE('',#12545,#12552,#12554,.T.);
#12552 = VERTEX_POINT('',#12553);
#12553 = CARTESIAN_POINT('',(5.888972745734,3.605955811665E-16,80.));
#12554 = LINE('',#12555,#12556);
#12555 = CARTESIAN_POINT('',(2.944486372867,5.1,80.));
#12556 = VECTOR('',#12557,1.);
#12557 = DIRECTION('',(0.5,-0.866025403784,0.));
#12558 = ORIENTED_EDGE('',*,*,#12559,.T.);
#12559 = EDGE_CURVE('',#12552,#3355,#12560,.T.);
#12560 = B_SPLINE_CURVE_WITH_KNOTS('',1,(#12561,#12562),.UNSPECIFIED.,
  .F.,.F.,(2,2),(0.,1.),.PIECEWISE_BEZIER_KNOTS.);
#12561 = CARTESIAN_POINT('',(5.888972745734,0.,80.));
#12562 = CARTESIAN_POINT('',(6.812733176438,0.,80.801));
#12563 = ORIENTED_EDGE('',*,*,#3354,.T.);
#12564 = B_SPLINE_SURFACE_WITH_KNOTS('',1,1,(
    (#12565,#12566)
    ,(#12567,#12568
    )),.UNSPECIFIED.,.F.,.F.,.F.,(2,2),(2,2),(0.,6.812733176438),(0.,1.)
  ,.PIECEWISE_BEZIER_KNOTS.);
#12565 = CARTESIAN_POINT('',(2.944486372867,5.1,80.));
#12566 = CARTESIAN_POINT('',(3.406366588219,5.9,80.801));
#12567 = CARTESIAN_POINT('',(5.888972745734,0.,80.));
#12568 = CARTESIAN_POINT('',(6.812733176438,0.,80.801));
#12569 = ADVANCED_FACE('',(#12570),#12587,.T.);
#12570 = FACE_BOUND('',#12571,.T.);
#12571 = EDGE_LOOP('',(#12572,#12579,#12585,#12586));
#12572 = ORIENTED_EDGE('',*,*,#12573,.F.);
#12573 = EDGE_CURVE('',#12574,#3385,#12576,.T.);
#12574 = VERTEX_POINT('',#12575);
#12575 = CARTESIAN_POINT('',(-2.944486372867,5.1,80.));
#12576 = B_SPLINE_CURVE_WITH_KNOTS('',1,(#12577,#12578),.UNSPECIFIED.,
  .F.,.F.,(2,2),(0.,1.),.PIECEWISE_BEZIER_KNOTS.);
#12577 = CARTESIAN_POINT('',(-2.944486372867,5.1,80.));
#12578 = CARTESIAN_POINT('',(-3.406366588219,5.9,80.801));
#12579 = ORIENTED_EDGE('',*,*,#12580,.T.);
#12580 = EDGE_CURVE('',#12574,#12545,#12581,.T.);
#12581 = LINE('',#12582,#12583);
#12582 = CARTESIAN_POINT('',(-2.944486372867,5.1,80.));
#12583 = VECTOR('',#12584,1.);
#12584 = DIRECTION('',(1.,0.,0.));
#12585 = ORIENTED_EDGE('',*,*,#12544,.T.);
#12586 = ORIENTED_EDGE('',*,*,#3391,.T.);
#12587 = B_SPLINE_SURFACE_WITH_KNOTS('',1,1,(
    (#12588,#12589)
    ,(#12590,#12591
    )),.UNSPECIFIED.,.F.,.F.,.F.,(2,2),(2,2),(0.,6.812733176438),(0.,1.)
  ,.PIECEWISE_BEZIER_KNOTS.);
#12588 = CARTESIAN_POINT('',(-2.944486372867,5.1,80.));
#12589 = CARTESIAN_POINT('',(-3.406366588219,5.9,80.801));
#12590 = CARTESIAN_POINT('',(2.944486372867,5.1,80.));
#12591 = CARTESIAN_POINT('',(3.406366588219,5.9,80.801));
#12592 = ADVANCED_FACE('',(#12593),#12610,.T.);
#12593 = FACE_BOUND('',#12594,.T.);
#12594 = EDGE_LOOP('',(#12595,#12602,#12608,#12609));
#12595 = ORIENTED_EDGE('',*,*,#12596,.F.);
#12596 = EDGE_CURVE('',#12597,#3378,#12599,.T.);
#12597 = VERTEX_POINT('',#12598);
#12598 = CARTESIAN_POINT('',(-5.888972745734,-1.081786743499E-15,80.));
#12599 = B_SPLINE_CURVE_WITH_KNOTS('',1,(#12600,#12601),.UNSPECIFIED.,
  .F.,.F.,(2,2),(0.,1.),.PIECEWISE_BEZIER_KNOTS.);
#12600 = CARTESIAN_POINT('',(-5.888972745734,-8.881784197001E-16,80.));
#12601 = CARTESIAN_POINT('',(-6.812733176438,-8.881784197001E-16,80.801)
  );
#12602 = ORIENTED_EDGE('',*,*,#12603,.T.);
#12603 = EDGE_CURVE('',#12597,#12574,#12604,.T.);
#12604 = LINE('',#12605,#12606);
#12605 = CARTESIAN_POINT('',(-5.888972745734,-1.081786743499E-15,80.));
#12606 = VECTOR('',#12607,1.);
#12607 = DIRECTION('',(0.5,0.866025403784,0.));
#12608 = ORIENTED_EDGE('',*,*,#12573,.T.);
#12609 = ORIENTED_EDGE('',*,*,#3384,.T.);
#12610 = B_SPLINE_SURFACE_WITH_KNOTS('',1,1,(
    (#12611,#12612)
    ,(#12613,#12614
    )),.UNSPECIFIED.,.F.,.F.,.F.,(2,2),(2,2),(0.,6.812733176438),(0.,1.)
  ,.PIECEWISE_BEZIER_KNOTS.);
#12611 = CARTESIAN_POINT('',(-5.888972745734,-1.081786743499E-15,80.));
#12612 = CARTESIAN_POINT('',(-6.812733176438,-1.251478781695E-15,80.801)
  );
#12613 = CARTESIAN_POINT('',(-2.944486372867,5.1,80.));
#12614 = CARTESIAN_POINT('',(-3.406366588219,5.9,80.801));
#12615 = ADVANCED_FACE('',(#12616),#12633,.T.);
#12616 = FACE_BOUND('',#12617,.T.);
#12617 = EDGE_LOOP('',(#12618,#12625,#12631,#12632));
#12618 = ORIENTED_EDGE('',*,*,#12619,.F.);
#12619 = EDGE_CURVE('',#12620,#3371,#12622,.T.);
#12620 = VERTEX_POINT('',#12621);
#12621 = CARTESIAN_POINT('',(-2.944486372867,-5.1,80.));
#12622 = B_SPLINE_CURVE_WITH_KNOTS('',1,(#12623,#12624),.UNSPECIFIED.,
  .F.,.F.,(2,2),(0.,1.),.PIECEWISE_BEZIER_KNOTS.);
#12623 = CARTESIAN_POINT('',(-2.944486372867,-5.1,80.));
#12624 = CARTESIAN_POINT('',(-3.406366588219,-5.9,80.801));
#12625 = ORIENTED_EDGE('',*,*,#12626,.T.);
#12626 = EDGE_CURVE('',#12620,#12597,#12627,.T.);
#12627 = LINE('',#12628,#12629);
#12628 = CARTESIAN_POINT('',(-2.944486372867,-5.1,80.));
#12629 = VECTOR('',#12630,1.);
#12630 = DIRECTION('',(-0.5,0.866025403784,0.));
#12631 = ORIENTED_EDGE('',*,*,#12596,.T.);
#12632 = ORIENTED_EDGE('',*,*,#3377,.T.);
#12633 = B_SPLINE_SURFACE_WITH_KNOTS('',1,1,(
    (#12634,#12635)
    ,(#12636,#12637
    )),.UNSPECIFIED.,.F.,.F.,.F.,(2,2),(2,2),(0.,6.812733176438),(0.,1.)
  ,.PIECEWISE_BEZIER_KNOTS.);
#12634 = CARTESIAN_POINT('',(-2.944486372867,-5.1,80.));
#12635 = CARTESIAN_POINT('',(-3.406366588219,-5.9,80.801));
#12636 = CARTESIAN_POINT('',(-5.888972745734,-8.881784197001E-16,80.));
#12637 = CARTESIAN_POINT('',(-6.812733176438,-8.881784197001E-16,80.801)
  );
#12638 = ADVANCED_FACE('',(#12639),#12656,.T.);
#12639 = FACE_BOUND('',#12640,.T.);
#12640 = EDGE_LOOP('',(#12641,#12648,#12654,#12655));
#12641 = ORIENTED_EDGE('',*,*,#12642,.F.);
#12642 = EDGE_CURVE('',#12643,#3364,#12645,.T.);
#12643 = VERTEX_POINT('',#12644);
#12644 = CARTESIAN_POINT('',(2.944486372867,-5.1,80.));
#12645 = B_SPLINE_CURVE_WITH_KNOTS('',1,(#12646,#12647),.UNSPECIFIED.,
  .F.,.F.,(2,2),(0.,1.),.PIECEWISE_BEZIER_KNOTS.);
#12646 = CARTESIAN_POINT('',(2.944486372867,-5.1,80.));
#12647 = CARTESIAN_POINT('',(3.406366588219,-5.9,80.801));
#12648 = ORIENTED_EDGE('',*,*,#12649,.T.);
#12649 = EDGE_CURVE('',#12643,#12620,#12650,.T.);
#12650 = LINE('',#12651,#12652);
#12651 = CARTESIAN_POINT('',(2.944486372867,-5.1,80.));
#12652 = VECTOR('',#12653,1.);
#12653 = DIRECTION('',(-1.,-3.016412057072E-16,0.));
#12654 = ORIENTED_EDGE('',*,*,#12619,.T.);
#12655 = ORIENTED_EDGE('',*,*,#3370,.T.);
#12656 = B_SPLINE_SURFACE_WITH_KNOTS('',1,1,(
    (#12657,#12658)
    ,(#12659,#12660
    )),.UNSPECIFIED.,.F.,.F.,.F.,(2,2),(2,2),(0.,6.812733176438),(0.,1.)
  ,.PIECEWISE_BEZIER_KNOTS.);
#12657 = CARTESIAN_POINT('',(2.944486372867,-5.1,80.));
#12658 = CARTESIAN_POINT('',(3.406366588219,-5.9,80.801));
#12659 = CARTESIAN_POINT('',(-2.944486372867,-5.1,80.));
#12660 = CARTESIAN_POINT('',(-3.406366588219,-5.9,80.801));
#12661 = ADVANCED_FACE('',(#12662),#12673,.T.);
#12662 = FACE_BOUND('',#12663,.T.);
#12663 = EDGE_LOOP('',(#12664,#12665,#12671,#12672));
#12664 = ORIENTED_EDGE('',*,*,#12559,.F.);
#12665 = ORIENTED_EDGE('',*,*,#12666,.T.);
#12666 = EDGE_CURVE('',#12552,#12643,#12667,.T.);
#12667 = LINE('',#12668,#12669);
#12668 = CARTESIAN_POINT('',(5.888972745734,3.605955811665E-16,80.));
#12669 = VECTOR('',#12670,1.);
#12670 = DIRECTION('',(-0.5,-0.866025403784,0.));
#12671 = ORIENTED_EDGE('',*,*,#12642,.T.);
#12672 = ORIENTED_EDGE('',*,*,#3363,.T.);
#12673 = B_SPLINE_SURFACE_WITH_KNOTS('',1,1,(
    (#12674,#12675)
    ,(#12676,#12677
    )),.UNSPECIFIED.,.F.,.F.,.F.,(2,2),(2,2),(0.,6.812733176438),(0.,1.)
  ,.PIECEWISE_BEZIER_KNOTS.);
#12674 = CARTESIAN_POINT('',(5.888972745734,3.605955811665E-16,80.));
#12675 = CARTESIAN_POINT('',(6.812733176438,4.171595938985E-16,80.801));
#12676 = CARTESIAN_POINT('',(2.944486372867,-5.1,80.));
#12677 = CARTESIAN_POINT('',(3.406366588219,-5.9,80.801));
#12678 = ADVANCED_FACE('',(#12679),#12768,.T.);
#12679 = FACE_BOUND('',#12680,.F.);
#12680 = EDGE_LOOP('',(#12681,#12689,#12690,#12691,#12692,#12693,#12694,
    #12695,#12701,#12702,#12703,#12704,#12705,#12706,#12707,#12713,
    #12714,#12715,#12716,#12717,#12718,#12719,#12720,#12721,#12727,
    #12728,#12729,#12730,#12731,#12732,#12733,#12739,#12740,#12741,
    #12742,#12743,#12744,#12745,#12746,#12747,#12748,#12754,#12755,
    #12756,#12757,#12758,#12759,#12760,#12761,#12762));
#12681 = ORIENTED_EDGE('',*,*,#12682,.T.);
#12682 = EDGE_CURVE('',#12683,#3447,#12685,.T.);
#12683 = VERTEX_POINT('',#12684);
#12684 = CARTESIAN_POINT('',(-8.388972745734,6.982857142857,
    41.826285714286));
#12685 = LINE('',#12686,#12687);
#12686 = CARTESIAN_POINT('',(-8.388972745734,7.559128571429,
    41.826285714286));
#12687 = VECTOR('',#12688,1.);
#12688 = DIRECTION('',(0.,1.,0.));
#12689 = ORIENTED_EDGE('',*,*,#3454,.T.);
#12690 = ORIENTED_EDGE('',*,*,#3478,.T.);
#12691 = ORIENTED_EDGE('',*,*,#3502,.T.);
#12692 = ORIENTED_EDGE('',*,*,#3526,.T.);
#12693 = ORIENTED_EDGE('',*,*,#3550,.T.);
#12694 = ORIENTED_EDGE('',*,*,#3574,.T.);
#12695 = ORIENTED_EDGE('',*,*,#12696,.T.);
#12696 = EDGE_CURVE('',#3575,#3598,#12697,.T.);
#12697 = LINE('',#12698,#12699);
#12698 = CARTESIAN_POINT('',(-8.388972745734,7.696,42.269957142857));
#12699 = VECTOR('',#12700,1.);
#12700 = DIRECTION('',(0.,0.,1.));
#12701 = ORIENTED_EDGE('',*,*,#3605,.T.);
#12702 = ORIENTED_EDGE('',*,*,#3629,.T.);
#12703 = ORIENTED_EDGE('',*,*,#3653,.T.);
#12704 = ORIENTED_EDGE('',*,*,#3677,.T.);
#12705 = ORIENTED_EDGE('',*,*,#3701,.T.);
#12706 = ORIENTED_EDGE('',*,*,#3725,.T.);
#12707 = ORIENTED_EDGE('',*,*,#12708,.T.);
#12708 = EDGE_CURVE('',#3726,#3749,#12709,.T.);
#12709 = LINE('',#12710,#12711);
#12710 = CARTESIAN_POINT('',(-8.388972745734,5.836071428571,42.3968));
#12711 = VECTOR('',#12712,1.);
#12712 = DIRECTION('',(0.,-1.,0.));
#12713 = ORIENTED_EDGE('',*,*,#3756,.T.);
#12714 = ORIENTED_EDGE('',*,*,#3780,.T.);
#12715 = ORIENTED_EDGE('',*,*,#3804,.T.);
#12716 = ORIENTED_EDGE('',*,*,#3828,.T.);
#12717 = ORIENTED_EDGE('',*,*,#3852,.T.);
#12718 = ORIENTED_EDGE('',*,*,#3876,.T.);
#12719 = ORIENTED_EDGE('',*,*,#3900,.T.);
#12720 = ORIENTED_EDGE('',*,*,#3924,.T.);
#12721 = ORIENTED_EDGE('',*,*,#12722,.T.);
#12722 = EDGE_CURVE('',#3925,#3948,#12723,.T.);
#12723 = LINE('',#12724,#12725);
#12724 = CARTESIAN_POINT('',(-8.388972745734,5.6992,42.2642));
#12725 = VECTOR('',#12726,1.);
#12726 = DIRECTION('',(0.,-0.,-1.));
#12727 = ORIENTED_EDGE('',*,*,#3955,.T.);
#12728 = ORIENTED_EDGE('',*,*,#3979,.T.);
#12729 = ORIENTED_EDGE('',*,*,#4003,.T.);
#12730 = ORIENTED_EDGE('',*,*,#4027,.T.);
#12731 = ORIENTED_EDGE('',*,*,#4051,.T.);
#12732 = ORIENTED_EDGE('',*,*,#4075,.T.);
#12733 = ORIENTED_EDGE('',*,*,#12734,.T.);
#12734 = EDGE_CURVE('',#4076,#4099,#12735,.T.);
#12735 = LINE('',#12736,#12737);
#12736 = CARTESIAN_POINT('',(-8.388972745734,5.836071428571,
    41.826285714286));
#12737 = VECTOR('',#12738,1.);
#12738 = DIRECTION('',(0.,1.,0.));
#12739 = ORIENTED_EDGE('',*,*,#4106,.T.);
#12740 = ORIENTED_EDGE('',*,*,#4130,.T.);
#12741 = ORIENTED_EDGE('',*,*,#4154,.T.);
#12742 = ORIENTED_EDGE('',*,*,#4178,.T.);
#12743 = ORIENTED_EDGE('',*,*,#4202,.T.);
#12744 = ORIENTED_EDGE('',*,*,#4226,.T.);
#12745 = ORIENTED_EDGE('',*,*,#4250,.T.);
#12746 = ORIENTED_EDGE('',*,*,#4274,.T.);
#12747 = ORIENTED_EDGE('',*,*,#4298,.T.);
#12748 = ORIENTED_EDGE('',*,*,#12749,.T.);
#12749 = EDGE_CURVE('',#4299,#4322,#12750,.T.);
#12750 = LINE('',#12751,#12752);
#12751 = CARTESIAN_POINT('',(-8.388972745734,6.840228571429,38.4032));
#12752 = VECTOR('',#12753,1.);
#12753 = DIRECTION('',(0.,1.,0.));
#12754 = ORIENTED_EDGE('',*,*,#4329,.T.);
#12755 = ORIENTED_EDGE('',*,*,#4353,.T.);
#12756 = ORIENTED_EDGE('',*,*,#4377,.T.);
#12757 = ORIENTED_EDGE('',*,*,#4401,.T.);
#12758 = ORIENTED_EDGE('',*,*,#4425,.T.);
#12759 = ORIENTED_EDGE('',*,*,#4449,.T.);
#12760 = ORIENTED_EDGE('',*,*,#4473,.T.);
#12761 = ORIENTED_EDGE('',*,*,#4497,.T.);
#12762 = ORIENTED_EDGE('',*,*,#12763,.T.);
#12763 = EDGE_CURVE('',#4498,#12683,#12764,.T.);
#12764 = LINE('',#12765,#12766);
#12765 = CARTESIAN_POINT('',(-8.388972745734,6.982857142857,
    38.528742857143));
#12766 = VECTOR('',#12767,1.);
#12767 = DIRECTION('',(0.,0.,1.));
#12768 = PLANE('',#12769);
#12769 = AXIS2_PLACEMENT_3D('',#12770,#12771,#12772);
#12770 = CARTESIAN_POINT('',(-8.388972745734,6.697986368605,
    40.806443489376));
#12771 = DIRECTION('',(-1.,0.,0.));
#12772 = DIRECTION('',(0.,-1.,0.));
#12773 = ADVANCED_FACE('',(#12774),#12884,.T.);
#12774 = FACE_BOUND('',#12775,.F.);
#12775 = EDGE_LOOP('',(#12776,#12777,#12778,#12779,#12780,#12781,#12782,
    #12783,#12784,#12785,#12786,#12787,#12788,#12789,#12790,#12796,
    #12797,#12798,#12799,#12800,#12801,#12802,#12803,#12809,#12810,
    #12811,#12812,#12813,#12814,#12815,#12816,#12817,#12818,#12819,
    #12820,#12821,#12822,#12823,#12824,#12825,#12826,#12827,#12828,
    #12829,#12830,#12831,#12832,#12833,#12834,#12835,#12836,#12837,
    #12838,#12839,#12840,#12841,#12842,#12843,#12844,#12845,#12846,
    #12847,#12848,#12849,#12850,#12851,#12857,#12858,#12859,#12860,
    #12861,#12867,#12868,#12874,#12875,#12876,#12877,#12878,#12879,
    #12880,#12881,#12882,#12883));
#12776 = ORIENTED_EDGE('',*,*,#6411,.T.);
#12777 = ORIENTED_EDGE('',*,*,#4528,.T.);
#12778 = ORIENTED_EDGE('',*,*,#4552,.T.);
#12779 = ORIENTED_EDGE('',*,*,#4576,.T.);
#12780 = ORIENTED_EDGE('',*,*,#4600,.T.);
#12781 = ORIENTED_EDGE('',*,*,#4624,.T.);
#12782 = ORIENTED_EDGE('',*,*,#4648,.T.);
#12783 = ORIENTED_EDGE('',*,*,#4672,.T.);
#12784 = ORIENTED_EDGE('',*,*,#4696,.T.);
#12785 = ORIENTED_EDGE('',*,*,#4720,.T.);
#12786 = ORIENTED_EDGE('',*,*,#4744,.T.);
#12787 = ORIENTED_EDGE('',*,*,#4768,.T.);
#12788 = ORIENTED_EDGE('',*,*,#4792,.T.);
#12789 = ORIENTED_EDGE('',*,*,#4816,.T.);
#12790 = ORIENTED_EDGE('',*,*,#12791,.T.);
#12791 = EDGE_CURVE('',#4817,#4840,#12792,.T.);
#12792 = LINE('',#12793,#12794);
#12793 = CARTESIAN_POINT('',(-8.388972745734,5.128685714286,
    42.111542857143));
#12794 = VECTOR('',#12795,1.);
#12795 = DIRECTION('',(0.,0.,1.));
#12796 = ORIENTED_EDGE('',*,*,#4847,.T.);
#12797 = ORIENTED_EDGE('',*,*,#4871,.T.);
#12798 = ORIENTED_EDGE('',*,*,#4895,.T.);
#12799 = ORIENTED_EDGE('',*,*,#4919,.T.);
#12800 = ORIENTED_EDGE('',*,*,#4943,.T.);
#12801 = ORIENTED_EDGE('',*,*,#4967,.T.);
#12802 = ORIENTED_EDGE('',*,*,#4991,.T.);
#12803 = ORIENTED_EDGE('',*,*,#12804,.T.);
#12804 = EDGE_CURVE('',#4992,#5015,#12805,.T.);
#12805 = LINE('',#12806,#12807);
#12806 = CARTESIAN_POINT('',(-8.388972745734,5.020228571429,
    42.334028571429));
#12807 = VECTOR('',#12808,1.);
#12808 = DIRECTION('',(0.,-0.80078057117,0.598957825591));
#12809 = ORIENTED_EDGE('',*,*,#5022,.T.);
#12810 = ORIENTED_EDGE('',*,*,#5046,.T.);
#12811 = ORIENTED_EDGE('',*,*,#5070,.T.);
#12812 = ORIENTED_EDGE('',*,*,#5094,.T.);
#12813 = ORIENTED_EDGE('',*,*,#5118,.T.);
#12814 = ORIENTED_EDGE('',*,*,#5142,.T.);
#12815 = ORIENTED_EDGE('',*,*,#5166,.T.);
#12816 = ORIENTED_EDGE('',*,*,#5190,.T.);
#12817 = ORIENTED_EDGE('',*,*,#5214,.T.);
#12818 = ORIENTED_EDGE('',*,*,#5238,.T.);
#12819 = ORIENTED_EDGE('',*,*,#5262,.T.);
#12820 = ORIENTED_EDGE('',*,*,#5286,.T.);
#12821 = ORIENTED_EDGE('',*,*,#5310,.T.);
#12822 = ORIENTED_EDGE('',*,*,#5334,.T.);
#12823 = ORIENTED_EDGE('',*,*,#5358,.T.);
#12824 = ORIENTED_EDGE('',*,*,#5382,.T.);
#12825 = ORIENTED_EDGE('',*,*,#5406,.T.);
#12826 = ORIENTED_EDGE('',*,*,#5430,.T.);
#12827 = ORIENTED_EDGE('',*,*,#5454,.T.);
#12828 = ORIENTED_EDGE('',*,*,#5478,.T.);
#12829 = ORIENTED_EDGE('',*,*,#5502,.T.);
#12830 = ORIENTED_EDGE('',*,*,#5526,.T.);
#12831 = ORIENTED_EDGE('',*,*,#5550,.T.);
#12832 = ORIENTED_EDGE('',*,*,#5574,.T.);
#12833 = ORIENTED_EDGE('',*,*,#5598,.T.);
#12834 = ORIENTED_EDGE('',*,*,#5622,.T.);
#12835 = ORIENTED_EDGE('',*,*,#5646,.T.);
#12836 = ORIENTED_EDGE('',*,*,#5670,.T.);
#12837 = ORIENTED_EDGE('',*,*,#5694,.T.);
#12838 = ORIENTED_EDGE('',*,*,#5718,.T.);
#12839 = ORIENTED_EDGE('',*,*,#5742,.T.);
#12840 = ORIENTED_EDGE('',*,*,#5766,.T.);
#12841 = ORIENTED_EDGE('',*,*,#5790,.T.);
#12842 = ORIENTED_EDGE('',*,*,#5814,.T.);
#12843 = ORIENTED_EDGE('',*,*,#5838,.T.);
#12844 = ORIENTED_EDGE('',*,*,#5862,.T.);
#12845 = ORIENTED_EDGE('',*,*,#5886,.T.);
#12846 = ORIENTED_EDGE('',*,*,#5910,.T.);
#12847 = ORIENTED_EDGE('',*,*,#5934,.T.);
#12848 = ORIENTED_EDGE('',*,*,#5958,.T.);
#12849 = ORIENTED_EDGE('',*,*,#5982,.T.);
#12850 = ORIENTED_EDGE('',*,*,#6006,.T.);
#12851 = ORIENTED_EDGE('',*,*,#12852,.T.);
#12852 = EDGE_CURVE('',#6007,#6030,#12853,.T.);
#12853 = LINE('',#12854,#12855);
#12854 = CARTESIAN_POINT('',(-8.388972745734,4.849185714286,38.4032));
#12855 = VECTOR('',#12856,1.);
#12856 = DIRECTION('',(0.,1.,0.));
#12857 = ORIENTED_EDGE('',*,*,#6037,.T.);
#12858 = ORIENTED_EDGE('',*,*,#6061,.T.);
#12859 = ORIENTED_EDGE('',*,*,#6085,.T.);
#12860 = ORIENTED_EDGE('',*,*,#6109,.T.);
#12861 = ORIENTED_EDGE('',*,*,#12862,.T.);
#12862 = EDGE_CURVE('',#6110,#6133,#12863,.T.);
#12863 = LINE('',#12864,#12865);
#12864 = CARTESIAN_POINT('',(-8.388972745734,4.962285714286,
    38.465971428571));
#12865 = VECTOR('',#12866,1.);
#12866 = DIRECTION('',(0.,0.571064488199,0.820905201785));
#12867 = ORIENTED_EDGE('',*,*,#6140,.T.);
#12868 = ORIENTED_EDGE('',*,*,#12869,.T.);
#12869 = EDGE_CURVE('',#6141,#6164,#12870,.T.);
#12870 = LINE('',#12871,#12872);
#12871 = CARTESIAN_POINT('',(-8.388972745734,4.986057142857,
    38.540071428571));
#12872 = VECTOR('',#12873,1.);
#12873 = DIRECTION('',(0.,0.,1.));
#12874 = ORIENTED_EDGE('',*,*,#6171,.T.);
#12875 = ORIENTED_EDGE('',*,*,#6195,.T.);
#12876 = ORIENTED_EDGE('',*,*,#6219,.T.);
#12877 = ORIENTED_EDGE('',*,*,#6243,.T.);
#12878 = ORIENTED_EDGE('',*,*,#6267,.T.);
#12879 = ORIENTED_EDGE('',*,*,#6291,.T.);
#12880 = ORIENTED_EDGE('',*,*,#6315,.T.);
#12881 = ORIENTED_EDGE('',*,*,#6339,.T.);
#12882 = ORIENTED_EDGE('',*,*,#6363,.T.);
#12883 = ORIENTED_EDGE('',*,*,#6387,.T.);
#12884 = PLANE('',#12885);
#12885 = AXIS2_PLACEMENT_3D('',#12886,#12887,#12888);
#12886 = CARTESIAN_POINT('',(-8.388972745734,4.226074592953,
    40.235371698725));
#12887 = DIRECTION('',(-1.,0.,0.));
#12888 = DIRECTION('',(0.,-1.,0.));
#12889 = ADVANCED_FACE('',(#12890,#12982),#13016,.T.);
#12890 = FACE_BOUND('',#12891,.F.);
#12891 = EDGE_LOOP('',(#12892,#12898,#12899,#12900,#12901,#12902,#12903,
    #12904,#12905,#12906,#12907,#12908,#12909,#12910,#12911,#12917,
    #12918,#12919,#12920,#12921,#12922,#12923,#12924,#12925,#12926,
    #12927,#12928,#12929,#12935,#12936,#12937,#12938,#12939,#12940,
    #12946,#12947,#12948,#12949,#12950,#12951,#12952,#12953,#12954,
    #12955,#12956,#12957,#12958,#12959,#12960,#12966,#12967,#12968,
    #12969,#12970,#12971,#12972,#12973,#12974,#12975,#12976,#12977,
    #12978,#12979,#12980,#12981));
#12892 = ORIENTED_EDGE('',*,*,#12893,.T.);
#12893 = EDGE_CURVE('',#7880,#6428,#12894,.T.);
#12894 = LINE('',#12895,#12896);
#12895 = CARTESIAN_POINT('',(-8.388972745734,2.704,38.973714285714));
#12896 = VECTOR('',#12897,1.);
#12897 = DIRECTION('',(0.,0.,1.));
#12898 = ORIENTED_EDGE('',*,*,#6435,.T.);
#12899 = ORIENTED_EDGE('',*,*,#6459,.T.);
#12900 = ORIENTED_EDGE('',*,*,#6483,.T.);
#12901 = ORIENTED_EDGE('',*,*,#6507,.T.);
#12902 = ORIENTED_EDGE('',*,*,#6531,.T.);
#12903 = ORIENTED_EDGE('',*,*,#6555,.T.);
#12904 = ORIENTED_EDGE('',*,*,#6579,.T.);
#12905 = ORIENTED_EDGE('',*,*,#6603,.T.);
#12906 = ORIENTED_EDGE('',*,*,#6627,.T.);
#12907 = ORIENTED_EDGE('',*,*,#6651,.T.);
#12908 = ORIENTED_EDGE('',*,*,#6675,.T.);
#12909 = ORIENTED_EDGE('',*,*,#6699,.T.);
#12910 = ORIENTED_EDGE('',*,*,#6723,.T.);
#12911 = ORIENTED_EDGE('',*,*,#12912,.T.);
#12912 = EDGE_CURVE('',#6724,#6747,#12913,.T.);
#12913 = LINE('',#12914,#12915);
#12914 = CARTESIAN_POINT('',(-8.388972745734,2.133485714286,42.3968));
#12915 = VECTOR('',#12916,1.);
#12916 = DIRECTION('',(0.,-1.,0.));
#12917 = ORIENTED_EDGE('',*,*,#6754,.T.);
#12918 = ORIENTED_EDGE('',*,*,#6778,.T.);
#12919 = ORIENTED_EDGE('',*,*,#6802,.T.);
#12920 = ORIENTED_EDGE('',*,*,#6826,.T.);
#12921 = ORIENTED_EDGE('',*,*,#6850,.T.);
#12922 = ORIENTED_EDGE('',*,*,#6874,.T.);
#12923 = ORIENTED_EDGE('',*,*,#6898,.T.);
#12924 = ORIENTED_EDGE('',*,*,#6922,.T.);
#12925 = ORIENTED_EDGE('',*,*,#6946,.T.);
#12926 = ORIENTED_EDGE('',*,*,#6970,.T.);
#12927 = ORIENTED_EDGE('',*,*,#6994,.T.);
#12928 = ORIENTED_EDGE('',*,*,#7018,.T.);
#12929 = ORIENTED_EDGE('',*,*,#12930,.T.);
#12930 = EDGE_CURVE('',#7019,#7042,#12931,.T.);
#12931 = LINE('',#12932,#12933);
#12932 = CARTESIAN_POINT('',(-8.388972745734,0.769971428571,
    42.082942857143));
#12933 = VECTOR('',#12934,1.);
#12934 = DIRECTION('',(0.,-0.4472135955,-0.894427191));
#12935 = ORIENTED_EDGE('',*,*,#7049,.T.);
#12936 = ORIENTED_EDGE('',*,*,#7073,.T.);
#12937 = ORIENTED_EDGE('',*,*,#7097,.T.);
#12938 = ORIENTED_EDGE('',*,*,#7121,.T.);
#12939 = ORIENTED_EDGE('',*,*,#7145,.T.);
#12940 = ORIENTED_EDGE('',*,*,#12941,.T.);
#12941 = EDGE_CURVE('',#7146,#7169,#12942,.T.);
#12942 = LINE('',#12943,#12944);
#12943 = CARTESIAN_POINT('',(-8.388972745734,0.7072,41.826285714286));
#12944 = VECTOR('',#12945,1.);
#12945 = DIRECTION('',(0.,0.,-1.));
#12946 = ORIENTED_EDGE('',*,*,#7176,.T.);
#12947 = ORIENTED_EDGE('',*,*,#7200,.T.);
#12948 = ORIENTED_EDGE('',*,*,#7224,.T.);
#12949 = ORIENTED_EDGE('',*,*,#7248,.T.);
#12950 = ORIENTED_EDGE('',*,*,#7272,.T.);
#12951 = ORIENTED_EDGE('',*,*,#7296,.T.);
#12952 = ORIENTED_EDGE('',*,*,#7320,.T.);
#12953 = ORIENTED_EDGE('',*,*,#7344,.T.);
#12954 = ORIENTED_EDGE('',*,*,#7368,.T.);
#12955 = ORIENTED_EDGE('',*,*,#7392,.T.);
#12956 = ORIENTED_EDGE('',*,*,#7416,.T.);
#12957 = ORIENTED_EDGE('',*,*,#7440,.T.);
#12958 = ORIENTED_EDGE('',*,*,#7464,.T.);
#12959 = ORIENTED_EDGE('',*,*,#7488,.T.);
#12960 = ORIENTED_EDGE('',*,*,#12961,.T.);
#12961 = EDGE_CURVE('',#7489,#7512,#12962,.T.);
#12962 = LINE('',#12963,#12964);
#12963 = CARTESIAN_POINT('',(-8.388972745734,2.133485714286,38.4032));
#12964 = VECTOR('',#12965,1.);
#12965 = DIRECTION('',(0.,1.,0.));
#12966 = ORIENTED_EDGE('',*,*,#7519,.T.);
#12967 = ORIENTED_EDGE('',*,*,#7543,.T.);
#12968 = ORIENTED_EDGE('',*,*,#7567,.T.);
#12969 = ORIENTED_EDGE('',*,*,#7591,.T.);
#12970 = ORIENTED_EDGE('',*,*,#7615,.T.);
#12971 = ORIENTED_EDGE('',*,*,#7639,.T.);
#12972 = ORIENTED_EDGE('',*,*,#7663,.T.);
#12973 = ORIENTED_EDGE('',*,*,#7687,.T.);
#12974 = ORIENTED_EDGE('',*,*,#7711,.T.);
#12975 = ORIENTED_EDGE('',*,*,#7735,.T.);
#12976 = ORIENTED_EDGE('',*,*,#7759,.T.);
#12977 = ORIENTED_EDGE('',*,*,#7783,.T.);
#12978 = ORIENTED_EDGE('',*,*,#7807,.T.);
#12979 = ORIENTED_EDGE('',*,*,#7831,.T.);
#12980 = ORIENTED_EDGE('',*,*,#7855,.T.);
#12981 = ORIENTED_EDGE('',*,*,#7879,.T.);
#12982 = FACE_BOUND('',#12983,.F.);
#12983 = EDGE_LOOP('',(#12984,#12994,#13002,#13010));
#12984 = ORIENTED_EDGE('',*,*,#12985,.T.);
#12985 = EDGE_CURVE('',#12986,#12988,#12990,.T.);
#12986 = VERTEX_POINT('',#12987);
#12987 = CARTESIAN_POINT('',(-8.388972745734,2.133485714286,
    41.826285714286));
#12988 = VERTEX_POINT('',#12989);
#12989 = CARTESIAN_POINT('',(-8.388972745734,2.133485714286,
    38.973714285714));
#12990 = LINE('',#12991,#12992);
#12991 = CARTESIAN_POINT('',(-8.388972745734,2.133485714286,
    41.826285714286));
#12992 = VECTOR('',#12993,1.);
#12993 = DIRECTION('',(0.,0.,-1.));
#12994 = ORIENTED_EDGE('',*,*,#12995,.T.);
#12995 = EDGE_CURVE('',#12988,#12996,#12998,.T.);
#12996 = VERTEX_POINT('',#12997);
#12997 = CARTESIAN_POINT('',(-8.388972745734,1.277714285714,
    38.973714285714));
#12998 = LINE('',#12999,#13000);
#12999 = CARTESIAN_POINT('',(-8.388972745734,2.133485714286,
    38.973714285714));
#13000 = VECTOR('',#13001,1.);
#13001 = DIRECTION('',(0.,-1.,0.));
#13002 = ORIENTED_EDGE('',*,*,#13003,.T.);
#13003 = EDGE_CURVE('',#12996,#13004,#13006,.T.);
#13004 = VERTEX_POINT('',#13005);
#13005 = CARTESIAN_POINT('',(-8.388972745734,1.277714285714,
    41.826285714286));
#13006 = LINE('',#13007,#13008);
#13007 = CARTESIAN_POINT('',(-8.388972745734,1.277714285714,
    38.973714285714));
#13008 = VECTOR('',#13009,1.);
#13009 = DIRECTION('',(0.,0.,1.));
#13010 = ORIENTED_EDGE('',*,*,#13011,.T.);
#13011 = EDGE_CURVE('',#13004,#12986,#13012,.T.);
#13012 = LINE('',#13013,#13014);
#13013 = CARTESIAN_POINT('',(-8.388972745734,1.277714285714,
    41.826285714286));
#13014 = VECTOR('',#13015,1.);
#13015 = DIRECTION('',(0.,1.,0.));
#13016 = PLANE('',#13017);
#13017 = AXIS2_PLACEMENT_3D('',#13018,#13019,#13020);
#13018 = CARTESIAN_POINT('',(-8.388972745734,1.705859852971,
    40.401014133874));
#13019 = DIRECTION('',(-1.,0.,0.));
#13020 = DIRECTION('',(0.,-1.,0.));
#13021 = ADVANCED_FACE('',(#13022),#13132,.T.);
#13022 = FACE_BOUND('',#13023,.F.);
#13023 = EDGE_LOOP('',(#13024,#13025,#13026,#13027,#13028,#13029,#13030,
    #13031,#13032,#13033,#13034,#13035,#13036,#13037,#13038,#13044,
    #13045,#13046,#13047,#13048,#13049,#13050,#13051,#13057,#13058,
    #13059,#13060,#13061,#13062,#13063,#13064,#13065,#13066,#13067,
    #13068,#13069,#13070,#13071,#13072,#13073,#13074,#13075,#13076,
    #13077,#13078,#13079,#13080,#13081,#13082,#13083,#13084,#13085,
    #13086,#13087,#13088,#13089,#13090,#13091,#13092,#13093,#13094,
    #13095,#13096,#13097,#13098,#13099,#13105,#13106,#13107,#13108,
    #13109,#13115,#13116,#13122,#13123,#13124,#13125,#13126,#13127,
    #13128,#13129,#13130,#13131));
#13024 = ORIENTED_EDGE('',*,*,#9793,.T.);
#13025 = ORIENTED_EDGE('',*,*,#7910,.T.);
#13026 = ORIENTED_EDGE('',*,*,#7934,.T.);
#13027 = ORIENTED_EDGE('',*,*,#7958,.T.);
#13028 = ORIENTED_EDGE('',*,*,#7982,.T.);
#13029 = ORIENTED_EDGE('',*,*,#8006,.T.);
#13030 = ORIENTED_EDGE('',*,*,#8030,.T.);
#13031 = ORIENTED_EDGE('',*,*,#8054,.T.);
#13032 = ORIENTED_EDGE('',*,*,#8078,.T.);
#13033 = ORIENTED_EDGE('',*,*,#8102,.T.);
#13034 = ORIENTED_EDGE('',*,*,#8126,.T.);
#13035 = ORIENTED_EDGE('',*,*,#8150,.T.);
#13036 = ORIENTED_EDGE('',*,*,#8174,.T.);
#13037 = ORIENTED_EDGE('',*,*,#8198,.T.);
#13038 = ORIENTED_EDGE('',*,*,#13039,.T.);
#13039 = EDGE_CURVE('',#8199,#8222,#13040,.T.);
#13040 = LINE('',#13041,#13042);
#13041 = CARTESIAN_POINT('',(-8.388972745734,-3.274514285714,
    42.111542857143));
#13042 = VECTOR('',#13043,1.);
#13043 = DIRECTION('',(0.,0.,1.));
#13044 = ORIENTED_EDGE('',*,*,#8229,.T.);
#13045 = ORIENTED_EDGE('',*,*,#8253,.T.);
#13046 = ORIENTED_EDGE('',*,*,#8277,.T.);
#13047 = ORIENTED_EDGE('',*,*,#8301,.T.);
#13048 = ORIENTED_EDGE('',*,*,#8325,.T.);
#13049 = ORIENTED_EDGE('',*,*,#8349,.T.);
#13050 = ORIENTED_EDGE('',*,*,#8373,.T.);
#13051 = ORIENTED_EDGE('',*,*,#13052,.T.);
#13052 = EDGE_CURVE('',#8374,#8397,#13053,.T.);
#13053 = LINE('',#13054,#13055);
#13054 = CARTESIAN_POINT('',(-8.388972745734,-3.382971428571,
    42.334028571429));
#13055 = VECTOR('',#13056,1.);
#13056 = DIRECTION('',(0.,-0.80078057117,0.598957825591));
#13057 = ORIENTED_EDGE('',*,*,#8404,.T.);
#13058 = ORIENTED_EDGE('',*,*,#8428,.T.);
#13059 = ORIENTED_EDGE('',*,*,#8452,.T.);
#13060 = ORIENTED_EDGE('',*,*,#8476,.T.);
#13061 = ORIENTED_EDGE('',*,*,#8500,.T.);
#13062 = ORIENTED_EDGE('',*,*,#8524,.T.);
#13063 = ORIENTED_EDGE('',*,*,#8548,.T.);
#13064 = ORIENTED_EDGE('',*,*,#8572,.T.);
#13065 = ORIENTED_EDGE('',*,*,#8596,.T.);
#13066 = ORIENTED_EDGE('',*,*,#8620,.T.);
#13067 = ORIENTED_EDGE('',*,*,#8644,.T.);
#13068 = ORIENTED_EDGE('',*,*,#8668,.T.);
#13069 = ORIENTED_EDGE('',*,*,#8692,.T.);
#13070 = ORIENTED_EDGE('',*,*,#8716,.T.);
#13071 = ORIENTED_EDGE('',*,*,#8740,.T.);
#13072 = ORIENTED_EDGE('',*,*,#8764,.T.);
#13073 = ORIENTED_EDGE('',*,*,#8788,.T.);
#13074 = ORIENTED_EDGE('',*,*,#8812,.T.);
#13075 = ORIENTED_EDGE('',*,*,#8836,.T.);
#13076 = ORIENTED_EDGE('',*,*,#8860,.T.);
#13077 = ORIENTED_EDGE('',*,*,#8884,.T.);
#13078 = ORIENTED_EDGE('',*,*,#8908,.T.);
#13079 = ORIENTED_EDGE('',*,*,#8932,.T.);
#13080 = ORIENTED_EDGE('',*,*,#8956,.T.);
#13081 = ORIENTED_EDGE('',*,*,#8980,.T.);
#13082 = ORIENTED_EDGE('',*,*,#9004,.T.);
#13083 = ORIENTED_EDGE('',*,*,#9028,.T.);
#13084 = ORIENTED_EDGE('',*,*,#9052,.T.);
#13085 = ORIENTED_EDGE('',*,*,#9076,.T.);
#13086 = ORIENTED_EDGE('',*,*,#9100,.T.);
#13087 = ORIENTED_EDGE('',*,*,#9124,.T.);
#13088 = ORIENTED_EDGE('',*,*,#9148,.T.);
#13089 = ORIENTED_EDGE('',*,*,#9172,.T.);
#13090 = ORIENTED_EDGE('',*,*,#9196,.T.);
#13091 = ORIENTED_EDGE('',*,*,#9220,.T.);
#13092 = ORIENTED_EDGE('',*,*,#9244,.T.);
#13093 = ORIENTED_EDGE('',*,*,#9268,.T.);
#13094 = ORIENTED_EDGE('',*,*,#9292,.T.);
#13095 = ORIENTED_EDGE('',*,*,#9316,.T.);
#13096 = ORIENTED_EDGE('',*,*,#9340,.T.);
#13097 = ORIENTED_EDGE('',*,*,#9364,.T.);
#13098 = ORIENTED_EDGE('',*,*,#9388,.T.);
#13099 = ORIENTED_EDGE('',*,*,#13100,.T.);
#13100 = EDGE_CURVE('',#9389,#9412,#13101,.T.);
#13101 = LINE('',#13102,#13103);
#13102 = CARTESIAN_POINT('',(-8.388972745734,-3.554014285714,38.4032));
#13103 = VECTOR('',#13104,1.);
#13104 = DIRECTION('',(0.,1.,0.));
#13105 = ORIENTED_EDGE('',*,*,#9419,.T.);
#13106 = ORIENTED_EDGE('',*,*,#9443,.T.);
#13107 = ORIENTED_EDGE('',*,*,#9467,.T.);
#13108 = ORIENTED_EDGE('',*,*,#9491,.T.);
#13109 = ORIENTED_EDGE('',*,*,#13110,.T.);
#13110 = EDGE_CURVE('',#9492,#9515,#13111,.T.);
#13111 = LINE('',#13112,#13113);
#13112 = CARTESIAN_POINT('',(-8.388972745734,-3.440914285714,
    38.465971428571));
#13113 = VECTOR('',#13114,1.);
#13114 = DIRECTION('',(0.,0.571064488199,0.820905201785));
#13115 = ORIENTED_EDGE('',*,*,#9522,.T.);
#13116 = ORIENTED_EDGE('',*,*,#13117,.T.);
#13117 = EDGE_CURVE('',#9523,#9546,#13118,.T.);
#13118 = LINE('',#13119,#13120);
#13119 = CARTESIAN_POINT('',(-8.388972745734,-3.417142857143,
    38.540071428571));
#13120 = VECTOR('',#13121,1.);
#13121 = DIRECTION('',(0.,0.,1.));
#13122 = ORIENTED_EDGE('',*,*,#9553,.T.);
#13123 = ORIENTED_EDGE('',*,*,#9577,.T.);
#13124 = ORIENTED_EDGE('',*,*,#9601,.T.);
#13125 = ORIENTED_EDGE('',*,*,#9625,.T.);
#13126 = ORIENTED_EDGE('',*,*,#9649,.T.);
#13127 = ORIENTED_EDGE('',*,*,#9673,.T.);
#13128 = ORIENTED_EDGE('',*,*,#9697,.T.);
#13129 = ORIENTED_EDGE('',*,*,#9721,.T.);
#13130 = ORIENTED_EDGE('',*,*,#9745,.T.);
#13131 = ORIENTED_EDGE('',*,*,#9769,.T.);
#13132 = PLANE('',#13133);
#13133 = AXIS2_PLACEMENT_3D('',#13134,#13135,#13136);
#13134 = CARTESIAN_POINT('',(-8.388972745734,-4.177125407047,
    40.235371698725));
#13135 = DIRECTION('',(-1.,0.,0.));
#13136 = DIRECTION('',(0.,-1.,0.));
#13137 = ADVANCED_FACE('',(#13138),#13240,.T.);
#13138 = FACE_BOUND('',#13139,.F.);
#13139 = EDGE_LOOP('',(#13140,#13146,#13147,#13148,#13149,#13150,#13151,
    #13152,#13153,#13154,#13160,#13161,#13162,#13163,#13164,#13165,
    #13166,#13172,#13173,#13174,#13175,#13176,#13177,#13178,#13179,
    #13180,#13186,#13187,#13188,#13189,#13190,#13191,#13192,#13193,
    #13194,#13200,#13201,#13202,#13203,#13204,#13205,#13206,#13207,
    #13215,#13221,#13222,#13223,#13224,#13225,#13226,#13227,#13233,
    #13234,#13235,#13236,#13237,#13238,#13239));
#13140 = ORIENTED_EDGE('',*,*,#13141,.T.);
#13141 = EDGE_CURVE('',#11036,#9810,#13142,.T.);
#13142 = LINE('',#13143,#13144);
#13143 = CARTESIAN_POINT('',(-8.388972745734,-0.849828571429,
    38.545828571429));
#13144 = VECTOR('',#13145,1.);
#13145 = DIRECTION('',(0.,0.,1.));
#13146 = ORIENTED_EDGE('',*,*,#9817,.T.);
#13147 = ORIENTED_EDGE('',*,*,#9841,.T.);
#13148 = ORIENTED_EDGE('',*,*,#9865,.T.);
#13149 = ORIENTED_EDGE('',*,*,#9889,.T.);
#13150 = ORIENTED_EDGE('',*,*,#9913,.T.);
#13151 = ORIENTED_EDGE('',*,*,#9937,.T.);
#13152 = ORIENTED_EDGE('',*,*,#9961,.T.);
#13153 = ORIENTED_EDGE('',*,*,#9985,.T.);
#13154 = ORIENTED_EDGE('',*,*,#13155,.T.);
#13155 = EDGE_CURVE('',#9986,#10009,#13156,.T.);
#13156 = LINE('',#13157,#13158);
#13157 = CARTESIAN_POINT('',(-8.388972745734,-0.9867,42.3968));
#13158 = VECTOR('',#13159,1.);
#13159 = DIRECTION('',(0.,-1.,0.));
#13160 = ORIENTED_EDGE('',*,*,#10016,.T.);
#13161 = ORIENTED_EDGE('',*,*,#10040,.T.);
#13162 = ORIENTED_EDGE('',*,*,#10064,.T.);
#13163 = ORIENTED_EDGE('',*,*,#10088,.T.);
#13164 = ORIENTED_EDGE('',*,*,#10112,.T.);
#13165 = ORIENTED_EDGE('',*,*,#10136,.T.);
#13166 = ORIENTED_EDGE('',*,*,#13167,.T.);
#13167 = EDGE_CURVE('',#10137,#10160,#13168,.T.);
#13168 = LINE('',#13169,#13170);
#13169 = CARTESIAN_POINT('',(-8.388972745734,-2.704,41.9704));
#13170 = VECTOR('',#13171,1.);
#13171 = DIRECTION('',(0.,0.,-1.));
#13172 = ORIENTED_EDGE('',*,*,#10167,.T.);
#13173 = ORIENTED_EDGE('',*,*,#10191,.T.);
#13174 = ORIENTED_EDGE('',*,*,#10215,.T.);
#13175 = ORIENTED_EDGE('',*,*,#10239,.T.);
#13176 = ORIENTED_EDGE('',*,*,#10263,.T.);
#13177 = ORIENTED_EDGE('',*,*,#10287,.T.);
#13178 = ORIENTED_EDGE('',*,*,#10311,.T.);
#13179 = ORIENTED_EDGE('',*,*,#10335,.T.);
#13180 = ORIENTED_EDGE('',*,*,#13181,.T.);
#13181 = EDGE_CURVE('',#10336,#10359,#13182,.T.);
#13182 = LINE('',#13183,#13184);
#13183 = CARTESIAN_POINT('',(-8.388972745734,-2.561371428571,
    41.826285714286));
#13184 = VECTOR('',#13185,1.);
#13185 = DIRECTION('',(0.,1.,0.));
#13186 = ORIENTED_EDGE('',*,*,#10366,.T.);
#13187 = ORIENTED_EDGE('',*,*,#10390,.T.);
#13188 = ORIENTED_EDGE('',*,*,#10414,.T.);
#13189 = ORIENTED_EDGE('',*,*,#10438,.T.);
#13190 = ORIENTED_EDGE('',*,*,#10462,.T.);
#13191 = ORIENTED_EDGE('',*,*,#10486,.T.);
#13192 = ORIENTED_EDGE('',*,*,#10510,.T.);
#13193 = ORIENTED_EDGE('',*,*,#10534,.T.);
#13194 = ORIENTED_EDGE('',*,*,#13195,.T.);
#13195 = EDGE_CURVE('',#10535,#10558,#13196,.T.);
#13196 = LINE('',#13197,#13198);
#13197 = CARTESIAN_POINT('',(-8.388972745734,-2.418742857143,
    40.257371428571));
#13198 = VECTOR('',#13199,1.);
#13199 = DIRECTION('',(0.,0.,-1.));
#13200 = ORIENTED_EDGE('',*,*,#10565,.T.);
#13201 = ORIENTED_EDGE('',*,*,#10589,.T.);
#13202 = ORIENTED_EDGE('',*,*,#10613,.T.);
#13203 = ORIENTED_EDGE('',*,*,#10637,.T.);
#13204 = ORIENTED_EDGE('',*,*,#10661,.T.);
#13205 = ORIENTED_EDGE('',*,*,#10685,.T.);
#13206 = ORIENTED_EDGE('',*,*,#10709,.T.);
#13207 = ORIENTED_EDGE('',*,*,#13208,.T.);
#13208 = EDGE_CURVE('',#10710,#13209,#13211,.T.);
#13209 = VERTEX_POINT('',#13210);
#13210 = CARTESIAN_POINT('',(-8.388972745734,-1.420342857143,
    40.114742857143));
#13211 = LINE('',#13212,#13213);
#13212 = CARTESIAN_POINT('',(-8.388972745734,-2.2932,40.114742857143));
#13213 = VECTOR('',#13214,1.);
#13214 = DIRECTION('',(0.,1.,0.));
#13215 = ORIENTED_EDGE('',*,*,#13216,.T.);
#13216 = EDGE_CURVE('',#13209,#10733,#13217,.T.);
#13217 = LINE('',#13218,#13219);
#13218 = CARTESIAN_POINT('',(-8.388972745734,-1.420342857143,
    38.545828571429));
#13219 = VECTOR('',#13220,1.);
#13220 = DIRECTION('',(0.,0.,-1.));
#13221 = ORIENTED_EDGE('',*,*,#10740,.T.);
#13222 = ORIENTED_EDGE('',*,*,#10764,.T.);
#13223 = ORIENTED_EDGE('',*,*,#10788,.T.);
#13224 = ORIENTED_EDGE('',*,*,#10812,.T.);
#13225 = ORIENTED_EDGE('',*,*,#10836,.T.);
#13226 = ORIENTED_EDGE('',*,*,#10860,.T.);
#13227 = ORIENTED_EDGE('',*,*,#13228,.T.);
#13228 = EDGE_CURVE('',#10861,#10884,#13229,.T.);
#13229 = LINE('',#13230,#13231);
#13230 = CARTESIAN_POINT('',(-8.388972745734,-1.277714285714,38.4032));
#13231 = VECTOR('',#13232,1.);
#13232 = DIRECTION('',(0.,1.,0.));
#13233 = ORIENTED_EDGE('',*,*,#10891,.T.);
#13234 = ORIENTED_EDGE('',*,*,#10915,.T.);
#13235 = ORIENTED_EDGE('',*,*,#10939,.T.);
#13236 = ORIENTED_EDGE('',*,*,#10963,.T.);
#13237 = ORIENTED_EDGE('',*,*,#10987,.T.);
#13238 = ORIENTED_EDGE('',*,*,#11011,.T.);
#13239 = ORIENTED_EDGE('',*,*,#11035,.T.);
#13240 = PLANE('',#13241);
#13241 = AXIS2_PLACEMENT_3D('',#13242,#13243,#13244);
#13242 = CARTESIAN_POINT('',(-8.388972745734,-1.506150161314,
    40.725467409186));
#13243 = DIRECTION('',(-1.,0.,0.));
#13244 = DIRECTION('',(0.,-1.,0.));
#13245 = ADVANCED_FACE('',(#13246,#13338),#13372,.T.);
#13246 = FACE_BOUND('',#13247,.F.);
#13247 = EDGE_LOOP('',(#13248,#13254,#13255,#13256,#13257,#13258,#13259,
    #13260,#13261,#13262,#13263,#13264,#13265,#13266,#13267,#13273,
    #13274,#13275,#13276,#13277,#13278,#13279,#13280,#13281,#13282,
    #13283,#13284,#13285,#13291,#13292,#13293,#13294,#13295,#13296,
    #13302,#13303,#13304,#13305,#13306,#13307,#13308,#13309,#13310,
    #13311,#13312,#13313,#13314,#13315,#13316,#13322,#13323,#13324,
    #13325,#13326,#13327,#13328,#13329,#13330,#13331,#13332,#13333,
    #13334,#13335,#13336,#13337));
#13248 = ORIENTED_EDGE('',*,*,#13249,.T.);
#13249 = EDGE_CURVE('',#12511,#11059,#13250,.T.);
#13250 = LINE('',#13251,#13252);
#13251 = CARTESIAN_POINT('',(-8.388972745734,-5.6992,38.973714285714));
#13252 = VECTOR('',#13253,1.);
#13253 = DIRECTION('',(0.,0.,1.));
#13254 = ORIENTED_EDGE('',*,*,#11066,.T.);
#13255 = ORIENTED_EDGE('',*,*,#11090,.T.);
#13256 = ORIENTED_EDGE('',*,*,#11114,.T.);
#13257 = ORIENTED_EDGE('',*,*,#11138,.T.);
#13258 = ORIENTED_EDGE('',*,*,#11162,.T.);
#13259 = ORIENTED_EDGE('',*,*,#11186,.T.);
#13260 = ORIENTED_EDGE('',*,*,#11210,.T.);
#13261 = ORIENTED_EDGE('',*,*,#11234,.T.);
#13262 = ORIENTED_EDGE('',*,*,#11258,.T.);
#13263 = ORIENTED_EDGE('',*,*,#11282,.T.);
#13264 = ORIENTED_EDGE('',*,*,#11306,.T.);
#13265 = ORIENTED_EDGE('',*,*,#11330,.T.);
#13266 = ORIENTED_EDGE('',*,*,#11354,.T.);
#13267 = ORIENTED_EDGE('',*,*,#13268,.T.);
#13268 = EDGE_CURVE('',#11355,#11378,#13269,.T.);
#13269 = LINE('',#13270,#13271);
#13270 = CARTESIAN_POINT('',(-8.388972745734,-6.269714285714,42.3968));
#13271 = VECTOR('',#13272,1.);
#13272 = DIRECTION('',(0.,-1.,0.));
#13273 = ORIENTED_EDGE('',*,*,#11385,.T.);
#13274 = ORIENTED_EDGE('',*,*,#11409,.T.);
#13275 = ORIENTED_EDGE('',*,*,#11433,.T.);
#13276 = ORIENTED_EDGE('',*,*,#11457,.T.);
#13277 = ORIENTED_EDGE('',*,*,#11481,.T.);
#13278 = ORIENTED_EDGE('',*,*,#11505,.T.);
#13279 = ORIENTED_EDGE('',*,*,#11529,.T.);
#13280 = ORIENTED_EDGE('',*,*,#11553,.T.);
#13281 = ORIENTED_EDGE('',*,*,#11577,.T.);
#13282 = ORIENTED_EDGE('',*,*,#11601,.T.);
#13283 = ORIENTED_EDGE('',*,*,#11625,.T.);
#13284 = ORIENTED_EDGE('',*,*,#11649,.T.);
#13285 = ORIENTED_EDGE('',*,*,#13286,.T.);
#13286 = EDGE_CURVE('',#11650,#11673,#13287,.T.);
#13287 = LINE('',#13288,#13289);
#13288 = CARTESIAN_POINT('',(-8.388972745734,-7.633228571429,
    42.082942857143));
#13289 = VECTOR('',#13290,1.);
#13290 = DIRECTION('',(0.,-0.4472135955,-0.894427191));
#13291 = ORIENTED_EDGE('',*,*,#11680,.T.);
#13292 = ORIENTED_EDGE('',*,*,#11704,.T.);
#13293 = ORIENTED_EDGE('',*,*,#11728,.T.);
#13294 = ORIENTED_EDGE('',*,*,#11752,.T.);
#13295 = ORIENTED_EDGE('',*,*,#11776,.T.);
#13296 = ORIENTED_EDGE('',*,*,#13297,.T.);
#13297 = EDGE_CURVE('',#11777,#11800,#13298,.T.);
#13298 = LINE('',#13299,#13300);
#13299 = CARTESIAN_POINT('',(-8.388972745734,-7.696,41.826285714286));
#13300 = VECTOR('',#13301,1.);
#13301 = DIRECTION('',(0.,0.,-1.));
#13302 = ORIENTED_EDGE('',*,*,#11807,.T.);
#13303 = ORIENTED_EDGE('',*,*,#11831,.T.);
#13304 = ORIENTED_EDGE('',*,*,#11855,.T.);
#13305 = ORIENTED_EDGE('',*,*,#11879,.T.);
#13306 = ORIENTED_EDGE('',*,*,#11903,.T.);
#13307 = ORIENTED_EDGE('',*,*,#11927,.T.);
#13308 = ORIENTED_EDGE('',*,*,#11951,.T.);
#13309 = ORIENTED_EDGE('',*,*,#11975,.T.);
#13310 = ORIENTED_EDGE('',*,*,#11999,.T.);
#13311 = ORIENTED_EDGE('',*,*,#12023,.T.);
#13312 = ORIENTED_EDGE('',*,*,#12047,.T.);
#13313 = ORIENTED_EDGE('',*,*,#12071,.T.);
#13314 = ORIENTED_EDGE('',*,*,#12095,.T.);
#13315 = ORIENTED_EDGE('',*,*,#12119,.T.);
#13316 = ORIENTED_EDGE('',*,*,#13317,.T.);
#13317 = EDGE_CURVE('',#12120,#12143,#13318,.T.);
#13318 = LINE('',#13319,#13320);
#13319 = CARTESIAN_POINT('',(-8.388972745734,-6.269714285714,38.4032));
#13320 = VECTOR('',#13321,1.);
#13321 = DIRECTION('',(0.,1.,0.));
#13322 = ORIENTED_EDGE('',*,*,#12150,.T.);
#13323 = ORIENTED_EDGE('',*,*,#12174,.T.);
#13324 = ORIENTED_EDGE('',*,*,#12198,.T.);
#13325 = ORIENTED_EDGE('',*,*,#12222,.T.);
#13326 = ORIENTED_EDGE('',*,*,#12246,.T.);
#13327 = ORIENTED_EDGE('',*,*,#12270,.T.);
#13328 = ORIENTED_EDGE('',*,*,#12294,.T.);
#13329 = ORIENTED_EDGE('',*,*,#12318,.T.);
#13330 = ORIENTED_EDGE('',*,*,#12342,.T.);
#13331 = ORIENTED_EDGE('',*,*,#12366,.T.);
#13332 = ORIENTED_EDGE('',*,*,#12390,.T.);
#13333 = ORIENTED_EDGE('',*,*,#12414,.T.);
#13334 = ORIENTED_EDGE('',*,*,#12438,.T.);
#13335 = ORIENTED_EDGE('',*,*,#12462,.T.);
#13336 = ORIENTED_EDGE('',*,*,#12486,.T.);
#13337 = ORIENTED_EDGE('',*,*,#12510,.T.);
#13338 = FACE_BOUND('',#13339,.F.);
#13339 = EDGE_LOOP('',(#13340,#13350,#13358,#13366));
#13340 = ORIENTED_EDGE('',*,*,#13341,.T.);
#13341 = EDGE_CURVE('',#13342,#13344,#13346,.T.);
#13342 = VERTEX_POINT('',#13343);
#13343 = CARTESIAN_POINT('',(-8.388972745734,-6.269714285714,
    41.826285714286));
#13344 = VERTEX_POINT('',#13345);
#13345 = CARTESIAN_POINT('',(-8.388972745734,-6.269714285714,
    38.973714285714));
#13346 = LINE('',#13347,#13348);
#13347 = CARTESIAN_POINT('',(-8.388972745734,-6.269714285714,
    41.826285714286));
#13348 = VECTOR('',#13349,1.);
#13349 = DIRECTION('',(0.,0.,-1.));
#13350 = ORIENTED_EDGE('',*,*,#13351,.T.);
#13351 = EDGE_CURVE('',#13344,#13352,#13354,.T.);
#13352 = VERTEX_POINT('',#13353);
#13353 = CARTESIAN_POINT('',(-8.388972745734,-7.125485714286,
    38.973714285714));
#13354 = LINE('',#13355,#13356);
#13355 = CARTESIAN_POINT('',(-8.388972745734,-6.269714285714,
    38.973714285714));
#13356 = VECTOR('',#13357,1.);
#13357 = DIRECTION('',(0.,-1.,0.));
#13358 = ORIENTED_EDGE('',*,*,#13359,.T.);
#13359 = EDGE_CURVE('',#13352,#13360,#13362,.T.);
#13360 = VERTEX_POINT('',#13361);
#13361 = CARTESIAN_POINT('',(-8.388972745734,-7.125485714286,
    41.826285714286));
#13362 = LINE('',#13363,#13364);
#13363 = CARTESIAN_POINT('',(-8.388972745734,-7.125485714286,
    38.973714285714));
#13364 = VECTOR('',#13365,1.);
#13365 = DIRECTION('',(0.,0.,1.));
#13366 = ORIENTED_EDGE('',*,*,#13367,.T.);
#13367 = EDGE_CURVE('',#13360,#13342,#13368,.T.);
#13368 = LINE('',#13369,#13370);
#13369 = CARTESIAN_POINT('',(-8.388972745734,-7.125485714286,
    41.826285714286));
#13370 = VECTOR('',#13371,1.);
#13371 = DIRECTION('',(0.,1.,0.));
#13372 = PLANE('',#13373);
#13373 = AXIS2_PLACEMENT_3D('',#13374,#13375,#13376);
#13374 = CARTESIAN_POINT('',(-8.388972745734,-6.697340147029,
    40.401014133874));
#13375 = DIRECTION('',(-1.,0.,0.));
#13376 = DIRECTION('',(0.,-1.,0.));
#13377 = ADVANCED_FACE('',(#13378),#13403,.F.);
#13378 = FACE_BOUND('',#13379,.F.);
#13379 = EDGE_LOOP('',(#13380,#13390,#13396,#13397));
#13380 = ORIENTED_EDGE('',*,*,#13381,.F.);
#13381 = EDGE_CURVE('',#13382,#13384,#13386,.T.);
#13382 = VERTEX_POINT('',#13383);
#13383 = CARTESIAN_POINT('',(2.944486372867,5.1,0.));
#13384 = VERTEX_POINT('',#13385);
#13385 = CARTESIAN_POINT('',(5.888972745734,3.605955811665E-16,0.));
#13386 = LINE('',#13387,#13388);
#13387 = CARTESIAN_POINT('',(2.944486372867,5.1,0.));
#13388 = VECTOR('',#13389,1.);
#13389 = DIRECTION('',(0.5,-0.866025403784,0.));
#13390 = ORIENTED_EDGE('',*,*,#13391,.T.);
#13391 = EDGE_CURVE('',#13382,#12545,#13392,.T.);
#13392 = LINE('',#13393,#13394);
#13393 = CARTESIAN_POINT('',(2.944486372867,5.1,0.));
#13394 = VECTOR('',#13395,1.);
#13395 = DIRECTION('',(0.,0.,1.));
#13396 = ORIENTED_EDGE('',*,*,#12551,.T.);
#13397 = ORIENTED_EDGE('',*,*,#13398,.F.);
#13398 = EDGE_CURVE('',#13384,#12552,#13399,.T.);
#13399 = LINE('',#13400,#13401);
#13400 = CARTESIAN_POINT('',(5.888972745734,3.605955811665E-16,0.));
#13401 = VECTOR('',#13402,1.);
#13402 = DIRECTION('',(0.,0.,1.));
#13403 = PLANE('',#13404);
#13404 = AXIS2_PLACEMENT_3D('',#13405,#13406,#13407);
#13405 = CARTESIAN_POINT('',(2.944486372867,5.1,0.));
#13406 = DIRECTION('',(0.866025403784,0.5,-0.));
#13407 = DIRECTION('',(0.5,-0.866025403784,0.));
#13408 = ADVANCED_FACE('',(#13409),#13427,.F.);
#13409 = FACE_BOUND('',#13410,.F.);
#13410 = EDGE_LOOP('',(#13411,#13419,#13425,#13426));
#13411 = ORIENTED_EDGE('',*,*,#13412,.F.);
#13412 = EDGE_CURVE('',#13413,#13382,#13415,.T.);
#13413 = VERTEX_POINT('',#13414);
#13414 = CARTESIAN_POINT('',(-2.944486372867,5.1,0.));
#13415 = LINE('',#13416,#13417);
#13416 = CARTESIAN_POINT('',(-2.944486372867,5.1,0.));
#13417 = VECTOR('',#13418,1.);
#13418 = DIRECTION('',(1.,0.,0.));
#13419 = ORIENTED_EDGE('',*,*,#13420,.T.);
#13420 = EDGE_CURVE('',#13413,#12574,#13421,.T.);
#13421 = LINE('',#13422,#13423);
#13422 = CARTESIAN_POINT('',(-2.944486372867,5.1,0.));
#13423 = VECTOR('',#13424,1.);
#13424 = DIRECTION('',(0.,0.,1.));
#13425 = ORIENTED_EDGE('',*,*,#12580,.T.);
#13426 = ORIENTED_EDGE('',*,*,#13391,.F.);
#13427 = PLANE('',#13428);
#13428 = AXIS2_PLACEMENT_3D('',#13429,#13430,#13431);
#13429 = CARTESIAN_POINT('',(-2.944486372867,5.1,0.));
#13430 = DIRECTION('',(0.,1.,0.));
#13431 = DIRECTION('',(1.,0.,0.));
#13432 = ADVANCED_FACE('',(#13433),#13451,.F.);
#13433 = FACE_BOUND('',#13434,.F.);
#13434 = EDGE_LOOP('',(#13435,#13443,#13449,#13450));
#13435 = ORIENTED_EDGE('',*,*,#13436,.F.);
#13436 = EDGE_CURVE('',#13437,#13413,#13439,.T.);
#13437 = VERTEX_POINT('',#13438);
#13438 = CARTESIAN_POINT('',(-5.888972745734,-1.081786743499E-15,0.));
#13439 = LINE('',#13440,#13441);
#13440 = CARTESIAN_POINT('',(-5.888972745734,-1.081786743499E-15,0.));
#13441 = VECTOR('',#13442,1.);
#13442 = DIRECTION('',(0.5,0.866025403784,0.));
#13443 = ORIENTED_EDGE('',*,*,#13444,.T.);
#13444 = EDGE_CURVE('',#13437,#12597,#13445,.T.);
#13445 = LINE('',#13446,#13447);
#13446 = CARTESIAN_POINT('',(-5.888972745734,-1.081786743499E-15,0.));
#13447 = VECTOR('',#13448,1.);
#13448 = DIRECTION('',(0.,0.,1.));
#13449 = ORIENTED_EDGE('',*,*,#12603,.T.);
#13450 = ORIENTED_EDGE('',*,*,#13420,.F.);
#13451 = PLANE('',#13452);
#13452 = AXIS2_PLACEMENT_3D('',#13453,#13454,#13455);
#13453 = CARTESIAN_POINT('',(-5.888972745734,-1.081786743499E-15,0.));
#13454 = DIRECTION('',(-0.866025403784,0.5,0.));
#13455 = DIRECTION('',(0.5,0.866025403784,0.));
#13456 = ADVANCED_FACE('',(#13457),#13475,.F.);
#13457 = FACE_BOUND('',#13458,.F.);
#13458 = EDGE_LOOP('',(#13459,#13467,#13473,#13474));
#13459 = ORIENTED_EDGE('',*,*,#13460,.F.);
#13460 = EDGE_CURVE('',#13461,#13437,#13463,.T.);
#13461 = VERTEX_POINT('',#13462);
#13462 = CARTESIAN_POINT('',(-2.944486372867,-5.1,0.));
#13463 = LINE('',#13464,#13465);
#13464 = CARTESIAN_POINT('',(-2.944486372867,-5.1,0.));
#13465 = VECTOR('',#13466,1.);
#13466 = DIRECTION('',(-0.5,0.866025403784,0.));
#13467 = ORIENTED_EDGE('',*,*,#13468,.T.);
#13468 = EDGE_CURVE('',#13461,#12620,#13469,.T.);
#13469 = LINE('',#13470,#13471);
#13470 = CARTESIAN_POINT('',(-2.944486372867,-5.1,0.));
#13471 = VECTOR('',#13472,1.);
#13472 = DIRECTION('',(0.,0.,1.));
#13473 = ORIENTED_EDGE('',*,*,#12626,.T.);
#13474 = ORIENTED_EDGE('',*,*,#13444,.F.);
#13475 = PLANE('',#13476);
#13476 = AXIS2_PLACEMENT_3D('',#13477,#13478,#13479);
#13477 = CARTESIAN_POINT('',(-2.944486372867,-5.1,0.));
#13478 = DIRECTION('',(-0.866025403784,-0.5,0.));
#13479 = DIRECTION('',(-0.5,0.866025403784,0.));
#13480 = ADVANCED_FACE('',(#13481),#13499,.F.);
#13481 = FACE_BOUND('',#13482,.F.);
#13482 = EDGE_LOOP('',(#13483,#13491,#13497,#13498));
#13483 = ORIENTED_EDGE('',*,*,#13484,.F.);
#13484 = EDGE_CURVE('',#13485,#13461,#13487,.T.);
#13485 = VERTEX_POINT('',#13486);
#13486 = CARTESIAN_POINT('',(2.944486372867,-5.1,0.));
#13487 = LINE('',#13488,#13489);
#13488 = CARTESIAN_POINT('',(2.944486372867,-5.1,0.));
#13489 = VECTOR('',#13490,1.);
#13490 = DIRECTION('',(-1.,-3.016412057072E-16,0.));
#13491 = ORIENTED_EDGE('',*,*,#13492,.T.);
#13492 = EDGE_CURVE('',#13485,#12643,#13493,.T.);
#13493 = LINE('',#13494,#13495);
#13494 = CARTESIAN_POINT('',(2.944486372867,-5.1,0.));
#13495 = VECTOR('',#13496,1.);
#13496 = DIRECTION('',(0.,0.,1.));
#13497 = ORIENTED_EDGE('',*,*,#12649,.T.);
#13498 = ORIENTED_EDGE('',*,*,#13468,.F.);
#13499 = PLANE('',#13500);
#13500 = AXIS2_PLACEMENT_3D('',#13501,#13502,#13503);
#13501 = CARTESIAN_POINT('',(2.944486372867,-5.1,0.));
#13502 = DIRECTION('',(3.016412057072E-16,-1.,0.));
#13503 = DIRECTION('',(-1.,-3.016412057072E-16,0.));
#13504 = ADVANCED_FACE('',(#13505),#13516,.F.);
#13505 = FACE_BOUND('',#13506,.F.);
#13506 = EDGE_LOOP('',(#13507,#13513,#13514,#13515));
#13507 = ORIENTED_EDGE('',*,*,#13508,.F.);
#13508 = EDGE_CURVE('',#13384,#13485,#13509,.T.);
#13509 = LINE('',#13510,#13511);
#13510 = CARTESIAN_POINT('',(5.888972745734,3.605955811665E-16,0.));
#13511 = VECTOR('',#13512,1.);
#13512 = DIRECTION('',(-0.5,-0.866025403784,0.));
#13513 = ORIENTED_EDGE('',*,*,#13398,.T.);
#13514 = ORIENTED_EDGE('',*,*,#12666,.T.);
#13515 = ORIENTED_EDGE('',*,*,#13492,.F.);
#13516 = PLANE('',#13517);
#13517 = AXIS2_PLACEMENT_3D('',#13518,#13519,#13520);
#13518 = CARTESIAN_POINT('',(5.888972745734,3.605955811665E-16,0.));
#13519 = DIRECTION('',(0.866025403784,-0.5,0.));
#13520 = DIRECTION('',(-0.5,-0.866025403784,0.));
#13521 = ADVANCED_FACE('',(#13522),#13547,.T.);
#13522 = FACE_BOUND('',#13523,.T.);
#13523 = EDGE_LOOP('',(#13524,#13534,#13540,#13541));
#13524 = ORIENTED_EDGE('',*,*,#13525,.T.);
#13525 = EDGE_CURVE('',#13526,#13528,#13530,.T.);
#13526 = VERTEX_POINT('',#13527);
#13527 = CARTESIAN_POINT('',(-8.888972745734,2.133485714286,
    38.973714285714));
#13528 = VERTEX_POINT('',#13529);
#13529 = CARTESIAN_POINT('',(-8.888972745734,2.133485714286,
    41.826285714286));
#13530 = LINE('',#13531,#13532);
#13531 = CARTESIAN_POINT('',(-8.888972745734,2.133485714286,
    19.413142857143));
#13532 = VECTOR('',#13533,1.);
#13533 = DIRECTION('',(0.,0.,1.));
#13534 = ORIENTED_EDGE('',*,*,#13535,.T.);
#13535 = EDGE_CURVE('',#13528,#12986,#13536,.T.);
#13536 = LINE('',#13537,#13538);
#13537 = CARTESIAN_POINT('',(-8.988972745734,2.133485714286,
    41.826285714286));
#13538 = VECTOR('',#13539,1.);
#13539 = DIRECTION('',(1.,0.,0.));
#13540 = ORIENTED_EDGE('',*,*,#12985,.T.);
#13541 = ORIENTED_EDGE('',*,*,#13542,.F.);
#13542 = EDGE_CURVE('',#13526,#12988,#13543,.T.);
#13543 = LINE('',#13544,#13545);
#13544 = CARTESIAN_POINT('',(-8.988972745734,2.133485714286,
    38.973714285714));
#13545 = VECTOR('',#13546,1.);
#13546 = DIRECTION('',(1.,0.,0.));
#13547 = PLANE('',#13548);
#13548 = AXIS2_PLACEMENT_3D('',#13549,#13550,#13551);
#13549 = CARTESIAN_POINT('',(-8.988972745734,2.133485714286,
    41.826285714286));
#13550 = DIRECTION('',(-0.,1.,0.));
#13551 = DIRECTION('',(0.,0.,-1.));
#13552 = ADVANCED_FACE('',(#13553),#13571,.T.);
#13553 = FACE_BOUND('',#13554,.T.);
#13554 = EDGE_LOOP('',(#13555,#13563,#13564,#13565));
#13555 = ORIENTED_EDGE('',*,*,#13556,.T.);
#13556 = EDGE_CURVE('',#13557,#13526,#13559,.T.);
#13557 = VERTEX_POINT('',#13558);
#13558 = CARTESIAN_POINT('',(-8.888972745734,1.277714285714,
    38.973714285714));
#13559 = LINE('',#13560,#13561);
#13560 = CARTESIAN_POINT('',(-8.888972745734,-3.377743515724,
    38.973714285714));
#13561 = VECTOR('',#13562,1.);
#13562 = DIRECTION('',(0.,1.,0.));
#13563 = ORIENTED_EDGE('',*,*,#13542,.T.);
#13564 = ORIENTED_EDGE('',*,*,#12995,.T.);
#13565 = ORIENTED_EDGE('',*,*,#13566,.F.);
#13566 = EDGE_CURVE('',#13557,#12996,#13567,.T.);
#13567 = LINE('',#13568,#13569);
#13568 = CARTESIAN_POINT('',(-8.988972745734,1.277714285714,
    38.973714285714));
#13569 = VECTOR('',#13570,1.);
#13570 = DIRECTION('',(1.,0.,0.));
#13571 = PLANE('',#13572);
#13572 = AXIS2_PLACEMENT_3D('',#13573,#13574,#13575);
#13573 = CARTESIAN_POINT('',(-8.988972745734,2.133485714286,
    38.973714285714));
#13574 = DIRECTION('',(0.,0.,-1.));
#13575 = DIRECTION('',(0.,-1.,0.));
#13576 = ADVANCED_FACE('',(#13577),#13595,.T.);
#13577 = FACE_BOUND('',#13578,.T.);
#13578 = EDGE_LOOP('',(#13579,#13587,#13588,#13589));
#13579 = ORIENTED_EDGE('',*,*,#13580,.T.);
#13580 = EDGE_CURVE('',#13581,#13557,#13583,.T.);
#13581 = VERTEX_POINT('',#13582);
#13582 = CARTESIAN_POINT('',(-8.888972745734,1.277714285714,
    41.826285714286));
#13583 = LINE('',#13584,#13585);
#13584 = CARTESIAN_POINT('',(-8.888972745734,1.277714285714,
    17.986857142857));
#13585 = VECTOR('',#13586,1.);
#13586 = DIRECTION('',(0.,-0.,-1.));
#13587 = ORIENTED_EDGE('',*,*,#13566,.T.);
#13588 = ORIENTED_EDGE('',*,*,#13003,.T.);
#13589 = ORIENTED_EDGE('',*,*,#13590,.F.);
#13590 = EDGE_CURVE('',#13581,#13004,#13591,.T.);
#13591 = LINE('',#13592,#13593);
#13592 = CARTESIAN_POINT('',(-8.988972745734,1.277714285714,
    41.826285714286));
#13593 = VECTOR('',#13594,1.);
#13594 = DIRECTION('',(1.,0.,0.));
#13595 = PLANE('',#13596);
#13596 = AXIS2_PLACEMENT_3D('',#13597,#13598,#13599);
#13597 = CARTESIAN_POINT('',(-8.988972745734,1.277714285714,
    38.973714285714));
#13598 = DIRECTION('',(0.,-1.,0.));
#13599 = DIRECTION('',(0.,0.,1.));
#13600 = ADVANCED_FACE('',(#13601),#13612,.T.);
#13601 = FACE_BOUND('',#13602,.T.);
#13602 = EDGE_LOOP('',(#13603,#13609,#13610,#13611));
#13603 = ORIENTED_EDGE('',*,*,#13604,.T.);
#13604 = EDGE_CURVE('',#13528,#13581,#13605,.T.);
#13605 = LINE('',#13606,#13607);
#13606 = CARTESIAN_POINT('',(-8.888972745734,-3.80562923001,
    41.826285714286));
#13607 = VECTOR('',#13608,1.);
#13608 = DIRECTION('',(0.,-1.,0.));
#13609 = ORIENTED_EDGE('',*,*,#13590,.T.);
#13610 = ORIENTED_EDGE('',*,*,#13011,.T.);
#13611 = ORIENTED_EDGE('',*,*,#13535,.F.);
#13612 = PLANE('',#13613);
#13613 = AXIS2_PLACEMENT_3D('',#13614,#13615,#13616);
#13614 = CARTESIAN_POINT('',(-8.988972745734,1.277714285714,
    41.826285714286));
#13615 = DIRECTION('',(0.,0.,1.));
#13616 = DIRECTION('',(0.,1.,0.));
#13617 = ADVANCED_FACE('',(#13618),#13643,.T.);
#13618 = FACE_BOUND('',#13619,.T.);
#13619 = EDGE_LOOP('',(#13620,#13630,#13636,#13637));
#13620 = ORIENTED_EDGE('',*,*,#13621,.T.);
#13621 = EDGE_CURVE('',#13622,#13624,#13626,.T.);
#13622 = VERTEX_POINT('',#13623);
#13623 = CARTESIAN_POINT('',(-8.888972745734,-6.269714285714,
    38.973714285714));
#13624 = VERTEX_POINT('',#13625);
#13625 = CARTESIAN_POINT('',(-8.888972745734,-6.269714285714,
    41.826285714286));
#13626 = LINE('',#13627,#13628);
#13627 = CARTESIAN_POINT('',(-8.888972745734,-6.269714285714,
    19.413142857143));
#13628 = VECTOR('',#13629,1.);
#13629 = DIRECTION('',(0.,0.,1.));
#13630 = ORIENTED_EDGE('',*,*,#13631,.T.);
#13631 = EDGE_CURVE('',#13624,#13342,#13632,.T.);
#13632 = LINE('',#13633,#13634);
#13633 = CARTESIAN_POINT('',(-8.988972745734,-6.269714285714,
    41.826285714286));
#13634 = VECTOR('',#13635,1.);
#13635 = DIRECTION('',(1.,0.,0.));
#13636 = ORIENTED_EDGE('',*,*,#13341,.T.);
#13637 = ORIENTED_EDGE('',*,*,#13638,.F.);
#13638 = EDGE_CURVE('',#13622,#13344,#13639,.T.);
#13639 = LINE('',#13640,#13641);
#13640 = CARTESIAN_POINT('',(-8.988972745734,-6.269714285714,
    38.973714285714));
#13641 = VECTOR('',#13642,1.);
#13642 = DIRECTION('',(1.,0.,0.));
#13643 = PLANE('',#13644);
#13644 = AXIS2_PLACEMENT_3D('',#13645,#13646,#13647);
#13645 = CARTESIAN_POINT('',(-8.988972745734,-6.269714285714,
    41.826285714286));
#13646 = DIRECTION('',(-0.,1.,0.));
#13647 = DIRECTION('',(0.,0.,-1.));
#13648 = ADVANCED_FACE('',(#13649),#13667,.T.);
#13649 = FACE_BOUND('',#13650,.T.);
#13650 = EDGE_LOOP('',(#13651,#13659,#13660,#13661));
#13651 = ORIENTED_EDGE('',*,*,#13652,.T.);
#13652 = EDGE_CURVE('',#13653,#13622,#13655,.T.);
#13653 = VERTEX_POINT('',#13654);
#13654 = CARTESIAN_POINT('',(-8.888972745734,-7.125485714286,
    38.973714285714));
#13655 = LINE('',#13656,#13657);
#13656 = CARTESIAN_POINT('',(-8.888972745734,-7.579343515724,
    38.973714285714));
#13657 = VECTOR('',#13658,1.);
#13658 = DIRECTION('',(0.,1.,0.));
#13659 = ORIENTED_EDGE('',*,*,#13638,.T.);
#13660 = ORIENTED_EDGE('',*,*,#13351,.T.);
#13661 = ORIENTED_EDGE('',*,*,#13662,.F.);
#13662 = EDGE_CURVE('',#13653,#13352,#13663,.T.);
#13663 = LINE('',#13664,#13665);
#13664 = CARTESIAN_POINT('',(-8.988972745734,-7.125485714286,
    38.973714285714));
#13665 = VECTOR('',#13666,1.);
#13666 = DIRECTION('',(1.,0.,0.));
#13667 = PLANE('',#13668);
#13668 = AXIS2_PLACEMENT_3D('',#13669,#13670,#13671);
#13669 = CARTESIAN_POINT('',(-8.988972745734,-6.269714285714,
    38.973714285714));
#13670 = DIRECTION('',(0.,0.,-1.));
#13671 = DIRECTION('',(0.,-1.,0.));
#13672 = ADVANCED_FACE('',(#13673),#13691,.T.);
#13673 = FACE_BOUND('',#13674,.T.);
#13674 = EDGE_LOOP('',(#13675,#13683,#13684,#13685));
#13675 = ORIENTED_EDGE('',*,*,#13676,.T.);
#13676 = EDGE_CURVE('',#13677,#13653,#13679,.T.);
#13677 = VERTEX_POINT('',#13678);
#13678 = CARTESIAN_POINT('',(-8.888972745734,-7.125485714286,
    41.826285714286));
#13679 = LINE('',#13680,#13681);
#13680 = CARTESIAN_POINT('',(-8.888972745734,-7.125485714286,
    17.986857142857));
#13681 = VECTOR('',#13682,1.);
#13682 = DIRECTION('',(0.,-0.,-1.));
#13683 = ORIENTED_EDGE('',*,*,#13662,.T.);
#13684 = ORIENTED_EDGE('',*,*,#13359,.T.);
#13685 = ORIENTED_EDGE('',*,*,#13686,.F.);
#13686 = EDGE_CURVE('',#13677,#13360,#13687,.T.);
#13687 = LINE('',#13688,#13689);
#13688 = CARTESIAN_POINT('',(-8.988972745734,-7.125485714286,
    41.826285714286));
#13689 = VECTOR('',#13690,1.);
#13690 = DIRECTION('',(1.,0.,0.));
#13691 = PLANE('',#13692);
#13692 = AXIS2_PLACEMENT_3D('',#13693,#13694,#13695);
#13693 = CARTESIAN_POINT('',(-8.988972745734,-7.125485714286,
    38.973714285714));
#13694 = DIRECTION('',(0.,-1.,0.));
#13695 = DIRECTION('',(0.,0.,1.));
#13696 = ADVANCED_FACE('',(#13697),#13708,.T.);
#13697 = FACE_BOUND('',#13698,.T.);
#13698 = EDGE_LOOP('',(#13699,#13705,#13706,#13707));
#13699 = ORIENTED_EDGE('',*,*,#13700,.T.);
#13700 = EDGE_CURVE('',#13624,#13677,#13701,.T.);
#13701 = LINE('',#13702,#13703);
#13702 = CARTESIAN_POINT('',(-8.888972745734,-8.00722923001,
    41.826285714286));
#13703 = VECTOR('',#13704,1.);
#13704 = DIRECTION('',(0.,-1.,0.));
#13705 = ORIENTED_EDGE('',*,*,#13686,.T.);
#13706 = ORIENTED_EDGE('',*,*,#13367,.T.);
#13707 = ORIENTED_EDGE('',*,*,#13631,.F.);
#13708 = PLANE('',#13709);
#13709 = AXIS2_PLACEMENT_3D('',#13710,#13711,#13712);
#13710 = CARTESIAN_POINT('',(-8.988972745734,-7.125485714286,
    41.826285714286));
#13711 = DIRECTION('',(0.,0.,1.));
#13712 = DIRECTION('',(0.,1.,0.));
#13713 = ADVANCED_FACE('',(#13714),#13722,.F.);
#13714 = FACE_BOUND('',#13715,.F.);
#13715 = EDGE_LOOP('',(#13716,#13717,#13718,#13719,#13720,#13721));
#13716 = ORIENTED_EDGE('',*,*,#13381,.T.);
#13717 = ORIENTED_EDGE('',*,*,#13508,.T.);
#13718 = ORIENTED_EDGE('',*,*,#13484,.T.);
#13719 = ORIENTED_EDGE('',*,*,#13460,.T.);
#13720 = ORIENTED_EDGE('',*,*,#13436,.T.);
#13721 = ORIENTED_EDGE('',*,*,#13412,.T.);
#13722 = PLANE('',#13723);
#13723 = AXIS2_PLACEMENT_3D('',#13724,#13725,#13726);
#13724 = CARTESIAN_POINT('',(1.508206028536E-16,5.027353428454E-16,0.));
#13725 = DIRECTION('',(-0.,-0.,-1.));
#13726 = DIRECTION('',(-1.,0.,0.));
#13727 = ADVANCED_FACE('',(#13728),#13734,.F.);
#13728 = FACE_BOUND('',#13729,.F.);
#13729 = EDGE_LOOP('',(#13730,#13731,#13732,#13733));
#13730 = ORIENTED_EDGE('',*,*,#13556,.T.);
#13731 = ORIENTED_EDGE('',*,*,#13525,.T.);
#13732 = ORIENTED_EDGE('',*,*,#13604,.T.);
#13733 = ORIENTED_EDGE('',*,*,#13580,.T.);
#13734 = PLANE('',#13735);
#13735 = AXIS2_PLACEMENT_3D('',#13736,#13737,#13738);
#13736 = CARTESIAN_POINT('',(-8.888972745734,-8.888972745734,-3.));
#13737 = DIRECTION('',(1.,0.,-0.));
#13738 = DIRECTION('',(0.,0.,1.));
#13739 = ADVANCED_FACE('',(#13740),#13746,.F.);
#13740 = FACE_BOUND('',#13741,.F.);
#13741 = EDGE_LOOP('',(#13742,#13743,#13744,#13745));
#13742 = ORIENTED_EDGE('',*,*,#13652,.T.);
#13743 = ORIENTED_EDGE('',*,*,#13621,.T.);
#13744 = ORIENTED_EDGE('',*,*,#13700,.T.);
#13745 = ORIENTED_EDGE('',*,*,#13676,.T.);
#13746 = PLANE('',#13747);
#13747 = AXIS2_PLACEMENT_3D('',#13748,#13749,#13750);
#13748 = CARTESIAN_POINT('',(-8.888972745734,-8.888972745734,-3.));
#13749 = DIRECTION('',(1.,0.,-0.));
#13750 = DIRECTION('',(0.,0.,1.));
#13751 = ADVANCED_FACE('',(#13752),#13763,.T.);
#13752 = FACE_BOUND('',#13753,.T.);
#13753 = EDGE_LOOP('',(#13754,#13755,#13761,#13762));
#13754 = ORIENTED_EDGE('',*,*,#65,.T.);
#13755 = ORIENTED_EDGE('',*,*,#13756,.T.);
#13756 = EDGE_CURVE('',#66,#12683,#13757,.T.);
#13757 = LINE('',#13758,#13759);
#13758 = CARTESIAN_POINT('',(-8.988972745734,6.982857142857,
    41.826285714286));
#13759 = VECTOR('',#13760,1.);
#13760 = DIRECTION('',(1.,0.,0.));
#13761 = ORIENTED_EDGE('',*,*,#12682,.T.);
#13762 = ORIENTED_EDGE('',*,*,#3446,.F.);
#13763 = PLANE('',#13764);
#13764 = AXIS2_PLACEMENT_3D('',#13765,#13766,#13767);
#13765 = CARTESIAN_POINT('',(-8.638972745734,7.282878571429,
    41.826285714286));
#13766 = DIRECTION('',(0.,0.,1.));
#13767 = DIRECTION('',(1.,0.,-0.));
#13768 = ADVANCED_FACE('',(#13769),#13775,.T.);
#13769 = FACE_BOUND('',#13770,.T.);
#13770 = EDGE_LOOP('',(#13771,#13772,#13773,#13774));
#13771 = ORIENTED_EDGE('',*,*,#225,.T.);
#13772 = ORIENTED_EDGE('',*,*,#4083,.T.);
#13773 = ORIENTED_EDGE('',*,*,#12734,.T.);
#13774 = ORIENTED_EDGE('',*,*,#4098,.F.);
#13775 = PLANE('',#13776);
#13776 = AXIS2_PLACEMENT_3D('',#13777,#13778,#13779);
#13777 = CARTESIAN_POINT('',(-8.638972745734,6.104242857143,
    41.826285714286));
#13778 = DIRECTION('',(0.,0.,1.));
#13779 = DIRECTION('',(1.,0.,-0.));
#13780 = ADVANCED_FACE('',(#13781),#13787,.T.);
#13781 = FACE_BOUND('',#13782,.T.);
#13782 = EDGE_LOOP('',(#13783,#13784,#13785,#13786));
#13783 = ORIENTED_EDGE('',*,*,#2585,.T.);
#13784 = ORIENTED_EDGE('',*,*,#10343,.T.);
#13785 = ORIENTED_EDGE('',*,*,#13181,.T.);
#13786 = ORIENTED_EDGE('',*,*,#10358,.F.);
#13787 = PLANE('',#13788);
#13788 = AXIS2_PLACEMENT_3D('',#13789,#13790,#13791);
#13789 = CARTESIAN_POINT('',(-8.638972745734,-2.005157142857,
    41.826285714286));
#13790 = DIRECTION('',(0.,0.,1.));
#13791 = DIRECTION('',(1.,0.,-0.));
#13792 = ADVANCED_FACE('',(#13793),#13799,.T.);
#13793 = FACE_BOUND('',#13794,.T.);
#13794 = EDGE_LOOP('',(#13795,#13796,#13797,#13798));
#13795 = ORIENTED_EDGE('',*,*,#409,.T.);
#13796 = ORIENTED_EDGE('',*,*,#3582,.T.);
#13797 = ORIENTED_EDGE('',*,*,#12696,.T.);
#13798 = ORIENTED_EDGE('',*,*,#3597,.F.);
#13799 = PLANE('',#13800);
#13800 = AXIS2_PLACEMENT_3D('',#13801,#13802,#13803);
#13801 = CARTESIAN_POINT('',(-8.638972745734,7.696,42.108757142857));
#13802 = DIRECTION('',(-7.403558832747E-16,-1.,-0.));
#13803 = DIRECTION('',(-1.,7.403558832747E-16,0.));
#13804 = ADVANCED_FACE('',(#13805),#13811,.T.);
#13805 = FACE_BOUND('',#13806,.T.);
#13806 = EDGE_LOOP('',(#13807,#13808,#13809,#13810));
#13807 = ORIENTED_EDGE('',*,*,#353,.T.);
#13808 = ORIENTED_EDGE('',*,*,#3733,.T.);
#13809 = ORIENTED_EDGE('',*,*,#12708,.T.);
#13810 = ORIENTED_EDGE('',*,*,#3748,.F.);
#13811 = PLANE('',#13812);
#13812 = AXIS2_PLACEMENT_3D('',#13813,#13814,#13815);
#13813 = CARTESIAN_POINT('',(-8.638972745734,6.703264285714,42.3968));
#13814 = DIRECTION('',(-0.,-0.,-1.));
#13815 = DIRECTION('',(-1.,0.,0.));
#13816 = ADVANCED_FACE('',(#13817),#13823,.T.);
#13817 = FACE_BOUND('',#13818,.T.);
#13818 = EDGE_LOOP('',(#13819,#13820,#13821,#13822));
#13819 = ORIENTED_EDGE('',*,*,#1541,.T.);
#13820 = ORIENTED_EDGE('',*,*,#6731,.T.);
#13821 = ORIENTED_EDGE('',*,*,#12912,.T.);
#13822 = ORIENTED_EDGE('',*,*,#6746,.F.);
#13823 = PLANE('',#13824);
#13824 = AXIS2_PLACEMENT_3D('',#13825,#13826,#13827);
#13825 = CARTESIAN_POINT('',(-8.638972745734,1.734107142857,42.3968));
#13826 = DIRECTION('',(-0.,-0.,-1.));
#13827 = DIRECTION('',(-1.,0.,0.));
#13828 = ADVANCED_FACE('',(#13829),#13835,.T.);
#13829 = FACE_BOUND('',#13830,.T.);
#13830 = EDGE_LOOP('',(#13831,#13832,#13833,#13834));
#13831 = ORIENTED_EDGE('',*,*,#2713,.T.);
#13832 = ORIENTED_EDGE('',*,*,#9993,.T.);
#13833 = ORIENTED_EDGE('',*,*,#13155,.T.);
#13834 = ORIENTED_EDGE('',*,*,#10008,.F.);
#13835 = PLANE('',#13836);
#13836 = AXIS2_PLACEMENT_3D('',#13837,#13838,#13839);
#13837 = CARTESIAN_POINT('',(-8.638972745734,-1.754071428571,42.3968));
#13838 = DIRECTION('',(-0.,-0.,-1.));
#13839 = DIRECTION('',(-1.,0.,0.));
#13840 = ADVANCED_FACE('',(#13841),#13847,.T.);
#13841 = FACE_BOUND('',#13842,.T.);
#13842 = EDGE_LOOP('',(#13843,#13844,#13845,#13846));
#13843 = ORIENTED_EDGE('',*,*,#3195,.T.);
#13844 = ORIENTED_EDGE('',*,*,#11362,.T.);
#13845 = ORIENTED_EDGE('',*,*,#13268,.T.);
#13846 = ORIENTED_EDGE('',*,*,#11377,.F.);
#13847 = PLANE('',#13848);
#13848 = AXIS2_PLACEMENT_3D('',#13849,#13850,#13851);
#13849 = CARTESIAN_POINT('',(-8.638972745734,-6.669092857143,42.3968));
#13850 = DIRECTION('',(-0.,-0.,-1.));
#13851 = DIRECTION('',(-1.,0.,0.));
#13852 = ADVANCED_FACE('',(#13853),#13859,.T.);
#13853 = FACE_BOUND('',#13854,.T.);
#13854 = EDGE_LOOP('',(#13855,#13856,#13857,#13858));
#13855 = ORIENTED_EDGE('',*,*,#281,.T.);
#13856 = ORIENTED_EDGE('',*,*,#3932,.T.);
#13857 = ORIENTED_EDGE('',*,*,#12722,.T.);
#13858 = ORIENTED_EDGE('',*,*,#3947,.F.);
#13859 = PLANE('',#13860);
#13860 = AXIS2_PLACEMENT_3D('',#13861,#13862,#13863);
#13861 = CARTESIAN_POINT('',(-8.638972745734,5.6992,42.120178571429));
#13862 = DIRECTION('',(7.115223834596E-16,1.,0.));
#13863 = DIRECTION('',(1.,-7.115223834596E-16,0.));
#13864 = ADVANCED_FACE('',(#13865),#13871,.T.);
#13865 = FACE_BOUND('',#13866,.T.);
#13866 = EDGE_LOOP('',(#13867,#13868,#13869,#13870));
#13867 = ORIENTED_EDGE('',*,*,#145,.T.);
#13868 = ORIENTED_EDGE('',*,*,#4306,.T.);
#13869 = ORIENTED_EDGE('',*,*,#12749,.T.);
#13870 = ORIENTED_EDGE('',*,*,#4321,.F.);
#13871 = PLANE('',#13872);
#13872 = AXIS2_PLACEMENT_3D('',#13873,#13874,#13875);
#13873 = CARTESIAN_POINT('',(-8.638972745734,6.700942857143,38.4032));
#13874 = DIRECTION('',(0.,0.,1.));
#13875 = DIRECTION('',(1.,0.,-0.));
#13876 = ADVANCED_FACE('',(#13877),#13883,.T.);
#13877 = FACE_BOUND('',#13878,.T.);
#13878 = EDGE_LOOP('',(#13879,#13880,#13881,#13882));
#13879 = ORIENTED_EDGE('',*,*,#611,.T.);
#13880 = ORIENTED_EDGE('',*,*,#6014,.T.);
#13881 = ORIENTED_EDGE('',*,*,#12852,.T.);
#13882 = ORIENTED_EDGE('',*,*,#6029,.F.);
#13883 = PLANE('',#13884);
#13884 = AXIS2_PLACEMENT_3D('',#13885,#13886,#13887);
#13885 = CARTESIAN_POINT('',(-8.638972745734,4.125085714286,38.4032));
#13886 = DIRECTION('',(0.,0.,1.));
#13887 = DIRECTION('',(1.,0.,-0.));
#13888 = ADVANCED_FACE('',(#13889),#13895,.T.);
#13889 = FACE_BOUND('',#13890,.T.);
#13890 = EDGE_LOOP('',(#13891,#13892,#13893,#13894));
#13891 = ORIENTED_EDGE('',*,*,#1269,.T.);
#13892 = ORIENTED_EDGE('',*,*,#7496,.T.);
#13893 = ORIENTED_EDGE('',*,*,#12961,.T.);
#13894 = ORIENTED_EDGE('',*,*,#7511,.F.);
#13895 = PLANE('',#13896);
#13896 = AXIS2_PLACEMENT_3D('',#13897,#13898,#13899);
#13897 = CARTESIAN_POINT('',(-8.638972745734,1.728442857143,38.4032));
#13898 = DIRECTION('',(0.,0.,1.));
#13899 = DIRECTION('',(1.,0.,-0.));
#13900 = ADVANCED_FACE('',(#13901),#13907,.T.);
#13901 = FACE_BOUND('',#13902,.T.);
#13902 = EDGE_LOOP('',(#13903,#13904,#13905,#13906));
#13903 = ORIENTED_EDGE('',*,*,#1799,.T.);
#13904 = ORIENTED_EDGE('',*,*,#9396,.T.);
#13905 = ORIENTED_EDGE('',*,*,#13100,.T.);
#13906 = ORIENTED_EDGE('',*,*,#9411,.F.);
#13907 = PLANE('',#13908);
#13908 = AXIS2_PLACEMENT_3D('',#13909,#13910,#13911);
#13909 = CARTESIAN_POINT('',(-8.638972745734,-4.278114285714,38.4032));
#13910 = DIRECTION('',(0.,0.,1.));
#13911 = DIRECTION('',(1.,0.,-0.));
#13912 = ADVANCED_FACE('',(#13913),#13919,.T.);
#13913 = FACE_BOUND('',#13914,.T.);
#13914 = EDGE_LOOP('',(#13915,#13916,#13917,#13918));
#13915 = ORIENTED_EDGE('',*,*,#2385,.T.);
#13916 = ORIENTED_EDGE('',*,*,#10868,.T.);
#13917 = ORIENTED_EDGE('',*,*,#13228,.T.);
#13918 = ORIENTED_EDGE('',*,*,#10883,.F.);
#13919 = PLANE('',#13920);
#13920 = AXIS2_PLACEMENT_3D('',#13921,#13922,#13923);
#13921 = CARTESIAN_POINT('',(-8.638972745734,-1.143721428571,38.4032));
#13922 = DIRECTION('',(0.,0.,1.));
#13923 = DIRECTION('',(1.,0.,-0.));
#13924 = ADVANCED_FACE('',(#13925),#13931,.T.);
#13925 = FACE_BOUND('',#13926,.T.);
#13926 = EDGE_LOOP('',(#13927,#13928,#13929,#13930));
#13927 = ORIENTED_EDGE('',*,*,#2923,.T.);
#13928 = ORIENTED_EDGE('',*,*,#12127,.T.);
#13929 = ORIENTED_EDGE('',*,*,#13317,.T.);
#13930 = ORIENTED_EDGE('',*,*,#12142,.F.);
#13931 = PLANE('',#13932);
#13932 = AXIS2_PLACEMENT_3D('',#13933,#13934,#13935);
#13933 = CARTESIAN_POINT('',(-8.638972745734,-6.674757142857,38.4032));
#13934 = DIRECTION('',(0.,0.,1.));
#13935 = DIRECTION('',(1.,0.,-0.));
#13936 = ADVANCED_FACE('',(#13937),#13943,.T.);
#13937 = FACE_BOUND('',#13938,.T.);
#13938 = EDGE_LOOP('',(#13939,#13940,#13941,#13942));
#13939 = ORIENTED_EDGE('',*,*,#73,.T.);
#13940 = ORIENTED_EDGE('',*,*,#4505,.T.);
#13941 = ORIENTED_EDGE('',*,*,#12763,.T.);
#13942 = ORIENTED_EDGE('',*,*,#13756,.F.);
#13943 = PLANE('',#13944);
#13944 = AXIS2_PLACEMENT_3D('',#13945,#13946,#13947);
#13945 = CARTESIAN_POINT('',(-8.638972745734,6.982857142857,
    40.166092857143));
#13946 = DIRECTION('',(1.543872874135E-15,-1.,-0.));
#13947 = DIRECTION('',(-1.,-1.543872874135E-15,0.));
#13948 = ADVANCED_FACE('',(#13949),#13955,.T.);
#13949 = FACE_BOUND('',#13950,.T.);
#13950 = EDGE_LOOP('',(#13951,#13952,#13953,#13954));
#13951 = ORIENTED_EDGE('',*,*,#1019,.T.);
#13952 = ORIENTED_EDGE('',*,*,#4824,.T.);
#13953 = ORIENTED_EDGE('',*,*,#12791,.T.);
#13954 = ORIENTED_EDGE('',*,*,#4839,.F.);
#13955 = PLANE('',#13956);
#13956 = AXIS2_PLACEMENT_3D('',#13957,#13958,#13959);
#13957 = CARTESIAN_POINT('',(-8.638972745734,5.128685714286,
    42.111542857143));
#13958 = DIRECTION('',(-0.,-1.,-0.));
#13959 = DIRECTION('',(0.,0.,-1.));
#13960 = ADVANCED_FACE('',(#13961),#13967,.T.);
#13961 = FACE_BOUND('',#13962,.T.);
#13962 = EDGE_LOOP('',(#13963,#13964,#13965,#13966));
#13963 = ORIENTED_EDGE('',*,*,#955,.T.);
#13964 = ORIENTED_EDGE('',*,*,#4999,.T.);
#13965 = ORIENTED_EDGE('',*,*,#12804,.T.);
#13966 = ORIENTED_EDGE('',*,*,#5014,.F.);
#13967 = PLANE('',#13968);
#13968 = AXIS2_PLACEMENT_3D('',#13969,#13970,#13971);
#13969 = CARTESIAN_POINT('',(-8.638972745734,5.020228571429,
    42.334028571429));
#13970 = DIRECTION('',(-1.301824001396E-15,-0.598957825591,
    -0.80078057117));
#13971 = DIRECTION('',(0.,-0.80078057117,0.598957825591));
#13972 = ADVANCED_FACE('',(#13973),#13979,.T.);
#13973 = FACE_BOUND('',#13974,.T.);
#13974 = EDGE_LOOP('',(#13975,#13976,#13977,#13978));
#13975 = ORIENTED_EDGE('',*,*,#571,.T.);
#13976 = ORIENTED_EDGE('',*,*,#6117,.T.);
#13977 = ORIENTED_EDGE('',*,*,#12862,.T.);
#13978 = ORIENTED_EDGE('',*,*,#6132,.F.);
#13979 = PLANE('',#13980);
#13980 = AXIS2_PLACEMENT_3D('',#13981,#13982,#13983);
#13981 = CARTESIAN_POINT('',(-8.638972745734,4.962285714286,
    38.465971428571));
#13982 = DIRECTION('',(3.67470123134E-16,-0.820905201785,0.571064488199)
  );
#13983 = DIRECTION('',(0.,-0.571064488199,-0.820905201785));
#13984 = ADVANCED_FACE('',(#13985),#13991,.T.);
#13985 = FACE_BOUND('',#13986,.T.);
#13986 = EDGE_LOOP('',(#13987,#13988,#13989,#13990));
#13987 = ORIENTED_EDGE('',*,*,#555,.T.);
#13988 = ORIENTED_EDGE('',*,*,#6148,.T.);
#13989 = ORIENTED_EDGE('',*,*,#12869,.T.);
#13990 = ORIENTED_EDGE('',*,*,#6163,.F.);
#13991 = PLANE('',#13992);
#13992 = AXIS2_PLACEMENT_3D('',#13993,#13994,#13995);
#13993 = CARTESIAN_POINT('',(-8.638972745734,4.986057142857,
    38.674157142857));
#13994 = DIRECTION('',(-0.,-1.,-0.));
#13995 = DIRECTION('',(0.,0.,-1.));
#13996 = ADVANCED_FACE('',(#13997),#14003,.T.);
#13997 = FACE_BOUND('',#13998,.T.);
#13998 = EDGE_LOOP('',(#13999,#14000,#14001,#14002));
#13999 = ORIENTED_EDGE('',*,*,#1437,.T.);
#14000 = ORIENTED_EDGE('',*,*,#7026,.T.);
#14001 = ORIENTED_EDGE('',*,*,#12930,.T.);
#14002 = ORIENTED_EDGE('',*,*,#7041,.F.);
#14003 = PLANE('',#14004);
#14004 = AXIS2_PLACEMENT_3D('',#14005,#14006,#14007);
#14005 = CARTESIAN_POINT('',(-8.638972745734,0.775728571429,
    42.094457142857));
#14006 = DIRECTION('',(-9.790702396882E-16,0.894427191,-0.4472135955));
#14007 = DIRECTION('',(0.,0.4472135955,0.894427191));
#14008 = ADVANCED_FACE('',(#14009),#14015,.T.);
#14009 = FACE_BOUND('',#14010,.T.);
#14010 = EDGE_LOOP('',(#14011,#14012,#14013,#14014));
#14011 = ORIENTED_EDGE('',*,*,#1389,.T.);
#14012 = ORIENTED_EDGE('',*,*,#7153,.T.);
#14013 = ORIENTED_EDGE('',*,*,#12941,.T.);
#14014 = ORIENTED_EDGE('',*,*,#7168,.F.);
#14015 = PLANE('',#14016);
#14016 = AXIS2_PLACEMENT_3D('',#14017,#14018,#14019);
#14017 = CARTESIAN_POINT('',(-8.638972745734,0.7072,40.417178571429));
#14018 = DIRECTION('',(0.,1.,0.));
#14019 = DIRECTION('',(0.,-0.,1.));
#14020 = ADVANCED_FACE('',(#14021),#14027,.T.);
#14021 = FACE_BOUND('',#14022,.T.);
#14022 = EDGE_LOOP('',(#14023,#14024,#14025,#14026));
#14023 = ORIENTED_EDGE('',*,*,#1133,.T.);
#14024 = ORIENTED_EDGE('',*,*,#7887,.T.);
#14025 = ORIENTED_EDGE('',*,*,#12893,.T.);
#14026 = ORIENTED_EDGE('',*,*,#6427,.F.);
#14027 = PLANE('',#14028);
#14028 = AXIS2_PLACEMENT_3D('',#14029,#14030,#14031);
#14029 = CARTESIAN_POINT('',(-8.638972745734,2.704,40.382914285714));
#14030 = DIRECTION('',(-0.,-1.,-0.));
#14031 = DIRECTION('',(0.,0.,-1.));
#14032 = ADVANCED_FACE('',(#14033),#14039,.T.);
#14033 = FACE_BOUND('',#14034,.T.);
#14034 = EDGE_LOOP('',(#14035,#14036,#14037,#14038));
#14035 = ORIENTED_EDGE('',*,*,#2207,.T.);
#14036 = ORIENTED_EDGE('',*,*,#8206,.T.);
#14037 = ORIENTED_EDGE('',*,*,#13039,.T.);
#14038 = ORIENTED_EDGE('',*,*,#8221,.F.);
#14039 = PLANE('',#14040);
#14040 = AXIS2_PLACEMENT_3D('',#14041,#14042,#14043);
#14041 = CARTESIAN_POINT('',(-8.638972745734,-3.274514285714,
    42.111542857143));
#14042 = DIRECTION('',(-0.,-1.,-0.));
#14043 = DIRECTION('',(0.,0.,-1.));
#14044 = ADVANCED_FACE('',(#14045),#14051,.T.);
#14045 = FACE_BOUND('',#14046,.T.);
#14046 = EDGE_LOOP('',(#14047,#14048,#14049,#14050));
#14047 = ORIENTED_EDGE('',*,*,#2143,.T.);
#14048 = ORIENTED_EDGE('',*,*,#8381,.T.);
#14049 = ORIENTED_EDGE('',*,*,#13052,.T.);
#14050 = ORIENTED_EDGE('',*,*,#8396,.F.);
#14051 = PLANE('',#14052);
#14052 = AXIS2_PLACEMENT_3D('',#14053,#14054,#14055);
#14053 = CARTESIAN_POINT('',(-8.638972745734,-3.382971428571,
    42.334028571429));
#14054 = DIRECTION('',(-7.107903261472E-16,-0.598957825591,
    -0.80078057117));
#14055 = DIRECTION('',(-4.930380657631E-32,-0.80078057117,0.598957825591
    ));
#14056 = ADVANCED_FACE('',(#14057),#14063,.T.);
#14057 = FACE_BOUND('',#14058,.T.);
#14058 = EDGE_LOOP('',(#14059,#14060,#14061,#14062));
#14059 = ORIENTED_EDGE('',*,*,#1759,.T.);
#14060 = ORIENTED_EDGE('',*,*,#9499,.T.);
#14061 = ORIENTED_EDGE('',*,*,#13110,.T.);
#14062 = ORIENTED_EDGE('',*,*,#9514,.F.);
#14063 = PLANE('',#14064);
#14064 = AXIS2_PLACEMENT_3D('',#14065,#14066,#14067);
#14065 = CARTESIAN_POINT('',(-8.638972745734,-3.440914285714,
    38.465971428571));
#14066 = DIRECTION('',(2.226073803097E-16,-0.820905201785,0.571064488199
    ));
#14067 = DIRECTION('',(-1.232595164408E-32,-0.571064488199,
    -0.820905201785));
#14068 = ADVANCED_FACE('',(#14069),#14075,.T.);
#14069 = FACE_BOUND('',#14070,.T.);
#14070 = EDGE_LOOP('',(#14071,#14072,#14073,#14074));
#14071 = ORIENTED_EDGE('',*,*,#1743,.T.);
#14072 = ORIENTED_EDGE('',*,*,#9530,.T.);
#14073 = ORIENTED_EDGE('',*,*,#13117,.T.);
#14074 = ORIENTED_EDGE('',*,*,#9545,.F.);
#14075 = PLANE('',#14076);
#14076 = AXIS2_PLACEMENT_3D('',#14077,#14078,#14079);
#14077 = CARTESIAN_POINT('',(-8.638972745734,-3.417142857143,
    38.674157142857));
#14078 = DIRECTION('',(-0.,-1.,-0.));
#14079 = DIRECTION('',(0.,0.,-1.));
#14080 = ADVANCED_FACE('',(#14081),#14087,.T.);
#14081 = FACE_BOUND('',#14082,.T.);
#14082 = EDGE_LOOP('',(#14083,#14084,#14085,#14086));
#14083 = ORIENTED_EDGE('',*,*,#2657,.T.);
#14084 = ORIENTED_EDGE('',*,*,#10144,.T.);
#14085 = ORIENTED_EDGE('',*,*,#13167,.T.);
#14086 = ORIENTED_EDGE('',*,*,#10159,.F.);
#14087 = PLANE('',#14088);
#14088 = AXIS2_PLACEMENT_3D('',#14089,#14090,#14091);
#14089 = CARTESIAN_POINT('',(-8.638972745734,-2.704,42.116742857143));
#14090 = DIRECTION('',(0.,1.,0.));
#14091 = DIRECTION('',(0.,-0.,1.));
#14092 = ADVANCED_FACE('',(#14093),#14104,.T.);
#14093 = FACE_BOUND('',#14094,.T.);
#14094 = EDGE_LOOP('',(#14095,#14096,#14102,#14103));
#14095 = ORIENTED_EDGE('',*,*,#2441,.T.);
#14096 = ORIENTED_EDGE('',*,*,#14097,.T.);
#14097 = EDGE_CURVE('',#2442,#13209,#14098,.T.);
#14098 = LINE('',#14099,#14100);
#14099 = CARTESIAN_POINT('',(-8.988972745734,-1.420342857143,
    40.114742857143));
#14100 = VECTOR('',#14101,1.);
#14101 = DIRECTION('',(1.,0.,0.));
#14102 = ORIENTED_EDGE('',*,*,#13216,.T.);
#14103 = ORIENTED_EDGE('',*,*,#10732,.F.);
#14104 = PLANE('',#14105);
#14105 = AXIS2_PLACEMENT_3D('',#14106,#14107,#14108);
#14106 = CARTESIAN_POINT('',(-8.638972745734,-1.420342857143,39.3184));
#14107 = DIRECTION('',(0.,1.,0.));
#14108 = DIRECTION('',(0.,-0.,1.));
#14109 = ADVANCED_FACE('',(#14110),#14116,.T.);
#14110 = FACE_BOUND('',#14111,.T.);
#14111 = EDGE_LOOP('',(#14112,#14113,#14114,#14115));
#14112 = ORIENTED_EDGE('',*,*,#2513,.T.);
#14113 = ORIENTED_EDGE('',*,*,#10542,.T.);
#14114 = ORIENTED_EDGE('',*,*,#13195,.T.);
#14115 = ORIENTED_EDGE('',*,*,#10557,.F.);
#14116 = PLANE('',#14117);
#14117 = AXIS2_PLACEMENT_3D('',#14118,#14119,#14120);
#14118 = CARTESIAN_POINT('',(-8.638972745734,-2.418742857143,
    40.402414285714));
#14119 = DIRECTION('',(0.,1.,0.));
#14120 = DIRECTION('',(0.,-0.,1.));
#14121 = ADVANCED_FACE('',(#14122),#14128,.T.);
#14122 = FACE_BOUND('',#14123,.T.);
#14123 = EDGE_LOOP('',(#14124,#14125,#14126,#14127));
#14124 = ORIENTED_EDGE('',*,*,#2449,.T.);
#14125 = ORIENTED_EDGE('',*,*,#10717,.T.);
#14126 = ORIENTED_EDGE('',*,*,#13208,.T.);
#14127 = ORIENTED_EDGE('',*,*,#14097,.F.);
#14128 = PLANE('',#14129);
#14129 = AXIS2_PLACEMENT_3D('',#14130,#14131,#14132);
#14130 = CARTESIAN_POINT('',(-8.638972745734,-1.868192857143,
    40.114742857143));
#14131 = DIRECTION('',(0.,0.,1.));
#14132 = DIRECTION('',(1.,0.,-0.));
#14133 = ADVANCED_FACE('',(#14134),#14140,.T.);
#14134 = FACE_BOUND('',#14135,.T.);
#14135 = EDGE_LOOP('',(#14136,#14137,#14138,#14139));
#14136 = ORIENTED_EDGE('',*,*,#2321,.T.);
#14137 = ORIENTED_EDGE('',*,*,#11043,.T.);
#14138 = ORIENTED_EDGE('',*,*,#13141,.T.);
#14139 = ORIENTED_EDGE('',*,*,#9809,.F.);
#14140 = PLANE('',#14141);
#14141 = AXIS2_PLACEMENT_3D('',#14142,#14143,#14144);
#14142 = CARTESIAN_POINT('',(-8.638972745734,-0.849828571429,
    40.390714285714));
#14143 = DIRECTION('',(-7.833280588367E-16,-1.,-0.));
#14144 = DIRECTION('',(-1.,7.833280588367E-16,0.));
#14145 = ADVANCED_FACE('',(#14146),#14152,.T.);
#14146 = FACE_BOUND('',#14147,.T.);
#14147 = EDGE_LOOP('',(#14148,#14149,#14150,#14151));
#14148 = ORIENTED_EDGE('',*,*,#3091,.T.);
#14149 = ORIENTED_EDGE('',*,*,#11657,.T.);
#14150 = ORIENTED_EDGE('',*,*,#13286,.T.);
#14151 = ORIENTED_EDGE('',*,*,#11672,.F.);
#14152 = PLANE('',#14153);
#14153 = AXIS2_PLACEMENT_3D('',#14154,#14155,#14156);
#14154 = CARTESIAN_POINT('',(-8.638972745734,-7.627471428571,
    42.094457142857));
#14155 = DIRECTION('',(-7.762346501023E-16,0.894427191,-0.4472135955));
#14156 = DIRECTION('',(0.,0.4472135955,0.894427191));
#14157 = ADVANCED_FACE('',(#14158),#14164,.T.);
#14158 = FACE_BOUND('',#14159,.T.);
#14159 = EDGE_LOOP('',(#14160,#14161,#14162,#14163));
#14160 = ORIENTED_EDGE('',*,*,#3043,.T.);
#14161 = ORIENTED_EDGE('',*,*,#11784,.T.);
#14162 = ORIENTED_EDGE('',*,*,#13297,.T.);
#14163 = ORIENTED_EDGE('',*,*,#11799,.F.);
#14164 = PLANE('',#14165);
#14165 = AXIS2_PLACEMENT_3D('',#14166,#14167,#14168);
#14166 = CARTESIAN_POINT('',(-8.638972745734,-7.696,40.417178571429));
#14167 = DIRECTION('',(0.,1.,0.));
#14168 = DIRECTION('',(0.,-0.,1.));
#14169 = ADVANCED_FACE('',(#14170),#14176,.T.);
#14170 = FACE_BOUND('',#14171,.T.);
#14171 = EDGE_LOOP('',(#14172,#14173,#14174,#14175));
#14172 = ORIENTED_EDGE('',*,*,#2787,.T.);
#14173 = ORIENTED_EDGE('',*,*,#12518,.T.);
#14174 = ORIENTED_EDGE('',*,*,#13249,.T.);
#14175 = ORIENTED_EDGE('',*,*,#11058,.F.);
#14176 = PLANE('',#14177);
#14177 = AXIS2_PLACEMENT_3D('',#14178,#14179,#14180);
#14178 = CARTESIAN_POINT('',(-8.638972745734,-5.6992,40.382914285714));
#14179 = DIRECTION('',(-0.,-1.,-0.));
#14180 = DIRECTION('',(0.,0.,-1.));
#14181 = ( GEOMETRIC_REPRESENTATION_CONTEXT(3) 
GLOBAL_UNCERTAINTY_ASSIGNED_CONTEXT((#14185)) 
GLOBAL_UNIT_ASSIGNED_CONTEXT((#14182,#14183,#14184)) 
REPRESENTATION_CONTEXT('Context #1',
  '3D Context with UNIT and UNCERTAINTY') );
#14182 = ( LENGTH_UNIT() NAMED_UNIT(*) SI_UNIT(.MILLI.,.METRE.) );
#14183 = ( NAMED_UNIT(*) PLANE_ANGLE_UNIT() SI_UNIT($,.RADIAN.) );
#14184 = ( NAMED_UNIT(*) SI_UNIT($,.STERADIAN.) SOLID_ANGLE_UNIT() );
#14185 = UNCERTAINTY_MEASURE_WITH_UNIT(LENGTH_MEASURE(2.E-07),#14182,
  'distance_accuracy_value','confusion accuracy');
#14186 = PRODUCT_RELATED_PRODUCT_CATEGORY('part',$,(#7));
ENDSEC;
END-ISO-10303-21;
